# .PCD v0.7 - Point Cloud Data file format
VERSION 0.7
FIELDS x y z rgb
SIZE 4 4 4 4
TYPE F F F U
COUNT 1 1 1 1
WIDTH 18449
HEIGHT 1
VIEWPOINT 0 0 0 1 0 0 0
POINTS 18449
DATA ascii
1.1119962 3.3742156 -3.5244133 4294901760
1.5433661 5.5879159 -3.5685601 4294901760
2.5241077 7.6590939 -3.6062856 4294901760
2.7011461 9.7797785 -3.6569138 4294901760
3.9320805 11.931415 -3.7177768 4294901760
3.803179 13.769803 -3.7435441 4294901760
6.0626154 15.760758 -3.7693605 4294901760
5.6451802 20.438957 -3.8986778 4294901760
5.8960485 17.890833 -3.8312829 4294901760
4.9169641 21.925325 -3.9528778 4294901760
9.007618 23.416775 -3.8602593 4294901760
1.1226219 3.366874 -3.5219369 4294901760
1.561825 5.5787849 -3.5662749 4294901760
2.5533111 7.6576777 -3.6065152 4294901760
2.7363355 9.7740955 -3.6557407 4294901760
3.9774737 11.928907 -3.7171965 4294901760
3.8490806 13.748783 -3.7397599 4294901760
6.1190405 15.743211 -3.7664964 4294901760
5.7175717 20.422968 -3.8950906 4294901760
5.9672956 17.896614 -3.8306973 4294901760
4.9881506 21.884676 -3.9464505 4294901760
9.0864153 23.377743 -3.8546395 4294901760
1.1332083 3.3595002 -3.5194607 4294901760
1.5823396 5.5770049 -3.5663781 4294901760
2.5812776 7.6524348 -3.6058469 4294901760
2.7693563 9.7606821 -3.6530945 4294901760
4.0178189 11.911193 -3.7141519 4294901760
3.8981323 13.739089 -3.7376184 4294901760
6.1593966 15.684686 -3.7584534 4294901760
5.7910018 20.410566 -3.8918941 4294901760
6.0284524 17.871901 -3.8266156 4294901760
5.0654087 21.871021 -3.9427295 4294901760
9.1708784 23.353317 -3.8503416 4294901760
1.1460997 3.3589544 -3.5205634 4294901760
1.602863 5.5751491 -3.5664773 4294901760
2.6092427 7.64709 -3.6051743 4294901760
2.8055971 9.7585526 -3.6526458 4294901760
4.0670629 11.919626 -3.7153969 4294901760
3.9482682 13.733042 -3.7360175 4294901760
6.2287993 15.700108 -3.7598097 4294901760
5.8677301 20.409399 -3.8898816 4294901760
6.0908041 17.850746 -3.8229625 4294901760
5.1353278 21.826004 -3.9359109 4294901760
9.2538185 23.324873 -3.8457017 4294901760
1.1578153 3.3549342 -3.519875 4294901760
1.6233875 5.5732193 -3.5665734 4294901760
2.634635 7.6342282 -3.6027162 4294901760
2.8374262 9.7411118 -3.649261 4294901760
4.1099319 11.90911 -3.7135668 4294901760
3.9972839 13.722997 -3.7338624 4294901760
6.2909622 15.696757 -3.7588029 4294901760
5.9366903 20.381134 -3.8850706 4294901760
6.1569672 17.840685 -3.8206043 4294901760
5.2142515 21.819599 -3.9329457 4294901760
9.3425941 23.31097 -3.8423729 4294901760
1.1719093 3.3577178 -3.5227613 4294901760
1.6417431 5.5638242 -3.5642812 4294901760
2.6638546 7.6323919 -3.6029267 4294901760
2.8714144 9.7311478 -3.6473382 4294901760
4.1475582 11.883452 -3.7092831 4294901760
4.0451655 13.70896 -3.7311537 4294901760
6.3457198 15.674701 -3.7554426 4294901760
6.0123205 20.375595 -3.8826361 4294901760
6.2244654 17.834141 -3.8186674 4294901760
5.3007445 21.843933 -3.9330406 4294901760
9.4284086 23.289316 -3.8383694 4294901760
1.177591 3.3365133 -3.5131328 4294901760
1.6655679 5.5728211 -3.5679457 4294901760
2.691788 7.6267452 -3.6022422 4294901760
2.9042354 9.7172775 -3.644681 4294901760
4.1850548 11.857676 -3.7049999 4294901760
4.0918584 13.690944 -3.7278948 4294901760
6.3973856 15.645081 -3.7511432 4294901760
6.0879831 20.369774 -3.8801875 4294901760
6.2959733 17.838621 -3.8180134 4294901760
5.3769684 21.825296 -3.9288909 4294901760
9.5262775 23.296921 -3.8369789 4294901760
1.1892297 3.3323827 -3.5124431 4294901760
1.6805458 5.552227 -3.5620763 4294901760
2.7183924 7.6173034 -3.6006653 4294901760
2.9427156 9.7222137 -3.645673 4294901760
4.2250843 11.839259 -3.7019384 4294901760
4.1384692 13.672772 -3.7246325 4294901760
6.4565158 15.633698 -3.7491739 4294901760
6.156734 20.340763 -3.8753531 4294901760
6.3555193 17.809025 -3.813463 4294901760
5.4550519 21.814142 -3.9254992 4294901760
9.6166821 23.285673 -3.8339276 4294901760
1.2033163 3.335031 -3.5153236 4294901760
1.6987892 5.5426435 -3.5597808 4294901760
2.744967 7.6077666 -3.5990858 4294901760
2.9766374 9.7118816 -3.6437373 4294901760
4.2650414 11.820704 -3.6988735 4294901760
4.1885056 13.665846 -3.7229974 4294901760
6.5156512 15.62209 -3.7471945 4294901760
6.2277045 20.319145 -3.8713028 4294901760
6.4244156 17.805481 -3.8119216 4294901760
5.5341163 21.80657 -3.9224768 4294901760
9.7163572 23.296185 -3.8328178 4294901760
1.2137074 3.3274047 -3.5128448 4294901760
1.7192669 5.5403595 -3.5598636 4294901760
2.7755373 7.6091943 -3.6001644 4294901760
3.0093465 9.6976576 -3.6410692 4294901760
4.3089948 11.8132 -3.6976328 4294901760
4.2397161 13.662539 -3.7218978 4294901760
6.5716863 15.602924 -3.7442768 4294901760
6.2985897 20.297285 -3.8672457 4294901760
6.4865255 17.782948 -3.808219 4294901760
5.6191554 21.821915 -3.9217305 4294901760
9.8084612 23.287888 -3.8300538 4294901760
1.2290766 3.3333521 -3.5175042 4294901760
1.7385947 5.5343246 -3.558754 4294901760
2.8020799 7.5994596 -3.5985775 4294901760
3.0431774 9.6870937 -3.6391273 4294901760
4.347456 11.790641 -3.6939533 4294901760
4.2885709 13.651452 -3.7197042 4294901760
6.6323419 15.594551 -3.7427442 4294901760
6.3705935 20.278982 -3.8635743 4294901760
6.5485568 17.760197 -3.8045101 4294901760
5.7023516 21.829203 -3.9202008 4294901760
9.8881245 23.249836 -3.8246717 4294901760
1.2370138 3.3226793 -3.5133092 4294901760
1.7559743 5.5288348 -3.5577536 4294901760
2.8259423 7.5906186 -3.597147 4294901760
3.0724015 9.6737185 -3.6366489 4294901760
4.3803258 11.765768 -3.6899121 4294901760
4.3302364 13.634119 -3.7166948 4294901760
6.6813054 15.573637 -3.7396874 4294901760
6.4415231 20.281685 -3.8622639 4294901760
6.6057148 17.743271 -3.8015947 4294901760
5.7780561 21.838194 -3.9190733 4294901760
9.9469547 23.185627 -3.8171966 4294901760
1.2479057 3.3147304 -3.5107944 4294901760
1.7738664 5.515028 -3.5542104 4294901760
2.8565066 7.5875525 -3.5972447 4294901760
3.110255 9.6699181 -3.6360567 4294901760
4.4262137 11.757063 -3.6885343 4294901760
4.3777404 13.610585 -3.7127306 4294901760
6.7510061 15.578278 -3.7398157 4294901760
6.515811 20.25794 -3.8579757 4294901760
6.6706991 17.718943 -3.797688 4294901760
5.8632283 21.836145 -3.9165368 4294901760
10.030274 23.145351 -3.8115575 4294901760
1.2614672 3.3173513 -3.5136967 4294901760
1.7933358 5.5127788 -3.5543387 4294901760
2.8802562 7.5743713 -3.5948446 4294901760
3.1410799 9.6557932 -3.6334753 4294901760
4.4679956 11.74974 -3.6873965 4294901760
4.4166965 13.577085 -3.7074192 4294901760
6.8058171 15.563107 -3.737498 4294901760
6.5841837 20.240019 -3.8544798 4294901760
6.7237492 17.681822 -3.7924416 4294901760
5.9460831 21.855101 -3.9163001 4294901760
10.111767 23.12294 -3.8077099 4294901760
1.2704395 3.3061595 -3.5094337 4294901760
1.8161826 5.5174618 -3.5567789 4294901760
2.9066803 7.564271 -3.5932469 4294901760
3.1722968 9.6372604 -3.6300693 4294901760
4.5132561 11.745183 -3.6867323 4294901760
4.4740143 13.591806 -3.7089829 4294901760
6.860105 15.539254 -3.7340798 4294901760
6.6560473 20.220701 -3.85077 4294901760
6.7882943 17.665684 -3.7895632 4294901760
6.0244637 21.841906 -3.9128058 4294901760
10.215003 23.138645 -3.8071368 4294901760
1.2838607 3.3048606 -3.5104804 4294901760
1.8363916 5.5107679 -3.5556021 4294901760
2.9343834 7.5535669 -3.5915668 4294901760
3.2088451 9.6293192 -3.6287379 4294901760
4.5562711 11.728562 -3.6841235 4294901760
4.5250545 13.579089 -3.7066224 4294901760
6.9299836 15.543106 -3.7341657 4294901760
6.7313724 20.199959 -3.8468468 4294901760
6.8529925 17.640686 -3.7856395 4294901760
6.1066241 21.827372 -3.9090877 4294901760
10.288355 23.075521 -3.7995386 4294901760
1.2934899 3.2972097 -3.508034 4294901760
1.8558872 5.5082979 -3.5557196 4294901760
2.9594181 7.5437942 -3.5900443 4294901760
3.2407622 9.6186256 -3.626874 4294901760
4.5980411 11.720776 -3.6829658 4294901760
4.5700631 13.564009 -3.7039938 4294901760
6.9765906 15.509141 -3.7295258 4294901760
6.7996006 20.181305 -3.8433251 4294901760
6.9187388 17.636419 -3.784204 4294901760
6.1800675 21.810841 -3.9054077 4294901760
10.353358 23.015783 -3.7924542 4294901760
1.3055654 3.2924469 -3.5072975 4294901760
1.8760625 5.5014586 -3.5545378 4294901760
2.988492 7.5365443 -3.5892396 4294901760
3.2798193 9.6179047 -3.6269786 4294901760
4.6438918 11.711223 -3.6815526 4294901760
4.6197443 13.547167 -3.7010837 4294901760
7.0300903 15.476215 -3.7250016 4294901760
6.8799582 20.175131 -3.840935 4294901760
6.9906764 17.629475 -3.7823808 4294901760
6.2610636 21.791878 -3.9012909 4294901760
10.450851 23.006765 -3.7896552 4294901760
1.3172504 3.2916946 -3.5084438 4294901760
1.8920835 5.4918957 -3.5523403 4294901760
3.0092416 7.5198345 -3.5860322 4294901760
3.3061595 9.596343 -3.6230385 4294901760
4.6791897 11.69289 -3.6787014 4294901760
4.6635804 13.536345 -3.699121 4294901760
7.0803394 15.457674 -3.7223642 4294901760
6.9459119 20.160961 -3.8379881 4294901760
7.0489936 17.614826 -3.7798398 4294901760
6.3295007 21.7721 -3.8974319 4294901760
10.513108 22.952038 -3.7831426 4294901760
1.3306645 3.2902057 -3.5094824 4294901760
1.9134665 5.4885616 -3.5523374 4294901760
3.0353105 7.5051188 -3.5834637 4294901760
3.3426082 9.5878935 -3.6216893 4294901760
4.722012 11.675663 -3.6760747 4294901760
4.7118502 13.515408 -3.6956654 4294901760
7.1369429 15.43162 -3.7187483 4294901760
7.0342031 20.176815 -3.8378887 4294901760
7.1090193 17.577784 -3.7746172 4294901760
6.4205346 21.787045 -3.8966618 4294901760
10.607212 22.935097 -3.7796803 4294901760
1.3413427 3.2819507 -3.5069637 4294901760
1.9322876 5.477879 -3.5499685 4294901760
3.0642803 7.4975748 -3.5826509 4294901760
3.3816693 9.5867596 -3.6217759 4294901760
4.7632699 11.654604 -3.6728435 4294901760
4.766644 13.51305 -3.6948788 4294901760
7.1968222 15.412578 -3.7160397 4294901760
7.1094313 20.154663 -3.8339078 4294901760
7.1764107 17.558992 -3.7714982 4294901760
6.5037684 21.774841 -3.8932545 4294901760
10.694578 22.903305 -3.7749331 4294901760
1.3516475 3.2777205 -3.5063279 4294901760
1.9469033 5.4645243 -3.5465884 4294901760
3.0908122 7.495163 -3.5829537 4294901760
3.4104469 9.5723648 -3.6192725 4294901760
4.8044019 11.650587 -3.6723838 4294901760
4.806407 13.490515 -3.6912968 4294901760
7.2587819 15.418716 -3.716572 4294901760
7.1753979 20.139744 -3.8309276 4294901760
7.2391424 17.554789 -3.7701974 4294901760
6.5709958 21.750483 -3.8889923 4294901760
10.764784 22.865978 -3.7699966 4294901760
1.3630799 3.2729826 -3.5056205 4294901760
1.9646596 5.4540715 -3.544276 4294901760
3.1139388 7.4770865 -3.5795822 4294901760
3.4438374 9.5604029 -3.6172886 4294901760
4.8465638 11.637409 -3.6704679 4294901760
4.849422 13.462432 -3.6869016 4294901760
7.3176823 15.404078 -3.7144704 4294901760
7.2470026 20.11833 -3.8271377 4294901760
7.3003726 17.529413 -3.7664089 4294901760
6.6433716 21.715961 -3.8835485 4294901760
10.841103 22.821051 -3.7642274 4294901760
1.3759028 3.2715461 -3.5066872 4294901760
1.9850054 5.4507995 -3.5443213 4294901760
3.141542 7.4697862 -3.5788398 4294901760
3.485306 9.5706062 -3.6196103 4294901760
4.8871598 11.62042 -3.667949 4294901760
4.8936672 13.437947 -3.6830382 4294901760
7.3714123 15.37844 -3.7109985 4294901760
7.3185549 20.096659 -3.8233387 4294901760
7.3707952 17.525871 -3.765126 4294901760
6.7120523 21.669758 -3.8769879 4294901760
10.939691 22.822678 -3.7625442 4294901760
1.3856187 3.2595658 -3.5023572 4294901760
2.0045898 5.4395223 -3.541893 4294901760
3.1717374 7.461278 -3.5779314 4294901760
3.5220311 9.5571518 -3.6174152 4294901760
4.9364023 11.612522 -3.6669645 4294901760
4.9507327 13.433982 -3.6820819 4294901760
7.42694 15.342851 -3.7062693 4294901760
7.4122291 20.113337 -3.823319 4294901760
7.4302416 17.479095 -3.7588522 4294901760
6.8023891 21.666676 -3.8744364 4294901760
11.018548 22.762529 -3.7553005 4294901760
1.3984176 3.2580409 -3.5034211 4294901760
2.026253 5.4397116 -3.5431101 4294901760
3.1977613 7.4501615 -3.5763066 4294901760
3.5581276 9.552207 -3.6168497 4294901760
4.9800358 11.602514 -3.6656282 4294901760
5.0003695 13.424074 -3.6803341 4294901760
7.4821954 15.320413 -3.7032423 4294901760
7.4879599 20.102299 -3.8206394 4294901760
7.4912066 17.453053 -3.7550461 4294901760
6.888855 21.67704 -3.87341 4294901760
11.111951 22.752636 -3.7526424 4294901760
1.4100857 3.2569585 -3.5045538 4294901760
2.0433311 5.4333196 -3.5420835 4294901760
3.2180324 7.4328799 -3.5730951 4294901760
3.5922911 9.5520811 -3.6171944 4294901760
5.0133057 11.57953 -3.6621573 4294901760
5.0425158 13.408299 -3.6778004 4294901760
7.5267682 15.289686 -3.6992047 4294901760
7.5482626 20.071207 -3.8160832 4294901760
7.553915 17.447725 -3.7536972 4294901760
6.9495916 21.63249 -3.8672693 4294901760
11.167499 22.685373 -3.7451773 4294901760
1.4191093 3.2451248 -3.5002604 4294901760
2.0618637 5.4221931 -3.5397077 4294901760
3.2468266 7.4246278 -3.5722587 4294901760
3.6258745 9.5351553 -3.6143701 4294901760
5.0493565 11.546534 -3.6571167 4294901760
5.0944557 13.397161 -3.6758976 4294901760
7.579217 15.254861 -3.6946435 4294901760
7.6388011 20.088161 -3.8162127 4294901760
7.6210132 17.427227 -3.7505164 4294901760
7.0362463 21.629648 -3.8648894 4294901760
11.248798 22.640711 -3.7394345 4294901760
1.4304276 3.2401519 -3.4995477 4294901760
2.0849221 5.4257498 -3.5420897 4294901760
3.2743068 7.4168391 -3.5715005 4294901760
3.6562994 9.5150623 -3.6109304 4294901760
5.088026 11.525209 -3.6539872 4294901760
5.1383338 13.371873 -3.6720154 4294901760
7.6466923 15.256797 -3.6947508 4294901760
7.7088714 20.061377 -3.811976 4294901760
7.6995063 17.440639 -3.7512493 4294901760
7.1179404 21.623911 -3.8623438 4294901760
11.358173 22.661999 -3.7395346 4294901760
1.4461571 3.2450724 -3.5041463 4294901760
2.1038504 5.418438 -3.5409417 4294901760
3.3001785 7.4053631 -3.5698667 4294901760
3.6894934 9.5022402 -3.6089175 4294901760
5.1395354 11.532747 -3.6555991 4294901760
5.1821036 13.346438 -3.6681314 4294901760
7.6963115 15.2229 -3.6903536 4294901760
7.7759686 20.026903 -3.8069746 4294901760
7.7489834 17.388161 -3.7445111 4294901760
7.2022133 21.625443 -3.8605151 4294901760
11.440819 22.629337 -3.7349558 4294901760
1.4569094 3.2402594 -3.5034654 4294901760
2.1189938 5.4042602 -3.5375025 4294901760
3.3279324 7.4015336 -3.5700541 4294901760
3.7224245 9.4936342 -3.6077154 4294901760
5.1777482 11.515642 -3.6531792 4294901760
5.2335901 13.347696 -3.668076 4294901760
7.753983 15.211491 -3.6888189 4294901760
7.8481598 20.015869 -3.8044503 4294901760
7.8115029 17.37328 -3.7421019 4294901760
7.2840743 21.63171 -3.8592551 4294901760
11.504911 22.569929 -3.728158 4294901760
1.4697087 3.2384555 -3.5045171 4294901760
2.1392627 5.4004121 -3.5375257 4294901760
3.3537469 7.3898726 -3.5684147 4294901760
3.75845 9.4879322 -3.6071198 4294901760
5.2244706 11.511952 -3.6529944 4294901760
5.2816124 13.333044 -3.6657629 4294901760
7.7997451 15.170164 -3.6835222 4294901760
7.9267936 20.010611 -3.8024545 4294901760
7.8819818 17.367693 -3.7407272 4294901760
7.3633943 21.617487 -3.8559306 4294901760
11.590924 22.543842 -3.7241845 4294901760
1.4815693 3.2330468 -3.5037618 4294901760
2.1547477 5.3818073 -3.5327997 4294901760
3.3840797 7.3846617 -3.568429 4294901760
3.7961402 9.481432 -3.6064165 4294901760
5.2682848 11.496332 -3.6508994 4294901760
5.3319254 13.317287 -3.663301 4294901760
7.8497972 15.13087 -3.6784985 4294901760
8.0045366 19.992535 -3.7990999 4294901760
7.9572153 17.364054 -3.7395551 4294901760
7.446485 21.601675 -3.8523717 4294901760
11.678996 22.511841 -3.7196295 4294901760
1.4922833 3.2281156 -3.5030773 4294901760
2.1740279 5.3782024 -3.5328767 4294901760
3.403614 7.3627167 -3.564261 4294901760
3.8290451 9.4724531 -3.6051993 4294901760
5.3030534 11.471594 -3.6472862 4294901760
5.3790436 13.306905 -3.6616426 4294901760
7.8962431 15.097694 -3.6742721 4294901760
8.0737877 19.973276 -3.7957861 4294901760
8.0130854 17.33395 -3.7354689 4294901760
7.5259662 21.59948 -3.8503337 4294901760
11.759143 22.483597 -3.7155857 4294901760
1.5050743 3.2261724 -3.5041232 4294901760
2.1927869 5.3705812 -3.5317228 4294901760
3.4309506 7.3543463 -3.5634835 4294901760
3.8620846 9.4590302 -3.6031668 4294901760
5.3397059 11.445822 -3.6435454 4294901760
5.4299674 13.299095 -3.6603582 4294901760
7.9451747 15.062994 -3.6698699 4294901760
8.1404371 19.937586 -3.7907515 4294901760
8.0785952 17.316713 -3.7328255 4294901760
7.6052909 21.584373 -3.8469703 4294901760
11.846862 22.460075 -3.7118826 4294901760
1.5153449 3.2173543 -3.5015979 4294901760
2.2153962 5.3696294 -3.5328488 4294901760
3.4595559 7.3452697 -3.5626197 4294901760
3.8952231 9.4411583 -3.6003206 4294901760
5.3866963 11.436942 -3.6426165 4294901760
5.480195 13.28278 -3.6578758 4294901760
8.0040779 15.040804 -3.6670663 4294901760
8.2104197 19.90024 -3.7854984 4294901760
8.140316 17.283379 -3.7283418 4294901760
7.6883769 21.567629 -3.8433709 4294901760
11.930986 22.420027 -3.7066832 4294901760
1.5265656 3.2120457 -3.5008748 4294901760
2.2326434 5.3583088 -3.5305209 4294901760
3.4851727 7.3331499 -3.5609689 4294901760
3.9251125 9.420208 -3.5968666 4294901760
5.4299898 11.425239 -3.641221 4294901760
5.5249944 13.2599 -3.6544869 4294901760
8.0527601 15.005754 -3.6626599 4294901760
8.27983 19.87146 -3.781203 4294901760
8.1954584 17.244059 -3.7232332 4294901760
7.7757916 21.574463 -3.8421483 4294901760
12.012946 22.385284 -3.7020433 4294901760
1.5350819 3.2039645 -3.4984581 4294901760
2.249465 5.3512678 -3.5294769 4294901760
3.5098867 7.3257022 -3.5603464 4294901760
3.9638753 9.4296913 -3.5992754 4294901760
5.4692831 11.415279 -3.6400766 4294901760
5.5712452 13.253475 -3.6534679 4294901760
8.0960712 14.973376 -3.6586053 4294901760
8.3391199 19.837992 -3.7765875 4294901760
8.2564793 17.232609 -3.721365 4294901760
7.8476233 21.56118 -3.8391924 4294901760
12.07561 22.333384 -3.6961014 4294901760
1.5468156 3.1983166 -3.4976978 4294901760
2.2690644 5.3429871 -3.5282574 4294901760
3.5315921 7.3021951 -3.5560153 4294901760
3.9953229 9.4078236 -3.5957134 4294901760
5.5145445 11.402302 -3.6385391 4294901760
5.6213422 13.236626 -3.6509676 4294901760
8.1680641 14.975067 -3.6588759 4294901760
8.4164591 19.818312 -3.7731805 4294901760
8.3213253 17.20582 -3.7176819 4294901760
7.9390135 21.565985 -3.8377075 4294901760
12.176513 22.324028 -3.693604 4294901760
1.5558233 3.1899116 -3.4952457 4294901760
2.2913213 5.346055 -3.5306528 4294901760
3.5592251 7.2974954 -3.5561697 4294901760
4.0249395 9.3908911 -3.5930622 4294901760
5.5540628 11.38752 -3.6366689 4294901760
5.66677 13.221569 -3.6487501 4294901760
8.2157574 14.944411 -3.655077 4294901760
8.4884157 19.804964 -3.7705648 4294901760
8.3853235 17.192467 -3.7156 4294901760
8.000741 21.513353 -3.830914 4294901760
12.275479 22.32902 -3.6925161 4294901760
1.5701491 3.1909671 -3.4980462 4294901760
2.3114972 5.3415594 -3.5306518 4294901760
3.5846746 7.285027 -3.5545111 4294901760
4.0576935 9.3767843 -3.5910122 4294901760
5.5955281 11.371624 -3.6346648 4294901760
5.7128839 13.201708 -3.645864 4294901760
8.2601461 14.901711 -3.6497803 4294901760
8.5479841 19.753242 -3.7640226 4294901760
8.445281 17.163092 -3.7116923 4294901760
8.0842094 21.507711 -3.8285508 4294901760
12.35915 22.296515 -3.6881318 4294901760
1.5802207 3.1819441 -3.4955204 4294901760
2.3279727 5.3259935 -3.5270936 4294901760
3.6113498 7.2718406 -3.5527673 4294901760
4.0951972 9.3690939 -3.590265 4294901760
5.6389313 11.354594 -3.6325262 4294901760
5.7596364 13.177039 -3.6423116 4294901760
8.3127623 14.867863 -3.6456261 4294901760
8.6315069 19.747377 -3.7620654 4294901760
8.5098991 17.135595 -3.7079883 4294901760
8.1700706 21.496597 -3.825588 4294901760
12.440784 22.25107 -3.6825728 4294901760
1.5896953 3.1731672 -3.4930315 4294901760
2.3465512 5.3178339 -3.5259242 4294901760
3.6349566 7.2556825 -3.5502434 4294901760
4.1294746 9.3583555 -3.5889108 4294901760
5.6732035 11.324197 -3.6281819 4294901760
5.8023906 13.149574 -3.6383829 4294901760
8.3646135 14.838752 -3.6420844 4294901760
8.6987801 19.713472 -3.7573605 4294901760
8.5750237 17.116476 -3.7052794 4294901760
8.2507896 21.482851 -3.822479 4294901760
12.500735 22.176195 -3.674582 4294901760
1.6023979 3.1708336 -3.4940641 4294901760
2.3635337 5.3060913 -3.5235891 4294901760
3.6567254 7.2359476 -3.5468588 4294901760
4.1605105 9.3402729 -3.5861473 4294901760
5.7127004 11.304322 -3.6255848 4294901760
5.8563504 13.147403 -3.6380694 4294901760
8.4124279 14.802536 -3.637665 4294901760
8.7821589 19.715792 -3.756326 4294901760
8.6383209 17.093555 -3.7021589 4294901760
8.3286228 21.461361 -3.8186457 4294901760
12.583994 22.142838 -3.6701782 4294901760
1.6134559 3.1652212 -3.493335 4294901760
2.3820398 5.2978091 -3.5224173 4294901760
3.6855223 7.2301288 -3.5469136 4294901760
4.186604 9.3112755 -3.5812776 4294901760
5.7485189 11.277244 -3.6218233 4294901760
5.9005742 13.123255 -3.6346502 4294901760
8.460084 14.766171 -3.6332462 4294901760
8.8672848 19.721409 -3.7556381 4294901760
8.6943102 17.056192 -3.6974242 4294901760
8.406395 21.43959 -3.8148029 4294901760
12.681057 22.133427 -3.6678462 4294901760
1.6222856 3.1566296 -3.4908824 4294901760
2.4027762 5.2968974 -3.523627 4294901760
3.7112694 7.2213569 -3.5461881 4294901760
4.2223549 9.3081408 -3.5814214 4294901760
5.7822542 11.251061 -3.6181922 4294901760
5.9489861 13.114483 -3.6334341 4294901760
8.5149746 14.748384 -3.631182 4294901760
8.9227409 19.670095 -3.7492933 4294901760
8.7526426 17.030819 -3.694088 4294901760
8.4862576 21.433867 -3.8125939 4294901760
12.728423 22.046299 -3.6589396 4294901760
1.6299585 3.14451 -3.4866357 4294901760
2.4228561 5.2919793 -3.5236118 4294901760
3.7364559 7.2083573 -3.5445178 4294901760
4.261404 9.3077183 -3.5821545 4294901760
5.8251476 11.237853 -3.6167481 4294901760
5.9914203 13.086403 -3.6294925 4294901760
8.5603991 14.708242 -3.6263237 4294901760
8.996336 19.649712 -3.7460194 4294901760
8.8175468 17.010778 -3.6913486 4294901760
8.5684423 21.422644 -3.809787 4294901760
12.8033 21.998278 -3.653331 4294901760
1.6448337 3.1449392 -3.4893847 4294901760
2.4390047 5.2760701 -3.5200529 4294901760
3.7628524 7.194613 -3.5427618 4294901760
4.2954926 9.2920361 -3.5799773 4294901760
5.8662996 11.216426 -3.6140106 4294901760
6.0393476 13.064354 -3.6264315 4294901760
8.6082039 14.666462 -3.6212895 4294901760
9.0716496 19.623848 -3.7421515 4294901760
8.8761435 16.971279 -3.6864066 4294901760
8.6409245 21.376291 -3.8035655 4294901760
12.883846 21.951202 -3.6477482 4294901760
1.6552532 3.1394677 -3.4886894 4294901760
2.4581141 5.2714448 -3.5200927 4294901760
3.7866888 7.182096 -3.5411716 4294901760
4.3296208 9.2849054 -3.579402 4294901760
5.9034605 11.196912 -3.6115315 4294901760
6.0826344 13.044256 -3.6236587 4294901760
8.6608458 14.644693 -3.618778 4294901760
9.1400433 19.600893 -3.7387135 4294901760
8.9342299 16.945278 -3.6830537 4294901760
8.7147741 21.354912 -3.7999115 4294901760
12.944368 21.887737 -3.6409292 4294901760
1.6662027 3.1336703 -3.487957 4294901760
2.4781413 5.2663169 -3.5200708 4294901760
3.809896 7.16537 -3.53864 4294901760
4.3620071 9.2697344 -3.5773218 4294901760
5.944375 11.17974 -3.6094956 4294901760
6.1315203 13.03014 -3.6217597 4294901760
8.7200727 14.628053 -3.6169462 4294901760
9.2101116 19.572477 -3.7346845 4294901760
8.9952011 16.917507 -3.679497 4294901760
8.8029604 21.357576 -3.7984729 4294901760
13.03501 21.866425 -3.6376598 4294901760
1.6771303 3.1278355 -3.4872236 4294901760
2.4932039 5.2506757 -3.516571 4294901760
3.8330297 7.1485715 -3.536109 4294901760
4.3909459 9.2473125 -3.5738454 4294901760
5.977736 11.148433 -3.6051514 4294901760
6.1752582 13.005066 -3.6183212 4294901760
8.7772322 14.607771 -3.6146741 4294901760
9.2783728 19.540211 -3.7302871 4294901760
9.041008 16.861412 -3.6727612 4294901760
8.8728533 21.315664 -3.7928145 4294901760
13.127707 21.848179 -3.6346672 4294901760
1.6863149 3.1187727 -3.484735 4294901760
2.5148468 5.248888 -3.5177026 4294901760
3.859827 7.138597 -3.5352848 4294901760
4.4232006 9.2319279 -3.5717614 4294901760
6.0241666 11.141458 -3.6048355 4294901760
6.2206202 12.983429 -3.6153903 4294901760
8.8219833 14.566819 -3.6098096 4294901760
9.3430805 19.500504 -3.7251613 4294901760
9.1036062 16.83676 -3.6695952 4294901760
8.9580374 21.310318 -3.7906451 4294901760
13.193555 21.785139 -3.6278663 4294901760
1.7006599 3.1192343 -3.4875085 4294901760
2.5314736 5.2366109 -3.5153599 4294901760
3.8865948 7.1285272 -3.5344579 4294901760
4.4571133 9.2199926 -3.5703704 4294901760
6.0630136 11.120366 -3.6022136 4294901760
6.2693563 12.968801 -3.6134751 4294901760
8.8727674 14.535941 -3.6062374 4294901760
9.4058695 19.456999 -3.7196746 4294901760
9.1604033 16.801386 -3.6652381 4294901760
9.0385933 21.293619 -3.7874141 4294901760
13.259101 21.721918 -3.6210706 4294901760
1.714487 3.1199312 -3.4903152 4294901760
2.5505142 5.2316489 -3.5153883 4294901760
3.9083252 7.1121602 -3.5320067 4294901760
4.4876657 9.2051601 -3.5683851 4294901760
6.0960374 11.093242 -3.5985723 4294901760
6.3123312 12.947938 -3.6106827 4294901760
8.9188385 14.503044 -3.6024113 4294901760
9.4703455 19.425697 -3.7154849 4294901760
9.2199125 16.777901 -3.6622581 4294901760
9.1123066 21.270868 -3.7837059 4294901760
13.356168 21.718643 -3.6194718 4294901760
1.7241539 3.1104553 -3.4877872 4294901760
2.5730751 5.229178 -3.5164499 4294901760
3.9343684 7.0977869 -3.5302389 4294901760
4.5161414 9.178009 -3.5641072 4294901760
6.1366582 11.070823 -3.5958147 4294901760
6.3544812 12.914009 -3.6060693 4294901760
8.9782362 14.480411 -3.5999384 4294901760
9.5573406 19.423077 -3.7140758 4294901760
9.2813492 16.743994 -3.6580875 4294901760
9.2076511 21.277622 -3.7826447 4294901760
13.41675 21.638998 -3.6112447 4294901760
1.7344598 3.1047204 -3.4870856 4294901760
2.5904028 5.2206163 -3.5153174 4294901760
3.9617116 7.0915489 -3.5303388 4294901760
4.551825 9.173605 -3.5641983 4294901760
6.1791453 11.060803 -3.5950329 4294901760
6.4025774 12.903553 -3.6047933 4294901760
9.0283194 14.453935 -3.596961 4294901760
9.6394386 19.427021 -3.7134473 4294901760
9.3446054 16.727045 -3.6558809 4294901760
9.2653856 21.217705 -3.7754517 4294901760
13.488439 21.594385 -3.6061573 4294901760
1.7435055 3.0954895 -3.4845955 4294901760
2.6068823 5.2080989 -3.5129707 4294901760
3.9845119 7.0742621 -3.5278008 4294901760
4.5926585 9.1753359 -3.5655622 4294901760
6.2177095 11.039171 -3.5923998 4294901760
6.4511309 12.888241 -3.6028564 4294901760
9.0808296 14.425708 -3.593801 4294901760
9.7161093 19.411102 -3.7107921 4294901760
9.4068384 16.701279 -3.6526823 4294901760
9.3409891 21.18889 -3.7711396 4294901760
13.582866 21.577593 -3.603385 4294901760
1.7530495 3.0859258 -3.4820693 4294901760
2.6224813 5.1916318 -3.5094113 4294901760
4.0123529 7.0630198 -3.5268755 4294901760
4.6280413 9.1619663 -3.5640445 4294901760
6.2581315 11.016306 -3.5896313 4294901760
6.4947424 12.857409 -3.598743 4294901760
9.1379128 14.39905 -3.5908813 4294901760
9.7799978 19.361109 -3.7046943 4294901760
9.4640541 16.659752 -3.647712 4294901760
9.4332056 21.187332 -3.76934 4294901760
13.668284 21.537775 -3.5986044 4294901760
1.7686758 3.0895343 -3.4866152 4294901760
2.6414301 5.1863399 -3.5094292 4294901760
4.0338025 7.0462723 -3.52442 4294901760
4.6530147 9.1360035 -3.5599716 4294901760
6.2965975 10.998938 -3.5876939 4294901760
6.5463653 12.85352 -3.5984566 4294901760
9.1941891 14.382093 -3.589165 4294901760
9.8314686 19.303684 -3.6979778 4294901760
9.5152836 16.621359 -3.6431408 4294901760
9.5001364 21.148651 -3.7642086 4294901760
13.737475 21.48897 -3.59321 4294901760
1.7830744 3.0896211 -3.4893699 4294901760
2.6647995 5.1873665 -3.5116868 4294901760
4.0603361 7.0355453 -3.5235746 4294901760
4.6848793 9.1197052 -3.5578649 4294901760
6.338922 10.983763 -3.5861888 4294901760
6.5930138 12.834128 -3.5959961 4294901760
9.2292423 14.326474 -3.5825961 4294901760
9.902442 19.276346 -3.6942351 4294901760
9.5712566 16.584589 -3.6387584 4294901760
9.5837975 21.137173 -3.7615817 4294901760
13.825384 21.461025 -3.5895374 4294901760
1.7920259 3.0802441 -3.4868777 4294901760
2.6828918 5.1780319 -3.5104871 4294901760
4.0848718 7.021328 -3.5218794 4294901760
4.7185049 9.1068039 -3.5564444 4294901760
6.3732357 10.954708 -3.5824068 4294901760
6.6286278 12.793377 -3.5905137 4294901760
9.2683554 14.277463 -3.5768824 4294901760
9.9715099 19.245203 -3.6901305 4294901760
9.6331024 16.557966 -3.6355393 4294901760
9.6625109 21.114477 -3.7579131 4294901760
13.908916 21.426027 -3.5852826 4294901760
1.799099 3.0677161 -3.4826393 4294901760
2.7009492 5.1686358 -3.5092862 4294901760
4.1113391 7.0104094 -3.5210285 4294901760
4.7539248 9.0972853 -3.5557084 4294901760
6.4194641 10.946087 -3.5820277 4294901760
6.669559 12.763114 -3.5865426 4294901760
9.3290348 14.261691 -3.5753968 4294901760
10.031232 19.196135 -3.6842554 4294901760
9.6928568 16.527679 -3.6319258 4294901760
9.7210875 21.048006 -3.7501404 4294901760
13.979246 21.370667 -3.5793195 4294901760
1.8097956 3.0614178 -3.4818959 4294901760
2.7207696 5.1625853 -3.5092328 4294901760
4.1337876 6.992641 -3.5184848 4294901760
4.7893348 9.0876303 -3.5549669 4294901760
6.4636893 10.933861 -3.5810735 4294901760
6.7140675 12.739757 -3.5835738 4294901760
9.3787584 14.229042 -3.5717936 4294901760
10.103755 19.171595 -3.6808467 4294901760
9.7586021 16.507475 -3.629468 4294901760
9.7911215 21.00671 -3.7447588 4294901760
14.062544 21.335077 -3.5750489 4294901760
1.8241817 3.0613108 -3.4846427 4294901760
2.7351573 5.1462545 -3.5057323 4294901760
4.1541538 6.9714308 -3.5150971 4294901760
4.8173156 9.0638781 -3.5514741 4294901760
6.5038447 10.914641 -3.5789812 4294901760
6.7584939 12.716245 -3.5806019 4294901760
9.4283657 14.19622 -3.5681877 4294901760
10.176229 19.146782 -3.677428 4294901760
9.8182011 16.476738 -3.6258416 4294901760
9.8575878 20.957956 -3.7386951 4294901760
14.152391 21.309151 -3.5716124 4294901760
1.8329906 3.0518162 -3.4821517 4294901760
2.7531056 5.1366749 -3.5045283 4294901760
4.1825042 6.9636116 -3.5150838 4294901760
4.8451924 9.0400372 -3.547982 4294901760
6.5419068 10.89187 -3.5763202 4294901760
6.8084788 12.703088 -3.5791249 4294901760
9.4800816 14.16653 -3.5649984 4294901760
10.24866 19.121691 -3.6739991 4294901760
9.8695011 16.43211 -3.6206689 4294901760
9.9460964 20.955875 -3.737035 4294901760
14.264448 21.316032 -3.5709651 4294901760
1.8473879 3.0516009 -3.4848933 4294901760
2.7728519 5.1304207 -3.5044692 4294901760
4.2108512 6.9556785 -3.5150657 4294901760
4.8842392 9.0369778 -3.5485997 4294901760
6.5737247 10.858783 -3.5719657 4294901760
6.8508925 12.675744 -3.5756452 4294901760
9.5339308 14.139953 -3.5622239 4294901760
10.311557 19.078777 -3.6688123 4294901760
9.9268045 16.397554 -3.6166506 4294901760
10.03126 20.946228 -3.7346783 4294901760
14.349936 21.28266 -3.5669284 4294901760
1.8518322 3.0361745 -3.4789529 4294901760
2.7861609 5.1144342 -3.5010309 4294901760
4.2338891 6.94168 -3.5134456 4294901760
4.9141736 9.0207348 -3.5465798 4294901760
6.6096902 10.836928 -3.5694363 4294901760
6.8928804 12.652961 -3.5728118 4294901760
9.5829954 14.111559 -3.5592072 4294901760
10.376663 19.047989 -3.6648965 4294901760
9.9790392 16.361151 -3.6124477 4294901760
10.088498 20.887691 -3.727823 4294901760
14.436123 21.258093 -3.5637114 4294901760
1.8662169 3.0358682 -3.4816911 4294901760
2.8058527 5.1080532 -3.5009687 4294901760
4.2539878 6.9201741 -3.5100567 4294901760
4.9494395 9.0104523 -3.5458169 4294901760
6.6454034 10.81041 -3.5662088 4294901760
6.9331799 12.62185 -3.5688312 4294901760
9.6254539 14.06816 -3.5543361 4294901760
10.460383 19.043123 -3.6635325 4294901760
10.034006 16.322819 -3.6080408 4294901760
10.16485 20.859524 -3.7237625 4294901760
14.514755 21.214159 -3.558815 4294901760
1.8748943 3.0262532 -3.4792004 4294901760
2.8255334 5.1015968 -3.5009036 4294901760
4.2801847 6.9086156 -3.5091896 4294901760
4.9770346 8.9862051 -3.5423195 4294901760
6.6810112 10.783772 -3.5629811 4294901760
6.9752727 12.594091 -3.5653472 4294901760
9.6858082 14.050869 -3.5527985 4294901760
10.517132 18.989038 -3.657289 4294901760
10.105623 16.311415 -3.6066875 4294901760
10.25346 20.856155 -3.7220416 4294901760
14.593255 21.169935 -3.5539114 4294901760
1.8898137 3.0255108 -3.4818962 4294901760
2.8479688 5.0979319 -3.5019183 4294901760
4.3033981 6.8895564 -3.506556 4294901760
5.0060797 8.9610023 -3.5387166 4294901760
6.7267947 10.76931 -3.5618608 4294901760
7.0175033 12.561498 -3.5612173 4294901760
9.7372379 14.015275 -3.5489917 4294901760
10.582763 18.943398 -3.6518636 4294901760
10.156888 16.260742 -3.6009264 4294901760
10.324503 20.807705 -3.7160468 4294901760
14.686692 21.139265 -3.5501103 4294901760
1.8940449 3.0100219 -3.4759622 4294901760
2.8686392 5.0951719 -3.5030503 4294901760
4.3262229 6.8752465 -3.5049314 4294901760
5.0454655 8.9615707 -3.5400932 4294901760
6.7603588 10.743583 -3.5587621 4294901760
7.0649767 12.548553 -3.5598595 4294901760
9.7790976 13.976378 -3.5447154 4294901760
10.647486 18.911674 -3.6479235 4294901760
10.212882 16.230343 -3.5974729 4294901760
10.397025 20.780493 -3.7121956 4294901760
14.759008 21.093714 -3.545187 4294901760
1.9064811 3.0064542 -3.4769526 4294901760
2.8826034 5.0784283 -3.4995501 4294901760
4.3522944 6.8634162 -3.5040579 4294901760
5.0786662 8.9473438 -3.5386333 4294901760
6.8063183 10.733325 -3.5583231 4294901760
7.1126595 12.530733 -3.5578508 4294901760
9.8186445 13.929141 -3.539432 4294901760
10.711462 18.870924 -3.6430633 4294901760
10.271606 16.197964 -3.5938129 4294901760
10.480286 20.765457 -3.7094307 4294901760
14.844048 21.058388 -3.5410843 4294901760
1.9169649 2.9997802 -3.476202 4294901760
2.9003143 5.0683346 -3.4983339 4294901760
4.3762279 6.8481803 -3.5023444 4294901760
5.1098704 8.9295597 -3.5364904 4294901760
6.8458829 10.712843 -3.5562017 4294901760
7.1563606 12.505827 -3.5548499 4294901760
9.8533735 13.875297 -3.5333269 4294901760
10.785203 18.847271 -3.639919 4294901760
10.319503 16.148569 -3.5882552 4294901760
10.558146 20.739418 -3.7056532 4294901760
14.924407 21.016211 -3.5364218 4294901760
1.9293864 2.9961188 -3.4771888 4294901760
2.9199121 5.0615172 -3.4982567 4294901760
4.400104 6.8328638 -3.5006299 4294901760
5.1429815 8.9150934 -3.5350239 4294901760
6.8789358 10.68221 -3.5524056 4294901760
7.1979804 12.477328 -3.5513539 4294901760
9.9202833 13.866733 -3.5329995 4294901760
10.848927 18.806057 -3.6350496 4294901760
10.371489 16.105749 -3.583457 4294901760
10.634119 20.709539 -3.7015345 4294901760
15.006965 20.976978 -3.5320244 4294901760
1.9378592 2.9863253 -3.4746995 4294901760
2.9414341 5.0579538 -3.499316 4294901760
4.4260631 6.8207555 -3.4997492 4294901760
5.1720815 8.893671 -3.5321991 4294901760
6.9118605 10.651478 -3.5486107 4294901760
7.2374897 12.445252 -3.5473659 4294901760
9.9686251 13.832022 -3.5293663 4294901760
10.914503 18.768074 -3.6305196 4294901760
10.436322 16.082827 -3.58092 4294901760
10.702669 20.665207 -3.696085 4294901760
15.080094 20.924469 -3.5265284 4294901760
1.9477521 2.979882 -3.473985 4294901760
2.9620869 5.0548177 -3.500432 4294901760
4.4486585 6.8060389 -3.4981172 4294901760
5.1975503 8.8696489 -3.5288043 4294901760
6.9449754 10.625175 -3.5455065 4294901760
7.2666588 12.400594 -3.5415659 4294901760
10.033155 13.824672 -3.5291963 4294901760
10.966598 18.71456 -3.6245046 4294901760
10.493963 16.054802 -3.5778236 4294901760
10.778533 20.643753 -3.6928508 4294901760
15.177549 20.913126 -3.5245597 4294901760
1.9546713 2.9666691 -3.4697232 4294901760
2.9766736 5.0372953 -3.4968708 4294901760
4.4735732 6.7896891 -3.4963119 4294901760
5.234045 8.8573465 -3.5278995 4294901760
6.9816875 10.596337 -3.542134 4294901760
7.3100352 12.370455 -3.5379217 4294901760
10.086106 13.791023 -3.52578 4294901760
11.053382 18.705158 -3.622808 4294901760
10.559315 16.02622 -3.5746908 4294901760
10.854118 20.604111 -3.6878104 4294901760
15.270594 20.879923 -3.5206649 4294901760
1.967021 2.9628477 -3.4707062 4294901760
2.9942403 5.0268731 -3.4956465 4294901760
4.4950776 6.770762 -3.4937589 4294901760
5.2669554 8.8424158 -3.5264215 4294901760
7.0098572 10.558677 -3.5372341 4294901760
7.3613148 12.358526 -3.5368702 4294901760
10.120014 13.73649 -3.5196805 4294901760
11.118612 18.666456 -3.6182616 4294901760
10.619607 15.995904 -3.5713782 4294901760
10.92598 20.566095 -3.6830039 4294901760
15.345759 20.8297 -3.5154126 4294901760
1.9793676 2.9589763 -3.4716873 4294901760
3.0097878 5.0130882 -3.4932852 4294901760
4.5165062 6.75177 -3.4912064 4294901760
5.2998257 8.8273649 -3.52494 4294901760
7.0643229 10.560527 -3.5389731 4294901760
7.4105539 12.342984 -3.5353217 4294901760
10.175025 13.710673 -3.5172598 4294901760
11.187815 18.634373 -3.6143889 4294901760
10.670948 15.952107 -3.5665655 4294901760
11.001478 20.534866 -3.6788468 4294901760
15.442178 20.808071 -3.5125744 4294901760
1.9896824 2.9520502 -3.4709332 4294901760
3.0232763 4.9959621 -3.489789 4294901760
4.5422339 6.7392178 -3.4903162 4294901760
5.3306007 8.808815 -3.5227823 4294901760
7.0900483 10.519357 -3.5335214 4294901760
7.4515266 12.313643 -3.5318174 4294901760
10.227582 13.681458 -3.5144262 4294901760
11.252781 18.595213 -3.609834 4294901760
10.728785 15.918074 -3.5628722 4294901760
11.073077 20.496347 -3.6740298 4294901760
15.524268 20.766846 -3.50811 4294901760
2.0020123 2.9480853 -3.4719107 4294901760
3.0447102 4.9919548 -3.490833 4294901760
4.5701404 6.7298107 -3.490253 4294901760
5.3613191 8.7901516 -3.5206223 4294901760
7.1289563 10.497824 -3.5313823 4294901760
7.4944673 12.287555 -3.5287976 4294901760
10.25372 13.617038 -3.5071189 4294901760
11.319706 18.559225 -3.6056113 4294901760
10.779808 15.873927 -3.558058 4294901760
11.138832 20.447048 -3.6682296 4294901760
15.623091 20.747614 -3.5055041 4294901760
2.01229 2.9410794 -3.4711547 4294901760
3.0641327 4.9845786 -3.4907389 4294901760
4.5958161 6.7170544 -3.489356 4294901760
5.3940382 8.7747526 -3.5191324 4294901760
7.172276 10.482701 -3.5303411 4294901760
7.5373106 12.261322 -3.5257759 4294901760
10.318034 13.603375 -3.5063105 4294901760
11.384417 18.519602 -3.6010473 4294901760
10.821642 15.816463 -3.5517616 4294901760
11.21782 20.422041 -3.6647036 4294901760
15.712306 20.715225 -3.5018125 4294901760
2.0225449 2.934037 -3.4703979 4294901760
3.0835435 4.9771266 -3.4906421 4294901760
4.6236897 6.7074289 -3.4892848 4294901760
5.4246373 8.7558689 -3.5169678 4294901760
7.197566 10.441264 -3.5248966 4294901760
7.5800676 12.234935 -3.5227513 4294901760
10.375133 13.579934 -3.5042744 4294901760
11.457402 18.493313 -3.5978208 4294901760
10.87679 15.778589 -3.5476923 4294901760
11.302582 20.4072 -3.6621375 4294901760
15.801496 20.682461 -3.4981055 4294901760
2.0286393 2.9210033 -3.4661803 4294901760
3.1008997 4.9663315 -3.4894106 4294901760
4.642602 6.684804 -3.4858987 4294901760
5.4530768 8.7335253 -3.5141313 4294901760
7.2475533 10.435629 -3.5254941 4294901760
7.6206274 12.205026 -3.5192404 4294901760
10.432191 13.556256 -3.5022297 4294901760
11.504986 18.426126 -3.5905681 4294901760
10.938629 15.750347 -3.5447285 4294901760
11.369863 20.360649 -3.6566463 4294901760
15.878472 20.633503 -3.4930618 4294901760
2.042979 2.9198456 -3.4688833 4294901760
3.1182151 4.9554777 -3.4881785 4294901760
4.665906 6.6685586 -3.4841688 4294901760
5.4814219 8.7110939 -3.5112953 4294901760
7.2907581 10.420023 -3.5244367 4294901760
7.6652985 12.181718 -3.516695 4294901760
10.479444 13.519762 -3.4985662 4294901760
11.567104 18.382481 -3.5856624 4294901760
10.998108 15.718604 -3.5413888 4294901760
11.436941 20.313881 -3.6511543 4294901760
15.979751 20.615829 -3.490649 4294901760
2.0563166 2.9193406 -3.4716589 4294901760
3.1337671 4.9456573 -3.4870687 4294901760
4.6890912 6.6570754 -3.4834366 4294901760
5.5151067 8.7038469 -3.5113494 4294901760
7.3166008 10.387335 -3.5203612 4294901760
7.7077866 12.164296 -3.5149312 4294901760
10.516965 13.480494 -3.4944637 4294901760
11.61198 18.325829 -3.5795469 4294901760
11.054319 15.693752 -3.5388191 4294901760
11.520393 20.312576 -3.6500051 4294901760
16.066542 20.593864 -3.4879847 4294901760
2.0628066 2.9058719 -3.4674048 4294901760
3.1539471 4.9373837 -3.4869022 4294901760
4.7157311 6.6430416 -3.4824419 4294901760
5.5469728 8.6835737 -3.5090687 4294901760
7.3592196 10.36692 -3.5186138 4294901760
7.7480397 12.12926 -3.5107808 4294901760
10.568767 13.444987 -3.4910161 4294901760
11.685518 18.293232 -3.5757411 4294901760
11.116386 15.659634 -3.5352623 4294901760
11.596752 20.273678 -3.6452191 4294901760
16.144386 20.537975 -3.482367 4294901760
2.0750453 2.9016025 -3.4683731 4294901760
3.1732471 4.9295845 -3.4867952 4294901760
4.7388892 6.6265407 -3.4807069 4294901760
5.5815277 8.6708069 -3.5082285 4294901760
7.3907433 10.334713 -3.5148158 4294901760
7.7924819 12.105486 -3.5082252 4294901760
10.610687 13.401771 -3.4865484 4294901760
11.753619 18.259045 -3.5718248 4294901760
11.182571 15.636949 -3.5330021 4294901760
11.681404 20.257282 -3.6425896 4294901760
16.253157 20.52846 -3.4806809 4294901760
2.0830431 2.8913999 -3.4658864 4294901760
3.1883402 4.9152446 -3.4844291 4294901760
4.7619929 6.6099572 -3.4789708 4294901760
5.6203666 8.6645327 -3.5087147 4294901760
7.4244566 10.305631 -3.5115638 4294901760
7.8390231 12.084882 -3.5061448 4294901760
10.659889 13.367761 -3.4832802 4294901760
11.810774 18.207857 -3.5662482 4294901760
11.22544 15.581643 -3.5270803 4294901760
11.748038 20.20948 -3.6370718 4294901760
16.339659 20.490328 -3.4766243 4294901760
2.0931242 2.8841105 -3.4651265 4294901760
3.2054791 4.9040847 -3.4831913 4294901760
4.7827358 6.5901194 -3.4764113 4294901760
5.650579 8.6448593 -3.5065324 4294901760
7.4650488 10.286072 -3.5099425 4294901760
7.8811617 12.057444 -3.5031011 4294901760
10.728936 13.358412 -3.4831965 4294901760
11.867713 18.156496 -3.5606737 4294901760
11.279766 15.542361 -3.5229855 4294901760
11.796316 20.130459 -3.6286891 4294901760
16.418592 20.442505 -3.471777 4294901760
2.1031766 2.8767881 -3.4643664 4294901760
3.2246935 4.8960848 -3.4830792 4294901760
4.8103352 6.5797205 -3.4763181 4294901760
5.6807146 8.6250868 -3.5043492 4294901760
7.5102692 10.272771 -3.509403 4294901760
7.927568 12.036507 -3.5010121 4294901760
10.77549 13.320888 -3.4795187 4294901760
11.941981 18.13163 -3.5577323 4294901760
11.338644 15.509337 -3.5196161 4294901760
11.868527 20.092606 -3.6241302 4294901760
16.504902 20.403709 -3.4676998 4294901760
2.111057 2.8665094 -3.4618819 4294901760
3.2396359 4.8815875 -3.4807129 4294901760
4.8332758 6.5628877 -3.4745781 4294901760
5.7086048 8.6019096 -3.5015004 4294901760
7.5366731 10.233709 -3.504519 4294901760
7.960743 11.995503 -3.4960537 4294901760
10.82696 13.289367 -3.4766321 4294901760
12.007412 18.093155 -3.5534661 4294901760
11.378534 15.450399 -3.5133402 4294901760
11.940639 20.05448 -3.6195638 4294901760
16.60882 20.386213 -3.4654119 4294901760
2.1232092 2.8620348 -3.4628448 4294901760
3.2523725 4.8638463 -3.4772232 4294901760
4.8631635 6.5554271 -3.4752977 4294901760
5.7451844 8.5917873 -3.5013022 4294901760
7.5747108 10.210527 -3.502346 4294901760
7.9937205 11.95442 -3.4911003 4294901760
10.880858 13.260731 -3.4741368 4294901760
12.070491 18.051134 -3.5488684 4294901760
11.449019 15.433002 -3.5117741 4294901760
12.016729 20.022947 -3.6156235 4294901760
16.705206 20.358986 -3.4623301 4294901760
2.136529 2.8611593 -3.465605 4294901760
3.2654874 4.850409 -3.4749835 4294901760
4.8813896 6.536973 -3.4729087 4294901760
5.7677364 8.5671377 -3.4980075 4294901760
7.6043792 10.183498 -3.4993608 4294901760
8.0401249 11.942443 -3.4902601 4294901760
10.922467 13.226479 -3.4708183 4294901760
12.131602 18.019739 -3.5453799 4294901760
11.485524 15.380981 -3.5062742 4294901760
12.085773 19.995342 -3.6121631 4294901760
16.751287 20.284845 -3.4554431 4294901760
2.1475 2.8529341 -3.4647651 4294901760
3.2905786 4.8473945 -3.4769888 4294901760
4.9088135 6.5213137 -3.4718087 4294901760
5.8028111 8.5481968 -3.4962597 4294901760
7.6386552 10.147883 -3.4952934 4294901760
8.0970926 11.927934 -3.4892752 4294901760
10.965533 13.175257 -3.4655786 4294901760
12.196227 17.966421 -3.5396626 4294901760
11.544502 15.336765 -3.5017602 4294901760
12.145842 19.921522 -3.6042597 4294901760
16.811176 20.198887 -3.4474351 4294901760
2.1618259 2.8511987 -3.4674435 4294901760
3.309653 4.8390589 -3.4768682 4294901760
4.9315462 6.5041404 -3.470063 4294901760
5.8370757 8.5344152 -3.4953878 4294901760
7.6740298 10.12116 -3.4925768 4294901760
8.1431675 11.906163 -3.4871643 4294901760
11.026804 13.155214 -3.4642522 4294901760
12.267873 17.936914 -3.5363538 4294901760
11.62687 15.334499 -3.5019634 4294901760
12.206944 19.8654 -3.5981085 4294901760
16.873882 20.130905 -3.4410207 4294901760
2.1685722 2.8415115 -3.4650342 4294901760
3.3270228 4.831811 -3.4768696 4294901760
4.9519539 6.4886165 -3.4684911 4294901760
5.8683405 8.5225477 -3.4947307 4294901760
7.7106004 10.103311 -3.4912064 4294901760
8.1624861 11.85432 -3.4806242 4294901760
11.080915 13.135731 -3.4628916 4294901760
12.326423 17.901575 -3.5325255 4294901760
11.667728 15.288392 -3.4971828 4294901760
12.279791 19.843927 -3.5952616 4294901760
16.895842 20.028961 -3.4318798 4294901760
2.178973 2.8335435 -3.4642308 4294901760
3.3403182 4.8132544 -3.4733195 4294901760
4.9757037 6.4704218 -3.4666562 4294901760
5.899539 8.5009813 -3.4924226 4294901760
7.7524195 10.081271 -3.489423 4294901760
8.2036142 11.821054 -3.4769416 4294901760
11.134148 13.101097 -3.4597917 4294901760
12.401057 17.869387 -3.5289688 4294901760
11.721256 15.24236 -3.4925022 4294901760
12.348219 19.792009 -3.5894856 4294901760
16.943283 19.93647 -3.4234328 4294901760
2.1910701 2.8287868 -3.4651837 4294901760
3.3548913 4.798409 -3.4709544 4294901760
5.0030627 6.4592175 -3.4665382 4294901760
5.9291749 8.4803362 -3.4902229 4294901760
7.7972789 10.066698 -3.4888434 4294901760
8.2584972 11.811902 -3.4767106 4294901760
11.190166 13.074256 -3.457654 4294901760
12.463353 17.825991 -3.5243454 4294901760
11.77683 15.204508 -3.4887409 4294901760
12.4236 19.758926 -3.5855083 4294901760
17.036135 19.90451 -3.4200661 4294901760
2.2031617 2.8239789 -3.466135 4294901760
3.3804944 4.7992644 -3.474185 4294901760
5.030406 6.4478974 -3.4664159 4294901760
5.9610195 8.4628181 -3.4886787 4294901760
7.8226113 10.026903 -3.4839742 4294901760
8.3065529 11.792755 -3.4750559 4294901760
11.23574 13.035113 -3.453948 4294901760
12.530101 17.788897 -3.5203609 4294901760
11.851907 15.191592 -3.4878206 4294901760
12.496778 19.722183 -3.5812116 4294901760
17.238482 19.999178 -3.4272161 4294901760
2.2080348 2.810956 -3.4619713 4294901760
3.3941615 4.7848873 -3.47188 4294901760
5.0541821 6.4342661 -3.465564 4294901760
5.9821882 8.4333344 -3.4846182 4294901760
7.8607192 10.00715 -3.4824533 4294901760
8.3456106 11.765147 -3.4721398 4294901760
11.289342 13.009817 -3.4519839 4294901760
12.579785 17.734236 -3.5146804 4294901760
11.909603 15.161614 -3.484962 4294901760
12.581433 19.710918 -3.579318 4294901760
17.249741 19.878569 -3.4165637 4294901760
2.2138224 2.7971594 -3.4577336 4294901760
3.4049547 4.7630148 -3.467216 4294901760
5.0825973 6.4218497 -3.4653468 4294901760
6.017653 8.4177837 -3.4836164 4294901760
7.8998041 9.9813843 -3.4801216 4294901760
8.3909864 11.737718 -3.4693835 4294901760
11.355296 12.989345 -3.4508057 4294901760
12.658619 17.707487 -3.5117359 4294901760
11.962615 15.114737 -3.4802668 4294901760
12.655748 19.668032 -3.5744469 4294901760
17.440748 19.950506 -3.4218202 4294901760
2.221314 2.7865796 -3.4552526 4294901760
3.4170592 4.7448483 -3.4637353 4294901760
5.10254 6.4010015 -3.4627779 4294901760
6.0516219 8.4031401 -3.4827197 4294901760
7.9271808 9.944438 -3.4757926 4294901760
8.4295864 11.705127 -3.4658408 4294901760
11.384781 12.931688 -3.4447629 4294901760
12.720357 17.663191 -3.5070975 4294901760
12.042644 15.107178 -3.4800155 4294901760
12.737361 19.643827 -3.5713532 4294901760
17.570978 19.958437 -3.4218192 4294901760
2.2350817 2.784852 -3.4579558 4294901760
3.4395602 4.7428441 -3.4658983 4294901760
5.1163754 6.374867 -3.4586761 4294901760
6.0748162 8.3766251 -3.4793153 4294901760
7.9601173 9.9180937 -3.4731994 4294901760
8.4660254 11.673886 -3.4624517 4294901760
11.430246 12.89684 -3.4416215 4294901760
12.806978 17.65967 -3.5065026 4294901760
12.105157 15.082702 -3.4778373 4294901760
12.817719 19.624872 -3.5687995 4294901760
17.645018 19.909016 -3.4171162 4294901760
2.2447867 2.777035 -3.4571893 4294901760
3.458364 4.733922 -3.4657638 4294901760
5.1484547 6.369174 -3.4601617 4294901760
6.1016817 8.3521814 -3.4764559 4294901760
8.0121431 9.9118547 -3.4741862 4294901760
8.4949846 11.628213 -3.4570451 4294901760
11.504358 12.889557 -3.4421506 4294901760
12.875592 17.624533 -3.5028012 4294901760
12.145189 15.024863 -3.4719288 4294901760
12.875155 19.563345 -3.5623162 4294901760
17.733006 19.868172 -3.4131083 4294901760
2.2516959 2.766763 -3.4547472 4294901760
3.4717615 4.7193236 -3.4634607 4294901760
5.1794519 6.364233 -3.4617274 4294901760
6.1363735 8.3414516 -3.4763138 4294901760
8.0324478 9.8698406 -3.4689348 4294901760
8.5264311 11.590366 -3.4527287 4294901760
11.560352 12.866145 -3.4405358 4294901760
12.933971 17.581736 -3.4983754 4294901760
12.220116 15.015423 -3.471493 4294901760
12.931144 19.507231 -3.5563893 4294901760
17.657347 19.651823 -3.3946285 4294901760
2.2641194 2.7612956 -3.4556551 4294901760
3.4936225 4.7127566 -3.4643738 4294901760
5.195281 6.3361087 -3.4574513 4294901760
6.1669035 8.3189058 -3.4739919 4294901760
8.0635338 9.834198 -3.4650056 4294901760
8.5735893 11.565428 -3.4504318 4294901760
11.623464 12.841404 -3.4389234 4294901760
13.010202 17.550241 -3.4950581 4294901760
12.264953 14.958203 -3.4657266 4294901760
12.989245 19.439793 -3.5493627 4294901760
17.603304 19.44783 -3.3771389 4294901760
2.2737448 2.7533748 -3.4548876 4294901760
3.5077481 4.6974459 -3.4620078 4294901760
5.2173681 6.317934 -3.4556901 4294901760
6.1935415 8.2941608 -3.4711294 4294901760
8.092761 9.7998705 -3.4612153 4294901760
8.6139097 11.535428 -3.4473555 4294901760
11.660172 12.791922 -3.4340377 4294901760
13.069001 17.50152 -3.4900758 4294901760
12.339941 14.942962 -3.4647086 4294901760
13.054799 19.39102 -3.5441055 4294901760
17.684538 19.401018 -3.3727005 4294901760
2.2833431 2.7454207 -3.4541197 4294901760
3.5241256 4.6851721 -3.4607544 4294901760
5.2368841 6.2966661 -3.4531217 4294901760
6.2248344 8.2756472 -3.4695654 4294901760
8.1294603 9.7746105 -3.4590101 4294901760
8.6469555 11.495752 -3.4428892 4294901760
11.723609 12.771677 -3.4329796 4294901760
13.156404 17.490868 -3.4888556 4294901760
12.392032 14.899793 -3.4605415 4294901760
13.142578 19.375059 -3.5418701 4294901760
18.008692 19.618633 -3.3901327 4294901760
2.2924328 2.7378352 -3.4533904 4294901760
3.544291 4.6796036 -3.4617853 4294901760
5.2703223 6.2943063 -3.455478 4294901760
6.2570105 8.2612648 -3.4687588 4294901760
8.1618233 9.7476034 -3.456413 4294901760
8.682621 11.46385 -3.4395053 4294901760
11.792918 12.761988 -3.4332416 4294901760
13.231185 17.469418 -3.4865992 4294901760
12.438804 14.85557 -3.4562356 4294901760
13.222506 19.354452 -3.539263 4294901760
18.087187 19.573481 -3.3858867 4294901760
2.3047915 2.7321837 -3.454293 4294901760
3.5614216 4.6665788 -3.4604661 4294901760
5.2933607 6.2749429 -3.4536231 4294901760
6.2824564 8.231988 -3.4651351 4294901760
8.2026186 9.7236824 -3.454592 4294901760
8.7245865 11.431943 -3.4362738 4294901760
11.850477 12.73033 -3.4308259 4294901760
13.292715 17.417624 -3.4813628 4294901760
12.513744 14.834248 -3.4546282 4294901760
13.302424 19.319002 -3.5352397 4294901760
18.186028 19.536272 -3.3822608 4294901760
2.3072712 2.7158351 -3.4483979 4294901760
3.5800343 4.6571751 -3.460319 4294901760
5.3203068 6.2624087 -3.453465 4294901760
6.3015132 8.1974773 -3.4603322 4294901760
8.2493496 9.7101164 -3.4544799 4294901760
8.764432 11.401424 -3.4331956 4294901760
11.894835 12.688894 -3.427073 4294901760
13.372877 17.396435 -3.4791615 4294901760
12.555114 14.778332 -3.4490709 4294901760
13.387968 19.298697 -3.532656 4294901760
18.240444 19.458117 -3.3752987 4294901760
2.3238084 2.716028 -3.4527543 4294901760
3.5891955 4.6355119 -3.4557357 4294901760
5.3446865 6.2467794 -3.4524994 4294901760
6.3373508 8.1848049 -3.4600549 4294901760
8.2831964 9.6812601 -3.4517369 4294901760
8.8114834 11.380194 -3.4314938 4294901760
11.93359 12.641501 -3.4225609 4294901760
13.44574 17.365421 -3.4760127 4294901760
12.598852 14.725326 -3.4438624 4294901760
13.446111 19.238754 -3.5264671 4294901760
18.209578 19.289787 -3.3609135 4294901760
2.3375349 2.7138 -3.4554372 4294901760
3.6116536 4.6326971 -3.457865 4294901760
5.3576941 6.2201042 -3.44841 4294901760
6.3620291 8.1606264 -3.4573026 4294901760
8.2945404 9.6296854 -3.4449439 4294901760
8.8369503 11.335227 -3.4262707 4294901760
11.972704 12.598969 -3.4186177 4294901760
13.503257 17.320736 -3.4715419 4294901760
12.660626 14.698565 -3.4416168 4294901760
13.502948 19.184265 -3.5208297 4294901760
18.171669 19.122189 -3.3466358 4294901760
2.3446162 2.7028868 -3.4529595 4294901760
3.6277997 4.6200643 -3.4566061 4294901760
5.3793693 6.2013679 -3.4466422 4294901760
6.390471 8.1383724 -3.455085 4294901760
8.3228979 9.5946836 -3.4411621 4294901760
8.8789129 11.307445 -3.4236484 4294901760
12.022109 12.562862 -3.4156206 4294901760
13.583338 17.298609 -3.4693031 4294901760
12.756258 14.705487 -3.4432693 4294901760
13.592907 19.169582 -3.5188105 4294901760
18.376339 19.202906 -3.3528414 4294901760
2.3540375 2.6946857 -3.4521887 4294901760
3.6415164 4.6043501 -3.4542403 4294901760
5.4087272 6.1914134 -3.4472759 4294901760
6.4237466 8.1222143 -3.4541523 4294901760
8.3641729 9.5745363 -3.4399905 4294901760
8.9207993 11.279498 -3.4210219 4294901760
12.074183 12.529422 -3.4129951 4294901760
13.648595 17.257345 -3.4652016 4294901760
12.841614 14.6999 -3.4435217 4294901760
13.645821 19.102526 -3.5120275 4294901760
18.501453 19.19902 -3.352082 4294901760
2.3610353 2.6837296 -3.449713 4294901760
3.6647677 4.6006484 -3.4562962 4294901760
5.4303074 6.1724944 -3.4455044 4294901760
6.4545236 8.1028309 -3.4525728 4294901760
8.4106493 9.560174 -3.4398544 4294901760
8.9601202 11.248288 -3.4179366 4294901760
12.134489 12.504343 -3.4114907 4294901760
13.721186 17.225199 -3.4620149 4294901760
12.906017 14.669946 -3.4410214 4294901760
13.714756 19.058016 -3.5073209 4294901760
18.568363 19.134319 -3.3463249 4294901760
2.3679845 2.6727588 -3.4472387 4294901760
3.6783931 4.5848246 -3.4539297 4294901760
5.444016 6.1446948 -3.4413352 4294901760
6.4753466 8.0710049 -3.4484253 4294901760
8.4492311 9.5366993 -3.4381502 4294901760
8.9943495 11.210742 -3.41394 4294901760
12.183628 12.467609 -3.4084778 4294901760
13.788717 17.186541 -3.4582069 4294901760
12.957144 14.624808 -3.4368105 4294901760
13.790564 19.022955 -3.5034943 4294901760
18.579218 19.01227 -3.33586 4294901760
2.3797138 2.667181 -3.4481721 4294901760
3.6967967 4.5749516 -3.4537711 4294901760
5.4628215 6.122725 -3.438767 4294901760
6.5084505 8.0544996 -3.447485 4294901760
8.4771881 9.5012245 -3.434365 4294901760
9.0234318 11.166902 -3.4090364 4294901760
12.227077 12.425002 -3.4047134 4294901760
13.856153 17.147612 -3.454391 4294901760
13.005465 14.576513 -3.4322586 4294901760
13.868658 18.990816 -3.4999514 4294901760
18.690289 18.992836 -3.3338718 4294901760
2.3865862 2.656162 -3.4456987 4294901760
3.7151744 4.5650082 -3.4536104 4294901760
5.4972672 6.1182084 -3.440985 4294901760
6.5290403 8.0225363 -3.4433413 4294901760
8.5102997 9.4715767 -3.4316196 4294901760
9.0673752 11.141507 -3.4068601 4294901760
12.289997 12.402052 -3.4035594 4294901760
13.943626 17.133184 -3.4530029 4294901760
13.050936 14.525099 -3.4273696 4294901760
13.934861 18.942293 -3.4949327 4294901760
18.753658 18.924646 -3.3278844 4294901760
2.4007089 2.6531909 -3.4483321 4294901760
3.7359715 4.5579691 -3.4545493 4294901760
5.5317502 6.113523 -3.4431939 4294901760
6.5745459 8.0210934 -3.4455919 4294901760
8.5459757 9.4447527 -3.4293907 4294901760
9.1162987 11.122089 -3.4055841 4294901760
12.350095 12.375986 -3.4020209 4294901760
14.008412 17.090576 -3.448863 4294901760
13.109587 14.488317 -3.4241712 4294901760
14.008032 18.903152 -3.4907873 4294901760
18.813967 18.853409 -3.321665 4294901760
2.4075129 2.6421154 -3.4458594 4294901760
3.7445011 4.5359893 -3.4499798 4294901760
5.5530548 6.0941772 -3.4414158 4294901760
6.6075344 8.0041924 -3.4446394 4294901760
8.5842333 9.4207325 -3.4276767 4294901760
9.1651907 11.102469 -3.4043007 4294901760
12.404508 12.344041 -3.3997302 4294901760
14.070518 17.044653 -3.4444163 4294901760
13.173501 14.457206 -3.4216416 4294901760
14.102581 18.89253 -3.4892566 4294901760
18.823046 18.731291 -3.3112748 4294901760
2.4118183 2.6283536 -3.4416881 4294901760
3.7603111 4.5228915 -3.4487152 4294901760
5.5742922 6.0747571 -3.4396372 4294901760
6.6379595 7.9841185 -3.4430451 4294901760
8.6224298 9.3965597 -3.4259586 4294901760
9.2038879 11.07041 -3.4012055 4294901760
12.447519 12.300668 -3.3959515 4294901760
14.124825 16.9893 -3.4390612 4294901760
13.237361 14.425824 -3.4191027 4294901760
14.178036 18.855953 -3.485379 4294901760
18.893993 18.671089 -3.3060029 4294901760
2.4258997 2.6252432 -3.4443171 4294901760
3.7834959 4.5185966 -3.4507482 4294901760
5.592803 6.0523801 -3.4370642 4294901760
6.665791 7.9608974 -3.4408119 4294901760
8.6605654 9.3722296 -3.4242361 4294901760
9.2450323 11.041263 -3.3985591 4294901760
12.498913 12.26551 -3.3932807 4294901760
14.196857 16.955185 -3.4358132 4294901760
13.298464 14.391238 -3.4162188 4294901760
14.246181 18.809525 -3.480623 4294901760
19.055962 18.700113 -3.3080943 4294901760
2.4350483 2.6167598 -3.4435458 4294901760
3.8042109 4.5112529 -3.4516773 4294901760
5.6219106 6.0414367 -3.4376655 4294901760
6.6884418 7.9315405 -3.4373071 4294901760
8.6986322 9.3477535 -3.4225104 4294901760
9.283514 11.008926 -3.3954611 4294901760
12.547351 12.227365 -3.3902366 4294901760
14.25338 16.902479 -3.4307559 4294901760
13.335035 14.330141 -3.4103191 4294901760
14.299643 18.743816 -3.4741309 4294901760
19.132557 18.644634 -3.3032467 4294901760
2.4432578 2.6090965 -3.4428515 4294901760
3.8158734 4.4963412 -3.4494364 4294901760
5.6435456 6.026607 -3.4368548 4294901760
6.7056561 7.9014459 -3.433393 4294901760
8.7279596 9.3203783 -3.4200299 4294901760
9.3129101 10.973639 -3.3917747 4294901760
12.568542 12.17126 -3.3846247 4294901760
14.319324 16.872826 -3.4279692 4294901760
13.377267 14.285263 -3.406183 4294901760
14.365758 18.708296 -3.4704523 4294901760
19.191044 18.584429 -3.2980547 4294901760
2.4523499 2.6005523 -3.44208 4294901760
3.8290417 4.4800668 -3.4470704 4294901760
5.6699286 6.0125785 -3.436656 4294901760
6.7331944 7.8779922 -3.4311624 4294901760
8.7631607 9.2927427 -3.4177864 4294901760
9.3485718 10.938044 -3.3882294 4294901760
12.642525 12.157682 -3.3848841 4294901760
14.414425 16.86521 -3.4273822 4294901760
13.429784 14.241384 -3.4022915 4294901760
14.467603 18.705402 -3.469708 4294901760
19.189592 18.453669 -3.2870493 4294901760
2.4643626 2.5941744 -3.4429657 4294901760
3.8429246 4.4630828 -3.4446416 4294901760
5.6865268 5.9860682 -3.4332013 4294901760
6.7620263 7.8532591 -3.4288192 4294901760
8.797164 9.26056 -3.414891 4294901760
9.3911972 10.906717 -3.3854227 4294901760
12.66684 12.09201 -3.3783453 4294901760
14.476149 16.812262 -3.4223661 4294901760
13.49837 14.209405 -3.3998454 4294901760
14.548339 18.66799 -3.4658189 4294901760
19.24844 18.374933 -3.2803333 4294901760
2.4729521 2.5859873 -3.4422319 4294901760
3.8577046 4.4503131 -3.4434366 4294901760
5.7036362 5.9643416 -3.4307179 4294901760
6.7906218 7.833776 -3.4273307 4294901760
8.833312 9.2370701 -3.4132924 4294901760
9.4299212 10.878516 -3.3829236 4294901760
12.71843 12.060897 -3.3762145 4294901760
14.531825 16.764158 -3.4178262 4294901760
13.559194 14.178966 -3.3974802 4294901760
14.620026 18.6322 -3.4621406 4294901760
19.387506 18.385189 -3.2809775 4294901760
2.481962 2.5773411 -3.4414597 4294901760
3.8757455 4.4397244 -3.4432626 4294901760
5.7271376 5.9472251 -3.4297256 4294901760
6.8205194 7.8130069 -3.4257293 4294901760
8.8544855 9.1947536 -3.4084947 4294901760
9.4704456 10.848536 -3.3802679 4294901760
12.777842 12.032819 -3.3746178 4294901760
14.603361 16.728369 -3.4145265 4294901760
13.614126 14.137302 -3.3939056 4294901760
14.675061 18.568537 -3.455925 4294901760
19.477716 18.342052 -3.2772374 4294901760
2.4904962 2.5690956 -3.4407256 4294901760
3.8904483 4.4268465 -3.4420559 4294901760
5.7577505 5.9394641 -3.431185 4294901760
6.8463931 7.7903447 -3.4236062 4294901760
8.8738823 9.1539402 -3.4038405 4294901760
9.5194979 10.832006 -3.3795409 4294901760
12.823495 11.995819 -3.3717461 4294901760
14.674564 16.697832 -3.4117501 4294901760
13.674812 14.106387 -3.391526 4294901760
14.731591 18.513519 -3.4505336 4294901760
19.576347 18.312817 -3.2746673 4294901760
2.4973621 2.5573573 -3.4382215 4294901760
3.9066463 4.412559 -3.4407225 4294901760
5.7822194 5.9211283 -3.4300969 4294901760
6.8722782 7.7622414 -3.4206295 4294901760
8.9184618 9.1327133 -3.4029822 4294901760
9.5538597 10.791089 -3.375391 4294901760
12.881963 11.96229 -3.3695805 4294901760
14.748888 16.658876 -3.4081898 4294901760
13.723634 14.053322 -3.3867435 4294901760
14.814323 18.47809 -3.4468997 4294901760
19.634554 18.232798 -3.2679229 4294901760
2.5088162 2.5512085 -3.4391418 4294901760
3.9271531 4.4046445 -3.4416358 4294901760
5.8028545 5.900907 -3.4283097 4294901760
6.8967032 7.7352538 -3.4177659 4294901760
8.9363775 9.0873785 -3.3976901 4294901760
9.5967655 10.763609 -3.3731687 4294901760
12.911934 11.90645 -3.3643396 4294901760
14.806952 16.607288 -3.4033933 4294901760
13.783792 14.016701 -3.3838117 4294901760
14.891278 18.44179 -3.4432247 4294901760
19.671661 18.139782 -3.2601378 4294901760
2.5232522 2.5471473 -3.4417136 4294901760
3.94327 4.3902221 -3.4402997 4294901760
5.8244424 5.8795996 -3.4264333 4294901760
6.9276481 7.7128658 -3.4160476 4294901760
8.9780006 9.0630217 -3.3963189 4294901760
9.6334925 10.725406 -3.3694627 4294901760
12.984861 11.885938 -3.3639698 4294901760
14.857053 16.541033 -3.3971872 4294901760
13.829458 13.960423 -3.3787014 4294901760
14.978921 18.411863 -3.4401283 4294901760
19.69972 18.032511 -3.2511945 4294901760
2.5261226 2.5340734 -3.4376352 4294901760
3.9570413 4.3778129 -3.4391546 4294901760
5.8484211 5.8668289 -3.4263945 4294901760
6.949192 7.6881332 -3.4134085 4294901760
9.0064259 9.0347738 -3.3938398 4294901760
9.6804705 10.709842 -3.3688688 4294901760
13.028028 11.85045 -3.3612731 4294901760
14.930347 16.517963 -3.3952041 4294901760
13.90139 13.945145 -3.3781409 4294901760
15.04933 18.380159 -3.4369407 4294901760
19.762178 17.975912 -3.2464516 4294901760
2.5426586 2.5329151 -3.4419327 4294901760
3.9774857 4.3696694 -3.4400606 4294901760
5.8744249 5.8519144 -3.4261734 4294901760
6.9839706 7.6725965 -3.4130521 4294901760
9.0351 9.0004778 -3.3905802 4294901760
9.7231531 10.681865 -3.3666346 4294901760
13.066362 11.802226 -3.3571146 4294901760
15.001348 16.480494 -3.3918543 4294901760
13.961286 13.907786 -3.3751886 4294901760
15.1261 18.342911 -3.4332321 4294901760
19.922602 17.995144 -3.2479496 4294901760
2.5437534 2.5163746 -3.4360898 4294901760
3.9875104 4.3500786 -3.4366086 4294901760
5.8976054 5.8341289 -3.4251661 4294901760
7.0160542 7.6539955 -3.4120648 4294901760
9.0749283 8.9772539 -3.3893373 4294901760
9.7576971 10.644925 -3.3630793 4294901760
13.107482 11.756541 -3.3533173 4294901760
15.06688 16.436852 -3.3879156 4294901760
14.018253 13.867373 -3.3719051 4294901760
15.197692 18.299206 -3.428956 4294901760
19.970436 17.912155 -3.2410641 4294901760
2.5551071 2.510021 -3.4370055 4294901760
3.9974442 4.3304734 -3.4331598 4294901760
5.917933 5.8135085 -3.4233749 4294901760
7.0373654 7.6236525 -3.4085753 4294901760
9.0977154 8.9371815 -3.3850722 4294901760
9.7920952 10.607881 -3.3595257 4294901760
13.163307 11.723964 -3.3513091 4294901760
15.137691 16.398821 -3.3845494 4294901760
14.07226 13.823948 -3.368294 4294901760
15.274278 18.26136 -3.4252293 4294901760
20.053709 17.860931 -3.2368085 4294901760
2.5642903 2.5006387 -3.4361935 4294901760
4.0132904 4.3157921 -3.4318244 4294901760
5.9363947 5.7890401 -3.4207122 4294901760
7.0625706 7.5949116 -3.4056005 4294901760
9.1389351 8.9120855 -3.3836865 4294901760
9.8390369 10.580654 -3.3575664 4294901760
13.209177 11.678273 -3.3476756 4294901760
15.21672 16.36368 -3.3815084 4294901760
14.134254 13.783408 -3.3651104 4294901760
15.353971 18.220512 -3.4212358 4294901760
20.101093 17.771437 -3.2294257 4294901760
2.58342 2.5017607 -3.4421675 4294901760
4.0309629 4.3045688 -3.4316385 4294901760
5.9537473 5.7655554 -3.4181416 4294901760
7.0836339 7.5644431 -3.4021165 4294901760
9.1699867 8.8801327 -3.3809304 4294901760
9.8786259 10.549149 -3.3548846 4294901760
13.222923 11.608449 -3.3406739 4294901760
15.268289 16.30464 -3.3761117 4294901760
14.167957 13.720122 -3.3592403 4294901760
15.407146 18.154636 -3.4150045 4294901760
20.178005 17.714338 -3.2247262 4294901760
2.5864763 2.4881539 -3.4380579 4294901760
4.0557833 4.3023906 -3.4347708 4294901760
5.9784856 5.7512193 -3.4180012 4294901760
7.1032553 7.535161 -3.3987474 4294901760
9.1993818 8.8496771 -3.3783123 4294901760
9.9135523 10.516335 -3.3519216 4294901760
13.276351 11.577628 -3.3388474 4294901760
15.256579 16.184238 -3.3646605 4294901760
14.23636 13.695179 -3.3577609 4294901760
15.508747 18.152006 -3.4145384 4294901760
20.242651 17.652582 -3.219662 4294901760
2.592525 2.4766054 -3.4355974 4294901760
4.0707779 4.2882061 -3.4334943 4294901760
6.0013628 5.7330241 -3.4169891 4294901760
7.132237 7.5131841 -3.3971331 4294901760
9.2302189 8.8175087 -3.3755562 4294901760
9.944726 10.475894 -3.3479321 4294901760
13.328729 11.541638 -3.3364689 4294901760
15.411881 16.235062 -3.3701351 4294901760
14.289846 13.650906 -3.3541353 4294901760
15.569417 18.09473 -3.4091229 4294901760
20.316227 17.592266 -3.214735 4294901760
2.5989537 2.4645929 -3.4331002 4294901760
4.0838041 4.270474 -3.4310706 4294901760
6.0223336 5.7109909 -3.4151077 4294901760
7.1569934 7.484138 -3.3941648 4294901760
9.2567139 8.7781601 -3.3716657 4294901760
9.9775562 10.433628 -3.3437903 4294901760
13.376981 11.497903 -3.3331885 4294901760
15.471279 16.178469 -3.3650613 4294901760
14.33978 13.598442 -3.3496559 4294901760
15.680077 18.088823 -3.4083729 4294901760
20.359367 17.499468 -3.2071607 4294901760
2.6101809 2.4579906 -3.4340107 4294901760
4.1040306 4.2617412 -3.4319603 4294901760
6.0422344 5.6899333 -3.413316 4294901760
7.205009 7.481884 -3.3968849 4294901760
9.2901907 8.7485123 -3.3694093 4294901760
10.041505 10.427381 -3.3450034 4294901760
13.441272 11.47182 -3.3322093 4294901760
15.524896 16.121489 -3.3599441 4294901760
14.378459 13.540102 -3.3444357 4294901760
15.761505 18.055025 -3.4051232 4294901760
20.420332 17.428289 -3.2013803 4294901760
2.6240401 2.4538171 -3.4366028 4294901760
4.1188812 4.2473898 -3.4306829 4294901760
6.0677867 5.6741657 -3.4130776 4294901760
7.222827 7.4481778 -3.3927865 4294901760
9.3090773 8.7051916 -3.3646679 4294901760
10.080609 10.395123 -3.34231 4294901760
13.453886 11.401658 -3.3252423 4294901760
15.572741 16.058607 -3.3542635 4294901760
14.437278 13.500723 -3.3414416 4294901760
15.83497 18.011894 -3.401046 4294901760
20.477995 17.354324 -3.1953895 4294901760
2.6321635 2.4451013 -3.4358664 4294901760
4.1248727 4.2254381 -3.4262257 4294901760
6.0894451 5.6566811 -3.4121497 4294901760
7.247488 7.4241838 -3.3906581 4294901760
9.3437109 8.6796732 -3.3630469 4294901760
10.101137 10.347405 -3.3371828 4294901760
13.494672 11.359544 -3.3219879 4294901760
15.64821 16.029716 -3.3519306 4294901760
14.502419 13.471763 -3.3396034 4294901760
15.913138 17.980206 -3.3980315 4294901760
20.547653 17.296602 -3.1907477 4294901760
2.6353526 2.4309826 -3.4317281 4294901760
4.1368957 4.2082677 -3.4238703 4294901760
6.1120358 5.6380506 -3.4111309 4294901760
7.2788987 7.4044776 -3.3896518 4294901760
9.3885326 8.6604567 -3.3627708 4294901760
10.131617 10.306413 -3.3331995 4294901760
13.552576 11.327697 -3.3202925 4294901760
15.723646 15.994918 -3.3490615 4294901760
14.569865 13.43998 -3.3375409 4294901760
15.967833 17.915611 -3.3920457 4294901760
20.586456 17.20685 -3.1834962 4294901760
2.6442456 2.4213066 -3.4309158 4294901760
4.1522932 4.1930757 -3.4225323 4294901760
6.1326604 5.6156096 -3.4092472 4294901760
7.3032093 7.3749394 -3.3866813 4294901760
9.4202137 8.6259861 -3.3598771 4294901760
10.174923 10.274858 -3.3307815 4294901760
13.606265 11.288115 -3.3176994 4294901760
15.776553 15.931506 -3.3434153 4294901760
14.624913 13.391872 -3.3336794 4294901760
16.068062 17.895571 -3.3901103 4294901760
20.640171 17.123627 -3.1768084 4294901760
2.65452 2.4154279 -3.4319 4294901760
4.1736021 4.1881967 -3.4246216 4294901760
6.1502705 5.5963168 -3.4076328 4294901760
7.3207612 7.3463612 -3.3834336 4294901760
9.4678078 8.6150446 -3.360852 4294901760
10.223994 10.259747 -3.3305442 4294901760
13.647804 11.250382 -3.3149753 4294901760
15.747657 15.802724 -3.331233 4294901760
14.646266 13.32708 -3.3276329 4294901760
16.113497 17.833162 -3.3843696 4294901760
20.715427 17.076483 -3.1730819 4294901760
2.6710055 2.4134378 -3.4361629 4294901760
4.1881971 4.1736016 -3.4233446 4294901760
6.1726794 5.5774417 -3.4066112 4294901760
7.3435626 7.3179703 -3.3805792 4294901760
9.4889927 8.5739594 -3.3566127 4294901760
10.271016 10.235223 -3.329128 4294901760
13.686996 11.202671 -3.3111737 4294901760
15.777289 15.722306 -3.3239076 4294901760
14.704534 13.286561 -3.3246133 4294901760
16.186398 17.788612 -3.380255 4294901760
20.759466 16.991417 -3.1662714 4294901760
2.6690381 2.3939502 -3.4286346 4294901760
4.2089419 4.1636419 -3.4241581 4294901760
6.1872401 5.5495443 -3.4031851 4294901760
7.3731432 7.2937875 -3.3788424 4294901760
9.5173988 8.5364761 -3.3532255 4294901760
10.305632 10.194714 -3.3254135 4294901760
13.718687 11.1449 -3.306145 4294901760
15.883031 15.712085 -3.3235784 4294901760
14.776874 13.253877 -3.3226228 4294901760
16.254181 17.732113 -3.3750744 4294901760
20.833994 16.925293 -3.1610489 4294901760
2.6827929 2.3894408 -3.4312167 4294901760
4.2207031 4.1462235 -3.4218032 4294901760
6.2065749 5.5279117 -3.4013929 4294901760
7.4013805 7.2707744 -3.3772154 4294901760
9.5589924 8.5137568 -3.3524325 4294901760
10.349669 10.167036 -3.3235614 4294901760
13.760608 11.099442 -3.3026943 4294901760
16.031719 15.74882 -3.327889 4294901760
14.849845 13.226076 -3.3211439 4294901760
16.332228 17.692862 -3.3714781 4294901760
20.899166 16.857473 -3.1556964 4294901760
2.685271 2.3757272 -3.4271274 4294901760
4.2344284 4.1322055 -3.4205897 4294901760
6.2248712 5.5073009 -3.3996911 4294901760
7.4282775 7.2489519 -3.375699 4294901760
9.5693407 8.4662371 -3.3468707 4294901760
10.383325 10.132662 -3.3205855 4294901760
13.79423 11.051261 -3.2987442 4294901760
16.103844 15.715082 -3.3252113 4294901760
14.908548 13.18997 -3.3186235 4294901760
16.401678 17.650305 -3.3676016 4294901760
20.967417 16.798067 -3.1510425 4294901760
2.6962709 2.3687329 -3.428031 4294901760
4.2460604 4.1147199 -3.4182377 4294901760
6.2470031 5.4881287 -3.3986685 4294901760
7.4563727 7.2257304 -3.374069 4294901760
9.6167192 8.4484978 -3.3470526 4294901760
10.412918 10.090823 -3.3166039 4294901760
13.829603 11.000567 -3.2946076 4294901760
16.161465 15.661553 -3.3206282 4294901760
14.957494 13.140485 -3.3146434 4294901760
16.479549 17.610437 -3.3639863 4294901760
21.016548 16.717323 -3.1446636 4294901760
2.7076662 2.3612177 -3.428894 4294901760
4.2583356 4.0964599 -3.4158237 4294901760
6.2729874 5.4703522 -3.3983233 4294901760
7.4771085 7.1928744 -3.3704951 4294901760
9.6386452 8.4053717 -3.3426917 4294901760
10.44983 10.052591 -3.3133168 4294901760
13.879205 10.957211 -3.2916565 4294901760
16.227381 15.610516 -3.316349 4294901760
15.029591 13.10654 -3.3126082 4294901760
16.39612 17.39307 -3.3443124 4294901760
21.087076 16.647606 -3.1392262 4294901760
2.7213736 2.356497 -3.431469 4294901760
4.2781801 4.0868907 -3.4166934 4294901760
6.2950106 5.4509873 -3.3972974 4294901760
7.502172 7.1667285 -3.3682549 4294901760
9.6739292 8.3768673 -3.3409114 4294901760
10.481983 10.013304 -3.3097634 4294901760
13.911102 10.903781 -3.2871804 4294901760
16.290432 15.56204 -3.3123076 4294901760
15.075253 13.053992 -3.3083122 4294901760
16.456739 17.335728 -3.3391523 4294901760
21.145063 16.573895 -3.1334651 4294901760
2.7291725 2.3474603 -3.4307325 4294901760
4.2889147 4.0700312 -3.4144082 4294901760
6.3100777 5.4275265 -3.3948276 4294901760
7.5230274 7.139092 -3.3655186 4294901760
9.6986456 8.3421564 -3.3378067 4294901760
10.520898 9.9839668 -3.3076346 4294901760
13.95661 10.864931 -3.2846055 4294901760
16.362206 15.527166 -3.3095956 4294901760
15.130545 13.01433 -3.3054602 4294901760
16.657541 17.431131 -3.3478448 4294901760
21.212509 16.513498 -3.128803 4294901760
2.7294877 2.3303792 -3.4249001 4294901760
4.3038049 4.0542827 -3.4130678 4294901760
6.332912 5.4069071 -3.3937111 4294901760
7.5491452 7.1114683 -3.3631678 4294901760
9.7291574 8.30655 -3.3349144 4294901760
10.569003 9.9562435 -3.306031 4294901760
14.002645 10.818572 -3.2813075 4294901760
16.44515 15.49171 -3.3069274 4294901760
15.184211 12.963961 -3.3015604 4294901760
16.765615 17.41597 -3.3465474 4294901760
21.266575 16.430752 -3.1223531 4294901760
2.7454946 2.3283501 -3.4291825 4294901760
4.3200369 4.0426216 -3.412926 4294901760
6.3478155 5.3833418 -3.3912439 4294901760
7.5871139 7.0999002 -3.3640754 4294901760
9.74757 8.2665453 -3.3308439 4294901760
10.622286 9.9401655 -3.3059957 4294901760
14.04476 10.77693 -3.2783871 4294901760
16.502254 15.442547 -3.3028369 4294901760
15.239277 12.923854 -3.2986989 4294901760
16.809381 17.345947 -3.3402903 4294901760
21.349453 16.382021 -3.1186888 4294901760
2.7508328 2.3164165 -3.4267366 4294901760
4.3256583 4.01965 -3.4084406 4294901760
6.3695688 5.3636751 -3.3902164 4294901760
7.6176434 7.078752 -3.3630445 4294901760
9.7885084 8.2426901 -3.3300297 4294901760
10.671488 9.9165592 -3.3049526 4294901760
14.088633 10.732661 -3.2752748 4294901760
16.538527 15.368549 -3.296339 4294901760
15.308699 12.891121 -3.296834 4294901760
16.814075 17.230024 -3.3298976 4294901760
21.40016 16.302553 -3.1125295 4294901760
2.7561202 2.3044753 -3.4242923 4294901760
4.3424931 4.0071387 -3.4082351 4294901760
6.3822331 5.3363776 -3.3868992 4294901760
7.6452107 7.0548005 -3.3614058 4294901760
9.8385277 8.2262897 -3.3306596 4294901760
10.714805 9.8873405 -3.3030646 4294901760
14.119655 10.678616 -3.2708101 4294901760
16.515825 15.240371 -3.2844703 4294901760
15.3536 12.837608 -3.2925289 4294901760
16.988827 17.287964 -3.3352768 4294901760
21.441008 16.215714 -3.1057811 4294901760
2.7641482 2.2948399 -3.4235196 4294901760
4.3621345 3.99716 -3.4090958 4294901760
6.4008231 5.3140655 -3.3851099 4294901760
7.6756186 7.0334086 -3.3603697 4294901760
9.8641329 8.1893597 -3.3274193 4294901760
10.734593 9.8364429 -3.2978308 4294901760
14.163217 10.634043 -3.2676983 4294901760
16.607172 15.217669 -3.2831087 4294901760
15.407523 12.791571 -3.2891324 4294901760
17.071537 17.251251 -3.3320994 4294901760
21.484711 16.131176 -3.099241 4294901760
2.7689457 2.283355 -3.4211171 4294901760
4.3753648 3.9826729 -3.4078834 4294901760
6.4123573 5.2878208 -3.3818886 4294901760
7.6930537 7.0025969 -3.3570294 4294901760
9.8912334 8.1566057 -3.324801 4294901760
10.749506 9.78473 -3.2923458 4294901760
14.204787 10.591783 -3.2647748 4294901760
16.698853 15.200119 -3.2822368 4294901760
15.452929 12.742947 -3.2853446 4294901760
17.117378 17.183237 -3.3260956 4294901760
21.525278 16.050297 -3.0929983 4294901760
2.7825086 2.2782695 -3.4236822 4294901760
4.3835244 3.9622114 -3.4044747 4294901760
6.4338102 5.2678919 -3.3808627 4294901760
7.7115846 6.9704018 -3.3535807 4294901760
9.9104338 8.1144905 -3.3206034 4294901760
10.786544 9.7498178 -3.2896268 4294901760
14.260878 10.556354 -3.2630019 4294901760
16.80509 15.189903 -3.2821651 4294901760
15.518907 12.70661 -3.2831471 4294901760
17.05286 16.999384 -3.3096187 4294901760
21.626104 16.008327 -3.0900075 4294901760
2.7988834 2.2754028 -3.4279118 4294901760
4.4030623 3.9520304 -3.4053314 4294901760
6.4552031 5.2478738 -3.3798356 4294901760
7.7329288 6.9407988 -3.3507371 4294901760
9.926384 8.0698328 -3.315932 4294901760
10.823472 9.7147589 -3.2869062 4294901760
14.29443 10.504148 -3.2588785 4294901760
16.863953 15.136477 -3.2778113 4294901760
15.566262 12.654873 -3.2791378 4294901760
17.268129 17.094206 -3.3184206 4294901760
21.701162 15.946925 -3.0854335 4294901760
2.8015616 2.2605765 -3.4237652 4294901760
4.4203935 3.9384296 -3.4050565 4294901760
6.4713421 5.2217178 -3.3772011 4294901760
7.7583151 6.9124112 -3.3483849 4294901760
9.9744215 8.0483484 -3.3159211 4294901760
10.861975 9.6776724 -3.2840281 4294901760
14.345705 10.461074 -3.2562387 4294901760
16.928253 15.082533 -3.2734756 4294901760
15.621847 12.605248 -3.275512 4294901760
17.342051 17.041998 -3.3139265 4294901760
21.749781 15.860223 -3.0788164 4294901760
2.8090432 2.2512732 -3.4230309 4294901760
4.4305458 3.921195 -3.4027801 4294901760
6.4978051 5.2075863 -3.3777788 4294901760
7.7752771 6.8814049 -3.3450565 4294901760
10.016541 8.0276337 -3.3156979 4294901760
10.896987 9.6442327 -3.281462 4294901760
14.373868 10.40877 -3.2519751 4294901760
16.972202 15.021021 -3.2683043 4294901760
15.663565 12.553372 -3.2714176 4294901760
17.352772 16.939775 -3.3048925 4294901760
21.763451 15.759901 -3.0710392 4294901760
2.8197205 2.2437119 -3.4239235 4294901760
4.4384189 3.9006209 -3.3993793 4294901760
6.5128736 5.1824327 -3.3752348 4294901760
7.8051867 6.8594418 -3.3440173 4294901760
10.041393 7.9901514 -3.3124659 4294901760
10.951494 9.6245155 -3.2812138 4294901760
14.403643 10.353887 -3.2475281 4294901760
17.030523 14.966956 -3.2639461 4294901760
15.726005 12.513518 -3.2688956 4294901760
17.434721 16.901331 -3.3016725 4294901760
21.847509 15.704821 -3.0670457 4294901760
2.8275349 2.2338557 -3.4231505 4294901760
4.4520063 3.8851047 -3.3981061 4294901760
6.527844 5.1572351 -3.3726931 4294901760
7.8439708 6.8451495 -3.34477 4294901760
10.069221 7.9550529 -3.3097134 4294901760
10.994011 9.5940752 -3.2793074 4294901760
14.442937 10.305861 -3.2440803 4294901760
17.085665 14.910042 -3.2593234 4294901760
15.782098 12.468434 -3.2657714 4294901760
17.507988 16.854214 -3.2976856 4294901760
21.908693 15.633105 -3.061697 4294901760
2.8385568 2.2257137 -3.4240026 4294901760
4.4633064 3.8662388 -3.3957083 4294901760
6.5467038 5.1332736 -3.37082 4294901760
7.8719974 6.8189406 -3.3430126 4294901760
10.101436 7.9205403 -3.3072994 4294901760
11.038122 9.5615253 -3.2772391 4294901760
14.503369 10.268963 -3.242425 4294901760
17.143221 14.849931 -3.2544553 4294901760
15.827695 12.410503 -3.2612426 4294901760
17.60428 16.823021 -3.2951789 4294901760
21.962587 15.550386 -3.0554886 4294901760
2.8402021 2.2118328 -3.4199426 4294901760
4.4819431 3.8564401 -3.396621 4294901760
6.5667872 5.1139445 -3.3698804 4294901760
7.9005589 6.7979517 -3.3420746 4294901760
10.124516 7.8845582 -3.3042107 4294901760
11.0758 9.5300541 -3.2750711 4294901760
14.54386 10.225388 -3.2394912 4294901760
17.204473 14.803405 -3.2508566 4294901760
15.875057 12.362844 -3.2577372 4294901760
17.665764 16.770042 -3.2906835 4294901760
22.02384 15.484355 -3.0506182 4294901760
2.8479052 2.201906 -3.4191713 4294901760
4.4983048 3.8432741 -3.3964074 4294901760
6.5876994 5.0933909 -3.3688509 4294901760
7.9302502 6.7754688 -3.3410223 4294901760
10.151976 7.8491712 -3.3014615 4294901760
11.105973 9.4887524 -3.2715161 4294901760
14.572933 10.170004 -3.2350531 4294901760
17.289412 14.771775 -3.2488267 4294901760
15.921267 12.309795 -3.2537205 4294901760
17.738714 16.72197 -3.2866685 4294901760
22.090851 15.416528 -3.04565 4294901760
2.8469474 2.1853285 -3.4134169 4294901760
4.5087571 3.8250561 -3.3940752 4294901760
6.5992169 5.0655861 -3.365562 4294901760
7.9568682 6.7503004 -3.3393717 4294901760
10.176167 7.8112669 -3.2982402 4294901760
11.151162 9.4602165 -3.2700045 4294901760
14.614893 10.123602 -3.2319312 4294901760
17.316532 14.690679 -3.2418606 4294901760
15.979954 12.266278 -3.2508769 4294901760
17.802809 16.6654 -3.2819018 4294901760
22.177362 15.362055 -3.0418084 4294901760
2.8689735 2.1863661 -3.4209509 4294901760
4.5191326 3.8068159 -3.3917451 4294901760
6.623095 5.0472794 -3.3652856 4294901760
7.9803782 6.7224913 -3.3371267 4294901760
10.212833 7.7829204 -3.2969112 4294901760
11.187152 9.4238043 -3.2672658 4294901760
14.676391 10.090589 -3.2307711 4294901760
17.367697 14.630157 -3.236975 4294901760
16.035347 12.220099 -3.2477355 4294901760
17.849169 16.592297 -3.2756526 4294901760
2.870049 2.1729631 -3.4169366 4294901760
4.5340266 3.7950687 -3.3916578 4294901760
6.6389227 5.0264416 -3.3636816 4294901760
8.0075245 6.7024541 -3.3362927 4294901760
10.249894 7.7603703 -3.2963243 4294901760
11.244156 9.4115772 -3.2680929 4294901760
14.708025 10.044419 -3.2273676 4294901760
17.410522 14.572946 -3.2323198 4294901760
16.060955 12.160024 -3.2426856 4294901760
17.880693 16.517166 -3.2691963 4294901760
2.877615 2.1629338 -3.4161668 4294901760
4.5561309 3.7866082 -3.3935559 4294901760
6.656424 5.003242 -3.3619013 4294901760
8.0247879 6.669415 -3.3328624 4294901760
10.273742 7.7221675 -3.2931046 4294901760
11.286108 9.3799038 -3.2661572 4294901760
14.736397 9.9885597 -3.2229395 4294901760
17.479687 14.527398 -3.228976 4294901760
16.08736 12.091922 -3.2369242 4294901760
17.938229 16.454662 -3.2639453 4294901760
2.8822429 2.1507072 -3.4137392 4294901760
4.5604091 3.7633252 -3.3891151 4294901760
6.6801372 4.9846668 -3.3616202 4294901760
8.0388756 6.6338129 -3.3288438 4294901760
10.306998 7.6910024 -3.2912967 4294901760
11.327987 9.3480425 -3.2642167 4294901760
14.777785 9.9415007 -3.2198141 4294901760
17.511829 14.451052 -3.2225561 4294901760
16.135864 12.040458 -3.233202 4294901760
17.954245 16.354307 -3.2552729 4294901760
2.893019 2.1422865 -3.4145899 4294901760
4.5711904 3.7441449 -3.3867264 4294901760
6.6952085 4.9578156 -3.3590019 4294901760
8.0631332 6.6043062 -3.3264921 4294901760
10.341495 7.6578979 -3.2893498 4294901760
11.36217 9.3064623 -3.2609024 4294901760
14.810809 9.8850622 -3.2155287 4294901760
17.580107 14.399416 -3.2187057 4294901760
16.211926 12.004964 -3.2315767 4294901760
18.043674 16.315168 -3.252207 4294901760
2.8942671 2.1283853 -3.4105463 4294901760
4.5895586 3.7338262 -3.3876278 4294901760
6.7084541 4.9332614 -3.3565638 4294901760
8.0972567 6.5875063 -3.3267241 4294901760
10.376424 7.6306119 -3.2881434 4294901760
11.426908 9.2963371 -3.2623401 4294901760
14.86343 9.8490887 -3.2138839 4294901760
17.643244 14.353625 -3.2153358 4294901760
16.248436 11.948771 -3.227196 4294901760
18.103621 16.260574 -3.2477083 4294901760
2.9075353 2.1225436 -3.4130912 4294901760
4.6055617 3.7202024 -3.3874102 4294901760
6.7319708 4.9144378 -3.3562806 4294901760
8.1171284 6.5567164 -3.3238931 4294901760
10.419023 7.60604 -3.2877305 4294901760
11.480947 9.2738848 -3.2619927 4294901760
14.901049 9.7993307 -3.2104335 4294901760
17.711866 14.306992 -3.2119682 4294901760
16.312592 11.908432 -3.2249033 4294901760
18.148359 16.186649 -3.2414942 4294901760
2.9178617 2.1145091 -3.4139786 4294901760
4.6275334 3.711334 -3.3892961 4294901760
6.7459073 4.8886085 -3.3537567 4294901760
8.1368818 6.5258713 -3.3210647 4294901760
10.448721 7.5719547 -3.2854452 4294901760
11.525657 9.2437067 -3.2604303 4294901760
14.941832 9.7516127 -3.2073054 4294901760
17.774147 14.255066 -3.2080884 4294901760
16.325003 11.830364 -3.2180161 4294901760
18.213709 16.131142 -3.2369747 4294901760
2.9252245 2.1043117 -3.4132104 4294901760
4.6374454 3.6927595 -3.3869717 4294901760
6.7692981 4.8696141 -3.3534715 4294901760
8.1596107 6.4974303 -3.3188264 4294901760
10.468645 7.5308046 -3.2817636 4294901760
11.560962 9.2058973 -3.2576602 4294901760
14.982466 9.7037306 -3.2041771 4294901760
17.820675 14.190454 -3.2029476 4294901760
16.405033 11.80125 -3.2171471 4294901760
18.248922 16.049017 -3.230051 4294901760
2.9325523 2.0940871 -3.4124424 4294901760
4.6472874 3.6741595 -3.3846493 4294901760
6.7766795 4.8391147 -3.3494611 4294901760
8.1853437 6.4713573 -3.3171749 4294901760
10.491641 7.4919071 -3.2785509 4294901760
11.586789 9.1605511 -3.2536902 4294901760
15.01625 9.65137 -3.2004087 4294901760
17.866974 14.125684 -3.1978099 4294901760
16.449373 11.746225 -3.2131259 4294901760
18.307842 15.987841 -3.2250535 4294901760
2.9487169 2.0901279 -3.4166336 4294901760
4.6661434 3.662673 -3.3854785 4294901760
6.7871289 4.810895 -3.3462005 4294901760
8.2047729 6.4403076 -3.314352 4294901760
10.520965 7.4575357 -3.2762697 4294901760
11.621821 9.122508 -3.2509217 4294901760
15.063276 9.6074629 -3.1979179 4294901760
17.897337 14.048451 -3.1914291 4294901760
16.477264 11.679518 -3.2076859 4294901760
18.342424 15.905534 -3.2181494 4294901760
2.9500656 2.0756495 -3.4125605 4294901760
4.6819391 3.6487291 -3.3852561 4294901760
6.8135061 4.7939444 -3.3466585 4294901760
8.2272053 6.4116259 -3.3121159 4294901760
10.543689 7.4184799 -3.2730622 4294901760
11.669281 9.0941048 -3.2497451 4294901760
15.120279 9.5697289 -3.1963761 4294901760
17.958858 13.995699 -3.1875463 4294901760
16.527718 11.628808 -3.204237 4294901760
18.406914 15.849221 -3.2136326 4294901760
2.9602644 2.0674152 -3.4134445 4294901760
4.6946459 3.6323647 -3.3839843 4294901760
6.8334131 4.7723784 -3.345629 4294901760
8.255785 6.3877068 -3.3110492 4294901760
10.559758 7.3748155 -3.2689338 4294901760
11.716679 9.065486 -3.2485619 4294901760
15.156964 9.5190134 -3.1929247 4294901760
18.007599 13.932929 -3.1826684 4294901760
16.551863 11.559633 -3.1985276 4294901760
18.474258 15.79525 -3.2093489 4294901760
2.9555464 2.0488071 -3.406075 4294901760
4.7072983 3.6159539 -3.3827128 4294901760
6.8435841 4.7440248 -3.3423748 4294901760
8.2843037 6.3636632 -3.3099799 4294901760
10.598484 7.3469496 -3.2680411 4294901760
11.741948 9.0196838 -3.2445962 4294901760
15.179961 9.4597225 -3.1882098 4294901760
18.113091 13.913735 -3.1822367 4294901760
16.605223 11.510866 -3.1953619 4294901760
18.520157 15.722913 -3.2034094 4294901760
2.9742684 2.0472176 -3.4119484 4294901760
4.7192626 3.6003251 -3.381506 4294901760
6.8657393 4.7257543 -3.3421752 4294901760
8.2927904 6.3265696 -3.3055263 4294901760
10.635861 7.320766 -3.2672811 4294901760
11.774953 8.9831114 -3.2419808 4294901760
15.221407 9.4156218 -3.1855829 4294901760
18.140093 13.839076 -3.1761153 4294901760
16.640017 11.453484 -3.1910043 4294901760
18.578293 15.666561 -3.1989129 4294901760
2.981396 2.0368235 -3.4111819 4294901760
4.7348709 3.5861566 -3.3812814 4294901760
6.8757148 4.6973357 -3.3389268 4294901760
8.327425 6.3071303 -3.3056204 4294901760
10.671178 7.2903118 -3.2659192 4294901760
11.803066 8.9395552 -3.2384174 4294901760
15.250783 9.3603506 -3.1815083 4294901760
18.194647 13.780492 -3.1717243 4294901760
16.683184 11.39758 -3.186996 4294901760
18.617561 15.588805 -3.1925144 4294901760
2.9854877 2.0243688 -3.4087677 4294901760
4.7442827 3.5672908 -3.3789663 4294901760
6.8985639 4.6777067 -3.3386376 4294901760
8.3493919 6.2780213 -3.3033862 4294901760
10.712983 7.2641492 -3.2654712 4294901760
11.83738 8.9006872 -3.2356443 4294901760
15.283365 9.3070545 -3.1777515 4294901760
18.255402 13.726485 -3.1678202 4294901760
16.749268 11.357169 -3.1849411 4294901760
18.662659 15.516063 -3.1865923 4294901760
2.9835141 2.0078621 -3.4030604 4294901760
4.7659669 3.5576198 -3.3808296 4294901760
6.9181061 4.655786 -3.3376083 4294901760
8.3680897 6.2464724 -3.3005733 4294901760
10.734986 7.2244916 -3.2622688 4294901760
11.874753 8.864068 -3.2332644 4294901760
15.339626 9.2680626 -3.1761873 4294901760
18.19129 13.579132 -3.154413 4294901760
16.778893 11.291953 -3.179816 4294901760
18.769043 15.494019 -3.1853232 4294901760
2.9965332 2.0014632 -3.405592 4294901760
4.7690716 3.5340827 -3.3764293 4294901760
6.9310527 4.6294322 -3.3351047 4294901760
8.389842 6.217226 -3.2983425 4294901760
10.793134 7.2090173 -3.2640991 4294901760
11.915206 8.829669 -3.2312753 4294901760
15.388963 9.2247019 -3.1739912 4294901760
18.328344 13.582074 -3.1563592 4294901760
16.824833 11.237748 -3.1760859 4294901760
18.832272 15.436005 -3.1807871 4294901760
3.0095444 1.9949977 -3.4081211 4294901760
4.7844806 3.5196974 -3.376204 4294901760
6.9471693 4.6052113 -3.3333402 4294901760
8.4210434 6.1949306 -3.297847 4294901760
10.821538 7.1734924 -3.2618077 4294901760
11.968378 8.8045235 -3.2308481 4294901760
15.41422 9.1668606 -3.1696126 4294901760
18.385281 13.52511 -3.1522136 4294901760
16.863955 11.178952 -3.1718028 4294901760
18.861267 15.350019 -3.1737106 4294901760
3.0164893 1.984481 -3.4073572 4294901760
4.8060689 3.5097909 -3.3780613 4294901760
6.9566474 4.576623 -3.330106 4294901760
8.4521914 6.172492 -3.2973478 4294901760
10.846511 7.1356773 -3.2590609 4294901760
12.011885 8.7720766 -3.2292392 4294901760
15.432402 9.104907 -3.1646199 4294901760
18.387266 13.427909 -3.1439683 4294901760
16.892879 11.113448 -3.1666956 4294901760
18.933359 15.299147 -3.1698668 4294901760
3.0210512 1.9709024 -3.4048731 4294901760
4.8226304 3.4935696 -3.3777056 4294901760
6.9774551 4.5520191 -3.3289039 4294901760
8.4758301 6.1399903 -3.2948918 4294901760
10.887124 7.1026468 -3.2578599 4294901760
12.051921 8.7305517 -3.2265282 4294901760
15.463813 9.0435696 -3.1601911 4294901760
18.471006 13.380611 -3.1410265 4294901760
16.955463 11.061568 -3.1636412 4294901760
18.926563 15.173893 -3.1593122 4294901760
3.0333135 1.9653435 -3.4074745 4294901760
4.8398356 3.4829006 -3.3786428 4294901760
7.0015979 4.5364733 -3.3295212 4294901760
8.495079 6.1133308 -3.2928836 4294901760
10.906055 7.0662479 -3.2549343 4294901760
12.088975 8.6996136 -3.224839 4294901760
15.505926 9.0029383 -3.1580584 4294901760
18.509714 13.320183 -3.1364107 4294901760
17.000174 11.014747 -3.1606135 4294901760
19.080303 15.198917 -3.16238 4294901760
3.0493028 1.9606255 -3.4116399 4294901760
4.851963 3.465986 -3.3773725 4294901760
7.0173898 4.5120063 -3.32776 4294901760
8.5131493 6.0813437 -3.2900789 4294901760
10.944004 7.0367217 -3.254003 4294901760
12.135448 8.6689224 -3.2236054 4294901760
15.537257 8.948761 -3.1543179 4294901760
18.565838 13.262453 -3.1322675 4294901760
17.035162 10.953183 -3.1560645 4294901760
19.161417 15.154512 -3.1591918 4294901760
3.0377917 1.938269 -3.4010227 4294901760
4.8640332 3.4490273 -3.3761024 4294901760
7.0330982 4.4874821 -3.326 4294901760
8.5246544 6.0447297 -3.2861292 4294901760
10.975192 7.0027432 -3.2521625 4294901760
12.17537 8.6334076 -3.2215905 4294901760
15.561487 8.8905163 -3.1499665 4294901760
18.605513 13.192945 -3.1269331 4294901760
17.073294 10.893649 -3.1517923 4294901760
19.195366 15.072738 -3.1525946 4294901760
3.047601 1.9295949 -3.4019048 4294901760
4.8602915 3.4209452 -3.3696463 4294901760
7.0520301 4.4650073 -3.3249733 4294901760
8.5392351 6.0103917 -3.2827594 4294901760
10.989508 6.9580297 -3.2480652 4294901760
12.202174 8.5885735 -3.2180283 4294901760
15.609743 8.8459711 -3.1477659 4294901760
18.671021 13.141709 -3.1235006 4294901760
17.104471 10.829732 -3.1469815 4294901760
19.244703 15.003201 -3.1471386 4294901760
3.0573881 1.9208727 -3.4027855 4294901760
4.8848338 3.412782 -3.3725288 4294901760
7.0609322 4.4361892 -3.3217545 4294901760
8.5666437 5.9850726 -3.2816827 4294901760
11.01373 6.9196239 -3.2453256 4294901760
12.235341 8.5482025 -3.21524 4294901760
15.67872 8.812891 -3.1473911 4294901760
18.726597 13.083308 -3.1193519 4294901760
17.148926 10.774198 -3.1432583 4294901760
19.306431 14.943256 -3.1425836 4294901760
3.0545135 1.9049675 -3.3971441 4294901760
4.8961253 3.3965631 -3.3713255 4294901760
7.0822611 4.4168992 -3.3215463 4294901760
8.5831985 5.9543767 -3.279001 4294901760
11.046719 6.889359 -3.2440736 4294901760
12.283229 8.5211792 -3.2145333 4294901760
15.711336 8.762785 -3.1441443 4294901760
18.769882 13.021132 -3.1147385 4294901760
17.218391 10.738363 -3.1419067 4294901760
19.330564 14.859684 -3.1358254 4294901760
3.0642273 1.8962002 -3.398026 4294901760
4.9111247 3.3816347 -3.3710945 4294901760
7.0943017 4.3900843 -3.3190622 4294901760
8.6039314 5.9243765 -3.2767816 4294901760
11.063952 6.8465772 -3.2404382 4294901760
12.293247 8.4647141 -3.2090547 4294901760
15.727891 8.7001734 -3.139194 4294901760
18.828367 12.964578 -3.1108222 4294901760
17.26255 10.682384 -3.1381772 4294901760
19.375975 14.787268 -3.1301596 4294901760
3.0708265 1.8854947 -3.397269 4294901760
4.9197168 3.3623011 -3.3687947 4294901760
7.1095805 4.3652987 -3.3173096 4294901760
8.6245556 5.8943133 -3.2745643 4294901760
11.094543 6.8120751 -3.238601 4294901760
12.339131 8.4329805 -3.2078013 4294901760
15.775618 8.654809 -3.1369805 4294901760
18.866913 12.894287 -3.1055033 4294901760
17.265755 10.601214 -3.1312318 4294901760
19.456097 14.741253 -3.1269443 4294901760
3.07739 1.8747634 -3.3965125 4294901760
4.928237 3.3429444 -3.366497 4294901760
7.1247759 4.3404541 -3.315558 4294901760
8.6516228 5.8686085 -3.2734857 4294901760
11.135201 6.783627 -3.2381034 4294901760
12.375078 8.3943195 -3.2053945 4294901760
15.826726 8.6111059 -3.1350639 4294901760
18.91181 12.828346 -3.1006546 4294901760
17.282228 10.528432 -3.1253746 4294901760
19.520201 14.682841 -3.1226082 4294901760
3.0870175 1.8658859 -3.3973935 4294901760
4.9398756 3.3257222 -3.3652344 4294901760
7.1432385 4.3175874 -3.3145347 4294901760
8.6720543 5.8383746 -3.2712693 4294901760
11.162206 6.7467709 -3.2358148 4294901760
12.414199 8.3577366 -3.2033679 4294901760
15.87421 8.5652666 -3.1328404 4294901760
18.979641 12.777856 -3.0974319 4294901760
17.312048 10.463921 -3.1205971 4294901760
19.536148 14.588345 -3.1149628 4294901760
3.1059487 1.8625555 -3.4031816 4294901760
4.9546576 3.3105969 -3.3650045 4294901760
7.1649952 4.2966585 -3.3142364 4294901760
8.6858091 5.8036728 -3.2679198 4294901760
11.195898 6.7138848 -3.2344177 4294901760
12.453221 8.3209772 -3.2013383 4294901760
15.921575 8.5191946 -3.1306121 4294901760
19.044039 12.724822 -3.0939691 4294901760
17.399757 10.434175 -3.1203411 4294901760
19.61261 14.539075 -3.1115093 4294901760
3.0968537 1.8424339 -3.3942468 4294901760
4.9726048 3.297538 -3.3658047 4294901760
7.1866927 4.2756319 -3.3139365 4294901760
8.7126045 5.7776856 -3.2668407 4294901760
11.229498 6.6808476 -3.2330179 4294901760
12.482192 8.2774534 -3.1981671 4294901760
15.96177 8.469162 -3.1277804 4294901760
19.088345 12.658264 -3.0891194 4294901760
17.429224 10.369296 -3.1155632 4294901760
19.682535 14.484717 -3.1076076 4294901760
3.1126323 1.8371412 -3.3983965 4294901760
4.974432 3.2738092 -3.3614519 4294901760
7.2015734 4.2505202 -3.312187 4294901760
8.7261143 5.7428937 -3.2634981 4294901760
11.259583 6.6456437 -3.2311718 4294901760
12.520974 8.2403946 -3.1961346 4294901760
15.973611 8.4041233 -3.1225584 4294901760
19.149078 12.60253 -3.0854197 4294901760
17.458447 10.304343 -3.1107924 4294901760
19.726528 14.411217 -3.1019564 4294901760
4.9826045 3.2543175 -3.3591635 4294901760
7.2163668 4.2253547 -3.3104391 4294901760
8.7427998 5.7102356 -3.2607245 4294901760
11.286139 6.6083031 -3.2288821 4294901760
12.556323 8.200984 -3.1937211 4294901760
15.971073 8.3317327 -3.1161568 4294901760
19.182932 12.529058 -3.0798879 4294901760
17.487429 10.239306 -3.1060288 4294901760
19.792875 14.353986 -3.0978296 4294901760
4.9944983 3.2360342 -3.3578434 4294901760
7.2284126 4.196909 -3.307883 4294901760
8.76367 5.6781545 -3.2584083 4294901760
11.313713 6.5688868 -3.2264566 4294901760
12.589633 8.1570721 -3.1907713 4294901760
16.054569 8.3005791 -3.1167181 4294901760
19.245466 12.469517 -3.0759428 4294901760
17.535183 10.181151 -3.1023722 4294901760
19.825907 14.267358 -3.0910604 4294901760
5.0052009 3.2194552 -3.3566499 4294901760
7.2490869 4.1768336 -3.3076696 4294901760
8.7824488 5.6490641 -3.2563143 4294901760
11.345748 6.5372791 -3.2251878 4294901760
12.623302 8.119585 -3.1885154 4294901760
16.08909 8.2509327 -3.11378 4294901760
19.3102 12.420744 -3.0729308 4294901760
17.586117 10.132902 -3.0996609 4294901760
19.892595 14.215465 -3.0874081 4294901760
5.0131626 3.1998901 -3.3543675 4294901760
7.2704329 4.1553946 -3.3073668 4294901760
8.7954531 5.6141171 -3.2529869 4294901760
11.368499 6.4976315 -3.2224581 4294901760
12.651569 8.0754681 -3.185349 4294901760
16.092943 8.1820812 -3.1079969 4294901760
19.383715 12.37258 -3.0701191 4294901760
17.638687 10.08134 -3.0967329 4294901760
19.981167 14.173647 -3.084774 4294901760
5.0308099 3.1864948 -3.3551662 4294901760
7.2780695 4.1261234 -3.3041835 4294901760
8.8250122 5.5897274 -3.2524717 4294901760
11.401465 6.4637814 -3.2210507 4294901760
12.676321 8.02913 -3.1818109 4294901760
16.135632 8.1330309 -3.1054711 4294901760
19.42341 12.30271 -3.0650473 4294901760
17.649492 10.005948 -3.0906839 4294901760
20.037046 14.108415 -3.0799878 4294901760
5.0413485 3.1697958 -3.3539748 4294901760
7.2985487 4.1058135 -3.3039682 4294901760
8.8434992 5.5604339 -3.2503815 4294901760
11.433211 6.4317765 -3.2197771 4294901760
12.706242 7.9891701 -3.1791823 4294901760
16.144699 8.0705776 -3.1004834 4294901760
19.491123 12.255229 -3.0622406 4294901760
17.679102 9.9454155 -3.0864153 4294901760
20.096806 14.051044 -3.0758874 4294901760
5.0589185 3.156255 -3.3547704 4294901760
7.3059869 4.0764875 -3.300791 4294901760
8.8729162 5.5358047 -3.249862 4294901760
11.455594 6.3918247 -3.2170503 4294901760
12.737428 7.9468703 -3.1763961 4294901760
16.172773 8.0141687 -3.0967879 4294901760
19.571024 12.210345 -3.0598512 4294901760
17.731119 9.8933506 -3.0834897 4294901760
20.175247 14.001288 -3.072582 4294901760
5.0731797 3.1406057 -3.3545401 4294901760
7.3373299 4.0604577 -3.3026409 4294901760
8.9056263 5.5131226 -3.2498987 4294901760
11.467419 6.3460374 -3.2130148 4294901760
12.765088 7.9023628 -3.1732392 4294901760
16.211374 7.9629383 -3.0939736 4294901760
19.620312 12.146162 -3.0554454 4294901760
17.786472 9.8429832 -3.0808177 4294901760
20.266733 13.960219 -3.0701094 4294901760
5.0808301 3.1208606 -3.3522635 4294901760
7.344584 4.031045 -3.299468 4294901760
8.924818 5.4820004 -3.2476976 4294901760
11.524288 6.3250585 -3.2146602 4294901760
12.819707 7.8744059 -3.1730542 4294901760
16.239073 7.9062972 -3.0902843 4294901760
19.672791 12.08386 -3.0512614 4294901760
17.81723 9.7789135 -3.076344 4294901760
20.328522 13.898396 -3.0657251 4294901760
5.0949817 3.1051114 -3.3520339 4294901760
7.3689437 4.0110097 -3.2998796 4294901760
8.9506493 5.4549294 -3.2466133 4294901760
11.556749 6.2904859 -3.213243 4294901760
12.864093 7.8399587 -3.1717474 4294901760
16.270159 7.8512979 -3.0868902 4294901760
19.745516 12.033807 -3.0484018 4294901760
17.851252 9.7166634 -3.0721326 4294901760
20.380213 13.829597 -3.0607102 4294901760
5.1057901 3.0873065 -3.3507822 4294901760
7.3829007 3.9852607 -3.2981427 4294901760
8.9865475 5.4338751 -3.2471964 4294901760
11.58213 6.2519884 -3.2109537 4294901760
12.864158 7.7785411 -3.1656311 4294901760
16.304651 7.7978888 -3.0837886 4294901760
19.794233 11.968934 -3.0439911 4294901760
17.881556 9.6523933 -3.0676703 4294901760
20.458166 13.778437 -3.0573647 4294901760
5.1165352 3.0694661 -3.3495317 4294901760
7.3863931 3.9539142 -3.2942653 4294901760
8.998682 5.3984089 -3.2438843 4294901760
11.61088 6.2152696 -3.2091 4294901760
12.88782 7.7315464 -3.1621118 4294901760
16.33897 7.7443428 -3.0806887 4294901760
19.835892 11.899771 -3.0391433 4294901760
17.925684 9.5955658 -3.0642304 4294901760
20.526049 13.720255 -3.0533853 4294901760
5.1305275 3.0535586 -3.3493021 4294901760
7.4174695 3.9373026 -3.2961013 4294901760
9.0106764 5.3629236 -3.2405775 4294901760
11.621987 6.1691227 -3.2050803 4294901760
12.931815 7.6966853 -3.1608043 4294901760
16.355085 7.6821852 -3.0761492 4294901760
19.897879 11.842708 -3.0356097 4294901760
17.962587 9.5348072 -3.0602837 4294901760
20.593769 13.661766 -3.0493991 4294901760
5.1444736 3.0375884 -3.3490717 4294901760
7.4276996 3.9095585 -3.2936559 4294901760
9.0293436 5.3314352 -3.2383835 4294901760
11.653988 6.134059 -3.2036617 4294901760
12.955181 7.6494722 -3.1572883 4294901760
16.378193 7.6233635 -3.0721936 4294901760
19.949408 11.779259 -3.0314171 4294901760
17.971069 9.4590454 -3.0543203 4294901760
20.651339 13.596375 -3.0447879 4294901760
5.1550446 3.0196133 -3.3478229 4294901760
7.4412999 3.8836086 -3.2919257 4294901760
9.0513077 5.3018837 -3.2367449 4294901760
11.678843 6.0951791 -3.2013788 4294901760
12.97837 7.6021957 -3.1537776 4294901760
16.39747 7.5628142 -3.0679581 4294901760
19.914654 11.665185 -3.0218086 4294901760
18.018112 9.4036379 -3.0511403 4294901760
20.752138 13.559147 -3.0428433 4294901760
5.1655545 3.0015991 -3.3465753 4294901760
7.4513288 3.8558052 -3.2894864 4294901760
9.0697603 5.2702541 -3.2345541 4294901760
11.693003 6.0507245 -3.1978047 4294901760
13.011707 7.5608392 -3.1513669 4294901760
16.431015 7.5088363 -3.064873 4294901760
19.975956 11.607623 -3.0182831 4294901760
18.022505 9.3260231 -3.0449495 4294901760
20.816092 13.497478 -3.0386271 4294901760
5.179338 2.9854717 -3.3463452 4294901760
7.4612532 3.8279796 -3.2870502 4294901760
9.0881033 5.2385607 -3.2323651 4294901760
11.721114 6.0134916 -3.1959565 4294901760
13.034577 7.5133848 -3.1478622 4294901760
16.475269 7.4596453 -3.0626442 4294901760
20.075123 11.571694 -3.017117 4294901760
18.072687 9.2721519 -3.0420251 4294901760
20.856371 13.420409 -3.0329821 4294901760
5.1897254 2.9673779 -3.3450992 4294901760
7.4815598 3.8054729 -3.2867465 4294901760
9.1097612 5.2087736 -3.2307298 4294901760
11.738494 5.9707499 -3.1928213 4294901760
13.074528 7.4757447 -3.1461816 4294901760
16.501202 7.402102 -3.0589926 4294901760
20.111921 11.499581 -3.0120738 4294901760
18.11915 9.2162514 -3.0388491 4294901760
20.913172 13.353984 -3.0283592 4294901760
5.2034039 2.9511433 -3.3448689 4294901760
7.4983006 3.7810979 -3.2857323 4294901760
9.1347656 5.1808395 -3.2296438 4294901760
11.759266 5.9297352 -3.1901186 4294901760
13.090169 7.4241714 -3.1419561 4294901760
16.516024 7.3396001 -3.0544946 4294901760
20.186655 11.448988 -3.0093818 4294901760
18.133415 9.1439676 -3.0334358 4294901760
20.946175 13.27235 -3.0223212 4294901760
5.2069588 2.9291861 -3.3415964 4294901760
7.5044365 3.7513952 -3.2825959 4294901760
9.1665726 5.1566753 -3.229655 4294901760
11.779892 5.8886542 -3.1874192 4294901760
13.129866 7.3862348 -3.1402736 4294901760
16.552475 7.2867212 -3.0517025 4294901760
20.233448 11.38237 -3.0049787 4294901760
18.136694 9.0663576 -3.0272937 4294901760
21.029547 13.222531 -3.019309 4294901760
5.2205157 2.9128678 -3.3413677 4294901760
7.5210013 3.7269166 -3.2815847 4294901760
9.1845179 5.1246438 -3.2274687 4294901760
11.814598 5.8545427 -3.186429 4294901760
13.15557 7.3403544 -3.1371422 4294901760
16.585114 7.2320771 -3.0486279 4294901760
20.286997 11.319445 -3.0009997 4294901760
18.186092 9.0118389 -3.024375 4294901760
21.089125 13.15749 -3.0148809 4294901760
5.2340231 2.8964911 -3.3411388 4294901760
7.5374851 3.7023675 -3.2805743 4294901760
9.1954355 5.0887237 -3.2241902 4294901760
11.831402 5.8115139 -3.1833067 4294901760
13.167196 7.2866826 -3.1325722 4294901760
16.599291 7.1693978 -3.0441506 4294901760
20.340353 11.256284 -2.9970188 4294901760
18.231754 8.9553289 -3.0212076 4294901760
21.145111 13.090094 -3.0102513 4294901760
5.244101 2.8782043 -3.3398981 4294901760
7.5503621 3.6760361 -3.2788591 4294901760
9.2027464 5.0508909 -3.2203708 4294901760
11.855182 5.7719188 -3.1810396 4294901760
13.196035 7.2425919 -3.1298103 4294901760
16.627876 7.1129823 -3.0408039 4294901760
20.372522 11.181378 -2.9917767 4294901760
18.270069 8.8951283 -3.0175488 4294901760
21.207676 13.026652 -3.0060182 4294901760
5.2574997 2.8617213 -3.339669 4294901760
7.563149 3.6496558 -3.2771459 4294901760
9.2203226 5.018734 -3.2181952 4294901760
11.871686 5.7287736 -3.1779251 4294901760
13.224732 7.1983833 -3.1270497 4294901760
16.667273 7.0611067 -3.0382984 4294901760
20.439468 11.125452 -2.9886341 4294901760
18.311783 8.8364925 -3.0141356 4294901760
21.273474 12.965003 -3.0019782 4294901760
5.2538967 2.8360364 -3.3343899 4294901760
7.5829177 3.6266232 -3.2768424 4294901760
9.2516937 4.9940348 -3.2182021 4294901760
11.916665 5.6992908 -3.1782033 4294901760
13.239275 7.1465182 -3.1228595 4294901760
16.684471 6.9998136 -3.0341213 4294901760
20.49222 11.061634 -2.9846509 4294901760
18.356897 8.7794113 -3.0109668 4294901760
21.33909 12.903075 -2.9979336 4294901760
5.280745 2.8267679 -3.3382015 4294901760
7.5919871 3.5984502 -3.2744288 4294901760
9.2690716 4.9617076 -3.2160277 4294901760
11.925731 5.6525574 -3.174247 4294901760
13.264142 7.1002574 -3.1197481 4294901760
16.71616 6.9445829 -3.0310626 4294901760
20.523672 10.986263 -2.9794199 4294901760
18.373022 8.7084446 -3.0058553 4294901760
21.404539 12.840824 -2.9938824 4294901760
5.2939839 2.8101218 -3.3379726 4294901760
7.6045036 3.5719252 -3.2727211 4294901760
9.2898273 4.9311724 -3.2143989 4294901760
11.952574 5.614265 -3.1724079 4294901760
13.316952 7.0688267 -3.1194901 4294901760
16.755035 6.8922467 -3.0285597 4294901760
20.561901 10.914549 -2.9746106 4294901760
18.414139 8.6493378 -3.0024474 4294901760
21.452669 12.768066 -2.9888501 4294901760
5.2969422 2.788038 -3.3347204 4294901760
7.6169243 3.5453603 -3.2710156 4294901760
9.3209724 4.9060807 -3.2143986 4294901760
11.957707 5.5658135 -3.1680436 4294901760
13.345063 7.0241547 -3.1167347 4294901760
16.782679 6.8352242 -3.0252278 4294901760
20.624588 10.855722 -2.9712481 4294901760
18.458673 8.5917416 -2.9992816 4294901760
21.459291 12.670784 -2.9814909 4294901760
5.3090906 2.7731657 -3.3346169 4294901760
7.631587 3.5230553 -3.2701828 4294901760
9.3363409 4.8767715 -3.2124443 4294901760
11.967932 5.5248904 -3.1647961 4294901760
13.36354 6.98035 -3.1135819 4294901760
16.811457 6.7854428 -3.0225348 4294901760
20.672741 10.79826 -2.9677441 4294901760
18.471098 8.5270205 -2.9946051 4294901760
21.540319 12.627523 -2.9791238 4294901760
5.3187375 2.7546177 -3.3333833 4294901760
7.6438365 3.4963961 -3.268481 4294901760
9.3603258 4.8477888 -3.2113569 4294901760
12.001575 5.4896855 -3.1638045 4294901760
13.394887 6.9373212 -3.1111851 4294901760
16.831341 6.725245 -3.0186598 4294901760
20.752827 10.748058 -2.9653933 4294901760
18.518875 8.470788 -2.9916825 4294901760
21.618771 12.572329 -2.9758358 4294901760
5.3317475 2.737793 -3.3331566 4294901760
7.6559958 3.4696908 -3.2667809 4294901760
9.3807077 4.8168888 -3.2097285 4294901760
12.013437 5.4444795 -3.1602981 4294901760
13.419022 6.8905182 -3.1080821 4294901760
16.843605 6.6620522 -3.0142438 4294901760
20.797318 10.679191 -2.9609923 4294901760
18.530176 8.3978605 -2.9863708 4294901760
21.683275 12.508752 -2.9717681 4294901760
5.3447042 2.7209136 -3.3329298 4294901760
7.671639 3.4445536 -3.2657814 4294901760
9.3868961 4.7787371 -3.2059443 4294901760
12.035988 5.4041395 -3.158052 4294901760
13.432359 6.8382249 -3.1039259 4294901760
16.87788 6.6075759 -3.0114768 4294901760
20.852247 10.615586 -2.9572024 4294901760
18.577562 8.3412952 -2.9834507 4294901760
21.764914 12.454799 -2.9686508 4294901760
5.3477635 2.697835 -3.3296299 4294901760
7.691381 3.4195979 -3.2653952 4294901760
9.414937 4.749639 -3.2052894 4294901760
12.048464 5.3567624 -3.1544237 4294901760
13.450232 6.7853608 -3.0999746 4294901760
16.916842 6.5514197 -3.0088031 4294901760
20.898142 10.542677 -2.9525633 4294901760
18.593439 8.2666664 -2.9781897 4294901760
21.834724 12.388727 -2.9644976 4294901760
5.3601246 2.6818109 -3.3294666 4294901760
7.7134461 3.3988197 -3.2658744 4294901760
9.4270992 4.7166247 -3.2026982 4294901760
12.073422 5.3199806 -3.1527331 4294901760
13.476214 6.7425036 -3.0973916 4294901760
16.94591 6.4981403 -3.0059443 4294901760
20.92585 10.469751 -2.9476032 4294901760
18.606155 8.1985359 -2.9733515 4294901760
21.88612 12.322133 -2.9601038 4294901760
5.3699174 2.6621482 -3.3281779 4294901760
7.715065 3.3658218 -3.2620065 4294901760
9.4443226 4.6820436 -3.2004321 4294901760
12.111023 5.2836294 -3.1520233 4294901760
13.51865 6.7019005 -3.0959013 4294901760
16.965887 6.4345779 -3.0019181 4294901760
21.02128 10.421346 -2.9457755 4294901760
18.636076 8.1302891 -2.9690573 4294901760
21.962502 12.259348 -2.9563184 4294901760
5.3787169 2.6443248 -3.3270133 4294901760
7.7189846 3.3371041 -3.2590098 4294901760
9.4739866 4.6576715 -3.2005279 4294901760
12.132122 5.2450104 -3.1499162 4294901760
13.522958 6.6482573 -3.0912242 4294901760
16.983408 6.3768773 -2.998256 4294901760
20.733446 10.193131 -2.9232714 4294901760
18.692215 8.0810976 -2.9670532 4294901760
22.010025 12.190312 -2.9517314 4294901760
5.3814454 2.6212204 -3.3237267 4294901760
7.7239518 3.3057058 -3.2558503 4294901760
9.4874382 4.6211872 -3.1977286 4294901760
12.147614 5.1989503 -3.1467185 4294901760
13.575835 6.6125832 -3.0907776 4294901760
17.006664 6.3145909 -2.9945138 4294901760
21.089935 10.272587 -2.935986 4294901760
18.692383 7.9999876 -2.9608941 4294901760
22.093042 12.130698 -2.9483061 4294901760
5.390563 2.6024182 -3.3225052 4294901760
7.7498899 3.2848442 -3.2569408 4294901760
9.5177507 4.594913 -3.1977129 4294901760
12.151078 5.1503181 -3.1424193 4294901760
13.616744 6.5737963 -3.0894334 4294901760
17.051035 6.2634234 -2.9925654 4294901760
21.161602 10.21625 -2.933177 4294901760
18.753233 7.9486871 -2.9589171 4294901760
22.152784 12.063044 -2.9440124 4294901760
5.403089 2.5852499 -3.3222847 4294901760
7.7649245 3.2592921 -3.25595 4294901760
9.5515575 4.5701938 -3.1982274 4294901760
12.179956 5.1124816 -3.1410162 4294901760
13.643194 6.5279446 -3.086699 4294901760
17.076536 6.2052302 -2.9892759 4294901760
21.225927 10.156103 -2.9299641 4294901760
18.791891 7.8878117 -2.9555397 4294901760
22.233391 12.006513 -2.9408276 4294901760
5.4116316 2.5673192 -3.3211267 4294901760
7.7793102 3.2350318 -3.2550437 4294901760
9.5559464 4.5334139 -3.1945817 4294901760
12.204168 5.0751123 -3.1393325 4294901760
13.661172 6.4809637 -3.0834291 4294901760
17.112007 6.1539617 -2.9869685 4294901760
21.255882 10.083953 -2.9252186 4294901760
18.806898 7.8208628 -2.950978 4294901760
22.304749 11.949688 -2.9375226 4294901760
5.4310188 2.5533288 -3.3229015 4294901760
7.7941842 3.2093489 -3.2540543 4294901760
9.5717144 4.5000277 -3.1924314 4294901760
12.225481 5.033989 -3.1371064 4294901760
13.708907 6.4450798 -3.0827699 4294901760
17.133387 6.0941882 -2.9834185 4294901760
21.2729 10.001201 -2.9194591 4294901760
18.863579 7.7673049 -2.9487593 4294901760
22.342802 11.869879 -2.932111 4294901760
5.4368482 2.531781 -3.3206255 4294901760
7.8058939 3.1807623 -3.2522914 4294901760
9.5881424 4.4649172 -3.190177 4294901760
12.251197 4.9921436 -3.1351612 4294901760
13.732436 6.3947935 -3.079541 4294901760
17.15185 6.0300331 -2.9794326 4294901760
21.345585 9.9400139 -2.9163933 4294901760
18.877151 7.6921015 -2.9435744 4294901760
22.449732 11.821392 -2.9299176 4294901760
5.449151 2.5144 -3.3204055 4294901760
7.8060374 3.1490908 -3.2485464 4294901760
9.6000824 4.4297628 -3.1875019 4294901760
12.26119 4.9463768 -3.1317117 4294901760
13.76551 6.3518147 -3.0774994 4294901760
17.187843 5.9753523 -2.9769535 4294901760
21.394648 9.8721247 -2.9123933 4294901760
18.918676 7.6321216 -2.9404356 4294901760
22.508556 11.752187 -2.925596 4294901760
5.4500175 2.4940639 -3.3173213 4294901760
7.8158917 3.1245532 -3.2470419 4294901760
9.6211376 4.4028726 -3.1866343 4294901760
12.298776 4.9166722 -3.1317985 4294901760
13.792627 6.3118501 -3.0754213 4294901760
17.19523 5.9174404 -2.9729815 4294901760
21.43281 9.8081875 -2.9084849 4294901760
18.975878 7.5859728 -2.938844 4294901760
22.555994 11.686931 -2.9214337 4294901760
5.4621978 2.4766161 -3.3171034 4294901760
7.8413386 3.1030262 -3.2481248 4294901760
9.6292486 4.3659992 -3.1834369 4294901760
12.312172 4.8722539 -3.1287644 4294901760
13.80733 6.2603846 -3.0716703 4294901760
17.245947 5.8676486 -2.9715593 4294901760
21.499622 9.748148 -2.9054472 4294901760
19.002241 7.5196924 -2.9347913 4294901760
22.621506 11.620895 -2.9174702 4294901760
5.4822102 2.4603548 -3.3187516 4294901760
7.8422379 3.0686052 -3.2442265 4294901760
9.6567602 4.3338461 -3.1826715 4294901760
12.334485 4.8263855 -3.126287 4294901760
13.84941 6.2154608 -3.0700061 4294901760
17.268349 5.8013821 -2.9676805 4294901760
21.544176 9.668786 -2.9005847 4294901760
19.079239 7.4655538 -2.9332857 4294901760
22.70154 11.552049 -2.9135158 4294901760
5.487246 2.4396369 -3.3165467 4294901760
7.860219 3.0440433 -3.2439344 4294901760
9.6971121 4.3113489 -3.1842265 4294901760
12.366061 4.7890301 -3.1252921 4294901760
13.88556 6.1735382 -3.0683045 4294901760
17.288498 5.7410636 -2.9641604 4294901760
21.585093 9.5967607 -2.8962021 4294901760
19.105185 7.3989048 -2.9292352 4294901760
22.770243 11.487113 -2.9097166 4294901760
5.4948826 2.4223871 -3.3154581 4294901760
7.8624177 3.0165257 -3.2410655 4294901760
9.7069902 4.2792706 -3.1817763 4294901760
12.388452 4.7530017 -3.1237466 4294901760
13.904884 6.1298876 -3.0655496 4294901760
17.306448 5.6867251 -2.9609983 4294901760
21.611481 9.5272961 -2.8917301 4294901760
19.146942 7.3459902 -2.9267211 4294901760
22.849049 11.436968 -2.9071457 4294901760
5.5068359 2.4047318 -3.3152411 4294901760
7.8839006 2.9932368 -3.2414603 4294901760
9.7218695 4.245358 -3.179642 4294901760
12.404969 4.7097259 -3.1211309 4294901760
13.940778 6.0876756 -3.0638466 4294901760
17.356497 5.6361151 -2.9595692 4294901760
21.615355 9.4390182 -2.8854668 4294901760
19.191107 7.2861814 -2.9238002 4294901760
22.913866 11.369553 -2.903152 4294901760
5.5054207 2.3789868 -3.3109419 4294901760
7.9100237 2.9684572 -3.2423716 4294901760
9.7526121 4.2142715 -3.1793969 4294901760
12.430391 4.6648512 -3.119066 4294901760
13.971349 6.0372605 -3.0611608 4294901760
17.40835 5.5791578 -2.9577835 4294901760
21.680738 9.3686199 -2.8817592 4294901760
19.218943 7.2124443 -2.9193571 4294901760
22.982428 11.293816 -2.8986306 4294901760
5.5270295 2.3677478 -3.3138182 4294901760
7.9119573 2.940861 -3.239511 4294901760
9.7585354 4.1805005 -3.1764307 4294901760
12.456142 4.6299272 -3.1179271 4294901760
13.993901 5.9949069 -3.0587499 4294901760
17.433382 5.5268507 -2.9551439 4294901760
21.743073 9.3146076 -2.8791811 4294901760
19.245241 7.1534228 -2.9159501 4294901760
23.035734 11.230309 -2.8947997 4294901760
5.5356698 2.3474753 -3.3125536 4294901760
7.9300447 2.9145501 -3.2391376 4294901760
9.770153 4.1431646 -3.1736743 4294901760
12.473027 4.5842447 -3.11519 4294901760
14.015778 5.9435792 -3.0555475 4294901760
17.457323 5.4641113 -2.9517241 4294901760
21.795431 9.2426462 -2.8751378 4294901760
19.290037 7.0897183 -2.9128313 4294901760
23.083925 11.149281 -2.8896589 4294901760
5.5505266 2.3320882 -3.3133872 4294901760
7.9470396 2.8909173 -3.2389293 4294901760
9.8020582 4.1183953 -3.1742697 4294901760
12.495618 4.5455666 -3.1135199 4294901760
14.046412 5.9016867 -3.0536602 4294901760
17.467735 5.4038315 -2.9478879 4294901760
21.844357 9.1780424 -2.8715668 4294901760
19.313444 7.0257063 -2.9090071 4294901760
23.163977 11.093354 -2.8867805 4294901760
5.5586343 2.3126976 -3.3121843 4294901760
7.9460115 2.8591731 -3.2352324 4294901760
9.8200254 4.0856709 -3.1726673 4294901760
12.526347 4.5072918 -3.1125219 4294901760
14.063257 5.8510885 -3.0502815 4294901760
17.50173 5.3474751 -2.9454229 4294901760
21.883633 9.1047945 -2.8672025 4294901760
19.337854 6.9582419 -2.9049881 4294901760
23.278296 11.048367 -2.8851843 4294901760
5.5702348 2.2947488 -3.31197 4294901760
7.9596372 2.8327351 -3.2342641 4294901760
9.8415346 4.0543804 -3.1715872 4294901760
12.542003 4.4635415 -3.1099231 4294901760
14.087271 5.8034806 -3.0475769 4294901760
17.535543 5.2909555 -2.9429584 4294901760
21.915279 9.0283556 -2.8624742 4294901760
19.369534 6.8933744 -2.9014156 4294901760
23.298656 10.958552 -2.8790855 4294901760
5.578609 2.2743161 -3.31071 4294901760
7.9625673 2.8009379 -3.2311761 4294901760
9.8490105 4.0152955 -3.1683207 4294901760
12.565765 4.4201732 -3.1079967 4294901760
14.12318 5.7578115 -3.0457218 4294901760
17.558636 5.2277813 -2.9395564 4294901760
21.940836 8.9449539 -2.8571501 4294901760
19.436043 6.8368835 -2.8996153 4294901760
23.34952 10.878136 -2.8741102 4294901760
5.5793691 2.2519467 -3.3075414 4294901760
7.9797039 2.7757046 -3.2308915 4294901760
9.8702955 3.9838519 -3.167244 4294901760
12.599855 4.3828039 -3.1073961 4294901760
14.161632 5.7159224 -3.0443494 4294901760
17.584417 5.1687078 -2.936588 4294901760
22.027426 8.8907175 -2.855175 4294901760
19.482378 6.7768593 -2.8969154 4294901760
23.419968 10.811628 -2.8704216 4294901760
5.5971456 2.2386973 -3.3094192 4294901760
7.9846773 2.7493434 -3.2287364 4294901760
9.8827629 3.952821 -3.1653411 4294901760
12.594804 4.3367362 -3.1030765 4294901760
14.175827 5.6699233 -3.0412877 4294901760
17.612041 5.1167669 -2.9342229 4294901760
22.058956 8.8229485 -2.8511105 4294901760
19.529961 6.7247009 -2.8948302 4294901760
23.461079 10.741315 -2.8660591 4294901760
5.6017318 2.2167518 -3.3071804 4294901760
7.9909868 2.7187979 -3.2263398 4294901760
9.8898344 3.9136662 -3.1620893 4294901760
12.61437 4.2918258 -3.1007612 4294901760
14.196513 5.6179314 -3.0381086 4294901760
17.626848 5.0510883 -2.9303303 4294901760
22.105986 8.7479172 -2.8468869 4294901760
19.562023 6.6556473 -2.891058 4294901760
23.489384 10.650314 -2.8600729 4294901760
5.6058483 2.1957808 -3.3050046 4294901760
8.0004282 2.6908894 -3.2247059 4294901760
9.892395 3.8747981 -3.1584322 4294901760
12.640556 4.251565 -3.0993698 4294901760
14.23455 5.5755973 -3.0367346 4294901760
17.648203 4.9906163 -2.9271226 4294901760
22.154963 8.6779804 -2.8430803 4294901760
19.592693 6.5898685 -2.88749 4294901760
23.551905 10.579711 -2.85604 4294901760
5.6206622 2.1789825 -3.3057783 4294901760
8.0134954 2.6641812 -3.2237504 4294901760
9.9132299 3.8430979 -3.1573639 4294901760
12.677914 4.2149224 -3.0991631 4294901760
14.242804 5.5215592 -3.0327246 4294901760
17.700047 4.9386106 -2.925926 4294901760
22.25209 8.6265478 -2.841604 4294901760
19.619362 6.5226893 -2.8837101 4294901760
23.482927 10.450361 -2.8459799 4294901760
5.6350484 2.1630936 -3.3066103 4294901760
8.0260105 2.6388195 -3.222878 4294901760
9.9296093 3.8116217 -3.1558855 4294901760
12.703128 4.1765785 -3.097898 4294901760
14.275885 5.4800014 -3.0311732 4294901760
17.73168 4.8841219 -2.9236455 4294901760
22.261946 8.5455647 -2.8362353 4294901760
19.663607 6.4650688 -2.8812068 4294901760
23.462667 10.348274 -2.8385632 4294901760
5.6393375 2.1410599 -3.3043809 4294901760
8.0356274 2.6093869 -3.2211697 4294901760
9.9545975 3.7794139 -3.1552281 4294901760
12.710803 4.1275434 -3.0944071 4294901760
14.292154 5.4262328 -3.0276809 4294901760
17.745619 4.8180594 -2.9197741 4294901760
22.375183 8.4950771 -2.8352118 4294901760
19.702335 6.3978844 -2.8778753 4294901760
23.763828 10.377234 -2.8450756 4294901760
5.6464076 2.1223457 -3.3032529 4294901760
8.0367689 2.5803251 -3.2182798 4294901760
9.9596777 3.7435977 -3.1522093 4294901760
12.743312 4.0914311 -3.0939305 4294901760
14.313795 5.3802037 -3.0251491 4294901760
17.773041 4.7622738 -2.9172497 4294901760
22.42938 8.4306517 -2.8319759 4294901760
19.700672 6.3251958 -2.8728156 4294901760
23.842075 10.31739 -2.8421049 4294901760
5.6501708 2.101279 -3.3010883 4294901760
8.0494661 2.5534396 -3.2173326 4294901760
9.9800949 3.7115626 -3.1511447 4294901760
12.765081 4.0493202 -3.0921464 4294901760
14.354854 5.3385201 -3.0241001 4294901760
17.804958 4.7042704 -2.9148033 4294901760
22.451195 8.3495216 -2.8269145 4294901760
19.741632 6.2624111 -2.8699048 4294901760
23.896294 10.24196 -2.8377128 4294901760
5.6610856 2.0828774 -3.3008842 4294901760
8.0583286 2.525332 -3.2157154 4294901760
10.004114 3.6808035 -3.150593 4294901760
12.790494 4.008306 -3.0907559 4294901760
14.354736 5.2815237 -3.01947 4294901760
17.832832 4.6451154 -2.9121115 4294901760
22.472708 8.2683601 -2.8218651 4294901760
19.782389 6.1994371 -2.8669944 4294901760
23.97966 10.178777 -2.8346279 4294901760
5.6719413 2.0644195 -3.3006802 4294901760
8.0708418 2.4983451 -3.214772 4294901760
10.002047 3.64045 -3.1464586 4294901760
12.8082 3.9648035 -3.0885835 4294901760
14.376824 5.2327404 -3.016798 4294901760
17.868225 4.5877857 -2.9099145 4294901760
22.501436 8.1898594 -2.8171744 4294901760
19.819145 6.1350555 -2.8638721 4294901760
23.974566 10.077988 -2.8276277 4294901760
5.6754899 2.0433021 -3.2985229 4294901760
8.0795135 2.470155 -3.2131593 4294901760
10.022132 3.6081896 -3.1453989 4294901760
12.829551 3.9223871 -3.0868039 4294901760
14.391261 5.1811728 -3.0134823 4294901760
17.87641 4.523427 -2.9059973 4294901760
22.526134 8.1099072 -2.8123176 4294901760
19.86713 6.0739903 -2.8613801 4294901760
23.913786 9.9543476 -2.8182263 4294901760
5.6789584 2.0221875 -3.2963693 4294901760
8.0993519 2.4453406 -3.2135594 4294901760
10.030943 3.5718603 -3.1428092 4294901760
12.85456 3.8810239 -3.0854158 4294901760
14.416753 5.1335783 -3.011142 4294901760
17.903685 4.4638939 -2.9033155 4294901760
22.561823 8.0339088 -2.8079901 4294901760
19.88439 6.0034571 -2.857214 4294901760
24.066483 9.9194946 -2.8182087 4294901760
5.6856332 2.0033424 -3.2952528 4294901760
8.1074162 2.4184661 -3.2120311 4294901760
10.04646 3.5398872 -3.1413467 4294901760
12.871162 3.8395057 -3.0833786 4294901760
14.444949 5.0897021 -3.0092745 4294901760
17.906786 4.4016414 -2.8993411 4294901760
22.629742 7.9736271 -2.8054514 4294901760
19.927113 5.9443164 -2.8547108 4294901760
24.162073 9.8652763 -2.8160043 4294901760
5.6853161 1.9809501 -3.2921307 4294901760
8.0969963 2.3846126 -3.2070837 4294901760
10.069951 3.5087004 -3.1407995 4294901760
12.888291 3.7956769 -3.0812171 4294901760
14.47765 5.0444865 -3.0075798 4294901760
17.925909 4.3400493 -2.8961821 4294901760
22.683809 7.9037814 -2.8019838 4294901760
19.970686 5.8814836 -2.8520088 4294901760
24.259275 9.8063126 -2.8135221 4294901760
5.7034655 1.96386 -3.293824 4294901760
8.1019163 2.3538234 -3.2047372 4294901760
10.082745 3.4717662 -3.1386242 4294901760
12.913549 3.7517316 -3.079705 4294901760
14.488521 4.9887962 -3.0038111 4294901760
17.957197 4.2780061 -2.8935866 4294901760
22.708853 7.819283 -2.7969129 4294901760
20.015079 5.8149161 -2.8491077 4294901760
24.291351 9.7158451 -2.8079057 4294901760
5.7099466 1.944937 -3.2927127 4294901760
8.1172171 2.3291085 -3.2045557 4294901760
10.09046 3.4370391 -3.1361525 4294901760
12.922105 3.7077961 -3.0769038 4294901760
14.520043 4.9458556 -3.0022674 4294901760
17.971283 4.2184377 -2.8903646 4294901760
22.764875 7.7542324 -2.793849 4294901760
20.041916 5.7507148 -2.8457763 4294901760
24.330856 9.6381826 -2.8032918 4294901760
5.7130494 1.9237657 -3.2905726 4294901760
8.1403923 2.3050365 -3.2056267 4294901760
10.113632 3.405582 -3.1356077 4294901760
12.946423 3.6659136 -3.0755231 4294901760
14.52968 4.8926058 -2.9986596 4294901760
17.989779 4.1565809 -2.8872213 4294901760
22.810711 7.6810927 -2.7900395 4294901760
20.046524 5.6763806 -2.8410213 4294901760
24.356918 9.5502853 -2.7977951 4294901760
5.7164083 1.9015962 -3.2883775 4294901760
8.1374531 2.2720182 -3.2019575 4294901760
10.126047 3.3684881 -3.1334419 4294901760
12.967415 3.6205683 -3.0736313 4294901760
14.547516 4.8393154 -2.9955485 4294901760
17.977709 4.0844364 -2.8819911 4294901760
22.853857 7.6024675 -2.7858288 4294901760
20.086395 5.6082239 -2.837923 4294901760
24.425255 9.4739332 -2.7937684 4294901760
5.7263417 1.8838314 -3.2882442 4294901760
8.1298189 2.2408497 -3.1977901 4294901760
10.144673 3.3373582 -3.1324952 4294901760
12.990829 3.5807064 -3.0723784 4294901760
14.57104 4.793529 -2.9933732 4294901760
18.006702 4.0282707 -2.8797529 4294901760
22.878944 7.5266333 -2.7814143 4294901760
20.13179 5.5489936 -2.8356245 4294901760
24.504982 9.4114828 -2.7908747 4294901760
5.7328811 1.8638352 -3.2870834 4294901760
8.1413746 2.2134926 -3.1968725 4294901760
10.144981 3.2982671 -3.128927 4294901760
13.003245 3.5353475 -3.0698512 4294901760
14.606591 4.7487955 -2.9920032 4294901760
18.036209 3.9688268 -2.8773489 4294901760
22.916458 7.4504423 -2.7772775 4294901760
20.170265 5.4839306 -2.8327224 4294901760
24.552605 9.3315763 -2.7863193 4294901760
5.7393527 1.8438107 -3.2859244 4294901760
8.1566296 2.1870894 -3.196619 4294901760
10.16396 3.2652497 -3.1278822 4294901760
13.011675 3.4889042 -3.0669458 4294901760
14.638226 4.7026415 -2.9903138 4294901760
18.065525 3.909209 -2.8749456 4294901760
22.957521 7.3752785 -2.773309 4294901760
20.177736 5.4103861 -2.828202 4294901760
24.599976 9.2514286 -2.7817645 4294901760
5.7420826 1.8226014 -3.2837989 4294901760
8.168005 2.1596088 -3.1957037 4294901760
10.171528 3.2285571 -3.1253312 4294901760
13.031446 3.4454956 -3.065192 4294901760
14.650762 4.6503162 -2.9870481 4294901760
18.07127 3.844471 -2.871119 4294901760
22.967915 7.2902737 -2.7680199 4294901760
20.24275 5.3521543 -2.8267164 4294901760
24.632118 9.1655073 -2.7765999 4294901760
5.7520847 1.8036977 -3.2836127 4294901760
8.1716995 2.1300929 -3.1934667 4294901760
10.190279 3.195395 -3.1242902 4294901760
13.058753 3.4039869 -3.0642021 4294901760
14.666904 4.5991435 -2.9841034 4294901760
18.104069 3.7854378 -2.8689606 4294901760
23.065563 7.2327347 -2.7665329 4294901760
20.284456 5.2874894 -2.8240161 4294901760
24.712664 9.0973911 -2.7734225 4294901760
5.7509871 1.7813272 -3.2805254 4294901760
8.1866837 2.1035051 -3.193217 4294901760
10.201371 3.159802 -3.1222479 4294901760
13.074399 3.3593659 -3.0620708 4294901760
14.698066 4.5526209 -2.9824188 4294901760
18.128878 3.7246196 -2.8663301 4294901760
23.09067 7.1521702 -2.7619102 4294901760
20.333681 5.2245822 -2.8217144 4294901760
24.781778 9.024725 -2.7697787 4294901760
5.7571702 1.761243 -3.2793765 4294901760
8.1939754 2.0749171 -3.1916475 4294901760
10.20478 3.1218629 -3.1192093 4294901760
13.097586 3.3166323 -3.0607026 4294901760
14.721475 4.5036178 -2.980108 4294901760
18.122248 3.6573796 -2.86182 4294901760
23.107864 7.0691957 -2.7569704 4294901760
20.344065 5.1516194 -2.8174176 4294901760
24.843174 8.9489937 -2.7658267 4294901760
5.7666659 1.7432578 -3.2792528 4294901760
8.2008114 2.0477352 -3.1901596 4294901760
10.222642 3.0902953 -3.1182768 4294901760
13.120061 3.2760677 -3.0594602 4294901760
14.732518 4.4536266 -2.9770095 4294901760
18.134275 3.5972681 -2.8586645 4294901760
23.154093 6.9994612 -2.753572 4294901760
20.361034 5.0841327 -2.8137231 4294901760
24.850149 8.8585243 -2.7600291 4294901760
5.7687249 1.7230209 -3.277199 4294901760
8.2151737 2.0224018 -3.1899917 4294901760
10.232836 3.0563755 -3.1163473 4294901760
13.142412 3.2353835 -3.0582178 4294901760
14.75102 4.4058809 -2.97454 4294901760
18.153923 3.5386307 -2.8559835 4294901760
23.203947 6.9306273 -2.7503331 4294901760
20.42811 5.0289679 -2.8126068 4294901760
24.871864 8.773406 -2.7548442 4294901760
5.7823906 1.7040449 -3.2779276 4294901760
8.2110939 1.989509 -3.186378 4294901760
10.247759 3.0199692 -3.1147168 4294901760
13.158038 3.1881299 -3.0559723 4294901760
14.774697 4.3540382 -2.9720933 4294901760
18.123741 3.46385 -2.8499429 4294901760
23.225363 6.8444118 -2.7453458 4294901760
20.4774 4.9615765 -2.8101063 4294901760
24.926466 8.6900787 -2.7503455 4294901760
5.7772079 1.6806209 -3.2738948 4294901760
8.2179899 1.9608325 -3.1848218 4294901760
10.258239 2.9841769 -3.1126926 4294901760
13.196105 3.1486232 -3.0561144 4294901760
14.80508 4.3068776 -2.9704146 4294901760
18.16704 3.4064329 -2.8485115 4294901760
23.199305 6.7488027 -2.7386761 4294901760
20.506229 4.8928366 -2.8068144 4294901760
24.911366 8.5873976 -2.7434444 4294901760
5.7867417 1.6615061 -3.27372 4294901760
8.2324228 1.9339265 -3.1845825 4294901760
10.268594 2.948348 -3.1106722 4294901760
13.191565 3.0989077 -3.0521181 4294901760
14.804735 4.2507782 -2.9662623 4294901760
18.198404 3.3465934 -2.8463807 4294901760
23.303265 6.6909003 -2.7374551 4294901760
20.554235 4.8285155 -2.8045046 4294901760
24.948746 8.5029564 -2.738627 4294901760
5.7887993 1.6402502 -3.2716217 4294901760
8.2353001 1.9043001 -3.1823764 4294901760
10.282624 2.9135706 -3.1091523 4294901760
13.179103 3.0474868 -3.0473831 4294901760
14.827133 4.2012525 -2.9639728 4294901760
18.221731 3.285181 -2.8437891 4294901760
23.349508 6.6160583 -2.7338324 4294901760
20.602034 4.7639375 -2.8021924 4294901760
25.023664 8.4311295 -2.7352777 4294901760
5.7981997 1.6210691 -3.2714498 4294901760
8.2457218 1.8764101 -3.1814847 4294901760
10.300344 2.8797853 -3.108129 4294901760
13.19353 3.0023417 -3.0452824 4294901760
14.85703 4.1537499 -2.9623005 4294901760
18.217402 3.2187786 -2.8395867 4294901760
23.387835 6.5388045 -2.7298925 4294901760
20.630199 4.6946425 -2.7989054 4294901760
25.109753 8.3626423 -2.7323532 4294901760
5.8038225 1.600821 -3.270318 4294901760
8.244565 1.8459035 -3.1786318 4294901760
10.317955 2.8459172 -3.1071069 4294901760
13.20393 2.9562724 -3.0428121 4294901760
14.86377 4.0997519 -2.9587867 4294901760
18.216753 3.1531348 -2.8356283 4294901760
23.429747 6.4624357 -2.7261136 4294901760
20.65424 4.6243477 -2.7954297 4294901760
25.153955 8.2799406 -2.7278254 4294901760
5.8056588 1.5795394 -3.2682285 4294901760
8.2586212 1.8187985 -3.1784003 4294901760
10.343081 2.8140311 -3.1070724 4294901760
13.218044 2.9110141 -3.04072 4294901760
14.874153 4.0467954 -2.9555876 4294901760
18.243355 3.0921845 -2.8332853 4294901760
23.444462 6.37851 -2.7212405 4294901760
20.685831 4.5556469 -2.7923443 4294901760
25.296587 8.229125 -2.7270381 4294901760
5.8111372 1.5592625 -3.2671018 4294901760
8.2649202 1.7899572 -3.1768632 4294901760
10.349025 2.7768826 -3.1045728 4294901760
13.220369 2.863173 -3.0375154 4294901760
14.918919 4.0030909 -2.9551449 4294901760
18.265823 3.0304348 -2.8307166 4294901760
23.458879 6.29456 -2.7163794 4294901760
20.717197 4.4867821 -2.7892616 4294901760
25.351763 8.1493177 -2.7229242 4294901760
5.8165445 1.5389696 -3.2659776 4294901760
8.2864628 1.7643654 -3.1779392 4294901760
10.362475 2.7417541 -3.1030624 4294901760
13.230284 2.8170109 -3.0350623 4294901760
14.944335 3.9540448 -2.9531727 4294901760
18.256634 2.9634697 -2.8263304 4294901760
23.542427 6.2289701 -2.7143199 4294901760
20.736631 4.4152732 -2.7856088 4294901760
25.380053 8.0607796 -2.7178137 4294901760
5.8330626 1.5215747 -3.267729 4294901760
8.2925701 1.7354313 -3.1764061 4294901760
10.364333 2.7035725 -3.100081 4294901760
13.236151 2.7700014 -3.0322442 4294901760
14.96959 3.90487 -2.9512017 4294901760
18.266867 2.8997283 -2.8230944 4294901760
23.591053 6.1538086 -2.7108581 4294901760
20.755817 4.3436828 -2.7819633 4294901760
25.377563 7.9625816 -2.71158 4294901760
5.8308768 1.4992871 -3.264693 4294901760
8.2908926 1.7048959 -3.1735749 4294901760
10.373707 2.6673799 -3.0980878 4294901760
13.265172 2.7277806 -3.0316532 4294901760
14.98698 3.8535862 -2.9486263 4294901760
18.27294 2.8353405 -2.8196404 4294901760
23.620119 6.0734158 -2.7066281 4294901760
20.805996 4.2784362 -2.7798431 4294901760
25.447144 7.8869543 -2.7080424 4294901760
5.8430257 1.4828547 -3.2655995 4294901760
8.3000526 1.6796165 -3.172853 4294901760
10.382035 2.6347737 -3.096297 4294901760
13.293123 2.6900246 -3.0313041 4294901760
15.018288 3.8113711 -2.947552 4294901760
18.301449 2.7809069 -2.8178711 4294901760
23.64682 6.0011373 -2.7028563 4294901760
20.823244 4.2138362 -2.7765884 4294901760
25.467983 7.8057938 -2.7033246 4294901760
5.8444295 1.4615167 -3.2635264 4294901760
8.3058643 1.6506355 -3.1713309 4294901760
10.398838 2.6004379 -3.0952899 4294901760
13.298539 2.6428361 -3.0284979 4294901760
15.039216 3.7608576 -2.9452837 4294901760
18.330742 2.719933 -2.8157814 4294901760
23.671494 5.9195313 -2.6984861 4294901760
20.865196 4.1465678 -2.7740889 4294901760
25.433945 7.698349 -2.6960204 4294901760
5.8497477 1.4400845 -3.2623563 4294901760
8.3195581 1.6216803 -3.1710341 4294901760
10.415976 2.5641935 -3.0941846 4294901760
13.292558 2.5910363 -3.0244734 4294901760
15.045177 3.7038052 -2.9416702 4294901760
18.34059 2.6527238 -2.8124104 4294901760
23.71628 5.838448 -2.6946542 4294901760
20.903734 4.0746365 -2.7712092 4294901760
25.412268 7.590219 -2.6889126 4294901760
5.8549867 1.418633 -3.2611887 4294901760
8.3293009 1.5919111 -3.1700902 4294901760
10.417622 2.5241358 -3.0911305 4294901760
13.29807 2.5415514 -3.0215626 4294901760
15.047055 3.6458237 -2.9377666 4294901760
18.354134 2.5860357 -2.8092725 4294901760
23.768543 5.7589955 -2.6911244 4294901760
20.910698 3.9964907 -2.766835 4294901760
25.543303 7.5274878 -2.6873438 4294901760
5.8524079 1.3964025 -3.2581723 4294901760
8.3309498 1.5621095 -3.1679299 4294901760
10.434056 2.489598 -3.0901306 4294901760
13.322457 2.4980509 -3.020613 4294901760
15.075162 3.5969799 -2.9361138 4294901760
18.351208 2.5203393 -2.8054111 4294901760
23.827312 5.6852698 -2.6881189 4294901760
20.940193 3.9264278 -2.7637818 4294901760
25.504255 7.4193411 -2.6799719 4294901760
5.8609967 1.3768446 -3.2580194 4294901760
8.3363514 1.5330173 -3.1664209 4294901760
10.446532 2.4540622 -3.0886452 4294901760
13.303779 2.4465046 -3.0156398 4294901760
15.091499 3.5452416 -2.9335644 4294901760
18.36779 2.4573174 -2.8026726 4294901760
23.889742 5.6120934 -2.6852562 4294901760
20.969454 3.8561873 -2.760731 4294901760
25.622084 7.3567014 -2.6782174 4294901760
5.8652935 1.3584261 -3.2570257 4294901760
8.3488464 1.5082165 -3.1663585 4294901760
10.446488 2.4194496 -3.0859032 4294901760
13.315304 2.4054055 -3.0138428 4294901760
15.118059 3.5014048 -2.9321985 4294901760
18.371471 2.3990891 -2.7995927 4294901760
23.942242 5.5451217 -2.6825414 4294901760
20.993235 3.7924213 -2.7578776 4294901760
25.579784 7.2576537 -2.671386 4294901760
5.8702335 1.3369153 -3.2558687 4294901760
8.3620443 1.4789665 -3.1660707 4294901760
10.459142 2.3820152 -3.0843272 4294901760
13.34357 2.3600321 -3.0131469 4294901760
15.130793 3.4459596 -2.9292161 4294901760
18.384092 2.332226 -2.7964876 4294901760
23.942955 5.4528837 -2.6770802 4294901760
21.006996 3.7154365 -2.7539082 4294901760
25.49474 7.1326423 -2.6622186 4294901760
5.878623 1.3172626 -3.2557204 4294901760
8.3710203 1.4504439 -3.1652148 4294901760
10.475105 2.3472273 -3.0833368 4294901760
13.359544 2.3148036 -3.0114799 4294901760
15.138847 3.3922634 -2.9260864 4294901760
18.39212 2.2680519 -2.793329 4294901760
23.985203 5.374526 -2.6734784 4294901760
21.000195 3.6386967 -2.7492213 4294901760
25.573347 7.0584917 -2.6591179 4294901760
5.8756618 1.2950745 -3.2527225 4294901760
8.3721647 1.4205564 -3.1630728 4294901760
10.490954 2.3123467 -3.0823476 4294901760
13.367543 2.2681527 -3.0090892 4294901760
15.15448 3.34025 -2.9235559 4294901760
18.380152 2.2014644 -2.7890809 4294901760
24.070063 5.3053637 -2.6714842 4294901760
21.016699 3.5660317 -2.745646 4294901760
25.790409 7.0216055 -2.6608005 4294901760
5.8761601 1.2747648 -3.2507341 4294901760
8.369091 1.3914965 -3.160367 4294901760
10.483115 2.2741902 -3.0785618 4294901760
13.371077 2.2231574 -3.0064611 4294901760
15.161588 3.2891304 -2.9205801 4294901760
18.407133 2.1427991 -2.7871933 4294901760
24.12652 5.2339687 -2.6686816 4294901760
21.052006 3.5002356 -2.7431762 4294901760
25.890657 6.9567528 -2.658695 4294901760
5.8883271 1.2548258 -3.2514863 4294901760
8.3702641 1.3601857 -3.1581616 4294901760
10.49138 2.2357545 -3.0765188 4294901760
13.386969 2.1754107 -3.0046875 4294901760
15.18132 3.2351995 -2.9182146 4294901760
18.414864 2.0753233 -2.7839034 4294901760
24.188471 5.1546588 -2.6655717 4294901760
21.064692 3.4230573 -2.7392452 4294901760
25.804071 6.8321881 -2.6496146 4294901760
5.8926721 1.2342626 -3.2503967 4294901760
8.3904562 1.33342 -3.1592455 4294901760
10.510726 2.2015474 -3.076021 4294901760
13.406239 2.1305332 -3.0033967 4294901760
15.200307 3.1838138 -2.915993 4294901760
18.414076 2.0101612 -2.7803435 4294901760
24.23756 5.0767317 -2.6622477 4294901760
21.084389 3.3507528 -2.7358716 4294901760
25.889566 6.7581987 -2.6467314 4294901760
5.9042768 1.2162733 -3.2512586 4294901760
8.3987074 1.3061974 -3.158478 4294901760
10.514096 2.16589 -3.0736988 4294901760
13.41715 2.0866838 -3.0015063 4294901760
15.210779 3.1334004 -2.9133296 4294901760
18.424603 1.9495186 -2.7776024 4294901760
24.281616 5.0019808 -2.6590035 4294901760
21.1269 3.285732 -2.7337713 4294901760
25.996874 6.6942253 -2.6448669 4294901760
5.9009361 1.1941266 -3.2482793 4294901760
8.3993378 1.2762809 -3.1563573 4294901760
10.540962 2.1330926 -3.0741634 4294901760
13.424352 2.0398328 -2.9991419 4294901760
15.237216 3.083437 -2.9117012 4294901760
18.44714 1.8868085 -2.7753603 4294901760
24.330217 4.9235168 -2.6556773 4294901760
21.142181 3.2125585 -2.7302275 4294901760
26.016216 6.6024499 -2.6397505 4294901760
5.9126248 1.1750213 -3.249089 4294901760
8.4037418 1.2469518 -3.1548817 4294901760
10.544467 2.0955114 -3.0717511 4294901760
13.439242 1.994122 -2.9975011 4294901760
15.251788 3.0310016 -2.9091983 4294901760
18.461542 1.8231826 -2.7726905 4294901760
24.33943 4.8369966 -2.6509316 4294901760
21.176929 3.1422443 -2.7275844 4294901760
26.035234 6.5106211 -2.6346457 4294901760
5.9242516 1.1558515 -3.2498982 4294901760
8.4080429 1.2176113 -3.1534102 4294901760
10.555597 2.0594506 -3.0703018 4294901760
13.461827 1.9494754 -2.9965804 4294901760
15.273986 2.980032 -2.9072828 4294901760
18.487617 1.7606204 -2.7706721 4294901760
24.363998 4.7535396 -2.646764 4294901760
21.203548 3.0705931 -2.7245872 4294901760
26.100435 6.4302101 -2.6310902 4294901760
5.9169011 1.1329902 -3.245985 4294901760
8.4122419 1.188252 -3.151942 4294901760
10.562722 2.0225894 -3.0683777 4294901760
13.452835 1.9002495 -2.9928 4294901760
15.26867 2.9237018 -2.9033377 4294901760
18.497616 1.6964347 -2.7677987 4294901760
24.403955 4.6729603 -2.6431656 4294901760
21.233875 2.9993427 -2.7217712 4294901760
26.107204 6.3352914 -2.6256185 4294901760
5.9244108 1.114076 -3.2459073 4294901760
8.4161358 1.1603513 -3.1505513 4294901760
10.573256 1.9882839 -3.0670311 4294901760
13.466924 1.8567145 -2.9912894 4294901760
15.274373 2.8723214 -2.9004121 4294901760
18.499174 1.6347382 -2.7646599 4294901760
24.42716 4.5934882 -2.6392319 4294901760
21.239756 2.9283721 -2.7180839 4294901760
26.155247 6.2551866 -2.6218035 4294901760
5.9246659 1.0916578 -3.2438374 4294901760
8.4436569 1.1326274 -3.1528416 4294901760
10.580471 1.9495198 -3.0650196 4294901760
13.497233 1.8105114 -2.9909728 4294901760
15.288708 2.8170426 -2.8977954 4294901760
18.497103 1.5662564 -2.7610114 4294901760
24.459528 4.506825 -2.6351411 4294901760
21.301714 2.8573997 -2.7165 4294901760
26.193537 6.1629429 -2.6171167 4294901760
5.9246502 1.0702838 -3.2418246 4294901760
8.4358921 1.1016209 -3.1494713 4294901760
10.591102 1.9132749 -3.0635841 4294901760
13.503471 1.7633828 -2.9886384 4294901760
15.302362 2.7643609 -2.8953218 4294901760
18.490547 1.5007083 -2.7573152 4294901760
24.482965 4.4228301 -2.6309998 4294901760
21.319464 2.7840526 -2.7131658 4294901760
26.179892 6.0633602 -2.6110551 4294901760
5.9321432 1.0502692 -3.2416997 4294901760
8.4280119 1.0706861 -3.1461093 4294901760
10.570473 1.8714724 -3.0583534 4294901760
13.50561 1.7157389 -2.9859555 4294901760
15.315835 2.7116256 -2.892854 4294901760
18.515528 1.4377007 -2.7553253 4294901760
24.545404 4.3456945 -2.6282425 4294901760
21.321142 2.7086163 -2.7091417 4294901760
26.208681 5.9737182 -2.6063859 4294901760
5.939568 1.0302124 -3.2415757 4294901760
8.4394846 1.0422196 -3.1459315 4294901760
10.600307 1.8386132 -3.0593004 4294901760
13.511517 1.6685815 -2.9836342 4294901760
15.325208 2.6581428 -2.8901045 4294901760
18.548237 1.3751169 -2.7537591 4294901760
24.564356 4.260664 -2.6239729 4294901760
21.358166 2.6375899 -2.7066932 4294901760
26.252745 5.8874307 -2.6022189 4294901760
5.9391551 1.009866 -3.2396255 4294901760
8.4506817 1.0151649 -3.1458268 4294901760
10.61414 1.8047785 -3.0584452 4294901760
13.532733 1.6256622 -2.9828491 4294901760
15.333939 2.607311 -2.8874991 4294901760
18.564613 1.3144488 -2.7515042 4294901760
24.590153 4.1811943 -2.6202052 4294901760
21.354919 2.5653269 -2.7026978 4294901760
26.361776 5.8201394 -2.60039 4294901760
5.9388428 0.98849708 -3.2376261 4294901760
8.4619656 0.98657054 -3.1456513 4294901760
10.62817 1.7690171 -3.0574968 4294901760
13.542266 1.5788766 -2.9808905 4294901760
15.354713 2.5557318 -2.8856192 4294901760
18.565115 1.2493749 -2.7482638 4294901760
24.616402 4.0973034 -2.6162241 4294901760
21.363743 2.4907734 -2.6990507 4294901760
26.335119 5.7179265 -2.5940146 4294901760
5.9422579 0.96775907 -3.2365694 4294901760
8.4692564 0.95746511 -3.1448438 4294901760
10.642083 1.7331749 -3.05655 4294901760
13.571353 1.5342665 -2.9806972 4294901760
15.371392 2.5033925 -2.8834567 4294901760
18.593212 1.1860793 -2.7464967 4294901760
24.638435 4.0126276 -2.6121144 4294901760
21.384193 2.4175224 -2.6959281 4294901760
5.9530425 0.94925994 -3.2374451 4294901760
8.4606876 0.92808926 -3.1415801 4294901760
10.651676 1.6984944 -3.0552282 4294901760
13.576366 1.4892501 -2.9785087 4294901760
15.391393 2.4542799 -2.8817184 4294901760
18.593065 1.1241697 -2.743423 4294901760
24.671309 3.9340363 -2.6086335 4294901760
21.37624 2.3448517 -2.6917951 4294901760
26.349993 5.5336008 -2.583766 4294901760
5.9488688 0.92625076 -3.2344646 4294901760
8.4601326 0.8966617 -3.1394453 4294901760
10.66564 1.6606615 -3.0541923 4294901760
13.56595 1.4378105 -2.9746938 4294901760
15.408143 2.3990786 -2.8794279 4294901760
18.612965 1.0569226 -2.7410982 4294901760
24.693445 3.8448186 -2.6043205 4294901760
21.39262 2.2673335 -2.6883385 4294901760
26.377914 5.4386044 -2.5789006 4294901760
5.9596829 0.90663666 -3.2352901 4294901760
8.471014 0.86792207 -3.1392808 4294901760
10.671373 1.6234183 -3.0523124 4294901760
13.574833 1.3908485 -2.9727559 4294901760
15.412493 2.344677 -2.8764293 4294901760
18.612568 0.99172801 -2.7378917 4294901760
24.726442 3.7615926 -2.6006315 4294901760
21.404369 2.1930461 -2.6849005 4294901760
26.443687 5.3559971 -2.5754797 4294901760
5.9551907 0.8847 -3.2323704 4294901760
8.4739923 0.83835316 -3.137857 4294901760
10.676974 1.5861657 -3.0504377 4294901760
13.591451 1.3446362 -2.9715228 4294901760
15.428451 2.2920425 -2.8742857 4294901760
18.619892 0.92696255 -2.73511 4294901760
24.751263 3.6770346 -2.596684 4294901760
21.38809 2.1159773 -2.6802886 4294901760
5.9580913 0.86494535 -3.2313793 4294901760
8.4767256 0.81024551 -3.136508 4294901760
10.682175 1.5507479 -3.048661 4294901760
13.599786 1.2999319 -2.9697075 4294901760
15.428094 2.2397203 -2.8711557 4294901760
18.622862 0.86520672 -2.7322786 4294901760
24.783064 3.5977957 -2.5932217 4294901760
21.379116 2.0435169 -2.6762094 4294901760
5.9650364 0.84363997 -3.2312219 4294901760
8.4835443 0.77952802 -3.1356506 4294901760
10.683874 1.511029 -3.0462341 4294901760
13.612362 1.2508 -2.9680183 4294901760
15.448013 2.1848252 -2.8691683 4294901760
18.625908 0.79693985 -2.7291591 4294901760
24.800035 3.5074892 -2.5888078 4294901760
21.378521 1.9644097 -2.6721241 4294901760
26.514006 5.0818 -2.5614326 4294901760
5.9641285 0.82228804 -3.2292492 4294901760
8.4823065 0.74956661 -3.1336095 4294901760
10.700829 1.4753478 -3.0457764 4294901760
13.600835 1.201882 -2.9643624 4294901760
15.459485 2.1314347 -2.8667593 4294901760
18.624598 0.7317661 -2.7259936 4294901760
24.827938 3.4230847 -2.585011 4294901760
21.381277 1.8894262 -2.6683979 4294901760
5.9668221 0.80250698 -3.228266 4294901760
8.4886532 0.7217682 -3.1329005 4294901760
10.697828 1.4388031 -3.0430791 4294901760
13.624513 1.158457 -2.9639525 4294901760
15.466468 2.0801606 -2.8642108 4294901760
18.634882 0.67029047 -2.723598 4294901760
24.791698 3.3343563 -2.5793669 4294901760
21.415232 1.8208816 -2.6661923 4294901760
25.955236 4.7917886 -2.5345588 4294901760
5.9772258 0.78267258 -3.2291 4294901760
8.4950314 0.69244927 -3.1321232 4294901760
10.722381 1.4040147 -3.0435579 4294901760
13.636385 1.1115327 -2.9623907 4294901760
15.481522 2.0271883 -2.8620918 4294901760
18.660992 0.6060093 -2.7218747 4294901760
24.862532 3.2555609 -2.5770068 4294901760
21.409538 1.7451401 -2.6621518 4294901760
5.9837427 0.76229161 -3.2290018 4294901760
8.4934855 0.66248876 -3.130096 4294901760
10.731136 1.3670801 -3.0421743 4294901760
13.652049 1.0648547 -2.9611788 4294901760
15.488503 1.9731388 -2.859422 4294901760
18.670954 0.54110134 -2.7193429 4294901760
24.881659 3.1697686 -2.5729752 4294901760
21.403574 1.6694709 -2.6581261 4294901760
26.554037 4.7108798 -2.5416651 4294901760
5.9787221 0.74045128 -3.2261093 4294901760
8.4918346 0.63254321 -3.1280735 4294901760
10.724075 1.3281527 -3.0389354 4294901760
13.667554 1.0180743 -2.9599693 4294901760
15.491349 1.9185688 -2.856482 4294901760
18.676712 0.47602063 -2.7166159 4294901760
24.908415 3.0848513 -2.5692062 4294901760
21.42915 1.5962231 -2.6554306 4294901760
5.9850941 0.72003847 -3.2260158 4294901760
8.4979038 0.60317689 -3.1273081 4294901760
10.740419 1.2921293 -3.0384896 4294901760
13.663109 0.96980047 -2.9570417 4294901760
15.501901 1.8649606 -2.8541038 4294901760
18.686224 0.41100308 -2.7140994 4294901760
24.930914 2.9993207 -2.5653176 4294901760
21.42664 1.5208519 -2.6515925 4294901760
5.9875712 0.69914061 -3.2249935 4294901760
8.4843044 0.57245147 -3.123421 4294901760
10.744864 1.2546275 -3.0366545 4294901760
13.654532 0.92129624 -2.9537799 4294901760
15.512267 1.8112947 -2.8517313 4294901760
18.679581 0.34562108 -2.7107863 4294901760
24.957088 2.9141221 -2.5615618 4294901760
21.427837 1.4457753 -2.6479304 4294901760
5.9898567 0.67928237 -3.2240248 4294901760
8.4978981 0.54506826 -3.1239817 4294901760
10.745039 1.2185459 -3.0344536 4294901760
13.681273 0.87753785 -2.9537265 4294901760
15.518188 1.7598472 -2.8492217 4294901760
18.668676 0.28349775 -2.7074304 4294901760
24.974545 2.8322494 -2.5577748 4294901760
21.424557 1.3742042 -2.6442921 4294901760
5.9920764 0.65941393 -3.2230585 4294901760
8.4918299 0.51640671 -3.1214247 4294901760
10.756878 1.1837691 -3.0336442 4294901760
13.69995 0.83312398 -2.952987 4294901760
15.5358 1.7096782 -2.8475418 4294901760
18.681461 0.22172512 -2.7052841 4294901760
24.975866 2.7485354 -2.5534968 4294901760
21.397161 1.3012083 -2.6396937 4294901760
5.998395 0.63680935 -3.2228715 4294901760
8.4898338 0.48357561 -3.1192913 4294901760
10.761344 1.1424596 -3.0316417 4294901760
13.675318 0.77893752 -2.9481585 4294901760
15.530384 1.6487566 -2.8438287 4294901760
18.638369 0.14964463 -2.6999266 4294901760
24.966394 2.6505144 -2.5482283 4294901760
21.40996 1.2194979 -2.6362104 4294901760
6.0005808 0.61586839 -3.2218599 4294901760
8.4875526 0.45373005 -3.117301 4294901760
10.757401 1.1040837 -3.0289056 4294901760
13.697765 0.73225904 -2.9476602 4294901760
15.555824 1.5965688 -2.8425746 4294901760
18.64674 0.084623799 -2.6974597 4294901760
24.99534 2.5653915 -2.5446334 4294901760
21.465841 1.1475271 -2.6348486 4294901760
6.0025907 0.59596759 -3.2209015 4294901760
8.4929285 0.42577994 -3.1166277 4294901760
10.764938 1.0687976 -3.0276475 4294901760
13.712007 0.68743044 -2.9465914 4294901760
15.549162 1.5437995 -2.8392725 4294901760
18.654882 0.022802114 -2.6951427 4294901760
25.051359 2.4872258 -2.5421119 4294901760
21.485455 1.0771403 -2.6322134 4294901760
5.9968657 0.57532161 -3.2180922 4294901760
8.4903755 0.39742818 -3.1147146 4294901760
10.776292 1.0338457 -3.0268517 4294901760
13.694392 0.64102435 -2.9428065 4294901760
15.554196 1.4922237 -2.836796 4294901760
18.666805 -0.039090198 -2.6930292 4294901760
25.063444 2.4045129 -2.538244 4294901760
21.476961 1.0053207 -2.6284668 4294901760
5.9989333 0.55333662 -3.2170401 4294901760
8.4878569 0.3661356 -3.1126714 4294901760
10.787879 0.99506497 -3.0258782 4294901760
13.708543 0.5913372 -2.941529 4294901760
15.5754 1.436662 -2.8351517 4294901760
18.678486 -0.1075808 -2.6906374 4294901760
25.048246 2.3104293 -2.5331192 4294901760
21.468554 0.92607617 -2.6243918 4294901760
6.0084095 0.53412378 -3.2179415 4294901760
8.4968624 0.33830065 -3.1126289 4294901760
10.787184 0.95893788 -3.0237134 4294901760
13.702497 0.54556185 -2.938781 4294901760
15.588003 1.3857117 -2.8332283 4294901760
18.662096 -0.1693719 -2.6871643 4294901760
25.039871 2.2259452 -2.5286736 4294901760
21.479473 0.85520035 -2.6214645 4294901760
6.0140748 0.51347327 -3.2178686 4294901760
8.4979916 0.30863672 -3.1112819 4294901760
10.794403 0.92161101 -3.0223796 4294901760
13.688458 0.49714816 -2.935257 4294901760
15.600671 1.3319634 -2.8311799 4294901760
18.665373 -0.23456866 -2.6845407 4294901760
25.031588 2.1371617 -2.5240362 4294901760
21.299059 0.77355593 -2.6108141 4294901760
6.01583 0.49247837 -3.2168734 4294901760
8.5029373 0.27910176 -3.110558 4294901760
10.801493 0.88425064 -3.02105 4294901760
13.709939 0.45001721 -2.9347811 4294901760
15.581441 1.2755551 -2.8269832 4294901760
18.688335 -0.3001014 -2.6829002 4294901760
25.038895 2.0497777 -2.5198941 4294901760
21.245844 0.69737691 -2.6052532 4294901760
6.0137548 0.47012424 -3.2149081 4294901760
8.4999828 0.2478186 -3.1085343 4294901760
10.79284 0.84372836 -3.0178111 4294901760
13.703564 0.39952999 -2.9318414 4294901760
15.605836 1.2199835 -2.8256269 4294901760
18.639324 -0.36765778 -2.6776276 4294901760
25.03828 1.9573632 -2.5153203 4294901760
21.459465 0.62565482 -2.6100204 4294901760
6.0228839 0.45180655 -3.2158639 4294901760
8.5046406 0.22121751 -3.1079514 4294901760
10.799379 0.81011528 -3.0166698 4294901760
13.708717 0.35658279 -2.9302421 4294901760
15.597693 1.1700608 -2.8225141 4294901760
18.614187 -0.42566326 -2.673959 4294901760
25.056246 1.8795938 -2.5119693 4294901760
21.493206 0.5590682 -2.6082351 4294901760
6.0205827 0.4305037 -3.2139544 4294901760
8.4896755 0.19117396 -3.1041539 4294901760
10.802142 0.77241063 -3.0148995 4294901760
13.705914 0.30863532 -2.9277625 4294901760
15.617553 1.1167381 -2.8210266 4294901760
18.612589 -0.49064115 -2.6711867 4294901760
25.114395 1.7958128 -2.509388 4294901760
21.522928 0.48466206 -2.6059585 4294901760
6.0220485 0.40948942 -3.2129712 4294901760
8.4902906 0.16154413 -3.1028309 4294901760
10.812657 0.73524302 -3.0140433 4294901760
13.70294 0.26072481 -2.9252915 4294901760
15.621355 1.0622265 -2.8184755 4294901760
18.622707 -0.55595213 -2.6690025 4294901760
25.092642 1.7062587 -2.5044692 4294901760
21.524488 0.40954486 -2.6026042 4294901760
6.0197325 0.38611543 -3.2109718 4294901760
8.4908485 0.12894057 -3.1013803 4294901760
10.807513 0.69321144 -3.0112 4294901760
13.711773 0.20822464 -2.9236186 4294901760
15.621348 1.0019786 -2.8154118 4294901760
18.616453 -0.62732422 -2.665782 4294901760
25.099009 1.6098912 -2.499975 4294901760
21.525902 0.32688865 -2.5989265 4294901760
6.0248885 0.3653318 -3.2109153 4294901760
8.4912462 0.099298909 -3.1000662 4294901760
10.809868 0.65547913 -3.0094464 4294901760
13.704482 0.1602639 -2.9208295 4294901760
15.648569 0.94888401 -2.8144689 4294901760
18.61813 -0.69245708 -2.6632314 4294901760
25.116425 1.5229874 -2.4962487 4294901760
21.530897 0.25178808 -2.5957482 4294901760
6.0298519 0.34662449 -3.210958 4294901760
8.4797506 0.072523408 -3.0970445 4294901760
10.807927 0.62129092 -3.0074208 4294901760
13.70095 0.11717792 -2.9185941 4294901760
15.663385 0.9004057 -2.8129854 4294901760
18.635759 -0.75174308 -2.6617255 4294901760
25.109137 1.4433922 -2.4922485 4294901760
21.543545 0.18425202 -2.5932171 4294901760
6.0348716 0.32578033 -3.2109051 4294901760
8.4799519 0.042920876 -3.0957406 4294901760
10.817923 0.58398366 -3.0065815 4294901760
13.705244 0.069368444 -2.91682 4294901760
15.662461 0.84550625 -2.8101959 4294901760
18.664852 -0.8181898 -2.6605203 4294901760
25.121988 1.3561597 -2.4884286 4294901760
21.56399 0.10914512 -2.5906646 4294901760
6.0399246 0.30279997 -3.210757 4294901760
8.4918213 0.010376297 -3.0961511 4294901760
10.81219 0.54204834 -3.003768 4294901760
13.697474 0.016737171 -2.9138474 4294901760
15.661619 0.78516507 -2.8071647 4294901760
18.645662 -0.88908839 -2.6567714 4294901760
25.138966 1.2602936 -2.4843292 4294901760
21.584183 0.02637407 -2.5877876 4294901760
6.0369992 0.28364393 -3.2089689 4294901760
8.4996567 -0.016315013 -3.0962098 4294901760
10.805945 0.50770932 -3.0013092 4294901760
13.713328 -0.026322613 -2.9132905 4294901760
15.671955 0.73633522 -2.8054333 4294901760
18.622889 -0.94664645 -2.6533909 4294901760
25.170704 1.182627 -2.4814968 4294901760
21.568213 -0.041399989 -2.5842199 4294901760
6.0303016 0.2611804 -3.2061224 4294901760
8.4956169 -0.047447968 -3.0942402 4294901760
10.823528 0.46878144 -3.0012968 4294901760
13.721077 -0.076632127 -2.911761 4294901760
15.670576 0.67871356 -2.8025446 4294901760
18.603388 -1.0140343 -2.6498091 4294901760
25.170883 1.0901846 -2.4771659 4294901760
21.57589 -0.12050121 -2.5810745 4294901760
6.0311341 0.24118297 -3.2052112 4294901760
8.4914913 -0.075583585 -3.0924053 4294901760
10.832922 0.43320477 -3.0005593 4294901760
13.720748 -0.12212971 -2.909785 4294901760
15.676714 0.62690634 -2.8004382 4294901760
18.599922 -1.0757159 -2.6472623 4294901760
25.178349 1.0068734 -2.473474 4294901760
21.591318 -0.19218642 -2.5785656 4294901760
6.039638 0.22040829 -3.2060871 4294901760
8.4911747 -0.1052262 -3.0911226 4294901760
10.830417 0.39524117 -2.9983933 4294901760
13.724204 -0.17007612 -2.9080417 4294901760
15.702652 0.57304668 -2.7995179 4294901760
18.584127 -1.1399086 -2.6440299 4294901760
25.189682 0.91926283 -2.4697039 4294901760
21.590513 -0.26755872 -2.5753038 4294901760
6.0403705 0.19932593 -3.205133 4294901760
8.4986 -0.13498808 -3.0910647 4294901760
10.83173 0.35743582 -2.9966819 4294901760
13.715593 -0.21785255 -2.9053183 4294901760
15.700582 0.51810282 -2.7967765 4294901760
18.584009 -1.2050261 -2.6415584 4294901760
25.176783 0.83080763 -2.4652827 4294901760
21.589449 -0.34291747 -2.5720539 4294901760
6.0372105 0.17707105 -3.2032192 4294901760
8.4980478 -0.16613831 -3.0897262 4294901760
10.832969 0.31773037 -2.9948909 4294901760
13.706768 -0.26796967 -2.9025018 4294901760
15.718278 0.46101621 -2.7952187 4294901760
18.583443 -1.273409 -2.6389635 4294901760
25.207581 0.73933697 -2.4618871 4294901760
21.588047 -0.42205006 -2.5686536 4294901760
6.030036 0.15790324 -3.2005382 4294901760
8.5053272 -0.19301119 -3.0898011 4294901760
10.833913 0.28369811 -2.993361 4294901760
13.721725 -0.31138682 -2.9019685 4294901760
15.715672 0.41153243 -2.7927396 4294901760
18.571404 -1.3312112 -2.6362181 4294901760
25.229725 0.66066855 -2.4588723 4294901760
21.590599 -0.48995501 -2.565897 4294901760
6.0382514 0.13702711 -3.201422 4294901760
8.4928379 -0.2223928 -3.0867088 4294901760
10.838788 0.24596654 -2.9921119 4294901760
13.712623 -0.35907766 -2.8992705 4294901760
15.724964 0.3568494 -2.7907979 4294901760
18.574585 -1.3966302 -2.6339607 4294901760
25.195972 0.57177669 -2.453949 4294901760
21.576801 -0.5650084 -2.5622408 4294901760
6.0464158 0.11504143 -3.2022598 4294901760
8.4958868 -0.25363615 -3.0859931 4294901760
10.831714 0.20608835 -2.9894474 4294901760
13.707247 -0.40921608 -2.8968072 4294901760
15.718214 0.29906079 -2.7877085 4294901760
18.573315 -1.4650134 -2.6313968 4294901760
25.221838 0.47988036 -2.4504719 4294901760
21.578571 -0.64420658 -2.5590246 4294901760
6.0467806 0.093934797 -3.2013204 4294901760
8.4988699 -0.28342152 -3.0853443 4294901760
10.820512 0.16809319 -2.9864306 4294901760
13.713667 -0.45732531 -2.895432 4294901760
15.715186 0.24413037 -2.7850099 4294901760
18.568089 -1.5298374 -2.6287897 4294901760
25.251287 0.39227065 -2.4473045 4294901760
21.604082 -0.720456 -2.5568514 4294901760
6.0432329 0.071725905 -3.1994259 4294901760
8.4938536 -0.31442443 -3.0834229 4294901760
10.832911 0.12857363 -2.9860041 4294901760
13.707933 -0.50743854 -2.8929856 4294901760
15.735858 0.18676572 -2.7837381 4294901760
18.538548 -1.5958331 -2.6249645 4294901760
25.244574 0.29962274 -2.4429872 4294901760
21.613249 -0.80007654 -2.5539436 4294901760
6.0434284 0.052740213 -3.1985867 4294901760
8.4967442 -0.34126449 -3.082907 4294901760
10.841166 0.094609447 -2.9853871 4294901760
13.706273 -0.55050075 -2.8911746 4294901760
15.740344 0.13736393 -2.7818091 4294901760
18.533443 -1.6540656 -2.6226404 4294901760
25.245392 0.22031324 -2.439482 4294901760
21.586729 -0.8670125 -2.5502229 4294901760
6.0435758 0.031644382 -3.1976576 4294901760
8.4915819 -0.37075049 -3.0810583 4294901760
10.837478 0.056745425 -2.9832771 4294901760
13.704268 -0.59834123 -2.8891695 4294901760
15.760613 0.082523145 -2.7806656 4294901760
18.51169 -1.7172778 -2.6193397 4294901760
25.238028 0.13214722 -2.4353893 4294901760
21.58357 -0.94235897 -2.5470653 4294901760
6.0436511 0.0094933584 -3.1966853 4294901760
8.4980021 -0.40224209 -3.0809689 4294901760
10.829709 0.01701129 -2.9806492 4294901760
13.709909 -0.64894104 -2.8877194 4294901760
15.756832 0.02475081 -2.7778752 4294901760
18.560774 -1.7904687 -2.6191957 4294901760
25.246321 0.039656885 -2.4315386 4294901760
21.560059 -1.0205179 -2.5430474 4294901760
6.0513535 -0.010561625 -3.1976278 4294901760
8.4966221 -0.43042034 -3.0797968 4294901760
10.841563 -0.018922135 -2.9804032 4294901760
13.695793 -0.69379896 -2.8848593 4294901760
15.756828 -0.027500909 -2.7755897 4294901760
18.530956 -1.8496354 -2.6156812 4294901760
25.266266 -0.044098042 -2.4283974 4294901760
21.560541 -1.0922099 -2.5402157 4294901760
6.0474272 -0.031664535 -3.1957979 4294901760
8.4989834 -0.46028849 -3.0791712 4294901760
10.833526 -0.056724712 -2.9778717 4294901760
13.693288 -0.74160194 -2.8828778 4294901760
15.756636 -0.082502291 -2.7731919 4294901760
18.512503 -1.913081 -2.6125977 4294901760
25.269947 -0.13231431 -2.4246566 4294901760
21.572519 -1.1683258 -2.5376637 4294901760
6.0434194 -0.053794954 -3.1939268 4294901760
8.5011559 -0.49166217 -3.0784881 4294901760
10.84115 -0.096501522 -2.9770277 4294901760
13.69444 -0.79201448 -2.8811274 4294901760
15.760206 -0.14028805 -2.7709367 4294901760
18.517246 -1.9821916 -2.6104822 4294901760
25.269295 -0.22493234 -2.4206336 4294901760
21.56809 -1.2473851 -2.534399 4294901760
6.0508981 -0.074985586 -3.1948295 4294901760
8.4915581 -0.52085358 -3.0760622 4294901760
10.836795 -0.13429467 -2.9749501 4294901760
13.667828 -0.83835459 -2.877234 4294901760
15.771548 -0.19544847 -2.7693126 4294901760
18.533966 -2.049443 -2.6090395 4294901760
25.284313 -0.31333515 -2.4172256 4294901760
21.507896 -1.3192472 -2.5293324 4294901760
6.0544667 -0.095111161 -3.1948709 4294901760
8.4936972 -0.54926276 -3.0755103 4294901760
10.840241 -0.17029211 -2.9738395 4294901760
13.688731 -0.88521057 -2.8773003 4294901760
15.754908 -0.24749786 -2.7660501 4294901760
18.519156 -2.1099913 -2.6062953 4294901760
25.283134 -0.39717919 -2.4136095 4294901760
21.495447 -1.3900483 -2.526129 4294901760
6.0540981 -0.11624461 -3.1939628 4294901760
8.4956417 -0.57917476 -3.0749011 4294901760
10.847486 -0.20828235 -2.9730906 4294901760
13.693475 -0.93352747 -2.8759892 4294901760
15.769854 -0.30279663 -2.7646909 4294901760
18.503767 -2.1736929 -2.6034384 4294901760
25.281597 -0.4854314 -2.4098163 4294901760
21.454666 -1.4626323 -2.5218086 4294901760
6.0651846 -0.13869742 -3.1957304 4294901760
8.4934616 -0.61030895 -3.0736346 4294901760
10.858503 -0.24831004 -2.9727025 4294901760
13.693919 -0.98399472 -2.8742673 4294901760
15.760686 -0.36041218 -2.7617147 4294901760
18.507534 -2.2429352 -2.6013601 4294901760
25.303585 -0.57863724 -2.4064515 4294901760
21.465067 -1.5424007 -2.519166 4294901760
6.0569897 -0.15860787 -3.1930614 4294901760
8.5031242 -0.6393531 -3.0742948 4294901760
10.849717 -0.28410983 -2.9702909 4294901760
13.682667 -1.0288049 -2.871789 4294901760
15.77133 -0.41298684 -2.7602346 4294901760
18.519756 -2.3067575 -2.5998924 4294901760
25.289555 -0.66223031 -2.4025712 4294901760
21.455858 -1.613274 -2.5161431 4294901760
6.0563993 -0.17974973 -3.1921625 4294901760
8.4812908 -0.66749203 -3.0700967 4294901760
10.856561 -0.3222152 -2.9695544 4294901760
13.667125 -1.075626 -2.8689055 4294901760
15.761842 -0.46780053 -2.7573948 4294901760
18.47999 -2.367341 -2.5960076 4294901760
25.279112 -0.75026655 -2.3986189 4294901760
21.438171 -1.6872207 -2.5127056 4294901760
6.0519199 -0.19970541 -3.190407 4294901760
8.4829397 -0.69593406 -3.0695648 4294901760
10.835682 -0.35756329 -2.9658468 4294901760
13.667438 -1.1212664 -2.8674004 4294901760
15.748281 -0.51967257 -2.7544339 4294901760
18.499678 -2.4322441 -2.5949097 4294901760
25.248571 -0.8331697 -2.3943751 4294901760
21.436436 -1.7586292 -2.5099835 4294901760
6.0588851 -0.22111033 -3.1913228 4294901760
8.4843664 -0.7258752 -3.0689771 4294901760
10.838318 -0.39552888 -2.9646857 4294901760
13.659487 -1.1686296 -2.8651714 4294901760
15.762268 -0.57522136 -2.7531056 4294901760
18.483181 -2.495739 -2.5921099 4294901760
25.273422 -0.92231733 -2.3913414 4294901760
21.418247 -1.8324261 -2.5065744 4294901760
3.6433771 -0.32516274 -3.3008766 4294901760
6.0580339 -0.24331577 -3.1903887 4294901760
8.4894629 -0.75766432 -3.0689325 4294901760
10.840744 -0.43540925 -2.96345 4294901760
13.659063 -1.219039 -2.8634896 4294901760
15.752106 -0.63266993 -2.7501805 4294901760
18.473907 -2.5634661 -2.5895529 4294901760
25.289808 -1.0157436 -2.387933 4294901760
21.435213 -1.9130417 -2.5042586 4294901760
3.6422791 -0.33724284 -3.3003962 4294901760
6.0533457 -0.26323622 -3.1886439 4294901760
8.4790926 -0.78508902 -3.0666175 4294901760
10.843189 -0.4715277 -2.962378 4294901760
13.650997 -1.2639616 -2.8613725 4294901760
15.74595 -0.68472946 -2.7477441 4294901760
18.465305 -2.6247144 -2.58725 4294901760
25.266367 -1.0987351 -2.3839328 4294901760
21.428753 -1.984113 -2.5014322 4294901760
3.6302538 -0.34891421 -3.2953403 4294901760
6.0562377 -0.28454554 -3.1886637 4294901760
8.4723959 -0.8143065 -3.0648479 4294901760
10.83753 -0.50918919 -2.9603631 4294901760
13.65045 -1.3119843 -2.8598006 4294901760
15.735518 -0.73931563 -2.7449555 4294901760
18.467857 -2.690877 -2.5853596 4294901760
25.262379 -1.1869246 -2.3802495 4294901760
21.397884 -2.0566127 -2.4976583 4294901760
6.0513606 -0.30548981 -3.1868825 4294901760
8.4812107 -0.84504247 -3.0654714 4294901760
10.827791 -0.54661757 -2.957922 4294901760
13.649736 -1.3600188 -2.8582358 4294901760
15.736813 -0.7944389 -2.7429161 4294901760
18.466228 -2.7565017 -2.5833037 4294901760
25.278009 -1.2761055 -2.3770599 4294901760
21.382641 -2.1305025 -2.494442 4294901760
3.6421535 -0.37573752 -3.3004081 4294901760
6.0541029 -0.32681879 -3.1869078 4294901760
8.474308 -0.87423974 -3.0637116 4294901760
10.825816 -0.58441031 -2.9563551 4294901760
13.6528 -1.4084715 -2.8569925 4294901760
15.729972 -0.84915143 -2.7403936 4294901760
18.44862 -2.8197401 -2.580564 4294901760
25.301289 -1.3658401 -2.3740692 4294901760
21.398869 -2.2075834 -2.4923131 4294901760
3.6372151 -0.38806415 -3.2983947 4294901760
6.0490804 -0.34772852 -3.1851344 4294901760
8.4673042 -0.90339917 -3.0619578 4294901760
10.827658 -0.62242275 -2.9552269 4294901760
13.651746 -1.4565409 -2.8554409 4294901760
15.730883 -0.90428233 -2.7383704 4294901760
18.450468 -2.8859673 -2.5787015 4294901760
25.288401 -1.4536917 -2.3702321 4294901760
21.398958 -2.2831118 -2.489656 4294901760
3.6358385 -0.400758 -3.2978995 4294901760
6.0478292 -0.36884159 -3.1842656 4294901760
8.4679985 -0.93337977 -3.0614007 4294901760
10.837254 -0.6609363 -2.954967 4294901760
13.634747 -1.5028814 -2.8526421 4294901760
15.739538 -0.95991403 -2.7368433 4294901760
18.420618 -2.9472075 -2.5754693 4294901760
25.291138 -1.5424416 -2.3667879 4294901760
21.402746 -2.3591044 -2.4871423 4294901760
3.6416211 -0.4142665 -3.3004365 4294901760
6.046505 -0.38995022 -3.1834002 4294901760
8.4724817 -0.9638195 -3.0614417 4294901760
10.838824 -0.69901574 -2.9538474 4294901760
13.645187 -1.5522603 -2.8520455 4294901760
15.728156 -1.0143377 -2.7341039 4294901760
18.406288 -3.0108464 -2.5729406 4294901760
25.253746 -1.6286604 -2.3624198 4294901760
21.406267 -2.4351516 -2.4846382 4294901760
3.6437538 -0.42739797 -3.3014596 4294901760
6.0451074 -0.41105407 -3.182538 4294901760
8.4729624 -0.99384522 -3.0608919 4294901760
10.832376 -0.73657787 -2.9518716 4294901760
13.635745 -1.5994192 -2.8498907 4294901760
15.712616 -1.0684235 -2.7311325 4294901760
18.415308 -3.0783617 -2.5714514 4294901760
25.247906 -1.7168024 -2.3588197 4294901760
21.381796 -2.5080006 -2.48122 4294901760
3.6350412 -0.4392446 -3.2979412 4294901760
6.0474772 -0.43242767 -3.1825778 4294901760
8.4694424 -1.0234152 -3.0597522 4294901760
10.825795 -0.77410352 -2.9499028 4294901760
13.641895 -1.6484349 -2.8489926 4294901760
15.70879 -1.1232643 -2.7289009 4294901760
18.404449 -3.1426239 -2.5691154 4294901760
25.245739 -1.8052083 -2.3553262 4294901760
21.384789 -2.5840566 -2.4787385 4294901760
3.6298888 -0.45148319 -3.2959409 4294901760
6.0459313 -0.45353472 -3.1817222 4294901760
8.4580336 -1.0520047 -3.0574317 4294901760
10.826969 -0.81218368 -2.9488008 4294901760
13.639998 -1.696534 -2.8474767 4294901760
15.692876 -1.177199 -2.7259526 4294901760
18.393368 -3.2068486 -2.5667908 4294901760
25.219387 -1.891829 -2.3512945 4294901760
21.340031 -2.654259 -2.4746964 4294901760
3.6320479 -0.46334332 -3.2970181 4294901760
6.0367961 -0.47192582 -3.1791606 4294901760
8.4507952 -1.0780748 -3.0558236 4294901760
10.824365 -0.84619349 -2.947427 4294901760
13.650344 -1.7413856 -2.8470824 4294901760
15.685135 -1.2261837 -2.7237201 4294901760
18.359673 -3.2604387 -2.5636897 4294901760
25.21332 -1.9710485 -2.3480947 4294901760
21.339495 -2.7222967 -2.4723945 4294901760
3.6268144 -0.47554734 -3.2950227 4294901760
6.0389514 -0.4933089 -3.1792092 4294901760
8.4430914 -1.1070569 -3.0541081 4294901760
10.829223 -0.88461584 -2.9467635 4294901760
13.648116 -1.789539 -2.8455784 4294901760
15.688687 -1.281575 -2.7219982 4294901760
18.336428 -3.3223765 -2.5608821 4294901760
25.257988 -2.0632706 -2.3457336 4294901760
21.341721 -2.7983232 -2.4699478 4294901760
3.6286395 -0.48932159 -3.2960308 4294901760
6.0371022 -0.51543951 -3.1783221 4294901760
8.4312038 -1.1369468 -3.0517519 4294901760
10.814093 -0.92329246 -2.9438887 4294901760
13.645398 -1.8400803 -2.8439915 4294901760
15.679921 -1.3387302 -2.7194531 4294901760
18.324125 -3.3895605 -2.5584812 4294901760
25.258205 -2.1565111 -2.3422036 4294901760
21.339222 -2.8775914 -2.4672403 4294901760
3.6234062 -0.50085557 -3.2940648 4294901760
6.0353603 -0.53545642 -3.1775227 4294901760
8.4312716 -1.1654364 -3.0512869 4294901760
10.818847 -0.95984674 -2.9433115 4294901760
13.635291 -1.8847767 -2.8419735 4294901760
15.687281 -1.3917736 -2.718096 4294901760
18.320612 -3.4517813 -2.5566566 4294901760
25.242968 -2.239553 -2.3386796 4294901760
21.297972 -2.9439723 -2.4635375 4294901760
3.618046 -0.51299161 -3.2920778 4294901760
6.0372901 -0.55687433 -3.1775796 4294901760
8.431036 -1.1954105 -3.0507705 4294901760
10.81543 -0.9976058 -2.9418092 4294901760
13.648272 -1.9351463 -2.8417275 4294901760
15.682327 -1.4465241 -2.7159178 4294901760
18.304541 -3.5149603 -2.554224 4294901760
25.254864 -2.3294864 -2.3356202 4294901760
21.311247 -3.021656 -2.4615111 4294901760
3.6162336 -0.52561784 -3.2916048 4294901760
6.0314746 -0.57757777 -3.1758499 4294901760
8.4229298 -1.2242689 -3.0490782 4294901760
10.823685 -1.0364829 -2.9415922 4294901760
13.657141 -1.985059 -2.8411765 4294901760
15.661345 -1.4997401 -2.7127941 4294901760
18.303883 -3.5811272 -2.5524738 4294901760
25.234661 -2.416487 -2.331861 4294901760
21.320299 -3.0988953 -2.4593637 4294901760
3.6179626 -0.53877157 -3.2926443 4294901760
6.0294223 -0.59862798 -3.175019 4294901760
8.4069672 -1.2519298 -3.0462132 4294901760
10.80427 -1.0726962 -2.9383976 4294901760
13.650128 -2.0327191 -2.8393984 4294901760
15.659973 -1.5547923 -2.7108743 4294901760
18.314709 -3.6496682 -2.5512326 4294901760
25.214161 -2.5033748 -2.32812 4294901760
21.317238 -3.1744723 -2.4568424 4294901760
3.6160598 -0.55139738 -3.2921751 4294901760
6.031127 -0.62006491 -3.1750851 4294901760
8.4064236 -1.2818593 -3.0457122 4294901760
10.80439 -1.1108079 -2.9373403 4294901760
13.646872 -2.0809526 -2.8379359 4294901760
15.658405 -1.609853 -2.7089627 4294901760
18.301857 -3.7135763 -2.5489991 4294901760
25.237022 -2.5946381 -2.3253598 4294901760
21.306026 -3.2488642 -2.4540787 4294901760
3.6069498 -0.56289846 -3.2886896 4294901760
6.0289264 -0.6411137 -3.1742606 4294901760
8.4057741 -1.3118001 -3.0452154 4294901760
10.804377 -1.1489333 -2.9362879 4294901760
13.655209 -2.1310239 -2.8374012 4294901760
15.664557 -1.6657629 -2.7075329 4294901760
18.280981 -3.7758279 -2.5464456 4294901760
25.207973 -2.6806061 -2.3214748 4294901760
21.28668 -3.3219869 -2.4510756 4294901760
3.6013825 -0.5749141 -3.2867172 4294901760
6.0266519 -0.66215456 -3.1734395 4294901760
8.4011431 -1.3411337 -3.0441349 4294901760
10.800301 -1.1866404 -2.9348168 4294901760
13.647686 -2.1786764 -2.8356459 4294901760
15.646787 -1.7191288 -2.7046907 4294901760
18.271587 -3.8404362 -2.5444021 4294901760
25.222261 -2.7711964 -2.3185611 4294901760
21.286762 -3.3981559 -2.4487162 4294901760
3.6065094 -0.58864975 -3.2892728 4294901760
6.0166478 -0.68231952 -3.1708384 4294901760
8.39641 -1.3704512 -3.0430593 4294901760
10.803947 -1.2252245 -2.9341993 4294901760
13.643914 -2.2269421 -2.8342044 4294901760
15.644641 -1.7741845 -2.7028046 4294901760
18.281437 -3.9091897 -2.5431943 4294901760
25.224329 -2.8605714 -2.3153982 4294901760
21.274771 -3.4724405 -2.445991 4294901760
3.6044328 -0.60123521 -3.2888131 4294901760
6.0180559 -0.70376486 -3.170917 4294901760
8.3877068 -1.3991064 -3.0414021 4294901760
10.791753 -1.2620115 -2.9318936 4294901760
13.651713 -2.2771657 -2.8336866 4294901760
15.638352 -1.8287836 -2.7006912 4294901760
18.26379 -3.9721341 -2.5408411 4294901760
25.174557 -2.9439685 -2.311137 4294901760
21.286116 -3.5506175 -2.4440279 4294901760
3.6131406 -0.61500967 -3.292901 4294901760
6.0195136 -0.72417766 -3.1710386 4294901760
8.3752871 -1.425597 -3.0392177 4294901760
10.791434 -1.2982637 -2.9309366 4294901760
13.663646 -2.3257532 -2.8335648 4294901760
15.636152 -1.8811074 -2.6989272 4294901760
18.262182 -4.0352545 -2.5392654 4294901760
25.251812 -3.0379195 -2.3097861 4294901760
21.270294 -3.6205165 -2.4413369 4294901760
3.6073997 -0.62699723 -3.2909374 4294901760
6.020772 -0.74565864 -3.1711223 4294901760
8.3779888 -1.4561667 -3.0393312 4294901760
10.798603 -1.337382 -2.9307566 4294901760
13.651533 -2.3727546 -2.8315332 4294901760
15.621596 -1.9346985 -2.6963627 4294901760
18.267416 -4.1033411 -2.5379171 4294901760
25.237095 -3.1255558 -2.3063173 4294901760
21.265379 -3.6961067 -2.4388962 4294901760
3.60162 -0.63895243 -3.2889767 4294901760
6.0181322 -0.76667058 -3.1703186 4294901760
8.380578 -1.4867728 -3.039448 4294901760
10.789948 -1.3745686 -2.9288936 4294901760
13.635354 -2.4190066 -2.8292077 4294901760
15.618692 -1.9897189 -2.6945114 4294901760
18.264629 -4.1697412 -2.5362496 4294901760
25.111242 -3.1990075 -2.3005178 4294901760
21.118885 -3.7466371 -2.4320285 4294901760
3.6029348 -0.65216613 -3.2900317 4294901760
6.0154195 -0.787673 -3.1695185 4294901760
8.3714781 -1.5153188 -3.0378129 4294901760
10.781166 -1.411711 -2.927038 4294901760
13.626827 -2.4665878 -2.8274992 4294901760
15.615597 -2.0447423 -2.6926682 4294901760
18.284882 -4.2415705 -2.5355678 4294901760
25.119705 -3.2892325 -2.297596 4294901760
21.266521 -3.8494463 -2.4344168 4294901760
3.5970716 -0.66408068 -3.2880766 4294901760
6.0126328 -0.80866593 -3.1687222 4294901760
8.3738518 -1.5459557 -3.0379376 4294901760
10.768336 -1.4482819 -2.9247696 4294901760
13.614232 -2.5134192 -2.8254964 4294901760
15.608363 -2.0992386 -2.6906006 4294901760
18.277716 -4.3071976 -2.5337539 4294901760
25.127842 -3.3795559 -2.2946839 4294901760
21.276476 -3.928 -2.4324975 4294901760
3.5911686 -0.67596215 -3.2861245 4294901760
6.0135894 -0.83017582 -3.1688175 4294901760
8.3568401 -1.5729998 -3.0351455 4294901760
10.771048 -1.4869428 -2.9241898 4294901760
13.601476 -2.5601923 -2.8235035 4294901760
15.61276 -2.1553409 -2.6892395 4294901760
18.289682 -4.3774619 -2.532759 4294901760
25.206806 -3.4797986 -2.2932622 4294901760
21.282225 -4.0059323 -2.4304643 4294901760
3.5923481 -0.68917662 -3.2871854 4294901760
6.0144682 -0.85170209 -3.1689157 4294901760
8.362855 -1.604378 -3.0358632 4294901760
10.765792 -1.5245316 -2.9227753 4294901760
13.608045 -2.6106451 -2.8230293 4294901760
15.620892 -2.2120569 -2.6881163 4294901760
18.270422 -4.4403377 -2.5304794 4294901760
25.170801 -3.5644088 -2.2894619 4294901760
21.260283 -4.0786943 -2.4275904 4294901760
3.5826824 -0.70094645 -3.2837124 4294901760
6.0036831 -0.87263256 -3.1663153 4294901760
8.3530693 -1.6342654 -3.0341992 4294901760
10.764043 -1.5645486 -2.9217162 4294901760
13.598385 -2.6605036 -2.8212707 4294901760
15.612679 -2.2692955 -2.6859717 4294901760
18.265625 -4.5101371 -2.5287514 4294901760
25.173363 -3.6589365 -2.2863309 4294901760
21.268665 -4.1611824 -2.4255681 4294901760
3.5908794 -0.71557343 -3.2877853 4294901760
5.992981 -0.8924492 -3.1637599 4294901760
8.3396206 -1.6618801 -3.0320108 4294901760
10.754607 -1.6015303 -2.9198964 4294901760
13.596798 -2.7095056 -2.8202069 4294901760
15.596794 -2.3226082 -2.6834774 4294901760
18.276814 -4.580646 -2.5277798 4294901760
25.030195 -3.7273903 -2.2803915 4294901760
21.238371 -4.2322822 -2.4224811 4294901760
3.5849342 -0.72675711 -3.2858658 4294901760
5.9976048 -0.91347778 -3.1647944 4294901760
8.3340635 -1.6895262 -3.0310445 4294901760
10.749237 -1.6371851 -2.9185715 4294901760
13.58385 -2.7537909 -2.818331 4294901760
15.596871 -2.3755143 -2.6820166 4294901760
18.269241 -4.6431904 -2.5261188 4294901760
24.938803 -3.7983568 -2.2757044 4294901760
21.232035 -4.3042722 -2.4202602 4294901760
3.5859256 -0.73999906 -3.2869334 4294901760
5.9905734 -0.93381441 -3.1631343 4294901760
8.3204327 -1.7170218 -3.0288689 4294901760
10.739552 -1.6740882 -2.9167662 4294901760
13.570268 -2.8003888 -2.8163817 4294901760
15.592413 -2.4305553 -2.6802323 4294901760
18.272205 -4.7119064 -2.524842 4294901760
24.980589 -3.8939905 -2.2735994 4294901760
21.212975 -4.3775539 -2.4175627 4294901760
3.5797727 -0.75176674 -3.2849975 4294901760
5.987277 -0.95471978 -3.162364 4294901760
8.3182268 -1.7468611 -3.0284445 4294901760
10.729738 -1.7109436 -2.9149683 4294901760
13.544876 -2.8444786 -2.8135433 4294901760
15.595616 -2.4868472 -2.6789148 4294901760
18.263351 -4.7776756 -2.5230958 4294901760
25.11264 -4.0044141 -2.2733164 4294901760
21.220974 -4.45649 -2.4157126 4294901760
3.5735817 -0.76350039 -3.2830646 4294901760
5.9763041 -0.97437358 -3.1598275 4294901760
8.3235855 -1.7783449 -3.0291865 4294901760
10.735403 -1.7502948 -2.9148438 4294901760
13.534865 -2.8917418 -2.8119137 4294901760
15.571139 -2.5387106 -2.6760035 4294901760
18.223467 -4.8352685 -2.5200906 4294901760
25.067001 -4.0869112 -2.2694719 4294901760
21.216986 -4.5330372 -2.4135151 4294901760
3.5779798 -0.77750951 -3.2856402 4294901760
5.9690676 -0.994596 -3.1581812 4294901760
8.3249931 -1.8090549 -3.0293505 4294901760
10.72533 -1.7871084 -2.913059 4294901760
13.516933 -2.9372845 -2.8096957 4294901760
15.581797 -2.5963171 -2.675159 4294901760
18.194941 -4.8957472 -2.5175774 4294901760
24.934507 -4.1547127 -2.2639313 4294901760
21.216618 -4.6104569 -2.4114461 4294901760
3.5752439 -0.78999424 -3.2852137 4294901760
5.9655595 -1.0154258 -3.1574235 4294901760
8.3186274 -1.8381034 -3.0283582 4294901760
10.707337 -1.822546 -2.9104512 4294901760
13.514347 -2.9861617 -2.808681 4294901760
15.56872 -2.6500247 -2.6729534 4294901760
18.21232 -4.9686627 -2.5169735 4294901760
24.734968 -4.2102547 -2.2571158 4294901760
21.215967 -4.6879296 -2.4093876 4294901760
3.5726044 -0.80184585 -3.2848108 4294901760
5.9735441 -1.0371796 -3.1593575 4294901760
8.3124866 -1.8656788 -3.0274205 4294901760
10.712917 -1.8600714 -2.9104104 4294901760
13.496626 -3.0292225 -2.8065624 4294901760
15.559845 -2.701638 -2.6710837 4294901760
18.184225 -5.0258474 -2.5145857 4294901760
24.736593 -4.2949862 -2.2544544 4294901760
21.192524 -4.7565126 -2.4067621 4294901760
3.5662498 -0.81350553 -3.2828884 4294901760
5.9774733 -1.0593691 -3.1603715 4294901760
8.3059235 -1.8946835 -3.026439 4294901760
10.694683 -1.8953857 -2.9078183 4294901760
13.489841 -3.0771987 -2.8052657 4294901760
15.550321 -2.7559352 -2.6691253 4294901760
18.162737 -5.0882168 -2.5124257 4294901760
24.729311 -4.382699 -2.2514942 4294901760
21.210773 -4.8384385 -2.405309 4294901760
26.729298 -3.4003966 -2.1776409 4294901760
3.573983 -0.82840478 -3.2869699 4294901760
5.9737391 -1.0802279 -3.1596224 4294901760
8.2916164 -1.9218935 -3.0243053 4294901760
10.699671 -1.9348155 -2.9077201 4294901760
13.486747 -3.12606 -2.8042738 4294901760
15.540606 -2.810199 -2.6671765 4294901760
18.144865 -5.1515851 -2.5104353 4294901760
24.709934 -4.4682837 -2.2483189 4294901760
21.20929 -4.9160495 -2.4032807 4294901760
26.642061 -3.483844 -2.172946 4294901760
3.5568085 -0.83817238 -3.2805319 4294901760
5.9545879 -1.0993183 -3.1553118 4294901760
8.2845173 -1.9522709 -3.0232871 4294901760
10.684733 -1.9725837 -2.9054916 4294901760
13.490648 -3.179111 -2.8038027 4294901760
15.510647 -2.8635294 -2.6640122 4294901760
18.129688 -5.2191567 -2.5085151 4294901760
24.724783 -4.5646157 -2.2456875 4294901760
21.198891 -4.9955807 -2.4009075 4294901760
3.5575352 -0.85080588 -3.2816379 4294901760
5.9509096 -1.1190584 -3.1546092 4294901760
8.2703686 -1.9779083 -3.0212157 4294901760
10.682018 -2.0087354 -2.904644 4294901760
13.464594 -3.2201385 -2.8011274 4294901760
15.501064 -2.9149489 -2.6621821 4294901760
18.127577 -5.2837067 -2.5072711 4294901760
24.96833 -4.6952519 -2.2477348 4294901760
21.186083 -5.0667791 -2.3986788 4294901760
3.5545437 -0.86321884 -3.2812257 4294901760
5.9507504 -1.1405492 -3.1547544 4294901760
8.2710361 -2.0086162 -3.0214121 4294901760
10.678823 -2.0467541 -2.9037354 4294901760
13.453272 -3.2671192 -2.7995675 4294901760
15.502513 -2.9712856 -2.6609392 4294901760
18.082283 -5.339056 -2.5042286 4294901760
24.979219 -4.7876363 -2.2451704 4294901760
21.21476 -5.1519914 -2.3976023 4294901760
3.5585487 -0.87735671 -3.283813 4294901760
5.9429522 -1.1605759 -3.153141 4294901760
8.2715921 -2.0393531 -3.0216122 4294901760
10.675492 -2.0847752 -2.9028327 4294901760
13.434082 -3.31216 -2.7974267 4294901760
15.488145 -3.0246191 -2.6588066 4294901760
18.055906 -5.3998609 -2.5019791 4294901760
24.915365 -4.865624 -2.2412038 4294901760
21.165682 -5.2183785 -2.3942413 4294901760
3.5519474 -0.88889295 -3.2819066 4294901760
5.9313092 -1.1798106 -3.1506526 4294901760
8.2682276 -2.0691662 -3.0212398 4294901760
10.672027 -2.1227977 -2.9019361 4294901760
13.430136 -3.36096 -2.7964747 4294901760
15.481393 -3.0794401 -2.6571321 4294901760
18.033138 -5.4617009 -2.4998982 4294901760
24.819956 -4.936996 -2.2366748 4294901760
21.120262 -5.2854538 -2.3910158 4294901760
3.5453093 -0.9003939 -3.2800035 4294901760
5.9309297 -1.2012724 -3.1508086 4294901760
8.2571526 -2.0970497 -3.0197201 4294901760
10.668425 -2.1608219 -2.9010453 4294901760
13.402938 -3.4039128 -2.7937651 4294901760
15.474446 -3.1342514 -2.6554668 4294901760
18.006346 -5.5222788 -2.4976766 4294901760
24.75955 -5.0148902 -2.2328405 4294901760
21.113276 -5.3620892 -2.3889456 4294901760
3.5491657 -0.91457301 -3.2825954 4294901760
5.9267006 -1.2219678 -3.1500883 4294901760
8.2497816 -2.1258597 -3.0187821 4294901760
10.664688 -2.1988468 -2.9001603 4294901760
13.390974 -3.4506769 -2.7922428 4294901760
15.451727 -3.1858389 -2.6529188 4294901760
17.990763 -5.5862803 -2.4959302 4294901760
24.722355 -5.0972581 -2.2294693 4294901760
21.133038 -5.445704 -2.3876779 4294901760
3.5494592 -0.92787337 -3.2836914 4294901760
5.9186287 -1.2418574 -3.1484931 4294901760
8.2385168 -2.153652 -3.0172746 4294901760
10.637608 -2.2320023 -2.8968201 4294901760
13.37501 -3.4963961 -2.7904363 4294901760
15.444404 -3.2405729 -2.6512733 4294901760
17.982552 -5.6526289 -2.4945025 4294901760
24.817661 -5.2072868 -2.2285788 4294901760
21.059898 -5.5053229 -2.3837128 4294901760
3.5391903 -0.93839931 -3.2802989 4294901760
5.914258 -1.2625097 -3.1477809 4294901760
8.2309484 -2.1823967 -3.0163481 4294901760
10.641347 -2.271596 -2.896769 4294901760
13.351216 -3.5400112 -2.7880538 4294901760
15.432999 -3.2944641 -2.6494145 4294901760
17.989279 -5.7238183 -2.4936967 4294901760
24.779823 -5.2897196 -2.2252328 4294901760
21.094505 -5.5931072 -2.3829155 4294901760
3.5393941 -0.951689 -3.2813993 4294901760
5.9098148 -1.2831466 -3.1470726 4294901760
8.2270689 -2.2121332 -3.0160017 4294901760
10.625628 -2.30705 -2.894676 4294901760
13.346442 -3.5886548 -2.7871449 4294901760
15.41363 -3.3466272 -2.6471233 4294901760
17.988144 -5.7926812 -2.4925928 4294901760
24.67152 -5.3567123 -2.2206223 4294901760
21.071001 -5.6656709 -2.3804438 4294901760
3.5362186 -0.96342087 -3.2810249 4294901760
5.9055276 -1.3027372 -3.1464031 4294901760
8.2159033 -2.2383718 -3.0145576 4294901760
10.629498 -2.3448274 -2.8946989 4294901760
13.345953 -3.6360221 -2.7866094 4294901760
15.398565 -3.3968656 -2.6451561 4294901760
17.987768 -5.8584671 -2.4915903 4294901760
24.653624 -5.4384966 -2.2178278 4294901760
21.086716 -5.744945 -2.3792179 4294901760
3.5363288 -0.97672385 -3.2821288 4294901760
5.8971858 -1.3225006 -3.1448252 4294901760
8.2118206 -2.2680814 -3.0142214 4294901760
10.632819 -2.3845119 -2.8946624 4294901760
13.34083 -3.6846991 -2.7857144 4294901760
15.378854 -3.4488559 -2.6428876 4294901760
17.963425 -5.9199739 -2.4895928 4294901760
24.708464 -5.5411105 -2.2162414 4294901760
21.062693 -5.8174553 -2.3767715 4294901760
3.5259154 -0.98710722 -3.278749 4294901760
5.8925338 -1.3430775 -3.1441286 4294901760
8.2076311 -2.2977896 -3.0138893 4294901760
10.616723 -2.4198558 -2.8925905 4294901760
13.324066 -3.730175 -2.7839534 4294901760
15.382232 -3.5060518 -2.6419513 4294901760
17.950211 -5.9851618 -2.4880629 4294901760
24.65007 -5.6184583 -2.2126222 4294901760
21.049934 -5.8930917 -2.3746717 4294901760
3.5224483 -0.99940902 -3.2783625 4294901760
5.8878093 -1.3636383 -3.1434357 4294901760
8.1957865 -2.3253551 -3.0124173 4294901760
10.612062 -2.4577923 -2.8917496 4294901760
13.291877 -3.7712469 -2.7810395 4294901760
15.366024 -3.5588274 -2.6399233 4294901760
17.944304 -6.052875 -2.4868462 4294901760
24.603094 -5.6981668 -2.2092371 4294901760
21.036905 -5.9687104 -2.3725846 4294901760
3.5154545 -1.010697 -3.2764843 4294901760
5.8905129 -1.3859468 -3.1444983 4294901760
8.1876192 -2.3539495 -3.0115237 4294901760
10.603417 -2.4948204 -2.8905082 4294901760
13.267191 -3.8143318 -2.7787192 4294901760
15.345765 -3.6106217 -2.637687 4294901760
17.919296 -6.1141891 -2.4848862 4294901760
24.602474 -5.7885823 -2.2067041 4294901760
21.031271 -6.0465131 -2.3707294 4294901760
3.511905 -1.022962 -3.276103 4294901760
5.8781462 -1.4047093 -3.1420619 4294901760
8.1755867 -2.3814182 -3.0100639 4294901760
10.5908 -2.5308993 -2.8888669 4294901760
13.265225 -3.8639486 -2.7781501 4294901760
15.340805 -3.6660147 -2.6363375 4294901760
17.897844 -6.1767015 -2.4830902 4294901760
24.597643 -5.8781352 -2.2041142 4294901760
21.036829 -6.1276932 -2.3692133 4294901760
3.5150859 -1.0378799 -3.2786922 4294901760
5.8692145 -1.425335 -3.1404719 4294901760
8.1630421 -2.4102561 -3.0085666 4294901760
10.581453 -2.5696993 -2.8875785 4294901760
13.262391 -3.9159126 -2.7775161 4294901760
15.33886 -3.7250323 -2.6351261 4294901760
17.878845 -6.2435718 -2.4813678 4294901760
24.475117 -5.9437666 -2.1993482 4294901760
21.018053 -6.205884 -2.3669398 4294901760
3.5081508 -1.0484927 -3.2768409 4294901760
5.8719358 -1.4466332 -3.1415777 4294901760
8.1550035 -2.4373128 -3.0077348 4294901760
10.572874 -2.6047747 -2.8864195 4294901760
13.253133 -3.9610076 -2.7764535 4294901760
15.338006 -3.7787316 -2.6340995 4294901760
17.880575 -6.3107796 -2.4805827 4294901760
24.385532 -6.0077157 -2.1954472 4294901760
21.001175 -6.276691 -2.3649061 4294901760
3.5044699 -1.0607319 -3.2764664 4294901760
5.8705878 -1.4680558 -3.141778 4294901760
8.1577101 -2.4691732 -3.0085762 4294901760
10.575221 -2.6445417 -2.8864219 4294901760
13.231632 -4.0049467 -2.774462 4294901760
15.336298 -3.8351426 -2.6329918 4294901760
17.858438 -6.3731556 -2.4788225 4294901760
24.511515 -6.1295857 -2.1952081 4294901760
20.982956 -6.3511147 -2.3627729 4294901760
3.5007455 -1.0729584 -3.2760947 4294901760
5.8654275 -1.4885392 -3.1411078 4294901760
8.1527901 -2.4987831 -3.0082805 4294901760
10.573587 -2.6833847 -2.8860242 4294901760
13.213777 -4.0499463 -2.7727695 4294901760
15.311253 -3.8857183 -2.6305897 4294901760
17.847322 -6.4395099 -2.4775217 4294901760
24.493835 -6.2160916 -2.1924763 4294901760
20.968281 -6.4266572 -2.3607612 4294901760
3.4935169 -1.0840974 -3.2742331 4294901760
5.8527355 -1.5070831 -3.1386952 4294901760
8.1477652 -2.5283892 -3.0079899 4294901760
10.552673 -2.7173202 -2.8836098 4294901760
13.210928 -4.0995741 -2.7722383 4294901760
15.301447 -3.9401324 -2.6290669 4294901760
17.813511 -6.4976745 -2.4753408 4294901760
24.410162 -6.2856321 -2.1886301 4294901760
20.964756 -6.5057182 -2.3590841 4294901760
3.4966285 -1.0984583 -3.2768497 4294901760
5.8437119 -1.52653 -3.1371608 4294901760
8.1314058 -2.5544634 -3.0059958 4294901760
10.51253 -2.7461469 -2.8791854 4294901760
13.207894 -4.1492314 -2.771714 4294901760
15.30684 -3.9985459 -2.6284177 4294901760
17.801933 -6.5639496 -2.4740636 4294901760
24.438261 -6.3839111 -2.1867292 4294901760
20.926708 -6.57408 -2.3564563 4294901760
3.4996824 -1.1128542 -3.2794673 4294901760
5.8383474 -1.5469193 -3.1365035 4294901760
8.1224394 -2.5828319 -3.005147 4294901760
10.518163 -2.7868757 -2.879617 4294901760
13.178205 -4.1905007 -2.7691872 4294901760
15.292789 -4.0519533 -2.6266961 4294901760
17.801304 -6.6343956 -2.4732401 4294901760
24.5354 -6.5008612 -2.1860137 4294901760
20.911232 -6.6495042 -2.3544848 4294901760
3.4957767 -1.1250637 -3.279104 4294901760
5.8291922 -1.56629 -3.1349783 4294901760
8.1096401 -2.6099672 -3.0037355 4294901760
10.516005 -2.8256254 -2.8792462 4294901760
13.152166 -4.2328291 -2.7669594 4294901760
15.290074 -4.1084065 -2.6256304 4294901760
17.800398 -6.7049165 -2.4724255 4294901760
24.558802 -6.5988913 -2.1840501 4294901760
20.899279 -6.7261219 -2.3526325 4294901760
3.4883814 -1.1361368 -3.2772529 4294901760
5.8311229 -1.5886531 -3.1360724 4294901760
8.1079388 -2.6406882 -3.004035 4294901760
10.502265 -2.8612764 -2.8776729 4294901760
13.133537 -4.2774839 -2.7653158 4294901760
15.271803 -4.1607075 -2.6237135 4294901760
17.75083 -6.757092 -2.4697089 4294901760
24.423971 -6.6541586 -2.1794388 4294901760
20.79986 -6.7743411 -2.3483632 4294901760
3.4779074 -1.1448232 -3.2739499 4294901760
5.818676 -1.604916 -3.1337488 4294901760
8.1070547 -2.6686003 -3.0044217 4294901760
10.508464 -2.8984604 -2.8782346 4294901760
13.123803 -4.3199639 -2.7643883 4294901760
15.266323 -4.2107801 -2.6226196 4294901760
17.722078 -6.8099675 -2.4679101 4294901760
24.452948 -6.7446489 -2.1778402 4294901760
20.831488 -6.8571033 -2.3479156 4294901760
3.4738901 -1.1569563 -3.2735949 4294901760
5.8130383 -1.6252171 -3.1331072 4294901760
8.0939684 -2.6956434 -3.0030267 4294901760
10.509702 -2.9383166 -2.8782818 4294901760
13.119937 -4.3695092 -2.7639053 4294901760
15.243872 -4.2619023 -2.6205087 4294901760
17.720474 -6.8804364 -2.4671285 4294901760
24.298599 -6.7934351 -2.172971 4294901760
20.822554 -6.9348149 -2.3462088 4294901760
3.4764972 -1.1719973 -3.2762041 4294901760
5.8107491 -1.6475625 -3.1333082 4294901760
8.0840349 -2.725291 -3.0021644 4294901760
10.491257 -2.9746599 -2.8762691 4294901760
13.107594 -4.4188342 -2.7627928 4294901760
15.251108 -4.324254 -2.6200349 4294901760
17.702553 -6.9482489 -2.4656894 4294901760
24.246666 -6.8748279 -2.1697292 4294901760
20.808332 -7.0149078 -2.3443036 4294901760
3.4689536 -1.1829554 -3.274364 4294901760
5.8049622 -1.6678361 -3.1326745 4294901760
8.0744724 -2.7534933 -3.001349 4294901760
10.484609 -3.0123553 -2.875526 4294901760
13.09209 -4.4645619 -2.7614706 4294901760
15.232097 -4.3763661 -2.6181586 4294901760
17.67449 -7.0085325 -2.4639082 4294901760
24.280046 -6.9759521 -2.1680307 4294901760
20.768623 -7.0823531 -2.3417885 4294901760
3.4611673 -1.194479 -3.2725101 4294901760
5.8025084 -1.6901784 -3.1328828 4294901760
8.0717402 -2.7856281 -3.0016315 4294901760
10.477291 -3.051868 -2.8747323 4294901760
13.075638 -4.5125165 -2.7600925 4294901760
15.22359 -4.4343896 -2.6168492 4294901760
17.65238 -7.0747466 -2.4623506 4294901760
24.449697 -7.1218076 -2.1684594 4294901760
20.806593 -7.1805367 -2.3413653 4294901760
3.4608209 -1.2065401 -3.2736881 4294901760
5.7971702 -1.7083989 -3.1323195 4294901760
8.0555429 -2.8083901 -2.9997756 4294901760
10.475234 -3.0870028 -2.8745153 4294901760
13.057651 -4.5522666 -2.7586355 4294901760
15.228658 -4.4878144 -2.6164324 4294901760
17.655912 -7.1406212 -2.4619169 4294901760
24.50758 -7.2222691 -2.1673925 4294901760
20.783932 -7.2458668 -2.339499 4294901760
3.4497507 -1.2162027 -3.2703688 4294901760
5.7874804 -1.727523 -3.1308284 4294901760
8.0493908 -2.8377964 -2.9995427 4294901760
10.460608 -3.1224191 -2.8729908 4294901760
13.026712 -4.5925417 -2.7562068 4294901760
15.209089 -4.5398083 -2.6145856 4294901760
17.60507 -7.1916661 -2.4593058 4294901760
24.593103 -7.3408718 -2.1665547 4294901760
20.747234 -7.3143959 -2.3371301 4294901760
3.4520986 -1.2312742 -3.2729876 4294901760
5.7811093 -1.7487235 -3.1301796 4294901760
8.0389347 -2.8672798 -2.9987104 4294901760
10.430178 -3.1550169 -2.8698215 4294901760
13.013529 -4.6415892 -2.7551429 4294901760
15.180926 -4.5920677 -2.6122463 4294901760
17.585957 -7.2591834 -2.457932 4294901760
24.451452 -7.3963017 -2.1619556 4294901760
20.694 -7.3810139 -2.3342664 4294901760
3.4479966 -1.242715 -3.2726667 4294901760
5.775279 -1.7678846 -3.1295965 4294901760
8.0330715 -2.895252 -2.9985275 4294901760
10.419659 -3.1895869 -2.8687694 4294901760
12.986866 -4.6806817 -2.7530839 4294901760
15.173223 -4.644712 -2.6111372 4294901760
17.569139 -7.3205242 -2.4567277 4294901760
24.415346 -7.4738402 -2.159306 4294901760
20.699413 -7.4604111 -2.3331599 4294901760
3.4400125 -1.2541022 -3.2708273 4294901760
5.7687602 -1.7890399 -3.1289563 4294901760
8.0297766 -2.9273615 -2.9988363 4294901760
10.419223 -3.231267 -2.8688099 4294901760
12.984536 -4.733685 -2.7528877 4294901760
15.137103 -4.6944022 -2.6084015 4294901760
17.553204 -7.3895035 -2.4555225 4294901760
24.361107 -7.5550013 -2.1561751 4294901760
20.653204 -7.5293999 -2.3305364 4294901760
3.4358351 -1.2655029 -3.2705114 4294901760
5.7591209 -1.8070071 -3.1275136 4294901760
8.0237064 -2.9553289 -2.9986627 4294901760
10.415992 -3.2681673 -2.868567 4294901760
12.957599 -4.7726035 -2.7508485 4294901760
15.132837 -4.7481456 -2.6075225 4294901760
17.532269 -7.4492292 -2.4541976 4294901760
24.431105 -7.6656103 -2.1552505 4294901760
20.523373 -7.5592647 -2.3257964 4294901760
3.4277766 -1.2768221 -3.2686782 4294901760
5.7634721 -1.8316028 -3.1294823 4294901760
8.0017929 -2.9806099 -2.9961619 4294901760
10.392644 -3.3027303 -2.8662314 4294901760
12.951173 -4.8242183 -2.750387 4294901760
15.119123 -4.8047819 -2.6060731 4294901760
17.497526 -7.5102963 -2.4523025 4294901760
24.395239 -7.7526855 -2.1524522 4294901760
20.536625 -7.649744 -2.3248389 4294901760
3.4305348 -1.2901366 -3.2713561 4294901760
5.7540226 -1.8485223 -3.1280773 4294901760
7.9850478 -3.0029726 -2.9943473 4294901760
10.370927 -3.331737 -2.8640678 4294901760
12.947095 -4.869072 -2.7501183 4294901760
15.088808 -4.8473916 -2.6038218 4294901760
17.481155 -7.5683947 -2.4512208 4294901760
24.34037 -7.8195243 -2.1496966 4294901760
20.359497 -7.6566868 -2.3189397 4294901760
3.4226215 -1.3008155 -3.2695446 4294901760
5.7548614 -1.8709781 -3.1292148 4294901760
7.9855161 -3.0350077 -2.9952791 4294901760
10.362994 -3.3691401 -2.8633938 4294901760
12.933729 -4.9156461 -2.7491708 4294901760
15.071796 -4.9000311 -2.6022635 4294901760
17.483826 -7.6421294 -2.4508526 4294901760
24.343285 -7.914309 -2.1476548 4294901760
20.541338 -7.8070245 -2.3226345 4294901760
3.4142182 -1.312647 -3.2677042 4294901760
5.7403178 -1.8906515 -3.1268339 4294901760
7.9811249 -3.0684624 -2.9955764 4294901760
10.34998 -3.4089065 -2.8622234 4294901760
12.91476 -4.9652715 -2.7478299 4294901760
15.056647 -4.9591112 -2.60077 4294901760
17.454355 -7.7092061 -2.4492075 4294901760
24.350615 -8.0202055 -2.1454921 4294901760
20.567028 -7.9073 -2.322006 4294901760
3.4168367 -1.3259897 -3.2703869 4294901760
5.7306943 -1.9074593 -3.1254413 4294901760
7.9751019 -3.0949397 -2.995466 4294901760
10.33922 -3.4414051 -2.8612726 4294901760
12.913894 -5.0115623 -2.7478631 4294901760
15.05986 -5.0126686 -2.6004286 4294901760
17.433687 -7.7656231 -2.4480157 4294901760
24.351801 -8.1054869 -2.1436627 4294901760
20.549519 -7.9747591 -2.320472 4294901760
3.4184692 -1.3417485 -3.2730072 4294901760
5.7233281 -1.9294494 -3.1248014 4294901760
7.9522071 -3.1212399 -2.992964 4294901760
10.33342 -3.4836042 -2.8609099 4294901760
12.883473 -5.0567613 -2.7457013 4294901760
15.036734 -5.0691862 -2.5985396 4294901760
17.411003 -7.8357754 -2.4466827 4294901760
24.271343 -8.1823597 -2.140192 4294901760
20.529879 -8.0579739 -2.3186672 4294901760
3.4041259 -1.3484761 -3.2682688 4294901760
5.7281775 -1.9511461 -3.1268752 4294901760
7.9460082 -3.1476514 -2.9928641 4294901760
10.333649 -3.5198734 -2.8611581 4294901760
12.88228 -5.1030564 -2.7457485 4294901760
15.039557 -5.1228118 -2.598212 4294901760
17.375422 -7.8854971 -2.4449487 4294901760
24.109541 -8.2122526 -2.1359177 4294901760
20.485931 -8.1150894 -2.3164639 4294901760
3.4027636 -1.3616974 -3.2694404 4294901760
5.7140479 -1.9686202 -3.1245723 4294901760
7.9422545 -3.1782835 -2.9932573 4294901760
10.317562 -3.5546362 -2.8597264 4294901760
12.864388 -5.1479931 -2.7445655 4294901760
15.017823 -5.1739836 -2.5964959 4294901760
17.355032 -7.9494181 -2.4437881 4294901760
24.084499 -8.2976608 -2.1335559 4294901760
20.450073 -8.1835871 -2.3143852 4294901760
3.4013515 -1.3749256 -3.2706144 4294901760
5.7107787 -1.989821 -3.1248662 4294901760
7.9311132 -3.2059877 -2.9925327 4294901760
10.297627 -3.5880282 -2.8579078 4294901760
12.846342 -5.1928668 -2.743392 4294901760
15.010939 -5.230299 -2.5956187 4294901760
17.334408 -8.0132923 -2.4426396 4294901760
24.021479 -8.3698635 -2.1306431 4294901760
20.402906 -8.2474508 -2.3120275 4294901760
3.3893349 -1.3852326 -3.267308 4294901760
5.6994638 -2.010453 -3.1233804 4294901760
7.9187441 -3.2364173 -2.9917426 4294901760
10.291228 -3.6301715 -2.857574 4294901760
12.822635 -5.240654 -2.7418334 4294901760
14.994494 -5.2892218 -2.5941889 4294901760
17.303511 -8.079792 -2.4410822 4294901760
23.898849 -8.4301815 -2.126672 4294901760
20.352634 -8.3181906 -2.309505 4294901760
3.38783 -1.3984385 -3.2684865 4294901760
5.6924114 -2.0303357 -3.1228192 4294901760
7.911025 -3.2655363 -2.9915912 4294901760
10.274773 -3.6647449 -2.8561666 4294901760
12.822601 -5.2929511 -2.7420726 4294901760
14.994672 -5.3482103 -2.5937428 4294901760
17.267996 -8.1367483 -2.4394007 4294901760
23.982031 -8.5537682 -2.125998 4294901760
20.297678 -8.3785353 -2.3069909 4294901760
3.3800733 -1.4076809 -3.266731 4294901760
5.6860051 -2.0482087 -3.1223176 4294901760
7.8934851 -3.2873573 -2.9898348 4294901760
10.259489 -3.6956661 -2.8548677 4294901760
12.80591 -5.3332086 -2.7410417 4294901760
14.977796 -5.3952909 -2.5924215 4294901760
17.24235 -8.190958 -2.4381514 4294901760
24.045135 -8.6615219 -2.1252205 4294901760
20.322781 -8.4637194 -2.3067229 4294901760
3.3782327 -1.421466 -3.267899 4294901760
5.6820788 -2.070354 -3.1225986 4294901760
7.8849978 -3.3177869 -2.9896593 4294901760
10.253303 -3.7359507 -2.8546059 4294901760
12.797249 -5.3847251 -2.7406821 4294901760
14.961658 -5.4515133 -2.5910964 4294901760
17.208622 -8.2523766 -2.4365683 4294901760
24.065718 -8.7687197 -2.1235371 4294901760
20.251202 -8.5211411 -2.3037622 4294901760
3.37325 -1.4332496 -3.2676015 4294901760
5.6712027 -2.0888441 -3.1211874 4294901760
7.8733683 -3.3452907 -2.988965 4294901760
10.232781 -3.7689862 -2.8528285 4294901760
12.778374 -5.4293633 -2.7395554 4294901760
14.949999 -5.506454 -2.5900598 4294901760
17.186878 -8.3158636 -2.4354856 4294901760
23.99003 -8.8361216 -2.1205516 4294901760
20.210325 -8.587101 -2.3016887 4294901760
3.3618152 -1.4415705 -3.2643569 4294901760
5.6642451 -2.1076391 -3.1206696 4294901760
7.8730464 -3.376019 -2.9899883 4294901760
10.212819 -3.8001423 -2.851109 4294901760
12.763947 -5.4732718 -2.7387707 4294901760
14.939113 -5.5587745 -2.5891042 4294901760
17.15563 -8.3710661 -2.4340661 4294901760
23.897022 -8.8919706 -2.1174333 4294901760
20.020519 -8.5849419 -2.2957659 4294901760
3.3600895 -1.4547368 -3.2655468 4294901760
5.6568532 -2.127398 -3.1201286 4294901760
7.8540163 -3.4003637 -2.9881871 4294901760
10.20689 -3.8385508 -2.8509181 4294901760
12.737482 -5.5146399 -2.7371087 4294901760
14.923341 -5.6122875 -2.5878816 4294901760
17.126305 -8.4308996 -2.4327314 4294901760
23.824753 -8.9598808 -2.1145549 4294901760
20.184336 -8.7387247 -2.2991219 4294901760
3.3613782 -1.4699475 -3.2682061 4294901760
5.6598186 -2.1522243 -3.1221476 4294901760
7.855875 -3.4354134 -2.9897103 4294901760
10.192752 -3.8759348 -2.8499012 4294901760
12.717184 -5.5612879 -2.735956 4294901760
14.913821 -5.6711864 -2.5870066 4294901760
17.098854 -8.4953852 -2.4314833 4294901760
23.44116 -8.913825 -2.107121 4294901760
20.093727 -8.7870874 -2.2957625 4294901760
3.3562267 -1.481672 -3.2679186 4294901760
5.6666546 -2.1774945 -3.1250565 4294901760
7.8474236 -3.4643989 -2.9895964 4294901760
10.179161 -3.9114909 -2.8489404 4294901760
12.704954 -5.6088505 -2.7354207 4294901760
14.897647 -5.7246375 -2.5858045 4294901760
17.065536 -8.553236 -2.4300382 4294901760
23.637112 -9.0829039 -2.1081736 4294901760
3.347723 -1.4919026 -3.2661526 4294901760
5.6590185 -2.1972616 -3.1245258 4294901760
7.8352828 -3.4917703 -2.9889302 4294901760
10.187551 -3.9555826 -2.8503342 4294901760
12.688923 -5.6547799 -2.7346177 4294901760
14.884988 -5.7794847 -2.5848157 4294901760
17.042685 -8.6163473 -2.4290206 4294901760
23.642458 -9.179801 -2.1064913 4294901760
20.108364 -8.9612322 -2.2943392 4294901760
3.3394506 -1.5015091 -3.2644036 4294901760
5.6588736 -2.2188275 -3.1257455 4294901760
7.8343921 -3.5225587 -2.9899757 4294901760
10.178058 -3.9907866 -2.8498242 4294901760
12.680958 -5.7017083 -2.7344286 4294901760
14.873146 -5.8317165 -2.5839057 4294901760
17.02821 -8.6800499 -2.4283545 4294901760
23.589598 -9.2494116 -2.1040845 4294901760
20.136713 -9.0540218 -2.2942474 4294901760
3.3374901 -1.5146552 -3.2656047 4294901760
5.6510935 -2.2385674 -3.1252222 4294901760
7.8113332 -3.5450222 -2.9876482 4294901760
10.160391 -4.0248351 -2.8484929 4294901760
12.671817 -5.7508583 -2.7341936 4294901760
14.860092 -5.8865275 -2.5829356 4294901760
17.008432 -8.7449007 -2.4274979 4294901760
23.794594 -9.4257517 -2.1052608 4294901760
20.104986 -9.124258 -2.2925627 4294901760
3.3288867 -1.5247861 -3.2638476 4294901760
5.6360927 -2.2554173 -3.1229846 4294901760
7.791779 -3.5690002 -2.9858861 4294901760
10.153619 -4.0632138 -2.84834 4294901760
12.666096 -5.8016658 -2.7342417 4294901760
14.846839 -5.941318 -2.5819757 4294901760
16.977804 -8.8042173 -2.4262431 4294901760
23.813414 -9.5295076 -2.1038053 4294901760
20.025894 -9.1727982 -2.2896683 4294901760
3.3268347 -1.5379183 -3.2650533 4294901760
5.6281853 -2.2750776 -3.1224706 4294901760
7.7828341 -3.5978231 -2.985801 4294901760
10.135709 -4.0971503 -2.847024 4294901760
12.645767 -5.8458438 -2.7331984 4294901760
14.833384 -5.9960885 -2.5810249 4294901760
16.943438 -8.8615818 -2.424865 4294901760
23.657921 -9.5632248 -2.0999243 4294901760
20.00461 -9.2476654 -2.2883008 4294901760
3.3178906 -1.5485679 -3.2632883 4294901760
5.6162438 -2.2942336 -3.1210766 4294901760
7.7695951 -3.6263239 -2.9851332 4294901760
10.116966 -4.1327772 -2.8456705 4294901760
12.617064 -5.8887963 -2.7315648 4294901760
14.81499 -6.0519185 -2.5798159 4294901760
16.921415 -8.9291992 -2.423986 4294901760
23.556223 -9.6227083 -2.0967486 4294901760
19.970581 -9.3209229 -2.2865846 4294901760
3.3157446 -1.561685 -3.2644987 4294901760
5.6082015 -2.3138242 -3.1205714 4294901760
7.7568898 -3.6534231 -2.9845037 4294901760
10.117093 -4.1740966 -2.8463171 4294901760
12.600023 -5.934494 -2.7308164 4294901760
14.801127 -6.1066294 -2.5788856 4294901760
16.897175 -8.9919538 -2.4230447 4294901760
23.526178 -9.706399 -2.0946808 4294901760
19.981205 -9.4109621 -2.2860868 4294901760
3.3042724 -1.568984 -3.2613006 4294901760
5.6044602 -2.3329115 -3.1209786 4294901760
7.7453737 -3.677774 -2.9839423 4294901760
10.096632 -4.2028222 -2.8447258 4294901760
12.5849 -5.97575 -2.7301784 4294901760
14.789213 -6.1561551 -2.5780973 4294901760
16.889898 -9.0562849 -2.4227796 4294901760
23.502934 -9.7833271 -2.0928905 4294901760
19.947937 -9.4719772 -2.2845473 4294901760
3.3050377 -1.584218 -3.2639816 4294901760
5.6029735 -2.3564236 -3.1221716 4294901760
7.7353792 -3.7078328 -2.9838488 4294901760
10.077516 -4.2382669 -2.8433967 4294901760
12.548601 -6.0149751 -2.72803 4294901760
14.76655 -6.210319 -2.5767193 4294901760
16.849588 -9.1143389 -2.4212601 4294901760
23.522093 -9.8926077 -2.0914574 4294901760
19.859161 -9.5191784 -2.2814841 4294901760
3.3062937 -1.5983249 -3.2666903 4294901760
5.6022196 -2.3780012 -3.1234174 4294901760
7.7159777 -3.7300496 -2.982157 4294901760
10.063406 -4.2716622 -2.8425529 4294901760
12.535729 -6.060009 -2.7276332 4294901760
14.742214 -6.257699 -2.5752828 4294901760
16.836754 -9.1796961 -2.4208212 4294901760
23.709541 -10.064103 -2.0924973 4294901760
19.845432 -9.5936575 -2.2804542 4294901760
3.2873816 -1.6040732 -3.2605045 4294901760
5.5899262 -2.3970003 -3.1220458 4294901760
7.7057805 -3.7600248 -2.9820762 4294901760
10.040418 -4.3054028 -2.8408527 4294901760
12.545531 -6.1215739 -2.7290571 4294901760
14.711869 -6.3085542 -2.5735288 4294901760
16.806488 -9.2432642 -2.4197364 4294901760
23.701834 -10.163515 -2.0907178 4294901760
19.781475 -9.6523428 -2.2780809 4294901760
3.2918024 -1.6197675 -3.2646959 4294901760
5.5784116 -2.4139943 -3.1207278 4294901760
7.7073464 -3.7924843 -2.9837255 4294901760
10.036967 -4.3433833 -2.841187 4294901760
12.518042 -6.1596398 -2.7275844 4294901760
14.709119 -6.3652039 -2.5733128 4294901760
16.765291 -9.2931528 -2.4182405 4294901760
23.470249 -10.156484 -2.0860887 4294901760
19.756512 -9.7214079 -2.2768028 4294901760
3.2796335 -1.6280243 -3.2614861 4294901760
5.5699511 -2.4334519 -3.1202466 4294901760
7.6905479 -3.8176212 -2.9825764 4294901760
10.028987 -4.381557 -2.8410962 4294901760
12.492908 -6.2015343 -2.7263458 4294901760
14.697741 -6.4212852 -2.5726426 4294901760
16.764038 -9.3691044 -2.418319 4294901760
23.383459 -10.215983 -2.0833762 4294901760
19.722456 -9.7903118 -2.2752783 4294901760
3.2801275 -1.6432816 -3.264178 4294901760
5.5680428 -2.4569604 -3.1214583 4294901760
7.6905317 -3.8528101 -2.9841757 4294901760
10.027327 -4.4246688 -2.8417425 4294901760
12.466548 -6.2455034 -2.7250705 4294901760
14.681385 -6.4783239 -2.5717196 4294901760
16.733057 -9.4324417 -2.4172754 4294901760
23.331257 -10.295176 -2.0810792 4294901760
19.661491 -9.8500328 -2.2730546 4294901760
3.2743711 -1.6547213 -3.2639294 4294901760
5.5523953 -2.4732468 -3.1192739 4294901760
7.6700344 -3.8760936 -2.9824851 4294901760
10.008209 -4.458035 -2.8405042 4294901760
12.455296 -6.2943511 -2.7249413 4294901760
14.665947 -6.5327673 -2.5708702 4294901760
16.696568 -9.4888239 -2.4160333 4294901760
23.302467 -10.3798 -2.0791948 4294901760
19.644777 -9.9275951 -2.2720201 4294901760
3.2685754 -1.666141 -3.2636836 4294901760
5.5472417 -2.4941928 -3.1196613 4294901760
7.6564584 -3.902844 -2.9819086 4294901760
9.9889832 -4.4913225 -2.8392742 4294901760
12.419108 -6.3305821 -2.722919 4294901760
14.628545 -6.5773978 -2.5688403 4294901760
16.656433 -9.5430899 -2.4146717 4294901760
23.266094 -10.461078 -2.0772305 4294901760
19.578037 -9.9798136 -2.269726 4294901760
3.2630322 -1.6769707 -3.2634523 4294901760
5.53894 -2.5125747 -3.1192203 4294901760
7.6469617 -3.9300044 -2.9819205 4294901760
9.9704342 -4.5227895 -2.8380942 4294901760
12.408634 -6.3771715 -2.7228544 4294901760
14.613898 -6.6291585 -2.5680737 4294901760
16.631592 -9.602253 -2.4139137 4294901760
23.205839 -10.526635 -2.0750453 4294901760
19.491648 -10.017345 -2.2669814 4294901760
3.2571588 -1.6883506 -3.2632113 4294901760
5.5301356 -2.5318937 -3.1187603 4294901760
7.6297154 -3.9548686 -2.9808028 4294901760
9.9509916 -4.5559196 -2.8368804 4294901760
12.393344 -6.424099 -2.7224805 4294901760
14.601517 -6.6850963 -2.5674534 4294901760
16.608299 -9.6662607 -2.4132481 4294901760
23.299564 -10.667374 -2.0748339 4294901760
19.537971 -10.127522 -2.267621 4294901760
3.254458 -1.7013894 -3.2644494 4294901760
5.5212641 -2.551182 -3.1183047 4294901760
7.6054358 -3.9760256 -2.978586 4294901760
9.9278536 -4.5873117 -2.8352897 4294901760
12.367329 -6.4654827 -2.7213032 4294901760
14.578094 -6.7360239 -2.5662503 4294901760
16.557281 -9.7140999 -2.4115283 4294901760
23.309278 -10.770397 -2.0735295 4294901760
19.509567 -10.199354 -2.2663722 4294901760
3.2455909 -1.7104821 -3.2627492 4294901760
5.5197563 -2.5727317 -3.1195846 4294901760
7.5956783 -4.0030527 -2.9786148 4294901760
9.9233332 -4.6252179 -2.835674 4294901760
12.338798 -6.5027585 -2.7199104 4294901760
14.548466 -6.7809696 -2.5647235 4294901760
16.521549 -9.7669249 -2.4104087 4294901760
23.255348 -10.839206 -2.0714836 4294901760
19.465054 -10.258417 -2.2647593 4294901760
3.2363994 -1.7200996 -3.26104 4294901760
5.5177131 -2.5952625 -3.1208451 4294901760
7.5851221 -4.031383 -2.9786217 4294901760
9.9178581 -4.6648755 -2.8360233 4294901760
12.333545 -6.5551009 -2.720376 4294901760
14.535503 -6.8367901 -2.5641339 4294901760
16.50104 -9.8326912 -2.4099164 4294901760
23.246256 -10.933902 -2.0699711 4294901760
19.43969 -10.331915 -2.2636302 4294901760
3.2367656 -1.7348112 -3.2637613 4294901760
5.4981813 -2.6095524 -3.1178393 4294901760
7.5813751 -4.0633941 -2.9797387 4294901760
9.9015141 -4.6994672 -2.8352251 4294901760
12.310587 -6.5981126 -2.7194989 4294901760
14.52233 -6.8926034 -2.5635538 4294901760
16.463202 -9.8881798 -2.4087722 4294901760
23.164692 -10.99445 -2.0675421 4294901760
19.396479 -10.395942 -2.2620687 4294901760
3.2275012 -1.7443755 -3.2620578 4294901760
5.4959865 -2.632056 -3.1191075 4294901760
7.5671449 -4.0898333 -2.9792047 4294901760
9.8957424 -4.7391219 -2.8355875 4294901760
12.29097 -6.6429305 -2.7189014 4294901760
14.505354 -6.9466887 -2.5627873 4294901760
16.449028 -9.957962 -2.4085703 4294901760
23.126171 -11.075242 -2.0656929 4294901760
19.25836 -10.408613 -2.2581179 4294901760
3.2150257 -1.752161 -3.2588818 4294901760
5.4902334 -2.6529002 -3.1195257 4294901760
7.5562658 -4.1180987 -2.9792285 4294901760
9.8755817 -4.7719159 -2.8344202 4294901760
12.264223 -6.6838946 -2.7177744 4294901760
14.481018 -6.9972787 -2.5616388 4294901760
16.397171 -10.004947 -2.4069247 4294901760
23.116114 -11.169788 -2.0642295 4294901760
19.200905 -10.464326 -2.2562413 4294901760
3.2117593 -1.7656796 -3.260124 4294901760
5.4839363 -2.6746943 -3.1199262 4294901760
7.5514336 -4.1514359 -2.980335 4294901760
9.8580256 -4.8080802 -2.833606 4294901760
12.246598 -6.7326241 -2.7174239 4294901760
14.469574 -7.0572824 -2.561228 4294901760
16.36039 -10.064979 -2.4059076 4294901760
22.999704 -11.217705 -2.0613658 4294901760
19.277714 -10.598012 -2.2577736 4294901760
3.2090576 -1.7780775 -3.2613904 4294901760
5.4784918 -2.6945646 -3.1203732 4294901760
7.5376253 -4.1764545 -2.9798446 4294901760
9.8455725 -4.8424883 -2.8332605 4294901760
12.234616 -6.7789674 -2.7174361 4294901760
14.453225 -7.1087356 -2.5605493 4294901760
16.320154 -10.114981 -2.4047368 4294901760
22.081549 -10.860683 -2.0485075 4294901760
19.284309 -10.685068 -2.2575824 4294901760
3.1993542 -1.7880586 -3.2596877 4294901760
5.4651294 -2.7129138 -3.119077 4294901760
7.5291152 -4.20788 -2.9804113 4294901760
9.8277578 -4.8785415 -2.8324628 4294901760
12.209688 -6.8237638 -2.7165668 4294901760
14.412827 -7.1545887 -2.5585971 4294901760
16.289724 -10.178949 -2.4040134 4294901760
23.042351 -11.438322 -2.0593367 4294901760
19.238056 -10.751785 -2.2560363 4294901760
3.1930933 -1.7992157 -3.2594736 4294901760
5.4590697 -2.7336988 -3.1195109 4294901760
7.5007124 -4.2264347 -2.9777043 4294901760
9.8212709 -4.9181271 -2.8328595 4294901760
12.192708 -6.8702383 -2.7162869 4294901760
14.366426 -7.194171 -2.556325 4294901760
16.250723 -10.233626 -2.4029558 4294901760
23.059368 -11.547273 -2.0582905 4294901760
19.200407 -10.818874 -2.2547486 4294901760
3.1902621 -1.8115845 -3.260747 4294901760
5.4465365 -2.7500505 -3.1182659 4294901760
7.4866567 -4.2512841 -2.977232 4294901760
9.8049088 -4.9506679 -2.8321519 4294901760
12.176761 -6.9145517 -2.7160561 4294901760
14.374442 -7.2579045 -2.5570419 4294901760
16.216698 -10.287459 -2.4020891 4294901760
23.006701 -11.616481 -2.0564508 4294901760
19.126293 -10.86083 -2.2525752 4294901760
3.1870649 -1.8245106 -3.2620115 4294901760
5.443769 -2.772542 -3.1195595 4294901760
7.4751744 -4.2793403 -2.9772913 4294901760
9.7875681 -4.9848633 -2.8314147 4294901760
12.14222 -6.9511008 -2.714453 4294901760
14.356108 -7.3116465 -2.5563498 4294901760
16.167271 -10.335423 -2.4006662 4294901760
22.930456 -11.67861 -2.0542781 4294901760
18.92219 -10.832455 -2.247123 4294901760
3.174397 -1.8320005 -3.2588573 4294901760
5.4237785 -2.786247 -3.1165996 4294901760
7.4601908 -4.3054075 -2.9768066 4294901760
9.7771397 -5.0226102 -2.8314495 4294901760
12.124754 -6.9974089 -2.7142015 4294901760
14.323423 -7.3580799 -2.5548916 4294901760
16.087568 -10.363756 -2.3980801 4294901760
22.648197 -11.634597 -2.049577 4294901760
18.81175 -10.856592 -2.2440636 4294901760
3.1711166 -1.8448929 -3.2601273 4294901760
5.4242802 -2.8104787 -3.1187525 4294901760
7.4485073 -4.3333941 -2.9768779 4294901760
9.7665663 -5.0603447 -2.8314912 4294901760
12.100254 -7.0396891 -2.7134237 4294901760
14.304713 -7.4116917 -2.5542216 4294901760
22.550758 -11.68421 -2.0472045 4294901760
18.963266 -11.032454 -2.2476428 4294901760
3.1615298 -1.8541169 -3.2584527 4294901760
5.4144368 -2.8293962 -3.1183555 4294901760
7.4231844 -4.3534155 -2.9747562 4294901760
9.7418365 -5.090745 -2.8300133 4294901760
12.079031 -7.0838919 -2.7129235 4294901760
14.268182 -7.4560552 -2.5525939 4294901760
15.948163 -10.432211 -2.3937483 4294901760
22.60532 -11.812754 -2.0467284 4294901760
19.003736 -11.144968 -2.2484362 4294901760
3.1581597 -1.8669864 -3.2597277 4294901760
5.3977122 -2.844687 -3.1162617 4294901760
7.4146967 -4.3832927 -2.9753897 4294901760
9.7135181 -5.1191907 -2.8281629 4294901760
12.047399 -7.1219735 -2.7116313 4294901760
14.259658 -7.5150843 -2.5525265 4294901760
16.018063 -10.557955 -2.3970869 4294901760
22.585131 -11.902751 -2.0453489 4294901760
18.961287 -11.209207 -2.2471573 4294901760
3.1516235 -1.8779992 -3.2595317 4294901760
5.397954 -2.8689344 -3.1184254 4294901760
7.4027209 -4.4111562 -2.9754791 4294901760
9.7025709 -5.156776 -2.8282275 4294901760
12.032692 -7.1700773 -2.7116857 4294901760
14.240364 -7.5685482 -2.5518885 4294901760
15.991064 -10.620414 -2.396651 4294901760
22.554016 -11.987134 -2.0438559 4294901760
18.860397 -11.238593 -2.2444272 4294901760
3.1453784 -1.88844 -3.2593484 4294901760
5.381619 -2.8831806 -3.1163599 4294901760
7.3746014 -4.4276047 -2.9728518 4294901760
9.702836 -5.1982551 -2.8294759 4294901760
12.01225 -7.2119823 -2.7112517 4294901760
14.215187 -7.6157289 -2.550926 4294901760
15.962375 -10.677812 -2.3961387 4294901760
22.489519 -12.048669 -2.0420322 4294901760
18.846952 -11.315439 -2.2439318 4294901760
3.1418686 -1.9012845 -3.2606301 4294901760
5.3715219 -2.9019485 -3.1159806 4294901760
7.3624558 -4.4553499 -2.9729538 4294901760
9.6846313 -5.2320924 -2.8287921 4294901760
11.976817 -7.247705 -2.7097237 4294901760
14.195514 -7.6690831 -2.5503094 4294901760
15.918403 -10.729015 -2.3950789 4294901760
22.370089 -12.085373 -2.0395124 4294901760
18.810749 -11.383222 -2.2428758 4294901760
3.132118 -1.9103526 -3.2589698 4294901760
5.3647428 -2.9225235 -3.1164556 4294901760
7.3435111 -4.4789805 -2.9719644 4294901760
9.6489553 -5.256412 -2.8262143 4294901760
11.948058 -7.2874022 -2.7087402 4294901760
14.172151 -7.72049 -2.549511 4294901760
15.884149 -10.786752 -2.3944232 4294901760
22.49596 -12.25501 -2.0399787 4294901760
18.760689 -11.442586 -2.2414925 4294901760
3.1223421 -1.9193753 -3.2573121 4294901760
5.3511319 -2.9393771 -3.1152353 4294901760
7.3378558 -4.5107484 -2.9731755 4294901760
9.6270828 -5.2881575 -2.8251674 4294901760
11.925927 -7.331141 -2.7083001 4294901760
14.1486 -7.7718267 -2.5487237 4294901760
15.843113 -10.839884 -2.3935225 4294901760
22.515997 -12.368039 -2.0391805 4294901760
18.703651 -11.497563 -2.2399554 4294901760
3.1128778 -1.9278102 -3.2556667 4294901760
5.3447256 -2.9589725 -3.1157367 4294901760
7.3361964 -4.5433183 -2.9749613 4294901760
9.6164103 -5.3238826 -2.8253014 4294901760
11.898178 -7.3685608 -2.7073722 4294901760
14.12275 -7.8187041 -2.5478039 4294901760
15.820198 -10.901401 -2.393321 4294901760
22.495808 -12.454236 -2.0379672 4294901760
18.658642 -11.555326 -2.2387464 4294901760
3.1057911 -1.9392064 -3.2554781 4294901760
5.3338447 -2.9785416 -3.1153567 4294901760
7.3194947 -4.5701756 -2.9745169 4294901760
9.6106367 -5.3668008 -2.8261361 4294901760
11.867725 -7.4100184 -2.7063856 4294901760
14.090526 -7.8684745 -2.5466082 4294901760
15.780133 -10.959311 -2.3925405 4294901760
22.547558 -12.591075 -2.0375302 4294901760
18.6094 -11.619412 -2.2374463 4294901760
3.0990031 -1.9500357 -3.2553015 4294901760
5.3200579 -2.9952519 -3.1141505 4294901760
7.3101373 -4.5998755 -2.9751961 4294901760
9.6056194 -5.408071 -2.8270099 4294901760
11.835071 -7.4471722 -2.7051785 4294901760
14.073371 -7.9234653 -2.5462382 4294901760
15.735257 -11.00976 -2.3915529 4294901760
22.538239 -12.689281 -2.036432 4294901760
18.548483 -11.67156 -2.235877 4294901760
3.0894578 -1.9583613 -3.2536643 4294901760
5.3134465 -3.0147789 -3.1146638 4294901760
7.284904 -4.6177921 -2.9731629 4294901760
9.5807581 -5.4359946 -2.8256462 4294901760
11.81366 -7.488503 -2.7048123 4294901760
14.043559 -7.9681287 -2.5451603 4294901760
15.698658 -11.061881 -2.3908739 4294901760
22.464802 -12.74623 -2.0346422 4294901760
18.516409 -11.737276 -2.2350564 4294901760
3.0883687 -1.9735755 -3.2564273 4294901760
5.3023615 -3.0342333 -3.1142979 4294901760
7.2712355 -4.6465735 -2.9732862 4294901760
9.5642004 -5.4730358 -2.8253651 4294901760
11.796165 -7.5381613 -2.7049205 4294901760
14.014261 -8.0195475 -2.5441926 4294901760
15.664507 -11.123957 -2.3903961 4294901760
22.369446 -12.800734 -2.0325229 4294901760
18.459829 -11.796475 -2.23364 4294901760
3.0845091 -1.9863067 -3.2577298 4294901760
5.3017478 -3.0584979 -3.1164982 4294901760
7.2681627 -4.6804209 -2.9750776 4294901760
9.5450382 -5.5063882 -2.8247442 4294901760
11.763109 -7.5749955 -2.7037451 4294901760
13.979292 -8.0644426 -2.5429015 4294901760
15.632058 -11.183203 -2.3899672 4294901760
22.272785 -12.848832 -2.0304618 4294901760
18.401781 -11.850048 -2.2322085 4294901760
3.0745153 -1.995088 -3.2560923 4294901760
5.284379 -3.073113 -3.1144619 4294901760
7.2452002 -4.7014928 -2.9735916 4294901760
9.5325918 -5.5436468 -2.8248887 4294901760
11.743251 -7.6203294 -2.7036407 4294901760
13.940742 -8.107192 -2.5414326 4294901760
15.589695 -11.235373 -2.3891666 4294901760
22.007034 -12.798118 -2.0264475 4294901760
18.360304 -11.91421 -2.231216 4294901760
3.0614643 -2.0018401 -3.2529869 4294901760
5.2736201 -3.0915399 -3.1141267 4294901760
7.2353101 -4.7310476 -2.9743001 4294901760
9.5200033 -5.5808854 -2.8250403 4294901760
11.723223 -7.6656179 -2.703546 4294901760
13.919221 -8.1598263 -2.5409284 4294901760
15.563274 -11.299081 -2.3890224 4294901760
22.175655 -12.999974 -2.0275412 4294901760
18.318604 -11.978227 -2.2302399 4294901760
3.0612161 -2.0154352 -3.255784 4294901760
5.2638817 -3.1080925 -3.1138284 4294901760
7.2204113 -4.7537551 -2.9739585 4294901760
9.4990196 -5.608757 -2.8241241 4294901760
11.695769 -7.7002287 -2.7027278 4294901760
13.896941 -8.2055378 -2.5403316 4294901760
15.527699 -11.347919 -2.3884423 4294901760
22.210297 -13.114212 -2.0271668 4294901760
18.250914 -12.015987 -2.2286201 4294901760
3.044394 -2.0211592 -3.2511981 4294901760
5.2519083 -3.1282816 -3.1134691 4294901760
7.1988373 -4.7792745 -2.9730015 4294901760
9.4842052 -5.6492348 -2.8242314 4294901760
11.679339 -7.753859 -2.7031209 4294901760
13.858499 -8.2547674 -2.5390031 4294901760
15.474394 -11.400371 -2.3873644 4294901760
22.122066 -13.176934 -2.0252135 4294901760
18.188034 -12.074951 -2.227164 4294901760
3.04636 -2.0378208 -3.2554545 4294901760
5.2442589 -3.1485777 -3.1139941 4294901760
7.1918912 -4.8109169 -2.9742746 4294901760
9.4610386 -5.6802716 -2.823272 4294901760
11.652202 -7.7945805 -2.7025266 4294901760
13.829599 -8.303093 -2.5381534 4294901760
15.380134 -11.413967 -2.3845727 4294901760
22.075937 -13.254075 -2.0238569 4294901760
18.139147 -12.133934 -2.2260716 4294901760
3.0362217 -2.0464156 -3.2538316 4294901760
5.2332363 -3.1668637 -3.1136763 4294901760
7.1718011 -4.8337994 -2.9733682 4294901760
9.4546795 -5.7214465 -2.8242087 4294901760
11.618341 -7.8307705 -2.7014146 4294901760
13.810739 -8.3574915 -2.5378838 4294901760
15.372098 -11.491431 -2.3852534 4294901760
22.053434 -13.345513 -2.0227947 4294901760
18.090067 -12.192719 -2.2249961 4294901760
3.0260613 -2.0549653 -3.2522116 4294901760
5.2188621 -3.1831069 -3.1125164 4294901760
7.1483951 -4.8543973 -2.9719219 4294901760
9.4481478 -5.7626481 -2.8251519 4294901760
11.594218 -7.8735075 -2.7011054 4294901760
13.784879 -8.4077225 -2.5372462 4294901760
15.315985 -11.533041 -2.3840289 4294901760
21.996494 -13.416181 -2.0213571 4294901760
18.0441 -12.253551 -2.2240205 4294901760
3.0188694 -2.0655155 -3.2520647 4294901760
5.2044373 -3.1992874 -3.1113613 4294901760
7.1314058 -4.8793197 -2.971575 4294901760
9.4313421 -5.7976627 -2.82497 4294901760
11.566664 -7.9139304 -2.7005424 4294901760
13.748669 -8.451623 -2.5360529 4294901760
15.291499 -11.598469 -2.3840969 4294901760
21.94953 -13.49288 -2.0200562 4294901760
17.981474 -12.302954 -2.222646 4294901760
3.011641 -2.0760407 -3.2519205 4294901760
5.1997867 -3.2214921 -3.1127501 4294901760
7.1078725 -4.8997316 -2.9701426 4294901760
9.411047 -5.8305492 -2.8244193 4294901760
11.535702 -7.9520063 -2.6997261 4294901760
13.715703 -8.4974689 -2.5350611 4294901760
15.260411 -11.659028 -2.3839231 4294901760
21.87516 -13.552606 -2.0184646 4294901760
3.0051043 -2.0854921 -3.2517931 4294901760
5.1831045 -3.2337341 -3.1107876 4294901760
7.0924444 -4.9220376 -2.9698417 4294901760
9.3893299 -5.8579941 -2.823554 4294901760
11.507403 -7.9859452 -2.6989744 4294901760
13.699062 -8.5468321 -2.534915 4294901760
15.233181 -11.714197 -2.383816 4294901760
21.825705 -13.617037 -2.0172515 4294901760
17.804501 -12.356026 -2.2186277 4294901760
2.9974401 -2.0964923 -3.2516472 4294901760
5.1712174 -3.2527099 -3.1104774 4294901760
7.0904269 -4.95924 -2.972225 4294901760
9.361105 -5.8881602 -2.8222392 4294901760
11.478056 -8.0280685 -2.6984155 4294901760
13.664277 -8.5948668 -2.5339069 4294901760
15.196441 -11.77483 -2.3835144 4294901760
21.745251 -13.67782 -2.0156007 4294901760
17.693754 -12.375499 -2.2161112 4294901760
2.9871404 -2.1048541 -3.2500415 4294901760
5.1533251 -3.2666156 -3.1084955 4294901760
7.0666604 -4.9794407 -2.9708118 4294901760
9.3404942 -5.9207993 -2.821713 4294901760
11.453207 -8.0703697 -2.6981571 4294901760
13.624115 -8.6361227 -2.5325739 4294901760
15.148968 -11.822901 -2.3827448 4294901760
21.690634 -13.749368 -2.014302 4294901760
17.715628 -12.483112 -2.2169561 4294901760
2.9856873 -2.1194651 -3.2528467 4294901760
5.1581221 -3.2949519 -3.1124375 4294901760
7.0524349 -5.0063481 -2.9710417 4294901760
9.3197699 -5.9533672 -2.8211949 4294901760
11.428202 -8.1125965 -2.6979086 4294901760
13.60059 -8.6879082 -2.5321944 4294901760
15.104475 -11.873247 -2.382117 4294901760
21.635782 -13.820702 -2.0130231 4294901760
17.730463 -12.586416 -2.2176464 4294901760
2.9841683 -2.1340921 -3.2556543 4294901760
5.1465893 -3.3129375 -3.1121552 4294901760
7.0221543 -5.0218091 -2.9685521 4294901760
9.2989321 -5.9858637 -2.8206849 4294901760
11.406269 -8.1570559 -2.6979337 4294901760
13.566837 -8.7331781 -2.5312624 4294901760
15.059814 -11.923428 -2.3815038 4294901760
21.604183 -13.90694 -2.012028 4294901760
17.647505 -12.6204 -2.2158833 4294901760
2.9737592 -2.1423767 -3.2540567 4294901760
5.1382241 -3.3329785 -3.1127226 4294901760
7.0109463 -5.0508757 -2.9693398 4294901760
9.2812958 -6.0204382 -2.8205588 4294901760
11.374506 -8.1945028 -2.6971798 4294901760
13.559625 -8.7956343 -2.5318444 4294901760
15.005646 -11.965993 -2.3805242 4294901760
21.555504 -13.982269 -2.0108621 4294901760
17.564526 -12.653961 -2.2141395 4294901760
2.9633286 -2.1506145 -3.2524621 4294901760
5.1330075 -3.3551087 -3.1141393 4294901760
6.9932728 -5.0753179 -2.9690437 4294901760
9.2635336 -6.0549607 -2.8204408 4294901760
11.349044 -8.2364874 -2.6969621 4294901760
13.525512 -8.8407354 -2.5309353 4294901760
14.976206 -12.028275 -2.3805747 4294901760
21.486526 -14.044326 -2.0094907 4294901760
17.510569 -12.708171 -2.2131519 4294901760
2.9558036 -2.1609454 -3.2523394 4294901760
5.1148305 -3.3687682 -3.1121805 4294901760
6.9755144 -5.0996981 -2.9687541 4294901760
9.2291374 -6.0785637 -2.8184531 4294901760
11.323427 -8.2783947 -2.6967547 4294901760
13.491247 -8.8857069 -2.5300386 4294901760
14.931031 -12.077971 -2.3800051 4294901760
21.457365 -14.132411 -2.0085874 4294901760
17.478977 -12.778628 -2.2127538 4294901760
2.9490001 -2.1702209 -3.2522314 4294901760
5.1074328 -3.3869493 -3.112787 4294901760
6.9531407 -5.1169381 -2.9674098 4294901760
9.2165833 -6.111897 -2.818774 4294901760
11.300561 -8.3162804 -2.6966028 4294901760
13.453321 -8.9214525 -2.5288486 4294901760
14.874484 -12.109735 -2.3788588 4294901760
21.396236 -14.188726 -2.0074029 4294901760
17.44838 -12.840567 -2.2123592 4294901760
2.9377341 -2.1793683 -3.2506335 4294901760
5.0975919 -3.4086764 -3.1133454 4294901760
6.9397421 -5.1482716 -2.968194 4294901760
9.1897612 -6.1450434 -2.8178825 4294901760
11.258986 -8.3525171 -2.6953211 4294901760
13.412354 -8.9686222 -2.5277207 4294901760
14.821717 -12.161706 -2.3781497 4294901760
20.558784 -13.747323 -1.9974954 4294901760
17.411753 -12.916969 -2.211921 4294901760
2.9330125 -2.1917794 -3.2519877 4294901760
5.0920515 -3.4307544 -3.1147785 4294901760
6.9185872 -5.1701164 -2.9673793 4294901760
9.1485891 -6.1638341 -2.815172 4294901760
11.22976 -8.3917665 -2.6948826 4294901760
13.397459 -9.0264969 -2.5279825 4294901760
14.785317 -12.218443 -2.3780038 4294901760
20.583475 -13.868053 -1.9972726 4294901760
17.344202 -12.960962 -2.2106733 4294901760
2.9224477 -2.1998243 -3.2504075 4294901760
5.076858 -3.4463449 -3.1136827 4294901760
6.9004979 -5.1942363 -2.9671156 4294901760
9.1499081 -6.2112708 -2.8173435 4294901760
11.197228 -8.4285288 -2.6941922 4294901760
13.365869 -9.0732088 -2.5273211 4294901760
14.742577 -12.269979 -2.377619 4294901760
21.079678 -14.309607 -2.0022902 4294901760
17.279743 -13.007042 -2.2095246 4294901760
2.9147513 -2.2100122 -3.2502985 4294901760
5.0647969 -3.4640453 -3.1134362 4294901760
6.8885756 -5.223031 -2.9679463 4294901760
9.1249084 -6.2409401 -2.8165245 4294901760
11.177225 -8.4747553 -2.6945605 4294901760
13.334116 -9.1198092 -2.5266716 4294901760
14.675237 -12.300898 -2.3762379 4294901760
21.115232 -14.441669 -2.0022128 4294901760
17.240589 -13.072098 -2.2090423 4294901760
2.9045248 -2.2174656 -3.2487292 4294901760
5.0501099 -3.4786367 -3.1123621 4294901760
6.8680992 -5.2434649 -2.9671638 4294901760
9.1041622 -6.2711649 -2.8161099 4294901760
11.158522 -8.5189972 -2.6949584 4294901760
13.307076 -9.1662321 -2.526252 4294901760
14.62219 -12.339222 -2.3753948 4294901760
21.090231 -14.527455 -2.0015068 4294901760
17.187639 -13.12194 -2.2082019 4294901760
2.9025142 -2.2320104 -3.2515619 4294901760
5.0347724 -3.4940472 -3.1112804 4294901760
6.8435369 -5.2626252 -2.9658313 4294901760
9.0822172 -6.3029056 -2.8156812 4294901760
11.116136 -8.5482197 -2.6935141 4294901760
13.281532 -9.2171593 -2.5259984 4294901760
14.609377 -12.415977 -2.3763156 4294901760
21.042671 -14.603259 -2.0005503 4294901760
17.144892 -13.184285 -2.2076702 4294901760
2.889364 -2.2371845 -3.2485299 4294901760
5.0294724 -3.5151372 -3.1127465 4294901760
6.8322496 -5.2900925 -2.9666924 4294901760
9.0742245 -6.3420463 -2.8167782 4294901760
11.084591 -8.5826063 -2.6928847 4294901760
13.247636 -9.2588758 -2.525228 4294901760
14.577204 -12.472125 -2.3763821 4294901760
20.974504 -14.659244 -1.9994092 4294901760
17.085314 -13.228863 -2.2066989 4294901760
2.881145 -2.2477596 -3.2484267 4294901760
5.0165548 -3.5335472 -3.1125062 4294901760
6.8159075 -5.3175116 -2.9669921 4294901760
9.0444555 -6.3707094 -2.8155968 4294901760
11.056188 -8.6256161 -2.6927509 4294901760
13.207108 -9.3027868 -2.5242233 4294901760
14.534411 -12.528069 -2.3761787 4294901760
20.715115 -14.591256 -1.9961514 4294901760
17.036713 -13.291395 -2.2060895 4294901760
2.8818326 -2.2645226 -3.2527349 4294901760
5.0010486 -3.5488081 -3.1114385 4294901760
6.7911367 -5.3364244 -2.9656796 4294901760
9.0221634 -6.4022427 -2.8151925 4294901760
11.022891 -8.661706 -2.6921237 4294901760
13.174555 -9.3488331 -2.523633 4294901760
14.460513 -12.55262 -2.3746195 4294901760
20.644531 -14.649624 -1.9950117 4294901760
16.98081 -13.343394 -2.2052839 4294901760
2.8710675 -2.2723181 -3.2511742 4294901760
4.9854965 -3.564003 -3.1103759 4294901760
6.7755423 -5.3625307 -2.9660041 4294901760
9.0061903 -6.438293 -2.8155441 4294901760
10.992589 -8.7001295 -2.6917684 4294901760
13.145076 -9.3970757 -2.5232406 4294901760
14.428601 -12.613503 -2.3748393 4294901760
20.531591 -14.677505 -1.993431 4294901760
16.868481 -13.350629 -2.2030468 4294901760
2.868788 -2.2868462 -3.2540195 4294901760
4.9855289 -3.5903881 -3.1135335 4294901760
6.7659841 -5.3934851 -2.9674218 4294901760
8.9612112 -6.4535236 -2.8125412 4294901760
10.968358 -8.7433949 -2.6919458 4294901760
13.121875 -9.4498749 -2.5232308 4294901760
14.393454 -12.671687 -2.3749468 4294901760
20.496424 -14.760744 -1.9927232 4294901760
16.865421 -13.444222 -2.2036428 4294901760
2.8494802 -2.2877676 -3.2480619 4294901760
4.9698472 -3.6055076 -3.1124799 4294901760
6.753233 -5.4219809 -2.968302 4294901760
8.9546242 -6.4963703 -2.8140295 4294901760
10.943959 -8.7865973 -2.6921334 4294901760
13.092027 -9.4979582 -2.5228617 4294901760
14.349132 -12.721853 -2.3746912 4294901760
20.525517 -14.890781 -1.9927379 4294901760
16.827713 -13.510498 -2.2033694 4294901760
2.8386586 -2.2954209 -3.24651 4294901760
4.9603415 -3.6251061 -3.1131165 4294901760
6.7373161 -5.4479876 -2.9686451 4294901760
8.9350853 -6.5299201 -2.8140316 4294901760
10.907051 -8.8197546 -2.6912873 4294901760
13.058794 -9.5436001 -2.5223188 4294901760
14.292753 -12.761253 -2.3739469 4294901760
20.599058 -15.054159 -1.993256 4294901760
16.752554 -13.546596 -2.2021492 4294901760
2.8334396 -2.3076046 -3.2478957 4294901760
4.9321475 -3.63098 -3.1087015 4294901760
6.7273817 -5.4789019 -2.9700806 4294901760
8.9154205 -6.5634117 -2.8140416 4294901760
10.876198 -8.8577728 -2.6909738 4294901760
13.028605 -9.5914822 -2.5219734 4294901760
14.233315 -12.797752 -2.3730915 4294901760
20.337515 -14.972202 -1.9901456 4294901760
16.717529 -13.61506 -2.2019882 4294901760
2.8313782 -2.3215852 -3.2507553 4294901760
4.9262686 -3.6519036 -3.1101999 4294901760
6.6970444 -5.4912329 -2.9677305 4294901760
8.8936062 -6.5929403 -2.813704 4294901760
10.846765 -8.8937912 -2.6906857 4294901760
12.993531 -9.6322651 -2.5212951 4294901760
14.170129 -12.826173 -2.37201 4294901760
20.454441 -15.16313 -1.991188 4294901760
16.746277 -13.73109 -2.2034659 4294901760
2.820462 -2.3291461 -3.2492115 4294901760
4.9165773 -3.671382 -3.1108501 4294901760
6.677835 -5.5145764 -2.9675496 4294901760
8.8673725 -6.6215796 -2.8129842 4294901760
10.818713 -8.9341259 -2.6906536 4294901760
12.956642 -9.6751814 -2.5206029 4294901760
14.145874 -12.894338 -2.3726914 4294901760
20.417372 -15.246372 -1.9905632 4294901760
16.692097 -13.784384 -2.2028537 4294901760
2.8127227 -2.3384862 -3.2491417 4294901760
4.9043751 -3.6876662 -3.1106715 4294901760
6.6655431 -5.5417051 -2.9684694 4294901760
8.8485231 -6.6533246 -2.8130348 4294901760
10.789027 -8.9699535 -2.6903849 4294901760
12.934022 -9.7252665 -2.5206869 4294901760
14.094234 -12.9331 -2.3721395 4294901760
20.325239 -15.282823 -1.9893717 4294901760
16.664688 -13.854954 -2.2029185 4294901760
2.7957954 -2.3417964 -3.2446659 4294901760
4.8908262 -3.705617 -3.1104789 4294901760
6.6451869 -5.5660992 -2.9682927 4294901760
8.8272285 -6.6880984 -2.81306 4294901760
10.746953 -9.0017939 -2.6893175 4294901760
12.882442 -9.7605991 -2.5192556 4294901760
14.055511 -12.992781 -2.3723378 4294901760
20.319977 -15.395773 -1.9891255 4294901760
16.57712 -13.885221 -2.2015195 4294901760
2.7931461 -2.3562162 -3.2475319 4294901760
4.8717375 -3.7179923 -3.1086161 4294901760
6.6227198 -5.5867324 -2.9675887 4294901760
8.7975454 -6.7140741 -2.8119926 4294901760
10.715466 -9.0392532 -2.6890562 4294901760
12.848293 -9.8055067 -2.518785 4294901760
13.998411 -13.030908 -2.3716807 4294901760
20.37396 -15.548914 -1.9895518 4294901760
16.540741 -13.953284 -2.2014353 4294901760
2.7876668 -2.368299 -3.2489336 4294901760
4.8617835 -3.7373233 -3.1092842 4294901760
6.6031775 -5.6098161 -2.9674337 4294901760
8.7740555 -6.7447433 -2.8116784 4294901760
10.689893 -9.0817394 -2.6893263 4294901760
12.810834 -9.8478727 -2.5181417 4294901760
13.952838 -13.079693 -2.3715403 4294901760
20.208836 -15.534824 -1.9876255 4294901760
16.473701 -13.995449 -2.2005708 4294901760
2.7848923 -2.3827288 -3.2518046 4294901760
4.8517542 -3.756629 -3.1099567 4294901760
6.5805755 -5.6302814 -2.9667428 4294901760
8.7504587 -6.7753286 -2.8113728 4294901760
10.652099 -9.1138401 -2.6885653 4294901760
12.779526 -9.8949652 -2.5178797 4294901760
13.889721 -13.111915 -2.370661 4294901760
20.129246 -15.585727 -1.9866481 4294901760
16.391428 -14.024358 -2.1993251 4294901760
2.7738116 -2.3900688 -3.2502778 4294901760
4.8416491 -3.7759111 -3.1106336 4294901760
6.5668244 -5.6583376 -2.9676857 4294901760
8.7329884 -6.8106937 -2.8118196 4294901760
10.617214 -9.1483765 -2.6880753 4294901760
12.751178 -9.9444046 -2.5178139 4294901760
13.214601 -12.562121 -2.3431969 4294901760
20.131357 -15.700068 -1.9865764 4294901760
16.333313 -14.073683 -2.1987333 4294901760
2.7658706 -2.3992541 -3.2502232 4294901760
4.8321304 -3.7943246 -3.1113226 4294901760
6.542099 -5.6749434 -2.9664721 4294901760
8.7010288 -6.832293 -2.8104281 4294901760
10.592813 -9.188735 -2.6883876 4294901760
12.70875 -9.9792671 -2.5168598 4294901760
13.817414 -13.222676 -2.3712096 4294901760
20.192163 -15.855455 -1.9871643 4294901760
16.328714 -14.164342 -2.1995251 4294901760
2.7547488 -2.4065092 -3.248702 4294901760
4.8067718 -3.8016107 -3.1078 4294901760
6.5311117 -5.7054858 -2.9679701 4294901760
8.6802282 -6.8650746 -2.810519 4294901760
10.557686 -9.2230434 -2.6879184 4294901760
12.673838 -10.023567 -2.516449 4294901760
13.765439 -13.265299 -2.3708751 4294901760
20.064711 -15.868908 -1.9857335 4294901760
16.393263 -14.32092 -2.2022192 4294901760
2.7490532 -2.4185047 -3.2501168 4294901760
4.7994976 -3.8231668 -3.1093318 4294901760
6.5082107 -5.7256579 -2.9673049 4294901760
8.6654844 -6.9027214 -2.8113618 4294901760
10.528406 -9.2624617 -2.6879799 4294901760
12.654324 -10.080136 -2.5169702 4294901760
13.739058 -13.332685 -2.3716838 4294901760
19.987347 -15.92145 -1.9848661 4294901760
16.334194 -14.370158 -2.201673 4294901760
2.740171 -2.4285645 -3.2500653 4294901760
4.7824488 -3.8383207 -3.1083367 4294901760
6.490118 -5.7520757 -2.9677255 4294901760
8.6370449 -6.9319606 -2.8107119 4294901760
10.494388 -9.3009882 -2.6877828 4294901760
12.620396 -10.128938 -2.516748 4294901760
13.707187 -13.399654 -2.3723793 4294901760
19.984875 -16.039557 -1.9848303 4294901760
16.239647 -14.392909 -2.2002573 4294901760
2.7239873 -2.4303977 -3.2456217 4294901760
4.7726903 -3.8565798 -3.1090429 4294901760
6.4651537 -5.7683434 -2.9665368 4294901760
8.6109362 -6.9580798 -2.8100965 4294901760
10.463487 -9.3357382 -2.6876144 4294901760
12.583645 -10.168233 -2.5162082 4294901760
13.671194 -13.453418 -2.3727174 4294901760
19.971924 -16.138342 -1.9847028 4294901760
16.227528 -14.478534 -2.2009473 4294901760
2.7181833 -2.4423139 -3.2470448 4294901760
4.7562113 -3.870785 -3.1080642 4294901760
6.4566488 -5.8013611 -2.9686024 4294901760
8.5773983 -6.9806118 -2.8087332 4294901760
10.436738 -9.3775091 -2.6879673 4294901760
12.551158 -10.214607 -2.5160291 4294901760
13.624148 -13.501058 -2.3726914 4294901760
19.896896 -16.192848 -1.9839263 4294901760
16.256956 -14.607032 -2.2028265 4294901760
2.7042656 -2.446923 -3.244071 4294901760
4.7426715 -3.8873637 -3.1079314 4294901760
6.4334507 -5.8212328 -2.9679635 4294901760
8.5652075 -7.0205312 -2.8099799 4294901760
10.400998 -9.4112215 -2.6875508 4294901760
12.521578 -10.263398 -2.5160453 4294901760
13.588214 -13.559784 -2.3731813 4294901760
19.840254 -16.262201 -1.9833703 4294901760
16.229521 -14.685091 -2.2032154 4294901760
2.7010667 -2.461231 -3.2469661 4294901760
4.7290726 -3.9038949 -3.1078031 4294901760
6.4130917 -5.8436537 -2.9678733 4294901760
8.5345526 -7.0453548 -2.8090053 4294901760
10.359284 -9.4394522 -2.6866255 4294901760
12.479541 -10.301981 -2.5153399 4294901760
13.529562 -13.595841 -2.3726826 4294901760
19.783365 -16.331358 -1.9828336 4294901760
16.189947 -14.752394 -2.2033043 4294901760
2.6871169 -2.4657421 -3.2439981 4294901760
4.7213402 -3.9253037 -3.1093614 4294901760
6.3897648 -5.8633523 -2.9672475 4294901760
8.5068674 -7.072576 -2.8084104 4294901760
10.329196 -9.4782381 -2.6867502 4294901760
12.443503 -10.34548 -2.5150135 4294901760
13.493217 -13.654317 -2.3732016 4294901760
19.689417 -16.369705 -1.9819176 4294901760
16.135414 -14.806119 -2.2030141 4294901760
2.6918061 -2.4874086 -3.2512975 4294901760
4.7046566 -3.9392874 -3.1084011 4294901760
6.3721395 -5.8882828 -2.9677124 4294901760
8.4790974 -7.09969 -2.8078244 4294901760
10.28439 -9.5034637 -2.6855865 4294901760
12.413414 -10.393959 -2.5150657 4294901760
13.470578 -13.726916 -2.374362 4294901760
19.665812 -16.466513 -1.9817847 4294901760
16.098274 -14.875881 -2.2032144 4294901760
2.6786687 -2.4909155 -3.2483377 4294901760
4.686367 -3.9490838 -3.106616 4294901760
6.3564816 -5.910943 -2.9681904 4294901760
8.459774 -7.1288395 -2.8080094 4294901760
10.251577 -9.5330238 -2.6852236 4294901760
12.374618 -10.42778 -2.5144265 4294901760
13.396803 -13.737803 -2.3730235 4294901760
19.574316 -16.494785 -1.9809231 4294901760
16.054379 -14.929096 -2.2031322 4294901760
2.6726038 -2.5027285 -3.2497768 4294901760
4.6725535 -3.9654181 -3.1065056 4294901760
6.3358102 -5.9330955 -2.9681256 4294901760
8.4378519 -7.1608834 -2.8081818 4294901760
10.218239 -9.5687504 -2.6851192 4294901760
12.341175 -10.473485 -2.5143185 4294901760
13.340454 -13.7759 -2.3727067 4294901760
19.559212 -16.599157 -1.9809244 4294901760
16.016722 -14.998672 -2.2033632 4294901760
2.6660497 -2.5149953 -3.2512174 4294901760
4.6579876 -3.9825175 -3.106395 4294901760
6.3083153 -5.9508958 -2.9669809 4294901760
8.4115496 -7.1917624 -2.8079815 4294901760
10.168667 -9.5925245 -2.6837223 4294901760
12.302704 -10.518648 -2.5140257 4294901760
13.295394 -13.830446 -2.3730352 4294901760
19.504307 -16.675922 -1.9805261 4294901760
15.967438 -15.062747 -2.203367 4294901760
2.6576951 -2.5238221 -3.2511966 4294901760
4.6447558 -3.9979415 -3.1062989 4294901760
6.2913904 -5.9744816 -2.967474 4294901760
8.3876543 -7.2196159 -2.8078084 4294901760
10.131045 -9.6207266 -2.6831241 4294901760
12.273784 -10.564574 -2.5141387 4294901760
13.287967 -13.914783 -2.3748758 4294901760
15.905838 -15.104631 -2.2029278 4294901760
2.6462491 -2.5305781 -3.2497113 4294901760
4.6365933 -4.019177 -3.1078837 4294901760
6.2704978 -5.9964061 -2.9674289 4294901760
8.362402 -7.2488508 -2.8076341 4294901760
10.094535 -9.6532898 -2.6827917 4294901760
12.224812 -10.596935 -2.5131519 4294901760
13.285901 -14.010207 -2.3771119 4294901760
19.411451 -16.826591 -1.9799503 4294901760
15.861661 -15.168326 -2.2030504 4294901760
2.6321769 -2.5347707 -3.2467625 4294901760
4.6225357 -4.035337 -3.1077917 4294901760
6.255178 -6.0236988 -2.9684739 4294901760
8.3400259 -7.2805958 -2.8078392 4294901760
10.057919 -9.6857157 -2.6824698 4294901760
12.19374 -10.644774 -2.5132749 4294901760
13.242376 -14.0623 -2.3774807 4294901760
19.319534 -16.865383 -1.979205 4294901760
15.791386 -15.20701 -2.2024794 4294901760
2.6306751 -2.5519738 -3.2511473 4294901760
4.6019292 -4.0471644 -3.1060193 4294901760
6.2246132 -6.038393 -2.966815 4294901760
8.3073483 -7.3058939 -2.806932 4294901760
10.02235 -9.7225142 -2.6824162 4294901760
12.145682 -10.681516 -2.512485 4294901760
13.185306 -14.10492 -2.3773692 4294901760
19.251595 -16.930807 -1.9787569 4294901760
15.48659 -15.023282 -2.1955347 4294901760
2.6221983 -2.5606835 -3.251137 4294901760
4.5942516 -4.0675097 -3.1076217 4294901760
6.2073612 -6.0617414 -2.9673326 4294901760
8.2889948 -7.3386421 -2.8075323 4294901760
9.9928951 -9.7584686 -2.682637 4294901760
12.116152 -10.727006 -2.5126436 4294901760
13.146592 -14.157324 -2.3778858 4294901760
19.222237 -17.018362 -1.9787225 4294901760
15.536519 -15.172044 -2.1982343 4294901760
2.6158285 -2.5723631 -3.2525954 4294901760
4.5829 -4.0860853 -3.1083841 4294901760
6.1833677 -6.0806227 -2.9667718 4294901760
8.2603779 -7.3649015 -2.8070207 4294901760
9.9531116 -9.7877264 -2.6820872 4294901760
12.075665 -10.766587 -2.5122547 4294901760
13.115993 -14.223623 -2.3789265 4294901760
19.162712 -17.085356 -1.9783958 4294901760
15.543159 -15.284887 -2.1998422 4294901760
2.6042573 -2.5789273 -3.2511237 4294901760
4.5657434 -4.0994844 -3.10747 4294901760
6.1537433 -6.0938892 -2.9651341 4294901760
8.231678 -7.3910494 -2.8065171 4294901760
9.9329824 -9.8363705 -2.6833653 4294901760
12.043927 -10.813988 -2.5124264 4294901760
13.036676 -14.237009 -2.3777211 4294901760
19.085144 -17.136147 -1.977893 4294901760
15.537865 -15.386737 -2.2011511 4294901760
2.5926721 -2.5854421 -3.249655 4294901760
4.5542622 -4.1179805 -3.1082416 4294901760
6.1352115 -6.1181021 -2.9656699 4294901760
8.2087593 -7.42239 -2.8067639 4294901760
9.8873472 -9.8597746 -2.6823173 4294901760
12.020855 -10.869301 -2.5131581 4294901760
12.973502 -14.267695 -2.3772833 4294901760
18.980812 -17.162518 -1.9771179 4294901760
15.515114 -15.471848 -2.2020032 4294901760
2.580621 -2.5923584 -3.2481892 4294901760
4.5362911 -4.132051 -3.1073339 4294901760
6.1155124 -6.1433272 -2.9662125 4294901760
8.1844215 -7.4550881 -2.8070128 4294901760
9.856741 -9.9015722 -2.682838 4294901760
11.975057 -10.907929 -2.512615 4294901760
12.971824 -14.371323 -2.3798873 4294901760
18.841084 -17.162107 -1.9759934 4294901760
15.480802 -15.551212 -2.2026362 4294901760
2.5775633 -2.6056073 -3.2511244 4294901760
4.5232873 -4.1462817 -3.10728 4294901760
6.0934248 -6.1597214 -2.9656773 4294901760
8.1580477 -7.4780931 -2.8065455 4294901760
9.8311672 -9.9381313 -2.6833677 4294901760
11.940729 -10.945498 -2.5124731 4294901760
12.958524 -14.447582 -2.3815947 4294901760
18.790016 -17.223913 -1.9758028 4294901760
15.35617 -15.523246 -2.2005241 4294901760
2.5582905 -2.6042445 -3.2452652 4294901760
4.5031257 -4.1568203 -3.1055446 4294901760
6.0691371 -6.1781559 -2.9651489 4294901760
8.1318941 -7.5065241 -2.8064458 4294901760
9.80476 -9.9808798 -2.6841681 4294901760
11.90245 -10.987111 -2.5123274 4294901760
12.926555 -14.513545 -2.38271 4294901760
18.71805 -17.278568 -1.9754438 4294901760
15.279539 -15.554002 -2.1999273 4294901760
2.5542474 -2.6183484 -3.2482061 4294901760
4.4942307 -4.1777592 -3.1071742 4294901760
6.0584908 -6.2105336 -2.9673362 4294901760
8.1114311 -7.5402455 -2.8070955 4294901760
9.7670898 -10.012203 -2.6839406 4294901760
11.858198 -11.023175 -2.5118287 4294901760
12.85207 -14.531732 -2.3818269 4294901760
18.648855 -17.335653 -1.9751366 4294901760
15.200098 -15.581557 -2.1992679 4294901760
2.5416532 -2.6255322 -3.2467523 4294901760
4.480967 -4.197618 -3.107964 4294901760
6.0373273 -6.2365694 -2.9679074 4294901760
8.0795345 -7.5686336 -2.8066342 4294901760
9.7313337 -10.052485 -2.6842477 4294901760
11.815784 -11.068625 -2.5116959 4294901760
12.78304 -14.566004 -2.3814883 4294901760
18.532648 -17.360756 -1.9743785 4294901760
15.273257 -15.777301 -2.2031269 4294901760
2.5349853 -2.6370018 -3.2482326 4294901760
4.4578819 -4.2053046 -3.1054027 4294901760
6.0100846 -6.2519507 -2.9668574 4294901760
8.0444412 -7.588654 -2.8054488 4294901760
9.6961842 -10.086392 -2.6843021 4294901760
11.768398 -11.101616 -2.5110404 4294901760
12.711187 -14.586516 -2.38076 4294901760
18.512571 -17.463673 -1.974661 4294901760
15.314793 -15.931112 -2.2059727 4294901760
2.5291922 -2.6475737 -3.2497141 4294901760
4.4502354 -4.2245922 -3.1070502 4294901760
5.9877033 -6.2679639 -2.9663513 4294901760
8.0205603 -7.6138887 -2.8053896 4294901760
9.6671896 -10.119672 -2.6846197 4294901760
11.742114 -11.146747 -2.5115011 4294901760
12.649654 -14.608313 -2.3802676 4294901760
18.451826 -17.516253 -1.9744602 4294901760
15.278437 -15.993559 -2.2064586 4294901760
2.5174403 -2.6537561 -3.2482672 4294901760
4.4271088 -4.2321153 -3.1044979 4294901760
5.963089 -6.2859817 -2.9658556 4294901760
7.9939346 -7.6418395 -2.8053317 4294901760
9.6318064 -10.153355 -2.6846941 4294901760
11.69451 -11.179422 -2.510869 4294901760
12.655709 -14.718815 -2.3833477 4294901760
18.430954 -17.619156 -1.9747781 4294901760
15.22526 -16.049685 -2.206655 4294901760
2.509717 -2.6660421 -3.249758 4294901760
4.4136004 -4.2517552 -3.1053078 4294901760
5.9362206 -6.3059754 -2.9653718 4294901760
7.9645333 -7.6724768 -2.8052776 4294901760
9.5873108 -10.184484 -2.6842685 4294901760
11.66582 -11.238039 -2.5117018 4294901760
12.51897 -14.673378 -2.3797922 4294901760
18.386154 -17.711941 -1.9749112 4294901760
15.174455 -16.11964 -2.2071192 4294901760
2.496376 -2.6686187 -3.2468481 4294901760
4.4002213 -4.2656007 -3.1052873 4294901760
5.9110212 -6.3188643 -2.9643414 4294901760
7.9489036 -7.7057142 -2.8063519 4294901760
9.5471354 -10.20586 -2.6835756 4294901760
11.624745 -11.269096 -2.5112832 4294901760
12.511439 -14.758204 -2.3819876 4294901760
18.42783 -17.864048 -1.9759212 4294901760
15.126461 -16.170143 -2.2073348 4294901760
2.4944475 -2.6852846 -3.2512748 4294901760
4.3797922 -4.2755527 -3.1035893 4294901760
5.8889279 -6.3394594 -2.964407 4294901760
7.9191289 -7.7306528 -2.8059487 4294901760
9.5222549 -10.250753 -2.6847205 4294901760
11.571108 -11.295714 -2.510323 4294901760
12.55218 -14.911473 -2.3868845 4294901760
18.385347 -17.947773 -1.9760702 4294901760
15.045503 -16.196556 -2.2067916 4294901760
2.4776845 -2.6859818 -3.2469063 4294901760
4.3730817 -4.2989163 -3.1060956 4294901760
5.8667626 -6.3599772 -2.964479 4294901760
7.8949142 -7.7610197 -2.8062944 4294901760
9.4917936 -10.289762 -2.6853569 4294901760
11.531608 -11.336037 -2.510287 4294901760
12.497499 -14.952144 -2.3871257 4294901760
18.314051 -18.003452 -1.9759164 4294901760
15.013203 -16.275352 -2.2076869 4294901760
2.4702718 -2.6977184 -3.2484076 4294901760
4.3518219 -4.309494 -3.1044064 4294901760
5.8460627 -6.3843298 -2.9651036 4294901760
7.8607993 -7.7843409 -2.8055367 4294901760
9.4486589 -10.31863 -2.6849709 4294901760
11.495635 -11.383822 -2.5106273 4294901760
12.452785 -15.01011 -2.3880332 4294901760
18.264954 -18.087299 -1.9760704 4294901760
14.953452 -16.330267 -2.2078986 4294901760
2.4613125 -2.7058954 -3.2484417 4294901760
4.3402357 -4.3266211 -3.1052423 4294901760
5.8248596 -6.4036813 -2.9651847 4294901760
7.8405404 -7.8159466 -2.8062701 4294901760
9.4197292 -10.355776 -2.6856215 4294901760
11.455006 -11.419074 -2.5104342 4294901760
12.387744 -15.03288 -2.3876517 4294901760
18.219004 -18.161854 -1.9762143 4294901760
14.824104 -16.297188 -2.2058909 4294901760
2.4469919 -2.7090902 -3.2455475 4294901760
4.3278246 -4.3444748 -3.1060824 4294901760
5.8077288 -6.4297962 -2.9663606 4294901760
7.804841 -7.834868 -2.8051596 4294901760
9.3888416 -10.394484 -2.6862895 4294901760
11.417881 -11.461808 -2.5106173 4294901760
18.065378 -18.13488 -1.9751856 4294901760
14.75109 -16.331085 -2.2056494 4294901760
2.4394665 -2.7207396 -3.2470574 4294901760
4.3064556 -4.3548288 -3.1044078 4294901760
5.7841244 -6.4510398 -2.9664638 4294901760
7.784411 -7.8718514 -2.8062799 4294901760
9.3480339 -10.425872 -2.6861966 4294901760
11.373001 -11.500751 -2.5104485 4294901760
12.124192 -14.929458 -2.3806543 4294901760
17.965124 -18.166922 -1.9748212 4294901760
14.699121 -16.393944 -2.2061493 4294901760
2.4333186 -2.7310967 -3.248564 4294901760
4.2981524 -4.3738317 -3.1060963 4294901760
5.7638288 -6.4691792 -2.9665582 4294901760
7.7513309 -7.8878112 -2.8051844 4294901760
9.317873 -10.45815 -2.686609 4294901760
11.334023 -11.533586 -2.5102887 4294901760
12.109742 -15.007767 -2.382694 4294901760
17.53039 -17.839054 -1.9705122 4294901760
14.682021 -16.478739 -2.2074189 4294901760
2.4237707 -2.7395737 -3.2486107 4294901760
4.280169 -4.3860517 -3.1052699 4294901760
5.7412124 -6.4892588 -2.9666691 4294901760
7.7237506 -7.9148202 -2.8052092 4294901760
9.2707939 -10.478724 -2.6857481 4294901760
11.296474 -11.575926 -2.5105076 4294901760
12.18926 -15.214683 -2.3898685 4294901760
17.821947 -18.262825 -1.9746571 4294901760
14.679887 -16.59259 -2.2093666 4294901760
2.4161048 -2.7511628 -3.2501295 4294901760
4.2694244 -4.4072433 -3.1069696 4294901760
5.7147999 -6.5073109 -2.9662504 4294901760
7.6946888 -7.9430761 -2.8052444 4294901760
9.2244682 -10.503689 -2.6851673 4294901760
11.245668 -11.608683 -2.5100119 4294901760
12.143327 -15.271724 -2.3908696 4294901760
17.713242 -18.285032 -1.9742552 4294901760
14.597924 -16.62232 -2.2090478 4294901760
2.3988588 -2.7518024 -3.2457848 4294901760
4.2479029 -4.4173093 -3.105314 4294901760
5.6806011 -6.5163865 -2.9642115 4294901760
7.6627846 -7.9683766 -2.8049185 4294901760
9.183301 -10.534438 -2.685118 4294901760
11.200289 -11.646956 -2.5098944 4294901760
12.114412 -15.350522 -2.392777 4294901760
17.643341 -18.346958 -1.9743252 4294901760
14.505466 -16.639652 -2.2084286 4294901760
2.3973224 -2.7675447 -3.2502346 4294901760
4.2313428 -4.4278479 -3.1044993 4294901760
5.6678061 -6.5430946 -2.9659562 4294901760
7.6431751 -7.998126 -2.8057046 4294901760
9.147563 -10.560236 -2.6850476 4294901760
11.160896 -11.679212 -2.5097783 4294901760
17.68486 -18.506149 -1.9755902 4294901760
14.481833 -16.718287 -2.2096028 4294901760
2.3852839 -2.7731478 -3.2488256 4294901760
4.2185135 -4.4453845 -3.1053715 4294901760
5.637259 -6.5539174 -2.9644656 4294901760
7.6124902 -8.0218887 -2.8053927 4294901760
9.1132336 -10.59511 -2.685529 4294901760
11.128273 -11.726749 -2.510411 4294901760
11.963409 -15.367674 -2.3911967 4294901760
17.658609 -18.608286 -1.976177 4294901760
14.41819 -16.76269 -2.2097936 4294901760
2.3755889 -2.7814572 -3.2488863 4294901760
4.2056112 -4.4628863 -3.1062489 4294901760
5.6219888 -6.5825028 -2.9662366 4294901760
7.5790191 -8.0426598 -2.8047185 4294901760
9.073616 -10.623838 -2.6855001 4294901760
11.095452 -11.774208 -2.5110559 4294901760
11.92187 -15.425097 -2.3923607 4294901760
17.618172 -18.69595 -1.9766223 4294901760
14.32075 -16.767443 -2.208966 4294901760
2.3606904 -2.784615 -3.2460189 4294901760
4.1839628 -4.4726443 -3.1046124 4294901760
5.5952897 -6.6000724 -2.9658515 4294901760
7.5548916 -8.0761566 -2.8055384 4294901760
9.0371847 -10.66005 -2.6860149 4294901760
11.046789 -11.808986 -2.5108063 4294901760
11.833744 -15.427607 -2.391273 4294901760
17.560436 -18.772055 -1.9769349 4294901760
14.287559 -16.85327 -2.2102437 4294901760
2.3556247 -2.7983854 -3.2490191 4294901760
4.1709466 -4.4900446 -3.1054988 4294901760
5.5671644 -6.6135626 -2.9649227 4294901760
7.5266542 -8.1024799 -2.8056221 4294901760
9.0050287 -10.697604 -2.686789 4294901760
11.005501 -11.847475 -2.5109289 4294901760
11.777405 -15.465652 -2.3917012 4294901760
17.557264 -18.90048 -1.9778733 4294901760
14.226074 -16.899992 -2.2105639 4294901760
2.3393559 -2.7978382 -3.2446833 4294901760
4.1534219 -4.5010204 -3.104707 4294901760
5.5527506 -6.6410151 -2.9667058 4294901760
7.5104656 -8.1390133 -2.8071916 4294901760
8.9516888 -10.706099 -2.6852152 4294901760
10.955367 -11.872217 -2.5103261 4294901760
11.757285 -15.545918 -2.3939033 4294901760
17.429546 -18.88822 -1.9772999 4294901760
14.103465 -16.867554 -2.2088845 4294901760
2.3290856 -2.8063936 -3.2447584 4294901760
4.1368971 -4.5162129 -3.1047652 4294901760
5.5283728 -6.6613226 -2.9668839 4294901760
7.4805841 -8.1664858 -2.807297 4294901760
8.9022522 -10.726624 -2.6844597 4294901760
10.909094 -11.909358 -2.5102973 4294901760
11.695446 -15.582535 -2.394263 4294901760
17.368288 -18.960802 -1.9776417 4294901760
13.977895 -16.842438 -2.2073395 4294901760
2.3197663 -2.8141017 -3.2448287 4294901760
4.1218977 -4.5299067 -3.1048224 4294901760
5.5112424 -6.6856718 -2.968137 4294901760
7.4428215 -8.179554 -2.8059177 4294901760
8.8565359 -10.743837 -2.683686 4294901760
10.877568 -11.954292 -2.5109959 4294901760
11.717494 -15.720224 -2.3988006 4294901760
17.377821 -19.097979 -1.9787576 4294901760
13.896607 -16.857933 -2.2069633 4294901760
2.3122253 -2.8249872 -3.2463729 4294901760
4.103478 -4.541409 -3.1040468 4294901760
5.4878716 -6.7048683 -2.9683197 4294901760
7.4195237 -8.2113495 -2.8067758 4294901760
8.8240051 -10.780828 -2.6845012 4294901760
10.827776 -11.983336 -2.5106184 4294901760
11.570157 -15.636171 -2.3944232 4294901760
17.257547 -19.099306 -1.9783803 4294901760
13.814951 -16.878571 -2.2067032 4294901760
2.295984 -2.8242004 -3.2420464 4294901760
4.0909686 -4.557858 -3.1049526 4294901760
5.4631329 -6.7199864 -2.9679561 4294901760
7.3869739 -8.2300253 -2.8061528 4294901760
8.7932129 -10.816188 -2.6853116 4294901760
10.798603 -12.031013 -2.5115223 4294901760
11.598426 -15.783568 -2.3993793 4294901760
17.191454 -19.15346 -1.9786237 4294901760
13.869559 -17.060404 -2.2106805 4294901760
2.2906659 -2.8378394 -3.2450633 4294901760
4.0699077 -4.5663595 -3.1033454 4294901760
5.4421062 -6.7420673 -2.9686944 4294901760
7.3529401 -8.2498598 -2.8055444 4294901760
8.7554035 -10.846816 -2.6856258 4294901760
10.75654 -12.068635 -2.5117166 4294901760
11.505707 -15.772478 -2.3979721 4294901760
17.201483 -19.299738 -1.9798778 4294901760
13.995223 -17.338276 -2.2171118 4294901760
2.2830133 -2.8486471 -3.2466159 4294901760
4.0513911 -4.5776539 -3.1025832 4294901760
5.41118 -6.7518411 -2.9672663 4294901760
7.3293376 -8.2813959 -2.806427 4294901760
8.7125254 -10.871119 -2.6854281 4294901760
10.714348 -12.106109 -2.5119231 4294901760
11.466932 -15.835126 -2.3995302 4294901760
17.094343 -19.314844 -1.9797183 4294901760
13.964536 -17.424356 -2.2185943 4294901760
2.2748139 -2.8598325 -3.2481756 4294901760
4.0396709 -4.5982599 -3.104351 4294901760
5.3863974 -6.7716284 -2.9674847 4294901760
7.2989359 -8.3082027 -2.8065844 4294901760
8.6701527 -10.899874 -2.6855187 4294901760
10.677781 -12.154261 -2.5127015 4294901760
11.404169 -15.870578 -2.3999813 4294901760
17.028704 -19.383362 -1.9801505 4294901760
13.900579 -17.47542 -2.2191582 4294901760
2.2580764 -2.8592205 -3.2438631 4294901760
4.0261269 -4.6152358 -3.1052792 4294901760
5.3700194 -6.7996235 -2.9693301 4294901760
7.2672915 -8.3306522 -2.8063717 4294901760
8.6246729 -10.920729 -2.6850808 4294901760
10.656204 -12.215436 -2.5143964 4294901760
11.33251 -15.887591 -2.3997691 4294901760
16.924215 -19.400591 -1.9800613 4294901760
13.799957 -17.473776 -2.2184243 4294901760
2.2413719 -2.8585272 -3.239553 4294901760
4.0074706 -4.6263499 -3.1045308 4294901760
5.3510928 -6.824501 -2.9706388 4294901760
7.2433438 -8.3619442 -2.8072801 4294901760
8.5962944 -10.96326 -2.686482 4294901760
10.603084 -12.240534 -2.5139086 4294901760
11.265477 -15.910803 -2.3998275 4294901760
16.730988 -19.314779 -1.9788744 4294901760
13.70198 -17.474781 -2.2177844 4294901760
2.2407897 -2.8773849 -3.2455153 4294901760
3.9895942 -4.6366935 -3.1037819 4294901760
5.3260212 -6.8391128 -2.9703116 4294901760
7.2181525 -8.3889141 -2.8078172 4294901760
8.5574532 -10.988575 -2.6865685 4294901760
10.562434 -12.275626 -2.5141516 4294901760
11.164548 -15.879652 -2.3977976 4294901760
16.791767 -19.515339 -1.9808356 4294901760
13.594964 -17.457212 -2.2167253 4294901760
3.9733846 -4.6505919 -3.103883 4294901760
5.3021164 -6.8576622 -2.970546 4294901760
7.1862578 -8.4110537 -2.8076289 4294901760
8.5117626 -11.008961 -2.6861603 4294901760
10.514353 -12.306375 -2.5140531 4294901760
11.131844 -15.951189 -2.3998168 4294901760
16.796122 -19.658781 -1.9821831 4294901760
13.56077 -17.539257 -2.2182121 4294901760
3.9621105 -4.6703076 -3.1056705 4294901760
5.2757583 -6.8730173 -2.970243 4294901760
7.146626 -8.4240313 -2.8063354 4294901760
8.4781132 -11.0449 -2.6870701 4294901760
10.471332 -12.343002 -2.5143328 4294901760
11.064756 -15.973578 -2.3999131 4294901760
16.598326 -19.565151 -1.9809799 4294901760
13.548014 -17.649734 -2.2204466 4294901760
3.9457843 -4.6841097 -3.1057808 4294901760
5.2541118 -6.8945103 -2.971034 4294901760
7.1222706 -8.4549723 -2.8072772 4294901760
8.4419146 -11.077583 -2.6877291 4294901760
10.435871 -12.388604 -2.5151744 4294901760
11.011188 -16.015387 -2.4007995 4294901760
16.527361 -19.619919 -1.9814094 4294901760
13.524985 -17.747652 -2.2223778 4294901760
3.9195247 -4.6860361 -3.1025321 4294901760
5.2276473 -6.9096813 -2.9707437 4294901760
7.0977855 -8.4858456 -2.8082273 4294901760
8.3936176 -11.094327 -2.687089 4294901760
10.407871 -12.44326 -2.5165784 4294901760
11.013583 -16.139257 -2.404942 4294901760
16.512535 -19.741766 -1.9825875 4294901760
13.45333 -17.782038 -2.2227063 4294901760
3.9056044 -4.7026525 -3.1034925 4294901760
5.2011404 -6.9247508 -2.9704595 4294901760
7.0630703 -8.504488 -2.8077009 4294901760
8.3476915 -11.11404 -2.6867204 4294901760
10.364373 -12.479513 -2.5168955 4294901760
11.04875 -16.312801 -2.4110551 4294901760
16.5404 -19.915932 -1.9843527 4294901760
13.403148 -17.84483 -2.2237821 4294901760
3.8891654 -4.7162571 -3.1036165 4294901760
5.1769371 -6.9428649 -2.970726 4294901760
7.0283122 -8.5229931 -2.8071818 4294901760
8.3135891 -11.149474 -2.6876724 4294901760
10.313158 -12.506413 -2.516674 4294901760
10.971744 -16.321522 -2.4106963 4294901760
16.493628 -20.001255 -1.9851775 4294901760
13.376524 -17.939449 -2.2256896 4294901760
3.8726788 -4.7298045 -3.103745 4294901760
5.1480026 -6.9545875 -2.9699099 4294901760
6.9935112 -8.5413589 -2.8066711 4294901760
8.2864237 -11.194372 -2.6894221 4294901760
10.261881 -12.533105 -2.5164645 4294901760
10.932387 -16.386227 -2.4125617 4294901760
16.423708 -20.058706 -1.9857229 4294901760
13.325682 -18.002052 -2.2268023 4294901760
3.8585746 -4.7462816 -3.1047194 4294901760
5.126018 -6.9756756 -2.9707334 4294901760
6.9586668 -8.5595846 -2.8061681 4294901760
8.2425985 -11.216833 -2.6893463 4294901760
10.225595 -12.578106 -2.5173683 4294901760
10.881719 -16.43425 -2.4137928 4294901760
16.361143 -20.125202 -1.9863882 4294901760
13.25804 -18.042034 -2.2273614 4294901760
3.8419838 -4.7597218 -3.1048572 4294901760
5.1016378 -6.9935255 -2.971019 4294901760
6.9287467 -8.5838223 -2.8064167 4294901760
8.1963797 -11.235919 -2.6890182 4294901760
10.181628 -12.613723 -2.5177336 4294901760
10.808976 -16.448833 -2.4137344 4294901760
16.275757 -20.163561 -1.9867712 4294901760
13.140944 -18.014122 -2.2262192 4294901760
3.8157103 -4.7610817 -3.101634 4294901760
5.084096 -7.020822 -2.9729457 4294901760
6.9012122 -8.6110401 -2.8070455 4294901760
8.1524544 -11.258036 -2.688962 4294901760
10.135049 -12.646085 -2.5179272 4294901760
10.690576 -16.393057 -2.4109437 4294901760
16.217749 -20.235819 -1.9875429 4294901760
13.073305 -18.053427 -2.2268076 4294901760
3.8038642 -4.7803998 -3.1034636 4294901760
5.0618467 -7.0417113 -2.9737899 4294901760
6.8760338 -8.641263 -2.8080547 4294901760
8.1084728 -11.279979 -2.688916 4294901760
10.090843 -12.681385 -2.5183167 4294901760
10.613815 -16.400183 -2.4106441 4294901760
16.114714 -20.251717 -1.9877274 4294901760
13.063725 -18.173405 -2.2294641 4294901760
3.7895422 -4.7966714 -3.1044567 4294901760
5.0372357 -7.0593381 -2.9740953 4294901760
6.8335767 -8.6497049 -2.806468 4294901760
8.0667439 -11.304985 -2.6891425 4294901760
10.053911 -12.725893 -2.5192704 4294901760
10.633982 -16.557772 -2.4162521 4294901760
16.053818 -20.320368 -1.9885042 4294901760
12.98863 -18.202669 -2.2298415 4294901760
3.7775304 -4.8159313 -3.1062963 4294901760
5.0125642 -7.0768776 -2.9744074 4294901760
6.7984643 -8.6672859 -2.8060052 4294901760
8.0226479 -11.326597 -2.6891158 4294901760
10.009429 -12.760909 -2.5196846 4294901760
10.499063 -16.473879 -2.4124401 4294901760
16.004953 -20.404537 -1.989471 4294901760
12.915798 -18.234882 -2.2303166 4294901760
3.7600141 -4.8247361 -3.1055989 4294901760
4.9925632 -7.0957975 -2.975239 4294901760
6.78092 -8.7010717 -2.8077543 4294901760
7.9893074 -11.354991 -2.6898372 4294901760
9.971734 -12.795428 -2.5202518 4294901760
10.438736 -16.493319 -2.4127414 4294901760
15.948132 -20.464161 -1.9901856 4294901760
12.835506 -18.242765 -2.2302294 4294901760
3.7384357 -4.8317394 -3.10408 4294901760
4.9677639 -7.1131811 -2.9755635 4294901760
6.7553439 -8.7309408 -2.8087964 4294901760
7.9587107 -11.395823 -2.6914098 4294901760
9.93431 -12.839595 -2.5212421 4294901760
10.493363 -16.708414 -2.4206467 4294901760
15.8473 -20.481834 -1.9904749 4294901760
12.824251 -18.362633 -2.2329638 4294901760
3.7238934 -4.8478146 -3.1050913 4294901760
4.9406691 -7.1272564 -2.9753487 4294901760
6.7224178 -8.7513332 -2.8087296 4294901760
7.9188824 -11.423534 -2.6919398 4294901760
9.882163 -12.864733 -2.5211382 4294901760
10.418124 -16.717899 -2.4205489 4294901760
15.746537 -20.499054 -1.9907811 4294901760
12.830483 -18.508858 -2.2363837 4294901760
3.7046125 -4.8577213 -3.104423 4294901760
4.9157605 -7.1444592 -2.9756858 4294901760
6.6870346 -8.7684603 -2.8082986 4294901760
7.867713 -11.434763 -2.6911616 4294901760
9.8396082 -12.902314 -2.5217843 4294901760
10.328286 -16.703352 -2.4195385 4294901760
15.682145 -20.563416 -1.9916197 4294901760
12.763538 -18.550249 -2.2371762 4294901760
3.6899588 -4.8736939 -3.1054437 4294901760
4.8930035 -7.1648135 -2.9765751 4294901760
6.6563869 -8.791749 -2.8086205 4294901760
7.8165612 -11.445772 -2.6903923 4294901760
9.801712 -12.946093 -2.5228121 4294901760
10.280334 -16.756279 -2.4211798 4294901760
15.648808 -20.668932 -1.9929265 4294901760
12.709949 -18.611151 -2.2384837 4294901760
3.6706097 -4.8834648 -3.1047843 4294901760
4.8701653 -7.1850958 -2.9774714 4294901760
6.6232824 -8.8117695 -2.8085778 4294901760
7.7743354 -11.469701 -2.6906874 4294901760
9.7636309 -12.989762 -2.5238528 4294901760
10.238347 -16.819275 -2.4232349 4294901760
15.545398 -20.681961 -1.9932529 4294901760
12.591225 -18.576197 -2.2373953 4294901760
3.6489339 -4.8900738 -3.1032867 4294901760
4.842865 -7.1987977 -2.9772818 4294901760
6.5901198 -8.8316689 -2.808543 4294901760
7.7298212 -11.490185 -2.6907287 4294901760
9.7182293 -13.023766 -2.5243514 4294901760
10.22693 -16.933321 -2.4272964 4294901760
15.439702 -20.691328 -1.9935603 4294901760
12.57081 -18.686193 -2.2399855 4294901760
3.6318414 -4.902782 -3.1034787 4294901760
4.8155293 -7.2123976 -2.9770985 4294901760
6.5616031 -8.8577948 -2.8092625 4294901760
7.6874614 -11.513798 -2.6910436 4294901760
9.6750755 -13.060807 -2.5250473 4294901760
10.167757 -16.968916 -2.4283278 4294901760
15.360253 -20.735479 -1.9942675 4294901760
12.496652 -18.7167 -2.2405932 4294901760
3.6192703 -4.9216352 -3.1053603 4294901760
4.7903242 -7.2291627 -2.9774675 4294901760
6.5306449 -8.8806448 -2.8096173 4294901760
7.6472249 -11.540562 -2.691633 4294901760
9.6152916 -13.075276 -2.5244591 4294901760
10.126781 -17.035116 -2.4305704 4294901760
15.257052 -20.747179 -1.9946427 4294901760
12.444456 -18.780148 -2.2420537 4294901760
3.5997965 -4.9311275 -3.1047187 4294901760
4.7650599 -7.2458396 -2.9778433 4294901760
6.5019355 -8.90658 -2.8103535 4294901760
7.6025329 -11.560555 -2.6917033 4294901760
9.5742788 -13.115183 -2.5253644 4294901760
10.065232 -17.066933 -2.4314992 4294901760
15.163361 -20.771303 -1.9951745 4294901760
12.32844 -18.746857 -2.2410996 4294901760
3.5825617 -4.9436631 -3.1049242 4294901760
4.7397385 -7.2624288 -2.9782252 4294901760
6.4731259 -8.9324217 -2.8110983 4294901760
7.5599632 -11.583697 -2.6920481 4294901760
9.5214405 -13.138864 -2.5253546 4294901760
10.009619 -17.108835 -2.4328425 4294901760
15.114178 -20.856417 -1.9963932 4294901760
12.230243 -18.739698 -2.2408266 4294901760
3.5652835 -4.9561381 -3.1051342 4294901760
4.7186232 -7.2855134 -2.979708 4294901760
6.4372902 -8.9485455 -2.8107307 4294901760
7.5108557 -11.596696 -2.6916072 4294901760
9.4778423 -13.175248 -2.5260985 4294901760
9.9498348 -17.143671 -2.4339337 4294901760
15.085558 -20.970592 -1.997952 4294901760
12.182094 -18.809046 -2.2425029 4294901760
3.5457234 -4.9654193 -3.1045058 4294901760
4.6910424 -7.2986407 -2.9795556 4294901760
6.4083118 -8.9741783 -2.811492 4294901760
7.468184 -11.619505 -2.6919711 4294901760
9.4410372 -13.221197 -2.5274122 4294901760
9.8899326 -17.178299 -2.4350395 4294901760
15.047048 -21.071835 -1.9993933 4294901760
12.118519 -18.854811 -2.2436073 4294901760
3.5283694 -4.977766 -3.1047249 4294901760
4.6655369 -7.314971 -2.9799571 4294901760
6.3632331 -8.9771452 -2.8096447 4294901760
7.4318461 -11.652194 -2.693141 4294901760
9.381031 -13.234605 -2.52688 4294901760
9.820034 -17.195425 -2.4354892 4294901760
14.980324 -21.133997 -2.0004299 4294901760
12.001177 -18.816326 -2.2426128 4294901760
3.5118425 -4.989439 -3.1049371 4294901760
4.6370573 -7.3237743 -2.9792488 4294901760
6.3311534 -8.9949656 -2.8096538 4294901760
7.3889198 -11.67007 -2.6932266 4294901760
9.3325119 -13.259137 -2.5270727 4294901760
9.7629576 -17.227896 -2.4365654 4294901760
14.891782 -21.157452 -2.0010448 4294901760
11.876866 -18.758337 -2.2411492 4294901760
3.4966109 -5.0048242 -3.1060085 4294901760
4.6135516 -7.3432379 -2.9802103 4294901760
6.3110352 -9.0332098 -2.8119352 4294901760
7.3418064 -11.685711 -2.6930881 4294901760
9.2861729 -13.291632 -2.5276783 4294901760
9.7164221 -17.286171 -2.4386542 4294901760
14.751567 -21.114445 -2.000968 4294901760
11.860096 -18.877325 -2.2441633 4294901760
3.4747298 -5.0106683 -3.1045537 4294901760
4.5858154 -7.355968 -2.980082 4294901760
6.2794657 -9.0551844 -2.8123548 4294901760
7.2988715 -11.7079 -2.6934905 4294901760
9.2510519 -13.340305 -2.5292275 4294901760
9.6599016 -17.326941 -2.4400871 4294901760
14.677775 -21.165808 -2.0019491 4294901760
11.732965 -18.820496 -2.2427721 4294901760
3.4506657 -5.0132489 -3.1022584 4294901760
4.5559831 -7.3652601 -2.9794118 4294901760
6.2455769 -9.0737944 -2.8124084 4294901760
7.2516961 -11.723184 -2.6933703 4294901760
9.1999197 -13.365967 -2.529485 4294901760
9.5858698 -17.336159 -2.4403198 4294901760
14.655835 -21.292513 -2.0037837 4294901760
11.717532 -18.942711 -2.2459121 4294901760
3.4396644 -5.0348043 -3.1050317 4294901760
4.5302467 -7.3811183 -2.9798439 4294901760
6.2138662 -9.0955391 -2.8128443 4294901760
7.2128077 -11.751807 -2.6943245 4294901760
9.1397476 -13.378295 -2.5290074 4294901760
9.4640169 -17.257767 -2.4371824 4294901760
14.621941 -21.402847 -2.0054624 4294901760
11.615888 -18.925734 -2.2455683 4294901760
3.4220686 -5.0467811 -3.1052775 4294901760
4.5044541 -7.3968868 -2.9802823 4294901760
6.1754241 -9.1073608 -2.8121641 4294901760
7.1799965 -11.790468 -2.6960888 4294901760
9.0952253 -13.41341 -2.5298474 4294901760
9.3827868 -17.252211 -2.4368894 4294901760
14.529226 -21.42734 -2.0062146 4294901760
11.578783 -19.013836 -2.2478938 4294901760
3.4022803 -5.0554991 -3.1046834 4294901760
4.4765778 -7.4092078 -2.9801781 4294901760
6.1435957 -9.1288605 -2.8126161 4294901760
7.1387954 -11.815458 -2.6967978 4294901760
9.0550089 -13.454972 -2.5310736 4294901760
9.4170389 -17.460125 -2.4448848 4294901760
14.452114 -21.474611 -2.007241 4294901760
11.532958 -19.088261 -2.2498975 4294901760
3.3867519 -5.0705481 -3.1057827 4294901760
4.4486713 -7.4214249 -2.9800801 4294901760
6.1160827 -9.1568241 -2.8138258 4294901760
7.0913887 -11.830096 -2.6967161 4294901760
9.0146141 -13.496422 -2.5323126 4294901760
9.3729391 -17.524496 -2.4473438 4294901760
14.38593 -21.538202 -2.0084705 4294901760
11.460108 -19.118143 -2.2508006 4294901760
3.3690314 -5.0823388 -3.1060421 4294901760
4.4207335 -7.433537 -2.9799881 4294901760
6.0797143 -9.1715279 -2.813544 4294901760
7.0520787 -11.858189 -2.6977119 4294901760
8.9608536 -13.51786 -2.5324414 4294901760
9.3173065 -17.567663 -2.4490044 4294901760
14.293021 -21.56168 -2.0092757 4294901760
11.440172 -19.236841 -2.2539659 4294901760
3.3555055 -5.1005039 -3.1079957 4294901760
4.4027319 -7.4624357 -2.9826491 4294901760
6.0498371 -9.1959972 -2.8143954 4294901760
7.0066118 -11.875897 -2.697916 4294901760
8.915802 -13.55238 -2.5333304 4294901760
9.2318306 -17.554255 -2.4484971 4294901760
14.16504 -21.531433 -2.0095005 4294901760
11.484376 -19.465509 -2.2599294 4294901760
3.3397861 -5.1154118 -3.1091096 4294901760
4.3726931 -7.4709883 -2.9820199 4294901760
6.0155373 -9.2137489 -2.8145044 4294901760
6.9691224 -11.907131 -2.6991999 4294901760
8.8814831 -13.603399 -2.5351703 4294901760
9.1557665 -17.558121 -2.4486811 4294901760
14.089791 -21.580748 -2.0106349 4294901760
10.74374 -18.356276 -2.2321477 4294901760
3.3198149 -5.1238055 -3.1085377 4294901760
4.3544655 -7.4997754 -2.9846961 4294901760
5.9897866 -9.2446432 -2.8161242 4294901760
6.9195461 -11.91766 -2.6988876 4294901760
8.8252954 -13.620971 -2.535146 4294901760
9.088933 -17.579363 -2.4495602 4294901760
13.977489 -21.572872 -2.0111487 4294901760
11.182051 -19.25905 -2.255173 4294901760
3.2998261 -5.1321235 -3.10797 4294901760
4.3282595 -7.5149293 -2.9851797 4294901760
5.9596176 -9.2688198 -2.8170011 4294901760
6.8739424 -11.934865 -2.6991198 4294901760
8.7712421 -13.641657 -2.5353205 4294901760
9.0184298 -17.59326 -2.4501777 4294901760
13.880519 -21.587967 -2.01194 4294901760
11.088889 -19.253056 -2.2552795 4294901760
3.2818921 -5.1436105 -3.108252 4294901760
4.296165 -7.5197749 -2.9840181 4294901760
5.9272285 -9.289566 -2.8175104 4294901760
6.8283048 -11.951896 -2.6993611 4294901760
8.7257109 -13.675543 -2.5362582 4294901760
8.9912491 -17.692093 -2.4541068 4294901760
13.843716 -21.696836 -2.0138099 4294901760
3.2627556 -5.1512108 -3.1076784 4294901760
4.2692699 -7.5305676 -2.983938 4294901760
5.8879299 -9.2958136 -2.8164966 4294901760
6.7886324 -11.974472 -2.700109 4294901760
8.6994648 -13.734642 -2.5386765 4294901760
8.9397001 -17.736038 -2.4559267 4294901760
13.611553 -21.489803 -2.0120952 4294901760
11.071621 -19.529238 -2.2628298 4294901760
3.2427049 -5.1593075 -3.1071229 4294901760
4.2429571 -7.5454245 -2.9844391 4294901760
5.8554454 -9.3163099 -2.8170211 4294901760
6.7429028 -11.991179 -2.7003684 4294901760
8.6451197 -13.754822 -2.5388858 4294901760
8.863492 -17.738632 -2.4561725 4294901760
13.538579 -21.540564 -2.0133462 4294901760
11.017064 -19.592094 -2.2647452 4294901760
3.2267144 -5.1738629 -3.108264 4294901760
4.2223248 -7.5704646 -2.9865997 4294901760
5.8145242 -9.3232775 -2.8160467 4294901760
6.7029386 -12.018108 -2.7014437 4294901760
8.592845 -13.778165 -2.5392947 4294901760
8.8068237 -17.78017 -2.4579499 4294901760
13.649124 -21.885637 -2.0179696 4294901760
10.868989 -19.487675 -2.2624464 4294901760
3.2066081 -5.1818194 -3.107717 4294901760
4.1939754 -7.5817261 -2.9865627 4294901760
5.7840252 -9.3468781 -2.8169634 4294901760
6.6609473 -12.041433 -2.7022603 4294901760
8.5405149 -13.801314 -2.5397146 4294901760
8.7482166 -17.817953 -2.4596043 4294901760
13.610444 -21.994226 -2.0199339 4294901760
10.899317 -19.703415 -2.2682807 4294901760
3.1945465 -5.2028289 -3.1105607 4294901760
4.1674843 -7.5963202 -2.9870832 4294901760
5.7492943 -9.3636436 -2.8171344 4294901760
6.615056 -12.057654 -2.702548 4294901760
8.5026894 -13.847986 -2.5414693 4294901760
8.6859665 -17.848381 -2.4609964 4294901760
13.521057 -22.021198 -2.0209901 4294901760
10.765274 -19.622501 -2.2666185 4294901760
3.1763659 -5.2139482 -3.1108694 4294901760
4.142817 -7.6142654 -2.9881616 4294901760
5.7145176 -9.3802795 -2.817313 4294901760
6.5748229 -12.084157 -2.7036536 4294901760
8.450161 -13.87079 -2.5419128 4294901760
8.6184196 -17.867832 -2.4619849 4294901760
13.444106 -22.068262 -2.0222974 4294901760
3.1621315 -5.2315974 -3.1128769 4294901760
4.1124878 -7.6217771 -2.987591 4294901760
5.6796951 -9.3967876 -2.8174992 4294901760
6.5194116 -12.082589 -2.7026107 4294901760
8.4058056 -13.907008 -2.5431256 4294901760
8.5525608 -17.890619 -2.4631255 4294901760
13.34635 -22.080906 -2.0232303 4294901760
3.1398885 -5.2359958 -3.1115007 4294901760
4.087709 -7.639544 -2.988682 4294901760
5.6570234 -9.4335032 -2.8199594 4294901760
6.4734521 -12.098274 -2.7029247 4294901760
8.3633471 -13.946498 -2.5445406 4294901760
8.4934702 -17.927565 -2.4648378 4294901760
13.302028 -22.182114 -2.0252063 4294901760
10.559201 -19.734156 -2.2707486 4294901760
3.1255314 -5.2535458 -3.1135178 4294901760
4.0610166 -7.6537666 -2.9892275 4294901760
5.6179972 -9.4430037 -2.8194063 4294901760
6.4590783 -12.173375 -2.7078445 4294901760
8.3125801 -13.97219 -2.5452092 4294901760
8.4240685 -17.94268 -2.4657254 4294901760
13.200033 -22.18726 -2.0260947 4294901760
10.540704 -19.865982 -2.2745786 4294901760
3.0993423 -5.2511544 -3.1104548 4294901760
4.0269699 -7.6540098 -2.9875684 4294901760
5.5789733 -9.4523439 -2.8188601 4294901760
6.4220886 -12.206381 -2.7095339 4294901760
8.2536488 -13.983995 -2.5451288 4294901760
8.3529854 -17.953922 -2.4664843 4294901760
13.092083 -22.181658 -2.0268764 4294901760
10.196564 -19.380476 -2.2627029 4294901760
3.0800745 -5.2624788 -3.1108022 4294901760
4.0025163 -7.675674 -2.9892592 4294901760
5.5542731 -9.4897842 -2.8213773 4294901760
6.3644633 -12.205209 -2.7085705 4294901760
8.2123842 -14.031314 -2.5470059 4294901760
8.2954578 -18.002502 -2.4687345 4294901760
12.98449 -22.184723 -2.0278218 4294901760
9.7641678 -18.724863 -2.2465076 4294901760
3.0626068 -5.2726636 -3.1111209 4294901760
3.9770405 -7.6889048 -2.989795 4294901760
5.5227733 -9.5081511 -2.8219519 4294901760
6.3221312 -12.222723 -2.709151 4294901760
8.1678066 -14.06191 -2.5480459 4294901760
8.2290945 -18.015423 -2.4695852 4294901760
12.930893 -22.262163 -2.0295689 4294901760
9.7478085 -18.845663 -2.2500753 4294901760
3.0441835 -5.2833219 -3.1114604 4294901760
3.9501779 -7.7027402 -2.9903648 4294901760
5.4796844 -9.5102472 -2.8206704 4294901760
6.2812395 -12.248247 -2.7103283 4294901760
8.1127157 -14.079995 -2.5483794 4294901760
8.1579504 -18.025896 -2.4703803 4294901760
12.894941 -22.37977 -2.0318565 4294901760
10.15315 -19.798368 -2.2749619 4294901760
3.0257227 -5.2939162 -3.1118047 4294901760
3.9250438 -7.7199793 -2.9914949 4294901760
5.4444928 -9.5258856 -2.8209107 4294901760
6.2402449 -12.273637 -2.7115161 4294901760
8.055625 -14.094419 -2.5485325 4294901760
8.08846 -18.039726 -2.471328 4294901760
12.836544 -22.459291 -2.0337226 4294901760
10.152638 -19.968735 -2.2798994 4294901760
3.0110242 -5.3111472 -3.1138504 4294901760
3.8998377 -7.7371349 -2.9926314 4294901760
5.4131575 -9.5482712 -2.8219173 4294901760
6.1973639 -12.295343 -2.7124424 4294901760
8.0063763 -14.122452 -2.5494606 4294901760
8.0254402 -18.067848 -2.4728546 4294901760
12.762002 -22.510902 -2.0352838 4294901760
9.6378546 -19.121151 -2.2587814 4294901760
2.9886904 -5.3149104 -3.1125062 4294901760
3.8710525 -7.7471919 -2.9926662 4294901760
5.3739824 -9.5567732 -2.8214142 4294901760
6.1579537 -12.323999 -2.713923 4294901760
7.9609289 -14.157246 -2.5507832 4294901760
7.9543023 -18.077526 -2.4736843 4294901760
12.657921 -22.510099 -2.0362446 4294901760
9.5389738 -19.090483 -2.2585902 4294901760
2.9682431 -5.3219471 -3.1120145 4294901760
3.8439858 -7.7606578 -2.9932611 4294901760
5.34444 -9.5823774 -2.8228164 4294901760
6.1201806 -12.356089 -2.7156868 4294901760
7.9133987 -14.188422 -2.5519271 4294901760
7.8927422 -18.108833 -2.4753792 4294901760
12.57538 -22.547178 -2.0376751 4294901760
10.006673 -20.202564 -2.2877722 4294901760
2.9515131 -5.3356457 -3.1132255 4294901760
3.813416 -7.7669864 -2.9927526 4294901760
5.3109598 -9.6009741 -2.8234675 4294901760
6.077014 -12.377377 -2.7166438 4294901760
7.8715258 -14.229879 -2.5536587 4294901760
7.8215914 -18.117992 -2.4762323 4294901760
12.463766 -22.531576 -2.0384967 4294901760
9.6971359 -19.750671 -2.276818 4294901760
2.9291646 -5.3391619 -3.1118927 4294901760
3.7845643 -7.7767234 -2.9928043 4294901760
5.279315 -9.62292 -2.8245068 4294901760
6.0372438 -12.405649 -2.7181571 4294901760
7.821806 -14.25727 -2.5546355 4294901760
7.7551675 -18.137859 -2.4775252 4294901760
12.429183 -22.655409 -2.0410101 4294901760
9.5792866 -19.684027 -2.2757759 4294901760
2.9123504 -5.3527379 -3.1131124 4294901760
3.7556913 -7.7863536 -2.9928615 4294901760
5.2400255 -9.6308746 -2.8240325 4294901760
5.9956274 -12.430222 -2.7194078 4294901760
7.7757921 -14.291472 -2.5560091 4294901760
7.6887012 -18.157482 -2.4788311 4294901760
12.371003 -22.737213 -2.0430462 4294901760
9.8118906 -20.342154 -2.2934411 4294901760
2.892755 -5.3589759 -3.1126187 4294901760
3.7349279 -7.809381 -2.9951158 4294901760
5.2099376 -9.6516752 -2.8250537 4294901760
5.9543753 -12.450035 -2.7203455 4294901760
7.7245808 -14.310179 -2.5565741 4294901760
7.623827 -18.171865 -2.4799244 4294901760
12.269003 -22.728952 -2.0439632 4294901760
9.7615814 -20.410543 -2.2959049 4294901760
2.8740308 -5.369041 -3.1129973 4294901760
3.7110047 -7.8294592 -2.9968531 4294901760
5.1818113 -9.6802568 -2.8268785 4294901760
5.9023819 -12.452815 -2.7199728 4294901760
7.6689496 -14.326536 -2.5570068 4294901760
7.5588193 -18.194685 -2.4813979 4294901760
12.185821 -22.764605 -2.0454841 4294901760
9.7090578 -20.484121 -2.298564 4294901760
2.8498538 -5.368834 -3.1108291 4294901760
3.6836522 -7.8423657 -2.9974849 4294901760
5.1516953 -9.7052689 -2.8283317 4294901760
5.8588772 -12.473343 -2.720978 4294901760
7.6282172 -14.370785 -2.558995 4294901760
7.4967775 -18.224646 -2.4831731 4294901760
12.110025 -22.814054 -2.0471947 4294901760
9.6307154 -20.503454 -2.2998433 4294901760
2.8346837 -5.3855667 -3.1129174 4294901760
3.6579094 -7.8587317 -2.9986796 4294901760
5.1214671 -9.7301874 -2.8297937 4294901760
5.8052545 -12.472135 -2.720346 4294901760
7.5780072 -14.397325 -2.5600305 4294901760
7.4286075 -18.239637 -2.4843841 4294901760
12.037748 -22.87031 -2.0490117 4294901760
9.584321 -20.591164 -2.302918 4294901760
2.8105204 -5.3851838 -3.1107562 4294901760
3.6337404 -7.8785758 -3.0004377 4294901760
5.0838141 -9.7409973 -2.8297384 4294901760
5.7683306 -12.506736 -2.7224681 4294901760
7.5240245 -14.416637 -2.5606904 4294901760
7.3648934 -18.265457 -2.4860418 4294901760
11.972611 -22.940489 -2.0510232 4294901760
9.5190649 -20.638975 -2.3049829 4294901760
2.7952461 -5.4018035 -3.112854 4294901760
3.6045871 -7.8876457 -3.0005319 4294901760
5.0406981 -9.7411318 -2.8285439 4294901760
5.7213402 -12.519577 -2.7229517 4294901760
7.4626884 -14.421619 -2.5605853 4294901760
7.299614 -18.287355 -2.4875677 4294901760
11.875957 -22.950245 -2.0523133 4294901760
9.4453058 -20.668449 -2.3065946 4294901760
2.7798901 -5.4183822 -3.1149571 4294901760
3.5721788 -7.8894596 -2.9995167 4294901760
5.003057 -9.7516356 -2.8285012 4294901760
5.6841512 -12.55393 -2.725096 4294901760
7.4141178 -14.45112 -2.5618477 4294901760
7.2313452 -18.301611 -2.4888151 4294901760
11.784845 -22.970259 -2.0537493 4294901760
9.3731031 -20.701292 -2.3083165 4294901760
2.7574675 -5.4211855 -3.1136587 4294901760
3.5430133 -7.8983016 -2.9996212 4294901760
4.9761553 -9.7831297 -2.83076 4294901760
5.641921 -12.577315 -2.7264254 4294901760
7.3546157 -14.459188 -2.5619557 4294901760
7.1529131 -18.289648 -2.4890516 4294901760
11.702786 -23.007696 -2.0554223 4294901760
9.2958927 -20.722973 -2.3097692 4294901760
2.7385263 -5.430779 -3.1140676 4294901760
3.512234 -7.9034534 -2.9991734 4294901760
4.9419742 -9.8004417 -2.8314979 4294901760
5.594758 -12.589682 -2.7269375 4294901760
7.3040967 -14.484774 -2.5630465 4294901760
7.0990868 -18.340508 -2.4917839 4294901760
11.658332 -23.119669 -2.0580492 4294901760
9.2024488 -20.707937 -2.3102837 4294901760
2.7178311 -5.4368591 -3.1136286 4294901760
3.4830451 -7.9120746 -2.9992886 4294901760
4.9059677 -9.8140955 -2.8318605 4294901760
5.5507793 -12.609134 -2.7280104 4294901760
7.2481585 -14.499509 -2.5635638 4294901760
7.0378737 -18.372614 -2.4938006 4294901760
11.604323 -23.213758 -2.0604813 4294901760
9.1381416 -20.758175 -2.3125262 4294901760
2.7022567 -5.4532161 -3.115751 4294901760
3.4585409 -7.931376 -3.0010853 4294901760
4.8734345 -9.8347034 -2.8329973 4294901760
5.5035591 -12.621159 -2.7285399 4294901760
7.2027979 -14.535412 -2.5652626 4294901760
6.9765224 -18.404516 -2.4958324 4294901760
11.514362 -23.236248 -2.0620375 4294901760
9.0704069 -20.800911 -2.3145962 4294901760
2.6866012 -5.4695301 -3.1178789 4294901760
3.4323893 -7.947 -3.0023301 4294901760
4.8373322 -9.8481073 -2.8333752 4294901760
5.4578958 -12.636649 -2.7293546 4294901760
7.1414957 -14.539049 -2.5652149 4294901760
6.9122353 -18.428759 -2.4975841 4294901760
11.396237 -23.201086 -2.0628834 4294901760
8.9756107 -20.781204 -2.3150487 4294901760
2.6674931 -5.4788747 -3.1183059 4294901760
3.4077144 -7.966146 -3.0041411 4294901760
4.8081183 -9.8755932 -2.8352957 4294901760
5.4153142 -12.659272 -2.7307329 4294901760
7.0785155 -14.538856 -2.5649796 4294901760
6.8492522 -18.456507 -2.4994972 4294901760
11.161474 -22.925013 -2.0606754 4294901760
8.8983145 -20.801413 -2.3165696 4294901760
2.6450038 -5.4812145 -3.1170306 4294901760
3.376826 -7.9707694 -3.003721 4294901760
4.7770524 -9.899436 -2.8368413 4294901760
5.3695436 -12.674445 -2.7315662 4294901760
7.0294509 -14.56706 -2.5663204 4294901760
6.779294 -18.465347 -2.5006835 4294901760
11.233989 -23.280081 -2.0665255 4294901760
8.8614187 -20.916779 -2.3206224 4294901760
2.6258547 -5.4904141 -3.117466 4294901760
3.3444297 -7.9716573 -3.0027459 4294901760
4.7390571 -9.9089203 -2.8368587 4294901760
5.329874 -12.704087 -2.73352 4294901760
6.9751272 -14.584332 -2.5670846 4294901760
6.7147956 -18.488899 -2.5024748 4294901760
11.176761 -23.369551 -2.0690212 4294901760
8.7235718 -20.793179 -2.3183899 4294901760
2.610244 -5.5021162 -3.1187153 4294901760
3.3253944 -7.9966111 -3.005625 4294901760
4.7079039 -9.9237595 -2.8375723 4294901760
5.294508 -12.73176 -2.7353718 4294901760
6.9360938 -14.620545 -2.5689216 4294901760
6.6580267 -18.513651 -2.5042472 4294901760
11.072503 -23.339657 -2.0698674 4294901760
8.679637 -20.872015 -2.3214197 4294901760
2.5926604 -5.5146804 -3.120013 4294901760
3.2959661 -8.0045443 -3.0057807 4294901760
4.6782784 -9.9508629 -2.8395276 4294901760
5.2515426 -12.753834 -2.7367907 4294901760
6.8782463 -14.630272 -2.5693128 4294901760
6.5866876 -18.518021 -2.5053179 4294901760
10.899285 -23.183165 -2.0692227 4294901760
8.6203861 -20.935366 -2.3241694 4294901760
2.5756829 -5.5311303 -3.1221929 4294901760
3.2651258 -8.0129385 -3.0059781 4294901760
4.6401067 -9.9643612 -2.839992 4294901760
5.2137465 -12.795045 -2.7396717 4294901760
6.8245769 -14.655384 -2.5705621 4294901760
6.5068808 -18.508219 -2.5058918 4294901760
10.807504 -23.20849 -2.0710137 4294901760
8.5375776 -20.952053 -2.3257601 4294901760
2.5531325 -5.5330915 -3.1209369 4294901760
3.2356687 -8.020648 -3.006145 4294901760
4.6052971 -9.9804964 -2.8408089 4294901760
5.170537 -12.816845 -2.7411134 4294901760
6.7717142 -14.675508 -2.5715659 4294901760
6.4291601 -18.4932 -2.5062308 4294901760
10.739802 -23.275057 -2.0732956 4294901760
8.4807987 -21.022396 -2.3287468 4294901760
2.5363722 -5.5450301 -3.1222262 4294901760
3.2075977 -8.0276918 -3.0062802 4294901760
4.577107 -10.006495 -2.8427494 4294901760
5.1324224 -12.844974 -2.7430654 4294901760
6.7230105 -14.697882 -2.5727177 4294901760
6.3781614 -18.54455 -2.5091896 4294901760
10.6526 -23.288771 -2.0748363 4294901760
8.4228725 -21.080021 -2.3313637 4294901760
2.5185916 -5.5573583 -3.123543 4294901760
3.1809995 -8.0424871 -3.0075812 4294901760
4.5405197 -10.018811 -2.8431964 4294901760
5.089015 -12.866501 -2.7445278 4294901760
6.6683826 -14.714014 -2.573545 4294901760
6.3146725 -18.570469 -2.511205 4294901760
10.604186 -23.398499 -2.0777345 4294901760
8.3536386 -21.120415 -2.3336017 4294901760
2.496021 -5.5590887 -3.122298 4294901760
3.1529055 -8.0535421 -3.0083265 4294901760
4.5006618 -10.023785 -2.8428776 4294901760
5.0426226 -12.880492 -2.74544 4294901760
6.6137209 -14.729948 -2.5743823 4294901760
6.2485394 -18.588627 -2.5129318 4294901760
10.594358 -23.595545 -2.0818219 4294901760
8.2696867 -21.123459 -2.3348625 4294901760
2.4766014 -5.5677676 -3.1227677 4294901760
3.1261921 -8.0681562 -3.0096402 4294901760
4.4704642 -10.050267 -2.8448849 4294901760
4.9961982 -12.894316 -2.746361 4294901760
6.5622644 -14.752944 -2.5756273 4294901760
6.1798491 -18.598984 -2.5143681 4294901760
10.513554 -23.636028 -2.0838649 4294901760
8.2088671 -21.185654 -2.3377316 4294901760
2.4561779 -5.576807 -3.1232657 4294901760
3.0965996 -8.0795603 -3.0104358 4294901760
4.4320049 -10.062966 -2.8453968 4294901760
4.9588447 -12.938478 -2.7495985 4294901760
6.5049415 -14.769616 -2.5765486 4294901760
6.0917678 -18.560965 -2.513936 4294901760
10.499228 -23.838732 -2.0881805 4294901760
8.1268816 -21.204432 -2.3395202 4294901760
2.4366958 -5.5853467 -3.1237445 4294901760
3.0642047 -8.0793171 -3.0095103 4294901760
4.3905296 -10.063886 -2.8447111 4294901760
4.9150577 -12.959418 -2.7511032 4294901760
6.451755 -14.788587 -2.5776169 4294901760
6.0429134 -18.631365 -2.5178266 4294901760
10.385633 -23.805744 -2.0892911 4294901760
8.0584698 -21.24758 -2.3419271 4294901760
2.4181614 -5.5933962 -3.124203 4294901760
3.0360181 -8.085763 -3.0096767 4294901760
4.3634067 -10.0929 -2.8470881 4294901760
4.8748465 -12.983075 -2.7528374 4294901760
6.3979464 -14.798949 -2.5782325 4294901760
5.9823146 -18.655094 -2.5198112 4294901760
10.365224 -23.975573 -2.0930789 4294901760
7.9795594 -21.251791 -2.3432422 4294901760
11.908949 -24.223515 -1.9181237 4294901760
2.4001374 -5.6053443 -3.1255472 4294901760
3.0118716 -8.1073408 -3.0121427 4294901760
4.3250365 -10.100805 -2.8471909 4294901760
4.8308773 -13.003733 -2.7543623 4294901760
6.3415499 -14.810225 -2.5789208 4294901760
5.9087358 -18.649286 -2.5206814 4294901760
10.262618 -23.96759 -2.0945683 4294901760
7.9053254 -21.279516 -2.3452766 4294901760
2.3780742 -5.6105571 -3.125206 4294901760
2.9834898 -8.1220074 -3.0135269 4294901760
4.2879877 -10.116589 -2.8481212 4294901760
4.7845535 -13.025076 -2.7559602 4294901760
6.2825718 -14.822384 -2.579684 4294901760
5.8379679 -18.663216 -2.5224242 4294901760
10.18405 -24.027086 -2.0970767 4294901760
7.8300304 -21.315832 -2.3476326 4294901760
2.3559599 -5.607347 -3.1230788 4294901760
2.955277 -8.1239681 -3.0131063 4294901760
4.2623072 -10.144585 -2.8504796 4294901760
4.7449665 -13.043773 -2.7573791 4294901760
6.2421355 -14.856712 -2.5816646 4294901760
5.7722435 -18.658634 -2.5232692 4294901760
9.7344694 -23.168707 -2.0867682 4294901760
7.7562118 -21.321596 -2.3489823 4294901760
2.3373687 -5.6234655 -3.1253438 4294901760
2.9253879 -8.1389475 -3.0145431 4294901760
4.2248406 -10.164527 -2.851861 4294901760
4.698873 -13.073097 -2.7596278 4294901760
6.1850438 -14.880571 -2.5831182 4294901760
5.6993942 -18.676853 -2.5252872 4294901760
9.6500301 -23.216967 -2.0891879 4294901760
7.656754 -21.302446 -2.3499398 4294901760
2.3196902 -5.6307807 -3.125797 4294901760
2.8998039 -8.148097 -3.0152621 4294901760
4.1928868 -10.177749 -2.8526802 4294901760
4.6591096 -13.091533 -2.7610657 4294901760
6.141294 -14.907284 -2.5847206 4294901760
5.6326375 -18.667976 -2.5259931 4294901760
9.5010471 -23.062696 -2.0885024 4294901760
7.5978127 -21.348932 -2.3524375 4294901760
2.3000216 -5.6388435 -3.1263046 4294901760
2.8726473 -8.16187 -3.0166318 4294901760
4.1573348 -10.192323 -2.8535979 4294901760
4.6133847 -13.107717 -2.762358 4294901760
6.0847154 -14.917582 -2.5854597 4294901760
5.5503836 -18.630268 -2.5256641 4294901760
9.8017673 -24.030485 -2.1036057 4294901760
7.5060401 -21.326435 -2.353205 4294901760
2.2817671 -5.6504092 -3.1276755 4294901760
2.8441403 -8.1718464 -3.0174425 4294901760
4.118773 -10.199442 -2.8537438 4294901760
4.5715165 -13.134982 -2.7645121 4294901760
6.0266523 -14.923982 -2.5860064 4294901760
5.4830732 -18.641888 -2.5273569 4294901760
9.5968037 -23.764856 -2.1015904 4294901760
7.4525208 -21.412746 -2.3569779 4294901760
2.2567544 -5.6480036 -3.1256402 4294901760
2.8116181 -8.174798 -3.0171671 4294901760
4.0798955 -10.210798 -2.8543327 4294901760
4.531086 -13.174163 -2.7675972 4294901760
5.9733877 -14.949662 -2.5876412 4294901760
5.4158192 -18.665682 -2.5296297 4294901760
9.6029119 -24.033312 -2.1071584 4294901760
7.3480554 -21.364519 -2.3571482 4294901760
2.2380121 -5.6554565 -3.1261339 4294901760
2.7857571 -8.1877909 -3.0185146 4294901760
4.0532842 -10.242649 -2.857178 4294901760
4.4848175 -13.181603 -2.7682855 4294901760
5.9296317 -14.984179 -2.5897589 4294901760
5.3527937 -18.679712 -2.5314012 4294901760
9.5745487 -24.194885 -2.1110971 4294901760
7.2771668 -21.388771 -2.3591883 4294901760
2.2168522 -5.6596475 -3.125798 4294901760
2.7546585 -8.1900291 -3.018208 4294901760
4.0175056 -10.256736 -2.8581269 4294901760
4.4387774 -13.197178 -2.7696183 4294901760
5.87149 -14.989977 -2.5903351 4294901760
5.2962265 -18.728941 -2.5346963 4294901760
9.5264177 -24.321047 -2.1146593 4294901760
7.2177124 -21.459385 -2.3626056 4294901760
2.2012599 -5.6781259 -3.1289065 4294901760
2.7248156 -8.1958742 -3.0184734 4294901760
3.9831071 -10.274382 -2.8594747 4294901760
4.3901796 -13.205062 -2.7703891 4294901760
5.814816 -14.999255 -2.5911231 4294901760
5.2329578 -18.75499 -2.5370681 4294901760
9.3448267 -24.104879 -2.1133642 4294901760
7.1389871 -21.473101 -2.3644729 4294901760
2.180434 -5.6861553 -3.1294663 4294901760
2.6935349 -8.2020788 -3.018786 4294901760
3.9383478 -10.270459 -2.8585298 4294901760
4.3467045 -13.236142 -2.7729516 4294901760
5.7598033 -15.020466 -2.5926018 4294901760
5.1610155 -18.76252 -2.5387704 4294901760
9.3021345 -24.25819 -2.1174541 4294901760
7.0502872 -21.468819 -2.3659368 4294901760
2.1574638 -5.6825519 -3.127394 4294901760
2.6651082 -8.2072353 -3.0190194 4294901760
3.9000583 -10.272378 -2.8582759 4294901760
4.3064623 -13.261806 -2.7751045 4294901760
5.7029014 -15.020893 -2.5929303 4294901760
5.0799813 -18.71035 -2.5379052 4294901760
9.2442989 -24.348593 -2.1204941 4294901760
6.9630451 -21.442787 -2.3666608 4294901760
2.1379762 -5.6940269 -3.1288228 4294901760
2.6350102 -8.2169485 -3.0199111 4294901760
3.8609931 -10.282902 -2.8589096 4294901760
4.2614632 -13.288837 -2.7774057 4294901760
5.6520042 -15.052864 -2.5950434 4294901760
4.9949017 -18.667284 -2.5375626 4294901760
9.1563988 -24.386045 -2.1229799 4294901760
6.892931 -21.49474 -2.3697336 4294901760
2.1194284 -5.7050662 -3.1302295 4294901760
2.6051264 -8.2223568 -3.0201972 4294901760
3.8250754 -10.296317 -2.8598938 4294901760
4.216248 -13.307413 -2.7790761 4294901760
5.5994248 -15.072502 -2.5964844 4294901760
9.0712194 -24.41786 -2.1253142 4294901760
6.8323064 -21.564274 -2.3732493 4294901760
2.0981722 -5.7088141 -3.1299171 4294901760
2.5764089 -8.2314005 -3.0210578 4294901760
3.7932012 -10.320736 -2.8620648 4294901760
4.1756968 -13.340985 -2.7819068 4294901760
5.5467777 -15.091957 -2.5979364 4294901760
4.862452 -18.693993 -2.5414448 4294901760
8.9735413 -24.415668 -2.1271718 4294901760
6.695066 -21.39015 -2.369946 4294901760
2.0802269 -5.7153778 -3.130415 4294901760
2.5493767 -8.2357082 -3.0212674 4294901760
3.7607584 -10.332602 -2.8629649 4294901760
4.1384573 -13.369201 -2.7843218 4294901760
5.5047779 -15.124258 -2.6000743 4294901760
4.835393 -18.832619 -2.5484612 4294901760
8.9240866 -24.518732 -2.1304071 4294901760
6.6231174 -21.395844 -2.3715425 4294901760
2.0602643 -5.7226038 -3.1309721 4294901760
2.5229073 -8.252058 -3.023279 4294901760
3.7219918 -10.338229 -2.8631847 4294901760
4.0940866 -13.391153 -2.7863128 4294901760
5.4506049 -15.139637 -2.6013429 4294901760
4.7735353 -18.864826 -2.5512452 4294901760
8.8181725 -24.493416 -2.1319623 4294901760
6.5728717 -21.498896 -2.3760672 4294901760
2.0418589 -5.7373748 -3.1332877 4294901760
2.4926448 -8.2612486 -3.0242007 4294901760
3.6840749 -10.351802 -2.8642497 4294901760
4.0438313 -13.402268 -2.7875197 4294901760
5.3950782 -15.159513 -2.6029024 4294901760
4.6995454 -18.862871 -2.5527084 4294901760
8.5330086 -23.976717 -2.1263015 4294901760
6.4502678 -21.377802 -2.3743601 4294901760
2.0205405 -5.7408338 -3.1329906 4294901760
2.4615529 -8.2623825 -3.0239425 4294901760
3.6466057 -10.360869 -2.864877 4294901760
3.998157 -13.420107 -2.7892425 4294901760
5.3421288 -15.178253 -2.6043987 4294901760
4.630825 -18.867558 -2.5543942 4294901760
8.7062654 -24.736561 -2.1396148 4294901760
6.3790202 -21.411648 -2.3769724 4294901760
2.0040259 -5.7547774 -3.1352596 4294901760
2.4341409 -8.2704992 -3.0247865 4294901760
3.6109285 -10.369173 -2.8654597 4294901760
3.9491518 -13.418064 -2.7894552 4294901760
5.295691 -15.20715 -2.6064513 4294901760
4.5663605 -18.875069 -2.5561421 4294901760
8.5677614 -24.603256 -2.1395066 4294901760
6.3316216 -21.513002 -2.3814468 4294901760
1.9804132 -5.7547998 -3.134135 4294901760
2.4005306 -8.2680645 -3.0240099 4294901760
3.5728991 -10.382339 -2.8665473 4294901760
3.9032648 -13.44388 -2.7918484 4294901760
5.2399182 -15.22646 -2.6080463 4294901760
4.4962268 -18.887804 -2.5582812 4294901760
8.5398531 -24.815601 -2.1448317 4294901760
6.2816315 -21.635607 -2.3867323 4294901760
1.958836 -5.7540426 -3.1329556 4294901760
2.3752611 -8.2835197 -3.0260079 4294901760
3.5422714 -10.405354 -2.8687251 4294901760
3.859755 -13.460566 -2.7935271 4294901760
5.1919599 -15.25128 -2.6099153 4294901760
4.4290204 -18.883224 -2.5595627 4294901760
8.3945045 -24.658693 -2.1443815 4294901760
6.2109485 -21.660151 -2.389076 4294901760
1.9387392 -5.7608452 -3.1335371 4294901760
2.3441968 -8.2842131 -3.0257678 4294901760
3.5021474 -10.406417 -2.8685889 4294901760
3.8127465 -13.473956 -2.7949977 4294901760
5.1361556 -15.261772 -2.6110406 4294901760
4.364872 -18.90633 -2.5621014 4294901760
8.2867441 -24.623554 -2.145889 4294901760
6.1135941 -21.604977 -2.3892393 4294901760
1.9176106 -5.7679129 -3.1341522 4294901760
2.3138165 -8.2927504 -3.0267231 4294901760
3.4652276 -10.422935 -2.8700964 4294901760
3.7601352 -13.476376 -2.7956779 4294901760
5.0776725 -15.27295 -2.6122534 4294901760
4.2973075 -18.929968 -2.5647664 4294901760
8.2644129 -24.858234 -2.1516676 4294901760
6.0665069 -21.742443 -2.3950493 4294901760
1.8998708 -5.7818894 -3.1364732 4294901760
2.2838154 -8.2969923 -3.0270655 4294901760
3.4238894 -10.419946 -2.8695757 4294901760
3.7130728 -13.489417 -2.7971661 4294901760
5.0280547 -15.301912 -2.6144421 4294901760
4.2346783 -18.960402 -2.567662 4294901760
8.1838217 -24.90588 -2.1545038 4294901760
5.9651852 -21.671236 -2.3947856 4294901760
1.8771156 -5.7771678 -3.1344404 4294901760
2.2593739 -8.315877 -3.0296619 4294901760
3.3917592 -10.438761 -2.8713882 4294901760
3.6714404 -13.513144 -2.7994647 4294901760
4.9760542 -15.314721 -2.6157279 4294901760
4.1666479 -18.951002 -2.5688183 4294901760
8.1184483 -24.986013 -2.1577644 4294901760
5.882834 -21.652424 -2.3959563 4294901760
1.8592931 -5.7910204 -3.1367705 4294901760
2.2293167 -8.3199234 -3.0300155 4294901760
3.3553002 -10.450537 -2.8724678 4294901760
3.6201396 -13.510546 -2.7998021 4294901760
4.9189186 -15.320638 -2.6166832 4294901760
4.1055207 -18.988785 -2.5720704 4294901760
7.999465 -24.915419 -2.1588027 4294901760
5.795866 -21.630468 -2.397141 4294901760
1.8390678 -5.7974749 -3.137373 4294901760
2.2002618 -8.3276548 -3.0309482 4294901760
3.3188014 -10.462185 -2.8735549 4294901760
3.5749855 -13.530772 -2.8019028 4294901760
4.867816 -15.345297 -2.6186969 4294901760
4.041698 -19.014687 -2.5748444 4294901760
7.9281325 -24.992634 -2.1621728 4294901760
5.7356043 -21.708384 -2.4012506 4294901760
1.8198324 -5.8035417 -3.137949 4294901760
2.1736233 -8.3387012 -3.0324147 4294901760
3.2793589 -10.458048 -2.8730016 4294901760
3.5280933 -13.534874 -2.8027644 4294901760
4.8157125 -15.35756 -2.6200113 4294901760
3.9786198 -19.027987 -2.5770218 4294901760
7.7998419 -24.874105 -2.1623669 4294901760
5.6394491 -21.634697 -2.4008691 4294901760
1.7995636 -5.8098583 -3.1385593 4294901760
2.1415749 -8.3348398 -3.0316319 4294901760
3.2404954 -10.46188 -2.8733041 4294901760
3.4758904 -13.527891 -2.8028281 4294901760
4.7667823 -15.389469 -2.6224694 4294901760
3.9145823 -19.053461 -2.5798242 4294901760
7.4780264 -24.14267 -2.1529143 4294901760
5.5926695 -21.766228 -2.4066 4294901760
1.778145 -5.8124218 -3.1383059 4294901760
2.1134298 -8.3460684 -3.0331566 4294901760
3.2004867 -10.46179 -2.8732135 4294901760
3.4305944 -13.547635 -2.804956 4294901760
4.7153587 -15.413622 -2.6245191 4294901760
3.83938 -19.024067 -2.5803101 4294901760
7.3668561 -24.080868 -2.1540632 4294901760
5.5323129 -21.847454 -2.4108946 4294901760
1.7546031 -5.8115244 -3.1372185 4294901760
2.083775 -8.357563 -3.0347354 4294901760
3.1632638 -10.477232 -2.8747814 4294901760
3.3751583 -13.537017 -2.8048151 4294901760
4.6576848 -15.426992 -2.6260288 4294901760
3.7533839 -18.955967 -2.5792437 4294901760
7.4353976 -24.627218 -2.1651127 4294901760
5.2419457 -21.024292 -2.3886552 4294901760
1.7364228 -5.821002 -3.1386774 4294901760
2.0541763 -8.3568087 -3.0344942 4294901760
3.1262431 -10.48009 -2.875046 4294901760
3.3330905 -13.559694 -2.8071785 4294901760
4.6065016 -15.442354 -2.6275957 4294901760
3.7057147 -19.046497 -2.5848043 4294901760
7.4700346 -25.041763 -2.1739242 4294901760
5.378705 -21.88167 -2.4157917 4294901760
1.7171812 -5.8307233 -3.1401722 4294901760
2.0259159 -8.3677416 -3.0360367 4294901760
3.0907578 -10.49473 -2.8765726 4294901760
3.2829366 -13.559677 -2.807858 4294901760
4.5548167 -15.465971 -2.6296804 4294901760
3.6489174 -19.110174 -2.5893364 4294901760
7.3724308 -25.033237 -2.1760557 4294901760
5.301352 -21.896441 -2.4182041 4294901760
1.6957986 -5.836978 -3.1408339 4294901760
1.9988686 -8.3903732 -3.0393679 4294901760
3.0522714 -10.505988 -2.8777637 4294901760
3.229537 -13.556179 -2.8083265 4294901760
4.4958797 -15.474922 -2.6310101 4294901760
3.5803149 -19.131247 -2.592159 4294901760
7.3062329 -25.148222 -2.1803391 4294901760
5.219213 -21.907965 -2.4206419 4294901760
1.67329 -5.8354568 -3.1397285 4294901760
1.9668813 -8.3858433 -3.0386119 4294901760
3.013401 -10.50898 -2.8781035 4294901760
3.1767607 -13.544191 -2.8081293 4294901760
4.4385467 -15.479053 -2.6320524 4294901760
3.5142317 -19.147545 -2.5947087 4294901760
7.2140055 -25.158232 -2.1828196 4294901760
5.1363354 -21.898882 -2.4223864 4294901760
1.6539303 -5.8409734 -3.1403341 4294901760
1.93818 -8.3884983 -3.0389669 4294901760
2.9828439 -10.534127 -2.8807998 4294901760
3.1354034 -13.570115 -2.8108246 4294901760
4.392611 -15.51282 -2.6347268 4294901760
3.4429529 -19.115978 -2.595118 4294901760
7.1533704 -25.26264 -2.1867642 4294901760
5.0717673 -21.950754 -2.4258711 4294901760
1.6335312 -5.8467107 -3.1409755 4294901760
1.9062775 -8.3837376 -3.0382171 4294901760
2.9460542 -10.544474 -2.8819566 4294901760
3.0924141 -13.600323 -2.8139091 4294901760
4.3362932 -15.520396 -2.6360018 4294901760
3.3748195 -19.120035 -2.5971775 4294901760
7.0329304 -25.172161 -2.1876199 4294901760
4.9632916 -21.828371 -2.4242535 4294901760
1.6131121 -5.8523774 -3.1416206 4294901760
1.8778573 -8.3941689 -3.0397885 4294901760
2.9092288 -10.554694 -2.8831203 4294901760
3.0431886 -13.603291 -2.8149226 4294901760
4.281033 -15.531605 -2.6375005 4294901760
3.3175573 -19.186642 -2.6019738 4294901760
6.9227533 -25.115778 -2.1890464 4294901760
4.8818431 -21.82222 -2.4261327 4294901760
1.5916637 -5.8542557 -3.1413984 4294901760
1.8460165 -8.3891802 -3.039046 4294901760
2.8723695 -10.564785 -2.8842914 4294901760
2.9939811 -13.606079 -2.815943 4294901760
4.2215762 -15.527267 -2.6381493 4294901760
3.2558837 -19.229521 -2.6057701 4294901760
6.8455124 -25.178297 -2.1924808 4294901760
4.8219204 -21.913107 -2.4309618 4294901760
1.5712188 -5.859776 -3.1420512 4294901760
1.8167214 -8.3955736 -3.0400479 4294901760
2.8313792 -10.559477 -2.8838568 4294901760
2.9439511 -13.604814 -2.8166716 4294901760
4.1683807 -15.545752 -2.6400962 4294901760
3.1874375 -19.23291 -2.6078725 4294901760
6.7720494 -25.255995 -2.196202 4294901760
4.7453995 -21.929806 -2.4335787 4294901760
1.5507545 -5.8652248 -3.1427081 4294901760
1.7865882 -8.3980284 -3.0404744 4294901760
2.7975328 -10.580759 -2.8862512 4294901760
2.8947918 -13.607244 -2.8177056 4294901760
4.1140895 -15.560206 -2.6418388 4294901760
3.1177323 -19.228193 -2.6096408 4294901760
6.7001662 -25.3412 -2.2000835 4294901760
4.653059 -21.872147 -2.4339566 4294901760
1.5322145 -5.8780565 -3.1451144 4294901760
1.7564596 -8.4003744 -3.0409052 4294901760
2.7615788 -10.594285 -2.8878474 4294901760
2.8480873 -13.621151 -2.8196454 4294901760
4.0557361 -15.559078 -2.6427271 4294901760
3.0487223 -19.227158 -2.6115894 4294901760
6.619719 -25.395323 -2.2034671 4294901760
4.5758657 -21.884354 -2.4364738 4294901760
1.5127143 -5.8831048 -3.1457467 4294901760
1.7278039 -8.4023094 -3.0412896 4294901760
2.7215114 -10.584244 -2.8869646 4294901760
2.8037028 -13.634406 -2.8215122 4294901760
4.0100613 -15.59555 -2.6457 4294901760
2.9873908 -19.252905 -2.6146333 4294901760
6.2940059 -24.47805 -2.1900375 4294901760
4.5024681 -21.895502 -2.4388716 4294901760
1.4902767 -5.8808823 -3.1446688 4294901760
1.6992403 -8.4121351 -3.0428939 4294901760
2.6855195 -10.597511 -2.8885736 4294901760
2.7505929 -13.616884 -2.8210664 4294901760
3.9575515 -15.617164 -2.6479082 4294901760
2.9243453 -19.290779 -2.6183369 4294901760
6.4623919 -25.501684 -2.2101612 4294901760
4.4173279 -21.868099 -2.4402146 4294901760
1.4688063 -5.8823113 -3.1444671 4294901760
1.6713921 -8.4257088 -3.0450871 4294901760
2.6465957 -10.599153 -2.8889747 4294901760
2.7007277 -13.614726 -2.8218269 4294901760
3.898196 -15.611591 -2.6486065 4294901760
2.8564065 -19.296932 -2.6206677 4294901760
6.157764 -24.660767 -2.1980495 4294901760
4.3471718 -21.914669 -2.44385 4294901760
1.448264 -5.8874021 -3.145143 4294901760
1.6404712 -8.4237928 -3.0449548 4294901760
2.6095815 -10.608325 -2.8901927 4294901760
2.6562207 -13.639649 -2.8247039 4294901760
3.8446276 -15.628965 -2.6506186 4294901760
2.786752 -19.291016 -2.6224864 4294901760
6.2775269 -25.519053 -2.2155352 4294901760
4.2897005 -22.02754 -2.449563 4294901760
1.4267972 -5.8886781 -3.144948 4294901760
1.6095836 -8.4217615 -3.0448256 4294901760
2.5716043 -10.613527 -2.8910115 4294901760
2.605613 -13.633248 -2.8251774 4294901760
3.7891114 -15.638424 -2.6522048 4294901760
2.7160618 -19.276962 -2.6239629 4294901760
6.2015648 -25.595102 -2.2194376 4294901760
4.2247577 -22.105036 -2.4542212 4294901760
1.4072615 -5.8933773 -3.145597 4294901760
1.5823704 -8.4309082 -3.0464003 4294901760
2.5363941 -10.621998 -2.8921812 4294901760
2.5603888 -13.641815 -2.826781 4294901760
3.7400022 -15.662508 -2.6545846 4294901760
2.6548345 -19.305592 -2.6272478 4294901760
6.1092391 -25.58448 -2.2217088 4294901760
4.1529012 -22.12676 -2.4570651 4294901760
1.3847712 -5.8947453 -3.1454427 4294901760
1.5514599 -8.4366512 -3.0475013 4294901760
2.501966 -10.65046 -2.8955166 4294901760
2.5089381 -13.643302 -2.8279564 4294901760
3.6807539 -15.668369 -2.6560633 4294901760
2.5814192 -19.295454 -2.6290438 4294901760
6.0181661 -25.618351 -2.2250481 4294901760
4.066009 -22.110466 -2.4589753 4294901760
1.3650541 -5.9032969 -3.1470094 4294901760
1.5240884 -8.4535961 -3.0503109 4294901760
2.4647734 -10.659129 -2.8967645 4294901760
2.4612982 -13.651977 -2.8296609 4294901760
3.6269343 -15.684998 -2.6581185 4294901760
2.5181646 -19.335945 -2.633014 4294901760
5.9161186 -25.584776 -2.2270744 4294901760
3.9697046 -22.018589 -2.4584198 4294901760
1.3454703 -5.9077911 -3.1476696 4294901760
1.4933141 -8.4431543 -3.0489759 4294901760
2.4276569 -10.659536 -2.8971405 4294901760
2.4146304 -13.652249 -2.8306804 4294901760
3.5784323 -15.712446 -2.6607528 4294901760
2.4525256 -19.332336 -2.6349277 4294901760
5.8126349 -25.522551 -2.2284636 4294901760
3.909858 -22.10622 -2.463388 4294901760
1.3229671 -5.9089236 -3.147526 4294901760
1.4616904 -8.444706 -3.0495071 4294901760
2.3877091 -10.664506 -2.8980556 4294901760
2.3639011 -13.657098 -2.8321824 4294901760
3.523428 -15.737101 -2.6633658 4294901760
2.3836021 -19.357006 -2.6383507 4294901760
5.7321315 -25.602093 -2.232691 4294901760
3.8240514 -22.092905 -2.465446 4294901760
1.3023329 -5.9135051 -3.1482282 4294901760
1.4335147 -8.4574909 -3.051749 4294901760
2.3504684 -10.672776 -2.899323 4294901760
2.3128986 -13.645704 -2.8323863 4294901760
3.4684734 -15.749304 -2.665236 4294901760
2.3164911 -19.369164 -2.6411264 4294901760
5.6332874 -25.579077 -2.2349524 4294901760
3.7462425 -22.102188 -2.468118 4294901760
1.2824982 -5.9217806 -3.1498122 4294901760
1.4033418 -8.4585733 -3.0522373 4294901760
2.3131988 -10.680916 -2.9005971 4294901760
2.2652519 -13.653695 -2.834121 4294901760
3.4134767 -15.761314 -2.6671164 4294901760
2.2497838 -19.385042 -2.6440933 4294901760
5.5236945 -25.50499 -2.2362909 4294901760
3.671026 -22.12693 -2.4713025 4294901760
1.2626222 -5.9299884 -3.151401 4294901760
1.3731793 -8.459549 -3.0527296 4294901760
2.2767253 -10.69279 -2.9022882 4294901760
2.2188504 -13.669353 -2.8364761 4294901760
3.359268 -15.777023 -2.6692288 4294901760
2.1803243 -19.376949 -2.6459987 4294901760
5.405549 -25.387518 -2.2368317 4294901760
3.5956841 -22.151413 -2.4745035 4294901760
1.2395471 -5.9230494 -3.1494792 4294901760
1.3442554 -8.4681644 -3.0544024 4294901760
2.2410045 -10.70841 -2.9043972 4294901760
2.1692536 -13.665258 -2.8373096 4294901760
3.3049879 -15.792547 -2.6713526 4294901760
2.1092176 -19.352764 -2.647193 4294901760
5.3643003 -25.632761 -2.2440917 4294901760
3.5139611 -22.136269 -2.4764628 4294901760
1.2188648 -5.9273396 -3.1501961 4294901760
1.312283 -8.4573021 -3.0531383 4294901760
2.2020199 -10.708424 -2.9048722 4294901760
2.1203241 -13.664904 -2.8384552 4294901760
3.2546492 -15.827359 -2.674602 4294901760
2.0429058 -19.371893 -2.6503723 4294901760
5.3093548 -25.819391 -2.2503295 4294901760
3.4287245 -22.097185 -2.4776702 4294901760
1.2010012 -5.9349146 -3.1517243 4294901760
1.2857068 -8.4613829 -3.0541224 4294901760
2.1699352 -10.723037 -2.9068663 4294901760
2.0767875 -13.667576 -2.8397379 4294901760
3.2033319 -15.829711 -2.6758873 4294901760
1.9783895 -19.342558 -2.6511319 4294901760
3.3622811 -22.127554 -2.4808755 4294901760
1.1782038 -5.9394822 -3.1525218 4294901760
1.2532078 -8.4662571 -3.0553308 4294901760
2.1272075 -10.723536 -2.9074838 4294901760
2.0225492 -13.663672 -2.840766 4294901760
3.1471691 -15.865298 -2.6793578 4294901760
1.9048846 -19.357939 -2.654418 4294901760
5.1281953 -25.851915 -2.2565525 4294901760
3.2761247 -22.132414 -2.4837809 4294901760
1.1582009 -5.9473405 -3.1541314 4294901760
1.2236482 -8.4705801 -3.0564349 4294901760
2.090519 -10.734776 -2.9092119 4294901760
1.9754103 -13.674577 -2.8428562 4294901760
3.0917711 -15.876188 -2.6813047 4294901760
1.8399361 -19.392223 -2.6583619 4294901760
5.00284 -25.689493 -2.2563059 4294901760
3.1914406 -22.092421 -2.4850039 4294901760
1.1377485 -5.9473643 -3.1539466 4294901760
1.194456 -8.4668236 -3.0563071 4294901760
2.0571373 -10.753296 -2.9117069 4294901760
1.930607 -13.684982 -2.844866 4294901760
3.0398538 -15.89026 -2.6833887 4294901760
1.7741666 -19.382353 -2.6601834 4294901760
4.9266195 -25.75297 -2.2602115 4294901760
3.1042385 -22.004192 -2.4845414 4294901760
1.1169813 -5.9513001 -3.1546829 4294901760
1.163825 -8.463171 -3.0562379 4294901760
2.0188594 -10.756526 -2.9126251 4294901760
1.8828253 -13.691638 -2.8466649 4294901760
2.9828999 -15.892956 -2.6849053 4294901760
1.7040536 -19.360657 -2.6615973 4294901760
4.8241816 -25.703342 -2.26212 4294901760
2.9931927 -21.766071 -2.4793117 4294901760
1.0955031 -5.9513745 -3.1545413 4294901760
1.1337548 -8.4632921 -3.0567634 4294901760
1.9805839 -10.759621 -2.9135489 4294901760
1.8329132 -13.682394 -2.8472323 4294901760
2.9274046 -15.903271 -2.6868815 4294901760
1.6384739 -19.390299 -2.6653998 4294901760
4.7257614 -25.672932 -2.2644074 4294901760
2.9145491 -21.756626 -2.4815376 4294901760
1.0747226 -5.9551625 -3.1552844 4294901760
1.1047137 -8.4710894 -3.0584774 4294901760
1.9430146 -10.766468 -2.9148929 4294901760
1.7820641 -13.665101 -2.8471828 4294901760
2.8704629 -15.905566 -2.6884155 4294901760
1.5707805 -19.395901 -2.6681161 4294901760
4.5992684 -25.485077 -2.263649 4294901760
2.8370419 -21.75481 -2.4840312 4294901760
1.0539286 -5.958878 -3.1560316 4294901760
1.0756305 -8.4787836 -3.0601974 4294901760
1.9040438 -10.765401 -2.9154146 4294901760
1.7353514 -13.679111 -2.8496234 4294901760
2.8149242 -15.91549 -2.6904109 4294901760
1.501528 -19.381409 -2.6699204 4294901760
4.525569 -25.58742 -2.2685347 4294901760
2.7645977 -21.792265 -2.4878402 4294901760
1.0331217 -5.9625206 -3.1567824 4294901760
1.0460273 -8.4824867 -3.0613303 4294901760
1.8664536 -10.771982 -2.9167709 4294901760
1.6880772 -13.689023 -2.8517628 4294901760
2.7668202 -15.968324 -2.6949162 4294901760
1.430927 -19.346817 -2.6708043 4294901760
4.4464431 -25.662039 -2.2729173 4294901760
2.7002218 -21.896746 -2.4938967 4294901760
1.0129471 -5.9698873 -3.1584208 4294901760
1.0164123 -8.4860868 -3.0624683 4294901760
1.8301643 -10.786224 -2.9189653 4294901760
1.6388688 -13.683014 -2.852663 4294901760
2.7097342 -15.970042 -2.6964815 4294901760
1.3633869 -19.351694 -2.6735456 4294901760
4.3955564 -25.905577 -2.2806733 4294901760
2.6351519 -22.001041 -2.4999917 4294901760
0.99147016 -5.9695878 -3.1582952 4294901760
0.9858771 -8.4817905 -3.062423 4294901760
1.7912054 -10.78475 -2.9195042 4294901760
1.5897198 -13.676826 -2.8535688 4294901760
2.6513627 -15.963711 -2.6975982 4294901760
1.2955595 -19.352362 -2.6761117 4294901760
4.3214426 -26.019171 -2.2859218 4294901760
2.5703022 -22.113066 -2.5063901 4294901760
0.97166932 -5.9728427 -3.159019 4294901760
0.95774567 -8.485013 -3.0635126 4294901760
1.7560676 -10.794532 -2.9212284 4294901760
1.543468 -13.674138 -2.8546994 4294901760
2.5964959 -15.960637 -2.6988475 4294901760
1.2301149 -19.336676 -2.6778016 4294901760
4.2325754 -26.017603 -2.2887619 4294901760
2.5170827 -22.29974 -2.5151978 4294901760
0.95037562 -5.9801674 -3.1607082 4294901760
0.92749131 -8.4962645 -3.065913 4294901760
1.7158713 -10.796991 -2.9222641 4294901760
1.4907554 -13.656034 -2.8547666 4294901760
2.5379796 -15.970046 -2.7009957 4294901760
1.1578044 -19.317204 -2.6795859 4294901760
4.1559753 -26.151165 -2.2946408 4294901760
2.4340348 -22.296926 -2.5179775 4294901760
0.9283126 -5.9758358 -3.1597064 4294901760
0.8978281 -8.4994507 -3.0670712 4294901760
1.6787791 -10.806822 -2.9240716 4294901760
1.442661 -13.65721 -2.8563139 4294901760
2.4797766 -15.963091 -2.7021325 4294901760
1.0896939 -19.309198 -2.6818004 4294901760
3.9213364 -25.242859 -2.279346 4294901760
2.3427875 -22.178419 -2.5167384 4294901760
0.90686989 -5.9752321 -3.1595926 4294901760
0.86656106 -8.4869251 -3.0658491 4294901760
1.6398606 -10.8048 -2.9246325 4294901760
1.3921595 -13.634531 -2.8559797 4294901760
2.4228477 -15.963786 -2.7037358 4294901760
1.0229189 -19.324814 -2.6851535 4294901760
3.9349883 -25.927057 -2.2962534 4294901760
2.2471344 -22.007984 -2.5137327 4294901760
0.88657069 -5.9821711 -3.1612551 4294901760
0.83731449 -8.4938021 -3.0676119 4294901760
1.6027128 -10.814368 -2.9264541 4294901760
1.3453341 -13.647203 -2.8584838 4294901760
2.3665235 -15.96821 -2.7055776 4294901760
0.95466721 -19.312355 -2.687197 4294901760
3.8292489 -25.838009 -2.2975197 4294901760
2.2015846 -22.333094 -2.52754 4294901760
0.86672866 -5.9850783 -3.1619961 4294901760
0.80914402 -8.4965315 -3.0687249 4294901760
1.5668429 -10.819624 -2.9277933 4294901760
1.2981911 -13.63184 -2.8586929 4294901760
2.3118491 -15.964164 -2.706861 4294901760
0.89043796 -19.311438 -2.6896751 4294901760
3.7298224 -25.755789 -2.2987692 4294901760
2.1297824 -22.364084 -2.5312779 4294901760
0.84583139 -5.9880676 -3.1627793 4294901760
0.78019691 -8.5071163 -3.0710971 4294901760
1.5279601 -10.817201 -2.9283702 4294901760
1.2513236 -13.644191 -2.861213 4294901760
2.2538841 -15.956384 -2.7080235 4294901760
0.82336164 -19.322386 -2.692874 4294901760
3.6365459 -25.744946 -2.3016496 4294901760
2.0495193 -22.347563 -2.5335591 4294901760
0.8238737 -5.9833512 -3.1617897 4294901760
0.75049758 -8.5097885 -3.0722795 4294901760
1.4891143 -10.814636 -2.928952 4294901760
1.2029929 -13.640571 -2.8624754 4294901760
2.1976311 -15.960214 -2.7098885 4294901760
0.75544363 -19.313202 -2.6951313 4294901760
3.4503183 -25.057806 -2.2904668 4294901760
1.9701004 -22.338697 -2.5361192 4294901760
0.80247068 -5.9823732 -3.1616902 4294901760
0.71979523 -8.5006304 -3.0716696 4294901760
1.4518805 -10.823686 -2.9307997 4294901760
1.1553707 -13.644687 -2.8643785 4294901760
2.1403201 -15.955965 -2.7112961 4294901760
0.68773943 -19.307762 -2.6975875 4294901760
3.3649511 -25.085518 -2.2941051 4294901760
1.8904294 -22.325575 -2.5385511 4294901760
0.78208196 -5.9889574 -3.1633725 4294901760
0.69043517 -8.5070009 -3.0734599 4294901760
1.4125541 -10.816931 -2.9309709 4294901760
1.1074135 -13.644681 -2.8659713 4294901760
2.0825498 -15.947564 -2.7124772 4294901760
0.62021017 -19.306065 -2.7002439 4294901760
3.2716811 -25.053587 -2.2965126 4294901760
1.814099 -22.351906 -2.5423656 4294901760
0.76214319 -5.9992933 -3.1659491 4294901760
0.66104031 -8.5132694 -3.0752559 4294901760
1.3747883 -10.821795 -2.93241 4294901760
1.0576288 -13.620771 -2.8656597 4294901760
2.0253675 -15.942901 -2.7138975 4294901760
0.55247527 -19.296169 -2.7025244 4294901760
3.3038943 -26.006964 -2.3198068 4294901760
1.7360671 -22.358103 -2.5455079 4294901760
0.74025214 -5.9942713 -3.1649699 4294901760
0.63131821 -8.5155239 -3.0764573 4294901760
1.3365189 -10.822605 -2.9334338 4294901760
1.009195 -13.612509 -2.8666246 4294901760
1.9677521 -15.934084 -2.7150898 4294901760
0.48511297 -19.297979 -2.7053921 4294901760
3.2429221 -26.259911 -2.3284297 4294901760
1.6588932 -22.375952 -2.5490794 4294901760
0.7199114 -5.9928689 -3.1648426 4294901760
0.60279995 -8.5136595 -3.077002 4294901760
1.3006234 -10.826979 -2.9348125 4294901760
0.96376956 -13.611822 -2.8681366 4294901760
1.9134803 -15.928678 -2.7164154 4294901760
0.42068303 -19.279573 -2.7071567 4294901760
3.1539216 -26.254673 -2.3314359 4294901760
1.5756743 -22.254074 -2.5476365 4294901760
0.69943386 -5.9991708 -3.1665411 4294901760
0.57228768 -8.5039711 -3.0764072 4294901760
1.2632797 -10.835378 -2.9366939 4294901760
0.91678208 -13.623022 -2.8707123 4294901760
1.8597088 -15.951058 -2.719502 4294901760
0.35352758 -19.288889 -2.7104306 4294901760
3.0608695 -26.25363 -2.3347149 4294901760
1.4963766 -22.235571 -2.549962 4294901760
0.677441 -6.0016942 -3.1673927 4294901760
0.54136401 -8.5099249 -3.0782838 4294901760
1.2226707 -10.83208 -2.9373846 4294901760
0.86608899 -13.614411 -2.8717914 4294901760
1.8003403 -15.949864 -2.7212946 4294901760
0.28282753 -19.290056 -2.7134724 4294901760
2.9632812 -26.252777 -2.3381841 4294901760
1.417653 -22.284674 -2.5548379 4294901760
0.65774375 -6.0155106 -3.1708851 4294901760
0.51142108 -8.5078487 -3.0789001 4294901760
1.1844237 -10.832355 -2.9384308 4294901760
0.81975234 -13.637156 -2.8753486 4294901760
1.7424942 -15.936286 -2.7222769 4294901760
0.21544831 -19.286945 -2.7161839 4294901760
2.8724937 -26.270895 -2.3419209 4294901760
1.3403369 -22.297445 -2.5583122 4294901760
0.6369797 -6.0099974 -3.169878 4294901760
0.48342717 -8.5134125 -3.0806656 4294901760
1.1501615 -10.851943 -2.9415324 4294901760
0.77452475 -13.639797 -2.8772116 4294901760
1.6887989 -15.934067 -2.7238662 4294901760
0.1513634 -19.27162 -2.7181706 4294901760
2.7811537 -26.240595 -2.3444519 4294901760
1.2684218 -22.337587 -2.5626314 4294901760
0.61481905 -6.000689 -3.1680195 4294901760
0.45391539 -8.5189667 -3.0824983 4294901760
1.1110653 -10.844096 -2.941741 4294901760
0.72669673 -13.638456 -2.8788574 4294901760
1.6323572 -15.931952 -2.7255709 4294901760
0.084021911 -19.2561 -2.7203083 4294901760
1.1900163 -22.333918 -2.5655706 4294901760
0.59462726 -6.0104647 -3.1706319 4294901760
0.42378563 -8.5126638 -3.0825231 4294901760
1.0728163 -10.843976 -2.9428046 4294901760
0.67869037 -13.632984 -2.8801866 4294901760
1.5763423 -15.933595 -2.7275209 4294901760
0.016811507 -19.264242 -2.7236357 4294901760
2.5829642 -26.10848 -2.3482976 4294901760
1.1124451 -22.3459 -2.5690908 4294901760
0.57364374 -6.0125036 -3.1714604 4294901760
0.39388773 -8.5101728 -3.0831554 4294901760
1.0338318 -10.835851 -2.9430208 4294901760
0.62999874 -13.611488 -2.8802266 4294901760
1.51996 -15.931083 -2.7292407 4294901760
-0.050400231 -19.252237 -2.7259855 4294901760
2.490299 -26.101448 -2.3515427 4294901760
1.0324111 -22.305841 -2.5707641 4294901760
0.55335671 -6.0221405 -3.174083 4294901760
0.36434573 -8.5154152 -3.0850029 4294901760
0.99563813 -10.835456 -2.9440937 4294901760
0.58231032 -13.609639 -2.8818884 4294901760
1.4650664 -15.94421 -2.7319243 4294901760
-0.11775152 -19.275837 -2.73013 4294901760
2.3907716 -26.018591 -2.3531034 4294901760
0.95505083 -22.321257 -2.57445 4294901760
0.53304428 -6.0201063 -3.1739824 4294901760
0.33610621 -8.5165758 -3.0861874 4294901760
0.95935321 -10.834763 -2.9450965 4294901760
0.53717691 -13.611495 -2.8837817 4294901760
1.4118359 -15.945021 -2.733789 4294901760
-0.18140766 -19.247465 -2.7315533 4294901760
2.3090546 -26.078047 -2.3577046 4294901760
0.88102728 -22.324301 -2.5775552 4294901760
0.51137406 -6.0142536 -3.1730294 4294901760
0.30665752 -8.5255375 -3.0886526 4294901760
0.92152673 -10.838045 -2.9466076 4294901760
0.48980296 -13.617253 -2.8861072 4294901760
1.3558315 -15.945889 -2.7357726 4294901760
-0.24838758 -19.230783 -2.7337258 4294901760
2.2227435 -26.141611 -2.362606 4294901760
0.80166197 -22.287399 -2.5793865 4294901760
0.49037716 -6.0160017 -3.1738715 4294901760
0.27664113 -8.5187149 -3.088695 4294901760
0.88336796 -10.837256 -2.9476964 4294901760
0.44200891 -13.610948 -2.8874636 4294901760
1.2991921 -15.938632 -2.7372825 4294901760
-0.31577587 -19.245728 -2.7375073 4294901760
2.1337473 -26.177048 -2.3669021 4294901760
0.72528231 -22.333893 -2.5842741 4294901760
0.4696745 -6.0215173 -3.1756144 4294901760
0.24667712 -8.5117874 -3.0887399 4294901760
0.84584177 -10.844214 -2.9496486 4294901760
0.39403662 -13.596542 -2.8881719 4294901760
1.2435493 -15.943071 -2.7395225 4294901760
-0.38263547 -19.22858 -2.7396948 4294901760
2.0383277 -26.132622 -2.3693924 4294901760
0.64651167 -22.308392 -2.5865569 4294901760
0.44865245 -6.0231199 -3.1764638 4294901760
0.21716359 -8.5204382 -3.0912216 4294901760
0.80827653 -10.851042 -2.9516079 4294901760
0.34566319 -13.562135 -2.8872473 4294901760
1.1872988 -15.939383 -2.7412875 4294901760
-0.45012638 -19.243055 -2.7435012 4294901760
1.9485769 -26.159475 -2.3735387 4294901760
0.56894112 -22.32247 -2.5903108 4294901760
0.42789769 -6.028492 -3.178215 4294901760
0.18759263 -8.5289879 -3.0937099 4294901760
0.77039409 -10.853797 -2.9531446 4294901760
0.29849446 -13.571193 -2.8899248 4294901760
1.1310892 -15.935495 -2.7430596 4294901760
-0.51729506 -19.241367 -2.7465134 4294901760
1.8597933 -26.201939 -2.3780763 4294901760
0.49075395 -22.312363 -2.5931969 4294901760
0.40633291 -6.0222621 -3.1772742 4294901760
0.15774697 -8.5256681 -3.0943763 4294901760
0.73250234 -10.856421 -2.9546874 4294901760
0.25089979 -13.560251 -2.89097 4294901760
1.0749211 -15.931412 -2.7448387 4294901760
-0.58385259 -19.21954 -2.7485209 4294901760
1.7680509 -26.20429 -2.3817077 4294901760
0.41286573 -22.31394 -2.596535 4294901760
0.38580117 -6.0313325 -3.1799324 4294901760
0.12798662 -8.5261669 -3.0956562 4294901760
0.69359356 -10.843133 -2.9545112 4294901760
0.20374404 -13.572947 -2.8939929 4294901760
1.0187972 -15.927127 -2.7466242 4294901760
-0.65026188 -19.197481 -2.7505319 4294901760
1.6783553 -26.238176 -2.3861022 4294901760
0.33485538 -22.307272 -2.5995882 4294901760
0.36474538 -6.0326424 -3.1807959 4294901760
0.098223738 -8.5265608 -3.096941 4294901760
0.65550101 -10.841543 -2.955632 4294901760
0.15636399 -13.573574 -2.8960381 4294901760
0.96319449 -15.930586 -2.7489052 4294901760
-0.71712136 -19.191113 -2.7533634 4294901760
1.5879604 -26.26379 -2.390331 4294901760
0.25675616 -22.28837 -2.6022041 4294901760
0.34601229 -6.0376039 -3.1824768 4294901760
0.071436912 -8.5268278 -3.0981011 4294901760
0.62121272 -10.839603 -2.9566019 4294901760
0.11372161 -13.573998 -2.8978848 4294901760
0.91268849 -15.925594 -2.7504761 4294901760
-0.77740711 -19.188765 -2.7561033 4294901760
1.5063576 -26.284586 -2.3941073 4294901760
0.18636821 -22.245218 -2.603591 4294901760
0.017716071 -3.6251876 -3.299907 4294901760
0.32431322 -6.0272355 -3.1806445 4294901760
0.041671053 -8.5270252 -3.0993946 4294901760
0.58294529 -10.833812 -2.9572995 4294901760
0.06633684 -13.574312 -2.8999438 4294901760
0.85516673 -15.892941 -2.7505653 4294901760
-0.84263533 -19.146147 -2.7571032 4294901760
1.4156661 -26.309605 -2.398375 4294901760
0.10892784 -22.289583 -2.6086178 4294901760
0.0050417711 -3.6107268 -3.2943323 4294901760
0.30327281 -6.0283308 -3.1815169 4294901760
0.011895731 -8.5192747 -3.0994673 4294901760
0.54472846 -10.827887 -2.9580004 4294901760
0.018948907 -13.570494 -2.9016786 4294901760
0.7994864 -15.891859 -2.7526202 4294901760
-0.9100281 -19.155025 -2.7607782 4294901760
1.3220178 -26.278521 -2.4013202 4294901760
0.031118423 -22.285843 -2.6118596 4294901760
-0.0082005281 -3.6143463 -3.2964437 4294901760
0.28117576 -6.0294018 -3.1824367 4294901760
-0.019329205 -8.5192614 -3.1008337 4294901760
0.50522262 -10.833758 -2.9600868 4294901760
-0.030807817 -13.578409 -2.9045193 4294901760
0.74160475 -15.902627 -2.7555377 4294901760
-0.97880393 -19.12372 -2.7625537 4294901760
1.223834 -26.243328 -2.4043643 4294901760
-0.050500564 -22.2579 -2.6143742 4294901760
-0.020226724 -3.6215498 -3.3000357 4294901760
0.26117975 -6.0303016 -3.1832721 4294901760
-0.047624134 -8.5269947 -3.103302 4294901760
0.46878028 -10.823528 -2.9602838 4294901760
-0.075857967 -13.582199 -2.9068291 4294901760
0.68903708 -15.908973 -2.757988 4294901760
-1.0404818 -19.088554 -2.7638159 4294901760
1.1390449 -26.299067 -2.4092624 4294901760
-0.12442235 -22.277544 -2.6183758 4294901760
-0.032834932 -3.6178317 -3.2990594 4294901760
0.24012904 -6.0311766 -3.1841547 4294901760
-0.077352226 -8.5228548 -3.1039991 4294901760
0.43084002 -10.82115 -2.9614327 4294901760
-0.12312293 -13.565981 -2.9075859 4294901760
0.63286877 -15.895384 -2.759326 4294901760
-1.1068743 -19.080828 -2.7666864 4294901760
1.0477158 -26.314846 -2.4134045 4294901760
-0.20182085 -22.237108 -2.6202757 4294901760
-0.044787131 -3.6140778 -3.2980559 4294901760
0.22026786 -6.0357885 -3.1859002 4294901760
-0.10551772 -8.5147066 -3.1040187 4294901760
0.39495304 -10.822518 -2.9629426 4294901760
-0.16835503 -13.585336 -2.9112434 4294901760
0.58000869 -15.89342 -2.7612958 4294901760
-1.1696557 -19.069103 -2.7692022 4294901760
0.95942724 -26.29026 -2.416389 4294901760
-0.27526507 -22.212395 -2.6226168 4294901760
-0.057344865 -3.6102748 -3.2970812 4294901760
0.19894345 -6.028821 -3.1849811 4294901760
-0.13505231 -8.5025215 -3.1034904 4294901760
0.35717267 -10.823831 -2.9645379 4294901760
-0.21546096 -13.564829 -2.9116757 4294901760
0.52465743 -15.899322 -2.7638874 4294901760
-1.2351818 -19.049007 -2.7714603 4294901760
0.86830842 -26.313389 -2.4207582 4294901760
-0.3528631 -22.21529 -2.6262102 4294901760
-0.069946826 -3.6100526 -3.2976422 4294901760
0.17789756 -6.029479 -3.185873 4294901760
-0.16473107 -8.5019989 -3.1048117 4294901760
0.31915483 -10.81711 -2.965265 4294901760
-0.26234889 -13.54019 -2.9117742 4294901760
0.46868569 -15.885157 -2.7652421 4294901760
-1.3016684 -19.04458 -2.7745624 4294901760
0.77492177 -26.26441 -2.4233587 4294901760
-0.43017566 -22.201962 -2.6291988 4294901760
-0.083892055 -3.6133819 -3.2997968 4294901760
0.15474473 -6.0301175 -3.1868579 4294901760
-0.19746621 -8.5052252 -3.1068869 4294901760
0.27741501 -10.810353 -2.9661567 4294901760
-0.3137849 -13.515281 -2.9120831 4294901760
0.40748361 -15.878888 -2.7673366 4294901760
-1.3739241 -19.027525 -2.777354 4294901760
0.67417032 -26.271179 -2.4277489 4294901760
-0.514404 -22.156307 -2.6313007 4294901760
-0.095243581 -3.6131005 -3.3003058 4294901760
0.13588624 -6.0344248 -3.1885726 4294901760
-0.2240822 -8.5006418 -3.1074672 4294901760
0.24345143 -10.811172 -2.9676065 4294901760
-0.35582525 -13.498363 -2.912642 4294901760
0.35777497 -15.888042 -2.7699676 4294901760
-1.4336951 -19.023115 -2.7801616 4294901760
0.59298003 -26.333008 -2.4327812 4294901760
-0.58463883 -22.178492 -2.635355 4294901760
-0.10763838 -3.6054986 -3.2977996 4294901760
0.11474861 -6.0310116 -3.1885684 4294901760
-0.2539869 -8.5076475 -3.1100378 4294901760
0.20593846 -10.823811 -2.9705393 4294901760
-0.40353197 -13.51687 -2.9164448 4294901760
0.30216333 -15.881242 -2.7718408 4294901760
-1.5013403 -19.033875 -2.784137 4294901760
0.50075579 -26.318958 -2.4363139 4294901760
-0.66121787 -22.14842 -2.6377423 4294901760
-0.12160379 -3.6086817 -3.2999618 4294901760
0.091414899 -6.0198531 -3.1868422 4294901760
-0.28665206 -8.5066099 -3.1115119 4294901760
0.16419649 -10.812666 -2.9710081 4294901760
-0.45502913 -13.503324 -2.9177749 4294901760
0.24094 -15.866379 -2.7734556 4294901760
-1.5737571 -19.020031 -2.7871668 4294901760
0.39951289 -26.30872 -2.4403536 4294901760
-0.74531698 -22.117828 -2.6404812 4294901760
-0.13280688 -3.6046593 -3.2989373 4294901760
0.072687805 -6.0355167 -3.1912894 4294901760
-0.3132309 -8.501749 -3.112103 4294901760
0.13017862 -10.809175 -2.972034 4294901760
-0.49715719 -13.493896 -2.9190199 4294901760
0.19094875 -15.855127 -2.7748494 4294901760
-1.6324806 -19.003088 -2.7893615 4294901760
0.3166182 -26.289892 -2.443408 4294901760
-0.81465256 -22.111393 -2.6434703 4294901760
-0.14679417 -3.6077452 -3.3011048 4294901760
0.049449358 -6.028048 -3.1904762 4294901760
-0.34555402 -8.4926453 -3.1123462 4294901760
0.088576145 -10.797739 -2.9725094 4294901760
-0.54864371 -13.483959 -2.9206967 4294901760
0.12990491 -15.835859 -2.7762206 4294901760
-1.7032986 -18.972881 -2.7915502 4294901760
0.2156045 -26.282936 -2.4475732 4294901760
-0.89873779 -22.088184 -2.6465364 4294901760
-0.15796892 -3.6036444 -3.3000824 4294901760
0.03053068 -6.0320263 -3.1922081 4294901760
-0.37274843 -8.5032721 -3.1154242 4294901760
0.054613136 -10.79006 -2.9731011 4294901760
-0.58943874 -13.446491 -2.9195747 4294901760
0.080093384 -15.824259 -2.777622 4294901760
-1.7628962 -18.967436 -2.7943954 4294901760
0.13297144 -26.271513 -2.4508505 4294901760
-0.96830112 -22.089235 -2.649859 4294901760
-0.17037527 -3.5994496 -3.299118 4294901760
0.0094693014 -6.0282431 -3.1922166 4294901760
-0.40242732 -8.5019197 -3.1167817 4294901760
0.016937049 -10.782279 -2.9738598 4294901760
-0.63562047 -13.428497 -2.9203618 4294901760
0.024826156 -15.804556 -2.7787595 4294901760
-1.826798 -18.937382 -2.7962749 4294901760
0.041274637 -26.275808 -2.454953 4294901760
-1.043514 -22.045898 -2.6517904 4294901760
-0.18275429 -3.5952125 -3.2981544 4294901760
-0.011572712 -6.0282397 -3.1931372 4294901760
-0.43210134 -8.5004625 -3.1181436 4294901760
-0.020714443 -10.790178 -2.9763911 4294901760
-0.6838997 -13.453937 -2.9248962 4294901760
-0.030333143 -15.80057 -2.7809184 4294901760
-1.8920963 -18.922962 -2.7990184 4294901760
-0.050435286 -26.271801 -2.4588609 4294901760
-1.1196506 -22.026196 -2.6546807 4294901760
-0.19530335 -3.5945528 -3.2987323 4294901760
-0.032636851 -6.0320148 -3.1949718 4294901760
-0.46113375 -8.487154 -3.1176422 4294901760
-0.058359262 -10.786088 -2.977602 4294901760
-0.73064524 -13.447505 -2.9267173 4294901760
-0.085489549 -15.800368 -2.78334 4294901760
-1.9552705 -18.888514 -2.8006864 4294901760
-0.14192863 -26.231564 -2.4618332 4294901760
-1.1963165 -22.018171 -2.6580601 4294901760
-0.20784914 -3.5938492 -3.2993119 4294901760
-0.05365745 -6.0280123 -3.194988 4294901760
-0.49075583 -8.4854927 -3.1190107 4294901760
-0.096008353 -10.785818 -2.9792607 4294901760
-0.77712184 -13.436951 -2.9282022 4294901760
-0.14064111 -15.799973 -2.7857699 4294901760
-2.0203421 -18.873653 -2.8034396 4294901760
-0.23313533 -26.191008 -2.4648066 4294901760
-1.2722441 -21.997942 -2.6609647 4294901760
-0.22146511 -3.6003001 -3.3030062 4294901760
-0.0757026 -6.0239234 -3.1950531 4294901760
-0.52161276 -8.479722 -3.1198285 4294901760
-0.13563929 -10.793298 -2.9818969 4294901760
-0.82660943 -13.437972 -2.9308271 4294901760
-0.19840041 -15.787422 -2.7875605 4294901760
-2.0886276 -18.858204 -2.8063588 4294901760
-0.32877824 -26.162046 -2.4683042 4294901760
-1.3521281 -21.981192 -2.6642153 4294901760
-0.23340304 -3.5995457 -3.3035614 4294901760
-0.095617265 -6.0197878 -3.1950266 4294901760
-0.54973 -8.4779453 -3.1211362 4294901760
-0.1711797 -10.776981 -2.9817059 4294901760
-0.87039703 -13.423277 -2.9318702 4294901760
-0.25106865 -15.806559 -2.7911692 4294901760
-2.1525075 -18.863045 -2.8100567 4294901760
-0.4141396 -26.073038 -2.4697933 4294901760
-1.4250138 -21.976587 -2.6676052 4294901760
-0.24634628 -3.5950491 -3.302634 4294901760
-0.11767966 -6.0193968 -3.1960089 4294901760
-0.58026236 -8.4680471 -3.1213357 4294901760
-0.21090886 -10.788136 -2.9848003 4294901760
-0.92175883 -13.451668 -2.9369156 4294901760
-0.30892161 -15.801557 -2.7934904 4294901760
-2.2178993 -18.823385 -2.8116779 4294901760
-0.50977474 -26.075335 -2.4741554 4294901760
-1.5050052 -21.963263 -2.6710362 4294901760
-0.25763935 -3.5942576 -3.3031626 4294901760
-0.13650241 -6.0151463 -3.19594 4294901760
-0.60686296 -8.4661827 -3.122581 4294901760
-0.24497952 -10.795323 -2.9872062 4294901760
-0.96344692 -13.44079 -2.938205 4294901760
-0.35847253 -15.796533 -2.7954493 4294901760
-2.2755892 -18.804464 -2.8139138 4294901760
-0.59223449 -26.09754 -2.4784653 4294901760
-1.5717179 -21.926615 -2.6729541 4294901760
-0.26991239 -3.5897212 -3.3022072 4294901760
-0.15749854 -6.0146332 -3.1968808 4294901760
-0.63641202 -8.4640121 -3.1239686 4294901760
-0.2824541 -10.786499 -2.9880016 4294901760
-1.0094661 -13.425473 -2.9393728 4294901760
-0.41361099 -15.795184 -2.7979202 4294901760
-2.3417079 -18.80036 -2.8173575 4294901760
-0.68552256 -26.179077 -2.484839 4294901760
-1.6497416 -21.94087 -2.6773708 4294901760
-0.28335273 -3.5923219 -3.3043721 4294901760
-0.17977223 -6.0217166 -3.199702 4294901760
-0.66681331 -8.4538031 -3.1241763 4294901760
-0.32151514 -10.769589 -2.9879904 4294901760
-1.0571064 -13.401905 -2.9399626 4294901760
-0.4717381 -15.801513 -2.8010428 4294901760
-2.4090788 -18.779799 -2.8200886 4294901760
-0.78004068 -26.128529 -2.4878364 4294901760
-1.7267002 -21.890959 -2.6793406 4294901760
-0.29437229 -3.5805235 -3.3002987 4294901760
-0.19961178 -6.0172367 -3.1996875 4294901760
-0.69548547 -8.459363 -3.1267562 4294901760
-0.35670164 -10.752664 -2.9878106 4294901760
-1.1012166 -13.394371 -2.9417164 4294901760
-0.52334285 -15.776012 -2.8018453 4294901760
-2.4713402 -18.771706 -2.8231664 4294901760
-0.86734122 -26.145739 -2.4922976 4294901760
-1.7992817 -21.885111 -2.6827714 4294901760
-0.30718338 -3.5758088 -3.2993751 4294901760
-0.2216648 -6.0164647 -3.200686 4294901760
-0.7258147 -8.4489422 -3.1269698 4294901760
-0.39640093 -10.759183 -2.9904919 4294901760
-1.1509815 -13.398153 -2.9447381 4294901760
-0.58057582 -15.75809 -2.8034196 4294901760
-2.5411942 -18.770416 -2.8270221 4294901760
-0.96287084 -26.134409 -2.4964142 4294901760
-1.8777769 -21.858511 -2.6857414 4294901760
-0.3209551 -3.5891578 -3.3061552 4294901760
-0.24250975 -6.0118055 -3.2007232 4294901760
-0.75530291 -8.4463568 -3.1283729 4294901760
-0.43427396 -10.765632 -2.9930961 4294901760
-1.1966829 -13.382196 -2.9459202 4294901760
-0.63589936 -15.763916 -2.8064415 4294901760
-2.6034119 -18.737761 -2.8289416 4294901760
-1.0528052 -26.098993 -2.4996653 4294901760
-1.9519361 -21.827997 -2.6883676 4294901760
-0.33381721 -3.5916255 -3.3083005 4294901760
-0.26349351 -6.0109224 -3.2016797 4294901760
-0.78441864 -8.4397621 -3.1291504 4294901760
-0.47115827 -10.748257 -2.99301 4294901760
-1.2448574 -13.393742 -2.9495428 4294901760
-0.6909222 -15.761601 -2.8089497 4294901760
-2.6671178 -18.71673 -2.831533 4294901760
-1.143028 -26.075228 -2.5032566 4294901760
-2.0295944 -21.836931 -2.6926758 4294901760
-0.34600428 -3.5868297 -3.307353 4294901760
-0.28465629 -6.013814 -3.2035575 4294901760
-0.81349784 -8.4330702 -3.1299307 4294901760
-0.50848734 -10.742598 -2.9942758 4294901760
-1.2916031 -13.389315 -2.9517813 4294901760
-0.74612486 -15.763065 -2.811729 4294901760
-2.7330112 -18.711248 -2.835027 4294901760
-1.2329097 -26.047163 -2.5067418 4294901760
-2.1058078 -21.829714 -2.6963253 4294901760
-0.35780087 -3.5783858 -3.3048575 4294901760
-0.30545056 -6.0089364 -3.2036021 4294901760
-0.84253877 -8.4262762 -3.1307139 4294901760
-0.54598188 -10.740757 -2.9959965 4294901760
-1.3418846 -13.42026 -2.9571729 4294901760
-0.80033457 -15.744477 -2.8132 4294901760
-2.7988968 -18.705532 -2.838531 4294901760
-1.3242264 -26.050671 -2.5111411 4294901760
-2.1784229 -21.786526 -2.698462 4294901760
-0.36929277 -3.5735734 -3.3038802 4294901760
-0.32537547 -6.0078907 -3.2045195 4294901760
-0.86926752 -8.4117308 -3.1301661 4294901760
-0.58202446 -10.746781 -2.9985392 4294901760
-1.3871968 -13.42363 -2.9600177 4294901760
-0.85189617 -15.729823 -2.8148112 4294901760
-2.8603096 -18.692211 -2.8414283 4294901760
-1.407802 -25.994337 -2.513634 4294901760
-2.2486098 -21.759354 -2.7010937 4294901760
-0.38253513 -3.5794721 -3.3075824 4294901760
-0.34612334 -6.0028729 -3.2045684 4294901760
-0.89779109 -8.4008446 -3.130321 4294901760
-0.61930686 -10.740739 -2.9998198 4294901760
-1.4357324 -13.434488 -2.9636862 4294901760
-0.90748537 -15.738666 -2.8181415 4294901760
-2.9255402 -18.682114 -2.8447235 4294901760
-1.4950857 -25.929514 -2.5161023 4294901760
-2.3207378 -21.715694 -2.7032297 4294901760
-0.39462981 -3.5745113 -3.306638 4294901760
-0.36778086 -6.0131626 -3.2083006 4294901760
-0.92754084 -8.4015579 -3.1323757 4294901760
-0.65679562 -10.738511 -3.0015571 4294901760
-1.4843608 -13.445169 -2.9673665 4294901760
-0.96241856 -15.735401 -2.8206871 4294901760
-2.9901061 -18.667854 -2.8478 4294901760
-1.5846139 -25.908203 -2.5198348 4294901760
-2.4004638 -21.743126 -2.7084463 4294901760
-0.40669405 -3.5695105 -3.3056939 4294901760
-0.38827077 -6.0041542 -3.2074342 4294901760
-0.95730537 -8.4021673 -3.1344357 4294901760
-0.69453013 -10.740097 -3.0037532 4294901760
-1.5321814 -13.447792 -2.9703538 4294901760
-1.0168248 -15.724009 -2.8227086 4294901760
-3.0571799 -18.669094 -2.851795 4294901760
-1.6765836 -25.926407 -2.5247357 4294901760
-2.4713805 -21.691042 -2.7102468 4294901760
-0.41957456 -3.5716693 -3.3078535 4294901760
-0.40922695 -6.0027618 -3.2084117 4294901760
-0.98571342 -8.3909817 -3.1345985 4294901760
-0.73362905 -10.761267 -3.0082269 4294901760
-1.579114 -13.442362 -2.9726443 4294901760
-1.0703536 -15.700524 -2.8239357 4294901760
-3.1216719 -18.654381 -2.8548882 4294901760
-1.7643601 -25.880587 -2.5277896 4294901760
-2.5466168 -21.678324 -2.713769 4294901760
-0.431604 -3.5665841 -3.3069117 4294901760
-0.42990279 -5.9974551 -3.2084701 4294901760
-1.0140553 -8.3797026 -3.134763 4294901760
-0.77090615 -10.754699 -3.0095301 4294901760
-1.6288874 -13.460402 -2.9770629 4294901760
-1.1240152 -15.680826 -2.8254311 4294901760
-3.1840851 -18.627668 -2.8572998 4294901760
-1.851552 -25.83049 -2.530726 4294901760
-2.6208363 -21.657427 -2.7169533 4294901760
-0.44432348 -3.5723283 -3.3105977 4294901760
-0.45007631 -5.9998374 -3.2103267 4294901760
-1.0432895 -8.3879719 -3.1380334 4294901760
-0.80597347 -10.7442 -3.0102935 4294901760
-1.674983 -13.466741 -2.9803171 4294901760
-1.1763047 -15.680979 -2.8281403 4294901760
-3.2472055 -18.624855 -2.8609276 4294901760
-1.936898 -25.820229 -2.5346293 4294901760
-2.6901786 -21.628839 -2.71961 4294901760
-0.45787486 -3.5742717 -3.3127959 4294901760
-0.47206464 -5.998148 -3.2113624 4294901760
-1.0730304 -8.3763103 -3.1382756 4294901760
-0.84472889 -10.733294 -3.0112362 4294901760
-1.7253401 -13.468383 -2.9834585 4294901760
-1.2347088 -15.688456 -2.8316531 4294901760
-3.3105614 -18.585381 -2.8628235 4294901760
-2.030272 -25.797043 -2.5386119 4294901760
-2.7699437 -21.622787 -2.7236893 4294901760
-0.46877968 -3.5655448 -3.3102739 4294901760
-0.49195218 -5.9965491 -3.2123024 4294901760
-1.0997781 -8.3649273 -3.1383746 4294901760
-0.88031632 -10.730433 -3.012918 4294901760
-1.7705095 -13.46652 -2.9860208 4294901760
-1.2883514 -15.704093 -2.8354576 4294901760
-3.3700383 -18.562542 -2.8653088 4294901760
-2.1161315 -25.794146 -2.5427737 4294901760
-2.843709 -21.629292 -2.7279334 4294901760
-0.48025277 -3.5567019 -3.3077817 4294901760
-0.51320952 -5.9986334 -3.2142193 4294901760
-1.1300203 -8.3688126 -3.1410966 4294901760
-0.91810429 -10.731233 -3.015151 4294901760
-1.8185679 -13.468124 -2.989063 4294901760
-1.3421444 -15.687613 -2.8372467 4294901760
-3.4348135 -18.550667 -2.8686619 4294901760
-2.2054772 -25.77865 -2.5468016 4294901760
-2.9181256 -21.611334 -2.7313235 4294901760
-0.49316278 -3.5585947 -3.3099539 4294901760
-0.53414571 -5.9968052 -3.2152152 4294901760
-1.1586878 -8.3609314 -3.1419108 4294901760
-0.955558 -10.727962 -3.0169325 4294901760
-1.8644803 -13.453833 -2.9906864 4294901760
-1.3951325 -15.663026 -2.8384981 4294901760
-3.5039799 -18.562048 -2.8734202 4294901760
-2.2926166 -25.738998 -2.5501158 4294901760
-2.9957352 -21.616812 -2.7357807 4294901760
-0.50609142 -3.5604405 -3.3121293 4294901760
-0.55436438 -5.9872336 -3.2143617 4294901760
-1.1862092 -8.3451862 -3.1414502 4294901760
-0.99372762 -10.732433 -3.0196364 4294901760
-1.9114304 -13.447242 -2.9930286 4294901760
-1.4508967 -15.669941 -2.8419201 4294901760
-3.5679979 -18.545792 -2.87656 4294901760
-2.380239 -25.707001 -2.5536745 4294901760
-3.0678055 -21.582541 -2.7384796 4294901760
-0.51799405 -3.5550649 -3.3111947 4294901760
-0.57489198 -5.9814277 -3.2144353 4294901760
-1.2125046 -8.3215876 -3.1397102 4294901760
-1.0296724 -10.713162 -3.019592 4294901760
-1.9612194 -13.46012 -2.9971688 4294901760
-1.505967 -15.668739 -2.84481 4294901760
-3.626585 -18.501957 -2.8780663 4294901760
-2.4688141 -25.686621 -2.5576036 4294901760
-3.140825 -21.555918 -2.7415366 4294901760
-0.53040045 -3.5532351 -3.3118174 4294901760
-0.59614968 -5.9832172 -3.2163653 4294901760
-1.2415452 -8.3173046 -3.1411679 4294901760
-1.0658867 -10.697702 -3.0200076 4294901760
-2.007021 -13.445344 -2.9988084 4294901760
-1.5590754 -15.647558 -2.8463461 4294901760
-3.6927071 -18.496996 -2.8819191 4294901760
-2.554111 -25.634169 -2.56056 4294901760
-3.2148738 -21.536938 -2.7449553 4294901760
-0.5438959 -3.5585291 -3.315557 4294901760
-0.61703157 -5.9810996 -3.2173715 4294901760
-1.2711635 -8.3167982 -3.1432705 4294901760
-1.1040338 -10.70178 -3.022728 4294901760
-2.053942 -13.438256 -3.0011711 4294901760
-1.6136864 -15.642019 -2.8489776 4294901760
-3.7572515 -18.483992 -2.8853116 4294901760
-2.6427574 -25.617159 -2.5646238 4294901760
-3.2900326 -21.525585 -2.7487397 4294901760
-0.55575365 -3.5530276 -3.314626 4294901760
-0.63627058 -5.9635892 -3.2146659 4294901760
-1.3026106 -8.3278112 -3.1473022 4294901760
-1.1426402 -10.709653 -3.0259171 4294901760
-2.0989969 -13.419244 -3.0024583 4294901760
-1.6670103 -15.624429 -2.8507943 4294901760
-3.820941 -18.466866 -2.8884749 4294901760
-2.7283494 -25.572069 -2.5678291 4294901760
-3.3620687 -21.494276 -2.7516329 4294901760
-0.5663417 -3.547684 -3.3136325 4294901760
-0.65542346 -5.9653897 -3.2165031 4294901760
-1.3256754 -8.3043108 -3.1454165 4294901760
-1.1767119 -10.709938 -3.0280099 4294901760
-2.1411448 -13.412583 -3.0045934 4294901760
-1.7143507 -15.603302 -2.8520758 4294901760
-3.8772998 -18.446976 -2.891067 4294901760
-2.8056231 -25.535604 -2.5708513 4294901760
-3.4276936 -21.471798 -2.7545106 4294901760
-0.57930565 -3.5492635 -3.3158209 4294901760
-0.67624205 -5.9630651 -3.2175157 4294901760
-1.3552861 -8.3035049 -3.1475317 4294901760
-1.2131978 -10.697911 -3.0289023 4294901760
-2.1885886 -13.408945 -3.0073333 4294901760
-1.7688048 -15.597222 -2.8547239 4294901760
-3.9424996 -18.437223 -2.8947175 4294901760
-2.8920419 -25.501867 -2.5744333 4294901760
-3.5026217 -21.459703 -2.7583175 4294901760
-0.59169185 -3.5472198 -3.3164523 4294901760
-0.69750124 -5.9644938 -3.2194614 4294901760
-1.3855542 -8.3064604 -3.1502953 4294901760
-1.2523711 -10.709313 -3.0325768 4294901760
-2.2347302 -13.397309 -3.0093553 4294901760
-1.8218551 -15.579103 -2.8565519 4294901760
-4.0068364 -18.423349 -2.8981388 4294901760
-2.9801195 -25.483688 -2.5785234 4294901760
-3.5761998 -21.43948 -2.7617698 4294901760
-0.60285223 -3.5379853 -3.3139634 4294901760
-0.71877712 -5.9658475 -3.221411 4294901760
-1.4158578 -8.3093061 -3.1530654 4294901760
-1.291636 -10.720573 -3.0362613 4294901760
-2.2794812 -13.377691 -3.0106559 4294901760
-1.8781264 -15.588442 -2.8603184 4294901760
-4.0745597 -18.424809 -2.9025245 4294901760
-3.0685763 -25.469172 -2.5827489 4294901760
-3.6510136 -21.426865 -2.7655942 4294901760
-0.61519891 -3.5358596 -3.3145964 4294901760
-0.73817605 -5.9518342 -3.2196379 4294901760
-1.4441826 -8.3004484 -3.1539073 4294901760
-1.3271055 -10.70031 -3.0362399 4294901760
-2.3268464 -13.373563 -3.0134137 4294901760
-1.9364469 -15.613364 -2.8652067 4294901760
-4.1327381 -18.383272 -2.904284 4294901760
-3.1550097 -25.438505 -2.5864763 4294901760
-3.7257881 -21.41399 -2.7694285 4294901760
-0.62943888 -3.5443983 -3.3199172 4294901760
-0.75943416 -5.953042 -3.2215931 4294901760
-1.473147 -8.2953568 -3.1553972 4294901760
-1.365948 -10.707375 -3.0394747 4294901760
-2.374207 -13.369266 -3.0161786 4294901760
-1.9904312 -15.602565 -2.8676121 4294901760
-4.1968803 -18.368734 -2.9077258 4294901760
-3.2392404 -25.391714 -2.5896966 4294901760
-3.7984211 -21.389078 -2.7727191 4294901760
-0.64051431 -3.5350454 -3.31743 4294901760
-0.780209 -5.9503551 -3.2226195 4294901760
-1.5013943 -8.2863054 -3.1562443 4294901760
-1.4022868 -10.694703 -3.0403886 4294901760
-2.4194438 -13.353088 -3.0178547 4294901760
-2.0433297 -15.583693 -2.8694665 4294901760
-4.2546673 -18.326817 -2.9094851 4294901760
-3.3226643 -25.340687 -2.5927877 4294901760
-3.8716359 -21.367844 -2.7761998 4294901760
-0.65219182 -3.5292232 -3.316505 4294901760
-0.80097574 -5.9475956 -3.2236488 4294901760
-1.5317366 -8.2887287 -3.1590347 4294901760
-1.4401387 -10.693661 -3.0427051 4294901760
-2.4646001 -13.336758 -3.0195343 4294901760
-2.0940013 -15.548876 -2.8702075 4294901760
-4.3204446 -18.319605 -2.9134214 4294901760
-3.4111032 -25.328936 -2.5971704 4294901760
-3.9375098 -21.307156 -2.7778306 4294901760
-0.66316432 -3.5197999 -3.3140163 4294901760
-0.82225865 -5.9485779 -3.225615 4294901760
-1.5599332 -8.2794752 -3.1598883 4294901760
-1.4758332 -10.676822 -3.0431585 4294901760
-2.5118725 -13.331973 -3.0223167 4294901760
-2.1488073 -15.54541 -2.8731849 4294901760
-4.3871469 -18.316031 -2.9176109 4294901760
-3.4956701 -25.289204 -2.6006546 4294901760
-4.0081692 -21.273691 -2.7807581 4294901760
-0.67749774 -3.5281441 -3.3193495 4294901760
-0.84193689 -5.9380445 -3.2247798 4294901760
-1.5888247 -8.2739792 -3.1613925 4294901760
-1.5142034 -10.679432 -3.0459523 4294901760
-2.5568984 -13.315329 -3.0240042 4294901760
-2.2058499 -15.557503 -2.8772931 4294901760
-4.4491735 -18.292866 -2.920594 4294901760
-3.5822451 -25.264996 -2.6046636 4294901760
-4.0854115 -21.27523 -2.7853718 4294901760
-0.6897279 -3.5220799 -3.3184595 4294901760
-0.86480474 -5.9425421 -3.22774 4294901760
-1.6198938 -8.2719517 -3.163625 4294901760
-1.5533357 -10.673811 -3.0479102 4294901760
-2.6033967 -13.294187 -3.0254478 4294901760
-2.2657201 -15.56899 -2.8815515 4294901760
-4.5171461 -18.280302 -2.9244888 4294901760
-3.6708002 -25.224056 -2.6083751 4294901760
-4.1610637 -21.248377 -2.7888794 4294901760
-0.70282036 -3.5268836 -3.3222029 4294901760
-0.88450563 -5.9396415 -3.2287288 4294901760
-1.6473149 -8.2665339 -3.1650615 4294901760
-1.586393 -10.652964 -3.0478086 4294901760
-2.6451399 -13.273806 -3.0266502 4294901760
-2.3167493 -15.557459 -2.8838599 4294901760
-4.5767708 -18.26136 -2.9275539 4294901760
-3.7544236 -25.211746 -2.6125717 4294901760
-4.2252679 -21.203184 -2.7910612 4294901760
-0.71440637 -3.5208561 -3.3212831 4294901760
-0.90581429 -5.9403262 -3.2307093 4294901760
-1.6738206 -8.2492008 -3.1646256 4294901760
-1.6259527 -10.662991 -3.0515599 4294901760
-2.6906693 -13.260603 -3.0287144 4294901760
-2.3710411 -15.549277 -2.8865926 4294901760
-4.6434326 -18.256851 -2.9317822 4294901760
-3.8375945 -25.166929 -2.6159382 4294901760
-4.2960839 -21.172676 -2.7941916 4294901760
-0.72657239 -3.5146639 -3.3203957 4294901760
-0.92758071 -5.9369664 -3.2318084 4294901760
-1.7032506 -8.2391701 -3.1655676 4294901760
-1.6638036 -10.649149 -3.0525916 4294901760
-2.7400575 -13.254538 -3.0316453 4294901760
-2.4255607 -15.524765 -2.8883364 4294901760
-4.7113128 -18.243567 -2.9357047 4294901760
-3.9328904 -25.172405 -2.6212626 4294901760
-4.3720436 -21.148979 -2.7979002 4294901760
-0.73835564 -3.5159116 -3.322547 4294901760
-0.94501489 -5.9264154 -3.2308762 4294901760
-1.7299325 -8.2376156 -3.167587 4294901760
-1.698496 -10.651676 -3.0552282 4294901760
-2.7841313 -13.257513 -3.0349584 4294901760
-2.4699383 -15.489576 -2.8888183 4294901760
-4.7665882 -18.220968 -2.9383676 4294901760
-4.0125823 -25.163866 -2.625401 4294901760
-4.4368258 -21.127337 -2.8010299 4294901760
-0.75062364 -3.5133131 -3.3231974 4294901760
-0.9656955 -5.9230804 -3.2319267 4294901760
-1.7603148 -8.2391987 -3.1704156 4294901760
-1.7356657 -10.645682 -3.0571165 4294901760
-2.8270743 -13.232193 -3.0359242 4294901760
-2.5220704 -15.469085 -2.8907101 4294901760
-4.8322034 -18.21192 -2.9423773 4294901760
-4.0978251 -25.133955 -2.6293223 4294901760
-4.5030479 -21.076632 -2.8032155 4294901760
-0.76211351 -3.507129 -3.3222799 4294901760
-0.98699898 -5.9234724 -3.2339196 4294901760
-1.7907313 -8.2406702 -3.1732509 4294901760
-1.7715179 -10.631762 -3.0580642 4294901760
-2.8724053 -13.218367 -3.0380068 4294901760
-2.5780158 -15.471956 -2.8943167 4294901760
-4.9019566 -18.218014 -2.9473927 4294901760
-4.184226 -25.111626 -2.6335204 4294901760
-4.5833673 -21.091949 -2.8086627 4294901760
-0.77591509 -3.5115268 -3.3260722 4294901760
-1.0076692 -5.9199915 -3.2349761 4294901760
-1.8194851 -8.2343683 -3.1747844 4294901760
-1.8079547 -10.621616 -3.0594866 4294901760
-2.9185274 -13.20826 -3.0404665 4294901760
-2.6326733 -15.466784 -2.8973625 4294901760
-4.9665666 -18.204636 -2.9511762 4294901760
-4.2711849 -25.092934 -2.6378632 4294901760
-4.6543822 -21.064146 -2.8120091 4294901760
-0.78578395 -3.4981859 -3.322016 4294901760
-1.0289869 -5.9202328 -3.2369764 4294901760
-1.847357 -8.2241411 -3.1756666 4294901760
-1.8470497 -10.626923 -3.0628095 4294901760
-2.9628744 -13.190248 -3.0421841 4294901760
-2.6852829 -15.449661 -2.8995559 4294901760
-5.034327 -18.202541 -2.955719 4294901760
-4.3539643 -25.05035 -2.6413939 4294901760
-4.7305002 -21.059439 -2.8165209 4294901760
-0.79960436 -3.5024903 -3.3258133 4294901760
-1.0489739 -5.9128118 -3.237097 4294901760
-1.8778005 -8.2252893 -3.1785169 4294901760
-1.8862059 -10.632085 -3.0661414 4294901760
-3.0097842 -13.183695 -3.045028 4294901760
-2.7385032 -15.436278 -2.9020412 4294901760
-5.0967622 -18.181023 -2.9590197 4294901760
-4.4385953 -25.019285 -2.645339 4294901760
-4.8057604 -21.050571 -2.820852 4294901760
-0.81182516 -3.4996777 -3.3264709 4294901760
-1.0682346 -5.9015341 -3.2362764 4294901760
-1.9064999 -8.2186852 -3.1800613 4294901760
-1.9226024 -10.621548 -3.0675795 4294901760
-3.0539911 -13.165378 -3.0467529 4294901760
-2.7909513 -15.418799 -2.9042432 4294901760
-5.1601934 -18.163122 -2.9625776 4294901760
-4.5294533 -25.023272 -2.6505342 4294901760
-4.8792095 -21.033669 -2.8248045 4294901760
-0.82320493 -3.4932942 -3.3255577 4294901760
-1.0888286 -5.8977699 -3.2373419 4294901760
-1.9360768 -8.2157984 -3.182266 4294901760
-1.9546444 -10.587565 -3.0661635 4294901760
-3.0990186 -13.150775 -3.0488563 4294901760
-2.8425906 -15.397231 -2.9061606 4294901760
-5.2257671 -18.152653 -2.9666474 4294901760
-4.6117029 -24.979839 -2.6540787 4294901760
-4.9516873 -21.012629 -2.8285701 4294901760
-0.83539391 -3.4903994 -3.3262174 4294901760
-1.1115466 -5.9052896 -3.2412415 4294901760
-1.9629176 -8.2013607 -3.1825027 4294901760
-1.9901279 -10.572909 -3.067127 4294901760
-3.1467516 -13.147594 -3.0520935 4294901760
-2.8970556 -15.391124 -2.9092386 4294901760
-5.2891002 -18.1343 -2.9702206 4294901760
-5.0250053 -20.995216 -2.8325391 4294901760
-0.84646738 -3.480269 -3.3237638 4294901760
-1.1317297 -5.89361 -3.2404788 4294901760
-1.9948171 -8.2017336 -3.1854508 4294901760
-2.0281196 -10.561661 -3.068666 4294901760
-3.1949177 -13.135972 -3.054709 4294901760
-2.9504457 -15.364779 -2.9110131 4294901760
-5.356658 -18.118614 -2.9742341 4294901760
-4.7662535 -24.820803 -2.6588676 4294901760
-5.1056895 -20.992151 -2.8375041 4294901760
-0.85974121 -3.4844823 -3.3275414 4294901760
-1.1483126 -5.8747029 -3.2377181 4294901760
-2.0220056 -8.1950731 -3.1869316 4294901760
-2.0623755 -10.550999 -3.0700159 4294901760
-3.2394135 -13.129159 -3.0574586 4294901760
-3.0013833 -15.35491 -2.9136732 4294901760
-5.4167151 -18.100752 -2.9776425 4294901760
-4.8730354 -24.930178 -2.6676831 4294901760
-5.1666827 -20.940271 -2.8395128 4294901760
-0.87189871 -3.4814599 -3.3282053 4294901760
-1.1695638 -5.8744373 -3.2397375 4294901760
-2.0467868 -8.1727457 -3.1858542 4294901760
-2.0991919 -10.543736 -3.071944 4294901760
-3.2842577 -13.113921 -3.0595818 4294901760
-3.0565155 -15.352141 -2.9170625 4294901760
-5.4833288 -18.093166 -2.9820037 4294901760
-4.9584684 -24.905191 -2.6719553 4294901760
-5.2426496 -20.933708 -2.8440993 4294901760
-0.88493896 -3.4819088 -3.3304465 4294901760
-1.1900623 -5.8703184 -3.2408144 4294901760
-2.0762691 -8.1693535 -3.188077 4294901760
-2.1399105 -10.555713 -3.0762761 4294901760
-3.3261044 -13.086995 -3.06057 4294901760
-3.1085057 -15.333583 -2.919292 4294901760
-5.5499578 -18.085337 -2.986376 4294901760
-5.0485449 -24.903374 -2.6770914 4294901760
-5.3215818 -20.938465 -2.8492968 4294901760
-0.89738488 -3.4824655 -3.3326571 4294901760
-1.2095221 -5.8663402 -3.2418396 4294901760
-2.1023686 -8.1586246 -3.1889033 4294901760
-2.1764982 -10.5563 -3.0790808 4294901760
-3.3605719 -13.041311 -3.0595303 4294901760
-3.1561234 -15.307611 -2.9207973 4294901760
-5.6098986 -18.066835 -2.9898074 4294901760
-5.1302919 -24.882586 -2.6812973 4294901760
-5.3919806 -20.924562 -2.8533099 4294901760
-0.90678543 -3.4687896 -3.3285952 4294901760
-1.2315749 -5.8696213 -3.2448175 4294901760
-2.130836 -8.1512356 -3.1904719 4294901760
-2.2117116 -10.540901 -3.0800648 4294901760
-3.411094 -13.048696 -3.0639429 4294901760
-3.2095401 -15.296499 -2.9236202 4294901760
-5.680099 -18.069937 -2.9949732 4294901760
-5.214663 -24.85281 -2.6854537 4294901760
-5.4579334 -20.878614 -2.8559268 4294901760
-0.92074615 -3.4726117 -3.3324196 4294901760
-1.2520558 -5.8652868 -3.245903 4294901760
-2.1632965 -8.1589136 -3.194694 4294901760
-2.2451913 -10.517655 -3.0800867 4294901760
-3.459671 -13.048216 -3.0676041 4294901760
-3.2720466 -15.327985 -2.9296896 4294901760
-5.7443461 -18.053799 -2.9988616 4294901760
-5.3022141 -24.838356 -2.6901948 4294901760
-5.5215826 -20.824755 -2.8581381 4294901760
-0.93380326 -3.4728773 -3.3346696 4294901760
-1.2717038 -5.8571162 -3.2460418 4294901760
-2.1866703 -8.1323738 -3.192955 4294901760
-2.2844059 -10.521342 -3.0834856 4294901760
-3.5000441 -13.0169 -3.0682147 4294901760
-3.3272173 -15.324243 -2.9331234 4294901760
-5.8109908 -18.045008 -3.0032768 4294901760
-5.3914218 -24.831396 -2.6952388 4294901760
-5.6035557 -20.840002 -2.863986 4294901760
-0.9440136 -3.4626017 -3.332185 4294901760
-1.2929726 -5.8564029 -3.2480814 4294901760
-2.2160769 -8.1284752 -3.1951962 4294901760
-2.3168592 -10.494006 -3.0830264 4294901760
-3.5475497 -13.01226 -3.0715058 4294901760
-3.3832631 -15.324187 -2.9368627 4294901760
-5.8727126 -18.020826 -3.0066628 4294901760
-5.4737692 -24.792946 -2.6991277 4294901760
-5.67627 -20.820316 -2.8680279 4294901760
-0.95705992 -3.4627793 -3.3344383 4294901760
-1.3125633 -5.8480959 -3.2482238 4294901760
-2.247571 -8.1320324 -3.1987717 4294901760
-2.3534751 -10.485855 -3.0849845 4294901760
-3.5929477 -12.999798 -3.0740368 4294901760
-3.4384744 -15.320045 -2.9403157 4294901760
-5.9280963 -17.977524 -3.008749 4294901760
-5.5532861 -24.74254 -2.702579 4294901760
-5.7510338 -20.808062 -2.8724856 4294901760
-0.96718568 -3.452436 -3.3319526 4294901760
-1.3355389 -5.8547444 -3.2521727 4294901760
-2.2759438 -8.1241379 -3.2003582 4294901760
-2.3891845 -10.473723 -3.0864625 4294901760
-3.6415153 -12.99864 -3.0777273 4294901760
-3.4883928 -15.292439 -2.9419935 4294901760
-6.0122418 -18.020948 -3.0168507 4294901760
-5.5952487 -24.528488 -2.699827 4294901760
-5.8236332 -20.787861 -2.876545 4294901760
-0.97824097 -3.4455514 -3.3310471 4294901760
-1.3550981 -5.8462944 -3.2523198 4294901760
-2.3021462 -8.1085978 -3.2006154 4294901760
-2.4248378 -10.461469 -3.0879433 4294901760
-3.6879508 -12.989666 -3.0806563 4294901760
-3.5381603 -15.264671 -2.9436717 4294901760
-6.0776577 -18.007397 -3.0210485 4294901760
-5.7069645 -24.621534 -2.7087352 4294901760
-5.8983388 -20.775074 -2.8810232 4294901760
-0.99166501 -3.4492567 -3.3348532 4294901760
-1.3753601 -5.8455176 -3.2543182 4294901760
-2.3279388 -8.0971479 -3.2014599 4294901760
-2.4577062 -10.445676 -3.0888422 4294901760
-3.7310064 -12.977365 -3.0830777 4294901760
-3.5905828 -15.260597 -2.9469998 4294901760
-6.1399112 -17.994682 -3.0250714 4294901760
-5.8150854 -24.715118 -2.717463 4294901760
-5.9671998 -20.7554 -2.884896 4294901760
-1.0043005 -3.4455988 -3.3355658 4294901760
-1.3967757 -5.8404374 -3.2554774 4294901760
-2.3586986 -8.0923281 -3.2038009 4294901760
-2.4968941 -10.440441 -3.0914001 4294901760
-3.7741044 -12.948365 -3.0842113 4294901760
-3.6464915 -15.247334 -2.9500258 4294901760
-6.213624 -17.994646 -3.0305281 4294901760
-5.9084158 -24.705278 -2.7228131 4294901760
-6.0443478 -20.737217 -2.8893917 4294901760
-1.0183747 -3.4490259 -3.3394125 4294901760
-1.4144268 -5.8242974 -3.2537208 4294901760
-2.3858202 -8.0802832 -3.2047298 4294901760
-2.5333221 -10.431662 -3.0933778 4294901760
-3.811413 -12.908474 -3.084053 4294901760
-3.6987529 -15.230649 -2.9526134 4294901760
-6.2685189 -17.950285 -3.0326395 4294901760
-5.9983826 -24.700016 -2.7280951 4294901760
-6.1133089 -20.704523 -2.8928623 4294901760
-1.0272917 -3.43503 -3.3353434 4294901760
-1.4365931 -5.8268046 -3.2567372 4294901760
-2.4185066 -8.086937 -3.2090065 4294901760
-2.5716126 -10.43043 -3.0963366 4294901760
-3.8530383 -12.883685 -3.085443 4294901760
-3.7547517 -15.229229 -2.9564102 4294901760
-6.3298135 -17.92454 -3.0360751 4294901760
-6.0826554 -24.671179 -2.7324848 4294901760
-6.180975 -20.667776 -2.8961277 4294901760
-1.0392761 -3.4314234 -3.3360252 4294901760
-1.4550537 -5.814281 -3.2559361 4294901760
-2.4478581 -8.0822001 -3.211282 4294901760
-2.6099253 -10.429058 -3.0993023 4294901760
-3.9060397 -12.896741 -3.0907259 4294901760
-3.8059583 -15.208313 -2.9587085 4294901760
-6.3869867 -17.887333 -3.0387166 4294901760
-6.1658311 -24.638182 -2.7367296 4294901760
-6.2588611 -20.665155 -2.9012768 4294901760
-1.0538365 -3.4383564 -3.3414304 4294901760
-1.4752742 -5.8131576 -3.2579479 4294901760
-2.4723475 -8.0665369 -3.2114694 4294901760
-2.6454675 -10.424177 -3.1016855 4294901760
-3.9522736 -12.895098 -3.0943353 4294901760
-3.854414 -15.1879 -2.9608643 4294901760
-6.442214 -17.854815 -3.0414398 4294901760
-6.2406306 -24.590527 -2.7401333 4294901760
-6.3355331 -20.670969 -2.9066546 4294901760
-1.0658319 -3.4346569 -3.3421171 4294901760
-1.4945958 -5.8042421 -3.258105 4294901760
-2.5016515 -8.0616045 -3.2137518 4294901760
-2.6778951 -10.39957 -3.1017208 4294901760
-4.0031404 -12.900171 -3.0988638 4294901760
-3.9083962 -15.178204 -2.9640784 4294901760
-6.4894853 -17.791061 -3.0422068 4294901760
-6.3323975 -24.59178 -2.7457669 4294901760
-6.4100108 -20.656342 -2.9112034 4294901760
-1.0789012 -3.4343741 -3.3443916 4294901760
-1.515821 -5.8027167 -3.2601783 4294901760
-2.5321279 -8.0603065 -3.2167106 4294901760
-2.7141805 -10.390159 -3.1037199 4294901760
-4.0469575 -12.882335 -3.1010559 4294901760
-3.9593446 -15.156774 -2.9663875 4294901760
-6.5570602 -17.783249 -3.0469918 4294901760
-6.4020648 -24.507755 -2.7480257 4294901760
-6.4677377 -20.588198 -2.9128039 4294901760
-1.0875872 -3.420223 -3.3403192 4294901760
-1.5350808 -5.7936668 -3.2603385 4294901760
-2.5602481 -8.0514183 -3.2183294 4294901760
-2.7494204 -10.3768 -3.1052308 4294901760
-4.0882931 -12.856785 -3.1024663 4294901760
-4.010191 -15.135172 -2.9686999 4294901760
-6.6218772 -17.767715 -3.0512502 4294901760
-6.4804206 -24.458256 -2.7516654 4294901760
-6.5299006 -20.535103 -2.9152422 4294901760
-1.0984083 -3.4129548 -3.3394198 4294901760
-1.5552944 -5.7882729 -3.2614586 4294901760
-2.5883365 -8.0424328 -3.2199512 4294901760
-2.7887013 -10.378591 -3.1087155 4294901760
-4.1294985 -12.831104 -3.1038771 4294901760
-4.0660925 -15.132603 -2.972543 4294901760
-6.6824522 -17.740765 -3.0547073 4294901760
-6.5843916 -24.50485 -2.7591975 4294901760
-6.6149745 -20.55393 -2.9217203 4294901760
-1.1125607 -3.4159939 -3.343287 4294901760
-1.5724524 -5.7716594 -3.2597013 4294901760
-2.6151803 -8.0296202 -3.2209015 4294901760
-2.8238738 -10.36498 -3.1102345 4294901760
-4.1742635 -12.816611 -3.1064694 4294901760
-4.1199365 -15.122155 -2.9757838 4294901760
-6.7485895 -17.728497 -3.0592523 4294901760
-6.6803799 -24.520218 -2.7655146 4294901760
-6.6990285 -20.568623 -2.9280088 4294901760
-1.1267473 -3.4189756 -3.3471582 4294901760
-1.5915643 -5.7624221 -3.2598629 4294901760
-2.6419652 -8.016717 -3.2218533 4294901760
-2.8579328 -10.34744 -3.1112618 4294901760
-4.2251859 -12.820807 -3.1110387 4294901760
-4.1779919 -15.126849 -2.9802599 4294901760
-6.8132935 -17.712267 -3.0635362 4294901760
-6.7691183 -24.508289 -2.7707553 4294901760
-6.7895026 -20.60191 -2.9353924 4294901760
-1.1375284 -3.4115825 -3.3462627 4294901760
-1.6116693 -5.7568312 -3.260987 4294901760
-2.6699331 -8.0074453 -3.2234824 4294901760
-2.8951008 -10.341208 -3.1137755 4294901760
-4.2761898 -12.8248 -3.1156206 4294901760
-4.2329135 -15.119832 -2.9838262 4294901760
-6.877965 -17.695801 -3.0678289 4294901760
-6.8632331 -24.515249 -2.7767999 4294901760
-6.8601155 -20.574299 -2.9393637 4294901760
-1.1471128 -3.4007211 -3.3437762 4294901760
-1.6349093 -5.7622876 -3.2649999 4294901760
-2.699122 -8.0017939 -3.2257907 4294901760
-2.9301023 -10.327235 -3.1153028 4294901760
-4.3196626 -12.806036 -3.1178381 4294901760
-4.2845812 -15.101139 -2.9864757 4294901760
-6.8712716 -17.49745 -3.0587394 4294901760
-6.9433212 -24.471949 -2.7808025 4294901760
-6.9191499 -20.512453 -2.941397 4294901760
-1.1601468 -3.4001269 -3.3460629 4294901760
-1.6528841 -5.7491422 -3.2642045 4294901760
-2.727036 -7.9923234 -3.2274261 4294901760
-2.9661322 -10.316945 -3.1173289 4294901760
-4.3604922 -12.779613 -3.1192648 4294901760
-4.3405628 -15.097557 -2.9903665 4294901760
-6.9646177 -17.554802 -3.0684931 4294901760
-6.9934182 -24.324848 -2.7804999 4294901760
-6.9907074 -20.488176 -2.9455891 4294901760
-1.1720086 -3.3960564 -3.3467598 4294901760
-1.6740196 -5.7470345 -3.2662995 4294901760
-2.7549181 -7.9827552 -3.2290645 4294901760
-3.0032325 -10.310323 -3.1198566 4294901760
-4.4037809 -12.760563 -3.1214867 4294901760
-4.3921247 -15.078493 -2.9930274 4294901760
-7.045114 -17.578444 -3.0758133 4294901760
-7.0637784 -24.250483 -2.7832036 4294901760
-7.0699859 -20.486259 -2.9510937 4294901760
-1.1814666 -3.3850994 -3.3442719 4294901760
-1.6951605 -5.7448516 -3.268398 4294901760
-2.7827663 -7.9730906 -3.2307053 4294901760
-3.0358481 -10.288404 -3.1203973 4294901760
-4.4482965 -12.745113 -3.1241097 4294901760
-4.4458575 -15.066886 -2.9963143 4294901760
-7.0989585 -17.535284 -3.0781977 4294901760
-7.1958156 -24.386417 -2.7947521 4294901760
-7.1375117 -20.450165 -2.9546502 4294901760
-1.194506 -3.3882091 -3.3480871 4294901760
-1.7132 -5.7394977 -3.2694213 4294901760
-2.8091044 -7.9680076 -3.2328641 4294901760
-3.0681548 -10.278816 -3.1222301 4294901760
-4.4869952 -12.727335 -3.1260753 4294901760
-4.4999938 -15.075709 -3.0008667 4294901760
-7.1540117 -17.512897 -3.0815852 4294901760
-7.2723918 -24.363691 -2.7990961 4294901760
-7.175211 -20.352442 -2.9540648 4294901760
-1.2032627 -3.3735645 -3.3440394 4294901760
-1.7331094 -5.7294927 -3.2696517 4294901760
-2.8382897 -7.9576578 -3.2345936 4294901760
-3.1046634 -10.263718 -3.1238725 4294901760
-4.5362787 -12.718278 -3.1296375 4294901760
-4.5529165 -15.051502 -3.0033839 4294901760
-7.2105536 -17.468153 -3.0841572 4294901760
-7.303875 -24.145906 -2.7960489 4294901760
-7.2082396 -20.209602 -2.951669 4294901760
-1.2181309 -3.3797872 -3.349489 4294901760
-1.7509722 -5.7200313 -3.2697687 4294901760
-2.8673232 -7.9555831 -3.2375236 4294901760
-3.1398392 -10.257146 -3.1263137 4294901760
-4.5703573 -12.680766 -3.1297388 4294901760
-4.6016397 -15.032518 -3.0059173 4294901760
-7.2638459 -17.433115 -3.0869057 4294901760
-7.3874092 -24.132999 -2.8011045 4294901760
-7.2306099 -20.061817 -2.9483724 4294901760
-1.2305104 -3.3752997 -3.3502269 4294901760
-1.7742075 -5.720933 -3.2729023 4294901760
-2.8924322 -7.9339643 -3.2372141 4294901760
-3.1785836 -10.249344 -3.1289649 4294901760
-4.6154451 -12.660202 -3.1321056 4294901760
-4.6578846 -15.01935 -3.009382 4294901760
-7.3307843 -17.413717 -3.0914261 4294901760
-7.4899955 -24.151493 -2.8081315 4294901760
-7.3218436 -20.083874 -2.9556293 4294901760
-1.2422845 -3.3709843 -3.3509307 4294901760
-1.7918583 -5.7073555 -3.2721119 4294901760
-2.9228213 -7.9311814 -3.2402344 4294901760
-3.211972 -10.230644 -3.1300135 4294901760
-4.6596079 -12.644015 -3.1347454 4294901760
-4.7102818 -15.003001 -3.0123894 4294901760
-7.3884063 -17.380692 -3.0946476 4294901760
-7.5348091 -23.999571 -2.8075297 4294901760
-7.3009171 -19.811304 -2.9451571 4294901760
-1.2534565 -3.3668458 -3.3516004 4294901760
-1.8107752 -5.7013817 -3.2732008 4294901760
-2.9477375 -7.917768 -3.2411263 4294901760
-3.2446847 -10.216169 -3.1314628 4294901760
-4.7042809 -12.635931 -3.1380634 4294901760
-4.7527852 -14.964554 -3.01336 4294901760
-7.4428625 -17.348776 -3.0976825 4294901760
-7.6022758 -23.93642 -2.8104532 4294901760
-1.2652019 -3.3624499 -3.3523066 4294901760
-1.8306665 -5.6950259 -3.2743487 4294901760
-2.978122 -7.914773 -3.2441556 4294901760
-3.2779086 -10.197255 -3.1325138 4294901760
-4.7525544 -12.630573 -3.1419249 4294901760
-4.8086462 -14.959231 -3.0173218 4294901760
-7.5017953 -17.319035 -3.1011899 4294901760
-7.6943345 -23.936329 -2.8164375 4294901760
-7.5563469 -20.082041 -2.972477 4294901760
-1.2749387 -3.3510134 -3.3498518 4294901760
-1.8515267 -5.6882782 -3.2755566 4294901760
-3.0057154 -7.9001384 -3.2452183 4294901760
-3.3140366 -10.181415 -3.1341722 4294901760
-4.7861152 -12.579692 -3.141073 4294901760
-4.8720565 -14.967978 -3.0227118 4294901760
-7.5588346 -17.276827 -3.104044 4294901760
-7.76472 -23.854847 -2.8191743 4294901760
-7.597291 -19.968508 -2.9717488 4294901760
-1.2854601 -3.3469918 -3.3504879 4294901760
-1.8693882 -5.6824331 -3.2765934 4294901760
-3.03052 -7.8906569 -3.2467182 4294901760
-3.3460069 -10.170953 -3.1360283 4294901760
-4.8256125 -12.564594 -3.1434612 4294901760
-4.9165707 -14.945042 -3.0248055 4294901760
-7.6162906 -17.260283 -3.1080246 4294901760
-7.9044676 -24.027437 -2.832247 4294901760
-7.6471229 -19.911047 -2.9735131 4294901760
-1.2996145 -3.3454108 -3.3528669 4294901760
-1.8924103 -5.6788678 -3.2788348 4294901760
-3.0622151 -7.8826194 -3.2492406 4294901760
-3.3850346 -10.158031 -3.1383009 4294901760
-4.8766932 -12.55337 -3.1471968 4294901760
-4.9701457 -14.914737 -3.0271895 4294901760
-7.6808848 -17.227274 -3.1119225 4294901760
-8.0319872 -24.102907 -2.8423367 4294901760
-7.8664389 -20.249441 -3.0005245 4294901760
-1.3101181 -3.3413112 -3.3535056 4294901760
-1.9139298 -5.6838465 -3.2827933 4294901760
-3.0841 -7.8656554 -3.2493711 4294901760
-3.4169307 -10.147346 -3.1401637 4294901760
-4.9204526 -12.549069 -3.1508143 4294901760
-5.0144401 -14.891511 -3.0292864 4294901760
-7.7366018 -17.20669 -3.1156321 4294901760
-7.8517194 -23.317451 -2.812726 4294901760
-7.595293 -19.370953 -2.9522369 4294901760
-1.3191035 -3.3299768 -3.3510134 4294901760
-1.9300325 -5.6661916 -3.2810349 4294901760
-3.1144276 -7.8621364 -3.2524207 4294901760
-3.4536052 -10.139098 -3.1427433 4294901760
-4.9656897 -12.535507 -3.1538916 4294901760
-5.0702376 -14.885209 -3.033288 4294901760
-7.7933269 -17.172325 -3.1188731 4294901760
-8.2109671 -24.105764 -2.8542266 4294901760
-7.8684225 -19.863235 -2.9882143 4294901760
-1.3318799 -3.3248873 -3.351795 4294901760
-1.9480073 -5.6478152 -3.2793903 4294901760
-3.1431344 -7.8464785 -3.253577 4294901760
-3.4938004 -10.129499 -3.1455367 4294901760
-5.01231 -12.512664 -3.1564252 4294901760
-5.1260591 -14.861871 -3.0363224 4294901760
-7.8376284 -17.095211 -3.1193514 4294901760
-7.9990144 -23.191368 -2.8196623 4294901760
-7.9520459 -19.851381 -2.9940183 4294901760
-1.3436775 -3.3240476 -3.3540382 4294901760
-1.9670081 -5.6453047 -3.2814097 4294901760
-3.1677694 -7.8365655 -3.2550883 4294901760
-3.5230048 -10.111009 -3.1463933 4294901760
-5.0515952 -12.496856 -3.1588352 4294901760
-5.1701064 -14.838183 -3.0384288 4294901760
-7.8879547 -17.063274 -3.1222062 4294901760
-8.0481997 -23.098299 -2.8208625 4294901760
-7.9635725 -19.70063 -2.9900515 4294901760
-1.3558513 -3.3191006 -3.3547871 4294901760
-1.9902468 -5.6453228 -3.2845819 4294901760
-3.1994362 -7.8321643 -3.2582347 4294901760
-3.5639813 -10.10921 -3.1501091 4294901760
-5.0883603 -12.456219 -3.1591907 4294901760
-5.2284222 -14.830386 -3.0426059 4294901760
-7.9538083 -17.041468 -3.1267846 4294901760
-8.4100876 -23.855162 -2.8619013 4294901760
-7.9844642 -19.54583 -2.9866714 4294901760
-1.3688116 -3.3176987 -3.3571062 4294901760
-2.0138211 -5.6492262 -3.2886775 4294901760
-3.229748 -7.8281999 -3.2613032 4294901760
-3.5965931 -10.089262 -3.1511784 4294901760
-5.1333232 -12.442047 -3.1622825 4294901760
-5.2801585 -14.812046 -3.0456715 4294901760
-8.0166407 -17.020805 -3.1311805 4294901760
-8.4906273 -23.818142 -2.8664858 4294901760
-8.1165047 -19.672625 -3.0005701 4294901760
-1.3762014 -3.3028615 -3.3530068 4294901760
-2.0322225 -5.6385388 -3.2888715 4294901760
-3.258563 -7.8204994 -3.263685 4294901760
-3.63447 -10.084084 -3.1542916 4294901760
-5.176723 -12.424053 -3.1649683 4294901760
-5.3318305 -14.793525 -3.0487421 4294901760
-8.0674591 -16.974733 -3.1335602 4294901760
-8.5480108 -23.717037 -2.8681171 4294901760
-8.2924623 -19.901777 -3.0210252 4294901760
-1.3913625 -3.3083048 -3.3585036 4294901760
-2.0469546 -5.6209106 -3.2870524 4294901760
-3.2829576 -7.806035 -3.2646005 4294901760
-3.6665368 -10.068262 -3.1557717 4294901760
-5.2194314 -12.410476 -3.1679354 4294901760
-5.3740525 -14.757077 -3.0500414 4294901760
-8.1150951 -16.92993 -3.1357448 4294901760
-8.617053 -23.662315 -2.871578 4294901760
-8.2965889 -19.727169 -3.0158253 4294901760
-1.4020611 -3.2998462 -3.357651 4294901760
-2.0715368 -5.6242142 -3.291218 4294901760
-3.3130803 -7.7975597 -3.2670734 4294901760
-3.7034147 -10.054756 -3.1579757 4294901760
-5.2617807 -12.383959 -3.1699378 4294901760
-5.4281039 -14.737281 -3.0532718 4294901760
-8.1770926 -16.900074 -3.1397629 4294901760
-8.6292496 -23.428379 -2.8672776 4294901760
-8.3891048 -19.744329 -3.0233526 4294901760
-1.4124206 -3.2954254 -3.3582973 4294901760
-2.0865095 -5.6104574 -3.290318 4294901760
-3.3391047 -7.7907176 -3.2692955 4294901760
-3.732228 -10.035663 -3.1588416 4294901760
-5.2990952 -12.36372 -3.1719503 4294901760
-5.4771476 -14.727612 -3.0566969 4294901760
-8.2336349 -16.88146 -3.1437941 4294901760
-8.7083712 -23.416113 -2.8723912 4294901760
-8.3725634 -19.53466 -3.0155282 4294901760
-1.4210362 -3.2838209 -3.3558011 4294901760
-2.1101477 -5.6139569 -3.2944341 4294901760
-3.3631651 -7.7718153 -3.2696061 4294901760
-3.7672377 -10.022573 -3.1609457 4294901760
-5.3422222 -12.345147 -3.1746492 4294901760
-5.5285249 -14.708403 -3.0597847 4294901760
-8.2907572 -16.849043 -3.1473391 4294901760
-8.8012905 -23.415455 -2.8787169 4294901760
-8.4312038 -19.483362 -3.0183847 4294901760
-1.4336346 -3.2783403 -3.3565919 4294901760
-2.1303189 -5.6022129 -3.2947519 4294901760
-3.3976965 -7.7696261 -3.2735658 4294901760
-3.8070984 -10.011728 -3.1637785 4294901760
-5.3911748 -12.328179 -3.1780381 4294901760
-5.5821328 -14.67963 -3.0625315 4294901760
-8.3429861 -16.792116 -3.1495116 4294901760
-8.8684416 -23.321812 -2.8812864 4294901760
-8.5315094 -19.509289 -3.0268455 4294901760
-1.4453895 -3.2771373 -3.3588493 4294901760
-2.1465278 -5.5918965 -3.2948339 4294901760
-3.4236708 -7.7625017 -3.2757981 4294901760
-3.8399487 -10.003409 -3.1661944 4294901760
-5.4330797 -12.318442 -3.1813071 4294901760
-5.6239467 -14.650884 -3.064333 4294901760
-8.3885651 -16.751579 -3.1517916 4294901760
-8.9416647 -23.293837 -2.8857133 4294901760
-8.5959749 -19.489687 -3.0311739 4294901760
-8.3260088 -25.323704 -2.7336717 4294901760
-1.4588662 -3.2751291 -3.361217 4294901760
-2.1670086 -5.5839915 -3.2960756 4294901760
-3.4505031 -7.7463193 -3.2768953 4294901760
-3.8751569 -9.9855824 -3.1678994 4294901760
-5.47012 -12.280324 -3.1820698 4294901760
-5.6804848 -14.637588 -3.0682447 4294901760
-8.4534998 -16.727833 -3.1564145 4294901760
-9.1034927 -23.458063 -2.9003966 4294901760
-8.7306156 -19.60008 -3.0449276 4294901760
-1.4697188 -3.2702732 -3.3619041 4294901760
-2.186919 -5.5803609 -3.2981837 4294901760
-3.4745631 -7.7312555 -3.277822 4294901760
-3.9125748 -9.983717 -3.1714625 4294901760
-5.5140653 -12.269355 -3.185482 4294901760
-5.7318945 -14.626076 -3.0718539 4294901760
-8.4944592 -16.671318 -3.1577044 4294901760
-8.7590046 -22.350351 -2.8528657 4294901760
-8.8119049 -19.607382 -3.0514185 4294901760
-8.5929937 -25.533575 -2.754334 4294901760
-1.479628 -3.2618217 -3.361017 4294901760
-2.2049675 -5.5691118 -3.2983868 4294901760
-3.5031507 -7.7226529 -3.2802336 4294901760
-3.9459469 -9.9663239 -3.1730683 4294901760
-5.5535827 -12.242805 -3.187362 4294901760
-5.7814517 -14.60228 -3.0746343 4294901760
-8.5562439 -16.648649 -3.1621423 4294901760
-9.2321091 -23.317644 -2.9063058 4294901760
-8.8654737 -19.543829 -3.0536129 4294901760
-8.6447668 -25.393837 -2.7552924 4294901760
-1.4894954 -3.2533407 -3.3601291 4294901760
-2.2258239 -5.5649576 -3.3005593 4294901760
-3.5284524 -7.70681 -3.2812488 4294901760
-3.9836466 -9.9598284 -3.1762316 4294901760
-5.6012387 -12.234169 -3.1913395 4294901760
-5.8338642 -14.585703 -3.0780807 4294901760
-8.6069727 -16.604536 -3.1648037 4294901760
-9.2852888 -23.214882 -2.9078259 4294901760
-8.8655949 -19.364143 -3.0481348 4294901760
-1.5029309 -3.2511504 -3.3625031 4294901760
-2.2447619 -5.5531912 -3.3008242 4294901760
-3.5550306 -7.6902666 -3.2823508 4294901760
-4.021606 -9.9488258 -3.1789882 4294901760
-5.6443772 -12.209955 -3.1937807 4294901760
-5.8843036 -14.556849 -3.0806923 4294901760
-8.6603928 -16.558765 -3.1676559 4294901760
-9.3493786 -23.128902 -2.9104843 4294901760
-8.8946877 -19.241051 -3.0466554 4294901760
-8.7133017 -25.007145 -2.7532046 4294901760
-1.516768 -3.2527194 -3.3664207 4294901760
-2.263165 -5.5457168 -3.3019562 4294901760
-3.5788553 -7.67488 -3.2832816 4294901760
-4.0545759 -9.9354353 -3.1810162 4294901760
-5.6898661 -12.201958 -3.1976357 4294901760
-5.9295387 -14.529891 -3.0829937 4294901760
-8.7096825 -16.519382 -3.1704195 4294901760
-9.1455975 -22.410603 -2.8810928 4294901760
-8.9483347 -19.189766 -3.0492928 4294901760
-8.7842493 -24.944225 -2.7567582 4294901760
-1.5296561 -3.2506857 -3.3687639 4294901760
-2.2839766 -5.5413446 -3.304136 4294901760
-3.6089628 -7.6694388 -3.2864056 4294901760
-4.0862188 -9.9139128 -3.182112 4294901760
-5.7290449 -12.174844 -3.1995256 4294901760
-5.9756732 -14.498075 -3.0851183 4294901760
-8.7691612 -16.492399 -3.1745732 4294901760
-9.2055197 -22.334272 -2.8837047 4294901760
-9.0865564 -19.309921 -3.0637524 4294901760
-1.5404276 -3.2455952 -3.3694577 4294901760
-2.3052995 -5.540853 -3.3072469 4294901760
-3.6343763 -7.6574287 -3.2880425 4294901760
-4.1190724 -9.9003086 -3.1841443 4294901760
-5.7659845 -12.148609 -3.2012789 4294901760
-6.0191355 -14.467164 -3.0870867 4294901760
-8.8200426 -16.456207 -3.1776388 4294901760
-9.2795334 -22.303623 -2.8882833 4294901760
-9.1966972 -19.37693 -3.0744264 4294901760
-8.9754562 -24.943954 -2.7692273 4294901760
-1.5486153 -3.233659 -3.3669572 4294901760
-2.3216419 -5.5256696 -3.3064694 4294901760
-3.6678598 -7.6588464 -3.2925832 4294901760
-4.1566672 -9.893158 -3.1873314 4294901760
-5.8169241 -12.146301 -3.2061334 4294901760
-6.0665164 -14.438732 -3.0895462 4294901760
-8.879323 -16.428822 -3.1818018 4294901760
-9.6339998 -22.92959 -2.926352 4294901760
-9.2573891 -19.330326 -3.0778184 4294901760
-1.560457 -3.2279613 -3.3677244 4294901760
-2.340374 -5.5135775 -3.3067396 4294901760
-3.692492 -7.6382885 -3.2929912 4294901760
-4.1928997 -9.8778563 -3.1895859 4294901760
-5.8631306 -12.128471 -3.20944 4294901760
-6.1131806 -14.401755 -3.0914917 4294901760
-8.9261322 -16.371689 -3.1837461 4294901760
-9.7148581 -22.886778 -2.9312041 4294901760
-9.3021498 -19.242426 -3.0787394 4294901760
-1.5748942 -3.2290113 -3.371691 4294901760
-2.3596065 -5.505374 -3.3079398 4294901760
-3.7156942 -7.6183019 -3.2933114 4294901760
-4.2257986 -9.8595266 -3.1912119 4294901760
-5.9106517 -12.118631 -3.2134643 4294901760
-6.1665506 -14.387639 -3.0953004 4294901760
-8.9793921 -16.333452 -3.187005 4294901760
-9.4488678 -22.045858 -2.894968 4294901760
-9.3692646 -19.209837 -3.083101 4294901760
-1.5855933 -3.2237706 -3.3723884 4294901760
-2.3778503 -5.4975185 -3.3090813 4294901760
-3.7426689 -7.609458 -3.2956629 4294901760
-4.2553329 -9.8382025 -3.1922069 4294901760
-5.9402986 -12.077599 -3.2135258 4294901760
-6.2158074 -14.370761 -3.0986218 4294901760
-9.0277157 -16.293133 -3.1897674 4294901760
-9.4949942 -21.952143 -2.896342 4294901760
-9.4575491 -19.228745 -3.0906923 4294901760
-1.5952247 -3.2149694 -3.3715043 4294901760
-2.398566 -5.4927158 -3.311276 4294901760
-3.7709496 -7.5998616 -3.298104 4294901760
-4.2959738 -9.837779 -3.1964629 4294901760
-5.9806552 -12.053238 -3.2158515 4294901760
-6.2643375 -14.345333 -3.1014287 4294901760
-9.0981264 -16.285862 -3.1957679 4294901760
-9.8845415 -22.635599 -2.9381742 4294901760
-9.4732199 -19.092051 -3.087919 4294901760
-1.6021278 -3.1993766 -3.3674169 4294901760
-2.4155726 -5.4768391 -3.3105578 4294901760
-3.8005352 -7.5894966 -3.3006361 4294901760
-4.3351922 -9.8292007 -3.1997836 4294901760
-6.0265684 -12.034784 -3.2191725 4294901760
-6.3152695 -14.318639 -3.1043961 4294901760
-9.1499376 -16.238529 -3.1986177 4294901760
-9.9964237 -22.664936 -2.9468076 4294901760
-9.5145702 -19.000166 -3.0885401 4294901760
-1.6159965 -3.2005181 -3.3713543 4294901760
-2.4305892 -5.46176 -3.3097177 4294901760
-3.8221469 -7.5698495 -3.3008721 4294901760
-4.3613353 -9.8003263 -3.1997306 4294901760
-6.0628676 -12.007648 -3.220937 4294901760
-6.3659511 -14.304885 -3.1080716 4294901760
-9.1978359 -16.197706 -3.2013834 4294901760
-10.087752 -22.668119 -2.9534538 4294901760
-9.5236187 -18.861744 -3.0852273 4294901760
-1.6304492 -3.2013185 -3.3753326 4294901760
-2.4512184 -5.4567561 -3.3119173 4294901760
-3.8396468 -7.5389853 -3.2990654 4294901760
-4.3987584 -9.7922535 -3.2029505 4294901760
-6.1065469 -11.989948 -3.2241273 4294901760
-6.4109578 -14.271691 -3.1102073 4294901760
-9.2523422 -16.162045 -3.2049561 4294901760
-9.6093035 -18.867462 -3.0923054 4294901760
-1.6399575 -3.1923831 -3.374449 4294901760
-2.4702511 -5.4481668 -3.3131256 4294901760
-3.867732 -7.5290251 -3.3015139 4294901760
-4.4312806 -9.7732401 -3.2045901 4294901760
-6.1501756 -11.972088 -3.2273221 4294901760
-6.4590936 -14.245604 -3.1130257 4294901760
-9.2927761 -16.102053 -3.2063749 4294901760
-10.267181 -22.644384 -2.9659684 4294901760
-9.7042522 -18.890543 -3.1006565 4294901760
-1.6577622 -3.1995139 -3.3816779 4294901760
-2.4940627 -5.4500179 -3.3173213 4294901760
-3.89399 -7.5154781 -3.3032553 4294901760
-4.4637246 -9.754117 -3.2062309 4294901760
-6.1882782 -11.9435 -3.2292292 4294901760
-6.5021625 -14.208505 -3.1148188 4294901760
-9.3469248 -16.066074 -3.2099457 4294901760
-9.7572956 -18.831774 -3.1032696 4294901760
-1.6571677 -3.1712172 -3.3710563 4294901760
-2.5130715 -5.4412789 -3.3185351 4294901760
-3.9220171 -7.5053163 -3.3057106 4294901760
-4.496088 -9.7348881 -3.2078729 4294901760
-6.2336068 -11.92886 -3.2328627 4294901760
-6.5483847 -14.178501 -3.1172967 4294901760
-9.4049635 -16.036785 -3.2141376 4294901760
-10.376499 -22.467098 -2.9704139 4294901760
-9.845129 -18.840002 -3.1106575 4294901760
-1.6732979 -3.1750345 -3.3766663 4294901760
-2.5304227 -5.4289823 -3.3187535 4294901760
-3.9555063 -7.5054593 -3.310307 4294901760
-4.5317121 -9.7227173 -3.2105784 4294901760
-6.2733588 -11.903518 -3.2352052 4294901760
-6.5927968 -14.144742 -3.119431 4294901760
-9.4568319 -15.997001 -3.2174034 4294901760
-10.422832 -22.362022 -2.9717357 4294901760
-9.938714 -18.858423 -3.1188271 4294901760
-9.6608534 -23.685013 -2.7946727 4294901760
-1.6838168 -3.1694686 -3.3773701 4294901760
-2.5500495 -5.4240475 -3.3209064 4294901760
-3.9730113 -7.478447 -3.3091166 4294901760
-4.5622449 -9.7040586 -3.2121153 4294901760
-6.3146567 -11.886154 -3.2382762 4294901760
-6.6362791 -14.115604 -3.1217508 4294901760
-9.5016727 -15.951867 -3.219852 4294901760
-10.495228 -22.323727 -2.9762988 4294901760
-10.004933 -18.832407 -3.123513 4294901760
-9.7423782 -23.660233 -2.7998347 4294901760
-1.6977408 -3.170259 -3.3813255 4294901760
-2.5663724 -5.4120812 -3.3210654 4294901760
-4.0014925 -7.472146 -3.3122067 4294901760
-4.5859332 -9.6710215 -3.2115223 4294901760
-6.3615313 -11.879141 -3.2426538 4294901760
-6.6796446 -14.086334 -3.1240716 4294901760
-9.5524702 -15.916856 -3.2232339 4294901760
-10.582877 -22.317644 -2.9826312 4294901760
-10.020278 -18.711264 -3.1213472 4294901760
-1.7007334 -3.1480675 -3.3739746 4294901760
-2.5878546 -5.4061127 -3.3233447 4294901760
-4.0269885 -7.4539785 -3.3133326 4294901760
-4.6247616 -9.6612768 -3.2148769 4294901760
-6.3993697 -11.84527 -3.2442756 4294901760
-6.7329464 -14.065344 -3.1277499 4294901760
-9.604557 -15.871513 -3.2263806 4294901760
-10.606027 -22.156334 -2.9812133 4294901760
-10.113426 -18.720009 -3.1292703 4294901760
-1.7111636 -3.1424103 -3.3746784 4294901760
-2.6057677 -5.397501 -3.3245051 4294901760
-4.0535603 -7.4440279 -3.3157146 4294901760
-4.6584926 -9.6494474 -3.217485 4294901760
-6.4348207 -11.817016 -3.2460523 4294901760
-6.7778225 -14.039357 -3.1304212 4294901760
-9.6384792 -15.808972 -3.2272542 4294901760
-10.365443 -21.470636 -2.9501808 4294901760
-10.171635 -18.679365 -3.1329434 4294901760
-1.7226697 -3.1361175 -3.375457 4294901760
-2.6221583 -5.3809886 -3.3237877 4294901760
-4.082706 -7.4325595 -3.3182757 4294901760
-4.6938286 -9.632309 -3.2197804 4294901760
-6.48382 -11.803783 -3.2502897 4294901760
-6.8344603 -14.025146 -3.1348057 4294901760
-9.6942711 -15.770146 -3.2310216 4294901760
-10.625855 -21.805552 -2.9759405 4294901760
-10.24195 -18.645452 -3.1378284 4294901760
-1.7388757 -3.1395988 -3.3810852 4294901760
-2.644325 -5.3787165 -3.3270135 4294901760
-4.1029243 -7.4079685 -3.3178825 4294901760
-4.732655 -9.6265059 -3.2235773 4294901760
-6.5230613 -11.777608 -3.2526462 4294901760
-6.8781128 -13.990497 -3.1369457 4294901760
-9.751359 -15.739596 -3.2352269 4294901760
-10.758243 -21.882914 -2.9872763 4294901760
-10.272204 -18.546814 -3.1376083 4294901760
-1.7498244 -3.1335099 -3.3818305 4294901760
-2.663084 -5.369453 -3.3282392 4294901760
-4.1249332 -7.3867521 -3.3182044 4294901760
-4.7592039 -9.5957632 -3.2236238 4294901760
-6.5544605 -11.737444 -3.2532513 4294901760
-6.9198384 -13.952149 -3.1387351 4294901760
-9.7999134 -15.695328 -3.2381723 4294901760
-10.999449 -22.177679 -3.0108829 4294901760
-10.32522 -18.489956 -3.1404619 4294901760
-10.155906 -23.268085 -2.8222868 4294901760
-1.7589732 -3.1242237 -3.3809462 4294901760
-2.6800873 -5.3566799 -3.3284633 4294901760
-4.1487694 -7.3688912 -3.3192439 4294901760
-4.797976 -9.5896959 -3.2274301 4294901760
-6.5934453 -11.711036 -3.2556067 4294901760
-6.961381 -13.913685 -3.1405213 4294901760
-9.8482771 -15.650911 -3.2411153 4294901760
-11.044659 -22.074915 -3.0123334 4294901760
-10.383831 -18.44338 -3.1440868 4294901760
-1.7693241 -3.1183736 -3.381655 4294901760
-2.6943665 -5.3408847 -3.3276224 4294901760
-4.173183 -7.355093 -3.3209155 4294901760
-4.827971 -9.5702038 -3.2289798 4294901760
-6.6263704 -11.678753 -3.2569439 4294901760
-7.005692 -13.886972 -3.1431997 4294901760
-9.9086533 -15.631621 -3.2460873 4294901760
-11.051304 -21.906351 -3.0096738 4294901760
-10.431164 -18.384573 -3.1464517 4294901760
-1.7861425 -3.1213076 -3.3873339 4294901760
-2.7121747 -5.3275409 -3.3279068 4294901760
-4.2020583 -7.343153 -3.3234854 4294901760
-4.8630128 -9.5524454 -3.2312896 4294901760
-6.6730695 -11.661277 -3.2607615 4294901760
-7.0547352 -13.857658 -3.146199 4294901760
-9.961587 -15.58849 -3.2495463 4294901760
-10.691613 -21.0016 -2.965714 4294901760
-10.500453 -18.349682 -3.1513345 4294901760
-1.793404 -3.1087732 -3.3848188 4294901760
-2.7342739 -5.324894 -3.3311458 4294901760
-4.2335453 -7.3386326 -3.3274138 4294901760
-4.8927169 -9.5283794 -3.2324119 4294901760
-6.7117515 -11.634475 -3.2631209 4294901760
-7.0976148 -13.822334 -3.148335 4294901760
-10.003003 -15.533532 -3.2515314 4294901760
-11.153092 -21.720222 -3.0138979 4294901760
-10.478778 -18.164421 -3.1444957 4294901760
-1.8013403 -3.0999892 -3.3838596 4294901760
-2.7527597 -5.3196993 -3.3332601 4294901760
-4.2546091 -7.3219047 -3.3282826 4294901760
-4.9226274 -9.5129614 -3.2343948 4294901760
-6.7402949 -11.599608 -3.2638745 4294901760
-7.1391773 -13.796437 -3.1508574 4294901760
-10.030087 -15.468613 -3.2518382 4294901760
-10.425628 -17.941826 -3.1340079 4294901760
-1.8132302 -3.09305 -3.3846834 4294901760
-2.7749491 -5.3125048 -3.3356237 4294901760
-4.2846756 -7.3088984 -3.3309512 4294901760
-4.9609485 -9.4974937 -3.2373629 4294901760
-6.7908053 -11.583913 -3.2682858 4294901760
-7.1957817 -13.775973 -3.1550856 4294901760
-10.045815 -15.36332 -3.2496967 4294901760
-11.326627 -21.684275 -3.0264099 4294901760
-10.440004 -17.808802 -3.1316686 4294901760
-1.824016 -3.0867016 -3.385433 4294901760
-2.7898858 -5.29597 -3.3348439 4294901760
-4.3041759 -7.2837667 -3.3305502 4294901760
-4.992229 -9.4766226 -3.2390289 4294901760
-6.835237 -11.566969 -3.271981 4294901760
-7.2364116 -13.736698 -3.1568673 4294901760
-10.110339 -15.344788 -3.2551889 4294901760
-11.413408 -21.665787 -3.0326889 4294901760
-1.8347796 -3.0803156 -3.386183 4294901760
-2.7975121 -5.2657886 -3.3300281 4294901760
-4.3315825 -7.2720671 -3.3330452 4294901760
-5.0308409 -9.4696083 -3.2428696 4294901760
-6.8755722 -11.543038 -3.2747922 4294901760
-7.2824512 -13.70784 -3.1597152 4294901760
-10.205695 -15.372444 -3.265214 4294901760
-11.477736 -21.604671 -3.0365021 4294901760
-10.768098 -18.077997 -3.1667907 4294901760
-1.8431188 -3.071106 -3.3852603 4294901760
-2.8149588 -5.2564826 -3.3311982 4294901760
-4.3536553 -7.2543001 -3.3340037 4294901760
-5.0603499 -9.4493895 -3.2444301 4294901760
-6.9178963 -11.526979 -3.2783563 4294901760
-7.3278685 -13.683615 -3.1627617 4294901760
-10.263257 -15.348448 -3.269897 4294901760
-11.596409 -21.654428 -3.0464923 4294901760
-10.846451 -18.072952 -3.173368 4294901760
-1.8581165 -3.0705333 -3.3893225 4294901760
-2.8378677 -5.2529078 -3.3345134 4294901760
-4.3802147 -7.2382946 -3.3358657 4294901760
-5.0949502 -9.4307785 -3.2467577 4294901760
-6.9559898 -11.494757 -3.280422 4294901760
-7.3798633 -13.660165 -3.1664906 4294901760
-10.297185 -15.277704 -3.2707582 4294901760
-11.654838 -21.573162 -3.0495341 4294901760
-10.910556 -18.029667 -3.1777401 4294901760
-1.8677539 -3.0646803 -3.3900001 4294901760
-2.8561983 -5.2473497 -3.3366368 4294901760
-4.4049745 -7.2278471 -3.3381901 4294901760
-5.1245532 -9.4147253 -3.248755 4294901760
-6.9879384 -11.46607 -3.2820642 4294901760
-7.4303474 -13.650884 -3.1708183 4294901760
-10.340658 -15.238686 -3.273623 4294901760
-11.68631 -21.469851 -3.0501287 4294901760
-10.967144 -17.9953 -3.1817188 4294901760
-1.8751774 -3.0516372 -3.3875144 4294901760
-2.8791182 -5.2435994 -3.3399601 4294901760
-4.4314346 -7.2116547 -3.3400559 4294901760
-5.1590233 -9.3958807 -3.2510872 4294901760
-7.0278368 -11.437002 -3.2845762 4294901760
-7.4822412 -13.627046 -3.1745596 4294901760
-10.387444 -15.187536 -3.2764201 4294901760
-11.761076 -21.419882 -3.055027 4294901760
-11.010064 -17.917624 -3.1834142 4294901760
-1.8871948 -3.0484843 -3.3898685 4294901760
-2.8927608 -5.2272825 -3.339114 4294901760
-4.4615188 -7.206924 -3.3439324 4294901760
-5.1901531 -9.3787212 -3.2531996 4294901760
-7.0678134 -11.417008 -3.2877045 4294901760
-7.5254641 -13.59868 -3.1772628 4294901760
-10.424196 -15.133328 -3.2781684 4294901760
-11.806926 -21.335375 -3.057102 4294901760
-11.065224 -17.874235 -3.1870744 4294901760
-1.896436 -3.0384715 -3.3890202 4294901760
-2.9137774 -5.2200079 -3.3414297 4294901760
-4.4816732 -7.1805415 -3.3436146 4294901760
-5.2244925 -9.3596354 -3.2555366 4294901760
-7.1075106 -11.38766 -3.2902198 4294901760
-7.5713782 -13.56406 -3.179929 4294901760
-10.493219 -15.114648 -3.2842357 4294901760
-11.892824 -21.305895 -3.0632653 4294901760
-11.117996 -17.813265 -3.1900971 4294901760
-1.9070307 -3.0318332 -3.3897741 4294901760
-2.9338706 -5.2131624 -3.3436866 4294901760
-4.5087996 -7.1681738 -3.3461268 4294901760
-5.2571325 -9.341341 -3.2577648 4294901760
-7.142992 -11.356062 -3.2921441 4294901760
-7.6245313 -13.547946 -3.1842442 4294901760
-10.543634 -15.074664 -3.2878184 4294901760
-12.004306 -21.33032 -3.0723751 4294901760
-11.190722 -17.79122 -3.1958702 4294901760
-1.9184859 -3.0288897 -3.3920944 4294901760
-2.9464343 -5.1972175 -3.342777 4294901760
-4.5291977 -7.15066 -3.3470006 4294901760
-5.2786565 -9.3110266 -3.2575729 4294901760
-7.1786327 -11.333566 -3.294687 4294901760
-7.6592107 -13.510087 -3.1857038 4294901760
-10.584063 -15.031696 -3.2903512 4294901760
-12.120458 -21.379284 -3.0822897 4294901760
-11.257227 -17.772816 -3.2012117 4294901760
-1.9256728 -3.015727 -3.3896036 4294901760
-2.9635518 -5.1830397 -3.3430676 4294901760
-4.5574875 -7.1373181 -3.3496065 4294901760
-5.3166723 -9.2984781 -3.2610145 4294901760
-7.2222614 -11.310525 -3.2981086 4294901760
-7.702755 -13.471567 -3.1880085 4294901760
-10.616037 -14.960322 -3.2911544 4294901760
-12.210621 -21.355501 -3.0889485 4294901760
-11.333021 -17.748238 -3.2072296 4294901760
-1.9337016 -3.0062752 -3.3886778 4294901760
-2.9788001 -5.1698461 -3.3432333 4294901760
-4.581131 -7.1221642 -3.3513036 4294901760
-5.3514247 -9.2876463 -3.2642384 4294901760
-7.2618756 -11.289847 -3.3012512 4294901760
-7.749372 -13.449395 -3.1914458 4294901760
-10.654012 -14.908834 -3.2932088 4294901760
-12.267427 -21.290689 -3.0923154 4294901760
-11.385345 -17.700497 -3.2106307 4294901760
-1.9447063 -2.9991682 -3.3894703 4294901760
-2.9977272 -5.1588941 -3.3445406 4294901760
-4.600801 -7.0954547 -3.3509791 4294901760
-5.3834414 -9.264554 -3.2660344 4294901760
-7.3032031 -11.263158 -3.3042264 4294901760
-7.7826266 -13.393395 -3.1919231 4294901760
-10.699269 -14.856759 -3.2959795 4294901760
-12.15893 -20.924728 -3.0776284 4294901760
-11.421942 -17.615166 -3.2117333 4294901760
-1.9611125 -3.001466 -3.3951588 4294901760
-3.0157173 -5.1483984 -3.3457866 4294901760
-4.627686 -7.0826344 -3.3535004 4294901760
-5.4117532 -9.238884 -3.2671659 4294901760
-7.3381343 -11.230952 -3.3061531 4294901760
-7.8273215 -13.362715 -3.194792 4294901760
-10.755743 -14.825769 -3.300549 4294901760
-12.377107 -21.130058 -3.0982802 4294901760
-11.492085 -17.588539 -3.2172682 4294901760
-12.248771 -23.469639 -2.9746068 4294901760
-1.9710552 -2.9949462 -3.3958788 4294901760
-3.0366893 -5.1450047 -3.3490093 4294901760
-4.6533041 -7.0705256 -3.3559351 4294901760
-5.4524055 -9.2379065 -3.2720613 4294901760
-7.3731565 -11.203241 -3.3083923 4294901760
-7.8655262 -13.32641 -3.1967664 4294901760
-10.804849 -14.790021 -3.304261 4294901760
-12.36801 -20.954882 -3.0946634 4294901760
-11.545964 -17.543671 -3.220937 4294901760
-12.545852 -23.845749 -3.0013378 4294901760
-1.9820187 -2.9877017 -3.3966753 4294901760
-3.0535562 -5.1305289 -3.3493018 4294901760
-4.6748509 -7.046886 -3.356343 4294901760
-5.4902711 -9.2246523 -3.2755272 4294901760
-7.4053941 -11.162916 -3.3095462 4294901760
-7.9041476 -13.280404 -3.1983263 4294901760
-10.85426 -14.743902 -3.3076963 4294901760
-12.505954 -21.012274 -3.1065578 4294901760
-11.588148 -17.468014 -3.2228374 4294901760
-12.569532 -23.679726 -3.0009379 4294901760
-1.9944508 -2.9837792 -3.3990812 4294901760
-3.0674837 -5.1132331 -3.3485112 4294901760
-4.701601 -7.0337853 -3.3588705 4294901760
-5.5204048 -9.2020435 -3.2772195 4294901760
-7.4465218 -11.140298 -3.31284 4294901760
-7.9361358 -13.22886 -3.1989815 4294901760
-10.896173 -14.693129 -3.3102636 4294901760
-12.53817 -20.900059 -3.1072953 4294901760
-11.677856 -17.470545 -3.2308817 4294901760
-12.620089 -23.575876 -3.0033431 4294901760
-2.0043344 -2.9771488 -3.3998036 4294901760
-3.0864155 -5.1063294 -3.3507195 4294901760
-4.7205195 -7.0116491 -3.3590977 4294901760
-5.5529342 -9.1870689 -3.2799125 4294901760
-7.4789915 -11.10896 -3.314621 4294901760
-7.9779043 -13.199067 -3.2016838 4294901760
-10.935305 -14.644151 -3.3126309 4294901760
-12.607409 -20.858366 -3.112148 4294901760
-11.709008 -17.392038 -3.2317734 4294901760
-12.705783 -23.547949 -3.0093369 4294901760
-2.0147145 -2.970134 -3.4005647 4294901760
-3.1042213 -5.0955243 -3.3519711 4294901760
-4.744966 -6.9951282 -3.3608899 4294901760
-5.5849695 -9.1676283 -3.2821643 4294901760
-7.5221782 -11.089352 -3.318378 4294901760
-8.0156527 -13.157552 -3.2034373 4294901760
-10.969598 -14.58361 -3.3141768 4294901760
-12.673916 -20.804008 -3.1165981 4294901760
-11.774122 -17.357656 -3.2367764 4294901760
-2.0230243 -2.9600902 -3.3996768 4294901760
-3.1260202 -5.0912228 -3.3552697 4294901760
-4.7671409 -6.9752831 -3.3619432 4294901760
-5.6148686 -9.1447096 -3.28386 4294901760
-7.5586023 -11.059751 -3.3207612 4294901760
-8.0552893 -13.119325 -3.2055583 4294901760
-11.025249 -14.551578 -3.3187561 4294901760
-12.729753 -20.732433 -3.1199393 4294901760
-11.830142 -17.30987 -3.2406666 4294901760
-12.785389 -23.304682 -3.0122042 4294901760
-2.037456 -2.9589827 -3.4037378 4294901760
-3.1478255 -5.0868316 -3.358572 4294901760
-4.7981324 -6.9682932 -3.3659582 4294901760
-5.6509128 -9.1317778 -3.2872322 4294901760
-7.6016607 -11.039838 -3.3245261 4294901760
-8.1031256 -13.09451 -3.2091649 4294901760
-11.095303 -14.538334 -3.3253739 4294901760
-12.734849 -20.579296 -3.1179323 4294901760
-11.908576 -17.294741 -3.2473631 4294901760
-12.864722 -23.256422 -3.01753 4294901760
-2.045706 -2.948874 -3.4028504 4294901760
-3.1594479 -5.0660067 -3.3567564 4294901760
-4.817956 -6.9450574 -3.3662729 4294901760
-5.6806631 -9.1086416 -3.2889307 4294901760
-7.6378894 -11.009975 -3.3269119 4294901760
-8.1529942 -13.072893 -3.2131486 4294901760
-11.138701 -14.490044 -3.3282695 4294901760
-12.717924 -20.392515 -3.1136436 4294901760
-11.966602 -17.24979 -3.2515423 4294901760
-12.889437 -23.110271 -3.017585 4294901760
-2.0559871 -2.941715 -3.4036133 4294901760
-3.179162 -5.0582085 -3.3590384 4294901760
-4.8421702 -6.9281969 -3.3680699 4294901760
-5.7145271 -9.092103 -3.2917507 4294901760
-7.6671829 -10.970237 -3.3279114 4294901760
-8.2028093 -13.051087 -3.2171385 4294901760
-11.172146 -14.429029 -3.3297992 4294901760
-12.791151 -20.351372 -3.1189256 4294901760
-12.013041 -17.188307 -3.2543104 4294901760
-12.913288 -22.964233 -3.0175977 4294901760
-2.0719905 -2.9437742 -3.4092946 4294901760
-3.1938577 -5.044384 -3.3592076 4294901760
-4.8718901 -6.9217234 -3.3720062 4294901760
-5.7446465 -9.0731039 -3.2938993 4294901760
-7.708087 -10.951241 -3.3315418 4294901760
-8.2460442 -13.023815 -3.2202227 4294901760
-11.215036 -14.38562 -3.3328309 4294901760
-12.916203 -20.39987 -3.1298079 4294901760
-12.069972 -17.148376 -3.2585475 4294901760
-12.879158 -22.726801 -3.0121646 4294901760
-2.0696726 -2.9187806 -3.4001436 4294901760
-3.2114465 -5.0332041 -3.360466 4294901760
-4.9028287 -6.9142737 -3.376039 4294901760
-5.78266 -9.0629902 -3.2978492 4294901760
-7.7370868 -10.91132 -3.3325365 4294901760
-8.2743425 -12.96813 -3.2204695 4294901760
-11.257805 -14.336988 -3.3357136 4294901760
-12.961579 -20.314295 -3.1321883 4294901760
-12.879202 -22.543066 -3.0099707 4294901760
-2.0777409 -2.9085882 -3.3992522 4294901760
-3.226913 -5.0187235 -3.3606977 4294901760
-4.929215 -6.9003096 -3.3785887 4294901760
-5.8142605 -9.0427494 -3.300117 4294901760
-7.7751274 -10.884246 -3.3353848 4294901760
-8.3131075 -12.929132 -3.2225859 4294901760
-11.312722 -14.303849 -3.3403091 4294901760
-13.0432 -20.285707 -3.1384041 4294901760
-12.143049 -16.998812 -3.2617779 4294901760
-12.983715 -22.542938 -3.0178738 4294901760
-2.094234 -2.9101453 -3.4049768 4294901760
-3.2423177 -5.0041966 -3.3609288 4294901760
-4.9555621 -6.8862443 -3.3811409 4294901760
-5.8436418 -9.019083 -3.3018227 4294901760
-7.8084383 -10.850598 -3.3373039 4294901760
-8.3560247 -12.896698 -3.2254536 4294901760
-11.360103 -14.261157 -3.3438776 4294901760
-13.122611 -20.25345 -3.1444051 4294901760
-12.22327 -16.985445 -3.2688007 4294901760
-13.11043 -22.580332 -3.0279212 4294901760
-2.1022518 -2.8998823 -3.4040861 4294901760
-3.2618723 -4.9960732 -3.3632178 4294901760
-4.9795694 -6.8689041 -3.3829496 4294901760
-5.8750896 -8.9986296 -3.3040929 4294901760
-7.8392797 -10.813638 -3.3387544 4294901760
-8.4009933 -12.867451 -3.2287002 4294901760
-11.399846 -14.208992 -3.346411 4294901760
-13.210682 -20.234249 -3.15133 4294901760
-12.287168 -16.949129 -3.2738357 4294901760
-13.449286 -22.978849 -3.0583134 4294901760
-2.1123614 -2.8925264 -3.40485 4294901760
-3.2835259 -4.9910927 -3.3665397 4294901760
-5.0012035 -6.8483133 -3.3840122 4294901760
-5.9021206 -8.9714632 -3.305234 4294901760
-7.8722982 -10.779798 -3.3406689 4294901760
-8.4436722 -12.834724 -3.2315705 4294901760
-11.449376 -14.169111 -3.3503222 4294901760
-13.285618 -20.194677 -3.1568971 4294901760
-12.339202 -16.896477 -3.2774386 4294901760
-13.172418 -22.326664 -3.0297053 4294901760
-2.1160002 -2.8763752 -3.4006443 4294901760
-3.3009272 -4.9796014 -3.3678036 4294901760
-5.0250769 -6.8308153 -3.3858221 4294901760
-5.9399495 -8.9606895 -3.3092048 4294901760
-7.9004717 -10.73947 -3.3416452 4294901760
-8.4774323 -12.7886 -3.232923 4294901760
-11.496249 -14.125974 -3.353888 4294901760
-13.360435 -20.154835 -3.1624708 4294901760
-12.386292 -16.837248 -3.2804623 4294901760
-13.391053 -22.517286 -3.048583 4294901760
-2.1303446 -2.8747966 -3.4047217 4294901760
-3.3182893 -4.9680486 -3.3690684 4294901760
-5.0512252 -6.8163829 -3.3883817 4294901760
-5.9668026 -8.9333277 -3.3103466 4294901760
-7.9402738 -10.715014 -3.3449612 4294901760
-8.5198135 -12.755623 -3.235791 4294901760
-11.542962 -14.082677 -3.3574533 4294901760
-13.412977 -20.08153 -3.1657438 4294901760
-12.41888 -16.758675 -3.281745 4294901760
-13.701488 -22.857294 -3.0761981 4294901760
-2.1403666 -2.8673427 -3.4054863 4294901760
-3.3356106 -4.9564357 -3.3703341 4294901760
-5.0773349 -6.8018527 -3.3909438 4294901760
-6.0023618 -8.9190025 -3.3137586 4294901760
-7.9752545 -10.684052 -3.3473408 4294901760
-8.5598459 -12.719208 -3.2382786 4294901760
-11.581907 -14.030012 -3.3599739 4294901760
-13.494132 -20.05114 -3.1720183 4294901760
-12.462994 -16.696053 -3.2844613 4294901760
-13.843121 -22.911827 -3.087683 4294901760
-2.1547198 -2.8656487 -3.409569 4294901760
-3.3528917 -4.9447613 -3.3716009 4294901760
-5.0916181 -6.7715483 -3.3897564 4294901760
-6.0312409 -8.8947239 -3.315469 4294901760
-8.0244236 -10.672005 -3.3525441 4294901760
-8.6019602 -12.685957 -3.241147 4294901760
-11.618081 -13.974186 -3.3621395 4294901760
-13.557323 -19.994003 -3.176445 4294901760
-12.530782 -16.665194 -3.2900782 4294901760
-13.879413 -22.791767 -3.0891502 4294901760
-2.1615243 -2.8559749 -3.4085996 4294901760
-3.3705812 -4.9373846 -3.3737755 4294901760
-5.1104994 -6.7523913 -3.390636 4294901760
-6.0569267 -8.8724689 -3.3169513 4294901760
-8.0459385 -10.630923 -3.352757 4294901760
-8.6305609 -12.642448 -3.2421594 4294901760
-11.656814 -13.931509 -3.3649571 4294901760
-13.62682 -19.961201 -3.181757 4294901760
-12.5518 -16.584419 -3.2903001 4294901760
-13.892515 -22.652773 -3.0886405 4294901760
-2.1741755 -2.8509159 -3.4110646 4294901760
-3.3908389 -4.9281712 -3.376143 4294901760
-5.1328349 -6.7304964 -3.3917861 4294901760
-6.0894055 -8.8502102 -3.3193457 4294901760
-8.0704107 -10.582431 -3.3529184 4294901760
-8.6745863 -12.607455 -3.2451878 4294901760
-11.707797 -13.888692 -3.3690603 4294901760
-13.641083 -19.825653 -3.1810558 4294901760
-12.5714 -16.484411 -3.2899995 4294901760
-2.1747856 -2.8321896 -3.4051487 4294901760
-3.4027739 -4.9105682 -3.3752785 4294901760
-5.1575136 -6.7165499 -3.3942604 4294901760
-6.1187191 -8.8299685 -3.3215134 4294901760
-8.1078749 -10.55876 -3.3560977 4294901760
-8.7208738 -12.585157 -3.2490444 4294901760
-11.753787 -13.849792 -3.3727739 4294901760
-13.624931 -19.662239 -3.1774526 4294901760
-12.635706 -16.455282 -3.2953887 4294901760
-13.005566 -20.878075 -3.0008383 4294901760
-2.1890953 -2.8303154 -3.4092376 4294901760
-3.4265103 -4.9081345 -3.3796582 4294901760
-5.1809292 -6.6985044 -3.3960741 4294901760
-6.1472445 -8.805315 -3.3232248 4294901760
-8.1422567 -10.527251 -3.358475 4294901760
-8.7693081 -12.561159 -3.2530699 4294901760
-11.791714 -13.796565 -3.3752739 4294901760
-13.679783 -19.594925 -3.1811225 4294901760
-12.61746 -16.313313 -3.2907116 4294901760
-14.005869 -22.309961 -3.0937569 4294901760
-2.198961 -2.8226571 -3.4100041 4294901760
-3.4391892 -4.889843 -3.3788564 4294901760
-5.1970477 -6.6710978 -3.3956246 4294901760
-6.1756673 -8.780571 -3.3249357 4294901760
-8.1813917 -10.501898 -3.3618011 4294901760
-8.8199635 -12.540233 -3.2574863 4294901760
-11.842396 -13.758342 -3.379535 4294901760
-13.741208 -19.537264 -3.1854949 4294901760
-12.791929 -16.420132 -3.3092928 4294901760
-14.179697 -22.412743 -3.108377 4294901760
-2.2020867 -2.8064077 -3.4057803 4294901760
-3.4540105 -4.8746657 -3.3790903 4294901760
-5.2275658 -6.6621723 -3.3997035 4294901760
-6.2039957 -8.7557354 -3.3266463 4294901760
-8.2204504 -10.476397 -3.3651302 4294901760
-8.8751793 -12.525594 -3.2626839 4294901760
-11.879916 -13.704882 -3.3820279 4294901760
-13.86469 -19.56732 -3.1962783 4294901760
-12.876241 -16.409882 -3.3170094 4294901760
-12.871547 -20.18873 -2.9831746 4294901760
-2.2168546 -2.8040059 -3.4099123 4294901760
-3.4718535 -4.8619733 -3.3804262 4294901760
-5.2543817 -6.6460452 -3.4023664 4294901760
-6.2360444 -8.7329378 -3.3290455 4294901760
-8.25387 -10.439972 -3.3671753 4294901760
-8.9187164 -12.489744 -3.2657285 4294901760
-11.919589 -13.64925 -3.3847096 4294901760
-13.94095 -19.522865 -3.2021167 4294901760
-12.901684 -16.318794 -3.3175507 4294901760
-14.080718 -21.907736 -3.0954387 4294901760
-2.2216253 -2.7909663 -3.4073105 4294901760
-3.4947038 -4.8598146 -3.3847549 4294901760
-5.276392 -6.6285844 -3.404093 4294901760
-6.2672777 -8.7154188 -3.3317931 4294901760
-8.2785606 -10.400126 -3.3679781 4294901760
-8.9461546 -12.440726 -3.2665024 4294901760
-11.964785 -13.609647 -3.3884192 4294901760
-13.898454 -19.327505 -3.1959686 4294901760
-12.943314 -16.260324 -3.320302 4294901760
-14.246575 -22.005011 -3.1094396 4294901760
-2.2336221 -2.7860224 -3.4097421 4294901760
-3.507127 -4.8413472 -3.3839498 4294901760
-5.3019514 -6.6131849 -3.4066691 4294901760
-6.2953434 -8.6902885 -3.3335052 4294901760
-8.3297071 -10.389739 -3.3737004 4294901760
-8.9778614 -12.393319 -3.2678216 4294901760
-12.00694 -13.561835 -3.3916111 4294901760
-13.944767 -19.24979 -3.1988831 4294901760
-12.965082 -16.171495 -3.3205836 4294901760
-13.819467 -21.182856 -3.0676239 4294901760
-2.2506523 -2.7862775 -3.4155474 4294901760
-3.524848 -4.8284602 -3.3852887 4294901760
-5.3236899 -6.5906572 -3.4078212 4294901760
-6.3318138 -8.6735411 -3.3370631 4294901760
-8.3577576 -10.346792 -3.3747859 4294901760
-9.0185347 -12.353906 -3.270468 4294901760
-12.053916 -13.514764 -3.3953536 4294901760
-13.554091 -18.56687 -3.1569779 4294901760
-13.06936 -16.179693 -3.3306448 4294901760
-13.88824 -21.118721 -3.0724146 4294901760
-2.2548211 -2.7735672 -3.4129047 4294901760
-3.5422812 -4.8204675 -3.3874793 4294901760
-5.356741 -6.5891171 -3.4132569 4294901760
-6.3520103 -8.6440506 -3.3373919 4294901760
-8.3902225 -10.320484 -3.3773568 4294901760
-9.0525923 -12.319102 -3.2726235 4294901760
-12.090993 -13.4709 -3.3981504 4294901760
-13.595816 -18.50169 -3.1597011 4294901760
-13.120127 -16.138554 -3.3346653 4294901760
-14.011819 -21.161518 -3.0825999 4294901760
-2.2690816 -2.7712901 -3.4170091 4294901760
-3.5522096 -4.7987857 -3.385627 4294901760
-5.3821917 -6.5734143 -3.4158416 4294901760
-6.3774395 -8.6154728 -3.3385243 4294901760
-8.4161386 -10.278855 -3.3782911 4294901760
-9.0884371 -12.277841 -3.2747111 4294901760
-12.132598 -13.422706 -3.4013352 4294901760
-13.643692 -18.431669 -3.1629052 4294901760
-13.176377 -16.092661 -3.3391335 4294901760
-14.07452 -21.095882 -3.0869348 4294901760
-2.2750912 -2.7569647 -3.4145176 4294901760
-3.5706098 -4.7851105 -3.3870301 4294901760
-5.4123855 -6.5587506 -3.4193728 4294901760
-6.4057465 -8.5845861 -3.339884 4294901760
-8.4631214 -10.255645 -3.3828769 4294901760
-9.1307583 -12.236478 -3.2775152 4294901760
-12.165275 -13.355411 -3.403106 4294901760
-13.733457 -18.40473 -3.1702425 4294901760
-13.197471 -15.992748 -3.3392193 4294901760
-14.155417 -21.041681 -3.0928445 4294901760
-2.2800672 -2.7434294 -3.4119465 4294901760
-3.5919209 -4.7787747 -3.3903961 4294901760
-5.4352484 -6.5398159 -3.4212012 4294901760
-6.4356751 -8.562171 -3.3421736 4294901760
-8.5039444 -10.232141 -3.3867011 4294901760
-9.1710291 -12.201349 -3.280385 4294901760
-12.217208 -13.318731 -3.4077258 4294901760
-13.742479 -18.283312 -3.1695311 4294901760
-13.273605 -15.971107 -3.3461003 4294901760
-14.237744 -21.005356 -3.0990582 4294901760
-2.2933261 -2.7418149 -3.4159782 4294901760
-3.602267 -4.7613239 -3.3894556 4294901760
-5.4456997 -6.510675 -3.419795 4294901760
-6.4577718 -8.5356092 -3.3430727 4294901760
-8.5258627 -10.193203 -3.3873429 4294901760
-9.2093124 -12.17248 -3.2833226 4294901760
-12.253584 -13.274434 -3.4105113 4294901760
-14.370425 -18.994221 -3.2320311 4294901760
-13.328829 -15.935449 -3.3507268 4294901760
-14.312661 -20.973717 -3.1047428 4294901760
-2.3005474 -2.7310205 -3.4150758 4294901760
-3.6235349 -4.754848 -3.3928258 4294901760
-5.4582853 -6.4796267 -3.418566 4294901760
-6.4875274 -8.5130148 -3.3453627 4294901760
-8.5613918 -10.16338 -3.3902018 4294901760
-9.2517471 -12.140259 -3.2865884 4294901760
-12.30527 -13.237413 -3.4151351 4294901760
-14.451154 -18.962984 -3.2386031 4294901760
-13.340708 -15.836989 -3.3500206 4294901760
-14.397094 -20.940073 -3.111187 4294901760
-2.3100662 -2.7229733 -3.4158442 4294901760
-3.6330738 -4.7330041 -3.3909636 4294901760
-5.4757948 -6.4545522 -3.4188597 4294901760
-6.5172038 -8.4903173 -3.3476536 4294901760
-8.5968161 -10.133433 -3.3930614 4294901760
-9.2964888 -12.111045 -3.290252 4294901760
-12.348679 -13.191471 -3.4186721 4294901760
-14.497821 -18.887104 -3.2417316 4294901760
-13.390749 -15.784245 -3.3538661 4294901760
-14.472373 -20.892969 -3.1167965 4294901760
-2.3172023 -2.7121365 -3.4149399 4294901760
-3.6589983 -4.7324829 -3.3964338 4294901760
-5.5033884 -6.4413629 -3.4222128 4294901760
-6.5492191 -8.4706421 -3.3505297 4294901760
-8.6295586 -10.100344 -3.3954358 4294901760
-9.3411417 -12.081666 -3.2939188 4294901760
-12.375528 -13.127998 -3.4200208 4294901760
-14.610036 -18.896358 -3.2515371 4294901760
-13.469072 -15.764685 -3.3610768 4294901760
-14.588621 -20.904522 -3.1262369 4294901760
-2.3271267 -2.7036262 -3.4157462 4294901760
-3.6715832 -4.7129641 -3.3956816 4294901760
-5.5218415 -6.4152045 -3.4225953 4294901760
-6.5777903 -8.4434662 -3.3523533 4294901760
-8.6716957 -10.074665 -3.3994126 4294901760
-9.3780251 -12.037938 -3.29616 4294901760
-12.415331 -13.073892 -3.4230134 4294901760
-14.664477 -18.823801 -3.2554185 4294901760
-13.534563 -15.724281 -3.3666856 4294901760
-14.561795 -20.703985 -3.1223235 4294901760
-2.3403571 -2.7017815 -3.4197867 4294901760
-3.6887496 -4.7044358 -3.3978837 4294901760
-5.5394015 -6.3948593 -3.4234691 4294901760
-6.6018472 -8.4196463 -3.3538327 4294901760
-8.7007093 -10.044372 -3.4015019 4294901760
-9.4084387 -11.999025 -3.2979074 4294901760
-12.46185 -13.04058 -3.4272492 4294901760
-14.610291 -18.633192 -3.2485509 4294901760
-13.578678 -15.675653 -3.3700917 4294901760
-14.961247 -21.130524 -3.1582341 4294901760
-2.3573937 -2.70138 -3.4256208 4294901760
-3.7083542 -4.6939073 -3.4002802 4294901760
-5.5602226 -6.3715591 -3.4246147 4294901760
-6.6277604 -8.3891907 -3.3550689 4294901760
-8.7322435 -10.006435 -3.4035308 4294901760
-9.4572821 -11.970702 -3.3021398 4294901760
-12.504036 -12.989079 -3.430604 4294901760
-14.750216 -18.670317 -3.2611396 4294901760
-13.625552 -15.613767 -3.3735476 4294901760
-15.031632 -21.065798 -3.1633768 4294901760
-18.466476 -19.18281 -3.2881389 4294901760
-2.3639467 -2.6908245 -3.4246788 4294901760
-3.7286956 -4.6876135 -3.4036019 4294901760
-5.5761433 -6.3471918 -3.424808 4294901760
-6.6580043 -8.3702602 -3.3578348 4294901760
-8.7575216 -9.9684801 -3.4047816 4294901760
-9.4969273 -11.939277 -3.3052487 4294901760
-12.558126 -12.958984 -3.4357734 4294901760
-14.797147 -18.602566 -3.2644823 4294901760
-13.690412 -15.58347 -3.3793373 4294901760
-15.09442 -21.006113 -3.1679668 4294901760
-2.3709226 -2.679841 -3.423774 4294901760
-3.7402186 -4.6685567 -3.4027832 4294901760
-5.6060619 -6.3365011 -3.4289379 4294901760
-6.687181 -8.3469677 -3.3601301 4294901760
-8.7975235 -9.9437923 -3.4086215 4294901760
-9.5236254 -11.887429 -3.3061142 4294901760
-12.586596 -12.897966 -3.4374573 4294901760
-14.85201 -18.538342 -3.2685754 4294901760
-13.718307 -15.505729 -3.3807037 4294901760
-15.15595 -20.937126 -3.1723971 4294901760
-2.3831408 -2.6738396 -3.4262614 4294901760
-3.7524662 -4.6488223 -3.4020255 4294901760
-5.6292486 -6.3159118 -3.4308529 4294901760
-6.7152472 -8.3193264 -3.3619521 4294901760
-8.8365507 -9.914444 -3.4121177 4294901760
-9.5721283 -11.858634 -3.3103523 4294901760
-12.630993 -12.848907 -3.4411738 4294901760
-14.882264 -18.437208 -3.2701375 4294901760
-13.772394 -15.45237 -3.3850784 4294901760
-15.199651 -20.836287 -3.1751382 4294901760
-2.3895738 -2.6632237 -3.4253168 4294901760
-3.7630031 -4.630374 -3.4011366 4294901760
-5.6396852 -6.285532 -3.4295003 4294901760
-6.7403069 -8.2939444 -3.3635437 4294901760
-8.86938 -9.8850861 -3.4148381 4294901760
-9.6063843 -11.820652 -3.3126557 4294901760
-12.684738 -12.818273 -3.4463522 4294901760
-14.938291 -18.381561 -3.2744646 4294901760
-13.815575 -15.39771 -3.388382 4294901760
-15.245031 -20.753595 -3.1781824 4294901760
-2.3988557 -2.654866 -3.4260883 4294901760
-3.7815828 -4.6201911 -3.4034734 4294901760
-5.6694803 -6.274538 -3.4336381 4294901760
-6.7717199 -8.2734241 -3.3664303 4294901760
-8.9038315 -9.8540649 -3.4177022 4294901760
-9.6450682 -11.78397 -3.3155241 4294901760
-12.729405 -12.773916 -3.4502463 4294901760
-15.025108 -18.357094 -3.2818439 4294901760
-13.861219 -15.340514 -3.3919044 4294901760
-15.326881 -20.713091 -3.1845582 4294901760
-2.4134505 -2.6514177 -3.4302585 4294901760
-3.8009419 -4.609272 -3.4058762 4294901760
-5.6897988 -6.2508154 -3.4347804 4294901760
-6.8019977 -8.2485495 -3.3688431 4294901760
-8.929204 -9.8096275 -3.4187357 4294901760
-9.6983147 -11.760814 -3.3205798 4294901760
-12.773317 -12.724363 -3.4539633 4294901760
-15.160832 -18.385021 -3.2940931 4294901760
-13.879781 -15.248333 -3.3921924 4294901760
-15.364514 -20.605572 -3.1868143 4294901760
-2.4173312 -2.6380548 -3.4276319 4294901760
-3.816205 -4.5966434 -3.4070961 4294901760
-5.7104959 -6.2319145 -3.4365125 4294901760
-6.8242621 -8.2198677 -3.3698416 4294901760
-8.9536419 -9.7711887 -3.4199708 4294901760
-9.7347193 -11.725531 -3.3232872 4294901760
-12.804116 -12.670733 -3.4561694 4294901760
-15.313472 -18.445173 -3.3081837 4294901760
-13.924881 -15.196346 -3.3957884 4294901760
-15.578961 -20.749237 -3.2055163 4294901760
-2.4236078 -2.6273594 -3.4266839 4294901760
-3.8264866 -4.5780516 -3.4062026 4294901760
-5.7337894 -6.2158265 -3.4390197 4294901760
-6.8540187 -8.2002249 -3.3726177 4294901760
-8.9886847 -9.74436 -3.4231825 4294901760
-9.7684488 -11.687081 -3.325588 4294901760
-12.843225 -12.625412 -3.459491 4294901760
-15.343847 -18.357552 -3.3099973 4294901760
-13.996823 -15.17353 -3.4025373 4294901760
-15.695831 -20.761147 -3.2152245 4294901760
-2.4376988 -2.6241956 -3.4308197 4294901760
-3.8449244 -4.5676136 -3.4085441 4294901760
-5.7421041 -6.1814046 -3.4369667 4294901760
-6.8800554 -8.1732254 -3.3743227 4294901760
-9.0334473 -9.7245531 -3.4280274 4294901760
-9.8040619 -11.646826 -3.3280499 4294901760
-12.892918 -12.586068 -3.4641292 4294901760
-15.227956 -18.090191 -3.2970912 4294901760
-14.05513 -15.13042 -3.4076247 4294901760
-15.826247 -20.782448 -3.2261374 4294901760
-2.4423468 -2.6099494 -3.4282653 4294901760
-3.8641315 -4.556428 -3.4109521 4294901760
-5.7593622 -6.1545901 -3.4373257 4294901760
-6.9022961 -8.1389093 -3.3749518 4294901760
-9.0690298 -9.6913786 -3.431035 4294901760
-9.8466845 -11.610813 -3.3314898 4294901760
-12.930381 -12.530413 -3.4670873 4294901760
-15.317386 -18.061644 -3.3047633 4294901760
-14.113216 -15.081715 -3.4126215 4294901760
-15.936332 -20.768637 -3.2351387 4294901760
-2.4514422 -2.6014078 -3.4290369 4294901760
-3.8800128 -4.5429115 -3.4122379 4294901760
-5.7781196 -6.1315928 -3.4383676 4294901760
-6.9280977 -8.1117611 -3.3766532 4294901760
-9.0891962 -9.6452227 -3.4314108 4294901760
-9.8819876 -11.570322 -3.3339486 4294901760
-12.97117 -12.482437 -3.4705985 4294901760
-14.130231 -14.994638 -3.4129441 4294901760
-15.383813 -19.904329 -3.1832852 4294901760
-2.4625506 -2.5958946 -3.4314542 4294901760
-3.8950565 -4.5300202 -3.41346 4294901760
-5.8038206 -6.1180897 -3.4416516 4294901760
-6.9575357 -8.0917387 -3.3794317 4294901760
-9.1211329 -9.6150293 -3.4341288 4294901760
-9.9177103 -11.534474 -3.3366511 4294901760
-13.009614 -12.436603 -3.4739134 4294901760
-15.426965 -17.941835 -3.3134027 4294901760
-14.185366 -14.953484 -3.4178071 4294901760
-16.038107 -20.609276 -3.2424688 4294901760
-2.4690928 -2.584661 -3.4305415 4294901760
-3.9083238 -4.513484 -3.4136853 4294901760
-5.8332701 -6.1063013 -3.4458091 4294901760
-6.9857388 -8.0674028 -3.3817301 4294901760
-9.1491575 -9.5773916 -3.4359908 4294901760
-9.9579124 -11.499784 -3.3399272 4294901760
-13.02984 -12.36918 -3.4747734 4294901760
-15.460767 -17.854694 -3.3156238 4294901760
-14.237476 -14.903874 -3.4222567 4294901760
-15.427827 -19.682909 -3.1854308 4294901760
-19.542948 -18.55205 -3.3814251 4294901760
-2.4810636 -2.5782063 -3.433038 4294901760
-3.9248407 -4.4991293 -3.4150357 4294901760
-5.8447332 -6.0735765 -3.4446042 4294901760
-7.0100656 -8.0357885 -3.3829474 4294901760
-9.1924534 -9.5523729 -3.4404945 4294901760
-10.002609 -11.466207 -3.3437798 4294901760
-13.080886 -12.326802 -3.4796038 4294901760
-15.499874 -17.767839 -3.3183439 4294901760
-14.280951 -14.840103 -3.4256463 4294901760
-15.895711 -20.127459 -3.2273843 4294901760
-19.610815 -18.480295 -3.3875327 4294901760
-2.4921219 -2.5725682 -3.4354587 4294901760
-3.9397388 -4.4860892 -3.4162579 4294901760
-5.862112 -6.0513425 -3.4455523 4294901760
-7.0314579 -8.0065584 -3.3839319 4294901760
-9.2185583 -9.5161362 -3.4422114 4294901760
-10.040578 -11.432973 -3.3468945 4294901760
-13.124599 -12.286077 -3.4836693 4294901760
-15.574508 -17.734331 -3.3247485 4294901760
-14.346727 -14.809844 -3.4318001 4294901760
-15.96734 -20.080887 -3.2330666 4294901760
-2.501087 -2.5638535 -3.4362321 4294901760
-3.9630303 -4.4809661 -3.4207358 4294901760
-5.8886781 -6.0364585 -3.4489346 4294901760
-7.056746 -7.9790049 -3.3856287 4294901760
-9.2461786 -9.4782181 -3.4440682 4294901760
-10.072522 -11.388919 -3.3489337 4294901760
-13.167406 -12.24019 -3.4875491 4294901760
-15.710337 -17.763548 -3.337225 4294901760
-14.412255 -14.773942 -3.4378641 4294901760
-16.11968 -20.127848 -3.2461188 4294901760
-2.502399 -2.5473495 -3.4319401 4294901760
-3.9735229 -4.4613528 -3.4198961 4294901760
-5.9069633 -6.0130701 -3.4499731 4294901760
-7.0819249 -7.9513731 -3.3873241 4294901760
-9.2847672 -9.4515495 -3.447933 4294901760
-10.112213 -11.35369 -3.352211 4294901760
-13.204196 -12.188752 -3.490665 4294901760
-15.899632 -17.851631 -3.3550456 4294901760
-14.455354 -14.715015 -3.4413509 4294901760
-15.630964 -19.37859 -3.2004659 4294901760
-2.5189242 -2.5463307 -3.4377789 4294901760
-3.9839275 -4.4417205 -3.4190536 4294901760
-5.925158 -5.989625 -3.45101 4294901760
-7.1201925 -7.9383736 -3.3920262 4294901760
-9.3121204 -9.4134388 -3.4497864 4294901760
-10.149128 -11.315364 -3.3550742 4294901760
-13.249599 -12.145278 -3.4949245 4294901760
-15.956519 -17.790081 -3.3596685 4294901760
-14.49822 -14.655964 -3.444833 4294901760
-15.708578 -19.3363 -3.2067342 4294901760
-2.5252388 -2.5349543 -3.4368622 4294901760
-4.0019894 -4.430645 -3.4214065 4294901760
-5.9432616 -5.9661279 -3.4520454 4294901760
-7.1505084 -7.9164033 -3.3949282 4294901760
-9.3505239 -9.3864994 -3.453655 4294901760
-10.188564 -11.279866 -3.3583519 4294901760
-13.294857 -12.101635 -3.4991853 4294901760
-16.007822 -17.722429 -3.3637559 4294901760
-14.557731 -14.61374 -3.4502597 4294901760
-16.483765 -20.1464 -3.2768395 4294901760
-2.5357568 -2.5295687 -3.4392486 4294901760
-4.0210714 -4.4237509 -3.4246993 4294901760
-5.9647527 -5.9501963 -3.4544668 4294901760
-7.1700273 -7.8880506 -3.3957925 4294901760
-9.3799677 -9.3570776 -3.4562302 4294901760
-10.221276 -11.244859 -3.3608859 4294901760
-13.318045 -12.04645 -3.5007548 4294901760
-16.05537 -17.663193 -3.3675902 4294901760
-14.603571 -14.567933 -3.4542687 4294901760
-16.453091 -19.980501 -3.273289 4294901760
-2.5445714 -2.5207016 -3.440022 4294901760
-4.0338879 -4.4068465 -3.4249213 4294901760
-5.9854865 -5.9293389 -3.4562862 4294901760
-7.1921802 -7.8571434 -3.396884 4294901760
-9.4069347 -9.3186922 -3.4580786 4294901760
-10.260465 -11.20911 -3.3641639 4294901760
-13.377789 -12.015853 -3.5069373 4294901760
-14.654334 -14.516868 -3.4587231 4294901760
-16.487059 -19.879927 -3.2755928 4294901760
-19.978722 -17.944771 -3.4217041 4294901760
-2.5430167 -2.5016351 -3.4340262 4294901760
-4.044024 -4.3870749 -3.4240727 4294901760
-6.0033507 -5.9056606 -3.457319 4294901760
-7.2195625 -7.8319917 -3.3991821 4294901760
-9.4394035 -9.2858009 -3.460938 4294901760
-10.291442 -11.164456 -3.3661871 4294901760
-13.416677 -11.966435 -3.5104287 4294901760
-15.991676 -17.348238 -3.3593285 4294901760
-14.690704 -14.45165 -3.4615397 4294901760
-16.561466 -19.828388 -3.2816138 4294901760
-2.551734 -2.4927423 -3.4347966 4294901760
-4.0540729 -4.3672848 -3.4232216 4294901760
-6.0211239 -5.8819261 -3.4583504 4294901760
-7.2441697 -7.8038445 -3.4008749 4294901760
-9.4689236 -9.2500191 -3.4632895 4294901760
-10.324942 -11.122633 -3.3686254 4294901760
-13.434516 -11.8984 -3.5112107 4294901760
-16.076572 -17.318626 -3.3668489 4294901760
-14.73536 -14.394704 -3.4653332 4294901760
-16.574053 -19.703245 -3.2820106 4294901760
-19.909201 -17.632765 -3.4171951 4294901760
-2.5656242 -2.4888685 -3.4389546 4294901760
-4.0771842 -4.3615479 -3.4277184 4294901760
-6.0275426 -5.8472166 -3.4562271 4294901760
-7.2740655 -7.7813964 -3.4037795 4294901760
-9.5182447 -9.2334871 -3.4692006 4294901760
-10.363705 -11.086523 -3.3719006 4294901760
-13.487932 -11.861955 -3.5166287 4294901760
-16.068806 -17.189528 -3.3651807 4294901760
-14.794104 -14.351508 -3.4707689 4294901760
-2.566463 -2.4723525 -3.4346423 4294901760
-4.0871029 -4.341681 -3.4268646 4294901760
-6.047915 -5.8261418 -3.4580402 4294901760
-7.2930541 -7.7473259 -3.4042559 4294901760
-9.5304108 -9.1809378 -3.4684961 4294901760
-10.391435 -11.038699 -3.3734922 4294901760
-13.517253 -11.804324 -3.5189452 4294901760
-15.693831 -16.671373 -3.3270791 4294901760
-14.815392 -14.272122 -3.4719181 4294901760
-16.682699 -19.553658 -3.2904928 4294901760
-2.5724583 -2.4608734 -3.4337163 4294901760
-4.1101837 -4.3357749 -3.4313676 4294901760
-6.0710506 -5.8077083 -3.4606433 4294901760
-7.322772 -7.724689 -3.4071608 4294901760
-9.5624018 -9.1476154 -3.4713531 4294901760
-10.427167 -10.999473 -3.3763428 4294901760
-13.573422 -11.770114 -3.5247579 4294901760
-15.655848 -16.515133 -3.3224862 4294901760
-14.879528 -14.234101 -3.4780142 4294901760
-16.813288 -19.56797 -3.3017192 4294901760
-2.5810325 -2.4518783 -3.4344847 4294901760
-4.1146536 -4.310256 -3.4283662 4294901760
-6.0912862 -5.7864799 -3.4624569 4294901760
-7.344233 -7.6933632 -3.4082403 4294901760
-9.5913963 -9.1114454 -3.4736986 4294901760
-10.460007 -10.957254 -3.3787694 4294901760
-13.614424 -11.722662 -3.5286272 4294901760
-15.732686 -16.480587 -3.3293116 4294901760
-14.92623 -14.179326 -3.4821279 4294901760
-16.907612 -19.539347 -3.3096557 4294901760
-2.5895755 -2.4428542 -3.4352531 4294901760
-4.1296744 -4.295867 -3.4296527 4294901760
-6.1114478 -5.765183 -3.4642706 4294901760
-7.3765211 -7.6733785 -3.4117568 4294901760
-9.6231432 -9.0779114 -3.4765542 4294901760
-10.500947 -10.923542 -3.3824635 4294901760
-13.643154 -11.664715 -3.5309317 4294901760
-16.268526 -16.923229 -3.3816602 4294901760
-14.981438 -14.132613 -3.4872372 4294901760
-16.933752 -19.432058 -3.3113992 4294901760
-2.5954413 -2.4313211 -3.4343238 4294901760
-4.1473241 -4.284193 -3.4320138 4294901760
-6.1229472 -5.7357688 -3.463707 4294901760
-7.4060125 -7.6504235 -3.4146659 4294901760
-9.6460848 -9.0361252 -3.4778705 4294901760
-10.527951 -10.875391 -3.3840375 4294901760
-13.677714 -11.611864 -3.5340118 4294901760
-16.291422 -16.829065 -3.3831534 4294901760
-15.019039 -14.069325 -3.4903488 4294901760
-16.893528 -19.249817 -3.3071225 4294901760
-2.6061435 -2.4251709 -3.4367516 4294901760
-4.1641965 -4.2731748 -3.4343121 4294901760
-6.1390629 -5.7127614 -3.4646337 4294901760
-7.4203067 -7.6144981 -3.414403 4294901760
-9.6789026 -9.0067921 -3.4810944 4294901760
-10.566732 -10.843266 -3.3875675 4294901760
-13.710058 -11.561309 -3.5368948 4294901760
-16.369417 -16.79781 -3.3901649 4294901760
-15.071449 -14.024876 -3.4952366 4294901760
-16.922913 -19.1548 -3.3092387 4294901760
-2.6225808 -2.4234395 -3.4426177 4294901760
-4.1736917 -4.2531142 -3.4334486 4294901760
-6.158967 -5.6912961 -3.4664433 4294901760
-7.4468412 -7.5885501 -3.4166987 4294901760
-9.7102833 -8.97295 -3.4839475 4294901760
-10.587805 -10.789285 -3.3882804 4294901760
-13.744225 -11.508266 -3.5399661 4294901760
-16.455902 -16.769049 -3.3979964 4294901760
-15.105676 -13.958652 -3.4980037 4294901760
-17.037434 -19.149292 -3.3190942 4294901760
-2.6230102 -2.406918 -3.4382877 4294901760
-4.1885114 -4.2385201 -3.4347353 4294901760
-6.1730146 -5.6644611 -3.4666629 4294901760
-7.4649491 -7.5540771 -3.4171541 4294901760
-9.7503147 -8.947051 -3.4883468 4294901760
-10.617014 -10.743775 -3.3902638 4294901760
-13.781247 -11.457676 -3.5434268 4294901760
-16.531162 -16.728537 -3.4047348 4294901760
-15.148429 -13.900451 -3.5017688 4294901760
-17.224037 -19.223492 -3.3355236 4294901760
-2.6313961 -2.3977473 -3.4390559 4294901760
-4.2032814 -4.2238736 -3.436022 4294901760
-6.184052 -5.634953 -3.4660833 4294901760
-7.4996362 -7.5363779 -3.4212904 4294901760
-9.772687 -8.9049435 -3.4896522 4294901760
-10.654452 -10.70665 -3.3935254 4294901760
-13.815015 -11.40443 -3.5464895 4294901760
-16.617601 -16.699013 -3.4125979 4294901760
-15.199806 -13.850174 -3.506541 4294901760
-17.371262 -19.252165 -3.3483844 4294901760
-2.6478145 -2.395844 -3.4449286 4294901760
-4.2125468 -4.2037339 -3.4351516 4294901760
-6.2036848 -5.6133318 -3.4678879 4294901760
-7.5203028 -7.50457 -3.4223561 4294901760
-9.8007708 -8.8681126 -3.4919868 4294901760
-10.705836 -10.683439 -3.3989305 4294901760
-13.85782 -11.358662 -3.5507357 4294901760
-16.709684 -16.674728 -3.4210367 4294901760
-15.256929 -13.805055 -3.5119901 4294901760
-17.454466 -19.209135 -3.3554413 4294901760
-2.656162 -2.3865862 -3.4456987 4294901760
-4.221724 -4.1835804 -3.434278 4294901760
-6.2319956 -5.5995059 -3.4720845 4294901760
-7.549262 -7.4810538 -3.4252665 4294901760
-9.8346205 -8.8364973 -3.4953556 4294901760
-10.745891 -10.648801 -3.4026263 4294901760
-13.891211 -11.305188 -3.5537922 4294901760
-16.747953 -16.596634 -3.4241738 4294901760
-15.293166 -13.741052 -3.5150731 4294901760
-17.489079 -19.112745 -3.3581018 4294901760
-2.659066 -2.3724735 -3.4430623 4294901760
-4.2445374 -4.1769247 -3.4388022 4294901760
-6.2515025 -5.5777197 -3.4738908 4294901760
-7.5696936 -7.4491134 -3.4263277 4294901760
-9.8594818 -8.796833 -3.4971681 4294901760
-10.777325 -10.60565 -3.4050322 4294901760
-13.927487 -11.25413 -3.557241 4294901760
-16.765963 -16.498894 -3.4253309 4294901760
-15.349961 -13.695552 -3.5205243 4294901760
-17.51511 -19.007551 -3.3600049 4294901760
-2.6781852 -2.3727934 -3.4506464 4294901760
-4.2618465 -4.1647744 -3.4411693 4294901760
-6.2650614 -5.5506606 -3.4740987 4294901760
-7.6013036 -7.4281688 -3.4298565 4294901760
-9.8841887 -8.7571011 -3.4989767 4294901760
-10.805747 -10.559626 -3.4070036 4294901760
-13.969793 -11.207938 -3.5614839 4294901760
-16.857698 -16.473732 -3.4337926 4294901760
-15.400657 -13.64453 -3.5252993 4294901760
-17.586782 -18.952147 -3.3660755 4294901760
-2.6759746 -2.353385 -3.4446368 4294901760
-4.2687883 -4.1410804 -3.4392743 4294901760
-6.2824187 -5.5250711 -3.4751928 4294901760
-7.6256413 -7.3975077 -3.4316475 4294901760
-9.9102592 -8.7155743 -3.5009236 4294901760
-10.835814 -10.511642 -3.4091327 4294901760
-14.007665 -11.154181 -3.5651205 4294901760
-16.834908 -16.331263 -3.4309361 4294901760
-15.444576 -13.582727 -3.529273 4294901760
-17.519831 -18.741758 -3.3595586 4294901760
-2.6864936 -2.3468838 -3.447072 4294901760
-4.2797227 -4.1242294 -3.4394114 4294901760
-6.2947969 -5.4990473 -3.4753036 4294901760
-7.6415911 -7.3639517 -3.4319682 4294901760
-9.9420929 -8.6852741 -3.5041466 4294901760
-10.882066 -10.486691 -3.4139612 4294901760
-14.032076 -11.097786 -3.567168 4294901760
-16.797026 -16.186745 -3.4266722 4294901760
-15.471517 -13.515702 -3.5314307 4294901760
-17.480661 -18.575998 -3.3556304 4294901760
-2.6891932 -2.3327401 -3.4444277 4294901760
-4.2996597 -4.1145906 -3.4428618 4294901760
-6.3169184 -5.4796095 -3.4779062 4294901760
-7.6643953 -7.3344984 -3.4336393 4294901760
-9.9543676 -8.6349144 -3.5038559 4294901760
-10.901367 -10.432141 -3.4146214 4294901760
-14.070733 -11.048733 -3.5710049 4294901760
-17.017756 -16.285263 -3.4479227 4294901760
-15.512581 -13.456385 -3.535171 4294901760
-17.506962 -18.474298 -3.3576481 4294901760
-2.6886747 -2.3167109 -3.4400349 4294901760
-4.3104882 -4.0976567 -3.4429979 4294901760
-6.3380251 -5.4611931 -3.4804196 4294901760
-7.6915383 -7.3117671 -3.4364359 4294901760
-9.9799395 -8.599268 -3.5060289 4294901760
-10.935899 -10.395936 -3.4177155 4294901760
-14.107293 -11.002016 -3.5746477 4294901760
-17.115042 -16.269981 -3.4570322 4294901760
-15.508792 -13.363234 -3.5338728 4294901760
-17.796816 -18.655878 -3.3836184 4294901760
-2.7077639 -2.3167379 -3.4476306 4294901760
-4.3191648 -4.0772953 -3.4421115 4294901760
-6.3570509 -5.4390345 -3.4822211 4294901760
-7.7170167 -7.2848711 -3.4387271 4294901760
-10.012913 -8.5669565 -3.5093899 4294901760
-10.966341 -10.352236 -3.4201021 4294901760
-14.139317 -10.947824 -3.5776758 4294901760
-17.206554 -16.243004 -3.4655638 4294901760
-15.585642 -13.334931 -3.5417273 4294901760
-17.820354 -18.550455 -3.3854222 4294901760
-2.7158341 -2.3072727 -3.4483976 4294901760
-4.3277493 -4.0569267 -3.4412217 4294901760
-6.370019 -5.4117332 -3.4824138 4294901760
-7.7308631 -7.2470798 -3.4385264 4294901760
-10.042755 -8.5319548 -3.5122263 4294901760
-11.011111 -10.322056 -3.4246659 4294901760
-14.174286 -10.895979 -3.5811014 4294901760
-17.292255 -16.210138 -3.4735405 4294901760
-15.613862 -13.264962 -3.5440698 4294901760
-17.871117 -18.473797 -3.3897171 4294901760
-2.7266421 -2.3001156 -3.4508741 4294901760
-4.3447037 -4.0444193 -3.4435887 4294901760
-6.3858714 -5.3869348 -3.4834075 4294901760
-7.7618985 -7.2254348 -3.4420605 4294901760
-10.078541 -8.5019627 -3.516114 4294901760
-11.041254 -10.278137 -3.4270489 4294901760
-14.199569 -10.836769 -3.5833104 4294901760
-17.328289 -16.130644 -3.4766412 4294901760
-15.663116 -13.212947 -3.548825 4294901760
-17.86586 -18.339821 -3.3889523 4294901760
-2.7374341 -2.292912 -3.4533517 4294901760
-4.3616238 -4.0318437 -3.4459572 4294901760
-6.3956175 -5.3570561 -3.4827876 4294901760
-7.7841716 -7.1956139 -3.4437244 4294901760
-10.095991 -8.4565392 -3.516844 4294901760
-11.074145 -10.236834 -3.4298661 4294901760
-14.230962 -10.782328 -3.5863218 4294901760
-17.279007 -15.97255 -3.4713562 4294901760
-15.721368 -13.168431 -3.5546224 4294901760
-17.971701 -18.320087 -3.3982828 4294901760
-2.7426331 -2.2810252 -3.4524086 4294901760
-4.3785076 -4.0191998 -3.4483273 4294901760
-6.4142766 -5.3347001 -3.4845817 4294901760
-7.8150625 -7.1737452 -3.447262 4294901760
-10.122395 -8.4187117 -3.5191488 4294901760
-11.112738 -10.200808 -3.4335587 4294901760
-14.271693 -10.734983 -3.5905461 4294901760
-17.317017 -15.895952 -3.4746954 4294901760
-15.767235 -13.113478 -3.5590327 4294901760
-18.086031 -18.308365 -3.4084017 4294901760
-2.7477839 -2.2691286 -3.4514639 4294901760
-4.3982053 -4.0090799 -3.4517882 4294901760
-6.4328604 -5.3122759 -3.4863756 4294901760
-7.8400578 -7.14642 -3.4495509 4294901760
-10.151722 -8.3833237 -3.5219796 4294901760
-11.139462 -10.153914 -3.4354939 4294901760
-14.30908 -10.685097 -3.5943639 4294901760
-17.528696 -15.977871 -3.4951601 4294901760
-15.797548 -13.045664 -3.561698 4294901760
-18.225845 -18.321526 -3.4208496 4294901760
-2.7584913 -2.2618215 -3.4539423 4294901760
-4.4121723 -3.9937031 -3.4530718 4294901760
-6.4513645 -5.2897882 -3.4881687 4294901760
-7.8766775 -7.1296196 -3.4543474 4294901760
-10.174788 -8.342804 -3.5237513 4294901760
-11.183683 -10.122975 -3.4400671 4294901760
-14.346292 -10.635083 -3.5981796 4294901760
-17.566614 -15.90052 -3.4985282 4294901760
-15.82141 -12.972746 -3.5636532 4294901760
-18.292515 -18.260614 -3.4266863 4294901760
-2.7663693 -2.2521794 -3.4547088 4294901760
-4.4318151 -3.983428 -3.4565372 4294901760
-6.469789 -5.2672377 -3.4899611 4294901760
-7.8956356 -7.0967975 -3.4553826 4294901760
-10.203845 -8.3072386 -3.5265779 4294901760
-11.227823 -10.091852 -3.4446445 4294901760
-14.38974 -10.589665 -3.6028104 4294901760
-15.869686 -12.919959 -3.5683997 4294901760
-17.519838 -17.367617 -3.3564796 4294901760
-2.774214 -2.2425091 -3.4554751 4294901760
-4.445693 -3.9679337 -3.4578221 4294901760
-6.485085 -5.242156 -3.490943 4294901760
-7.908566 -7.0586662 -3.4551568 4294901760
-10.220438 -8.2615929 -3.5272803 4294901760
-11.251115 -10.042006 -3.4461303 4294901760
-14.423403 -10.53702 -3.6062143 4294901760
-17.635511 -15.740298 -3.5046446 4294901760
-15.905386 -12.856966 -3.5717404 4294901760
-17.614494 -17.339958 -3.3649004 4294901760
-2.7820249 -2.2328115 -3.4562409 4294901760
-4.4537516 -3.9472811 -3.4569213 4294901760
-6.5033441 -5.2194867 -3.4927335 4294901760
-7.9361148 -7.0336385 -3.4580715 4294901760
-10.249214 -8.2258654 -3.530102 4294901760
-11.280146 -9.9973946 -3.4484949 4294901760
-14.456872 -10.48427 -3.6096141 4294901760
-17.600761 -15.599244 -3.5009239 4294901760
-15.956388 -12.806357 -3.5768363 4294901760
-17.68062 -17.283945 -3.3707547 4294901760
-2.7841318 -2.2185686 -3.4535751 4294901760
-4.4675026 -3.9317105 -3.458204 4294901760
-6.5184565 -5.1943097 -3.4937112 4294901760
-7.9635849 -7.0085039 -3.4609876 4294901760
-10.284072 -8.1949844 -3.5339878 4294901760
-11.306018 -9.9500751 -3.4504113 4294901760
-14.470755 -10.417455 -3.6105418 4294901760
-17.208786 -15.144918 -3.4620767 4294901760
-16.000994 -12.750582 -3.5812275 4294901760
-18.499857 -17.958944 -3.4448593 4294901760
-2.7947025 -2.2110858 -3.4560554 4294901760
-4.4782996 -3.9135575 -3.4583921 4294901760
-6.533473 -5.1690907 -3.4946868 4294901760
-7.9909773 -6.9832644 -3.4639049 4294901760
-10.315727 -8.1614981 -3.5373423 4294901760
-11.340681 -9.9105492 -3.4536567 4294901760
-14.500551 -10.362248 -3.6135166 4294901760
-17.213472 -15.042744 -3.4622867 4294901760
-16.048532 -12.697124 -3.5859709 4294901760
-2.7995527 -2.1990776 -3.4551024 4294901760
-4.4890242 -3.8953764 -3.4585783 4294901760
-6.5422225 -5.1389837 -3.4940333 4294901760
-8.0123196 -6.9527369 -3.465559 4294901760
-10.344153 -8.1254396 -3.540163 4294901760
-11.381215 -9.8761148 -3.457793 4294901760
-14.536634 -10.311569 -3.617312 4294901760
-17.72397 -15.380077 -3.5122736 4294901760
-16.092754 -12.641026 -3.5903594 4294901760
-18.616137 -17.821074 -3.4552095 4294901760
-2.8011131 -2.1853218 -3.4523914 4294901760
-4.4989996 -3.877954 -3.4586985 4294901760
-6.5623217 -5.1196737 -3.4965417 4294901760
-8.0293455 -6.9209681 -3.4664636 4294901760
-10.361657 -8.0837698 -3.5412366 4294901760
-11.428966 -9.8513012 -3.4631093 4294901760
-14.564237 -10.258718 -3.6200876 4294901760
-17.838348 -15.375928 -3.5233183 4294901760
-16.11887 -12.575328 -3.5927484 4294901760
-18.666452 -17.750988 -3.4597089 4294901760
-2.8259203 -2.1888509 -3.4634652 4294901760
-4.5154343 -3.8647318 -3.4610741 4294901760
-6.580152 -5.0967369 -3.4983251 4294901760
-8.0594578 -6.8980398 -3.4700136 4294901760
-10.380399 -8.0402641 -3.5424442 4294901760
-11.445151 -9.7958336 -3.4636731 4294901760
-14.616274 -10.21923 -3.6259503 4294901760
-17.973759 -15.383627 -3.5364385 4294901760
-16.159515 -12.516548 -3.5967722 4294901760
-18.687666 -17.647356 -3.4615884 4294901760
-2.8163006 -2.1657138 -3.4539135 4294901760
-4.537703 -3.8564296 -3.4656465 4294901760
-6.5916839 -5.0689545 -3.4984758 4294901760
-8.0925245 -6.8775434 -3.4742014 4294901760
-10.411546 -8.0063992 -3.5457933 4294901760
-11.473216 -9.7506714 -3.4660199 4294901760
-14.67149 -10.181772 -3.6322348 4294901760
-18.051672 -15.341463 -3.5439234 4294901760
-16.206266 -12.462495 -3.6015072 4294901760
-18.754978 -17.587477 -3.4676642 4294901760
-2.826725 -2.1580696 -3.4563944 4294901760
-4.5481925 -3.8380821 -3.4658294 4294901760
-6.6093378 -5.0459142 -3.5002561 4294901760
-8.1164818 -6.8492532 -3.4764869 4294901760
-10.43943 -7.9700074 -3.548605 4294901760
-11.507182 -9.7105627 -3.4692602 4294901760
-14.71022 -10.132755 -3.6364453 4294901760
-18.102064 -15.275784 -3.5487218 4294901760
-16.240164 -12.398591 -3.6048093 4294901760
-17.779184 -16.55617 -3.3792729 4294901760
-2.8342414 -2.1481886 -3.4571555 4294901760
-4.5645161 -3.8246555 -3.4682093 4294901760
-6.6237864 -5.0204415 -3.5012178 4294901760
-8.1373119 -6.8183389 -3.4781356 4294901760
-10.473515 -7.9383097 -3.5524929 4294901760
-11.547107 -9.6754417 -3.4733996 4294901760
-14.719202 -10.063359 -3.6368997 4294901760
-18.155279 -15.212499 -3.553818 4294901760
-16.264282 -12.327373 -3.6070268 4294901760
-17.810493 -16.469614 -3.3821263 4294901760
-2.8359289 -2.1339233 -3.4544723 4294901760
-4.5748763 -3.8062365 -3.4683897 4294901760
-6.6444039 -4.999649 -3.5038137 4294901760
-8.1489086 -6.7797837 -3.4778697 4294901760
-10.491647 -7.894546 -3.5536852 4294901760
-11.547178 -9.6070986 -3.4716802 4294901760
-14.757533 -10.014156 -3.6411004 4294901760
-18.100908 -15.059715 -3.548357 4294901760
-16.30084 -12.265733 -3.6106715 4294901760
-17.81789 -16.36145 -3.3828323 4294901760
-2.8404558 -2.1218417 -3.4535084 4294901760
-4.579226 -3.7828841 -3.4663665 4294901760
-6.6681004 -4.9811206 -3.5072298 4294901760
-8.1633825 -6.7437453 -3.4782348 4294901760
-10.525496 -7.8626246 -3.5575724 4294901760
-11.595974 -9.5793982 -3.4771683 4294901760
-14.812221 -9.9759312 -3.6473954 4294901760
-18.091839 -14.945611 -3.5473711 4294901760
-16.349945 -12.21353 -3.6157541 4294901760
-2.8507569 -2.1140728 -3.4559894 4294901760
-4.5864468 -3.7619908 -3.46544 4294901760
-6.6854467 -4.9578137 -3.5090082 4294901760
-8.18993 -6.7177148 -3.4811497 4294901760
-10.552878 -7.8258352 -3.5603795 4294901760
-11.623193 -9.5338173 -3.4794962 4294901760
-14.866818 -9.9374447 -3.6536982 4294901760
-18.100706 -14.846938 -3.5481691 4294901760
-16.386072 -12.151632 -3.6193912 4294901760
-18.902239 -17.115473 -3.4811945 4294901760
-2.8551996 -2.1019604 -3.4550231 4294901760
-4.5935764 -3.7410941 -3.4645092 4294901760
-6.7058702 -4.9367733 -3.5116065 4294901760
-8.2163935 -6.6915836 -3.4840655 4294901760
-10.583327 -7.7913065 -3.5637271 4294901760
-11.665651 -9.5007229 -3.4840865 4294901760
-14.881503 -9.8722839 -3.6549602 4294901760
-18.22049 -14.839105 -3.5598903 4294901760
-16.434811 -12.099092 -3.6244726 4294901760
-19.101379 -17.174835 -3.4993331 4294901760
-2.8654466 -2.0941193 -3.4575047 4294901760
-4.6096029 -3.727457 -3.4668851 4294901760
-6.7103958 -4.9040761 -3.510097 4294901760
-8.2366295 -6.6603742 -3.4857008 4294901760
-10.613665 -7.7566543 -3.567075 4294901760
-11.698746 -9.4599409 -3.487318 4294901760
-14.889262 -9.8027506 -3.6553671 4294901760
-18.346643 -14.835622 -3.5722578 4294901760
-16.470509 -12.03694 -3.6281018 4294901760
-19.188013 -17.131973 -3.5073001 4294901760
-2.8727391 -2.0841043 -3.4582617 4294901760
-4.6165795 -3.7065208 -3.4659495 4294901760
-6.730648 -4.882926 -3.5126925 4294901760
-8.253664 -6.6266332 -3.4866922 4294901760
-10.627828 -7.710238 -3.5677047 4294901760
-11.7441 -9.4290056 -3.4923689 4294901760
-14.940062 -9.761611 -3.661248 4294901760
-18.382763 -14.758999 -3.5757945 4294901760
-16.48661 -11.960646 -3.62954 4294901760
-19.238741 -17.056946 -3.5120337 4294901760
-2.8829379 -2.0761828 -3.4607449 4294901760
-4.6325006 -3.692786 -3.4683254 4294901760
-6.7508335 -4.8616948 -3.5152886 4294901760
-8.2767429 -6.5977845 -3.4889638 4294901760
-10.670776 -7.6846895 -3.5732265 4294901760
-11.786269 -9.3953943 -3.496969 4294901760
-14.9707 -9.7072363 -3.6645949 4294901760
-18.427923 -14.689772 -3.5802402 4294901760
-16.531494 -11.905356 -3.6342475 4294901760
-19.283176 -16.976501 -3.5162172 4294901760
-2.8872185 -2.0639985 -3.4597747 4294901760
-4.6544237 -3.683764 -3.472914 4294901760
-6.7645726 -4.8358197 -3.516237 4294901760
-8.2935247 -6.5639467 -3.4899483 4294901760
-10.69108 -7.6427794 -3.5749378 4294901760
-11.812757 -9.3492575 -3.499289 4294901760
-14.98775 -9.644145 -3.6662419 4294901760
-18.469704 -14.617928 -3.5843735 4294901760
-16.566463 -11.842941 -3.6378567 4294901760
-19.345325 -16.911715 -3.5220258 4294901760
-2.9003186 -2.0581038 -3.4639866 4294901760
-4.6702828 -3.6698742 -3.4752934 4294901760
-6.7782125 -4.8099074 -3.5171828 4294901760
-8.3101721 -6.5300722 -3.4909284 4294901760
-10.711221 -7.600821 -3.5766439 4294901760
-11.835938 -9.3005943 -3.5011466 4294901760
-15.01125 -9.5853376 -3.6687269 4294901760
-18.476692 -14.51885 -3.5851071 4294901760
-16.601202 -11.780427 -3.6414602 4294901760
-19.398212 -16.838852 -3.5270152 4294901760
-2.9067702 -2.0489819 -3.4646678 4294901760
-4.6848254 -3.6575546 -3.4775469 4294901760
-6.7836728 -4.7818103 -3.5162973 4294901760
-8.3337622 -6.5063658 -3.4936123 4294901760
-10.73829 -7.5694194 -3.5797069 4294901760
-11.865099 -9.2633648 -3.5040507 4294901760
-15.048018 -9.5423965 -3.6729572 4294901760
-18.52536 -14.463188 -3.5899498 4294901760
-16.641388 -11.730513 -3.6457269 4294901760
-18.689301 -16.12079 -3.4629462 4294901760
-2.9083188 -2.0341592 -3.462003 4294901760
-4.6981993 -3.6403599 -3.478884 4294901760
-6.8011532 -4.7569156 -3.518151 4294901760
-8.3606758 -6.4781985 -3.4966366 4294901760
-10.759457 -7.5254636 -3.5815456 4294901760
-11.898971 -9.2198162 -3.5074375 4294901760
-15.086263 -9.4893036 -3.6773245 4294901760
-18.543547 -14.368309 -3.5918267 4294901760
-16.681002 -11.667157 -3.6499059 4294901760
-19.409283 -16.618155 -3.5284555 4294901760
-2.9090929 -2.0203676 -3.4592593 4294901760
-4.7010875 -3.6177127 -3.4767661 4294901760
-6.8201108 -4.7365727 -3.5206547 4294901760
-8.372716 -6.4432073 -3.4968493 4294901760
-10.768057 -7.4784245 -3.581454 4294901760
-11.920024 -9.1730318 -3.50912 4294901760
-15.093998 -9.4244566 -3.6778972 4294901760
-18.572119 -14.292138 -3.5947344 4294901760
-16.713049 -11.607227 -3.6532781 4294901760
-18.621975 -15.837344 -3.4573061 4294901760
-2.9191132 -2.0122576 -3.4617429 4294901760
-4.7075658 -3.5966024 -3.4758165 4294901760
-6.8398337 -4.714962 -3.5232472 4294901760
-8.3920155 -6.4115396 -3.4984639 4294901760
-10.790832 -7.4385381 -3.5836902 4294901760
-11.942492 -9.1241207 -3.5109572 4294901760
-15.116649 -9.3654137 -3.6803553 4294901760
-18.640921 -14.241751 -3.6016223 4294901760
-16.74362 -11.542025 -3.6564915 4294901760
-19.488405 -16.457319 -3.5361381 4294901760
-2.9294605 -2.003592 -3.4642651 4294901760
-4.7145772 -3.5746708 -3.4749258 4294901760
-6.8538303 -4.6876478 -3.5242698 4294901760
-8.4123087 -6.3783526 -3.5001886 4294901760
-10.81147 -7.3944588 -3.5855107 4294901760
-11.979022 -9.0826931 -3.5147958 4294901760
-15.140694 -9.3036947 -3.682992 4294901760
-18.72797 -14.199858 -3.610332 4294901760
-16.789101 -11.482833 -3.6613958 4294901760
-19.530233 -16.370398 -3.540235 4294901760
-2.9304376 -1.9892819 -3.4615529 4294901760
-4.733181 -3.5628252 -3.4784145 4294901760
-6.8733964 -4.6658983 -3.5268617 4294901760
-8.4282055 -6.3441949 -3.5011482 4294901760
-10.837215 -7.3566751 -3.58829 4294901760
-11.997943 -9.0312567 -3.51616 4294901760
-15.176476 -9.2528601 -3.6871526 4294901760
-18.758293 -14.12 -3.6134777 4294901760
-16.825779 -11.421919 -3.6653395 4294901760
-19.550438 -16.271482 -3.5423758 4294901760
-2.9460371 -1.9856316 -3.4674664 4294901760
-4.7449703 -3.5471096 -3.4796176 4294901760
-6.8920851 -4.6452713 -3.529366 4294901760
-8.4428673 -6.3114777 -3.5019908 4294901760
-10.854973 -7.3162613 -3.5898244 4294901760
-12.021457 -8.9866571 -3.5182827 4294901760
-15.19004 -9.1921721 -3.6885419 4294901760
-18.805016 -14.057716 -3.6182461 4294901760
-16.863565 -11.366058 -3.669436 4294901760
-19.622751 -16.221821 -3.5492468 4294901760
-2.9499371 -1.9733202 -3.466485 4294901760
-4.75423 -3.528229 -3.4797702 4294901760
-6.9049978 -4.6190042 -3.5302954 4294901760
-8.4553251 -6.2749009 -3.5022912 4294901760
-10.873849 -7.2739129 -3.5914924 4294901760
-12.04956 -8.9422684 -3.5210254 4294901760
-15.235695 -9.1472931 -3.6939893 4294901760
-18.834745 -13.977719 -3.621372 4294901760
-16.896511 -11.302691 -3.6729982 4294901760
-19.642231 -16.122831 -3.5513589 4294901760
-2.9511085 -1.9584855 -3.4638042 4294901760
-4.7702312 -3.5130646 -3.4822121 4294901760
-6.9022713 -4.5806508 -3.5271471 4294901760
-8.4814501 -6.246213 -3.5053041 4294901760
-10.900434 -7.2340083 -3.5944011 4294901760
-12.07905 -8.8956861 -3.5239248 4294901760
-15.269118 -9.0913897 -3.697897 4294901760
-18.901915 -13.920424 -3.6282117 4294901760
-16.944466 -11.245094 -3.6782665 4294901760
-19.611444 -15.977612 -3.5489459 4294901760
-2.957587 -1.9486885 -3.4645162 4294901760
-4.7756367 -3.4926784 -3.4811835 4294901760
-6.9272499 -4.5642114 -3.5313122 4294901760
-8.5053072 -6.220386 -3.5080922 4294901760
-10.921052 -7.1956387 -3.5964766 4294901760
-12.105274 -8.8532343 -3.5265007 4294901760
-15.27518 -9.0265217 -3.6983972 4294901760
-18.928648 -13.843533 -3.6310706 4294901760
-16.971678 -11.182261 -3.6812289 4294901760
-19.679836 -15.925049 -3.555516 4294901760
-2.9768472 -1.9457695 -3.4722483 4294901760
-4.7915225 -3.4774148 -3.4836245 4294901760
-6.9406486 -4.5366464 -3.5323198 4294901760
-8.5312462 -6.1914935 -3.5111055 4294901760
-10.944028 -7.1533928 -3.5988243 4294901760
-12.124764 -8.7994652 -3.5279918 4294901760
-15.32534 -8.980545 -3.7044613 4294901760
-18.979256 -13.774066 -3.6363232 4294901760
-16.992523 -11.106897 -3.6834848 4294901760
-19.762966 -15.872811 -3.5634842 4294901760
-2.9988277 -1.9452311 -3.4816859 4294901760
-4.8005061 -3.4584162 -3.4837701 4294901760
-6.9630232 -4.5166612 -3.5357418 4294901760
-8.539978 -6.1524348 -3.5107367 4294901760
-10.978918 -7.1216269 -3.6032555 4294901760
-12.165086 -8.7640619 -3.5325894 4294901760
-15.370366 -8.9350014 -3.7099104 4294901760
-19.014271 -13.698402 -3.6400485 4294901760
-17.001087 -11.02799 -3.684382 4294901760
-19.677809 -15.691732 -3.5561678 4294901760
-2.9927344 -1.9279462 -3.4754136 4294901760
-4.8144813 -3.4455588 -3.4860222 4294901760
-6.9870715 -4.5011339 -3.5398264 4294901760
-8.5689096 -6.1324739 -3.5147202 4294901760
-10.987897 -7.0785012 -3.6035144 4294901760
-12.18286 -8.718854 -3.5340595 4294901760
-15.374219 -8.8727293 -3.7102005 4294901760
-19.047482 -13.631628 -3.6435852 4294901760
-17.039005 -10.976679 -3.6886108 4294901760
-19.742659 -15.642225 -3.5624495 4294901760
-4.8213944 -3.4225879 -3.485173 4294901760
-7.000998 -4.4721608 -3.5409184 4294901760
-8.5923939 -6.0995269 -3.5171888 4294901760
-11.004964 -7.0298505 -3.6048739 4294901760
-12.213007 -8.6697092 -3.5370996 4294901760
-15.415089 -8.8175879 -3.7151442 4294901760
-19.102938 -13.5607 -3.6493928 4294901760
-17.097826 -10.921904 -3.6952074 4294901760
-19.937521 -15.672383 -3.5806551 4294901760
-4.830162 -3.4035187 -3.4853125 4294901760
-7.0165648 -4.4476967 -3.5426695 4294901760
-8.6136312 -6.0694976 -3.5194314 4294901760
-11.042839 -6.9998922 -3.6098616 4294901760
-12.236691 -8.6224451 -3.5393465 4294901760
-15.43538 -8.7578306 -3.7175305 4294901760
-19.137106 -13.484744 -3.6530941 4294901760
-17.132477 -10.860023 -3.6991045 4294901760
-20.149446 -15.725492 -3.600394 4294901760
-4.843987 -3.3905351 -3.4875634 4294901760
-7.0172272 -4.4172716 -3.5408916 4294901760
-8.632658 -6.0424047 -3.5214489 4294901760
-11.061419 -6.9630489 -3.6117811 4294901760
-12.257203 -8.5793943 -3.54127 4294901760
-15.46629 -8.7112465 -3.7212923 4294901760
-19.159763 -13.410822 -3.6556447 4294901760
-17.142897 -10.791276 -3.7002895 4294901760
-20.173517 -15.64254 -3.603029 4294901760
-4.8690352 -3.3815482 -3.4933655 4294901760
-7.0400233 -4.3956795 -3.5444024 4294901760
-8.6450052 -6.003962 -3.5218258 4294901760
-11.080132 -6.9182596 -3.6135485 4294901760
-12.291831 -8.536685 -3.5450816 4294901760
-15.498112 -8.6545048 -3.7251663 4294901760
-19.1924 -13.329134 -3.6592507 4294901760
-17.192474 -10.73471 -3.705909 4294901760
-20.230709 -15.5685 -3.6087697 4294901760
-4.8776388 -3.3623455 -3.4935036 4294901760
-7.0586581 -4.3731432 -3.5469878 4294901760
-8.6691647 -5.9759912 -3.5247211 4294901760
-11.094097 -6.8732715 -3.6146123 4294901760
-12.321555 -8.4937258 -3.5482612 4294901760
-15.521259 -8.5964947 -3.727973 4294901760
-19.219097 -13.248468 -3.6622732 4294901760
-17.229843 -10.67463 -3.7101717 4294901760
-20.272243 -15.488092 -3.6130805 4294901760
-4.888762 -3.3461521 -3.4946985 4294901760
-7.0697808 -4.3476577 -3.5478046 4294901760
-8.6824121 -5.9427457 -3.5255251 4294901760
-11.116828 -6.8364439 -3.6172178 4294901760
-12.346371 -8.450572 -3.5508058 4294901760
-15.560153 -8.5507298 -3.7327917 4294901760
-19.259632 -13.182409 -3.666657 4294901760
-17.258354 -10.613259 -3.7134528 4294901760
-20.317135 -15.415956 -3.6176882 4294901760
-4.8946199 -3.3238833 -3.4937723 4294901760
-7.089016 -4.3237581 -3.5504761 4294901760
-8.7074041 -5.9131036 -3.5285299 4294901760
-11.158747 -6.8059835 -3.6229093 4294901760
-12.380552 -8.4074984 -3.5546138 4294901760
-15.584394 -8.489831 -3.7357726 4294901760
-19.294615 -13.102764 -3.6705551 4294901760
-17.293734 -10.547856 -3.717536 4294901760
-20.367123 -15.336582 -3.6228352 4294901760
-4.9093871 -3.3089304 -3.4961505 4294901760
-7.1007113 -4.2969556 -3.5513756 4294901760
-8.7247152 -5.8804641 -3.5301001 4294901760
-11.179044 -6.7649355 -3.6250877 4294901760
-12.409825 -8.3642311 -3.5577869 4294901760
-15.613935 -8.435379 -3.7394469 4294901760
-19.320383 -13.021951 -3.6735432 4294901760
-17.309982 -10.475039 -3.7194793 4294901760
-20.410942 -15.258224 -3.6274123 4294901760
-4.9267354 -3.296916 -3.4995916 4294901760
-7.1182833 -4.275404 -3.5538714 4294901760
-8.7408829 -5.8493004 -3.5315557 4294901760
-11.194612 -6.7237401 -3.6265607 4294901760
-12.444104 -8.3274546 -3.5617521 4294901760
-15.648843 -8.3873167 -3.7438197 4294901760
-19.346878 -12.946714 -3.6765983 4294901760
-17.33437 -10.41142 -3.7223527 4294901760
-20.455019 -15.185696 -3.6320016 4294901760
-4.9419947 -3.2809684 -3.5020351 4294901760
-7.1372743 -4.2512946 -3.5565414 4294901760
-8.7688465 -5.8215985 -3.5352206 4294901760
-11.21236 -6.678607 -3.6283011 4294901760
-12.467914 -8.2773924 -3.5641267 4294901760
-15.682993 -8.3317766 -3.7481148 4294901760
-19.397522 -12.87793 -3.6821017 4294901760
-17.362137 -10.341702 -3.7256408 4294901760
-20.500895 -15.103523 -3.6368353 4294901760
-4.9554935 -3.2675464 -3.5042911 4294901760
-7.1505952 -4.2288508 -3.5581059 4294901760
-8.7738943 -5.7853184 -3.5345688 4294901760
-11.226456 -6.6393089 -3.6296268 4294901760
-12.483896 -8.2316141 -3.5655432 4294901760
-15.705567 -8.2806082 -3.7509689 4294901760
-19.444548 -12.821319 -3.6871932 4294901760
-17.384247 -10.281017 -3.7282863 4294901760
-20.5418 -15.034328 -3.64114 4294901760
-4.9642129 -3.2472532 -3.504482 4294901760
-7.1558957 -4.1966615 -3.5573924 4294901760
-8.7983475 -5.7552853 -3.5375671 4294901760
-11.264405 -6.6061463 -3.6347578 4294901760
-12.51731 -8.1879797 -3.5693421 4294901760
-15.714633 -8.2119207 -3.7521396 4294901760
-19.461355 -12.730305 -3.6893985 4294901760
-17.42181 -10.217231 -3.7327197 4294901760
-20.596766 -14.958937 -3.6468425 4294901760
-4.9722867 -3.2278075 -3.5046074 4294901760
-7.1671119 -4.1696849 -3.5582786 4294901760
-8.8150682 -5.7223864 -3.5391228 4294901760
-11.283967 -6.5647902 -3.6369174 4294901760
-12.539145 -8.1399059 -3.5715435 4294901760
-15.746737 -8.1588478 -3.7562373 4294901760
-19.49898 -12.657949 -3.6936514 4294901760
-17.453924 -10.154349 -3.7365496 4294901760
-20.64238 -14.882279 -3.6516795 4294901760
-4.9797254 -3.2092159 -3.5046678 4294901760
-7.1842952 -4.1478572 -3.5607698 4294901760
-8.8173828 -5.6824193 -3.5378978 4294901760
-11.295364 -6.5213861 -3.6377995 4294901760
-12.562724 -8.0961285 -3.5740616 4294901760
-15.773705 -8.1065884 -3.7597029 4294901760
-19.56097 -12.606193 -3.7003014 4294901760
-17.470238 -10.086452 -3.7386062 4294901760
-20.668896 -14.797484 -3.654758 4294901760
-4.9908981 -3.1918125 -3.5059178 4294901760
-7.1953278 -4.1208034 -3.5616512 4294901760
-8.840497 -5.6537337 -3.5407786 4294901760
-11.304288 -6.4740272 -3.6382413 4294901760
-12.58421 -8.0479383 -3.5762527 4294901760
-15.812556 -8.0569 -3.7646916 4294901760
-19.571243 -12.516332 -3.7018917 4294901760
-17.508801 -10.027386 -3.7432024 4294901760
-20.717171 -14.722927 -3.6598752 4294901760
-5.0052609 -3.1764348 -3.5082972 4294901760
-7.2096686 -4.0956616 -3.5633783 4294901760
-8.8635149 -5.6249571 -3.5436592 4294901760
-11.333717 -6.4384475 -3.6420951 4294901760
-12.602152 -7.9975677 -3.5779557 4294901760
-15.822807 -7.9926739 -3.7660906 4294901760
-19.604706 -12.441524 -3.7057905 4294901760
-17.543695 -9.9662066 -3.7474051 4294901760
-20.755392 -14.641316 -3.664094 4294901760
-5.0130587 -3.1568928 -3.5084147 4294901760
-7.2239199 -4.0704718 -3.5651038 4294901760
-8.8764057 -5.5897732 -3.5445323 4294901760
-11.356121 -6.3988485 -3.6448073 4294901760
-12.626625 -7.9514132 -3.580617 4294901760
-15.864856 -7.944531 -3.771523 4294901760
-19.621002 -12.356009 -3.7080121 4294901760
-17.43597 -9.8246689 -3.7355404 4294901760
-20.780212 -14.550465 -3.6671073 4294901760
-5.0235 -3.1402512 -3.5095994 4294901760
-7.2373796 -4.0464935 -3.5667415 4294901760
-8.8982449 -5.5624018 -3.5473001 4294901760
-11.380744 -6.3630919 -3.6479537 4294901760
-12.66304 -7.9158216 -3.585052 4294901760
-15.926783 -7.9095912 -3.7794781 4294901760
-19.661869 -12.290874 -3.7126491 4294901760
-17.545012 -9.809597 -3.7481296 4294901760
-20.818516 -14.47464 -3.6713321 4294901760
-5.0382495 -3.1238475 -3.5120406 4294901760
-7.252162 -4.0199399 -3.5685496 4294901760
-8.9152136 -5.527668 -3.5489469 4294901760
-11.397048 -6.3174887 -3.6496518 4294901760
-12.705489 -7.877739 -3.5902884 4294901760
-15.941374 -7.8441305 -3.7814929 4294901760
-19.69322 -12.210316 -3.7164283 4294901760
-17.647097 -9.7819481 -3.7599885 4294901760
-20.858288 -14.389171 -3.6757877 4294901760
-5.0458431 -3.1042225 -3.5121529 4294901760
-7.2695875 -3.9964881 -3.5711222 4294901760
-8.9378223 -5.4985833 -3.5518231 4294901760
-11.4086 -6.2719288 -3.6506348 4294901760
-12.72275 -7.827086 -3.591974 4294901760
-15.979397 -7.7936697 -3.786479 4294901760
-19.72213 -12.133131 -3.7199533 4294901760
-17.670654 -9.7145214 -3.7629921 4294901760
-20.898508 -14.309503 -3.6802645 4294901760
-5.0467844 -3.0805705 -3.5099938 4294901760
-7.2766056 -3.967335 -3.5711358 4294901760
-8.9535866 -5.4652929 -3.553354 4294901760
-11.430423 -6.23207 -3.6533329 4294901760
-12.746598 -7.7805572 -3.5946243 4294901760
-16.002918 -7.736114 -3.7896538 4294901760
-19.767765 -12.066297 -3.7251523 4294901760
-17.697456 -9.6489677 -3.7663813 4294901760
-20.948326 -14.236471 -3.6856384 4294901760
-5.063561 -3.0678096 -3.5134425 4294901760
-7.2931724 -3.9450488 -3.5736196 4294901760
-8.9615192 -5.4294271 -3.5534251 4294901760
-11.444047 -6.1903543 -3.6547437 4294901760
-12.772329 -7.738245 -3.5976007 4294901760
-16.057217 -7.696775 -3.7967241 4294901760
-19.814495 -12.004813 -3.730444 4294901760
-17.739878 -9.5959167 -3.771534 4294901760
-20.995424 -14.166925 -3.6907408 4294901760
-5.0775404 -3.0521002 -3.5158195 4294901760
-7.3068986 -3.9195664 -3.5753348 4294901760
-8.9770298 -5.3960762 -3.5549479 4294901760
-11.469082 -6.152245 -3.658011 4294901760
-12.785629 -7.6854186 -3.5987799 4294901760
-16.10557 -7.6509309 -3.8030753 4294901760
-19.83918 -11.925296 -3.7336071 4294901760
-17.597605 -9.4397068 -3.7558708 4294901760
-21.048065 -14.095771 -3.6964121 4294901760
-5.0820746 -3.0295255 -3.5148487 4294901760
-7.3142872 -3.8890772 -3.5754228 4294901760
-8.9933519 -5.3611155 -3.5565763 4294901760
-11.495056 -6.1120324 -3.6614113 4294901760
-12.820543 -7.6425796 -3.6030378 4294901760
-16.119087 -7.5850706 -3.8050604 4294901760
-19.869045 -11.844332 -3.7373393 4294901760
-17.776405 -9.4518862 -3.7765033 4294901760
-21.05636 -13.989818 -3.6980841 4294901760
-5.0926189 -3.0117662 -3.5160868 4294901760
-7.3278189 -3.8635201 -3.5771327 4294901760
-9.0120115 -5.3296881 -3.5587673 4294901760
-11.512814 -6.0700169 -3.6635211 4294901760
-12.847143 -7.5977783 -3.6061614 4294901760
-16.156296 -7.5338035 -3.8100462 4294901760
-19.906836 -11.772868 -3.7418394 4294901760
-17.830452 -9.4009295 -3.7830493 4294901760
-21.111736 -13.920622 -3.7040451 4294901760
-5.1092224 -2.9987626 -3.5195386 4294901760
-7.3336391 -3.8355649 -3.5770414 4294901760
-9.0296345 -5.2997756 -3.5608466 4294901760
-11.539909 -6.0354853 -3.667227 4294901760
-12.865407 -7.5511103 -3.608145 4294901760
-16.163113 -7.4718332 -3.8111963 4294901760
-19.921675 -11.692656 -3.7440443 4294901760
-17.843863 -9.3325148 -3.7850015 4294901760
-21.161119 -13.852727 -3.7094312 4294901760
-5.1130018 -2.9770319 -3.5184979 4294901760
-7.3469839 -3.8099406 -3.5787461 4294901760
-9.0549116 -5.2721987 -3.5643883 4294901760
-11.553864 -5.9915109 -3.668751 4294901760
-12.898563 -7.5101542 -3.6122437 4294901760
-16.196341 -7.4186807 -3.8157184 4294901760
-19.962374 -11.623039 -3.7488699 4294901760
-17.865717 -9.2646618 -3.7879493 4294901760
-21.195959 -13.770072 -3.7135475 4294901760
-5.1200261 -2.9572408 -3.5185926 4294901760
-7.3602371 -3.7842729 -3.5804486 4294901760
-9.0732574 -5.240561 -3.5665748 4294901760
-11.578234 -5.95296 -3.6720083 4294901760
-12.92814 -7.4670763 -3.6158504 4294901760
-16.229391 -7.3653951 -3.8202388 4294901760
-19.988995 -11.545307 -3.7523186 4294901760
-17.905035 -9.2058907 -3.792891 4294901760
-21.237181 -13.691678 -3.7182684 4294901760
-5.1336598 -2.9412651 -3.5209663 4294901760
-7.3734021 -3.7585578 -3.5821493 4294901760
-9.0777798 -5.2009983 -3.5660439 4294901760
-11.595409 -5.9107065 -3.674103 4294901760
-12.954128 -7.4219027 -3.6189632 4294901760
-16.280428 -7.3201318 -3.827054 4294901760
-20.018791 -11.469511 -3.7561004 4294901760
-17.940613 -9.1451445 -3.79743 4294901760
-21.264671 -13.604556 -3.7217469 4294901760
-5.1505938 -2.9271338 -3.5244818 4294901760
-7.3759756 -3.7274895 -3.5812676 4294901760
-9.0924435 -5.167326 -3.5675433 4294901760
-11.605347 -5.8648252 -3.6750295 4294901760
-12.973042 -7.3727088 -3.6210856 4294901760
-16.309519 -7.2648778 -3.8311152 4294901760
-20.037891 -11.387733 -3.7588394 4294901760
-17.979544 -9.0860605 -3.8023686 4294901760
-21.308661 -13.528105 -3.7267599 4294901760
-5.16078 -2.909138 -3.5257146 4294901760
-7.3994617 -3.7069919 -3.5855451 4294901760
-9.110425 -5.1355577 -3.5697196 4294901760
-11.632842 -5.827836 -3.6788604 4294901760
-12.991769 -7.3234763 -3.6232018 4294901760
-16.30563 -7.1950436 -3.8310258 4294901760
-20.042757 -11.298127 -3.7601817 4294901760
-18.018278 -9.0268202 -3.8073053 4294901760
-21.328732 -13.436625 -3.729593 4294901760
-5.167541 -2.8892248 -3.5258031 4294901760
-7.4053307 -3.677649 -3.5855165 4294901760
-9.1282959 -5.103723 -3.5718939 4294901760
-11.663776 -5.7924862 -3.6832752 4294901760
-13.013782 -7.2761378 -3.625807 4294901760
-16.326996 -7.1364827 -3.8341503 4294901760
-19.939278 -11.148252 -3.7507713 4294901760
-18.05682 -8.967411 -3.8122411 4294901760
-21.35181 -13.347274 -3.7327201 4294901760
-5.1708584 -2.8674328 -3.524745 4294901760
-7.4181232 -3.651777 -3.5872078 4294901760
-9.1460562 -5.0718279 -3.5740662 4294901760
-11.691046 -5.7552419 -3.6871076 4294901760
-13.035625 -7.2287374 -3.6284077 4294901760
-16.355465 -7.0810294 -3.8381934 4294901760
-20.005989 -11.094064 -3.758292 4294901760
-18.073706 -8.8972836 -3.8147457 4294901760
-21.398273 -13.272661 -3.7380164 4294901760
-5.183713 -2.8521264 -3.527055 4294901760
-7.4231439 -3.6237164 -3.587086 4294901760
-9.1558981 -5.0376592 -3.5747614 4294901760
-11.695805 -5.7094779 -3.6872973 4294901760
-13.073462 -7.1931386 -3.6333337 4294901760
-16.364214 -7.020472 -3.8397379 4294901760
-20.105597 -11.062284 -3.7690618 4294901760
-18.092363 -8.8320522 -3.8174388 4294901760
-21.452368 -13.207907 -3.743983 4294901760
-5.2003994 -2.8377061 -3.5305724 4294901760
-7.4534006 -3.6063256 -3.5930927 4294901760
-9.1803656 -5.0094576 -3.5782952 4294901760
-11.697803 -5.6599784 -3.6870246 4294901760
-13.098489 -7.1474628 -3.6364264 4294901760
-16.417942 -6.97577 -3.8470178 4294901760
-20.165102 -11.003507 -3.7759104 4294901760
-18.115906 -8.7653751 -3.8207345 4294901760
-21.494932 -13.130867 -3.7489593 4294901760
-5.2068858 -2.8177025 -3.530653 4294901760
-7.4659438 -3.5802865 -3.5947804 4294901760
-9.1943207 -4.9755001 -3.5797763 4294901760
-11.728222 -5.624258 -3.6914332 4294901760
-13.109368 -7.0941253 -3.6375222 4294901760
-16.442192 -6.9184175 -3.8505876 4294901760
-20.006865 -10.8267 -3.7610972 4294901760
-18.15358 -8.705533 -3.8256512 4294901760
-21.550877 -13.061961 -3.7551882 4294901760
-5.2166896 -2.7995098 -3.5318775 4294901760
-7.4748526 -3.5525196 -3.5956001 4294901760
-9.2151146 -4.9452443 -3.5826242 4294901760
-11.751366 -5.5849872 -3.6946685 4294901760
-13.123538 -7.0426793 -3.6391072 4294901760
-16.466242 -6.860981 -3.854152 4294901760
-19.851158 -10.653022 -3.7465367 4294901760
-18.169453 -8.6352654 -3.8281176 4294901760
-21.610025 -12.994884 -3.7617333 4294901760
-5.2332301 -2.7849028 -3.5353968 4294901760
-7.4801102 -3.5230649 -3.5955498 4294901760
-9.2358093 -4.9149055 -3.5854716 4294901760
-11.767199 -5.5422454 -3.6967258 4294901760
-13.148041 -6.9968295 -3.6421847 4294901760
-16.482727 -6.800427 -3.8567786 4294901760
-20.247519 -10.77487 -3.7870059 4294901760
-18.192272 -8.5683966 -3.8313899 4294901760
-21.668964 -12.927556 -3.7682798 4294901760
-5.2361069 -2.7630219 -3.5343232 4294901760
-7.4888096 -3.4952722 -3.5963616 4294901760
-9.2494144 -4.8807898 -3.5869443 4294901760
-11.775688 -5.4960985 -3.6976006 4294901760
-13.168869 -6.9490323 -3.6447585 4294901760
-16.491619 -6.7368212 -3.8584628 4294901760
-20.288538 -10.705984 -3.7920926 4294901760
-18.207623 -8.4980927 -3.8338351 4294901760
-21.655563 -12.817269 -3.7681692 4294901760
-3.211144 -1.4857982 -3.4941664 4294901760
-5.2315893 -2.7384989 -3.5308852 4294901760
-7.5039182 -3.4720674 -3.5988221 4294901760
-9.258544 -4.8464265 -3.5876169 4294901760
-11.790247 -5.4553542 -3.6995146 4294901760
-13.181269 -6.8997941 -3.6461697 4294901760
-16.539711 -6.6925564 -3.8651052 4294901760
-20.338068 -10.646053 -3.797997 4294901760
-18.174192 -8.4092102 -3.8307281 4294901760
-21.680735 -12.735281 -3.7715774 4294901760
-3.2393787 -1.4851553 -3.5072627 4294901760
-5.2445354 -2.7219937 -3.5332518 4294901760
-7.5159922 -3.4458511 -3.600497 4294901760
-9.2718973 -4.8122554 -3.589081 4294901760
-11.809218 -5.4141631 -3.7021465 4294901760
-13.198214 -6.8500733 -3.6482291 4294901760
-16.559275 -6.633296 -3.8681817 4294901760
-20.375109 -10.57499 -3.8027258 4294901760
-18.250547 -8.3673143 -3.8401318 4294901760
-21.725058 -12.659517 -3.7768307 4294901760
-3.2448001 -1.4732732 -3.5080197 4294901760
-5.2510519 -2.7009926 -3.5333772 4294901760
-7.5250006 -3.4166605 -3.6013834 4294901760
-9.2965031 -4.7818584 -3.5927169 4294901760
-11.828982 -5.3708458 -3.704906 4294901760
-13.230305 -6.805295 -3.6524484 4294901760
-16.550154 -6.5593557 -3.8676713 4294901760
-20.403084 -10.49477 -3.8066218 4294901760
-18.299244 -8.3086119 -3.8464572 4294901760
-21.750572 -12.567828 -3.7804227 4294901760
-3.2598414 -1.4663992 -3.5140498 4294901760
-5.260448 -2.6826465 -3.5345907 4294901760
-7.5261493 -3.385545 -3.6004415 4294901760
-9.316658 -4.7511735 -3.5955558 4294901760
-11.858515 -5.3344059 -3.709307 4294901760
-13.261065 -6.7626843 -3.6565149 4294901760
-16.569242 -6.5000906 -3.8707271 4294901760
-20.428926 -10.418046 -3.8102713 4294901760
-18.324499 -8.2430487 -3.8501046 4294901760
-21.756214 -12.469993 -3.782135 4294901760
-3.2514422 -1.449676 -3.507652 4294901760
-5.2693152 -2.6651871 -3.5357425 4294901760
-7.5409174 -3.3621657 -3.6028948 4294901760
-9.3253088 -4.7166834 -3.5962131 4294901760
-11.865266 -5.290204 -3.7100208 4294901760
-13.283419 -6.7186708 -3.6594181 4294901760
-16.605555 -6.4508767 -3.8759551 4294901760
-20.459805 -10.348443 -3.8143878 4294901760
-18.355375 -8.1838598 -3.8543699 4294901760
-21.797445 -12.397776 -3.7870977 4294901760
-25.162277 -9.7749672 -4.0139771 4294901760
-3.2534173 -1.4362851 -3.5066338 4294901760
-5.2721605 -2.6424041 -3.5347068 4294901760
-7.556778 -3.3360884 -3.6055138 4294901760
-9.3354673 -4.6789312 -3.597079 4294901760
-11.880946 -5.2450781 -3.7121756 4294901760
-13.297288 -6.6645937 -3.6611052 4294901760
-16.617935 -6.3856854 -3.8782332 4294901760
-20.490461 -10.269808 -3.8186107 4294901760
-18.39254 -8.1197491 -3.8594508 4294901760
-21.797541 -12.292312 -3.7883897 4294901760
-25.183027 -9.6769485 -4.0182424 4294901760
-3.2550895 -1.423467 -3.5055771 4294901760
-5.281352 -2.6239843 -3.5359147 4294901760
-7.5611897 -3.3065464 -3.6054301 4294901760
-9.3552818 -4.6480737 -3.5999105 4294901760
-11.906454 -5.2067528 -3.7159781 4294901760
-13.320471 -6.6181359 -3.6641514 4294901760
-16.640123 -6.3276381 -3.8817432 4294901760
-20.526184 -10.198219 -3.8233049 4294901760
-18.41712 -8.0538998 -3.8630812 4294901760
-21.850765 -12.221993 -3.7945614 4294901760
-25.18679 -9.5776272 -4.0208912 4294901760
-3.2666917 -1.4149779 -3.5098369 4294901760
-5.287024 -2.6038313 -3.5359662 4294901760
-7.5690861 -3.2785738 -3.6062148 4294901760
-9.3820877 -4.6206288 -3.6041286 4294901760
-11.924557 -5.1651597 -3.7185893 4294901760
-13.347059 -6.5733562 -3.6677017 4294901760
-16.699385 -6.2835402 -3.8899822 4294901760
-20.547338 -10.119455 -3.8265598 4294901760
-18.448778 -7.991147 -3.8675365 4294901760
-21.896788 -12.147582 -3.8000855 4294901760
-25.160271 -9.4671507 -4.020843 4294901760
-3.2711208 -1.404708 -3.5104799 4294901760
-5.2951784 -2.5872083 -3.53705 4294901760
-7.5721402 -3.2516825 -3.6059558 4294901760
-9.3965578 -4.5911303 -3.6060519 4294901760
-11.937078 -5.1261053 -3.7203405 4294901760
-13.367644 -6.5313911 -3.6704381 4294901760
-16.696651 -6.2227006 -3.8902934 4294901760
-20.56469 -10.047846 -3.829335 4294901760
-18.488445 -7.9394403 -3.8728356 4294901760
-21.885889 -12.051773 -3.8002183 4294901760
-25.122538 -9.362956 -4.0195642 4294901760
-3.276247 -1.3927102 -3.511229 4294901760
-5.2976909 -2.5644281 -3.5359998 4294901760
-7.5948362 -3.2285128 -3.6103153 4294901760
-9.3919744 -4.546329 -3.6041217 4294901760
-11.959437 -5.0838747 -3.723671 4294901760
-13.398651 -6.4858217 -3.6746447 4294901760
-16.719345 -6.1614656 -3.8939648 4294901760
-20.583416 -9.9637175 -3.8324394 4294901760
-18.502743 -7.8653889 -3.8753984 4294901760
-21.922905 -11.967656 -3.8050056 4294901760
-25.269091 -9.3122454 -4.0351701 4294901760
-3.2775068 -1.3804308 -3.5101309 4294901760
-5.320056 -2.5535128 -3.5417688 4294901760
-7.6055012 -3.2033095 -3.6118844 4294901760
-9.4105635 -4.5168686 -3.6068385 4294901760
-11.957947 -5.0364866 -3.7231534 4294901760
-13.4165 -6.4396329 -3.6770175 4294901760
-16.743427 -6.1073542 -3.8977573 4294901760
-20.616346 -9.8954048 -3.8368683 4294901760
-18.517704 -7.799346 -3.8779657 4294901760
-21.948429 -11.887286 -3.8086143 4294901760
-25.288576 -9.2242928 -4.0391722 4294901760
-3.2725062 -1.3642232 -3.5055497 4294901760
-5.332859 -2.5356495 -3.5441887 4294901760
-7.6316724 -3.181447 -3.6171236 4294901760
-9.4234867 -4.4806476 -3.6083734 4294901760
-11.969002 -4.9895673 -3.7246792 4294901760
-13.436422 -6.3887043 -3.6796885 4294901760
-16.761953 -6.044589 -3.9009414 4294901760
-20.638063 -9.8129158 -3.8403106 4294901760
-18.538805 -7.7283487 -3.8813434 4294901760
-22.002407 -11.81242 -3.8150182 4294901760
-25.284655 -9.1179914 -4.0413251 4294901760
-3.2906518 -1.3583252 -3.5133634 4294901760
-5.3312235 -2.5120943 -3.5419126 4294901760
-7.6282287 -3.1488032 -3.615263 4294901760
-9.4462204 -4.4510975 -3.6118903 4294901760
-11.986344 -4.9477596 -3.7272668 4294901760
-13.444249 -6.3349853 -3.6806672 4294901760
-16.745438 -5.9726658 -3.8996475 4294901760
-20.668581 -9.7391195 -3.8445945 4294901760
-18.591463 -7.6742406 -3.8882921 4294901760
-22.047026 -11.737426 -3.8205063 4294901760
-25.301281 -9.0243149 -4.0452199 4294901760
-3.2886615 -1.3440874 -3.5105181 4294901760
-5.3434501 -2.4950988 -3.5442691 4294901760
-7.6355429 -3.1206727 -3.616029 4294901760
-9.4652805 -4.4197683 -3.6147094 4294901760
-12.003543 -4.905889 -3.7298508 4294901760
-13.491507 -6.2997956 -3.6872725 4294901760
-16.788721 -5.9221258 -3.9059823 4294901760
-20.680758 -9.6567822 -3.8470547 4294901760
-18.618139 -7.6092973 -3.8922999 4294901760
-22.073742 -11.652941 -3.8243473 4294901760
-25.313801 -8.9292984 -4.0487614 4294901760
-3.3067753 -1.3380387 -3.518337 4294901760
-5.3591189 -2.4796669 -3.5477862 4294901760
-7.6391168 -3.0910578 -3.615912 4294901760
-9.4734764 -4.3833823 -3.6154299 4294901760
-12.016915 -4.8624706 -3.7318301 4294901760
-13.498977 -6.2459831 -3.6882398 4294901760
-16.80929 -5.8634863 -3.9094472 4294901760
-20.674505 -9.566103 -3.8476787 4294901760
-18.629805 -7.5382805 -3.8946149 4294901760
-22.089527 -11.562859 -3.8271878 4294901760
-25.276945 -8.8172092 -4.0478663 4294901760
-3.2943692 -1.3203223 -3.5101168 4294901760
-5.3673124 -2.4618816 -3.5489228 4294901760
-7.6456852 -3.0642495 -3.6165876 4294901760
-9.4879608 -4.3519425 -3.6174388 4294901760
-12.007192 -4.8122606 -3.7300656 4294901760
-13.519615 -6.2011838 -3.6911023 4294901760
-16.824879 -5.8064113 -3.9122541 4294901760
-20.764145 -9.5241089 -3.8579016 4294901760
-18.647299 -7.4734926 -3.8975632 4294901760
-22.110037 -11.480345 -3.8304152 4294901760
-25.366444 -8.75418 -4.0582595 4294901760
-3.3092964 -1.3122479 -3.5161946 4294901760
-5.3692851 -2.4390063 -3.547853 4294901760
-7.6641569 -3.0390973 -3.6200647 4294901760
-9.5038471 -4.3171377 -3.6196561 4294901760
-12.039504 -4.7740703 -3.7351699 4294901760
-13.53501 -6.1483002 -3.6932321 4294901760
-16.812119 -5.7331371 -3.9115551 4294901760
-20.773481 -9.436388 -3.860194 4294901760
-18.681978 -7.4080362 -3.9025948 4294901760
-22.137772 -11.391925 -3.8344731 4294901760
-25.368122 -8.6508379 -4.0609932 4294901760
-3.3136299 -1.3012664 -3.5168645 4294901760
-5.3738317 -2.4196062 -3.5478222 4294901760
-7.6778445 -3.0150988 -3.6224978 4294901760
-9.5181122 -4.2855983 -3.6216598 4294901760
-12.05527 -4.7341189 -3.7376072 4294901760
-13.566205 -6.1082807 -3.6976326 4294901760
-16.823492 -5.674808 -3.9138608 4294901760
-20.062418 -9.033247 -3.7898028 4294901760
-18.706442 -7.3460426 -3.9063766 4294901760
-22.186092 -11.323894 -3.8403304 4294901760
-25.385321 -8.5628366 -4.0648975 4294901760
-3.3316677 -1.294945 -3.5246921 4294901760
-5.3857627 -2.4024022 -3.550175 4294901760
-7.6846662 -2.9868584 -3.6232471 4294901760
-9.536624 -4.2539573 -3.6244688 4294901760
-12.053228 -4.6848211 -3.737149 4294901760
-13.576548 -6.0560274 -3.6990855 4294901760
-16.846977 -5.6173077 -3.9177752 4294901760
-20.815369 -9.2850142 -3.8669739 4294901760
-18.702242 -7.2691445 -3.9069533 4294901760
-22.13644 -11.201322 -3.8371243 4294901760
-25.40369 -8.4703827 -4.0690475 4294901760
-3.3291771 -1.2812854 -3.5217996 4294901760
-5.397223 -2.3860865 -3.5524683 4294901760
-7.6908684 -2.9599497 -3.6239111 4294901760
-9.5506783 -4.2223091 -3.6264679 4294901760
-12.068698 -4.6448255 -3.7395751 4294901760
-13.589281 -6.0077562 -3.7008975 4294901760
-16.8466 -5.5551734 -3.9186177 4294901760
-20.831446 -9.2094822 -3.8698649 4294901760
-18.741127 -7.2128134 -3.91242 4294901760
-22.080702 -11.0813 -3.8332846 4294901760
-25.393717 -8.3735886 -4.0705199 4294901760
-3.3270745 -1.2664959 -3.5189736 4294901760
-5.4059319 -2.3662899 -3.5537152 4294901760
-7.694334 -2.9289525 -3.6238496 4294901760
-9.5624676 -4.1856928 -3.6279705 4294901760
-12.078224 -4.5977397 -3.7410417 4294901760
-13.596636 -5.9515328 -3.7019651 4294901760
-16.859272 -5.4909277 -3.9212389 4294901760
-20.912579 -9.1538754 -3.8794742 4294901760
-18.767437 -7.1440787 -3.9165778 4294901760
-22.235542 -11.057177 -3.8492999 4294901760
-25.409048 -8.2755194 -4.0745506 4294901760
-3.3280828 -1.2535968 -3.5178914 4294901760
-5.4106245 -2.3458729 -3.5537353 4294901760
-7.7045107 -2.9020762 -3.6254706 4294901760
-9.5770197 -4.152288 -3.6300683 4294901760
-12.11648 -4.5639429 -3.7472239 4294901760
-13.613678 -5.9024529 -3.7044291 4294901760
-16.866966 -5.4283834 -3.9231963 4294901760
-20.9261 -9.0728836 -3.8822134 4294901760
-18.799723 -7.0813355 -3.9213858 4294901760
-22.288328 -10.986553 -3.8557217 4294901760
-25.403568 -8.1757631 -4.0765815 4294901760
-3.339015 -1.2450866 -3.5221229 4294901760
-5.4077573 -2.3233562 -3.5513601 4294901760
-7.7140923 -2.8765109 -3.627008 4294901760
-9.5834751 -4.1173859 -3.6306477 4294901760
-12.10924 -4.515419 -3.7459993 4294901760
-13.640486 -5.8604155 -3.7082975 4294901760
-16.877281 -5.3700047 -3.9254577 4294901760
-20.926743 -8.990839 -3.8835981 4294901760
-18.81563 -7.0161672 -3.9242814 4294901760
-22.313879 -10.907321 -3.8595378 4294901760
-25.403904 -8.0830002 -4.0790262 4294901760
-3.3433404 -1.2334244 -3.5228224 4294901760
-5.4193778 -2.3059745 -3.5537069 4294901760
-7.7204051 -2.8482103 -3.6277378 4294901760
-9.5905132 -4.0808148 -3.6313255 4294901760
-12.121203 -4.4717522 -3.7479277 4294901760
-13.649879 -5.8080969 -3.709712 4294901760
-16.884525 -5.3074803 -3.9273942 4294901760
-20.998384 -8.934926 -3.8922474 4294901760
-18.840004 -6.9504504 -3.9282224 4294901760
-22.341036 -10.824148 -3.8635967 4294901760
-25.45101 -8.000268 -4.0858684 4294901760
-3.347626 -1.2217455 -3.5235207 4294901760
-5.4309444 -2.2885375 -3.5560541 4294901760
-7.7339859 -2.8225861 -3.6302371 4294901760
-9.6083431 -4.0488453 -3.6341188 4294901760
-12.136741 -4.42941 -3.7504597 4294901760
-13.684731 -5.7665887 -3.7147658 4294901760
-16.895344 -5.2461429 -3.9298072 4294901760
-21.033125 -8.8631172 -3.8971872 4294901760
-18.871645 -6.887372 -3.9330165 4294901760
-22.159185 -10.640688 -3.8480616 4294901760
-25.471157 -7.9090033 -4.0902772 4294901760
-3.3552802 -1.2112836 -3.5260036 4294901760
-5.4353452 -2.2680826 -3.5560629 4294901760
-7.7364135 -2.7929084 -3.6300726 4294901760
-9.6187696 -4.0137587 -3.6354949 4294901760
-12.144665 -4.3843236 -3.7517686 4294901760
-13.690096 -5.7126579 -3.715646 4294901760
-16.921167 -5.1894703 -3.9341595 4294901760
-21.038158 -8.7788868 -3.8991389 4294901760
-18.876823 -6.8146873 -3.9347956 4294901760
-22.15654 -10.544403 -3.8493435 4294901760
-25.460432 -7.8083353 -4.091886 4294901760
-3.3629017 -1.2007838 -3.5284867 4294901760
-5.4467888 -2.2505679 -3.5584083 4294901760
-7.7461143 -2.765888 -3.6316788 4294901760
-9.6436806 -3.984689 -3.6397009 4294901760
-12.152419 -4.3392372 -3.7530699 4294901760
-13.717303 -5.6678762 -3.7196519 4294901760
-16.927742 -5.1269126 -3.9360681 4294901760
-21.053921 -8.6993055 -3.9021935 4294901760
-18.870455 -6.7380319 -3.9352665 4294901760
-22.35207 -10.541925 -3.8692617 4294901760
-25.487532 -7.7194195 -4.096961 4294901760
-3.3566108 -1.1860021 -3.5237868 4294901760
-5.4470925 -2.2295749 -3.5571833 4294901760
-7.7515459 -2.7388787 -3.6323137 4294901760
-9.6604977 -3.9541838 -3.642386 4294901760
-12.166741 -4.298914 -3.7554603 4294901760
-13.732342 -5.6208496 -3.7219386 4294901760
-16.933203 -5.0673242 -3.9377985 4294901760
-21.093731 -8.6339741 -3.90763 4294901760
-18.91901 -6.6847148 -3.9420011 4294901760
-22.379673 -10.464362 -3.8733504 4294901760
-25.497686 -7.6302772 -4.1003747 4294901760
-3.3607302 -1.1742781 -3.5244799 4294901760
-5.4584112 -2.2119939 -3.5595255 4294901760
-7.7647614 -2.7130978 -3.634804 4294901760
-9.670579 -3.9189539 -3.6437531 4294901760
-12.155453 -4.2472563 -3.7536907 4294901760
-13.762937 -5.5773616 -3.7264645 4294901760
-16.924055 -5.0002861 -3.9377284 4294901760
-21.105249 -8.5527973 -3.9102898 4294901760
-18.968575 -6.62784 -3.9489353 4294901760
-22.408819 -10.382822 -3.8776808 4294901760
-25.550974 -7.5491471 -4.1078825 4294901760
-3.3682351 -1.1637236 -3.5269604 4294901760
-5.4660997 -2.1929269 -3.5606959 4294901760
-7.759356 -2.6808536 -3.6328402 4294901760
-9.6695271 -3.8792863 -3.642983 4294901760
-12.155202 -4.1996164 -3.7537434 4294901760
-13.767558 -5.5233622 -3.7273152 4294901760
-16.952875 -4.9445243 -3.9425437 4294901760
-21.116459 -8.4716434 -3.9129348 4294901760
-18.976521 -6.5563779 -3.9511073 4294901760
-22.434044 -10.29954 -3.88166 4294901760
-25.592503 -7.4643826 -4.1143374 4294901760
-3.3791378 -1.1543036 -3.5312302 4294901760
-5.4737206 -2.1738346 -3.5618646 4294901760
-7.7835126 -2.6588252 -3.6379983 4294901760
-9.6830082 -3.8455119 -3.64505 4294901760
-12.173542 -4.1584463 -3.7568517 4294901760
-13.775664 -5.47087 -3.7286808 4294901760
-16.958549 -4.8820162 -3.944411 4294901760
-21.186695 -8.4140882 -3.9215944 4294901760
-18.984198 -6.4849463 -3.9532659 4294901760
-22.437155 -10.206296 -3.8835723 4294901760
-25.583866 -7.3650665 -4.1162109 4294901760
-3.3797121 -1.1413403 -3.5301321 4294901760
-5.4812756 -2.1547127 -3.5630314 4294901760
-7.7890315 -2.6303825 -3.6386995 4294901760
-9.685339 -3.8073478 -3.6449766 4294901760
-12.199263 -4.1197329 -3.7611854 4294901760
-13.783575 -5.4183817 -3.7300379 4294901760
-16.979319 -4.8238735 -3.9482348 4294901760
-21.223366 -8.3429947 -3.9268665 4294901760
-18.999168 -6.4160838 -3.9562821 4294901760
-22.479927 -10.131188 -3.8892407 4294901760
-25.578688 -7.2669797 -4.1184149 4294901760
-3.3767984 -1.1272401 -3.5272405 4294901760
-5.4851747 -2.1341698 -3.5630226 4294901760
-7.7981663 -2.6031775 -3.6402891 4294901760
-9.6912031 -3.7706499 -3.6456087 4294901760
-12.21357 -4.0771241 -3.7636752 4294901760
-13.798698 -5.368793 -3.7324402 4294901760
-16.996056 -4.764575 -3.9515607 4294901760
-21.263517 -8.2732019 -3.932513 4294901760
-19.017668 -6.3484626 -3.9597242 4294901760
-22.526089 -10.05754 -3.8952491 4294901760
-25.619282 -7.1819596 -4.1248398 4294901760
-3.3772697 -1.11431 -3.5261362 4294901760
-5.4925909 -2.11501 -3.5641851 4294901760
-7.8034792 -2.5747113 -3.6409824 4294901760
-9.7153711 -3.7410591 -3.6498051 4294901760
-12.212654 -4.0294924 -3.7636986 4294901760
-13.821067 -5.3220229 -3.735893 4294901760
-17.001066 -4.702034 -3.9534006 4294901760
-21.284817 -8.1960592 -3.9362612 4294901760
-19.032141 -6.279541 -3.9627213 4294901760
-22.528206 -9.9643145 -3.8971174 4294901760
-25.628799 -7.0882306 -4.1284261 4294901760
-3.377692 -1.1013912 -3.5250292 4294901760
-5.4999399 -2.0958254 -3.5653458 4294901760
-7.8198771 -2.5498903 -3.6443543 4294901760
-9.7062092 -3.6986809 -3.6475685 4294901760
-12.226645 -3.9868402 -3.7661765 4294901760
-13.846991 -5.2765808 -3.7398717 4294901760
-16.994324 -4.636374 -3.9537473 4294901760
-21.320755 -8.1245584 -3.9415193 4294901760
-19.057734 -6.2143083 -3.9670198 4294901760
-22.540911 -9.8760099 -3.900001 4294901760
-25.657236 -6.9997811 -4.1337719 4294901760
-3.3918676 -1.0929296 -3.531091 4294901760
-5.5108256 -2.0779729 -3.5676811 4294901760
-7.8287301 -2.5225782 -3.6459363 4294901760
-9.7190609 -3.6647768 -3.6496139 4294901760
-12.240486 -3.9441369 -3.7686498 4294901760
-13.857883 -5.2254066 -3.74173 4294901760
-17.006557 -4.5759897 -3.956552 4294901760
-21.31538 -8.0374136 -3.9425848 4294901760
-19.067924 -6.1440778 -3.9695613 4294901760
-22.571585 -9.7956762 -3.9046011 4294901760
-25.662233 -6.9049902 -4.1369743 4294901760
-3.3883767 -1.0800662 -3.52812 4294901760
-5.5209351 -2.0619974 -3.5699005 4294901760
-7.836617 -2.4979706 -3.6473577 4294901760
-9.7416353 -3.6383739 -3.6536012 4294901760
-12.245255 -3.9032516 -3.7696369 4294901760
-13.863053 -5.17767 -3.7427592 4294901760
-17.0093 -4.5194697 -3.958029 4294901760
-21.355478 -7.9759927 -3.9481418 4294901760
-19.083336 -6.082932 -3.972585 4294901760
-22.613247 -9.7294483 -3.9100881 4294901760
-25.672222 -6.8212581 -4.1403761 4294901760
-3.3955839 -1.0693207 -3.5305958 4294901760
-5.5208735 -2.0400431 -3.5687017 4294901760
-7.8415484 -2.4694221 -3.6480379 4294901760
-9.7691059 -3.6098268 -3.6585114 4294901760
-12.273946 -3.8652513 -3.7745745 4294901760
-13.884772 -5.1306252 -3.7461956 4294901760
-17.001856 -4.4540124 -3.9583361 4294901760
-21.409388 -7.9110804 -3.9552927 4294901760
-19.093044 -6.0126886 -3.975106 4294901760
-22.617695 -9.6379356 -3.9122393 4294901760
-25.703602 -6.7336273 -4.1460476 4294901760
-3.3994803 -1.0568681 -3.531311 4294901760
-5.5319314 -2.021116 -3.5710914 4294901760
-7.8355632 -2.4360065 -3.6460998 4294901760
-9.7785587 -3.5726402 -3.6599364 4294901760
-12.284241 -3.8190608 -3.7765403 4294901760
-13.89975 -5.0783358 -3.7487099 4294901760
-17.025782 -4.3936582 -3.9627666 4294901760
-21.453236 -7.8380356 -3.9615223 4294901760
-19.095917 -5.9367504 -3.9769261 4294901760
-22.656544 -9.5565233 -3.9177558 4294901760
-25.716509 -6.6363797 -4.1501684 4294901760
-3.4029663 -1.0455898 -3.5319569 4294901760
-5.5349808 -2.0014515 -3.571007 4294901760
-7.8623452 -2.4157712 -3.6520791 4294901760
-9.7792006 -3.5361636 -3.6597154 4294901760
-12.304423 -3.7806368 -3.7801142 4294901760
-13.909033 -5.0295124 -3.7503948 4294901760
-17.013239 -4.3303003 -3.9623868 4294901760
-21.482859 -7.7682118 -3.9661517 4294901760
-19.088823 -5.8652005 -3.9774675 4294901760
-22.717573 -9.4936571 -3.9252222 4294901760
-25.715157 -6.5451593 -4.1527042 4294901760
-3.3998373 -1.0310054 -3.5290771 4294901760
-5.5459061 -1.9824464 -3.5733943 4294901760
-7.8711467 -2.3869362 -3.6537254 4294901760
-9.7809305 -3.4963033 -3.6596901 4294901760
-12.306806 -3.7320559 -3.7808282 4294901760
-13.927374 -4.9784961 -3.7534287 4294901760
-17.009682 -4.2630692 -3.9633133 4294901760
-21.499914 -7.6853852 -3.9696836 4294901760
-19.144529 -5.8056049 -3.9854405 4294901760
-22.752218 -9.4103231 -3.930383 4294901760
-25.7351 -6.4498868 -4.1575117 4294901760
-3.3997648 -1.0186849 -3.5279222 4294901760
-5.545187 -1.9614755 -3.5721238 4294901760
-7.8865337 -2.3630729 -3.6570115 4294901760
-9.7850199 -3.4612134 -3.6601741 4294901760
-12.334318 -3.69578 -3.785639 4294901760
-13.932559 -4.9283047 -3.754566 4294901760
-17.023726 -4.2066393 -3.9663963 4294901760
-21.521521 -7.6127162 -3.9735289 4294901760
-19.148399 -5.7375102 -3.9872868 4294901760
-22.772219 -9.3302813 -3.9339919 4294901760
-25.748594 -6.3625937 -4.1614556 4294901760
-3.4033 -1.006812 -3.5285962 4294901760
-5.5483642 -1.9408365 -3.5720873 4294901760
-7.8759289 -2.3299677 -3.6540732 4294901760
-9.7933102 -3.4257333 -3.661474 4294901760
-12.33573 -3.6493287 -3.7862175 4294901760
-13.953431 -4.8809571 -3.7579787 4294901760
-17.038303 -4.1471934 -3.9696343 4294901760
-21.529129 -7.5309625 -3.9760427 4294901760
-19.164486 -5.6695075 -3.9906397 4294901760
-22.775053 -9.2387352 -3.9360738 4294901760
-25.778406 -6.2745705 -4.1670752 4294901760
-3.4104474 -0.99534619 -3.531101 4294901760
-5.5554404 -1.9204863 -3.573287 4294901760
-7.876884 -2.2988851 -3.6539056 4294901760
-9.7983294 -3.3872304 -3.662148 4294901760
-12.352832 -3.6051996 -3.7894011 4294901760
-13.974986 -4.8310785 -3.7615318 4294901760
-17.037897 -4.0810018 -3.971025 4294901760
-21.571672 -7.4572129 -3.9822459 4294901760
-19.177485 -5.5969892 -3.9937296 4294901760
-22.84581 -9.1700621 -3.9447315 4294901760
-25.808998 -6.1818995 -4.1729326 4294901760
-3.4173846 -0.98443967 -3.533572 4294901760
-5.5621104 -1.9010837 -3.5744276 4294901760
-7.8848605 -2.2713771 -3.655458 4294901760
-9.8063536 -3.3517313 -3.6634371 4294901760
-12.357714 -3.5598638 -3.7905877 4294901760
-13.988001 -4.7809839 -3.7638643 4294901760
-17.05979 -4.0233355 -3.9752488 4294901760
-21.593796 -7.3805823 -3.9862869 4294901760
-19.166258 -5.5211887 -3.9939506 4294901760
-22.892517 -9.0961609 -3.9510307 4294901760
-25.810986 -6.087194 -4.1759996 4294901760
-3.4239471 -0.97469121 -3.5359762 4294901760
-5.5753531 -1.8860689 -3.5778203 4294901760
-7.8957305 -2.247669 -3.6577551 4294901760
-9.8130903 -3.3196399 -3.6645205 4294901760
-12.357388 -3.5177639 -3.7908998 4294901760
-14.006719 -4.7382894 -3.766979 4294901760
-17.087864 -3.9733284 -3.9801514 4294901760
-21.616875 -7.312706 -3.9902656 4294901760
-19.198847 -5.4653144 -3.9991224 4294901760
-22.946981 -9.0344334 -3.9579043 4294901760
-25.791088 -5.9970317 -4.1767478 4294901760
-3.4206834 -0.95957863 -3.5331135 4294901760
-5.5789003 -1.8634268 -3.5778875 4294901760
-7.9005256 -2.216275 -3.6585536 4294901760
-9.8220158 -3.2806838 -3.6660001 4294901760
-12.374623 -3.4713602 -3.7941887 4294901760
-14.005948 -4.6781726 -3.7674332 4294901760
-17.091347 -3.9050248 -3.9821765 4294901760
-21.663721 -7.2359705 -3.9970667 4294901760
-19.235043 -5.3958621 -4.0050454 4294901760
-22.981503 -8.9462557 -3.9632716 4294901760
-25.821709 -5.899735 -4.1828084 4294901760
-3.4236813 -0.94882739 -3.5337148 4294901760
-5.5810695 -1.8446819 -3.5777242 4294901760
-7.9112301 -2.1924915 -3.6608467 4294901760
-9.8397799 -3.2522912 -3.6692493 4294901760
-12.381645 -3.4314072 -3.7957385 4294901760
-14.0168 -4.6328998 -3.7694597 4294901760
-17.091873 -3.8486857 -3.9835486 4294901760
-21.663614 -7.1603618 -3.9986954 4294901760
-19.244217 -5.3332772 -4.0075336 4294901760
-22.998323 -8.8697023 -3.9665887 4294901760
-25.836224 -5.8177066 -4.186799 4294901760
-3.4339662 -0.93878251 -3.5379851 4294901760
-5.5984592 -1.8287771 -3.5824153 4294901760
-7.9037008 -2.1607249 -3.6587691 4294901760
-9.8398018 -3.214242 -3.6690698 4294901760
-12.38972 -3.3871191 -3.7975242 4294901760
-14.032887 -4.5839434 -3.772305 4294901760
-17.105204 -3.7889998 -3.9867427 4294901760
-21.688477 -7.0846972 -4.0030928 4294901760
-19.235798 -5.2587094 -4.0081491 4294901760
-23.044062 -8.7950621 -3.972878 4294901760
-25.848574 -5.7257571 -4.1908965 4294901760
-3.4338834 -0.92524785 -3.5368831 4294901760
-5.5977926 -1.8058814 -3.5812314 4294901760
-7.9153543 -2.1327643 -3.6612866 4294901760
-9.8439922 -3.1757309 -3.669708 4294901760
-12.402051 -3.3416891 -3.800051 4294901760
-14.060947 -4.5361457 -3.7769086 4294901760
-17.111195 -3.724591 -3.9890788 4294901760
-21.710501 -7.0039372 -4.0073104 4294901760
-19.239544 -5.1840277 -4.0102782 4294901760
-23.076139 -8.7105474 -3.9779782 4294901760
-25.857681 -5.6284375 -4.1948543 4294901760
-3.4439397 -0.91571856 -3.5411208 4294901760
-5.6147594 -1.7908196 -3.5858674 4294901760
-7.9223828 -2.1065042 -3.6627426 4294901760
-9.8620005 -3.1454713 -3.6730492 4294901760
-12.40156 -3.2974846 -3.8004477 4294901760
-14.08349 -4.49191 -3.7806866 4294901760
-17.119558 -3.6669931 -3.9915924 4294901760
-21.642366 -6.9028025 -4.0020571 4294901760
-19.245071 -5.1171246 -4.0124702 4294901760
-23.116116 -8.6381674 -3.9836605 4294901760
-25.872297 -5.541822 -4.1990499 4294901760
-3.4365954 -0.90093249 -3.5363748 4294901760
-5.6099553 -1.7677352 -3.5834322 4294901760
-7.9258943 -2.0778401 -3.6633656 4294901760
-9.8691511 -3.1098368 -3.6743059 4294901760
-12.416835 -3.255178 -3.8034718 4294901760
-14.095292 -4.4415226 -3.7829785 4294901760
-17.120562 -3.6047461 -3.9932439 4294901760
-19.255102 -5.0478878 -4.0152869 4294901760
-23.146132 -8.5574188 -3.9885058 4294901760
-25.903208 -5.4539385 -4.2049441 4294901760
-3.4363639 -0.88742501 -3.5352652 4294901760
-5.6090407 -1.7448746 -3.5822356 4294901760
-7.9296584 -2.0477974 -3.6640601 4294901760
-9.8616123 -3.0677755 -3.6727414 4294901760
-12.436364 -3.2116332 -3.807241 4294901760
-14.100083 -4.3862896 -3.7843192 4294901760
-17.106354 -3.5363312 -3.9930127 4294901760
-21.630247 -6.7287917 -4.0046744 4294901760
-19.254173 -4.972301 -4.0169253 4294901760
-23.166092 -8.468421 -3.9925048 4294901760
-25.883919 -5.350883 -4.2062831 4294901760
-3.4426479 -0.87751943 -3.5376639 4294901760
-5.6218581 -1.7295084 -3.5856249 4294901760
-7.9246511 -2.0199668 -3.6627052 4294901760
-9.8900909 -3.0425873 -3.6781635 4294901760
-12.434858 -3.1696036 -3.8074985 4294901760
-14.113794 -4.3419676 -3.7868578 4294901760
-17.121283 -3.483362 -3.9963546 4294901760
-21.739 -6.6877856 -4.0176435 4294901760
-19.261974 -4.9098125 -4.0193491 4294901760
-23.177568 -8.3901587 -3.9954071 4294901760
-25.920168 -5.2735138 -4.2124162 4294901760
-3.4495082 -0.86517781 -3.5401943 4294901760
-5.6284571 -1.7079121 -3.5868583 4294901760
-7.9323483 -1.9895276 -3.6643734 4294901760
-9.8865709 -3.0000038 -3.6774127 4294901760
-12.423843 -3.1160483 -3.806329 4294901760
-14.122751 -4.2854404 -3.7888656 4294901760
-17.138437 -3.4183824 -4.0003195 4294901760
-21.791245 -6.6123857 -4.0251799 4294901760
-19.261349 -4.830976 -4.021143 4294901760
-23.198334 -8.29708 -3.9996195 4294901760
-25.920643 -5.1700559 -4.2157998 4294901760
-3.4560268 -0.85400015 -3.542659 4294901760
-5.6343842 -1.688253 -3.5879776 4294901760
-7.9468608 -1.963706 -3.6677067 4294901760
-9.9007683 -2.9666066 -3.6801097 4294901760
-12.426941 -3.0707545 -3.8074358 4294901760
-14.130004 -4.2338295 -3.7905836 4294901760
-17.154177 -3.3592985 -4.0039644 4294901760
-21.798903 -6.531692 -4.0279288 4294901760
-19.285835 -4.7656193 -4.0257244 4294901760
-23.223394 -8.2147141 -4.0040631 4294901760
-25.930695 -5.0780025 -4.2198009 4294901760
-3.4622147 -0.843997 -3.5450575 4294901760
-5.6359673 -1.6694497 -3.587791 4294901760
-7.9377484 -1.9350146 -3.6654253 4294901760
-9.9100399 -2.9354875 -3.6818764 4294901760
-12.467368 -3.0392168 -3.8146243 4294901760
-14.131796 -4.186029 -3.7914679 4294901760
-17.137272 -3.300118 -4.003211 4294901760
-21.815491 -6.4620428 -4.0314221 4294901760
-19.285219 -4.70123 -4.0272121 4294901760
-23.234016 -8.1364365 -4.0069284 4294901760
-25.922995 -4.9919815 -4.2218318 4294901760
-3.4580894 -0.83021462 -3.5420992 4294901760
-5.6417599 -1.6497674 -3.5889053 4294901760
-7.9558949 -1.9100432 -3.6696649 4294901760
-9.9088449 -2.8975515 -3.6816392 4294901760
-12.485616 -2.997534 -3.8182559 4294901760
-14.16159 -4.1411424 -3.7964485 4294901760
-17.148684 -3.2402811 -4.0063276 4294901760
-21.845573 -6.3880978 -4.036531 4294901760
-19.30151 -4.6338873 -4.0308704 4294901760
-23.269817 -8.0579023 -4.0124416 4294901760
-25.944183 -4.9022098 -4.2269182 4294901760
-3.4715502 -0.82063949 -3.5481782 4294901760
-5.643784 -1.6289942 -3.5888245 4294901760
-7.943428 -1.8777463 -3.66661 4294901760
-9.915103 -2.8618467 -3.6828597 4294901760
-12.484419 -2.9511907 -3.8187158 4294901760
-14.164497 -4.0883713 -3.7975988 4294901760
-17.152058 -3.1789451 -4.0084147 4294901760
-21.825569 -6.2996254 -4.0364566 4294901760
-19.325331 -4.5683131 -4.0354319 4294901760
-23.30158 -7.9779124 -4.0175862 4294901760
-25.925802 -4.8050618 -4.228271 4294901760
-3.4708631 -0.80769479 -3.547024 4294901760
-5.649436 -1.6092837 -3.5899339 4294901760
-7.9575763 -1.8517852 -3.6699336 4294901760
-9.917429 -2.825053 -3.6833413 4294901760
-12.49851 -2.9084933 -3.8217051 4294901760
-14.186331 -4.0410814 -3.8014793 4294901760
-17.155212 -3.1176293 -4.0104918 4294901760
-21.613333 -6.1567178 -4.0164032 4294901760
-19.345043 -4.5017304 -4.0395322 4294901760
-23.291477 -7.8837285 -4.0187058 4294901760
-25.942415 -4.7145338 -4.2329578 4294901760
-3.4736612 -0.79557502 -3.5476766 4294901760
-5.6550188 -1.5895548 -3.5910411 4294901760
-7.9639916 -1.8239986 -3.6714296 4294901760
-9.9272299 -2.7904196 -3.6852851 4294901760
-12.512454 -2.8657362 -3.8246903 4294901760
-14.196522 -3.990464 -3.8037109 4294901760
-17.162071 -3.0570326 -4.0130706 4294901760
-21.819078 -6.133069 -4.0398312 4294901760
-19.32955 -4.4270601 -4.0395174 4294901760
-23.277212 -7.7884493 -4.0194354 4294901760
-25.942989 -4.6211538 -4.2361374 4294901760
-3.4659438 -0.78044808 -3.5429292 4294901760
-5.6645193 -1.5698447 -3.5933971 4294901760
-7.9667959 -1.7939329 -3.6720829 4294901760
-9.9373913 -2.7540133 -3.6873221 4294901760
-12.51126 -2.8172381 -3.8252444 4294901760
-14.122906 -3.9139717 -3.7939839 4294901760
-17.169237 -2.9934213 -4.0157952 4294901760
-21.891401 -6.066905 -4.0495167 4294901760
-19.337866 -4.3544269 -4.0424075 4294901760
-23.290445 -7.6980662 -4.0229449 4294901760
-25.95582 -4.5253439 -4.2406573 4294901760
-3.4614344 -0.76738173 -3.5399227 4294901760
-5.6622629 -1.5490202 -3.5920527 4294901760
-7.9727006 -1.7675058 -3.6734974 4294901760
-9.9464693 -2.7210464 -3.6891613 4294901760
-12.512786 -2.7740188 -3.8261917 4294901760
-14.18951 -3.8818114 -3.8043017 4294901760
-17.151588 -2.9317758 -4.0151172 4294901760
-21.915247 -5.9953341 -4.0539699 4294901760
-19.332737 -4.2859659 -4.0435505 4294901760
-23.300667 -7.6158333 -4.0259662 4294901760
-25.962809 -4.4379058 -4.2443228 4294901760
-3.4818017 -0.75915569 -3.5496256 4294901760
-5.6639161 -1.5282422 -3.5919559 4294901760
-7.9788218 -1.7396649 -3.674983 4294901760
-9.9597225 -2.6873398 -3.6918304 4294901760
-12.52627 -2.731169 -3.8291612 4294901760
-14.210652 -3.8343291 -3.8081605 4294901760
-17.142076 -2.8686006 -4.0156059 4294901760
-21.924484 -5.9156809 -4.0570211 4294901760
-19.343683 -4.2176061 -4.0466943 4294901760
-23.311913 -7.5295434 -4.0292091 4294901760
-25.993896 -4.3498874 -4.250463 4294901760
-3.4737964 -0.74471748 -3.5448358 4294901760
-5.6692166 -1.5084621 -3.5930529 4294901760
-7.9810104 -1.7109805 -3.675549 4294901760
-9.9728613 -2.6535738 -3.6944971 4294901760
-12.520207 -2.6841002 -3.8289344 4294901760
-14.21242 -3.7816334 -3.8092577 4294901760
-17.151985 -2.8087459 -4.0186577 4294901760
-21.921864 -5.8329577 -4.0588508 4294901760
-19.342697 -4.1467156 -4.0484505 4294901760
-23.315239 -7.4408426 -4.0317001 4294901760
-25.977398 -4.2539625 -4.2520771 4294901760
-3.4762471 -0.73319376 -3.5454471 4294901760
-5.6779132 -1.4906317 -3.5952916 4294901760
-7.9866409 -1.6845049 -3.6769536 4294901760
-9.9739609 -2.61848 -3.6948507 4294901760
-12.521275 -2.6409285 -3.8298595 4294901760
-14.221037 -3.7334716 -3.8113132 4294901760
-17.149406 -2.7499597 -4.0200009 4294901760
-21.925648 -5.7561755 -4.0612593 4294901760
-19.352442 -4.0817266 -4.0513945 4294901760
-23.335978 -7.3622823 -4.0357881 4294901760
-25.99136 -4.1677942 -4.2564573 4294901760
-3.4789104 -0.72044849 -3.5461211 4294901760
-5.6796088 -1.468848 -3.5952404 4294901760
-7.9966011 -1.6560183 -3.6794198 4294901760
-9.9987965 -2.5858667 -3.6998234 4294901760
-12.530869 -2.5950208 -3.8322875 4294901760
-14.230773 -3.680331 -3.8136351 4294901760
-17.143633 -2.6846247 -4.0211191 4294901760
-21.969774 -5.6817746 -4.0681181 4294901760
-19.363365 -4.0099645 -4.0546856 4294901760
-23.362803 -7.2767076 -4.0407047 4294901760
-25.98279 -4.0688014 -4.2590175 4294901760
-3.5062716 -0.71335959 -3.5594614 4294901760
-5.6772361 -1.4471104 -3.593931 4294901760
-8.0023327 -1.6280944 -3.680892 4294901760
-9.9924421 -2.5470433 -3.6987839 4294901760
-12.535963 -2.5504727 -3.8339541 4294901760
-14.243533 -3.6306336 -3.8163674 4294901760
-17.145025 -2.6235602 -4.0231075 4294901760
-21.97014 -5.6001229 -4.0703111 4294901760
-19.357714 -3.9383745 -4.055943 4294901760
-23.384245 -7.1939373 -4.0450077 4294901760
-25.996834 -3.9780788 -4.2636003 4294901760
-3.4909658 -0.69756341 -3.5510306 4294901760
-5.6822534 -1.4272828 -3.5950177 4294901760
-7.9964294 -1.5978433 -3.6796036 4294901760
-9.9936056 -2.5102191 -3.6992159 4294901760
-12.537008 -2.5051401 -3.8349726 4294901760
-14.256121 -3.5808885 -3.8190942 4294901760
-17.154079 -2.5636923 -4.0261226 4294901760
-21.962467 -5.5165877 -4.0716763 4294901760
-19.363525 -3.8692119 -4.0585718 4294901760
-23.401579 -7.1099405 -4.0489287 4294901760
-25.939474 -3.8766775 -4.2613411 4294901760
-3.4968169 -0.6866824 -3.553453 4294901760
-5.6906948 -1.4093591 -3.5972495 4294901760
-7.9978356 -1.5705634 -3.6800742 4294901760
-9.990366 -2.4742169 -3.6988044 4294901760
-12.545246 -2.4635546 -3.8371522 4294901760
-14.244755 -3.5278604 -3.8183463 4294901760
-17.13884 -2.5033431 -4.0258656 4294901760
-22.007753 -5.4504466 -4.0785036 4294901760
-19.372337 -3.8042147 -4.0614748 4294901760
-23.417381 -7.0300093 -4.0526047 4294901760
-25.964041 -3.7923744 -4.2668009 4294901760
-3.4885132 -0.67241347 -3.5486424 4294901760
-5.6993213 -1.390399 -3.5995345 4294901760
-8.0032692 -1.5426359 -3.6815336 4294901760
-10.00662 -2.4412022 -3.7021894 4294901760
-12.545977 -2.4182463 -3.838156 4294901760
-14.253119 -3.4771721 -3.8205011 4294901760
-17.14353 -2.4429398 -4.0283413 4294901760
-22.026644 -5.3735914 -4.0826921 4294901760
-19.397242 -3.7388327 -4.066401 4294901760
-23.445604 -6.949357 -4.0576234 4294901760
-25.969212 -3.7005928 -4.270577 4294901760
-3.490839 -0.66023219 -3.5492771 4294901760
-5.7003946 -1.3695964 -3.5994132 4294901760
-8.0008974 -1.5132321 -3.6811471 4294901760
-10.022766 -2.4081042 -3.7055733 4294901760
-12.566036 -2.3766496 -3.8423681 4294901760
-14.253569 -3.4246113 -3.8215349 4294901760
-17.136177 -2.3808906 -4.0292468 4294901760
-22.045267 -5.2966714 -4.0868716 4294901760
-19.421925 -3.6733229 -4.0713224 4294901760
-23.485043 -6.8719578 -4.0637574 4294901760
-25.970108 -3.6082716 -4.2739573 4294901760
-3.5038161 -0.6500265 -3.5553625 4294901760
-5.7013922 -1.3488028 -3.599288 4294901760
-8.0099869 -1.4860095 -3.6835198 4294901760
-10.027267 -2.3721933 -3.7067263 4294901760
-12.562554 -2.3305998 -3.8427153 4294901760
-14.284788 -3.3794136 -3.8270195 4294901760
-17.144384 -2.3210588 -4.0322232 4294901760
-22.055857 -5.2178483 -4.0902247 4294901760
-19.422873 -3.6033232 -4.0734501 4294901760
-23.512726 -6.7910452 -4.0687637 4294901760
-25.939016 -3.5117028 -4.2742634 4294901760
-3.4917967 -0.6351974 -3.5487235 4294901760
-5.6985626 -1.3271468 -3.597955 4294901760
-8.0189838 -1.458744 -3.6858907 4294901760
-10.031636 -2.3362827 -3.7078733 4294901760
-12.5589 -2.2846062 -3.8430521 4294901760
-14.26551 -3.3223159 -3.8252468 4294901760
-17.152382 -2.2612035 -4.0351911 4294901760
-22.07782 -5.141737 -4.0947938 4294901760
-19.415716 -3.531939 -4.0746322 4294901760
-23.540123 -6.7100282 -4.0737624 4294901760
-25.990705 -3.4263623 -4.2825832 4294901760
-3.5011308 -0.62427753 -3.5529904 4294901760
-5.7144246 -1.3098288 -3.6026413 4294901760
-8.016305 -1.4293666 -3.6854897 4294901760
-10.043582 -2.3021345 -3.7105045 4294901760
-12.55508 -2.2386637 -3.8433795 4294901760
-14.280897 -3.2733884 -3.8284886 4294901760
-17.144367 -2.1992888 -4.0360618 4294901760
-22.083967 -5.061965 -4.0977154 4294901760
-19.372982 -3.4543462 -4.0716009 4294901760
-23.571089 -6.6299782 -4.0791302 4294901760
-26.006468 -3.3361242 -4.2874527 4294901760
-3.5032885 -0.61205161 -3.5536196 4294901760
-5.7152038 -1.2890246 -3.6025071 4294901760
-8.021246 -1.4013736 -3.6869304 4294901760
-10.055412 -2.2679284 -3.7131333 4294901760
-12.562818 -2.1948214 -3.8456357 4294901760
-14.323273 -3.2305145 -3.835645 4294901760
-17.140085 -2.1379473 -4.0374427 4294901760
-22.097609 -4.9839621 -4.1014452 4294901760
-19.388849 -3.3873816 -4.0755496 4294901760
-23.59024 -6.5465851 -4.0833602 4294901760
-25.962482 -3.2383981 -4.2865477 4294901760
-3.4982572 -0.5985961 -3.5506072 4294901760
-5.7196684 -1.2690668 -3.6035755 4294901760
-8.0028915 -1.369396 -3.6828194 4294901760
-10.067126 -2.2336707 -3.7157593 4294901760
-12.566491 -2.1502857 -3.8472395 4294901760
-14.315049 -3.1761899 -3.8355196 4294901760
-17.127674 -2.0757077 -4.0377636 4294901760
-22.107079 -4.9050674 -4.1047525 4294901760
-19.380907 -3.3163185 -4.0766835 4294901760
-23.5937 -6.4589291 -4.0860667 4294901760
-25.953802 -3.145349 -4.2890759 4294901760
-3.4967499 -0.58578306 -3.5494113 4294901760
-5.7127743 -1.2466314 -3.6010203 4294901760
-8.0037537 -1.340806 -3.6833234 4294901760
-10.06714 -2.1968331 -3.7161415 4294901760
-12.577834 -2.1070659 -3.8501315 4294901760
-14.314392 -3.1236613 -3.8365035 4294901760
-17.115038 -2.0135853 -4.0380692 4294901760
-22.104574 -4.8236208 -4.1068106 4294901760
-19.408092 -3.2512856 -4.0820193 4294901760
-23.627661 -6.3796597 -4.0917873 4294901760
-25.956692 -3.0538065 -4.2927413 4294901760
-3.5059283 -0.57474637 -3.5536766 4294901760
-5.7321553 -1.2299145 -3.6069129 4294901760
-8.0045147 -1.3122247 -3.6838224 4294901760
-10.074746 -2.1616786 -3.7180119 4294901760
-12.592943 -2.0644314 -3.8536675 4294901760
-14.313542 -3.0711718 -3.8374774 4294901760
-17.133835 -1.9551846 -4.0425615 4294901760
-22.043247 -4.7296886 -4.1026564 4294901760
-19.399652 -3.1802933 -4.0831285 4294901760
-23.638214 -6.2940626 -4.0952258 4294901760
-25.975132 -2.9640868 -4.2979379 4294901760
-3.5114927 -0.56307882 -3.5561209 4294901760
-5.7326446 -1.209103 -3.6067662 4294901760
-8.0167923 -1.2855177 -3.6870968 4294901760
-10.074495 -2.1248662 -3.7183814 4294901760
-12.584401 -2.0179482 -3.853307 4294901760
-14.328068 -3.0220098 -3.8406918 4294901760
-17.144514 -1.8958017 -4.0459981 4294901760
-21.87612 -4.6140103 -4.0872917 4294901760
-19.367332 -3.1056123 -4.0814013 4294901760
-23.6639 -6.2125244 -4.100172 4294901760
-25.945629 -2.8690093 -4.2984805 4294901760
-3.5134368 -0.55081791 -3.5567422 4294901760
-5.7330589 -1.1883031 -3.606616 4294901760
-8.0251064 -1.2581333 -3.6894429 4294901760
-10.085722 -2.0904887 -3.7209914 4294901760
-12.583529 -1.9727786 -3.8542345 4294901760
-14.322952 -2.9687483 -3.8410842 4294901760
-17.123304 -1.8329768 -4.0452161 4294901760
-22.036659 -4.5675845 -4.1066694 4294901760
-19.318977 -3.0287261 -4.0777674 4294901760
-23.700901 -6.133884 -4.1062541 4294901760
-25.876074 -2.7699234 -4.2951217 4294901760
-3.5044005 -0.53812653 -3.5518308 4294901760
-5.7405372 -1.1710559 -3.6087759 4294901760
-8.0251417 -1.2323198 -3.6897891 4294901760
-10.099984 -2.0603726 -3.7241623 4294901760
-12.597508 -1.9344405 -3.8575332 4294901760
-14.312723 -2.9197614 -3.8406377 4294901760
-17.117096 -1.777938 -4.046237 4294901760
-22.07045 -4.5023189 -4.1123977 4294901760
-19.383564 -2.9764895 -4.0874343 4294901760
-23.69685 -6.0534663 -4.1080599 4294901760
-25.936283 -2.6939795 -4.3041005 4294901760
-3.5205977 -0.52804226 -3.5597425 4294901760
-5.7370362 -1.1494982 -3.607409 4294901760
-8.0255156 -1.2037191 -3.6902721 4294901760
-10.095489 -2.0227773 -3.7237656 4294901760
-12.608108 -1.8910463 -3.8604002 4294901760
-14.326728 -2.8705673 -3.8438308 4294901760
-17.115273 -1.7173856 -4.0480623 4294901760
-22.070379 -4.4221201 -4.1147866 4294901760
-19.389893 -2.9082227 -4.0903721 4294901760
-23.706221 -5.967793 -4.1114497 4294901760
-25.925661 -2.6014402 -4.3065214 4294901760
-3.5116584 -0.5141741 -3.5548863 4294901760
-5.7372346 -1.1287216 -3.6072483 4294901760
-8.0296679 -1.1756973 -3.6916795 4294901760
-10.102488 -1.9875247 -3.7256138 4294901760
-12.618559 -1.8475989 -3.8632631 4294901760
-14.324955 -2.8182368 -3.8447573 4294901760
-17.125126 -1.6580153 -4.0514622 4294901760
-21.940817 -4.3165522 -4.1034131 4294901760
-19.407816 -2.8416762 -4.094718 4294901760
-23.703663 -5.879241 -4.1136765 4294901760
-25.906761 -2.5082328 -4.3081436 4294901760
-3.5170207 -0.50242472 -3.5573256 4294901760
-5.7487044 -1.1101472 -3.6107192 4294901760
-8.0298405 -1.1471045 -3.6921535 4294901760
-10.109365 -1.9522457 -3.727458 4294901760
-12.613147 -1.8018535 -3.8635123 4294901760
-14.33861 -2.7689662 -3.8479381 4294901760
-17.122879 -1.5974827 -4.0532684 4294901760
-21.904819 -4.2300968 -4.1019931 4294901760
-19.401833 -2.7716525 -4.0962176 4294901760
-23.747309 -5.8021417 -4.1204934 4294901760
-25.919338 -2.4181502 -4.3128672 4294901760
-3.5259342 -0.49114606 -3.5615897 4294901760
-5.7487588 -1.0893577 -3.6105525 4294901760
-8.0415649 -1.1201522 -3.6954143 4294901760
-10.120001 -1.9176837 -3.7300503 4294901760
-12.619359 -1.7578174 -3.8657105 4294901760
-14.352094 -2.7196417 -3.851114 4294901760
-17.104549 -1.53557 -4.0529442 4294901760
-21.923372 -4.1543565 -4.1063967 4294901760
-19.391644 -2.701165 -4.0972281 4294901760
-23.755772 -5.7164164 -4.1238465 4294901760
-25.907732 -2.3258805 -4.3152332 4294901760
-3.5276272 -0.47883517 -3.5622025 4294901760
-5.7525263 -1.069284 -3.6115956 4294901760
-8.0454264 -1.0920749 -3.6968114 4294901760
-10.130518 -1.8830686 -3.7326393 4294901760
-12.633282 -1.7148238 -3.8692102 4294901760
-14.3615 -2.6695266 -3.8537178 4294901760
-17.121708 -1.4768809 -4.0573773 4294901760
-22.071125 -4.1025977 -4.1246114 4294901760
-19.397005 -2.6329222 -4.1001225 4294901760
-23.787235 -5.6362185 -4.1294985 4294901760
-25.875908 -2.2319989 -4.3156219 4294901760
-3.5400591 -0.46794361 -3.568294 4294901760
-5.7486463 -1.0478158 -3.6102083 4294901760
-8.0569658 -1.0650121 -3.700069 4294901760
-10.140919 -1.8484032 -3.7352254 4294901760
-12.631324 -1.6696748 -3.8700895 4294901760
-14.358995 -2.6172395 -3.8546104 4294901760
-17.110884 -1.4157916 -4.0580893 4294901760
-22.101013 -4.0283909 -4.130281 4294901760
-19.398172 -2.5641525 -4.1025305 4294901760
-23.798988 -5.5513368 -4.133214 4294901760
-25.875584 -2.1410019 -4.3191233 4294901760
-3.541671 -0.45558447 -3.5689051 4294901760
-5.7522678 -1.0277443 -3.6112447 4294901760
-8.0489645 -1.0353822 -3.6986616 4294901760
-10.151199 -1.8136913 -3.7378087 4294901760
-12.637074 -1.6255759 -3.8722701 4294901760
-14.368042 -2.5671046 -3.8571992 4294901760
-17.107779 -1.3554296 -4.0598502 4294901760
-22.114939 -3.9512246 -4.1342654 4294901760
-19.395142 -2.4949028 -4.1044512 4294901760
-23.814331 -5.4673414 -4.1373038 4294901760
-25.874937 -2.0500414 -4.3226089 4294901760
-3.5359681 -0.44293594 -3.5658281 4294901760
-5.7518501 -1.0079981 -3.611012 4294901760
-8.0562458 -1.0091722 -3.700911 4294901760
-10.157159 -1.780018 -3.7395425 4294901760
-12.630585 -1.5821805 -3.8723693 4294901760
-14.384311 -2.5208163 -3.8607924 4294901760
-17.10424 -1.2980874 -4.0614605 4294901760
-22.088617 -3.8709779 -4.1338344 4294901760
-19.38353 -2.4280937 -4.1052384 4294901760
-23.824543 -5.3865781 -4.1407714 4294901760
-25.861685 -1.9627136 -4.3246865 4294901760
-3.541091 -0.43102747 -3.5682635 4294901760
-5.7591305 -0.98856443 -3.6132588 4294901760
-8.0636129 -0.98151624 -3.7032278 4294901760
-10.16331 -1.7445493 -3.741363 4294901760
-12.628152 -1.5371195 -3.8732238 4294901760
-14.373425 -2.4672225 -3.8605187 4294901760
-17.104694 -1.2380822 -4.0637331 4294901760
-21.842434 -3.7492905 -4.1099725 4294901760
-19.391886 -2.3604126 -4.1085644 4294901760
-23.80813 -5.2955756 -4.1417317 4294901760
-25.812618 -1.8683842 -4.323411 4294901760
-3.5318465 -0.41677219 -3.5634112 4294901760
-5.7589154 -0.96681315 -3.6131227 4294901760
-8.0632601 -0.95149732 -3.7037408 4294901760
-10.173533 -1.7079442 -3.7440264 4294901760
-12.629761 -1.4903629 -3.8748345 4294901760
-14.370603 -2.4125528 -3.8615017 4294901760
-17.105145 -1.1751132 -4.0661359 4294901760
-21.950472 -3.6850696 -4.1242046 4294901760
-19.404366 -2.2897937 -4.112525 4294901760
-23.842979 -5.2116938 -4.1479492 4294901760
-25.771486 -1.7704858 -4.3231034 4294901760
-3.5333505 -0.40382361 -3.5640435 4294901760
-5.7624207 -0.94569772 -3.6141996 4294901760
-8.0550032 -0.92059952 -3.7023778 4294901760
-10.175825 -1.6700021 -3.7451715 4294901760
-12.65485 -1.4463121 -3.8803842 4294901760
-14.387198 -2.3611503 -3.8653328 4294901760
-17.081514 -1.1105986 -4.0653219 4294901760
-22.03471 -3.6162188 -4.1359239 4294901760
-19.412628 -2.218653 -4.1159983 4294901760
-23.850214 -5.1217494 -4.1514325 4294901760
-25.813665 -1.6783416 -4.3310723 4294901760
-3.5382047 -0.39312223 -3.5664146 4294901760
-5.7615609 -0.92697912 -3.6139028 4294901760
-8.0500593 -0.89442456 -3.7017376 4294901760
-10.184925 -1.6386553 -3.7475557 4294901760
-12.667219 -1.4074272 -3.8836365 4294901760
-14.394547 -2.3159425 -3.8676319 4294901760
-17.076967 -1.0564412 -4.0667486 4294901760
-22.108997 -3.5571225 -4.1462231 4294901760
-19.427429 -2.1585393 -4.1199265 4294901760
-23.838848 -5.0410199 -4.1526761 4294901760
-25.834753 -1.5982285 -4.3364296 4294901760
-3.5323465 -0.37999359 -3.5633516 4294901760
-5.7761769 -0.90865749 -3.6185784 4294901760
-8.0570307 -0.86673838 -3.7040381 4294901760
-10.186677 -1.6024787 -3.7486 4294901760
-12.660218 -1.3619281 -3.8838053 4294901760
-14.4104 -2.2669177 -3.8713269 4294901760
-17.092482 -0.99752063 -4.0711198 4294901760
-22.121277 -3.4799254 -4.1501369 4294901760
-19.426916 -2.0898583 -4.1222572 4294901760
-23.840668 -4.9545269 -4.1555161 4294901760
-25.836189 -1.5078051 -4.3402152 4294901760
-3.548203 -0.36792323 -3.5713351 4294901760
-5.7720079 -0.88530391 -3.6172609 4294901760
-8.0602999 -0.83579534 -3.7055347 4294901760
-10.188848 -1.5627538 -3.7498176 4294901760
-12.665354 -1.3133066 -3.886157 4294901760
-14.407205 -2.2097604 -3.8724022 4294901760
-17.096186 -0.93188292 -4.0741534 4294901760
-22.106869 -3.3907261 -4.1514554 4294901760
-19.422903 -2.0140159 -4.124423 4294901760
-23.8204 -4.8549767 -4.156426 4294901760
-25.742105 -1.4031568 -4.3348637 4294901760
-3.5349131 -0.35532394 -3.564543 4294901760
-5.7747607 -0.86716592 -3.6181748 4294901760
-8.0667896 -0.81086099 -3.7076941 4294901760
-10.189798 -1.5301493 -3.7506707 4294901760
-12.673366 -1.2739068 -3.888736 4294901760
-14.414075 -2.1644871 -3.8746831 4294901760
-17.091072 -0.87775981 -4.0755534 4294901760
-22.121357 -3.3218496 -4.1553812 4294901760
-19.4093 -1.9509925 -4.1249576 4294901760
-23.823793 -4.7777634 -4.1591845 4294901760
-25.766325 -1.3233016 -4.340579 4294901760
-3.5397406 -0.3433325 -3.5669692 4294901760
-5.7625079 -0.84476799 -3.6143055 4294901760
-8.0773783 -0.78345478 -3.7109249 4294901760
-10.195078 -1.4945707 -3.7524579 4294901760
-12.661938 -1.2281281 -3.8882184 4294901760
-14.421543 -2.1141591 -3.8772113 4294901760
-17.086079 -0.81771415 -4.0772181 4294901760
-22.089388 -3.2382443 -4.1545706 4294901760
-19.415993 -1.8832289 -4.1282148 4294901760
-23.840326 -4.6945729 -4.1635466 4294901760
-25.73489 -1.2316333 -4.3411207 4294901760
-3.5373077 -0.33063775 -3.5657277 4294901760
-5.7844877 -0.82737625 -3.6214192 4294901760
-8.0800638 -0.75525635 -3.712276 4294901760
-10.192408 -1.4578571 -3.7527173 4294901760
-12.689853 -1.1861407 -3.8943067 4294901760
-14.424899 -2.0632455 -3.8791571 4294901760
-17.068935 -0.7571888 -4.0772572 4294901760
-22.037359 -3.1520834 -4.1515994 4294901760
-19.402601 -1.8135918 -4.1290479 4294901760
-23.85265 -4.6105733 -4.1675043 4294901760
-25.719086 -1.140915 -4.343235 4294901760
-3.5492721 -0.3192625 -3.57182 4294901760
-5.7911553 -0.80771154 -3.6236494 4294901760
-8.0748377 -0.72634417 -3.7117431 4294901760
-10.189606 -1.421178 -3.7529695 4294901760
-12.686011 -1.1411263 -3.8950975 4294901760
-14.40838 -2.0095842 -3.8782115 4294901760
-17.063513 -0.69727671 -4.078897 4294901760
-21.996849 -3.0679731 -4.1498795 4294901760
-19.38896 -1.7440667 -4.1298656 4294901760
-23.848986 -4.5235634 -4.1698713 4294901760
-25.762812 -1.0527614 -4.3513293 4294901760
-3.5466995 -0.30717799 -3.5705457 4294901760
-5.7938018 -0.78850263 -3.6246054 4294901760
-8.0772018 -0.69956267 -3.7130182 4294901760
-10.190346 -1.3868467 -3.7538888 4294901760
-12.666006 -1.0969969 -3.8931227 4294901760
-14.430727 -1.9639378 -3.8828993 4294901760
-17.081652 -0.6412853 -4.0836272 4294901760
-21.979225 -2.9912443 -4.1505117 4294901760
-19.382719 -1.6787282 -4.131474 4294901760
-23.859932 -4.4437213 -4.1735868 4294901760
-25.706303 -0.96507496 -4.349205 4294901760
-3.5441377 -0.29449552 -3.569298 4294901760
-5.8003368 -0.76877964 -3.6268325 4294901760
-8.0717773 -0.6707139 -3.7124739 4294901760
-10.202961 -1.3523058 -3.7571814 4294901760
-12.646033 -1.0508058 -3.8912389 4294901760
-14.429609 -1.9125078 -3.8842435 4294901760
-17.067863 -0.5811128 -4.0841689 4294901760
-22.12007 -2.9318054 -4.1684809 4294901760
-19.4123 -1.61304 -4.1375942 4294901760
-23.859591 -4.3575377 -4.1763186 4294901760
-25.793324 -0.87819022 -4.3616962 4294901760
-3.5415301 -0.28183386 -3.5680473 4294901760
-5.7877049 -0.74655539 -3.6229389 4294901760
-8.070159 -0.64222074 -3.7128651 4294901760
-10.20762 -1.3166797 -3.7589436 4294901760
-12.657535 -1.0072826 -3.8946559 4294901760
-14.424364 -1.860597 -3.8849995 4294901760
-17.06979 -0.52152669 -4.0868597 4294901760
-22.122252 -2.8535469 -4.1714416 4294901760
-19.386021 -1.5427334 -4.1369166 4294901760
-23.870728 -4.2735162 -4.1802254 4294901760
-25.804216 -0.78838629 -4.3665662 4294901760
-3.5461073 -0.26974562 -3.5704668 4294901760
-5.7902751 -0.72634917 -3.6239352 4294901760
-8.0606184 -0.61315584 -3.7113657 4294901760
-10.216075 -1.2815346 -3.7614658 4294901760
-12.680757 -0.96460098 -3.9000645 4294901760
-14.438663 -1.8112284 -3.8886416 4294901760
-17.047619 -0.46129602 -4.0862942 4294901760
-22.116243 -2.7743266 -4.1735282 4294901760
-19.367435 -1.4732438 -4.1371908 4294901760
-23.865843 -4.1867218 -4.1825294 4294901760
-25.77887 -0.69755721 -4.3678026 4294901760
-3.5506427 -0.25762799 -3.5728858 4294901760
-5.7927752 -0.70613277 -3.624929 4294901760
-8.0587978 -0.58473128 -3.711745 4294901760
-10.212639 -1.2449092 -3.761688 4294901760
-12.680088 -0.92004341 -3.9014792 4294901760
-14.448844 -1.7612978 -3.8916993 4294901760
-17.053104 -0.40187919 -4.0895047 4294901760
-22.125792 -2.697109 -4.1773238 4294901760
-19.3486 -1.4038981 -4.1374474 4294901760
-23.87244 -4.102036 -4.1860108 4294901760
-25.673359 -0.60502702 -4.3609557 4294901760
-3.5515206 -0.24523225 -3.5734663 4294901760
-5.7875552 -0.68500221 -3.6234684 4294901760
-8.0686159 -0.55713737 -3.7149506 4294901760
-10.212998 -1.2087879 -3.7626688 4294901760
-12.683223 -0.87577569 -3.9035528 4294901760
-14.470704 -1.7127205 -3.8964944 4294901760
-17.066351 -0.34258956 -4.0937934 4294901760
-22.119223 -2.6179821 -4.1793814 4294901760
-19.34543 -1.3358005 -4.139637 4294901760
-23.878744 -4.0173564 -4.1894794 4294901760
-25.647367 -0.51484472 -4.3621359 4294901760
-3.5451198 -0.23236018 -3.5703685 4294901760
-5.7899108 -0.66479701 -3.6244552 4294901760
-8.0705109 -0.52897096 -3.7162654 4294901760
-10.209302 -1.1722311 -3.7628765 4294901760
-12.686202 -0.83150035 -3.9056201 4294901760
-14.468692 -1.6612939 -3.897799 4294901760
-17.051516 -0.28275439 -4.0942745 4294901760
-22.120298 -2.5398507 -4.1822882 4294901760
-19.334061 -1.2672254 -4.1408372 4294901760
-23.876863 -3.9313898 -4.1921344 4294901760
-25.641026 -0.42518875 -4.3653154 4294901760
-3.5459094 -0.21998306 -3.5709443 4294901760
-5.7845392 -0.64372873 -3.6229851 4294901760
-8.0801382 -0.50128001 -3.7194669 4294901760
-10.201547 -1.1352726 -3.7623091 4294901760
-12.692988 -0.78745455 -3.9083486 4294901760
-14.458592 -1.6090152 -3.8979306 4294901760
-17.028503 -0.22291446 -4.0936551 4294901760
-22.1092 -2.460408 -4.1838827 4294901760
-19.33041 -1.1992304 -4.1430011 4294901760
-23.894382 -3.8486483 -4.1967759 4294901760
-25.622385 -0.33541411 -4.3672643 4294901760
-3.5466557 -0.20760408 -3.5715187 4294901760
-5.7905807 -0.62394547 -3.6251931 4294901760
-8.0700912 -0.47238415 -3.7179382 4294901760
-10.221166 -1.101349 -3.7671111 4294901760
-12.683775 -0.7424469 -3.9083993 4294901760
-14.472029 -1.5593872 -3.901546 4294901760
-17.029179 -0.16347201 -4.0962849 4294901760
-22.081947 -2.3793697 -4.1837244 4294901760
-19.342436 -1.1322128 -4.14711 4294901760
-23.90373 -3.7645967 -4.2006059 4294901760
-25.675312 -0.24647078 -4.3764935 4294901760
-3.5509787 -0.19542265 -3.573931 4294901760
-5.796555 -0.60412937 -3.6273997 4294901760
-8.0834408 -0.44485974 -3.7220795 4294901760
-10.22888 -1.0660758 -3.7696064 4294901760
-12.682328 -0.69795245 -3.9097772 4294901760
-14.449695 -1.5059782 -3.8999066 4294901760
-17.017696 -0.10395873 -4.0972705 4294901760
-22.078211 -2.3010385 -4.1861506 4294901760
-19.155197 -1.0541768 -4.1267109 4294901760
-23.908834 -3.6799247 -4.2040215 4294901760
-25.616119 -0.15648529 -4.3743525 4294901760
-3.5443981 -0.18265298 -3.5708208 4294901760
-5.8024602 -0.58427763 -3.6296046 4294901760
-8.0927782 -0.41704401 -3.7252736 4294901760
-10.232538 -1.0303636 -3.7713287 4294901760
-12.672799 -0.65306562 -3.9098086 4294901760
-14.442991 -1.4543344 -3.9005873 4294901760
-17.009991 -0.044533957 -4.0987897 4294901760
-22.054346 -2.2207582 -4.1863861 4294901760
-19.15876 -0.98730576 -4.1297917 4294901760
-23.909691 -3.5946634 -4.2070208 4294901760
-25.61651 -0.067066729 -4.3782811 4294901760
-3.548635 -0.17045344 -3.5732303 4294901760
-5.8082986 -0.56439209 -3.6318083 4294901760
-8.0863495 -0.38841587 -3.7246759 4294901760
-10.228205 -0.99387419 -3.7715054 4294901760
-12.678965 -0.60901535 -3.9125104 4294901760
-14.447981 -1.4039096 -3.9030116 4294901760
-17.025972 0.014856694 -4.1035738 4294901760
-21.954733 -2.1333404 -4.178319 4294901760
-19.281553 -0.92616093 -4.1476016 4294901760
-23.949736 -3.5152383 -4.2140379 4294901760
-25.668497 0.022398075 -4.3874917 4294901760
-3.5491807 -0.15868467 -3.5737691 4294901760
-5.7986326 -0.54404825 -3.6290405 4294901760
-8.0797558 -0.36124772 -3.7240069 4294901760
-10.219639 -0.95884275 -3.7708185 4294901760
-12.665058 -0.5662576 -3.9117522 4294901760
-14.464436 -1.3571047 -3.907064 4294901760
-17.013882 0.071267337 -4.1043968 4294901760
-22.041143 -2.0679781 -4.1905389 4294901760
-19.292484 -0.86257136 -4.1515126 4294901760
-23.969168 -3.4369314 -4.2188253 4294901760
-25.700228 0.10765249 -4.3944697 4294901760
-3.5533354 -0.1464448 -3.5761766 4294901760
-5.8004966 -0.5238052 -3.6300075 4294901760
-8.0692101 -0.33255905 -3.7224472 4294901760
-10.222924 -0.92316598 -3.7725227 4294901760
-12.678852 -0.52253777 -3.9157834 4294901760
-14.457203 -1.3055362 -3.9077182 4294901760
-17.009548 0.13062221 -4.1064324 4294901760
-21.925032 -1.9799073 -4.1806622 4294901760
-19.291395 -0.79506266 -4.1540928 4294901760
-23.953346 -3.3493779 -4.2201724 4294901760
-25.615843 0.19671293 -4.3897905 4294901760
-3.5502021 -0.13390285 -3.5748978 4294901760
-5.80229 -0.50355297 -3.6309719 4294901760
-8.0781612 -0.30468374 -3.7256269 4294901760
-10.218208 -0.88678938 -3.7726779 4294901760
-12.672668 -0.47797459 -3.9164519 4294901760
-14.469597 -1.2557471 -3.9112952 4294901760
-17.01297 0.19004484 -4.1095529 4294901760
-21.856277 -1.8968017 -4.1759887 4294901760
-19.270149 -0.72681159 -4.1541963 4294901760
-23.960934 -3.2651987 -4.2239304 4294901760
-25.694859 0.28702661 -4.4018488 4294901760
-3.547025 -0.12138542 -3.5736158 4294901760
-5.7963352 -0.48265666 -3.6294689 4294901760
-8.0752563 -0.27634946 -3.725955 4294901760
-10.233059 -0.85209942 -3.7766898 4294901760
-12.67426 -0.4337354 -3.9184568 4294901760
-14.462002 -1.2042404 -3.9119308 4294901760
-16.984327 0.24902184 -4.1082778 4294901760
-21.930368 -1.826126 -4.1870646 4294901760
-19.240694 -0.65845031 -4.1532941 4294901760
-23.952402 -3.1789136 -4.2260528 4294901760
-25.729633 0.37724429 -4.4094095 4294901760
-3.5438037 -0.10889266 -3.572331 4294901760
-5.8056636 -0.46303442 -3.6328919 4294901760
-8.0722504 -0.24804106 -3.7262771 4294901760
-10.239911 -0.81669062 -3.7791533 4294901760
-12.675696 -0.389494 -3.920455 4294901760
-14.454224 -1.1528059 -3.9125555 4294901760
-16.983356 0.30830324 -4.1108284 4294901760
-21.944561 -1.7502025 -4.1915646 4294901760
-23.959394 -3.0947783 -4.2297831 4294901760
-25.704205 0.46661505 -4.4108114 4294901760
-3.5441623 -0.096521713 -3.5728879 4294901760
-5.8034039 -0.44247308 -3.6326141 4294901760
-8.0691471 -0.21975516 -3.7265944 4294901760
-10.242699 -0.78094143 -3.7808392 4294901760
-12.669046 -0.34502882 -3.9210992 4294901760
-14.454194 -1.1020415 -3.9143465 4294901760
-16.966248 0.36723989 -4.1111708 4294901760
-21.958494 -1.6741972 -4.1960568 4294901760
-19.153162 -0.52161723 -4.1479654 4294901760
-23.938362 -3.0071442 -4.2306499 4294901760
-25.726374 0.55685562 -4.4171243 4294901760
-3.5444775 -0.084149599 -3.5734429 4294901760
-5.7972293 -0.42165369 -3.6310983 4294901760
-8.0659437 -0.19149393 -3.7269061 4294901760
-10.24142 -0.74489588 -3.781745 4294901760
-12.674139 -0.3008973 -3.9237576 4294901760
-14.477785 -1.0530221 -3.9196646 4294901760
-16.980789 0.42686182 -4.1159024 4294901760
-21.852772 -1.5894319 -4.1873279 4294901760
-19.238564 -0.4567436 -4.1613736 4294901760
-23.928904 -2.9211464 -4.2327189 4294901760
-25.73625 0.64695591 -4.422195 4294901760
-3.5411251 -0.071702205 -3.5721502 4294901760
-5.798666 -0.40141344 -3.6320465 4294901760
-8.0665627 -0.1633352 -3.7281649 4294901760
-10.240015 -0.70886648 -3.7826447 4294901760
-12.667179 -0.25649041 -3.9243853 4294901760
-14.473437 -1.0019257 -3.9208529 4294901760
-16.979197 0.48613781 -4.1184258 4294901760
-21.798475 -1.5090026 -4.1842856 4294901760
-19.184237 -0.38845059 -4.1574283 4294901760
-23.942919 -2.8380649 -4.2372222 4294901760
-25.713877 0.73622376 -4.4239588 4294901760
-3.5449786 -0.059402414 -3.5745473 4294901760
-5.8000317 -0.38117111 -3.6329918 4294901760
-8.0670834 -0.13517831 -3.7294195 4294901760
-10.24637 -0.67337912 -3.78509 4294901760
-12.664029 -0.2122083 -3.9256797 4294901760
-14.472878 -0.95114017 -3.9226215 4294901760
-16.977396 0.54539979 -4.1209393 4294901760
-21.84741 -1.4357855 -4.1926985 4294901760
-19.225338 -0.3221547 -4.165381 4294901760
-23.928885 -2.75174 -4.2388496 4294901760
-25.723122 0.82635671 -4.4290032 4294901760
-3.548789 -0.047075771 -3.5769436 4294901760
-5.797483 -0.36068359 -3.6326981 4294901760
-8.0675068 -0.10701793 -3.73067 4294901760
-10.244715 -0.6373629 -3.7859783 4294901760
-12.680563 -0.16821153 -3.9303477 4294901760
-14.476111 -0.90061426 -3.924973 4294901760
-16.987328 0.60508424 -4.1250997 4294901760
-21.95982 -1.3662044 -4.2081928 4294901760
-19.21837 -0.25493756 -4.1673656 4294901760
-23.906609 -2.6646576 -4.2396379 4294901760
-25.724072 0.9162848 -4.4332113 4294901760
-3.5416818 -0.03461777 -3.5737967 4294901760
-5.7987061 -0.34044561 -3.633637 4294901760
-8.075675 -0.078934774 -3.7338245 4294901760
-10.242931 -0.60136878 -3.7868598 4294901760
-12.68901 -0.1240273 -3.9336603 4294901760
-14.491076 -0.85078001 -3.9290929 4294901760
-17.00103 0.6649965 -4.129807 4294901760
-22.000301 -1.2916514 -4.2157364 4294901760
-18.920155 -0.18493293 -4.1329732 4294901760
-23.911791 -2.5807683 -4.2432785 4294901760
-25.732687 1.0065359 -4.4382339 4294901760
-3.549031 -0.022300247 -3.578038 4294901760
-5.8113976 -0.32083911 -3.6382847 4294901760
-8.0798235 -0.050769366 -3.7360225 4294901760
-10.24102 -0.56539237 -3.787735 4294901760
-12.6973 -0.079783157 -3.9369683 4294901760
-14.482045 -0.79953343 -3.9296544 4294901760
-16.994627 0.72416812 -4.1317439 4294901760
-22.052486 -1.217487 -4.2246118 4294901760
-18.992445 -0.11933854 -4.1448631 4294901760
-23.928596 -2.4981132 -4.2481408 4294901760
-25.760935 1.0977144 -4.4453187 4294901760
-3.5418334 -0.011126745 -3.574831 4294901760
-5.8085299 -0.30237859 -3.6378884 4294901760
-8.0760202 -0.025370989 -3.7361827 4294901760
-10.238799 -0.5330081 -3.7884395 4294901760
-12.69352 -0.03987696 -3.9380436 4294901760
-14.476542 -0.7536152 -3.9305658 4294901760
-16.988287 0.77737737 -4.1334219 4294901760
-22.028309 -1.1467427 -4.2246957 4294901760
-19.140232 -0.060129445 -4.1659598 4294901760
-23.908525 -2.4201062 -4.2488847 4294901760
-25.7055 1.1762736 -4.4433069 4294901760
-3.545476 0.0012371537 -3.5772216 4294901760
-5.8057027 -0.28191561 -3.6375816 4294901760
-8.0721378 0.0028166811 -3.7364614 4294901760
-10.23665 -0.49707529 -3.7893026 4294901760
-12.693582 0.0044292812 -3.9399846 4294901760
-14.475113 -0.70288825 -3.9322937 4294901760
-16.98945 0.83686525 -4.136447 4294901760
-22.016235 -1.0690731 -4.226449 4294901760
-19.22006 0.006706622 -4.178885 4294901760
-23.889017 -2.3339231 -4.2500105 4294901760
-25.729158 1.2673652 -4.4499545 4294901760
-3.5418246 0.01359934 -3.5759122 4294901760
-5.8104997 -0.26182145 -3.6397488 4294901760
-8.0760002 0.031008953 -3.7386482 4294901760
-10.234374 -0.46116146 -3.790159 4294901760
-12.689522 0.048723225 -3.9412394 4294901760
-14.473505 -0.65217692 -3.9340134 4294901760
-16.966541 0.89511573 -4.1361341 4294901760
-21.999903 -0.9913168 -4.2277408 4294901760
-19.203976 0.073736392 -4.1798115 4294901760
-23.89702 -2.2505198 -4.2540088 4294901760
-25.712616 1.3565385 -4.4524341 4294901760
-3.5490015 0.026635159 -3.5801773 4294901760
-5.7998748 -0.24004516 -3.6370018 4294901760
-8.0797567 0.06063835 -3.7408931 4294901760
-10.255742 -0.42446458 -3.7957737 4294901760
-12.689259 0.095232531 -3.9432626 4294901760
-14.463878 -0.59863085 -3.9346492 4294901760
-16.939287 0.95594901 -4.1353726 4294901760
-21.995415 -0.91034609 -4.2305284 4294901760
-19.21155 0.14418215 -4.1838756 4294901760
-23.905107 -2.1629174 -4.2581949 4294901760
-25.683548 1.4494213 -4.4538302 4294901760
-3.5488935 0.038404059 -3.5806875 4294901760
-5.8083363 -0.22110359 -3.640357 4294901760
-8.0677433 0.087304421 -3.7391808 4294901760
-10.245243 -0.39000151 -3.7949772 4294901760
-12.680936 0.1372257 -3.9437251 4294901760
-14.465781 -0.55066305 -3.936831 4294901760
-16.928072 1.011642 -4.1365747 4294901760
-21.994326 -0.8372491 -4.2333994 4294901760
-19.051504 0.20616429 -4.1665673 4294901760
-23.872379 -2.0801671 -4.2578244 4294901760
-25.670628 1.5341077 -4.4565043 4294901760
-3.5487289 0.051411215 -3.5812492 4294901760
-5.8091078 -0.1998134 -3.6413221 4294901760
-8.0752134 0.11698738 -3.7423747 4294901760
-10.230804 -0.35190457 -3.7935526 4294901760
-12.680348 0.18370299 -3.9457326 4294901760
-14.483603 -0.49818629 -3.9416196 4294901760
-16.912329 1.0729237 -4.1374512 4294901760
-22.017185 -0.7573157 -4.2392912 4294901760
-19.010757 0.27541301 -4.1645598 4294901760
-23.863932 -1.9913284 -4.2603178 4294901760
-25.676788 1.6289439 -4.4616203 4294901760
-3.5376539 0.06360203 -3.5762267 4294901760
-5.8020701 -0.17929786 -3.639755 4294901760
-8.0708342 0.14510222 -3.7426286 4294901760
-10.23987 -0.31643653 -3.7967303 4294901760
-12.675662 0.22789052 -3.9469557 4294901760
-14.461403 -0.44689202 -3.9403222 4294901760
-16.936295 1.1338106 -4.1437654 4294901760
-22.019695 -0.68046135 -4.2427626 4294901760
-19.189054 0.34499213 -4.1900482 4294901760
-23.866758 -1.9077026 -4.263844 4294901760
-25.678913 1.7190906 -4.4661217 4294901760
-3.5337989 0.075255908 -3.5748773 4294901760
-5.7987819 -0.15995009 -3.6393793 4294901760
-8.0820732 0.1721161 -3.7466555 4294901760
-10.232963 -0.28225985 -3.7966936 4294901760
-12.674837 0.26992378 -3.9487581 4294901760
-14.458829 -0.39882359 -3.9418838 4294901760
-22.017841 -0.60732681 -4.2456017 4294901760
-19.191792 0.40870905 -4.1932807 4294901760
-23.837132 -1.8258022 -4.2638283 4294901760
-25.661121 1.8033967 -4.4683337 4294901760
-3.5298908 0.087500975 -3.5735517 4294901760
-5.7916036 -0.1395219 -3.6378021 4294901760
-8.0892658 0.20052141 -3.7497816 4294901760
-10.241787 -0.24672849 -3.7998636 4294901760
-12.665884 0.31396925 -3.9492831 4294901760
-14.468085 -0.34854159 -3.9453452 4294901760
-21.999884 -0.52998543 -4.2468047 4294901760
-19.198219 0.47589657 -4.1971521 4294901760
-23.827436 -1.7414196 -4.2660718 4294901760
-25.646708 1.8923728 -4.4711304 4294901760
-3.5404351 0.10013047 -3.5796368 4294901760
-5.8074598 -0.11962032 -3.6436796 4294901760
-8.0845947 0.22864825 -3.7500231 4294901760
-10.242586 -0.21097374 -3.8014627 4294901760
-12.688509 0.35885599 -3.9552667 4294901760
-14.469213 -0.29803255 -3.9476039 4294901760
-22.005589 -0.45326453 -4.250689 4294901760
-19.200426 0.54302579 -4.2005105 4294901760
-23.797529 -1.6557357 -4.2662091 4294901760
-25.651886 1.9828148 -4.4760108 4294901760
-3.5400445 0.11310536 -3.5801871 4294901760
-5.8078589 -0.098335415 -3.6446283 4294901760
-8.0797825 0.2581512 -3.7503188 4294901760
-10.235388 -0.17329985 -3.8015661 4294901760
-12.687109 0.4053565 -3.9572396 4294901760
-14.470209 -0.24500147 -3.9499671 4294901760
-21.979174 -0.37213904 -4.2511292 4294901760
-19.106659 0.61046278 -4.1918731 4294901760
-23.811405 -1.5690325 -4.2711205 4294901760
-25.63649 2.0761702 -4.4789557 4294901760
-3.543251 0.12559025 -3.5825641 4294901760
-5.808167 -0.078061432 -3.6455286 4294901760
-8.0788317 0.28635356 -3.7515109 4294901760
-10.23593 -0.13757032 -3.8031528 4294901760
-12.697513 0.4500623 -3.9611657 4294901760
-14.463022 -0.19438221 -3.9510102 4294901760
-22.012257 -0.29584348 -4.2581458 4294901760
-23.812754 -1.4856565 -4.2745709 4294901760
-25.629086 2.1656466 -4.4825463 4294901760
-3.5319476 0.13691825 -3.5774937 4294901760
-5.8006907 -0.058722228 -3.6438909 4294901760
-8.0856781 0.31344658 -3.7545645 4294901760
-10.248187 -0.10374564 -3.8070133 4294901760
-12.691987 0.4920131 -3.962254 4294901760
-14.483472 -0.14662078 -3.9561362 4294901760
-21.965237 -0.22236106 -4.2559552 4294901760
-19.137917 0.74189377 -4.2019191 4294901760
-23.694017 -1.3993855 -4.2652202 4294901760
-3.5350442 0.15001632 -3.5798926 4294901760
-5.7970147 -0.037436258 -3.6435831 4294901760
-8.080555 0.34291372 -3.7548449 4294901760
-10.240593 -0.066132225 -3.8070965 4294901760
-12.709919 0.53936958 -3.9676354 4294901760
-14.47198 -0.093457893 -3.9566739 4294901760
-21.953934 -0.14177524 -4.2581491 4294901760
-19.190832 0.81439942 -4.2119617 4294901760
-23.746817 -1.3151819 -4.2742834 4294901760
-3.5344987 0.16235511 -3.5804086 4294901760
-5.800962 -0.017211931 -3.6457186 4294901760
-8.0832281 0.37129828 -3.756988 4294901760
-10.23681 -0.030373452 -3.8078804 4294901760
-12.692103 0.58300424 -3.9667444 4294901760
-14.460288 -0.042904861 -3.9570887 4294901760
-21.958284 -0.065152034 -4.26197 4294901760
-19.199818 0.88193226 -4.2162857 4294901760
-23.751263 -1.2322813 -4.2781043 4294901760
-3.5375922 0.1736353 -3.5827277 4294901760
-5.8048396 0.0010119501 -3.6477637 4294901760
-8.0702686 0.39611223 -3.7551532 4294901760
-10.228949 0.0017831991 -3.8077133 4294901760
-12.682284 0.62248331 -3.9670317 4294901760
-14.464329 0.0025215475 -3.9596808 4294901760
-21.938429 0.0038244973 -4.2627239 4294901760
-19.165098 0.94067872 -4.2147331 4294901760
-23.735081 -1.1566916 -4.2794237 4294901760
-3.5332792 0.18702579 -3.5814345 4294901760
-5.8086448 0.023316381 -3.6499841 4294901760
-8.0726042 0.42730421 -3.7574043 4294901760
-10.224915 0.041043654 -3.8086395 4294901760
-12.663949 0.67033625 -3.9663026 4294901760
-14.460236 0.058044583 -3.9615023 4294901760
-21.894363 0.08788579 -4.261404 4294901760
-19.173288 1.0148927 -4.2193141 4294901760
-3.5290544 0.19792211 -3.5800357 4294901760
-5.8046908 0.041537344 -3.6495299 4294901760
-8.0673056 0.45244363 -3.7574878 4294901760
-10.228686 0.073194675 -3.8108258 4294901760
-14.44805 0.1033877 -3.9616675 4294901760
-21.897968 0.15669799 -4.2648511 4294901760
-19.162043 1.0746765 -4.2207866 4294901760
-23.555124 -0.98313737 -4.2671199 4294901760
-3.5247233 0.2100241 -3.5786853 4294901760
-5.7968073 0.061717402 -3.6479113 4294901760
-8.0656776 0.48060131 -3.7586482 4294901760
-10.248131 0.10910971 -3.8163218 4294901760
-14.443624 0.15377827 -3.9632499 4294901760
-21.913246 0.23330577 -4.2699866 4294901760
-19.150217 1.1410844 -4.2225232 4294901760
-23.72196 -0.90716231 -4.2882304 4294901760
-3.531127 0.22401555 -3.5829585 4294901760
-5.8042307 0.084086657 -3.6513712 4294901760
-8.0637732 0.51156771 -3.7599194 4294901760
-10.231829 0.14822987 -3.8148606 4294901760
-14.430999 0.2090638 -3.9638309 4294901760
-21.900219 0.31727138 -4.2722526 4294901760
-19.16161 1.2156172 -4.2275839 4294901760
-23.749203 -0.81689304 -4.2949057 4294901760
-3.5267065 0.23609807 -3.5816031 4294901760
-5.7961988 0.10420838 -3.6497436 4294901760
-8.0619383 0.53971267 -3.7610705 4294901760
-10.227296 0.18387394 -3.8156066 4294901760
-14.430182 0.25943652 -3.9659986 4294901760
-16.821129 1.9551955 -4.1709409 4294901760
-21.910946 0.3939313 -4.2769122 4294901760
-19.137362 1.2811654 -4.2277632 4294901760
-23.739941 -0.73361731 -4.2973762 4294901760
-3.5331798 0.24768355 -3.5857739 4294901760
-5.7958431 0.12241741 -3.6505244 4294901760
-8.0680275 0.56558621 -3.7640376 4294901760
-10.23062 0.21608694 -3.8177762 4294901760
-14.425319 0.30468562 -3.9673371 4294901760
-16.830723 2.0099208 -4.1752415 4294901760
-21.917582 0.46293411 -4.2807794 4294901760
-19.121309 1.3404452 -4.2286777 4294901760
-23.718187 -0.65836704 -4.2981811 4294901760
-3.5214021 0.2598314 -3.5807188 4294901760
-5.7953558 0.14365952 -3.6514323 4294901760
-8.0698128 0.595442 -3.766206 4294901760
-10.237661 0.25377864 -3.8209624 4294901760
-14.408201 0.35716105 -3.96717 4294901760
-16.807432 2.0696483 -4.1753483 4294901760
-21.907759 0.54306555 -4.2832966 4294901760
-19.092411 1.4087592 -4.2284489 4294901760
-23.716452 -0.57133448 -4.3016567 4294901760
-3.5241356 0.27178624 -3.5830517 4294901760
-5.7986979 0.16298525 -3.6535022 4294901760
-8.0677948 0.62219954 -3.7672884 4294901760
-10.248616 0.28806007 -3.8247862 4294901760
-14.406938 0.40493891 -3.9692049 4294901760
-21.929768 0.61638474 -4.2891407 4294901760
-19.091614 1.4723717 -4.2315226 4294901760
-23.65835 -0.49144036 -4.2987728 4294901760
-3.5231655 0.28408539 -3.5835471 4294901760
-5.7942438 0.18310261 -3.6531091 4294901760
-8.0460243 0.64877963 -3.7635765 4294901760
-10.239648 0.32358083 -3.8247178 4294901760
-14.397489 0.45497182 -3.9701233 4294901760
-21.700155 0.68574178 -4.2662263 4294901760
-19.078407 1.5383599 -4.2331805 4294901760
-23.620008 -0.40816957 -4.2981796 4294901760
-25.402666 3.3037336 -4.5163798 4294901760
-3.5184882 0.29669279 -3.5822036 4294901760
-5.7935338 0.20433982 -3.654007 4294901760
-8.059226 0.6795857 -3.7686393 4294901760
-10.226544 0.36069354 -3.8239236 4294901760
-14.399697 0.507882 -3.9729629 4294901760
-21.713446 0.76584029 -4.2714276 4294901760
-19.080587 1.6089504 -4.2370148 4294901760
-23.637312 -0.32180661 -4.3037376 4294901760
-25.390385 3.3968234 -4.5199146 4294901760
-3.5210423 0.30928928 -3.5845568 4294901760
-5.7927847 0.22456056 -3.6548588 4294901760
-8.0607128 0.70805514 -3.7707343 4294901760
-10.23312 0.39669266 -3.8270156 4294901760
-14.381941 0.55752403 -3.9726441 4294901760
-21.786398 0.84456193 -4.2833638 4294901760
-23.6343 -0.23925945 -4.3069611 4294901760
-25.295294 3.4740164 -4.5142484 4294901760
-3.5200534 0.32035044 -3.5849974 4294901760
-5.7958994 0.24292096 -3.6568766 4294901760
-8.04673 0.73231089 -3.7688303 4294901760
-10.239722 0.42917293 -3.8299551 4294901760
-14.368197 0.6022079 -3.9727125 4294901760
-21.823505 0.91467893 -4.2908449 4294901760
-23.626951 -0.16494659 -4.3093786 4294901760
-3.5225232 0.33297619 -3.5873485 4294901760
-5.7950158 0.26314971 -3.6577227 4294901760
-8.0519342 0.76113123 -3.7718875 4294901760
-10.230265 0.46455285 -3.8298593 4294901760
-14.369981 0.65253597 -3.9754205 4294901760
-16.710001 2.4079463 -4.1810517 4294901760
-21.804235 0.99012291 -4.2921858 4294901760
-23.687262 -0.082686193 -4.3194528 4294901760
-3.5140631 0.34517595 -3.584131 4294901760
-5.794013 0.28438789 -3.658608 4294901760
-8.0490904 0.79063815 -3.7730539 4294901760
-10.220599 0.50165826 -3.8298299 4294901760
-14.371466 0.70539552 -3.9782262 4294901760
-21.80843 1.0704244 -4.2964401 4294901760
-23.695389 0.0041344934 -4.3241181 4294901760
-3.5199876 0.35878858 -3.5883667 4294901760
-5.7929316 0.30562213 -3.6594894 4294901760
-8.0461378 0.82013434 -3.774215 4294901760
-10.210796 0.53869885 -3.8297915 4294901760
-12.600519 1.2843575 -3.9883678 4294901760
-14.364811 0.75785542 -3.9798014 4294901760
-21.81233 1.1507698 -4.3006835 4294901760
-23.683237 0.090936705 -4.3266158 4294901760
-3.5116322 0.36908662 -3.5850706 4294901760
-5.7919426 0.32381853 -3.6602423 4294901760
-8.0396214 0.84499639 -3.7742331 4294901760
-10.224839 0.57165492 -3.834307 4294901760
-12.58853 1.3231049 -3.988528 4294901760
-14.370302 0.80342132 -3.9828916 4294901760
-16.613024 2.5718279 -4.1772866 4294901760
-21.824543 1.2201763 -4.3053699 4294901760
-23.658886 0.1651676 -4.3272629 4294901760
-3.5103223 0.38134322 -3.5855496 4294901760
-5.7984676 0.3444927 -3.6635885 4294901760
-8.0327234 0.87263346 -3.7743559 4294901760
-10.226727 0.60757995 -3.836576 4294901760
-14.363441 0.85334623 -3.9843471 4294901760
-16.623613 2.6329224 -4.182281 4294901760
-21.800234 1.2951735 -4.3061919 4294901760
-23.638206 0.24754882 -4.3286829 4294901760
-3.5052984 0.39380109 -3.5841842 4294901760
-5.7817888 0.3647714 -3.6594329 4294901760
-8.0216751 0.90119129 -3.7735529 4294901760
-10.212598 0.64430988 -3.8357201 4294901760
-14.368154 0.9064827 -3.9877343 4294901760
-16.598125 2.6912796 -4.1822319 4294901760
-21.783394 1.3743081 -4.3080802 4294901760
-18.953321 2.129302 -4.2480264 4294901760
-23.68504 0.3348574 -4.3376207 4294901760
-3.5111756 0.40625638 -3.588367 4294901760
-5.7843909 0.38419801 -3.6614749 4294901760
-8.0225382 0.92823821 -3.7755582 4294901760
-10.210406 0.67817295 -3.8371055 4294901760
-16.553747 2.7404528 -4.1790957 4294901760
-21.762791 1.4454799 -4.309176 4294901760
-18.954079 2.1930587 -4.2514992 4294901760
-23.69577 0.41360798 -4.3423028 4294901760
-3.5097363 0.41851032 -3.58884 4294901760
-5.790699 0.40492451 -3.664814 4294901760
-8.019249 0.95623672 -3.776639 4294901760
-10.211918 0.71408576 -3.8393574 4294901760
-21.749649 1.5208814 -4.3113418 4294901760
-18.934429 2.257792 -4.2524948 4294901760
-23.694183 0.49631974 -4.3458514 4294901760
-3.5082538 0.4307591 -3.5893111 4294901760
-5.7815676 0.42457128 -3.6631174 4294901760
-8.0197563 0.98470163 -3.7786908 4294901760
-10.221189 0.75059628 -3.8432047 4294901760
-21.744209 1.5967931 -4.3144245 4294901760
-23.680334 0.57873291 -4.348083 4294901760
-3.5031326 0.44254833 -3.5879123 4294901760
-5.7915721 0.44563684 -3.6677115 4294901760
-8.0201616 1.0131816 -3.7807391 4294901760
-10.222446 0.78657383 -3.8454485 4294901760
-21.718611 1.6711547 -4.3151622 4294901760
-23.706102 0.66216999 -4.3546515 4294901760
-3.5015662 0.45477393 -3.5883787 4294901760
-5.7784629 0.46492392 -3.6647468 4294901760
-8.0010176 1.0391505 -3.7778997 4294901760
-10.215699 0.82193536 -3.8460853 4294901760
-21.748444 1.7498376 -4.3224206 4294901760
-23.715616 0.7452926 -4.3594708 4294901760
-3.5072258 0.46734089 -3.592557 4294901760
-5.7768888 0.48408362 -3.6655161 4294901760
-7.9897513 1.0646412 -3.776953 4294901760
-10.201101 0.85481763 -3.8450406 4294901760
-21.714684 1.8196167 -4.3220429 4294901760
-23.693064 0.82324004 -4.3606148 4294901760
-3.5019813 0.47908923 -3.5911508 4294901760
-5.7790012 0.50458097 -3.6675835 4294901760
-7.9898729 1.0930561 -3.7789857 4294901760
-10.198055 0.89042115 -3.8464646 4294901760
-23.650158 0.90441471 -4.3597307 4294901760
-3.510972 0.49343431 -3.5972431 4294901760
-5.7847853 0.52645564 -3.6709499 4294901760
-7.9819288 1.1217855 -3.7791104 4294901760
-10.19866 0.92814887 -3.8487563 4294901760
-23.578884 0.98824364 -4.3559308 4294901760
-3.487699 0.50258541 -3.5864825 4294901760
-5.7790775 0.54628414 -3.6704893 4294901760
-7.9857287 1.1507617 -3.7821133 4294901760
-10.191423 0.96337396 -3.8493659 4294901760
-23.607193 1.0719982 -4.3628793 4294901760
-3.4967723 0.51573437 -3.592526 4294901760
-5.7734008 0.5650689 -3.6699843 4294901760
-7.9702282 1.1755186 -3.7801647 4294901760
-10.188172 0.99716264 -3.8507018 4294901760
-23.659328 1.1529922 -4.3722849 4294901760
-3.4948585 0.52854729 -3.5930028 4294901760
-5.7751231 0.58661497 -3.6720808 4294901760
-7.9736218 1.2058961 -3.7832108 4294901760
-10.184449 1.0344975 -3.8521721 4294901760
-23.674873 1.2407451 -4.3780828 4294901760
-3.4930866 0.54013389 -3.5934322 4294901760
-5.7769771 0.60616499 -3.6740952 4294901760
-7.965703 1.2317319 -3.7832103 4294901760
-10.165239 1.0666152 -3.8502769 4294901760
-23.650702 1.3181375 -4.3791318 4294901760
-3.4911799 0.55232382 -3.5938818 4294901760
-5.7709961 0.62591153 -3.673619 4294901760
-7.9652295 1.260143 -3.7852168 4294901760
-10.169312 1.1029446 -3.8532741 4294901760
-23.64994 1.4009222 -4.3829756 4294901760
-24.7869 5.1737375 -4.5540366 4294901760
-3.4820735 0.56334919 -3.590585 4294901760
-5.7687759 0.64605242 -3.674403 4294901760
-7.9530387 1.2866868 -3.7842758 4294901760
-10.161472 1.137996 -3.8538496 4294901760
-23.632954 1.4827183 -4.3850431 4294901760
-3.4729328 0.5743168 -3.5872841 4294901760
-5.7588334 0.66529995 -3.6726534 4294901760
-7.9523683 1.3150783 -3.7862728 4294901760
-10.165293 1.1743643 -3.8568375 4294901760
-23.615685 1.5644071 -4.3870935 4294901760
-24.761885 5.3491802 -4.5613146 4294901760
-3.4852047 0.58885276 -3.5952184 4294901760
-5.7603006 0.68585491 -3.674695 4294901760
-7.9322591 1.3402176 -3.783355 4294901760
-10.157205 1.2093759 -3.8574004 4294901760
-14.2681 1.698843 -4.0150204 4294901760
-21.538897 2.5645463 -4.3399639 4294901760
-23.594152 1.645727 -4.3886857 4294901760
-24.711863 5.4287348 -4.5607457 4294901760
-3.4724109 0.59916562 -3.5900388 4294901760
-5.7540483 0.70548934 -3.6742022 4294901760
-7.9313984 1.3685653 -3.7853417 4294901760
-10.152921 1.2448241 -3.8587637 4294901760
-14.28182 1.751058 -4.0200462 4294901760
-23.592243 1.728368 -4.3924732 4294901760
-24.67717 5.5114808 -4.5619178 4294901760
-3.481009 0.6131689 -3.5960987 4294901760
-5.7515502 0.72556925 -3.6749713 4294901760
-7.9227095 1.3955606 -3.7853582 4294901760
-10.152436 1.2807496 -3.860929 4294901760
-23.562187 1.8088716 -4.3931446 4294901760
-24.630524 5.5913935 -4.5617452 4294901760
-3.4753883 0.62406832 -3.5946393 4294901760
-5.756753 0.74562782 -3.6782329 4294901760
-7.9257598 1.4232124 -3.7882702 4294901760
-10.144213 1.3139017 -3.8614044 4294901760
-16.245541 3.7446041 -4.1995015 4294901760
-23.548101 1.8863599 -4.3954067 4294901760
-24.572935 5.664072 -4.5600796 4294901760
-3.4696229 0.63554287 -3.5931983 4294901760
-5.7541151 0.76571816 -3.6789963 4294901760
-7.9323168 1.4529901 -3.792213 4294901760
-10.135647 1.3487824 -3.8619406 4294901760
-16.228493 3.8003814 -4.2008238 4294901760
-23.50955 1.9658866 -4.3951526 4294901760
-24.518021 5.7416196 -4.5589767 4294901760
-3.4709468 0.64831603 -3.5955055 4294901760
-5.7514071 0.78579932 -3.6797564 4294901760
-7.919486 1.4792303 -3.7912307 4294901760
-10.126962 1.3836197 -3.8624697 4294901760
-16.207376 3.8551633 -4.2015529 4294901760
-24.48229 5.8234735 -4.5600643 4294901760
-3.4651015 0.65974915 -3.5940595 4294901760
-5.7524438 0.80640423 -3.6817813 4294901760
-7.9104214 1.5061301 -3.7912264 4294901760
-10.110328 1.4173126 -3.8613713 4294901760
-16.182207 3.9089053 -4.2016873 4294901760
-24.442406 5.9042034 -4.560688 4294901760
-3.4698949 0.67322236 -3.5982394 4294901760
-5.7495937 0.82648063 -3.6825349 4294901760
-7.912816 1.5352294 -3.794173 4294901760
-10.101406 1.4520359 -3.8618848 4294901760
-16.176199 3.9672694 -4.2047215 4294901760
-24.425526 5.9904451 -4.5639548 4294901760
-3.4605308 0.68332005 -3.5948906 4294901760
-5.7544436 0.84666276 -3.6857865 4294901760
-7.9192266 1.5637389 -3.798054 4294901760
-10.092626 1.484948 -3.8623257 4294901760
-16.151363 4.0180025 -4.2047391 4294901760
-24.370651 6.0627294 -4.5626235 4294901760
-3.4580028 0.69599903 -3.5953348 4294901760
-5.7474928 0.86717349 -3.6853015 4294901760
-7.9095964 1.5919801 -3.7980838 4294901760
-10.091023 1.5225192 -3.8645139 4294901760
-16.144249 4.0791245 -4.2078447 4294901760
-24.36375 6.1559243 -4.5673285 4294901760
-3.4591036 0.70879328 -3.5976331 4294901760
-5.7177835 0.88311529 -3.6771512 4294901760
-7.8924642 1.6172184 -3.7960849 4294901760
-10.085648 1.5577346 -3.8658192 4294901760
-16.122196 4.1334763 -4.2085142 4294901760
-24.318907 6.234983 -4.56743 4294901760
-3.4566083 0.72086358 -3.598052 4294901760
-5.7336893 0.90607494 -3.6842427 4294901760
-7.8714118 1.6415553 -3.7930906 4294901760
-10.068437 1.59108 -3.8646805 4294901760
-24.281536 6.3158135 -4.5684009 4294901760
-3.4505246 0.73217261 -3.59659 4294901760
-5.7457018 0.9285419 -3.6900642 4294901760
-7.8733072 1.6706502 -3.7960153 4294901760
-10.074526 1.6281075 -3.8684113 4294901760
-23.385986 2.6148911 -4.4143 4294901760
-24.247757 6.3974767 -4.569798 4294901760
-3.4517512 0.74377292 -3.5988417 4294901760
-5.7465568 0.94721478 -3.6919968 4294901760
-7.8603511 1.6937246 -3.794889 4294901760
-10.069362 1.6597501 -3.8695695 4294901760
-23.385586 2.6892605 -4.4180474 4294901760
-3.4524109 0.75779837 -3.6011744 4294901760
-5.7352815 0.96799093 -3.6902556 4294901760
-7.8537898 1.7238936 -3.7959216 4294901760
-10.059017 1.6977437 -3.8701642 4294901760
-23.379053 2.7795057 -4.4219651 4294901760
-3.4532831 0.77063388 -3.6034646 4294901760
-5.7318673 0.98800361 -3.6909819 4294901760
-7.8592095 1.7538594 -3.799823 4294901760
-10.04524 1.731501 -3.8698084 4294901760
-23.337513 2.8572118 -4.4215007 4294901760
-3.4399657 0.78027761 -3.5982325 4294901760
-5.7321768 1.0086733 -3.6929777 4294901760
-7.8568645 1.7821503 -3.8017426 4294901760
-10.035241 1.7658701 -3.8702593 4294901760
-23.319473 2.9376605 -4.4237189 4294901760
-3.4407537 0.79309577 -3.600518 4294901760
-5.7248297 1.0279969 -3.6924233 4294901760
-7.8467736 1.8086861 -3.8016772 4294901760
-10.021236 1.7994946 -3.8698881 4294901760
-18.309397 4.2203269 -4.2882214 4294901760
-23.328871 3.0216126 -4.4290819 4294901760
-3.4414935 0.80592805 -3.6028023 4294901760
-5.7212067 1.0479742 -3.6931388 4294901760
-7.8327737 1.8342768 -3.8006153 4294901760
-10.022669 1.8358886 -3.8727725 4294901760
-18.279024 4.2805772 -4.2882261 4294901760
-3.435133 0.81709665 -3.6013222 4294901760
-5.7061548 1.0658157 -3.690026 4294901760
-7.8301396 1.8625133 -3.8025198 4294901760
-10.012315 1.8701354 -3.8732026 4294901760
-18.263973 4.3443532 -4.2903576 4294901760
-3.4357839 0.82993376 -3.6036026 4294901760
-5.7099676 1.0871685 -3.6932836 4294901760
-7.8235908 1.8898344 -3.8034284 4294901760
-9.997961 1.9035952 -3.8728087 4294901760
-21.194569 4.0354109 -4.3811517 4294901760
-18.248697 4.4080801 -4.2924771 4294901760
-3.4366808 0.84158599 -3.6058421 4294901760
-5.6989603 1.103637 -3.6913657 4294901760
-7.817615 1.9144039 -3.8042419 4294901760
-9.984169 1.9334927 -3.8722835 4294901760
-21.126942 4.0913558 -4.3767343 4294901760
-18.230886 4.4644413 -4.293838 4294901760
-3.4265368 0.85242599 -3.6024916 4294901760
-5.6986556 1.1252636 -3.6933768 4294901760
-7.8105454 1.9430441 -3.8051853 4294901760
-9.9847708 1.9716052 -3.8752067 4294901760
-21.111803 4.1687627 -4.3794584 4294901760
-18.206663 4.5293059 -4.2949648 4294901760
-3.4270556 0.86526841 -3.6047664 4294901760
-5.6946936 1.1451476 -3.6940732 4294901760
-7.7961097 1.9683741 -3.8040931 4294901760
-9.9894524 2.0087819 -3.8788824 4294901760
-21.101036 4.2432137 -4.3825231 4294901760
-18.074781 4.563549 -4.28093 4294901760
-3.4206557 0.87572926 -3.6032536 4294901760
-5.690865 1.1640258 -3.6947315 4294901760
-7.8047395 1.9981078 -3.8089092 4294901760
-9.9827366 2.0418975 -3.8800373 4294901760
-21.082941 4.3123651 -4.3844776 4294901760
-3.413914 0.88734961 -3.6017766 4294901760
-5.6865602 1.1848775 -3.6954553 4294901760
-7.7707896 2.0197952 -3.8028815 4294901760
-9.9674473 2.0768626 -3.8796682 4294901760
-21.066992 4.3896141 -4.3871589 4294901760
-17.957592 4.6675644 -4.2731938 4294901760
-3.4143012 0.90018451 -3.6040454 4294901760
-5.6823897 1.2047189 -3.696141 4294901760
-7.7712765 2.0489061 -3.8057451 4294901760
-9.9408045 2.107542 -3.8767703 4294901760
-17.937336 4.7291994 -4.2746782 4294901760
-3.4112976 0.91150188 -3.6044092 4294901760
-5.6745977 1.2227446 -3.6955104 4294901760
-7.7682295 2.0756781 -3.8075674 4294901760
-9.9414883 2.1421607 -3.8795445 4294901760
-3.4080949 0.9234041 -3.6047897 4294901760
-5.6665325 1.2417208 -3.6949093 4294901760
-7.772294 2.1058593 -3.8114188 4294901760
-9.922368 2.1743121 -3.8782697 4294901760
-3.4048507 0.93529499 -3.6051679 4294901760
-5.6659231 1.2623309 -3.6968625 4294901760
-7.7535491 2.1298599 -3.8092954 4294901760
-9.9108591 2.208075 -3.8786283 4294901760
-15.746504 5.1650071 -4.2305117 4294901760
-20.918783 4.6605687 -4.3863897 4294901760
-23.593147 7.7387829 -4.5854182 4294901760
-3.398073 0.94620138 -3.603658 4294901760
-5.6577253 1.2812492 -3.6962531 4294901760
-7.7422886 2.1558583 -3.8091555 4294901760
-9.9146557 2.2452738 -3.8822663 4294901760
-15.728379 5.2199378 -4.2321215 4294901760
-20.871254 4.7265062 -4.384963 4294901760
-23.497772 7.7984457 -4.57967 4294901760
-3.3982382 0.95904255 -3.6059175 4294901760
-5.6532183 1.3009919 -3.6969197 4294901760
-7.7384906 2.183938 -3.8110023 4294901760
-9.8913507 2.2763259 -3.8801455 4294901760
-13.871088 3.1921945 -4.0484138 4294901760
-15.710062 5.2748122 -4.2337208 4294901760
-20.839073 4.7957578 -4.3854685 4294901760
-23.371984 7.8473802 -4.570262 4294901760
-3.3983552 0.97189575 -3.6081753 4294901760
-5.6486425 1.3207176 -3.6975822 4294901760
-7.7345915 2.2120161 -3.8128445 4294901760
-9.8794956 2.3099396 -3.8804824 4294901760
-13.84437 3.2369728 -4.0474901 4294901760
-15.695323 5.3308997 -4.2359014 4294901760
-20.795006 4.8621116 -4.38449 4294901760
-23.45788 7.9674435 -4.5862479 4294901760
-3.3846672 0.98013484 -3.6028657 4294901760
-5.6479793 1.3403316 -3.6994896 4294901760
-7.7309809 2.238744 -3.81464 4294901760
-9.8679352 2.3417764 -3.8807545 4294901760
-13.829689 3.2819469 -4.0483871 4294901760
-15.662491 5.3777452 -4.2350268 4294901760
-20.774885 4.9301229 -4.3863063 4294901760
-23.401112 8.0348158 -4.5848513 4294901760
-3.3845308 0.99355394 -3.6051371 4294901760
-5.6392846 1.3601189 -3.6988966 4294901760
-7.7151971 2.264853 -3.8135228 4294901760
-9.8708134 2.3807058 -3.884428 4294901760
-13.813703 3.3316772 -4.0494347 4294901760
-15.63139 5.4311895 -4.234889 4294901760
-20.768314 5.0090351 -4.3903079 4294901760
-22.953276 4.3619623 -4.461051 4294901760
-23.386597 8.1257677 -4.5891252 4294901760
-3.3775673 1.0043291 -3.6036134 4294901760
-5.6307616 1.3788795 -3.698266 4294901760
-7.6997247 2.2895348 -3.8123567 4294901760
-9.8547649 2.4132676 -3.8839207 4294901760
-13.809714 3.3817687 -4.0523081 4294901760
-15.608582 5.4844017 -4.2358475 4294901760
-20.742952 5.0796027 -4.391727 4294901760
-22.930073 4.4405408 -4.4629617 4294901760
-23.354326 8.2060308 -4.5909925 4294901760
-3.377512 1.0171583 -3.6058626 4294901760
-5.6259146 1.3985262 -3.6989136 4294901760
-7.6991973 2.3186603 -3.8151767 4294901760
-9.834775 2.444792 -3.8825805 4294901760
-20.709606 5.148128 -4.3921499 4294901760
-22.898766 4.5174646 -4.4639339 4294901760
-23.321774 8.2861662 -4.5928411 4294901760
-3.3810554 1.0304675 -3.6099806 4294901760
-5.62498 1.4181179 -3.7008078 4294901760
-7.6952171 2.3453245 -3.8169534 4294901760
-9.8304443 2.4783607 -3.8844743 4294901760
-15.454685 5.5488019 -4.2204075 4294901760
-20.680811 5.2138548 -4.3929286 4294901760
-22.864094 4.5894537 -4.4642873 4294901760
-23.188932 8.3256817 -4.5822468 4294901760
-3.3601182 1.0369177 -3.6008947 4294901760
-5.6199961 1.4377429 -3.7014484 4294901760
-7.6832366 2.3710132 -3.8167686 4294901760
-9.8255634 2.5136378 -3.8864191 4294901760
-15.513841 5.631248 -4.2344089 4294901760
-20.643158 5.2810631 -4.3928261 4294901760
-22.828381 4.665235 -4.4647608 4294901760
-23.110933 8.3888578 -4.5785751 4294901760
-3.3599386 1.0497217 -3.6031375 4294901760
-5.6000299 1.4534811 -3.6969504 4294901760
-7.6711693 2.3966491 -3.8165777 4294901760
-9.8167295 2.5479207 -3.8875322 4294901760
-15.527741 5.6977162 -4.2412705 4294901760
-20.616875 5.3510852 -4.3941813 4294901760
-23.163986 8.4997435 -4.5908632 4294901760
-3.3597105 1.062536 -3.6053786 4294901760
-5.6135468 1.4779221 -3.7040021 4294901760
-7.6590171 2.4222271 -3.8163805 4294901760
-9.7963104 2.5791507 -3.8861604 4294901760
-15.507759 5.7518802 -4.2427659 4294901760
-20.609646 5.4260616 -4.3979821 4294901760
-22.764009 4.8178754 -4.4665756 4294901760
-23.06304 8.5541592 -4.5844088 4294901760
-3.3594334 1.0753624 -3.6076179 4294901760
-5.6120753 1.4985019 -3.7059164 4294901760
-7.6579866 2.4513392 -3.8191779 4294901760
-9.7948837 2.6153698 -3.8889122 4294901760
-15.483857 5.8045797 -4.2436543 4294901760
-20.594435 5.4989996 -4.4007864 4294901760
-23.051735 8.6416206 -4.5889034 4294901760
-3.355849 1.0864969 -3.6079481 4294901760
-5.5996385 1.5150924 -3.7039413 4294901760
-7.6460838 2.4755127 -3.8189301 4294901760
-9.8014174 2.6519663 -3.8932583 4294901760
-11.891438 3.8499978 -4.0483685 4294901760
-15.445899 5.8488426 -4.2420707 4294901760
-22.707291 4.9675961 -4.4691086 4294901760
-22.996809 8.7081184 -4.5877814 4294901760
-3.3415091 1.0954024 -3.602639 4294901760
-5.5940475 1.5356072 -3.7045944 4294901760
-7.6332307 2.5023 -3.8187554 4294901760
-9.7763853 2.6836896 -3.8910916 4294901760
-11.869705 3.8910868 -4.0482054 4294901760
-15.435515 5.9096909 -4.2453938 4294901760
-17.695496 5.800878 -4.3168373 4294901760
-22.673344 5.0473242 -4.470088 4294901760
-22.942364 8.7837868 -4.5873146 4294901760
-3.3411067 1.1082004 -3.6048717 4294901760
-5.5775204 1.5520257 -3.7013547 4294901760
-7.6281738 2.5301633 -3.8205373 4294901760
-9.7555361 2.7146187 -3.8896878 4294901760
-11.852285 3.9312449 -4.0486946 4294901760
-15.414792 5.9635315 -4.2468424 4294901760
-17.675142 5.8626084 -4.3186474 4294901760
-22.659481 5.127315 -4.4732366 4294901760
-22.933907 8.8724566 -4.5922189 4294901760
-3.3406549 1.1210098 -3.6071029 4294901760
-5.5757766 1.5725312 -3.7032537 4294901760
-7.608139 2.5530319 -3.8183079 4294901760
-9.7536087 2.7508013 -3.892416 4294901760
-11.830967 3.9700689 -4.0484505 4294901760
-15.379045 6.0115037 -4.2458901 4294901760
-17.635674 5.9179301 -4.3177137 4294901760
-22.625885 5.2028022 -4.4740458 4294901760
-22.880482 8.9437342 -4.5916042 4294901760
-3.3437848 1.1344111 -3.6112068 4294901760
-5.5705309 1.5910127 -3.7038326 4294901760
-7.6033468 2.5795083 -3.8200412 4294901760
-9.740633 2.7820454 -3.8926003 4294901760
-11.82901 4.0131049 -4.0517626 4294901760
-15.35532 6.0610075 -4.2466459 4294901760
-17.597075 5.9699759 -4.3166742 4294901760
-22.627945 5.2823424 -4.4788947 4294901760
-22.820982 9.0078325 -4.5899448 4294901760
-3.3363757 1.1448995 -3.6096511 4294901760
-5.5686436 1.6115187 -3.7057254 4294901760
-7.6017151 2.6085792 -3.8228102 4294901760
-9.7308617 2.81603 -3.8936596 4294901760
-11.80367 4.0505075 -4.0507751 4294901760
-15.33777 6.1160469 -4.2486577 4294901760
-17.576128 6.0313649 -4.3184433 4294901760
-22.582178 5.3548503 -4.4782734 4294901760
-22.707796 9.0548983 -4.5819364 4294901760
-3.3323593 1.1565379 -3.6099844 4294901760
-5.5629849 1.6309458 -3.7063277 4294901760
-7.5999751 2.6376686 -3.8255756 4294901760
-9.720974 2.8499775 -3.894712 4294901760
-11.789459 4.0916829 -4.0519547 4294901760
-15.312634 6.168056 -4.2494612 4294901760
-17.551203 6.0913696 -4.3196526 4294901760
-22.56723 5.4345732 -4.4813628 4294901760
-22.64642 9.1221666 -4.5803337 4294901760
-3.3283014 1.1681639 -3.6103156 4294901760
-5.5424867 1.6459695 -3.7017751 4294901760
-7.5944219 2.6654825 -3.8273337 4294901760
-9.7109652 2.8838956 -3.8957579 4294901760
-11.786336 4.1367564 -4.055305 4294901760
-15.279942 6.2169714 -4.2490559 4294901760
-17.529831 6.1526027 -4.3213964 4294901760
-22.548122 5.5133209 -4.4839716 4294901760
-22.718006 9.2433062 -4.5952759 4294901760
-3.3278263 1.1804057 -3.6125207 4294901760
-5.5443764 1.6665564 -3.7049148 4294901760
-7.570755 2.6854053 -3.8240323 4294901760
-9.6975632 2.9149423 -3.8959148 4294901760
-11.768815 4.1744895 -4.0556841 4294901760
-15.244506 6.2615509 -4.2479687 4294901760
-17.520605 6.214694 -4.3246851 4294901760
-22.506472 5.5822921 -4.4836321 4294901760
-22.746328 9.3428612 -4.6045909 4294901760
-3.3170683 1.1889886 -3.6090448 4294901760
-5.5461903 1.6871755 -3.7080529 4294901760
-7.5728846 2.714467 -3.82775 4294901760
-9.6916265 2.9482353 -3.8977263 4294901760
-11.747436 4.2108164 -4.0553279 4294901760
-15.227339 6.3135967 -4.2498665 4294901760
-17.484888 6.2673812 -4.3241258 4294901760
-22.449123 5.6471581 -4.4814024 4294901760
-22.722599 9.4212999 -4.6074491 4294901760
-3.3163061 1.2017951 -3.6112621 4294901760
-5.5402665 1.7065253 -3.7086401 4294901760
-7.5559878 2.7382121 -3.8264806 4294901760
-9.6774979 2.9808843 -3.8979216 4294901760
-11.740127 4.2545009 -4.057929 4294901760
-15.168468 6.3513284 -4.2452235 4294901760
-17.462904 6.3283768 -4.3258324 4294901760
-22.413799 5.7215366 -4.4820876 4294901760
-22.689573 9.5005589 -4.6094713 4294901760
-3.3050714 1.2114469 -3.6078119 4294901760
-5.5266204 1.724525 -3.7066739 4294901760
-7.5385361 2.7631886 -3.8252411 4294901760
-9.6665068 3.0163341 -3.8989916 4294901760
-11.720728 4.2961369 -4.0583968 4294901760
-15.119412 6.3960195 -4.2424302 4294901760
-17.432104 6.389595 -4.3265119 4294901760
-22.412001 5.8086572 -4.4870992 4294901760
-22.661955 9.5867682 -4.6124997 4294901760
-3.3042221 1.2242359 -3.6100247 4294901760
-5.5095482 1.7403258 -3.7033834 4294901760
-7.5325222 2.7908487 -3.8269722 4294901760
-9.6634569 3.0524397 -3.9016674 4294901760
-11.720544 4.3425384 -4.062439 4294901760
-15.082343 6.4424996 -4.2413549 4294901760
-17.398481 6.4462514 -4.3265433 4294901760
-22.345261 5.8746758 -4.4839973 4294901760
-22.63937 9.6705217 -4.6158733 4294901760
-3.2999289 1.2357616 -3.6103411 4294901760
-5.5071092 1.7607188 -3.7052472 4294901760
-7.5227351 2.8171237 -3.8276935 4294901760
-9.6527443 3.0861509 -3.9026735 4294901760
-11.705316 4.3834219 -4.063561 4294901760
-15.096337 6.5108781 -4.2486763 4294901760
-17.372141 6.5055423 -4.3276591 4294901760
-22.447807 9.6814833 -4.5979729 4294901760
-3.289031 1.2441326 -3.6068494 4294901760
-5.5122352 1.7825272 -3.7096603 4294901760
-7.5096836 2.8406672 -3.827368 4294901760
-9.6386967 3.1169276 -3.9027903 4294901760
-11.687004 4.4208107 -4.0638905 4294901760
-15.067359 6.5577254 -4.2487144 4294901760
-17.346743 6.5617042 -4.3286796 4294901760
-22.302073 9.7064695 -4.5854816 4294901760
-3.2880545 1.2569004 -3.6090558 4294901760
-5.5096402 1.8029559 -3.7115188 4294901760
-7.4887304 2.8626621 -3.8250601 4294901760
-9.6240005 3.1493251 -3.9029496 4294901760
-11.66038 4.4573283 -4.062808 4294901760
-15.026144 6.6022696 -4.2470007 4294901760
-19.99337 6.542562 -4.4006114 4294901760
-17.331181 6.6250629 -4.3314214 4294901760
-22.315582 9.8051424 -4.5934124 4294901760
-3.2800438 1.2676365 -3.6074846 4294901760
-5.488369 1.818292 -3.7069459 4294901760
-7.4818463 2.8915045 -3.8268051 4294901760
-9.6198969 3.1870639 -3.9056509 4294901760
-11.643966 4.5000362 -4.0639582 4294901760
-13.47371 4.463829 -4.0823736 4294901760
-15.005485 6.6589146 -4.2489467 4294901760
-19.969255 6.615798 -4.40276 4294901760
-17.299343 6.6856666 -4.3320289 4294901760
-22.385344 9.9338408 -4.6088376 4294901760
-3.2791996 1.2798247 -3.6096714 4294901760
-5.4859614 1.8377059 -3.7087681 4294901760
-7.4795251 2.9191518 -3.8294821 4294901760
-9.598031 3.2151806 -3.9040797 4294901760
-11.621587 4.5357394 -4.0635309 4294901760
-13.458833 4.5084848 -4.0836763 4294901760
-14.99059 6.7118931 -4.2513561 4294901760
-19.954773 6.6845169 -4.4056907 4294901760
-17.273363 6.7415466 -4.3330112 4294901760
-22.465261 10.058606 -4.625001 4294901760
-3.2747121 1.2912637 -3.6099753 4294901760
-5.4722176 1.854372 -3.7067394 4294901760
-7.4656396 2.9438033 -3.8291683 4294901760
-9.58675 3.2486651 -3.905051 4294901760
-11.605682 4.5762787 -4.0646086 4294901760
-13.443013 4.5554385 -4.0850382 4294901760
-14.952553 6.7576194 -4.2502055 4294901760
-19.946436 6.7592549 -4.4097114 4294901760
-17.242308 6.7988768 -4.3335094 4294901760
-22.440929 10.141896 -4.6282778 4294901760
-3.2665894 1.3019161 -3.6083956 4294901760
-5.458096 1.8719182 -3.7047324 4294901760
-7.4475126 2.9682446 -3.8278759 4294901760
-9.5635624 3.2799361 -3.9035599 4294901760
-11.585145 4.6173191 -4.0650005 4294901760
-13.426226 4.604682 -4.0864577 4294901760
-14.953047 6.8239565 -4.2557316 4294901760
-19.872459 6.8154936 -4.4053082 4294901760
-17.191347 6.8517003 -4.3313131 4294901760
-22.396339 10.220769 -4.629312 4294901760
-3.2653883 1.3146639 -3.6105912 4294901760
-5.4551682 1.8922204 -3.7065709 4294901760
-7.4480224 2.9986162 -3.8315802 4294901760
-9.5483208 3.3120019 -3.9036808 4294901760
-11.572639 4.6592102 -4.0667911 4294901760
-13.406312 4.6502137 -4.0871501 4294901760
-14.914666 6.8694425 -4.2545552 4294901760
-19.807077 6.8704309 -4.401782 4294901760
-17.171024 6.9131527 -4.3334374 4294901760
-22.349646 10.293868 -4.6297693 4294901760
-3.2578835 1.3235508 -3.6089611 4294901760
-5.4528327 1.9106216 -3.7083521 4294901760
-7.4458332 3.0249512 -3.8342052 4294901760
-9.5416002 3.3432877 -3.9053705 4294901760
-11.557945 4.6955414 -4.0677371 4294901760
-13.365367 4.6830997 -4.0837989 4294901760
-14.896624 6.9179392 -4.256259 4294901760
-19.774101 6.9286609 -4.4020495 4294901760
-17.149223 6.9670596 -4.3348422 4294901760
-22.32082 10.365709 -4.6318836 4294901760
-3.2532437 1.3349149 -3.6092553 4294901760
-5.438868 1.9270711 -3.7063038 4294901760
-7.4388576 3.0524125 -3.8358858 4294901760
-9.5261459 3.3752542 -3.9054778 4294901760
-11.537813 4.7343516 -4.0680494 4294901760
-13.352687 4.7310538 -4.0857701 4294901760
-14.84714 6.958065 -4.2532473 4294901760
-19.813732 7.020298 -4.4125352 4294901760
-17.102671 7.0177989 -4.3330722 4294901760
-22.306194 10.453728 -4.6364894 4294901760
-3.2547913 1.3501748 -3.6133714 4294901760
-5.4314284 1.9479406 -3.7068913 4294901760
-7.4234595 3.0794501 -3.8356104 4294901760
-9.5131159 3.4118068 -3.9065068 4294901760
-11.52688 4.7816596 -4.0706506 4294901760
-13.341909 4.7849746 -4.0885143 4294901760
-14.813116 7.0116158 -4.2533579 4294901760
-19.745317 7.0815082 -4.4091511 4294901760
-17.086647 7.0879993 -4.3364186 4294901760
-22.247847 10.530758 -4.6361442 4294901760
-3.2471888 1.3589947 -3.6117342 4294901760
-5.4216604 1.9636843 -3.7060747 4294901760
-7.4137473 3.1027586 -3.8362052 4294901760
-9.4949169 3.438987 -3.9056697 4294901760
-11.515459 4.8193836 -4.0723062 4294901760
-13.315591 4.8228064 -4.0877328 4294901760
-14.823363 7.0735588 -4.2598619 4294901760
-19.749231 7.1530223 -4.4144034 4294901760
-17.056934 7.1385703 -4.3366804 4294901760
-22.203838 10.595447 -4.6363511 4294901760
-3.2424254 1.3703206 -3.6120212 4294901760
-5.414773 1.9825964 -3.7066007 4294901760
-7.3992591 3.12709 -3.8358514 4294901760
-9.4902782 3.4748254 -3.9082644 4294901760
-11.487603 4.8549142 -4.0711269 4294901760
-13.287473 4.8651519 -4.08707 4294901760
-14.784228 7.1183443 -4.2586222 4294901760
-19.735386 7.2260284 -4.4178286 4294901760
-17.039261 7.2011671 -4.3392963 4294901760
-22.177513 10.678081 -4.6395121 4294901760
-3.234288 1.3802075 -3.6104074 4294901760
-5.4042068 2.0001483 -3.705828 4294901760
-7.3955135 3.1559784 -3.8385203 4294901760
-9.4817972 3.5093036 -3.9100165 4294901760
-11.481534 4.8996563 -4.0743337 4294901760
-13.25549 4.9059834 -4.0857434 4294901760
-14.748544 7.1646867 -4.2579727 4294901760
-19.623972 7.2630191 -4.4081554 4294901760
-17.028685 7.2668605 -4.343009 4294901760
-22.118555 10.744961 -4.638463 4294901760
-3.2294505 1.391489 -3.6106892 4294901760
-5.389976 2.0163014 -3.7037554 4294901760
-7.3916569 3.1848791 -3.8411846 4294901760
-9.4768934 3.54515 -3.9126 4294901760
-11.457074 4.9365649 -4.0738683 4294901760
-13.245734 4.9550114 -4.0883183 4294901760
-14.719867 7.2143731 -4.2585201 4294901760
-19.594759 7.3300772 -4.4095321 4294901760
-16.959282 7.3073282 -4.3378382 4294901760
-22.019955 10.792228 -4.6322641 4294901760
-3.2278979 1.4041997 -3.6128678 4294901760
-5.3973169 2.0405524 -3.7094505 4294901760
-7.3733001 3.2075322 -3.8398037 4294901760
-9.4570665 3.5754135 -3.9118266 4294901760
-11.436132 4.9749451 -4.0741262 4294901760
-13.239516 5.0054364 -4.0915375 4294901760
-14.676744 7.2568855 -4.2566347 4294901760
-19.613842 7.4153647 -4.4174457 4294901760
-16.875175 7.3410373 -4.3304262 4294901760
-21.989304 10.872566 -4.634903 4294901760
-3.2229767 1.4154587 -3.6131451 4294901760
-5.3829651 2.0566308 -3.7073696 4294901760
-7.3476934 3.2269413 -3.8363945 4294901760
-9.4408369 3.6069927 -3.9118834 4294901760
-11.41143 5.0116429 -4.0736408 4294901760
-13.210819 5.0473633 -4.0908308 4294901760
-14.629939 7.2974067 -4.2541289 4294901760
-19.572929 7.4780889 -4.417284 4294901760
-16.882299 7.4143252 -4.3368726 4294901760
-21.75136 7.1136417 -4.4981446 4294901760
-21.944075 10.945694 -4.6356583 4294901760
-3.2213302 1.4281697 -3.6153195 4294901760
-5.3829403 2.0781832 -3.7104678 4294901760
-7.3363848 3.2525702 -3.8370211 4294901760
-9.4429369 3.6456196 -3.9161246 4294901760
-11.397496 5.0530548 -4.0753479 4294901760
-13.204251 5.097744 -4.0940328 4294901760
-14.611494 7.3520117 -4.2564545 4294901760
-19.613712 7.5722342 -4.4282088 4294901760
-16.874538 7.4812899 -4.3410897 4294901760
-21.718817 7.187017 -4.4994192 4294901760
-21.912865 11.025816 -4.6382627 4294901760
-3.2094567 1.437004 -3.6118057 4294901760
-5.3645225 2.0936975 -3.7071059 4294901760
-7.3244147 3.2794375 -3.8376727 4294901760
-9.4184656 3.6758947 -3.9145336 4294901760
-11.3789 5.0947948 -4.0763602 4294901760
-13.174363 5.1417685 -4.0933657 4294901760
-14.588 7.4073191 -4.2582178 4294901760
-19.533785 7.6237617 -4.4230599 4294901760
-16.839729 7.5398302 -4.3414769 4294901760
-21.703682 7.2703757 -4.5031714 4294901760
-21.82246 11.080746 -4.6334553 4294901760
-3.2115347 1.4500629 -3.6158488 4294901760
-5.3507509 2.1077158 -3.7049601 4294901760
-7.3212261 3.3056588 -3.8402493 4294901760
-9.4105492 3.706912 -3.9161589 4294901760
-11.362839 5.1305156 -4.07722 4294901760
-13.154445 5.1816711 -4.0938115 4294901760
-14.564659 7.4531093 -4.2592001 4294901760
-19.502314 7.6821623 -4.4236798 4294901760
-16.819593 7.5943341 -4.3433061 4294901760
-21.291286 7.2066984 -4.4559951 4294901760
-21.759106 11.134692 -4.6311831 4294901760
-3.1998558 1.4582577 -3.6123154 4294901760
-5.3433609 2.1263804 -3.7054532 4294901760
-7.2989359 3.3263152 -3.8378243 4294901760
-9.3938799 3.7382772 -3.916187 4294901760
-11.334027 5.1652117 -4.0759625 4294901760
-13.128887 5.2246165 -4.0937152 4294901760
-14.535016 7.5020781 -4.2596736 4294901760
-19.445721 7.7383885 -4.4214315 4294901760
-16.76396 7.6397734 -4.3402562 4294901760
-21.713011 11.206916 -4.6318612 4294901760
-3.1947453 1.4694192 -3.6125801 4294901760
-5.3502011 2.1507676 -3.7111325 4294901760
-7.2944059 3.3550529 -3.8404524 4294901760
-9.3807726 3.7710474 -3.917047 4294901760
-11.308717 5.2014303 -4.0754294 4294901760
-13.121639 5.2748661 -4.0968819 4294901760
-14.498137 7.547255 -4.2589211 4294901760
-19.392672 7.7958064 -4.4196696 4294901760
-16.715456 7.6882529 -4.3383026 4294901760
-21.236681 7.3538628 -4.4597883 4294901760
-21.68792 11.29002 -4.6353292 4294901760
-3.1893389 1.481118 -3.6128552 4294901760
-5.3422828 2.1703618 -3.7116432 4294901760
-7.2785029 3.3801117 -3.8400683 4294901760
-9.366889 3.8054028 -3.9179428 4294901760
-11.285979 5.2411699 -4.0756679 4294901760
-13.098534 5.321425 -4.0974793 4294901760
-14.459805 7.5947852 -4.2582083 4294901760
-19.393545 7.8788433 -4.4255724 4294901760
-16.690783 7.7511425 -4.3402996 4294901760
-21.47706 7.5253663 -4.4959698 4294901760
-21.621649 11.356432 -4.6337075 4294901760
-3.1811266 1.4901483 -3.6112006 4294901760
-5.3350563 2.1880655 -3.7121017 4294901760
-7.2637024 3.402566 -3.8396187 4294901760
-9.3505611 3.834944 -3.9179058 4294901760
-11.261349 5.2752004 -4.075069 4294901760
-13.088174 5.3678503 -4.0999136 4294901760
-14.427499 7.6389661 -4.2579842 4294901760
-19.378384 7.9476528 -4.4287562 4294901760
-16.668596 7.8081393 -4.3421478 4294901760
-21.395544 7.5765581 -4.4908056 4294901760
-21.555641 11.413122 -4.6314392 4294901760
-3.1824605 1.5043422 -3.6152608 4294901760
-5.3238263 2.2052009 -3.7112815 4294901760
-7.2517805 3.4279008 -3.8402054 4294901760
-9.329814 3.8645353 -3.9170628 4294901760
-11.246454 5.3161745 -4.076715 4294901760
-13.058333 5.4089384 -4.0991206 4294901760
-14.386692 7.681778 -4.2565846 4294901760
-19.339464 8.0106678 -4.4289732 4294901760
-16.630426 7.8611665 -4.3418212 4294901760
-21.346416 7.6431236 -4.4900336 4294901760
-21.501577 11.480773 -4.6311035 4294901760
-3.1769254 1.5159965 -3.6155286 4294901760
-5.3228149 2.2276733 -3.7143769 4294901760
-7.2320876 3.4510784 -3.8387887 4294901760
-9.3192339 3.9002314 -3.9187765 4294901760
-11.223311 5.3556499 -4.0769243 4294901760
-13.042089 5.4582992 -4.1009974 4294901760
-14.372466 7.7420111 -4.2600842 4294901760
-19.317337 8.0845785 -4.4317966 4294901760
-16.579912 7.9117651 -4.3398724 4294901760
-21.235691 7.6914048 -4.4816737 4294901760
-21.374981 11.514053 -4.6214399 4294901760
-3.171881 1.5265232 -3.6157684 4294901760
-5.3189468 2.2468112 -3.7161233 4294901760
-7.2276731 3.4784441 -3.8413618 4294901760
-9.3171701 3.9357271 -3.9220836 4294901760
-11.194764 5.3876762 -4.075561 4294901760
-13.042234 5.5092559 -4.1053748 4294901760
-14.336213 7.7839293 -4.2592168 4294901760
-19.283068 8.1454868 -4.432404 4294901760
-16.528439 7.9546008 -4.3372164 4294901760
-21.157585 7.7425771 -4.4769139 4294901760
-21.413885 11.626792 -4.6331897 4294901760
-3.1697941 1.5391694 -3.6179206 4294901760
-5.3039856 2.262342 -3.7139916 4294901760
-7.2154865 3.5036523 -3.8419313 4294901760
-9.3142824 3.9728789 -3.9254272 4294901760
-11.161612 5.4197879 -4.0734954 4294901760
-13.026582 5.5563092 -4.1071768 4294901760
-14.287993 7.8224487 -4.2565618 4294901760
-19.269199 8.2190113 -4.4361296 4294901760
-16.500572 8.012248 -4.3385191 4294901760
-21.119198 7.8122301 -4.4775143 4294901760
-21.355656 11.691881 -4.6323271 4294901760
-3.1641319 1.5507762 -3.6181808 4294901760
-5.2921205 2.2802413 -3.7131772 4294901760
-7.1955533 3.5266206 -3.8404951 4294901760
-9.2996597 4.0069885 -3.9262795 4294901760
-11.141673 5.4606581 -4.0744109 4294901760
-13.00248 5.6024399 -4.1077123 4294901760
-14.252257 7.8709116 -4.2563748 4294901760
-19.220625 8.281682 -4.4353509 4294901760
-16.438877 8.0568762 -4.3348432 4294901760
-21.165201 7.9175506 -4.4892507 4294901760
-21.305672 11.76621 -4.6329269 4294901760
-3.1586993 1.5618118 -3.6184258 4294901760
-5.2841287 2.2987003 -3.7136352 4294901760
-7.1726513 3.5465016 -3.8380098 4294901760
-9.2892408 4.0410032 -3.9279268 4294901760
-11.126101 5.5012765 -4.0760117 4294901760
-12.97555 5.6446199 -4.1075225 4294901760
-14.210776 7.9128623 -4.2549086 4294901760
-18.865946 8.2070589 -4.3917384 4294901760
-16.410652 8.1142111 -4.3361168 4294901760
-21.163572 8.0012655 -4.4946318 4294901760
-21.212137 11.811369 -4.6273227 4294901760
-3.1532276 1.5728292 -3.6186686 4294901760
-5.2725458 2.3155842 -3.7127888 4294901760
-7.1707559 3.5767715 -3.8416042 4294901760
-9.2714577 4.0718174 -3.9278817 4294901760
-11.099728 5.5365415 -4.0753908 4294901760
-12.9412 5.6834865 -4.1060066 4294901760
-14.172648 7.9565744 -4.2540374 4294901760
-18.789684 8.2520094 -4.3867412 4294901760
-16.289469 8.1251822 -4.3228335 4294901760
-21.183987 8.0936184 -4.5028906 4294901760
-21.128992 11.86189 -4.6231046 4294901760
-3.1512337 1.5849044 -3.6207998 4294901760
-5.2754035 2.3377352 -3.7171175 4294901760
-7.1518483 3.5970027 -3.8400934 4294901760
-9.257906 4.1025362 -3.9286327 4294901760
-11.084852 5.5750961 -4.0769315 4294901760
-12.929558 5.7295866 -4.1083708 4294901760
-14.11846 7.9878345 -4.2500601 4294901760
-19.024883 8.4306612 -4.4249344 4294901760
-16.255314 8.1755657 -4.3228927 4294901760
-21.123518 8.1508799 -4.5004482 4294901760
-21.079117 11.925982 -4.6230288 4294901760
-3.1424494 1.5942553 -3.6191342 4294901760
-5.2672105 2.3561368 -3.7175641 4294901760
-7.1357517 3.620173 -3.8396182 4294901760
-9.2471371 4.1364436 -3.9302599 4294901760
-11.044093 5.6029873 -4.073338 4294901760
-12.894956 5.7681918 -4.106832 4294901760
-14.093948 8.0390453 -4.2515998 4294901760
-19.097326 8.5426455 -4.440815 4294901760
-16.283564 8.2611227 -4.3330784 4294901760
-21.083775 8.2202196 -4.5009751 4294901760
-21.037355 11.999495 -4.6244178 4294901760
-3.1304102 1.6019119 -3.6155615 4294901760
-5.2554436 2.3729236 -3.7167056 4294901760
-7.116087 3.6414857 -3.8381214 4294901760
-9.2290392 4.1670704 -3.9301929 4294901760
-11.020933 5.6396966 -4.0734258 4294901760
-12.871117 5.811532 -4.1072569 4294901760
-14.069253 8.0901785 -4.2531281 4294901760
-19.05648 8.6043301 -4.4408898 4294901760
-16.275921 8.3288097 -4.3376579 4294901760
-21.073524 8.3010817 -4.505343 4294901760
-20.984957 12.066885 -4.6243758 4294901760
-3.1250813 1.6122841 -3.6157823 4294901760
-5.2405353 2.387145 -3.7145188 4294901760
-7.1004877 3.6632657 -3.8376074 4294901760
-9.2043781 4.1927371 -3.9283924 4294901760
-10.998647 5.6743941 -4.0734639 4294901760
-12.833679 5.8459401 -4.1049824 4294901760
-14.018224 8.1228113 -4.2497211 4294901760
-19.016951 8.6625156 -4.4408684 4294901760
-16.241127 8.3790808 -4.3376837 4294901760
-21.001369 8.3532143 -4.5013971 4294901760
-20.910275 12.116386 -4.6209488 4294901760
-3.1226499 1.6248564 -3.6179163 4294901760
-5.2356696 2.4070323 -3.7162542 4294901760
-7.0806966 3.6844075 -3.8360975 4294901760
-9.1753225 4.2182374 -3.9257772 4294901760
-10.975249 5.7109199 -4.0735331 4294901760
-12.824035 5.8956861 -4.1080217 4294901760
-13.982905 8.1676779 -4.2493949 4294901760
-18.990221 8.7305117 -4.4429526 4294901760
-16.197632 8.4283619 -4.3366351 4294901760
-20.8943 8.3952198 -4.4931788 4294901760
-20.850613 12.179235 -4.6199255 4294901760
-3.1169598 1.6357459 -3.6181438 4294901760
-5.2377191 2.4301562 -3.7205904 4294901760
-7.0677938 3.7090998 -3.8366132 4294901760
-9.171299 4.255228 -3.929064 4294901760
-10.965792 5.7547255 -4.0765505 4294901760
-12.821416 5.948781 -4.1123714 4294901760
-13.947449 8.2123938 -4.2490563 4294901760
-18.952391 8.7933836 -4.44349 4294901760
-16.153996 8.477437 -4.3355713 4294901760
-20.949942 8.5026264 -4.5061951 4294901760
-20.787327 12.23978 -4.6184106 4294901760
-3.1112309 1.6466161 -3.6183686 4294901760
-5.2292042 2.4484246 -3.7210169 4294901760
-7.0686703 3.7410874 -3.8411887 4294901760
-9.149231 4.2838645 -3.9281216 4294901760
-10.945637 5.7929683 -4.077342 4294901760
-12.77536 5.9816952 -4.108798 4294901760
-13.898147 8.2488337 -4.2462635 4294901760
-18.889057 8.8442583 -4.440434 4294901760
-16.141922 8.5430984 -4.3395429 4294901760
-20.920134 8.5757036 -4.5080881 4294901760
-20.754776 12.318383 -4.6211224 4294901760
-3.1022654 1.6557602 -3.6166859 4294901760
-5.2101765 2.4617276 -3.7175317 4294901760
-7.0486474 3.7620475 -3.8396609 4294901760
-9.1270733 4.3124003 -3.9271708 4294901760
-10.921846 5.8292751 -4.0773845 4294901760
-12.740018 6.0194607 -4.1071906 4294901760
-13.896607 8.3136578 -4.2520056 4294901760
-18.717363 8.8436632 -4.4220152 4294901760
-16.097931 8.5918875 -4.3384504 4294901760
-20.867943 8.6395216 -4.507062 4294901760
-20.711649 12.390761 -4.6224022 4294901760
-3.0996592 1.6682965 -3.6188109 4294901760
-5.1980758 2.478241 -3.7166464 4294901760
-7.0354729 3.7866273 -3.8401597 4294901760
-9.1155329 4.3459325 -3.9287477 4294901760
-10.897939 5.8654809 -4.0774174 4294901760
-12.733289 6.0707383 -4.1108527 4294901760
-13.840221 8.3456593 -4.2479649 4294901760
-16.050291 8.6385765 -4.3367815 4294901760
-20.856071 8.7200041 -4.511342 4294901760
-20.6033 12.423799 -4.6146889 4294901760
-3.0967097 1.681376 -3.6209445 4294901760
-5.1924281 2.4989464 -3.7183833 4294901760
-7.0043116 3.8030305 -3.8355918 4294901760
-9.1066666 4.3827415 -3.9311998 4294901760
-10.87288 5.9034915 -4.0774789 4294901760
-12.700202 6.1121931 -4.1099339 4294901760
-13.812943 8.3983994 -4.2494507 4294901760
-18.653603 8.9773703 -4.4250751 4294901760
-16.008011 8.6916399 -4.336277 4294901760
-20.790878 8.7824087 -4.5089178 4294901760
-20.537153 12.486782 -4.6131554 4294901760
-3.0942969 1.6933762 -3.6230543 4294901760
-5.1841125 2.5161517 -3.7187722 4294901760
-6.981339 3.8205879 -3.8330014 4294901760
-9.0849705 4.4094653 -3.9301898 4294901760
-10.83932 5.9318957 -4.075233 4294901760
-12.672707 6.1508021 -4.1095629 4294901760
-13.805392 8.4566412 -4.2538986 4294901760
-18.738602 9.0949345 -4.4428649 4294901760
-15.958115 8.7331924 -4.3339596 4294901760
-20.787342 8.8622646 -4.5140471 4294901760
-20.495632 12.554819 -4.614315 4294901760
-3.0851936 1.7024151 -3.621361 4294901760
-5.1718392 2.5325375 -3.7178738 4294901760
-6.9679613 3.8449328 -3.8334811 4294901760
-9.0659742 4.4394107 -3.9300539 4294901760
-10.832445 5.9773617 -4.0789413 4294901760
-12.64759 6.1932497 -4.1098928 4294901760
-13.775791 8.504777 -4.2547092 4294901760
-18.717491 9.1655493 -4.4458675 4294901760
-15.962442 8.8081036 -4.3406801 4294901760
-20.737947 8.9268761 -4.5134335 4294901760
-20.455086 12.628381 -4.6159921 4294901760
-3.079232 1.7131747 -3.6215708 4294901760
-5.1629672 2.5505764 -3.7182748 4294901760
-6.9544969 3.8692336 -3.8339553 4294901760
-9.0468788 4.4692817 -3.9299104 4294901760
-10.80458 6.0112824 -4.078196 4294901760
-12.608065 6.2285562 -4.1075664 4294901760
-13.735875 8.5465031 -4.2536731 4294901760
-18.656763 9.2166958 -4.4432158 4294901760
-15.938565 8.8676491 -4.3428917 4294901760
-20.695679 8.9944429 -4.5137725 4294901760
-20.383751 12.682832 -4.6133928 4294901760
-3.0700712 1.7221395 -3.6198719 4294901760
-5.1505847 2.5668647 -3.7173674 4294901760
-6.940948 3.8934863 -3.8344233 4294901760
-9.024147 4.4973083 -3.9289122 4294901760
-10.773148 6.0431371 -4.0766993 4294901760
-12.589805 6.274303 -4.1091971 4294901760
-13.719452 8.6028614 -4.2569075 4294901760
-18.613762 9.2764254 -4.4431109 4294901760
-15.869265 8.9017754 -4.3377728 4294901760
-20.64953 9.060214 -4.513608 4294901760
-20.329205 12.747545 -4.6131401 4294901760
-3.0671971 1.7346294 -3.6219831 4294901760
-5.1450353 2.5865571 -3.7190645 4294901760
-6.923902 3.9157586 -3.8338675 4294901760
-9.0083942 4.528779 -3.9295998 4294901760
-10.748535 6.0787501 -4.0766754 4294901760
-12.550061 6.3092771 -4.1068463 4294901760
-13.706176 8.661334 -4.2607431 4294901760
-18.567009 9.3341694 -4.4424753 4294901760
-15.820746 8.947299 -4.3360143 4294901760
-20.632381 9.1387014 -4.5173144 4294901760
-20.254208 12.799227 -4.6100273 4294901760
-3.0611234 1.7453253 -3.6221852 4294901760
-5.1359754 2.6045012 -3.7194531 4294901760
-6.9101906 3.9399037 -3.8343241 4294901760
-8.9784307 4.5530462 -3.9268911 4294901760
-10.710015 6.1064057 -4.0736747 4294901760
-12.513774 6.3458519 -4.1051455 4294901760
-13.652344 8.6941509 -4.2572217 4294901760
-18.527197 9.3953152 -4.4428506 4294901760
-15.810197 9.0143175 -4.3404374 4294901760
-20.578491 9.2008905 -4.5161424 4294901760
-20.15888 12.837674 -4.6040506 4294901760
-3.0487261 1.7523868 -3.6185708 4294901760
-5.1371398 2.6276755 -3.7237525 4294901760
-6.899796 3.9659553 -3.8357933 4294901760
-8.9624815 4.5843592 -3.9275632 4294901760
-10.681754 6.1397986 -4.0728893 4294901760
-12.477383 6.3822508 -4.1034322 4294901760
-13.611856 8.7353001 -4.2561355 4294901760
-18.504944 9.4653816 -4.4457793 4294901760
-15.778634 9.0694504 -4.3414683 4294901760
-20.528055 9.2644567 -4.5154376 4294901760
-20.100502 12.899337 -4.6032639 4294901760
-3.0457273 1.7648361 -3.6206746 4294901760
-5.1279364 2.6455917 -3.7241337 4294901760
-6.88591 3.9900167 -3.8362384 4294901760
-8.9534512 4.6192412 -3.9299235 4294901760
-10.670556 6.1830163 -4.0758052 4294901760
-12.458564 6.4275899 -4.105021 4294901760
-13.584627 8.7849245 -4.2574868 4294901760
-18.475338 9.5317488 -4.4476662 4294901760
-15.733083 9.1164799 -4.3402314 4294901760
-20.481064 9.3294401 -4.5152016 4294901760
-20.058708 12.971592 -4.6048293 4294901760
-3.0432987 1.7762232 -3.622757 4294901760
-5.1161823 2.6599121 -3.7231677 4294901760
-6.876729 4.013607 -3.8376534 4294901760
-8.9388943 4.6473465 -3.9305162 4294901760
-10.630518 6.2045083 -4.0719633 4294901760
-12.431252 6.4630294 -4.1045198 4294901760
-13.563635 8.8319054 -4.259367 4294901760
-18.473625 9.6044703 -4.4530048 4294901760
-15.72158 9.175909 -4.343955 4294901760
-20.419004 9.3787413 -4.5123405 4294901760
-20.001123 13.02365 -4.6034245 4294901760
-3.0370805 1.7868348 -3.6229494 4294901760
-5.0966325 2.6723871 -3.7196233 4294901760
-6.8525362 4.0316186 -3.8350296 4294901760
-8.912117 4.6730123 -3.928623 4294901760
-10.615635 6.2455988 -4.07412 4294901760
-12.419184 6.5119205 -4.1074157 4294901760
-13.539383 8.883564 -4.2613096 4294901760
-18.454123 9.6763029 -4.4564099 4294901760
-15.672276 9.2206211 -4.3421268 4294901760
-20.415115 9.4633865 -4.51792 4294901760
-19.928833 13.075859 -4.6006856 4294901760
-3.0333145 1.8003335 -3.6250653 4294901760
-5.0863333 2.6919372 -3.7200279 4294901760
-6.833632 4.0558987 -3.83448 4294901760
-8.8871222 4.7035007 -3.9276335 4294901760
-10.577928 6.278214 -4.071877 4294901760
-12.383543 6.5539784 -4.1064115 4294901760
-13.505173 8.9354858 -4.262084 4294901760
-18.395672 9.7358913 -4.4547858 4294901760
-15.623042 9.2725916 -4.3409448 4294901760
-20.375013 9.5400124 -4.5192618 4294901760
-19.858498 13.139063 -4.5989785 4294901760
-3.0239007 1.8090497 -3.6233444 4294901760
-5.0803046 2.7114894 -3.7216978 4294901760
-6.8261647 4.0837555 -3.836941 4294901760
-8.8706493 4.7344942 -3.9282687 4294901760
-10.552543 6.3130622 -4.0717859 4294901760
-12.350064 6.591547 -4.1053052 4294901760
-13.480529 8.9869928 -4.2640028 4294901760
-18.322855 9.7793789 -4.4504337 4294901760
-15.614528 9.3413963 -4.3458605 4294901760
-20.319933 9.6008444 -4.5179782 4294901760
-19.78261 13.188368 -4.5957227 4294901760
-3.0150974 1.8166699 -3.6216023 4294901760
-5.0683684 2.7256119 -3.7207153 4294901760
-6.8099418 4.1031566 -3.8362958 4294901760
-8.8592129 4.7642107 -3.9296832 4294901760
-10.529259 6.3441353 -4.0716214 4294901760
-12.343307 6.6378489 -4.1087484 4294901760
-13.465455 9.0381765 -4.2670693 4294901760
-18.323669 9.8539028 -4.4562402 4294901760
-15.588518 9.3924627 -4.3472819 4294901760
-20.282461 9.6612015 -4.5184679 4294901760
-19.744394 13.252676 -4.5970964 4294901760
-3.0087376 1.8271837 -3.621784 4294901760
-5.0520506 2.739615 -3.7184572 4294901760
-6.7888718 4.1228309 -3.8346655 4294901760
-8.8460016 4.7969904 -3.931154 4294901760
-10.51044 6.3829112 -4.0729995 4294901760
-12.309571 6.6752071 -4.1076217 4294901760
-13.443723 9.0918198 -4.2695808 4294901760
-18.268114 9.9063921 -4.454432 4294901760
-15.552229 9.4447517 -4.3476562 4294901760
-20.252211 9.7336721 -4.5205708 4294901760
-19.658319 13.294673 -4.5923777 4294901760
-2.9992492 1.8357826 -3.6200545 4294901760
-5.0492163 2.7609296 -3.7214224 4294901760
-6.7677484 4.1424084 -3.833029 4294901760
-8.825736 4.8259444 -3.9309194 4294901760
-10.494864 6.4237041 -4.0751128 4294901760
-12.279216 6.7143197 -4.1071477 4294901760
-13.395447 9.1274786 -4.26717 4294901760
-18.250927 9.9796724 -4.458281 4294901760
-15.53277 9.507309 -4.3508434 4294901760
-20.21093 9.8008251 -4.5211906 4294901760
-19.568893 13.333982 -4.587162 4294901760
-2.9928231 1.84624 -3.6202309 4294901760
-5.0395484 2.7785368 -3.7217696 4294901760
-6.756587 4.1680651 -3.8344476 4294901760
-8.8019152 4.8529043 -3.929827 4294901760
-10.472379 6.4602966 -4.0757298 4294901760
-12.262671 6.7609792 -4.1093221 4294901760
-13.363505 9.1741781 -4.2678156 4294901760
-18.093681 9.9758854 -4.4414706 4294901760
-15.526634 9.5782118 -4.3562803 4294901760
-20.162254 9.8642912 -4.5208144 4294901760
-19.51894 13.399944 -4.5876298 4294901760
-2.9925172 1.8605046 -3.6242225 4294901760
-5.0298185 2.7961123 -3.7221129 4294901760
-6.7419953 4.1916261 -3.8348401 4294901760
-8.7814665 4.8816805 -3.9295762 4294901760
-10.446393 6.4947205 -4.0755939 4294901760
-12.228566 6.7979484 -4.1081624 4294901760
-13.324846 9.2162437 -4.2672215 4294901760
-18.149424 10.089396 -4.4561291 4294901760
-15.499873 9.6365643 -4.3583131 4294901760
-20.106218 9.924016 -4.5194407 4294901760
-19.501598 13.488447 -4.5928359 4294901760
-2.9829326 1.8690141 -3.6224849 4294901760
-5.0233879 2.815536 -3.7237597 4294901760
-6.7239981 4.2130513 -3.8342054 4294901760
-8.7678204 4.9142361 -3.9310184 4294901760
-10.430384 6.5353589 -4.0776815 4294901760
-12.204762 6.8405919 -4.1089864 4294901760
-13.276257 9.2513142 -4.264771 4294901760
-18.124537 10.15854 -4.4589024 4294901760
-15.44925 9.680027 -4.3563728 4294901760
-20.060736 9.988802 -4.5195179 4294901760
-19.415079 13.52904 -4.5880361 4294901760
-2.9794555 1.8813508 -3.624563 4294901760
-5.0101748 2.8311586 -3.7227867 4294901760
-6.7026181 4.2323089 -3.8325438 4294901760
-8.7506123 4.9448118 -3.9316032 4294901760
-10.404151 6.5696092 -4.077527 4294901760
-12.163497 6.8733711 -4.106473 4294901760
-13.243883 9.2976017 -4.2653794 4294901760
-18.061172 10.20604 -4.455976 4294901760
-15.401881 9.7253819 -4.3549829 4294901760
-19.990074 10.040849 -4.5161452 4294901760
-19.387348 13.610497 -4.5917816 4294901760
-2.9728706 1.8917389 -3.6247294 4294901760
-5.0002623 2.848629 -3.7231174 4294901760
-6.6745687 4.2472553 -3.8288326 4294901760
-8.7367334 4.9772816 -3.9330313 4294901760
-10.364419 6.595233 -4.0743847 4294901760
-12.129066 6.9098787 -4.105279 4294901760
-13.198343 9.3345718 -4.2635174 4294901760
-18.004639 10.257169 -4.4540658 4294901760
-15.367842 9.7790813 -4.3558431 4294901760
-19.969147 10.117778 -4.519618 4294901760
-19.339724 13.678083 -4.5926547 4294901760
-2.9662495 1.902105 -3.6248932 4294901760
-4.9902887 2.8660662 -3.7234437 4294901760
-6.666306 4.2747631 -3.8312435 4294901760
-8.7193069 5.0077486 -3.9336016 4294901760
-10.334655 6.6270885 -4.0734658 4294901760
-12.101424 6.9501953 -4.1054049 4294901760
-13.181897 9.3921432 -4.2671752 4294901760
-17.958344 10.313993 -4.4536891 4294901760
-15.316833 9.8219061 -4.3538575 4294901760
-19.933708 10.187424 -4.5211143 4294901760
-19.272346 13.731607 -4.5906534 4294901760
-2.9565463 1.910481 -3.6231446 4294901760
-4.9802527 2.8834696 -3.7237661 4294901760
-6.6546359 4.3001375 -3.8326273 4294901760
-8.694931 5.0341959 -3.9324625 4294901760
-10.314789 6.6652799 -4.0747728 4294901760
-12.08397 6.9963841 -4.1075187 4294901760
-13.119909 9.417201 -4.2622142 4294901760
-17.932589 10.382621 -4.4564018 4294901760
-15.279103 9.8731537 -4.3541236 4294901760
-19.908667 10.262434 -4.5240679 4294901760
-19.237268 13.808116 -4.5933962 4294901760
-2.9495244 1.9213036 -3.6233108 4294901760
-4.9663253 2.8997605 -3.722791 4294901760
-6.642118 4.3266387 -3.8340237 4294901760
-8.6661816 5.0600495 -3.930491 4294901760
-10.293616 6.705204 -4.076098 4294901760
-12.034206 7.0265875 -4.1036644 4294901760
-13.088535 9.467556 -4.2634158 4294901760
-17.894417 10.448274 -4.4576039 4294901760
-15.236135 9.9247322 -4.3538489 4294901760
-19.853216 10.326122 -4.523149 4294901760
-19.131531 13.83874 -4.5861568 4294901760
-2.9431367 1.931074 -3.6234589 4294901760
-4.9434023 2.9084008 -3.7178531 4294901760
-6.6310129 4.3507924 -3.8353789 4294901760
-8.6425419 5.0847521 -3.9293077 4294901760
-10.261372 6.7327719 -4.074378 4294901760
-12.014267 7.0684724 -4.1050525 4294901760
-13.060286 9.5132523 -4.2645512 4294901760
-17.849352 10.501486 -4.4571228 4294901760
-15.206471 9.9773893 -4.3551803 4294901760
-19.794117 10.378925 -4.5210829 4294901760
-19.075851 13.895054 -4.5854869 4294901760
-2.9394023 1.9433352 -3.6255224 4294901760
-4.9497852 2.9354625 -3.7247076 4294901760
-6.6026983 4.3652601 -3.8316352 4294901760
-8.6451378 5.126986 -3.9349582 4294901760
-10.234497 6.7663612 -4.0741668 4294901760
-11.986099 7.1083379 -4.1051359 4294901760
-13.059109 9.5823441 -4.2712398 4294901760
-17.778265 10.543373 -4.4530554 4294901760
-15.171552 10.03041 -4.3559723 4294901760
-19.75071 10.444223 -4.5215287 4294901760
-19.027231 13.961555 -4.5862689 4294901760
-2.9326012 1.9535831 -3.6256731 4294901760
-4.9461217 2.9566746 -3.7276318 4294901760
-6.5808926 4.3839307 -3.8299291 4294901760
-8.6136198 5.1490178 -3.9320836 4294901760
-10.220724 6.8086429 -4.0769291 4294901760
-11.947562 7.1419702 -4.1032081 4294901760
-13.035191 9.6349707 -4.2736111 4294901760
-17.744781 10.60741 -4.4546709 4294901760
-15.143084 10.087725 -4.3578849 4294901760
-19.714132 10.513099 -4.5229416 4294901760
-18.955906 14.011271 -4.5836959 4294901760
-2.9230962 1.9612775 -3.6239035 4294901760
-4.9362893 2.9730606 -3.7279186 4294901760
-6.5695758 4.4079156 -3.8312678 4294901760
-8.6032686 5.1816325 -3.9342873 4294901760
-10.191499 6.8380771 -4.0759282 4294901760
-11.879522 7.1548762 -4.0952272 4294901760
-12.996778 9.6733885 -4.2728677 4294901760
-17.712925 10.668256 -4.4562182 4294901760
-15.112857 10.140106 -4.3591795 4294901760
-19.636969 10.555736 -4.5183616 4294901760
-18.8741 14.047829 -4.5791583 4294901760
-2.9102256 1.9674082 -3.6202276 4294901760
-4.9258814 2.9902732 -3.7282162 4294901760
-6.5541492 4.4308205 -3.8315949 4294901760
-8.5817499 5.2095809 -3.9339538 4294901760
-10.160993 6.8691654 -4.0749435 4294901760
-11.823878 7.1777258 -4.0899367 4294901760
-12.947001 9.7067509 -4.2702909 4294901760
-17.665346 10.723808 -4.45573 4294901760
-15.070765 10.188333 -4.3587971 4294901760
-19.596493 10.622314 -4.5192475 4294901760
-18.853704 14.135183 -4.5841808 4294901760
-2.9093323 1.9816376 -3.624192 4294901760
-4.9088411 3.0034304 -3.7258897 4294901760
-6.545125 4.4580903 -3.833962 4294901760
-8.5567684 5.2353821 -3.9327598 4294901760
-10.133672 6.9023619 -4.0746956 4294901760
-11.832673 7.2397151 -4.0973172 4294901760
-12.909858 9.7494898 -4.2701635 4294901760
-17.610783 10.775 -4.4541874 4294901760
-15.041697 10.245372 -4.3606715 4294901760
-19.548784 10.684917 -4.5191317 4294901760
-18.791498 14.191288 -4.5829835 4294901760
-2.8994088 1.9897287 -3.6224213 4294901760
-4.8950491 3.0185242 -3.7248683 4294901760
-6.5295248 4.4809074 -3.8342776 4294901760
-8.5317135 5.2610674 -3.9315574 4294901760
-10.106247 6.9354448 -4.0744381 4294901760
-11.797175 7.2747092 -4.0960102 4294901760
-12.87258 9.7920799 -4.2700243 4294901760
-17.562878 10.83012 -4.4536657 4294901760
-15.009131 10.300065 -4.3619647 4294901760
-19.500883 10.747304 -4.5189977 4294901760
-18.732315 14.249538 -4.5822449 4294901760
-2.8894637 1.9977759 -3.6206479 4294901760
-4.8779397 3.0315263 -3.722532 4294901760
-6.5106173 4.5014424 -3.8335645 4294901760
-8.5065842 5.2866445 -3.9303472 4294901760
-10.088503 6.9751935 -4.0764108 4294901760
-11.768333 7.313746 -4.0960279 4294901760
-12.819352 9.8224211 -4.2667923 4294901760
-17.524965 10.891359 -4.4546862 4294901760
-14.966527 10.347861 -4.3615413 4294901760
-19.452782 10.809495 -4.5188465 4294901760
-18.634914 14.278411 -4.5757589 4294901760
-2.888422 2.0119944 -3.6246052 4294901760
-4.8640633 3.0464909 -3.7215016 4294901760
-6.4948649 4.5241418 -3.8338683 4294901760
-8.4813776 5.3121104 -3.9291286 4294901760
-10.060838 7.0080996 -4.0761347 4294901760
-11.752843 7.361115 -4.0987072 4294901760
-12.788138 9.8695421 -4.2678599 4294901760
-17.493605 10.956705 -4.4567308 4294901760
-14.923774 10.395485 -4.3611035 4294901760
-19.390553 10.863675 -4.5167036 4294901760
-18.613411 14.365331 -4.5807137 4294901760
-2.8754466 2.0178988 -3.6209149 4294901760
-4.8664298 3.0716739 -3.7270198 4294901760
-6.482244 4.549037 -3.8351896 4294901760
-8.4627848 5.341681 -3.9296088 4294901760
-10.036314 7.0431728 -4.0765963 4294901760
-11.740531 7.410583 -4.102046 4294901760
-12.756756 9.9165621 -4.2689157 4294901760
-17.451881 11.015568 -4.457202 4294901760
-14.903715 10.458963 -4.3646302 4294901760
-19.352516 10.93129 -4.5179973 4294901760
-18.534781 14.408154 -4.577054 4294901760
-2.8798697 2.0367982 -3.6286969 4294901760
-4.8421388 3.0812192 -3.7220616 4294901760
-6.4655261 4.5727668 -3.8354964 4294901760
-8.4431486 5.3726654 -3.9301054 4294901760
-10.01367 7.0822048 -4.0778184 4294901760
-11.716643 7.4557028 -4.1034036 4294901760
-12.710916 9.9558878 -4.2675157 4294901760
-17.404652 11.075177 -4.4571853 4294901760
-14.855511 10.506614 -4.3636293 4294901760
-19.319254 11.006104 -4.5203266 4294901760
-18.450407 14.451372 -4.5729284 4294901760
-2.8730996 2.0463371 -3.628818 4294901760
-4.8448658 3.1055739 -3.7275593 4294901760
-6.4471316 4.591907 -3.8347447 4294901760
-8.431941 5.4049006 -3.932255 4294901760
-9.9901295 7.1153727 -4.0782394 4294901760
-11.681809 7.4880762 -4.1020107 4294901760
-12.65594 9.9807215 -4.2635946 4294901760
-17.35775 11.126372 -4.4565358 4294901760
-14.810847 10.548882 -4.3625484 4294901760
-19.279186 11.068122 -4.5210314 4294901760
-18.41806 14.524841 -4.5758901 4294901760
-2.8629942 2.0542397 -3.6270313 4294901760
-4.830761 3.1203761 -3.7265115 4294901760
-6.4278789 4.6120958 -3.8340011 4294901760
-8.4130249 5.4342995 -3.9327137 4294901760
-9.9652338 7.1501989 -4.0786738 4294901760
-11.64224 7.5201745 -4.0999703 4294901760
-12.633501 10.034744 -4.2664633 4294901760
-17.312107 11.182563 -4.4564395 4294901760
-14.777176 10.602838 -4.3637609 4294901760
-19.209345 11.117351 -4.517827 4294901760
-18.389139 14.606426 -4.5798216 4294901760
-2.8558061 2.0642211 -3.6271536 4294901760
-4.8166108 3.1351182 -3.7254591 4294901760
-6.4085608 4.6322074 -3.8332512 4294901760
-8.3940039 5.4636326 -3.9331648 4294901760
-9.9402142 7.1849408 -4.0790992 4294901760
-11.615918 7.5607672 -4.1005945 4294901760
-12.582845 10.066341 -4.2637706 4294901760
-17.266277 11.23857 -4.4563265 4294901760
-14.733614 10.649685 -4.3632541 4294901760
-19.17042 11.184337 -4.5190544 4294901760
-18.325567 14.660549 -4.5784779 4294901760
-2.8456523 2.0720434 -3.6253612 4294901760
-4.7991962 3.1476877 -3.7230906 4294901760
-6.3923516 4.6545496 -3.8335195 4294901760
-8.3715754 5.4907331 -3.9327543 4294901760
-9.8958254 7.2055812 -4.0750299 4294901760
-11.576154 7.5925455 -4.0985317 4294901760
-12.544529 10.107704 -4.2635322 4294901760
-17.236952 11.30534 -4.4588017 4294901760
-14.696348 10.701052 -4.3638706 4294901760
-19.117498 11.243093 -4.5182862 4294901760
-18.268063 14.719419 -4.5780725 4294901760
-2.8351159 2.0803146 -3.6235714 4294901760
-4.7908401 3.1673808 -3.7246649 4294901760
-6.3752489 4.6779475 -3.8337948 4294901760
-8.364583 5.5300989 -3.93663 4294901760
-9.8693495 7.2418027 -4.0754561 4294901760
-11.54493 7.6327305 -4.0984955 4294901760
-12.507398 10.153615 -4.263916 4294901760
-17.1721 11.353036 -4.4560976 4294901760
-14.647385 10.747767 -4.3627958 4294901760
-19.09333 11.323268 -4.5220156 4294901760
-18.22019 14.791309 -4.5795884 4294901760
-2.8285668 2.0892105 -3.6236742 4294901760
-4.7808661 3.1824152 -3.7248862 4294901760
-6.357367 4.695621 -3.8330014 4294901760
-8.3504591 5.5585384 -3.9378712 4294901760
-9.8529348 7.2774858 -4.0773091 4294901760
-11.517584 7.6667562 -4.0983591 4294901760
-12.466187 10.185296 -4.2623839 4294901760
-17.156281 11.420192 -4.4600177 4294901760
-14.616756 10.796096 -4.3638954 4294901760
-19.013113 11.356582 -4.5166378 4294901760
-18.151989 14.830788 -4.576704 4294901760
-2.8270733 2.1034002 -3.6276104 4294901760
-4.7697277 3.1990852 -3.7251282 4294901760
-6.3440833 4.7201276 -3.8342767 4294901760
-8.3211565 5.5810504 -3.9357293 4294901760
-9.8242865 7.3094697 -4.0769501 4294901760
-11.503962 7.7157774 -4.1016212 4294901760
-12.43363 10.231282 -4.2633433 4294901760
-17.10968 11.475567 -4.4598432 4294901760
-14.594971 10.858956 -4.3673196 4294901760
-18.973351 11.422886 -4.5177989 4294901760
-18.093937 14.888988 -4.5762453 4294901760
-2.8226149 2.1154296 -3.6296322 4294901760
-4.7585316 3.2157149 -3.7253659 4294901760
-6.318152 4.7351861 -3.8314476 4294901760
-8.3048983 5.6122746 -3.9369988 4294901760
-9.7891855 7.3365779 -4.0750852 4294901760
-11.480254 7.7581129 -4.1028643 4294901760
-12.385573 10.264456 -4.2612052 4294901760
-17.039764 11.515112 -4.4560037 4294901760
-14.560167 10.912226 -4.368453 4294901760
-18.947012 11.497328 -4.5209265 4294901760
-18.054152 14.96225 -4.57864 4294901760
-21.534462 16.139162 -4.827147 4294901760
-2.8065336 2.1187172 -3.624001 4294901760
-4.7409096 3.2279706 -3.7229745 4294901760
-6.3047156 4.7595758 -3.8327115 4294901760
-8.2852573 5.6412311 -3.9374063 4294901760
-9.7666845 7.373096 -4.0762033 4294901760
-11.430091 7.7824721 -4.0987368 4294901760
-12.358843 10.315285 -4.2633748 4294901760
-16.979673 11.561049 -4.4537106 4294901760
-14.506079 10.950974 -4.3661547 4294901760
-18.906763 11.563397 -4.5220561 4294901760
-17.986486 15.012387 -4.5767102 4294901760
-21.487558 16.221455 -4.8293233 4294901760
-2.8048928 2.1328888 -3.6279302 4294901760
-4.7232614 3.2401407 -3.7205784 4294901760
-6.2911863 4.7839265 -3.8339691 4294901760
-8.2687769 5.6723518 -3.9386618 4294901760
-9.7503653 7.4143457 -4.0788093 4294901760
-11.396298 7.817821 -4.0979481 4294901760
-12.322762 10.358358 -4.2636805 4294901760
-16.939219 11.620244 -4.4545302 4294901760
-14.464595 10.999127 -4.3661208 4294901760
-18.849298 11.618846 -4.520689 4294901760
-17.961489 15.0982 -4.5814638 4294901760
-21.456245 16.315699 -4.8337507 4294901760
-2.7945521 2.1404626 -3.6261187 4294901760
-4.7182598 3.2609887 -3.7234282 4294901760
-6.2744484 4.8058586 -3.8341963 4294901760
-8.2554283 5.7056751 -3.9407654 4294901760
-9.7118235 7.4386854 -4.0761676 4294901760
-11.372211 7.8598161 -4.0991597 4294901760
-12.280449 10.396163 -4.2627397 4294901760
-16.914967 11.690648 -4.4579439 4294901760
-14.419781 11.044704 -4.3655033 4294901760
-18.774715 11.663508 -4.5168214 4294901760
-17.890388 15.145327 -4.5790195 4294901760
-21.329395 16.337063 -4.8245311 4294901760
-2.7866881 2.1506908 -3.6262221 4294901760
-4.7062755 3.27826 -3.7236595 4294901760
-6.2567916 4.8288236 -3.8344285 4294901760
-8.2312174 5.7336354 -3.9403145 4294901760
-9.6813526 7.4718075 -4.0757785 4294901760
-11.330274 7.8923516 -4.0970349 4294901760
-12.251353 10.448858 -4.2648873 4294901760
-16.872004 11.752565 -4.4587731 4294901760
-14.360267 11.082868 -4.3626165 4294901760
-18.714924 11.721649 -4.5154705 4294901760
-17.81349 15.192658 -4.5760984 4294901760
-21.250399 16.400486 -4.8225937 4294901760
-2.7852657 2.1643689 -3.6301391 4294901760
-4.6922255 3.2916367 -3.7225516 4294901760
-6.2407441 4.8495455 -3.8346331 4294901760
-8.2056875 5.7563605 -3.938962 4294901760
-9.6502552 7.4990015 -4.0745978 4294901760
-11.300784 7.9275975 -4.0968585 4294901760
-12.219658 10.492023 -4.2657609 4294901760
-16.803537 11.787827 -4.4548097 4294901760
-14.31714 11.125535 -4.3619456 4294901760
-18.669199 11.779385 -4.5154839 4294901760
-17.747862 15.238639 -4.5740762 4294901760
-21.255825 16.517435 -4.8319244 4294901760
-2.7691295 2.1673748 -3.6244934 4294901760
-4.6807065 3.3079956 -3.7227633 4294901760
-6.2114234 4.8616304 -3.8307414 4294901760
-8.1823158 5.7826877 -3.9384763 4294901760
-9.6208954 7.5301962 -4.074173 4294901760
-11.276289 7.9692912 -4.0980392 4294901760
-12.176934 10.529404 -4.2647839 4294901760
-16.75577 11.841805 -4.4545231 4294901760
-14.290774 11.185271 -4.364707 4294901760
-18.607758 11.831629 -4.5135465 4294901760
-17.69154 15.297887 -4.5739717 4294901760
-21.194893 16.589069 -4.8321834 4294901760
-2.7615473 2.1770279 -3.624584 4294901760
-4.6691313 3.3243144 -3.7229707 4294901760
-6.2005758 4.8881392 -3.8329952 4294901760
-8.1459818 5.7997527 -3.9345591 4294901760
-9.5976686 7.5661902 -4.0752363 4294901760
-11.245163 8.0062981 -4.097868 4294901760
-12.122087 10.556152 -4.2613239 4294901760
-16.707832 11.895594 -4.4542212 4294901760
-14.254776 11.237557 -4.3657451 4294901760
-18.573067 11.90082 -4.5155678 4294901760
-17.625988 15.349058 -4.5724125 4294901760
-21.130587 16.658009 -4.8319674 4294901760
-2.7539313 2.1866539 -3.6246719 4294901760
-4.6574993 3.3405914 -3.7231741 4294901760
-6.1834755 4.9097524 -3.8331926 4294901760
-8.1224766 5.8258462 -3.9340572 4294901760
-9.5805216 7.6070466 -4.0777888 4294901760
-11.223612 8.0501356 -4.0996995 4294901760
-12.10313 10.614155 -4.2652626 4294901760
-16.679178 11.963141 -4.4570384 4294901760
-14.21234 11.284764 -4.3656282 4294901760
-18.521353 11.959079 -4.5150862 4294901760
-17.578308 15.415754 -4.5737095 4294901760
-21.031643 16.699371 -4.8267269 4294901760
-2.7434502 2.1939898 -3.6228437 4294901760
-4.6489315 3.3590863 -3.7246866 4294901760
-6.1724257 4.9362073 -3.8354356 4294901760
-8.0988855 5.8518515 -3.933548 4294901760
-9.5446119 7.6330099 -4.0758386 4294901760
-11.182547 8.0799513 -4.0974941 4294901760
-12.057047 10.648432 -4.2636309 4294901760
-16.630846 12.016621 -4.4567056 4294901760
-14.172861 11.334309 -4.3660688 4294901760
-18.482838 12.02584 -4.5165777 4294901760
-17.52738 15.47967 -4.5745101 4294901760
-20.926424 16.735264 -4.8205543 4294901760
-2.7329514 2.2012789 -3.6210129 4294901760
-4.6371775 3.3752935 -3.7248814 4294901760
-6.1459928 4.9503422 -3.8325441 4294901760
-8.0848007 5.8847384 -3.9356003 4294901760
-9.5240898 7.6712589 -4.0776243 4294901760
-11.151059 8.1165972 -4.0972915 4294901760
-12.025758 10.695748 -4.2650752 4294901760
-16.579119 12.067555 -4.4558339 4294901760
-14.136314 11.386214 -4.3670659 4294901760
-18.434071 12.085907 -4.5165606 4294901760
-17.470255 15.538103 -4.5743346 4294901760
-20.818104 16.768118 -4.8139033 4294901760
-2.7228205 2.2080462 -3.6191754 4294901760
-4.6259589 3.3906524 -3.7250626 4294901760
-6.1356359 4.9756374 -3.8347666 4294901760
-8.0556784 5.9045067 -3.9333463 4294901760
-9.4924335 7.6978011 -4.0763903 4294901760
-11.117666 8.1488276 -4.0963836 4294901760
-11.97242 10.719629 -4.2615561 4294901760
-16.535791 12.120109 -4.4559584 4294901760
-14.089188 11.425496 -4.3657465 4294901760
-18.39056 12.14477 -4.5169764 4294901760
-17.442432 15.617261 -4.5784407 4294901760
-20.7841 16.854675 -4.8176675 4294901760
-2.7207127 2.2221231 -3.6230798 4294901760
-4.6078982 3.4022026 -3.7226212 4294901760
-6.1182318 4.9970226 -3.8349409 4294901760
-8.0350199 5.9325886 -3.933671 4294901760
-9.4716539 7.7359071 -4.0781584 4294901760
-11.082757 8.1828594 -4.0954885 4294901760
-11.92014 10.748017 -4.2586522 4294901760
-16.480547 12.168272 -4.4545326 4294901760
-14.043048 11.469561 -4.365005 4294901760
-18.34141 12.204463 -4.5169258 4294901760
-17.361122 15.65398 -4.5743971 4294901760
-20.734426 16.934698 -4.819623 4294901760
-2.7129397 2.2316067 -3.6231546 4294901760
-4.6021757 3.4228637 -3.7254312 4294901760
-6.1037807 5.0208411 -3.8361349 4294901760
-8.0110893 5.95824 -3.9331315 4294901760
-9.4231415 7.7512774 -4.073173 4294901760
-11.070081 8.2333622 -4.0992851 4294901760
-11.885499 10.792239 -4.2594428 4294901760
-16.41876 12.211437 -4.452044 4294901760
-14.006005 11.521044 -4.365962 4294901760
-18.31859 12.281752 -4.5208435 4294901760
-17.270899 15.682276 -4.5688977 4294901760
-20.678274 17.009512 -4.8206491 4294901760
-2.7135084 2.2480013 -3.6289682 4294901760
-4.5901999 3.4389079 -3.7256093 4294901760
-6.0831971 5.0396147 -3.8352714 4294901760
-7.9934077 5.9885387 -3.9342983 4294901760
-9.392972 7.7815919 -4.0726743 4294901760
-11.038093 8.2695704 -4.0990415 4294901760
-11.853632 10.839036 -4.2608395 4294901760
-16.376036 12.268676 -4.4526787 4294901760
-13.953422 11.559689 -4.3640504 4294901760
-18.249146 12.327744 -4.5177708 4294901760
-17.227839 15.753245 -4.5710487 4294901760
-20.615696 17.079039 -4.8207436 4294901760
-2.7056439 2.2574604 -3.6290379 4294901760
-4.5781665 3.454911 -3.7257829 4294901760
-6.0565314 5.0532813 -3.8323493 4294901760
-7.9598317 6.0068831 -3.9311721 4294901760
-9.3809834 7.827045 -4.0766635 4294901760
-11.012329 8.3104486 -4.100131 4294901760
-11.786425 10.853373 -4.2548094 4294901760
-16.320364 12.316154 -4.4512043 4294901760
-13.909921 11.605775 -4.3638382 4294901760
-18.179596 12.373407 -4.5146794 4294901760
-17.163927 15.805176 -4.5698271 4294901760
-20.540611 17.138107 -4.8189964 4294901760
-2.6921971 2.2622261 -3.6252773 4294901760
-4.5660796 3.4708695 -3.7259521 4294901760
-6.0358534 5.071867 -3.8314731 4294901760
-7.9388165 6.0346293 -3.9314666 4294901760
-9.344492 7.8520827 -4.0746474 4294901760
-10.973757 8.3416157 -4.0985217 4294901760
-11.748469 10.894446 -4.2549458 4294901760
-16.274099 12.370628 -4.4512844 4294901760
-13.851014 11.638867 -4.3607559 4294901760
-18.142883 12.441302 -4.5165548 4294901760
-17.08816 15.845984 -4.5666695 4294901760
-20.450087 17.184002 -4.8149505 4294901760
-2.6925857 2.2786353 -3.6310835 4294901760
-4.5508776 3.4844456 -3.7248027 4294901760
-6.0241008 5.0979724 -3.8336701 4294901760
-7.9208417 6.0647078 -3.9326112 4294901760
-9.320055 7.8872166 -4.0756202 4294901760
-10.94773 8.3822889 -4.0995908 4294901760
-11.7191 10.943543 -4.2569237 4294901760
-16.208641 12.410381 -4.4482064 4294901760
-13.801172 11.67942 -4.3593736 4294901760
-18.056648 12.47506 -4.5109339 4294901760
-17.041498 15.913712 -4.5682888 4294901760
-20.359486 17.229475 -4.810883 4294901760
-2.6818569 2.2856684 -3.6292315 4294901760
-4.5356374 3.4979568 -3.7236488 4294901760
-6.000299 5.1138802 -3.8317556 4294901760
-7.8964949 6.0899043 -3.9320333 4294901760
-9.292469 7.9197001 -4.0758343 4294901760
-10.924704 8.4253073 -4.1013222 4294901760
-11.689537 10.992568 -4.2588906 4294901760
-16.155745 12.459571 -4.4472075 4294901760
-13.757289 11.724936 -4.3591194 4294901760
-18.016272 12.540291 -4.5122766 4294901760
-16.985849 15.973097 -4.5684524 4294901760
-20.287062 17.290071 -4.8095284 4294901760
-2.6711111 2.292655 -3.6273763 4294901760
-4.5264416 3.5161307 -3.7251198 4294901760
-5.9913402 5.142458 -3.8349674 4294901760
-7.868947 6.1125822 -3.9305906 4294901760
-9.261755 7.9495044 -4.0752897 4294901760
-10.895226 8.4633904 -4.1016989 4294901760
-11.66266 11.044259 -4.2614632 4294901760
-16.074341 12.486516 -4.4414768 4294901760
-13.70115 11.759904 -4.356566 4294901760
-17.952778 12.589352 -4.5101104 4294901760
-16.91259 16.015818 -4.565721 4294901760
-20.24477 17.376392 -4.8127103 4294901760
-2.6630914 2.3019657 -3.6274328 4294901760
-4.5202069 3.536658 -3.7279017 4294901760
-5.9822545 5.1710372 -3.8381736 4294901760
-7.8382215 6.1327081 -3.928282 4294901760
-9.2249422 7.9740038 -4.073236 4294901760
-10.868749 8.5038242 -4.1027379 4294901760
-11.632683 11.093152 -4.2634058 4294901760
-16.024368 12.537637 -4.440969 4294901760
-13.650965 11.79984 -4.3551412 4294901760
-17.925022 12.663463 -4.5134172 4294901760
-16.839239 16.058224 -4.5629721 4294901760
-20.183989 17.44696 -4.8131385 4294901760
-2.6523054 2.3088672 -3.6255724 4294901760
-4.507834 3.5524147 -3.7280498 4294901760
-5.9671264 5.1944633 -3.8393211 4294901760
-7.8291836 6.1698165 -3.9319696 4294901760
-9.1880732 7.9983401 -4.0711722 4294901760
-10.842121 8.5441732 -4.1037664 4294901760
-11.58527 11.125413 -4.2616277 4294901760
-15.986773 12.598434 -4.4425421 4294901760
-13.594657 11.834331 -4.3525596 4294901760
-17.861195 12.712068 -4.5112162 4294901760
-16.771563 16.105844 -4.5611649 4294901760
-20.101873 17.498949 -4.8103552 4294901760
-2.6442304 2.3181107 -3.6256235 4294901760
-4.4803214 3.556154 -3.7216182 4294901760
-5.9401107 5.2075024 -3.8363564 4294901760
-7.8106961 6.199564 -3.9330771 4294901760
-9.1541319 8.0251303 -4.069849 4294901760
-10.809117 8.5794926 -4.1034393 4294901760
-11.5206 11.140866 -4.2561288 4294901760
-15.923949 12.639275 -4.4399061 4294901760
-13.568257 11.894851 -4.3556795 4294901760
-17.810226 12.769683 -4.5109954 4294901760
-16.735336 16.183718 -4.5646143 4294901760
-19.989609 17.52424 -4.8029919 4294901760
-2.6388402 2.3297262 -3.6275864 4294901760
-4.4648724 3.5693662 -3.7204421 4294901760
-5.9160161 5.2230134 -3.8344119 4294901760
-7.7890081 6.22679 -3.9333193 4294901760
-9.1349869 8.0649137 -4.0722675 4294901760
-10.785316 8.6221371 -4.1051202 4294901760
-11.46452 11.164341 -4.2524719 4294901760
-15.873499 12.689798 -4.4393516 4294901760
-13.544585 11.957972 -4.3593578 4294901760
-17.772013 12.836448 -4.5127559 4294901760
-16.704491 16.267109 -4.569006 4294901760
-19.892382 17.562185 -4.7978864 4294901760
-2.6334009 2.3413322 -3.6295466 4294901760
-4.4643865 3.5945933 -3.7258375 4294901760
-5.9006786 5.2462387 -3.8355412 4294901760
-7.7641463 6.2514634 -3.9326963 4294901760
-9.1216059 8.1099348 -4.0761766 4294901760
-10.761349 8.6647224 -4.1067915 4294901760
-11.419794 11.198716 -4.2512755 4294901760
-15.819781 12.737625 -4.4382567 4294901760
-13.464027 11.970741 -4.3521614 4294901760
-17.707731 12.884315 -4.5105033 4294901760
-16.630499 16.308546 -4.5661864 4294901760
-19.813044 17.615593 -4.795496 4294901760
-2.625212 2.3505104 -3.62959 4294901760
-4.4458284 3.6053028 -3.7233377 4294901760
-5.8764863 5.2615719 -3.833585 4294901760
-7.7392082 6.2760382 -3.9320655 4294901760
-9.0814161 8.1311388 -4.0733256 4294901760
-10.715592 8.6897087 -4.1037407 4294901760
-11.386301 11.244105 -4.2525396 4294901760
-15.756627 12.777688 -4.4355726 4294901760
-13.425129 12.020327 -4.3529544 4294901760
-17.633675 12.924811 -4.5067325 4294901760
-16.579155 16.372108 -4.5671859 4294901760
-19.718699 17.655336 -4.7908049 4294901760
-2.6151216 2.3563197 -3.6277122 4294901760
-4.4374647 3.6216879 -3.724767 4294901760
-5.868669 5.2878842 -3.8367474 4294901760
-7.716392 6.297822 -3.9314053 4294901760
-9.0646706 8.1675978 -4.0757036 4294901760
-10.700565 8.7333899 -4.106708 4294901760
-11.35092 11.279823 -4.2525539 4294901760
-15.728774 12.83722 -4.4380741 4294901760
-13.384338 12.059776 -4.3525701 4294901760
-17.586557 12.975407 -4.5063729 4294901760
-16.504976 16.401596 -4.5633707 4294901760
-19.639395 17.695808 -4.7874312 4294901760
-2.6015112 2.3605609 -3.6239214 4294901760
-4.4218202 3.6347082 -3.7235737 4294901760
-5.8443666 5.3030648 -3.8347793 4294901760
-7.6882544 6.3196964 -3.9299016 4294901760
-9.0478611 8.2098532 -4.0788369 4294901760
-10.670015 8.7706852 -4.1070027 4294901760
-11.300218 11.308106 -4.2500863 4294901760
-15.677704 12.886973 -4.4374585 4294901760
-13.351021 12.114457 -4.3544812 4294901760
-17.528345 13.027188 -4.5050683 4294901760
-16.47303 16.484529 -4.5676942 4294901760
-19.544968 17.734724 -4.7827001 4294901760
-2.5928414 2.3700807 -3.6239586 4294901760
-4.4114342 3.6533482 -3.7250133 4294901760
-5.8190989 5.3191581 -3.832809 4294901760
-7.6589499 6.3427925 -3.9284 4294901760
-9.026494 8.2509937 -4.0812173 4294901760
-10.646984 8.8173456 -4.1093216 4294901760
-11.269911 11.360759 -4.2525511 4294901760
-15.61807 12.934172 -4.4357986 4294901760
-13.291813 12.149863 -4.3518128 4294901760
-17.461304 13.076992 -4.5027795 4294901760
-16.432182 16.564644 -4.5710397 4294901760
-19.476883 17.803551 -4.7825232 4294901760
-2.5822999 2.3762112 -3.6220751 4294901760
-4.4022532 3.670424 -3.7264369 4294901760
-5.7985415 5.3357706 -3.831852 4294901760
-7.6378741 6.368156 -3.9285877 4294901760
-8.9990826 8.2808819 -4.0813255 4294901760
-10.620741 8.8551512 -4.1102562 4294901760
-11.226586 11.392396 -4.251296 4294901760
-15.568963 12.980783 -4.4351315 4294901760
-13.233848 12.177677 -4.3485408 4294901760
-17.417843 13.134824 -4.503408 4294901760
-16.368752 16.610508 -4.5695734 4294901760
-19.391279 17.843697 -4.7786508 4294901760
-2.5793083 2.3901381 -3.6259344 4294901760
-4.3864655 3.6832907 -3.7252307 4294901760
-5.7712512 5.3479795 -3.8288388 4294901760
-7.6095476 6.3896947 -3.9270611 4294901760
-8.9613924 8.3041515 -4.0791793 4294901760
-10.57454 8.8793821 -4.1071529 4294901760
-11.178395 11.422973 -4.2494102 4294901760
-15.517447 13.029914 -4.4344687 4294901760
-13.191261 12.223796 -4.3486953 4294901760
-17.368713 13.193126 -4.5035534 4294901760
-16.302296 16.658981 -4.568089 4294901760
-19.32888 17.911272 -4.7788768 4294901760
-2.5705307 2.3995757 -3.6259632 4294901760
-4.3729358 3.6993432 -3.7253411 4294901760
-5.7630801 5.3798022 -3.8330114 4294901760
-7.5800405 6.412436 -3.9255352 4294901760
-8.9192934 8.3261089 -4.0762782 4294901760
-10.529778 8.9078064 -4.1047249 4294901760
-11.130902 11.458155 -4.2481279 4294901760
-15.463492 13.081547 -4.4338093 4294901760
-13.140543 12.266622 -4.3476992 4294901760
-17.313902 13.251846 -4.5032129 4294901760
-16.207739 16.684252 -4.5622678 4294901760
-19.233904 17.954739 -4.7745304 4294901760
-2.5594976 2.4060507 -3.6240733 4294901760
-4.36586 3.7195811 -3.7280734 4294901760
-5.7385502 5.3945131 -3.831013 4294901760
-7.5546021 6.4362931 -3.9248512 4294901760
-8.8959579 8.362628 -4.0778651 4294901760
-10.501647 8.9470863 -4.1056409 4294901760
-11.074247 11.479739 -4.2443633 4294901760
-15.426847 13.143209 -4.4357409 4294901760
-13.091834 12.306954 -4.3466821 4294901760
-17.251732 13.300015 -4.5013213 4294901760
-16.182671 16.775211 -4.5679407 4294901760
-19.150738 18.002615 -4.7715211 4294901760
-2.5541382 2.4170167 -3.6260092 4294901760
-4.3622737 3.7415612 -3.7321129 4294901760
-5.717782 5.4108171 -3.8300333 4294901760
-7.5242186 6.4535894 -3.9224339 4294901760
-8.8681784 8.3920813 -4.0779381 4294901760
-10.47796 8.9870396 -4.1072092 4294901760
-11.041632 11.522149 -4.2455354 4294901760
-15.355922 13.170911 -4.4313388 4294901760
-13.030681 12.331116 -4.3427854 4294901760
-17.198074 13.349806 -4.5003848 4294901760
-16.118666 16.820131 -4.5664082 4294901760
-19.128654 18.101713 -4.7776117 4294901760
-2.5426376 2.423861 -3.624115 4294901760
-4.342701 3.7524881 -3.7295783 4294901760
-5.7007494 5.4344449 -3.8311062 4294901760
-7.5005126 6.4811249 -3.9226015 4294901760
-8.828742 8.416317 -4.075758 4294901760
-10.447956 9.0279837 -4.1081161 4294901760
-11.002069 11.565431 -4.2460699 4294901760
-15.31056 13.229715 -4.4322057 4294901760
-12.982509 12.376045 -4.3423181 4294901760
-17.155313 13.41767 -4.5019946 4294901760
-16.037638 16.858845 -4.5629292 4294901760
-19.018806 18.130363 -4.7709198 4294901760
-2.5393925 2.4377422 -3.6279612 4294901760
-4.3208594 3.7600377 -3.725718 4294901760
-5.681746 5.4543095 -3.8311439 4294901760
-7.4808269 6.50986 -3.9236121 4294901760
-8.7907238 8.4388371 -4.073565 4294901760
-10.410382 9.0591764 -4.1069803 4294901760
-10.972573 11.615341 -4.2484498 4294901760
-15.270312 13.288316 -4.4335666 4294901760
-12.947861 12.429566 -4.3441205 4294901760
-17.120918 13.487349 -4.5045609 4294901760
-15.934822 16.868277 -4.5551233 4294901760
-18.926592 18.168974 -4.7664814 4294901760
-2.523474 2.4385922 -3.6222308 4294901760
-4.311264 3.7768841 -3.7271135 4294901760
-5.6664481 5.4758468 -3.8322012 4294901760
-7.4591975 6.5346322 -3.9237497 4294901760
-8.7655449 8.4707003 -4.0743623 4294901760
-10.371308 9.0857878 -4.1051497 4294901760
-10.917643 11.63424 -4.2446432 4294901760
-15.232162 13.34414 -4.4348979 4294901760
-12.892238 12.458584 -4.3413291 4294901760
-17.038568 13.514284 -4.4990673 4294901760
-15.933447 16.979265 -4.5645695 4294901760
-18.863365 18.228861 -4.7661257 4294901760
-2.514946 2.4473863 -3.6222422 4294901760
-4.2865 3.7817168 -3.7219286 4294901760
-5.633244 5.4819164 -3.8270919 4294901760
-7.4393063 6.5632448 -3.9247463 4294901760
-8.7387667 8.504014 -4.0751534 4294901760
-10.33953 9.1219349 -4.105341 4294901760
-10.86882 11.663539 -4.2426739 4294901760
-15.18549 13.397228 -4.4351783 4294901760
-12.85724 12.511852 -4.3431048 4294901760
-16.953865 13.543781 -4.4935822 4294901760
-15.841413 16.999723 -4.5586476 4294901760
-18.773851 18.269524 -4.7621045 4294901760
-2.5089772 2.4586873 -3.624166 4294901760
-4.2646341 3.7889814 -3.7180548 4294901760
-5.6084719 5.4960556 -3.8250577 4294901760
-7.4104414 6.5839229 -3.9231582 4294901760
-8.7090292 8.5344658 -4.0751843 4294901760
-10.31357 9.1632538 -4.1068697 4294901760
-10.814515 11.68679 -4.2394567 4294901760
-15.1267 13.439554 -4.433342 4294901760
-12.8021 12.545495 -4.3408628 4294901760
-16.925146 13.617893 -4.4971027 4294901760
-15.817235 17.093018 -4.5646944 4294901760
-18.68429 18.309784 -4.7580638 4294901760
-2.5025282 2.4704134 -3.6260872 4294901760
-4.2535887 3.8071558 -3.719445 4294901760
-5.596663 5.5248413 -3.8281538 4294901760
-7.3803692 6.6057673 -3.9215684 4294901760
-8.6692181 8.5579662 -4.0729556 4294901760
-10.285843 9.2062988 -4.1083965 4294901760
-10.774302 11.729281 -4.2399278 4294901760
-15.071393 13.489584 -4.4325533 4294901760
-12.744681 12.581129 -4.3386078 4294901760
-16.893724 13.694919 -4.5006328 4294901760
-15.746374 17.142054 -4.5630422 4294901760
-18.605682 18.366917 -4.7562871 4294901760
-2.4921837 2.4757078 -3.6241758 4294901760
-4.2444696 3.8230765 -3.7208209 4294901760
-5.5820627 5.5451598 -3.8291883 4294901760
-7.3566451 6.6262732 -3.9208126 4294901760
-8.642292 8.5851574 -4.0729675 4294901760
-10.245052 9.2279177 -4.1058445 4294901760
-10.737402 11.76307 -4.2397919 4294901760
-15.023014 13.531521 -4.4317136 4294901760
-12.702269 12.618294 -4.3380527 4294901760
-16.856808 13.752968 -4.502069 4294901760
-15.689754 17.188484 -4.5623636 4294901760
-18.553562 18.430904 -4.757225 4294901760
-2.4784 2.4792652 -3.6203477 4294901760
-4.2310977 3.8378706 -3.7208831 4294901760
-5.5654445 5.5673876 -3.8302186 4294901760
-7.3276134 6.6466041 -3.9192021 4294901760
-8.6122684 8.6152754 -4.0729713 4294901760
-10.206884 9.2582827 -4.1046462 4294901760
-10.693598 11.797532 -4.2390113 4294901760
-14.960908 13.570479 -4.4293056 4294901760
-12.652505 12.656922 -4.336915 4294901760
-16.796358 13.801592 -4.5005283 4294901760
-15.632336 17.246113 -4.5626054 4294901760
-18.514524 18.520988 -4.761342 4294901760
-2.4722846 2.4904742 -3.622261 4294901760
-4.2205191 3.8552148 -3.7222574 4294901760
-5.5432124 5.5839963 -3.8291879 4294901760
-7.3102036 6.6774731 -3.9210207 4294901760
-8.570961 8.6340208 -4.0699644 4294901760
-10.186249 9.3045835 -4.1074824 4294901760
-10.647023 11.828868 -4.2376013 4294901760
-14.869252 13.582253 -4.4216261 4294901760
-12.608246 12.701011 -4.3369074 4294901760
-16.766529 13.875409 -4.5039873 4294901760
-15.574712 17.303543 -4.5628295 4294901760
-18.427246 18.562824 -4.7576795 4294901760
-2.4652476 2.5025311 -3.624171 4294901760
-4.2028508 3.8687828 -3.7209997 4294901760
-5.5244837 5.6080341 -3.8302047 4294901760
-7.2845101 6.705493 -3.9211226 4294901760
-8.5405302 8.6696939 -4.0706987 4294901760
-10.141669 9.3355474 -4.1056018 4294901760
-10.620097 11.890456 -4.2417197 4294901760
-14.793503 13.617626 -4.4176273 4294901760
-12.559384 12.749329 -4.3368835 4294901760
-16.703932 13.932015 -4.5029578 4294901760
-15.510817 17.366196 -4.5630078 4294901760
-18.324997 18.602139 -4.7526236 4294901760
-2.4573741 2.5102632 -3.6241648 4294901760
-4.1906767 3.8819664 -3.7210438 4294901760
-5.5013514 5.6197548 -3.8281364 4294901760
-7.2605104 6.7256575 -3.9203401 4294901760
-8.5077019 8.6908092 -4.0691762 4294901760
-10.106458 9.3619547 -4.1043596 4294901760
-10.580049 11.920779 -4.2409225 4294901760
-14.768217 13.680302 -4.4209371 4294901760
-12.483017 12.751683 -4.3294148 4294901760
-16.638681 13.966455 -4.4998193 4294901760
-15.453536 17.411848 -4.5622663 4294901760
-18.255295 18.648197 -4.750752 4294901760
-2.4451914 2.5170798 -3.6222396 4294901760
-4.1701088 3.892772 -3.7184601 4294901760
-5.479733 5.6408367 -3.8281131 4294901760
-7.2375212 6.7561831 -3.9212844 4294901760
-8.4632092 8.7120275 -4.0661378 4294901760
-10.067529 9.3979778 -4.1038041 4294901760
-10.534197 11.961316 -4.2406902 4294901760
-14.70683 13.728738 -4.4195337 4294901760
-12.428406 12.7938 -4.3282175 4294901760
-16.572741 14.019926 -4.4982505 4294901760
-15.386564 17.471058 -4.5619268 4294901760
-18.205824 18.741074 -4.7543254 4294901760
-2.4363902 2.5256004 -3.6222274 4294901760
-4.1536884 3.9046667 -3.7171838 4294901760
-5.4627323 5.6627541 -3.8291125 4294901760
-7.2052541 6.7732849 -3.9187763 4294901760
-8.4382572 8.7472296 -4.0675964 4294901760
-10.034661 9.4330635 -4.1039014 4294901760
-10.497622 12.00401 -4.2417011 4294901760
-14.661724 13.782724 -4.4202013 4294901760
-12.3726 12.825631 -4.3258667 4294901760
-16.514587 14.069926 -4.4971266 4294901760
-15.320227 17.518648 -4.5606418 4294901760
-18.140293 18.804512 -4.7542343 4294901760
-2.4300663 2.5367076 -3.6241269 4294901760
-4.1400323 3.9191427 -3.7172196 4294901760
-5.440217 5.6789565 -3.828052 4294901760
-7.1786957 6.7956791 -3.9179795 4294901760
-8.4049234 8.7737665 -4.0667939 4294901760
-9.9987822 9.4653015 -4.1033134 4294901760
-10.442597 12.025547 -4.2383776 4294901760
-14.601929 13.822848 -4.4182243 4294901760
-12.336023 12.877379 -4.327507 4294901760
-16.486574 14.145687 -4.5010056 4294901760
-15.258977 17.572021 -4.560297 4294901760
-18.080065 18.873493 -4.7550354 4294901760
-2.4220855 2.5443292 -3.6241112 4294901760
-4.1249113 3.9294729 -3.7159319 4294901760
-5.4115329 5.6846552 -3.8239086 4294901760
-7.1515875 6.8127451 -3.9163103 4294901760
-8.3663769 8.7886314 -4.0637374 4294901760
-9.9603586 9.4884367 -4.1013598 4294901760
-10.402166 12.055278 -4.2375379 4294901760
-14.552653 13.863149 -4.417274 4294901760
-12.295509 12.916069 -4.3274269 4294901760
-16.436012 14.19219 -4.5003166 4294901760
-15.177613 17.589638 -4.5551829 4294901760
-17.993143 18.901264 -4.7503548 4294901760
-2.4102538 2.5505548 -3.6221757 4294901760
-4.1243777 3.9579 -3.7225437 4294901760
-5.4014368 5.7158546 -3.8279696 4294901760
-7.1237183 6.836174 -3.9155011 4294901760
-8.3286581 8.8134699 -4.0621643 4294901760
-9.9197779 9.5193729 -4.100081 4294901760
-10.352732 12.087275 -4.2360315 4294901760
-14.498868 13.913631 -4.4168506 4294901760
-12.248087 12.961048 -4.3273201 4294901760
-16.365814 14.236618 -4.4976544 4294901760
-15.092262 17.620888 -4.5509562 4294901760
-17.923746 18.967087 -4.7501984 4294901760
-2.4042645 2.5611758 -3.6240687 4294901760
-4.1112304 3.971555 -3.7225659 4294901760
-5.3797698 5.7308745 -3.8268945 4294901760
-7.1010098 6.8597589 -3.9155395 4294901760
-8.2803774 8.8207874 -4.0568366 4294901760
-9.8881569 9.5522146 -4.1001344 4294901760
-10.310012 12.118502 -4.235157 4294901760
-14.446911 13.956089 -4.4158769 4294901760
-12.196857 12.992871 -4.3254948 4294901760
-16.306503 14.280287 -4.4959469 4294901760
-15.025985 17.661709 -4.5491447 4294901760
-17.841616 19.006029 -4.7468438 4294901760
-2.395309 2.5695534 -3.6240435 4294901760
-4.0945802 3.9831958 -3.7212684 4294901760
-5.3597317 5.7496195 -3.8268378 4294901760
-7.0741878 6.8817492 -3.9147131 4294901760
-8.2522411 8.852541 -4.0574999 4294901760
-9.8576021 9.5894461 -4.1008549 4294901760
-10.257365 12.142249 -4.2324057 4294901760
-14.389524 13.998086 -4.4143667 4294901760
-12.148709 13.032454 -4.3247948 4294901760
-16.247572 14.329202 -4.494741 4294901760
-14.948779 17.695753 -4.5458612 4294901760
-17.769712 19.062351 -4.7457433 4294901760
-2.3838623 2.5752385 -3.6221008 4294901760
-4.0751481 3.9920738 -3.7186501 4294901760
-5.3289704 5.7567797 -3.8226674 4294901760
-7.0444756 6.9008698 -3.9130201 4294901760
-8.2158976 8.8754692 -4.055903 4294901760
-9.8183851 9.6182318 -4.0995417 4294901760
-10.20468 12.165776 -4.2296429 4294901760
-14.337722 14.04544 -4.4138927 4294901760
-12.100434 13.071856 -4.3240814 4294901760
-16.209393 14.396433 -4.4970355 4294901760
-14.917712 17.78454 -4.551177 4294901760
-17.722057 19.144783 -4.7487302 4294901760
-2.3719547 2.5812883 -3.6201541 4294901760
-4.0632319 4.0096879 -3.7199776 4294901760
-5.3051815 5.7733831 -3.8215687 4294901760
-7.0106974 6.9183125 -3.9104607 4294901760
-8.172574 8.8938332 -4.0527906 4294901760
-9.7774076 9.6485643 -4.0982194 4294901760
-10.177862 12.224519 -4.2336421 4294901760
-14.277631 14.089484 -4.412354 4294901760
-12.049745 13.113178 -4.3233461 4294901760
-16.150572 14.450421 -4.4963121 4294901760
-14.867763 17.857508 -4.5535793 4294901760
-17.613934 19.168427 -4.7421036 4294901760
-2.3638339 2.5887277 -3.6201243 4294901760
-4.0478811 4.0197191 -3.7186666 4294901760
-5.2949529 5.7987113 -3.8245826 4294901760
-6.9777093 6.9291635 -3.9070327 4294901760
-8.1365662 8.9106741 -4.050437 4294901760
-9.7414036 9.6736298 -4.0968843 4294901760
-10.136868 12.253365 -4.232739 4294901760
-14.230463 14.131458 -4.4118476 4294901760
-12.005802 13.148026 -4.3226228 4294901760
-16.093227 14.490404 -4.4945292 4294901760
-14.803951 17.894897 -4.5517259 4294901760
-17.56171 19.232521 -4.7432513 4294901760
-2.3547828 2.5969632 -3.6200886 4294901760
-4.0365491 4.0365481 -3.7199855 4294901760
-5.2773128 5.8200641 -3.8255293 4294901760
-6.9450951 6.9450932 -3.9044583 4294901760
-8.0974159 8.9302034 -4.0480638 4294901760
-9.7047644 9.7047615 -4.0962148 4294901760
-10.081393 12.273287 -4.2293248 4294901760
-14.178226 14.178223 -4.4113293 4294901760
-11.954476 13.183949 -4.3212981 4294901760
-16.012978 14.519679 -4.4897413 4294901760
-14.726187 17.92795 -4.5483747 4294901760
-17.534714 19.338093 -4.7498283 4294901760
-2.3476744 2.6082714 -3.621963 4294901760
-4.0162997 4.0458484 -3.7173498 4294901760
-5.2611947 5.8451991 -3.827493 4294901760
-6.9112396 6.9620872 -3.9018757 4294901760
-8.0672855 8.9627714 -4.0486751 4294901760
-9.652318 9.7233324 -4.0921626 4294901760
-10.043891 12.319415 -4.2308173 4294901760
-14.112111 14.215937 -4.4086919 4294901760
-11.892739 13.212859 -4.3182344 4294901760
-15.959654 14.578273 -4.4899716 4294901760
-14.650285 17.969423 -4.545938 4294901760
-17.445013 19.381449 -4.7463355 4294901760
-2.3405139 2.6195614 -3.6238339 4294901760
-3.9906292 4.0495672 -3.7120764 4294901760
-5.2397356 5.8644423 -3.8273959 4294901760
-6.8773532 6.9789257 -3.8992853 4294901760
-8.0290937 8.9863615 -4.0470266 4294901760
-9.6194067 9.7614765 -4.0928197 4294901760
-9.9936619 12.349954 -4.2292123 4294901760
-14.05711 14.26472 -4.4081407 4294901760
-11.841576 13.253386 -4.3174438 4294901760
-15.93255 14.660995 -4.4947071 4294901760
-14.576793 18.013687 -4.543962 4294901760
-17.363213 19.43334 -4.7441902 4294901760
-2.3298659 2.624191 -3.6218803 4294901760
-3.9886675 4.0730925 -3.7173328 4294901760
-5.2134733 5.872076 -3.8242276 4294901760
-6.8526292 6.9976735 -3.8984089 4294901760
-8.0034561 9.0145092 -4.0476413 4294901760
-9.5803452 9.7831249 -4.0907731 4294901760
-9.9448299 12.368874 -4.2264166 4294901760
-14.009436 14.305963 -4.4075804 4294901760
-11.789291 13.278598 -4.3149576 4294901760
-15.886411 14.710978 -4.4948754 4294901760
-14.507615 18.043833 -4.5410919 4294901760
-17.310032 19.496758 -4.745266 4294901760
-2.3230889 2.6350269 -3.6237483 4294901760
-3.9717402 4.0842295 -3.7160013 4294901760
-5.1981316 5.8961229 -3.8261776 4294901760
-6.8171387 7.0102162 -3.8949456 4294901760
-7.9771891 9.0483446 -4.0489826 4294901760
-9.5184107 9.7879953 -4.083993 4294901760
-9.8966255 12.397287 -4.2248077 4294901760
-13.976103 14.371941 -4.4106822 4294901760
-11.748142 13.325651 -4.3158669 4294901760
-15.826206 14.758175 -4.4935389 4294901760
-14.432085 18.07876 -4.5381527 4294901760
-17.247152 19.563053 -4.7458339 4294901760
-2.3158033 2.6462514 -3.6256111 4294901760
-3.9674451 4.1098433 -3.721247 4294901760
-5.1764879 5.9151349 -3.8260624 4294901760
-6.7968893 7.0408411 -3.8966291 4294901760
-7.9387474 9.0715485 -4.0473061 4294901760
-9.4962845 9.837121 -4.087316 4294901760
-9.8511219 12.433475 -4.2244 4294901760
-13.898394 14.397229 -4.4058781 4294901760
-11.707101 13.377618 -4.3173213 4294901760
-15.742916 14.788748 -4.4886746 4294901760
-14.373168 18.140921 -4.5389924 4294901760
-17.177969 19.629139 -4.7459078 4294901760
-2.3017957 2.6488469 -3.621731 4294901760
-3.9477432 4.1181073 -3.71859 4294901760
-5.1558075 5.9331694 -3.8259466 4294901760
-6.7667999 7.0588202 -3.8948696 4294901760
-7.9018259 9.0932159 -4.0456285 4294901760
-9.4591351 9.867342 -4.0865846 4294901760
-9.7904215 12.445877 -4.2196846 4294901760
-13.878425 14.477346 -4.4115787 4294901760
-11.6551 13.412387 -4.3159165 4294901760
-15.667996 14.821671 -4.4847908 4294901760
-14.304815 18.184711 -4.5374527 4294901760
-17.130302 19.713106 -4.7491703 4294901760
-2.2953682 2.659209 -3.6235933 4294901760
-3.9287536 4.1255965 -3.7159305 4294901760
-5.1386671 5.9532018 -3.8268576 4294901760
-6.7379045 7.0754948 -3.8931053 4294901760
-7.8768144 9.1253748 -4.0469513 4294901760
-9.426363 9.898653 -4.0865207 4294901760
-9.7417421 12.468857 -4.2174454 4294901760
-13.827591 14.520396 -4.4109592 4294901760
-11.61056 13.45096 -4.3156557 4294901760
-15.621653 14.876294 -4.4854088 4294901760
-14.241979 18.228895 -4.5364046 4294901760
-17.101381 19.812136 -4.755168 4294901760
-2.2860713 2.6672056 -3.6235366 4294901760
-3.9196203 4.1448832 -3.7185311 4294901760
-5.1076441 5.9591913 -3.8226247 4294901760
-6.7023005 7.0874858 -3.8896127 4294901760
-7.8397465 9.1467905 -4.0452561 4294901760
-9.3917494 9.9314995 -4.0864434 4294901760
-9.6932735 12.496495 -4.2157907 4294901760
-13.757626 14.548284 -4.4071651 4294901760
-11.545373 13.470221 -4.3113685 4294901760
-15.555221 14.916923 -4.4830008 4294901760
-14.188047 18.291124 -4.5376973 4294901760
-17.032116 19.871714 -4.7547445 4294901760
-2.2743979 2.6724083 -3.6215632 4294901760
-3.8945823 4.1473083 -3.7132287 4294901760
-5.0893545 5.9799705 -3.823518 4294901760
-6.6775217 7.1108375 -3.8895502 4294901760
-7.8077722 9.1740999 -4.0450521 4294901760
-9.357028 9.964221 -4.0863557 4294901760
-9.6495962 12.530254 -4.2153568 4294901760
-13.695836 14.584582 -4.4049339 4294901760
-11.493118 13.504367 -4.3099256 4294901760
-15.523159 14.990538 -4.4866095 4294901760
-14.128989 18.346865 -4.5380177 4294901760
-16.952293 19.918875 -4.7524781 4294901760
-2.2692676 2.6862643 -3.6253257 4294901760
-3.8846097 4.1671882 -3.7158186 4294901760
-5.0699353 6.0015783 -3.824398 4294901760
-6.656806 7.1410427 -3.8911951 4294901760
-7.7740979 9.2026539 -4.0448284 4294901760
-9.3068876 9.9839001 -4.0828815 4294901760
-9.598772 12.559205 -4.2136564 4294901760
-13.674943 14.669701 -4.4110918 4294901760
-11.446122 13.549442 -4.3101668 4294901760
-15.419474 15.00001 -4.4781389 4294901760
-14.068929 18.408039 -4.538764 4294901760
-16.886913 19.990025 -4.7533584 4294901760
-2.2552166 2.6886151 -3.621433 4294901760
-3.8726549 4.1835504 -3.7170897 4294901760
-5.0464325 6.0162358 -3.8232267 4294901760
-6.6103568 7.1410346 -3.8842437 4294901760
-7.7419243 9.2297363 -4.0446057 4294901760
-9.2584696 10.001737 -4.0794015 4294901760
-9.5765362 12.621192 -4.2187409 4294901760
-13.62636 14.720281 -4.4114585 4294901760
-11.401313 13.592372 -4.31041 4294901760
-15.367017 15.053747 -4.4781952 4294901760
-13.9901 18.437954 -4.5352292 4294901760
-16.819593 20.051916 -4.7533307 4294901760
-2.2481377 2.6992564 -3.6232793 4294901760
-3.8580277 4.1970429 -3.7170401 4294901760
-5.0254011 6.0338149 -3.8230758 4294901760
-6.5880637 7.166975 -3.8850181 4294901760
-7.6969619 9.2414598 -4.040626 4294901760
-9.2181177 10.028139 -4.0779347 4294901760
-9.5324211 12.654544 -4.2182703 4294901760
-13.56949 14.761879 -4.4102321 4294901760
-11.356348 13.635151 -4.3106399 4294901760
-15.305848 15.098887 -4.4767265 4294901760
-13.918445 18.477108 -4.5331097 4294901760
-16.746939 20.107435 -4.7523713 4294901760
-2.2368636 2.7039034 -3.621299 4294901760
-3.8492832 4.2155032 -3.7196219 4294901760
-5.0028648 6.0474243 -3.8219008 4294901760
-6.5669265 7.1917028 -3.8857901 4294901760
-7.6662736 9.2669325 -4.0403981 4294901760
-9.1821299 10.055716 -4.0771384 4294901760
-9.5047188 12.705219 -4.2215061 4294901760
-13.504317 14.789116 -4.4068985 4294901760
-11.308529 13.669663 -4.3097324 4294901760
-15.261361 15.155187 -4.4777546 4294901760
-13.861879 18.529556 -4.5333943 4294901760
-16.675076 20.156702 -4.7509646 4294901760
-2.2274115 2.7116954 -3.6212263 4294901760
-3.8319573 4.2260604 -3.7182474 4294901760
-4.9891934 6.0739441 -3.8248162 4294901760
-6.5364723 7.208725 -3.8839726 4294901760
-7.6288419 9.2875051 -4.0386505 4294901760
-9.1496439 10.090652 -4.0776739 4294901760
-9.4436884 12.715939 -4.2167025 4294901760
-13.452612 14.836164 -4.4066949 4294901760
-11.250622 13.696732 -4.3070812 4294901760
-15.23659 15.236592 -4.4827905 4294901760
-13.804255 18.587448 -4.5341039 4294901760
-16.607149 20.217875 -4.7508783 4294901760
-2.2202241 2.7222629 -3.6230645 4294901760
-3.817183 4.2394099 -3.7181852 4294901760
-4.9704413 6.0943608 -3.8256736 4294901760
-6.5059814 7.2256222 -3.882148 4294901760
-7.5938706 9.3110018 -4.0376434 4294901760
-9.1170292 10.125484 -4.0781994 4294901760
-9.3897934 12.736001 -4.2137356 4294901760
-13.371377 14.850414 -4.4006953 4294901760
-11.197706 13.72974 -4.3055596 4294901760
-15.163627 15.269854 -4.4792628 4294901760
-13.734555 18.629091 -4.5324116 4294901760
-16.528906 20.266432 -4.7489519 4294901760
-2.2084272 2.7271783 -3.6210732 4294901760
-3.7972276 4.2469649 -3.715486 4294901760
-4.9516072 6.1147208 -3.8265247 4294901760
-6.4649143 7.2306085 -3.8768804 4294901760
-7.5563302 9.3312836 -4.0358782 4294901760
-9.0763283 10.151315 -4.0766921 4294901760
-9.3335199 12.752629 -4.2101426 4294901760
-13.32212 14.89997 -4.4009871 4294901760
-11.142187 13.759445 -4.3034539 4294901760
-15.121447 15.334059 -4.4812498 4294901760
-13.671805 18.680141 -4.5321321 4294901760
-16.445494 20.308479 -4.7460957 4294901760
-2.1988935 2.7348714 -3.6209927 4294901760
-3.7747068 4.2515535 -3.7114668 4294901760
-4.9376044 6.14114 -3.8294213 4294901760
-6.4291382 7.2413101 -3.8733239 4294901760
-7.5162511 9.3483286 -4.0333552 4294901760
-9.043478 10.185911 -4.0771966 4294901760
-9.2842636 12.778688 -4.208384 4294901760
-13.270026 14.946385 -4.4007392 4294901760
-11.11657 13.826221 -4.3081837 4294901760
-15.042688 15.361084 -4.4766841 4294901760
-13.613554 18.737444 -4.5327883 4294901760
-16.377005 20.368879 -4.7459512 4294901760
-2.1915946 2.745364 -3.6228228 4294901760
-3.7598419 4.2647047 -3.7113917 4294901760
-4.9087949 6.1491432 -3.8261576 4294901760
-6.4064341 7.2666755 -3.8740554 4294901760
-7.4687171 9.3559036 -4.0285769 4294901760
-9.0104942 10.220403 -4.0776911 4294901760
-9.2349396 12.804563 -4.206615 4294901760
-13.167631 14.93575 -4.3904929 4294901760
-11.058287 13.852481 -4.305481 4294901760
-15.008452 15.433535 -4.4801464 4294901760
-13.545726 18.781616 -4.5315208 4294901760
-16.305798 20.425926 -4.7453318 4294901760
-2.1824791 2.7526159 -3.6227412 4294901760
-3.7558308 4.2887402 -3.7165809 4294901760
-4.8883777 6.1653862 -3.8259749 4294901760
-6.3875108 7.2938247 -3.8756449 4294901760
-7.4277916 9.3681803 -4.0253038 4294901760
-8.9765549 10.250225 -4.0775108 4294901760
-9.1901102 12.831877 -4.2054768 4294901760
-10.99 13.860957 -4.2999353 4294901760
-14.954421 15.480347 -4.4795752 4294901760
-13.481046 18.823183 -4.5302773 4294901760
-16.210678 20.445452 -4.7397223 4294901760
-2.1728566 2.7602181 -3.6226528 4294901760
-3.7433634 4.3047314 -3.7178133 4294901760
-4.8643985 6.1793318 -3.8247516 4294901760
-6.364603 7.3190613 -3.8763618 4294901760
-7.3827701 9.3784637 -4.0212584 4294901760
-8.9459362 10.287499 -4.0786591 4294901760
-9.1637192 12.889849 -4.2098327 4294901760
-13.063042 15.022022 -4.3894129 4294901760
-10.948943 13.908637 -4.3012013 4294901760
-14.894762 15.526696 -4.4784813 4294901760
-13.40137 18.850603 -4.5265961 4294901760
-16.131792 20.492502 -4.7377014 4294901760
-2.1604939 2.7653062 -3.6206443 4294901760
-3.7275617 4.3184214 -3.717721 4294901760
-4.846549 6.2033005 -3.8265884 4294901760
-6.3429008 7.348321 -3.8779221 4294901760
-7.3630066 9.4242201 -4.0254259 4294901760
-8.9055738 10.317206 -4.0777645 4294901760
-9.1278973 12.939618 -4.2123017 4294901760
-13.01572 15.078856 -4.390666 4294901760
-10.892985 13.942387 -4.2995791 4294901760
-14.82124 15.563836 -4.4753547 4294901760
-13.32529 18.889801 -4.5242853 4294901760
-16.063957 20.56093 -4.7383552 4294901760
-2.1535349 2.7753191 -3.6224682 4294901760
-3.7082078 4.3249102 -3.7150016 4294901760
-4.8283572 6.2224355 -3.827414 4294901760
-6.313355 7.3633132 -3.8760557 4294901760
-7.3414464 9.4611225 -4.0281172 4294901760
-8.8687258 10.343661 -4.0768814 4294901760
-9.0666599 12.943718 -4.2068281 4294901760
-12.944871 15.097699 -4.3861589 4294901760
-10.851583 13.984731 -4.300271 4294901760
-14.76955 15.612895 -4.4752398 4294901760
-13.274035 18.950237 -4.5258493 4294901760
-16.000587 20.620396 -4.7386031 4294901760
-2.1438336 2.78282 -3.6223719 4294901760
-3.6930871 4.3378291 -3.7149053 4294901760
-4.8018188 6.2330379 -3.8251479 4294901760
-6.285049 7.382298 -3.8750329 4294901760
-7.2914233 9.4646883 -4.0225496 4294901760
-8.8325624 10.374558 -4.0766511 4294901760
-9.019146 12.972019 -4.2056155 4294901760
-12.886913 15.136721 -4.3847723 4294901760
-10.802698 14.022527 -4.2997861 4294901760
-14.709492 15.658543 -4.4740977 4294901760
-13.226035 19.022686 -4.5287795 4294901760
-15.930947 20.679291 -4.7383428 4294901760
-2.1341069 2.7902861 -3.622273 4294901760
-3.6754365 4.3477511 -3.7134888 4294901760
-4.7824159 6.2528768 -3.8259516 4294901760
-6.2490363 7.392117 -3.8714275 4294901760
-7.2559314 9.4869308 -4.0214653 4294901760
-8.7937288 10.402288 -4.075737 4294901760
-8.9783363 13.009977 -4.2062345 4294901760
-12.839152 15.187704 -4.3854713 4294901760
-10.743998 14.047481 -4.297008 4294901760
-14.6493 15.70395 -4.472939 4294901760
-13.150484 19.05559 -4.5259838 4294901760
-15.880507 20.763327 -4.7416964 4294901760
-2.1243534 2.797719 -3.6221716 4294901760
-3.6627133 4.3635058 -3.7146997 4294901760
-4.7605586 6.2695341 -3.8257241 4294901760
-6.2181106 7.4078317 -3.8695323 4294901760
-7.2323675 9.5248442 -4.0241132 4294901760
-8.7599192 10.435968 -4.0761595 4294901760
-8.9351158 13.044528 -4.2062268 4294901760
-12.798883 15.247714 -4.3877301 4294901760
-10.690071 14.078551 -4.2953572 4294901760
-14.605239 15.766708 -4.4747806 4294901760
-13.090652 19.111265 -4.5264993 4294901760
-15.853825 20.879084 -4.7495704 4294901760
-2.1145751 2.8051169 -3.6220675 4294901760
-3.6474607 4.3762636 -3.7145905 4294901760
-4.7362847 6.282979 -3.8244658 4294901760
-6.1947474 7.4325266 -3.8702054 4294901760
-7.1966891 9.5468607 -4.0230103 4294901760
-8.7310781 10.475645 -4.0779185 4294901760
-8.8917694 13.078929 -4.2062073 4294901760
-12.732811 15.276967 -4.3847241 4294901760
-10.650466 14.128511 -4.297112 4294901760
-14.531201 15.797025 -4.471077 4294901760
-13.00815 19.133724 -4.5222449 4294901760
-15.802493 20.962999 -4.7528796 4294901760
-2.1047711 2.8124804 -3.6219606 4294901760
-3.632163 4.3889685 -3.7144773 4294901760
-4.7143254 6.2994728 -3.8242269 4294901760
-6.1763268 7.4632397 -3.8725879 4294901760
-7.1609445 9.5687447 -4.0218987 4294901760
-8.6995316 10.512185 -4.0789938 4294901760
-8.8393822 13.099981 -4.2037215 4294901760
-12.674321 15.31517 -4.3832788 4294901760
-10.605864 14.171986 -4.2977138 4294901760
-14.467896 15.838806 -4.469368 4294901760
-15.748372 21.043613 -4.7557135 4294901760
-2.0927782 2.8169007 -3.6199391 4294901760
-3.6143737 4.3986449 -3.7130442 4294901760
-4.6946454 6.3190403 -3.8250065 4294901760
-6.1427073 7.4755931 -3.869813 4294901760
-7.1109328 9.5713882 -4.0162911 4294901760
-8.6653061 10.545563 -4.0793853 4294901760
-8.7935963 13.130758 -4.2030649 4294901760
-12.625846 15.365487 -4.3839173 4294901760
-10.539682 14.18652 -4.2931762 4294901760
-14.401791 15.87739 -4.4671407 4294901760
-12.90314 19.267204 -4.5265136 4294901760
-15.674815 21.098461 -4.7548952 4294901760
-2.0850852 2.827106 -3.6217394 4294901760
-3.601434 4.4142184 -3.7142375 4294901760
-4.6748886 6.3385448 -3.8257799 4294901760
-6.1290698 7.5123005 -3.8738966 4294901760
-7.0774817 9.5961514 -4.0159111 4294901760
-8.6284456 10.575744 -4.079093 4294901760
-8.7565289 13.17464 -4.2048502 4294901760
-12.582229 15.421831 -4.3855901 4294901760
-10.48537 14.216806 -4.2914743 4294901760
-14.35697 15.939426 -4.4689169 4294901760
-12.831391 19.305475 -4.5245843 4294901760
-15.627159 21.188408 -4.7590475 4294901760
-2.0752034 2.834368 -3.6216247 4294901760
-3.5860023 4.426764 -3.7141113 4294901760
-4.6480989 6.3484964 -3.8234742 4294901760
-6.1052961 7.5367227 -3.8745401 4294901760
-7.0345635 9.6079931 -4.0125318 4294901760
-8.5889702 10.602711 -4.0781174 4294901760
-8.7082911 13.201803 -4.2035565 4294901760
-12.518268 15.453258 -4.3830509 4294901760
-10.428611 14.243673 -4.2891903 4294901760
-14.295918 15.983499 -4.4676628 4294901760
-12.757321 19.340149 -4.5221629 4294901760
-15.543658 21.229942 -4.7563748 4294901760
-2.0652976 2.841594 -3.6215074 4294901760
-3.570529 4.4392538 -3.7139807 4294901760
-4.6236053 6.3615088 -3.8221877 4294901760
-6.0715208 7.5487475 -3.8717437 4294901760
-6.9939857 9.622859 -4.0098915 4294901760
-8.5469246 10.626427 -4.0764589 4294901760
-8.6643391 13.23545 -4.2034774 4294901760
-12.456751 15.487531 -4.381022 4294901760
-10.385862 14.289661 -4.2903085 4294901760
-14.232088 16.024347 -4.4658899 4294901760
-12.665681 19.347811 -4.5159311 4294901760
-15.453022 21.261446 -4.7523227 4294901760
-2.0553648 2.8487866 -3.6213875 4294901760
-3.5526061 4.4486809 -3.7125309 4294901760
-4.6036639 6.3807921 -3.8229432 4294901760
-6.042665 7.5668082 -3.8706565 4294901760
-6.9626708 9.6504335 -4.0102329 4294901760
-8.5072947 10.653091 -4.0754633 4294901760
-8.6137438 13.258938 -4.2015481 4294901760
-12.405098 15.534039 -4.3810759 4294901760
-10.331248 14.319366 -4.288568 4294901760
-14.17078 16.067942 -4.4646034 4294901760
-12.587185 19.375164 -4.5125313 4294901760
-15.378704 21.315264 -4.7514257 4294901760
-2.0475197 2.8588905 -3.6231768 4294901760
-3.5418429 4.4670906 -3.7150218 4294901760
-4.5767965 6.3904443 -3.8206213 4294901760
-6.0113053 7.5816593 -3.8687046 4294901760
-6.9358764 9.6843567 -4.0120602 4294901760
-8.4725294 10.685837 -4.0758033 4294901760
-8.5652523 13.285574 -4.2002201 4294901760
-12.345844 15.570991 -4.3795424 4294901760
-10.276562 14.348856 -4.2868147 4294901760
-14.119871 16.123316 -4.4653106 4294901760
-12.523807 19.425692 -4.5124345 4294901760
-15.315842 21.38505 -4.7527752 4294901760
-2.0422311 2.8715727 -3.6268814 4294901760
-3.5246284 4.4757848 -3.7135708 4294901760
-4.5578551 6.4087811 -3.8213794 4294901760
-5.9812417 7.5953398 -3.8667581 4294901760
-6.9060264 9.710535 -4.0124044 4294901760
-8.4345894 10.710748 -4.0748053 4294901760
-8.5168591 13.307195 -4.1983056 4294901760
-12.24477 15.549145 -4.3685846 4294901760
-10.228928 14.382853 -4.2862182 4294901760
-14.074189 16.179081 -4.4665189 4294901760
-12.476546 19.494022 -4.5152168 4294901760
-15.235587 21.422695 -4.7500739 4294901760
-2.0301032 2.8757231 -3.6248419 4294901760
-3.5137269 4.4941301 -3.7160532 4294901760
-4.5422406 6.4342666 -3.8241646 4294901760
-5.9546905 7.6161737 -3.866508 4294901760
-6.8606424 9.7183762 -4.0082369 4294901760
-8.3971472 10.740128 -4.0744524 4294901760
-8.4810266 13.353654 -4.2006292 4294901760
-12.16338 15.557218 -4.3623085 4294901760
-10.174056 14.411961 -4.2844405 4294901760
-14.022841 16.234156 -4.4671936 4294901760
-12.372023 19.480152 -4.506084 4294901760
-15.179136 21.501858 -4.7527423 4294901760
-2.0158913 2.8768544 -3.6208887 4294901760
-3.4980166 4.5063691 -3.7159014 4294901760
-4.5175009 6.4468718 -3.8228493 4294901760
-5.925643 7.6337924 -3.8653932 4294901760
-6.8312297 9.7487659 -4.0092897 4294901760
-8.3669195 10.778801 -4.076107 4294901760
-8.427989 13.373071 -4.1980433 4294901760
-12.096763 15.583823 -4.3591628 4294901760
-10.132835 14.460449 -4.2860603 4294901760
-13.958286 16.27392 -4.465342 4294901760
-12.329493 19.563763 -4.5106716 4294901760
-15.0994 21.548174 -4.7508616 4294901760
-2.0058374 2.8838735 -3.6207559 4294901760
-3.4775641 4.5124497 -3.7131159 4294901760
-4.4949708 6.4626012 -3.8225517 4294901760
-5.9086123 7.6669517 -3.8685584 4294901760
-6.803957 9.7823238 -4.0110803 4294901760
-8.343812 10.82684 -4.0797682 4294901760
-8.377037 13.395655 -4.1960588 4294901760
-12.05691 15.644916 -4.3617663 4294901760
-10.093681 14.512093 -4.2882338 4294901760
-13.903987 16.325581 -4.4654822 4294901760
-12.269601 19.620222 -4.5114517 4294901760
-15.030937 21.610584 -4.751225 4294901760
-1.9978187 2.8938401 -3.6225317 4294901760
-3.4641325 4.5276194 -3.7142704 4294901760
-4.4634719 6.4653387 -3.8181555 4294901760
-5.8794136 7.6843896 -3.867429 4294901760
-6.7832966 9.8256044 -4.0151 4294901760
-8.301137 10.849581 -4.0780392 4294901760
-8.3449278 13.448501 -4.1995683 4294901760
-11.98283 15.661552 -4.3570213 4294901760
-10.033907 14.534112 -4.2852802 4294901760
-13.823721 16.346581 -4.460587 4294901760
-12.198936 19.659536 -4.5098476 4294901760
-14.978109 21.695789 -4.7547345 4294901760
-1.9877044 2.9007967 -3.6223936 4294901760
-3.4483063 4.5396848 -3.7141058 4294901760
-4.4453092 6.4873519 -3.8198931 4294901760
-5.8501616 7.7017198 -3.8662925 4294901760
-6.7511978 9.8524981 -4.0153775 4294901760
-8.2632122 10.878493 -4.0776448 4294901760
-8.2895775 13.463985 -4.1963372 4294901760
-11.918429 15.690577 -4.3543577 4294901760
-9.9876146 14.575628 -4.2857223 4294901760
-13.774272 16.403908 -4.461699 4294901760
-12.144888 19.725805 -4.5120101 4294901760
-14.895505 21.738056 -4.7523422 4294901760
-1.9755285 2.9047196 -3.620342 4294901760
-3.4301205 4.5486178 -3.7126226 4294901760
-4.4226384 6.5028291 -3.8195784 4294901760
-5.8208632 7.7189369 -3.865149 4294901760
-6.7011466 9.8530359 -4.009676 4294901760
-8.2227955 10.904095 -4.0765686 4294901760
-8.2383795 13.48604 -4.1943188 4294901760
-11.856383 15.722526 -4.3522038 4294901760
-9.9120159 14.57414 -4.27877 4294901760
-13.724602 16.461086 -4.4627953 4294901760
-12.098861 19.805561 -4.5160437 4294901760
-14.812799 21.78001 -4.7499313 4294901760
-1.9633484 2.9085937 -3.6182883 4294901760
-3.4165292 4.5636477 -3.713764 4294901760
-4.4043002 6.5247312 -3.8213034 4294901760
-5.7891445 7.732882 -3.8631418 4294901760
-6.6667109 9.8763685 -4.0091901 4294901760
-8.1822968 10.929549 -4.0754819 4294901760
-8.1850576 13.504498 -4.1916785 4294901760
-11.796641 15.757429 -4.3505592 4294901760
-9.8744631 14.628478 -4.2814569 4294901760
-13.649235 16.487373 -4.4588575 4294901760
-12.021368 19.834015 -4.5129685 4294901760
-14.750089 21.851452 -4.7515693 4294901760
-1.9592375 2.9244645 -3.6238739 4294901760
-3.400579 4.5755453 -3.7135866 4294901760
-4.3814993 6.5400643 -3.8209767 4294901760
-5.7644758 7.7562141 -3.8636982 4294901760
-6.6344056 9.9028749 -4.0094419 4294901760
-8.1440983 10.958042 -4.0750575 4294901760
-8.1399221 13.536399 -4.1914711 4294901760
-11.75109 15.811319 -4.3520403 4294901760
-9.8344374 14.679417 -4.2835617 4294901760
-13.589067 16.53183 -4.4579144 4294901760
-11.943833 19.862167 -4.5098782 4294901760
-14.675951 21.906122 -4.7509274 4294901760
-1.9490161 2.9312859 -3.6237254 4294901760
-3.3891594 4.5935879 -3.7160332 4294901760
-4.3608127 6.5585856 -3.8216662 4294901760
-5.7350178 7.7731094 -3.8625338 4294901760
-6.6195669 9.9557123 -4.0156498 4294901760
-8.1010733 10.980005 -4.0732794 4294901760
-8.1109838 13.595513 -4.196137 4294901760
-11.70056 15.858666 -4.352459 4294901760
-9.7743015 14.700377 -4.2805462 4294901760
-13.541369 16.591537 -4.4594631 4294901760
-11.87647 19.907167 -4.5091324 4294901760
-14.614869 21.980505 -4.7529745 4294901760
-1.9407694 2.9410968 -3.6254842 4294901760
-3.3776574 4.6116047 -3.7184746 4294901760
-4.3422141 6.5803137 -3.8233721 4294901760
-5.7078514 7.7930799 -3.8622189 4294901760
-6.5913334 9.9886923 -4.0173721 4294901760
-8.0462484 10.985756 -4.0681338 4294901760
-8.0594234 13.616888 -4.1940732 4294901760
-11.656925 15.915507 -4.3544321 4294901760
-9.7185402 14.727751 -4.2786536 4294901760
-13.46327 16.61389 -4.454978 4294901760
-11.798779 19.934755 -4.5060105 4294901760
-14.538058 22.031384 -4.7518401 4294901760
-1.9245337 2.9387548 -3.6196001 4294901760
-3.3615406 4.6233664 -3.7182841 4294901760
-4.3192196 6.5954299 -3.8230274 4294901760
-5.6806159 7.8129554 -3.861897 4294901760
-6.5586028 10.014958 -4.0175948 4294901760
-8.0008392 11.004124 -4.0656657 4294901760
-8.0118456 13.644938 -4.1932192 4294901760
-11.601303 15.956099 -4.3537745 4294901760
-9.6779966 14.778259 -4.2807169 4294901760
-13.392687 16.645233 -4.451982 4294901760
-11.743278 19.999924 -4.5080609 4294901760
-14.46326 22.085335 -4.7511373 4294901760
-1.9133145 2.9417479 -3.6175499 4294901760
-3.3469977 4.6339049 -3.7181091 4294901760
-4.3006153 6.6122565 -3.8237343 4294901760
-5.6629829 7.8403764 -3.8641698 4294901760
-6.5206141 10.025537 -4.0148802 4294901760
-7.9708824 11.035655 -4.0665913 4294901760
-7.9649239 13.663159 -4.1912198 4294901760
-11.551113 15.992469 -4.3531699 4294901760
-9.6423855 14.825303 -4.2828441 4294901760
-13.317889 16.659166 -4.4470172 4294901760
-11.684406 20.043619 -4.5078626 4294901760
-14.398154 22.137365 -4.7509842 4294901760
-1.9039705 2.9521189 -3.6192851 4294901760
-3.3246944 4.6404586 -3.7152634 4294901760
-4.2688184 6.6188316 -3.8202775 4294901760
-5.6351399 7.8652744 -3.8646562 4294901760
-6.4863749 10.057167 -4.0157762 4294901760
-7.930769 11.06941 -4.0667415 4294901760
-7.9044352 13.679847 -4.1878166 4294901760
-11.489624 16.036701 -4.3524151 4294901760
-9.5702677 14.838764 -4.2780004 4294901760
-13.243906 16.697668 -4.4444418 4294901760
-11.611358 20.095249 -4.5073905 4294901760
-14.319549 22.202557 -4.7510252 4294901760
-1.8936532 2.9587474 -3.6191237 4294901760
-3.3151717 4.6614532 -3.7190001 4294901760
-4.2414575 6.6270852 -3.8178728 4294901760
-5.6030674 7.8784566 -3.8625998 4294901760
-6.4597821 10.093117 -4.0182061 4294901760
-7.896688 11.10351 -4.0675993 4294901760
-7.8586121 13.710812 -4.1875386 4294901760
-11.431259 16.07346 -4.3511906 4294901760
-9.5141096 14.865365 -4.2760563 4294901760
-13.183066 16.740664 -4.4434052 4294901760
-11.529222 20.114874 -4.5032606 4294901760
-14.239799 22.249043 -4.749361 4294901760
-1.890183 2.9738603 -3.6247046 4294901760
-3.2982895 4.6686988 -3.7175004 4294901760
-4.2227221 6.6436877 -3.8185639 4294901760
-5.5828514 7.9024754 -3.863996 4294901760
-6.430172 10.11671 -4.0184479 4294901760
-7.8640628 11.13151 -4.0678253 4294901760
-7.8095922 13.725047 -4.1849017 4294901760
-11.38071 16.109291 -4.3505468 4294901760
-9.480195 14.915368 -4.2787127 4294901760
-13.123033 16.772562 -4.4414072 4294901760
-11.4561 20.13364 -4.4997201 4294901760
-14.174121 22.300409 -4.7491536 4294901760
-1.8773364 2.9777019 -3.6226201 4294901760
-3.2855763 4.6870656 -3.7199042 4294901760
-4.2025251 6.6657567 -3.8202147 4294901760
-5.5606537 7.9325962 -3.8661876 4294901760
-6.3909302 10.136854 -4.0171075 4294901760
-7.8140764 11.147234 -4.0646129 4294901760
-7.7670598 13.767455 -4.1863832 4294901760
-11.307841 16.131294 -4.3466477 4294901760
-9.4127026 14.929782 -4.2744379 4294901760
-13.034535 16.785872 -4.4353037 4294901760
-11.403809 20.213753 -4.5034952 4294901760
-14.107198 22.375866 -4.7509923 4294901760
-1.8644885 2.9814885 -3.6205332 4294901760
-3.2705762 4.7022376 -3.7209899 4294901760
-4.1801472 6.6844392 -3.8208375 4294901760
-5.5360579 7.9594107 -3.8675144 4294901760
-6.3642554 10.17703 -4.0202231 4294901760
-7.7708998 11.172532 -4.0634027 4294901760
-7.7243271 13.809732 -4.1878505 4294901760
-11.253202 16.179178 -4.34691 4294901760
-9.3642645 14.97432 -4.2752438 4294901760
-12.958307 16.814558 -4.4316893 4294901760
-11.32575 20.248442 -4.501133 4294901760
-14.029333 22.434193 -4.7505565 4294901760
-1.8559805 2.9910595 -3.6222703 4294901760
-3.249764 4.7072864 -3.7181437 4294901760
-4.1505828 6.6889935 -3.8173902 4294901760
-5.5015016 7.9689312 -3.8645744 4294901760
-6.3286896 10.199184 -4.0196366 4294901760
-7.7295904 11.19632 -4.0622077 4294901760
-7.6722083 13.829649 -4.1856985 4294901760
-11.194386 16.21508 -4.3456287 4294901760
-9.3182392 15.01708 -4.2760773 4294901760
-12.899531 16.859692 -4.4310923 4294901760
-11.272431 20.319283 -4.5039926 4294901760
-13.946718 22.476242 -4.748363 4294901760
-1.8446738 2.9937887 -3.6202047 4294901760
-3.2327824 4.7142954 -3.7166293 4294901760
-4.1274924 6.6986589 -3.8160183 4294901760
-5.4786768 7.9894338 -3.8650877 4294901760
-6.3049459 10.232528 -4.0220771 4294901760
-7.687633 11.210707 -4.0597167 4294901760
-7.6268048 13.850192 -4.1842389 4294901760
-11.136624 16.240295 -4.3433681 4294901760
-9.2710199 15.046279 -4.2752891 4294901760
-12.822346 16.868349 -4.4255362 4294901760
-11.206618 20.351093 -4.5022726 4294901760
-13.867664 22.50634 -4.7453842 4294901760
-1.8342127 3.0002091 -3.6200278 4294901760
-3.2184744 4.7287345 -3.7177134 4294901760
-4.1081777 6.719718 -3.8176637 4294901760
-5.4440842 7.9987054 -3.8621354 4294901760
-6.2629824 10.244317 -4.0192418 4294901760
-7.6462173 11.234183 -4.0585032 4294901760
-7.5726876 13.866242 -4.1814585 4294901760
-11.102321 16.312054 -4.3477969 4294901760
-9.2205238 15.081947 -4.2749658 4294901760
-12.76339 16.913002 -4.4249105 4294901760
-11.143171 20.404106 -4.5027466 4294901760
-13.797356 22.568239 -4.7458539 4294901760
-1.8213238 3.0038123 -3.6179311 4294901760
-3.2011204 4.7405 -3.7174687 4294901760
-4.0855532 6.7380848 -3.8182619 4294901760
-5.4147296 8.0186062 -3.8617218 4294901760
-6.2274475 10.270597 -4.0193419 4294901760
-7.6049886 11.262135 -4.0579224 4294901760
-7.5142269 13.879897 -4.1780114 4294901760
-11.042457 16.352638 -4.3469534 4294901760
-9.1837845 15.146327 -4.2791042 4294901760
-12.686953 16.940502 -4.4212351 4294901760
-11.081614 20.469393 -4.5045376 4294901760
-13.729037 22.642569 -4.747582 4294901760
-1.8126966 3.0132577 -3.6196575 4294901760
-3.1866987 4.7548442 -3.7185438 4294901760
-4.0640306 6.7556648 -3.8188736 4294901760
-5.3933091 8.047308 -3.8638852 4294901760
-6.1854239 10.282071 -4.0164905 4294901760
-7.5678458 11.291915 -4.0580287 4294901760
-7.4732695 13.920076 -4.1794643 4294901760
-10.98531 16.391081 -4.3461351 4294901760
-9.1308603 15.17829 -4.2781873 4294901760
-12.61822 16.971869 -4.4185772 4294901760
-10.972323 20.437584 -4.4937139 4294901760
-13.664333 22.714312 -4.7493553 4294901760
-1.8003103 3.0164537 -3.6175649 4294901760
-3.1679492 4.7627311 -3.7169902 4294901760
-4.0384159 6.7664418 -3.8174403 4294901760
-5.3586202 8.0562105 -3.8609123 4294901760
-6.1555982 10.313821 -4.0180898 4294901760
-7.5283861 11.318261 -4.0574551 4294901760
-7.4227653 13.942561 -4.1778669 4294901760
-10.941291 16.449263 -4.3484287 4294901760
-9.0778265 15.21007 -4.2772574 4294901760
-12.558904 17.01581 -4.4179044 4294901760
-10.919686 20.511007 -4.4969487 4294901760
-13.595204 22.77902 -4.7502089 4294901760
-1.7916161 3.0258393 -3.6192856 4294901760
-3.1513038 4.7737608 -3.7167447 4294901760
-4.0207653 6.7906232 -3.8200793 4294901760
-5.3304639 8.0748682 -3.8604968 4294901760
-6.1235991 10.342074 -4.0189362 4294901760
-7.4866376 11.341153 -4.0562019 4294901760
-7.3759069 13.971911 -4.1774731 4294901760
-10.888198 16.494017 -4.3486223 4294901760
-9.0185804 15.231374 -4.2746215 4294901760
-12.511224 17.075647 -4.4197154 4294901760
-10.82751 20.510157 -4.4903212 4294901760
-13.519671 22.833214 -4.7496939 4294901760
-1.7792062 3.0289495 -3.6171882 4294901760
-3.1325092 4.7815108 -3.7151833 4294901760
-3.995049 6.8012362 -3.8186343 4294901760
-5.3022432 8.0934267 -3.860074 4294901760
-6.0934877 10.373652 -4.0205154 4294901760
-7.4404635 11.35724 -4.0536008 4294901760
-7.3289342 14.001103 -4.1770668 4294901760
-10.84586 16.555288 -4.3514032 4294901760
-8.963335 15.259327 -4.2731018 4294901760
-12.430405 17.090164 -4.4145126 4294901760
-10.742881 20.523064 -4.4855561 4294901760
-13.445951 22.890606 -4.749608 4294901760
-1.7704481 3.0382733 -3.6189036 4294901760
-3.1220996 4.802104 -3.7188637 4294901760
-3.9732599 6.8185282 -3.819222 4294901760
-5.2761159 8.1151981 -3.8604984 4294901760
-6.0572419 10.394858 -4.0198574 4294901760
-7.3942742 11.373139 -4.0509906 4294901760
-7.2873583 14.040738 -4.1784692 4294901760
-10.801059 16.613117 -4.3536477 4294901760
-8.9140329 15.297409 -4.273262 4294901760
-12.356657 17.114029 -4.4107957 4294901760
-10.682219 20.581701 -4.4868627 4294901760
-13.353904 22.916691 -4.7454662 4294901760
-1.7585487 3.0409892 -3.6168113 4294901760
-3.0998924 4.8027215 -3.7146842 4294901760
-3.9506278 6.8316655 -3.8188066 4294901760
-5.2320304 8.1060829 -3.8532522 4294901760
-6.0247264 10.418322 -4.0199666 4294901760
-7.3608332 11.404278 -4.0517464 4294901760
-7.2407603 14.064825 -4.177484 4294901760
-10.741583 16.642138 -4.351757 4294901760
-8.8652544 15.330335 -4.2728944 4294901760
-12.330078 17.197083 -4.4165916 4294901760
-10.623053 20.634764 -4.4877586 4294901760
-13.285838 22.974676 -4.7458625 4294901760
-1.7515301 3.0533988 -3.6204281 4294901760
-3.0831077 4.8135138 -3.7144222 4294901760
-3.9267554 6.8454151 -3.8183639 4294901760
-5.205833 8.1276264 -3.8536634 4294901760
-5.9962182 10.453058 -4.0222592 4294901760
-7.3145428 11.419858 -4.049118 4294901760
-7.1807537 14.068732 -4.1727996 4294901760
-10.679119 16.672815 -4.3498087 4294901760
-8.8156509 15.368105 -4.2730274 4294901760
-12.263026 17.230265 -4.4143429 4294901760
-10.556399 20.68239 -4.4876237 4294901760
-13.197605 23.007057 -4.7425818 4294901760
-1.7372761 3.0531919 -3.6164145 4294901760
-3.0662878 4.8242459 -3.7141559 4294901760
-3.8970189 6.8488522 -3.8148599 4294901760
-5.1837931 8.155755 -3.8557744 4294901760
-5.9577336 10.470474 -4.0208325 4294901760
-7.2767715 11.448676 -4.0491548 4294901760
-7.1441908 14.118587 -4.1759834 4294901760
-10.625138 16.716722 -4.349926 4294901760
-8.7501259 15.37799 -4.2686405 4294901760
-12.202808 17.272963 -4.4135766 4294901760
-13.107343 23.035622 -4.7388363 4294901760
-1.7278541 3.0626969 -3.6181087 4294901760
-3.0465293 4.8321939 -3.7125609 4294901760
-3.8718884 6.863091 -3.8143835 4294901760
-5.1454315 8.1613274 -3.8518806 4294901760
-5.9232135 10.499154 -4.0215874 4294901760
-7.2368779 11.478635 -4.0491486 4294901760
-7.1102443 14.180282 -4.1809149 4294901760
-10.551023 16.735302 -4.3458223 4294901760
-8.69174 15.406489 -4.2670078 4294901760
-12.157745 17.343725 -4.4167471 4294901760
-10.311476 20.564642 -4.4592009 4294901760
-13.022818 23.083513 -4.7372336 4294901760
-1.7189237 3.0718729 -3.6198099 4294901760
-3.0337298 4.8493295 -3.7149072 4294901760
-3.8498244 6.8799863 -3.8149416 4294901760
-5.1273937 8.1959915 -3.8556821 4294901760
-5.884593 10.516303 -4.020143 4294901760
-7.2030954 11.51394 -4.0505004 4294901760
-7.039432 14.162215 -4.1725659 4294901760
-10.498894 16.782179 -4.3464298 4294901760
-8.6418056 15.443692 -4.2671018 4294901760
-12.097133 17.386055 -4.4159474 4294901760
-10.22719 20.575476 -4.45436 4294901760
-12.940216 23.125341 -4.7352409 4294901760
-1.7087269 3.0775564 -3.6196125 4294901760
-3.0155995 4.8560915 -3.7133317 4294901760
-3.8326988 6.9030027 -3.8175528 4294901760
-5.1064405 8.2230225 -3.8577929 4294901760
-5.8670201 10.566981 -4.0261369 4294901760
-7.1564808 11.524251 -4.0471988 4294901760
-6.9994698 14.199772 -4.1739478 4294901760
-10.430551 16.796564 -4.3423953 4294901760
-8.5847359 15.461808 -4.2644215 4294901760
-12.055292 17.449068 -4.4186645 4294901760
-10.217161 20.727478 -4.468245 4294901760
-12.865393 23.171619 -4.7342014 4294901760
-1.6962258 3.0803261 -3.6174963 4294901760
-2.9966104 4.863308 -3.7117383 4294901760
-3.8085809 6.9163389 -3.8170812 4294901760
-5.0652676 8.2206078 -3.8521967 4294901760
-5.830101 10.587396 -4.0254149 4294901760
-7.1057806 11.53223 -4.0431881 4294901760
-6.9498644 14.224116 -4.1728425 4294901760
-10.380233 16.846458 -4.343493 4294901760
-8.5460997 15.519618 -4.2678638 4294901760
-11.992056 17.487747 -4.4173346 4294901760
-10.185072 20.845537 -4.4773545 4294901760
-12.836459 23.31086 -4.744679 4294901760
-1.6854635 3.0862284 -3.6172838 4294901760
-2.9836349 4.880311 -3.714071 4294901760
-3.7825367 6.9261489 -3.8155868 4294901760
-5.0406661 8.2449818 -3.8534164 4294901760
-5.7912083 10.604199 -4.0239434 4294901760
-7.0571866 11.543391 -4.0398369 4294901760
-6.8967013 14.241119 -4.1705174 4294901760
-10.340099 16.913229 -4.3471694 4294901760
-8.4918766 15.549355 -4.2667928 4294901760
-11.939927 17.5427 -4.4184813 4294901760
-10.127913 20.913305 -4.4799113 4294901760
-12.756929 23.359032 -4.7435169 4294901760
-1.6764061 3.0952811 -3.618974 4294901760
-2.9685779 4.8939905 -3.7150891 4294901760
-3.7564671 6.9358625 -3.8140869 4294901760
-5.018002 8.272666 -3.8554809 4294901760
-5.7560444 10.62784 -4.0239444 4294901760
-7.0168467 11.567956 -4.0391469 4294901760
-6.8555608 14.283061 -4.172411 4294901760
-10.285132 16.956045 -4.3471961 4294901760
-8.4394417 15.582409 -4.2662706 4294901760
-11.883082 17.590891 -4.4186144 4294901760
-10.044477 20.926933 -4.4754624 4294901760
-12.658187 23.371811 -4.7378721 4294901760
-1.6655906 3.101114 -3.6187561 4294901760
-2.9514756 4.9043236 -3.714793 4294901760
-3.7359436 6.9558434 -3.8156319 4294901760
-4.9870543 8.286746 -3.8541281 4294901760
-5.7189088 10.647868 -4.0231962 4294901760
-6.9846239 11.60601 -4.0411153 4294901760
-6.8073692 14.310502 -4.1718755 4294901760
-10.240281 17.015778 -4.3498001 4294901760
-8.3831081 15.608262 -4.2646117 4294901760
-11.832717 17.648844 -4.4202256 4294901760
-9.9439163 20.904173 -4.4663467 4294901760
-12.57463 23.412334 -4.7357802 4294901760
-1.6547561 3.1069093 -3.6185358 4294901760
-2.940263 4.9245176 -3.7184207 4294901760
-3.7116416 6.9688416 -3.8151374 4294901760
-4.9580994 8.3041029 -3.8536208 4294901760
-5.6779776 10.660762 -4.0209594 4294901760
-6.9583421 11.654222 -4.0450735 4294901760
-6.7607746 14.341381 -4.1719313 4294901760
-10.191052 17.068546 -4.3513503 4294901760
-8.3304501 15.640947 -4.2640634 4294901760
-11.777677 17.700006 -4.4208231 4294901760
-9.8657818 20.927919 -4.4632702 4294901760
-12.492833 23.456085 -4.7341161 4294901760
-1.6444448 3.1123791 -3.6183238 4294901760
-2.9160631 4.9209847 -3.7128944 4294901760
-3.6903458 6.9845791 -3.8156788 4294901760
-4.9244919 8.310297 -3.8505766 4294901760
-5.6481571 10.690056 -4.0224519 4294901760
-6.9115505 11.663546 -4.0417209 4294901760
-6.7165551 14.370936 -4.1720333 4294901760
-10.136434 17.105679 -4.3508644 4294901760
-8.2822657 15.675533 -4.2641196 4294901760
-11.725521 17.748957 -4.4214506 4294901760
-9.7861881 20.93881 -4.4588695 4294901760
-12.407522 23.483253 -4.7307353 4294901760
-1.6318873 3.1148894 -3.6161938 4294901760
-2.9027708 4.9377761 -3.7152042 4294901760
-3.6677608 7.0008936 -3.8161891 4294901760
-4.8854365 8.310401 -3.8457985 4294901760
-5.6034393 10.695648 -4.0187197 4294901760
-6.8748231 11.69446 -4.0423236 4294901760
-6.6629992 14.387068 -4.1696529 4294901760
-10.072614 17.134081 -4.3487568 4294901760
-8.2293444 15.707884 -4.263545 4294901760
-11.656923 17.779766 -4.4190302 4294901760
-9.7046432 20.954731 -4.4548359 4294901760
-12.318054 23.51227 -4.7272534 4294901760
-1.6243473 3.1270006 -3.6197748 4294901760
-2.8893991 4.9545326 -3.7175088 4294901760
-3.6414943 7.0101724 -3.8146615 4294901760
-4.8603816 8.3342314 -3.8469748 4294901760
-5.560585 10.704578 -4.0157208 4294901760
-6.8199368 11.694335 -4.0369182 4294901760
-6.6077576 14.399376 -4.1666594 4294901760
-10.026817 17.193262 -4.3512955 4294901760
-8.1744661 15.736511 -4.2623968 4294901760
-11.594792 17.820345 -4.4180875 4294901760
-9.6547585 21.039286 -4.4596086 4294901760
-12.23407 23.551579 -4.72509 4294901760
-1.610647 3.1259251 -3.6157475 4294901760
-2.8710225 4.9607544 -3.7158988 4294901760
-3.6164289 7.0187235 -3.8131545 4294901760
-4.8327155 8.3503056 -3.8464677 4294901760
-5.5268707 10.726487 -4.0157094 4294901760
-6.7811165 11.716889 -4.0362067 4294901760
-6.5698619 14.442964 -4.1691389 4294901760
-9.9697428 17.226421 -4.3502493 4294901760
-8.1258841 15.770622 -4.2624145 4294901760
-11.529132 17.84864 -4.4156852 4294901760
-9.5783167 21.05665 -4.4560938 4294901760
-12.154065 23.58847 -4.7229948 4294901760
-1.5958825 3.1253498 -3.6116955 4294901760
-2.8509047 4.9679017 -3.7142532 4294901760
-3.5924652 7.0354238 -3.8136213 4294901760
-4.8079805 8.3782444 -3.8484523 4294901760
-5.4875216 10.746671 -4.0148706 4294901760
-6.746047 11.755461 -4.0380735 4294901760
-6.5217924 14.477838 -4.1696773 4294901760
-9.918457 17.283609 -4.3521819 4294901760
-8.0625916 15.789645 -4.2595015 4294901760
-11.459332 17.884052 -4.4136691 4294901760
-9.4912395 21.069765 -4.4514632 4294901760
-12.082066 23.661318 -4.7247066 4294901760
-1.5849625 3.1309021 -3.6114607 4294901760
-2.8316393 4.9744763 -3.7126195 4294901760
-3.5661113 7.0444221 -3.8120775 4294901760
-4.7806592 8.3984127 -3.8487544 4294901760
-5.4607258 10.787004 -4.0184937 4294901760
-6.7128377 11.792763 -4.0399661 4294901760
-6.466342 14.489607 -4.1666512 4294901760
-9.8580618 17.318127 -4.3510499 4294901760
-8.0074215 15.817695 -4.2583151 4294901760
-11.403256 17.934055 -4.4141712 4294901760
-9.4257669 21.121006 -4.4520035 4294901760
-11.995784 23.696222 -4.7220402 4294901760
-1.5827051 3.1523392 -3.6207521 4294901760
-2.8170235 4.9871926 -3.7136149 4294901760
-3.5409734 7.0527034 -3.8105557 4294901760
-4.7547288 8.4176598 -3.849077 4294901760
-5.4284883 10.812144 -4.0191932 4294901760
-6.66783 11.80457 -4.0372286 4294901760
-6.427927 14.532824 -4.1690917 4294901760
-9.8025455 17.354197 -4.3504782 4294901760
-7.9531398 15.840597 -4.2566171 4294901760
-11.35225 17.985268 -4.4152036 4294901760
-9.3653717 21.174055 -4.4530773 4294901760
-11.91356 23.728731 -4.7194471 4294901760
-1.5716923 3.1578441 -3.6205111 4294901760
-2.8052468 5.0070758 -3.7172046 4294901760
-3.51983 7.0720425 -3.8120458 4294901760
-4.7156591 8.4169636 -3.8442631 4294901760
-5.388947 10.827472 -4.0176287 4294901760
-6.6188107 11.813893 -4.0337787 4294901760
-6.3691697 14.53693 -4.1648421 4294901760
-9.7380095 17.381342 -4.3482842 4294901760
-7.8906951 15.853984 -4.2531695 4294901760
-11.291523 18.028166 -4.4146795 4294901760
-9.2882023 21.199301 -4.4503407 4294901760
-11.816424 23.74156 -4.7140841 4294901760
-1.5569001 3.1570814 -3.6164498 4294901760
-2.7906156 5.0240593 -3.7194638 4294901760
-3.4938843 7.084897 -3.8114731 4294901760
-4.6905327 8.4445572 -3.8462155 4294901760
-5.3492236 10.847153 -4.0167522 4294901760
-6.5716009 11.831121 -4.03161 4294901760
-6.3269367 14.585753 -4.1677327 4294901760
-9.6684227 17.406456 -4.3455019 4294901760
-7.8466363 15.911406 -4.2563577 4294901760
-11.231684 18.079605 -4.4150796 4294901760
-9.2040787 21.21855 -4.4465728 4294901760
-11.736388 23.799042 -4.7139349 4294901760
-1.5474632 3.1657534 -3.6181068 4294901760
-2.7674866 5.0236483 -3.7151992 4294901760
-3.4725788 7.1040969 -3.8129499 4294901760
-4.6629362 8.4643412 -3.8464887 4294901760
-5.3130727 10.869324 -4.0166459 4294901760
-6.5302649 11.853988 -4.0308022 4294901760
-6.274416 14.604092 -4.1658659 4294901760
-9.6056814 17.436604 -4.3437972 4294901760
-7.7998052 15.956606 -4.2579136 4294901760
-11.1727 18.125496 -4.4150186 4294901760
-9.1252317 21.239542 -4.4433441 4294901760
-11.655003 23.843452 -4.7125268 4294901760
-1.5369571 3.1708672 -3.6178708 4294901760
-2.7526608 5.0361772 -3.7161772 4294901760
-3.4507139 7.1191025 -3.8134344 4294901760
-4.6348438 8.4797564 -3.8459342 4294901760
-5.2804627 10.894023 -4.0173097 4294901760
-6.4890151 11.872087 -4.0293612 4294901760
-6.2275152 14.62848 -4.1652527 4294901760
-9.5420685 17.457851 -4.3411069 4294901760
-7.7416334 15.971618 -4.2550492 4294901760
-11.116703 18.169254 -4.4149947 4294901760
-9.0484953 21.254986 -4.4397326 4294901760
-11.582844 23.896347 -4.7125216 4294901760
-1.5274484 3.179481 -3.6195221 4294901760
-2.7313919 5.0389829 -3.7132127 4294901760
-3.4241419 7.1275697 -3.8118577 4294901760
-4.6070967 8.4993591 -3.8461928 4294901760
-5.2492733 10.926696 -4.0193949 4294901760
-6.4626923 11.922637 -4.0338483 4294901760
-6.177958 14.653801 -4.1645646 4294901760
-9.4753618 17.480532 -4.3383436 4294901760
-7.6823783 15.99136 -4.2526698 4294901760
-11.038708 18.184065 -4.41044 4294901760
-8.9726906 21.282764 -4.4373994 4294901760
-11.509732 23.958241 -4.7132869 4294901760
-1.5132231 3.1782475 -3.6154649 4294901760
-2.7156086 5.0518804 -3.714165 4294901760
-3.3992393 7.1394792 -3.8112893 4294901760
-4.581141 8.5223532 -3.8472931 4294901760
-5.2076855 10.937789 -4.0170507 4294901760
-6.4191494 11.941623 -4.0323453 4294901760
-6.1313682 14.686305 -4.1650634 4294901760
-9.4161711 17.517019 -4.3376298 4294901760
-7.6213655 16.00728 -4.2497211 4294901760
-10.973102 18.21907 -4.4088454 4294901760
-8.9137239 21.350807 -4.4401217 4294901760
-11.422591 23.991058 -4.7104917 4294901760
-1.5021203 3.1835098 -3.6152096 4294901760
-2.6943347 5.0545292 -3.7111936 4294901760
-3.3759727 7.1548481 -3.8117285 4294901760
-4.5588031 8.5522423 -3.8500831 4294901760
-5.1627035 10.941545 -4.0132275 4294901760
-6.3680739 11.946406 -4.0281782 4294901760
-6.0800691 14.707617 -4.1637516 4294901760
-9.3681097 17.574425 -4.3399916 4294901760
-7.556941 16.015759 -4.2456465 4294901760
-10.903297 18.246977 -4.4062452 4294901760
-8.8406706 21.385479 -4.4386754 4294901760
-11.337077 24.02717 -4.7081213 4294901760
-1.4909993 3.1887338 -3.6149516 4294901760
-2.6766756 5.0639033 -3.7108312 4294901760
-3.3559623 7.177247 -3.8141863 4294901760
-4.528924 8.5681038 -3.8494699 4294901760
-5.1278424 10.966688 -4.0138121 4294901760
-6.3244786 11.965047 -4.0266585 4294901760
-6.0332217 14.739806 -4.1642261 4294901760
-9.301116 17.596437 -4.3371868 4294901760
-7.4976153 16.034817 -4.2432337 4294901760
-10.829364 18.267757 -4.4026408 4294901760
-8.753871 21.386642 -4.4330688 4294901760
-11.251451 24.062977 -4.7057328 4294901760
-1.4829066 3.2004976 -3.6184931 4294901760
-2.6625581 5.0800395 -3.7130761 4294901760
-3.3325357 7.1924777 -3.8146124 4294901760
-4.5044904 8.5943623 -3.8513944 4294901760
-5.0945315 10.995323 -4.0151229 4294901760
-6.2863636 11.994097 -4.0271187 4294901760
-5.9832253 14.764468 -4.1634893 4294901760
-9.2470407 17.642933 -4.3379712 4294901760
-7.4449458 16.068127 -4.2430382 4294901760
-10.727077 18.240072 -4.3920946 4294901760
-8.6821585 21.424473 -4.4320521 4294901760
-11.16906 24.105732 -4.7042084 4294901760
-1.4747515 3.2122433 -3.622031 4294901760
-2.641258 5.0824661 -3.7100937 4294901760
-3.3057737 7.200501 -3.8130081 4294901760
-4.4744649 8.610033 -3.8507664 4294901760
-5.0660553 11.034675 -4.0186291 4294901760
-6.246295 12.019494 -4.0269055 4294901760
-5.9301715 14.781567 -4.1615448 4294901760
-9.1982841 17.699888 -4.3402829 4294901760
-7.3904786 16.097637 -4.2422719 4294901760
-10.741798 18.411873 -4.4102311 4294901760
-8.5984039 21.432413 -4.42734 4294901760
-11.066519 24.104639 -4.697372 4294901760
-1.4620279 3.214072 -3.619864 4294901760
-2.6217349 5.0882316 -3.7084136 4294901760
-3.2806175 7.211997 -3.8124104 4294901760
-4.4425702 8.6220875 -3.8492837 4294901760
-5.0258608 11.04868 -4.0169783 4294901760
-6.2042971 12.041226 -4.0260186 4294901760
-5.8829446 14.813284 -4.1619816 4294901760
-9.1364384 17.731892 -4.3389778 4294901760
-7.3243332 16.101564 -4.237597 4294901760
-10.681458 18.456169 -4.4100409 4294901760
-8.5161629 21.443739 -4.4230752 4294901760
-10.982305 24.143124 -4.6953716 4294901760
-1.4493109 3.2158508 -3.6176951 4294901760
-2.6057112 5.1007819 -3.7093401 4294901760
-3.2554243 7.2234044 -3.8118074 4294901760
-4.4214387 8.6551399 -3.8528795 4294901760
-4.9742227 11.037215 -4.0101776 4294901760
-6.171277 12.080518 -4.0284352 4294901760
-5.8312035 14.833727 -4.1606126 4294901760
-9.059968 17.735245 -4.3335471 4294901760
-7.2631726 16.116127 -4.2345824 4294901760
-10.624923 18.507187 -4.4108229 4294901760
-8.4383402 21.4659 -4.4201751 4294901760
-10.916021 24.221369 -4.6981978 4294901760
-1.4365978 3.2175803 -3.6155243 4294901760
-2.5896292 5.1132836 -3.7102616 4294901760
-3.2349854 7.2454691 -3.8142319 4294901760
-4.3965545 8.6810999 -3.8547714 4294901760
-4.9453683 11.076252 -4.0136533 4294901760
-6.1254735 12.094892 -4.0262032 4294901760
-5.7822728 14.861417 -4.1604271 4294901760
-9.0034103 17.777445 -4.333756 4294901760
-7.2084937 16.145025 -4.2337804 4294901760
-10.55235 18.530291 -4.4076357 4294901760
-8.3488741 21.458015 -4.4135909 4294901760
-10.826514 24.248386 -4.6948361 4294901760
-1.4253584 3.2225749 -3.6152511 4294901760
-2.5700376 5.1188488 -3.7085698 4294901760
-3.2096763 7.2567167 -3.8136168 4294901760
-4.3733211 8.7105227 -3.8575017 4294901760
-4.9098883 11.100704 -4.0141811 4294901760
-6.0778661 12.105536 -4.0233016 4294901760
-5.7275028 14.874075 -4.1578412 4294901760
-8.9502563 17.826591 -4.3349757 4294901760
-7.1666117 16.202902 -4.2374091 4294901760
-10.49546 18.580912 -4.4083848 4294901760
-8.2681856 21.472116 -4.4097481 4294901760
-10.74989 24.304293 -4.6949763 4294901760
-1.4155563 3.2308509 -3.6168747 4294901760
-2.5521548 5.1277885 -3.7081785 4294901760
-3.1827533 7.2642832 -3.8119857 4294901760
-4.3446517 8.7292719 -3.8576827 4294901760
-4.8727036 11.121408 -4.0139651 4294901760
-6.0338035 12.123116 -4.0217147 4294901760
-5.6812224 14.908861 -4.1588254 4294901760
-8.8755331 17.832716 -4.3300219 4294901760
-7.1164122 16.242424 -4.2382436 4294901760
-10.436393 18.62788 -4.4086232 4294901760
-8.1718578 21.444874 -4.4008541 4294901760
-10.664991 24.341665 -4.6928973 4294901760
-1.4077214 3.2421784 -3.6204083 4294901760
-2.5419545 5.1500401 -3.7130189 4294901760
-3.1586447 7.2747989 -3.8113911 4294901760
-4.3139286 8.7400885 -3.8561971 4294901760
-4.8389544 11.144786 -4.0145216 4294901760
-5.9935656 12.143059 -4.0208268 4294901760
-5.6345606 14.935075 -4.1586747 4294901760
-8.8198767 17.869211 -4.329742 4294901760
-7.0482168 16.233025 -4.2319202 4294901760
-10.376498 18.665878 -4.4079208 4294901760
-8.1204281 21.524164 -4.4053288 4294901760
-10.585798 24.380568 -4.6913443 4294901760
-1.3926646 3.2368383 -3.6144447 4294901760
-2.52317 5.1549816 -3.7113352 4294901760
-3.1376052 7.2924385 -3.8128114 4294901760
-4.2901363 8.7649956 -3.8580906 4294901760
-4.7941313 11.142546 -4.0099373 4294901760
-5.9585128 12.173584 -4.021914 4294901760
-5.5780387 14.935022 -4.1543407 4294901760
-8.7693472 17.916279 -4.3309855 4294901760
-6.9959259 16.259968 -4.2311368 4294901760
-10.306834 18.686201 -4.4047394 4294901760
-8.0420256 21.532269 -4.4010906 4294901760
-10.519104 24.448557 -4.693285 4294901760
-1.3813565 3.2416804 -3.614162 4294901760
-2.5034776 5.1602926 -3.7096279 4294901760
-3.1105907 7.2997384 -3.8111644 4294901760
-4.2681384 8.7976999 -3.8616335 4294901760
-4.7567601 11.162865 -4.0096965 4294901760
-5.9211869 12.205045 -4.0229425 4294901760
-5.5300083 14.96561 -4.1546931 4294901760
-8.7084904 17.950373 -4.3300939 4294901760
-6.9359946 16.276955 -4.2286072 4294901760
-10.233876 18.708059 -4.4014807 4294901760
-7.9723454 21.575193 -4.4008508 4294901760
-10.435258 24.488806 -4.6915874 4294901760
-1.3708755 3.2500613 -3.6157606 4294901760
-2.4795427 5.159018 -3.7052901 4294901760
-3.0853412 7.3147044 -3.8114991 4294901760
-4.241003 8.8239698 -3.8634405 4294901760
-4.7173591 11.18388 -4.0093975 4294901760
-5.8781385 12.230247 -4.0225902 4294901760
-5.4778571 14.993258 -4.1543651 4294901760
-8.6443729 17.985765 -4.3291163 4294901760
-6.894887 16.346348 -4.2337503 4294901760
-10.176661 18.766495 -4.403069 4294901760
-7.8945904 21.608019 -4.3991179 4294901760
-10.343884 24.523205 -4.6888857 4294901760
-1.3600893 3.2545898 -3.6154866 4294901760
-2.4624197 5.1672125 -3.7048995 4294901760
-3.0625777 7.3285151 -3.811892 4294901760
-4.2168164 8.8486891 -3.8653083 4294901760
-4.6833019 11.206784 -4.0099196 4294901760
-5.8307023 12.235314 -4.0190234 4294901760
-5.4226851 14.99636 -4.1506 4294901760
-8.5812435 18.00713 -4.3267312 4294901760
-6.8421745 16.372801 -4.2329268 4294901760
-10.089782 18.754442 -4.3954153 4294901760
-7.8323908 21.660366 -4.4003148 4294901760
-10.28252 24.605288 -4.6925135 4294901760
-1.3514934 3.2660167 -3.6189914 4294901760
-2.4460137 5.1792593 -3.7057872 4294901760
-3.0384793 7.3427844 -3.8122463 4294901760
-4.184217 8.8597813 -3.8637526 4294901760
-4.6487088 11.234062 -4.0111151 4294901760
-5.7811661 12.241206 -4.0154004 4294901760
-5.3823795 15.048947 -4.1544833 4294901760
-8.5115223 18.022541 -4.3232393 4294901760
-6.7682171 16.356062 -4.2253795 4294901760
-10.035533 18.810677 -4.397037 4294901760
-7.763463 21.706375 -4.400475 4294901760
-10.18283 24.607809 -4.686379 4294901760
-1.3381391 3.2675936 -3.616786 4294901760
-2.4286454 5.191679 -3.7066488 4294901760
-3.0130312 7.3575025 -3.8125615 4294901760
-4.1550641 8.8822184 -3.8646886 4294901760
-4.6059966 11.247355 -4.0093226 4294901760
-5.7328887 12.255111 -4.0130401 4294901760
-5.3258548 15.064819 -4.1523333 4294901760
-8.4369516 18.035547 -4.3191514 4294901760
-6.7036867 16.369692 -4.2221766 4294901760
-9.9721146 18.857924 -4.3970976 4294901760
-7.6785231 21.719624 -4.3964086 4294901760
-10.104673 24.67454 -4.6875539 4294901760
-1.3259341 3.2686539 -3.6146078 4294901760
-2.4114168 5.1997037 -3.7062464 4294901760
-2.9915664 7.3747225 -3.8139448 4294901760
-4.1305771 8.9067039 -3.8665335 4294901760
-4.5716591 11.26992 -4.0098181 4294901760
-5.693893 12.277661 -4.0127492 4294901760
-5.2692971 15.063601 -4.1479468 4294901760
-8.3687067 18.045322 -4.3151984 4294901760
-6.6568632 16.410305 -4.2235322 4294901760
-9.9095287 18.890886 -4.3958015 4294901760
-7.5959129 21.714815 -4.3907242 4294901760
-10.030307 24.726421 -4.6876168 4294901760
-1.3172171 3.2799904 -3.6181033 4294901760
-2.3932502 5.2080903 -3.7058184 4294901760
-2.9701884 7.3960395 -3.8162954 4294901760
-4.1077108 8.9390268 -3.8700216 4294901760
-4.5293312 11.278446 -4.0073295 4294901760
-5.65764 12.311917 -4.0143752 4294901760
-5.2179813 15.085669 -4.1470394 4294901760
-8.3156567 18.096182 -4.3167768 4294901760
-6.599535 16.433443 -4.2220364 4294901760
-9.8490467 18.935987 -4.3958964 4294901760
-7.4887342 21.650625 -4.3776464 4294901760
-9.9305305 24.727924 -4.6814337 4294901760
-1.3025101 3.2780583 -3.6139946 4294901760
-2.36936 5.2063084 -3.7014604 4294901760
-2.9401662 7.3995862 -3.8135686 4294901760
-4.0749221 8.9540215 -3.8692431 4294901760
-4.4923615 11.306033 -4.0084343 4294901760
-5.6174216 12.34343 -4.0152798 4294901760
-5.157505 15.089615 -4.1430793 4294901760
-8.2393627 18.104746 -4.3121395 4294901760
-6.5348468 16.446404 -4.2187972 4294901760
-9.7960424 19.003889 -4.3988504 4294901760
-7.4145007 21.693041 -4.3771849 4294901760
-9.8442621 24.775288 -4.6803598 4294901760
-1.2929606 3.2857325 -3.615603 4294901760
-2.3520834 5.2141361 -3.7010472 4294901760
-2.9170499 7.4129443 -3.813926 4294901760
-4.046834 8.9710855 -3.8693757 4294901760
-4.451941 11.313482 -4.0059814 4294901760
-5.5748258 12.358363 -4.0136409 4294901760
-5.1112676 15.117953 -4.1434116 4294901760
-8.1891279 18.15379 -4.3137617 4294901760
-6.4700565 16.442013 -4.2134929 4294901760
-9.7257042 19.022053 -4.3955445 4294901760
-7.3438063 21.721289 -4.3755603 4294901760
-9.773757 24.837532 -4.6816735 4294901760
-1.2822233 3.293828 -3.617178 4294901760
-2.3345268 5.2262402 -3.7018869 4294901760
-2.8927038 7.4308963 -3.8152151 4294901760
-4.0203724 9.0002956 -3.8719559 4294901760
-4.4075627 11.322329 -4.003417 4294901760
-5.5165138 12.349666 -4.0072827 4294901760
-5.0520339 15.125254 -4.1400247 4294901760
-8.1225319 18.183685 -4.3121562 4294901760
-6.4082994 16.461903 -4.2113361 4294901760
-9.6450891 19.036207 -4.3911023 4294901760
-7.2641392 21.748062 -4.3732467 4294901760
-9.681201 24.869467 -4.678812 4294901760
-1.2744788 3.3046045 -3.6206915 4294901760
-2.3196573 5.2370701 -3.7027886 4294901760
-2.8665237 7.4326282 -3.8125768 4294901760
-3.998481 9.0273361 -3.8746407 4294901760
-4.3776851 11.350928 -4.0053816 4294901760
-5.4760799 12.363297 -4.005682 4294901760
-5.0007448 15.129707 -4.1368604 4294901760
-8.0572891 18.19087 -4.3082213 4294901760
-6.3622932 16.496832 -4.2121534 4294901760
-9.590621 19.077114 -4.3912768 4294901760
-7.209568 21.812481 -4.3762355 4294901760
-9.6030293 24.899757 -4.6767178 4294901760
-1.2616439 3.3056462 -3.6184852 4294901760
-2.2982681 5.2380791 -3.6997404 4294901760
-2.8405631 7.4425883 -3.811877 4294901760
-3.9701235 9.0484753 -3.8755546 4294901760
-4.340868 11.373553 -4.0057707 4294901760
-5.4392848 12.396902 -4.007256 4294901760
-4.9429584 15.131925 -4.1329427 4294901760
-7.9937463 18.218882 -4.3066673 4294901760
-6.3075161 16.526388 -4.2117009 4294901760
-9.54 19.142628 -4.3942308 4294901760
-7.1346292 21.841307 -4.3744507 4294901760
-9.5089369 24.914463 -4.6721983 4294901760
-1.2502207 3.3138583 -3.6200352 4294901760
-2.2796714 5.2503996 -3.7005441 4294901760
-2.8147316 7.4607801 -3.8131115 4294901760
-3.9337747 9.060029 -3.8738551 4294901760
-4.2943606 11.382713 -4.0031271 4294901760
-5.3916411 12.417698 -4.0060816 4294901760
-4.8909268 15.169747 -4.1341796 4294901760
-7.9269066 18.256765 -4.3059587 4294901760
-6.2397866 16.539295 -4.2083263 4294901760
-9.4540539 19.154062 -4.3891802 4294901760
-7.0556087 21.883745 -4.3737807 4294901760
-9.4272966 24.988169 -4.6739445 4294901760
-1.2372648 3.3109779 -3.6159613 4294901760
-2.2646871 5.2610741 -3.7014341 4294901760
-2.7912769 7.4695868 -3.8124709 4294901760
-3.9068522 9.0759735 -3.8739896 4294901760
-4.2585764 11.39615 -4.0021496 4294901760
-5.3557448 12.441882 -4.0064259 4294901760
-4.8444514 15.188833 -4.1333532 4294901760
-7.8647733 18.270584 -4.3030081 4294901760
-6.1863961 16.555084 -4.206356 4294901760
-9.3955841 19.187256 -4.3883305 4294901760
-6.9892449 21.913412 -4.3726406 4294901760
-9.3221731 24.946569 -4.6635489 4294901760
-1.2231861 3.308476 -3.6118553 4294901760
-2.2463098 5.2689471 -3.7009745 4294901760
-2.7706285 7.4940009 -3.8157735 4294901760
-3.8782494 9.0968275 -3.8748806 4294901760
-4.220149 11.414666 -4.0017834 4294901760
-5.3169632 12.471477 -4.007309 4294901760
-4.7878151 15.194253 -4.1299977 4294901760
-7.7993879 18.294254 -4.3009043 4294901760
-6.136869 16.599014 -4.2080641 4294901760
-9.3302965 19.223524 -4.3873167 4294901760
-6.9091148 21.926252 -4.3689995 4294901760
-9.2599754 25.046396 -4.668963 4294901760
-1.2122971 3.3163414 -3.6134136 4294901760
-2.2284815 5.2806931 -3.7017868 4294901760
-2.7377577 7.489368 -3.8109949 4294901760
-3.8494937 9.1219034 -3.8765645 4294901760
-4.1810107 11.43751 -4.0020809 4294901760
-5.2727661 12.494543 -4.006813 4294901760
-4.7309136 15.207894 -4.1277337 4294901760
-7.7384934 18.337423 -4.3012447 4294901760
-6.0746236 16.617647 -4.2058306 4294901760
-9.2580509 19.253994 -4.3852334 4294901760
-6.8227782 21.932358 -4.364327 4294901760
-9.166748 25.076414 -4.6659889 4294901760
-1.1988255 3.3135257 -3.6093202 4294901760
-2.2094707 5.2845006 -3.7000434 4294901760
-2.7129049 7.4984064 -3.8103032 4294901760
-3.8222706 9.1419144 -3.8774788 4294901760
-4.1471062 11.462505 -4.0032063 4294901760
-5.2374372 12.526638 -4.0083852 4294901760
-4.6792817 15.219695 -4.1256194 4294901760
-7.6776376 18.362986 -4.2997012 4294901760
-6.0249057 16.6527 -4.206491 4294901760
-9.1889925 19.273781 -4.3823109 4294901760
-6.7593923 21.985401 -4.3657351 4294901760
-9.0862522 25.114189 -4.6645384 4294901760
-1.1884741 3.3211033 -3.6108892 4294901760
-2.1910121 5.2921805 -3.6995718 4294901760
-2.6880376 7.5115232 -3.8105738 4294901760
-3.788826 9.1515474 -3.8758221 4294901760
-4.1070724 11.476911 -4.0020852 4294901760
-5.1967244 12.552192 -4.0085788 4294901760
-4.6249728 15.232124 -4.1234155 4294901760
-7.6028118 18.363865 -4.2945132 4294901760
-5.9694304 16.681135 -4.2059588 4294901760
-9.1267796 19.316566 -4.3822284 4294901760
-6.6895738 22.031788 -4.3661056 4294901760
-9.0066128 25.168316 -4.6646786 4294901760
-1.1762927 3.3254375 -3.6105459 4294901760
-2.1745198 5.3073044 -3.7016687 4294901760
-2.6604865 7.5213265 -3.8097975 4294901760
-3.753757 9.1617155 -3.8741181 4294901760
-4.0623302 11.484407 -3.9994457 4294901760
-5.1491718 12.567475 -4.0067391 4294901760
-4.5668225 15.241344 -4.1205316 4294901760
-7.5324221 18.384222 -4.2917666 4294901760
-5.900269 16.680351 -4.2009463 4294901760
-9.0559139 19.34989 -4.3805861 4294901760
-6.6145029 22.075287 -4.3658872 4294901760
-8.9103022 25.189865 -4.66078 4294901760
-1.1676545 3.3361628 -3.614018 4294901760
-2.1583581 5.3180547 -3.7025104 4294901760
-2.6394191 7.541213 -3.8120992 4294901760
-3.7233572 9.1741123 -3.8733306 4294901760
-4.0189834 11.482833 -3.9954605 4294901760
-5.1074715 12.58448 -4.0056586 4294901760
-4.5173898 15.260223 -4.1195669 4294901760
-7.4759221 18.420191 -4.2917056 4294901760
-5.8475604 16.70735 -4.2004728 4294901760
-8.9732208 19.339979 -4.3737211 4294901760
-6.539 22.089437 -4.3627381 4294901760
-1.1536299 3.3333671 -3.6099014 4294901760
-2.141216 5.3291316 -3.7033231 4294901760
-2.6156428 7.5577941 -3.8133533 4294901760
-3.6957293 9.1980581 -3.8750141 4294901760
-3.9814684 11.504292 -3.9957681 4294901760
-5.066474 12.609614 -4.0058217 4294901760
-4.4663234 15.283545 -4.1190968 4294901760
-7.402647 18.423962 -4.2869906 4294901760
-5.7905045 16.73143 -4.1993556 4294901760
-8.895648 19.349426 -4.369206 4294901760
-6.458487 22.100634 -4.3590083 4294901760
-8.6497974 24.99324 -4.6265478 4294901760
-1.1431617 3.3408034 -3.6114593 4294901760
-2.1211784 5.3329935 -3.7015374 4294901760
-2.5867074 7.5594559 -3.8105915 4294901760
-3.6665232 9.2182465 -3.8758495 4294901760
-3.9438589 11.525628 -3.9960666 4294901760
-5.0224304 12.627221 -4.0046649 4294901760
-4.417366 15.314349 -4.1197896 4294901760
-7.3294463 18.427443 -4.2822666 4294901760
-5.7294884 16.743996 -4.1965852 4294901760
-8.8214369 19.365828 -4.365654 4294901760
-6.390161 22.153734 -4.3602028 4294901760
-8.572854 25.053514 -4.6274934 4294901760
-1.1326554 3.348207 -3.613014 4294901760
-2.102551 5.3403649 -3.701045 4294901760
-2.5577915 7.561007 -3.8078253 4294901760
-3.6386688 9.2420206 -3.8775158 4294901760
-3.9048762 11.543082 -3.9956298 4294901760
-4.9841528 12.659477 -4.0061154 4294901760
-4.3617039 15.322011 -4.1169462 4294901760
-7.2533879 18.42321 -4.2765222 4294901760
-5.6786742 16.786551 -4.1981769 4294901760
-8.7570705 19.403774 -4.3650098 4294901760
-6.3040495 22.14518 -4.3542013 4294901760
-8.5339947 25.227072 -4.6413407 4294901760
-1.1198106 3.3487027 -3.6107833 4294901760
-2.0866926 5.3548503 -3.7031415 4294901760
-2.5338693 7.5773306 -3.809062 4294901760
-3.6078186 9.2583494 -3.8774955 4294901760
-3.8645566 11.556643 -3.9944592 4294901760
-4.9384847 12.673093 -4.0042844 4294901760
-4.314652 15.36015 -4.1187873 4294901760
-7.1788874 18.422392 -4.2712746 4294901760
-5.6187749 16.802492 -4.1959286 4294901760
-8.6778755 19.408718 -4.359971 4294901760
-6.224545 22.159365 -4.3508787 4294901760
-8.464879 25.313536 -4.6452398 4294901760
-1.1086673 3.3562264 -3.6123154 4294901760
-2.0670531 5.362462 -3.7026153 4294901760
-2.5060816 7.5865664 -3.8082504 4294901760
-3.5767057 9.2788858 -3.8782625 4294901760
-3.8283992 11.589568 -3.9968433 4294901760
-4.8977275 12.705952 -4.0056529 4294901760
-4.2562022 15.368185 -4.1158381 4294901760
-7.1170621 18.46347 -4.2714829 4294901760
-5.552155 16.807829 -4.191946 4294901760
-8.6034536 19.433092 -4.3572702 4294901760
-6.1454201 22.189724 -4.3492107 4294901760
-8.3707962 25.340597 -4.6420989 4294901760
-1.098117 3.3596933 -3.6120055 4294901760
-2.050195 5.3689299 -3.7021608 4294901760
-2.4810145 7.5906734 -3.8065488 4294901760
-3.5531759 9.3048477 -3.8808286 4294901760
-3.7944329 11.609082 -3.9972212 4294901760
-4.8648767 12.739852 -4.0078406 4294901760
-4.2089477 15.385322 -4.1148925 4294901760
-7.0604415 18.489468 -4.2704225 4294901760
-5.5092287 16.855507 -4.1947575 4294901760
-8.553586 19.485615 -4.3591771 4294901760
-6.0588145 22.147295 -4.3398452 4294901760
-8.2886572 25.359179 -4.6388998 4294901760
-1.0852692 3.3600557 -3.6097689 4294901760
-2.0287192 5.3688469 -3.6990612 4294901760
-2.4520936 7.5918221 -3.8037653 4294901760
-3.5206759 9.317193 -3.8799469 4294901760
-3.7563281 11.629807 -3.9974711 4294901760
-4.8260021 12.771637 -4.009244 4294901760
-4.1624827 15.426835 -4.1172781 4294901760
-6.9930406 18.506535 -4.2676625 4294901760
-5.4552627 16.889807 -4.195199 4294901760
-8.4839287 19.51169 -4.3570147 4294901760
-6.0033178 22.249269 -4.3467622 4294901760
-8.1878138 25.349939 -4.6319909 4294901760
-1.0707443 3.3571033 -3.6056235 4294901760
-2.0090289 5.376246 -3.6985235 4294901760
-2.4266367 7.6082311 -3.8049381 4294901760
-3.4878883 9.3337364 -3.8798513 4294901760
-3.7160916 11.651058 -3.9976509 4294901760
-4.7722011 12.770612 -4.004704 4294901760
-4.1181974 15.488176 -4.1224856 4294901760
-6.9112 18.494663 -4.2607732 4294901760
-5.3945365 16.913485 -4.1939039 4294901760
-8.3981571 19.509655 -4.3508711 4294901760
-5.9340491 22.317434 -4.3495045 4294901760
-8.0972795 25.387392 -4.6300874 4294901760
-1.0617852 3.3675508 -3.6090696 4294901760
-1.989852 5.3792667 -3.6967385 4294901760
-2.4025714 7.6199794 -3.8051841 4294901760
-3.452801 9.3341303 -3.8764889 4294901760
-3.6738524 11.651965 -3.9943275 4294901760
-4.7325821 12.793828 -4.0048428 4294901760
-4.0637779 15.490191 -4.1190782 4294901760
-6.8442898 18.502512 -4.2570734 4294901760
-5.3336205 16.916075 -4.1900506 4294901760
-8.319314 19.504353 -4.3448877 4294901760
-5.8610163 22.340853 -4.3475666 4294901760
-7.9986267 25.368391 -4.6224289 4294901760
-1.0478684 3.3643141 -3.6049383 4294901760
-1.9737111 5.3934135 -3.6988077 4294901760
-2.3759596 7.6283193 -3.8043847 4294901760
-3.4174829 9.3387012 -3.873914 4294901760
-3.6343391 11.668506 -3.9938276 4294901760
-4.6988311 12.840146 -4.0088196 4294901760
-4.0086875 15.500424 -4.116744 4294901760
-6.7824073 18.533781 -4.2562919 4294901760
-5.2769141 16.942202 -4.189364 4294901760
-8.2496319 19.529596 -4.3426881 4294901760
-5.7839999 22.36504 -4.3454881 4294901760
-7.900528 25.365644 -4.6163425 4294901760
-1.0355296 3.3681324 -3.6045656 4294901760
-1.9552393 5.4042344 -3.6995513 4294901760
-2.3502877 7.6444745 -3.8055372 4294901760
-3.3872638 9.3623152 -3.8754697 4294901760
-3.5938766 11.689335 -3.993979 4294901760
-4.6530881 12.861023 -4.0081606 4294901760
-3.9528286 15.518874 -4.1154795 4294901760
-6.717144 18.566023 -4.2554059 4294901760
-5.20892 16.942375 -4.1847696 4294901760
-8.1702919 19.541288 -4.33845 4294901760
-5.7039552 22.393827 -4.3437109 4294901760
-7.8415408 25.505159 -4.625936 4294901760
-1.0243555 3.3715475 -3.6042261 4294901760
-1.9334129 5.3998084 -3.695168 4294901760
-2.3249261 7.6522255 -3.8047669 4294901760
-3.3628621 9.3921022 -3.8787801 4294901760
-3.5574028 11.70878 -3.9942441 4294901760
-4.6144381 12.887615 -4.0089183 4294901760
-3.9042575 15.543485 -4.1155467 4294901760
-6.6501622 18.573168 -4.2516718 4294901760
-5.1538706 16.963369 -4.1836052 4294901760
-8.0993385 19.55352 -4.3348575 4294901760
-5.6355038 22.435858 -4.3439507 4294901760
-7.7093153 25.374319 -4.6058455 4294901760
-1.0115377 3.3716307 -3.6019785 4294901760
-1.9145509 5.4065256 -3.6946368 4294901760
-2.2981987 7.660295 -3.8039508 4294901760
-3.3313737 9.4075098 -3.8786914 4294901760
-3.5142264 11.713527 -3.9915528 4294901760
-4.5747299 12.918641 -4.010252 4294901760
-3.8576267 15.587947 -4.1184258 4294901760
-6.5799561 18.581224 -4.2478371 4294901760
-5.0980582 16.992714 -4.183424 4294901760
-8.0280008 19.574289 -4.3321338 4294901760
-5.5504332 22.428261 -4.3382692 4294901760
-7.6183915 25.393421 -4.6022849 4294901760
-1.0002013 3.3787918 -3.6034865 4294901760
-1.8972659 5.4207778 -3.6966608 4294901760
-2.2701049 7.6686678 -3.8030879 4294901760
-3.2942576 9.4121962 -3.8760431 4294901760
-3.4701412 11.722525 -3.9895129 4294901760
-4.5326028 12.950336 -4.0115089 4294901760
-3.8061199 15.625201 -4.1200333 4294901760
-6.5052142 18.586388 -4.2433982 4294901760
-5.0402646 17.026577 -4.1836791 4294901760
-7.9546976 19.599884 -4.3297911 4294901760
-5.4719672 22.463976 -4.3373294 4294901760
-7.567215 25.562897 -4.6152058 4294901760
-0.98840177 3.3822625 -3.603122 4294901760
-1.8808528 5.4346476 -3.6987062 4294901760
-2.2444243 7.6803102 -3.8032584 4294901760
-3.2575071 9.4124336 -3.872601 4294901760
-3.4280901 11.730757 -3.9875286 4294901760
-4.4873724 12.96608 -4.0102191 4294901760
-3.7487707 15.626772 -4.116478 4294901760
-6.4363837 18.597668 -4.2400436 4294901760
-4.9830403 17.05172 -4.1829267 4294901760
-7.8713541 19.59049 -4.3231759 4294901760
-5.4009762 22.514 -4.3382726 4294901760
-7.4700994 25.562315 -4.6094666 4294901760
-0.97315979 3.3715892 -3.5952265 4294901760
-1.8603264 5.4335651 -3.6956041 4294901760
-2.2211201 7.6952462 -3.8044612 4294901760
-3.2275586 9.4269218 -3.8725398 4294901760
-3.3935747 11.757308 -3.9892004 4294901760
-4.445642 12.98465 -4.0096345 4294901760
-3.6932683 15.623611 -4.1124244 4294901760
-6.3720956 18.611357 -4.2372723 4294901760
-4.9297876 17.079639 -4.1827946 4294901760
-7.8048749 19.612772 -4.3209867 4294901760
-5.326293 22.531784 -4.3357835 4294901760
-7.3886199 25.598459 -4.6081114 4294901760
-0.96535659 3.388912 -3.6024048 4294901760
-1.8388768 5.4327297 -3.6924729 4294901760
-2.1920941 7.6954098 -3.8016298 4294901760
-3.2009656 9.4568501 -3.8757601 4294901760
-3.3546846 11.776717 -3.9893584 4294901760
-4.4092116 13.026461 -4.0128684 4294901760
-3.6387053 15.63641 -4.1105976 4294901760
-6.3109231 18.644827 -4.2368975 4294901760
-4.86795 17.089077 -4.1798515 4294901760
-7.7290459 19.621332 -4.3167653 4294901760
-5.2421737 22.526907 -4.3304949 4294901760
-7.3003073 25.627939 -4.6057472 4294901760
-0.95254093 3.3887706 -3.6001475 4294901760
-1.8223476 5.4464207 -3.6945052 4294901760
-2.1652205 7.7030134 -3.8007867 4294901760
-3.1704466 9.475462 -3.8764691 4294901760
-3.3124843 11.784532 -3.987349 4294901760
-4.3637176 13.04177 -4.011548 4294901760
-3.5876615 15.664545 -4.1110826 4294901760
-6.2470732 18.670525 -4.2355075 4294901760
-4.8104291 17.113638 -4.1790609 4294901760
-7.6561613 19.637032 -4.3134961 4294901760
-5.159946 22.529497 -4.3260808 4294901760
-7.2097292 25.649416 -4.6025147 4294901760
-0.94420534 3.4023907 -3.6054502 4294901760
-1.8042752 5.452435 -3.6939776 4294901760
-2.1386132 7.7063723 -3.7989852 4294901760
-3.1352797 9.4746675 -3.8730512 4294901760
-3.2733839 11.795454 -3.9861164 4294901760
-4.321691 13.059947 -4.0109334 4294901760
-3.5374446 15.684127 -4.110486 4294901760
-6.1788521 18.672201 -4.2312016 4294901760
-4.7600441 17.15255 -4.1805115 4294901760
-7.5852437 19.647419 -4.3098249 4294901760
-5.0948658 22.589336 -4.3284101 4294901760
-7.1235571 25.669336 -4.5994077 4294901760
-0.92945224 3.3951759 -3.5994177 4294901760
-1.7852327 5.4586987 -3.6934187 4294901760
-2.1127377 7.7175736 -3.7991281 4294901760
-3.0985038 9.4742823 -3.869581 4294901760
-3.2321928 11.806807 -3.9848111 4294901760
-4.2760792 13.07495 -4.0095944 4294901760
-3.4818158 15.692492 -4.1080465 4294901760
-6.1099186 18.682274 -4.2277899 4294901760
-4.6969876 17.157524 -4.1769943 4294901760
-7.5194693 19.681232 -4.3089385 4294901760
-5.0125279 22.591387 -4.3239675 4294901760
-7.0254788 25.663221 -4.5931749 4294901760
-0.91570592 3.3913996 -3.5952702 4294901760
-1.764984 5.4612317 -3.6915655 4294901760
-2.0878317 7.7324739 -3.8002591 4294901760
-3.0654156 9.4850397 -3.8686039 4294901760
-3.1909621 11.818017 -3.9834979 4294901760
-4.2340851 13.101149 -4.0101886 4294901760
-3.4363613 15.747352 -4.1125479 4294901760
-6.0422182 18.695892 -4.2248659 4294901760
-4.6349931 17.166117 -4.1740074 4294901760
-7.4549623 19.718561 -4.308517 4294901760
-4.9379005 22.628252 -4.3234782 4294901760
-6.9483562 25.733866 -4.5954037 4294901760
-0.90759218 3.4085884 -3.6024292 4294901760
-1.7447367 5.4636908 -3.6897092 4294901760
-2.0598159 7.7359252 -3.7984002 4294901760
-3.0358922 9.506979 -3.8701169 4294901760
-3.1496863 11.829084 -3.9821765 4294901760
-4.1895337 13.119639 -4.0094767 4294901760
-3.3838735 15.770932 -4.1123986 4294901760
-5.9769154 18.716873 -4.2229271 4294901760
-4.5832448 17.213013 -4.1763988 4294901760
-7.3832836 19.736988 -4.305676 4294901760
-4.8672538 22.684397 -4.3251696 4294901760
-6.8543658 25.742523 -4.5908332 4294901760
-0.89601368 3.4153979 -3.6039109 4294901760
-1.7223841 5.4627008 -3.6865313 4294901760
-2.0294597 7.7358336 -3.7954993 4294901760
-3.0010288 9.5180416 -3.8690758 4294901760
-3.1083262 11.848224 -3.9822147 4294901760
-4.14501 13.146284 -4.0099797 4294901760
-3.3260515 15.783228 -4.1104069 4294901760
-5.9058781 18.731041 -4.2198811 4294901760
-4.5201292 17.229692 -4.1743679 4294901760
-7.3178229 19.782633 -4.3060884 4294901760
-4.7865543 22.713804 -4.3236237 4294901760
-6.7630162 25.779062 -4.5890636 4294901760
-0.8855902 3.4218607 -3.6054282 4294901760
-1.7076966 5.4794154 -3.6898551 4294901760
-2.0067418 7.7539139 -3.7976499 4294901760
-2.9753273 9.5468102 -3.8722847 4294901760
-3.0700099 11.86231 -3.9816597 4294901760
-4.104939 13.171349 -4.0106087 4294901760
-3.2696481 15.774673 -4.1057062 4294901760
-5.8425388 18.746714 -4.2175169 4294901760
-4.4599671 17.233011 -4.1709046 4294901760
-7.2521758 19.806795 -4.3042736 4294901760
-4.7120109 22.733465 -4.3214555 4294901760
-6.6744823 25.789749 -4.5850306 4294901760
-0.87364107 3.4249306 -3.6050398 4294901760
-1.6874273 5.4816608 -3.6879883 4294901760
-1.9786955 7.7570701 -3.7957766 4294901760
-2.9431493 9.560914 -3.8721089 4294901760
-3.0295677 11.876799 -3.9810295 4294901760
-4.0566006 13.177996 -4.0079284 4294901760
-3.216157 15.793795 -4.1049466 4294901760
-5.7723742 18.75174 -4.2135515 4294901760
-4.3997893 17.248472 -4.1689487 4294901760
-7.1639662 19.779444 -4.2956367 4294901760
-4.635819 22.765423 -4.3204508 4294901760
-6.584425 25.812887 -4.5821033 4294901760
-0.86019808 3.4245942 -3.6027465 4294901760
-1.6662035 5.4841237 -3.6860893 4294901760
-1.9483379 7.7566628 -3.7928617 4294901760
-2.9046376 9.5602922 -3.8685522 4294901760
-2.9860132 11.887823 -3.9796066 4294901760
-4.0071139 13.188971 -4.005815 4294901760
-3.1590247 15.809383 -4.1035013 4294901760
-5.7024417 18.768953 -4.2109666 4294901760
-4.3433347 17.29155 -4.1706414 4294901760
-7.0819988 19.779264 -4.2902527 4294901760
-4.5562553 22.801844 -4.319726 4294901760
-6.4829526 25.809732 -4.5760608 4294901760
-0.84796625 3.4239089 -3.600491 4294901760
-1.649117 5.4933081 -3.6868219 4294901760
-1.9235499 7.7668886 -3.7930093 4294901760
-2.8683748 9.5547295 -3.8642631 4294901760
-2.9503934 11.913067 -3.981173 4294901760
-3.9679325 13.217422 -4.0070591 4294901760
-3.1127241 15.851034 -4.1062717 4294901760
-5.6482053 18.814512 -4.2125401 4294901760
-4.2898073 17.321337 -4.1709051 4294901760
-7.0230389 19.821449 -4.2907977 4294901760
-4.4852381 22.840336 -4.3196988 4294901760
-6.4040561 25.858227 -4.5761962 4294901760
-0.83858609 3.4374139 -3.6057429 4294901760
-1.631025 5.5027246 -3.6875207 4294901760
-1.8954948 7.7697453 -3.7911224 4294901760
-2.8372488 9.5722628 -3.8648982 4294901760
-2.9125495 11.938712 -3.9826596 4294901760
-3.9217672 13.231193 -4.0056424 4294901760
-3.0588777 15.869626 -4.105473 4294901760
-5.5836248 18.83794 -4.2110186 4294901760
-4.2293139 17.336206 -4.1689091 4294901760
-6.9590807 19.860914 -4.2907495 4294901760
-4.4107676 22.883303 -4.3199487 4294901760
-6.3241625 25.923115 -4.5778427 4294901760
-0.82488912 3.4332702 -3.6015816 4294901760
-1.6139716 5.5157781 -3.6895022 4294901760
-1.8683635 7.7763138 -3.7902229 4294901760
-2.8071501 9.5934887 -3.8663549 4294901760
-2.8708603 11.948806 -3.9812775 4294901760
-3.8766775 13.248618 -4.0048604 4294901760
-3.002727 15.876292 -4.1029367 4294901760
-5.525682 18.884121 -4.2124572 4294901760
-4.1678457 17.346987 -4.1663666 4294901760
-6.8871017 19.877541 -4.2878165 4294901760
-4.3382883 22.937794 -4.3214869 4294901760
-6.2364402 25.956682 -4.5761018 4294901760
-0.81373507 3.4396563 -3.6030633 4294901760
-1.5947092 5.5213776 -3.6889045 4294901760
-1.8394035 7.7751546 -3.7873366 4294901760
-2.7703571 9.591835 -3.8628283 4294901760
-2.828223 11.954893 -3.9791737 4294901760
-3.8381352 13.288814 -4.0079312 4294901760
-2.9494729 15.898426 -4.1026907 4294901760
-5.4630561 18.914793 -4.2118969 4294901760
-4.1081896 17.365309 -4.1648836 4294901760
-6.8254399 19.924116 -4.2886915 4294901760
-4.2618403 22.972427 -4.3208208 4294901760
-6.145802 25.978292 -4.573082 4294901760
-0.7984336 3.4283533 -3.5951378 4294901760
-1.5764809 5.5306153 -3.6895895 4294901760
-1.8131397 7.7853484 -3.7874181 4294901760
-2.7422738 9.6204548 -3.8659263 4294901760
-2.7864726 11.964693 -3.9777761 4294901760
-3.7917218 13.302132 -4.0064836 4294901760
-2.8939552 15.908626 -4.1007085 4294901760
-5.4013686 18.9491 -4.2118154 4294901760
-4.0466399 17.375662 -4.1623187 4294901760
-6.7571263 19.951603 -4.2871618 4294901760
-4.1866231 23.014668 -4.3210063 4294901760
-6.0559835 26.003479 -4.5704641 4294901760
-0.788082 3.4381862 -3.598496 4294901760
-1.5561239 5.5323763 -3.6876979 4294901760
-1.7877069 7.7992759 -3.7884836 4294901760
-2.7097473 9.6337719 -3.8657007 4294901760
-2.7464662 11.98208 -3.9777966 4294901760
-3.7409611 13.299972 -4.0024552 4294901760
-2.8391082 15.92255 -4.0992899 4294901760
-5.3330336 18.960154 -4.2087512 4294901760
-3.9877474 17.397449 -4.1613464 4294901760
-6.6785741 19.94857 -4.2818022 4294901760
-4.1104717 23.052729 -4.3207355 4294901760
-5.9678597 26.036139 -4.568666 4294901760
-0.7768724 3.4444528 -3.5999703 4294901760
-1.5368013 5.537775 -3.6870887 4294901760
-1.7587433 7.7978163 -3.785584 4294901760
-2.6782143 9.6507902 -3.8662958 4294901760
-2.7072401 12.003207 -3.9785202 4294901760
-3.6976995 13.324447 -4.0029187 4294901760
-2.7841923 15.936287 -4.0978603 4294901760
-5.264679 18.970966 -4.2056761 4294901760
-3.925236 17.403488 -4.1582251 4294901760
-6.6088948 19.971762 -4.2797685 4294901760
-4.0347824 23.094471 -4.320878 4294901760
-5.8822064 26.080193 -4.5681024 4294901760
-0.76484501 3.4471436 -3.5995619 4294901760
-1.5174626 5.5431051 -3.686476 4294901760
-1.7289659 7.7924199 -3.7816918 4294901760
-2.6424248 9.6524544 -3.8635731 4294901760
-2.6661868 12.016459 -3.977809 4294901760
-3.6511686 13.337272 -4.0014443 4294901760
-2.7319093 15.965535 -4.098712 4294901760
-5.2015905 19.000772 -4.2050571 4294901760
-3.8627388 17.409298 -4.1550946 4294901760
-6.5354209 19.983324 -4.2762923 4294901760
-3.9615567 23.151711 -4.3227367 4294901760
-5.7946005 26.116165 -4.5666809 4294901760
-0.75246412 3.442446 -3.595434 4294901760
-1.5010474 5.5515628 -3.687206 4294901760
-1.7053157 7.8016443 -3.7818453 4294901760
-2.6151845 9.6721544 -3.865088 4294901760
-2.6267304 12.017021 -3.9750974 4294901760
-3.6082149 13.344836 -3.9994676 4294901760
-2.6830604 15.981893 -4.0980339 4294901760
-5.1439586 19.024721 -4.2041416 4294901760
-3.8063276 17.413557 -4.1521621 4294901760
-6.4701557 19.996161 -4.2734876 4294901760
-3.8947582 23.199482 -4.3239975 4294901760
-5.7116771 26.130337 -4.5634642 4294901760
-0.73923975 3.4453101 -3.5949807 4294901760
-1.4777365 5.5498419 -3.6839545 4294901760
-1.6745224 7.8043008 -3.77983 4294901760
-2.5790417 9.6859446 -3.8647251 4294901760
-2.5855608 12.050298 -3.9777825 4294901760
-3.5600147 13.370123 -3.9997504 4294901760
-2.6223149 15.99601 -4.0963659 4294901760
-5.0626535 19.013489 -4.1978617 4294901760
-3.7436142 17.447536 -4.1525326 4294901760
-6.3908954 20.013254 -4.2702565 4294901760
-3.8095207 23.237913 -4.3233457 4294901760
-5.6154857 26.171604 -4.562108 4294901760
-0.72496343 3.4372282 -3.5889311 4294901760
-1.4583534 5.5549669 -3.6833308 4294901760
-1.648887 7.8177752 -3.7808671 4294901760
-2.5492277 9.7101803 -3.8669407 4294901760
-2.5426595 12.055368 -3.9756227 4294901760
-3.5112991 13.374776 -3.9969661 4294901760
-2.5670886 16.008997 -4.0948901 4294901760
-4.9992876 19.042625 -4.1972013 4294901760
-3.6917334 17.503408 -4.1562872 4294901760
-6.3101816 20.001179 -4.2638946 4294901760
-3.7321692 23.274727 -4.3229675 4294901760
-5.5331564 26.234043 -4.5635409 4294901760
-0.71517056 3.4503865 -3.5941498 4294901760
-1.440888 5.5674806 -3.6852708 4294901760
-1.6200011 7.8157997 -3.7779479 4294901760
-2.5163145 9.7228451 -3.8666699 4294901760
-2.5005713 12.064168 -3.9741666 4294901760
-3.4646003 13.386949 -3.995456 4294901760
-2.5124362 16.02573 -4.0939751 4294901760
-4.9278007 19.040642 -4.1925921 4294901760
-3.6298158 17.512281 -4.1536412 4294901760
-6.2332134 20.000214 -4.2589507 4294901760
-3.6496816 23.27972 -4.3191123 4294901760
-5.4342709 26.217993 -4.5566292 4294901760
-0.70384449 3.4564145 -3.5956085 4294901760
-1.4214436 5.5724764 -3.6846387 4294901760
-1.5927067 7.8214073 -3.7769992 4294901760
-2.4784496 9.7162504 -3.8622653 4294901760
-2.4600244 12.0806 -3.9741218 4294901760
-3.4198122 13.406669 -3.9952161 4294901760
-2.4582856 16.046213 -4.0936174 4294901760
-4.8603144 19.053862 -4.1899395 4294901760
-3.5694549 17.528753 -4.1520467 4294901760
-6.1610074 20.014223 -4.2558932 4294901760
-3.5720198 23.316002 -4.3186975 4294901760
-5.3522768 26.283772 -4.5584316 4294901760
-0.69298309 3.4586084 -3.5952294 4294901760
-1.4039314 5.5769148 -3.6840668 4294901760
-1.5673583 7.8225265 -3.7751551 4294901760
-2.4498444 9.7316532 -3.8629177 4294901760
-2.4205034 12.080487 -3.9713778 4294901760
-3.3815637 13.432774 -3.9963984 4294901760
-2.4131825 16.089304 -4.0968752 4294901760
-4.8092022 19.103861 -4.1924019 4294901760
-3.5175059 17.555515 -4.152247 4294901760
-6.0934548 20.018204 -4.252089 4294901760
-3.5076423 23.386345 -4.3224468 4294901760
-5.2712531 26.30829 -4.5563788 4294901760
-0.6802054 3.4574494 -3.5929291 4294901760
-1.3853815 5.5855198 -3.6847103 4294901760
-1.5415552 7.8356466 -3.7761691 4294901760
-2.4168086 9.7439833 -3.862627 4294901760
-2.3790827 12.092756 -3.9706078 4294901760
-3.3336926 13.440636 -3.9942198 4294901760
-2.3610404 16.125214 -4.0987678 4294901760
-4.7415218 19.116659 -4.1897221 4294901760
-3.4608171 17.591158 -4.1532793 4294901760
-6.0212374 20.031706 -4.2490091 4294901760
-3.4259813 23.398447 -4.3194041 4294901760
-5.1832361 26.346127 -4.5552301 4294901760
-0.66684103 3.4563599 -3.5906065 4294901760
-1.3621579 5.5793343 -3.6801887 4294901760
-1.5143099 7.848948 -3.777128 4294901760
-2.3810763 9.7527752 -3.8614485 4294901760
-2.3317347 12.085812 -3.9662125 4294901760
-3.2834611 13.4489 -3.9919555 4294901760
-2.3007932 16.125874 -4.0954175 4294901760
-4.6723652 19.137787 -4.1879001 4294901760
-3.3970697 17.607639 -4.1515369 4294901760
-5.9386921 20.023027 -4.2429719 4294901760
-3.3475246 23.462238 -4.3217859 4294901760
-5.0866313 26.364946 -4.5518279 4294901760
-0.65537626 3.4585524 -3.5902009 4294901760
-1.3427488 5.5800762 -3.6782939 4294901760
-1.4868144 7.8462181 -3.7742369 4294901760
-2.3496487 9.7644615 -3.8611999 4294901760
-2.294601 12.109071 -3.9676256 4294901760
-3.2388477 13.459716 -3.9904771 4294901760
-2.2478578 16.13736 -4.093976 4294901760
-4.6107478 19.160934 -4.1867752 4294901760
-3.3356965 17.60314 -4.1473536 4294901760
-5.8722644 20.04261 -4.2409225 4294901760
-3.2702582 23.477167 -4.3192916 4294901760
-5.00141 26.393446 -4.5499744 4294901760
-0.64329875 3.4608192 -3.5897717 4294901760
-1.3232609 5.5847292 -3.677645 4294901760
-1.4615653 7.8629298 -3.7762167 4294901760
-2.3173702 9.7802963 -3.8617103 4294901760
-2.2537653 12.124809 -3.9675379 4294901760
-3.1918411 13.47094 -3.9889119 4294901760
-2.19151 16.145107 -4.0918503 4294901760
-4.5419903 19.169147 -4.183569 4294901760
-3.2713106 17.598999 -4.143054 4294901760
-5.8011522 20.059153 -4.2382798 4294901760
-3.1855962 23.468655 -4.3140526 4294901760
-4.9172721 26.453945 -4.5512433 4294901760
-0.63121504 3.4630435 -3.5893404 4294901760
-1.3081348 5.6080709 -3.6833959 4294901760
-1.4327047 7.8602667 -3.7732692 4294901760
-2.2823205 9.7844763 -3.859745 4294901760
-2.2121427 12.136507 -3.9667342 4294901760
-3.1457057 13.485872 -3.9879754 4294901760
-2.1356649 16.156607 -4.090282 4294901760
-4.4768667 19.192657 -4.1823068 4294901760
-3.2141519 17.633842 -4.1440306 4294901760
-5.7376752 20.10231 -4.2389259 4294901760
-3.1062772 23.499424 -4.3130918 4294901760
-4.8227577 26.459158 -4.5467091 4294901760
-0.61848438 3.461657 -3.5870323 4294901760
-1.2859638 5.6013398 -3.6788967 4294901760
-1.4052565 7.8652201 -3.772285 4294901760
-2.250803 9.8039398 -3.8610625 4294901760
-2.1704595 12.148061 -3.9659212 4294901760
-3.0994985 13.500648 -3.9870288 4294901760
-2.0777268 16.152117 -4.0864358 4294901760
-4.4151964 19.231503 -4.1829824 4294901760
-3.15608 17.664579 -4.1444621 4294901760
-5.6717939 20.137585 -4.2386103 4294901760
-3.0288091 23.545771 -4.3138232 4294901760
-4.7261462 26.452238 -4.5409236 4294901760
-0.60827506 3.4745073 -3.5922194 4294901760
-1.2672564 5.609551 -3.6795156 4294901760
-1.3777987 7.8700767 -3.7712963 4294901760
-2.216574 9.8117352 -3.8599062 4294901760
-2.1259973 12.143837 -3.9622762 4294901760
-3.0532393 13.515262 -3.9860728 4294901760
-2.0228264 16.171122 -4.0859809 4294901760
-4.3524494 19.266256 -4.1831527 4294901760
-3.0957873 17.683342 -4.1432962 4294901760
-5.6046863 20.168795 -4.2378073 4294901760
-2.9481037 23.568085 -4.3119669 4294901760
-4.6386223 26.496115 -4.5404797 4294901760
-0.59430408 3.4658899 -3.5861597 4294901760
-1.2459947 5.60642 -3.6762919 4294901760
-1.3476647 7.8593736 -3.766372 4294901760
-2.1797359 9.8078384 -3.8562794 4294901760
-2.0822499 12.143362 -3.9593318 4294901760
-3.0077651 13.533601 -3.9857426 4294901760
-1.9711676 16.217623 -4.0894732 4294901760
-4.2860308 19.285229 -4.1813564 4294901760
-3.0360584 17.705828 -4.1426435 4294901760
-5.538465 20.203636 -4.2374582 4294901760
-2.8648474 23.570303 -4.3079567 4294901760
-4.5487981 26.527893 -4.5387783 4294901760
-0.58520234 3.4858196 -3.5950856 4294901760
-1.2280606 5.6182613 -3.6781821 4294901760
-1.321519 7.871767 -3.7673395 4294901760
-2.1446402 9.8115273 -3.8542907 4294901760
-2.0398459 12.150558 -3.9577916 4294901760
-2.9622009 13.551789 -3.9854019 4294901760
-1.9122075 16.204628 -4.0844665 4294901760
-4.2195339 19.30397 -4.1795464 4294901760
-2.9755509 17.724182 -4.1414504 4294901760
-5.4762383 20.253675 -4.2389712 4294901760
-2.7816124 23.572227 -4.3039346 4294901760
-4.4627771 26.583004 -4.5395193 4294901760
-0.57244396 3.4842637 -3.5927691 4294901760
-1.2092524 5.6262798 -3.6787884 4294901760
-1.2940348 7.8763313 -3.7663367 4294901760
-2.1112111 9.8228178 -3.8539371 4294901760
-1.9980656 12.161518 -3.9569483 4294901760
-2.9173882 13.573711 -3.9856856 4294901760
-1.8560874 16.21516 -4.0828443 4294901760
-4.1554828 19.334187 -4.1791825 4294901760
-2.915606 17.746262 -4.1407704 4294901760
-5.4044814 20.268808 -4.2362385 4294901760
-2.6997721 23.585762 -4.3011794 4294901760
-4.3699632 26.598417 -4.5361338 4294901760
-0.56027722 3.4862406 -3.5923233 4294901760
-1.1911967 5.6380043 -3.6806681 4294901760
-1.2671536 7.8846731 -3.7663102 4294901760
-2.0777249 9.8339949 -3.8535762 4294901760
-1.9562284 12.172337 -3.9560964 4294901760
-2.8691638 13.579922 -3.9834194 4294901760
-1.7999095 16.2255 -4.0812106 4294901760
-4.0995116 19.403231 -4.1836605 4294901760
-2.8536377 17.75633 -4.1385002 4294901760
-5.3407969 20.314577 -4.237246 4294901760
-2.622263 23.638702 -4.3026628 4294901760
-4.2770839 26.61351 -4.5327311 4294901760
-0.54693443 3.4846895 -3.5899813 4294901760
-1.1666133 5.6234741 -3.6735656 4294901760
-1.23764 7.8853898 -3.764266 4294901760
-2.0432751 9.8492823 -3.8539677 4294901760
-1.911604 12.179424 -3.9544544 4294901760
-2.8201823 13.594239 -3.9823315 4294901760
-1.741281 16.239908 -4.08002 4294901760
-4.0316138 19.433752 -4.1831417 4294901760
-2.7959599 17.813932 -4.1424022 4294901760
-5.2703123 20.349472 -4.2367125 4294901760
-2.5351846 23.644182 -4.2988605 4294901760
-4.1751823 26.601387 -4.5262775 4294901760
-0.53598487 3.4863904 -3.5895767 4294901760
-1.148942 5.6271114 -3.6729517 4294901760
-1.2134587 7.8931155 -3.7643306 4294901760
-2.0123246 9.8556538 -3.8528926 4294901760
-1.8727311 12.181447 -3.9523373 4294901760
-2.778259 13.60693 -3.9814811 4294901760
-1.6906683 16.24926 -4.0785871 4294901760
-3.9753342 19.46978 -4.1839299 4294901760
-2.740591 17.826567 -4.1408582 4294901760
-5.2113037 20.385265 -4.2369761 4294901760
-2.4633756 23.675863 -4.2985005 4294901760
-4.0982723 26.657801 -4.5276837 4294901760
-0.52327257 3.4846551 -3.5872545 4294901760
-1.1285338 5.6273112 -3.6709895 4294901760
-1.1841496 7.8856668 -3.7603693 4294901760
-1.9747986 9.8471174 -3.848418 4294901760
-1.8307846 12.191834 -3.951462 4294901760
-2.7354333 13.63994 -3.9836221 4294901760
-1.6339333 16.255062 -4.0763588 4294901760
-3.91362 19.514839 -4.1854339 4294901760
-2.6777515 17.832083 -4.1380253 4294901760
-5.1362076 20.387848 -4.2327805 4294901760
-2.3819082 23.696234 -4.2965255 4294901760
-4.0069666 26.683792 -4.5254545 4294901760
-0.51163226 3.4900475 -3.5886714 4294901760
-1.1073967 5.6236572 -3.6677485 4294901760
-1.156618 7.8897524 -3.7593436 4294901760
-1.9404157 9.8539505 -3.8472128 4294901760
-1.787643 12.194225 -3.9491742 4294901760
-2.6878073 13.649405 -3.9819527 4294901760
-1.5791084 16.280485 -4.0769315 4294901760
-3.8431675 19.516632 -4.1815929 4294901760
-2.6201196 17.872879 -4.1398926 4294901760
-5.0650139 20.405651 -4.2304449 4294901760
-2.3034239 23.748125 -4.2979207 4294901760
-0.49841908 3.4846346 -3.5844758 4294901760
-1.0906823 5.6426163 -3.6721597 4294901760
-1.1290685 7.8937416 -3.7583129 4294901760
-1.9060044 9.8606634 -3.8460011 4294901760
-1.7445014 12.196464 -3.9468799 4294901760
-2.6393871 13.6548 -3.9796424 4294901760
-1.5230061 16.293829 -4.0758047 4294901760
-3.7810709 19.561272 -4.1830616 4294901760
-2.5582755 17.885862 -4.1380806 4294901760
-4.997541 20.438719 -4.2299633 4294901760
-2.2197638 23.748068 -4.2937932 4294901760
-0.48675394 3.4899435 -3.5858884 4294901760
-1.0716983 5.6501732 -3.6727381 4294901760
-1.1031345 7.9092884 -3.7602119 4294901760
-1.8701017 9.8594894 -3.8431494 4294901760
-1.7019198 12.202477 -3.9452803 4294901760
-2.5917101 13.66393 -3.9779561 4294901760
-1.464697 16.283178 -4.071301 4294901760
-3.7187197 19.605715 -4.1845107 4294901760
-2.4996853 17.922321 -4.1393909 4294901760
-4.9289746 20.46768 -4.2289982 4294901760
-2.1382904 23.771582 -4.2921882 4294901760
-0.4745695 3.4916215 -3.5854287 4294901760
-1.0526748 5.6576667 -3.6733122 4294901760
-1.0739361 7.9014311 -3.7562375 4294901760
-1.8378453 9.877615 -3.8443761 4294901760
-1.6609204 12.220139 -3.9457746 4294901760
-2.5461836 13.684624 -3.9781549 4294901760
-1.4081957 16.292162 -4.0695944 4294901760
-3.6582932 19.661728 -4.187387 4294901760
-2.4408717 17.958591 -4.1406827 4294901760
-4.8667135 20.523602 -4.2312794 4294901760
-2.0566795 23.794813 -4.2905645 4294901760
-0.46237764 3.493257 -3.5849669 4294901760
-1.0329179 5.6613073 -3.6726072 4294901760
-1.0478903 7.9167976 -3.7581239 4294901760
-1.8026428 9.8800831 -3.8423293 4294901760
-1.6218956 12.2534 -3.9490581 4294901760
-2.4991097 13.69734 -3.9770803 4294901760
-1.350325 16.28507 -4.0656371 4294901760
-3.5946467 19.701857 -4.1883111 4294901760
-2.3792114 17.974911 -4.1393504 4294901760
-4.79776 20.55213 -4.2302785 4294901760
-1.9739311 23.80583 -4.2876592 4294901760
-0.45064494 3.4984448 -3.5863709 4294901760
-1.0138295 5.6686702 -3.6731725 4294901760
-1.0197498 7.9165168 -3.7560961 4294901760
-1.7709293 9.9018764 -3.8443549 4294901760
-1.5786089 12.25505 -3.9467316 4294901760
-2.4505849 13.702065 -3.974736 4294901760
-1.2944207 16.301596 -4.0650296 4294901760
-3.5279646 19.726068 -4.1872907 4294901760
-2.3179843 17.994965 -4.1385255 4294901760
-4.7233133 20.557077 -4.2264709 4294901760
-1.8927228 23.836456 -4.2868419 4294901760
-0.43752822 3.4928029 -3.5821695 4294901760
-0.99137455 5.6569977 -3.6673663 4294901760
-0.9930827 7.9278131 -3.7569928 4294901760
-1.7336227 9.8924265 -3.8398499 4294901760
-1.5333519 12.240801 -3.9416032 4294901760
-2.4013638 13.702702 -3.9717538 4294901760
-1.240519 16.345728 -4.0683203 4294901760
-3.4570141 19.726471 -4.1833673 4294901760
-2.2581241 18.026682 -4.1392474 4294901760
-4.6559224 20.592909 -4.2263694 4294901760
-1.809198 23.83894 -4.2830644 4294901760
-0.42533252 3.4943089 -3.581702 4294901760
-0.97162056 5.6604247 -3.6666522 4294901760
-0.96634918 7.9390182 -3.7578824 4294901760
-1.7010847 9.9101048 -3.8410447 4294901760
-1.4891727 12.234262 -3.9378693 4294901760
-2.3568785 13.7306 -3.9731703 4294901760
-1.1834499 16.349958 -4.0660086 4294901760
-3.3935308 19.769884 -4.1847215 4294901760
-2.1951809 18.034456 -4.1368341 4294901760
-4.5848737 20.612934 -4.2243934 4294901760
-1.7256788 23.841125 -4.279274 4294901760
-0.41398588 3.5029719 -3.5849655 4294901760
-0.95249838 5.6675792 -3.667207 4294901760
-0.93679512 7.9267607 -3.7529156 4294901760
-1.6658335 9.9120836 -3.8389742 4294901760
-1.4473979 12.247264 -3.9376206 4294901760
-2.3082857 13.734818 -3.9708006 4294901760
-1.1269293 16.361935 -4.0648036 4294901760
-3.3284822 19.805216 -4.1850958 4294901760
-2.1331639 18.049923 -4.1354485 4294901760
-4.505229 20.593712 -4.2177658 4294901760
-1.6435614 23.862938 -4.277566 4294901760
-0.40134189 3.5007944 -3.5826266 4294901760
-0.93395776 5.6784716 -3.669029 4294901760
-0.90822423 7.9221897 -3.7498968 4294901760
-1.6318624 9.9217377 -3.8385253 4294901760
-1.4068947 12.271955 -3.9394543 4294901760
-2.2577429 13.727097 -3.9665384 4294901760
-1.0687653 16.349874 -4.0602446 4294901760
-3.2632084 19.840336 -4.1854506 4294901760
-2.0710485 18.065184 -4.1340499 4294901760
-4.4408665 20.64444 -4.2194719 4294901760
-1.5623317 23.90041 -4.2775121 4294901760
-0.39072135 3.5165861 -3.5896149 4294901760
-0.9147436 5.6855006 -3.6695745 4294901760
-0.88099986 7.9292102 -3.7497976 4294901760
-1.5972211 9.9273739 -3.8372567 4294901760
-1.3636132 12.272847 -3.9370952 4294901760
-2.2091837 13.730968 -3.9641552 4294901760
-1.012182 16.361454 -4.0590196 4294901760
-3.198374 19.879185 -4.1862674 4294901760
-2.0110619 18.10004 -4.1352286 4294901760
-4.3778648 20.70277 -4.2220817 4294901760
-1.4781592 23.893759 -4.2728415 4294901760
-0.37727961 3.5071151 -3.5835409 4294901760
-0.89429176 5.6848531 -3.667573 4294901760
-0.85373372 7.9361362 -3.7496922 4294901760
-1.563784 9.9406967 -3.8376064 4294901760
-1.3207614 12.277532 -3.9354255 4294901760
-2.1630907 13.750381 -3.9642732 4294901760
-0.95552337 16.372839 -4.0577826 4294901760
-3.130198 19.898111 -4.1846709 4294901760
-1.9482902 18.110912 -4.1332841 4294901760
-4.3136892 20.757013 -4.2242055 4294901760
-1.3959023 23.918707 -4.2714977 4294901760
-0.36564654 3.5083473 -3.583086 4294901760
-0.8754335 5.687788 -3.6668766 4294901760
-0.82659644 7.9311218 -3.7467167 4294901760
-1.530808 9.9458284 -3.8363883 4294901760
-1.2820935 12.301578 -3.9373112 4294901760
-2.1192918 13.769272 -3.9644687 4294901760
-0.90078163 16.367964 -4.0544314 4294901760
-3.0714748 19.955709 -4.1879702 4294901760
-1.8878033 18.11331 -4.1304173 4294901760
-4.243228 20.76338 -4.22089 4294901760
-1.3170096 23.931179 -4.2690573 4294901760
-0.35303548 3.5059953 -3.5807409 4294901760
-0.85557538 5.6908088 -3.6661398 4294901760
-0.79930139 7.9378619 -3.7466023 4294901760
-1.4966712 9.95502 -3.8359122 4294901760
-1.2403405 12.317822 -3.9377105 4294901760
-2.0718093 13.780518 -3.9633121 4294901760
-0.84446466 16.386919 -4.0542841 4294901760
-3.0000222 19.95447 -4.1839533 4294901760
-1.8253673 18.127722 -4.1289673 4294901760
-4.1754422 20.801548 -4.2211294 4294901760
-1.2336767 23.939615 -4.2660131 4294901760
-0.34114644 3.5108142 -3.5821221 4294901760
-0.83682549 5.7013826 -3.6679389 4294901760
-0.77121043 7.9366989 -3.7445378 4294901760
-1.4619147 9.9601831 -3.8346176 4294901760
-1.1958033 12.306279 -3.9332371 4294901760
-2.0248518 13.795535 -3.9627717 4294901760
-0.78668869 16.377831 -4.0502439 4294901760
-2.9344103 19.992456 -4.1846976 4294901760
-1.7616968 18.130016 -4.125957 4294901760
-4.1089859 20.847328 -4.2222714 4294901760
-1.1508758 23.959732 -4.2642016 4294901760
-0.32855043 3.5083745 -3.5797739 4294901760
-0.81637132 5.7004571 -3.6659255 4294901760
-0.7434994 7.939343 -3.7434413 4294901760
-1.4288167 9.976964 -3.8357484 4294901760
-1.1520959 12.302477 -3.9301486 4294901760
-1.9755528 13.794646 -3.9597194 4294901760
-0.72897869 16.368544 -4.0461979 4294901760
-2.8685603 20.030228 -4.1854224 4294901760
-1.7021129 18.175747 -4.1286058 4294901760
-4.0323935 20.841949 -4.2174067 4294901760
-1.0672272 23.963604 -4.2607117 4294901760
-0.31695345 3.516721 -3.5830128 4294901760
-0.79487091 5.6918263 -3.6613724 4294901760
-0.7161352 7.9457965 -3.7433112 4294901760
-1.3923439 9.9701462 -3.8320103 4294901760
-1.1073669 12.286664 -3.9249749 4294901760
-1.9268413 13.797519 -3.9572859 4294901760
-0.67249399 16.386904 -4.0460172 4294901760
-2.7997324 20.048023 -4.1837482 4294901760
-1.6393769 18.18952 -4.1271148 4294901760
-3.9655776 20.88727 -4.218513 4294901760
-0.98324978 23.959202 -4.2563806 4294901760
-0.30406103 3.517859 -3.5824986 4294901760
-0.77452129 5.6985188 -3.6618531 4294901760
-0.6859923 7.936645 -3.739239 4294901760
-1.3568541 9.983016 -3.8322504 4294901760
-1.0643736 12.31436 -3.9273362 4294901760
-1.8773255 13.81237 -3.9566262 4294901760
-0.61242431 16.389259 -4.0434923 4294901760
-2.7310653 20.093737 -4.1852555 4294901760
-1.5740665 18.211292 -4.1265121 4294901760
-3.8992124 20.956608 -4.2222247 4294901760
-0.89736068 24.014523 -4.2580667 4294901760
-0.29178029 3.518899 -3.5820067 4294901760
-0.75664806 5.7164621 -3.6661696 4294901760
-0.65796167 7.9350824 -3.73716 4294901760
-1.3209635 9.9798546 -3.8293123 4294901760
-1.023352 12.341725 -3.9297693 4294901760
-1.8275373 13.80701 -3.9529285 4294901760
-0.5561586 16.419159 -4.0449414 4294901760
-2.663007 20.118969 -4.1844983 4294901760
-1.5101621 18.212704 -4.1234527 4294901760
-3.846103 21.080046 -4.2324643 4294901760
-0.81393945 24.029478 -4.2557693 4294901760
-0.28039789 3.5234609 -3.5833988 4294901760
-0.7376886 5.7189398 -3.6654487 4294901760
-0.63226825 7.9450397 -3.7380404 4294901760
-1.2883695 9.988101 -3.828862 4294901760
-0.98179269 12.33714 -3.9267404 4294901760
-1.7807269 13.805107 -3.9499409 4294901760
-0.50195426 16.428879 -4.0437388 4294901760
-2.5983214 20.143518 -4.1838589 4294901760
-1.4478644 18.193766 -4.1179466 4294901760
-3.7761819 21.092684 -4.2299585 4294901760
-0.73474294 24.048014 -4.254046 4294901760
-0.26809603 3.5244184 -3.5829027 4294901760
-0.71676087 5.7138362 -3.6621532 4294901760
-0.60452884 7.9471989 -3.7369213 4294901760
-1.253002 9.988615 -3.8267226 4294901760
-0.93751484 12.324667 -3.9222376 4294901760
-1.7335134 13.81913 -3.9493458 4294901760
-0.44470701 16.434513 -4.041853 4294901760
-2.5289795 20.160383 -4.1821213 4294901760
-1.3831331 18.182812 -4.1133342 4294901760
-3.7032161 21.109673 -4.2277656 4294901760
-0.65014064 24.026482 -4.2480078 4294901760
-0.2550056 3.5144856 -3.5768242 4294901760
-0.6982109 5.7277732 -3.6651862 4294901760
-0.57735366 7.9570847 -3.7377341 4294901760
-1.2176514 9.9890032 -3.824578 4294901760
-0.89506483 12.335778 -3.9218769 4294901760
-1.6862305 13.832993 -3.9487407 4294901760
-0.38734058 16.435963 -4.0394073 4294901760
-2.4600439 20.180971 -4.1808434 4294901760
-1.321101 18.207407 -4.1133237 4294901760
-3.6328909 21.142136 -4.2273884 4294901760
-0.56664997 24.044573 -4.2460771 4294901760
-0.24248555 3.5117376 -3.5744658 4294901760
-0.6768533 5.7187009 -3.6606205 4294901760
-0.5493024 7.9551377 -3.7356372 4294901760
-1.1832378 9.9971189 -3.8240428 4294901760
-0.85226953 12.342785 -3.9208164 4294901760
-1.6383978 13.842744 -3.9475031 4294901760
-0.33020151 16.449158 -4.0386 4294901760
-2.3909857 20.201323 -4.1795497 4294901760
-1.2578073 18.215885 -4.1112514 4294901760
-3.5584011 21.150753 -4.2242513 4294901760
-0.48238853 24.030432 -4.2408423 4294901760
-0.23069906 3.5197978 -3.5776837 4294901760
-0.65732503 5.7248554 -3.6611135 4294901760
-0.52127177 7.9530935 -3.7335372 4294901760
-1.1478806 9.997262 -3.8218873 4294901760
-0.80969572 12.353605 -3.9204376 4294901760
-1.5914251 13.860233 -3.9474986 4294901760
-0.27264467 16.442247 -4.0350366 4294901760
-2.3222709 20.225405 -4.1787133 4294901760
-1.1952522 18.236078 -4.1106997 4294901760
-3.4890838 21.190619 -4.2247539 4294901760
-0.39876202 24.047943 -4.2388806 4294901760
-0.21886095 3.527818 -3.5808976 4294901760
-0.63776481 5.7309432 -3.6616025 4294901760
-0.49399456 7.9626946 -3.734333 4294901760
-1.1107931 9.9815674 -3.816504 4294901760
-0.76730841 12.368237 -3.9207387 4294901760
-1.5421573 13.857799 -3.9443803 4294901760
-0.21556516 16.466993 -4.0358524 4294901760
-2.2538679 20.253216 -4.1783328 4294901760
-1.1310993 18.232182 -4.1070724 4294901760
-3.4157326 21.206608 -4.2225003 4294901760
-0.3146126 24.033215 -4.2336249 4294901760
-0.20612229 3.5213225 -3.5766752 4294901760
-0.61775738 5.7331343 -3.6608233 4294901760
-0.4666566 7.9722009 -3.7351217 4294901760
-1.0767932 9.9932432 -3.8167574 4294901760
-0.72274184 12.347073 -3.9148328 4294901760
-1.4946302 13.871004 -3.9437356 4294901760
-0.15785745 16.443748 -4.0300808 4294901760
-2.184444 20.27286 -4.1769924 4294901760
-1.0655904 18.20418 -4.100378 4294901760
-3.3454175 21.242062 -4.2225103 4294901760
-0.23076263 24.038162 -4.2304058 4294901760
-0.19383009 3.5220203 -3.5761681 4294901760
-0.5977425 5.7352562 -3.6600406 4294901760
-0.4392584 7.9816146 -3.7359042 4294901760
-1.0435447 10.012666 -3.8186121 4294901760
-0.6813851 12.381217 -3.9185581 4294901760
-1.4466174 13.880094 -3.9424613 4294901760
-0.10053346 16.456148 -4.0292306 4294901760
-2.1132557 20.276396 -4.1737537 4294901760
-1.0033578 18.231672 -4.100811 4294901760
-3.2748964 21.277281 -4.2225008 4294901760
-0.14685732 24.038822 -4.2267642 4294901760
-0.18233578 3.5262642 -3.5775414 4294901760
-0.57833219 5.7333736 -3.6580307 4294901760
-0.41298825 7.9869442 -3.7357724 4294901760
-1.0099361 10.012137 -3.8165038 4294901760
-0.63991046 12.375484 -3.9154828 4294901760
-1.3997793 13.8769 -3.9394159 4294901760
-0.046013452 16.476305 -4.0295863 4294901760
-2.045599 20.279322 -4.1706433 4294901760
-0.94330037 18.242861 -4.0993242 4294901760
-3.2132275 21.347237 -4.2267008 4294901760
-0.06723468 24.075113 -4.2269621 4294901760
-0.16985025 3.5232582 -3.5751731 4294901760
-0.55831397 5.7353578 -3.6572418 4294901760
-0.3849152 7.9844193 -3.7336495 4294901760
-0.97574449 10.023471 -3.8167338 4294901760
-0.59708703 12.385568 -3.9150608 4294901760
-1.3528689 13.897534 -3.93998 4294901760
0.011495973 16.464418 -4.0254354 4294901760
-1.9744066 20.282368 -4.1673832 4294901760
-0.87845868 18.222151 -4.0936294 4294901760
-3.1427486 21.385969 -4.2271032 4294901760
0.016812848 24.079195 -4.2236962 4294901760
-0.1577117 3.5274513 -3.5765162 4294901760
-0.53900844 5.7449417 -3.658973 4294901760
-0.35703987 7.9857149 -3.732487 4294901760
-0.93963963 10.01501 -3.8129396 4294901760
-0.55278295 12.363793 -3.9091396 4294901760
-1.30546 13.914052 -3.9399137 4294901760
0.068888366 16.444363 -4.0201888 4294901760
-1.9039631 20.293108 -4.1650505 4294901760
-0.81484121 18.225107 -4.0909758 4294901760
-3.0709062 21.416567 -4.2265778 4294901760
0.10095482 24.098957 -4.222043 4294901760
-0.14569865 3.5352249 -3.5797117 4294901760
-0.51895559 5.746788 -3.6581767 4294901760
-0.32916787 7.9869127 -3.7313201 4294901760
-0.9050374 10.022164 -3.8123536 4294901760
-0.50995719 12.373577 -3.9087045 4294901760
-1.2572503 13.922484 -3.9386022 4294901760
0.12624756 16.440042 -4.0171189 4294901760
-1.8320527 20.287706 -4.1608315 4294901760
-0.75106722 18.223858 -4.0878057 4294901760
-2.9972498 21.435062 -4.2246766 4294901760
0.18527326 24.12641 -4.2211833 4294901760
-0.13321994 3.5320888 -3.577338 4294901760
-0.49889085 5.7485647 -3.6573765 4294901760
-0.30128419 7.9880123 -3.7301483 4294901760
-0.87107056 10.037077 -3.813365 4294901760
-0.46720761 12.387176 -3.9089444 4294901760
-1.2082965 13.922827 -3.9360473 4294901760
0.18341517 16.419588 -4.0118647 4294901760
-1.7625989 20.309881 -4.1598792 4294901760
-0.68729436 18.222383 -4.0846262 4294901760
-2.9213254 21.437481 -4.2209496 4294901760
0.26904938 24.085684 -4.2134113 4294901760
-0.12101456 3.5361557 -3.5786726 4294901760
-0.47882277 5.7502713 -3.6565733 4294901760
-0.27353477 7.9929357 -3.7299342 4294901760
-0.83603144 10.040056 -3.8119624 4294901760
-0.42478231 12.412526 -3.9112279 4294901760
-1.1593623 13.922997 -3.933486 4294901760
0.24113445 16.446722 -4.0131288 4294901760
-1.6913666 20.311934 -4.1565742 4294901760
-0.62423134 18.240608 -4.0839663 4294901760
-2.8470066 21.451506 -4.2185678 4294901760
0.35270777 24.056648 -4.2068539 4294901760
-0.10855804 3.532933 -3.5762961 4294901760
-0.45843992 5.7480683 -3.6545074 4294901760
-0.24563043 7.9938416 -3.7287533 4294901760
-0.80223423 10.058673 -3.8137581 4294901760
-0.38120487 12.406002 -3.9080262 4294901760
-1.112016 13.942816 -3.9339952 4294901760
0.29818574 16.425871 -4.0078621 4294901760
-1.6207662 20.321692 -4.1541915 4294901760
-0.56116325 18.2626 -4.083797 4294901760
-2.7741492 21.47715 -4.217526 4294901760
0.43639556 24.039301 -4.2015038 4294901760
-0.096125521 3.5296667 -3.5739191 4294901760
-0.43837109 5.7496338 -3.653698 4294901760
-0.2177231 7.9946508 -3.7275679 4294901760
-0.76621395 10.04959 -3.8099403 4294901760
-0.33767819 12.399323 -3.9048197 4294901760
-1.0636382 13.950578 -3.932647 4294901760
0.35561153 16.428713 -4.0058465 4294901760
-1.5510284 20.34314 -4.1531954 4294901760
-0.49718958 18.256479 -4.0800796 4294901760
-2.7036355 21.522348 -4.2187209 4294901760
0.52100348 24.069571 -4.2009873 4294901760
-0.083976932 3.5372291 -3.5770996 4294901760
-0.41857904 5.7549696 -3.6541436 4294901760
-0.19000311 8.0032034 -3.7282984 4294901760
-0.73170513 10.060085 -3.8101196 4294901760
-0.2941145 12.388526 -3.9009266 4294901760
-1.0143611 13.946273 -3.9294462 4294901760
0.41325292 16.439312 -4.0049038 4294901760
-1.4797229 20.34445 -4.1498547 4294901760
-0.43346342 18.258102 -4.077363 4294901760
-2.6323657 21.563354 -4.2194438 4294901760
0.60511392 24.071594 -4.197629 4294901760
-0.071629934 3.5375006 -3.5765712 4294901760
-0.39822316 5.7525535 -3.6520693 4294901760
-0.16206725 8.0038185 -3.7271032 4294901760
-0.69604075 10.054693 -3.8070939 4294901760
-0.25119263 12.405345 -3.9018052 4294901760
-0.96595103 13.953695 -3.9280815 4294901760
0.47120079 16.457678 -4.0050311 4294901760
-1.4098051 20.365414 -4.148829 4294901760
-0.3705391 18.299364 -4.07967 4294901760
-2.5589638 21.588266 -4.2183456 4294901760
0.68867362 24.053373 -4.1922464 4294901760
-0.059282042 3.537729 -3.576041 4294901760
-0.37839431 5.7577519 -3.6525075 4294901760
-0.13406366 8.0004139 -3.7249448 4294901760
-0.66094112 10.057062 -3.8056622 4294901760
-0.2078909 12.406146 -3.899946 4294901760
-0.91645807 13.945077 -3.9242544 4294901760
0.52813101 16.440008 -4.0002809 4294901760
-1.3376654 20.354284 -4.1440706 4294901760
-0.30626306 18.276627 -4.0739107 4294901760
-2.4858758 21.616896 -4.21768 4294901760
0.77224171 24.038847 -4.1872578 4294901760
-0.046931777 3.5379143 -3.5755088 4294901760
-0.35829219 5.759038 -3.6516843 4294901760
-0.10603004 7.9929891 -3.7218249 4294901760
-0.62509251 10.047473 -3.8018298 4294901760
-0.16463351 12.410765 -3.8987608 4294901760
-0.86826533 13.956131 -3.9234867 4294901760
0.58480954 16.418165 -3.994987 4294901760
-1.265859 20.346884 -4.1397686 4294901760
-0.24272352 18.297518 -4.0736723 4294901760
-2.4121666 21.64131 -4.216547 4294901760
0.8562966 24.039995 -4.1838636 4294901760
-0.034651779 3.5453069 -3.578676 4294901760
-0.33818567 5.7602534 -3.6508579 4294901760
-0.078088172 7.9893889 -3.7196605 4294901760
-0.59024543 10.05354 -3.8011856 4294901760
-0.12138508 12.419199 -3.898248 4294901760
-0.82070571 13.978927 -3.9245453 4294901760
0.64258754 16.427965 -3.9940038 4294901760
-1.1957574 20.367111 -4.1387029 4294901760
-0.17911962 18.326159 -4.0744214 4294901760
-2.3396022 21.67738 -4.2167416 4294901760
0.9406814 24.048832 -4.1812563 4294901760
-0.022231331 3.5381556 -3.574439 4294901760
-0.31829017 5.765245 -3.6512845 4294901760
-0.0502505 7.9974561 -3.7203646 4294901760
-0.55558634 10.063432 -3.8013322 4294901760
-0.078010939 12.415578 -3.8956871 4294901760
-0.77256584 13.993619 -3.9243672 4294901760
0.69992453 16.425621 -3.9913931 4294901760
-1.1270794 20.414986 -4.140862 4294901760
-0.11515217 18.326672 -4.0716457 4294901760
-2.2664113 21.709236 -4.2164683 4294901760
1.0251267 24.057367 -4.1786332 4294901760
-0.011116463 3.5382082 -3.5739551 4294901760
-0.30037791 5.7700634 -3.6517899 4294901760
-0.025164023 8.0093412 -3.7221406 4294901760
-0.52438122 10.073021 -3.8016164 4294901760
-0.039045665 12.427667 -3.8960266 4294901760
-0.7283957 13.992005 -3.9219363 4294901760
0.75133842 16.419363 -3.9884984 4294901760
-1.0627347 20.41444 -4.1377444 4294901760
-0.057542641 18.314983 -4.0676379 4294901760
-2.199811 21.732134 -4.21558 4294901760
1.0999653 24.038076 -4.1735859 4294901760
0.0012377282 3.545476 -3.5771134 4294901760
-0.2796728 5.7595344 -3.6471889 4294901760
0.0027933421 8.0015364 -3.7190073 4294901760
-0.48883063 10.066895 -3.7985635 4294901760
0.0043426841 12.439631 -3.8961673 4294901760
-0.67935348 13.99049 -3.919296 4294901760
0.80904424 16.424593 -3.9869463 4294901760
-0.99126971 20.41404 -4.1343217 4294901760
0.0063951965 18.319059 -4.0653448 4294901760
-2.1254849 21.755573 -4.2143774 4294901760
1.18407 24.038078 -4.1701393 4294901760
0.014173539 3.5309467 -3.56915 4294901760
-0.25856248 5.7605209 -3.6463084 4294901760
0.032087144 7.993628 -3.715811 4294901760
-0.45210978 10.072567 -3.7978201 4294901760
0.049917474 12.435563 -3.8934906 4294901760
-0.62825269 13.99686 -3.9177678 4294901760
0.86923438 16.421518 -3.9841788 4294901760
-0.91769892 20.44544 -4.1344304 4294901760
0.073549777 18.322901 -4.0629005 4294901760
-2.0476055 21.783089 -4.2134533 4294901760
1.2721608 24.033575 -4.1660886 4294901760
0.027143758 3.5344961 -3.5704284 4294901760
-0.23760447 5.7652779 -3.646678 4294901760
0.061356977 7.9895353 -3.713567 4294901760
-0.41486081 10.066258 -3.7946849 4294901760
0.095559902 12.443233 -3.8928397 4294901760
-0.57661623 13.99112 -3.9144011 4294901760
0.93099624 16.446056 -3.985153 4294901760
-0.84307969 20.456638 -4.1322141 4294901760
0.14049648 18.294603 -4.0564561 4294901760
-1.9681058 21.794422 -4.2107272 4294901760
1.36002 24.024767 -4.1616278 4294901760
0.038286109 3.5380182 -3.5717857 4294901760
-0.21963879 5.7698455 -3.6471703 4294901760
0.086497411 7.9932241 -3.7134132 4294901760
-0.38323665 10.067512 -3.7933562 4294901760
0.13456269 12.434935 -3.8897603 4294901760
-0.53281295 13.996837 -3.9131634 4294901760
0.98384327 16.462929 -3.9854383 4294901760
-0.77896494 20.463175 -4.1299744 4294901760
0.19809578 18.306028 -4.0554123 4294901760
-1.9006706 21.812428 -4.2093325 4294901760
1.4364375 24.036316 -4.1597199 4294901760
0.050479483 3.5269885 -3.5656981 4294901760
-0.19949816 5.770577 -3.6463211 4294901760
0.11450905 8.0007172 -3.7140844 4294901760
-0.34836736 10.076689 -3.7934623 4294901760
0.17785172 12.426455 -3.8864856 4294901760
-0.48436683 14.010535 -3.9129286 4294901760
1.0407972 16.451447 -3.9817011 4294901760
-0.70698327 20.44982 -4.1251254 4294901760
0.26210484 18.313198 -4.0535769 4294901760
-1.8248566 21.822905 -4.2067299 4294901760
1.5208303 24.039127 -4.1566167 4294901760
0.063537441 3.534029 -3.5688159 4294901760
-0.17798817 5.7597189 -3.6416705 4294901760
0.14390491 8.0041656 -3.7137339 4294901760
-0.3115516 10.081848 -3.7926924 4294901760
0.22339894 12.425719 -3.8844612 4294901760
-0.43313161 14.016191 -3.9113631 4294901760
1.1013581 16.451494 -3.9794257 4294901760
-0.63177443 20.444296 -4.1210356 4294901760
0.32937232 18.320087 -4.0515866 4294901760
-1.7445359 21.82547 -4.203073 4294901760
1.6081338 24.021439 -4.1513262 4294901760
0.076028004 3.5410347 -3.5719571 4294901760
-0.1579887 5.7641559 -3.6420679 4294901760
0.17192629 8.0075359 -3.7134399 4294901760
-0.27635965 10.082874 -3.7911978 4294901760
0.26693916 12.432797 -3.8838761 4294901760
-0.38442424 14.025569 -3.9104993 4294901760
1.1607336 16.475359 -3.9804747 4294901760
-0.55975497 20.422443 -4.1152549 4294901760
0.39297315 18.302881 -4.0467501 4294901760
-1.6701699 21.855309 -4.2026601 4294901760
1.6933728 24.035597 -4.1493793 4294901760
0.088298529 3.5371237 -3.5695589 4294901760
-0.13777344 5.7608213 -3.6399593 4294901760
0.19997677 8.010808 -3.7131405 4294901760
-0.24106498 10.079826 -3.7889056 4294901760
0.31053746 12.439724 -3.8832822 4294901760
-0.33574507 14.038754 -3.9102321 4294901760
1.2188282 16.479151 -3.9788427 4294901760
-0.48874471 20.436241 -4.1135893 4294901760
0.45706362 18.30937 -4.0448813 4294901760
-1.5950258 21.876932 -4.2013421 4294901760
1.7778578 24.037504 -4.1462321 4294901760
0.10002855 3.5368114 -3.569032 4294901760
-0.11882614 5.7689486 -3.6416426 4294901760
0.2265427 8.0101004 -3.7119474 4294901760
-0.20779774 10.088473 -3.7890584 4294901760
0.35167867 12.43466 -3.8807559 4294901760
-0.28910324 14.035813 -3.9076347 4294901760
1.2725519 16.463104 -3.9746754 4294901760
-0.42063871 20.421793 -4.1088619 4294901760
0.51834577 18.327681 -4.0446286 4294901760
-1.5221874 21.878119 -4.1979518 4294901760
1.8575658 24.031475 -4.1424818 4294901760
0.11299016 3.5364213 -3.5684478 4294901760
-0.097682379 5.7693453 -3.6407351 4294901760
0.25577262 8.0052967 -3.7096741 4294901760
-0.17088938 10.093119 -3.7882621 4294901760
0.39762899 12.445187 -3.8807216 4294901760
-0.23759325 14.032803 -3.9048212 4294901760
1.3328801 16.458332 -3.9718277 4294901760
-0.34552056 20.407238 -4.1038232 4294901760
0.58563989 18.329643 -4.0420961 4294901760
-1.4422572 21.887533 -4.1951232 4294901760
1.9456278 24.024508 -4.1383247 4294901760
0.12458824 3.5324039 -3.5660741 4294901760
-0.078551151 5.7696371 -3.6399109 4294901760
0.28217787 8.0004845 -3.7075243 4294901760
-0.13747428 10.097583 -3.7876105 4294901760
0.43959332 12.463626 -3.8822176 4294901760
-0.19116858 14.041466 -3.9040263 4294901760
1.3864433 16.441914 -3.9676509 4294901760
-0.27768692 20.396301 -4.0995402 4294901760
0.64585412 18.311663 -4.037374 4294901760
-1.368924 21.880243 -4.1908288 4294901760
2.0256159 24.0219 -4.134944 4294901760
0.13691881 3.5319476 -3.5655148 4294901760
-0.058448344 5.7737288 -3.6402888 4294901760
0.30980134 7.9916124 -3.7043588 4294901760
-0.10222362 10.098001 -3.7860868 4294901760
0.48279274 12.454085 -3.8789005 4294901760
-0.14235111 14.061933 -3.904928 4294901760
1.4448777 16.448877 -3.9665148 4294901760
-0.20648345 20.397146 -4.0964627 4294901760
0.7102381 18.321249 -4.035953 4294901760
-1.2925335 21.884888 -4.1876903 4294901760
2.1105103 24.026619 -4.1321344 4294901760
0.15001605 3.5350442 -3.5667679 4294901760
-0.037262563 5.770052 -3.638123 4294901760
0.3390882 7.9904227 -3.7030256 4294901760
-0.06521412 10.098308 -3.7844813 4294901760
0.5280968 12.444304 -3.8754809 4294901760
-0.090865031 14.070312 -3.903899 4294901760
1.5040634 16.431572 -3.9620533 4294901760
-0.13162418 20.381805 -4.0914006 4294901760
0.77788699 18.330471 -4.0343738 4294901760
-1.2118762 21.881506 -4.1835022 4294901760
2.199281 24.026674 -4.1287189 4294901760
0.16079013 3.5273123 -3.5625775 4294901760
-0.01912358 5.7662892 -3.6360867 4294901760
0.36472344 8.0010729 -3.7047234 4294901760
-0.033464778 10.090558 -3.7815237 4294901760
0.56718665 12.442583 -3.8736956 4294901760
-0.046637755 14.062575 -3.9007692 4294901760
1.5564251 16.434694 -3.9606428 4294901760
-0.067635864 20.394087 -4.0899758 4294901760
0.83546644 18.327936 -4.031744 4294901760
-1.1441728 21.90514 -4.1828537 4294901760
2.273618 24.007721 -4.1239405 4294901760
0.17328043 3.5303504 -3.5638545 4294901760
0.0010048361 5.7586169 -3.632714 4294901760
0.39246005 7.9958334 -3.7024965 4294901760
0.0017628064 10.102471 -3.7823486 4294901760
0.6108138 12.444491 -3.8723755 4294901760
0.0024545228 14.066629 -3.8992274 4294901760
1.6145666 16.43709 -3.9589481 4294901760
0.0035593335 20.398191 -4.0873203 4294901760
0.89963812 18.32889 -4.029304 4294901760
-1.0690569 21.936909 -4.1827483 4294901760
2.3566322 23.991688 -4.1191425 4294901760
0.18560185 3.5297239 -3.563288 4294901760
0.021133158 5.7662821 -3.6343255 4294901760
0.42036662 7.9944143 -3.7012138 4294901760
0.037024844 10.102404 -3.7808032 4294901760
0.65466356 12.450208 -3.8717177 4294901760
0.051596932 14.078466 -3.8988807 4294901760
1.6747516 16.459091 -3.9598801 4294901760
0.074757934 20.398056 -4.0841999 4294901760
0.96423662 18.337582 -4.0278349 4294901760
-0.99374366 21.96842 -4.1826234 4294901760
2.4407637 23.987289 -4.1155024 4294901760
0.19935876 3.5326049 -3.564503 4294901760
0.043333128 5.7738619 -3.6358423 4294901760
0.45106176 7.9927416 -3.6997979 4294901760
0.075847082 10.106139 -3.7798831 4294901760
0.70224345 12.44364 -3.8688438 4294901760
0.10565734 14.078165 -3.8965027 4294901760
1.738778 16.460459 -3.9578826 4294901760
0.15299532 20.385647 -4.0793972 4294901760
1.035319 18.345684 -4.0260563 4294901760
-0.90921319 21.968086 -4.1786551 4294901760
2.5349531 23.997597 -4.1129956 4294901760
0.21023946 3.528342 -3.5621498 4294901760
0.061470922 5.7736974 -3.6350417 4294901760
0.47686788 8.0030317 -3.7014725 4294901760
0.10750998 10.097946 -3.7769098 4294901760
0.74156648 12.445333 -3.8677027 4294901760
0.14988196 14.077763 -3.8945506 4294901760
1.7896169 16.446999 -3.9543264 4294901760
0.21686409 20.369104 -4.0747638 4294901760
1.0934193 18.350302 -4.0243673 4294901760
-0.84065598 21.9828 -4.1770673 4294901760
2.6085992 23.973637 -4.1077957 4294901760
0.22401445 3.5311272 -3.5633597 4294901760
0.083582662 5.769567 -3.6328154 4294901760
0.50709516 7.9933128 -3.6981561 4294901760
0.14610828 10.085603 -3.7728367 4294901760
0.78783727 12.418635 -3.8614805 4294901760
0.20410496 14.089014 -3.8939557 4294901760
1.8540896 16.451876 -3.9528346 4294901760
0.29547387 20.396053 -4.0744572 4294901760
1.1641192 18.349947 -4.0215845 4294901760
-0.75473768 21.941984 -4.1687093 4294901760
2.702415 23.979315 -4.1048703 4294901760
0.23633997 3.5303237 -3.5627854 4294901760
0.1037925 5.7730913 -3.6331639 4294901760
0.53525811 7.9954076 -3.6978002 4294901760
0.18145753 10.092935 -3.772841 4294901760
0.83118498 12.415809 -3.8594606 4294901760
0.25328735 14.088215 -3.8917694 4294901760
1.9096713 16.429482 -3.9479368 4294901760
0.36638618 20.378937 -4.06949 4294901760
1.2292356 18.361683 -4.0205517 4294901760
-0.67776537 21.932514 -4.1641603 4294901760
2.7810366 23.926102 -4.0965452 4294901760
0.24717543 3.5259471 -3.5604293 4294901760
0.12176488 5.7650352 -3.6298687 4294901760
0.55982357 7.9858603 -3.6947391 4294901760
0.21307908 10.088364 -3.7706428 4294901760
0.87157118 12.432927 -3.8609681 4294901760
0.29737481 14.079397 -3.8885984 4294901760
1.9603288 16.415491 -3.944365 4294901760
0.4297286 20.345772 -4.0630364 4294901760
1.2877473 18.369661 -4.0193172 4294901760
-0.60908484 21.942514 -4.1621051 4294901760
2.8604462 23.952934 -4.0963383 4294901760
0.25948271 3.5250628 -3.5598521 4294901760
0.14188939 5.7645745 -3.6289682 4294901760
0.58741027 7.9799466 -3.6924891 4294901760
0.24829543 10.087558 -3.769067 4294901760
0.91584218 12.441682 -3.8609295 4294901760
0.34642515 14.074298 -3.8858013 4294901760
2.0190804 16.420408 -3.9431255 4294901760
0.50222415 20.403982 -4.066597 4294901760
1.3504031 18.345175 -4.0138779 4294901760
-0.53364378 21.992393 -4.1640568 4294901760
2.9479454 23.97451 -4.095315 4294901760
0.27267957 3.5277028 -3.5610809 4294901760
0.16312429 5.7678657 -3.6292615 4294901760
0.61725706 7.9855609 -3.6929979 4294901760
0.28492913 10.074728 -3.7650585 4294901760
0.96112847 12.434285 -3.85812 4294901760
0.39744246 14.053056 -3.8804982 4294901760
2.0822499 16.436604 -3.9433014 4294901760
0.57824159 20.445881 -4.0681734 4294901760
1.41855 18.352026 -4.0121732 4294901760
-0.45320317 22.002186 -4.161478 4294901760
3.0327797 23.939775 -4.0886893 4294901760
0.28499281 3.5267293 -3.5604999 4294901760
0.18338078 5.7711115 -3.6295958 4294901760
0.64544612 7.987267 -3.6926239 4294901760
0.32022291 10.077621 -3.764256 4294901760
1.0032512 12.415033 -3.853415 4294901760
0.446877 14.063508 -3.8800783 4294901760
2.1396163 16.429234 -3.9404695 4294901760
0.65088016 20.483618 -4.069437 4294901760
1.4816434 18.335041 -4.0076938 4294901760
-0.37652931 22.011616 -4.1590481 4294901760
3.1158175 23.925083 -4.0841818 4294901760
0.2969963 3.5221004 -3.5580816 4294901760
0.20338759 5.7665868 -3.6274443 4294901760
0.67266208 7.9771485 -3.6894219 4294901760
0.3555356 10.080393 -3.7634475 4294901760
1.0472457 12.419363 -3.85269 4294901760
0.4961023 14.065839 -3.8784554 4294901760
2.1943076 16.401926 -3.9350235 4294901760
0.72209173 20.473248 -4.0653105 4294901760
1.5439566 18.309893 -4.0022407 4294901760
-0.2994794 21.99683 -4.1540074 4294901760
3.199837 23.918018 -4.0804296 4294901760
0.30928987 3.5210423 -3.5574975 4294901760
0.22306941 5.7542949 -3.6228108 4294901760
0.70084882 7.9786592 -3.6890395 4294901760
0.39087635 10.08304 -3.7626324 4294901760
1.0899 12.407726 -3.8493049 4294901760
0.54535598 14.067994 -3.8768234 4294901760
2.2537198 16.40995 -3.9342628 4294901760
0.79402143 20.482563 -4.0634084 4294901760
1.612052 18.352051 -4.0050116 4294901760
-0.22272873 22.001734 -4.1511202 4294901760
3.2860301 23.926483 -4.0781922 4294901760
0.32096368 3.5199976 -3.5569413 4294901760
0.24231096 5.7573714 -3.6231821 4294901760
0.72765779 7.9801979 -3.6887183 4294901760
0.42430884 10.081689 -3.7611108 4294901760
1.1313975 12.407997 -3.8480065 4294901760
0.59267032 14.082002 -3.87708 4294901760
2.3086765 16.406332 -3.9320724 4294901760
0.8624391 20.491777 -4.0616555 4294901760
1.6721731 18.338665 -4.0011449 4294901760
-0.14971715 21.994368 -4.1470928 4294901760
3.3614552 23.887777 -4.0715718 4294901760
0.33420458 3.5224063 -3.5581579 4294901760
0.26358593 5.760293 -3.6234574 4294901760
0.75652951 7.9735718 -3.6863811 4294901760
0.46107417 10.076117 -3.7586436 4294901760
1.1772394 12.407716 -3.846494 4294901760
0.6442762 14.079735 -3.8747234 4294901760
2.3682201 16.393818 -3.9285483 4294901760
0.93862915 20.512396 -4.0608988 4294901760
1.7401254 18.340349 -3.9988971 4294901760
-0.069170438 22.014727 -4.1457391 4294901760
3.4489803 23.875296 -4.0671973 4294901760
0.34623885 3.5248868 -3.5594304 4294901760
0.28287676 5.7632346 -3.6238205 4294901760
0.78296888 7.9710197 -3.685113 4294901760
0.49448815 10.074533 -3.7571127 4294901760
1.2183819 12.403744 -3.8445206 4294901760
0.69135678 14.085466 -3.8737714 4294901760
2.4243228 16.397694 -3.9273791 4294901760
1.0078251 20.533085 -4.060451 4294901760
1.8017192 18.342413 -3.9969437 4294901760
0.0038437992 22.038788 -4.1451325 4294901760
3.5298934 23.875578 -4.0643678 4294901760
0.35817483 3.5200498 -3.5570064 4294901760
0.30299392 5.7622113 -3.6228957 4294901760
0.81118733 7.9721398 -3.6847119 4294901760
0.52944684 10.068798 -3.7547178 4294901760
1.2604699 12.387573 -3.840457 4294901760
0.74156773 14.102823 -3.8744762 4294901760
2.4827435 16.397005 -3.9255369 4294901760
1.0809647 20.557333 -4.0602655 4294901760
1.8661435 18.339977 -3.9943445 4294901760
0.080808483 22.046619 -4.1426201 4294901760
3.613817 23.867056 -4.0605564 4294901760
0.3704592 3.5187783 -3.5564134 4294901760
0.32267341 5.753427 -3.619494 4294901760
0.83941942 7.9731607 -3.6843061 4294901760
0.56503093 10.074781 -3.7546527 4294901760
1.3041158 12.387044 -3.8390296 4294901760
0.79056573 14.096179 -3.8716137 4294901760
2.5381315 16.376434 -3.9210987 4294901760
1.1540532 20.577341 -4.059618 4294901760
1.9309819 18.341284 -3.9922163 4294901760
0.15776061 22.046206 -4.1392355 4294901760
3.6989369 23.866137 -4.0574903 4294901760
0.38414013 3.5246048 -3.5594506 4294901760
0.34444946 5.7637415 -3.6222274 4294901760
0.86736393 7.9583325 -3.6800818 4294901760
0.60195559 10.072643 -3.752944 4294901760
1.3512306 12.397959 -3.8394663 4294901760
0.84270358 14.101128 -3.8704062 4294901760
2.6000144 16.37882 -3.9196115 4294901760
1.2299463 20.580938 -4.057013 4294901760
1.9973336 18.326155 -3.9880011 4294901760
0.23843868 22.033504 -4.1343837 4294901760
3.7807574 23.816925 -4.0496655 4294901760
0.39440221 3.5161753 -3.5552521 4294901760
0.36255395 5.7626309 -3.621387 4294901760
0.89279711 7.9594665 -3.6798031 4294901760
0.63334656 10.066756 -3.7506983 4294901760
1.3888439 12.381824 -3.8355997 4294901760
0.88724637 14.102379 -3.8689408 4294901760
2.6527276 16.378435 -3.9180324 4294901760
1.2945931 20.576971 -4.0540118 4294901760
2.0540047 18.311867 -3.984246 4294901760
0.30793226 22.052603 -4.1334581 4294901760
3.8600264 23.832523 -4.0485082 4294901760
0.40667281 3.5147772 -3.5546541 4294901760
0.38317642 5.7690167 -3.6229208 4294901760
0.92237693 7.9718866 -3.6821904 4294901760
0.66874218 10.06843 -3.7498381 4294901760
1.4320534 12.376901 -3.8334942 4294901760
0.93672812 14.103165 -3.867239 4294901760
2.7118304 16.380861 -3.9166682 4294901760
1.3672013 20.584272 -4.0519919 4294901760
2.1211162 18.332306 -3.9844825 4294901760
0.38427687 22.015472 -4.1261916 4294901760
3.9431889 23.818905 -4.0442743 4294901760
0.41869354 3.5060632 -3.5503662 4294901760
0.40405053 5.7637315 -3.6206982 4294901760
0.95205653 7.9723473 -3.6816969 4294901760
0.70564294 10.06591 -3.7481136 4294901760
1.4778812 12.375506 -3.8319337 4294901760
0.98813808 14.095669 -3.8642337 4294901760
2.7738502 16.382593 -3.9151464 4294901760
1.4432008 20.587084 -4.0493488 4294901760
2.1887708 18.328365 -3.9816761 4294901760
0.46480209 22.005938 -4.1217403 4294901760
4.0311356 23.808228 -4.0401926 4294901760
0.43137112 3.5081787 -3.5515945 4294901760
0.42331767 5.7507615 -3.6160531 4294901760
0.97939885 7.9650817 -3.6793983 4294901760
0.74106318 10.067327 -3.747241 4294901760
1.5210681 12.370273 -3.8298156 4294901760
1.0373321 14.092134 -3.8619273 4294901760
2.8303368 16.368885 -3.9117038 4294901760
1.5171005 20.609777 -4.0490618 4294901760
2.2512717 18.308744 -3.9771075 4294901760
0.54160976 22.004181 -4.1183038 4294901760
4.1135321 23.790079 -4.035562 4294901760
0.44300157 3.5067291 -3.5510223 4294901760
0.44267985 5.7531662 -3.6163895 4294901760
1.0053135 7.9579 -3.6771662 4294901760
0.77535123 10.076637 -3.7479932 4294901760
1.5630732 12.373036 -3.8291092 4294901760
1.0852752 14.104478 -3.8620834 4294901760
2.8839076 16.355488 -3.9084027 4294901760
1.5854324 20.604633 -4.0458474 4294901760
2.3139682 18.316999 -3.9760277 4294901760
0.61546248 22.034185 -4.118432 4294901760
4.1923957 23.776308 -4.0315094 4294901760
0.45524058 3.505161 -3.5504184 4294901760
0.46337891 5.7592654 -3.6179075 4294901760
1.0335928 7.9582305 -3.676728 4294901760
0.8092553 10.05811 -3.7432401 4294901760
1.6057459 12.363569 -3.8263233 4294901760
1.1361009 14.120424 -3.8626997 4294901760
2.9416909 16.349241 -3.9059734 4294901760
1.659272 20.622837 -4.0450883 4294901760
2.3820055 18.340441 -3.9766808 4294901760
0.69212741 22.023922 -4.1141181 4294901760
4.2767849 23.769386 -4.0279803 4294901760
0.46904397 3.5106561 -3.5534358 4294901760
0.48545218 5.7690425 -3.6206045 4294901760
1.0653498 7.9738293 -3.6799436 4294901760
0.84644389 10.059015 -3.7422676 4294901760
1.6515726 12.361534 -3.8247347 4294901760
1.1888444 14.128054 -3.8620114 4294901760
3.0044694 16.354019 -3.9049234 4294901760
1.7365156 20.636497 -4.0437016 4294901760
2.4502623 18.339491 -3.9743042 4294901760
0.77325946 22.033205 -4.1117425 4294901760
4.3681993 23.777119 -4.0257149 4294901760
0.48019212 3.5054893 -3.5510318 4294901760
0.50491768 5.7712388 -3.6209273 4294901760
1.0912559 7.9663653 -3.6776993 4294901760
0.87945437 10.052216 -3.7399113 4294901760
1.6925591 12.355988 -3.8226991 4294901760
1.2353455 14.120072 -3.8591998 4294901760
3.0623522 16.363539 -3.9046667 4294901760
1.8066837 20.650501 -4.0426402 4294901760
2.515398 18.36286 -3.9750807 4294901760
0.84617293 22.026533 -4.108005 4294901760
4.4462953 23.758575 -4.021255 4294901760
0.4924266 3.5037918 -3.5504224 4294901760
0.52401417 5.7579322 -3.6162751 4294901760
1.1179674 7.9547391 -3.6744533 4294901760
0.91525698 10.056956 -3.7397823 4294901760
1.734026 12.338217 -3.8185925 4294901760
1.2839092 14.107753 -3.8556798 4294901760
3.1194572 16.352749 -3.9016967 4294901760
1.8809319 20.667912 -4.0418277 4294901760
2.5767119 18.334229 -3.9695189 4294901760
0.92239189 22.00749 -4.1028147 4294901760
4.5299559 23.746832 -4.0173144 4294901760
0.50526452 3.5019636 -3.5497808 4294901760
0.54583961 5.7636428 -3.6177268 4294901760
1.1465538 7.9467072 -3.6720672 4294901760
0.95173651 10.0496 -3.7372499 4294901760
1.7809333 12.34356 -3.8182895 4294901760
1.3356049 14.102952 -3.8532083 4294901760
3.1801293 16.345116 -3.8990805 4294901760
1.9559139 20.652935 -4.0373344 4294901760
2.6444583 18.328609 -3.9666352 4294901760
1.0034059 22.011938 -4.099977 4294901760
4.6222949 23.757507 -4.0153699 4294901760
0.51748484 3.5001786 -3.5491681 4294901760
0.56633043 5.7655363 -3.6179914 4294901760
1.1742842 7.9426565 -3.6706769 4294901760
0.98680818 10.046217 -3.7355678 4294901760
1.8245872 12.341194 -3.8167813 4294901760
1.385211 14.102163 -3.8514321 4294901760
3.2379358 16.337824 -3.8966045 4294901760
2.0264292 20.630096 -4.032135 4294901760
2.7124984 18.346874 -3.9667358 4294901760
1.0804268 22.012289 -4.096879 4294901760
4.7098489 23.764734 -4.0132513 4294901760
0.52908832 3.4984436 -3.5485847 4294901760
0.5854454 5.7636266 -3.6170719 4294901760
1.2041341 7.9619884 -3.6749234 4294901760
1.0205146 10.046822 -3.7347345 4294901760
1.8613461 12.307613 -3.810169 4294901760
1.431563 14.093535 -3.8485987 4294901760
3.2936671 16.334803 -3.894778 4294901760
2.0952291 20.627232 -4.0292788 4294901760
2.7745128 18.345663 -3.9646211 4294901760
1.1534119 22.008585 -4.0935245 4294901760
4.7854676 23.733324 -4.0076389 4294901760
0.54129791 3.4965751 -3.5479689 4294901760
0.60515946 5.7577171 -3.6148727 4294901760
1.2307214 7.9499841 -3.6716664 4294901760
1.0564073 10.05106 -3.7345798 4294901760
1.9049069 12.304962 -3.8086526 4294901760
1.4799223 14.080542 -3.845058 4294901760
3.3498695 16.319305 -3.8912699 4294901760
2.1676414 20.623762 -4.0262384 4294901760
2.8373194 18.327986 -3.9604495 4294901760
1.2317947 22.032322 -4.0929246 4294901760
4.858654 23.669535 -3.9988565 4294901760
0.55350089 3.4946642 -3.5473514 4294901760
0.62483966 5.75174 -3.6126721 4294901760
1.257853 7.9417653 -3.6693356 4294901760
1.0914885 10.04731 -3.7328811 4294901760
1.9490924 12.306075 -3.8077786 4294901760
1.530356 14.087151 -3.8444262 4294901760
3.4060042 16.303614 -3.8877561 4294901760
2.2409174 20.62797 -4.0240541 4294901760
2.8994126 18.306156 -3.955802 4294901760
1.3075165 22.007963 -4.0872674 4294901760
4.9453359 23.671974 -3.9963343 4294901760
0.56682283 3.5035458 -3.5522285 4294901760
0.64347976 5.7458081 -3.6105187 4294901760
1.2829275 7.9298062 -3.6661465 4294901760
1.1252384 10.047564 -3.7320306 4294901760
1.9905212 12.303461 -3.8063569 4294901760
1.5761741 14.074093 -3.8409939 4294901760
3.4608741 16.296125 -3.8854001 4294901760
2.3097498 20.624392 -4.0211658 4294901760
2.9626455 18.312185 -3.9546015 4294901760
1.3802363 21.999525 -4.0834613 4294901760
5.0320988 23.694508 -3.9958501 4294901760
0.57845682 3.4979694 -3.5497851 4294901760
0.66397333 5.747354 -3.6107683 4294901760
1.312518 7.9368892 -3.6675155 4294901760
1.1589411 10.031796 -3.7280219 4294901760
2.034101 12.300354 -3.8048198 4294901760
1.6243765 14.060605 -3.8374386 4294901760
3.5236206 16.311195 -3.8859167 4294901760
2.3849292 20.643951 -4.0206857 4294901760
3.026545 18.301731 -3.9513488 4294901760
1.4588628 22.022453 -4.0828156 4294901760
5.1189876 23.696312 -3.9932909 4294901760
0.59006035 3.4923539 -3.5473416 4294901760
0.68448818 5.7488256 -3.6110134 4294901760
1.3434842 7.9515967 -3.6707265 4294901760
1.1944215 10.031614 -3.727077 4294901760
2.0750449 12.28144 -3.8006861 4294901760
1.6753318 14.070645 -3.8373623 4294901760
3.5822499 16.306578 -3.8838937 4294901760
2.4574528 20.639462 -4.0175958 4294901760
3.0917444 18.298916 -3.9490244 4294901760
1.5365658 22.029173 -4.0804782 4294901760
5.203393 23.686102 -3.9896171 4294901760
0.60100466 3.4794509 -3.5412269 4294901760
0.70508349 5.7424555 -3.6087556 4294901760
1.3719498 7.9427543 -3.6683099 4294901760
1.2321424 10.035015 -3.7268054 4294901760
2.123419 12.293303 -3.8016143 4294901760
1.7273738 14.068358 -3.8354139 4294901760
3.6402507 16.285564 -3.8796937 4294901760
2.5345383 20.642199 -4.0151806 4294901760
3.1594672 18.291391 -3.9460583 4294901760
1.616122 22.007469 -4.0750256 4294901760
5.2919083 23.674665 -3.9857099 4294901760
0.61379838 3.4845793 -3.5442727 4294901760
0.72364169 5.7362633 -3.6065946 4294901760
1.3982836 7.9381604 -3.6669571 4294901760
1.2649211 10.026952 -3.7244039 4294901760
2.1662419 12.297916 -3.8014581 4294901760
1.7735227 14.058606 -3.8325403 4294901760
3.6933587 16.269518 -3.8762968 4294901760
2.6014838 20.621801 -4.0105228 4294901760
3.2221861 18.292593 -3.9443438 4294901760
1.6903208 22.017908 -4.0732594 4294901760
5.3756981 23.680349 -3.9836886 4294901760
0.62531763 3.478847 -3.5418274 4294901760
0.74415749 5.7375231 -3.6068306 4294901760
1.4239049 7.9216499 -3.6627607 4294901760
1.2994082 10.018557 -3.7219131 4294901760
2.2070537 12.278563 -3.7973108 4294901760
1.8220776 14.048386 -3.829541 4294901760
3.7474458 16.244884 -3.8717382 4294901760
2.6739697 20.616552 -4.0074015 4294901760
3.2846138 18.273384 -3.9401214 4294901760
1.7674927 22.015852 -4.0700498 4294901760
5.4547405 23.645876 -3.9777927 4294901760
0.63871771 3.4800978 -3.5429864 4294901760
0.76518035 5.7347569 -3.6057901 4294901760
1.4550519 7.9279513 -3.6640272 4294901760
1.3350716 10.00589 -3.718569 4294901760
2.2520392 12.270392 -3.7949855 4294901760
1.8735523 14.041614 -3.826993 4294901760
3.8078671 16.234919 -3.8690307 4294901760
2.7489831 20.602659 -4.0032334 4294901760
3.3537219 18.272987 -3.9380574 4294901760
1.8498383 22.029116 -4.0683069 4294901760
5.5441012 23.637388 -3.9742103 4294901760
0.65152776 3.4814105 -3.544174 4294901760
0.78466976 5.7282343 -3.6035738 4294901760
1.4827151 7.9228239 -3.6625929 4294901760
1.3705249 10.005086 -3.717598 4294901760
2.2970443 12.274158 -3.7946968 4294901760
1.9236318 14.042869 -3.8257139 4294901760
3.8663571 16.229279 -3.8669689 4294901760
2.8225033 20.604797 -4.000948 4294901760
3.416749 18.257252 -3.9342866 4294901760
1.9267184 22.022526 -4.0646553 4294901760
5.6367521 23.660624 -3.9737315 4294901760
0.66171092 3.4721086 -3.5399406 4294901760
0.80419528 5.7294159 -3.6038496 4294901760
1.5111815 7.9294233 -3.6639898 4294901760
1.4036934 10.000485 -3.7159457 4294901760
2.3407035 12.282065 -3.7951534 4294901760
1.9696336 14.032475 -3.8228185 4294901760
3.9229586 16.227982 -3.8655517 4294901760
2.8902574 20.591375 -3.997118 4294901760
3.4765234 18.241903 -3.9306748 4294901760
1.9982884 22.000114 -4.0595212 4294901760
5.7208076 23.665091 -3.9716454 4294901760
0.67451888 3.4733362 -3.5411246 4294901760
0.82364255 5.7227612 -3.6016295 4294901760
1.5366099 7.9125481 -3.6597857 4294901760
1.4391589 9.9994383 -3.7149634 4294901760
2.3828082 12.269923 -3.7922752 4294901760
2.0203073 14.037323 -3.822099 4294901760
3.9833817 16.229658 -3.8644688 4294901760
2.9621227 20.581161 -3.9935274 4294901760
3.5409434 18.23357 -3.9278181 4294901760
2.0750768 21.993006 -4.055851 4294901760
5.8033857 23.644976 -3.9671531 4294901760
0.68663985 3.4709606 -3.5404904 4294901760
0.84305316 5.7160406 -3.5994081 4294901760
1.5649837 7.910984 -3.6592605 4294901760
1.4746339 9.9982624 -3.7139752 4294901760
2.4248571 12.257639 -3.7893934 4294901760
2.069298 14.030184 -3.8196437 4294901760
4.0429025 16.227249 -3.8628752 4294901760
3.0333691 20.566746 -3.989501 4294901760
3.6092157 18.244564 -3.9272649 4294901760
2.1526172 21.99357 -4.0529952 4294901760
5.8984423 23.674944 -3.9673293 4294901760
0.69875085 3.4685426 -3.539855 4294901760
0.86415023 5.7206807 -3.6008449 4294901760
1.5918124 7.901628 -3.6568933 4294901760
1.5095233 9.9930544 -3.7122211 4294901760
2.4684103 12.252989 -3.7877898 4294901760
2.118257 14.022876 -3.8171823 4294901760
4.0975652 16.205315 -3.8587809 4294901760
3.1045415 20.552088 -3.9854674 4294901760
3.6728754 18.231855 -3.9239242 4294901760
2.2325931 22.017694 -4.052599 4294901760
5.9839792 23.665827 -3.9638863 4294901760
0.71158332 3.4696336 -3.5410316 4294901760
0.88176084 5.7024016 -3.5949616 4294901760
1.6170226 7.8844967 -3.6526875 4294901760
1.5437951 9.9838181 -3.709703 4294901760
2.5095751 12.236524 -3.7842588 4294901760
2.1671968 14.015395 -3.8147142 4294901760
4.1541119 16.190912 -3.8556771 4294901760
3.1732197 20.521408 -3.9797261 4294901760
3.7356975 18.215015 -3.920114 4294901760
2.3098583 22.013737 -4.0493016 4294901760
6.0764823 23.683472 -3.9629374 4294901760
0.72160423 3.4601569 -3.5367978 4294901760
0.90186727 5.7070565 -3.5964425 4294901760
1.6447597 7.8867707 -3.6531427 4294901760
1.5775092 9.9825478 -3.7087874 4294901760
2.5477064 12.216481 -3.7801988 4294901760
2.2124174 14.000277 -3.811218 4294901760
4.2117867 16.192467 -3.8547094 4294901760
3.2431183 20.522596 -3.9775574 4294901760
3.7960765 18.202528 -3.9169264 4294901760
2.3832712 22.009928 -4.0461793 4294901760
6.1559863 23.667055 -3.9589736 4294901760
0.73457927 3.4648376 -3.5398159 4294901760
0.91956133 5.6964283 -3.5930467 4294901760
1.6741602 7.8966198 -3.6554253 4294901760
1.6106064 9.9772615 -3.7071085 4294901760
2.5914991 12.223492 -3.7806101 4294901760
2.2607369 14.00464 -3.8105803 4294901760
4.2624187 16.166857 -3.8502591 4294901760
3.30671 20.484154 -3.9711406 4294901760
3.854769 18.182039 -3.912812 4294901760
2.4580231 22.017769 -4.0442758 4294901760
6.2364783 23.654234 -3.9553571 4294901760
0.74727279 3.462122 -3.5391419 4294901760
0.94168794 5.7006207 -3.594419 4294901760
1.7030898 7.8904309 -3.6538892 4294901760
1.6478059 9.9751902 -3.7060053 4294901760
2.6362803 12.213911 -3.7782319 4294901760
2.3107517 13.988412 -3.8068259 4294901760
4.3298764 16.181904 -3.8509405 4294901760
3.3843625 20.487644 -3.9690127 4294901760
3.9213796 18.167789 -3.9092748 4294901760
2.5400732 22.020508 -4.041574 4294901760
6.3272567 23.646648 -3.9519844 4294901760
0.75935102 3.4594934 -3.5384986 4294901760
0.96029508 5.6897035 -3.5909708 4294901760
1.7289349 7.8767776 -3.6505923 4294901760
1.6812936 9.961586 -3.7027156 4294901760
2.6797409 12.208512 -3.7765996 4294901760
2.3582332 13.972422 -3.8031924 4294901760
4.3863239 16.166695 -3.847806 4294901760
3.4571714 20.48358 -3.966208 4294901760
3.9873252 18.165676 -3.907274 4294901760
2.6173797 22.015476 -4.038228 4294901760
6.4149723 23.643692 -3.9491808 4294901760
0.77300233 3.4638977 -3.5414748 4294901760
0.98211437 5.6977038 -3.5936012 4294901760
1.7572758 7.8745222 -3.6500385 4294901760
1.7153869 9.9517593 -3.7001793 4294901760
2.7206151 12.191339 -3.7730503 4294901760
2.4117241 13.991537 -3.8046875 4294901760
4.4406219 16.143604 -3.843677 4294901760
3.5313678 20.487112 -3.9642329 4294901760
4.0533204 18.163319 -3.9052603 4294901760
2.6961582 22.022051 -4.0360928 4294901760
6.4985309 23.625002 -3.9449406 4294901760
0.78208184 3.4507084 -3.5354295 4294901760
1.0003381 5.6906219 -3.5914159 4294901760
1.7825143 7.8648252 -3.6477256 4294901760
1.7483815 9.9460154 -3.6984849 4294901760
2.7654169 12.201596 -3.7740645 4294901760
2.4601781 13.995213 -3.804014 4294901760
4.4919982 16.121115 -3.8397021 4294901760
3.5972195 20.463497 -3.9594822 4294901760
4.1144161 18.153664 -3.9024909 4294901760
2.7711706 22.028831 -4.0341311 4294901760
6.578989 23.611015 -3.9412744 4294901760
0.79553747 3.4513516 -3.5365593 4294901760
1.021868 5.6907082 -3.5915561 4294901760
1.8122075 7.8620625 -3.6470904 4294901760
1.7855202 9.9434319 -3.6973622 4294901760
2.8092253 12.187514 -3.7710271 4294901760
2.5121565 13.990017 -3.8019412 4294901760
4.552134 16.108376 -3.8368862 4294901760
3.6771297 20.477669 -3.9585595 4294901760
4.1827116 18.146233 -3.8998289 4294901760
2.8503485 22.006653 -4.0289302 4294901760
6.6665645 23.59059 -3.9367824 4294901760
0.80758101 3.4485531 -3.5359101 4294901760
1.0424216 5.6908956 -3.5917437 4294901760
1.8369592 7.8442311 -3.6428742 4294901760
1.820933 9.9410257 -3.6963227 4294901760
2.8526583 12.181495 -3.7693689 4294901760
2.5602624 13.97725 -3.7988501 4294901760
4.6105323 16.100046 -3.8347108 4294901760
3.7493122 20.468632 -3.9552858 4294901760
4.2496696 18.147047 -3.8982375 4294901760
2.9271543 21.996569 -4.0251288 4294901760
6.7565713 23.594046 -3.9346242 4294901760
0.81985003 3.4493835 -3.5371003 4294901760
1.0584601 5.6722612 -3.5859134 4294901760
1.861146 7.8304644 -3.6396451 4294901760
1.8560618 9.9465895 -3.6968741 4294901760
2.8939531 12.17583 -3.7678196 4294901760
2.606596 13.968683 -3.7964485 4294901760
4.6638937 16.084669 -3.8317039 4294901760
3.8230195 20.487467 -3.9551175 4294901760
4.3144298 18.15225 -3.8972595 4294901760
3.0038555 22.014427 -4.0243459 4294901760
6.8381062 23.583015 -3.9312725 4294901760
0.83163679 3.4428315 -3.5346076 4294901760
1.0806853 5.6759119 -3.5872576 4294901760
1.8907567 7.8274031 -3.6390004 4294901760
1.8939865 9.947485 -3.6964841 4294901760
2.9357688 12.153571 -3.7635016 4294901760
2.6600113 13.970756 -3.7954876 4294901760
4.7250652 16.075106 -3.8293531 4294901760
3.8921189 20.441959 -3.9478719 4294901760
4.3762565 18.11694 -3.8913829 4294901760
3.0867441 22.019081 -4.0219469 4294901760
6.9335113 23.588442 -3.9291968 4294901760
0.84192169 3.4328656 -3.5303407 4294901760
1.0997565 5.6683235 -3.5850132 4294901760
1.9180663 7.8207555 -3.6375148 4294901760
1.9279431 9.9369326 -3.6939223 4294901760
2.9791172 12.147102 -3.7618275 4294901760
2.7095168 13.965289 -3.7935112 4294901760
4.7856917 16.073784 -3.8281302 4294901760
3.967247 20.447836 -3.9462378 4294901760
4.4404154 18.105425 -3.8883982 4294901760
3.1641493 22.012123 -4.0185122 4294901760
7.0158033 23.564098 -3.9245322 4294901760
0.8565262 3.44046 -3.5351055 4294901760
1.1187878 5.6606712 -3.5827675 4294901760
1.9491426 7.8292375 -3.6396644 4294901760
1.9626157 9.9301424 -3.6921084 4294901760
3.0253322 12.152032 -3.7620418 4294901760
2.7559321 13.944043 -3.7892663 4294901760
4.8394675 16.049356 -3.8239658 4294901760
4.0432367 20.457352 -3.9450042 4294901760
4.5093627 18.113026 -3.8876674 4294901760
3.2403805 21.996998 -4.0142598 4294901760
7.1049271 23.562405 -3.9219549 4294901760
0.8673299 3.4377522 -3.5345144 4294901760
1.1395996 5.672235 -3.5866764 4294901760
1.9756467 7.8306818 -3.640137 4294901760
1.9945791 9.927804 -3.6912227 4294901760
3.0605795 12.130926 -3.7580614 4294901760
2.8012886 13.943114 -3.7880983 4294901760
4.8886991 16.030264 -3.8206053 4294901760
4.1066952 20.440636 -3.9412179 4294901760
4.5603895 18.075579 -3.8818443 4294901760
3.3094656 21.98671 -4.010788 4294901760
7.1928883 23.585804 -3.9219213 4294901760
0.88052428 3.4343965 -3.5337906 4294901760
1.163692 5.6791382 -3.5891593 4294901760
2.0047276 7.8192387 -3.6375799 4294901760
2.0318933 9.9161997 -3.688468 4294901760
3.102212 12.099866 -3.7523563 4294901760
2.8603973 13.959528 -3.7892294 4294901760
4.951395 16.015179 -3.8175745 4294901760
4.1883602 20.440353 -3.9387491 4294901760
4.6307549 18.061794 -3.8784888 4294901760
3.3969162 21.993563 -4.0085416 4294901760
7.2881222 23.573273 -3.9181376 4294901760
0.89250809 3.4313016 -3.5331309 4294901760
1.1858695 5.6863532 -3.5917397 4294901760
2.0310242 7.8083963 -3.6351709 4294901760
2.0673044 9.9129152 -3.6873901 4294901760
3.1434338 12.085122 -3.749403 4294901760
2.9091113 13.949457 -3.7866578 4294901760
5.0084624 16.001596 -3.8148558 4294901760
4.2629485 20.441233 -3.936641 4294901760
4.6907687 18.033945 -3.8736689 4294901760
3.4761658 21.997343 -4.0062633 4294901760
7.3811054 23.581982 -3.916544 4294901760
0.90263134 3.4211545 -3.5288634 4294901760
1.2025146 5.6671066 -3.5858562 4294901760
2.0572698 7.7974663 -3.63276 4294901760
2.1010764 9.9017706 -3.6848104 4294901760
3.1886394 12.085585 -3.748961 4294901760
2.9520116 13.911983 -3.7801433 4294901760
5.0630894 15.980219 -3.8111594 4294901760
4.3400788 20.453547 -3.9357588 4294901760
4.7608142 18.044443 -3.8733423 4294901760
3.5573933 22.012657 -4.0051708 4294901760
7.4633832 23.556072 -3.9118114 4294901760
0.91430992 3.4218044 -3.5300713 4294901760
1.2203114 5.6633015 -3.5849113 4294901760
2.0837796 7.7985439 -3.6332166 4294901760
2.133837 9.9028511 -3.6846545 4294901760
3.2265894 12.075509 -3.74686 4294901760
2.9940248 13.894868 -3.7766998 4294901760
5.1120496 15.960443 -3.8077807 4294901760
4.4068322 20.451517 -3.9335871 4294901760
4.8185043 18.033251 -3.8706546 4294901760
3.6200337 21.961988 -3.9976559 4294901760
7.5312552 23.513496 -3.905817 4294901760
0.92684466 3.4184303 -3.5293753 4294901760
1.2418841 5.6625528 -3.5850134 4294901760
2.1123471 7.7908545 -3.6316304 4294901760
2.1709628 9.8988237 -3.6834691 4294901760
3.2729011 12.071262 -3.7456586 4294901760
3.0466328 13.891569 -3.7751112 4294901760
5.1766539 15.960542 -3.8068178 4294901760
4.4851761 20.450819 -3.9312456 4294901760
4.88978 18.034708 -3.8692276 4294901760
3.7031541 21.964319 -3.9951451 4294901760
7.6210766 23.497131 -3.9018698 4294901760
0.93936676 3.4150105 -3.5286779 4294901760
1.2634678 5.6617231 -3.5851111 4294901760
2.1398458 7.7792783 -3.6291368 4294901760
2.2063663 9.8869429 -3.6807859 4294901760
3.3192241 12.066836 -3.7444487 4294901760
3.0983903 13.884192 -3.7729528 4294901760
5.2351136 15.941463 -3.803426 4294901760
4.5609665 20.438137 -3.9276543 4294901760
4.9611301 18.035885 -3.8677852 4294901760
3.7856619 21.9624 -3.9922194 4294901760
7.7096329 23.476629 -3.8975642 4294901760
0.95106423 3.415535 -3.5298798 4294901760
1.2786977 5.6464548 -3.5805421 4294901760
2.1663809 7.7800736 -3.6295798 4294901760
2.236546 9.8761072 -3.6783767 4294901760
3.3549919 12.048704 -3.7410808 4294901760
3.14639 13.893784 -3.7734146 4294901760
5.2901921 15.940056 -3.8024421 4294901760
4.6269212 20.43149 -3.9250367 4294901760
5.0156331 18.012527 -3.8637283 4294901760
3.8525755 21.938602 -3.9874837 4294901760
7.7921605 23.478823 -3.8956778 4294901760
0.96259189 3.4085371 -3.5273788 4294901760
1.3002504 5.645484 -3.5806351 4294901760
2.1916857 7.7607574 -3.6252744 4294901760
2.2736182 9.8716955 -3.677177 4294901760
3.396976 12.028688 -3.7373586 4294901760
3.1955101 13.874406 -3.7695613 4294901760
5.3523884 15.931884 -3.8004794 4294901760
4.6937194 20.379396 -3.9173243 4294901760
5.0805397 17.990187 -3.8595862 4294901760
3.9322586 21.920406 -3.9829464 4294901760
7.8819838 23.46146 -3.8916869 4294901760
0.97448337 3.4051564 -3.5267107 4294901760
1.3208252 5.6446614 -3.5807774 4294901760
2.218761 7.7530599 -3.6237533 4294901760
2.3071604 9.8598499 -3.6745765 4294901760
3.4422159 12.028202 -3.7368734 4294901760
3.2457306 13.870912 -3.7680683 4294901760
5.4092464 15.916875 -3.7977073 4294901760
4.7620969 20.351234 -3.9122643 4294901760
5.1422057 17.96851 -3.8556151 4294901760
4.0130572 21.930103 -3.9813709 4294901760
7.9753895 23.467831 -3.8899724 4294901760
0.98737264 3.405216 -3.5278401 4294901760
1.3396289 5.6362696 -3.5785093 4294901760
2.2458091 7.7452679 -3.6222291 4294901760
2.3406475 9.8478909 -3.6719737 4294901760
3.4830739 12.012303 -3.7338855 4294901760
3.2950461 13.863367 -3.7660093 4294901760
5.46736 15.90543 -3.795408 4294901760
4.84233 20.37331 -3.9125104 4294901760
5.2137752 17.981085 -3.855638 4294901760
4.0925083 21.931662 -3.978987 4294901760
8.0637455 23.458735 -3.8868723 4294901760
1.0002756 3.4052267 -3.5289664 4294901760
1.3592966 5.6315589 -3.5774429 4294901760
2.2728336 7.737381 -3.620702 4294901760
2.3750114 9.8396606 -3.6701105 4294901760
3.5283418 12.011493 -3.7333851 4294901760
3.3387561 13.832451 -3.760603 4294901760
5.524159 15.890008 -3.7926204 4294901760
4.9284019 20.418344 -3.9151797 4294901760
5.2731428 17.951298 -3.8507617 4294901760
4.1690445 21.91724 -3.975008 4294901760
8.1600132 23.471931 -3.8857965 4294901760
1.01053 3.398416 -3.5265296 4294901760
1.3797981 5.6345024 -3.5788314 4294901760
2.2984815 7.7298007 -3.6192484 4294901760
2.4057505 9.8240509 -3.6668532 4294901760
3.5692883 12.003529 -3.7317507 4294901760
3.3846118 13.821301 -3.7581093 4294901760
5.5807872 15.882874 -3.7909465 4294901760
5.0017848 20.42514 -3.9139411 4294901760
5.3394656 17.956642 -3.8500471 4294901760
4.2432261 21.911131 -3.9720075 4294901760
8.2232485 23.403297 -3.8774698 4294901760
1.0208862 3.3877473 -3.522229 4294901760
1.4013687 5.6331458 -3.578907 4294901760
2.3267951 7.7213249 -3.6176391 4294901760
2.4426932 9.819005 -3.6656313 4294901760
3.6144013 11.994165 -3.7298727 4294901760
3.4333234 13.801085 -3.7542374 4294901760
5.6376262 15.858562 -3.787025 4294901760
5.0775714 20.410545 -3.9102666 4294901760
5.4040899 17.933134 -3.8458662 4294901760
4.3258209 21.907179 -3.9689891 4294901760
8.3076286 23.36924 -3.8720565 4294901760
1.0348226 3.3910978 -3.5251467 4294901760
1.4191393 5.62075 -3.5754306 4294901760
2.3560252 7.7206588 -3.6179004 4294901760
2.4769559 9.8104181 -3.6637568 4294901760
3.6597242 11.99286 -3.7293482 4294901760
3.4844019 13.800585 -3.7532663 4294901760
5.688911 15.827539 -3.7823091 4294901760
5.1556301 20.419777 -3.9092088 4294901760
5.471314 17.929411 -3.8440645 4294901760
4.4030576 21.895859 -3.9653711 4294901760
8.4013138 23.373915 -3.8702557 4294901760
1.0477213 3.390929 -3.5262656 4294901760
1.4387467 5.6157627 -3.5743549 4294901760
2.3829558 7.712389 -3.6163604 4294901760
2.5121593 9.805541 -3.6626184 4294901760
3.7038994 11.987597 -3.7281957 4294901760
3.5305698 13.780633 -3.7495172 4294901760
5.7413931 15.800103 -3.7780695 4294901760
5.2337952 20.428717 -3.908134 4294901760
5.5350304 17.914017 -3.8409293 4294901760
4.4794464 21.88036 -3.9613514 4294901760
8.497838 23.385738 -3.8691087 4294901760
1.0589613 3.3874359 -3.5256212 4294901760
1.4563946 5.6072326 -3.5721314 4294901760
2.4085202 7.7044439 -3.6148946 4294901760
2.5446646 9.7971563 -3.6608298 4294901760
3.7388995 11.9601 -3.7234416 4294901760
3.5802517 13.784247 -3.7492156 4294901760
5.7951336 15.784714 -3.7754173 4294901760
5.2995095 20.403524 -3.9035993 4294901760
5.5955997 17.899366 -3.8379643 4294901760
4.5544267 21.877108 -3.9586966 4294901760
8.5877342 23.391165 -3.8675065 4294901760
1.0718737 3.3871748 -3.5267353 4294901760
1.47596 5.6021142 -3.5710516 4294901760
2.436584 7.699728 -3.6142452 4294901760
2.583885 9.8073244 -3.6626334 4294901760
3.7806282 11.946976 -3.7210419 4294901760
3.6313889 13.783202 -3.7482181 4294901760
5.8488159 15.760653 -3.7716448 4294901760
5.37782 20.411911 -3.9024935 4294901760
5.6628618 17.894928 -3.8361297 4294901760
4.6291156 21.853266 -3.9538748 4294901760
8.6707277 23.364786 -3.8629546 4294901760
1.0820675 3.3763192 -3.5224335 4294901760
1.4964818 5.5966668 -3.5699155 4294901760
2.4611957 7.6795411 -3.6099319 4294901760
2.6177695 9.7901516 -3.6591702 4294901760
3.8292315 11.948153 -3.7209876 4294901760
3.6798253 13.762117 -3.7443202 4294901760
5.9051399 15.735383 -3.7677038 4294901760
5.4598083 20.419046 -3.9011724 4294901760
5.727191 17.870258 -3.8319111 4294901760
4.7125421 21.851763 -3.9511831 4294901760
8.7534952 23.325375 -3.8571448 4294901760
1.0921392 3.3692639 -3.5199938 4294901760
1.514024 5.5879555 -3.5676889 4294901760
2.4878564 7.6750693 -3.6093547 4294901760
2.650218 9.7814178 -3.6573687 4294901760
3.8725004 11.946714 -3.7205472 4294901760
3.7264786 13.753676 -3.7423384 4294901760
5.9530492 15.704544 -3.7631435 4294901760
5.5316596 20.416233 -3.8990221 4294901760
5.7851868 17.847376 -3.8280478 4294901760
4.7892466 21.855513 -3.949271 4294901760
8.8392839 23.318626 -3.8544922 4294901760
1.1050228 3.3688762 -3.5211039 4294901760
1.5335195 5.5826373 -3.5666034 4294901760
2.5121856 7.658885 -3.6060135 4294901760
2.6832969 9.7682972 -3.6547327 4294901760
3.9117029 11.925584 -3.7168977 4294901760
3.7744629 13.740586 -3.7396667 4294901760
6.016377 15.705984 -3.7626669 4294901760
5.6050029 20.404501 -3.8958588 4294901760
5.8536596 17.846016 -3.8266203 4294901760
4.8689752 21.854248 -3.9467511 4294901760
8.9334784 23.321192 -3.852577 4294901760
1.1156346 3.3615572 -3.5186291 4294901760
1.554032 5.5809612 -3.5667109 4294901760
2.5376716 7.6463461 -3.6035657 4294901760
2.7163205 9.7550621 -3.6520941 4294901760
3.9508104 11.904324 -3.7132471 4294901760
3.8224068 13.727326 -3.7369893 4294901760
6.0841079 15.718314 -3.7635896 4294901760
5.6697764 20.361744 -3.8894808 4294901760
5.9222012 17.844389 -3.8251779 4294901760
4.9452372 21.837118 -3.9426658 4294901760
9.0119543 23.282415 -3.8469827 4294901760
1.1267768 3.3578389 -3.5179789 4294901760
1.5725321 5.5757761 -3.565675 4294901760
2.5655115 7.6453247 -3.6038721 4294901760
2.7497301 9.7498045 -3.6510177 4294901760
3.9890058 11.887393 -3.7103302 4294901760
3.8679111 13.714574 -3.734441 4294901760
6.1246018 15.668373 -3.7566593 4294901760
5.739439 20.350508 -3.8864999 4294901760
5.981348 17.824652 -3.8217273 4294901760
5.0176306 21.820595 -3.938776 4294901760
9.096386 23.270994 -3.8439527 4294901760
1.1379097 3.3502541 -3.5154698 4294901760
1.5950748 5.5773826 -3.5669158 4294901760
2.5947757 7.6395845 -3.6031253 4294901760
2.7854443 9.7396612 -3.6490116 4294901760
4.0350981 11.880208 -3.7090099 4294901760
3.9170551 13.696483 -3.7310715 4294901760
6.1907673 15.668046 -3.7559812 4294901760
5.8172755 20.340845 -3.8835094 4294901760
6.051764 17.817711 -3.8196452 4294901760
5.091207 21.774851 -3.9317658 4294901760
9.1742764 23.218929 -3.837105 4294901760
-10.536095 0.74044931 -3.2480259 4278255360
-10.473867 0.77282679 -3.2411435 4278255360
-10.431397 0.80631614 -3.2370329 4278255360
-10.408525 0.84293407 -3.2357755 4278255360
-10.171534 0.89347106 -2.8474674 4278255360
-10.149261 0.92901307 -3.2047775 4278255360
-10.130097 0.96292776 -3.2039356 4278255360
-10.123059 0.99435639 -3.2046309 4278255360
-10.141923 0.99620932 -2.8495035 4278255360
-10.156898 0.99768025 -2.6131334 4278255360
-10.111242 1.0324097 -3.205035 4278255360
-10.122133 1.0335217 -2.84934 4278255360
-10.637322 0.59657949 -3.6163306 4278255360
-10.575534 1.113398 -2.8994117 4278255360
-10.334297 1.1244878 -2.391068 4278255360
-10.627254 0.63323534 -3.6164834 4278255360
-11.078164 1.2054288 -3.3463578 4278255360
-10.559673 1.1490111 -2.8995781 4278255360
-10.153841 1.1048521 -2.6179671 4278255360
-10.373623 1.1690873 -2.3952513 4278255360
-10.628703 0.6742875 -3.6188476 4278255360
-10.575025 1.1917847 -2.9032836 4278255360
-10.087398 1.1725036 -2.3795741 4278255360
-10.650041 0.71297514 -3.6245041 4278255360
-10.566833 1.2282306 -2.9042869 4278255360
-9.8612595 1.1776292 -2.3672984 4278255360
-10.627956 0.7450428 -3.6224153 4278255360
-10.396391 1.2415345 -2.8876457 4278255360
-9.9203939 1.2215862 -2.3725531 4278255360
-10.28476 1.2664539 -2.8775735 4278255360
-10.565708 1.3010495 -2.6596432 4278255360
-10.928154 1.3824849 -2.4355493 4278255360
-10.634365 0.82013702 -3.627496 4278255360
-10.280504 1.3005528 -2.8788791 4278255360
-10.62479 1.3441074 -2.6663446 4278255360
-10.623527 0.85661286 -3.6276071 4278255360
-10.624269 0.89588028 -3.6298623 4278255360
-10.172748 1.3609494 -3.2313917 4278255360
-10.621077 0.93295819 -3.6313448 4278255360
-10.179771 1.398074 -3.2344382 4278255360
-10.488825 1.440519 -2.1673756 4278255360
-10.483146 1.439739 -2.6598647 4278255360
-10.598336 0.96452564 -3.6292055 4278255360
-10.333737 1.4523135 -2.1628768 4278255360
-10.320225 1.4504145 -2.6476209 4278255360
-10.587004 1.0007657 -3.6292849 4278255360
-10.265265 1.4792463 -2.1618047 4278255360
-10.156785 0.96009803 -3.0879376 4278255360
-10.78217 1.5537336 -2.9428291 4278255360
-10.591164 1.0403384 -3.6322081 4278255360
-10.196465 1.507501 -2.1607761 4278255360
-10.137328 0.99575949 -3.0873446 4278255360
-10.46038 1.5465195 -2.9098327 4278255360
-10.125308 0.99457884 -2.7884212 4278255360
-10.210718 1.5096081 -2.6419301 4278255360
-9.9561768 1.0148225 -2.5399637 4278255360
-10.147372 1.5382688 -2.1604867 4278255360
-10.125678 1.0320996 -3.087774 4278255360
-10.387522 1.5746737 -2.9039235 4278255360
-10.121594 1.0316834 -2.7898817 4278255360
-10.220926 1.549419 -2.6446767 4278255360
-9.9648695 1.0473477 -2.5421159 4278255360
-10.095057 1.562795 -2.1598299 4278255360
-10.146173 1.0664035 -3.0921237 4278255360
-10.331223 1.5993553 -2.8995173 4278255360
-10.255513 1.5876349 -2.6492572 4278255360
-10.224859 1.1107756 -3.5738089 4278255360
-10.065838 1.5942725 -2.160208 4278255360
-10.294024 1.6304138 -2.8973882 4278255360
-10.29334 1.6303054 -2.654314 4278255360
-10.497782 1.1793683 -2.3409965 4278255360
-10.03229 1.6266714 -2.1604838 4278255360
-10.287979 1.6681299 -2.8987737 4278255360
-10.326756 1.6744173 -2.6591015 4278255360
-10.183721 1.1782951 -2.5641665 4278255360
-10.149846 1.1743758 -3.5647235 4278255360
-10.623008 0.70557791 -3.4111469 4278255360
-9.9992189 1.6553584 -2.1606181 4278255360
-10.290272 1.7035419 -2.9008882 4278255360
-10.407912 1.7230171 -2.6678488 4278255360
-10.612545 0.7421003 -3.4114301 4278255360
-9.9854908 1.6889184 -2.1615787 4278255360
-10.307885 1.7434472 -2.9047997 4278255360
-10.216229 1.2543944 -3.5807242 4278255360
-10.590059 0.77768439 -3.4098613 4278255360
-10.046899 1.7353998 -3.2359464 4278255360
-9.9795351 1.7237641 -2.1628425 4278255360
-10.256598 1.2593511 -3.1161346 4278255360
-10.345022 1.7868946 -2.9108829 4278255360
-10.504034 1.3269674 -2.5944564 4278255360
-10.203917 1.2890537 -3.5806916 4278255360
-10.615037 0.81678194 -3.4156628 4278255360
-10.009403 1.7649271 -3.2326236 4278255360
-9.9852743 1.7606726 -2.1645682 4278255360
-10.467616 1.3595057 -2.5933559 4278255360
-9.975131 1.7948092 -2.4016526 4278255360
-10.207223 1.3256865 -3.5834489 4278255360
-10.154542 1.3188444 -2.3302 4278255360
-10.600227 0.8528738 -3.4153087 4278255360
-9.9953413 1.7984456 -3.2327311 4278255360
-9.9711952 1.7941009 -2.1655078 4278255360
-10.22779 1.3283577 -3.116266 4278255360
-10.255672 1.331979 -2.8176756 4278255360
-9.9775991 1.7952532 -2.6378064 4278255360
-9.9337168 1.8213861 -2.4005845 4278255360
-10.246037 1.3652931 -3.5924349 4278255360
-10.134254 1.3503981 -2.3305998 4278255360
-10.597341 0.88802111 -3.4167199 4278255360
-9.9533882 1.8249929 -2.1662199 4278255360
-10.231233 1.3633206 -3.1185968 4278255360
-9.9390936 1.8582556 -2.4025722 4278255360
-10.18617 1.3935208 -3.5839801 4278255360
-10.117589 1.3841387 -2.3312769 4278255360
-10.598139 0.92535359 -3.4188163 4278255360
-9.9789524 1.8657079 -3.2345848 4278255360
-9.9272985 1.8560504 -2.1666701 4278255360
-10.220066 0.89234298 -2.9722707 4278255360
-10.265911 1.4044299 -3.1251667 4278255360
-10.1593 1.389845 -2.8113856 4278255360
-10.464684 1.4707136 -2.5984414 4278255360
-9.9872198 1.9051622 -2.4073811 4278255360
-10.224217 1.4369183 -3.5930986 4278255360
-10.116408 1.4217666 -2.3328946 4278255360
-10.289708 0.93643498 -3.372823 4278255360
-9.9642239 1.9007754 -3.234731 4278255360
-9.9243584 1.8931707 -2.1681187 4278255360
-10.149173 0.92364526 -2.9657955 4278255360
-10.296226 1.4470383 -3.1312857 4278255360
-10.142271 1.4254013 -2.811568 4278255360
-10.392211 1.4975412 -2.5944664 4278255360
-10.107425 1.456503 -2.333998 4278255360
-9.9614372 1.936308 -3.2365353 4278255360
-9.8941326 1.9232253 -2.1683905 4278255360
-10.157804 0.96019602 -2.9686089 4278255360
-10.32268 1.4875218 -3.1368177 4278255360
-9.9878216 1.9414366 -2.8831806 4278255360
-10.129326 1.459659 -2.8120816 4278255360
-10.280389 1.5162412 -2.5872512 4278255360
-10.33589 1.5244269 -3.6174688 4278255360
-10.086711 1.4876759 -2.3343623 4278255360
-9.9471464 1.9677829 -3.2365434 4278255360
-9.8955469 1.9575751 -2.169862 4278255360
-10.142651 0.99270719 -2.9685311 4278255360
-9.9774113 1.9737699 -2.8839071 4278255360
-10.140238 1.4955704 -2.8149672 4278255360
-10.282668 1.5551063 -2.5892837 4278255360
-10.393007 1.5717936 -3.6301208 4278255360
-10.08119 1.5246357 -2.3357377 4278255360
-10.148769 1.0308732 -3.356652 4278255360
-9.9476767 2.0058024 -3.2389731 4278255360
-9.8804646 1.9922501 -2.1708121 4278255360
-10.127034 1.0286655 -2.9685841 4278255360
-9.9701099 2.0103257 -2.8851869 4278255360
-10.124867 1.0284454 -2.7307436 4278255360
-10.292671 1.5566192 -2.8326795 4278255360
-10.515034 1.068077 -2.5214236 4278255360
-10.297212 1.5922517 -2.5921266 4278255360
-10.219119 1.5801762 -3.6011627 4278255360
-10.091891 1.560503 -2.3378677 4278255360
-10.145295 1.0645225 -3.3579721 4278255360
-9.9448709 2.0395794 -3.2406998 4278255360
-9.8777208 2.0258076 -2.1721134 4278255360
-10.139441 1.0639085 -2.9717844 4278255360
-9.9516525 2.0409703 -2.8850222 4278255360
-10.117427 1.0615984 -2.7316823 4278255360
-10.303244 1.5931844 -2.8355789 4278255360
-10.372235 1.0883349 -2.5128064 4278255360
-10.335032 1.6350589 -2.5969336 4278255360
-10.127317 1.6021972 -3.5869985 4278255360
-10.066628 1.5925959 -2.3380504 4278255360
-10.560621 1.1453854 -3.4250867 4278255360
-9.9337931 2.0734677 -3.2413259 4278255360
-9.854929 2.0570066 -2.1726675 4278255360
-10.286411 1.1156451 -2.9910798 4278255360
-10.214559 1.6159993 -3.130548 4278255360
-10.309457 1.6310126 -2.8381336 4278255360
-10.102078 1.6343703 -3.5847764 4278255360
-10.053111 1.626448 -2.3388934 4278255360
-10.544702 1.1809143 -3.4246593 4278255360
-9.9303904 2.1089582 -3.2431014 4278255360
-9.8476887 2.0913944 -2.1738551 4278255360
-10.208856 1.6516453 -3.1318579 4278255360
-10.311586 1.6682656 -2.840275 4278255360
-10.047372 1.6615279 -2.3401768 4278255360
-10.935588 1.2633541 -3.4882035 4278255360
-9.9229689 2.1436067 -3.2442923 4278255360
-9.8403282 2.1257546 -2.1750362 4278255360
-10.203029 1.6872686 -3.1331613 4278255360
-10.317523 1.7062025 -2.8428223 4278255360
-10.157674 1.1734841 -2.5023997 4278255360
-10.063034 1.7002287 -3.5824139 4278255360
-10.037567 1.695926 -2.3412294 4278255360
-9.9232054 2.1799431 -3.2466357 4278255360
-9.8211279 2.1575186 -2.1757255 4278255360
-10.204939 1.7242047 -3.1355114 4278255360
-10.335137 1.7462027 -2.8465986 4278255360
-10.027645 1.7302734 -2.3422747 4278255360
-9.9155359 2.2145684 -3.2478149 4278255360
-9.8213434 2.1935313 -2.177217 4278255360
-10.183142 1.7571044 -3.1346953 4278255360
-10.407705 1.795853 -2.856132 4278255360
-10.23885 1.2916508 -2.2731843 4278255360
-10.015749 1.764243 -3.5786002 4278255360
-10.021544 1.7652637 -2.3435383 4278255360
-10.85468 1.369339 -3.4820178 4278255360
-9.8136272 2.2277987 -2.1783786 4278255360
-10.180873 1.7933291 -3.1365061 4278255360
-10.505868 1.3253356 -2.5327415 4278255360
-10.198809 1.320973 -2.2727153 4278255360
-10.005938 1.7967457 -3.5790875 4278255360
-10.027446 1.8006079 -2.3454125 4278255360
-9.8100834 2.2612286 -2.1796393 4278255360
-10.549899 1.3664471 -3.0339458 4278255360
-10.17487 1.8270806 -3.1377201 4278255360
-10.174311 1.3539275 -2.2730854 4278255360
-10.003508 1.8323773 -3.5810452 4278255360
-10.005362 1.8327168 -2.345758 4278255360
-10.222234 1.3603048 -3.3862715 4278255360
-9.8021317 2.2954588 -2.1807888 4278255360
-10.276098 1.3674728 -3.0030398 4278255360
-10.007534 1.8331147 -2.8199503 4278255360
-10.153669 1.3872685 -2.2736409 4278255360
-10.004851 1.8687423 -3.5837047 4278255360
-10.014631 1.870569 -2.3479123 4278255360
-10.17802 1.3905956 -3.3813784 4278255360
-9.7940588 2.3296611 -2.181932 4278255360
-10.267309 1.4027948 -3.0039215 4278255360
-10.349977 1.9332061 -3.1656442 4278255360
-10.475815 1.4312824 -2.5356894 4278255360
-10.148765 1.4227009 -2.2749763 4278255360
-9.9943705 1.9029102 -3.5842359 4278255360
-10.00411 1.9047648 -2.3489246 4278255360
-10.243996 1.4360508 -3.3939638 4278255360
-9.7975302 2.3666499 -2.183562 4278255360
-10.258399 1.4380699 -3.0047958 4278255360
-10.29617 1.9603723 -3.1605735 4278255360
-10.161399 0.92118102 -2.9074924 4278255360
-10.486597 1.4700598 -2.5382295 4278255360
-10.119982 1.4547061 -2.2751174 4278255360
-10.779783 2.6437795 -2.4852111 4278255360
-9.9915609 1.9385437 -3.5861766 4278255360
-9.9856215 1.9373912 -2.3494732 4278255360
-9.7775555 2.3979797 -2.1841986 4278255360
-10.265165 1.4755756 -3.0075696 4278255360
-10.261868 1.9909879 -3.158134 4278255360
-10.142223 0.95515066 -2.9071162 4278255360
-10.144614 1.4582469 -2.7537591 4278255360
-10.10323 1.4865084 -2.2757757 4278255360
-10.763195 2.6775787 -2.4858708 4278255360
-9.977294 1.970127 -3.5859241 4278255360
-9.9830666 1.9712669 -2.3508666 4278255360
-10.489736 1.5433756 -3.4372537 4278255360
-9.7734308 2.4313533 -2.1854315 4278255360
-10.272059 1.5113486 -3.010273 4278255360
-10.266943 2.0273216 -3.1609218 4278255360
-10.135028 0.98838884 -2.9079995 4278255360
-10.131818 1.4907146 -2.7542472 4278255360
-10.385352 1.5280175 -2.5341957 4278255360
-10.097714 1.5235287 -2.2771537 4278255360
-9.8458891 2.4877346 -2.4265432 4278255360
-9.970005 2.0066826 -3.5872045 4278255360
-9.9836159 2.0094221 -2.3526063 4278255360
-10.491874 1.5829989 -3.4399374 4278255360
-9.7644539 2.4671586 -2.186605 4278255360
-10.282233 1.5513686 -3.0135849 4278255360
-10.228177 2.0586452 -3.1579926 4278255360
-10.115452 1.0239211 -2.9076741 4278255360
-10.26852 1.5492997 -2.7694905 4278255360
-10.367819 1.5642817 -2.5347359 4278255360
-10.072568 1.5557145 -2.2774618 4278255360
-9.813899 2.5161285 -2.4261067 4278255360
-9.9707136 2.0430655 -3.5898371 4278255360
-9.9569483 2.0402448 -2.3526719 4278255360
-10.486284 1.6196132 -3.4412944 4278255360
-9.7635317 2.5032151 -2.1880488 4278255360
-10.288587 1.5890787 -3.0163493 4278255360
-10.197495 2.0895343 -3.1560488 4278255360
-10.342027 1.5973326 -2.7785296 4278255360
-10.128138 1.0609344 -2.6731374 4278255360
-10.393911 1.6053462 -2.5384181 4278255360
-10.508962 1.1379259 -2.4627824 4278255360
-10.063126 1.5902407 -2.278559 4278255360
-9.963522 2.0778575 -3.5910444 4278255360
-9.9615135 2.0774388 -2.3545682 4278255360
-10.488422 1.6574489 -3.4438999 4278255360
-10.800117 2.8091931 -3.4058375 4278255360
-9.758605 2.5382876 -2.189321 4278255360
-10.298742 1.6274742 -3.0195894 4278255360
-10.221361 2.131629 -3.1615379 4278255360
-10.312708 1.6296812 -2.7775455 4278255360
-11.078003 1.1995424 -2.759831 4278255360
-10.230677 1.1439373 -2.4460552 4278255360
-10.06541 1.6266342 -2.280251 4278255360
-10.716532 2.8274271 -2.4902916 4278255360
-9.9484444 2.1109772 -3.5908234 4278255360
-9.9698515 2.1155195 -2.3566918 4278255360
-9.74195 2.5702956 -2.1900856 4278255360
-10.304814 1.6653236 -3.0223477 4278255360
-10.159258 2.15571 -3.1553183 4278255360
-10.306955 1.6656696 -2.7788682 4278255360
-10.822824 2.8554709 -2.7580125 4278255360
-10.056303 1.6575977 -2.2812071 4278255360
-10.715325 2.8631463 -2.4918942 4278255360
-9.9495211 2.1438928 -3.5933206 4278255360
-10.461502 1.7243873 -3.4439368 4278255360
-10.79279 2.8838451 -3.409898 4278255360
-9.7415552 2.6029539 -2.1914039 4278255360
-10.311344 1.6996365 -3.0249715 4278255360
-9.9614697 2.1464672 -3.1303144 4278255360
-10.813661 2.8894217 -3.0200772 4278255360
-10.317441 1.7006415 -2.7816012 4278255360
-10.038033 1.6942019 -2.2820091 4278255360
-9.7662315 2.6497655 -2.4297276 4278255360
-9.9489679 2.1837816 -3.5960515 4278255360
-9.9587469 2.1859281 -2.3593092 4278255360
-10.458726 1.7652059 -3.4460294 4278255360
-10.670171 2.8950217 -3.3942416 4278255360
-9.7469301 2.6445286 -2.1932714 4278255360
-10.324415 1.742537 -3.028815 4278255360
-10.116703 2.2205992 -3.154017 4278255360
-10.391008 2.2808087 -2.1374168 4278255360
-10.338415 1.7449 -2.7857575 4278255360
-10.020232 1.7271903 -2.2826734 4278255360
-9.7376404 2.6785338 -2.4295025 4278255360
-9.9374123 2.2176304 -3.5965216 4278255360
-10.323167 1.7794073 -3.4265838 4278255360
-9.7260704 2.6753514 -2.1938469 4278255360
-10.341863 1.7826298 -3.0330062 4278255360
-10.089436 2.2515559 -3.1525512 4278255360
-10.391326 1.7911558 -2.7928874 4278255360
-9.8634176 2.7131314 -2.6761742 4278255360
-10.010201 1.761464 -2.2837338 4278255360
-9.739789 2.7157311 -2.4313633 4278255360
-9.9334803 2.2531829 -3.5984099 4278255360
-10.027048 1.7644284 -3.3812745 4278255360
-9.8210497 2.738389 -3.2699418 4278255360
-9.739789 2.7157311 -2.1959341 4278255360
-10.378805 1.826326 -3.039603 4278255360
-9.8393688 2.7434969 -2.9140978 4278255360
-9.8538866 2.747545 -2.6772628 4278255360
-10.530421 1.3639261 -2.4744451 4278255360
-10.011867 1.7978121 -2.2853968 4278255360
-9.7610407 2.7584171 -2.4345326 4278255360
-9.9178209 2.2860637 -3.5981531 4278255360
-10.222437 1.3240352 -2.2139738 4278255360
-9.9664927 2.2972825 -2.3647051 4278255360
-10.016913 1.7987183 -3.3819027 4278255360
-9.7148542 2.7453649 -2.1963258 4278255360
-9.8374166 2.7800004 -2.9160745 4278255360
-10.280249 1.846005 -2.7857747 4278255360
-9.8365421 2.7797532 -2.6776338 4278255360
-10.509738 1.3985655 -2.4747763 4278255360
-10.013398 1.8341906 -2.2870553 4278255360
-9.747508 2.7913718 -2.4353359 4278255360
-9.9213696 2.3233838 -3.6014562 4278255360
-10.209823 1.3586549 -2.214983 4278255360
-9.9155712 2.3220258 -2.3633044 4278255360
-10.006662 1.8329567 -3.3825235 4278255360
-9.8093491 2.8090813 -3.2732661 4278255360
-9.7167473 2.782563 -2.1978962 4278255360
-9.8161364 2.8110249 -2.915803 4278255360
-10.033996 1.8379635 -2.7632971 4278255360
-9.8190928 2.8118713 -2.6779962 4278255360
-10.026423 1.8365762 -2.5249202 4278255360
-10.508755 1.4357821 -2.4764311 4278255360
-10.006936 1.8691306 -2.288301 4278255360
-9.745389 2.8276074 -2.4369214 4278255360
-9.9247818 2.3607545 -3.6047554 4278255360
-10.205018 1.3942834 -2.2163312 4278255360
-9.9307537 2.362175 -2.3658643 4278255360
-10.004113 1.8686035 -3.3843997 4278255360
-9.8071346 2.8455229 -3.2755067 4278255360
-9.7108164 2.8175762 -2.1991217 4278255360
-10.615398 1.4503525 -2.9832468 4278255360
-9.8139343 2.8474958 -2.917767 4278255360
-9.8168964 2.8483553 -2.6797752 4278255360
-10.539324 1.477453 -2.4802196 4278255360
-9.9964218 1.9033022 -2.2893357 4278255360
-9.7431326 2.8638637 -2.4385018 4278255360
-9.9357672 2.4000428 -3.6094799 4278255360
-10.188205 1.4282315 -2.2171504 4278255360
-9.99753 1.9035132 -3.385639 4278255360
-9.7780361 2.8741229 -3.2736261 4278255360
-9.7047596 2.8525841 -2.2003417 4278255360
-9.8154278 2.8851137 -2.9201758 4278255360
-9.8068943 2.8826053 -2.680836 4278255360
-9.9825373 1.9331766 -2.2900352 4278255360
-9.7417555 2.896739 -2.4399726 4278255360
-9.9590092 2.4387958 -3.6162324 4278255360
-10.171789 1.4585288 -2.2178276 4278255360
-9.9032145 2.4251325 -2.3673439 4278255360
-9.9954033 1.9356683 -3.3873808 4278255360
-9.7842293 2.9093685 -3.2769258 4278255360
-9.6957493 2.8830588 -2.2012806 4278255360
-10.324997 1.4804972 -2.9536979 4278255360
-9.7986603 2.9136598 -2.9202259 4278255360
-10.183311 1.4601809 -2.6972492 4278255360
-9.8054523 2.9156792 -2.6824989 4278255360
-9.9832335 1.9713017 -2.2917335 4278255360
-9.7463913 2.9370413 -2.4421248 4278255360
-9.9962111 2.4867764 -3.6260195 4278255360
-10.150547 1.4934717 -2.2185199 4278255360
-9.9059029 2.4643102 -2.3692451 4278255360
-9.9882421 1.9722906 -3.3886697 4278255360
-9.7925653 2.9509559 -3.2809687 4278255360
-9.7004366 2.923193 -2.2030551 4278255360
-10.327399 1.5194924 -2.9560206 4278255360
-9.799386 2.953011 -2.9226768 4278255360
-10.173937 1.4969132 -2.6982832 4278255360
-9.7870455 2.9492922 -2.6828849 4278255360
-9.9802132 2.0069239 -2.2931595 4278255360
-9.732255 2.9698753 -2.4428961 4278255360
-10.025944 2.5313661 -3.6343215 4278255360
-10.129451 1.5265082 -2.2191353 4278255360
-9.8894863 2.4969132 -2.3699067 4278255360
-9.9812975 2.0071418 -3.3898904 4278255360
-9.7860155 2.9862807 -3.2825992 4278255360
-9.6786976 2.9535317 -2.2035708 4278255360
-10.329927 1.5567201 -2.9582713 4278255360
-9.7966576 2.9895282 -2.9246199 4278255360
-10.196315 1.5365846 -2.7021372 4278255360
-9.799633 2.9904361 -2.6860731 4278255360
-9.9813414 2.0416121 -2.2947264 4278255360
-9.7185316 3.0009527 -2.4436088 4278255360
-10.03287 2.5685363 -3.6382706 4278255360
-10.128286 1.5606998 -2.2205567 4278255360
-9.8889008 2.5316784 -2.3714483 4278255360
-9.9745865 2.0402305 -3.3910444 4278255360
-9.772254 3.0175412 -3.2829928 4278255360
-9.7376404 3.0068531 -2.2076437 4278255360
-10.332601 1.5921832 -2.9604514 4278255360
-9.794322 3.0243554 -2.9265063 4278255360
-9.7896624 3.0229168 -2.6870577 4278255360
-9.9620438 2.0757368 -2.2953749 4278255360
-9.7189169 3.0401371 -2.4454794 4278255360
-10.027227 2.606292 -3.6401806 4278255360
-10.110644 1.5959431 -2.2213964 4278255360
-9.8834267 2.5689149 -2.3728609 4278255360
-9.9709339 2.0775893 -3.3929472 4278255360
-9.7725306 3.0569077 -3.2858424 4278255360
-9.7456398 3.0484958 -2.2095823 4278255360
-10.338523 1.6319133 -2.9632158 4278255360
-9.7946024 3.0638118 -2.9289422 4278255360
-10.315617 1.6282974 -2.7167413 4278255360
-9.7861452 3.0611663 -2.6888561 4278255360
-10.782808 2.8428998 -2.6893718 4278255360
-9.9625635 2.1121552 -2.2969909 4278255360
-9.7463789 3.0861158 -2.4491577 4278255360
-10.014232 2.640264 -3.6405931 4278255360
-10.093165 1.6293117 -2.2221613 4278255360
-9.8743992 2.6033969 -2.3739743 4278255360
-9.9636221 2.1123796 -3.3941493 4278255360
-9.7693949 3.0934036 -3.2880452 4278255360
-10.332764 1.6679894 -2.9645419 4278255360
-9.799077 3.1028023 -2.9317737 4278255360
-10.826665 2.8544629 -2.9540529 4278255360
-10.30987 1.6642935 -2.7180645 4278255360
-9.8058901 3.1049597 -2.6927524 4278255360
-9.9515934 2.1443384 -2.2979188 4278255360
-9.7856092 3.1342802 -2.4535861 4278255360
-10.013089 2.6755071 -3.643095 4278255360
-10.071919 1.6601709 -2.2226746 4278255360
-9.8657122 2.6361275 -2.3750262 4278255360
-9.9487867 2.1437335 -3.3940148 4278255360
-9.7742548 3.1306434 -3.291374 4278255360
-9.942955 2.1424768 -3.0086963 4278255360
-10.323236 1.7015959 -2.9653394 4278255360
-9.8343687 3.1498976 -2.9381685 4278255360
-10.339786 1.7043236 -2.7225897 4278255360
-9.9557705 2.1816316 -2.2997329 4278255360
-10.054232 1.6933259 -2.2234211 4278255360
-9.8603106 2.6715956 -2.3763647 4278255360
-9.9451284 2.1792996 -3.3958392 4278255360
-9.9239845 2.6888475 -3.1598861 4278255360
-10.329043 1.7396096 -2.9680238 4278255360
-9.8739519 2.6752915 -2.8538783 4278255360
-10.39289 1.7503626 -2.7293692 4278255360
-9.94419 2.2155008 -2.3007078 4278255360
-9.8602476 2.7085593 -3.6201773 4278255360
-10.040376 1.7270555 -2.2243369 4278255360
-9.8624964 2.709177 -2.3781741 4278255360
-9.9335785 2.2131367 -3.3963857 4278255360
-10.358315 1.7817447 -2.9734499 4278255360
-9.8529978 2.7065678 -2.8537016 4278255360
-9.8412724 2.7403252 -2.6164691 4278255360
-9.9324942 2.2493136 -2.3016753 4278255360
-9.8660231 2.7472174 -3.6241412 4278255360
-10.030345 1.7613984 -2.2254238 4278255360
-9.8568325 2.744658 -2.3795016 4278255360
-9.8588829 2.745229 -3.1555991 4278255360
-9.8434896 2.7409427 -2.8547895 4278255360
-10.054272 1.8018035 -2.4657202 4278255360
-9.8239498 2.7724915 -2.6168857 4278255360
-9.9245815 2.2839735 -2.3028455 4278255360
-9.8792858 2.7881081 -3.6295404 4278255360
-10.020199 1.7956972 -2.2265034 4278255360
-9.8548908 2.7812235 -2.3810627 4278255360
-9.8338928 2.7752974 -3.1545196 4278255360
-9.8223286 2.7720337 -2.8545957 4278255360
-10.035666 1.7984691 -2.7018437 4278255360
-9.8103685 2.8056676 -2.6176264 4278255360
-9.9282331 2.3213351 -2.3046396 4278255360
-9.8542337 2.8182127 -3.6277413 4278255360
-10.006001 1.8292251 -2.2273955 4278255360
-9.8412762 2.814507 -2.3818998 4278255360
-9.8241453 2.8096077 -3.1555941 4278255360
-10.040657 1.8355607 -2.9424653 4278255360
-9.8087521 2.8052056 -2.8552437 4278255360
-10.253424 1.8744572 -2.7239747 4278255360
-10.022115 1.8665377 -2.4667962 4278255360
-9.7971697 2.8370728 -2.6183066 4278255360
-9.9243736 2.3551698 -2.3059506 4278255360
-9.8410215 2.8497715 -3.6280389 4278255360
-9.9998789 1.8623965 -2.2285788 4278255360
-9.8242054 2.8449018 -2.3824363 4278255360
-9.8224325 2.8443885 -3.1576915 4278255360
-9.8070698 2.8399396 -2.8571081 4278255360
-10.015207 1.9032558 -2.4681003 4278255360
-9.7790337 2.8707073 -2.6187518 4278255360
-9.9156752 2.391526 -2.3071606 4278255360
-9.8419342 2.8891723 -3.6313174 4278255360
-9.9969158 1.8997798 -2.2300613 4278255360
-9.8329029 2.8865209 -2.3847535 4278255360
-9.8157682 2.8814909 -3.1593485 4278255360
-9.8119268 2.8803632 -2.8599262 4278255360
-9.776618 2.907105 -2.620471 4278255360
-9.8956108 2.4232702 -2.3076715 4278255360
-9.8279848 2.922379 -3.631655 4278255360
-9.9862967 1.9339039 -2.2311127 4278255360
-9.826601 2.9219675 -2.3860517 4278255360
-9.8247557 2.9214187 -3.1631155 4278255360
-9.7979832 2.9134576 -2.8605547 4278255360
-9.7778969 2.9446731 -2.6225195 4278255360
-9.8948555 2.4597273 -2.3092332 4278255360
-9.9279079 2.98985 -3.6536245 4278255360
-9.9794846 1.9687511 -2.2323391 4278255360
-9.8201714 2.9574044 -2.3873439 4278255360
-10.849144 2.6969507 -3.5655544 4278255360
-9.7992287 2.9510975 -3.1619952 4278255360
-9.7877531 2.9476416 -2.8616025 4278255360
-9.7719011 2.9782495 -2.6238425 4278255360
-9.8866434 2.4925292 -2.3103089 4278255360
-9.9729013 2.0018363 -2.2334983 4278255360
-9.8179617 2.9922876 -2.3888195 4278255360
-9.7932014 2.9847414 -3.1635287 4278255360
-9.7893867 2.9835789 -2.863874 4278255360
-9.7690878 3.0146976 -2.6255465 4278255360
-9.8856335 2.5290055 -2.3118603 4278255360
-9.8201218 3.0304465 -3.6390686 4278255360
-9.9619341 2.0358329 -2.234529 4278255360
-9.8074579 3.0265384 -2.3898585 4278255360
-10.818975 2.7677789 -3.5660479 4278255360
-9.7979612 3.023608 -3.166739 4278255360
-9.7941828 3.0224416 -2.8666213 4278255360
-9.7661371 3.0511651 -2.6272454 4278255360
-9.888361 2.5665126 -2.3136203 4278255360
-9.8019075 3.0623405 -3.6386569 4278255360
-9.958684 2.071409 -2.23592 4278255360
-9.796833 3.060755 -2.3908904 4278255360
-9.7873468 3.0577915 -3.1677699 4278255360
-9.9658203 2.0728934 -2.9477828 4278255360
-9.7835722 3.056612 -2.8676519 4278255360
-9.7783012 3.092468 -2.6302824 4278255360
-9.8677378 2.5979559 -2.3140938 4278255360
-9.8857422 3.1264472 -3.6577554 4278255360
-9.9553051 2.1069846 -2.2373052 4278255360
-9.8204136 3.1057866 -2.3941009 4278255360
-9.8763647 2.6002274 -3.4146714 4278255360
-9.7956209 3.0979457 -3.1715157 4278255360
-10.826913 2.8504853 -2.8886197 4278255360
-9.7918854 3.0967643 -2.8708186 4278255360
-9.8131428 3.1412096 -2.635335 4278255360
-9.870203 2.6354811 -2.3158431 4278255360
-9.9557095 2.1434064 -2.2388694 4278255360
-9.8476067 3.1522417 -2.3975551 4278255360
-9.8557014 2.631609 -3.4138551 4278255360
-9.8265133 3.1454895 -3.1785269 4278255360
-9.8380823 3.1491928 -2.8782732 4278255360
-9.8652697 2.6692429 -2.3171041 4278255360
-9.940733 2.1746998 -2.2396297 4278255360
-9.854598 2.6663554 -3.4161835 4278255360
-10.827289 2.9295359 -3.1549151 4278255360
-9.8931541 2.6767874 -2.7960634 4278255360
-9.8631344 2.7075028 -2.3186843 4278255360
-9.9365988 2.2119911 -2.2410569 4278255360
-9.9904928 2.7424636 -3.4417362 4278255360
-10.88574 2.9882159 -3.1650615 4278255360
-9.8527527 2.704653 -2.5558548 4278255360
-9.861331 2.7440577 -2.3202045 4278255360
-9.9366207 2.2484267 -2.2426052 4278255360
-10.011512 2.7858477 -3.4479806 4278255360
-9.8449974 2.7395129 -3.0338767 4278255360
-9.8583488 2.7432277 -2.7967026 4278255360
-9.847106 2.7400994 -2.5572515 4278255360
-9.8439932 2.7762926 -2.3208563 4278255360
-9.9209146 2.2813056 -2.243403 4278255360
-10.001726 2.8207777 -3.4490807 4278255360
-9.8353748 2.7738619 -3.0349581 4278255360
-9.8448677 2.7765391 -2.797384 4278255360
-9.8451777 2.7766266 -2.5589511 4278255360
-9.8501167 2.8133154 -2.3227437 4278255360
-9.9288759 2.3178296 -2.2452559 4278255360
-9.9923172 2.8539295 -3.4501193 4278255360
-9.8222857 2.8053665 -3.0354848 4278255360
-9.839447 2.8102682 -2.7988086 4278255360
-9.8282261 2.8070631 -2.559355 4278255360
-9.8402367 2.847682 -2.3238149 4278255360
-9.9090481 2.3497055 -2.2458527 4278255360
-9.9937544 2.8921089 -3.4531374 4278255360
-9.8200989 2.8418543 -3.0375433 4278255360
-9.8295774 2.8445973 -2.7998784 4278255360
-9.818367 2.8413532 -2.5604236 4278255360
-9.8455906 2.8865125 -2.3257477 4278255360
-9.9085646 2.3861508 -2.2473793 4278255360
-9.9759665 2.9247358 -3.4529297 4278255360
-9.8216076 2.8794811 -3.0400922 4278255360
-9.8234234 2.8800135 -2.8013446 4278255360
-9.8083906 2.8756061 -2.5614855 4278255360
-9.8316193 2.9197266 -2.3265893 4278255360
-9.9040594 2.4216764 -2.248713 4278255360
-9.973321 2.961808 -3.4552925 4278255360
-9.8229713 2.9171584 -3.0426373 4278255360
-9.8133097 2.914289 -2.8024015 4278255360
-9.7982922 2.9098291 -2.562541 4278255360
-9.8333759 2.9557655 -2.3282428 4278255360
-9.8998585 2.455467 -2.2499843 4278255360
-9.9710608 2.9971514 -3.4575965 4278255360
-9.8056011 2.9474168 -3.0426431 4278255360
-9.8074188 2.947963 -2.803803 4278255360
-9.8000774 2.9457564 -2.5644698 4278255360
-9.8311739 2.9906864 -2.329674 4278255360
-9.8877811 2.4873073 -2.2508719 4278255360
-9.9648733 3.0313582 -3.4592507 4278255360
-9.7995911 2.9810789 -3.0441315 4278255360
-9.8128805 2.9851215 -2.806412 4278255360
-9.7979069 2.9805665 -2.5660837 4278255360
-9.8321419 3.0285184 -2.3313713 4278255360
-9.8906641 2.5247748 -2.2525673 4278255360
-9.9580307 3.0672948 -3.4609516 4278255360
-9.8043785 3.0199666 -3.0471582 4278255360
-9.8100367 3.0217094 -2.8082602 4278255360
-9.7989082 3.0182817 -2.5680563 4278255360
-9.8286133 3.0669177 -2.3328967 4278255360
-9.8813448 2.5610092 -2.2537448 4278255360
-9.946722 3.1037722 -3.4620526 4278255360
-9.8008633 3.0582585 -3.0492377 4278255360
-9.810338 3.0612152 -2.81056 4278255360
-9.7877798 3.0541761 -2.5691397 4278255360
-9.8369198 3.1072321 -2.3350236 4278255360
-9.8800821 2.5975208 -2.2552402 4278255360
-9.9434118 3.1408703 -3.4643874 4278255360
-9.793932 3.0936534 -3.0507617 4278255360
-9.8148346 3.100256 -2.8132091 4278255360
-10.811336 2.8423519 -2.8214948 4278255360
-9.8037519 3.0967553 -2.5723524 4278255360
-9.852685 3.1500752 -2.3375874 4278255360
-9.8709555 2.6319904 -2.2563488 4278255360
-9.7770767 3.1259019 -3.4388924 4278255360
-9.8058796 3.1351109 -3.0547721 4278255360
-10.84989 2.8930132 -3.0896146 4278255360
-9.8344011 3.1442294 -2.8174775 4278255360
-10.820657 2.8852189 -2.8245919 4278255360
-9.8385916 3.1455693 -2.5771284 4278255360
-9.8621721 2.66471 -2.2573957 4278255360
-9.7855768 3.1644254 -3.4430916 4278255360
-9.8657398 2.665674 -2.7333226 4278255360
-9.8707628 2.704037 -2.4975092 4278255360
-9.8566694 2.700176 -2.2586834 4278255360
-9.8636045 2.7020757 -2.9739044 4278255360
-9.8640842 2.7022073 -2.7351739 4278255360
-9.8646402 2.7412682 -2.49894 4278255360
-9.8467064 2.7362845 -2.2598271 4278255360
-9.8536339 2.7382097 -2.975049 4278255360
-9.8618155 2.7404833 -2.7370749 4278255360
-9.8631945 2.7761328 -2.5005414 4278255360
-9.8491297 2.7721739 -2.2614334 4278255360
-9.8444996 2.7708709 -2.976078 4278255360
-9.8449793 2.7710059 -2.7373478 4278255360
-9.8495979 2.8094482 -2.5013342 4278255360
-9.8393927 2.8065374 -2.2625105 4278255360
-9.8347683 2.8052182 -2.977155 4278255360
-9.8314028 2.8042583 -2.7380457 4278255360
-9.8430767 2.8466439 -2.5027459 4278255360
-9.8367252 2.8448069 -2.2640214 4278255360
-9.8282557 2.8423576 -2.9787505 4278255360
-9.8210583 2.840276 -2.7391689 4278255360
-9.8330803 2.8809831 -2.5038106 4278255360
-9.8267355 2.8791239 -2.2650857 4278255360
-9.8221045 2.8777673 -2.9802864 4278255360
-9.8149195 2.8756623 -2.7406111 4278255360
-9.8239813 2.9118581 -2.5047634 4278255360
-9.8253117 2.9122524 -2.2664261 4278255360
-9.8283243 2.9131455 -2.9831293 4278255360
-9.8173332 2.9098876 -2.7427022 4278255360
-9.8214178 2.9484327 -2.5063908 4278255360
-9.8150864 2.946532 -2.2674782 4278255360
-9.8142729 2.9462879 -2.9837086 4278255360
-9.8109446 2.9452887 -2.7441342 4278255360
-9.8215027 2.9896164 -2.5084054 4278255360
-9.8228331 2.9900212 -2.2696033 4278255360
-9.8067064 2.9851124 -2.9853318 4278255360
-9.80721 2.9852657 -2.7460454 4278255360
-9.8158846 3.0216362 -2.5096302 4278255360
-9.8325052 3.0267525 -2.271517 4278255360
-9.8049107 3.0182581 -2.9872148 4278255360
-9.8016024 3.0172398 -2.7473617 4278255360
-9.8090954 3.0570695 -2.5109529 4278255360
-9.8256998 3.0622444 -2.2727485 4278255360
-9.805748 3.0560265 -2.989671 4278255360
-9.7948265 3.0526228 -2.7487757 4278255360
-9.8098059 3.0949013 -2.5128484 4278255360
-9.8492804 3.1073551 -2.2755442 4278255360
-9.8102484 3.0950408 -2.9925978 4278255360
-9.8222256 3.0988197 -2.7536235 4278255360
-9.8560905 3.1473746 -2.5182157 4278255360
-9.8488178 3.1450522 -2.9997985 4278255360
-9.8532286 3.1464605 -2.7588549 4278255360
