# .PCD v0.7 - Point Cloud Data file format
VERSION 0.7
FIELDS x y z rgb
SIZE 4 4 4 4
TYPE F F F U
COUNT 1 1 1 1
WIDTH 18449
HEIGHT 1
VIEWPOINT 0 0 0 1 0 0 0
POINTS 18449
DATA ascii
1.1119962 3.3742156 -3.5360608 4294901760
1.5433661 5.5879159 -3.6593773 4294901760
2.5241077 7.6590939 -3.7455389 4294901760
2.7011461 9.7797785 -3.8825026 4294901760
3.9320805 11.931415 -3.9842622 4294901760
3.803179 13.769803 -4.097415 4294901760
6.0626154 15.760758 -4.1113057 4294901760
5.6451802 20.438957 -4.4669666 4294901760
5.8960485 17.890833 -4.2752428 4294901760
4.9169641 21.925325 -4.6195369 4294901760
9.007618 23.416775 -4.4114637 4294901760
1.1226219 3.366874 -3.5327864 4294901760
1.561825 5.5787849 -3.6558666 4294901760
2.5533111 7.6576777 -3.7444086 4294901760
2.7363355 9.7740955 -3.879514 4294901760
3.9774737 11.928907 -3.9815543 4294901760
3.8490806 13.748783 -4.0906582 4294901760
6.1190405 15.743211 -4.1051559 4294901760
5.7175717 20.422968 -4.4594536 4294901760
5.9672956 17.896614 -4.2717495 4294901760
4.9881506 21.884676 -4.6081419 4294901760
9.0864153 23.377743 -4.40061 4294901760
1.1332083 3.3595002 -3.5295124 4294901760
1.5823396 5.5770049 -3.6549795 4294901760
2.5812776 7.6524348 -3.742265 4294901760
2.7693563 9.7606821 -3.8748052 4294901760
4.0178189 11.911193 -3.9759305 4294901760
3.8981323 13.739089 -4.0859075 4294901760
6.1593966 15.684686 -4.0927205 4294901760
5.7910018 20.410566 -4.4524446 4294901760
6.0284524 17.871901 -4.2638535 4294901760
5.0654087 21.871021 -4.6003823 4294901760
9.1708784 23.353317 -4.3914757 4294901760
1.1460997 3.3589544 -3.5300181 4294901760
1.602863 5.5751491 -3.6540847 4294901760
2.6092427 7.64709 -3.7401128 4294901760
2.8055971 9.7585526 -3.8726521 4294901760
4.0670629 11.919626 -3.975363 4294901760
3.9482682 13.733042 -4.081811 4294901760
6.2287993 15.700108 -4.0916791 4294901760
5.8677301 20.409399 -4.4469719 4294901760
6.0908041 17.850746 -4.2564912 4294901760
5.1353278 21.826004 -4.5884585 4294901760
9.2538185 23.324873 -4.3818879 4294901760
1.1578153 3.3549342 -3.528631 4294901760
1.6233875 5.5732193 -3.6531835 4294901760
2.634635 7.6342282 -3.7359557 4294901760
2.8374262 9.7411118 -3.8670785 4294901760
4.1099319 11.90911 -3.9711614 4294901760
3.9972839 13.722997 -4.0770321 4294901760
6.2909622 15.696757 -4.0877619 4294901760
5.9366903 20.381134 -4.4378424 4294901760
6.1569672 17.840685 -4.2507472 4294901760
5.2142515 21.819599 -4.5817032 4294901760
9.3425941 23.31097 -4.3739982 4294901760
1.1719093 3.3577178 -3.5310147 4294901760
1.6417431 5.5638242 -3.6496584 4294901760
2.6638546 7.6323919 -3.7347867 4294901760
2.8714144 9.7311478 -3.8632035 4294901760
4.1475582 11.883452 -3.9640667 4294901760
4.0451655 13.70896 -4.0715733 4294901760
6.3457198 15.674701 -4.0809898 4294901760
6.0123205 20.375595 -4.4318023 4294901760
6.2244654 17.834141 -4.2455211 4294901760
5.3007445 21.843933 -4.5790372 4294901760
9.4284086 23.289316 -4.365221 4294901760
1.177591 3.3365133 -3.5201921 4294901760
1.6655679 5.5728211 -3.6526644 4294901760
2.691788 7.6267452 -3.7326107 4294901760
2.9042354 9.7172775 -3.8584721 4294901760
4.1850548 11.857676 -3.9569731 4294901760
4.0918584 13.690944 -4.0654397 4294901760
6.3973856 15.645081 -4.0730801 4294901760
6.0879831 20.369774 -4.4257345 4294901760
6.2959733 17.838621 -4.24189 4294901760
5.3769684 21.825296 -4.5706739 4294901760
9.5262775 23.296921 -4.3598213 4294901760
1.1892297 3.3323827 -3.5188017 4294901760
1.6805458 5.552227 -3.645215 4294901760
2.7183924 7.6173034 -3.7294326 4294901760
2.9427156 9.7222137 -3.8579745 4294901760
4.2250843 11.839259 -3.9513154 4294901760
4.1384692 13.672772 -4.0592999 4294901760
6.4565158 15.633698 -4.0679784 4294901760
6.156734 20.340763 -4.4165573 4294901760
6.3555193 17.809025 -4.2333798 4294901760
5.4550519 21.814142 -4.5633183 4294901760
9.6166821 23.285673 -4.3522544 4294901760
1.2033163 3.335031 -3.5211742 4294901760
1.6987892 5.5426435 -3.6416833 4294901760
2.744967 7.6077666 -3.726249 4294901760
2.9766374 9.7118816 -3.8540728 4294901760
4.2650414 11.820704 -3.9456515 4294901760
4.1885056 13.665846 -4.0551348 4294901760
6.5156512 15.62209 -4.0628567 4294901760
6.2277045 20.319145 -4.4083943 4294901760
6.4244156 17.805481 -4.2286205 4294901760
5.5341163 21.80657 -4.5564475 4294901760
9.7163572 23.296185 -4.3471842 4294901760
1.2137074 3.3274047 -3.5178952 4294901760
1.7192669 5.5403595 -3.6407549 4294901760
2.7755373 7.6091943 -3.726033 4294901760
3.0093465 9.6976576 -3.8493202 4294901760
4.3089948 11.8132 -3.9421251 4294901760
4.2397161 13.662539 -4.0516133 4294901760
6.5716863 15.602924 -4.0565987 4294901760
6.2985897 20.297285 -4.400218 4294901760
6.4865255 17.782948 -4.221158 4294901760
5.6191554 21.821915 -4.5526052 4294901760
9.8084612 23.287888 -4.3399601 4294901760
1.2290766 3.3333521 -3.522136 4294901760
1.7385947 5.5343246 -3.6385188 4294901760
2.8020799 7.5994596 -3.7228348 4294901760
3.0431774 9.6870937 -3.8454061 4294901760
4.347456 11.790641 -3.935735 4294901760
4.2885709 13.651452 -4.0467572 4294901760
6.6323419 15.594551 -4.052 4294901760
6.3705935 20.278982 -4.3925352 4294901760
6.5485568 17.760197 -4.2136836 4294901760
5.7023516 21.829203 -4.5477037 4294901760
9.8881245 23.249836 -4.3293495 4294901760
1.2370138 3.3226793 -3.5171144 4294901760
1.7559743 5.5288348 -3.6365025 4294901760
2.8259423 7.5906186 -3.7199514 4294901760
3.0724015 9.6737185 -3.8410356 4294901760
4.3803258 11.765768 -3.9291291 4294901760
4.3302364 13.634119 -4.0411272 4294901760
6.6813054 15.573637 -4.0458393 4294901760
6.4415231 20.281685 -4.3881941 4294901760
6.6057148 17.743271 -4.2074776 4294901760
5.7780561 21.838194 -4.543613 4294901760
9.9469547 23.185627 -4.3164091 4294901760
1.2479057 3.3147304 -3.5137627 4294901760
1.7738664 5.515028 -3.6315513 4294901760
2.8565066 7.5875525 -3.7185555 4294901760
3.110255 9.6699181 -3.838593 4294901760
4.4262137 11.757063 -3.9253261 4294901760
4.3777404 13.610585 -4.0340075 4294901760
6.7510061 15.578278 -4.0430775 4294901760
6.515811 20.25794 -4.3795514 4294901760
6.6706991 17.718943 -4.1996036 4294901760
5.8632283 21.836145 -4.5372024 4294901760
10.030274 23.145351 -4.3052802 4294901760
1.2614672 3.3173513 -3.5161791 4294901760
1.7933358 5.5127788 -3.6307149 4294901760
2.8802562 7.5743713 -3.714515 4294901760
3.1410799 9.6557932 -3.8340151 4294901760
4.4679956 11.74974 -3.9220071 4294901760
4.4166965 13.577085 -4.0254774 4294901760
6.8058171 15.563107 -4.0376511 4294901760
6.5841837 20.240019 -4.3722224 4294901760
6.7237492 17.681822 -4.190352 4294901760
5.9460831 21.855101 -4.5341272 4294901760
10.111767 23.12294 -4.2968173 4294901760
1.2704395 3.3061595 -3.5110204 4294901760
1.8161826 5.5174618 -3.6323483 4294901760
2.9066803 7.564271 -3.7112949 4294901760
3.1722968 9.6372604 -3.8283992 4294901760
4.5132561 11.745183 -3.9191301 4294901760
4.4740143 13.591806 -4.0251493 4294901760
6.860105 15.539254 -4.0307622 4294901760
6.6560473 20.220701 -4.3644624 4294901760
6.7882943 17.665684 -4.1838894 4294901760
6.0244637 21.841906 -4.5265651 4294901760
10.215003 23.138645 -4.292356 4294901760
1.2838607 3.3048606 -3.5114131 4294901760
1.8363916 5.5107679 -3.6299765 4294901760
2.9343834 7.5535669 -3.7079086 4294901760
3.2088451 9.6293192 -3.8250918 4294901760
4.5562711 11.728562 -3.9138725 4294901760
4.5250545 13.579089 -4.0199566 4294901760
6.9299836 15.543106 -4.027915 4294901760
6.7313724 20.199959 -4.3562717 4294901760
6.8529925 17.640686 -4.1759815 4294901760
6.1066241 21.827372 -4.5185518 4294901760
10.288355 23.075521 -4.2786956 4294901760
1.2934899 3.2972097 -3.5081992 4294901760
1.8558872 5.5082979 -3.6291182 4294901760
2.9594181 7.5437942 -3.7048399 4294901760
3.2407622 9.6186256 -3.8213351 4294901760
4.5980411 11.720776 -3.9105134 4294901760
4.5700631 13.564009 -4.0146589 4294901760
6.9765906 15.509141 -4.0196962 4294901760
6.7996006 20.181305 -4.3488913 4294901760
6.9187388 17.636419 -4.1714363 4294901760
6.1800675 21.810841 -4.5108752 4294901760
10.353358 23.015783 -4.2660704 4294901760
1.3055654 3.2924469 -3.5067146 4294901760
1.8760625 5.5014586 -3.6267366 4294901760
2.988492 7.5365443 -3.7024221 4294901760
3.2798193 9.6179047 -3.8196728 4294901760
4.6438918 11.711223 -3.9066391 4294901760
4.6197443 13.547167 -4.0087938 4294901760
7.0300903 15.476215 -4.011333 4294901760
6.8799582 20.175131 -4.3426571 4294901760
6.9906764 17.629475 -4.1661091 4294901760
6.2610636 21.791878 -4.5023184 4294901760
10.450851 23.006765 -4.2585402 4294901760
1.3172504 3.2916946 -3.5073087 4294901760
1.8920835 5.4918957 -3.6234026 4294901760
3.0092416 7.5198345 -3.6975505 4294901760
3.3061595 9.596343 -3.8136048 4294901760
4.6791897 11.69289 -3.9014058 4294901760
4.6635804 13.536345 -4.0044036 4294901760
7.0803394 15.457674 -4.00564 4294901760
6.9459119 20.160961 -4.3361511 4294901760
7.0489936 17.614826 -4.160327 4294901760
6.3295007 21.7721 -4.4945412 4294901760
10.513108 22.952038 -4.2468314 4294901760
1.3306645 3.2902057 -3.5076852 4294901760
1.9134665 5.4885616 -3.6223018 4294901760
3.0353105 7.5051188 -3.6931705 4294901760
3.3426082 9.5878935 -3.8102615 4294901760
4.722012 11.675663 -3.8961117 4294901760
4.7118502 13.515408 -3.9978738 4294901760
7.1369429 15.43162 -3.9983528 4294901760
7.0342031 20.176815 -4.3328342 4294901760
7.1090193 17.577784 -4.1507926 4294901760
6.4205346 21.787045 -4.4903908 4294901760
10.607212 22.935097 -4.2384362 4294901760
1.3413427 3.2819507 -3.5043256 4294901760
1.9322876 5.477879 -3.6186223 4294901760
3.0642803 7.4975748 -3.6907358 4294901760
3.3816693 9.5867596 -3.8085625 4294901760
4.7632699 11.654604 -3.8901124 4294901760
4.766644 13.51305 -3.9945486 4294901760
7.1968222 15.412578 -3.9921384 4294901760
7.1094313 20.154663 -4.3245282 4294901760
7.1764107 17.558992 -4.1438456 4294901760
6.5037684 21.774841 -4.4827447 4294901760
10.694578 22.903305 -4.2283959 4294901760
1.3516475 3.2777205 -3.5030441 4294901760
1.9469033 5.4645243 -3.6139998 4294901760
3.0908122 7.495163 -3.6897528 4294901760
3.4104469 9.5723648 -3.8041413 4294901760
4.8044019 11.650587 -3.8876472 4294901760
4.806407 13.490515 -3.9881992 4294901760
7.2587819 15.418716 -3.9901912 4294901760
7.1753979 20.139744 -4.317955 4294901760
7.2391424 17.554789 -4.1395717 4294901760
6.5709958 21.750483 -4.4744139 4294901760
10.764784 22.865978 -4.2186832 4294901760
1.3630799 3.2729826 -3.5016184 4294901760
1.9646596 5.4540715 -3.6104345 4294901760
3.1139388 7.4770865 -3.6845512 4294901760
3.4438374 9.5604029 -3.800143 4294901760
4.8465638 11.637409 -3.8832734 4294901760
4.849422 13.462432 -3.9806461 4294901760
7.3176823 15.404078 -3.984823 4294901760
7.2470026 20.11833 -4.3100328 4294901760
7.3003726 17.529413 -4.1319361 4294901760
6.6433716 21.715961 -4.464222 4294901760
10.841103 22.821051 -4.2075286 4294901760
1.3759028 3.2715461 -3.5020518 4294901760
1.9850054 5.4507995 -3.6094306 4294901760
3.141542 7.4697862 -3.6822586 4294901760
3.485306 9.5706062 -3.8010759 4294901760
4.8871598 11.62042 -3.8781965 4294901760
4.8936672 13.437947 -3.9737296 4294901760
7.3714123 15.37844 -3.9778256 4294901760
7.3185549 20.096659 -4.302093 4294901760
7.3707952 17.525871 -4.127368 4294901760
6.7120523 21.669758 -4.4525585 4294901760
10.939691 22.822678 -4.2015381 4294901760
1.3856187 3.2595658 -3.496758 4294901760
2.0045898 5.4395223 -3.6056314 4294901760
3.1717374 7.461278 -3.6796308 4294901760
3.5220311 9.5571518 -3.7966518 4294901760
4.9364023 11.612522 -3.8746738 4294901760
4.9507327 13.433982 -3.9700625 4294901760
7.42694 15.342851 -3.969049 4294901760
7.4122291 20.113337 -4.2986531 4294901760
7.4302416 17.479095 -4.1163754 4294901760
6.8023891 21.666676 -4.4458575 4294901760
11.018548 22.762529 -4.1881204 4294901760
1.3984176 3.2580409 -3.4971857 4294901760
2.026253 5.4397116 -3.6058948 4294901760
3.1977613 7.4501615 -3.6763563 4294901760
3.5581276 9.552207 -3.7942634 4294901760
4.9800358 11.602514 -3.8709548 4294901760
5.0003695 13.424074 -3.9656696 4294901760
7.4821954 15.320413 -3.9625709 4294901760
7.4879599 20.102299 -4.2921195 4294901760
7.4912066 17.453053 -4.1087046 4294901760
6.888855 21.67704 -4.4414506 4294901760
11.111951 22.752636 -4.1808739 4294901760
1.4100857 3.2569585 -3.497752 4294901760
2.0433311 5.4333196 -3.6038256 4294901760
3.2180324 7.4328799 -3.6714766 4294901760
3.5922911 9.5520811 -3.7930849 4294901760
5.0133057 11.57953 -3.864985 4294901760
5.0425158 13.408299 -3.9605632 4294901760
7.5267682 15.289686 -3.9551888 4294901760
7.5482626 20.071207 -4.2835035 4294901760
7.553915 17.447725 -4.1043339 4294901760
6.9495916 21.63249 -4.4306331 4294901760
11.167499 22.685373 -4.1679535 4294901760
1.4191093 3.2451248 -3.4925323 4294901760
2.0618637 5.4221931 -3.6001325 4294901760
3.2468266 7.4246278 -3.6689949 4294901760
3.6258745 9.5351553 -3.788017 4294901760
5.0493565 11.546534 -3.8568773 4294901760
5.0944557 13.397161 -3.9558587 4294901760
7.579217 15.254861 -3.9467509 4294901760
7.6388011 20.088161 -4.2803645 4294901760
7.6210132 17.427227 -4.0972619 4294901760
7.0362463 21.629648 -4.4242778 4294901760
11.248798 22.640711 -4.1566157 4294901760
1.4304276 3.2401519 -3.491096 4294901760
2.0849221 5.4257498 -3.6016481 4294901760
3.2743068 7.4168391 -3.6666701 4294901760
3.6562994 9.5150623 -3.7823334 4294901760
5.088026 11.525209 -3.8510833 4294901760
5.1383338 13.371873 -3.948904 4294901760
7.6466923 15.256797 -3.9439468 4294901760
7.7088714 20.061377 -4.2718253 4294901760
7.6995063 17.440639 -4.0951042 4294901760
7.1179404 21.623911 -4.4178486 4294901760
11.358173 22.661999 -4.1528029 4294901760
1.4461571 3.2450724 -3.4952142 4294901760
2.1038504 5.418438 -3.5993347 4294901760
3.3001785 7.4053631 -3.6633773 4294901760
3.6894934 9.5022402 -3.7782764 4294901760
5.1395354 11.532747 -3.8507419 4294901760
5.1821036 13.346438 -3.9419458 4294901760
7.6963115 15.2229 -3.9358401 4294901760
7.7759686 20.026903 -4.2623129 4294901760
7.7489834 17.388161 -4.083837 4294901760
7.2022133 21.625443 -4.4123445 4294901760
11.440819 22.629337 -4.1431022 4294901760
1.4569094 3.2402594 -3.4938421 4294901760
2.1189938 5.4042602 -3.594593 4294901760
3.3279324 7.4015336 -3.6621618 4294901760
3.7224245 9.4936342 -3.7752292 4294901760
5.1777482 11.515642 -3.8458648 4294901760
5.2335901 13.347696 -3.9396596 4294901760
7.753983 15.211491 -3.931237 4294901760
7.8481598 20.015869 -4.2560916 4294901760
7.8115029 17.37328 -4.0779896 4294901760
7.2840743 21.63171 -4.4077268 4294901760
11.504911 22.569929 -4.1308188 4294901760
1.4697087 3.2384555 -3.4942451 4294901760
2.1392627 5.4004121 -3.593545 4294901760
3.3537469 7.3898726 -3.6588578 4294901760
3.75845 9.4879322 -3.7727802 4294901760
5.2244706 11.511952 -3.8434408 4294901760
5.2816124 13.333044 -3.9345624 4294901760
7.7997451 15.170164 -3.9220717 4294901760
7.9267936 20.010611 -4.2503691 4294901760
7.8819818 17.367693 -4.073236 4294901760
7.3633943 21.617487 -4.4002471 4294901760
11.590924 22.543842 -4.1218657 4294901760
1.4815693 3.2330468 -3.4927225 4294901760
2.1547477 5.3818073 -3.5873046 4294901760
3.3840797 7.3846617 -3.6572931 4294901760
3.7961402 9.481432 -3.7701142 4294901760
5.2682848 11.496332 -3.8387058 4294901760
5.3319254 13.317287 -3.9291658 4294901760
7.8497972 15.13087 -3.9130795 4294901760
8.0045366 19.992535 -4.2427588 4294901760
7.9572153 17.364054 -4.0685606 4294901760
7.446485 21.601675 -4.3922949 4294901760
11.678996 22.511841 -4.1119771 4294901760
1.4922833 3.2281156 -3.4913433 4294901760
2.1740279 5.3782024 -3.5863652 4294901760
3.403614 7.3627167 -3.6512828 4294901760
3.8290451 9.4724531 -3.7670364 4294901760
5.3030534 11.471594 -3.8324494 4294901760
5.3790436 13.306905 -3.9249532 4294901760
7.8962431 15.097694 -3.9053164 4294901760
8.0737877 19.973276 -4.2355132 4294901760
8.0130854 17.33395 -4.0606556 4294901760
7.5259662 21.59948 -4.3866291 4294901760
11.759143 22.483597 -4.1031189 4294901760
1.5050743 3.2261724 -3.4917347 4294901760
2.1927869 5.3705812 -3.5840394 4294901760
3.4309506 7.3543463 -3.6489191 4294901760
3.8620846 9.4590302 -3.7629402 4294901760
5.3397059 11.445822 -3.8259356 4294901760
5.4299674 13.299095 -3.9210601 4294901760
7.9451747 15.062994 -3.8971992 4294901760
8.1404371 19.937586 -4.2259326 4294901760
8.0785952 17.316713 -4.0543365 4294901760
7.6052909 21.584373 -4.3790712 4294901760
11.846862 22.460075 -4.0944743 4294901760
1.5153449 3.2173543 -3.4883614 4294901760
2.2153962 5.3696294 -3.5841188 4294901760
3.4595559 7.3452697 -3.6463814 4294901760
3.8952231 9.4411583 -3.757828 4294901760
5.3866963 11.436942 -3.8225253 4294901760
5.480195 13.28278 -3.9156218 4294901760
8.0040779 15.040804 -3.8907936 4294901760
8.2104197 19.90024 -4.2159123 4294901760
8.140316 17.283379 -4.0456309 4294901760
7.6883769 21.567629 -4.3710375 4294901760
11.930986 22.420027 -4.0837593 4294901760
1.5265656 3.2120457 -3.4869039 4294901760
2.2326434 5.3583088 -3.5805221 4294901760
3.4851727 7.3331499 -3.6430545 4294901760
3.9251125 9.420208 -3.752116 4294901760
5.4299898 11.425239 -3.8186867 4294901760
5.5249944 13.2599 -3.9092267 4294901760
8.0527601 15.005754 -3.8826678 4294901760
8.27983 19.87146 -4.2072554 4294901760
8.1954584 17.244059 -4.0363264 4294901760
7.7757916 21.574463 -4.3662357 4294901760
12.012946 22.385284 -4.0739355 4294901760
1.5350819 3.2039645 -3.4837501 4294901760
2.249465 5.3512678 -3.5784183 4294901760
3.5098867 7.3257022 -3.6410034 4294901760
3.9638753 9.4296913 -3.7532241 4294901760
5.4692831 11.415279 -3.8153543 4294901760
5.5712452 13.253475 -3.9058678 4294901760
8.0960712 14.973376 -3.8752511 4294901760
8.3391199 19.837992 -4.1985192 4294901760
8.2564793 17.232609 -4.031239 4294901760
7.8476233 21.56118 -4.359499 4294901760
12.07561 22.333384 -4.0629048 4294901760
1.5468156 3.1983166 -3.4822178 4294901760
2.2690644 5.3429871 -3.5759602 4294901760
3.5315921 7.3021951 -3.6346641 4294901760
3.9953229 9.4078236 -3.7472937 4294901760
5.5145445 11.402302 -3.8112299 4294901760
5.6213422 13.236626 -3.900394 4294901760
8.1680641 14.975067 -3.8723991 4294901760
8.4164591 19.818312 -4.1908031 4294901760
8.3213253 17.20582 -4.0234852 4294901760
7.9390135 21.565985 -4.3541679 4294901760
12.176513 22.324028 -4.0555096 4294901760
1.5558233 3.1899116 -3.4789922 4294901760
2.2913213 5.346055 -3.5775032 4294901760
3.5592251 7.2974954 -3.6333823 4294901760
4.0249395 9.3908911 -3.7425749 4294901760
5.5540628 11.38752 -3.8069477 4294901760
5.66677 13.221569 -3.8954897 4294901760
8.2157574 14.944411 -3.8651197 4294901760
8.4884157 19.804964 -4.1843982 4294901760
8.3853235 17.192467 -4.0179677 4294901760
8.000741 21.513353 -4.3422947 4294901760
12.275479 22.32902 -4.0502477 4294901760
1.5701491 3.1909671 -3.4812031 4294901760
2.3114972 5.3415594 -3.5764065 4294901760
3.5846746 7.285027 -3.6300392 4294901760
4.0576935 9.3767843 -3.7384434 4294901760
5.5955281 11.371624 -3.8023958 4294901760
5.7128839 13.201708 -3.889673 4294901760
8.2601461 14.901711 -3.8559546 4294901760
8.5479841 19.753242 -4.1729126 4294901760
8.445281 17.163092 -4.0100918 4294901760
8.0842094 21.507711 -4.3359733 4294901760
12.35915 22.296515 -4.0407028 4294901760
1.5802207 3.1819441 -3.4778292 4294901760
2.3279727 5.3259935 -3.571425 4294901760
3.6113498 7.2718406 -3.6265249 4294901760
4.0951972 9.3690939 -3.7356889 4294901760
5.6389313 11.354594 -3.7975729 4294901760
5.7596364 13.177039 -3.8829482 4294901760
8.3127623 14.867863 -3.84796 4294901760
8.6315069 19.747377 -4.166985 4294901760
8.5098991 17.135595 -4.002296 4294901760
8.1700706 21.496597 -4.3287029 4294901760
12.440784 22.25107 -4.0294991 4294901760
1.5896953 3.1731672 -3.4745295 4294901760
2.3465512 5.3178339 -3.5690677 4294901760
3.6349566 7.2556825 -3.6222346 4294901760
4.1294746 9.3583555 -3.7323351 4294901760
5.6732035 11.324197 -3.7903562 4294901760
5.8023906 13.149574 -3.8759005 4294901760
8.3646135 14.838752 -3.840822 4294901760
8.6987801 19.713472 -4.1577854 4294901760
8.5750237 17.116476 -3.9958451 4294901760
8.2507896 21.482851 -4.3213978 4294901760
12.500735 22.176195 -4.0155196 4294901760
1.6023979 3.1708336 -3.4748945 4294901760
2.3635337 5.3060913 -3.5654569 4294901760
3.6567254 7.2359476 -3.6170065 4294901760
4.1605105 9.3402729 -3.7273896 4294901760
5.7127004 11.304322 -3.7851217 4294901760
5.8563504 13.147403 -3.8730936 4294901760
8.4124279 14.802536 -3.83267 4294901760
8.7821589 19.715792 -4.1531506 4294901760
8.6383209 17.093555 -3.9888949 4294901760
8.3286228 21.461361 -4.3131528 4294901760
12.583994 22.142838 -4.0059357 4294901760
1.6134559 3.1652212 -3.4734247 4294901760
2.3820398 5.2978091 -3.5630951 4294901760
3.6855223 7.2301288 -3.6155238 4294901760
4.186604 9.3112755 -3.720073 4294901760
5.7485189 11.277244 -3.7785664 4294901760
5.9005742 13.123255 -3.8666375 4294901760
8.460084 14.766171 -3.8245189 4294901760
8.8672848 19.721409 -4.148931 4294901760
8.6943102 17.056192 -3.9800136 4294901760
8.406395 21.43959 -4.3048882 4294901760
12.681057 22.133427 -3.9988744 4294901760
1.6222856 3.1566296 -3.4701984 4294901760
2.4027762 5.2968974 -3.563343 4294901760
3.7112694 7.2213569 -3.6132648 4294901760
4.2223549 9.3081408 -3.7184894 4294901760
5.7822542 11.251061 -3.7722738 4294901760
5.9489861 13.114483 -3.8628812 4294901760
8.5149746 14.748384 -3.8192265 4294901760
8.9227409 19.670095 -4.1378436 4294901760
8.7526426 17.030819 -3.9729595 4294901760
8.4862576 21.433867 -4.2988777 4294901760
12.728423 22.046299 -3.9839938 4294901760
1.6299585 3.14451 -3.4650724 4294901760
2.4228561 5.2919793 -3.5622175 4294901760
3.7364559 7.2083573 -3.6098983 4294901760
4.261404 9.3077183 -3.7174692 4294901760
5.8251476 11.237853 -3.7683377 4294901760
5.9914203 13.086403 -3.8558075 4294901760
8.5603991 14.708242 -3.8105676 4294901760
8.996336 19.649712 -4.1303949 4294901760
8.8175468 17.010778 -3.9664466 4294901760
8.5684423 21.422644 -4.2919216 4294901760
12.8033 21.998278 -3.9729259 4294901760
1.6448337 3.1449392 -3.4671798 4294901760
2.4390047 5.2760701 -3.5572345 4294901760
3.7628524 7.194613 -3.6063592 4294901760
4.2954926 9.2920361 -3.7130811 4294901760
5.8662996 11.216426 -3.7628205 4294901760
6.0393476 13.064354 -3.849638 4294901760
8.6082039 14.666462 -3.801554 4294901760
9.0716496 19.623848 -4.1220331 4294901760
8.8761435 16.971279 -3.9571474 4294901760
8.6409245 21.376291 -4.2804217 4294901760
12.883846 21.951202 -3.9616745 4294901760
1.6552532 3.1394677 -3.4657788 4294901760
2.4581141 5.2714448 -3.5562203 4294901760
3.7866888 7.182096 -3.6031542 4294901760
4.3296208 9.2849054 -3.7106733 4294901760
5.9034605 11.196912 -3.7578237 4294901760
6.0826344 13.044256 -3.8440499 4294901760
8.6608458 14.644693 -3.7957373 4294901760
9.1400433 19.600893 -4.1145372 4294901760
8.9342299 16.945278 -3.9500594 4294901760
8.7147741 21.354912 -4.2725377 4294901760
12.944368 21.887737 -3.949348 4294901760
1.6662027 3.1336703 -3.4643023 4294901760
2.4781413 5.2663169 -3.5550809 4294901760
3.809896 7.16537 -3.5988491 4294901760
4.3620071 9.2697344 -3.7064805 4294901760
5.944375 11.17974 -3.7532077 4294901760
6.1315203 13.03014 -3.8393524 4294901760
8.7200727 14.628053 -3.7905354 4294901760
9.2101116 19.572477 -4.1061339 4294901760
8.9952011 16.917507 -3.9425609 4294901760
8.8029604 21.357576 -4.2673001 4294901760
13.03501 21.866425 -3.9411056 4294901760
1.6771303 3.1278355 -3.4628243 4294901760
2.4932039 5.2506757 -3.5502174 4294901760
3.8330297 7.1485715 -3.5945442 4294901760
4.3909459 9.2473125 -3.7007227 4294901760
5.977736 11.148433 -3.7459912 4294901760
6.1752582 13.005066 -3.8328571 4294901760
8.7772322 14.607771 -3.7848234 4294901760
9.2783728 19.540211 -4.097271 4294901760
9.041008 16.861412 -3.9312987 4294901760
8.8728533 21.315664 -4.2566757 4294901760
13.127707 21.848179 -3.9331851 4294901760
1.6863149 3.1187727 -3.4595253 4294901760
2.5148468 5.248888 -3.5503082 4294901760
3.859827 7.138597 -3.5920866 4294901760
4.4232006 9.2319279 -3.6965227 4294901760
6.0241666 11.141458 -3.7433031 4294901760
6.2206202 12.983429 -3.8269503 4294901760
8.8219833 14.566819 -3.7761521 4294901760
9.3430805 19.500504 -4.0875072 4294901760
9.1036062 16.83676 -3.9242573 4294901760
8.9580374 21.310318 -4.2504849 4294901760
13.193555 21.785139 -3.9206588 4294901760
1.7006599 3.1192343 -3.4616821 4294901760
2.5314736 5.2366109 -3.5466816 4294901760
3.8865948 7.1285272 -3.5896235 4294901760
4.4571133 9.2199926 -3.6930952 4294901760
6.0630136 11.120366 -3.7380188 4294901760
6.2693563 12.968801 -3.8222206 4294901760
8.8727674 14.535941 -3.7689526 4294901760
9.4058695 19.456999 -4.0772991 4294901760
9.1604033 16.801386 -3.9158058 4294901760
9.0385933 21.293619 -4.2429338 4294901760
13.259101 21.721918 -3.9081435 4294901760
1.714487 3.1199312 -3.4639056 4294901760
2.5505142 5.2316489 -3.5456438 4294901760
3.9083252 7.1121602 -3.5854802 4294901760
4.4876657 9.2051601 -3.6890941 4294901760
6.0960374 11.093242 -3.7317057 4294901760
6.3123312 12.947938 -3.8165925 4294901760
8.9188385 14.503044 -3.7616189 4294901760
9.4703455 19.425697 -4.0688548 4294901760
9.2199125 16.777901 -3.9091394 4294901760
9.1123066 21.270868 -4.234941 4294901760
13.356168 21.718643 -3.9020877 4294901760
1.7241539 3.1104553 -3.4605274 4294901760
2.5730751 5.229178 -3.5455935 4294901760
3.9343684 7.0977869 -3.5819168 4294901760
4.5161414 9.178009 -3.6823452 4294901760
6.1366582 11.070823 -3.7261479 4294901760
6.3544812 12.914009 -3.8085999 4294901760
8.9782362 14.480411 -3.755502 4294901760
9.5573406 19.423077 -4.0634651 4294901760
9.2813492 16.743994 -3.9007337 4294901760
9.2076511 21.277622 -4.2299447 4294901760
13.41675 21.638998 -3.8876319 4294901760
1.7344598 3.1047204 -3.4591131 4294901760
2.5904028 5.2206163 -3.5433111 4294901760
3.9617116 7.0915489 -3.5805252 4294901760
4.551825 9.173605 -3.6806555 4294901760
6.1791453 11.060803 -3.7230339 4294901760
6.4025774 12.903553 -3.804723 4294901760
9.0283194 14.453935 -3.7491241 4294901760
9.6394386 19.427021 -4.0593653 4294901760
9.3446054 16.727045 -3.8949645 4294901760
9.2653856 21.217705 -4.2175255 4294901760
13.488439 21.594385 -3.8773782 4294901760
1.7435055 3.0954895 -3.4558113 4294901760
2.6068823 5.2080989 -3.5396762 4294901760
3.9845119 7.0742621 -3.5762064 4294901760
4.5926585 9.1753359 -3.6802828 4294901760
6.2177095 11.039171 -3.7177267 4294901760
6.4511309 12.888241 -3.7999489 4294901760
9.0808296 14.425708 -3.7423778 4294901760
9.7161093 19.411102 -4.0525975 4294901760
9.4068384 16.701279 -3.887857 4294901760
9.3409891 21.18889 -4.2085752 4294901760
13.582866 21.577593 -3.8696659 4294901760
1.7530495 3.0859258 -3.4524362 4294901760
2.6224813 5.1916318 -3.5346925 4294901760
4.0123529 7.0630198 -3.5735452 4294901760
4.6280413 9.1619663 -3.6765995 4294901760
6.2581315 11.016306 -3.7121472 4294901760
6.4947424 12.857409 -3.7925291 4294901760
9.1379128 14.39905 -3.7357383 4294901760
9.7799978 19.361109 -4.041441 4294901760
9.4640541 16.659752 -3.8785007 4294901760
9.4332056 21.187332 -4.2026105 4294901760
13.668284 21.537775 -3.8593223 4294901760
1.7686758 3.0895343 -3.4564481 4294901760
2.6414301 5.1863399 -3.5336337 4294901760
4.0338025 7.0462723 -3.5693932 4294901760
4.6530147 9.1360035 -3.670264 4294901760
6.2965975 10.998938 -3.7077296 4294901760
6.5463653 12.85352 -3.789777 4294901760
9.1941891 14.382093 -3.7307692 4294901760
9.8314686 19.303684 -4.0298872 4294901760
9.5152836 16.621359 -3.8699484 4294901760
9.5001364 21.148651 -4.1927876 4294901760
13.737475 21.48897 -3.8486865 4294901760
1.7830744 3.0896211 -3.4585674 4294901760
2.6647995 5.1873665 -3.5348988 4294901760
4.0603361 7.0355453 -3.5668926 4294901760
4.6848793 9.1197052 -3.6660178 4294901760
6.338922 10.983763 -3.7036705 4294901760
6.5930138 12.834128 -3.7843831 4294901760
9.2292423 14.326474 -3.7201726 4294901760
9.902442 19.276346 -4.0217776 4294901760
9.5712566 16.584589 -3.8614464 4294901760
9.5837975 21.137173 -4.1859345 4294901760
13.825384 21.461025 -3.8398678 4294901760
1.7920259 3.0802441 -3.455261 4294901760
2.6828918 5.1780319 -3.5324807 4294901760
4.0848718 7.021328 -3.5634761 4294901760
4.7185049 9.1068039 -3.6625307 4294901760
6.3732357 10.954708 -3.6970735 4294901760
6.6286278 12.793377 -3.7755084 4294901760
9.2683554 14.277463 -3.7105443 4294901760
9.9715099 19.245203 -4.0132217 4294901760
9.6331024 16.557966 -3.8542976 4294901760
9.6625109 21.114477 -4.1777616 4294901760
13.908916 21.426027 -3.8303483 4294901760
1.799099 3.0677161 -3.4501519 4294901760
2.7009492 5.1686358 -3.5300603 4294901760
4.1113391 7.0104094 -3.5609643 4294901760
4.7539248 9.0972853 -3.6597986 4294901760
6.4194641 10.946087 -3.694258 4294901760
6.669559 12.763114 -3.7683749 4294901760
9.3290348 14.261691 -3.705663 4294901760
10.031232 19.196135 -4.0025144 4294901760
9.6928568 16.527679 -3.8466845 4294901760
9.7210875 21.048006 -4.1644344 4294901760
13.979246 21.370667 -3.8188019 4294901760
1.8097956 3.0614178 -3.4486535 4294901760
2.7207696 5.1625853 -3.5288579 4294901760
4.1337876 6.992641 -3.5566344 4294901760
4.7893348 9.0876303 -3.6570554 4294901760
6.4636893 10.933861 -3.6907964 4294901760
6.7140675 12.739757 -3.7623916 4294901760
9.3787584 14.229042 -3.6984007 4294901760
10.103755 19.171595 -3.9947941 4294901760
9.7586021 16.507475 -3.840409 4294901760
9.7911215 21.00671 -4.1541076 4294901760
14.062544 21.335077 -3.8092506 4294901760
1.8241817 3.0613108 -3.4507568 4294901760
2.7351573 5.1462545 -3.523993 4294901760
4.1541538 6.9714308 -3.5513997 4294901760
4.8173156 9.0638781 -3.6512644 4294901760
6.5038447 10.914641 -3.6860669 4294901760
6.7584939 12.716245 -3.756402 4294901760
9.4283657 14.19622 -3.6911335 4294901760
10.176229 19.146782 -3.9870541 4294901760
9.8182011 16.476738 -3.8327699 4294901760
9.8575878 20.957956 -4.1429257 4294901760
14.152391 21.309151 -3.8006713 4294901760
1.8329906 3.0518162 -3.4474525 4294901760
2.7531056 5.1366749 -3.5215659 4294901760
4.1825042 6.9636116 -3.5497799 4294901760
4.8451924 9.0400372 -3.6454751 4294901760
6.5419068 10.89187 -3.6807034 4294901760
6.8084788 12.703088 -3.7521203 4294901760
9.4800816 14.16653 -3.6843283 4294901760
10.24866 19.121691 -3.9792933 4294901760
9.8695011 16.43211 -3.8233361 4294901760
9.9460964 20.955875 -4.1372418 4294901760
14.264448 21.316032 -3.7953522 4294901760
1.8473879 3.0516009 -3.4495451 4294901760
2.7728519 5.1304207 -3.5203519 4294901760
4.2108512 6.9556785 -3.5481503 4294901760
4.8842392 9.0369778 -3.6442225 4294901760
6.5737247 10.858783 -3.673466 4294901760
6.8508925 12.675744 -3.7455418 4294901760
9.5339308 14.139953 -3.6779811 4294901760
10.311557 19.078777 -3.9694066 4294901760
9.9268045 16.397554 -3.8152375 4294901760
10.03126 20.946228 -4.1306739 4294901760
14.349936 21.28266 -3.7860358 4294901760
1.8518322 3.0361745 -3.4427218 4294901760
2.7861609 5.1144342 -3.5156126 4294901760
4.2338891 6.94168 -3.5448852 4294901760
4.9141736 9.0207348 -3.6401515 4294901760
6.6096902 10.836928 -3.6683683 4294901760
6.8928804 12.652961 -3.7398314 4294901760
9.5829954 14.111559 -3.6715238 4294901760
10.376663 19.047989 -3.9612312 4294901760
9.9790392 16.361151 -3.8070974 4294901760
10.088498 20.887691 -4.1186757 4294901760
14.436123 21.258093 -3.7778993 4294901760
1.8662169 3.0358682 -3.4448075 4294901760
2.8058527 5.1080532 -3.5143924 4294901760
4.2539878 6.9201741 -3.5396481 4294901760
4.9494395 9.0104523 -3.6373656 4294901760
6.6454034 10.81041 -3.6623766 4294901760
6.9331799 12.62185 -3.7326789 4294901760
9.6254539 14.06816 -3.6628392 4294901760
10.460383 19.043123 -3.9559324 4294901760
10.034006 16.322819 -3.7985463 4294901760
10.16485 20.859524 -4.1099725 4294901760
14.514755 21.214159 -3.7675586 4294901760
1.8748943 3.0262532 -3.4415045 4294901760
2.8255334 5.1015968 -3.5131662 4294901760
4.2801847 6.9086156 -3.5371039 4294901760
4.9770346 8.9862051 -3.6315651 4294901760
6.6810112 10.783772 -3.656384 4294901760
6.9752727 12.594091 -3.7260921 4294901760
9.6858082 14.050869 -3.6578524 4294901760
10.517132 18.989038 -3.9447658 4294901760
10.105623 16.311415 -3.7935052 4294901760
10.25346 20.856155 -4.104166 4294901760
14.593255 21.169935 -3.7572038 4294901760
1.8898137 3.0255108 -3.4435046 4294901760
2.8479688 5.0979319 -3.5130215 4294901760
4.3033981 6.8895564 -3.5325925 4294901760
5.0060797 8.9610023 -3.6255527 4294901760
6.7267947 10.76931 -3.6525874 4294901760
7.0175033 12.561498 -3.7186387 4294901760
9.7372379 14.015275 -3.6501801 4294901760
10.582763 18.943398 -3.9343977 4294901760
10.156888 16.260742 -3.7832162 4294901760
10.324503 20.807705 -4.0928636 4294901760
14.686692 21.139265 -3.74789 4294901760
1.8940449 3.0100219 -3.4366946 4294901760
2.8686392 5.0951719 -3.5131125 4294901760
4.3262229 6.8752465 -3.5293186 4294901760
5.0454655 8.9615707 -3.625205 4294901760
6.7603588 10.743583 -3.6468551 4294901760
7.0649767 12.548553 -3.7145972 4294901760
9.7790976 13.976378 -3.6423168 4294901760
10.647486 18.911674 -3.9261734 4294901760
10.212882 16.230343 -3.7759252 4294901760
10.397025 20.780493 -4.0845823 4294901760
14.759008 21.093714 -3.737731 4294901760
1.9064811 3.0064542 -3.436974 4294901760
2.8826034 5.0784283 -3.5082486 4294901760
4.3522944 6.8634162 -3.5267615 4294901760
5.0786662 8.9473438 -3.6216385 4294901760
6.8063183 10.733325 -3.6439192 4294901760
7.1126595 12.530733 -3.7096789 4294901760
9.8186445 13.929141 -3.6331785 4294901760
10.711462 18.870924 -3.9166615 4294901760
10.271606 16.197964 -3.7682185 4294901760
10.480286 20.765457 -4.0774512 4294901760
14.844048 21.058388 -3.728282 4294901760
1.9169649 2.9997802 -3.4354615 4294901760
2.9003143 5.0683346 -3.5057971 4294901760
4.3762279 6.8481803 -3.5233083 4294901760
5.1098704 8.9295597 -3.6173193 4294901760
6.8458829 10.712843 -3.6391304 4294901760
7.1563606 12.505827 -3.7036302 4294901760
9.8533735 13.875297 -3.6231389 4294901760
10.785203 18.847271 -3.9091911 4294901760
10.319503 16.148569 -3.7583389 4294901760
10.558146 20.739418 -4.0690584 4294901760
14.924407 21.016211 -3.7181764 4294901760
1.9293864 2.9961188 -3.435734 4294901760
2.9199121 5.0615172 -3.5045466 4294901760
4.400104 6.8328638 -3.5198529 4294901760
5.1429815 8.9150934 -3.6137397 4294901760
6.8789358 10.68221 -3.6325054 4294901760
7.1979804 12.477328 -3.6970201 4294901760
9.9202833 13.866733 -3.6194592 4294901760
10.848927 18.806057 -3.8996603 4294901760
10.371489 16.105749 -3.7493298 4294901760
10.634119 20.709539 -4.0602379 4294901760
15.006965 20.976978 -3.7083693 4294901760
1.9378592 2.9863253 -3.4324331 4294901760
2.9414341 5.0579538 -3.5044918 4294901760
4.4260631 6.8207555 -3.5172813 4294901760
5.1720815 8.893671 -3.6086707 4294901760
6.9118605 10.651478 -3.6258831 4294901760
7.2374897 12.445252 -3.689852 4294901760
9.9686251 13.832022 -3.6121368 4294901760
10.914503 18.768074 -3.8905303 4294901760
10.436322 16.082827 -3.7428946 4294901760
10.702669 20.665207 -4.0497742 4294901760
15.080094 20.924469 -3.6972923 4294901760
1.9477521 2.979882 -3.4309928 4294901760
2.9620869 5.0548177 -3.5045509 4294901760
4.4486585 6.8060389 -3.5139916 4294901760
5.1975503 8.8696489 -3.6030774 4294901760
6.9449754 10.625175 -3.6201396 4294901760
7.2666588 12.400594 -3.6807728 4294901760
10.033155 13.824672 -3.6087737 4294901760
10.966598 18.71456 -3.8798242 4294901760
10.493963 16.054802 -3.7359929 4294901760
10.778533 20.643753 -4.0422173 4294901760
15.177549 20.913126 -3.690491 4294901760
1.9546713 2.9666691 -3.425837 4294901760
2.9766736 5.0372953 -3.4995635 4294901760
4.4735732 6.7896891 -3.5103536 4294901760
5.234045 8.8573465 -3.6000051 4294901760
6.9816875 10.596337 -3.6138554 4294901760
7.3100352 12.370455 -3.6738629 4294901760
10.086106 13.791023 -3.6015108 4294901760
11.053382 18.705158 -3.8738554 4294901760
10.559315 16.02622 -3.7286878 4294901760
10.854118 20.604111 -4.0320587 4294901760
15.270594 20.879923 -3.6809886 4294901760
1.967021 2.9628477 -3.4261017 4294901760
2.9942403 5.0268731 -3.4970961 4294901760
4.4950776 6.770762 -3.5060046 4294901760
5.2669554 8.8424158 -3.5964022 4294901760
7.0098572 10.558677 -3.6060312 4294901760
7.3613148 12.358526 -3.6700039 4294901760
10.120014 13.73649 -3.5914829 4294901760
11.118612 18.666456 -3.8646922 4294901760
10.619607 15.995904 -3.7213504 4294901760
10.92598 20.566095 -4.0223713 4294901760
15.345759 20.8297 -3.6701663 4294901760
1.9793676 2.9589763 -3.4263625 4294901760
3.0097878 5.0130882 -3.4934316 4294901760
4.5165062 6.75177 -3.5016565 4294901760
5.2998257 8.8273649 -3.592792 4294901760
7.0643229 10.560527 -3.6054332 4294901760
7.4105539 12.342984 -3.6655777 4294901760
10.175025 13.710673 -3.5854721 4294901760
11.187815 18.634373 -3.8563206 4294901760
10.670948 15.952107 -3.7123117 4294901760
11.001478 20.534866 -4.013474 4294901760
15.442178 20.808071 -3.6620846 4294901760
1.9896824 2.9520502 -3.4248424 4294901760
3.0232763 4.9959621 -3.4885759 4294901760
4.5422339 6.7392178 -3.4990661 4294901760
5.3306007 8.808815 -3.5884435 4294901760
7.0900483 10.519357 -3.5970101 4294901760
7.4515266 12.313643 -3.6589501 4294901760
10.227582 13.681458 -3.5790062 4294901760
11.252781 18.595213 -3.8471406 4294901760
10.728785 15.918074 -3.7045376 4294901760
11.073077 20.496347 -4.0037656 4294901760
15.524268 20.766846 -3.6521428 4294901760
2.0020123 2.9480853 -3.4250963 4294901760
3.0447102 4.9919548 -3.4884896 4294901760
4.5701404 6.7298107 -3.4973454 4294901760
5.3613191 8.7901516 -3.5840898 4294901760
7.1289563 10.497824 -3.5921862 4294901760
7.4944673 12.287555 -3.6528642 4294901760
10.25372 13.617038 -3.5676765 4294901760
11.319706 18.559225 -3.8383465 4294901760
10.779808 15.873927 -3.6954963 4294901760
11.138832 20.447048 -3.9928544 4294901760
15.623091 20.747614 -3.6442928 4294901760
2.01229 2.9410794 -3.4235723 4294901760
3.0641327 4.9845786 -3.4872053 4294901760
4.5958161 6.7170544 -3.4947414 4294901760
5.3940382 8.7747526 -3.5804627 4294901760
7.172276 10.482701 -3.5885491 4294901760
7.5373106 12.261322 -3.6467743 4294901760
10.318034 13.603375 -3.5634041 4294901760
11.384417 18.519602 -3.8291481 4294901760
10.821642 15.816463 -3.6847892 4294901760
11.21782 20.422041 -3.984709 4294901760
15.712306 20.715225 -3.6351995 4294901760
2.0225449 2.934037 -3.4220474 4294901760
3.0835435 4.9771266 -3.4859152 4294901760
4.6236897 6.7074289 -3.4930043 4294901760
5.4246373 8.7558689 -3.5761001 4294901760
7.197566 10.441264 -3.5801408 4294901760
7.5800676 12.234935 -3.6406784 4294901760
10.375133 13.579934 -3.5577908 4294901760
11.457402 18.493313 -3.8215117 4294901760
10.87679 15.778589 -3.6765878 4294901760
11.302582 20.4072 -3.9777186 4294901760
15.801496 20.682461 -3.6260755 4294901760
2.0286393 2.9210033 -3.41698 4294901760
3.1008997 4.9663315 -3.4834332 4294901760
4.642602 6.684804 -3.4877734 4294901760
5.4530768 8.7335253 -3.5710077 4294901760
7.2475533 10.435629 -3.5782673 4294901760
7.6206274 12.205026 -3.6340373 4294901760
10.432191 13.556256 -3.5521595 4294901760
11.504986 18.426126 -3.8091609 4294901760
10.938629 15.750347 -3.6696227 4294901760
11.369863 20.360649 -3.9671712 4294901760
15.878472 20.633503 -3.615438 4294901760
2.042979 2.9198456 -3.4189947 4294901760
3.1182151 4.9554777 -3.4809499 4294901760
4.665906 6.6685586 -3.4842865 4294901760
5.4814219 8.7110939 -3.5659163 4294901760
7.2907581 10.420023 -3.5745976 4294901760
7.6652985 12.181718 -3.6284723 4294901760
10.479444 13.519762 -3.5447762 4294901760
11.567104 18.382481 -3.7995574 4294901760
10.998108 15.718604 -3.662231 4294901760
11.436941 20.313881 -3.9566224 4294901760
15.979751 20.615829 -3.6077416 4294901760
2.0563166 2.9193406 -3.4211552 4294901760
3.1337671 4.9456573 -3.4787128 4294901760
4.6890912 6.6570754 -3.4820147 4294901760
5.5151067 8.7038469 -3.5641522 4294901760
7.3166008 10.387335 -3.5679221 4294901760
7.7077866 12.164296 -3.6240473 4294901760
10.516965 13.480494 -3.5372627 4294901760
11.61198 18.325829 -3.7889321 4294901760
11.054319 15.693752 -3.6560605 4294901760
11.520393 20.312576 -3.9517081 4294901760
16.066542 20.593864 -3.6002462 4294901760
2.0628066 2.9058719 -3.4160147 4294901760
3.1539471 4.9373837 -3.4772825 4294901760
4.7157311 6.6430416 -3.479213 4294901760
5.5469728 8.6835737 -3.5595555 4294901760
7.3592196 10.36692 -3.5633752 4294901760
7.7480397 12.12926 -3.6165526 4294901760
10.568767 13.444987 -3.529937 4294901760
11.685518 18.293232 -3.780412 4294901760
11.116386 15.659634 -3.6482313 4294901760
11.596752 20.273678 -3.9418025 4294901760
16.144386 20.537975 -3.5886881 4294901760
2.0750453 2.9016025 -3.4162498 4294901760
3.1732471 4.9295845 -3.4759717 4294901760
4.7388892 6.6265407 -3.4757166 4294901760
5.5815277 8.6708069 -3.5566134 4294901760
7.3907433 10.334713 -3.5567462 4294901760
7.7924819 12.105486 -3.6109669 4294901760
10.610687 13.401771 -3.5216875 4294901760
11.753619 18.259045 -3.7719519 4294901760
11.182571 15.636949 -3.6420236 4294901760
11.681404 20.257282 -3.9346845 4294901760
16.253157 20.52846 -3.581748 4294901760
2.0830431 2.8913999 -3.4129546 4294901760
3.1883402 4.9152446 -3.4722984 4294901760
4.7619929 6.6099572 -3.4722176 4294901760
5.6203666 8.6645327 -3.5550957 4294901760
7.4244566 10.305631 -3.550705 4294901760
7.8390231 12.084882 -3.6059039 4294901760
10.659889 13.367761 -3.5147231 4294901760
11.810774 18.207857 -3.7615631 4294901760
11.22544 15.581643 -3.6317408 4294901760
11.748038 20.20948 -3.9240839 4294901760
16.339659 20.490328 -3.5721552 4294901760
2.0931242 2.8841105 -3.4114232 4294901760
3.2054791 4.9040847 -3.4698036 4294901760
4.7827358 6.5901194 -3.4678555 4294901760
5.650579 8.6448593 -3.5506976 4294901760
7.4650488 10.286072 -3.5464118 4294901760
7.8811617 12.057444 -3.5997698 4294901760
10.728936 13.358412 -3.5111573 4294901760
11.867713 18.156496 -3.751178 4294901760
11.279766 15.542361 -3.6234882 4294901760
11.796316 20.130459 -3.9100466 4294901760
16.418592 20.442505 -3.5616775 4294901760
2.1031766 2.8767881 -3.4098914 4294901760
3.2246935 4.8960848 -3.4684827 4294901760
4.8103352 6.5797205 -3.4660742 4294901760
5.6807146 8.6250868 -3.5462976 4294901760
7.5102692 10.272771 -3.5432727 4294901760
7.927568 12.036507 -3.5946894 4294901760
10.77549 13.320888 -3.5037448 4294901760
11.941981 18.13163 -3.7438331 4294901760
11.338644 15.509337 -3.6160367 4294901760
11.868527 20.092606 -3.9005988 4294901760
16.504902 20.403709 -3.5520432 4294901760
2.111057 2.8665094 -3.4066 4294901760
3.2396359 4.8815875 -3.4648087 4294901760
4.8332758 6.5628877 -3.4625678 4294901760
5.7086048 8.6019096 -3.5411804 4294901760
7.5366731 10.233709 -3.5354807 4294901760
7.960743 11.995503 -3.586436 4294901760
10.82696 13.289367 -3.4971716 4294901760
12.007412 18.093155 -3.7349513 4294901760
11.378534 15.450399 -3.6053708 4294901760
11.940639 20.05448 -3.8911357 4294901760
16.60882 20.386213 -3.5443623 4294901760
2.1232092 2.8620348 -3.4068246 4294901760
3.2523725 4.8638463 -3.4599652 4294901760
4.8631635 6.5554271 -3.4616284 4294901760
5.7451844 8.5917873 -3.5389075 4294901760
7.5747108 10.210527 -3.5305886 4294901760
7.9937205 11.95442 -3.5781929 4294901760
10.880858 13.260731 -3.4910104 4294901760
12.070491 18.051134 -3.7256854 4294901760
11.449019 15.433002 -3.599901 4294901760
12.016729 20.022947 -3.8824148 4294901760
16.705206 20.358986 -3.5357895 4294901760
2.136529 2.8611593 -3.4089541 4294901760
3.2654874 4.850409 -3.4565458 4294901760
4.8813896 6.536973 -3.4576101 4294901760
5.7677364 8.5671377 -3.5335164 4294901760
7.6043792 10.183498 -3.5250847 4294901760
8.0401249 11.942443 -3.5747595 4294901760
10.922467 13.226479 -3.4843223 4294901760
12.131602 18.019739 -3.7180877 4294901760
11.485524 15.380981 -3.5904689 4294901760
12.085773 19.995342 -3.8746612 4294901760
16.751287 20.284845 -3.5235624 4294901760
2.1475 2.8529341 -3.4072616 4294901760
3.2905786 4.8473945 -3.4573028 4294901760
4.9088135 6.5213137 -3.4545963 4294901760
5.8028111 8.5481968 -3.5293691 4294901760
7.6386552 10.147883 -3.5179129 4294901760
8.0970926 11.927934 -3.5705998 4294901760
10.965533 13.175257 -3.4748943 4294901760
12.196227 17.966421 -3.7071314 4294901760
11.544502 15.336765 -3.5813711 4294901760
12.145842 19.921522 -3.8608105 4294901760
16.811176 20.198887 -3.5090761 4294901760
2.1618259 2.8511987 -3.4092264 4294901760
3.309653 4.8390589 -3.4559648 4294901760
4.9315462 6.5041404 -3.4510779 4294901760
5.8370757 8.5344152 -3.5263629 4294901760
7.6740298 10.12116 -3.5124381 4294901760
8.1431675 11.906163 -3.565475 4294901760
11.026804 13.155214 -3.4699562 4294901760
12.267873 17.936914 -3.6993296 4294901760
11.62687 15.334499 -3.5778148 4294901760
12.206944 19.8654 -3.8494523 4294901760
16.873882 20.130905 -3.4968567 4294901760
2.1685722 2.8415115 -3.4060874 4294901760
3.3270228 4.831811 -3.4548726 4294901760
4.9519539 6.4886165 -3.4479101 4294901760
5.8683405 8.5225477 -3.5237901 4294901760
7.7106004 10.103311 -3.5086503 4294901760
8.1624861 11.85432 -3.555774 4294901760
11.080915 13.135731 -3.4653263 4294901760
12.326423 17.901575 -3.6913309 4294901760
11.667728 15.288392 -3.5691714 4294901760
12.279791 19.843927 -3.8424158 4294901760
16.895842 20.028961 -3.4822121 4294901760
2.178973 2.8335435 -3.4044678 4294901760
3.3403182 4.8132544 -3.4499078 4294901760
4.9757037 6.4704218 -3.4442122 4294901760
5.899539 8.5009813 -3.5191381 4294901760
7.7524195 10.081271 -3.5040305 4294901760
8.2036142 11.821054 -3.5487869 4294901760
11.134148 13.101097 -3.4583235 4294901760
12.401057 17.869387 -3.6830292 4294901760
11.721256 15.24236 -3.5600684 4294901760
12.348219 19.792009 -3.8312943 4294901760
16.943283 19.93647 -3.4675496 4294901760
2.1910701 2.8287868 -3.4046724 4294901760
3.3548913 4.798409 -3.4462359 4294901760
5.0030627 6.4592175 -3.4423811 4294901760
5.9291749 8.4803362 -3.5147052 4294901760
7.7972789 10.066698 -3.5008109 4294901760
8.2584972 11.811902 -3.5457115 4294901760
11.190166 13.074256 -3.4525054 4294901760
12.463353 17.825991 -3.6737111 4294901760
11.77683 15.204508 -3.5521572 4294901760
12.4236 19.758926 -3.822499 4294901760
17.036135 19.90451 -3.4586387 4294901760
2.2031617 2.8239789 -3.4048729 4294901760
3.3804944 4.7992644 -3.4483671 4294901760
5.030406 6.4478974 -3.4405413 4294901760
5.9610195 8.4628181 -3.5109682 4294901760
7.8226113 10.026903 -3.4930487 4294901760
8.3065529 11.792755 -3.5410719 4294901760
11.23574 13.035113 -3.4450364 4294901760
12.530101 17.788897 -3.6651139 4294901760
11.851907 15.191592 -3.5473285 4294901760
12.496778 19.722183 -3.8133199 4294901760
17.238482 19.999178 -3.4610057 4294901760
2.2080348 2.810956 -3.3999143 4294901760
3.3941615 4.7848873 -3.4448164 4294901760
5.0541821 6.4342661 -3.4380279 4294901760
5.9821882 8.4333344 -3.5046577 4294901760
7.8607192 10.00715 -3.4889576 4294901760
8.3456106 11.765147 -3.5351944 4294901760
11.289342 13.009817 -3.4395678 4294901760
12.579785 17.734236 -3.6547985 4294901760
11.909603 15.161614 -3.5405753 4294901760
12.581433 19.710918 -3.8071656 4294901760
17.249741 19.878569 -3.4444959 4294901760
2.2138224 2.7971594 -3.3948066 4294901760
3.4049547 4.7630148 -3.4387016 4294901760
5.0825973 6.4218497 -3.435997 4294901760
6.017653 8.4177837 -3.5013897 4294901760
7.8998041 9.9813843 -3.4837453 4294901760
8.3909864 11.737718 -3.5292041 4294901760
11.355296 12.989345 -3.4345503 4294901760
12.658619 17.707487 -3.6471641 4294901760
11.962615 15.114737 -3.5314431 4294901760
12.655748 19.668032 -3.7970884 4294901760
17.440748 19.950506 -3.4444633 4294901760
2.221314 2.7865796 -3.3915229 4294901760
3.4170592 4.7448483 -3.4338763 4294901760
5.10254 6.4010015 -3.4316161 4294901760
6.0516219 8.4031401 -3.4983337 4294901760
7.9271808 9.944438 -3.4765592 4294901760
8.4295864 11.705127 -3.5224993 4294901760
11.384781 12.931688 -3.4246371 4294901760
12.720357 17.663191 -3.6378157 4294901760
12.042644 15.107178 -3.5273011 4294901760
12.737361 19.643827 -3.7892942 4294901760
17.570978 19.958437 -3.4390299 4294901760
2.2350817 2.784852 -3.3935378 4294901760
3.4395602 4.7428441 -3.4349506 4294901760
5.1163754 6.374867 -3.425739 4294901760
6.0748162 8.3766251 -3.4927213 4294901760
7.9601173 9.9180937 -3.4713328 4294901760
8.4660254 11.673886 -3.516104 4294901760
11.430246 12.89684 -3.4179282 4294901760
12.806978 17.65967 -3.6332169 4294901760
12.105157 15.082702 -3.5212591 4294901760
12.817719 19.624872 -3.7823293 4294901760
17.645018 19.909016 -3.4288428 4294901760
2.2447867 2.777035 -3.391993 4294901760
3.458364 4.733922 -3.4335847 4294901760
5.1484547 6.369174 -3.4255466 4294901760
6.1016817 8.3521814 -3.4875829 4294901760
8.0121431 9.9118547 -3.4697313 4294901760
8.4949846 11.628213 -3.5073822 4294901760
11.504358 12.889557 -3.4148417 4294901760
12.875592 17.624533 -3.624907 4294901760
12.145189 15.024863 -3.5110033 4294901760
12.875155 19.563345 -3.7705617 4294901760
17.733006 19.868172 -3.4191122 4294901760
2.2516959 2.766763 -3.3887877 4294901760
3.4717615 4.7193236 -3.430038 4294901760
5.1794519 6.364233 -3.4255161 4294901760
6.1363735 8.3414516 -3.4854231 4294901760
8.0324478 9.8698406 -3.4617119 4294901760
8.5264311 11.590366 -3.4999878 4294901760
11.560352 12.866145 -3.4096997 4294901760
12.933971 17.581736 -3.6159868 4294901760
12.220116 15.015423 -3.5068197 4294901760
12.931144 19.507231 -3.7596552 4294901760
17.657347 19.651823 -3.3943832 4294901760
2.2641194 2.7612956 -3.388901 4294901760
3.4936225 4.7127566 -3.4296882 4294901760
5.195281 6.3361087 -3.4192874 4294901760
6.1669035 8.3189058 -3.4807439 4294901760
8.0635338 9.834198 -3.4548187 4294901760
8.5735893 11.565428 -3.4944882 4294901760
11.623464 12.841404 -3.4041848 4294901760
13.010202 17.550241 -3.6078846 4294901760
12.264953 14.958203 -3.4965203 4294901760
12.989245 19.439793 -3.7470522 4294901760
17.603304 19.44783 -3.3702328 4294901760
2.2737448 2.7533748 -3.3873539 4294901760
3.5077481 4.6974459 -3.4260149 4294901760
5.2173681 6.317934 -3.4157379 4294901760
6.1935415 8.2941608 -3.4755988 4294901760
8.092761 9.7998705 -3.4482052 4294901760
8.6139097 11.535428 -3.4882886 4294901760
11.660172 12.791922 -3.3954709 4294901760
13.069001 17.50152 -3.5981262 4294901760
12.339941 14.942962 -3.4914944 4294901760
13.054799 19.39102 -3.736717 4294901760
17.684538 19.401018 -3.3601067 4294901760
2.2833431 2.7454207 -3.3858066 4294901760
3.5241256 4.6851721 -3.4234889 4294901760
5.2368841 6.2966661 -3.4113579 4294901760
6.2248344 8.2756472 -3.4718225 4294901760
8.1294603 9.7746105 -3.443248 4294901760
8.6469555 11.495752 -3.480592 4294901760
11.723609 12.771677 -3.3906956 4294901760
13.156404 17.490868 -3.5925505 4294901760
12.392032 14.899793 -3.4830959 4294901760
13.142578 19.375059 -3.7298734 4294901760
18.008692 19.618633 -3.3728065 4294901760
2.2924328 2.7378352 -3.3843362 4294901760
3.544291 4.6796036 -3.4233766 4294901760
5.2703223 6.2943063 -3.4121242 4294901760
6.2570105 8.2612648 -3.4689476 4294901760
8.1618233 9.7476034 -3.4380136 4294901760
8.682621 11.46385 -3.4742067 4294901760
11.792918 12.761988 -3.3874485 4294901760
13.231185 17.469418 -3.5860195 4294901760
12.438804 14.85557 -3.4747481 4294901760
13.222506 19.354452 -3.7228007 4294901760
18.087187 19.573481 -3.3630683 4294901760
2.3047915 2.7321837 -3.384439 4294901760
3.5614216 4.6665788 -3.420718 4294901760
5.2933607 6.2749429 -3.4083858 4294901760
6.2824564 8.231988 -3.4628932 4294901760
8.2026186 9.7236824 -3.4333181 4294901760
8.7245865 11.431943 -3.4676938 4294901760
11.850477 12.73033 -3.3810701 4294901760
13.292715 17.417624 -3.5757496 4294901760
12.513744 14.834248 -3.4688649 4294901760
13.302424 19.319002 -3.7136528 4294901760
18.186028 19.536272 -3.3533993 4294901760
2.3072712 2.7158351 -3.3777075 4294901760
3.5800343 4.6571751 -3.4193263 4294901760
5.3203068 6.2624087 -3.4064741 4294901760
6.3015132 8.1974773 -3.4557109 4294901760
8.2493496 9.7101164 -3.4305274 4294901760
8.764432 11.401424 -3.4614904 4294901760
11.894835 12.688894 -3.3735061 4294901760
13.372877 17.396435 -3.5690463 4294901760
12.555114 14.778332 -3.458986 4294901760
13.387968 19.298697 -3.7063673 4294901760
18.240444 19.458117 -3.3405485 4294901760
2.3238084 2.716028 -3.3813381 4294901760
3.5891955 4.6355119 -3.4133739 4294901760
5.3446865 6.2467794 -3.4037311 4294901760
6.3373508 8.1848049 -3.4532788 4294901760
8.2831964 9.6812601 -3.4249995 4294901760
8.8114834 11.380194 -3.4567554 4294901760
11.93359 12.641501 -3.3651676 4294901760
13.44574 17.365421 -3.5612833 4294901760
12.598852 14.725326 -3.4494803 4294901760
13.446111 19.238754 -3.6949332 4294901760
18.209578 19.289787 -3.3200572 4294901760
2.3375349 2.7138 -3.3833122 4294901760
3.6116536 4.6326971 -3.4143806 4294901760
5.3576941 6.2201042 -3.3978791 4294901760
6.3620291 8.1606264 -3.4483564 4294901760
8.2945404 9.6296854 -3.4154115 4294901760
8.8369503 11.335227 -3.4484038 4294901760
11.972704 12.598969 -3.3575976 4294901760
13.503257 17.320736 -3.5522728 4294901760
12.660626 14.698565 -3.4433019 4294901760
13.502948 19.184265 -3.6843507 4294901760
18.171669 19.122189 -3.3000188 4294901760
2.3446162 2.7028868 -3.3800354 4294901760
3.6277997 4.6200643 -3.4118433 4294901760
5.3793693 6.2013679 -3.3943164 4294901760
6.390471 8.1383724 -3.443887 4294901760
8.3228979 9.5946836 -3.4088156 4294901760
8.8789129 11.307445 -3.4426832 4294901760
12.022109 12.562862 -3.3508019 4294901760
13.583338 17.298609 -3.5454941 4294901760
12.756258 14.705487 -3.4410141 4294901760
13.592907 19.169582 -3.6776836 4294901760
18.376339 19.202906 -3.3007185 4294901760
2.3540375 2.6946857 -3.3784816 4294901760
3.6415164 4.6043501 -3.4081702 4294901760
5.4087272 6.1914134 -3.393204 4294901760
6.4237466 8.1222143 -3.4407587 4294901760
8.3641729 9.5745363 -3.4049156 4294901760
8.9207993 11.279498 -3.436955 4294901760
12.074183 12.529422 -3.3443782 4294901760
13.648595 17.257345 -3.5366609 4294901760
12.841614 14.6999 -3.437227 4294901760
13.645821 19.102526 -3.6655715 4294901760
18.501453 19.19902 -3.294229 4294901760
2.3610353 2.6837296 -3.3752084 4294901760
3.6647677 4.6006484 -3.409029 4294901760
5.4303074 6.1724944 -3.3896334 4294901760
6.4545236 8.1028309 -3.4369509 4294901760
8.4106493 9.560174 -3.402077 4294901760
8.9601202 11.248288 -3.4307368 4294901760
12.134489 12.504343 -3.3390808 4294901760
13.721186 17.225199 -3.5288219 4294901760
12.906017 14.669946 -3.4305353 4294901760
13.714756 19.058016 -3.6558256 4294901760
18.568363 19.134319 -3.2826259 4294901760
2.3679845 2.6727588 -3.371938 4294901760
3.6783931 4.5848246 -3.4053543 4294901760
5.444016 6.1446948 -3.3836205 4294901760
6.4753466 8.0710049 -3.4304647 4294901760
8.4492311 9.5366993 -3.3976161 4294901760
8.9943495 11.210742 -3.423552 4294901760
12.183628 12.467609 -3.3322537 4294901760
13.788717 17.186541 -3.5202971 4294901760
12.957144 14.624808 -3.4220483 4294901760
13.790564 19.022955 -3.6470745 4294901760
18.579218 19.01227 -3.2662573 4294901760
2.3797138 2.667181 -3.3721027 4294901760
3.6967967 4.5749516 -3.4039397 4294901760
5.4628215 6.122725 -3.379241 4294901760
6.5084505 8.0544996 -3.427321 4294901760
8.4771881 9.5012245 -3.3910136 4294901760
9.0234318 11.166902 -3.4154093 4294901760
12.227077 12.425002 -3.3246667 4294901760
13.856153 17.147612 -3.5117567 4294901760
13.005465 14.576513 -3.4132049 4294901760
13.868658 18.990816 -3.6386349 4294901760
18.690289 18.992836 -3.2584724 4294901760
2.3865862 2.656162 -3.3688347 4294901760
3.7151744 4.5650082 -3.4025211 4294901760
5.4972672 6.1182084 -3.3797283 4294901760
6.5290403 8.0225363 -3.4208429 4294901760
8.5102997 9.4715767 -3.3854804 4294901760
9.0673752 11.141507 -3.4101529 4294901760
12.289997 12.402052 -3.3196986 4294901760
13.943626 17.133184 -3.505842 4294901760
13.050936 14.525099 -3.4040122 4294901760
13.934861 18.942293 -3.6285203 4294901760
18.753658 18.924646 -3.2466412 4294901760
2.4007089 2.6531909 -3.3707087 4294901760
3.7359715 4.5579691 -3.4022233 4294901760
5.5317502 6.113523 -3.3801975 4294901760
6.5745459 8.0210934 -3.4210079 4294901760
8.5459757 9.4447527 -3.3804753 4294901760
9.1162987 11.122089 -3.4058414 4294901760
12.350095 12.375986 -3.3143327 4294901760
14.008412 17.090576 -3.4969318 4294901760
13.109587 14.488317 -3.3965747 4294901760
14.008032 18.903152 -3.619386 4294901760
18.813967 18.853409 -3.2345786 4294901760
2.4075129 2.6421154 -3.3674419 4294901760
3.7445011 4.5359893 -3.3962989 4294901760
5.5530548 6.0941772 -3.3766136 4294901760
6.6075344 8.0041924 -3.4178393 4294901760
8.5842333 9.4207325 -3.3759949 4294901760
9.1651907 11.102469 -3.4015148 4294901760
12.404508 12.344041 -3.3082061 4294901760
14.070518 17.044653 -3.4876866 4294901760
13.173501 14.457206 -3.3898244 4294901760
14.102581 18.89253 -3.6131837 4294901760
18.823046 18.731291 -3.2183607 4294901760
2.4118183 2.6283536 -3.362468 4294901760
3.7603111 4.5228915 -3.3937502 4294901760
5.5742922 6.0747571 -3.373029 4294901760
6.6379595 7.9841185 -3.4140022 4294901760
8.6224298 9.3965597 -3.3715065 4294901760
9.2038879 11.07041 -3.3952765 4294901760
12.447519 12.300668 -3.30059 4294901760
14.124825 16.9893 -3.4774606 4294901760
13.237361 14.425824 -3.383055 4294901760
14.178036 18.855953 -3.6043298 4294901760
18.893993 18.671089 -3.2072632 4294901760
2.4258997 2.6252432 -3.3643334 4294901760
3.7834959 4.5185966 -3.3945622 4294901760
5.592803 6.0523801 -3.3686397 4294901760
6.665791 7.9608974 -3.4095011 4294901760
8.6605654 9.3722296 -3.3670092 4294901760
9.2450323 11.041263 -3.3895078 4294901760
12.498913 12.26551 -3.2940748 4294901760
14.196857 16.955185 -3.4694974 4294901760
13.298464 14.391238 -3.3759205 4294901760
14.246181 18.809525 -3.5944846 4294901760
19.055962 18.700113 -3.2034492 4294901760
2.4350483 2.6167598 -3.3627789 4294901760
3.8042109 4.5112529 -3.3942451 4294901760
5.6219106 6.0414367 -3.3674622 4294901760
6.6884418 7.9315405 -3.4036863 4294901760
8.6986322 9.3477535 -3.3625054 4294901760
9.283514 11.008926 -3.3832643 4294901760
12.547351 12.227365 -3.287185 4294901760
14.25338 16.902479 -3.4595883 4294901760
13.335035 14.330141 -3.3656824 4294901760
14.299643 18.743816 -3.5826991 4294901760
19.132557 18.644634 -3.1927354 4294901760
2.4432578 2.6090965 -3.3613796 4294901760
3.8158734 4.4963412 -3.3908238 4294901760
5.6435456 6.026607 -3.3650317 4294901760
6.7056561 7.9014459 -3.3976707 4294901760
8.7279596 9.3203783 -3.3575063 4294901760
9.3129101 10.973639 -3.3767047 4294901760
12.568542 12.17126 -3.2781396 4294901760
14.319324 16.872826 -3.4525554 4294901760
13.377267 14.285263 -3.357677 4294901760
14.365758 18.708296 -3.5745058 4294901760
19.191044 18.584429 -3.182271 4294901760
2.4523499 2.6005523 -3.3598247 4294901760
3.8290417 4.4800668 -3.3871498 4294901760
5.6699286 6.0125785 -3.3630378 4294901760
6.7331944 7.8779922 -3.3931749 4294901760
8.7631607 9.2927427 -3.3524716 4294901760
9.3485718 10.938044 -3.3699942 4294901760
12.642525 12.157682 -3.2745094 4294901760
14.414425 16.86521 -3.4474058 4294901760
13.429784 14.241384 -3.349504 4294901760
14.467603 18.705402 -3.5691092 4294901760
19.189592 18.453669 -3.1655219 4294901760
2.4643626 2.5941744 -3.3598936 4294901760
3.8429246 4.4630828 -3.3833501 4294901760
5.6865268 5.9860682 -3.3576684 4294901760
6.7620263 7.8532591 -3.3884525 4294901760
8.797164 9.26056 -3.3466363 4294901760
9.3911972 10.906717 -3.3639026 4294901760
12.66684 12.09201 -3.2639735 4294901760
14.476149 16.812262 -3.4372959 4294901760
13.49837 14.209405 -3.3425906 4294901760
14.548339 18.66799 -3.559972 4294901760
19.24844 18.374933 -3.1526945 4294901760
2.4729521 2.5859873 -3.3584146 4294901760
3.8577046 4.4503131 -3.3809214 4294901760
5.7036362 5.9643416 -3.3534598 4294901760
6.7906218 7.833776 -3.3848286 4294901760
8.833312 9.2370701 -3.3423886 4294901760
9.4299212 10.878516 -3.3584306 4294901760
12.71843 12.060897 -3.2581692 4294901760
14.531825 16.764158 -3.4281464 4294901760
13.559194 14.178966 -3.3361716 4294901760
14.620026 18.6322 -3.5515196 4294901760
19.387506 18.385189 -3.1476171 4294901760
2.481962 2.5773411 -3.356858 4294901760
3.8757455 4.4397244 -3.3794756 4294901760
5.7271376 5.9472251 -3.3506634 4294901760
6.8205194 7.8130069 -3.3809764 4294901760
8.8544855 9.1947536 -3.3347709 4294901760
9.4704456 10.848536 -3.352643 4294901760
12.777842 12.032819 -3.2526863 4294901760
14.603361 16.728369 -3.4200792 4294901760
13.614126 14.137302 -3.3283064 4294901760
14.675061 18.568537 -3.5400317 4294901760
19.477716 18.342052 -3.1379538 4294901760
2.4904962 2.5690956 -3.3553786 4294901760
3.8904483 4.4268465 -3.377044 4294901760
5.7577505 5.9394641 -3.3504181 4294901760
6.8463931 7.7903447 -3.3766973 4294901760
8.8738823 9.1539402 -3.3274422 4294901760
9.5194979 10.832006 -3.3490031 4294901760
12.823495 11.995819 -3.2461431 4294901760
14.674564 16.697832 -3.4127836 4294901760
13.674812 14.106387 -3.3218579 4294901760
14.731591 18.513519 -3.5296855 4294901760
19.576347 18.312817 -3.1297038 4294901760
2.4973621 2.5573573 -3.3520479 4294901760
3.9066463 4.412559 -3.3743563 4294901760
5.7822194 5.9211283 -3.3474288 4294901760
6.8722782 7.7622414 -3.3713226 4294901760
8.9184618 9.1327133 -3.3236609 4294901760
9.5538597 10.791089 -3.3415093 4294901760
12.881963 11.96229 -3.2398911 4294901760
14.748888 16.658876 -3.4041917 4294901760
13.723634 14.053322 -3.3125496 4294901760
14.814323 18.47809 -3.520803 4294901760
19.634554 18.232798 -3.1168199 4294901760
2.5088162 2.5512085 -3.3521864 4294901760
3.9271531 4.4046445 -3.3740072 4294901760
5.8028545 5.900907 -3.3438268 4294901760
6.8967032 7.7352538 -3.3661752 4294901760
8.9363775 9.0873785 -3.3155589 4294901760
9.5967655 10.763609 -3.3361607 4294901760
12.911934 11.90645 -3.2308385 4294901760
14.806952 16.607288 -3.3945243 4294901760
13.783792 14.016701 -3.3053191 4294901760
14.891278 18.44179 -3.5120971 4294901760
19.671661 18.139782 -3.1032546 4294901760
2.5232522 2.5471473 -3.3539367 4294901760
3.94327 4.3902221 -3.3713148 4294901760
5.8244424 5.8795996 -3.340045 4294901760
6.9276481 7.7128658 -3.362088 4294901760
8.9780006 9.0630217 -3.3112571 4294901760
9.6334925 10.725406 -3.3291264 4294901760
12.984861 11.885938 -3.2263184 4294901760
14.857053 16.541033 -3.3831499 4294901760
13.829458 13.960423 -3.2956805 4294901760
14.978921 18.411863 -3.5037785 4294901760
19.69972 18.032511 -3.0883002 4294901760
2.5261226 2.5340734 -3.3491499 4294901760
3.9570413 4.3778129 -3.3690066 4294901760
5.8484211 5.8668289 -3.3383739 4294901760
6.949192 7.6881332 -3.3573933 4294901760
9.0064259 9.0347738 -3.3062608 4294901760
9.6804705 10.709842 -3.3257544 4294901760
13.028028 11.85045 -3.2201276 4294901760
14.930347 16.517963 -3.3768864 4294901760
13.90139 13.945145 -3.2912462 4294901760
15.04933 18.380159 -3.4960551 4294901760
19.762178 17.975912 -3.0782688 4294901760
2.5426586 2.5329151 -3.3526616 4294901760
3.9774857 4.3696694 -3.3686428 4294901760
5.8744249 5.8519144 -3.3363352 4294901760
6.9839706 7.6725965 -3.3548019 4294901760
9.0351 9.0004778 -3.300204 4294901760
9.7231531 10.681865 -3.3203814 4294901760
13.066362 11.802226 -3.2121243 4294901760
15.001348 16.480494 -3.3687184 4294901760
13.961286 13.907786 -3.2839739 4294901760
15.1261 18.342911 -3.4872818 4294901760
19.922602 17.995144 -3.0734951 4294901760
2.5437534 2.5163746 -3.3460352 4294901760
3.9875104 4.3500786 -3.3638752 4294901760
5.8976054 5.8341289 -3.333508 4294901760
7.0160542 7.6539955 -3.3515632 4294901760
9.0749283 8.9772539 -3.2961605 4294901760
9.7576971 10.644925 -3.3136508 4294901760
13.107482 11.756541 -3.2044713 4294901760
15.06688 16.436852 -3.3599303 4294901760
14.018253 13.867373 -3.2763648 4294901760
15.197692 18.299206 -3.4778843 4294901760
19.970436 17.912155 -3.0607986 4294901760
2.5551071 2.510021 -3.3461645 4294901760
3.9974442 4.3304734 -3.3591144 4294901760
5.917933 5.8135085 -3.3298979 4294901760
7.0373654 7.6236525 -3.3457794 4294901760
9.0977154 8.9371815 -3.2891033 4294901760
9.7920952 10.607881 -3.3069239 4294901760
13.163307 11.723964 -3.1985364 4294901760
15.137691 16.398821 -3.3517294 4294901760
14.07226 13.823948 -3.2684259 4294901760
15.274278 18.26136 -3.4690747 4294901760
20.053709 17.860931 -3.0505688 4294901760
2.5642903 2.5006387 -3.3445277 4294901760
4.0132904 4.3157921 -3.3564229 4294901760
5.9363947 5.7890401 -3.3253286 4294901760
7.0625706 7.5949116 -3.3404083 4294901760
9.1389351 8.9120855 -3.2847719 4294901760
9.8390369 10.580654 -3.3016701 4294901760
13.209177 11.678273 -3.1908357 4294901760
15.21672 16.36368 -3.3436172 4294901760
14.134254 13.783408 -3.2606876 4294901760
15.353971 18.220512 -3.4597268 4294901760
20.101093 17.771437 -3.0371058 4294901760
2.58342 2.5017607 -3.3497021 4294901760
4.0309629 4.3045688 -3.3549535 4294901760
5.9537473 5.7655554 -3.3209438 4294901760
7.0836339 7.5644431 -3.3346355 4294901760
9.1699867 8.8801327 -3.279217 4294901760
9.8786259 10.549149 -3.2958305 4294901760
13.222923 11.608449 -3.1801219 4294901760
15.268289 16.30464 -3.3333073 4294901760
14.167957 13.720122 -3.2505095 4294901760
15.407146 18.154636 -3.4482074 4294901760
20.178005 17.714338 -3.0264537 4294901760
2.5864763 2.4881539 -3.344852 4294901760
4.0557833 4.3023906 -3.3568866 4294901760
5.9784856 5.7512193 -3.3190677 4294901760
7.1032553 7.535161 -3.3290942 4294901760
9.1993818 8.8496771 -3.2739406 4294901760
9.9135523 10.516335 -3.2898583 4294901760
13.276351 11.577628 -3.1745534 4294901760
15.256579 16.184238 -3.317028 4294901760
14.23636 13.695179 -3.2448838 4294901760
15.508747 18.152006 -3.4431114 4294901760
20.242651 17.652582 -3.015775 4294901760
2.592525 2.4766054 -3.34161 4294901760
4.0707779 4.2882061 -3.3543141 4294901760
6.0013628 5.7330241 -3.3162313 4294901760
7.132237 7.5131841 -3.3252161 4294901760
9.2302189 8.8175087 -3.2683856 4294901760
9.944726 10.475894 -3.2826877 4294901760
13.328729 11.541638 -3.1682496 4294901760
15.411881 16.235062 -3.3178618 4294901760
14.289846 13.650906 -3.2369156 4294901760
15.569417 18.09473 -3.432457 4294901760
20.316227 17.592266 -3.0049007 4294901760
2.5989537 2.4645929 -3.3382938 4294901760
4.0838041 4.270474 -3.3505239 4294901760
6.0223336 5.7109909 -3.3124399 4294901760
7.1569934 7.484138 -3.3198581 4294901760
9.2567139 8.7781601 -3.2615705 4294901760
9.9775562 10.433628 -3.2752101 4294901760
13.376981 11.497903 -3.1608832 4294901760
15.471279 16.178469 -3.3076355 4294901760
14.33978 13.598442 -3.2278879 4294901760
15.680077 18.088823 -3.4265292 4294901760
20.359367 17.499468 -2.9912879 4294901760
2.6101809 2.4579906 -3.3384123 4294901760
4.1040306 4.2617412 -3.3501272 4294901760
6.0422344 5.6899333 -3.3088288 4294901760
7.205009 7.481884 -3.3203452 4294901760
9.2901907 8.7485123 -3.2565103 4294901760
10.041505 10.427381 -3.2733052 4294901760
13.441272 11.47182 -3.1558897 4294901760
15.524896 16.121489 -3.297606 4294901760
14.378459 13.540102 -3.2183583 4294901760
15.761505 18.055025 -3.4181612 4294901760
20.420332 17.428289 -2.9796379 4294901760
2.6240401 2.4538171 -3.3402035 4294901760
4.1188812 4.2473898 -3.3475528 4294901760
6.0677867 5.6741657 -3.3067548 4294901760
7.222827 7.4481778 -3.3139579 4294901760
9.3090773 8.7051916 -3.2490056 4294901760
10.080609 10.395123 -3.2674422 4294901760
13.453886 11.401658 -3.1452458 4294901760
15.572741 16.058607 -3.2870069 4294901760
14.437278 13.500723 -3.2110023 4294901760
15.83497 18.011894 -3.408905 4294901760
20.477995 17.354324 -2.9678004 4294901760
2.6321635 2.4451013 -3.3387189 4294901760
4.1248727 4.2254381 -3.3418546 4294901760
6.0894451 5.6566811 -3.3040884 4294901760
7.247488 7.4241838 -3.3096683 4294901760
9.3437109 8.6796732 -3.2447126 4294901760
10.101137 10.347405 -3.2592835 4294901760
13.494672 11.359544 -3.138309 4294901760
15.64821 16.029716 -3.2800384 4294901760
14.502419 13.471763 -3.2049842 4294901760
15.913138 17.980206 -3.4010105 4294901760
20.547653 17.296602 -2.9575005 4294901760
2.6353526 2.4309826 -3.333812 4294901760
4.1368957 4.2082677 -3.3382022 4294901760
6.1120358 5.6380506 -3.3012385 4294901760
7.2788987 7.4044776 -3.3063915 4294901760
9.3885326 8.6604567 -3.2415919 4294901760
10.131617 10.306413 -3.2521255 4294901760
13.552576 11.327697 -3.132627 4294901760
15.723646 15.994918 -3.2722728 4294901760
14.569865 13.43998 -3.198514 4294901760
15.967833 17.915611 -3.3897259 4294901760
20.586456 17.20685 -2.9445386 4294901760
2.6442456 2.4213066 -3.3321748 4294901760
4.1522932 4.1930757 -3.3355055 4294901760
6.1326604 5.6156096 -3.2974417 4294901760
7.3032093 7.3749394 -3.3010292 4294901760
9.4202137 8.6259861 -3.2357597 4294901760
10.174923 10.274858 -3.2463822 4294901760
13.606265 11.288115 -3.1258907 4294901760
15.776553 15.931506 -3.2614598 4294901760
14.624913 13.391872 -3.1900706 4294901760
16.068062 17.895571 -3.3824484 4294901760
20.640171 17.123627 -2.9317679 4294901760
2.65452 2.4154279 -3.3324413 4294901760
4.1736021 4.1881967 -3.3364315 4294901760
6.1502705 5.5963168 -3.2941883 4294901760
7.3207612 7.3463612 -3.2957323 4294901760
9.4678078 8.6150446 -3.2341347 4294901760
10.223994 10.259747 -3.243294 4294901760
13.647804 11.250382 -3.1196454 4294901760
15.747657 15.802724 -3.2448406 4294901760
14.646266 13.32708 -3.1801972 4294901760
16.113497 17.833162 -3.3719172 4294901760
20.715427 17.076483 -2.9226046 4294901760
2.6710055 2.4134378 -3.3358836 4294901760
4.1881971 4.1736016 -3.333858 4294901760
6.1726794 5.5774417 -3.291333 4294901760
7.3435626 7.3179703 -3.2906041 4294901760
9.4889927 8.5739594 -3.2271295 4294901760
10.271016 10.235223 -3.2386999 4294901760
13.686996 11.202671 -3.1119835 4294901760
15.777289 15.722306 -3.2326272 4294901760
14.704534 13.286561 -3.1727898 4294901760
16.186398 17.788612 -3.3625858 4294901760
20.759466 16.991417 -2.9100595 4294901760
2.6690381 2.3939502 -3.3275771 4294901760
4.2089419 4.1636419 -3.3333075 4294901760
6.1872401 5.5495443 -3.2860208 4294901760
7.3731432 7.2937875 -3.286479 4294901760
9.5173988 8.5364761 -3.2208154 4294901760
10.305632 10.194714 -3.2316482 4294901760
13.718687 11.1449 -3.1029813 4294901760
15.883031 15.712085 -3.2271469 4294901760
14.776874 13.253877 -3.1661341 4294901760
16.254181 17.732113 -3.3518844 4294901760
20.833994 16.925293 -2.8985894 4294901760
2.6827929 2.3894408 -3.3293478 4294901760
4.2207031 4.1462235 -3.3296566 4294901760
6.2065749 5.5279117 -3.282409 4294901760
7.4013805 7.2707744 -3.2825756 4294901760
9.5589924 8.5137568 -3.2171657 4294901760
10.349669 10.167036 -3.2266107 4294901760
13.760608 11.099442 -3.0956492 4294901760
16.031719 15.74882 -3.2264845 4294901760
14.849845 13.226076 -3.1601789 4294901760
16.332228 17.692862 -3.3430779 4294901760
20.899166 16.857473 -2.8873296 4294901760
2.685271 2.3757272 -3.3245394 4294901760
4.2344284 4.1322055 -3.3272107 4294901760
6.2248712 5.5073009 -3.2789788 4294901760
7.4282775 7.2489519 -3.2788951 4294901760
9.5693407 8.4662371 -3.2090335 4294901760
10.383325 10.132662 -3.220613 4294901760
13.79423 11.051261 -3.0880654 4294901760
16.103844 15.715082 -3.2191045 4294901760
14.908548 13.18997 -3.1534474 4294901760
16.401678 17.650305 -3.3342264 4294901760
20.967417 16.798067 -2.8770051 4294901760
2.6962709 2.3687329 -3.3246436 4294901760
4.2460604 4.1147199 -3.3235652 4294901760
6.2470031 5.4881287 -3.2761219 4294901760
7.4563727 7.2257304 -3.2749858 4294901760
9.6167192 8.4484978 -3.2063227 4294901760
10.412918 10.090823 -3.2134585 4294901760
13.829603 11.000567 -3.0801058 4294901760
16.161465 15.661553 -3.2095842 4294901760
14.957494 13.140485 -3.1450951 4294901760
16.479549 17.610437 -3.325381 4294901760
21.016548 16.717323 -2.8648572 4294901760
2.7076662 2.3612177 -3.3246667 4294901760
4.2583356 4.0964599 -3.3197949 4294901760
6.2729874 5.4703522 -3.2738326 4294901760
7.4771085 7.1928744 -3.2690313 4294901760
9.6386452 8.4053717 -3.1990724 4294901760
10.44983 10.052591 -3.2068336 4294901760
13.879205 10.957211 -3.0730255 4294901760
16.227381 15.610516 -3.2001102 4294901760
15.029591 13.10654 -3.1383498 4294901760
16.39612 17.39307 -3.2997577 4294901760
21.087076 16.647606 -2.8531902 4294901760
2.7213736 2.356497 -3.3264229 4294901760
4.2781801 4.0868907 -3.3193583 4294901760
6.2950106 5.4509873 -3.2709682 4294901760
7.502172 7.1667285 -3.2645164 4294901760
9.6739292 8.3768673 -3.1944587 4294901760
10.481983 10.013304 -3.2001069 4294901760
13.911102 10.903781 -3.0647593 4294901760
16.290432 15.56204 -3.1911147 4294901760
15.075253 13.053992 -3.1296911 4294901760
16.456739 17.335728 -3.2893579 4294901760
21.145063 16.573895 -2.8415792 4294901760
2.7291725 2.3474603 -3.3249388 4294901760
4.2889147 4.0700312 -3.3158472 4294901760
6.3100777 5.4275265 -3.2667871 4294901760
7.5230274 7.139092 -3.2596262 4294901760
9.6986456 8.3421564 -3.1887143 4294901760
10.520898 9.9839668 -3.1949461 4294901760
13.95661 10.864931 -3.0584373 4294901760
16.362206 15.527166 -3.1836655 4294901760
15.130545 13.01433 -3.1226215 4294901760
16.657541 17.431131 -3.2933688 4294901760
21.212509 16.513498 -2.8312385 4294901760
2.7294877 2.3303792 -3.3183336 4294901760
4.3038049 4.0542827 -3.3131461 4294901760
6.332912 5.4069071 -3.2637403 4294901760
7.5491452 7.1114683 -3.2548881 4294901760
9.7291574 8.30655 -3.1828852 4294901760
10.569003 9.9562435 -3.1899745 4294901760
14.002645 10.818572 -3.0510352 4294901760
16.44515 15.49171 -3.1757379 4294901760
15.184211 12.963961 -3.1141002 4294901760
16.765615 17.41597 -3.286597 4294901760
21.266575 16.430752 -2.8187115 4294901760
2.7454946 2.3283501 -3.3218148 4294901760
4.3200369 4.0426216 -3.3117652 4294901760
6.3478155 5.3833418 -3.2595644 4294901760
7.5871139 7.0999002 -3.2535954 4294901760
9.74757 8.2665453 -3.1762197 4294901760
10.622286 9.9401655 -3.1868579 4294901760
14.04476 10.77693 -3.0443945 4294901760
16.502254 15.442547 -3.1669271 4294901760
15.239277 12.923854 -3.1070113 4294901760
16.809381 17.345947 -3.275286 4294901760
21.349453 16.382021 -2.8092015 4294901760
2.7508328 2.3164165 -3.3186018 4294901760
4.3256583 4.01965 -3.3060095 4294901760
6.3695688 5.3636751 -3.2566972 4294901760
7.6176434 7.078752 -3.2502692 4294901760
9.7885084 8.2426901 -3.1725273 4294901760
10.671488 9.9165592 -3.1825809 4294901760
14.088633 10.732661 -3.0373671 4294901760
16.538527 15.368549 -3.1555314 4294901760
15.308699 12.891121 -3.1006088 4294901760
16.814075 17.230024 -3.2595353 4294901760
21.40016 16.302553 -2.7972598 4294901760
2.7561202 2.3044753 -3.3153923 4294901760
4.3424931 4.0071387 -3.3045006 4294901760
6.3822331 5.3363776 -3.2516048 4294901760
7.6452107 7.0548005 -3.2463419 4294901760
9.8385277 8.2262897 -3.170207 4294901760
10.714805 9.8873405 -3.1774712 4294901760
14.119655 10.678616 -3.0291238 4294901760
16.515825 15.240371 -3.1389773 4294901760
15.3536 12.837608 -3.0919323 4294901760
16.988827 17.287964 -3.2597258 4294901760
21.441008 16.215714 -2.7848396 4294901760
2.7641482 2.2948399 -3.3138351 4294901760
4.3621345 3.99716 -3.3040457 4294901760
6.4008231 5.3140655 -3.2479987 4294901760
7.6756186 7.0334086 -3.243005 4294901760
9.8641329 8.1893597 -3.1641889 4294901760
10.734593 9.8364429 -3.1690972 4294901760
14.163217 10.634043 -3.0220969 4294901760
16.607172 15.217669 -3.1325498 4294901760
15.407523 12.791571 -3.0840957 4294901760
17.071537 17.251251 -3.2512438 4294901760
21.484711 16.131176 -2.772603 4294901760
2.7689457 2.283355 -3.3107092 4294901760
4.3753648 3.9826729 -3.3016019 4294901760
6.4123573 5.2878208 -3.2430992 4294901760
7.6930537 7.0025969 -3.2375216 4294901760
9.8912334 8.1566057 -3.1589119 4294901760
10.749506 9.78473 -3.1606529 4294901760
14.204787 10.591783 -3.0154498 4294901760
16.698853 15.200119 -3.126826 4294901760
15.452929 12.742947 -3.0761311 4294901760
17.117378 17.183237 -3.2401826 4294901760
21.525278 16.050297 -2.7609658 4294901760
2.7825086 2.2782695 -3.3124459 4294901760
4.3835244 3.9622114 -3.296922 4294901760
6.4338102 5.2678919 -3.2402353 4294901760
7.7115846 6.9704018 -3.2318196 4294901760
9.9104338 8.1144905 -3.1519909 4294901760
10.786544 9.7498178 -3.1547379 4294901760
14.260878 10.556354 -3.0096116 4294901760
16.80509 15.189903 -3.1215813 4294901760
15.518907 12.70661 -3.0693889 4294901760
17.05286 16.999384 -3.218405 4294901760
21.626104 16.008327 -2.7516322 4294901760
2.7988834 2.2754028 -3.3158209 4294901760
4.4030623 3.9520304 -3.2964585 4294901760
6.4552031 5.2478738 -3.2373688 4294901760
7.7329288 6.9407988 -3.2267129 4294901760
9.926384 8.0698328 -3.1446271 4294901760
10.823472 9.7147589 -3.1488197 4294901760
14.29443 10.504148 -3.0016789 4294901760
16.863953 15.136477 -3.1122398 4294901760
15.566262 12.654873 -3.0609779 4294901760
17.268129 17.094206 -3.2218566 4294901760
21.701162 15.946925 -2.7409968 4294901760
2.8015616 2.2605765 -3.3108966 4294901760
4.4203935 3.9384296 -3.2948098 4294901760
6.4713421 5.2217178 -3.2328556 4294901760
7.7583151 6.9124112 -3.221972 4294901760
9.9744215 8.0483484 -3.1415284 4294901760
10.861975 9.6776724 -3.1425838 4294901760
14.345705 10.461074 -2.9948483 4294901760
16.928253 15.082533 -3.1026521 4294901760
15.621847 12.605248 -3.0526788 4294901760
17.342051 17.041998 -3.21176 4294901760
21.749781 15.860223 -2.7283688 4294901760
2.8090432 2.2512732 -3.3094168 4294901760
4.4305458 3.921195 -3.2913167 4294901760
6.4978051 5.2075863 -3.2316301 4294901760
7.7752771 6.8814049 -3.2165132 4294901760
10.016541 8.0276337 -3.138514 4294901760
10.896987 9.6442327 -3.1369774 4294901760
14.373868 10.40877 -2.9870105 4294901760
16.972202 15.021021 -3.0927961 4294901760
15.663565 12.553372 -3.0444272 4294901760
17.352772 16.939775 -3.1977091 4294901760
21.763451 15.759901 -2.715528 4294901760
2.8197205 2.2437119 -3.3094993 4294901760
4.4384189 3.9006209 -3.2866523 4294901760
6.5128736 5.1824327 -3.2272995 4294901760
7.8051867 6.8594418 -3.2131698 4294901760
10.041393 7.9901514 -3.1325133 4294901760
10.951494 9.6245155 -3.1334321 4294901760
14.403643 10.353887 -2.9788029 4294901760
17.030523 14.966956 -3.0834458 4294901760
15.726005 12.513518 -3.0373614 4294901760
17.434721 16.901331 -3.1891415 4294901760
21.847509 15.704821 -2.7053542 4294901760
2.8275349 2.2338557 -3.3079414 4294901760
4.4520063 3.8851047 -3.2840865 4294901760
6.527844 5.1572351 -3.2229736 4294901760
7.8439708 6.8451495 -3.2115648 4294901760
10.069221 7.9550529 -3.1269655 4294901760
10.994011 9.5940752 -3.1282852 4294901760
14.442937 10.305861 -2.9714766 4294901760
17.085665 14.910042 -3.0738456 4294901760
15.782098 12.468434 -3.029743 4294901760
17.507988 16.854214 -3.1798072 4294901760
21.908693 15.633105 -2.6941023 4294901760
2.8385568 2.2257137 -3.3079424 4294901760
4.4633064 3.8662388 -3.2803488 4294901760
6.5467038 5.1332736 -3.2191982 4294901760
7.8719974 6.8189406 -3.2073982 4294901760
10.101436 7.9205403 -3.1215875 4294901760
11.038122 9.5615253 -3.1228116 4294901760
14.503369 10.268963 -2.965498 4294901760
17.143221 14.849931 -3.0637507 4294901760
15.827695 12.410503 -3.0206156 4294901760
17.60428 16.823021 -3.1716375 4294901760
21.962587 15.550386 -2.6818254 4294901760
2.8402021 2.2118328 -3.3031926 4294901760
4.4819431 3.8564401 -3.2799983 4294901760
6.5667872 5.1139445 -3.2165082 4294901760
7.9005589 6.7979517 -3.2042594 4294901760
10.124516 7.8845582 -3.1158752 4294901760
11.0758 9.5300541 -3.1175721 4294901760
14.54386 10.225388 -2.9588299 4294901760
17.204473 14.803405 -3.0553648 4294901760
15.875057 12.362844 -3.0128891 4294901760
17.665764 16.770042 -3.1620579 4294901760
22.02384 15.484355 -2.6713014 4294901760
2.8479052 2.201906 -3.3016384 4294901760
4.4983048 3.8432741 -3.2784731 4294901760
6.5876994 5.0933909 -3.2136366 4294901760
7.9302502 6.7754688 -3.2008893 4294901760
10.151976 7.8491712 -3.1103346 4294901760
11.105973 9.4887524 -3.110842 4294901760
14.572933 10.170004 -2.9506402 4294901760
17.289412 14.771775 -3.048157 4294901760
15.921267 12.309795 -3.0044637 4294901760
17.738714 16.72197 -3.1526673 4294901760
22.090851 15.416528 -2.6603439 4294901760
2.8469474 2.1853285 -3.2951899 4294901760
4.5087571 3.8250561 -3.2748673 4294901760
6.5992169 5.0655861 -3.208601 4294901760
7.9568682 6.7503004 -3.1969385 4294901760
10.176167 7.8112669 -3.1043549 4294901760
11.151162 9.4602165 -3.106056 4294901760
14.614893 10.123602 -2.9435935 4294901760
17.316532 14.690679 -3.0363841 4294901760
15.979954 12.266278 -2.9970803 4294901760
17.802809 16.6654 -3.1425407 4294901760
22.177362 15.362055 -2.6502397 4294901760
2.8689735 2.1863661 -3.3017917 4294901760
4.5191326 3.8068159 -3.2712662 4294901760
6.623095 5.0472794 -3.2064507 4294901760
7.9803782 6.7224913 -3.192414 4294901760
10.212833 7.7829204 -3.1001382 4294901760
11.187152 9.4238043 -3.100101 4294901760
14.676391 10.090589 -2.9382353 4294901760
17.367697 14.630157 -3.0265374 4294901760
16.035347 12.220099 -2.9894271 4294901760
17.849169 16.592297 -3.130985 4294901760
2.870049 2.1729631 -3.2971342 4294901760
4.5340266 3.7950687 -3.2699957 4294901760
6.6389227 5.0264416 -3.2032182 4294901760
8.0075245 6.7024541 -3.1894841 4294901760
10.249894 7.7603703 -3.0969033 4294901760
11.244156 9.4115772 -3.0978529 4294901760
14.708025 10.044419 -2.9313757 4294901760
17.410522 14.572946 -3.0174387 4294901760
16.060955 12.160024 -2.9805713 4294901760
17.880693 16.517166 -3.1197913 4294901760
2.877615 2.1629338 -3.295583 4294901760
4.5561309 3.7866082 -3.2705359 4294901760
6.656424 5.003242 -3.1996298 4294901760
8.0247879 6.669415 -3.1838195 4294901760
10.273742 7.7221675 -3.0909274 4294901760
11.286108 9.3799038 -3.0926468 4294901760
14.736397 9.9885597 -2.9232061 4294901760
17.479687 14.527398 -3.0089993 4294901760
16.08736 12.091922 -2.9706118 4294901760
17.938229 16.454662 -3.1092081 4294901760
2.8822429 2.1507072 -3.2924066 4294901760
4.5604091 3.7633252 -3.2648711 4294901760
6.6801372 4.9846668 -3.1974704 4294901760
8.0388756 6.6338129 -3.1775939 4294901760
10.306998 7.6910024 -3.0862579 4294901760
11.327987 9.3480425 -3.087431 4294901760
14.777785 9.9415007 -2.9161518 4294901760
17.511829 14.451052 -2.9977605 4294901760
16.135864 12.040458 -2.9624491 4294901760
17.954245 16.354307 -3.0953667 4294901760
2.893019 2.1422865 -3.2924047 4294901760
4.5711904 3.7441449 -3.2611513 4294901760
6.6952085 4.9578156 -3.1929901 4294901760
8.0631332 6.6043062 -3.1728537 4294901760
10.341495 7.6578979 -3.0813084 4294901760
11.36217 9.3064623 -3.0807514 4294901760
14.810809 9.8850622 -2.9078927 4294901760
17.580107 14.399416 -2.9885836 4294901760
16.211926 12.004964 -2.9558687 4294901760
18.043674 16.315168 -3.0865901 4294901760
2.8942671 2.1283853 -3.287688 4294901760
4.5895586 3.7338262 -3.2607787 4294901760
6.7084541 4.9332614 -3.1888731 4294901760
8.0972567 6.5875063 -3.1708238 4294901760
10.376424 7.6306119 -3.0773382 4294901760
11.426908 9.2963371 -3.0788636 4294901760
14.86343 9.8490887 -2.9023128 4294901760
17.643244 14.353625 -2.9803755 4294901760
16.248436 11.948771 -2.9473701 4294901760
18.103621 16.260574 -3.0770035 4294901760
2.9075353 2.1225436 -3.2893841 4294901760
4.6055617 3.7202024 -3.2592449 4294901760
6.7319708 4.9144378 -3.1867089 4294901760
8.1171284 6.5567164 -3.1657424 4294901760
10.419023 7.60604 -3.0739417 4294901760
11.480947 9.2738848 -3.0751185 4294901760
14.901049 9.7993307 -2.8949809 4294901760
17.711866 14.306992 -2.9718881 4294901760
16.312592 11.908432 -2.9404359 4294901760
18.148359 16.186649 -3.0655184 4294901760
2.9178617 2.1145091 -3.2894559 4294901760
4.6275334 3.711334 -3.2597611 4294901760
6.7459073 4.8886085 -3.1824186 4294901760
8.1368818 6.5258713 -3.1606667 4294901760
10.448721 7.5719547 -3.0688233 4294901760
11.525657 9.2437067 -3.0702295 4294901760
14.941832 9.7516127 -2.8879218 4294901760
17.774147 14.255066 -2.9629352 4294901760
16.325003 11.830364 -2.9295297 4294901760
18.213709 16.131142 -3.0556304 4294901760
2.9252245 2.1043117 -3.2879078 4294901760
4.6374454 3.6927595 -3.2561712 4294901760
6.7692981 4.8696141 -3.1802509 4294901760
8.1596107 6.4974303 -3.1561553 4294901760
10.468645 7.5308046 -3.0624287 4294901760
11.560962 9.2058973 -3.0642118 4294901760
14.982466 9.7037306 -2.8808618 4294901760
17.820675 14.190454 -2.9528577 4294901760
16.405033 11.80125 -2.9238126 4294901760
18.248922 16.049017 -3.0434949 4294901760
2.9325523 2.0940871 -3.2863603 4294901760
4.6472874 3.6741595 -3.2525854 4294901760
6.7766795 4.8391147 -3.1745577 4294901760
8.1853437 6.4713573 -3.1522028 4294901760
10.491641 7.4919071 -3.0564668 4294901760
11.586789 9.1605511 -3.0570803 4294901760
15.01625 9.65137 -2.8732669 4294901760
17.866974 14.125684 -2.9427865 4294901760
16.449373 11.746225 -2.9153776 4294901760
18.307842 15.987841 -3.0331626 4294901760
2.9487169 2.0901279 -3.2896576 4294901760
4.6661434 3.662673 -3.2520669 4294901760
6.7871289 4.810895 -3.1695795 4294901760
8.2047729 6.4403076 -3.1471376 4294901760
10.520965 7.4575357 -3.0513563 4294901760
11.621821 9.122508 -3.0510662 4294901760
15.063276 9.6074629 -2.8667369 4294901760
17.897337 14.048451 -2.9316263 4294901760
16.477264 11.679518 -2.9057357 4294901760
18.342424 15.905534 -3.0210664 4294901760
2.9500656 2.0756495 -3.2848811 4294901760
4.6819391 3.6487291 -3.2505233 4294901760
6.8135061 4.7939444 -3.168113 4294901760
8.2272053 6.4116259 -3.1426311 4294901760
10.543689 7.4184799 -3.0454047 4294901760
11.669281 9.0941048 -3.0465198 4294901760
15.120279 9.5697289 -2.8609869 4294901760
17.958858 13.995699 -2.9226677 4294901760
16.527718 11.628808 -2.8977933 4294901760
18.406914 15.849221 -3.0111835 4294901760
2.9602644 2.0674152 -3.2849467 4294901760
4.6946459 3.6323647 -3.2479603 4294901760
6.8334131 4.7723784 -3.165241 4294901760
8.255785 6.3877068 -3.1392324 4294901760
10.559758 7.3748155 -3.0386231 4294901760
11.716679 9.065486 -3.0419598 4294901760
15.156964 9.5190134 -2.8536534 4294901760
18.007599 13.932929 -2.9128366 4294901760
16.551863 11.559633 -2.8879385 4294901760
18.474258 15.79525 -3.0015113 4294901760
2.9555464 2.0488071 -3.2769601 4294901760
4.7072983 3.6159539 -3.245398 4294901760
6.8435841 4.7440248 -3.1602757 4294901760
8.2843037 6.3636632 -3.1358283 4294901760
10.598484 7.3469496 -3.0347724 4294901760
11.741948 9.0196838 -3.034837 4294901760
15.179961 9.4597225 -2.845283 4294901760
18.113091 13.913735 -2.9068666 4294901760
16.605223 11.510866 -2.8802364 4294901760
18.520157 15.722913 -2.9903197 4294901760
2.9742684 2.0472176 -3.2819312 4294901760
4.7192626 3.6003251 -3.2429652 4294901760
6.8657393 4.7257543 -3.1582806 4294901760
8.2927904 6.3265696 -3.1293502 4294901760
10.635861 7.320766 -3.031189 4294901760
11.774953 8.9831114 -3.0291312 4294901760
15.221407 9.4156218 -2.8388565 4294901760
18.140093 13.839076 -2.8962295 4294901760
16.640017 11.453484 -2.8717844 4294901760
18.578293 15.666561 -2.9807377 4294901760
2.981396 2.0368235 -3.2803864 4294901760
4.7348709 3.5861566 -3.2414181 4294901760
6.8757148 4.6973357 -3.1533267 4294901760
8.327425 6.3071303 -3.1270423 4294901760
10.671178 7.2903118 -3.0269055 4294901760
11.803066 8.9395552 -3.0223842 4294901760
15.250783 9.3603506 -2.8310218 4294901760
18.194647 13.780492 -2.8868127 4294901760
16.683184 11.39758 -2.8633754 4294901760
18.617561 15.588805 -2.9691412 4294901760
2.9854877 2.0243688 -3.2772372 4294901760
4.7442827 3.5672908 -3.2378471 4294901760
6.8985639 4.6777067 -3.1511505 4294901760
8.3493919 6.2780213 -3.1225393 4294901760
10.712983 7.2641492 -3.0234387 4294901760
11.83738 8.9006872 -3.0163605 4294901760
15.283365 9.3070545 -2.8234503 4294901760
18.255402 13.726485 -2.8778112 4294901760
16.749268 11.357169 -2.8565903 4294901760
18.662659 15.516063 -2.9579847 4294901760
2.9835141 2.0078621 -3.2708845 4294901760
4.7659669 3.5576198 -3.2383173 4294901760
6.9181061 4.655786 -3.1482797 4294901760
8.3680897 6.2464724 -3.1174946 4294901760
10.734986 7.2244916 -3.0174973 4294901760
11.874753 8.864068 -3.010694 4294901760
15.339626 9.2680626 -2.8176551 4294901760
18.19129 13.579132 -2.8607063 4294901760
16.778893 11.291953 -2.8472524 4294901760
18.769043 15.494019 -2.9510109 4294901760
2.9965332 2.0014632 -3.2725534 4294901760
4.7690716 3.5340827 -3.2327337 4294901760
6.9310527 4.6294322 -3.1440301 4294901760
8.389842 6.217226 -3.1129982 4294901760
10.793134 7.2090173 -3.0160573 4294901760
11.915206 8.829669 -3.0053799 4294901760
15.388963 9.2247019 -2.8113415 4294901760
18.328344 13.582074 -2.8566954 4294901760
16.824833 11.237748 -2.8390741 4294901760
18.832272 15.436005 -2.9410894 4294901760
3.0095444 1.9949977 -3.2742174 4294901760
4.7844806 3.5196974 -3.2311852 4294901760
6.9471693 4.6052113 -3.1404738 4294901760
8.4210434 6.1949306 -3.1101265 4294901760
10.821538 7.1734924 -3.010926 4294901760
11.968378 8.8045235 -3.0014739 4294901760
15.41422 9.1668606 -2.8032718 4294901760
18.385281 13.52511 -2.8474905 4294901760
16.863955 11.178952 -2.8304412 4294901760
18.861267 15.350019 -2.9289057 4294901760
3.0164893 1.984481 -3.2726779 4294901760
4.8060689 3.5097909 -3.2316434 4294901760
6.9566474 4.576623 -3.1355488 4294901760
8.4521914 6.172492 -3.1072471 4294901760
10.846511 7.1356773 -3.0053904 4294901760
12.011885 8.7720766 -2.9964912 4294901760
15.432402 9.104907 -2.7947195 4294901760
18.387266 13.427909 -2.8348396 4294901760
16.892879 11.113448 -2.8211396 4294901760
18.933359 15.299147 -2.9195998 4294901760
3.0210512 1.9709024 -3.269388 4294901760
4.8226304 3.4935696 -3.2298315 4294901760
6.9774551 4.5520191 -3.1323297 4294901760
8.4758301 6.1399903 -3.1022975 4294901760
10.887124 7.1026468 -3.0009181 4294901760
12.051921 8.7305517 -2.9901574 4294901760
15.463813 9.0435696 -2.7861707 4294901760
18.471006 13.380611 -2.826077 4294901760
16.955463 11.061568 -2.8130009 4294901760
18.926563 15.173893 -2.9037836 4294901760
3.0333135 1.9653435 -3.2711978 4294901760
4.8398356 3.4829006 -3.2295306 4294901760
7.0015979 4.5364733 -3.1311841 4294901760
8.495079 6.1133308 -3.0982499 4294901760
10.906055 7.0662479 -2.9955349 4294901760
12.088975 8.6996136 -2.9854479 4294901760
15.505926 9.0029383 -2.7803628 4294901760
18.509714 13.320183 -2.8170578 4294901760
17.000174 11.014747 -2.8059075 4294901760
19.080303 15.198917 -2.9011338 4294901760
3.0493028 1.9606255 -3.2744436 4294901760
4.851963 3.465986 -3.2269702 4294901760
7.0173898 4.5120063 -3.1276348 4294901760
8.5131493 6.0813437 -3.0932217 4294901760
10.944004 7.0367217 -2.9916065 4294901760
12.135448 8.6689224 -2.9807868 4294901760
15.537257 8.948761 -2.772824 4294901760
18.565838 13.262453 -2.8078573 4294901760
17.035162 10.953183 -2.7970698 4294901760
19.161417 15.154512 -2.89237 4294901760
3.0377917 1.938269 -3.2633445 4294901760
4.8640332 3.4490273 -3.2244108 4294901760
7.0330982 4.4874821 -3.1240876 4294901760
8.5246544 6.0447297 -3.0871346 4294901760
10.975192 7.0027432 -2.9868712 4294901760
12.17537 8.6334076 -2.9754212 4294901760
15.561487 8.8905163 -2.7648091 4294901760
18.605513 13.192945 -2.797673 4294901760
17.073294 10.893649 -2.7884593 4294901760
19.195366 15.072738 -2.8806324 4294901760
3.047601 1.9295949 -3.2634056 4294901760
4.8602915 3.4209452 -3.2168734 4294901760
7.0520301 4.4650073 -3.1212215 4294901760
8.5392351 6.0103917 -3.0815921 4294901760
10.989508 6.9580297 -2.9801519 4294901760
12.202174 8.5885735 -2.9686768 4294901760
15.609743 8.8459711 -2.7584865 4294901760
18.671021 13.141709 -2.7890546 4294901760
17.104471 10.829732 -2.7794244 4294901760
19.244703 15.003201 -2.8698964 4294901760
3.0573881 1.9208727 -3.2634642 4294901760
4.8848338 3.412782 -3.2183032 4294901760
7.0609322 4.4361892 -3.116327 4294901760
8.5666437 5.9850726 -3.0781732 4294901760
11.01373 6.9196239 -2.9746304 4294901760
12.235341 8.5482025 -2.9626219 4294901760
15.67872 8.812891 -2.7535784 4294901760
18.726597 13.083308 -2.7798433 4294901760
17.148926 10.774198 -2.77126 4294901760
19.306431 14.943256 -2.8599367 4294901760
3.0545135 1.9049675 -3.2572439 4294901760
4.8961253 3.3965631 -3.2158778 4294901760
7.0822611 4.4168992 -3.1143148 4294901760
8.5831985 5.9543767 -3.0733924 4294901760
11.046719 6.889359 -2.9705689 4294901760
12.283229 8.5211792 -2.9585879 4294901760
15.711336 8.762785 -2.7466569 4294901760
18.769882 13.021132 -2.7705455 4294901760
17.218391 10.738363 -2.7652309 4294901760
19.330564 14.859684 -2.8483944 4294901760
3.0642273 1.8962002 -3.2573049 4294901760
4.9111247 3.3816347 -3.2143176 4294901760
7.0943017 4.3900843 -3.1101048 4294901760
8.6039314 5.9243765 -3.0689197 4294901760
11.063952 6.8465772 -2.9642675 4294901760
12.293247 8.4647141 -2.9501562 4294901760
15.727891 8.7001734 -2.7381902 4294901760
18.828367 12.964578 -2.7615192 4294901760
17.26255 10.682384 -2.7570531 4294901760
19.375975 14.787268 -2.8374946 4294901760
3.0708265 1.8854947 -3.2557793 4294901760
4.9197168 3.3623011 -3.2107773 4294901760
7.1095805 4.3652987 -3.1065726 4294901760
8.6245556 5.8943133 -3.064451 4294901760
11.094543 6.8120751 -2.9595389 4294901760
12.339131 8.4329805 -2.9454551 4294901760
15.775618 8.654809 -2.7318418 4294901760
18.866913 12.894287 -2.7513659 4294901760
17.265755 10.601214 -2.7463601 4294901760
19.456097 14.741253 -2.8286765 4294901760
3.07739 1.8747634 -3.2542546 4294901760
4.928237 3.3429444 -3.2072413 4294901760
7.1247759 4.3404541 -3.1030424 4294901760
8.6516228 5.8686085 -3.0610282 4294901760
11.135201 6.783627 -2.9559717 4294901760
12.375078 8.3943195 -2.9397342 4294901760
15.826726 8.6111059 -2.7257137 4294901760
18.91181 12.828346 -2.7415938 4294901760
17.282228 10.528432 -2.7365382 4294901760
19.520201 14.682841 -2.8188984 4294901760
3.0870175 1.8658859 -3.2543135 4294901760
4.9398756 3.3257222 -3.2046969 4294901760
7.1432385 4.3175874 -3.1001832 4294901760
8.6720543 5.8383746 -3.0565615 4294901760
11.162206 6.7467709 -2.9508467 4294901760
12.414199 8.3577366 -2.934345 4294901760
15.87421 8.5652666 -2.7193449 4294901760
18.979641 12.777856 -2.7331154 4294901760
17.312048 10.463921 -2.7275708 4294901760
19.536148 14.588345 -2.8063471 4294901760
3.1059487 1.8625555 -3.2591128 4294901760
4.9546576 3.3105969 -3.2031384 4294901760
7.1649952 4.2966585 -3.0979888 4294901760
8.6858091 5.8036728 -3.0510595 4294901760
11.195898 6.7138848 -2.946492 4294901760
12.453221 8.3209772 -2.9289491 4294901760
15.921575 8.5191946 -2.7129662 4294901760
19.044039 12.724822 -2.7244365 4294901760
17.399757 10.434175 -2.7220972 4294901760
19.61261 14.539075 -2.7973087 4294901760
3.0968537 1.8424339 -3.2496884 4294901760
4.9726048 3.297538 -3.2025611 4294901760
7.1866927 4.2756319 -3.0957911 4294901760
8.7126045 5.7776856 -3.0476358 4294901760
11.229498 6.6808476 -2.9421322 4294901760
12.482192 8.2774534 -2.9225576 4294901760
15.96177 8.469162 -2.7061267 4294901760
19.088345 12.658264 -2.7146623 4294901760
17.429224 10.369296 -2.7131286 4294901760
19.682535 14.484717 -2.7878866 4294901760
3.1126323 1.8371412 -3.252902 4294901760
4.974432 3.2738092 -3.1970735 4294901760
7.2015734 4.2505202 -3.0922654 4294901760
8.7261143 5.7428937 -3.0421474 4294901760
11.259583 6.6456437 -2.9373863 4294901760
12.520974 8.2403946 -2.9171565 4294901760
15.973611 8.4041233 -2.6974897 4294901760
19.149078 12.60253 -2.7057891 4294901760
17.458447 10.304343 -2.7041748 4294901760
19.726528 14.411217 -2.7770164 4294901760
4.9826045 3.2543175 -3.1935561 4294901760
7.2163668 4.2253547 -3.0887425 4294901760
8.7427998 5.7102356 -3.0371823 4294901760
11.286139 6.6083031 -2.9322581 4294901760
12.556323 8.200984 -2.9114223 4294901760
15.971073 8.3317327 -2.6879852 4294901760
19.182932 12.529058 -2.6954899 4294901760
17.487429 10.239306 -2.6952348 4294901760
19.792875 14.353986 -2.7674003 4294901760
4.9944983 3.2360342 -3.1908956 4294901760
7.2284126 4.196909 -3.0843878 4294901760
8.76367 5.6781545 -3.0325139 4294901760
11.313713 6.5688868 -2.926857 4294901760
12.589633 8.1570721 -2.9050424 4294901760
16.054569 8.3005791 -2.683454 4294901760
19.245466 12.469517 -2.6861224 4294901760
17.535183 10.181151 -2.6868739 4294901760
19.825907 14.267358 -2.7553158 4294901760
5.0052009 3.2194552 -3.1884902 4294901760
7.2490869 4.1768336 -3.0823643 4294901760
8.7824488 5.6490641 -3.0282936 4294901760
11.345748 6.5372791 -2.9227612 4294901760
12.623302 8.119585 -2.8996258 4294901760
16.08909 8.2509327 -2.6767771 4294901760
19.3102 12.420744 -2.6780686 4294901760
17.586117 10.132902 -2.6797569 4294901760
19.892595 14.215465 -2.7463963 4294901760
5.0131626 3.1998901 -3.1849849 4294901760
7.2704329 4.1553946 -3.0801611 4294901760
8.7954531 5.6141171 -3.0228362 4294901760
11.368499 6.4976315 -2.9172599 4294901760
12.651569 8.0754681 -2.893244 4294901760
16.092943 8.1820812 -2.6677647 4294901760
19.383715 12.37258 -2.669852 4294901760
17.638687 10.08134 -2.6722035 4294901760
19.981167 14.173647 -2.7379706 4294901760
5.0308099 3.1864948 -3.1844049 4294901760
7.2780695 4.1261234 -3.0753384 4294901760
8.8250122 5.5897274 -3.0199246 4294901760
11.401465 6.4637814 -2.9128845 4294901760
12.676321 8.02913 -2.8865483 4294901760
16.135632 8.1330309 -2.6611638 4294901760
19.42341 12.30271 -2.6599133 4294901760
17.649492 10.005948 -2.6623259 4294901760
20.037046 14.108415 -2.7278047 4294901760
5.0413485 3.1697958 -3.1820035 4294901760
7.2985487 4.1058135 -3.0733111 4294901760
8.8434992 5.5604339 -3.015712 4294901760
11.433211 6.4317765 -2.9087791 4294901760
12.706242 7.9891701 -2.8808157 4294901760
16.144699 8.0705776 -2.6529994 4294901760
19.491123 12.255229 -2.6519897 4294901760
17.679102 9.9454155 -2.6540532 4294901760
20.096806 14.051044 -2.7185013 4294901760
5.0589185 3.156255 -3.1814172 4294901760
7.3059869 4.0764875 -3.068501 4294901760
8.8729162 5.5358047 -3.0127919 4294901760
11.455594 6.3918247 -2.9032836 4294901760
12.737428 7.9468703 -2.8747654 4294901760
16.172773 8.0141687 -2.645551 4294901760
19.571024 12.210345 -2.6440575 4294901760
17.731119 9.8933506 -2.6465042 4294901760
20.175247 14.001288 -2.7095015 4294901760
5.0731797 3.1406057 -3.1798584 4294901760
7.3373299 4.0604577 -3.0682466 4294901760
8.9056263 5.5131226 -3.0103681 4294901760
11.467419 6.3460374 -2.8966892 4294901760
12.765088 7.9023628 -2.8684027 4294901760
16.211374 7.9629383 -2.6387467 4294901760
19.620312 12.146162 -2.6346116 4294901760
17.786472 9.8429832 -2.6391363 4294901760
20.266733 13.960219 -2.7011409 4294901760
5.0808301 3.1208606 -3.1763649 4294901760
7.344584 4.031045 -3.0634451 4294901760
8.924818 5.4820004 -3.0059321 4294901760
11.524288 6.3250585 -2.8948762 4294901760
12.819707 7.8744059 -2.8645496 4294901760
16.239073 7.9062972 -2.6313109 4294901760
19.672791 12.08386 -2.6253293 4294901760
17.81723 9.7789135 -2.6304502 4294901760
20.328522 13.898396 -2.6912661 4294901760
5.0949817 3.1051114 -3.1748071 4294901760
7.3689437 4.0110097 -3.0618846 4294901760
8.9506493 5.4549294 -3.0024979 4294901760
11.556749 6.2904859 -2.8904817 4294901760
12.864093 7.8399587 -2.8597414 4294901760
16.270159 7.8512979 -2.6240931 4294901760
19.745516 12.033807 -2.6170158 4294901760
17.851252 9.7166634 -2.6219625 4294901760
20.380213 13.829597 -2.6808989 4294901760
5.1057901 3.0873065 -3.1722844 4294901760
7.3829007 3.9852607 -3.0583839 4294901760
8.9865475 5.4338751 -3.0005512 4294901760
11.58213 6.2519884 -2.885355 4294901760
12.864158 7.7785411 -2.8508937 4294901760
16.304651 7.7978888 -2.6170869 4294901760
19.794233 11.968934 -2.6075594 4294901760
17.881556 9.6523933 -2.6132994 4294901760
20.458166 13.778437 -2.6718185 4294901760
5.1165352 3.0694661 -3.1697643 4294901760
7.3863931 3.9539142 -3.052959 4294901760
8.998682 5.3984089 -2.9951248 4294901760
11.61088 6.2152696 -2.8805931 4294901760
12.88782 7.7315464 -2.8442361 4294901760
16.33897 7.7443428 -2.6100843 4294901760
19.835892 11.899771 -2.597789 4294901760
17.925684 9.5955658 -2.6053751 4294901760
20.526049 13.720255 -2.6622391 4294901760
5.1305275 3.0535586 -3.1682065 4294901760
7.4174695 3.9373026 -3.0526769 4294901760
9.0106764 5.3629236 -2.9897091 4294901760
11.621987 6.1691227 -2.8740304 4294901760
12.931815 7.6966853 -2.8394258 4294901760
16.355085 7.6821852 -2.6020679 4294901760
19.897879 11.842708 -2.5889673 4294901760
17.962587 9.5348072 -2.5970905 4294901760
20.593769 13.661766 -2.652647 4294901760
5.1444736 3.0375884 -3.1666474 4294901760
7.4276996 3.9095585 -3.0485444 4294901760
9.0293436 5.3314352 -2.9852872 4294901760
11.653988 6.134059 -2.8696327 4294901760
12.955181 7.6494722 -2.8327749 4294901760
16.378193 7.6233635 -2.5944729 4294901760
19.949408 11.779259 -2.5796676 4294901760
17.971069 9.4590454 -2.5873849 4294901760
20.651339 13.596375 -2.6425738 4294901760
5.1550446 3.0196133 -3.1641307 4294901760
7.4412999 3.8836086 -3.0450575 4294901760
9.0513077 5.3018837 -2.9813602 4294901760
11.678843 6.0951791 -2.8645189 4294901760
12.97837 7.6021957 -2.826134 4294901760
16.39747 7.5628142 -2.5866916 4294901760
19.914654 11.665185 -2.5665357 4294901760
18.018112 9.4036379 -2.5796542 4294901760
20.752138 13.559147 -2.6344981 4294901760
5.1655545 3.0015991 -3.1616158 4294901760
7.4513288 3.8558052 -3.0409379 4294901760
9.0697603 5.2702541 -2.9769449 4294901760
11.693003 6.0507245 -2.858341 4294901760
13.011707 7.5608392 -2.8204055 4294901760
16.431015 7.5088363 -2.5797188 4294901760
19.975956 11.607623 -2.5577304 4294901760
18.022505 9.3260231 -2.5698206 4294901760
20.816092 13.497478 -2.624702 4294901760
5.179338 2.9854717 -3.1600571 4294901760
7.4612532 3.8279796 -3.0368249 4294901760
9.0881033 5.2385607 -2.9725335 4294901760
11.721114 6.0134916 -2.8535903 4294901760
13.034577 7.5133848 -2.8137772 4294901760
16.475269 7.4596453 -2.5733392 4294901760
20.075123 11.571694 -2.5505633 4294901760
18.072687 9.2721519 -2.5622742 4294901760
20.856371 13.420409 -2.6138446 4294901760
5.1897254 2.9673779 -3.157546 4294901760
7.4815598 3.8054729 -3.0346196 4294901760
9.1097612 5.2087736 -2.9686129 4294901760
11.738494 5.9707499 -2.8477845 4294901760
13.074528 7.4757447 -2.80865 4294901760
16.501202 7.402102 -2.5659797 4294901760
20.111921 11.499581 -2.5406823 4294901760
18.11915 9.2162514 -2.5545514 4294901760
20.913172 13.353984 -2.6037478 4294901760
5.2034039 2.9511433 -3.155987 4294901760
7.4983006 3.7810979 -3.0317791 4294901760
9.1347656 5.1808395 -2.9651754 4294901760
11.759266 5.9297352 -2.8423371 4294901760
13.090169 7.4241714 -2.8014388 4294901760
16.516024 7.3396001 -2.5580473 4294901760
20.186655 11.448988 -2.5324235 4294901760
18.133415 9.1439676 -2.5452936 4294901760
20.946175 13.27235 -2.592618 4294901760
5.2069588 2.9291861 -3.1515813 4294901760
7.5044365 3.7513952 -3.0270505 4294901760
9.1665726 5.1566753 -2.9627004 4294901760
11.779892 5.8886542 -2.8368969 4294901760
13.129866 7.3862348 -2.796308 4294901760
16.552475 7.2867212 -2.5512869 4294901760
20.233448 11.38237 -2.5229828 4294901760
18.136694 9.0663576 -2.5355585 4294901760
21.029547 13.222531 -2.5836895 4294901760
5.2205157 2.9128678 -3.1500256 4294901760
7.5210013 3.7269166 -3.0242164 4294901760
9.1845179 5.1246438 -2.9582944 4294901760
11.814598 5.8545427 -2.83285 4294901760
13.15557 7.3403544 -2.7899969 4294901760
16.585114 7.2320771 -2.5443354 4294901760
20.286997 11.319445 -2.5138302 4294901760
18.186092 9.0118389 -2.528024 4294901760
21.089125 13.15749 -2.5737259 4294901760
5.2340231 2.8964911 -3.1484692 4294901760
7.5374851 3.7023675 -3.021383 4294901760
9.1954355 5.0887237 -2.9529352 4294901760
11.831402 5.8115139 -2.82707 4294901760
13.167196 7.2866826 -2.7825265 4294901760
16.599291 7.1693978 -2.5364442 4294901760
20.340353 11.256284 -2.5046735 4294901760
18.231754 8.9553289 -2.520318 4294901760
21.145111 13.090094 -2.5636156 4294901760
5.244101 2.8782043 -3.1459687 4294901760
7.5503621 3.6760361 -3.0179265 4294901760
9.2027464 5.0508909 -2.9471104 4294901760
11.855182 5.7719188 -2.8219876 4294901760
13.196035 7.2425919 -2.776525 4294901760
16.627876 7.1129823 -2.5293219 4294901760
20.372522 11.181378 -2.4946754 4294901760
18.270069 8.8951283 -2.5122836 4294901760
21.207676 13.026652 -2.5537856 4294901760
5.2574997 2.8617213 -3.1444123 4294901760
7.563149 3.6496558 -3.0144732 4294901760
9.2203226 5.018734 -2.9427257 4294901760
11.871686 5.7287736 -2.8162236 4294901760
13.224732 7.1983833 -2.7705259 4294901760
16.667273 7.0611067 -2.5227621 4294901760
20.439468 11.125452 -2.4860749 4294901760
18.311783 8.8364925 -2.5044129 4294901760
21.273474 12.965003 -2.5440843 4294901760
5.2538967 2.8360364 -3.1381524 4294901760
7.5829177 3.6266232 -3.0122688 4294901760
9.2516937 4.9940348 -2.9402421 4294901760
11.916665 5.6992908 -2.8131943 4294901760
13.239275 7.1465182 -2.763386 4294901760
16.684471 6.9998136 -2.5150986 4294901760
20.49222 11.061634 -2.4769139 4294901760
18.356897 8.7794113 -2.4967046 4294901760
21.33909 12.903075 -2.5343745 4294901760
5.280745 2.8267679 -3.1403596 4294901760
7.5919871 3.5984502 -3.0082009 4294901760
9.2690716 4.9617076 -2.9358599 4294901760
11.925731 5.6525574 -2.8067596 4294901760
13.264142 7.1002574 -2.7571151 4294901760
16.71616 6.9445829 -2.5081789 4294901760
20.523672 10.986263 -2.4669378 4294901760
18.373022 8.7084446 -2.4877245 4294901760
21.404539 12.840824 -2.5246511 4294901760
5.2939839 2.8101218 -3.1388032 4294901760
7.6045036 3.5719252 -3.0047588 4294901760
9.2898273 4.9311724 -2.9319527 4294901760
11.952574 5.614265 -2.8020272 4294901760
13.316952 7.0688267 -2.7531152 4294901760
16.755035 6.8922467 -2.5016246 4294901760
20.561901 10.914549 -2.4572449 4294901760
18.414139 8.6493378 -2.4798646 4294901760
21.452669 12.768066 -2.5142491 4294901760
5.2969422 2.788038 -3.1344388 4294901760
7.6169243 3.5453603 -3.0013218 4294901760
9.3209724 4.9060807 -2.9294543 4294901760
11.957707 5.5658135 -2.7952826 4294901760
13.345063 7.0241547 -2.7471268 4294901760
16.782679 6.8352242 -2.4945319 4294901760
20.624588 10.855722 -2.4484849 4294901760
18.458673 8.5917416 -2.4721625 4294901760
21.459291 12.670784 -2.5022743 4294901760
5.3090906 2.7731657 -3.1331348 4294901760
7.631587 3.5230553 -2.998847 4294901760
9.3363409 4.8767715 -2.9255154 4294901760
11.967932 5.5248904 -2.7897632 4294901760
13.36354 6.98035 -2.7412074 4294901760
16.811457 6.7854428 -2.4883492 4294901760
20.672741 10.79826 -2.4402895 4294901760
18.471098 8.5270205 -2.4640591 4294901760
21.540319 12.627523 -2.4943864 4294901760
5.3187375 2.7546177 -3.1306491 4294901760
7.6438365 3.4963961 -2.9954166 4294901760
9.3603258 4.8477888 -2.9220753 4294901760
12.001575 5.4896855 -2.7857137 4294901760
13.394887 6.9373212 -2.735507 4294901760
16.831341 6.725245 -2.4809172 4294901760
20.752827 10.748058 -2.4321513 4294901760
18.518875 8.470788 -2.4565165 4294901760
21.618771 12.572329 -2.485162 4294901760
5.3317475 2.737793 -3.129097 4294901760
7.6559958 3.4696908 -2.9919903 4294901760
9.3807077 4.8168888 -2.918169 4294901760
12.013437 5.4444795 -2.7796721 4294901760
13.419022 6.8905182 -2.7292531 4294901760
16.843605 6.6620522 -2.4731495 4294901760
20.797318 10.679191 -2.4227154 4294901760
18.530176 8.3978605 -2.4474633 4294901760
21.683275 12.508752 -2.475405 4294901760
5.3447042 2.7209136 -3.1275449 4294901760
7.671639 3.4445536 -2.9891794 4294901760
9.3868961 4.7787371 -2.9124153 4294901760
12.035988 5.4041395 -2.7746325 4294901760
13.432359 6.8382249 -2.7221816 4294901760
16.87788 6.6075759 -2.46644 4294901760
20.852247 10.615586 -2.41366 4294901760
18.577562 8.3412952 -2.4399259 4294901760
21.764914 12.454799 -2.466265 4294901760
5.3477635 2.697835 -3.1230838 4294901760
7.691381 3.4195979 -2.9868076 4294901760
9.414937 4.749639 -2.9092224 4294901760
12.048464 5.3567624 -2.7683456 4294901760
13.450232 6.7853608 -2.7150884 4294901760
16.916842 6.5514197 -2.4595413 4294901760
20.898142 10.542677 -2.403744 4294901760
18.593439 8.2666664 -2.4306448 4294901760
21.834724 12.388727 -2.4560759 4294901760
5.3601246 2.6818109 -3.1216598 4294901760
7.7134461 3.3988197 -2.985384 4294901760
9.4270992 4.7166247 -2.9046245 4294901760
12.073422 5.3199806 -2.7639124 4294901760
13.476214 6.7425036 -2.7094476 4294901760
16.94591 6.4981403 -2.4530246 4294901760
20.92585 10.469751 -2.3943136 4294901760
18.606155 8.1985359 -2.4222155 4294901760
21.88612 12.322133 -2.4464409 4294901760
5.3699174 2.6621482 -3.1190627 4294901760
7.715065 3.3658218 -2.9799786 4294901760
9.4443226 4.6820436 -2.9000573 4294901760
12.111023 5.2836294 -2.759918 4294901760
13.51865 6.7019005 -2.7042685 4294901760
16.965887 6.4345779 -2.4452879 4294901760
21.02128 10.421346 -2.386097 4294901760
18.636076 8.1302891 -2.4135606 4294901760
21.962502 12.259348 -2.4364741 4294901760
5.3787169 2.6443248 -3.1167157 4294901760
7.7189846 3.3371041 -2.9755321 4294901760
9.4739866 4.6576715 -2.897753 4294901760
12.132122 5.2450104 -2.7551579 4294901760
13.522958 6.6482573 -2.6970174 4294901760
16.983408 6.3768773 -2.4382842 4294901760
20.733446 10.193131 -2.366241 4294901760
18.692215 8.0810976 -2.4068778 4294901760
22.010025 12.190312 -2.4267094 4294901760
5.3814454 2.6212204 -3.1122813 4294901760
7.7239518 3.3057058 -2.9707572 4294901760
9.4874382 4.6211872 -2.8927355 4294901760
12.147614 5.1989503 -2.7492263 4294901760
13.575835 6.6125832 -2.6926374 4294901760
17.006664 6.3145909 -2.4307425 4294901760
21.089935 10.272587 -2.3666501 4294901760
18.692383 7.9999876 -2.3971086 4294901760
22.093042 12.130698 -2.4169488 4294901760
5.390563 2.6024182 -3.1098199 4294901760
7.7498899 3.2848442 -2.969769 4294901760
9.5177507 4.594913 -2.8902061 4294901760
12.151078 5.1503181 -2.7426131 4294901760
13.616744 6.5737963 -2.6877532 4294901760
17.051035 6.2634234 -2.4245503 4294901760
21.161602 10.21625 -2.3581553 4294901760
18.753233 7.9486871 -2.3901498 4294901760
22.152784 12.063044 -2.406996 4294901760
5.403089 2.5852499 -3.1082802 4294901760
7.7649245 3.2592921 -2.966975 4294901760
9.5515575 4.5701938 -2.8881209 4294901760
12.179956 5.1124816 -2.7382464 4294901760
13.643194 6.5279446 -2.681807 4294901760
17.076536 6.2052302 -2.4175432 4294901760
21.225927 10.156103 -2.3494134 4294901760
18.791891 7.8878117 -2.3823512 4294901760
22.233391 12.006513 -2.3977196 4294901760
5.4116316 2.5673192 -3.1059463 4294901760
7.7793102 3.2350318 -2.9643524 4294901760
9.5559464 4.5334139 -2.8826466 4294901760
12.204168 5.0751123 -2.7338274 4294901760
13.661172 6.4809637 -2.6756518 4294901760
17.112007 6.1539617 -2.4113829 4294901760
21.255882 10.083953 -2.3401325 4294901760
18.806898 7.8208628 -2.3741491 4294901760
22.304749 11.949688 -2.3887212 4294901760
5.4310188 2.5533288 -3.1062386 4294901760
7.7941842 3.2093489 -2.9615612 4294901760
9.5717144 4.5000277 -2.8783131 4294901760
12.225481 5.033989 -2.728828 4294901760
13.708907 6.4450798 -2.6712785 4294901760
17.133387 6.0941882 -2.4042282 4294901760
21.2729 10.001201 -2.3299413 4294901760
18.863579 7.7673049 -2.3670337 4294901760
22.342802 11.869879 -2.3780742 4294901760
5.4368482 2.531781 -3.1027465 4294901760
7.8058939 3.1807623 -2.9580088 4294901760
9.5881424 4.4649172 -2.8737693 4294901760
12.251197 4.9921436 -2.7238817 4294901760
13.732436 6.3947935 -2.6647706 4294901760
17.15185 6.0300331 -2.3965726 4294901760
21.345585 9.9400139 -2.3209288 4294901760
18.877151 7.6921015 -2.3579054 4294901760
22.449732 11.821392 -2.3689771 4294901760
5.449151 2.5144 -3.101208 4294901760
7.8060374 3.1490908 -2.9528503 4294901760
9.6000824 4.4297628 -2.8690023 4294901760
12.26119 4.9463768 -2.7179556 4294901760
13.76551 6.3518147 -2.6593509 4294901760
17.187843 5.9753523 -2.3900657 4294901760
21.394648 9.8721247 -2.311734 4294901760
18.918676 7.6321216 -2.3502579 4294901760
22.508556 11.752187 -2.3589687 4294901760
5.4500175 2.4940639 -3.097182 4294901760
7.8158917 3.1245532 -2.9498181 4294901760
9.6211376 4.4028726 -2.8660049 4294901760
12.298776 4.9166722 -2.7150533 4294901760
13.792627 6.3118501 -2.6542933 4294901760
17.19523 5.9174404 -2.3831933 4294901760
21.43281 9.8081875 -2.3032906 4294901760
18.975878 7.5859728 -2.3440754 4294901760
22.555994 11.686931 -2.3498006 4294901760
5.4621978 2.4766161 -3.0956481 4294901760
7.8413386 3.1030262 -2.9488146 4294901760
9.6292486 4.3659992 -2.8608093 4294901760
12.312172 4.8722539 -2.7094512 4294901760
13.80733 6.2603846 -2.647603 4294901760
17.245947 5.8676486 -2.3773065 4294901760
21.499622 9.748148 -2.2946181 4294901760
19.002241 7.5196924 -2.3359077 4294901760
22.621506 11.620895 -2.339994 4294901760
5.4822102 2.4603548 -3.095685 4294901760
7.8422379 3.0686052 -2.9433472 4294901760
9.6567602 4.3338461 -2.8573937 4294901760
12.334485 4.8263855 -2.7039452 4294901760
13.84941 6.2154608 -2.6420741 4294901760
17.268349 5.8013821 -2.369489 4294901760
21.544176 9.668786 -2.2842515 4294901760
19.079239 7.4655538 -2.3285773 4294901760
22.70154 11.552049 -2.3294263 4294901760
5.487246 2.4396369 -3.0923362 4294901760
7.860219 3.0440433 -2.9411654 4294901760
9.6971121 4.3113489 -2.8561571 4294901760
12.366061 4.7890301 -2.6998882 4294901760
13.88556 6.1735382 -2.6369045 4294901760
17.288498 5.7410636 -2.3623948 4294901760
21.585093 9.5967607 -2.274852 4294901760
19.105185 7.3989048 -2.3204138 4294901760
22.770243 11.487113 -2.3196909 4294901760
5.4948826 2.4223871 -3.090142 4294901760
7.8624177 3.0165257 -2.9369767 4294901760
9.7069902 4.2792706 -2.8518431 4294901760
12.388452 4.7530017 -2.6957479 4294901760
13.904884 6.1298876 -2.6313524 4294901760
17.306448 5.6867251 -2.3560216 4294901760
21.611481 9.5272961 -2.2661223 4294901760
19.146942 7.3459902 -2.3136942 4294901760
22.849049 11.436968 -2.3113921 4294901760
5.5068359 2.4047318 -3.0886099 4294901760
7.8839006 2.9932368 -2.9353828 4294901760
9.7218695 4.245358 -2.8475413 4294901760
12.404969 4.7097259 -2.6904762 4294901760
13.940778 6.0876756 -2.6261802 4294901760
17.356497 5.6361151 -2.3501213 4294901760
21.615355 9.4390182 -2.2557657 4294901760
19.191107 7.2861814 -2.306155 4294901760
22.913866 11.369553 -2.3015249 4294901760
5.5054207 2.3789868 -3.08323 4294901760
7.9100237 2.9684572 -2.9340329 4294901760
9.7526121 4.2142715 -2.8445501 4294901760
12.430391 4.6648512 -2.6852889 4294901760
13.971349 6.0372605 -2.6198969 4294901760
17.40835 5.5791578 -2.3435023 4294901760
21.680738 9.3686199 -2.2460268 4294901760
19.218943 7.2124443 -2.2972 4294901760
22.982428 11.293816 -2.2905936 4294901760
5.5270295 2.3677478 -3.0846474 4294901760
7.9119573 2.940861 -2.9298606 4294901760
9.7585354 4.1805005 -2.8398206 4294901760
12.456142 4.6299272 -2.6814547 4294901760
13.993901 5.9949069 -2.6146028 4294901760
17.433382 5.5268507 -2.3374274 4294901760
21.743073 9.3146076 -2.2382808 4294901760
19.245241 7.1534228 -2.2900033 4294901760
23.035734 11.230309 -2.2815742 4294901760
5.5356698 2.3474753 -3.0820982 4294901760
7.9300447 2.9145501 -2.927515 4294901760
9.770153 4.1431646 -2.8348899 4294901760
12.473027 4.5842447 -2.6759386 4294901760
14.015778 5.9435792 -2.6081488 4294901760
17.457323 5.4641113 -2.3301573 4294901760
21.795431 9.2426462 -2.2287152 4294901760
19.290037 7.0897183 -2.2820649 4294901760
23.083925 11.149281 -2.2706935 4294901760
5.5505266 2.3320882 -3.0815885 4294901760
7.9470396 2.8909173 -2.9255023 4294901760
9.8020582 4.1183953 -2.8329678 4294901760
12.495618 4.5455666 -2.6715469 4294901760
14.046412 5.9016867 -2.6030397 4294901760
17.467735 5.4038315 -2.3231809 4294901760
21.844357 9.1780424 -2.2201011 4294901760
19.313444 7.0257063 -2.2743578 4294901760
23.163977 11.093354 -2.2617753 4294901760
5.5586343 2.3126976 -3.079164 4294901760
7.9460115 2.8591731 -2.9204407 4294901760
9.8200254 4.0856709 -2.8291137 4294901760
12.526347 4.5072918 -2.6674838 4294901760
14.063257 5.8510885 -2.5966654 4294901760
17.50173 5.3474751 -2.3167026 4294901760
21.883633 9.1047945 -2.2107387 4294901760
19.337854 6.9582419 -2.2662578 4294901760
23.278296 11.048367 -2.2531025 4294901760
5.5702348 2.2947488 -3.0776374 4294901760
7.9596372 2.8327351 -2.9176931 4294901760
9.8415346 4.0543804 -2.8256884 4294901760
12.542003 4.4635415 -2.6622462 4294901760
14.087271 5.8034806 -2.5907793 4294901760
17.535543 5.2909555 -2.3102257 4294901760
21.915279 9.0283556 -2.2012095 4294901760
19.369534 6.8933744 -2.2583966 4294901760
23.298656 10.958552 -2.24211 4294901760
5.578609 2.2743161 -3.0750976 4294901760
7.9625673 2.8009379 -2.9130626 4294901760
9.8490105 4.0152955 -2.8203537 4294901760
12.565765 4.4201732 -2.6573379 4294901760
14.12318 5.7578115 -2.5853007 4294901760
17.558636 5.2277813 -2.3029919 4294901760
21.940836 8.9449539 -2.1910453 4294901760
19.436043 6.8368835 -2.2511327 4294901760
23.34952 10.878136 -2.2313032 4294901760
5.5793691 2.2519467 -3.0709016 4294901760
7.9797039 2.7757046 -2.9108958 4294901760
9.8702955 3.9838519 -2.8169346 4294901760
12.599855 4.3828039 -2.6535633 4294901760
14.161632 5.7159224 -2.5803597 4294901760
17.584417 5.1687078 -2.2962542 4294901760
22.027426 8.8907175 -2.1828151 4294901760
19.482378 6.7768593 -2.2437084 4294901760
23.419968 10.811628 -2.2215314 4294901760
5.5971456 2.2386973 -3.0714014 4294901760
7.9846773 2.7493434 -2.9073489 4294901760
9.8827629 3.952821 -2.8130996 4294901760
12.594804 4.3367362 -2.6474216 4294901760
14.175827 5.6699233 -2.5746243 4294901760
17.612041 5.1167669 -2.2903547 4294901760
22.058956 8.8229485 -2.1743395 4294901760
19.529961 6.7247009 -2.2371929 4294901760
23.461079 10.741315 -2.2122195 4294901760
5.6017318 2.2167518 -3.0679839 4294901760
7.9909868 2.7187979 -2.9033153 4294901760
9.8898344 3.9136662 -2.8077946 4294901760
12.61437 4.2918258 -2.6422424 4294901760
14.196513 5.6179314 -2.5682166 4294901760
17.626848 5.0510883 -2.282887 4294901760
22.105986 8.7479172 -2.1646943 4294901760
19.562023 6.6556473 -2.228929 4294901760
23.489384 10.650314 -2.2009337 4294901760
5.6058483 2.1957808 -3.0646937 4294901760
8.0004282 2.6908894 -2.9000223 4294901760
9.892395 3.8747981 -2.8022971 4294901760
12.640556 4.251565 -2.6378994 4294901760
14.23455 5.5755973 -2.5632727 4294901760
17.648203 4.9906163 -2.2760448 4294901760
22.154963 8.6779804 -2.1556056 4294901760
19.592693 6.5898685 -2.221077 4294901760
23.551905 10.579711 -2.1909876 4294901760
5.6206622 2.1789825 -3.0640633 4294901760
8.0134954 2.6641812 -2.8973 4294901760
9.9132299 3.8430979 -2.7988954 4294901760
12.677914 4.2149224 -2.6344056 4294901760
14.242804 5.5215592 -2.5564959 4294901760
17.700047 4.9386106 -2.2702351 4294901760
22.25209 8.6265478 -2.1475306 4294901760
19.619362 6.5226893 -2.2131283 4294901760
23.482927 10.450361 -2.178246 4294901760
5.6350484 2.1630936 -3.0635507 4294901760
8.0260105 2.6388195 -2.8947451 4294901760
9.9296093 3.8116217 -2.7952912 4294901760
12.703128 4.1765785 -2.6303174 4294901760
14.275885 5.4800014 -2.5516291 4294901760
17.73168 4.8841219 -2.2641294 4294901760
22.261946 8.5455647 -2.1381266 4294901760
19.663607 6.4650688 -2.2061002 4294901760
23.462667 10.348274 -2.1671944 4294901760
5.6393375 2.1410599 -3.0601518 4294901760
8.0356274 2.6093869 -2.8913023 4294901760
9.9545975 3.7794139 -2.7920933 4294901760
12.710803 4.1275434 -2.6243076 4294901760
14.292154 5.4262328 -2.5450258 4294901760
17.745619 4.8180594 -2.2567043 4294901760
22.375183 8.4950771 -2.1298306 4294901760
19.702335 6.3978844 -2.1980643 4294901760
23.763828 10.377234 -2.1616161 4294901760
5.6464076 2.1223457 -3.0578787 4294901760
8.0367689 2.5803251 -2.8870707 4294901760
9.9596777 3.7435977 -2.7872579 4294901760
12.743312 4.0914311 -2.6207829 4294901760
14.313795 5.3802037 -2.5394881 4294901760
17.773041 4.7622738 -2.250484 4294901760
22.42938 8.4306517 -2.1213257 4294901760
19.700672 6.3251958 -2.1898499 4294901760
23.842075 10.31739 -2.1525114 4294901760
5.6501708 2.101279 -3.0546112 4294901760
8.0494661 2.5534396 -2.8843653 4294901760
9.9800949 3.7115626 -2.7838633 4294901760
12.765081 4.0493202 -2.6161611 4294901760
14.354854 5.3385201 -2.5347636 4294901760
17.804958 4.7042704 -2.2440431 4294901760
22.451195 8.3495216 -2.1116917 4294901760
19.741632 6.2624111 -2.1823306 4294901760
23.896294 10.24196 -2.1423602 4294901760
5.6610856 2.0828774 -3.0531049 4294901760
8.0583286 2.525332 -2.8811059 4294901760
10.004114 3.6808035 -2.7808785 4294901760
12.790494 4.008306 -2.61182 4294901760
14.354736 5.2815237 -2.527607 4294901760
17.832832 4.6451154 -2.2374859 4294901760
22.472708 8.2683601 -2.1020815 4294901760
19.782389 6.1994371 -2.1748128 4294901760
23.97966 10.178777 -2.1327658 4294901760
5.6719413 2.0644195 -3.0515985 4294901760
8.0708418 2.4983451 -2.878408 4294901760
10.002047 3.64045 -2.7750435 4294901760
12.8082 3.9648035 -2.6069288 4294901760
14.376824 5.2327404 -2.5217872 4294901760
17.868225 4.5877857 -2.2311699 4294901760
22.501436 8.1898594 -2.0926278 4294901760
19.819145 6.1350555 -2.1671979 4294901760
23.974566 10.077988 -2.1215148 4294901760
5.6754899 2.0433021 -3.0483458 4294901760
8.0795135 2.470155 -2.8751581 4294901760
10.022132 3.6081896 -2.7716584 4294901760
12.829551 3.9223871 -2.6023169 4294901760
14.391261 5.1811728 -2.5155396 4294901760
17.87641 4.523427 -2.2240307 4294901760
22.526134 8.1099072 -2.0831225 4294901760
19.86713 6.0739903 -2.1598618 4294901760
23.913786 9.9543476 -2.1093214 4294901760
5.6789584 2.0221875 -3.0451002 4294901760
8.0993519 2.4453406 -2.8735747 4294901760
10.030943 3.5718603 -2.7670639 4294901760
12.85456 3.8810239 -2.5979803 4294901760
14.416753 5.1335783 -2.5099528 4294901760
17.903685 4.4638939 -2.2174928 4294901760
22.561823 8.0339088 -2.0738339 4294901760
19.88439 6.0034571 -2.1517961 4294901760
24.066483 9.9194946 -2.1009729 4294901760
5.6856332 2.0033424 -3.0428503 4294901760
8.1074162 2.4184661 -2.8704944 4294901760
10.04646 3.5398872 -2.7634919 4294901760
12.871162 3.8395057 -2.5933614 4294901760
14.444949 5.0897021 -2.5048838 4294901760
17.906786 4.4016414 -2.2106154 4294901760
22.629742 7.9736271 -2.0656004 4294901760
19.927113 5.9443164 -2.1447682 4294901760
24.162073 9.8652763 -2.0921142 4294901760
5.6853161 1.9809501 -3.0387473 4294901760
8.0969963 2.3846126 -2.8645062 4294901760
10.069951 3.5087004 -2.7605159 4294901760
12.888291 3.7956769 -2.5884924 4294901760
14.47765 5.0444865 -2.499728 4294901760
17.925909 4.3400493 -2.2038713 4294901760
22.683809 7.9037814 -2.0566289 4294901760
19.970686 5.8814836 -2.1373398 4294901760
24.259275 9.8063126 -2.082695 4294901760
5.7034655 1.96386 -3.0388756 4294901760
8.1019163 2.3538234 -2.8605733 4294901760
10.082745 3.4717662 -2.7561316 4294901760
12.913549 3.7517316 -2.5839062 4294901760
14.488521 4.9887962 -2.4930029 4294901760
17.957197 4.2780061 -2.19713 4294901760
22.708853 7.819283 -2.0466924 4294901760
20.015079 5.8149161 -2.1295099 4294901760
24.291351 9.7158451 -2.0716355 4294901760
5.7099466 1.944937 -3.0366359 4294901760
8.1172171 2.3291085 -2.8586144 4294901760
10.09046 3.4370391 -2.7517748 4294901760
12.922105 3.7077961 -2.5787735 4294901760
14.520043 4.9458556 -2.4881516 4294901760
17.971283 4.2184377 -2.1906362 4294901760
22.764875 7.7542324 -2.0382504 4294901760
20.041916 5.7507148 -2.1221347 4294901760
24.330856 9.6381826 -2.0618172 4294901760
5.7130494 1.9237657 -3.0334175 4294901760
8.1403923 2.3050365 -2.8575866 4294901760
10.113632 3.405582 -2.7488031 4294901760
12.946423 3.6659136 -2.5744522 4294901760
14.52968 4.8926058 -2.4817505 4294901760
17.989779 4.1565809 -2.1839237 4294901760
22.810711 7.6810927 -2.0291562 4294901760
20.046524 5.6763806 -2.113873 4294901760
24.356918 9.5502853 -2.0512586 4294901760
5.7164083 1.9015962 -3.0300884 4294901760
8.1374531 2.2720182 -2.8525815 4294901760
10.126047 3.3684881 -2.7444384 4294901760
12.967415 3.6205683 -2.5696137 4294901760
14.547516 4.8393154 -2.4754798 4294901760
17.977709 4.0844364 -2.1760252 4294901760
22.853857 7.6024675 -2.0195365 4294901760
20.086395 5.6082239 -2.1059763 4294901760
24.425255 9.4739332 -2.0408049 4294901760
5.7263417 1.8838314 -3.0287247 4294901760
8.1298189 2.2408497 -2.8473687 4294901760
10.144673 3.3373582 -2.7412815 4294901760
12.990829 3.5807064 -2.5655503 4294901760
14.57104 4.793529 -2.4702258 4294901760
18.006702 4.0282707 -2.1700044 4294901760
22.878944 7.5266333 -2.010639 4294901760
20.13179 5.5489936 -2.0990303 4294901760
24.504982 9.4114828 -2.0315955 4294901760
5.7328811 1.8638352 -3.0263853 4294901760
8.1413746 2.2134926 -2.8447225 4294901760
10.144981 3.2982671 -2.7359633 4294901760
13.003245 3.5353475 -2.5604568 4294901760
14.606591 4.7487955 -2.4652896 4294901760
18.036209 3.9688268 -2.1636491 4294901760
22.916458 7.4504423 -2.0014515 4294901760
20.170265 5.4839306 -2.0915294 4294901760
24.552605 9.3315763 -2.0213757 4294901760
5.7393527 1.8438107 -3.0240493 4294901760
8.1566296 2.1870894 -2.8426187 4294901760
10.16396 3.2652497 -2.732609 4294901760
13.011675 3.4889042 -2.555114 4294901760
14.638226 4.7026415 -2.4601452 4294901760
18.065525 3.909209 -2.1572955 4294901760
22.957521 7.3752785 -1.9923204 4294901760
20.177736 5.4103861 -2.0834103 4294901760
24.599976 9.2514286 -2.0111563 4294901760
5.7420826 1.8226014 -3.0208604 4294901760
8.168005 2.1596088 -2.8399775 4294901760
10.171528 3.2285571 -2.728092 4294901760
13.031446 3.4454956 -2.5505538 4294901760
14.650762 4.6503162 -2.4539983 4294901760
18.07127 3.844471 -2.1503379 4294901760
22.967915 7.2902737 -1.9827939 4294901760
20.24275 5.3521543 -2.0764501 4294901760
24.632118 9.1655073 -2.0007474 4294901760
5.7520847 1.8036977 -3.0193903 4294901760
8.1716995 2.1300929 -2.8362651 4294901760
10.190279 3.195395 -2.7247448 4294901760
13.058753 3.4039869 -2.5465071 4294901760
14.666904 4.5991435 -2.4480636 4294901760
18.104069 3.7854378 -2.1441007 4294901760
23.065563 7.2327347 -1.9744134 4294901760
20.284456 5.2874894 -2.0690248 4294901760
24.712664 9.0973911 -1.9909667 4294901760
5.7509871 1.7813272 -3.0153582 4294901760
8.1866837 2.1035051 -2.8341689 4294901760
10.201371 3.159802 -2.720629 4294901760
13.074399 3.3593659 -2.5416987 4294901760
14.698066 4.5526209 -2.4429283 4294901760
18.128878 3.7246196 -2.1376667 4294901760
23.09067 7.1521702 -1.9650971 4294901760
20.333681 5.2245822 -2.0617423 4294901760
24.781778 9.024725 -1.9810252 4294901760
5.7571702 1.761243 -3.0130424 4294901760
8.1939754 2.0749171 -2.8310058 4294901760
10.20478 3.1218629 -2.7157538 4294901760
13.097586 3.3166323 -2.5374024 4294901760
14.721475 4.5036178 -2.4374008 4294901760
18.122248 3.6573796 -2.1304643 4294901760
23.107864 7.0691957 -1.9557078 4294901760
20.344065 5.1516194 -2.0537436 4294901760
24.843174 8.9489937 -1.9709822 4294901760
5.7666659 1.7432578 -3.011698 4294901760
8.2008114 2.0477352 -2.8280065 4294901760
10.222642 3.0902953 -2.7126257 4294901760
13.120061 3.2760677 -2.5333598 4294901760
14.732518 4.4536266 -2.4315915 4294901760
18.134275 3.5972681 -2.1241043 4294901760
23.154093 6.9994612 -1.9471582 4294901760
20.361034 5.0841327 -2.0462976 4294901760
24.850149 8.8585243 -1.9608561 4294901760
5.7687249 1.7230209 -3.0086539 4294901760
8.2151737 2.0224018 -2.8260756 4294901760
10.232836 3.0563755 -2.7087364 4294901760
13.142412 3.2353835 -2.5293174 4294901760
14.75102 4.4058809 -2.4261792 4294901760
18.153923 3.5386307 -2.1179459 4294901760
23.203947 6.9306273 -1.9386474 4294901760
20.42811 5.0289679 -2.0397513 4294901760
24.871864 8.773406 -1.9509257 4294901760
5.7823906 1.7040449 -3.0079327 4294901760
8.2110939 1.989509 -2.821182 4294901760
10.247759 3.0199692 -2.7048259 4294901760
13.158038 3.1881299 -2.5242789 4294901760
14.774697 4.3540382 -2.420378 4294901760
18.123741 3.46385 -2.1099243 4294901760
23.225363 6.8444118 -1.9288794 4294901760
20.4774 4.9615765 -2.032068 4294901760
24.926466 8.6900787 -1.9403003 4294901760
5.7772079 1.6806209 -3.0030894 4294901760
8.2179899 1.9608325 -2.8180459 4294901760
10.258239 2.9841769 -2.7007465 4294901760
13.196105 3.1486232 -2.5209751 4294901760
14.80508 4.3068776 -2.4152548 4294901760
18.16704 3.4064329 -2.1040192 4294901760
23.199305 6.7488027 -1.9191201 4294901760
20.506229 4.8928366 -2.0244422 4294901760
24.911366 8.5873976 -1.9295089 4294901760
5.7867417 1.6615061 -3.001642 4294901760
8.2324228 1.9339265 -2.8159702 4294901760
10.268594 2.948348 -2.6966748 4294901760
13.191565 3.0989077 -2.5149722 4294901760
14.804735 4.2507782 -2.4086258 4294901760
18.198404 3.3465934 -2.0978372 4294901760
23.303265 6.6909003 -1.9107093 4294901760
20.554235 4.8285155 -2.0171428 4294901760
24.948746 8.5029564 -1.9192804 4294901760
5.7887993 1.6402502 -2.9985082 4294901760
8.2353001 1.9043001 -2.8123202 4294901760
10.282624 2.9135706 -2.6929867 4294901760
13.179103 3.0474868 -2.5085068 4294901760
14.827133 4.2012525 -2.4031417 4294901760
18.221731 3.285181 -2.0914814 4294901760
23.349508 6.6160583 -1.901708 4294901760
20.602034 4.7639375 -2.0098391 4294901760
25.023664 8.4311295 -1.9094127 4294901760
5.7981997 1.6210691 -2.9970667 4294901760
8.2457218 1.8764101 -2.809727 4294901760
10.300344 2.8797853 -2.6896756 4294901760
13.19353 3.0023417 -2.5037599 4294901760
14.85703 4.1537499 -2.3980312 4294901760
18.217402 3.2187786 -2.084522 4294901760
23.387835 6.5388045 -1.8926343 4294901760
20.630199 4.6946425 -2.0022228 4294901760
25.109753 8.3626423 -1.8996222 4294901760
5.8038225 1.600821 -2.994786 4294901760
8.244565 1.8459035 -2.8055704 4294901760
10.317955 2.8459172 -2.6863668 4294901760
13.20393 2.9562724 -2.4987814 4294901760
14.86377 4.0997519 -2.3918197 4294901760
18.216753 3.1531348 -2.0776763 4294901760
23.429747 6.4624357 -1.8836013 4294901760
20.65424 4.6243477 -1.9945568 4294901760
25.153955 8.2799406 -1.8894573 4294901760
5.8056588 1.5795394 -2.9916694 4294901760
8.2586212 1.8187985 -2.8035104 4294901760
10.343081 2.8140311 -2.6838 4294901760
13.218044 2.9110141 -2.4940519 4294901760
14.874153 4.0467954 -2.385807 4294901760
18.243355 3.0921845 -2.0714447 4294901760
23.444462 6.37851 -1.8743467 4294901760
20.685831 4.5556469 -1.9870166 4294901760
25.296587 8.229125 -1.8800772 4294901760
5.8111372 1.5592625 -2.9893987 4294901760
8.2649202 1.7899572 -2.8004124 4294901760
10.349025 2.7768826 -2.6793861 4294901760
13.220369 2.863173 -2.4886189 4294901760
14.918919 4.0030909 -2.3814344 4294901760
18.265823 3.0304348 -2.0651348 4294901760
23.458879 6.29456 -1.8651162 4294901760
20.717197 4.4867821 -1.9794817 4294901760
25.351763 8.1493177 -1.8699676 4294901760
5.8165445 1.5389696 -2.987133 4294901760
8.2864628 1.7643654 -2.7993946 4294901760
10.362475 2.7417541 -2.6757178 4294901760
13.230284 2.8170109 -2.483675 4294901760
14.944335 3.9540448 -2.3761547 4294901760
18.256634 2.9634697 -2.0581822 4294901760
23.542427 6.2289701 -1.8564322 4294901760
20.736631 4.4152732 -1.9717892 4294901760
25.380053 8.0607796 -1.8596677 4294901760
5.8330626 1.5215747 -2.9873781 4294901760
8.2925701 1.7354313 -2.7963052 4294901760
10.364333 2.7035725 -2.670958 4294901760
13.236151 2.7700014 -2.4785082 4294901760
14.96959 3.90487 -2.3708777 4294901760
18.266867 2.8997283 -2.0516605 4294901760
23.591053 6.1538086 -1.8474718 4294901760
20.755817 4.3436828 -1.9641116 4294901760
25.377563 7.9625816 -1.8491827 4294901760
5.8308768 1.4992871 -2.9834492 4294901760
8.2908926 1.7048959 -2.792192 4294901760
10.373707 2.6673799 -2.6669407 4294901760
13.265172 2.7277806 -2.4747527 4294901760
14.98698 3.8535862 -2.3652518 4294901760
18.27294 2.8353405 -2.0450766 4294901760
23.620119 6.0734158 -1.8383796 4294901760
20.805996 4.2784362 -1.9568642 4294901760
25.447144 7.8869543 -1.8391949 4294901760
5.8430257 1.4828547 -2.9830859 4294901760
8.3000526 1.6796165 -2.7899404 4294901760
10.382035 2.6347737 -2.6633317 4294901760
13.293123 2.6900246 -2.4714849 4294901760
15.018288 3.8113711 -2.3609116 4294901760
18.301449 2.7809069 -2.039623 4294901760
23.64682 6.0011373 -1.8302113 4294901760
20.823244 4.2138362 -1.9499739 4294901760
25.467983 7.8057938 -1.8299464 4294901760
5.8444295 1.4615167 -2.9800026 4294901760
8.3058643 1.6506355 -2.7868729 4294901760
10.398838 2.6004379 -2.660053 4294901760
13.298539 2.6428361 -2.4663422 4294901760
15.039216 3.7608576 -2.3554699 4294901760
18.330742 2.719933 -2.0335238 4294901760
23.671494 5.9195313 -1.8211204 4294901760
20.865196 4.1465678 -1.9426229 4294901760
25.433945 7.698349 -1.8193815 4294901760
5.8497477 1.4400845 -2.9776442 4294901760
8.3195581 1.6216803 -2.7846816 4294901760
10.415976 2.5641935 -2.6565766 4294901760
13.292558 2.5910363 -2.4602823 4294901760
15.045177 3.7038052 -2.3490574 4294901760
18.34059 2.6527238 -2.0267301 4294901760
23.71628 5.838448 -1.8116974 4294901760
20.903734 4.0746365 -1.9348363 4294901760
25.412268 7.590219 -1.8084337 4294901760
5.8549867 1.418633 -2.9752913 4294901760
8.3293009 1.5919111 -2.7819827 4294901760
10.417622 2.5241358 -2.65167 4294901760
13.29807 2.5415514 -2.4549286 4294901760
15.047055 3.6458237 -2.342495 4294901760
18.354134 2.5860357 -2.0200284 4294901760
23.768543 5.7589955 -1.802317 4294901760
20.910698 3.9964907 -1.9266816 4294901760
25.543303 7.5274878 -1.7982581 4294901760
5.8524079 1.3964025 -2.9714019 4294901760
8.3309498 1.5621095 -2.7784252 4294901760
10.434056 2.489598 -2.648406 4294901760
13.322457 2.4980509 -2.4509635 4294901760
15.075162 3.5969799 -2.3374243 4294901760
18.351208 2.5203393 -2.0133789 4294901760
23.827312 5.6852698 -1.7934262 4294901760
20.940193 3.9264278 -1.9192061 4294901760
25.504255 7.4193411 -1.7878168 4294901760
5.8609967 1.3768446 -2.9699988 4294901760
8.3363514 1.5330173 -2.7753842 4294901760
10.446532 2.4540622 -2.644788 4294901760
13.303779 2.4465046 -2.4445302 4294901760
15.091499 3.5452416 -2.331851 4294901760
18.36779 2.4573174 -2.0071044 4294901760
23.889742 5.6120934 -1.7845399 4294901760
20.969454 3.8561873 -1.9117355 4294901760
25.622084 7.3567014 -1.778046 4294901760
5.8652935 1.3584261 -2.9679961 4294901760
8.3488464 1.5082165 -2.7736652 4294901760
10.446488 2.4194496 -2.6405103 4294901760
13.315304 2.4054055 -2.4403958 4294901760
15.118059 3.5014048 -2.327358 4294901760
18.371471 2.3990891 -2.0012743 4294901760
23.942242 5.5451217 -1.7765181 4294901760
20.993235 3.7924213 -1.9049935 4294901760
25.579784 7.2576537 -1.7686938 4294901760
5.8702335 1.3369153 -2.9656641 4294901760
8.3620443 1.4789665 -2.7714918 4294901760
10.459142 2.3820152 -2.6367095 4294901760
13.34357 2.3600321 -2.436429 4294901760
15.130793 3.4459596 -2.3213472 4294901760
18.384092 2.332226 -1.9946386 4294901760
23.942955 5.4528837 -1.7669281 4294901760
21.006996 3.7154365 -1.8969929 4294901760
25.49474 7.1326423 -1.7577511 4294901760
5.878623 1.3172626 -2.9642701 4294901760
8.3710203 1.4504439 -2.7689703 4294901760
10.475105 2.3472273 -2.6334648 4294901760
13.359544 2.3148036 -2.4320433 4294901760
15.138847 3.3922634 -2.3154745 4294901760
18.39212 2.2680519 -1.988273 4294901760
23.985203 5.374526 -1.7579691 4294901760
21.000195 3.6386967 -1.8891996 4294901760
25.573347 7.0584917 -1.7478651 4294901760
5.8756618 1.2950745 -2.9604182 4294901760
8.3721647 1.4205564 -2.76545 4294901760
10.490954 2.3123467 -2.6302223 4294901760
13.367543 2.2681527 -2.4272251 4294901760
15.15448 3.34025 -2.3099391 4294901760
18.380152 2.2014644 -1.9815986 4294901760
24.070063 5.3053637 -1.7491336 4294901760
21.016699 3.5660317 -1.8816637 4294901760
25.790409 7.0216055 -1.7382675 4294901760
5.8761601 1.2747648 -2.9575055 4294901760
8.369091 1.3914965 -2.7615898 4294901760
10.483115 2.2741902 -2.6250896 4294901760
13.371077 2.2231574 -2.4224415 4294901760
15.161588 3.2891304 -2.3043771 4294901760
18.407133 2.1427991 -1.9759067 4294901760
24.12652 5.2339687 -1.740652 4294901760
21.052006 3.5002356 -1.8747028 4294901760
25.890657 6.9567528 -1.7288283 4294901760
5.8883271 1.2548258 -2.9568317 4294901760
8.3702641 1.3601857 -2.7579415 4294901760
10.49138 2.2357545 -2.6209724 4294901760
13.386969 2.1754107 -2.4178412 4294901760
15.18132 3.2351995 -2.2987394 4294901760
18.414864 2.0753233 -1.9692763 4294901760
24.188471 5.1546588 -1.7312672 4294901760
21.064692 3.4230573 -1.86678 4294901760
25.804071 6.8321881 -1.7180609 4294901760
5.8926721 1.2342626 -2.9546356 4294901760
8.3904562 1.33342 -2.7569394 4294901760
10.510726 2.2015474 -2.6180959 4294901760
13.406239 2.1305332 -2.4137008 4294901760
15.200307 3.1838138 -2.2933922 4294901760
18.414076 2.0101612 -1.962857 4294901760
24.23756 5.0767317 -1.7223011 4294901760
21.084389 3.3507528 -1.8593198 4294901760
25.889566 6.7581987 -1.7080936 4294901760
5.9042768 1.2162733 -2.9541831 4294901760
8.3987074 1.3061974 -2.7545962 4294901760
10.514096 2.16589 -2.6140399 4294901760
13.41715 2.0866838 -2.4093781 4294901760
15.210779 3.1334004 -2.2880242 4294901760
18.424603 1.9495186 -1.9569545 4294901760
24.281616 5.0019808 -1.7137798 4294901760
21.1269 3.285732 -1.8524431 4294901760
25.996874 6.6942253 -1.6986212 4294901760
5.9009361 1.1941266 -2.9503684 4294901760
8.3993378 1.2762809 -2.7511187 4294901760
10.540962 2.1330926 -2.6118546 4294901760
13.424352 2.0398328 -2.4046125 4294901760
15.237216 3.083437 -2.2830019 4294901760
18.44714 1.8868085 -1.9509257 4294901760
24.330217 4.9235168 -1.7048095 4294901760
21.142181 3.2125585 -1.8449701 4294901760
26.016216 6.6024499 -1.6885687 4294901760
5.9126248 1.1750213 -2.9498103 4294901760
8.4037418 1.2469518 -2.7481446 4294901760
10.544467 2.0955114 -2.6076171 4294901760
13.439242 1.994122 -2.40028 4294901760
15.251788 3.0310016 -2.2775228 4294901760
18.461542 1.8231826 -1.94479 4294901760
24.33943 4.8369966 -1.6958114 4294901760
21.176929 3.1422443 -1.8376602 4294901760
26.035234 6.5106211 -1.6785402 4294901760
5.9242516 1.1558515 -2.9492517 4294901760
8.4080429 1.2176113 -2.7451787 4294901760
10.555597 2.0594506 -2.6040716 4294901760
13.461827 1.9494754 -2.3963728 4294901760
15.273986 2.980032 -2.2723572 4294901760
18.487617 1.7606204 -1.9388343 4294901760
24.363998 4.7535396 -1.6868455 4294901760
21.203548 3.0705931 -1.8302981 4294901760
26.100435 6.4302101 -1.6685166 4294901760
5.9169011 1.1329902 -2.9446492 4294901760
8.4122419 1.188252 -2.7422202 4294901760
10.562722 2.0225894 -2.6001937 4294901760
13.452835 1.9002495 -2.3908055 4294901760
15.26867 2.9237018 -2.2661462 4294901760
18.497616 1.6964347 -1.9326657 4294901760
24.403955 4.6729603 -1.6778928 4294901760
21.233875 2.9993427 -1.82297 4294901760
26.107204 6.3352914 -1.6585282 4294901760
5.9244108 1.114076 -2.943398 4294901760
8.4161358 1.1603513 -2.7394171 4294901760
10.573256 1.9882839 -2.5968554 4294901760
13.466924 1.8567145 -2.3867352 4294901760
15.274373 2.8723214 -2.260685 4294901760
18.499174 1.6347382 -1.9267173 4294901760
24.42716 4.5934882 -1.6693984 4294901760
21.239756 2.9283721 -1.8158691 4294901760
26.155247 6.2551866 -1.649021 4294901760
5.9246659 1.0916578 -2.9403207 4294901760
8.4436569 1.1326274 -2.7392533 4294901760
10.580471 1.9495198 -2.5928016 4294901760
13.497233 1.8105114 -2.3830199 4294901760
15.288708 2.8170426 -2.254976 4294901760
18.497103 1.5662564 -1.9201188 4294901760
24.459528 4.506825 -1.6600204 4294901760
21.301714 2.8573997 -1.8083805 4294901760
26.193537 6.1629429 -1.6385361 4294901760
5.9246502 1.0702838 -2.9373593 4294901760
8.4358921 1.1016209 -2.7348509 4294901760
10.591102 1.9132749 -2.5892839 4294901760
13.503471 1.7633828 -2.378315 4294901760
15.302362 2.7643609 -2.2495558 4294901760
18.490547 1.5007083 -1.9138024 4294901760
24.482965 4.4228301 -1.6511068 4294901760
21.319464 2.7840526 -1.801 4294901760
26.179892 6.0633602 -1.6286571 4294901760
5.9321432 1.0502692 -2.9360125 4294901760
8.4280119 1.0706861 -2.7304647 4294901760
10.570473 1.8714724 -2.5831127 4294901760
13.50561 1.7157389 -2.373421 4294901760
15.315835 2.7116256 -2.2441473 4294901760
18.515528 1.4377007 -1.907904 4294901760
24.545404 4.3456945 -1.6421498 4294901760
21.321142 2.7086163 -1.7935504 4294901760
26.208681 5.9737182 -1.6187274 4294901760
5.939568 1.0302124 -2.9346678 4294901760
8.4394846 1.0422196 -2.7285128 4294901760
10.600307 1.8386132 -2.581275 4294901760
13.511517 1.6685815 -2.3687427 4294901760
15.325208 2.6581428 -2.2386057 4294901760
18.548237 1.3751169 -1.9021051 4294901760
24.564356 4.260664 -1.6332613 4294901760
21.358166 2.6375899 -1.7863024 4294901760
26.252745 5.8874307 -1.6087701 4294901760
5.9391551 1.009866 -2.9318323 4294901760
8.4506817 1.0151649 -2.7267091 4294901760
10.61414 1.8047785 -2.5783024 4294901760
13.532733 1.6256622 -2.3651085 4294901760
15.333939 2.607311 -2.2333543 4294901760
18.564613 1.3144488 -1.8964279 4294901760
24.590153 4.1811943 -1.6248178 4294901760
21.354919 2.5653269 -1.7792414 4294901760
26.361776 5.8201394 -1.5991091 4294901760
5.9388428 0.98849708 -2.9288974 4294901760
8.4619656 0.98657054 -2.7247622 4294901760
10.62817 1.7690171 -2.5751421 4294901760
13.542266 1.5788766 -2.3606484 4294901760
15.354713 2.5557318 -2.2282605 4294901760
18.565115 1.2493749 -1.8902748 4294901760
24.616402 4.0973034 -1.6159445 4294901760
21.363743 2.4907734 -1.7718906 4294901760
26.335119 5.7179265 -1.5893778 4294901760
5.9422579 0.96775907 -2.9267681 4294901760
8.4692564 0.95746511 -2.722338 4294901760
10.642083 1.7331749 -2.5719855 4294901760
13.571353 1.5342665 -2.3571813 4294901760
15.371392 2.5033925 -2.2230325 4294901760
18.593212 1.1860793 -1.8844479 4294901760
24.638435 4.0126276 -1.6070948 4294901760
21.384193 2.4175224 -1.7646059 4294901760
5.9530425 0.94925994 -2.926343 4294901760
8.4606876 0.92808926 -2.7181499 4294901760
10.651676 1.6984944 -2.568697 4294901760
13.576366 1.4892501 -2.3527706 4294901760
15.391393 2.4542799 -2.2182243 4294901760
18.593065 1.1241697 -1.8786308 4294901760
24.671309 3.9340363 -1.5986627 4294901760
21.37624 2.3448517 -1.7575983 4294901760
26.349993 5.5336008 -1.5702808 4294901760
5.9488688 0.92625076 -2.9225256 4294901760
8.4601326 0.8966617 -2.7146437 4294901760
10.66564 1.6606615 -2.5653603 4294901760
13.56595 1.4378105 -2.3471334 4294901760
15.408143 2.3990786 -2.2127378 4294901760
18.612965 1.0569226 -1.872435 4294901760
24.693445 3.8448186 -1.5894035 4294901760
21.39262 2.2673335 -1.7499709 4294901760
26.377914 5.4386044 -1.5599555 4294901760
5.9596829 0.90663666 -2.9219997 4294901760
8.471014 0.86792207 -2.7127194 4294901760
10.671373 1.6234183 -2.5615714 4294901760
13.574833 1.3908485 -2.342715 4294901760
15.412493 2.344677 -2.2071295 4294901760
18.612568 0.99172801 -1.8663503 4294901760
24.726442 3.7615926 -1.5805519 4294901760
21.404369 2.1930461 -1.7427111 4294901760
26.443687 5.3559971 -1.5499437 4294901760
5.9551907 0.8847 -2.9183052 4294901760
8.4739923 0.83835316 -2.7098498 4294901760
10.676974 1.5861657 -2.5577931 4294901760
13.591451 1.3446362 -2.338691 4294901760
15.428451 2.2920425 -2.2019389 4294901760
18.619892 0.92696255 -1.8603665 4294901760
24.751263 3.6770346 -1.5717459 4294901760
21.38809 2.1159773 -1.7353989 4294901760
5.9580913 0.86494535 -2.9163077 4294901760
8.4767256 0.81024551 -2.7071309 4294901760
10.682175 1.5507479 -2.5542121 4294901760
13.599786 1.2999319 -2.3345199 4294901760
15.428094 2.2397203 -2.1965008 4294901760
18.622862 0.86520672 -1.85466 4294901760
24.783064 3.5977957 -1.5633513 4294901760
21.379116 2.0435169 -1.7284998 4294901760
5.9650364 0.84363997 -2.9148953 4294901760
8.4835443 0.77952802 -2.7046063 4294901760
10.683874 1.511029 -2.5499456 4294901760
13.612362 1.2508 -2.3300898 4294901760
15.448013 2.1848252 -2.19119 4294901760
18.625908 0.79693985 -1.8483728 4294901760
24.800035 3.5074892 -1.5541723 4294901760
21.378521 1.9644097 -1.720927 4294901760
26.514006 5.0818 -1.5205934 4294901760
5.9641285 0.82228804 -2.9120147 4294901760
8.4823065 0.74956661 -2.7012892 4294901760
10.700829 1.4753478 -2.5471499 4294901760
13.600835 1.201882 -2.3247728 4294901760
15.459485 2.1314347 -2.1859 4294901760
18.624598 0.7317661 -1.8423706 4294901760
24.827938 3.4230847 -1.5453869 4294901760
21.381277 1.8894262 -1.7137477 4294901760
5.9668221 0.80250698 -2.9100332 4294901760
8.4886532 0.7217682 -2.6990635 4294901760
10.697828 1.4388031 -2.5429626 4294901760
13.624513 1.158457 -2.3213823 4294901760
15.466468 2.0801606 -2.180764 4294901760
18.634882 0.67029047 -1.8367875 4294901760
24.791698 3.3343563 -1.5374112 4294901760
21.415232 1.8208816 -1.7069893 4294901760
25.955236 4.7917886 -1.5056577 4294901760
5.9772258 0.78267258 -2.909524 4294901760
8.4950314 0.69244927 -2.6967008 4294901760
10.722381 1.4040147 -2.5408056 4294901760
13.636385 1.1115327 -2.3172088 4294901760
15.481522 2.0271883 -2.1756232 4294901760
18.660992 0.6060093 -1.831049 4294901760
24.862532 3.2555609 -1.5284047 4294901760
21.409538 1.7451401 -1.6998373 4294901760
5.9837427 0.76229161 -2.9082308 4294901760
8.4934855 0.66248876 -2.6934111 4294901760
10.731136 1.3670801 -2.5373924 4294901760
13.652049 1.0648547 -2.3132277 4294901760
15.488503 1.9731388 -2.1702423 4294901760
18.670954 0.54110134 -1.8251916 4294901760
24.881659 3.1697686 -1.5197127 4294901760
21.403574 1.6694709 -1.6927154 4294901760
26.554037 4.7108798 -1.4825717 4294901760
5.9787221 0.74045128 -2.9045913 4294901760
8.4918346 0.63254321 -2.6901319 4294901760
10.724075 1.3281527 -2.532738 4294901760
13.667554 1.0180743 -2.3092515 4294901760
15.491349 1.9185688 -2.164752 4294901760
18.676712 0.47602063 -1.8193181 4294901760
24.908415 3.0848513 -1.5109833 4294901760
21.42915 1.5962231 -1.6856301 4294901760
5.9850941 0.72003847 -2.9033082 4294901760
8.4979038 0.60317689 -2.6877925 4294901760
10.740419 1.2921293 -2.5299659 4294901760
13.663109 0.96980047 -2.3043773 4294901760
15.501901 1.8649606 -2.1595237 4294901760
18.686224 0.41100308 -1.8134909 4294901760
24.930914 2.9993207 -1.5022961 4294901760
21.42664 1.5208519 -1.6785555 4294901760
5.9875712 0.69914061 -2.9012473 4294901760
8.4843044 0.57245147 -2.6831448 4294901760
10.744864 1.2546275 -2.5262678 4294901760
13.654532 0.92129624 -2.2993419 4294901760
15.512267 1.8112947 -2.1543071 4294901760
18.679581 0.34562108 -1.8075687 4294901760
24.957088 2.9141221 -1.4935931 4294901760
21.427837 1.4457753 -1.6715053 4294901760
5.9898567 0.67928237 -2.8992951 4294901760
8.4978981 0.54506826 -2.6818852 4294901760
10.745039 1.2185459 -2.5224564 4294901760
13.681273 0.87753785 -2.2961569 4294901760
15.518188 1.7598472 -2.1492493 4294901760
18.668676 0.28349775 -1.8019377 4294901760
24.974545 2.8322494 -1.485394 4294901760
21.424557 1.3742042 -1.6648338 4294901760
5.9920764 0.65941393 -2.8973477 4294901760
8.4918299 0.51640671 -2.6783247 4294901760
10.756878 1.1837691 -2.5195763 4294901760
13.69995 0.83312398 -2.2926149 4294901760
15.5358 1.7096782 -2.1445584 4294901760
18.681461 0.22172512 -1.7964797 4294901760
24.975866 2.7485354 -1.4773389 4294901760
21.397161 1.3012083 -1.6582098 4294901760
5.998395 0.63680935 -2.8958762 4294901760
8.4898338 0.48357561 -2.6748216 4294901760
10.761344 1.1424596 -2.5155406 4294901760
13.675318 0.77893752 -2.2864738 4294901760
15.530384 1.6487566 -2.1383798 4294901760
18.638369 0.14964463 -1.7898346 4294901760
24.966394 2.6505144 -1.468137 4294901760
21.40996 1.2194979 -1.6505284 4294901760
6.0005808 0.61586839 -2.8938372 4294901760
8.4875526 0.45373005 -2.6716068 4294901760
10.757401 1.1040837 -2.5112751 4294901760
13.697765 0.73225904 -2.2829049 4294901760
15.555824 1.5965688 -2.1336777 4294901760
18.64674 0.084623799 -1.7841076 4294901760
24.99534 2.5653915 -1.4594754 4294901760
21.465841 1.1475271 -1.6434876 4294901760
6.0025907 0.59596759 -2.8919055 4294901760
8.4929285 0.42577994 -2.6694534 4294901760
10.764938 1.0687976 -2.5081146 4294901760
13.712007 0.68743044 -2.2792122 4294901760
15.549162 1.5437995 -2.1283276 4294901760
18.654882 0.022802114 -1.7786828 4294901760
25.051359 2.4872258 -1.4509935 4294901760
21.485455 1.0771403 -1.6368546 4294901760
5.9968657 0.57532161 -2.8884335 4294901760
8.4903755 0.39742818 -2.6663942 4294901760
10.776292 1.0338457 -2.5052619 4294901760
13.694392 0.64102435 -2.2741485 4294901760
15.554196 1.4922237 -2.1233366 4294901760
18.666805 -0.039090198 -1.7732905 4294901760
25.063444 2.4045129 -1.4429148 4294901760
21.476961 1.0053207 -1.6302952 4294901760
5.9989333 0.55333662 -2.8863127 4294901760
8.4878569 0.3661356 -2.6630731 4294901760
10.787879 0.99506497 -2.5020511 4294901760
13.708543 0.5913372 -2.2700355 4294901760
15.5754 1.436662 -2.1182823 4294901760
18.678486 -0.1075808 -1.7673374 4294901760
25.048246 2.3104293 -1.4342859 4294901760
21.468554 0.92607617 -1.6230737 4294901760
6.0084095 0.53412378 -2.8859401 4294901760
8.4968624 0.33830065 -2.6613941 4294901760
10.787184 0.95893788 -2.4983125 4294901760
13.702497 0.54556185 -2.2655225 4294901760
15.588003 1.3857117 -2.1135361 4294901760
18.662096 -0.1693719 -1.7618477 4294901760
25.039871 2.2259452 -1.4264598 4294901760
21.479473 0.85520035 -1.6165131 4294901760
6.0140748 0.51347327 -2.8846982 4294901760
8.4979916 0.30863672 -2.6586792 4294901760
10.794403 0.92161101 -2.4950001 4294901760
13.688458 0.49714816 -2.2604716 4294901760
15.600671 1.3319634 -2.1085374 4294901760
18.665373 -0.23456866 -1.7561827 4294901760
25.031588 2.1371617 -1.4182465 4294901760
21.299059 0.77355593 -1.6102499 4294901760
6.01583 0.49247837 -2.8826923 4294901760
8.5029373 0.27910176 -2.6564238 4294901760
10.801493 0.88425064 -2.4916959 4294901760
13.709939 0.45001721 -2.256948 4294901760
15.581441 1.2755551 -2.1026893 4294901760
18.688335 -0.3001014 -1.7506113 4294901760
25.038895 2.0497777 -1.4098983 4294901760
21.245844 0.69737691 -1.603669 4294901760
6.0137548 0.47012424 -2.8798263 4294901760
8.4999828 0.2478186 -2.6531417 4294901760
10.79284 0.84372836 -2.4870415 4294901760
13.703564 0.39952999 -2.252049 4294901760
15.605836 1.2199835 -2.0977809 4294901760
18.639324 -0.36765778 -1.7445149 4294901760
25.03828 1.9573632 -1.4012467 4294901760
21.459465 0.62565482 -1.5957614 4294901760
6.0228839 0.45180655 -2.8795631 4294901760
8.5046406 0.22121751 -2.6511703 4294901760
10.799379 0.81011528 -2.4841166 4294901760
13.708717 0.35658279 -2.2483132 4294901760
15.597693 1.1700608 -2.0928123 4294901760
18.614187 -0.42566326 -1.7393864 4294901760
25.056246 1.8795938 -1.3936435 4294901760
21.493206 0.5590682 -1.5895199 4294901760
6.0205827 0.4305037 -2.8768094 4294901760
8.4896755 0.19117396 -2.646703 4294901760
10.802142 0.77241063 -2.4805489 4294901760
13.705914 0.30863532 -2.2438281 4294901760
15.617553 1.1167381 -2.088074 4294901760
18.612589 -0.49064115 -1.7337986 4294901760
25.114395 1.7958128 -1.3847576 4294901760
21.522928 0.48466206 -1.5826178 4294901760
6.0220485 0.40948942 -2.8748276 4294901760
8.4902906 0.16154413 -2.6440365 4294901760
10.812657 0.73524302 -2.4775746 4294901760
13.70294 0.26072481 -2.2393613 4294901760
15.621355 1.0622265 -2.0829327 4294901760
18.622707 -0.55595213 -1.728264 4294901760
25.092642 1.7062587 -1.376827 4294901760
21.524488 0.40954486 -1.5758575 4294901760
6.0197325 0.38611543 -2.8718929 4294901760
8.4908485 0.12894057 -2.641113 4294901760
10.807513 0.69321144 -2.4730928 4294901760
13.711773 0.20822464 -2.2349639 4294901760
15.621348 1.0019786 -2.0771933 4294901760
18.616453 -0.62732422 -1.722151 4294901760
25.099009 1.6098912 -1.3677696 4294901760
21.525902 0.32688865 -1.5684457 4294901760
6.0248885 0.3653318 -2.8706841 4294901760
8.4912462 0.099298909 -2.6384645 4294901760
10.809868 0.65547913 -2.4695585 4294901760
13.704482 0.1602639 -2.2303684 4294901760
15.648569 0.94888401 -2.0726829 4294901760
18.61813 -0.69245708 -1.7166328 4294901760
25.116425 1.5229874 -1.3594095 4294901760
21.530897 0.25178808 -1.5617095 4294901760
6.0298519 0.34662449 -2.8696756 4294901760
8.4797506 0.072523408 -2.634764 4294901760
10.807927 0.62129092 -2.4661005 4294901760
13.70095 0.11717792 -2.2263761 4294901760
15.663385 0.9004057 -2.0683877 4294901760
18.635759 -0.75174308 -1.7117103 4294901760
25.109137 1.4433922 -1.3521975 4294901760
21.543545 0.18425202 -1.5556167 4294901760
6.0348716 0.32578033 -2.8684738 4294901760
8.4799519 0.042920876 -2.6321363 4294901760
10.817923 0.58398366 -2.46316 4294901760
13.705244 0.069368444 -2.2222874 4294901760
15.662461 0.84550625 -2.0632007 4294901760
18.664852 -0.8181898 -1.7062615 4294901760
25.121988 1.3561597 -1.3439318 4294901760
21.56399 0.10914512 -1.5488199 4294901760
6.0399246 0.30279997 -2.8670805 4294901760
8.4918213 0.010376297 -2.6305742 4294901760
10.81219 0.54204834 -2.4587383 4294901760
13.697474 0.016737171 -2.2173221 4294901760
15.661619 0.78516507 -2.0575266 4294901760
18.645662 -0.88908839 -1.7002157 4294901760
25.138966 1.2602936 -1.33482 4294901760
21.584183 0.02637407 -1.5413693 4294901760
6.0369992 0.28364393 -2.8645711 4294901760
8.4996567 -0.016315013 -2.6290989 4294901760
10.805945 0.50770932 -2.4550316 4294901760
13.713328 -0.026322613 -2.2141483 4294901760
15.671955 0.73633522 -2.0531671 4294901760
18.622889 -0.94664645 -1.6952901 4294901760
25.170704 1.182627 -1.3271279 4294901760
21.568213 -0.041399989 -1.5355004 4294901760
6.0303016 0.2611804 -2.8610244 4294901760
8.4956169 -0.047447968 -2.625926 4294901760
10.823528 0.46878144 -2.4525092 4294901760
13.721077 -0.076632127 -2.2100399 4294901760
15.670576 0.67871356 -2.0477803 4294901760
18.603388 -1.0140343 -1.6895812 4294901760
25.170883 1.0901846 -1.3186829 4294901760
21.57589 -0.12050121 -1.5285006 4294901760
6.0311341 0.24118297 -2.8591881 4294901760
8.4914913 -0.075583585 -2.6230247 4294901760
10.832922 0.43320477 -2.449774 4294901760
13.720748 -0.12212971 -2.2060575 4294901760
15.676714 0.62690634 -2.0430999 4294901760
18.599922 -1.0757159 -1.6844486 4294901760
25.178349 1.0068734 -1.3109589 4294901760
21.591318 -0.19218642 -1.5221221 4294901760
6.039638 0.22040829 -2.8587635 4294901760
8.4911747 -0.1052262 -2.6204393 4294901760
10.830417 0.39524117 -2.446033 4294901760
13.724204 -0.17007612 -2.2020309 4294901760
15.702652 0.57304668 -2.038635 4294901760
18.584127 -1.1399086 -1.6790662 4294901760
25.189682 0.91926283 -1.3027936 4294901760
21.590513 -0.26755872 -1.5155481 4294901760
6.0403705 0.19932593 -2.8568401 4294901760
8.4986 -0.13498808 -2.6187294 4294901760
10.83173 0.35743582 -2.4425843 4294901760
13.715593 -0.21785255 -2.1975679 4294901760
15.700582 0.51810282 -2.0335453 4294901760
18.584009 -1.2050261 -1.6737075 4294901760
25.176783 0.83080763 -1.2950163 4294901760
21.589449 -0.34291747 -1.508998 4294901760
6.0372105 0.17707105 -2.8540783 4294901760
8.4980478 -0.16613831 -2.6160319 4294901760
10.832969 0.31773037 -2.4389744 4294901760
13.706768 -0.26796967 -2.1929173 4294901760
15.718278 0.46101621 -2.0286655 4294901760
18.583443 -1.273409 -1.6681002 4294901760
25.207581 0.73933697 -1.2861898 4294901760
21.588047 -0.42205006 -1.5021451 4294901760
6.030036 0.15790324 -2.8508644 4294901760
8.5053272 -0.19301119 -2.6145899 4294901760
10.833913 0.28369811 -2.4358909 4294901760
13.721725 -0.31138682 -2.189791 4294901760
15.715672 0.41153243 -2.0241044 4294901760
18.571404 -1.3312112 -1.6633221 4294901760
25.229725 0.66066855 -1.278697 4294901760
21.590599 -0.48995501 -1.4962587 4294901760
6.0382514 0.13702711 -2.8504562 4294901760
8.4928379 -0.2223928 -2.6107471 4294901760
10.838788 0.24596654 -2.4327493 4294901760
13.712623 -0.35907766 -2.1853788 4294901760
15.724964 0.3568494 -2.0193207 4294901760
18.574585 -1.3966302 -1.6580175 4294901760
25.195972 0.57177669 -1.2713244 4294901760
21.576801 -0.5650084 -1.4898818 4294901760
6.0464158 0.11504143 -2.8499546 4294901760
8.4958868 -0.25363615 -2.6085083 4294901760
10.831714 0.20608835 -2.4286275 4294901760
13.707247 -0.40921608 -2.1809273 4294901760
15.718214 0.29906079 -2.0139642 4294901760
18.573315 -1.4650134 -1.6524726 4294901760
25.221838 0.47988036 -1.2626163 4294901760
21.578571 -0.64420658 -1.4830689 4294901760
6.0467806 0.093934797 -2.8480616 4294901760
8.4988699 -0.28342152 -2.6064038 4294901760
10.820512 0.16809319 -2.4244206 4294901760
13.713667 -0.45732531 -2.17713 4294901760
15.715186 0.24413037 -2.00896 4294901760
18.568089 -1.5298374 -1.6472182 4294901760
25.251287 0.39227065 -1.2542492 4294901760
21.604082 -0.720456 -1.4763756 4294901760
6.0432329 0.071725905 -2.8453381 4294901760
8.4938536 -0.31442443 -2.6033282 4294901760
10.832911 0.12857363 -2.4216881 4294901760
13.707933 -0.50743854 -2.1727123 4294901760
15.735858 0.18676572 -2.0042219 4294901760
18.538548 -1.5958331 -1.6417736 4294901760
25.244574 0.29962274 -1.2461149 4294901760
21.613249 -0.80007654 -1.469524 4294901760
6.0434284 0.052740213 -2.843647 4294901760
8.4967442 -0.34126449 -2.6014917 4294901760
10.841166 0.094609447 -2.4191957 4294901760
13.706273 -0.55050075 -2.1690621 4294901760
15.740344 0.13736393 -1.9998994 4294901760
18.533443 -1.6540656 -1.6370896 4294901760
25.245392 0.22031324 -1.2390505 4294901760
21.586729 -0.8670125 -1.4640081 4294901760
6.0435758 0.031644382 -2.8417742 4294901760
8.4915819 -0.37075049 -2.5985625 4294901760
10.837478 0.056745425 -2.4155676 4294901760
13.704268 -0.59834123 -2.1650212 4294901760
15.760613 0.082523145 -1.9954194 4294901760
18.51169 -1.7172778 -1.6319473 4294901760
25.238028 0.13214722 -1.2313687 4294901760
21.58357 -0.94235897 -1.4576437 4294901760
6.0436511 0.0094933584 -2.8398147 4294901760
8.4980021 -0.40224209 -2.5967891 4294901760
10.829709 0.01701129 -2.4115198 4294901760
13.709909 -0.64894104 -2.1610727 4294901760
15.756832 0.02475081 -1.9902308 4294901760
18.560774 -1.7904687 -1.626372 4294901760
25.246321 0.039656885 -1.2230413 4294901760
21.560059 -1.0205179 -1.4511986 4294901760
6.0513535 -0.010561625 -2.839524 4294901760
8.4966221 -0.43042034 -2.5944266 4294901760
10.841563 -0.018922135 -2.4091511 4294901760
13.695793 -0.69379896 -2.1568472 4294901760
15.756828 -0.027500909 -1.9856244 4294901760
18.530956 -1.8496354 -1.6215538 4294901760
25.266266 -0.044098042 -1.2152938 4294901760
21.560541 -1.0922099 -1.4451611 4294901760
6.0474272 -0.031664535 -2.8369315 4294901760
8.4989834 -0.46028849 -2.5923696 4294901760
10.833526 -0.056724712 -2.4052973 4294901760
13.693288 -0.74160194 -2.1528535 4294901760
15.756636 -0.082502291 -1.9807924 4294901760
18.512503 -1.913081 -1.6164718 4294901760
25.269947 -0.13231431 -1.2074709 4294901760
21.572519 -1.1683258 -1.438696 4294901760
6.0434194 -0.053794954 -2.8342555 4294901760
8.5011559 -0.49166217 -2.5901964 4294901760
10.84115 -0.096501522 -2.4023478 4294901760
13.69444 -0.79201448 -2.1488128 4294901760
15.760206 -0.14028805 -1.9758115 4294901760
18.517246 -1.9821916 -1.6110759 4294901760
25.269295 -0.22493234 -1.1993629 4294901760
21.56809 -1.2473851 -1.4321164 4294901760
6.0508981 -0.074985586 -2.8338845 4294901760
8.4915581 -0.52085358 -2.5869 4294901760
10.836795 -0.13429467 -2.3987851 4294901760
13.667828 -0.83835459 -2.144043 4294901760
15.771548 -0.19544847 -1.9712335 4294901760
18.533966 -2.049443 -1.6059034 4294901760
25.284313 -0.31333515 -1.1913611 4294901760
21.507896 -1.3192472 -1.4265313 4294901760
6.0544667 -0.095111161 -2.8328736 4294901760
8.4936972 -0.54926276 -2.5849912 4294901760
10.840241 -0.17029211 -2.3959224 4294901760
13.688731 -0.88521057 -2.1410995 4294901760
15.754908 -0.24749786 -1.9663981 4294901760
18.519156 -2.1099913 -1.6011275 4294901760
25.283134 -0.39717919 -1.184073 4294901760
21.495447 -1.3900483 -1.420736 4294901760
6.0540981 -0.11624461 -2.8310428 4294901760
8.4956417 -0.57917476 -2.582967 4294901760
10.847486 -0.20828235 -2.3931642 4294901760
13.693475 -0.93352747 -2.1374316 4294901760
15.769854 -0.30279663 -1.9619187 4294901760
18.503767 -2.1736929 -1.5961245 4294901760
25.281597 -0.4854314 -1.1764278 4294901760
21.454666 -1.4626323 -1.4150029 4294901760
6.0651846 -0.13869742 -2.831321 4294901760
8.4934616 -0.61030895 -2.5804143 4294901760
10.858503 -0.24831004 -2.3905087 4294901760
13.693919 -0.98399472 -2.1334481 4294901760
15.760686 -0.36041218 -1.9567907 4294901760
18.507534 -2.2429352 -1.590803 4294901760
25.303585 -0.57863724 -1.1679462 4294901760
21.465067 -1.5424007 -1.4083551 4294901760
6.0569897 -0.15860787 -2.8281314 4294901760
8.5031242 -0.6393531 -2.5793552 4294901760
10.849717 -0.28410983 -2.3868971 4294901760
13.682667 -1.0288049 -2.1294794 4294901760
15.77133 -0.41298684 -1.9525023 4294901760
18.519756 -2.3067575 -1.5859575 4294901760
25.289555 -0.66223031 -1.1609761 4294901760
21.455858 -1.613274 -1.4025931 4294901760
6.0563993 -0.17974973 -2.8263195 4294901760
8.4812908 -0.66749203 -2.574877 4294901760
10.856561 -0.3222152 -2.3841641 4294901760
13.667125 -1.075626 -2.1252065 4294901760
15.761842 -0.46780053 -1.9476494 4294901760
18.47999 -2.367341 -1.581148 4294901760
25.279112 -0.75026655 -1.1535772 4294901760
21.438171 -1.6872207 -1.3966566 4294901760
6.0519199 -0.19970541 -2.8238766 4294901760
8.4829397 -0.69593406 -2.5730085 4294901760
10.835682 -0.35756329 -2.3798139 4294901760
13.667438 -1.1212664 -2.1216602 4294901760
15.748281 -0.51967257 -1.9429865 4294901760
18.499678 -2.4322441 -1.5762928 4294901760
25.248571 -0.8331697 -1.1470076 4294901760
21.436436 -1.7586292 -1.3908396 4294901760
6.0588851 -0.22111033 -2.8235323 4294901760
8.4843664 -0.7258752 -2.5710275 4294901760
10.838318 -0.39552888 -2.3768494 4294901760
13.659487 -1.1686296 -2.1176803 4294901760
15.762268 -0.57522136 -1.9385695 4294901760
18.483181 -2.495739 -1.5714054 4294901760
25.273422 -0.92231733 -1.1389102 4294901760
21.418247 -1.8324261 -1.3849605 4294901760
3.6433771 -0.32516274 -3.035759 4294901760
6.0580339 -0.24331577 -2.8216496 4294901760
8.4894629 -0.75766432 -2.5693445 4294901760
10.840744 -0.43540925 -2.3737342 4294901760
13.659063 -1.219039 -2.1137784 4294901760
15.752106 -0.63266993 -1.9335439 4294901760
18.473907 -2.5634661 -1.566252 4294901760
25.289808 -1.0157436 -1.1306239 4294901760
21.435213 -1.9130417 -1.3783102 4294901760
3.6422791 -0.33724284 -3.0347908 4294901760
6.0533457 -0.26323622 -2.8192282 4294901760
8.4790926 -0.78508902 -2.566272 4294901760
10.843189 -0.4715277 -2.3709493 4294901760
13.650997 -1.2639616 -2.110024 4294901760
15.74595 -0.68472946 -1.9290686 4294901760
18.465305 -2.6247144 -1.5616105 4294901760
25.266367 -1.0987351 -1.1239786 4294901760
21.428753 -1.984113 -1.3726138 4294901760
3.6302538 -0.34891421 -3.0297506 4294901760
6.0562377 -0.28454554 -2.8181729 4294901760
8.4723959 -0.8143065 -2.5635021 4294901760
10.83753 -0.50918919 -2.3675129 4294901760
13.65045 -1.3119843 -2.1063435 4294901760
15.735518 -0.73931563 -1.9243188 4294901760
18.467857 -2.690877 -1.5566678 4294901760
25.262379 -1.1869246 -1.1165551 4294901760
21.397884 -2.0566127 -1.3669907 4294901760
6.0513606 -0.30548981 -2.8156781 4294901760
8.4812107 -0.84504247 -2.5623686 4294901760
10.827791 -0.54661757 -2.3638418 4294901760
13.649736 -1.3600188 -2.1026766 4294901760
15.736813 -0.7944389 -1.9197732 4294901760
18.466228 -2.7565017 -1.5517693 4294901760
25.278009 -1.2761055 -1.1087098 4294901760
21.382641 -2.1305025 -1.3611693 4294901760
3.6421535 -0.37573752 -3.0330985 4294901760
6.0541029 -0.32681879 -2.8146343 4294901760
8.474308 -0.87423974 -2.5596185 4294901760
10.825816 -0.58441031 -2.3606842 4294901760
13.6528 -1.4084715 -2.0991449 4294901760
15.729972 -0.84915143 -1.9151243 4294901760
18.44862 -2.8197401 -1.5470028 4294901760
25.301289 -1.3658401 -1.1006992 4294901760
21.398869 -2.2075834 -1.3548957 4294901760
3.6372151 -0.38806415 -3.0307567 4294901760
6.0490804 -0.34772852 -2.8121552 4294901760
8.4673042 -0.90339917 -2.5568807 4294901760
10.827658 -0.62242275 -2.3577855 4294901760
13.651746 -1.4565409 -2.095505 4294901760
15.730883 -0.90428233 -1.9106119 4294901760
18.450468 -2.8859673 -1.5421164 4294901760
25.288401 -1.4536917 -1.0935321 4294901760
21.398958 -2.2831118 -1.3488798 4294901760
3.6358385 -0.400758 -3.0297589 4294901760
6.0478292 -0.36884159 -2.8104041 4294901760
8.4679985 -0.93337977 -2.554961 4294901760
10.837254 -0.6609363 -2.3553886 4294901760
13.634747 -1.5028814 -2.091403 4294901760
15.739538 -0.95991403 -1.9062293 4294901760
18.420618 -2.9472075 -1.53749 4294901760
25.291138 -1.5424416 -1.0860244 4294901760
21.402746 -2.3591044 -1.3428223 4294901760
3.6416211 -0.4142665 -3.0314391 4294901760
6.046505 -0.38995022 -2.8086598 4294901760
8.4724817 -0.9638195 -2.5534508 4294901760
10.838824 -0.69901574 -2.3525078 4294901760
13.645187 -1.5522603 -2.0881493 4294901760
15.728156 -1.0143377 -1.9015779 4294901760
18.406288 -3.0108464 -1.5327709 4294901760
25.253746 -1.6286604 -1.0794874 4294901760
21.406267 -2.4351516 -1.3367839 4294901760
3.6437538 -0.42739797 -3.0317841 4294901760
6.0451074 -0.41105407 -2.8069224 4294901760
8.4729624 -0.99384522 -2.5515459 4294901760
10.832376 -0.73657787 -2.3491499 4294901760
13.635745 -1.5994192 -2.0843191 4294901760
15.712616 -1.0684235 -1.8968943 4294901760
18.415308 -3.0783617 -1.5278822 4294901760
25.247906 -1.7168024 -1.0722314 4294901760
21.381796 -2.5080006 -1.3312168 4294901760
3.6350412 -0.4392446 -3.0281265 4294901760
6.0474772 -0.43242767 -2.8059075 4294901760
8.4694424 -1.0234152 -2.5492492 4294901760
10.825795 -0.77410352 -2.3458066 4294901760
13.641895 -1.6484349 -2.0809705 4294901760
15.70879 -1.1232643 -1.8923968 4294901760
18.404449 -3.1426239 -1.5231739 4294901760
25.245739 -1.8052083 -1.0649073 4294901760
21.384789 -2.5840566 -1.325224 4294901760
3.6298888 -0.45148319 -3.0258114 4294901760
6.0459313 -0.45353472 -2.804183 4294901760
8.4580336 -1.0520047 -2.5461655 4294901760
10.826969 -0.81218368 -2.3429608 4294901760
13.639998 -1.696534 -2.0774024 4294901760
15.692876 -1.177199 -1.8877596 4294901760
18.393368 -3.2068486 -1.5184888 4294901760
25.219387 -1.891829 -1.0581986 4294901760
21.340031 -2.654259 -1.3200516 4294901760
3.6320479 -0.46334332 -3.0262659 4294901760
6.0367961 -0.47192582 -2.8012102 4294901760
8.4507952 -1.0780748 -2.5437207 4294901760
10.824365 -0.84619349 -2.3401921 4294901760
13.650344 -1.7413856 -2.0745564 4294901760
15.685135 -1.2261837 -1.8836949 4294901760
18.359673 -3.2604387 -1.5145041 4294901760
25.21332 -1.9710485 -1.0517492 4294901760
21.339495 -2.7222967 -1.3147514 4294901760
3.6268144 -0.47554734 -3.0239608 4294901760
6.0389514 -0.4933089 -2.8002133 4294901760
8.4430914 -1.1070569 -2.5410602 4294901760
10.829223 -0.88461584 -2.3376062 4294901760
13.648116 -1.789539 -2.0710123 4294901760
15.688687 -1.281575 -1.879355 4294901760
18.336428 -3.3223765 -1.5099776 4294901760
25.257988 -2.0632706 -1.0433078 4294901760
21.341721 -2.7983232 -1.3088287 4294901760
3.6286395 -0.48932159 -3.024276 4294901760
6.0371022 -0.51543951 -2.7984252 4294901760
8.4312038 -1.1369468 -2.5379043 4294901760
10.814093 -0.92329246 -2.3336854 4294901760
13.645398 -1.8400803 -2.0673013 4294901760
15.679921 -1.3387302 -1.8746605 4294901760
18.324125 -3.3895605 -1.505139 4294901760
25.258205 -2.1565111 -1.0356263 4294901760
21.339222 -2.8775914 -1.3027112 4294901760
3.6234062 -0.50085557 -3.0220301 4294901760
6.0353603 -0.53545642 -2.796814 4294901760
8.4312716 -1.1654364 -2.536171 4294901760
10.818847 -0.95984674 -2.3312733 4294901760
13.635291 -1.8847767 -2.0637465 4294901760
15.687281 -1.3917736 -1.8706204 4294901760
18.320612 -3.4517813 -1.5007067 4294901760
25.242968 -2.239553 -1.0290904 4294901760
21.297972 -2.9439723 -1.2978921 4294901760
3.618046 -0.51299161 -3.0197423 4294901760
6.0372901 -0.55687433 -2.7958341 4294901760
8.431036 -1.1954105 -2.5343335 4294901760
10.81543 -0.9976058 -2.3282456 4294901760
13.648272 -1.9351463 -2.0606868 4294901760
15.682327 -1.4465241 -1.86623 4294901760
18.304541 -3.5149603 -1.4961817 4294901760
25.254864 -2.3294864 -1.021508 4294901760
21.311247 -3.021656 -1.2918255 4294901760
3.6162336 -0.52561784 -3.0187888 4294901760
6.0314746 -0.57757777 -2.793443 4294901760
8.4229298 -1.2242689 -2.5317194 4294901760
10.823685 -1.0364829 -2.3259351 4294901760
13.657141 -1.985059 -2.0575247 4294901760
15.661345 -1.4997401 -1.8616747 4294901760
18.303883 -3.5811272 -1.4915214 4294901760
25.234661 -2.416487 -1.0147816 4294901760
21.320299 -3.0988953 -1.2858452 4294901760
3.6179626 -0.53877157 -3.0191672 4294901760
6.0294223 -0.59862798 -2.7917681 4294901760
8.4069672 -1.2519298 -2.5283346 4294901760
10.80427 -1.0726962 -2.3219945 4294901760
13.650128 -2.0327191 -2.053941 4294901760
15.659973 -1.5547923 -1.8573704 4294901760
18.314709 -3.6496682 -1.4867549 4294901760
25.214161 -2.5033748 -1.0080917 4294901760
21.317238 -3.1744723 -1.2801026 4294901760
3.6160598 -0.55139738 -3.0182219 4294901760
6.031127 -0.62006491 -2.7908063 4294901760
8.4064236 -1.2818593 -2.5265286 4294901760
10.80439 -1.1108079 -2.3192387 4294901760
13.646872 -2.0809526 -2.0504806 4294901760
15.658405 -1.609853 -1.8530825 4294901760
18.301857 -3.7135763 -1.4822536 4294901760
25.237022 -2.5946381 -1.0002623 4294901760
21.306026 -3.2488642 -1.2745324 4294901760
3.6069498 -0.56289846 -3.0146301 4294901760
6.0289264 -0.6411137 -2.7891445 4294901760
8.4057741 -1.3118001 -2.5247304 4294901760
10.804377 -1.1489333 -2.3164935 4294901760
13.655209 -2.1310239 -2.0473516 4294901760
15.664557 -1.6657629 -1.8488961 4294901760
18.280981 -3.7758279 -1.4778622 4294901760
25.207973 -2.6806061 -0.9938488 4294901760
21.28668 -3.3219869 -1.2691406 4294901760
3.6013825 -0.5749141 -3.0123711 4294901760
6.0266519 -0.66215456 -2.7874901 4294901760
8.4011431 -1.3411337 -2.5225527 4294901760
10.800301 -1.1866404 -2.3135285 4294901760
13.647686 -2.1786764 -2.0438137 4294901760
15.646787 -1.7191288 -1.8444728 4294901760
18.271587 -3.8404362 -1.473366 4294901760
25.222261 -2.7711964 -0.98627657 4294901760
21.286762 -3.3981559 -1.2633942 4294901760
3.6065094 -0.58864975 -3.0140891 4294901760
6.0166478 -0.68231952 -2.7844374 4294901760
8.39641 -1.3704512 -2.5203853 4294901760
10.803947 -1.2252245 -2.3110352 4294901760
13.643914 -2.2269421 -2.040396 4294901760
15.644641 -1.7741845 -1.8402365 4294901760
18.281437 -3.9091897 -1.4686667 4294901760
25.224329 -2.8605714 -0.97905189 4294901760
21.274771 -3.4724405 -1.2579023 4294901760
3.6044328 -0.60123521 -3.0131626 4294901760
6.0180559 -0.70376486 -2.7835009 4294901760
8.3877068 -1.3991064 -2.5178418 4294901760
10.791753 -1.2620115 -2.307637 4294901760
13.651713 -2.2771657 -2.0373006 4294901760
15.638352 -1.8287836 -1.8359773 4294901760
18.26379 -3.9721341 -1.4643015 4294901760
25.174557 -2.9439685 -0.97329706 4294901760
21.286116 -3.5506175 -1.2519624 4294901760
3.6131406 -0.61500967 -3.0162518 4294901760
6.0195136 -0.72417766 -2.7826512 4294901760
8.3752871 -1.425597 -2.5150323 4294901760
10.791434 -1.2982637 -2.305084 4294901760
13.663646 -2.3257532 -2.0344906 4294901760
15.636152 -1.8811074 -1.8319867 4294901760
18.262182 -4.0352545 -1.4599935 4294901760
25.251812 -3.0379195 -0.96434146 4294901760
21.270294 -3.6205165 -1.2468693 4294901760
3.6073997 -0.62699723 -3.0140107 4294901760
6.020772 -0.74565864 -2.7817247 4294901760
8.3779888 -1.4561667 -2.5136678 4294901760
10.798603 -1.337382 -2.3028479 4294901760
13.651533 -2.3727546 -2.0309093 4294901760
15.621596 -1.9346985 -1.8276883 4294901760
18.267416 -4.1033411 -1.4553883 4294901760
25.237095 -3.1255558 -0.95763361 4294901760
21.265379 -3.6961067 -1.2412893 4294901760
3.60162 -0.63895243 -3.0117757 4294901760
6.0181322 -0.76667058 -2.7801049 4294901760
8.380578 -1.4867728 -2.51231 4294901760
10.789948 -1.3745686 -2.2997174 4294901760
13.635354 -2.4190066 -2.0272479 4294901760
15.618692 -1.9897189 -1.823522 4294901760
18.264629 -4.1697412 -1.4508952 4294901760
25.111242 -3.1990075 -0.95416176 4294901760
21.118885 -3.7466371 -1.2386843 4294901760
3.6029348 -0.65216613 -3.0121853 4294901760
6.0154195 -0.787673 -2.7784925 4294901760
8.3714781 -1.5153188 -2.5098112 4294901760
10.781166 -1.411711 -2.2966022 4294901760
13.626827 -2.4665878 -2.0238049 4294901760
15.615597 -2.0447423 -1.8193723 4294901760
18.284882 -4.2415705 -1.446123 4294901760
25.119705 -3.2892325 -0.9468562 4294901760
21.266521 -3.8494463 -1.2299479 4294901760
3.5970716 -0.66408068 -3.0099614 4294901760
6.0126328 -0.80866593 -2.7768872 4294901760
8.3738518 -1.5459557 -2.5084696 4294901760
10.768336 -1.4482819 -2.2932792 4294901760
13.614232 -2.5134192 -2.0202813 4294901760
15.608363 -2.0992386 -1.8152055 4294901760
18.277716 -4.3071976 -1.4417124 4294901760
25.127842 -3.3795559 -0.93957067 4294901760
21.276476 -3.928 -1.2240974 4294901760
3.5911686 -0.67596215 -3.0077438 4294901760
6.0135894 -0.83017582 -2.775985 4294901760
8.3568401 -1.5729998 -2.5052321 4294901760
10.771048 -1.4869428 -2.2908616 4294901760
13.601476 -2.5601923 -2.0167773 4294901760
15.61276 -2.1553409 -1.8111569 4294901760
18.289682 -4.3774619 -1.437065 4294901760
25.206806 -3.4797986 -0.93018883 4294901760
21.282225 -4.0059323 -1.2183471 4294901760
3.5923481 -0.68917662 -3.0081654 4294901760
6.0144682 -0.85170209 -2.7750878 4294901760
8.362855 -1.604378 -2.5042884 4294901760
10.765792 -1.5245316 -2.2880111 4294901760
13.608045 -2.6106451 -2.0137701 4294901760
15.620892 -2.2120569 -1.8071531 4294901760
18.270422 -4.4403377 -1.432848 4294901760
25.170801 -3.5644088 -0.92422944 4294901760
21.260283 -4.0786943 -1.2132157 4294901760
3.5826824 -0.70094645 -3.0045989 4294901760
6.0036831 -0.87263256 -2.7720368 4294901760
8.3530693 -1.6342654 -2.5017319 4294901760
10.764043 -1.5645486 -2.2852521 4294901760
13.598385 -2.6605036 -2.0102262 4294901760
15.612679 -2.2692955 -1.8028308 4294901760
18.265625 -4.5101371 -1.4282326 4294901760
25.173363 -3.6589365 -0.9167859 4294901760
21.268665 -4.1611824 -1.207157 4294901760
3.5908794 -0.71557343 -3.0076578 4294901760
5.992981 -0.8924492 -2.7690766 4294901760
8.3396206 -1.6618801 -2.4989142 4294901760
10.754607 -1.6015303 -2.2822087 4294901760
13.596798 -2.7095056 -2.007056 4294901760
15.596794 -2.3226082 -1.7986742 4294901760
18.276814 -4.580646 -1.4236323 4294901760
25.030195 -3.7273903 -0.91416502 4294901760
21.238371 -4.2322822 -1.2022576 4294901760
3.5849342 -0.72675711 -3.0055056 4294901760
5.9976048 -0.91347778 -2.7689717 4294901760
8.3340635 -1.6895262 -2.4969666 4294901760
10.749237 -1.6371851 -2.2795386 4294901760
13.58385 -2.7537909 -2.0037882 4294901760
15.596871 -2.3755143 -1.7948599 4294901760
18.269241 -4.6431904 -1.4195292 4294901760
24.938803 -3.7983568 -0.91038531 4294901760
21.232035 -4.3042722 -1.1971203 4294901760
3.5859256 -0.73999906 -3.0059412 4294901760
5.9905734 -0.93381441 -2.7667203 4294901760
8.3204327 -1.7170218 -2.4941752 4294901760
10.739552 -1.6740882 -2.2765241 4294901760
13.570268 -2.8003888 -2.0003722 4294901760
15.592413 -2.4305553 -1.7908286 4294901760
18.272205 -4.7119064 -1.4150685 4294901760
24.980589 -3.8939905 -0.90217626 4294901760
21.212975 -4.3775539 -1.1920143 4294901760
3.5797727 -0.75176674 -3.0037558 4294901760
5.987277 -0.95471978 -2.765168 4294901760
8.3182268 -1.7468611 -2.4925234 4294901760
10.729738 -1.7109436 -2.273525 4294901760
13.544876 -2.8444786 -1.9967035 4294901760
15.595616 -2.4868472 -1.7868686 4294901760
18.263351 -4.7776756 -1.4107943 4294901760
25.11264 -4.0044141 -0.8911227 4294901760
21.220974 -4.45649 -1.1863027 4294901760
3.5735817 -0.76350039 -3.0015767 4294901760
5.9763041 -0.97437358 -2.7622459 4294901760
8.3235855 -1.7783449 -2.4916286 4294901760
10.735403 -1.7502948 -2.2714009 4294901760
13.534865 -2.8917418 -1.9934193 4294901760
15.571139 -2.5387106 -1.7827405 4294901760
18.223467 -4.8352685 -1.4070023 4294901760
25.067001 -4.0869112 -0.88564098 4294901760
21.216986 -4.5330372 -1.180882 4294901760
3.5779798 -0.77750951 -3.0033348 4294901760
5.9690676 -0.994596 -2.7600229 4294901760
8.3249931 -1.8090549 -2.4903662 4294901760
10.72533 -1.7871084 -2.2684286 4294901760
13.516933 -2.9372845 -1.9899749 4294901760
15.581797 -2.5963171 -1.778864 4294901760
18.194941 -4.8957472 -1.40307 4294901760
24.934507 -4.1547127 -0.88297385 4294901760
21.216618 -4.6104569 -1.1753906 4294901760
3.5752439 -0.78999424 -3.0024753 4294901760
5.9655595 -1.0154258 -2.7584956 4294901760
8.3186274 -1.8381034 -2.4883664 4294901760
10.707337 -1.822546 -2.2650459 4294901760
13.514347 -2.9861617 -1.9869038 4294901760
15.56872 -2.6500247 -1.7748535 4294901760
18.21232 -4.9686627 -1.3984553 4294901760
24.734968 -4.2102547 -0.88255483 4294901760
21.215967 -4.6879296 -1.1699196 4294901760
3.5726044 -0.80184585 -3.001663 4294901760
5.9735441 -1.0371796 -2.7591088 4294901760
8.3124866 -1.8656788 -2.4864767 4294901760
10.712917 -1.8600714 -2.2630904 4294901760
13.496626 -3.0292225 -1.9836596 4294901760
15.559845 -2.701638 -1.7710855 4294901760
18.184225 -5.0258474 -1.3947752 4294901760
24.736593 -4.2949862 -0.87605751 4294901760
21.192524 -4.7565126 -1.165289 4294901760
3.5662498 -0.81350553 -2.9995048 4294901760
5.9774733 -1.0593691 -2.7589626 4294901760
8.3059235 -1.8946835 -2.484498 4294901760
10.694683 -1.8953857 -2.2597396 4294901760
13.489841 -3.0771987 -1.9805332 4294901760
15.550321 -2.7559352 -1.7671382 4294901760
18.162737 -5.0882168 -1.3907992 4294901760
24.729311 -4.382699 -0.86952448 4294901760
21.210773 -4.8384385 -1.1593863 4294901760
26.729298 -3.4003966 -0.75046659 4294901760
3.573983 -0.82840478 -3.0025811 4294901760
5.9737391 -1.0802279 -2.7574527 4294901760
8.2916164 -1.9218935 -2.4817915 4294901760
10.699671 -1.9348155 -2.2576685 4294901760
13.486747 -3.12606 -1.9775083 4294901760
15.540606 -2.810199 -1.7632107 4294901760
18.144865 -5.1515851 -1.3867881 4294901760
24.709934 -4.4682837 -0.86340827 4294901760
21.20929 -4.9160495 -1.1539766 4294901760
26.642061 -3.483844 -0.74593991 4294901760
3.5568085 -0.83817238 -2.9964721 4294901760
5.9545879 -1.0993183 -2.7531447 4294901760
8.2845173 -1.9522709 -2.4797392 4294901760
10.684733 -1.9725837 -2.2544258 4294901760
13.490648 -3.179111 -1.9745076 4294901760
15.510647 -2.8635294 -1.7590082 4294901760
18.129688 -5.2191567 -1.3825405 4294901760
24.724783 -4.5646157 -0.85583836 4294901760
21.198891 -4.9955807 -1.1485325 4294901760
3.5575352 -0.85080588 -2.9969847 4294901760
5.9509096 -1.1190584 -2.7517288 4294901760
8.2703686 -1.9779083 -2.4771576 4294901760
10.682018 -2.0087354 -2.2520928 4294901760
13.464594 -3.2201385 -1.9711671 4294901760
15.501064 -2.9149489 -1.7553197 4294901760
18.127577 -5.2837067 -1.3785229 4294901760
24.96833 -4.6952519 -0.84126472 4294901760
21.186083 -5.0667791 -1.14371 4294901760
3.5545437 -0.86321884 -2.9961541 4294901760
5.9507504 -1.1405492 -2.7509265 4294901760
8.2710361 -2.0086162 -2.47596 4294901760
10.678823 -2.0467541 -2.2496376 4294901760
13.453272 -3.2671192 -1.9680233 4294901760
15.502513 -2.9712856 -1.7515101 4294901760
18.082283 -5.339056 -1.375034 4294901760
24.979219 -4.7876363 -0.83411306 4294901760
21.21476 -5.1519914 -1.1375747 4294901760
3.5585487 -0.87735671 -2.9979353 4294901760
5.9429522 -1.1605759 -2.74877 4294901760
8.2715921 -2.0393531 -2.4747703 4294901760
10.675492 -2.0847752 -2.2471941 4294901760
13.434082 -3.31216 -1.9647342 4294901760
15.488145 -3.0246191 -1.7476466 4294901760
18.055906 -5.3998609 -1.3712552 4294901760
24.915365 -4.865624 -0.82951874 4294901760
21.165682 -5.2183785 -1.133445 4294901760
3.5519474 -0.88889295 -2.9958098 4294901760
5.9313092 -1.1798106 -2.7459443 4294901760
8.2682276 -2.0691662 -2.473223 4294901760
10.672027 -2.1227977 -2.2447622 4294901760
13.430136 -3.36096 -1.9617897 4294901760
15.481393 -3.0794401 -1.7438369 4294901760
18.033138 -5.4617009 -1.3674386 4294901760
24.819956 -4.936996 -0.82605743 4294901760
21.120262 -5.2854538 -1.1292576 4294901760
3.5453093 -0.9003939 -2.9936907 4294901760
5.9309297 -1.2012724 -2.7451639 4294901760
8.2571526 -2.0970497 -2.4709566 4294901760
10.668425 -2.1608219 -2.2423425 4294901760
13.402938 -3.4039128 -1.9583803 4294901760
15.474446 -3.1342514 -1.7400455 4294901760
18.006346 -5.5222788 -1.3637164 4294901760
24.75955 -5.0148902 -0.8214463 4294901760
21.113276 -5.3620892 -1.1240934 4294901760
3.5491657 -0.91457301 -2.9954815 4294901760
5.9267006 -1.2219678 -2.7437122 4294901760
8.2497816 -2.1258597 -2.4690664 4294901760
10.664688 -2.1988468 -2.2399344 4294901760
13.390974 -3.4506769 -1.9553123 4294901760
15.451727 -3.1858389 -1.7362152 4294901760
17.990763 -5.5862803 -1.3598193 4294901760
24.722355 -5.0972581 -0.81606847 4294901760
21.133038 -5.445704 -1.118234 4294901760
3.5494592 -0.92787337 -2.9959736 4294901760
5.9186287 -1.2418574 -2.7415919 4294901760
8.2385168 -2.153652 -2.4668248 4294901760
10.637608 -2.2320023 -2.2363243 4294901760
13.37501 -3.4963961 -1.952184 4294901760
15.444404 -3.2405729 -1.7324637 4294901760
17.982552 -5.6526289 -1.3558091 4294901760
24.817661 -5.2072868 -0.80605721 4294901760
21.059898 -5.5053229 -1.1148695 4294901760
3.5391903 -0.93839931 -2.9925699 4294901760
5.914258 -1.2625097 -2.7401564 4294901760
8.2309484 -2.1823967 -2.4649577 4294901760
10.641347 -2.271596 -2.2343485 4294901760
13.351216 -3.5400112 -1.9489212 4294901760
15.432999 -3.2944641 -1.7287179 4294901760
17.989279 -5.7238183 -1.3515421 4294901760
24.779823 -5.2897196 -0.80073047 4294901760
21.094505 -5.5931072 -1.1086355 4294901760
3.5393941 -0.951689 -2.9930708 4294901760
5.9098148 -1.2831466 -2.7387288 4294901760
8.2270689 -2.2121332 -2.4634626 4294901760
10.625628 -2.30705 -2.2313788 4294901760
13.346442 -3.5886548 -1.9460636 4294901760
15.41363 -3.3466272 -1.72497 4294901760
17.988144 -5.7926812 -1.34743 4294901760
24.67152 -5.3567123 -0.79795492 4294901760
21.071001 -5.6656709 -1.1039847 4294901760
3.5362186 -0.96342087 -2.9923165 4294901760
5.9055276 -1.3027372 -2.7373796 4294901760
8.2159033 -2.2383718 -2.4613492 4294901760
10.629498 -2.3448274 -2.2295518 4294901760
13.345953 -3.6360221 -1.9434459 4294901760
15.398565 -3.3968656 -1.7214404 4294901760
17.987768 -5.8584671 -1.343522 4294901760
24.653624 -5.4384966 -0.7923224 4294901760
21.086716 -5.744945 -1.0985394 4294901760
3.5363288 -0.97672385 -2.9928246 4294901760
5.8971858 -1.3225006 -2.7352943 4294901760
8.2118206 -2.2680814 -2.4598744 4294901760
10.632819 -2.3845119 -2.2276049 4294901760
13.34083 -3.6846991 -1.9406163 4294901760
15.378854 -3.4488559 -1.717738 4294901760
17.963425 -5.9199739 -1.3398738 4294901760
24.708464 -5.5411105 -0.78374213 4294901760
21.062693 -5.8174553 -1.0939392 4294901760
3.5259154 -0.98710722 -2.9894459 4294901760
5.8925338 -1.3430775 -2.7338903 4294901760
8.2076311 -2.2977896 -2.4584091 4294901760
10.616723 -2.4198558 -2.2246783 4294901760
13.324066 -3.730175 -1.9375799 4294901760
15.382232 -3.5060518 -1.7141111 4294901760
17.950211 -5.9851618 -1.3360353 4294901760
24.65007 -5.6184583 -0.77928084 4294901760
21.049934 -5.8930917 -1.0890465 4294901760
3.5224483 -0.99940902 -2.988667 4294901760
5.8878093 -1.3636383 -2.7324941 4294901760
8.1957865 -2.3253551 -2.4562385 4294901760
10.612062 -2.4577923 -2.2223592 4294901760
13.291877 -3.7712469 -1.9342713 4294901760
15.366024 -3.5588274 -1.7104588 4294901760
17.944304 -6.052875 -1.3320732 4294901760
24.603094 -5.6981668 -0.7744419 4294901760
21.036905 -5.9687104 -1.0841792 4294901760
3.5154545 -1.010697 -2.986598 4294901760
5.8905129 -1.3859468 -2.7324455 4294901760
8.1876192 -2.3539495 -2.4544377 4294901760
10.603417 -2.4948204 -2.219857 4294901760
13.267191 -3.8143318 -1.9311339 4294901760
15.345765 -3.6106217 -1.7068217 4294901760
17.919296 -6.1141891 -1.3285004 4294901760
24.602474 -5.7885823 -0.7679202 4294901760
21.031271 -6.0465131 -1.0791184 4294901760
3.511905 -1.022962 -2.9858298 4294901760
5.8781462 -1.4047093 -2.7297251 4294901760
8.1755867 -2.3814182 -2.4522922 4294901760
10.5908 -2.5308993 -2.2171736 4294901760
13.265225 -3.8639486 -1.9284481 4294901760
15.340805 -3.6660147 -1.703232 4294901760
17.897844 -6.1767015 -1.3248804 4294901760
24.597643 -5.8781352 -0.76156706 4294901760
21.036829 -6.1276932 -1.0737495 4294901760
3.5150859 -1.0378799 -2.9876149 4294901760
5.8692145 -1.425335 -2.7276158 4294901760
8.1630421 -2.4102561 -2.4500713 4294901760
10.581453 -2.5696993 -2.214577 4294901760
13.262391 -3.9159126 -1.9256318 4294901760
15.33886 -3.7250323 -1.6994855 4294901760
17.878845 -6.2435718 -1.3210317 4294901760
24.475117 -5.9437666 -0.75932837 4294901760
21.018053 -6.205884 -1.0688367 4294901760
3.5081508 -1.0484927 -2.9856002 4294901760
5.8719358 -1.4466332 -2.7276547 4294901760
8.1550035 -2.4373128 -2.4483945 4294901760
10.572874 -2.6047747 -2.2122409 4294901760
13.253133 -3.9610076 -1.9229773 4294901760
15.338006 -3.7787316 -1.6961116 4294901760
17.880575 -6.3107796 -1.3171846 4294901760
24.385532 -6.0077157 -0.75656605 4294901760
21.001175 -6.276691 -1.0644076 4294901760
3.5044699 -1.0607319 -2.9848456 4294901760
5.8705878 -1.4680558 -2.7269633 4294901760
8.1577101 -2.4691732 -2.4477005 4294901760
10.575221 -2.6445417 -2.2103727 4294901760
13.231632 -4.0049467 -1.9199891 4294901760
15.336298 -3.8351426 -1.692574 4294901760
17.858438 -6.3731556 -1.3136369 4294901760
24.511515 -6.1295857 -0.74531746 4294901760
20.982956 -6.3511147 -1.0597779 4294901760
3.5007455 -1.0729584 -2.9840961 4294901760
5.8654275 -1.4885392 -2.7256124 4294901760
8.1527901 -2.4987831 -2.4463081 4294901760
10.573587 -2.6833847 -2.208322 4294901760
13.213777 -4.0499463 -1.9170909 4294901760
15.311253 -3.8857183 -1.6890379 4294901760
17.847322 -6.4395099 -1.3098824 4294901760
24.493835 -6.2160916 -0.73952854 4294901760
20.968281 -6.4266572 -1.0550625 4294901760
3.4935169 -1.0840974 -2.9820609 4294901760
5.8527355 -1.5070831 -2.7229397 4294901760
8.1477652 -2.5283892 -2.4449255 4294901760
10.552673 -2.7173202 -2.2053294 4294901760
13.210928 -4.0995741 -1.9144818 4294901760
15.301447 -3.9401324 -1.6855335 4294901760
17.813511 -6.4976745 -1.3066199 4294901760
24.410162 -6.2856321 -0.73631012 4294901760
20.964756 -6.5057182 -1.0500302 4294901760
3.4966285 -1.0984583 -2.9839015 4294901760
5.8437119 -1.52653 -2.7209425 4294901760
8.1314058 -2.5544634 -2.4425001 4294901760
10.51253 -2.7461469 -2.2014077 4294901760
13.207894 -4.1492314 -1.9118866 4294901760
15.30684 -3.9985459 -1.6820501 4294901760
17.801933 -6.5639496 -1.302913 4294901760
24.438261 -6.3839111 -0.72879553 4294901760
20.926708 -6.57408 -1.0460559 4294901760
3.4996824 -1.1128542 -2.9857438 4294901760
5.8383474 -1.5469193 -2.7196178 4294901760
8.1224394 -2.5828319 -2.4407895 4294901760
10.518163 -2.7868757 -2.19978 4294901760
13.178205 -4.1905007 -1.9088453 4294901760
15.292789 -4.0519533 -1.6785803 4294901760
17.801304 -6.6343956 -1.2989883 4294901760
24.5354 -6.5008612 -0.71857047 4294901760
20.911232 -6.6495042 -1.0414215 4294901760
3.4957767 -1.1250637 -2.9850118 4294901760
5.8291922 -1.56629 -2.7176387 4294901760
8.1096401 -2.6099672 -2.4387412 4294901760
10.516005 -2.8256254 -2.1977839 4294901760
13.152166 -4.2328291 -1.9058939 4294901760
15.290074 -4.1084065 -1.6751277 4294901760
17.800398 -6.7049165 -1.2950814 4294901760
24.558802 -6.5988913 -0.71121287 4294901760
20.899279 -6.7261219 -1.0366969 4294901760
3.4883814 -1.1361368 -2.9829972 4294901760
5.8311229 -1.5886531 -2.7176538 4294901760
8.1079388 -2.6406882 -2.4377515 4294901760
10.502265 -2.8612764 -2.1952372 4294901760
13.133537 -4.2774839 -1.9030943 4294901760
15.271803 -4.1607075 -1.6716992 4294901760
17.75083 -6.757092 -1.2922491 4294901760
24.423971 -6.6541586 -0.71013576 4294901760
20.79986 -6.7743411 -1.0347018 4294901760
3.4779074 -1.1448232 -2.9797738 4294901760
5.818676 -1.604916 -2.7151606 4294901760
8.1070547 -2.6686003 -2.4369376 4294901760
10.508464 -2.8984604 -2.193872 4294901760
13.123803 -4.3199639 -1.9007125 4294901760
15.266323 -4.2107801 -1.6686244 4294901760
17.722078 -6.8099675 -1.2893786 4294901760
24.452948 -6.7446489 -0.70323044 4294901760
20.831488 -6.8571033 -1.029173 4294901760
3.4738901 -1.1569563 -2.9790583 4294901760
5.8130383 -1.6252171 -2.7138677 4294901760
8.0939684 -2.6956434 -2.4349227 4294901760
10.509702 -2.9383166 -2.1920936 4294901760
13.119937 -4.3695092 -1.8982004 4294901760
15.243872 -4.2619023 -1.6652399 4294901760
17.720474 -6.8804364 -1.2855381 4294901760
24.298599 -6.7934351 -0.70305043 4294901760
20.822554 -6.9348149 -1.0244112 4294901760
3.4764972 -1.1719973 -2.9808834 4294901760
5.8107491 -1.6475625 -2.7131779 4294901760
8.0840349 -2.725291 -2.4331846 4294901760
10.491257 -2.9746599 -2.1892858 4294901760
13.107594 -4.4188342 -1.895445 4294901760
15.251108 -4.324254 -1.6616752 4294901760
17.702553 -6.9482489 -1.281883 4294901760
24.246666 -6.8748279 -0.69849992 4294901760
20.808332 -7.0149078 -1.0195801 4294901760
3.4689536 -1.1829554 -2.9788918 4294901760
5.8049622 -1.6678361 -2.7119007 4294901760
8.0744724 -2.7534933 -2.4315414 4294901760
10.484609 -3.0123553 -2.1871636 4294901760
13.09209 -4.4645619 -1.8927804 4294901760
15.232097 -4.3763661 -1.6583285 4294901760
17.67449 -7.0085325 -1.2786705 4294901760
24.280046 -6.9759521 -0.69082695 4294901760
20.768623 -7.0823531 -1.0158329 4294901760
3.4611673 -1.194479 -2.9768717 4294901760
5.8025084 -1.6901784 -2.7112257 4294901760
8.0717402 -2.7856281 -2.4305179 4294901760
10.477291 -3.051868 -2.1849401 4294901760
13.075638 -4.5125165 -1.890003 4294901760
15.22359 -4.4343896 -1.6548197 4294901760
17.65238 -7.0747466 -1.275154 4294901760
24.449697 -7.1218076 -0.67724115 4294901760
20.806593 -7.1805367 -1.009362 4294901760
3.4608209 -1.2065401 -2.9775295 4294901760
5.7971702 -1.7083989 -2.7100899 4294901760
8.0555429 -2.8083901 -2.4283702 4294901760
10.475234 -3.0870028 -2.1832538 4294901760
13.057651 -4.5522666 -1.8875792 4294901760
15.228658 -4.4878144 -1.6518047 4294901760
17.655912 -7.1406212 -1.2716371 4294901760
24.50758 -7.2222691 -0.66914052 4294901760
20.783932 -7.2458668 -1.0056002 4294901760
3.4497507 -1.2162027 -2.9742727 4294901760
5.7874804 -1.727523 -2.7081797 4294901760
8.0493908 -2.8377964 -2.4271045 4294901760
10.460608 -3.1224191 -2.1808057 4294901760
13.026712 -4.5925417 -1.8847358 4294901760
15.209089 -4.5398083 -1.6485176 4294901760
17.60507 -7.1916661 -1.269017 4294901760
24.593103 -7.3408718 -0.65923572 4294901760
20.747234 -7.3143959 -1.0018173 4294901760
3.4520986 -1.2312742 -2.9761178 4294901760
5.7811093 -1.7487235 -2.7068725 4294901760
8.0389347 -2.8672798 -2.425427 4294901760
10.430178 -3.1550169 -2.1775401 4294901760
13.013529 -4.6415892 -1.882079 4294901760
15.180926 -4.5920677 -1.6451081 4294901760
17.585957 -7.2591834 -1.2654932 4294901760
24.451452 -7.3963017 -0.65846652 4294901760
20.694 -7.3810139 -0.9983592 4294901760
3.4479966 -1.242715 -2.9754708 4294901760
5.775279 -1.7678846 -2.7056971 4294901760
8.0330715 -2.895252 -2.4242623 4294901760
10.419659 -3.1895869 -2.1754196 4294901760
12.986866 -4.6806817 -1.8794678 4294901760
15.173223 -4.644712 -1.6420027 4294901760
17.569139 -7.3205242 -1.2623112 4294901760
24.415346 -7.4738402 -0.65397662 4294901760
20.699413 -7.4604111 -0.99348569 4294901760
3.4400125 -1.2541022 -2.9734802 4294901760
5.7687602 -1.7890399 -2.7044067 4294901760
8.0297766 -2.9273615 -2.423291 4294901760
10.419223 -3.231267 -2.1736281 4294901760
12.984536 -4.733685 -1.8770207 4294901760
15.137103 -4.6944022 -1.6386642 4294901760
17.553204 -7.3895035 -1.25875 4294901760
24.361107 -7.5550013 -0.64964986 4294901760
20.653204 -7.5293999 -0.98985016 4294901760
3.4358351 -1.2655029 -2.9728434 4294901760
5.7591209 -1.8070071 -2.702594 4294901760
8.0237064 -2.9553289 -2.4221447 4294901760
10.415992 -3.2681673 -2.1718895 4294901760
12.957599 -4.7726035 -1.8744493 4294901760
15.132837 -4.7481456 -1.6355873 4294901760
17.532269 -7.4492292 -1.2557019 4294901760
24.431105 -7.6656103 -0.64070266 4294901760
20.523373 -7.5592647 -0.98955059 4294901760
3.4277766 -1.2768221 -2.9708655 4294901760
5.7634721 -1.8316028 -2.7032771 4294901760
8.0017929 -2.9806099 -2.4194944 4294901760
10.392644 -3.3027303 -2.1690559 4294901760
12.951173 -4.8242183 -1.8719804 4294901760
15.119123 -4.8047819 -1.6322315 4294901760
17.497526 -7.5102963 -1.2526375 4294901760
24.395239 -7.7526855 -0.63562983 4294901760
20.536625 -7.649744 -0.98398536 4294901760
3.4305348 -1.2901366 -2.9728293 4294901760
5.7540226 -1.8485223 -2.7015402 4294901760
7.9850478 -3.0029726 -2.4174304 4294901760
10.370927 -3.331737 -2.1665685 4294901760
12.947095 -4.869072 -1.8699006 4294901760
15.088808 -4.8473916 -1.6294341 4294901760
17.481155 -7.5683947 -1.2497021 4294901760
24.34037 -7.8195243 -0.63234234 4294901760
20.359497 -7.6566868 -0.98564577 4294901760
3.4226215 -1.3008155 -2.9708951 4294901760
5.7548614 -1.8709781 -2.701643 4294901760
7.9855161 -3.0350077 -2.4169183 4294901760
10.362994 -3.3691401 -2.1645854 4294901760
12.933729 -4.9156461 -1.867478 4294901760
15.071796 -4.9000311 -1.6262931 4294901760
17.483826 -7.6421294 -1.2459403 4294901760
24.343285 -7.914309 -0.62596101 4294901760
20.541338 -7.8070245 -0.97458529 4294901760
3.4142182 -1.312647 -2.9689026 4294901760
5.7403178 -1.8906515 -2.6990342 4294901760
7.9811249 -3.0684624 -2.4159245 4294901760
10.34998 -3.4089065 -2.1622267 4294901760
12.91476 -4.9652715 -1.8647753 4294901760
15.056647 -4.9591112 -1.6228483 4294901760
17.454355 -7.7092061 -1.2426248 4294901760
24.350615 -8.0202055 -0.61876869 4294901760
20.567028 -7.9073 -0.96836168 4294901760
3.4168367 -1.3259897 -2.9708762 4294901760
5.7306943 -1.9074593 -2.6973224 4294901760
7.9751019 -3.0949397 -2.4149058 4294901760
10.33922 -3.4414051 -2.1603103 4294901760
12.913894 -5.0115623 -1.8627907 4294901760
15.05986 -5.0126686 -1.6199851 4294901760
17.433687 -7.7656231 -1.2398448 4294901760
24.351801 -8.1054869 -0.61309862 4294901760
20.549519 -7.9747591 -0.96460885 4294901760
3.4184692 -1.3417485 -2.9727237 4294901760
5.7233281 -1.9294494 -2.696033 4294901760
7.9522071 -3.1212399 -2.4122522 4294901760
10.33342 -3.4836042 -2.1583309 4294901760
12.883473 -5.0567613 -1.8599726 4294901760
15.036734 -5.0691862 -1.6166129 4294901760
17.411003 -7.8357754 -1.2364033 4294901760
24.271343 -8.1823597 -0.60978729 4294901760
20.529879 -8.0579739 -0.95998019 4294901760
3.4041259 -1.3484761 -2.9683237 4294901760
5.7281775 -1.9511461 -2.6969278 4294901760
7.9460082 -3.1476514 -2.4112546 4294901760
10.333649 -3.5198734 -2.1569579 4294901760
12.88228 -5.1030564 -1.8580164 4294901760
15.039557 -5.1228118 -1.6137781 4294901760
17.375422 -7.8854971 -1.2340415 4294901760
24.109541 -8.2122526 -0.61137205 4294901760
20.485931 -8.1150894 -0.957192 4294901760
3.4027636 -1.3616974 -2.9689689 4294901760
5.7140479 -1.9686202 -2.6944761 4294901760
7.9422545 -3.1782835 -2.4104538 4294901760
10.317562 -3.5546362 -2.1546965 4294901760
12.864388 -5.1479931 -1.8556321 4294901760
15.017823 -5.1739836 -1.6107544 4294901760
17.355032 -7.9494181 -1.230947 4294901760
24.084499 -8.2976608 -0.60632885 4294901760
20.450073 -8.1835871 -0.95366341 4294901760
3.4013515 -1.3749256 -2.9696176 4294901760
5.7107787 -1.989821 -2.6939735 4294901760
7.9311132 -3.2059877 -2.4089935 4294901760
10.297627 -3.5880282 -2.1522801 4294901760
12.846342 -5.1928668 -1.8532668 4294901760
15.010939 -5.230299 -1.6076815 4294901760
17.334408 -8.0132923 -1.2278775 4294901760
24.021479 -8.3698635 -0.60300821 4294901760
20.402906 -8.2474508 -0.95056415 4294901760
3.3893349 -1.3852326 -2.9663873 4294901760
5.6994638 -2.010453 -2.6920738 4294901760
7.9187441 -3.2364173 -2.4074013 4294901760
10.291228 -3.6301715 -2.1503587 4294901760
12.822635 -5.240654 -1.850639 4294901760
14.994494 -5.2892218 -1.6043648 4294901760
17.303511 -8.079792 -1.2247386 4294901760
23.898849 -8.4301815 -0.60180509 4294901760
20.352634 -8.3181906 -0.94713229 4294901760
3.38783 -1.3984385 -2.9670463 4294901760
5.6924114 -2.0303357 -2.6909428 4294901760
7.911025 -3.2655363 -2.4062991 4294901760
10.274773 -3.6647449 -2.1481464 4294901760
12.822601 -5.2929511 -1.8485565 4294901760
14.994672 -5.3482103 -1.6012906 4294901760
17.267996 -8.1367483 -1.2221048 4294901760
23.982031 -8.5537682 -0.59194654 4294901760
20.297678 -8.3785353 -0.94437903 4294901760
3.3800733 -1.4076809 -2.9652247 4294901760
5.6860051 -2.0482087 -2.6899319 4294901760
7.8934851 -3.2873573 -2.4043527 4294901760
10.259489 -3.6956661 -2.1461527 4294901760
12.80591 -5.3332086 -1.8464788 4294901760
14.977796 -5.3952909 -1.5986277 4294901760
17.24235 -8.190958 -1.2195865 4294901760
24.045135 -8.6615219 -0.58357966 4294901760
20.322781 -8.4637194 -0.9392122 4294901760
3.3782327 -1.421466 -2.965862 4294901760
5.6820788 -2.070354 -2.6894038 4294901760
7.8849978 -3.3177869 -2.4032025 4294901760
10.253303 -3.7359507 -2.1443765 4294901760
12.797249 -5.3847251 -1.8442158 4294901760
14.961658 -5.4515133 -1.595522 4294901760
17.208622 -8.2523766 -1.2167735 4294901760
24.065718 -8.7687197 -0.57622039 4294901760
20.251202 -8.5211411 -0.93688029 4294901760
3.37325 -1.4332496 -2.9652624 4294901760
5.6712027 -2.0888441 -2.6876543 4294901760
7.8733683 -3.3452907 -2.401803 4294901760
10.232781 -3.7689862 -2.1420434 4294901760
12.778374 -5.4293633 -1.8419443 4294901760
14.949999 -5.506454 -1.5925629 4294901760
17.186878 -8.3158636 -1.2138368 4294901760
23.99003 -8.8361216 -0.57360274 4294901760
20.210325 -8.587101 -0.93369251 4294901760
3.3618152 -1.4415705 -2.9621561 4294901760
5.6642451 -2.1076391 -2.6866107 4294901760
7.8730464 -3.376019 -2.4014757 4294901760
10.212819 -3.8001423 -2.1398268 4294901760
12.763947 -5.4732718 -1.8398504 4294901760
14.939113 -5.5587745 -1.5897667 4294901760
17.15563 -8.3710661 -1.2113531 4294901760
23.897022 -8.8919706 -0.57213527 4294901760
20.020519 -8.5849419 -0.93629664 4294901760
3.3600895 -1.4547368 -2.9628379 4294901760
5.6568532 -2.127398 -2.6855204 4294901760
7.8540163 -3.4003637 -2.3994384 4294901760
10.20689 -3.8385508 -2.1381929 4294901760
12.737482 -5.5146399 -1.8375262 4294901760
14.923341 -5.6122875 -1.5868677 4294901760
17.126305 -8.4308996 -1.2086633 4294901760
23.824753 -8.9598808 -0.56945032 4294901760
20.184336 -8.7387247 -0.92554522 4294901760
3.3613782 -1.4699475 -2.9647644 4294901760
5.6598186 -2.1522243 -2.6863048 4294901760
7.855875 -3.4354134 -2.3993223 4294901760
10.192752 -3.8759348 -2.1361434 4294901760
12.717184 -5.5612879 -1.8352032 4294901760
14.913821 -5.6711864 -1.5837992 4294901760
17.098854 -8.4953852 -1.20577 4294901760
23.44116 -8.913825 -0.58110118 4294901760
20.093727 -8.7870874 -0.92406249 4294901760
3.3562267 -1.481672 -2.964185 4294901760
5.6666546 -2.1774945 -2.6877875 4294901760
7.8474236 -3.4643989 -2.3982964 4294901760
10.179161 -3.9114909 -2.134207 4294901760
12.704954 -5.6088505 -1.8330983 4294901760
14.897647 -5.7246375 -1.5809413 4294901760
17.065536 -8.553236 -1.2032353 4294901760
23.637112 -9.0829039 -0.56593943 4294901760
3.347723 -1.4919026 -2.962342 4294901760
5.6590185 -2.1972616 -2.686718 4294901760
7.8352828 -3.4917703 -2.3969536 4294901760
10.187551 -3.9555826 -2.1332695 4294901760
12.688923 -5.6547799 -1.8309673 4294901760
14.884988 -5.7794847 -1.5780787 4294901760
17.042685 -8.6163473 -1.2004293 4294901760
23.642458 -9.179801 -0.55971563 4294901760
20.108364 -8.9612322 -0.91425341 4294901760
3.3394506 -1.5015091 -2.9605339 4294901760
5.6588736 -2.2188275 -2.6869862 4294901760
7.8343921 -3.5225587 -2.3966711 4294901760
10.178058 -3.9907866 -2.1316178 4294901760
12.680958 -5.7017083 -1.8290474 4294901760
14.873146 -5.8317165 -1.5753745 4294901760
17.02821 -8.6800499 -1.1975765 4294901760
23.589598 -9.2494116 -0.55656463 4294901760
20.136713 -9.0540218 -0.90878075 4294901760
3.3374901 -1.5146552 -2.9612381 4294901760
5.6510935 -2.2385674 -2.6859317 4294901760
7.8113332 -3.5450222 -2.3943701 4294901760
10.160391 -4.0248351 -2.1295586 4294901760
12.671817 -5.7508583 -1.8270354 4294901760
14.860092 -5.8865275 -1.5725497 4294901760
17.008432 -8.7449007 -1.1947179 4294901760
23.794594 -9.4257517 -0.54080242 4294901760
20.104986 -9.124258 -0.90538561 4294901760
3.3288867 -1.5247861 -2.9594131 4294901760
5.6360927 -2.2554173 -2.6836121 4294901760
7.791779 -3.5690002 -2.3924112 4294901760
10.153619 -4.0632138 -2.1280019 4294901760
12.666096 -5.8016658 -1.8250806 4294901760
14.846839 -5.941318 -1.5697447 4294901760
16.977804 -8.8042173 -1.1921886 4294901760
23.813414 -9.5295076 -0.53390205 4294901760
20.025894 -9.1727982 -0.90384823 4294901760
3.3268347 -1.5379183 -2.9601266 4294901760
5.6281853 -2.2750776 -2.6825759 4294901760
7.7828341 -3.5978231 -2.3914433 4294901760
10.135709 -4.0971503 -2.1259739 4294901760
12.645767 -5.8458438 -1.822978 4294901760
14.833384 -5.9960885 -1.5669588 4294901760
16.943438 -8.8615818 -1.1897893 4294901760
23.657921 -9.5632248 -0.53543037 4294901760
20.00461 -9.2476654 -0.90010059 4294901760
3.3178906 -1.5485679 -2.9582858 4294901760
5.6162438 -2.2942336 -2.6808615 4294901760
7.7695951 -3.6263239 -2.3900976 4294901760
10.116966 -4.1327772 -2.1238704 4294901760
12.617064 -5.8887963 -1.8207115 4294901760
14.81499 -6.0519185 -1.5640867 4294901760
16.921415 -8.9291992 -1.1868849 4294901760
23.556223 -9.6227083 -0.53412962 4294901760
19.970581 -9.3209229 -0.89664203 4294901760
3.3157446 -1.561685 -2.9590092 4294901760
5.6082015 -2.3138242 -2.6798434 4294901760
7.7568898 -3.6534231 -2.3888288 4294901760
10.117093 -4.1740966 -2.1226761 4294901760
12.600023 -5.934494 -1.8186902 4294901760
14.801127 -6.1066294 -1.561342 4294901760
16.897175 -8.9919538 -1.1842328 4294901760
23.526178 -9.706399 -0.52967906 4294901760
19.981205 -9.4109621 -0.89167279 4294901760
3.3042724 -1.568984 -2.955996 4294901760
5.6044602 -2.3329115 -2.6795688 4294901760
7.7453737 -3.677774 -2.3876972 4294901760
10.096632 -4.2028222 -2.1207175 4294901760
12.5849 -5.97575 -1.8168913 4294901760
14.789213 -6.1561551 -1.5588831 4294901760
16.889898 -9.0562849 -1.1814333 4294901760
23.502934 -9.7833271 -0.52550405 4294901760
19.947937 -9.4719772 -0.88890094 4294901760
3.3050377 -1.584218 -2.9579666 4294901760
5.6029735 -2.3564236 -2.6797836 4294901760
7.7353792 -3.7078328 -2.3867126 4294901760
10.077516 -4.2382669 -2.1186631 4294901760
12.548601 -6.0149751 -1.814613 4294901760
14.76655 -6.210319 -1.5561059 4294901760
16.849588 -9.1143389 -1.1791255 4294901760
23.522093 -9.8926077 -0.51836592 4294901760
19.859161 -9.5191784 -0.8876844 4294901760
3.3062937 -1.5983249 -2.9599929 4294901760
5.6022196 -2.3780012 -2.6801043 4294901760
7.7159777 -3.7300496 -2.3848956 4294901760
10.063406 -4.2716622 -2.1169627 4294901760
12.535729 -6.060009 -1.8127875 4294901760
14.742214 -6.257699 -1.5536457 4294901760
16.836754 -9.1796961 -1.1763537 4294901760
23.709541 -10.064103 -0.50346166 4294901760
19.845432 -9.5936575 -0.88395584 4294901760
3.2873816 -1.6040732 -2.9543917 4294901760
5.5899262 -2.3970003 -2.6784346 4294901760
7.7057805 -3.7600248 -2.3839362 4294901760
10.040418 -4.3054028 -2.114785 4294901760
12.545531 -6.1215739 -1.8110414 4294901760
14.711869 -6.3085542 -1.5509806 4294901760
16.806488 -9.2432642 -1.1737896 4294901760
23.701834 -10.163515 -0.49760887 4294901760
19.781475 -9.6523428 -0.88181698 4294901760
3.2918024 -1.6197675 -2.9576898 4294901760
5.5784116 -2.4139943 -2.6768734 4294901760
7.7073464 -3.7924843 -2.3840742 4294901760
10.036967 -4.3433833 -2.1135855 4294901760
12.518042 -6.1596398 -1.8090988 4294901760
14.709119 -6.3652039 -1.5483706 4294901760
16.765291 -9.2931528 -1.1719079 4294901760
23.470249 -10.156484 -0.50357878 4294901760
19.756512 -9.7214079 -0.87857968 4294901760
3.2796335 -1.6280243 -2.9546535 4294901760
5.5699511 -2.4334519 -2.6759038 4294901760
7.6905479 -3.8176212 -2.3825548 4294901760
10.028987 -4.381557 -2.1121533 4294901760
12.492908 -6.2015343 -1.8071159 4294901760
14.697741 -6.4212852 -1.5457145 4294901760
16.764038 -9.3691044 -1.1686682 4294901760
23.383459 -10.215983 -0.50207841 4294901760
19.722456 -9.7903118 -0.87550735 4294901760
3.2801275 -1.6432816 -2.956646 4294901760
5.5680428 -2.4569604 -2.676156 4294901760
7.6905317 -3.8528101 -2.3825917 4294901760
10.027327 -4.4246688 -2.1109586 4294901760
12.466548 -6.2455034 -1.8050585 4294901760
14.681385 -6.4783239 -1.5429846 4294901760
16.733057 -9.4324417 -1.1661874 4294901760
23.331257 -10.295176 -0.49858272 4294901760
19.661491 -9.8500328 -0.87333876 4294901760
3.2743711 -1.6547213 -2.956145 4294901760
5.5523953 -2.4732468 -2.673943 4294901760
7.6700344 -3.8760936 -2.3807771 4294901760
10.008209 -4.458035 -2.1090872 4294901760
12.455296 -6.2943511 -1.8032591 4294901760
14.665947 -6.5327673 -1.5404025 4294901760
16.696568 -9.4888239 -1.1640617 4294901760
23.302467 -10.3798 -0.49421814 4294901760
19.644777 -9.9275951 -0.86960149 4294901760
3.2685754 -1.666141 -2.9556491 4294901760
5.5472417 -2.4941928 -2.673629 4294901760
7.6564584 -3.902844 -2.3796158 4294901760
9.9889832 -4.4913225 -2.1072326 4294901760
12.419108 -6.3305821 -1.801235 4294901760
14.628545 -6.5773978 -1.5380516 4294901760
16.656433 -9.5430899 -1.1620723 4294901760
23.266094 -10.461078 -0.4902592 4294901760
19.578037 -9.9798136 -0.86795259 4294901760
3.2630322 -1.6769707 -2.955183 4294901760
5.53894 -2.5125747 -2.6727405 4294901760
7.6469617 -3.9300044 -2.3788428 4294901760
9.9704342 -4.5227895 -2.105479 4294901760
12.408634 -6.3771715 -1.7995661 4294901760
14.613898 -6.6291585 -1.5356364 4294901760
16.631592 -9.602253 -1.1597899 4294901760
23.205839 -10.526635 -0.48783848 4294901760
19.491648 -10.017345 -0.86737818 4294901760
3.2571588 -1.6883506 -2.9546976 4294901760
5.5301356 -2.5318937 -2.6718135 4294901760
7.6297154 -3.9548686 -2.3773868 4294901760
9.9509916 -4.5559196 -2.1036572 4294901760
12.393344 -6.424099 -1.7977871 4294901760
14.601517 -6.6850963 -1.5330814 4294901760
16.608299 -9.6662607 -1.1573156 4294901760
23.299564 -10.667374 -0.47721237 4294901760
19.537971 -10.127522 -0.86106616 4294901760
3.254458 -1.7013894 -2.9554763 4294901760
5.5212641 -2.551182 -2.6708951 4294901760
7.6054358 -3.9760256 -2.3753088 4294901760
9.9278536 -4.5873117 -2.1016998 4294901760
12.367329 -6.4654827 -1.795927 4294901760
14.578094 -6.7360239 -1.5306565 4294901760
16.557281 -9.7140999 -1.155737 4294901760
23.309278 -10.770397 -0.47090033 4294901760
19.509567 -10.199354 -0.85788828 4294901760
3.2455909 -1.7104821 -2.9537663 4294901760
5.5197563 -2.5727317 -2.6712847 4294901760
7.5956783 -4.0030527 -2.3745706 4294901760
9.9233332 -4.6252179 -2.1006012 4294901760
12.338798 -6.5027585 -1.7941458 4294901760
14.548466 -6.7809696 -1.5284494 4294901760
16.521549 -9.7669249 -1.1538583 4294901760
23.255348 -10.839206 -0.4681935 4294901760
19.465054 -10.258417 -0.85562915 4294901760
3.2363994 -1.7200996 -2.952038 4294901760
5.5177131 -2.5952625 -2.6716349 4294901760
7.5851221 -4.031383 -2.3737879 4294901760
9.9178581 -4.6648755 -2.0994322 4294901760
12.333545 -6.5551009 -1.7925197 4294901760
14.535503 -6.8367901 -1.5259559 4294901760
16.50104 -9.8326912 -1.1513555 4294901760
23.246256 -10.933902 -0.46287858 4294901760
19.43969 -10.331915 -0.85236192 4294901760
3.2367656 -1.7348112 -2.9540896 4294901760
5.4981813 -2.6095524 -2.6688621 4294901760
7.5813751 -4.0633941 -2.3736494 4294901760
9.9015141 -4.6994672 -2.0978234 4294901760
12.310587 -6.5981126 -1.7907517 4294901760
14.52233 -6.8926034 -1.5234818 4294901760
16.463202 -9.8881798 -1.1494274 4294901760
23.164692 -10.99445 -0.46138307 4294901760
19.396479 -10.395942 -0.84987587 4294901760
3.2275012 -1.7443755 -2.952373 4294901760
5.4959865 -2.632056 -2.6692283 4294901760
7.5671449 -4.0898333 -2.3725731 4294901760
9.8957424 -4.7391219 -2.0966809 4294901760
12.29097 -6.6429305 -1.7890348 4294901760
14.505354 -6.9466887 -1.5210669 4294901760
16.449028 -9.957962 -1.1467555 4294901760
23.126171 -11.075242 -0.45765626 4294901760
19.25836 -10.408613 -0.85149735 4294901760
3.2150257 -1.752161 -2.9494052 4294901760
5.4902334 -2.6529002 -2.6689761 4294901760
7.5562658 -4.1180987 -2.3718245 4294901760
9.8755817 -4.7719159 -2.0949521 4294901760
12.264223 -6.6838946 -1.7872765 4294901760
14.481018 -6.9972787 -1.5187523 4294901760
16.397171 -10.004947 -1.1453263 4294901760
23.116114 -11.169788 -0.45243976 4294901760
19.200905 -10.464326 -0.84969819 4294901760
3.2117593 -1.7656796 -2.950192 4294901760
5.4839363 -2.6746943 -2.6686883 4294901760
7.5514336 -4.1514359 -2.371665 4294901760
9.8580256 -4.8080802 -2.0933115 4294901760
12.246598 -6.7326241 -1.7855443 4294901760
14.469574 -7.0572824 -1.5161847 4294901760
16.36039 -10.064979 -1.1432765 4294901760
22.999704 -11.217705 -0.45261872 4294901760
19.277714 -10.598012 -0.84188038 4294901760
3.2090576 -1.7780775 -2.9510276 4294901760
5.4784918 -2.6945646 -2.6684945 4294901760
7.5376253 -4.1764545 -2.3706765 4294901760
9.8455725 -4.8424883 -2.0919907 4294901760
12.234616 -6.7789674 -1.7840301 4294901760
14.453225 -7.1087356 -1.5139465 4294901760
16.320154 -10.114981 -1.1416717 4294901760
22.081549 -10.860683 -0.49640241 4294901760
19.284309 -10.685068 -0.83752924 4294901760
3.1993542 -1.7880586 -2.9493127 4294901760
5.4651294 -2.7129138 -2.6669767 4294901760
7.5291152 -4.20788 -2.3702254 4294901760
9.8277578 -4.8785415 -2.0903828 4294901760
12.209688 -6.8237638 -1.7822784 4294901760
14.412827 -7.1545887 -1.511752 4294901760
16.289724 -10.178949 -1.1394584 4294901760
23.042351 -11.438322 -0.43889537 4294901760
19.238056 -10.751785 -0.83507419 4294901760
3.1930933 -1.7992157 -2.9488809 4294901760
5.4590697 -2.7336988 -2.6667566 4294901760
7.5007124 -4.2264347 -2.3679557 4294901760
9.8212709 -4.9181271 -2.0893095 4294901760
12.192708 -6.8702383 -1.7806883 4294901760
14.366426 -7.194171 -1.5097828 4294901760
16.250723 -10.233626 -1.1377045 4294901760
23.059368 -11.547273 -0.43225399 4294901760
19.200407 -10.818874 -0.83247864 4294901760
3.1902621 -1.8115845 -2.9497306 4294901760
5.4465365 -2.7500505 -2.6653419 4294901760
7.4866567 -4.2512841 -2.3670042 4294901760
9.8049088 -4.9506679 -2.087883 4294901760
12.176761 -6.9145517 -1.7791976 4294901760
14.374442 -7.2579045 -1.5073127 4294901760
16.216698 -10.287459 -1.1359582 4294901760
23.006701 -11.616481 -0.42967957 4294901760
19.126293 -10.86083 -0.8317337 4294901760
3.1870649 -1.8245106 -2.9505632 4294901760
5.443769 -2.772542 -2.6657596 4294901760
7.4751744 -4.2793403 -2.3663273 4294901760
9.7875681 -4.9848633 -2.0863972 4294901760
12.14222 -6.9511008 -1.7775053 4294901760
14.356108 -7.3116465 -1.5050478 4294901760
16.167271 -10.335423 -1.1346002 4294901760
22.930456 -11.67861 -0.42813382 4294901760
18.92219 -10.832455 -0.83660799 4294901760
3.174397 -1.8320005 -2.9476388 4294901760
5.4237785 -2.786247 -2.6630788 4294901760
7.4601908 -4.3054075 -2.3653502 4294901760
9.7771397 -5.0226102 -2.0852184 4294901760
12.124754 -6.9974089 -1.7759725 4294901760
14.323423 -7.3580799 -1.5029788 4294901760
16.087568 -10.363756 -1.1342959 4294901760
22.648197 -11.634597 -0.43792537 4294901760
18.81175 -10.856592 -0.83738202 4294901760
3.1711166 -1.8448929 -2.948482 4294901760
5.4242802 -2.8104787 -2.6641331 4294901760
7.4485073 -4.3333941 -2.3646972 4294901760
9.7665663 -5.0603447 -2.0840538 4294901760
12.100254 -7.0396891 -1.7744049 4294901760
14.304713 -7.4116917 -1.5007585 4294901760
22.550758 -11.68421 -0.43767735 4294901760
18.963266 -11.032454 -0.82641941 4294901760
3.1615298 -1.8541169 -2.9468234 4294901760
5.4144368 -2.8293962 -2.6633329 4294901760
7.4231844 -4.3534155 -2.3628111 4294901760
9.7418365 -5.090745 -2.082324 4294901760
12.079031 -7.0838919 -1.7728841 4294901760
14.268182 -7.4560552 -1.498783 4294901760
15.948163 -10.432211 -1.1331156 4294901760
22.60532 -11.812754 -0.42906782 4294901760
19.003736 -11.144968 -0.82041734 4294901760
3.1581597 -1.8669864 -2.9476764 4294901760
5.3977122 -2.844687 -2.661303 4294901760
7.4146967 -4.3832927 -2.3624945 4294901760
9.7135181 -5.1191907 -2.0804679 4294901760
12.047399 -7.1219735 -1.7713054 4294901760
14.259658 -7.5150843 -1.4964721 4294901760
16.018063 -10.557955 -1.1277639 4294901760
22.585131 -11.902751 -0.42458746 4294901760
18.961287 -11.209207 -0.81817085 4294901760
3.1516235 -1.8779992 -2.9472818 4294901760
5.397954 -2.8689344 -2.6623788 4294901760
7.4027209 -4.4111562 -2.3618782 4294901760
9.7025709 -5.156776 -2.0793493 4294901760
12.032692 -7.1700773 -1.7698761 4294901760
14.240364 -7.5685482 -1.4943165 4294901760
15.991064 -10.620414 -1.1257529 4294901760
22.554016 -11.987134 -0.42072836 4294901760
18.860397 -11.238593 -0.81861657 4294901760
3.1453784 -1.88844 -2.9469118 4294901760
5.381619 -2.8831806 -2.6604061 4294901760
7.3746014 -4.4276047 -2.3597693 4294901760
9.702836 -5.1982551 -2.0787435 4294901760
12.01225 -7.2119823 -1.768489 4294901760
14.215187 -7.6157289 -1.4923764 4294901760
15.962375 -10.677812 -1.1239654 4294901760
22.489519 -12.048669 -0.41903624 4294901760
18.846952 -11.315439 -0.81530511 4294901760
3.1418686 -1.9012845 -2.9477792 4294901760
5.3715219 -2.9019485 -2.6596417 4294901760
7.3624558 -4.4553499 -2.3591783 4294901760
9.6846313 -5.2320924 -2.0773652 4294901760
11.976817 -7.247705 -1.7669481 4294901760
14.195514 -7.6690831 -1.4902638 4294901760
15.918403 -10.729015 -1.1225843 4294901760
22.370089 -12.085373 -0.42019114 4294901760
18.810749 -11.383222 -0.81284648 4294901760
3.132118 -1.9103526 -2.9461491 4294901760
5.3647428 -2.9225235 -2.6595037 4294901760
7.3435111 -4.4789805 -2.3579807 4294901760
9.6489553 -5.256412 -2.0752921 4294901760
11.948058 -7.2874022 -1.7654788 4294901760
14.172151 -7.72049 -1.4882197 4294901760
15.884149 -10.786752 -1.1208857 4294901760
22.49596 -12.25501 -0.40753126 4294901760
18.760689 -11.442586 -0.81104976 4294901760
3.1223421 -1.9193753 -2.944525 4294901760
5.3511319 -2.9393771 -2.6581395 4294901760
7.3378558 -4.5107484 -2.358032 4294901760
9.6270828 -5.2881575 -2.0738065 4294901760
11.925927 -7.331141 -1.7640787 4294901760
14.1486 -7.7718267 -1.4861983 4294901760
15.843113 -10.839884 -1.1194476 4294901760
22.515997 -12.368039 -0.40082219 4294901760
18.703651 -11.497563 -0.80960417 4294901760
3.1128778 -1.9278102 -2.9429252 4294901760
5.3447256 -2.9589725 -2.6580551 4294901760
7.3361964 -4.5433183 -2.3584447 4294901760
9.6164103 -5.3238826 -2.0728278 4294901760
11.898178 -7.3685608 -1.7627212 4294901760
14.12275 -7.8187041 -1.4843445 4294901760
15.820198 -10.901401 -1.1175314 4294901760
22.495808 -12.454236 -0.39667693 4294901760
18.658642 -11.555326 -0.80782872 4294901760
3.1057911 -1.9392064 -2.9425452 4294901760
5.3338447 -2.9785416 -2.657289 4294901760
7.3194947 -4.5701756 -2.3575494 4294901760
9.6106367 -5.3668008 -2.0720124 4294901760
11.867725 -7.4100184 -1.7612458 4294901760
14.090526 -7.8684745 -1.4823692 4294901760
15.780133 -10.959311 -1.1159581 4294901760
22.547558 -12.591075 -0.38786286 4294901760
18.6094 -11.619412 -0.80586916 4294901760
3.0990031 -1.9500357 -2.942189 4294901760
5.3200579 -2.9952519 -2.6559529 4294901760
7.3101373 -4.5998755 -2.3573248 4294901760
9.6056194 -5.408071 -2.0712759 4294901760
11.835071 -7.4471722 -1.7598391 4294901760
14.073371 -7.9234653 -1.4803188 4294901760
15.735257 -11.00976 -1.1147231 4294901760
22.538239 -12.689281 -0.38281658 4294901760
18.548483 -11.67156 -0.80468953 4294901760
3.0894578 -1.9583613 -2.9406061 4294901760
5.3134465 -3.0147789 -2.6558926 4294901760
7.284904 -4.6177921 -2.3556166 4294901760
9.5807581 -5.4359946 -2.0697763 4294901760
11.81366 -7.488503 -1.758588 4294901760
14.043559 -7.9681287 -1.478581 4294901760
15.698658 -11.061881 -1.1133547 4294901760
22.464802 -12.74623 -0.38175908 4294901760
18.516409 -11.737276 -0.80237442 4294901760
3.0883687 -1.9735755 -2.9427416 4294901760
5.3023615 -3.0342333 -2.6551547 4294901760
7.2712355 -4.6465735 -2.3550684 4294901760
9.5642004 -5.4730358 -2.0685852 4294901760
11.796165 -7.5381613 -1.7572674 4294901760
14.014261 -8.0195475 -1.4766307 4294901760
15.664507 -11.123957 -1.1116364 4294901760
22.369446 -12.800734 -0.38145429 4294901760
18.459829 -11.796475 -0.80084169 4294901760
3.0845091 -1.9863067 -2.94365 4294901760
5.3017478 -3.0584979 -2.6563046 4294901760
7.2681627 -4.6804209 -2.3554931 4294901760
9.5450382 -5.5063882 -2.0673342 4294901760
11.763109 -7.5749955 -1.7559242 4294901760
13.979292 -8.0644426 -1.4748987 4294901760
15.632058 -11.183203 -1.1100173 4294901760
22.272785 -12.848832 -0.38155037 4294901760
18.401781 -11.850048 -0.79960895 4294901760
3.0745153 -1.995088 -2.9420664 4294901760
5.284379 -3.073113 -2.6543908 4294901760
7.2452002 -4.7014928 -2.3540912 4294901760
9.5325918 -5.5436468 -2.0663764 4294901760
11.743251 -7.6203294 -1.7546883 4294901760
13.940742 -8.107192 -1.4732435 4294901760
15.589695 -11.235373 -1.108781 4294901760
22.007034 -12.798118 -0.39159328 4294901760
18.360304 -11.91421 -0.79760897 4294901760
3.0614643 -2.0018401 -2.9392409 4294901760
5.2736201 -3.0915399 -2.6537147 4294901760
7.2353101 -4.7310476 -2.3539262 4294901760
9.5200033 -5.5808854 -2.065433 4294901760
11.723223 -7.6656179 -1.7534714 4294901760
13.919221 -8.1598263 -1.4713571 4294901760
15.563274 -11.299081 -1.1069806 4294901760
22.175655 -12.999974 -0.37623045 4294901760
18.318604 -11.978227 -0.79564148 4294901760
3.0612161 -2.0154352 -2.9414451 4294901760
5.2638817 -3.1080925 -2.6531141 4294901760
7.2204113 -4.7537551 -2.3532376 4294901760
9.4990196 -5.608757 -2.0642109 4294901760
11.695769 -7.7002287 -1.7523354 4294901760
13.896941 -8.2055378 -1.4697196 4294901760
15.527699 -11.347919 -1.1058111 4294901760
22.210297 -13.114212 -0.3692432 4294901760
18.250914 -12.015987 -0.79535121 4294901760
3.044394 -2.0211592 -2.9373519 4294901760
5.2519083 -3.1282816 -2.6523898 4294901760
7.1988373 -4.7792745 -2.3521054 4294901760
9.4842052 -5.6492348 -2.0631781 4294901760
11.679339 -7.753859 -1.751076 4294901760
13.858499 -8.2547674 -1.4679118 4294901760
15.474394 -11.400371 -1.1047713 4294901760
22.122066 -13.176934 -0.36842278 4294901760
18.188034 -12.074951 -0.79406911 4294901760
3.04636 -2.0378208 -2.9407811 4294901760
5.2442589 -3.1485777 -2.652353 4294901760
7.1918912 -4.8109169 -2.3522816 4294901760
9.4610386 -5.6802716 -2.0618694 4294901760
11.652202 -7.7945805 -1.7498784 4294901760
13.829599 -8.303093 -1.4661992 4294901760
15.380134 -11.413967 -1.1055627 4294901760
22.075937 -13.254075 -0.36568868 4294901760
18.139147 -12.133934 -0.79252815 4294901760
3.0362217 -2.0464156 -2.9392269 4294901760
5.2332363 -3.1668637 -2.6517127 4294901760
7.1718011 -4.8337994 -2.3512511 4294901760
9.4546795 -5.7214465 -2.0612595 4294901760
11.618341 -7.8307705 -1.7486628 4294901760
13.810739 -8.3574915 -1.4643511 4294901760
15.372098 -11.491431 -1.1031594 4294901760
22.053434 -13.345513 -0.36156449 4294901760
18.090067 -12.192719 -0.79102147 4294901760
3.0260613 -2.0549653 -2.9376783 4294901760
5.2188621 -3.1831069 -2.6504695 4294901760
7.1483951 -4.8543973 -2.3499296 4294901760
9.4481478 -5.7626481 -2.0606625 4294901760
11.594218 -7.8735075 -1.7475268 4294901760
13.784879 -8.4077225 -1.462631 4294901760
15.315985 -11.533041 -1.1025791 4294901760
21.996494 -13.416181 -0.35951704 4294901760
18.0441 -12.253551 -0.78938556 4294901760
3.0188694 -2.0655155 -2.9373822 4294901760
5.2044373 -3.1992874 -2.6492364 4294901760
7.1314058 -4.8793197 -2.3492301 4294901760
9.4313421 -5.7976627 -2.0596721 4294901760
11.566664 -7.9139304 -1.7463921 4294901760
13.748669 -8.451623 -1.4610962 4294901760
15.291499 -11.598469 -1.1008284 4294901760
21.94953 -13.49288 -0.35689554 4294901760
17.981474 -12.302954 -0.78859854 4294901760
3.011641 -2.0760407 -2.9370916 4294901760
5.1997867 -3.2214921 -2.6498454 4294901760
7.1078725 -4.8997316 -2.3479366 4294901760
9.411047 -5.8305492 -2.0585618 4294901760
11.535702 -7.9520063 -1.74526 4294901760
13.715703 -8.4974689 -1.4595323 4294901760
15.260411 -11.659028 -1.0993454 4294901760
21.87516 -13.552606 -0.35595438 4294901760
3.0051043 -2.0854921 -2.9368346 4294901760
5.1831045 -3.2337341 -2.6480803 4294901760
7.0924444 -4.9220376 -2.3473301 4294901760
9.3893299 -5.8579941 -2.0574422 4294901760
11.507403 -7.9859452 -1.7442577 4294901760
13.699062 -8.5468321 -1.4579325 4294901760
15.233181 -11.714197 -1.0979975 4294901760
21.825705 -13.617037 -0.35407606 4294901760
17.804501 -12.356026 -0.79008383 4294901760
2.9974401 -2.0964923 -2.9365406 4294901760
5.1712174 -3.2527099 -2.6474552 4294901760
7.0904269 -4.95924 -2.3481503 4294901760
9.361105 -5.8881602 -2.0560412 4294901760
11.478056 -8.0280685 -1.7431313 4294901760
13.664277 -8.5948668 -1.4563358 4294901760
15.196441 -11.77483 -1.0966346 4294901760
21.745251 -13.67782 -0.35329899 4294901760
17.693754 -12.375499 -0.79162163 4294901760
2.9871404 -2.1048541 -2.9350209 4294901760
5.1533251 -3.2666156 -2.6456501 4294901760
7.0666604 -4.9794407 -2.3468957 4294901760
9.3404942 -5.9207993 -2.0549808 4294901760
11.453207 -8.0703697 -1.7420977 4294901760
13.624115 -8.6361227 -1.4549543 4294901760
15.148968 -11.822901 -1.0958384 4294901760
21.690634 -13.749368 -0.35124832 4294901760
17.715628 -12.483112 -0.78671479 4294901760
2.9856873 -2.1194651 -2.9372418 4294901760
5.1581221 -3.2949519 -2.6481206 4294901760
7.0524349 -5.0063481 -2.3465621 4294901760
9.3197699 -5.9533672 -2.0539365 4294901760
11.428202 -8.1125965 -1.7410843 4294901760
13.60059 -8.6879082 -1.4533195 4294901760
15.104475 -11.873247 -1.0949507 4294901760
21.635782 -13.820702 -0.34923717 4294901760
17.730463 -12.586416 -0.78215754 4294901760
2.9841683 -2.1340921 -2.9394672 4294901760
5.1465893 -3.3129375 -2.6475518 4294901760
7.0221543 -5.0218091 -2.3447311 4294901760
9.2989321 -5.9858637 -2.0529087 4294901760
11.406269 -8.1570559 -1.7401086 4294901760
13.566837 -8.7331781 -1.4518758 4294901760
15.059814 -11.923428 -1.0940924 4294901760
21.604183 -13.90694 -0.34581491 4294901760
17.647505 -12.6204 -0.78256971 4294901760
2.9737592 -2.1423767 -2.937964 4294901760
5.1382241 -3.3329785 -2.6476007 4294901760
7.0109463 -5.0508757 -2.3447254 4294901760
9.2812958 -6.0204382 -2.0520301 4294901760
11.374506 -8.1945028 -1.7391025 4294901760
13.559625 -8.7956343 -1.450004 4294901760
15.005646 -11.965993 -1.093628 4294901760
21.555504 -13.982269 -0.34346542 4294901760
17.564526 -12.653961 -0.78302109 4294901760
2.9633286 -2.1506145 -2.9364667 4294901760
5.1330075 -3.3551087 -2.6482661 4294901760
6.9932728 -5.0753179 -2.3441286 4294901760
9.2635336 -6.0549607 -2.0511675 4294901760
11.349044 -8.2364874 -1.7381508 4294901760
13.525512 -8.8407354 -1.4486068 4294901760
14.976206 -12.028275 -1.0922198 4294901760
21.486526 -14.044326 -0.34240139 4294901760
17.510569 -12.708171 -0.78202236 4294901760
2.9558036 -2.1609454 -2.9362195 4294901760
5.1148305 -3.3687682 -2.6465077 4294901760
6.9755144 -5.0996981 -2.3435447 4294901760
9.2291374 -6.0785637 -2.0496595 4294901760
11.323427 -8.2783947 -1.7372196 4294901760
13.491247 -8.8857069 -1.4472345 4294901760
14.931031 -12.077971 -1.0914493 4294901760
21.457365 -14.132411 -0.33888066 4294901760
17.478977 -12.778628 -0.77989769 4294901760
2.9490001 -2.1702209 -2.9360013 4294901760
5.1074328 -3.3869493 -2.6466353 4294901760
6.9531407 -5.1169381 -2.3424284 4294901760
9.2165833 -6.111897 -2.0490572 4294901760
11.300561 -8.3162804 -1.7364006 4294901760
13.453321 -8.9214525 -1.4461415 4294901760
14.874484 -12.109735 -1.0914037 4294901760
21.396236 -14.188726 -0.33791 4294901760
17.44838 -12.840567 -0.77811104 4294901760
2.9377341 -2.1793683 -2.9344978 4294901760
5.0975919 -3.4086764 -2.6466656 4294901760
6.9397421 -5.1482716 -2.342416 4294901760
9.1897612 -6.1450434 -2.0478847 4294901760
11.258986 -8.3525171 -1.735356 4294901760
13.412354 -8.9686222 -1.4447379 4294901760
14.821717 -12.161706 -1.0907302 4294901760
20.558784 -13.747323 -0.38480821 4294901760
17.411753 -12.916969 -0.77590603 4294901760
2.9330125 -2.1917794 -2.9355102 4294901760
5.0920515 -3.4307544 -2.6473641 4294901760
6.9185872 -5.1701164 -2.3415709 4294901760
9.1485891 -6.1638341 -2.0461686 4294901760
11.22976 -8.3917665 -1.7344723 4294901760
13.397459 -9.0264969 -1.4430907 4294901760
14.785317 -12.218443 -1.0896809 4294901760
20.583475 -13.868053 -0.37812597 4294901760
17.344202 -12.960962 -0.77570474 4294901760
2.9224477 -2.1998243 -2.934042 4294901760
5.076858 -3.4463449 -2.646251 4294901760
6.9004979 -5.1942363 -2.3410392 4294901760
9.1499081 -6.2112708 -2.0461745 4294901760
11.197228 -8.4285288 -1.7335941 4294901760
13.365869 -9.0732088 -1.4417576 4294901760
14.742577 -12.269979 -1.0889056 4294901760
21.079678 -14.309607 -0.34148937 4294901760
17.279743 -13.007042 -0.77537233 4294901760
2.9147513 -2.2100122 -2.9338224 4294901760
5.0647969 -3.4640453 -2.6457536 4294901760
6.8885756 -5.223031 -2.3411205 4294901760
9.1249084 -6.2409401 -2.0451479 4294901760
11.177225 -8.4747553 -1.7327975 4294901760
13.334116 -9.1198092 -1.4404485 4294901760
14.675237 -12.300898 -1.0891421 4294901760
21.115232 -14.441669 -0.33396631 4294901760
17.240589 -13.072098 -0.77373964 4294901760
2.9045248 -2.2174656 -2.9323764 4294901760
5.0501099 -3.4786367 -2.6446838 4294901760
6.8680992 -5.2434649 -2.3403399 4294901760
9.1041622 -6.2711649 -2.0443122 4294901760
11.158522 -8.5189972 -1.7320611 4294901760
13.307076 -9.1662321 -1.439168 4294901760
14.62219 -12.339222 -1.088953 4294901760
21.090231 -14.527455 -0.33056051 4294901760
17.187639 -13.12194 -0.77303731 4294901760
2.9025142 -2.2320104 -2.9346521 4294901760
5.0347724 -3.4940472 -2.643599 4294901760
6.8435369 -5.2626252 -2.3392472 4294901760
9.0822172 -6.3029056 -2.0434487 4294901760
11.116136 -8.5482197 -1.7312014 4294901760
13.281532 -9.2171593 -1.4377868 4294901760
14.609377 -12.415977 -1.0870334 4294901760
21.042671 -14.603259 -0.32834935 4294901760
17.144892 -13.184285 -0.77163494 4294901760
2.889364 -2.2371845 -2.9319744 4294901760
5.0294724 -3.5151372 -2.6443636 4294901760
6.8322496 -5.2900925 -2.3393896 4294901760
9.0742245 -6.3420463 -2.0431621 4294901760
11.084591 -8.5826063 -1.7304459 4294901760
13.247636 -9.2588758 -1.4366691 4294901760
14.577204 -12.472125 -1.0860351 4294901760
20.974504 -14.659244 -0.32774931 4294901760
17.085314 -13.228863 -0.77133012 4294901760
2.881145 -2.2477596 -2.9317667 4294901760
5.0165548 -3.5335472 -2.6438794 4294901760
6.8159075 -5.3175116 -2.3391974 4294901760
9.0444555 -6.3707094 -2.0420296 4294901760
11.056188 -8.6256161 -1.7296631 4294901760
13.207108 -9.3027868 -1.4355141 4294901760
14.534411 -12.528069 -1.0852475 4294901760
20.715115 -14.591256 -0.33903345 4294901760
17.036713 -13.291395 -0.77010185 4294901760
2.8818326 -2.2645226 -2.9352996 4294901760
5.0010486 -3.5488081 -2.6428227 4294901760
6.7911367 -5.3364244 -2.338145 4294901760
9.0221634 -6.4022427 -2.0412149 4294901760
11.022891 -8.661706 -1.7289118 4294901760
13.174555 -9.3488331 -1.4343245 4294901760
14.460513 -12.55262 -1.0858802 4294901760
20.644531 -14.649624 -0.33843625 4294901760
16.98081 -13.343394 -0.76946968 4294901760
2.8710675 -2.2723181 -2.933871 4294901760
4.9854965 -3.564003 -2.6417758 4294901760
6.7755423 -5.3625307 -2.3380027 4294901760
9.0061903 -6.438293 -2.0406747 4294901760
10.992589 -8.7001295 -1.7281958 4294901760
13.145076 -9.3970757 -1.4330986 4294901760
14.428601 -12.613503 -1.0848131 4294901760
20.531591 -14.677505 -0.34063387 4294901760
16.868481 -13.350629 -0.77190071 4294901760
2.868788 -2.2868462 -2.9361722 4294901760
4.9855289 -3.5903881 -2.64376 4294901760
6.7659841 -5.3934851 -2.3384697 4294901760
8.9612112 -6.4535236 -2.0389931 4294901760
10.968358 -8.7433949 -1.7275277 4294901760
13.121875 -9.4498749 -1.4317741 4294901760
14.393454 -12.671687 -1.0838975 4294901760
20.496424 -14.760744 -0.33779082 4294901760
16.865421 -13.444222 -0.76847529 4294901760
2.8494802 -2.2877676 -2.9310312 4294901760
4.9698472 -3.6055076 -2.6427314 4294901760
6.753233 -5.4219809 -2.3386507 4294901760
8.9546242 -6.4963703 -2.0388708 4294901760
10.943959 -8.7865973 -1.7268801 4294901760
13.092027 -9.4979582 -1.4305949 4294901760
14.349132 -12.721853 -1.0833822 4294901760
20.525517 -14.890781 -0.33073699 4294901760
16.827713 -13.510498 -0.7669329 4294901760
2.8386586 -2.2954209 -2.92962 4294901760
4.9603415 -3.6251061 -2.6429198 4294901760
6.7373161 -5.4479876 -2.3385456 4294901760
8.9350853 -6.5299201 -2.0382507 4294901760
10.907051 -8.8197546 -1.7262006 4294901760
13.058794 -9.5436001 -1.4295009 4294901760
14.292753 -12.761253 -1.083392 4294901760
20.599058 -15.054159 -0.32073137 4294901760
16.752554 -13.546596 -0.76744777 4294901760
2.8334396 -2.3076046 -2.9306965 4294901760
4.9321475 -3.63098 -2.6394961 4294901760
6.7273817 -5.4789019 -2.3390493 4294901760
8.9154205 -6.5634117 -2.0376463 4294901760
10.876198 -8.8577728 -1.7255689 4294901760
13.028605 -9.5914822 -1.4283694 4294901760
14.233315 -12.797752 -1.0835555 4294901760
20.337515 -14.972202 -0.33287892 4294901760
16.717529 -13.61506 -0.76580149 4294901760
2.8313782 -2.3215852 -2.9330266 4294901760
4.9262686 -3.6519036 -2.6403263 4294901760
6.6970444 -5.4912329 -2.3374989 4294901760
8.8936062 -6.5929403 -2.0369663 4294901760
10.846765 -8.8937912 -1.7249883 4294901760
12.993531 -9.6322651 -1.4274377 4294901760
14.170129 -12.826173 -1.0840182 4294901760
20.454441 -15.16313 -0.32024679 4294901760
16.746277 -13.73109 -0.76084822 4294901760
2.820462 -2.3291461 -2.931632 4294901760
4.9165773 -3.671382 -2.6405418 4294901760
6.677835 -5.5145764 -2.3371346 4294901760
8.8673725 -6.6215796 -2.0361395 4294901760
10.818713 -8.9341259 -1.7244107 4294901760
12.956642 -9.6751814 -1.4264778 4294901760
14.145874 -12.894338 -1.0827494 4294901760
20.417372 -15.246372 -0.31757098 4294901760
16.692097 -13.784384 -0.76027548 4294901760
2.8127227 -2.3384862 -2.9314909 4294901760
4.9043751 -3.6876662 -2.6401818 4294901760
6.6655431 -5.5417051 -2.3373952 4294901760
8.8485231 -6.6533246 -2.0356171 4294901760
10.789027 -8.9699535 -1.7238691 4294901760
12.934022 -9.7252665 -1.4253417 4294901760
14.094234 -12.9331 -1.0827694 4294901760
20.325239 -15.282823 -0.31885281 4294901760
16.664688 -13.854954 -0.75842297 4294901760
2.7957954 -2.3417964 -2.9276199 4294901760
4.8908262 -3.705617 -2.6397939 4294901760
6.6451869 -5.5660992 -2.3370392 4294901760
8.8272285 -6.6880984 -2.0350437 4294901760
10.746953 -9.0017939 -1.7232561 4294901760
12.882442 -9.7605991 -1.4246321 4294901760
14.055511 -12.992781 -1.082037 4294901760
20.319977 -15.395773 -0.31382319 4294901760
16.57712 -13.885221 -0.75956935 4294901760
2.7931461 -2.3562162 -2.9299631 4294901760
4.8717375 -3.7179923 -2.6382291 4294901760
6.6227198 -5.5867324 -2.3364165 4294901760
8.7975454 -6.7140741 -2.0341411 4294901760
10.715466 -9.0392532 -1.7227296 4294901760
12.848293 -9.8055067 -1.4236836 4294901760
13.998411 -13.030908 -1.0822226 4294901760
20.37396 -15.548914 -0.30504915 4294901760
16.540741 -13.953284 -0.7580778 4294901760
2.7876668 -2.368299 -2.9310715 4294901760
4.8617835 -3.7373233 -2.6384807 4294901760
6.6031775 -5.6098161 -2.3361044 4294901760
8.7740555 -6.7447433 -2.0335081 4294901760
10.689893 -9.0817394 -1.7222486 4294901760
12.810834 -9.8478727 -1.4228226 4294901760
13.952838 -13.079693 -1.0819393 4294901760
20.208836 -15.534824 -0.31108347 4294901760
16.473701 -13.995449 -0.75831807 4294901760
2.7848923 -2.3827288 -2.9334247 4294901760
4.8517542 -3.756629 -2.638741 4294901760
6.5805755 -5.6302814 -2.3355083 4294901760
8.7504587 -6.7753286 -2.0328918 4294901760
10.652099 -9.1138401 -1.7217404 4294901760
12.779526 -9.8949652 -1.4218594 4294901760
13.889721 -13.111915 -1.0824325 4294901760
20.129246 -15.585727 -0.31138033 4294901760
16.391428 -14.024358 -0.75944275 4294901760
2.7738116 -2.3900688 -2.9320641 4294901760
4.8416491 -3.7759111 -2.6390104 4294901760
6.5668244 -5.6583376 -2.3358159 4294901760
8.7329884 -6.8106937 -2.0325439 4294901760
10.617214 -9.1483765 -1.7212659 4294901760
12.751178 -9.9444046 -1.4208566 4294901760
13.214601 -12.562121 -1.109378 4294901760
20.131357 -15.700068 -0.30613592 4294901760
16.333313 -14.073683 -0.75924152 4294901760
2.7658706 -2.3992541 -2.9319544 4294901760
4.8321304 -3.7943246 -2.6393044 4294901760
6.542099 -5.6749434 -2.3349631 4294901760
8.7010288 -6.832293 -2.0316124 4294901760
10.592813 -9.188735 -1.7208694 4294901760
12.70875 -9.9792671 -1.4202385 4294901760
13.817414 -13.222676 -1.0812728 4294901760
20.192163 -15.855455 -0.29712063 4294901760
16.328714 -14.164342 -0.75621045 4294901760
2.7547488 -2.4065092 -2.9306049 4294901760
4.8067718 -3.8016107 -2.6365845 4294901760
6.5311117 -5.7054858 -2.3355923 4294901760
8.6802282 -6.8650746 -2.0311713 4294901760
10.557686 -9.2230434 -1.7204365 4294901760
12.673838 -10.023567 -1.4194108 4294901760
13.765439 -13.265299 -1.0813539 4294901760
20.064711 -15.868908 -0.30075368 4294901760
16.393263 -14.32092 -0.74908251 4294901760
2.7490532 -2.4185047 -2.9317398 4294901760
4.7994976 -3.8231668 -2.6374819 4294901760
6.5082107 -5.7256579 -2.3350484 4294901760
8.6654844 -6.9027214 -2.0309968 4294901760
10.528406 -9.2624617 -1.7200477 4294901760
12.654324 -10.080136 -1.418286 4294901760
13.739058 -13.332685 -1.0803412 4294901760
19.987347 -15.92145 -0.30098885 4294901760
16.334194 -14.370158 -0.74897289 4294901760
2.740171 -2.4285645 -2.9316361 4294901760
4.7824488 -3.8383207 -2.6365709 4294901760
6.490118 -5.7520757 -2.335099 4294901760
8.6370449 -6.9319606 -2.0303113 4294901760
10.494388 -9.3009882 -1.7196503 4294901760
12.620396 -10.128938 -1.417403 4294901760
13.707187 -13.399654 -1.0794775 4294901760
19.984875 -16.039557 -0.2958166 4294901760
16.239647 -14.392909 -0.75074625 4294901760
2.7239873 -2.4303977 -2.92783 4294901760
4.7726903 -3.8565798 -2.6368997 4294901760
6.4651537 -5.7683434 -2.3342967 4294901760
8.6109362 -6.9580798 -2.0296955 4294901760
10.463487 -9.3357382 -1.7193109 4294901760
12.583645 -10.168233 -1.4167503 4294901760
13.671194 -13.453418 -1.0790262 4294901760
19.971924 -16.138342 -0.29187644 4294901760
16.227528 -14.478534 -0.74817133 4294901760
2.7181833 -2.4423139 -2.9289815 4294901760
4.7562113 -3.870785 -2.6360219 4294901760
6.4566488 -5.8013611 -2.3352733 4294901760
8.5773983 -6.9806118 -2.0288212 4294901760
10.436738 -9.3775091 -1.7189966 4294901760
12.551158 -10.214607 -1.4159544 4294901760
13.624148 -13.501058 -1.0789739 4294901760
19.896896 -16.192848 -0.29201147 4294901760
16.256956 -14.607032 -0.74303538 4294901760
2.7042656 -2.446923 -2.9264212 4294901760
4.7426715 -3.8873637 -2.6357539 4294901760
6.4334507 -5.8212328 -2.3347821 4294901760
8.5652075 -7.0205312 -2.028836 4294901760
10.400998 -9.4112215 -1.7186702 4294901760
12.521578 -10.263398 -1.4151174 4294901760
13.588214 -13.559784 -1.0784514 4294901760
19.840254 -16.262201 -0.29089084 4294901760
16.229521 -14.685091 -0.74117571 4294901760
2.7010667 -2.461231 -2.9288228 4294901760
4.7290726 -3.9038949 -2.6354954 4294901760
6.4130917 -5.8436537 -2.3346004 4294901760
8.5345526 -7.0453548 -2.0281205 4294901760
10.359284 -9.4394522 -1.7183436 4294901760
12.479541 -10.301981 -1.4145652 4294901760
13.529562 -13.595841 -1.0789565 4294901760
19.783365 -16.331358 -0.28980926 4294901760
16.189947 -14.752394 -0.74003291 4294901760
2.6871169 -2.4657421 -2.9262741 4294901760
4.7213402 -3.9253037 -2.6364462 4294901760
6.3897648 -5.8633523 -2.334136 4294901760
8.5068674 -7.072576 -2.0275462 4294901760
10.329196 -9.4782381 -1.7180821 4294901760
12.443503 -10.34548 -1.4139073 4294901760
13.493217 -13.654317 -1.0784923 4294901760
19.689417 -16.369705 -0.29136303 4294901760
16.135414 -14.806119 -0.73977858 4294901760
2.6918061 -2.4874086 -2.9324026 4294901760
4.7046566 -3.9392874 -2.6356058 4294901760
6.3721395 -5.8882828 -2.3342762 4294901760
8.4790974 -7.09969 -2.0269892 4294901760
10.28439 -9.5034637 -1.717788 4294901760
12.413414 -10.393959 -1.4131428 4294901760
13.470578 -13.726916 -1.0774335 4294901760
19.665812 -16.466513 -0.28797853 4294901760
16.098274 -14.875881 -0.7385298 4294901760
2.6786687 -2.4909155 -2.9298708 4294901760
4.686367 -3.9490838 -2.6341982 4294901760
6.3564816 -5.910943 -2.3344433 4294901760
8.459774 -7.1288395 -2.0267377 4294901760
10.251577 -9.5330238 -1.7175696 4294901760
12.374618 -10.42778 -1.4127247 4294901760
13.396803 -13.737803 -1.0788885 4294901760
19.574316 -16.494785 -0.28992519 4294901760
16.054379 -14.929096 -0.73803359 4294901760
2.6726038 -2.5027285 -2.9310544 4294901760
4.6725535 -3.9654181 -2.6339757 4294901760
6.3358102 -5.9330955 -2.3343127 4294901760
8.4378519 -7.1608834 -2.0264604 4294901760
10.218239 -9.5687504 -1.7173591 4294901760
12.341175 -10.473485 -1.4120719 4294901760
13.340454 -13.7759 -1.0793823 4294901760
19.559212 -16.599157 -0.2859613 4294901760
16.016722 -14.998672 -0.73684686 4294901760
2.6660497 -2.5149953 -2.9322412 4294901760
4.6579876 -3.9825175 -2.6337526 4294901760
6.3083153 -5.9508958 -2.3335986 4294901760
8.4115496 -7.1917624 -2.026057 4294901760
10.168667 -9.5925245 -1.7171082 4294901760
12.302704 -10.518648 -1.411482 4294901760
13.295394 -13.830446 -1.0792896 4294901760
19.504307 -16.675922 -0.28459203 4294901760
15.967438 -15.062747 -0.73619372 4294901760
2.6576951 -2.5238221 -2.9321997 4294901760
4.6447558 -3.9979415 -2.6335592 4294901760
6.2913904 -5.9744816 -2.3337958 4294901760
8.3876543 -7.2196159 -2.025708 4294901760
10.131045 -9.6207266 -1.7169285 4294901760
12.273784 -10.564574 -1.4108393 4294901760
13.287967 -13.914783 -1.077714 4294901760
15.905838 -15.104631 -0.73663008 4294901760
2.6462491 -2.5305781 -2.9309227 4294901760
4.6365933 -4.019177 -2.6345632 4294901760
6.2704978 -5.9964061 -2.3337049 4294901760
8.362402 -7.2488508 -2.025357 4294901760
10.094535 -9.6532898 -1.7167715 4294901760
12.224812 -10.596935 -1.4105905 4294901760
13.285901 -14.010207 -1.0758032 4294901760
19.411451 -16.826591 -0.28144825 4294901760
15.861661 -15.168326 -0.73588568 4294901760
2.6321769 -2.5347707 -2.9284127 4294901760
4.6225357 -4.035337 -2.634378 4294901760
6.255178 -6.0236988 -2.334218 4294901760
8.3400259 -7.2805958 -2.0251458 4294901760
10.057919 -9.6857157 -1.7166357 4294901760
12.19374 -10.644774 -1.4099689 4294901760
13.242376 -14.0623 -1.0757915 4294901760
19.319534 -16.865383 -0.28306267 4294901760
15.791386 -15.20701 -0.73671812 4294901760
2.6306751 -2.5519738 -2.9320998 4294901760
4.6019292 -4.0471644 -2.6329954 4294901760
6.2246132 -6.038393 -2.3332641 4294901760
8.3073483 -7.3058939 -2.0245664 4294901760
10.02235 -9.7225142 -1.7165272 4294901760
12.145682 -10.681516 -1.4096814 4294901760
13.185306 -14.10492 -1.0763217 4294901760
19.251595 -16.930807 -0.28272635 4294901760
15.48659 -15.023282 -0.75147319 4294901760
2.6221983 -2.5606835 -2.9320793 4294901760
4.5942516 -4.0675097 -2.6340351 4294901760
6.2073612 -6.0617414 -2.3335111 4294901760
8.2889948 -7.3386421 -2.0245273 4294901760
9.9928951 -9.7584686 -1.7164595 4294901760
12.116152 -10.727006 -1.4091312 4294901760
13.146592 -14.157324 -1.0762302 4294901760
19.222237 -17.018362 -0.28010687 4294901760
15.536519 -15.172044 -0.74534702 4294901760
2.6158285 -2.5723631 -2.9333019 4294901760
4.5829 -4.0860853 -2.6344767 4294901760
6.1833677 -6.0806227 -2.3331773 4294901760
8.2603779 -7.3649015 -2.0241203 4294901760
9.9531116 -9.7877264 -1.7163773 4294901760
12.075665 -10.766587 -1.4087826 4294901760
13.115993 -14.223623 -1.0756853 4294901760
19.162712 -17.085356 -0.27944836 4294901760
15.543159 -15.284887 -0.74164772 4294901760
2.6042573 -2.5789273 -2.9320526 4294901760
4.5657434 -4.0994844 -2.6337295 4294901760
6.1537433 -6.0938892 -2.3322661 4294901760
8.231678 -7.3910494 -2.0237303 4294901760
9.9329824 -9.8363705 -1.7163887 4294901760
12.043927 -10.813988 -1.4082584 4294901760
13.036676 -14.237009 -1.0774083 4294901760
19.085144 -17.136147 -0.28013495 4294901760
15.537865 -15.386737 -0.73866767 4294901760
2.5926721 -2.5854421 -2.9308093 4294901760
4.5542622 -4.1179805 -2.6341894 4294901760
6.1352115 -6.1181021 -2.3325496 4294901760
8.2087593 -7.42239 -2.0236027 4294901760
9.8873472 -9.8597746 -1.7163283 4294901760
12.020855 -10.869301 -1.407558 4294901760
12.973502 -14.267695 -1.0784136 4294901760
18.980812 -17.162518 -0.28282282 4294901760
15.515114 -15.471848 -0.73674989 4294901760
2.580621 -2.5923584 -2.9295714 4294901760
4.5362911 -4.132051 -2.6334548 4294901760
6.1155124 -6.1433272 -2.3328469 4294901760
8.1844215 -7.4550881 -2.0234804 4294901760
9.856741 -9.9015722 -1.7163517 4294901760
11.975057 -10.907929 -1.4073334 4294901760
12.971824 -14.371323 -1.0764892 4294901760
18.841084 -17.162107 -0.28792322 4294901760
15.480802 -15.551212 -0.73538154 4294901760
2.5775633 -2.6056073 -2.9320538 4294901760
4.5232873 -4.1462817 -2.6333468 4294901760
6.0934248 -6.1597214 -2.3325644 4294901760
8.1580477 -7.4780931 -2.0231626 4294901760
9.8311672 -9.9381313 -1.7163936 4294901760
11.940729 -10.945498 -1.4070476 4294901760
12.958524 -14.447582 -1.0753999 4294901760
18.790016 -17.223913 -0.28725556 4294901760
15.35617 -15.523246 -0.74004787 4294901760
2.5582905 -2.6042445 -2.9271114 4294901760
4.5031257 -4.1568203 -2.6320386 4294901760
6.0691371 -6.1781559 -2.3322959 4294901760
8.1318941 -7.5065241 -2.0229619 4294901760
9.80476 -9.9808798 -1.716468 4294901760
11.90245 -10.987111 -1.4067537 4294901760
12.926555 -14.513545 -1.0750053 4294901760
18.71805 -17.278568 -0.28766561 4294901760
15.279539 -15.554002 -0.7414887 4294901760
2.5542474 -2.6183484 -2.9296052 4294901760
4.4942307 -4.1777592 -2.6331334 4294901760
6.0584908 -6.2105336 -2.3335178 4294901760
8.1114311 -7.5402455 -2.0230227 4294901760
9.7670898 -10.012203 -1.7165225 4294901760
11.858198 -11.023175 -1.4066187 4294901760
12.85207 -14.531732 -1.0766227 4294901760
18.648855 -17.335653 -0.28789628 4294901760
15.200098 -15.581557 -0.7431339 4294901760
2.5416532 -2.6255322 -2.9283917 4294901760
4.480967 -4.197618 -2.6336303 4294901760
6.0373273 -6.2365694 -2.3338728 4294901760
8.0795345 -7.5686336 -2.022717 4294901760
9.7313337 -10.052485 -1.7166286 4294901760
11.815784 -11.068625 -1.406351 4294901760
12.78304 -14.566004 -1.0778282 4294901760
18.532648 -17.360756 -0.2911849 4294901760
15.273257 -15.777301 -0.73504853 4294901760
2.5349853 -2.6370018 -2.9296589 4294901760
4.4578819 -4.2053046 -2.6317527 4294901760
6.0100846 -6.2519507 -2.3333497 4294901760
8.0444412 -7.588654 -2.0222013 4294901760
9.6961842 -10.086392 -1.7167381 4294901760
11.768398 -11.101616 -1.406335 4294901760
12.711187 -14.586516 -1.0793804 4294901760
18.512571 -17.463673 -0.28778782 4294901760
15.314793 -15.931112 -0.72921711 4294901760
2.5291922 -2.6475737 -2.930928 4294901760
4.4502354 -4.2245922 -2.6328831 4294901760
5.9877033 -6.2679639 -2.3331265 4294901760
8.0205603 -7.6138887 -2.0220821 4294901760
9.6671896 -10.119672 -1.7168654 4294901760
11.742114 -11.146747 -1.4059585 4294901760
12.649654 -14.608313 -1.0806531 4294901760
18.451826 -17.516253 -0.28794968 4294901760
15.278437 -15.993559 -0.72854418 4294901760
2.5174403 -2.6537561 -2.9297287 4294901760
4.4271088 -4.2321153 -2.6310239 4294901760
5.963089 -6.2859817 -2.3329237 4294901760
7.9939346 -7.6418395 -2.0219653 4294901760
9.6318064 -10.153355 -1.7170153 4294901760
11.69451 -11.179422 -1.4059895 4294901760
12.655709 -14.718815 -1.0785559 4294901760
18.430954 -17.619156 -0.28462377 4294901760
15.22526 -16.049685 -0.72860962 4294901760
2.509717 -2.6660421 -2.9310169 4294901760
4.4136004 -4.2517552 -2.6315615 4294901760
5.9362206 -6.3059754 -2.3327453 4294901760
7.9645333 -7.6724768 -2.0218563 4294901760
9.5873108 -10.184484 -1.7171836 4294901760
11.66582 -11.238039 -1.4054931 4294901760
12.51897 -14.673378 -1.0830923 4294901760
18.386154 -17.711941 -0.28262544 4294901760
15.174455 -16.11964 -0.72822315 4294901760
2.496376 -2.6686187 -2.9285851 4294901760
4.4002213 -4.2656007 -2.6315205 4294901760
5.9110212 -6.3188643 -2.3322616 4294901760
7.9489036 -7.7057142 -2.0221484 4294901760
9.5471354 -10.20586 -1.7173257 4294901760
11.624745 -11.269096 -1.4055194 4294901760
12.511439 -14.758204 -1.0818542 4294901760
18.42783 -17.864048 -0.27502778 4294901760
15.126461 -16.170143 -0.72832739 4294901760
2.4944475 -2.6852846 -2.9323571 4294901760
4.3797922 -4.2755527 -2.6302876 4294901760
5.8889279 -6.3394594 -2.3323936 4294901760
7.9191289 -7.7306528 -2.02196 4294901760
9.5222549 -10.250753 -1.7175816 4294901760
11.571108 -11.295714 -1.4057595 4294901760
12.55218 -14.911473 -1.0781335 4294901760
18.385347 -17.947773 -0.27334481 4294901760
15.045503 -16.196556 -0.73020709 4294901760
2.4776845 -2.6859818 -2.9287021 4294901760
4.3730817 -4.2989163 -2.6320543 4294901760
5.8667626 -6.3599772 -2.3325391 4294901760
7.8949142 -7.7610197 -2.0220325 4294901760
9.4917936 -10.289762 -1.7178382 4294901760
11.531608 -11.336037 -1.405687 4294901760
12.497499 -14.952144 -1.078997 4294901760
18.314051 -18.003452 -0.27388474 4294901760
15.013203 -16.275352 -0.72903699 4294901760
2.4702718 -2.6977184 -2.9300113 4294901760
4.3518219 -4.309494 -2.6308396 4294901760
5.8460627 -6.3843298 -2.3330014 4294901760
7.8607993 -7.7843409 -2.0217543 4294901760
9.4486589 -10.31863 -1.7180859 4294901760
11.495635 -11.383822 -1.4055026 4294901760
12.452785 -15.01011 -1.0793159 4294901760
18.264954 -18.087299 -0.27249524 4294901760
14.953452 -16.330267 -0.72946334 4294901760
2.4613125 -2.7058954 -2.9300804 4294901760
4.3402357 -4.3266211 -2.6314292 4294901760
5.8248596 -6.4036813 -2.3331647 4294901760
7.8405404 -7.8159466 -2.0219836 4294901760
9.4197292 -10.355776 -1.7183715 4294901760
11.455006 -11.419074 -1.4055482 4294901760
12.387744 -15.03288 -1.080812 4294901760
18.219004 -18.161854 -0.27136844 4294901760
14.824104 -16.297188 -0.73467064 4294901760
2.4469919 -2.7090902 -2.9276803 4294901760
4.3278246 -4.3444748 -2.6320279 4294901760
5.8077288 -6.4297962 -2.3339415 4294901760
7.804841 -7.834868 -2.0216184 4294901760
9.3888416 -10.394484 -1.7186923 4294901760
11.417881 -11.461808 -1.4054821 4294901760
18.065378 -18.13488 -0.27836195 4294901760
14.75109 -16.331085 -0.73616654 4294901760
2.4394665 -2.7207396 -2.9290071 4294901760
4.3064556 -4.3548288 -2.6308422 4294901760
5.7841244 -6.4510398 -2.3341496 4294901760
7.784411 -7.8718514 -2.0220034 4294901760
9.3480339 -10.425872 -1.7190177 4294901760
11.373001 -11.500751 -1.4055771 4294901760
12.124192 -14.929458 -1.0901153 4294901760
17.965124 -18.166922 -0.28102744 4294901760
14.699121 -16.393944 -0.73618281 4294901760
2.4333186 -2.7310967 -2.9303265 4294901760
4.2981524 -4.3738317 -2.6320555 4294901760
5.7638288 -6.4691792 -2.3343399 4294901760
7.7513309 -7.8878112 -2.0216682 4294901760
9.317873 -10.45815 -1.7193362 4294901760
11.334023 -11.533586 -1.4056901 4294901760
12.109742 -15.007767 -1.0893184 4294901760
17.53039 -17.839054 -0.3105925 4294901760
14.682021 -16.478739 -0.73444557 4294901760
2.4237707 -2.7395737 -2.9304209 4294901760
4.280169 -4.3860517 -2.6314852 4294901760
5.7412124 -6.4892588 -2.3345635 4294901760
7.7237506 -7.9148202 -2.0217185 4294901760
9.2707939 -10.478724 -1.7196527 4294901760
11.296474 -11.575926 -1.4056963 4294901760
12.18926 -15.214683 -1.0837698 4294901760
17.821947 -18.262825 -0.28296307 4294901760
14.679887 -16.59259 -0.73143071 4294901760
2.4161048 -2.7511628 -2.9317656 4294901760
4.2694244 -4.4072433 -2.6327209 4294901760
5.7147999 -6.5073109 -2.334516 4294901760
7.6946888 -7.9430761 -2.0217896 4294901760
9.2244682 -10.503689 -1.7200208 4294901760
11.245668 -11.608683 -1.4060023 4294901760
12.143327 -15.271724 -1.0842775 4294901760
17.713242 -18.285032 -0.28640348 4294901760
14.597924 -16.62232 -0.73343217 4294901760
2.3988588 -2.7518024 -2.9281583 4294901760
4.2479029 -4.4173093 -2.6315742 4294901760
5.6806011 -6.5163865 -2.3335931 4294901760
7.6627846 -7.9683766 -2.0217569 4294901760
9.183301 -10.534438 -1.720434 4294901760
11.200289 -11.646956 -1.4062004 4294901760
12.114412 -15.350522 -1.0839691 4294901760
17.643341 -18.346958 -0.28682762 4294901760
14.505466 -16.639652 -0.73614997 4294901760
2.3973224 -2.7675447 -2.931977 4294901760
4.2313428 -4.4278479 -2.631027 4294901760
5.6678061 -6.5430946 -2.3347199 4294901760
7.6431751 -7.998126 -2.0220926 4294901760
9.147563 -10.560236 -1.7208053 4294901760
11.160896 -11.679212 -1.4064013 4294901760
17.68486 -18.506149 -0.27917734 4294901760
14.481833 -16.718287 -0.73488098 4294901760
2.3852839 -2.7731478 -2.9308541 4294901760
4.2185135 -4.4453845 -2.63169 4294901760
5.637259 -6.5539174 -2.3341053 4294901760
7.6124902 -8.0218887 -2.0220883 4294901760
9.1132336 -10.59511 -1.7212623 4294901760
11.128273 -11.726749 -1.4063715 4294901760
11.963409 -15.367674 -1.0883343 4294901760
17.658609 -18.608286 -0.27639323 4294901760
14.41819 -16.76269 -0.73592639 4294901760
2.3755889 -2.7814572 -2.9309762 4294901760
4.2056112 -4.4628863 -2.6323628 4294901760
5.6219888 -6.5825028 -2.3352849 4294901760
7.5790191 -8.0426598 -2.0219781 4294901760
9.073616 -10.623838 -1.7217172 4294901760
11.095452 -11.774208 -1.4063662 4294901760
11.92187 -15.425097 -1.0887928 4294901760
17.618172 -18.69595 -0.2747409 4294901760
14.32075 -16.767443 -0.73921597 4294901760
2.3606904 -2.784615 -2.9286304 4294901760
4.1839628 -4.4726443 -2.6312547 4294901760
5.5952897 -6.6000724 -2.3353055 4294901760
7.5548916 -8.0761566 -2.0223818 4294901760
9.0371847 -10.66005 -1.7222418 4294901760
11.046789 -11.808986 -1.4067334 4294901760
11.833744 -15.427607 -1.091508 4294901760
17.560436 -18.772055 -0.27423751 4294901760
14.287559 -16.85327 -0.7381556 4294901760
2.3556247 -2.7983854 -2.9312439 4294901760
4.1709466 -4.4900446 -2.6319463 4294901760
5.5671644 -6.6135626 -2.3350265 4294901760
7.5266542 -8.1024799 -2.0225506 4294901760
9.0050287 -10.697604 -1.7227759 4294901760
11.005501 -11.847475 -1.4069803 4294901760
11.777405 -15.465652 -1.0927489 4294901760
17.557264 -18.90048 -0.26961222 4294901760
14.226074 -16.899992 -0.73913163 4294901760
2.3393559 -2.7978382 -2.927655 4294901760
4.1534219 -4.5010204 -2.6314454 4294901760
5.5527506 -6.6410151 -2.3362305 4294901760
7.5104656 -8.1390133 -2.0232165 4294901760
8.9516888 -10.706099 -1.7231942 4294901760
10.955367 -11.872217 -1.4075054 4294901760
11.757285 -15.545918 -1.0922793 4294901760
17.429546 -18.88822 -0.27525663 4294901760
14.103465 -16.867554 -0.74433917 4294901760
2.3290856 -2.8063936 -2.9278061 4294901760
4.1368971 -4.5162129 -2.6315629 4294901760
5.5283728 -6.6613226 -2.3365893 4294901760
7.4805841 -8.1664858 -2.0234289 4294901760
8.9022522 -10.726624 -1.7237229 4294901760
10.909094 -11.909358 -1.4078822 4294901760
11.695446 -15.582535 -1.0937595 4294901760
17.368288 -18.960802 -0.27509537 4294901760
13.977895 -16.842438 -0.7494877 4294901760
2.3197663 -2.8141017 -2.9279482 4294901760
4.1218977 -4.5299067 -2.6316781 4294901760
5.5112424 -6.6856718 -2.337522 4294901760
7.4428215 -8.179554 -2.0231464 4294901760
8.8565359 -10.743837 -1.7242155 4294901760
10.877568 -11.954292 -1.4079852 4294901760
11.717494 -15.720224 -1.0912017 4294901760
17.377821 -19.097979 -0.26969463 4294901760
13.896607 -16.857933 -0.75203377 4294901760
2.3122253 -2.8249872 -2.9293439 4294901760
4.103478 -4.541409 -2.6312096 4294901760
5.4878716 -6.7048683 -2.3378899 4294901760
7.4195237 -8.2113495 -2.023627 4294901760
8.8240051 -10.780828 -1.7248324 4294901760
10.827776 -11.983336 -1.4085293 4294901760
11.570157 -15.636171 -1.0971025 4294901760
17.257547 -19.099306 -0.27460077 4294901760
13.814951 -16.878571 -0.75448418 4294901760
2.295984 -2.8242004 -2.9257739 4294901760
4.0909686 -4.557858 -2.6319406 4294901760
5.4631329 -6.7199864 -2.3379538 4294901760
7.3869739 -8.2300253 -2.0236204 4294901760
8.7932129 -10.816188 -1.7254399 4294901760
10.798603 -12.031013 -1.4086114 4294901760
11.598426 -15.783568 -1.0942556 4294901760
17.191454 -19.15346 -0.2753745 4294901760
13.869559 -17.060404 -0.74795878 4294901760
2.2906659 -2.8378394 -2.928421 4294901760
4.0699077 -4.5663595 -2.6308913 4294901760
5.4421062 -6.7420673 -2.3386452 4294901760
7.3529401 -8.2498598 -2.0236425 4294901760
8.7554035 -10.846816 -1.726073 4294901760
10.75654 -12.068635 -1.4090029 4294901760
11.505707 -15.772478 -1.0974594 4294901760
17.201483 -19.299738 -0.2696856 4294901760
13.995223 -17.338276 -0.73646551 4294901760
2.2830133 -2.8486471 -2.9298334 4294901760
4.0513911 -4.5776539 -2.6304498 4294901760
5.41118 -6.7518411 -2.3381567 4294901760
7.3293376 -8.2813959 -2.0241728 4294901760
8.7125254 -10.871119 -1.7267005 4294901760
10.714348 -12.106109 -1.4094189 4294901760
11.466932 -15.835126 -1.097957 4294901760
17.094343 -19.314844 -0.27361414 4294901760
13.964536 -17.424356 -0.7354874 4294901760
2.2748139 -2.8598325 -2.9312606 4294901760
4.0396709 -4.5982599 -2.6318231 4294901760
5.3863974 -6.7716284 -2.3385971 4294901760
7.2989359 -8.3082027 -2.0244899 4294901760
8.6701527 -10.899874 -1.727396 4294901760
10.677781 -12.154261 -1.4096829 4294901760
11.404169 -15.870578 -1.0996213 4294901760
17.028704 -19.383362 -0.27391842 4294901760
13.900579 -17.47542 -0.73662406 4294901760
2.2580764 -2.8592205 -2.9277186 4294901760
4.0261269 -4.6152358 -2.6325986 4294901760
5.3700194 -6.7996235 -2.3399262 4294901760
7.2672915 -8.3306522 -2.0246856 4294901760
8.6246729 -10.920729 -1.7280519 4294901760
10.656204 -12.215436 -1.4096187 4294901760
11.33251 -15.887591 -1.1018366 4294901760
16.924215 -19.400591 -0.27770525 4294901760
13.799957 -17.473776 -0.7404328 4294901760
2.2413719 -2.8585272 -2.9241812 4294901760
4.0074706 -4.6263499 -2.6321852 4294901760
5.3510928 -6.824501 -2.3409708 4294901760
7.2433438 -8.3619442 -2.0252676 4294901760
8.5962944 -10.96326 -1.7288244 4294901760
10.603084 -12.240534 -1.4103757 4294901760
11.265477 -15.910803 -1.1038413 4294901760
16.730988 -19.314779 -0.28891304 4294901760
13.70198 -17.474781 -0.74410039 4294901760
2.2407897 -2.8773849 -2.9293318 4294901760
3.9895942 -4.6366935 -2.6317711 4294901760
5.3260212 -6.8391128 -2.3411083 4294901760
7.2181525 -8.3889141 -2.0257261 4294901760
8.5574532 -10.988575 -1.7295119 4294901760
10.562434 -12.275626 -1.4108657 4294901760
11.164548 -15.879652 -1.1076784 4294901760
16.791767 -19.515339 -0.27926576 4294901760
13.594964 -17.457212 -0.74857509 4294901760
3.9733846 -4.6505919 -2.6319749 4294901760
5.3021164 -6.8576622 -2.3415804 4294901760
7.1862578 -8.4110537 -2.0259709 4294901760
8.5117626 -11.008961 -1.7302276 4294901760
10.514353 -12.306375 -1.4115369 4294901760
11.131844 -15.951189 -1.1079727 4294901760
16.796122 -19.658781 -0.27404821 4294901760
13.56077 -17.539257 -0.74793649 4294901760
3.9621105 -4.6703076 -2.6333873 4294901760
5.2757583 -6.8730173 -2.3417661 4294901760
7.146626 -8.4240313 -2.0258613 4294901760
8.4781132 -11.0449 -1.7310358 4294901760
10.471332 -12.343002 -1.4121007 4294901760
11.064756 -15.973578 -1.1100545 4294901760
16.598326 -19.565151 -0.28579003 4294901760
13.548014 -17.649734 -0.74583012 4294901760
3.9457843 -4.6841097 -2.6336098 4294901760
5.2541118 -6.8945103 -2.3425639 4294901760
7.1222706 -8.4549723 -2.0265107 4294901760
8.4419146 -11.077583 -1.7318507 4294901760
10.435871 -12.388604 -1.4124919 4294901760
11.011188 -16.015387 -1.1114632 4294901760
16.527361 -19.619919 -0.28693897 4294901760
13.524985 -17.747652 -0.74443495 4294901760
3.9195247 -4.6860361 -2.6314418 4294901760
5.2276473 -6.9096813 -2.3427753 4294901760
7.0977855 -8.4858456 -2.0271771 4294901760
8.3936176 -11.094327 -1.7326124 4294901760
10.407871 -12.44326 -1.412712 4294901760
11.013583 -16.139257 -1.1099972 4294901760
16.512535 -19.741766 -0.28336319 4294901760
13.45333 -17.782038 -0.74641901 4294901760
3.9056044 -4.7026525 -2.6322825 4294901760
5.2011404 -6.9247508 -2.3429992 4294901760
7.0630703 -8.504488 -2.0273645 4294901760
8.3476915 -11.11404 -1.7334081 4294901760
10.364373 -12.479513 -1.4133507 4294901760
11.04875 -16.312801 -1.1068393 4294901760
16.5404 -19.915932 -0.27615446 4294901760
13.403148 -17.84483 -0.74693447 4294901760
3.8891654 -4.7162571 -2.6325324 4294901760
5.1769371 -6.9428649 -2.3435361 4294901760
7.0283122 -8.5229931 -2.0275674 4294901760
8.3135891 -11.149474 -1.734301 4294901760
10.313158 -12.506413 -1.4142092 4294901760
10.971744 -16.321522 -1.1095138 4294901760
16.493628 -20.001255 -0.2752668 4294901760
13.376524 -17.939449 -0.74582171 4294901760
3.8726788 -4.7298045 -2.6327915 4294901760
5.1480026 -6.9545875 -2.3434844 4294901760
6.9935112 -8.5413589 -2.0277867 4294901760
8.2864237 -11.194372 -1.7352629 4294901760
10.261881 -12.533105 -1.4150918 4294901760
10.932387 -16.386227 -1.1102531 4294901760
16.423708 -20.058706 -0.27636606 4294901760
13.325682 -18.002052 -0.74641204 4294901760
3.8585746 -4.7462816 -2.6336606 4294901760
5.126018 -6.9756756 -2.344348 4294901760
6.9586668 -8.5595846 -2.0280221 4294901760
8.2425985 -11.216833 -1.7361363 4294901760
10.225595 -12.578106 -1.4156084 4294901760
10.881719 -16.43425 -1.1116017 4294901760
16.361143 -20.125202 -0.27685666 4294901760
13.25804 -18.042034 -0.7481997 4294901760
3.8419838 -4.7597218 -2.6339383 4294901760
5.1016378 -6.9935255 -2.3449237 4294901760
6.9287467 -8.5838223 -2.028523 4294901760
8.1963797 -11.235919 -1.7370132 4294901760
10.181628 -12.613723 -1.4163446 4294901760
10.808976 -16.448833 -1.1141268 4294901760
16.275757 -20.163561 -0.27932861 4294901760
13.140944 -18.014122 -0.75349873 4294901760
3.8157103 -4.7610817 -2.6318216 4294901760
5.084096 -7.020822 -2.346417 4294901760
6.9012122 -8.6110401 -2.0291657 4294901760
8.1524544 -11.258036 -1.7379258 4294901760
10.135049 -12.646085 -1.4171698 4294901760
10.690576 -16.393057 -1.119073 4294901760
16.217749 -20.235819 -0.27946728 4294901760
13.073305 -18.053427 -0.7553457 4294901760
3.8038642 -4.7803998 -2.6333194 4294901760
5.0618467 -7.0417113 -2.3473215 4294901760
6.8760338 -8.641263 -2.0299509 4294901760
8.1084728 -11.279979 -1.7388586 4294901760
10.090843 -12.681385 -1.4179549 4294901760
10.613815 -16.400183 -1.1218662 4294901760
16.114714 -20.251717 -0.28352243 4294901760
13.063725 -18.173405 -0.75309825 4294901760
3.7895422 -4.7966714 -2.6342258 4294901760
5.0372357 -7.0593381 -2.3479373 4294901760
6.8335767 -8.6497049 -2.029875 4294901760
8.0667439 -11.304985 -1.739828 4294901760
10.053911 -12.725893 -1.4185721 4294901760
10.633982 -16.557772 -1.1195787 4294901760
16.053818 -20.320368 -0.28395474 4294901760
12.98863 -18.202669 -0.75551152 4294901760
3.7775304 -4.8159313 -2.6357436 4294901760
5.0125642 -7.0768776 -2.3485661 4294901760
6.7984643 -8.6672859 -2.0301909 4294901760
8.0226479 -11.326597 -1.7408 4294901760
10.009429 -12.760909 -1.4194067 4294901760
10.499063 -16.473879 -1.125486 4294901760
16.004953 -20.404537 -0.28335327 4294901760
12.915798 -18.234882 -0.75779086 4294901760
3.7600141 -4.8247361 -2.6354332 4294901760
4.9925632 -7.0957975 -2.3494458 4294901760
6.78092 -8.7010717 -2.0312188 4294901760
7.9893074 -11.354991 -1.7417412 4294901760
9.971734 -12.795428 -1.420115 4294901760
10.438736 -16.493319 -1.1276035 4294901760
15.948132 -20.464161 -0.28394344 4294901760
12.835506 -18.242765 -0.76091999 4294901760
3.7384357 -4.8317394 -2.6345615 4294901760
4.9677639 -7.1131811 -2.3500996 4294901760
6.7553439 -8.7309408 -2.0320702 4294901760
7.9587107 -11.395823 -1.7428591 4294901760
9.93431 -12.839595 -1.4208058 4294901760
10.493363 -16.708414 -1.1235281 4294901760
15.8473 -20.481834 -0.28792664 4294901760
12.824251 -18.362633 -0.75882989 4294901760
3.7238934 -4.8478146 -2.6355047 4294901760
4.9406691 -7.1272564 -2.3504632 4294901760
6.7224178 -8.7513332 -2.0325601 4294901760
7.9188824 -11.423534 -1.7439274 4294901760
9.882163 -12.864733 -1.4219017 4294901760
10.418124 -16.717899 -1.1263509 4294901760
15.746537 -20.499054 -0.29194373 4294901760
12.830483 -18.508858 -0.75547791 4294901760
3.7046125 -4.8577213 -2.635253 4294901760
4.9157605 -7.1444592 -2.3511424 4294901760
6.6870346 -8.7684603 -2.0329399 4294901760
7.867713 -11.434763 -1.7449234 4294901760
9.8396082 -12.902314 -1.4227687 4294901760
10.328286 -16.703352 -1.1299772 4294901760
15.682145 -20.563416 -0.29278362 4294901760
12.763538 -18.550249 -0.75740534 4294901760
3.6899588 -4.8736939 -2.636215 4294901760
4.8930035 -7.1648135 -2.3521388 4294901760
6.6563869 -8.791749 -2.0335886 4294901760
7.8165612 -11.445772 -1.7459371 4294901760
9.801712 -12.946093 -1.4235352 4294901760
10.280334 -16.756279 -1.1313976 4294901760
15.648808 -20.668932 -0.29088435 4294901760
12.709949 -18.611151 -0.75838804 4294901760
3.6706097 -4.8834648 -2.6359811 4294901760
4.8701653 -7.1850958 -2.3531485 4294901760
6.6232824 -8.8117695 -2.0341272 4294901760
7.7743354 -11.469701 -1.747045 4294901760
9.7636309 -12.989762 -1.4243276 4294901760
10.238347 -16.819275 -1.1325196 4294901760
15.545398 -20.681961 -0.29522532 4294901760
12.591225 -18.576197 -0.76412588 4294901760
3.6489339 -4.8900738 -2.6351528 4294901760
4.842865 -7.1987977 -2.3535628 4294901760
6.5901198 -8.8316689 -2.0346818 4294901760
7.7298212 -11.490185 -1.7481536 4294901760
9.7182293 -13.023766 -1.4253325 4294901760
10.22693 -16.933321 -1.1320223 4294901760
15.439702 -20.691328 -0.29981163 4294901760
12.57081 -18.686193 -0.76273704 4294901760
3.6318414 -4.902782 -2.6355395 4294901760
4.8155293 -7.2123976 -2.3539896 4294901760
6.5616031 -8.8577948 -2.0355074 4294901760
7.6874614 -11.513798 -1.7493013 4294901760
9.6750755 -13.060807 -1.4262999 4294901760
10.167757 -16.968916 -1.1341009 4294901760
15.360253 -20.735479 -0.30208659 4294901760
12.496652 -18.7167 -0.76528382 4294901760
3.6192703 -4.9216352 -2.6371422 4294901760
4.7903242 -7.2291627 -2.3547337 4294901760
6.5306449 -8.8806448 -2.0362222 4294901760
7.6472249 -11.540562 -1.7504891 4294901760
9.6152916 -13.075276 -1.4277246 4294901760
10.126781 -17.035116 -1.1352232 4294901760
15.257052 -20.747179 -0.30652636 4294901760
12.444456 -18.780148 -0.76624453 4294901760
3.5997965 -4.9311275 -2.6369438 4294901760
4.7650599 -7.2458396 -2.3554907 4294901760
6.5019355 -8.90658 -2.0370817 4294901760
7.6025329 -11.560555 -1.7516565 4294901760
9.5742788 -13.115183 -1.4286789 4294901760
10.065232 -17.066933 -1.1374727 4294901760
15.163361 -20.771303 -0.31014833 4294901760
12.32844 -18.746857 -0.77192247 4294901760
3.5825617 -4.9436631 -2.637358 4294901760
4.7397385 -7.2624288 -2.3562605 4294901760
6.4731259 -8.9324217 -2.0379584 4294901760
7.5599632 -11.583697 -1.7528641 4294901760
9.5214405 -13.138864 -1.4299645 4294901760
10.009619 -17.108835 -1.1394249 4294901760
15.114178 -20.856417 -0.30977088 4294901760
12.230243 -18.739698 -0.7763291 4294901760
3.5652835 -4.9561381 -2.6377814 4294901760
4.7186232 -7.2855134 -2.3576558 4294901760
6.4372902 -8.9485455 -2.0384662 4294901760
7.5108557 -11.596696 -1.7540274 4294901760
9.4778423 -13.175248 -1.4310288 4294901760
9.9498348 -17.143671 -1.1416245 4294901760
15.085558 -20.970592 -0.30752945 4294901760
12.182094 -18.809046 -0.77706385 4294901760
3.5457234 -4.9654193 -2.6376095 4294901760
4.6910424 -7.2986407 -2.3581457 4294901760
6.4083118 -8.9741783 -2.0393763 4294901760
7.468184 -11.619505 -1.7552735 4294901760
9.4410372 -13.221197 -1.4319361 4294901760
9.8899326 -17.178299 -1.1438527 4294901760
15.047048 -21.071835 -0.30618423 4294901760
12.118519 -18.854811 -0.77895945 4294901760
3.5283694 -4.977766 -2.638051 4294901760
4.6655369 -7.314971 -2.3589544 4294901760
6.3632331 -8.9771452 -2.0393996 4294901760
7.4318461 -11.652194 -1.7566053 4294901760
9.381031 -13.234605 -1.4334741 4294901760
9.820034 -17.195425 -1.1466465 4294901760
14.980324 -21.133997 -0.30742335 4294901760
12.001177 -18.816326 -0.7848866 4294901760
3.5118425 -4.989439 -2.638479 4294901760
4.6370573 -7.3237743 -2.3591201 4294901760
6.3311534 -8.9949656 -2.0400419 4294901760
7.3889198 -11.67007 -1.7578037 4294901760
9.3325119 -13.259137 -1.4347321 4294901760
9.7629576 -17.227896 -1.1488159 4294901760
14.891782 -21.157452 -0.31092948 4294901760
11.876866 -18.758337 -0.79152054 4294901760
3.4966109 -5.0048242 -2.6395435 4294901760
4.6135516 -7.3432379 -2.3602612 4294901760
6.3110352 -9.0332098 -2.0415182 4294901760
7.3418064 -11.685711 -1.7590632 4294901760
9.2861729 -13.291632 -1.4359527 4294901760
9.7164221 -17.286171 -1.1503831 4294901760
14.751567 -21.114445 -0.31899127 4294901760
11.860096 -18.877325 -0.7899943 4294901760
3.4747298 -5.0106683 -2.6388009 4294901760
4.5858154 -7.355968 -2.3607996 4294901760
6.2794657 -9.0551844 -2.0423641 4294901760
7.2988715 -11.7079 -1.7603872 4294901760
9.2510519 -13.340305 -1.4368999 4294901760
9.6599016 -17.326941 -1.1525155 4294901760
14.677775 -21.165808 -0.32096863 4294901760
11.732965 -18.820496 -0.79677445 4294901760
3.4506657 -5.0132489 -2.63746 4294901760
4.5559831 -7.3652601 -2.3610418 4294901760
6.2455769 -9.0737944 -2.0430963 4294901760
7.2516961 -11.723184 -1.7616836 4294901760
9.1999197 -13.365967 -1.4382887 4294901760
9.5858698 -17.336159 -1.1556273 4294901760
14.655835 -21.292513 -0.31814972 4294901760
11.717532 -18.942711 -0.7951712 4294901760
3.4396644 -5.0348043 -2.6397645 4294901760
4.5302467 -7.3811183 -2.3619125 4294901760
6.2138662 -9.0955391 -2.0439749 4294901760
7.2128077 -11.751807 -1.7630937 4294901760
9.1397476 -13.378295 -1.4399364 4294901760
9.4640169 -17.257767 -1.1613847 4294901760
14.621941 -21.402847 -0.31643304 4294901760
11.615888 -18.925734 -0.80009645 4294901760
3.4220686 -5.0467811 -2.64026 4294901760
4.5044541 -7.3968868 -2.3627963 4294901760
6.1754241 -9.1073608 -2.0444772 4294901760
7.1799965 -11.790468 -1.7645981 4294901760
9.0952253 -13.41341 -1.4411942 4294901760
9.3827868 -17.252211 -1.1649466 4294901760
14.529226 -21.42734 -0.32021552 4294901760
11.578783 -19.013836 -0.80015677 4294901760
3.4022803 -5.0554991 -2.6401575 4294901760
4.4765778 -7.4092078 -2.3633831 4294901760
6.1435957 -9.1288605 -2.0453877 4294901760
7.1387954 -11.815458 -1.7660275 4294901760
9.0550089 -13.454972 -1.4423606 4294901760
9.4170389 -17.460125 -1.1621852 4294901760
14.452114 -21.474611 -0.32256743 4294901760
11.532958 -19.088261 -0.80088997 4294901760
3.3867519 -5.0705481 -2.6412783 4294901760
4.4486713 -7.4214249 -2.363982 4294901760
6.1160827 -9.1568241 -2.0465777 4294901760
7.0913887 -11.830096 -1.7674011 4294901760
9.0146141 -13.496422 -1.4435529 4294901760
9.3729391 -17.524496 -1.1637439 4294901760
14.38593 -21.538202 -0.32391205 4294901760
11.460108 -19.118143 -0.8037017 4294901760
3.3690314 -5.0823388 -2.6418009 4294901760
4.4207335 -7.433537 -2.3645928 4294901760
6.0797143 -9.1715279 -2.0472581 4294901760
7.0520787 -11.858189 -1.7688953 4294901760
8.9608536 -13.51786 -1.4451172 4294901760
9.3173065 -17.567663 -1.1659582 4294901760
14.293021 -21.56168 -0.32780117 4294901760
11.440172 -19.236841 -0.8024801 4294901760
3.3555055 -5.1005039 -2.6435485 4294901760
4.4027319 -7.4624357 -2.3667698 4294901760
6.0498371 -9.1959972 -2.0483496 4294901760
7.0066118 -11.875897 -1.7703325 4294901760
8.915802 -13.55238 -1.4464741 4294901760
9.2318306 -17.554255 -1.1698431 4294901760
14.16504 -21.531433 -0.3350544 4294901760
11.484376 -19.465509 -0.79632282 4294901760
3.3397861 -5.1154118 -2.6446984 4294901760
4.3726931 -7.4709883 -2.3670952 4294901760
6.0155373 -9.2137489 -2.0491939 4294901760
6.9691224 -11.907131 -1.7718941 4294901760
8.8814831 -13.603399 -1.4475721 4294901760
9.1557665 -17.558121 -1.1732341 4294901760
14.089791 -21.580748 -0.33734086 4294901760
10.74374 -18.356276 -0.85071081 4294901760
3.3198149 -5.1238055 -2.6446407 4294901760
4.3544655 -7.4997754 -2.3693023 4294901760
5.9897866 -9.2446432 -2.050585 4294901760
6.9195461 -11.91766 -1.7733163 4294901760
8.8252954 -13.620971 -1.4492631 4294901760
9.088933 -17.579363 -1.1761383 4294901760
13.977489 -21.572872 -0.34319276 4294901760
11.182051 -19.25905 -0.81416613 4294901760
3.2998261 -5.1321235 -2.6445916 4294901760
4.3282595 -7.5149293 -2.3702767 4294901760
5.9596176 -9.2688198 -2.0517282 4294901760
6.8739424 -11.934865 -1.77481 4294901760
8.7712421 -13.641657 -1.4509197 4294901760
9.0184298 -17.59326 -1.17927 4294901760
13.880519 -21.587967 -0.3476209 4294901760
11.088889 -19.253056 -0.81867713 4294901760
3.2818921 -5.1436105 -2.64516 4294901760
4.296165 -7.5197749 -2.3703256 4294901760
5.9272285 -9.289566 -2.0527546 4294901760
6.8283048 -11.951896 -1.7763219 4294901760
8.7257109 -13.675543 -1.4523747 4294901760
8.9912491 -17.692093 -1.1800166 4294901760
13.843716 -21.696836 -0.34628981 4294901760
3.2627556 -5.1512108 -2.6450987 4294901760
4.2692699 -7.5305676 -2.3709605 4294901760
5.8879299 -9.2958136 -2.0532091 4294901760
6.7886324 -11.974472 -1.7778292 4294901760
8.6994648 -13.734642 -1.4533339 4294901760
8.9397001 -17.736038 -1.1821742 4294901760
13.611553 -21.489803 -0.36408386 4294901760
11.071621 -19.529238 -0.81472677 4294901760
3.2427049 -5.1593075 -2.6450741 4294901760
4.2429571 -7.5454245 -2.3719707 4294901760
5.8554454 -9.3163099 -2.054266 4294901760
6.7429028 -11.991179 -1.7793777 4294901760
8.6451197 -13.754822 -1.4550608 4294901760
8.863492 -17.738632 -1.1856899 4294901760
13.538579 -21.540564 -0.36632138 4294901760
11.017064 -19.592094 -0.81627345 4294901760
3.2267144 -5.1738629 -2.6462791 4294901760
4.2223248 -7.5704646 -2.3739355 4294901760
5.8145242 -9.3232775 -2.0547998 4294901760
6.7029386 -12.018108 -1.781032 4294901760
8.592845 -13.778165 -1.4567548 4294901760
8.8068237 -17.78017 -1.1881392 4294901760
13.649124 -21.885637 -0.35070658 4294901760
10.868989 -19.487675 -0.82519037 4294901760
3.2066081 -5.1818194 -2.6462719 4294901760
4.1939754 -7.5817261 -2.3746576 4294901760
5.7840252 -9.3468781 -2.0560229 4294901760
6.6609473 -12.041433 -1.7826777 4294901760
8.5405149 -13.801314 -1.4584707 4294901760
8.7482166 -17.817953 -1.1907187 4294901760
13.610444 -21.994226 -0.34956568 4294901760
10.899317 -19.703415 -0.82009453 4294901760
3.1945465 -5.2028289 -2.6487179 4294901760
4.1674843 -7.5963202 -2.3757064 4294901760
5.7492943 -9.3636436 -2.0569918 4294901760
6.615056 -12.057654 -1.7842833 4294901760
8.5026894 -13.847986 -1.4598325 4294901760
8.6859665 -17.848381 -1.1935242 4294901760
13.521057 -22.021198 -0.35339424 4294901760
10.765274 -19.622501 -0.82798034 4294901760
3.1763659 -5.2139482 -2.6493404 4294901760
4.142817 -7.6142654 -2.3770835 4294901760
5.7145176 -9.3802795 -2.0579762 4294901760
6.5748229 -12.084157 -1.7859989 4294901760
8.450161 -13.87079 -1.4615965 4294901760
8.6184196 -17.867832 -1.1966493 4294901760
13.444106 -22.068262 -0.35602918 4294901760
3.1621315 -5.2315974 -2.651196 4294901760
4.1124878 -7.6217771 -2.3775263 4294901760
5.6796951 -9.3967876 -2.0589759 4294901760
6.5194116 -12.082589 -1.787487 4294901760
8.4058056 -13.907008 -1.4631706 4294901760
8.5525608 -17.890619 -1.199703 4294901760
13.34635 -22.080906 -0.36074269 4294901760
3.1398885 -5.2359958 -2.6506126 4294901760
4.087709 -7.639544 -2.3789289 4294901760
5.6570234 -9.4335032 -2.0608125 4294901760
6.4734521 -12.098274 -1.7891458 4294901760
8.3633471 -13.946498 -1.4647175 4294901760
8.4934702 -17.927565 -1.2023991 4294901760
13.302028 -22.182114 -0.36019194 4294901760
10.559201 -19.734156 -0.83630461 4294901760
3.1255314 -5.2535458 -2.6524878 4294901760
4.0610166 -7.6537666 -2.3800282 4294901760
5.6179972 -9.4430037 -2.0615709 4294901760
6.4590783 -12.173375 -1.791368 4294901760
8.3125801 -13.97219 -1.4664999 4294901760
8.4240685 -17.94268 -1.2056979 4294901760
13.200033 -22.18726 -0.36538211 4294901760
10.540704 -19.865982 -0.83510041 4294901760
3.0993423 -5.2511544 -2.6506944 4294901760
4.0269699 -7.6540098 -2.3798707 4294901760
5.5789733 -9.4523439 -2.0623431 4294901760
6.4220886 -12.206381 -1.7932343 4294901760
8.2536488 -13.983995 -1.4685128 4294901760
8.3529854 -17.953922 -1.2091149 4294901760
13.092083 -22.181658 -0.37120792 4294901760
10.196564 -19.380476 -0.86007708 4294901760
3.0800745 -5.2624788 -2.6513946 4294901760
4.0025163 -7.675674 -2.3816855 4294901760
5.5542731 -9.4897842 -2.0642943 4294901760
6.3644633 -12.205209 -1.7948828 4294901760
8.2123842 -14.031314 -1.4701209 4294901760
8.2954578 -18.002502 -1.2117625 4294901760
12.98449 -22.184723 -0.37679613 4294901760
9.7641678 -18.724863 -0.89221013 4294901760
3.0626068 -5.2726636 -2.6520367 4294901760
3.9770405 -7.6889048 -2.3827651 4294901760
5.5227733 -9.5081511 -2.0654523 4294901760
6.3221312 -12.222723 -1.7965658 4294901760
8.1678066 -14.06191 -1.471782 4294901760
8.2290945 -18.015423 -1.2149872 4294901760
12.930893 -22.262163 -0.37748429 4294901760
9.7478085 -18.845663 -0.89113867 4294901760
3.0441835 -5.2833219 -2.6527214 4294901760
3.9501779 -7.7027402 -2.3839135 4294901760
5.4796844 -9.5102472 -2.0659919 4294901760
6.2812395 -12.248247 -1.7984257 4294901760
8.1127157 -14.079995 -1.4737593 4294901760
8.1579504 -18.025896 -1.2184774 4294901760
12.894941 -22.37977 -0.37614486 4294901760
10.15315 -19.798368 -0.8557021 4294901760
3.0257227 -5.2939162 -2.6534147 4294901760
3.9250438 -7.7199793 -2.3853941 4294901760
5.4444928 -9.5258856 -2.0671008 4294901760
6.2402449 -12.273637 -1.8003066 4294901760
8.055625 -14.094419 -1.4758075 4294901760
8.08846 -18.039726 -1.2218974 4294901760
12.836544 -22.459291 -0.37707272 4294901760
10.152638 -19.968735 -0.85309458 4294901760
3.0110242 -5.3111472 -2.6553481 4294901760
3.8998377 -7.7371349 -2.3868883 4294901760
5.4131575 -9.5482712 -2.0685048 4294901760
6.1973639 -12.295343 -1.8021734 4294901760
8.0063763 -14.122452 -1.4776781 4294901760
8.0254402 -18.067848 -1.2249742 4294901760
12.762002 -22.510902 -0.37965241 4294901760
9.6378546 -19.121151 -0.89249206 4294901760
2.9886904 -5.3149104 -2.6548288 4294901760
3.8710525 -7.7471919 -2.3877552 4294901760
5.3739824 -9.5567732 -2.0693643 4294901760
6.1579537 -12.323999 -1.8041315 4294901760
7.9609289 -14.157246 -1.4794739 4294901760
7.9543023 -18.077526 -1.2285337 4294901760
12.657921 -22.510099 -0.38527197 4294901760
9.5389738 -19.090483 -0.89805526 4294901760
2.9682431 -5.3219471 -2.6549327 4294901760
3.8439858 -7.7606578 -2.3889542 4294901760
5.34444 -9.5823774 -2.0709412 4294901760
6.1201806 -12.356089 -1.8061479 4294901760
7.9133987 -14.188422 -1.4813441 4294901760
7.8927422 -18.108833 -1.2315726 4294901760
12.57538 -22.547178 -0.388722 4294901760
10.006673 -20.202564 -0.85706455 4294901760
2.9515131 -5.3356457 -2.6562784 4294901760
3.813416 -7.7669864 -2.3895223 4294901760
5.3109598 -9.6009741 -2.0722532 4294901760
6.077014 -12.377377 -1.8080769 4294901760
7.8715258 -14.229879 -1.4830943 4294901760
7.8215914 -18.117992 -1.2351793 4294901760
12.463766 -22.531576 -0.39519438 4294901760
9.6971359 -19.750671 -0.87993258 4294901760
2.9291646 -5.3391619 -2.6557822 4294901760
3.7845643 -7.7767234 -2.3904233 4294901760
5.279315 -9.62292 -2.0737233 4294901760
6.0372438 -12.405649 -1.8101007 4294901760
7.821806 -14.25727 -1.485063 4294901760
7.7551675 -18.137859 -1.2385402 4294901760
12.429183 -22.655409 -0.39374346 4294901760
9.5792866 -19.684027 -0.88708538 4294901760
2.9123504 -5.3527379 -2.6571457 4294901760
3.7556913 -7.7863536 -2.391335 4294901760
5.2400255 -9.6308746 -2.0746412 4294901760
5.9956274 -12.430222 -1.8121084 4294901760
7.7757921 -14.291472 -1.486961 4294901760
7.6887012 -18.157482 -1.2419267 4294901760
12.371003 -22.737213 -0.39473003 4294901760
9.8118906 -20.342154 -0.8651852 4294901760
2.892755 -5.3589759 -2.6572452 4294901760
3.7349279 -7.809381 -2.3934889 4294901760
5.2099376 -9.6516752 -2.0760748 4294901760
5.9543753 -12.450035 -1.8139986 4294901760
7.7245808 -14.310179 -1.48897 4294901760
7.623827 -18.171865 -1.2452629 4294901760
12.269003 -22.728952 -0.40054467 4294901760
9.7615814 -20.410543 -0.86684573 4294901760
2.8740308 -5.369041 -2.6580086 4294901760
3.7110047 -7.8294592 -2.3953969 4294901760
5.1818113 -9.6802568 -2.0778797 4294901760
5.9023819 -12.452815 -1.8158119 4294901760
7.6689496 -14.326536 -1.4911474 4294901760
7.5588193 -18.194685 -1.2486104 4294901760
12.185821 -22.764605 -0.40417695 4294901760
9.7090578 -20.484121 -0.86856955 4294901760
2.8498538 -5.368834 -2.6569235 4294901760
3.6836522 -7.8423657 -2.3966706 4294901760
5.1516953 -9.7052689 -2.0795593 4294901760
5.8588772 -12.473343 -1.8178376 4294901760
7.6282172 -14.370785 -1.4929793 4294901760
7.4967775 -18.224646 -1.2518107 4294901760
12.110025 -22.814054 -0.40705779 4294901760
9.6307154 -20.503454 -0.8724702 4294901760
2.8346837 -5.3855667 -2.6589422 4294901760
3.6579094 -7.8587317 -2.3982816 4294901760
5.1214671 -9.7301874 -2.0812573 4294901760
5.8052545 -12.472135 -1.8196414 4294901760
7.5780072 -14.397325 -1.4950662 4294901760
7.4286075 -18.239637 -1.2553836 4294901760
12.037748 -22.87031 -0.40958634 4294901760
9.584321 -20.591164 -0.87370968 4294901760
2.8105204 -5.3851838 -2.6578715 4294901760
3.6337404 -7.8785758 -2.4002318 4294901760
5.0838141 -9.7409973 -2.0823941 4294901760
5.7683306 -12.506736 -1.8218664 4294901760
7.5240245 -14.416637 -1.4972661 4294901760
7.3648934 -18.265457 -1.2587245 4294901760
11.972611 -22.940489 -0.411374 4294901760
9.5190649 -20.638975 -0.87654942 4294901760
2.7952461 -5.4018035 -2.6599095 4294901760
3.6045871 -7.8876457 -2.4012182 4294901760
5.0406981 -9.7411318 -2.0831089 4294901760
5.7213402 -12.519577 -1.823867 4294901760
7.4626884 -14.421619 -1.4996641 4294901760
7.299614 -18.287355 -1.2621775 4294901760
11.875957 -22.950245 -0.41652405 4294901760
9.4453058 -20.668449 -0.88012826 4294901760
2.7798901 -5.4183822 -2.6619585 4294901760
3.5721788 -7.8894596 -2.401562 4294901760
5.003057 -9.7516356 -2.0842717 4294901760
5.6841512 -12.55393 -1.8261372 4294901760
7.4141178 -14.45112 -1.5017737 4294901760
7.2313452 -18.301611 -1.2658241 4294901760
11.784845 -22.970259 -0.42111808 4294901760
9.3731031 -20.701292 -0.88359839 4294901760
2.7574675 -5.4211855 -2.6615314 4294901760
3.5430133 -7.8983016 -2.4025693 4294901760
4.9761553 -9.7831297 -2.0863264 4294901760
5.641921 -12.577315 -1.8283038 4294901760
7.3546157 -14.459188 -1.5041664 4294901760
7.1529131 -18.289648 -1.2700758 4294901760
11.702786 -23.007696 -0.4247731 4294901760
9.2958927 -20.722973 -0.88751775 4294901760
2.7385263 -5.430779 -2.6623557 4294901760
3.512234 -7.9034534 -2.4032598 4294901760
4.9419742 -9.8004417 -2.0878136 4294901760
5.594758 -12.589682 -1.8303614 4294901760
7.3040967 -14.484774 -1.5063646 4294901760
7.0990868 -18.340508 -1.2729399 4294901760
11.658332 -23.119669 -0.42440102 4294901760
9.2024488 -20.707937 -0.8928507 4294901760
2.7178311 -5.4368591 -2.6625657 4294901760
3.4830451 -7.9120746 -2.4042885 4294901760
4.9059677 -9.8140955 -2.0891693 4294901760
5.5507793 -12.609134 -1.8325237 4294901760
7.2481585 -14.499509 -1.5087121 4294901760
7.0378737 -18.372614 -1.2762495 4294901760
11.604323 -23.213758 -0.42505264 4294901760
9.1381416 -20.758175 -0.89571834 4294901760
2.7022567 -5.4532161 -2.6646533 4294901760
3.4585409 -7.931376 -2.4063163 4294901760
4.8734345 -9.8347034 -2.0908358 4294901760
5.5035591 -12.621159 -1.8346167 4294901760
7.2027979 -14.535412 -1.510831 4294901760
6.9765224 -18.404516 -1.2795895 4294901760
11.514362 -23.236248 -0.42960593 4294901760
9.0704069 -20.800911 -0.89889878 4294901760
2.6866012 -5.4695301 -2.6667519 4294901760
3.4323893 -7.947 -2.4080288 4294901760
4.8373322 -9.8481073 -2.092222 4294901760
5.4578958 -12.636649 -1.8367717 4294901760
7.1414957 -14.539049 -1.5133448 4294901760
6.9122353 -18.428759 -1.2831199 4294901760
11.396237 -23.201086 -0.43726075 4294901760
8.9756107 -20.781204 -0.9044373 4294901760
2.6674931 -5.4788747 -2.6676126 4294901760
3.4077144 -7.966146 -2.4100852 4294901760
4.8081183 -9.8755932 -2.094219 4294901760
5.4153142 -12.659272 -1.8390363 4294901760
7.0785155 -14.538856 -1.5159154 4294901760
6.8492522 -18.456507 -1.2865981 4294901760
11.161474 -22.925013 -0.45774364 4294901760
8.8983145 -20.801413 -0.90849394 4294901760
2.6450038 -5.4812145 -2.6672325 4294901760
3.376826 -7.9707694 -2.4108319 4294901760
4.7770524 -9.899436 -2.0960858 4294901760
5.3695436 -12.674445 -1.8412288 4294901760
7.0294509 -14.56706 -1.5181831 4294901760
6.779294 -18.465347 -1.2904993 4294901760
11.233989 -23.280081 -0.4446007 4294901760
8.8614187 -20.916779 -0.90906137 4294901760
2.6258547 -5.4904141 -2.6681097 4294901760
3.3444297 -7.9716573 -2.4112563 4294901760
4.7390571 -9.9089203 -2.0973694 4294901760
5.329874 -12.704087 -1.843628 4294901760
6.9751272 -14.584332 -1.5205928 4294901760
6.7147956 -18.488899 -1.2941093 4294901760
11.176761 -23.369551 -0.44566453 4294901760
8.7235718 -20.793179 -0.91844207 4294901760
2.610244 -5.5021162 -2.6695325 4294901760
3.3253944 -7.9966111 -2.4138725 4294901760
4.7079039 -9.9237595 -2.0988078 4294901760
5.294508 -12.73176 -1.8458216 4294901760
6.9360938 -14.620545 -1.5225551 4294901760
6.6580267 -18.513651 -1.2973039 4294901760
11.072503 -23.339657 -0.45246938 4294901760
8.679637 -20.872015 -0.91992146 4294901760
2.5926604 -5.5146804 -2.6710534 4294901760
3.2959661 -8.0045443 -2.414983 4294901760
4.6782784 -9.9508629 -2.1008749 4294901760
5.2515426 -12.753834 -1.8481685 4294901760
6.8782463 -14.630272 -1.525084 4294901760
6.5866876 -18.518021 -1.3013493 4294901760
10.899285 -23.183165 -0.4664703 4294901760
8.6203861 -20.935366 -0.92248917 4294901760
2.5756829 -5.5311303 -2.6732566 4294901760
3.2651258 -8.0129385 -2.4161775 4294901760
4.6401067 -9.9643612 -2.1024354 4294901760
5.2137465 -12.795045 -1.8508979 4294901760
6.8245769 -14.655384 -1.5276017 4294901760
6.5068808 -18.508219 -1.3059034 4294901760
10.807504 -23.20849 -0.47121325 4294901760
8.5375776 -20.952053 -0.92701679 4294901760
2.5531325 -5.5330915 -2.6729152 4294901760
3.2356687 -8.020648 -2.4173105 4294901760
4.6052971 -9.9804964 -2.1040816 4294901760
5.170537 -12.816845 -1.8532906 4294901760
6.7717142 -14.675508 -1.5300598 4294901760
6.4291601 -18.4932 -1.310362 4294901760
10.739802 -23.275057 -0.47354549 4294901760
8.4807987 -21.022396 -0.92940098 4294901760
2.5363722 -5.5450301 -2.6744187 4294901760
3.2075977 -8.0276918 -2.4183798 4294901760
4.577107 -10.006495 -2.1061196 4294901760
5.1324224 -12.844974 -1.8556861 4294901760
6.7230105 -14.697882 -1.5323811 4294901760
6.3781614 -18.54455 -1.3133051 4294901760
10.6526 -23.288771 -0.47835031 4294901760
8.4228725 -21.080021 -0.93203121 4294901760
2.5185916 -5.5573583 -2.6759777 4294901760
3.1809995 -8.0424871 -2.4202049 4294901760
4.5405197 -10.018811 -2.1076446 4294901760
5.089015 -12.866501 -1.8581203 4294901760
6.6683826 -14.714014 -1.5349182 4294901760
6.3146725 -18.570469 -1.3169893 4294901760
10.604186 -23.398499 -0.47852522 4294901760
8.3536386 -21.120415 -0.93555033 4294901760
2.496021 -5.5590887 -2.6756582 4294901760
3.1529055 -8.0535421 -2.4217072 4294901760
4.5006618 -10.023785 -2.1088753 4294901760
5.0426226 -12.880492 -1.8604717 4294901760
6.6137209 -14.729948 -1.5374758 4294901760
6.2485394 -18.588627 -1.3208472 4294901760
10.594358 -23.595545 -0.47429651 4294901760
8.2696867 -21.123459 -0.94040507 4294901760
2.4766014 -5.5677676 -2.6766052 4294901760
3.1261921 -8.0681562 -2.4235582 4294901760
4.4704642 -10.050267 -2.1110477 4294901760
4.9961982 -12.894316 -1.8628409 4294901760
6.5622644 -14.752944 -1.5399851 4294901760
6.1798491 -18.598984 -1.3248745 4294901760
10.513554 -23.636028 -0.47813043 4294901760
8.2088671 -21.185654 -0.94321305 4294901760
2.4561779 -5.576807 -2.677609 4294901760
3.0965996 -8.0795603 -2.4251618 4294901760
4.4320049 -10.062966 -2.1127038 4294901760
4.9588447 -12.938478 -1.8657761 4294901760
6.5049415 -14.769616 -1.5427121 4294901760
6.0917678 -18.560965 -1.3300437 4294901760
10.499228 -23.838732 -0.47407863 4294901760
8.1268816 -21.204432 -0.94780922 4294901760
2.4366958 -5.5853467 -2.6785736 4294901760
3.0642047 -8.0793171 -2.4256859 4294901760
4.3905296 -10.063886 -2.1138196 4294901760
4.9150577 -12.959418 -1.8682956 4294901760
6.451755 -14.788587 -1.5453004 4294901760
6.0429134 -18.631365 -1.3329773 4294901760
10.385633 -23.805744 -0.48170018 4294901760
8.0584698 -21.24758 -0.95133847 4294901760
2.4181614 -5.5933962 -2.679498 4294901760
3.0360181 -8.085763 -2.4268181 4294901760
4.3634067 -10.0929 -2.1161125 4294901760
4.8748465 -12.983075 -1.8707651 4294901760
6.3979464 -14.798949 -1.5478456 4294901760
5.9823146 -18.655094 -1.3365995 4294901760
10.365224 -23.975573 -0.4788509 4294901760
7.9795594 -21.251791 -0.95597142 4294901760
11.908949 -24.223515 -0.22431137 4294901760
2.4001374 -5.6053443 -2.6811121 4294901760
3.0118716 -8.1073408 -2.4293981 4294901760
4.3250365 -10.100805 -2.1175687 4294901760
4.8308773 -13.003733 -1.8733253 4294901760
6.3415499 -14.810225 -1.5505383 4294901760
5.9087358 -18.649286 -1.3409961 4294901760
10.262618 -23.96759 -0.4852525 4294901760
7.9053254 -21.279516 -0.9600718 4294901760
2.3780742 -5.6105571 -2.6815193 4294901760
2.9834898 -8.1220074 -2.4313917 4294901760
4.2879877 -10.116589 -2.1194434 4294901760
4.7845535 -13.025076 -1.8760328 4294901760
6.2825718 -14.822384 -1.553381 4294901760
5.8379679 -18.663216 -1.3452637 4294901760
10.18405 -24.027086 -0.48860806 4294901760
7.8300304 -21.315832 -0.96415919 4294901760
2.3559599 -5.607347 -2.6805172 4294901760
2.955277 -8.1239681 -2.432137 4294901760
4.2623072 -10.144585 -2.1216991 4294901760
4.7449665 -13.043773 -1.8783797 4294901760
6.2421355 -14.856712 -1.5556328 4294901760
5.7722435 -18.658634 -1.3492315 4294901760
9.7344694 -23.168707 -0.53639817 4294901760
7.7562118 -21.321596 -0.96853191 4294901760
2.3373687 -5.6234655 -2.6828916 4294901760
2.9253879 -8.1389475 -2.4342363 4294901760
4.2248406 -10.164527 -2.1238587 4294901760
4.698873 -13.073097 -1.8813733 4294901760
6.1850438 -14.880571 -1.5585628 4294901760
5.6993942 -18.676853 -1.3536761 4294901760
9.6500301 -23.216967 -0.54042482 4294901760
7.656754 -21.302446 -0.97475779 4294901760
2.3196902 -5.6307807 -2.6838055 4294901760
2.8998039 -8.148097 -2.4356852 4294901760
4.1928868 -10.177749 -2.1255102 4294901760
4.6591096 -13.091533 -1.8837587 4294901760
6.141294 -14.907284 -1.5609218 4294901760
5.6326375 -18.667976 -1.3577417 4294901760
9.5010471 -23.062696 -0.55320948 4294901760
7.5978127 -21.348932 -0.97780871 4294901760
2.3000216 -5.6388435 -2.6848285 4294901760
2.8726473 -8.16187 -2.4376495 4294901760
4.1573348 -10.192323 -2.1273599 4294901760
4.6133847 -13.107717 -1.8863631 4294901760
6.0847154 -14.917582 -1.5637168 4294901760
5.5503836 -18.630268 -1.3627414 4294901760
9.8017673 -24.030485 -0.51196682 4294901760
7.5060401 -21.326435 -0.98365211 4294901760
2.2817671 -5.6504092 -2.6864965 4294901760
2.8441403 -8.1718464 -2.4392831 4294901760
4.118773 -10.199442 -2.1289022 4294901760
4.5715165 -13.134982 -1.8891659 4294901760
6.0266523 -14.923982 -1.5665582 4294901760
5.4830732 -18.641888 -1.3669077 4294901760
9.5968037 -23.764856 -0.53085476 4294901760
7.4525208 -21.412746 -0.98596835 4294901760
2.2567544 -5.6480036 -2.685679 4294901760
2.8116181 -8.174798 -2.4403212 4294901760
4.0798955 -10.210798 -2.1307135 4294901760
4.531086 -13.174163 -1.8923064 4294901760
5.9733877 -14.949662 -1.5694184 4294901760
5.4158192 -18.665682 -1.371111 4294901760
9.6029119 -24.033312 -0.52422696 4294901760
7.3480554 -21.364519 -0.99292111 4294901760
2.2380121 -5.6554565 -2.6866744 4294901760
2.7857571 -8.1877909 -2.4422405 4294901760
4.0532842 -10.242649 -2.1333261 4294901760
4.4848175 -13.181603 -1.8947195 4294901760
5.9296317 -14.984179 -1.5719464 4294901760
5.3527937 -18.679712 -1.3750589 4294901760
9.5745487 -24.194885 -0.52224857 4294901760
7.2771668 -21.388771 -0.99703276 4294901760
2.2168522 -5.6596475 -2.6870921 4294901760
2.7546585 -8.1900291 -2.4432158 4294901760
4.0175056 -10.256736 -2.1352386 4294901760
4.4387774 -13.197178 -1.8974054 4294901760
5.87149 -14.989977 -1.5748478 4294901760
5.2962265 -18.728941 -1.37868 4294901760
9.5264177 -24.321047 -0.52234477 4294901760
7.2177124 -21.459385 -0.99995446 4294901760
2.2012599 -5.6781259 -2.6900725 4294901760
2.7248156 -8.1958742 -2.4445472 4294901760
3.9831071 -10.274382 -2.1373305 4294901760
4.3901796 -13.205062 -1.8999848 4294901760
5.814816 -14.999255 -1.577741 4294901760
5.2329578 -18.75499 -1.3827052 4294901760
9.3448267 -24.104879 -0.53871781 4294901760
7.1389871 -21.473101 -1.0047095 4294901760
2.180434 -5.6861553 -2.6912007 4294901760
2.6935349 -8.2020788 -2.4459734 4294901760
3.9383478 -10.270459 -2.1385479 4294901760
4.3467045 -13.236142 -1.9030979 4294901760
5.7598033 -15.020466 -1.5807211 4294901760
5.1610155 -18.76252 -1.3872685 4294901760
9.3021345 -24.25819 -0.53789401 4294901760
7.0502872 -21.468819 -1.0103034 4294901760
2.1574638 -5.6825519 -2.6903086 4294901760
2.6651082 -8.2072353 -2.4472404 4294901760
3.9000583 -10.272378 -2.1399097 4294901760
4.3064623 -13.261806 -1.9058985 4294901760
5.7029014 -15.020893 -1.5835582 4294901760
5.0799813 -18.71035 -1.3923202 4294901760
9.2442989 -24.348593 -0.5394873 4294901760
6.9630451 -21.442787 -1.016059 4294901760
2.1379762 -5.6940269 -2.6920934 4294901760
2.6350102 -8.2169485 -2.4490376 4294901760
3.8609931 -10.282902 -2.1418111 4294901760
4.2614632 -13.288837 -1.9089977 4294901760
5.6520042 -15.052864 -1.5865121 4294901760
4.9949017 -18.667284 -1.3976697 4294901760
9.1563988 -24.386045 -0.54421401 4294901760
6.892931 -21.49474 -1.0199385 4294901760
2.1194284 -5.7050662 -2.6938336 4294901760
2.6051264 -8.2223568 -2.4504111 4294901760
3.8250754 -10.296317 -2.143795 4294901760
4.216248 -13.307413 -1.9118513 4294901760
5.5994248 -15.072502 -1.5894164 4294901760
9.0712194 -24.41786 -0.54891884 4294901760
6.8323064 -21.564274 -1.0230585 4294901760
2.0981722 -5.7088141 -2.6942987 4294901760
2.5764089 -8.2314005 -2.4521456 4294901760
3.7932012 -10.320736 -2.146297 4294901760
4.1756968 -13.340985 -1.9149921 4294901760
5.5467777 -15.091957 -1.5923427 4294901760
4.862452 -18.693993 -1.4062487 4294901760
8.9735413 -24.415668 -0.55521244 4294901760
6.695066 -21.39015 -1.0335857 4294901760
2.0802269 -5.7153778 -2.6953022 4294901760
2.5493767 -8.2357082 -2.4533646 4294901760
3.7607584 -10.332602 -2.1481111 4294901760
4.1384573 -13.369201 -1.9178079 4294901760
5.5047779 -15.124258 -1.5949115 4294901760
4.835393 -18.832619 -1.4083093 4294901760
8.9240866 -24.518732 -0.55606663 4294901760
6.6231174 -21.395844 -1.038125 4294901760
2.0602643 -5.7226038 -2.6964252 4294901760
2.5229073 -8.252058 -2.4558256 4294901760
3.7219918 -10.338229 -2.1498032 4294901760
4.0940866 -13.391153 -1.9207946 4294901760
5.4506049 -15.139637 -1.597903 4294901760
4.7735353 -18.864826 -1.4124105 4294901760
8.8181725 -24.493416 -0.56345093 4294901760
6.5728717 -21.498896 -1.0403042 4294901760
2.0418589 -5.7373748 -2.6989021 4294901760
2.4926448 -8.2612486 -2.4576833 4294901760
3.6840749 -10.351802 -2.1519494 4294901760
4.0438313 -13.402268 -1.92374 4294901760
5.3950782 -15.159513 -1.6010461 4294901760
4.6995454 -18.862871 -1.4172471 4294901760
8.5330086 -23.976717 -0.59340823 4294901760
6.4502678 -21.377802 -1.0494219 4294901760
2.0205405 -5.7408338 -2.6993985 4294901760
2.4615529 -8.2623825 -2.4587557 4294901760
3.6466057 -10.360869 -2.1538384 4294901760
3.998157 -13.420107 -1.9266994 4294901760
5.3421288 -15.178253 -1.6040622 4294901760
4.630825 -18.867558 -1.4217774 4294901760
8.7062654 -24.736561 -0.56527382 4294901760
6.3790202 -21.411648 -1.0536957 4294901760
2.0040259 -5.7547774 -2.7017817 4294901760
2.4341409 -8.2704992 -2.4604568 4294901760
3.6109285 -10.369173 -2.1556368 4294901760
3.9491518 -13.418064 -1.9291797 4294901760
5.295691 -15.20715 -1.6068938 4294901760
4.5663605 -18.875069 -1.4260551 4294901760
8.5677614 -24.603256 -0.57723922 4294901760
6.3316216 -21.513002 -1.0557735 4294901760
1.9804132 -5.7547998 -2.701705 4294901760
2.4005306 -8.2680645 -2.4612813 4294901760
3.5728991 -10.382339 -2.1578288 4294901760
3.9032648 -13.44388 -1.9324642 4294901760
5.2399182 -15.22646 -1.6101085 4294901760
4.4962268 -18.887804 -1.4307436 4294901760
8.5398531 -24.815601 -0.57437181 4294901760
6.2816315 -21.635607 -1.0578334 4294901760
1.958836 -5.7540426 -2.7015176 4294901760
2.3752611 -8.2835197 -2.4637156 4294901760
3.5422714 -10.405354 -2.1603448 4294901760
3.859755 -13.460566 -1.9353344 4294901760
5.1919599 -15.25128 -1.6130053 4294901760
4.4290204 -18.883224 -1.4352137 4294901760
8.3945045 -24.658693 -0.58734769 4294901760
6.2109485 -21.660151 -1.0622267 4294901760
1.9387392 -5.7608452 -2.7026896 4294901760
2.3441968 -8.2842131 -2.4648242 4294901760
3.5021474 -10.406417 -2.1619437 4294901760
3.8127465 -13.473956 -1.9382983 4294901760
5.1361556 -15.261772 -1.6161433 4294901760
4.364872 -18.90633 -1.4395756 4294901760
8.2867441 -24.623554 -0.59520262 4294901760
6.1135941 -21.604977 -1.069165 4294901760
1.9176106 -5.7679129 -2.7039292 4294901760
2.3138165 -8.2927504 -2.4667499 4294901760
3.4652276 -10.422935 -2.1643574 4294901760
3.7601352 -13.476376 -1.9412081 4294901760
5.0776725 -15.27295 -1.6194572 4294901760
4.2973075 -18.929968 -1.4441918 4294901760
8.2644129 -24.858234 -0.5915488 4294901760
6.0665069 -21.742443 -1.0709605 4294901760
1.8998708 -5.7818894 -2.7064176 4294901760
2.2838154 -8.2969923 -2.4682364 4294901760
3.4238894 -10.419946 -2.1658058 4294901760
3.7130728 -13.489417 -1.9442075 4294901760
5.0280547 -15.301912 -1.6225635 4294901760
4.2346783 -18.960402 -1.4485176 4294901760
8.1838217 -24.90588 -0.59584838 4294901760
5.9651852 -21.671236 -1.0783604 4294901760
1.8771156 -5.7771678 -2.705605 4294901760
2.2593739 -8.315877 -2.4710798 4294901760
3.3917592 -10.438761 -2.1682096 4294901760
3.6714404 -13.513144 -1.9473014 4294901760
4.9760542 -15.314721 -1.6255903 4294901760
4.1666479 -18.951002 -1.4531133 4294901760
8.1184483 -24.986013 -0.59845346 4294901760
5.882834 -21.652424 -1.0840247 4294901760
1.8592931 -5.7910204 -2.7081118 4294901760
2.2293167 -8.3199234 -2.4725885 4294901760
3.3553002 -10.450537 -2.1703856 4294901760
3.6201396 -13.510546 -1.9500329 4294901760
4.9189186 -15.320638 -1.6288208 4294901760
4.1055207 -18.988785 -1.4574022 4294901760
7.999465 -24.915419 -0.6079126 4294901760
5.795866 -21.630468 -1.0900476 4294901760
1.8390678 -5.7974749 -2.7093258 4294901760
2.2002618 -8.3276548 -2.4744685 4294901760
3.3188014 -10.462185 -2.1725767 4294901760
3.5749855 -13.530772 -1.9532409 4294901760
4.867816 -15.345297 -1.6320089 4294901760
4.041698 -19.014687 -1.4618607 4294901760
7.9281325 -24.992634 -0.61102122 4294901760
5.7356043 -21.708384 -1.0933732 4294901760
1.8198324 -5.8035417 -2.7104867 4294901760
2.1736233 -8.3387012 -2.4766276 4294901760
3.2793589 -10.458048 -2.173959 4294901760
3.5280933 -13.534874 -1.9560032 4294901760
4.8157125 -15.35756 -1.6350931 4294901760
3.9786198 -19.027987 -1.4662492 4294901760
7.7998419 -24.874105 -0.62217885 4294901760
5.6394491 -21.634697 -1.100536 4294901760
1.7995636 -5.8098583 -2.7117169 4294901760
2.1415749 -8.3348398 -2.4774401 4294901760
3.2404954 -10.46188 -2.1758177 4294901760
3.4758904 -13.527891 -1.9586959 4294901760
4.7667823 -15.389469 -1.6383071 4294901760
3.9145823 -19.053461 -1.4707645 4294901760
7.4780264 -24.14267 -0.65951091 4294901760
5.5926695 -21.766228 -1.1025022 4294901760
1.778145 -5.8124218 -2.712301 4294901760
2.1134298 -8.3460684 -2.4797161 4294901760
3.2004867 -10.46179 -2.1775084 4294901760
3.4305944 -13.547635 -1.9619588 4294901760
4.7153587 -15.413622 -1.6415682 4294901760
3.83938 -19.024067 -1.4758965 4294901760
7.3668561 -24.080868 -0.66834325 4294901760
5.5323129 -21.847454 -1.1058697 4294901760
1.7546031 -5.8115244 -2.7122989 4294901760
2.083775 -8.357563 -2.4821017 4294901760
3.1632638 -10.477232 -2.1800435 4294901760
3.3751583 -13.537017 -1.9647521 4294901760
4.6576848 -15.426992 -1.6450456 4294901760
3.7533839 -18.955967 -1.4816749 4294901760
7.4353976 -24.627218 -0.6520797 4294901760
5.2419457 -21.024292 -1.1330925 4294901760
1.7364228 -5.821002 -2.7141445 4294901760
2.0541763 -8.3568087 -2.4832087 4294901760
3.1262431 -10.48009 -2.1818256 4294901760
3.3330905 -13.559694 -1.9679766 4294901760
4.6065016 -15.442354 -1.6482038 4294901760
3.7057147 -19.046497 -1.4853315 4294901760
7.4700346 -25.041763 -0.64093888 4294901760
5.378705 -21.88167 -1.1160703 4294901760
1.7171812 -5.8307233 -2.7160621 4294901760
2.0259159 -8.3677416 -2.4855208 4294901760
3.0907578 -10.49473 -2.1842782 4294901760
3.2829366 -13.559677 -1.9708848 4294901760
4.5548167 -15.465971 -1.6515354 4294901760
3.6489174 -19.110174 -1.4895581 4294901760
7.3724308 -25.033237 -0.64778441 4294901760
5.301352 -21.896441 -1.1212623 4294901760
1.6957986 -5.836978 -2.7173958 4294901760
1.9988686 -8.3903732 -2.489048 4294901760
3.0522714 -10.505988 -2.1866789 4294901760
3.229537 -13.556179 -1.9738806 4294901760
4.4958797 -15.474922 -1.6550853 4294901760
3.5803149 -19.131247 -1.4944921 4294901760
7.3062329 -25.148222 -0.64990079 4294901760
5.219213 -21.907965 -1.1268369 4294901760
1.67329 -5.8354568 -2.7173579 4294901760
1.9668813 -8.3858433 -2.4899139 4294901760
3.013401 -10.50898 -2.1886122 4294901760
3.1767607 -13.544191 -1.9765601 4294901760
4.4385467 -15.479053 -1.6584908 4294901760
3.5142317 -19.147545 -1.4992532 4294901760
7.2140055 -25.158232 -0.6560334 4294901760
5.1363354 -21.898882 -1.1326662 4294901760
1.6539303 -5.8409734 -2.7185783 4294901760
1.93818 -8.3884983 -2.491426 4294901760
2.9828439 -10.534127 -2.1915488 4294901760
3.1354034 -13.570115 -1.979941 4294901760
4.392611 -15.51282 -1.6617056 4294901760
3.4429529 -19.115978 -1.5042309 4294901760
7.1533704 -25.26264 -0.65803367 4294901760
5.0717673 -21.950754 -1.1367148 4294901760
1.6335312 -5.8467107 -2.7198708 4294901760
1.9062775 -8.3837376 -2.4923048 4294901760
2.9460542 -10.544474 -2.1938801 4294901760
3.0924141 -13.600323 -1.9835932 4294901760
4.3362932 -15.520396 -1.6651459 4294901760
3.3748195 -19.120035 -1.5091364 4294901760
7.0329304 -25.172161 -0.66825813 4294901760
4.9632916 -21.828371 -1.1453516 4294901760
1.6131121 -5.8523774 -2.7211716 4294901760
1.8778573 -8.3941689 -2.4946752 4294901760
2.9092288 -10.554694 -2.1962256 4294901760
3.0431886 -13.603291 -1.9866614 4294901760
4.281033 -15.531605 -1.6686013 4294901760
3.3175573 -19.186642 -1.5135176 4294901760
6.9227533 -25.115778 -0.67708319 4294901760
4.8818431 -21.82222 -1.151122 4294901760
1.5916637 -5.8542557 -2.7218184 4294901760
1.8460165 -8.3891802 -2.4955688 4294901760
2.8723695 -10.564785 -2.1985857 4294901760
2.9939811 -13.606079 -1.9897437 4294901760
4.2215762 -15.527267 -1.6720836 4294901760
3.2558837 -19.229521 -1.5181488 4294901760
6.8455124 -25.178297 -0.68117148 4294901760
4.8219204 -21.913107 -1.1545758 4294901760
1.5712188 -5.859776 -2.7231343 4294901760
1.8167214 -8.3955736 -2.4975879 4294901760
2.8313792 -10.559477 -2.2002077 4294901760
2.9439511 -13.604814 -1.9927509 4294901760
4.1683807 -15.545752 -1.6755725 4294901760
3.1874375 -19.23291 -1.5231409 4294901760
6.7720494 -25.255995 -0.68470448 4294901760
4.7453995 -21.929806 -1.1598499 4294901760
1.5507545 -5.8652248 -2.7244582 4294901760
1.7865882 -8.3980284 -2.4992437 4294901760
2.7975328 -10.580759 -2.2031603 4294901760
2.8947918 -13.607244 -1.9958606 4294901760
4.1140895 -15.560206 -1.6790847 4294901760
3.1177323 -19.228193 -1.5282151 4294901760
6.7001662 -25.3412 -0.68799436 4294901760
4.653059 -21.872147 -1.1668906 4294901760
1.5322145 -5.8780565 -2.727118 4294901760
1.7564596 -8.4003744 -2.5009089 4294901760
2.7615788 -10.594285 -2.2057526 4294901760
2.8480873 -13.621151 -1.9992572 4294901760
4.0557361 -15.559078 -1.682615 4294901760
3.0487223 -19.227158 -1.5332751 4294901760
6.619719 -25.395323 -0.69254726 4294901760
4.5758657 -21.884354 -1.1722946 4294901760
1.5127143 -5.8831048 -2.7283921 4294901760
1.7278039 -8.4023094 -2.50248 4294901760
2.7215114 -10.584244 -2.2070956 4294901760
2.8037028 -13.634406 -2.0025067 4294901760
4.0100613 -15.59555 -1.6859968 4294901760
2.9873908 -19.252905 -1.5378995 4294901760
6.2940059 -24.47805 -0.73432994 4294901760
4.5024681 -21.895502 -1.1774573 4294901760
1.4902767 -5.8808823 -2.7284098 4294901760
1.6992403 -8.4121351 -2.5049167 4294901760
2.6855195 -10.597511 -2.2097142 4294901760
2.7505929 -13.616884 -2.0051982 4294901760
3.9575515 -15.617164 -1.6895775 4294901760
2.9243453 -19.290779 -1.5427212 4294901760
6.4623919 -25.501684 -0.70150506 4294901760
4.4173279 -21.868099 -1.1837994 4294901760
1.4688063 -5.8823113 -2.7290983 4294901760
1.6713921 -8.4257088 -2.5077438 4294901760
2.6465957 -10.599153 -2.2117712 4294901760
2.7007277 -13.614726 -2.0082698 4294901760
3.898196 -15.611591 -1.6931597 4294901760
2.8564065 -19.296932 -1.5477965 4294901760
6.157764 -24.660767 -0.74027765 4294901760
4.3471718 -21.914669 -1.1884825 4294901760
1.448264 -5.8874021 -2.7304606 4294901760
1.6404712 -8.4237928 -2.5090702 4294901760
2.6095815 -10.608325 -2.214226 4294901760
2.6562207 -13.639649 -2.0120165 4294901760
3.8446276 -15.628965 -1.6967793 4294901760
2.786752 -19.291016 -1.552972 4294901760
6.2775269 -25.519053 -0.71431905 4294901760
4.2897005 -22.02754 -1.1917348 4294901760
1.4267972 -5.8886781 -2.7311623 4294901760
1.6095836 -8.4217615 -2.5104034 4294901760
2.5716043 -10.613527 -2.2165005 4294901760
2.605613 -13.633248 -2.0150223 4294901760
3.7891114 -15.638424 -1.7004113 4294901760
2.7160618 -19.276962 -1.5582126 4294901760
6.2015648 -25.595102 -0.71821767 4294901760
4.2247577 -22.105036 -1.1958354 4294901760
1.4072615 -5.8933773 -2.7324703 4294901760
1.5823704 -8.4309082 -2.5127804 4294901760
2.5363941 -10.621998 -2.218858 4294901760
2.5603888 -13.641815 -2.0182543 4294901760
3.7400022 -15.662508 -1.7039028 4294901760
2.6548345 -19.305592 -1.5629456 4294901760
6.1092391 -25.58448 -0.72506171 4294901760
4.1529012 -22.12676 -1.200906 4294901760
1.3847712 -5.8947453 -2.7332542 4294901760
1.5514599 -8.4366512 -2.5149994 4294901760
2.501966 -10.65046 -2.2224586 4294901760
2.5089381 -13.643302 -2.0216489 4294901760
3.6807539 -15.668369 -1.7077529 4294901760
2.5814192 -19.295454 -1.568453 4294901760
6.0181661 -25.618351 -0.73094183 4294901760
4.066009 -22.110466 -1.2073998 4294901760
1.3650541 -5.9032969 -2.735317 4294901760
1.5240884 -8.4535961 -2.5182719 4294901760
2.4647734 -10.659129 -2.2249732 4294901760
2.4612982 -13.651977 -2.0250843 4294901760
3.6269343 -15.684998 -1.7114602 4294901760
2.5181646 -19.335945 -1.5734341 4294901760
5.9161186 -25.584776 -0.73899245 4294901760
3.9697046 -22.018589 -1.2152032 4294901760
1.3454703 -5.9077911 -2.7366474 4294901760
1.4933141 -8.4431543 -2.5187678 4294901760
2.4276569 -10.659536 -2.2269797 4294901760
2.4146304 -13.652249 -2.0281644 4294901760
3.5784323 -15.712446 -1.7150297 4294901760
2.4525256 -19.332336 -1.5784239 4294901760
5.8126349 -25.522551 -0.74774241 4294901760
3.909858 -22.10622 -1.218937 4294901760
1.3229671 -5.9089236 -2.737453 4294901760
1.4616904 -8.444706 -2.5206349 4294901760
2.3877091 -10.664506 -2.2294488 4294901760
2.3639011 -13.657098 -2.0317044 4294901760
3.523428 -15.737101 -1.7189908 4294901760
2.3836021 -19.357006 -1.5838126 4294901760
5.7321315 -25.602093 -0.75201249 4294901760
3.8240514 -22.092905 -1.2253978 4294901760
1.3023329 -5.9135051 -2.7388682 4294901760
1.4335147 -8.4574909 -2.5235605 4294901760
2.3504684 -10.672776 -2.232003 4294901760
2.3128986 -13.645704 -2.0346801 4294901760
3.4684734 -15.749304 -1.72276 4294901760
2.3164911 -19.369164 -1.5890292 4294901760
5.6332874 -25.579077 -0.75968683 4294901760
3.7462425 -22.102188 -1.2311139 4294901760
1.2824982 -5.9217806 -2.7409658 4294901760
1.4033418 -8.4585733 -2.5253408 4294901760
2.3131988 -10.680916 -2.234571 4294901760
2.2652519 -13.653695 -2.0381763 4294901760
3.4134767 -15.761314 -1.7265497 4294901760
2.2497838 -19.385042 -1.5942539 4294901760
5.5236945 -25.50499 -0.76918411 4294901760
3.671026 -22.12693 -1.2365403 4294901760
1.2626222 -5.9299884 -2.743073 4294901760
1.3731793 -8.459549 -2.5271297 4294901760
2.2767253 -10.69279 -2.2373548 4294901760
2.2188504 -13.669353 -2.0418971 4294901760
3.359268 -15.777023 -1.7303723 4294901760
2.1803243 -19.376949 -1.5996042 4294901760
5.405549 -25.387518 -0.78019094 4294901760
3.5956841 -22.151413 -1.2420006 4294901760
1.2395471 -5.9230494 -2.7424841 4294901760
1.3442554 -8.4681644 -2.5297046 4294901760
2.2410045 -10.70841 -2.2403567 4294901760
2.1692536 -13.665258 -2.0451155 4294901760
3.3049879 -15.792547 -1.7342176 4294901760
2.1092176 -19.352764 -1.6050313 4294901760
5.3643003 -25.632761 -0.77838975 4294901760
3.5139611 -22.136269 -1.2482625 4294901760
1.2188648 -5.9273396 -2.7439294 4294901760
1.312283 -8.4573021 -2.5303431 4294901760
2.2020199 -10.708424 -2.2425628 4294901760
2.1203241 -13.664904 -2.0484502 4294901760
3.2546492 -15.827359 -1.7381568 4294901760
2.0429058 -19.371893 -1.6103065 4294901760
5.3093548 -25.819391 -0.77877814 4294901760
3.4287245 -22.097185 -1.2549921 4294901760
1.2010012 -5.9349146 -2.7459145 4294901760
1.2857068 -8.4613829 -2.5323265 4294901760
2.1699352 -10.723037 -2.245333 4294901760
2.0767875 -13.667576 -2.051548 4294901760
3.2033319 -15.829711 -1.7416171 4294901760
1.9783895 -19.342558 -1.6152347 4294901760
3.3622811 -22.127554 -1.2597998 4294901760
1.1782038 -5.9394822 -2.7475219 4294901760
1.2532078 -8.4662571 -2.5347619 4294901760
2.1272075 -10.723536 -2.2478261 4294901760
2.0225492 -13.663672 -2.0551586 4294901760
3.1471691 -15.865298 -1.7460015 4294901760
1.9048846 -19.357939 -1.6211027 4294901760
5.1281953 -25.851915 -0.79160327 4294901760
3.2761247 -22.132414 -1.2663164 4294901760
1.1582009 -5.9473405 -2.7496707 4294901760
1.2236482 -8.4705801 -2.5369868 4294901760
2.090519 -10.734776 -2.2506847 4294901760
1.9754103 -13.674577 -2.0588584 4294901760
3.0917711 -15.876188 -1.7499254 4294901760
1.8399361 -19.392223 -1.6264086 4294901760
5.00284 -25.689493 -0.80413961 4294901760
3.1914406 -22.092421 -1.2730774 4294901760
1.1377485 -5.9473643 -2.7503936 4294901760
1.194456 -8.4668236 -2.5383227 4294901760
2.0571373 -10.753296 -2.2538397 4294901760
1.930607 -13.684982 -2.062396 4294901760
3.0398538 -15.89026 -1.7536905 4294901760
1.7741666 -19.382353 -1.63159 4294901760
4.9266195 -25.75297 -0.80861127 4294901760
3.1042385 -22.004192 -1.2804074 4294901760
1.1169813 -5.9513001 -2.7518775 4294901760
1.163825 -8.463171 -2.5397766 4294901760
2.0188594 -10.756526 -2.2563148 4294901760
1.8828253 -13.691638 -2.0660219 4294901760
2.9828999 -15.892956 -1.757617 4294901760
1.7040536 -19.360657 -1.6370819 4294901760
4.8241816 -25.703342 -0.81727451 4294901760
2.9931927 -21.766071 -1.2906873 4294901760
1.0955031 -5.9513745 -2.7526863 4294901760
1.1337548 -8.4632921 -2.5416322 4294901760
1.9805839 -10.759621 -2.2588015 4294901760
1.8329132 -13.682394 -2.069217 4294901760
2.9274046 -15.903271 -1.7616003 4294901760
1.6384739 -19.390299 -1.642481 4294901760
4.7257614 -25.672932 -0.82528436 4294901760
2.9145491 -21.756626 -1.2968262 4294901760
1.0747226 -5.9551625 -2.7541845 4294901760
1.1047137 -8.4710894 -2.5442898 4294901760
1.9430146 -10.766468 -2.2615099 4294901760
1.7820641 -13.665101 -2.0721941 4294901760
2.8704629 -15.905566 -1.7655615 4294901760
1.5707805 -19.395901 -1.6479552 4294901760
4.5992684 -25.485077 -0.83848906 4294901760
2.8370419 -21.75481 -1.3028432 4294901760
1.0539286 -5.958878 -2.7556901 4294901760
1.0756305 -8.4787836 -2.5469599 4294901760
1.9040438 -10.765401 -2.2638099 4294901760
1.7353514 -13.679111 -2.0760875 4294901760
2.8149242 -15.91549 -1.769583 4294901760
1.501528 -19.381409 -1.6534793 4294901760
4.525569 -25.58742 -0.84210229 4294901760
2.7645977 -21.792265 -1.3082063 4294901760
1.0331217 -5.9625206 -2.7572033 4294901760
1.0460273 -8.4824867 -2.5492435 4294901760
1.8664536 -10.771982 -2.2665439 4294901760
1.6880772 -13.689023 -2.0798864 4294901760
2.7668202 -15.968324 -1.7738783 4294901760
1.430927 -19.346817 -1.6590359 4294901760
4.4464431 -25.662039 -0.84668505 4294901760
2.7002218 -21.896746 -1.3124815 4294901760
1.0129471 -5.9698873 -2.7594109 4294901760
1.0164123 -8.4860868 -2.551537 4294901760
1.8301643 -10.786224 -2.2697175 4294901760
1.6388688 -13.683014 -2.0832396 4294901760
2.7097342 -15.970042 -1.777903 4294901760
1.3633869 -19.351694 -1.6645604 4294901760
4.3955564 -25.905577 -0.84588379 4294901760
2.6351519 -22.001041 -1.3168341 4294901760
0.99147016 -5.9695878 -2.7602525 4294901760
0.9858771 -8.4817905 -2.5530388 4294901760
1.7912054 -10.78475 -2.2720523 4294901760
1.5897198 -13.676826 -2.0866032 4294901760
2.6513627 -15.963711 -1.7818938 4294901760
1.2955595 -19.352362 -1.6701099 4294901760
4.3214426 -26.019171 -0.84937859 4294901760
2.5703022 -22.113066 -1.321137 4294901760
0.97166932 -5.9728427 -2.7617114 4294901760
0.95774567 -8.485013 -2.5552349 4294901760
1.7560676 -10.794532 -2.2749028 4294901760
1.543468 -13.674138 -2.0899076 4294901760
2.5964959 -15.960637 -1.7857168 4294901760
1.2301149 -19.336676 -1.6754036 4294901760
4.2325754 -26.017603 -0.85623574 4294901760
2.5170827 -22.29974 -1.3240168 4294901760
0.95037562 -5.9801674 -2.7640209 4294901760
0.92749131 -8.4962645 -2.5584793 4294901760
1.7158713 -10.796991 -2.2776148 4294901760
1.4907554 -13.656034 -2.0931206 4294901760
2.5379796 -15.970046 -1.7900462 4294901760
1.1578044 -19.317204 -1.6812648 4294901760
4.1559753 -26.151165 -0.85958439 4294901760
2.4340348 -22.296926 -1.3306104 4294901760
0.9283126 -5.9758358 -2.7641914 4294901760
0.8978281 -8.4994507 -2.5608134 4294901760
1.6787791 -10.806822 -2.2806332 4294901760
1.442661 -13.65721 -2.0967519 4294901760
2.4797766 -15.963091 -1.7940774 4294901760
1.0896939 -19.309198 -1.6868602 4294901760
3.9213364 -25.242859 -0.89505839 4294901760
2.3427875 -22.178419 -1.3386884 4294901760
0.90686989 -5.9752321 -2.7650568 4294901760
0.86656106 -8.4869251 -2.5615366 4294901760
1.6398606 -10.8048 -2.2830129 4294901760
1.3921595 -13.634531 -2.0996683 4294901760
2.4228477 -15.963786 -1.7981784 4294901760
1.0229189 -19.324814 -1.6924858 4294901760
3.9349883 -25.927057 -0.88096797 4294901760
2.2471344 -22.007984 -1.347502 4294901760
0.88657069 -5.9821711 -2.767313 4294901760
0.83731449 -8.4938021 -2.5642931 4294901760
1.6027128 -10.814368 -2.2860591 4294901760
1.3453341 -13.647203 -2.1036894 4294901760
2.3665235 -15.96821 -1.8023255 4294901760
0.95466721 -19.312355 -1.6981144 4294901760
3.8292489 -25.838009 -0.89088643 4294901760
2.2015846 -22.333094 -1.3488917 4294901760
0.86672866 -5.9850783 -2.768806 4294901760
0.80914402 -8.4965315 -2.5665362 4294901760
1.5668429 -10.819624 -2.2887583 4294901760
1.2981911 -13.63184 -2.1066751 4294901760
2.3118491 -15.964164 -1.8062174 4294901760
0.89043796 -19.311438 -1.7034862 4294901760
3.7298224 -25.755789 -0.90020442 4294901760
2.1297824 -22.364084 -1.3544425 4294901760
0.84583139 -5.9880676 -2.770385 4294901760
0.78019691 -8.5071163 -2.5697241 4294901760
1.5279601 -10.817201 -2.2911701 4294901760
1.2513236 -13.644191 -2.1107283 4294901760
2.2538841 -15.956384 -1.8103001 4294901760
0.82336164 -19.322386 -1.7091783 4294901760
3.6365459 -25.744946 -0.90770984 4294901760
2.0495193 -22.347563 -1.3610226 4294901760
0.8238737 -5.9833512 -2.7705801 4294901760
0.75049758 -8.5097885 -2.5721068 4294901760
1.4891143 -10.814636 -2.2935913 4294901760
1.2029929 -13.640571 -2.1142983 4294901760
2.1976311 -15.960214 -1.8144937 4294901760
0.75544363 -19.313202 -1.7148604 4294901760
3.4503183 -25.057806 -0.93532133 4294901760
1.9701004 -22.338697 -1.3675044 4294901760
0.80247068 -5.9823732 -2.7714748 4294901760
0.71979523 -8.5006304 -2.5732677 4294901760
1.4518805 -10.823686 -2.2966909 4294901760
1.1553707 -13.644687 -2.118134 4294901760
2.1403201 -15.955965 -1.8186359 4294901760
0.68773943 -19.307762 -1.7205656 4294901760
3.3649511 -25.085518 -0.94152057 4294901760
1.8904294 -22.325575 -1.374058 4294901760
0.78208196 -5.9889574 -2.7737703 4294901760
0.69043517 -8.5070009 -2.5760789 4294901760
1.4125541 -10.816931 -2.2989089 4294901760
1.1074135 -13.644681 -2.1218574 4294901760
2.0825498 -15.947564 -1.8227562 4294901760
0.62021017 -19.306065 -1.7262971 4294901760
3.2716811 -25.053587 -0.94948936 4294901760
1.814099 -22.351906 -1.3800935 4294901760
0.76214319 -5.9992933 -2.7767735 4294901760
0.66104031 -8.5132694 -2.5789022 4294901760
1.3747883 -10.821795 -2.3018095 4294901760
1.0576288 -13.620771 -2.124819 4294901760
2.0253675 -15.942901 -1.8269236 4294901760
0.55247527 -19.296169 -1.7320259 4294901760
3.3038943 -26.006964 -0.92900443 4294901760
1.7360671 -22.358103 -1.3864267 4294901760
0.74025214 -5.9942713 -2.7769897 4294901760
0.63131821 -8.5155239 -2.5813239 4294901760
1.3365189 -10.822605 -2.3044972 4294901760
1.009195 -13.612509 -2.1283023 4294901760
1.9677521 -15.934084 -1.8310668 4294901760
0.48511297 -19.297979 -1.7378051 4294901760
3.2429221 -26.259911 -0.92909998 4294901760
1.6588932 -22.375952 -1.3926333 4294901760
0.7199114 -5.9928689 -2.7778282 4294901760
0.60279995 -8.5136595 -2.5832181 4294901760
1.3006234 -10.826979 -2.3072762 4294901760
0.96376956 -13.611822 -2.1318626 4294901760
1.9134803 -15.928678 -1.8350432 4294901760
0.42068303 -19.279573 -1.7432493 4294901760
3.1539216 -26.254673 -0.93629217 4294901760
1.5756743 -22.254074 -1.4003006 4294901760
0.69943386 -5.9991708 -2.7801564 4294901760
0.57228768 -8.5039711 -2.584409 4294901760
1.2632797 -10.835378 -2.3104432 4294901760
0.91678208 -13.623022 -2.1360281 4294901760
1.8597088 -15.951058 -1.8395241 4294901760
0.35352758 -19.288889 -1.7490925 4294901760
3.0608695 -26.25363 -0.94375086 4294901760
1.4963766 -22.235571 -1.4069703 4294901760
0.677441 -6.0016942 -2.7818727 4294901760
0.54136401 -8.5099249 -2.5873947 4294901760
1.2226707 -10.83208 -2.3130844 4294901760
0.86608899 -13.614411 -2.1397412 4294901760
1.8003403 -15.949864 -1.8440069 4294901760
0.28282753 -19.290056 -1.7552227 4294901760
2.9632812 -26.252777 -0.95159268 4294901760
1.417653 -22.284674 -1.4131619 4294901760
0.65774375 -6.0155106 -2.7856262 4294901760
0.51142108 -8.5078487 -2.5894332 4294901760
1.1844237 -10.832355 -2.3158171 4294901760
0.81975234 -13.637156 -2.1443465 4294901760
1.7424942 -15.936286 -1.8481618 4294901760
0.21544831 -19.286945 -1.7610655 4294901760
2.8724937 -26.270895 -0.95855749 4294901760
1.3403369 -22.297445 -1.4195032 4294901760
0.6369797 -6.0099974 -2.7857864 4294901760
0.48342717 -8.5134125 -2.5921953 4294901760
1.1501615 -10.851943 -2.3195705 4294901760
0.77452475 -13.639797 -2.1481011 4294901760
1.6887989 -15.934067 -1.8522348 4294901760
0.1513634 -19.27162 -1.7665795 4294901760
2.7811537 -26.240595 -0.96649152 4294901760
1.2684218 -22.337587 -1.4252336 4294901760
0.61481905 -6.000689 -2.785326 4294901760
0.45391539 -8.5189667 -2.5950921 4294901760
1.1110653 -10.844096 -2.3218644 4294901760
0.72669673 -13.638456 -2.151931 4294901760
1.6323572 -15.931952 -1.8565406 4294901760
0.084021911 -19.2561 -1.7723978 4294901760
1.1900163 -22.333918 -1.4318187 4294901760
0.59462726 -6.0104647 -2.7884007 4294901760
0.42378563 -8.5126638 -2.596735 4294901760
1.0728163 -10.843976 -2.3246322 4294901760
0.67869037 -13.632984 -2.1556356 4294901760
1.5763423 -15.933595 -1.8609056 4294901760
0.016811507 -19.264242 -1.7783489 4294901760
2.5829642 -26.10848 -0.98500919 4294901760
1.1124451 -22.3459 -1.4382522 4294901760
0.57364374 -6.0125036 -2.790071 4294901760
0.39388773 -8.5101728 -2.5988061 4294901760
1.0338318 -10.835851 -2.326941 4294901760
0.62999874 -13.611488 -2.1587932 4294901760
1.51996 -15.931083 -1.8652414 4294901760
-0.050400231 -19.252237 -1.7842176 4294901760
2.490299 -26.101448 -0.9926827 4294901760
1.0324111 -22.305841 -1.4452599 4294901760
0.55335671 -6.0221405 -2.7931666 4294901760
0.36434573 -8.5154152 -2.601733 4294901760
0.99563813 -10.835456 -2.3297281 4294901760
0.58231032 -13.609639 -2.1626556 4294901760
1.4650664 -15.94421 -1.8697803 4294901760
-0.11775152 -19.275837 -1.7903055 4294901760
2.3907716 -26.018591 -1.0023448 4294901760
0.95505083 -22.321257 -1.4516976 4294901760
0.53304428 -6.0201063 -2.7940583 4294901760
0.33610621 -8.5165758 -2.6041203 4294901760
0.95935321 -10.834763 -2.3323734 4294901760
0.53717691 -13.611495 -2.166471 4294901760
1.4118359 -15.945021 -1.8739735 4294901760
-0.18140766 -19.247465 -1.7958167 4294901760
2.3090546 -26.078047 -1.0079349 4294901760
0.88102728 -22.324301 -1.4579554 4294901760
0.51137406 -6.0142536 -2.7943282 4294901760
0.30665752 -8.5255375 -2.6074955 4294901760
0.92152673 -10.838045 -2.3354189 4294901760
0.48980296 -13.617253 -2.170645 4294901760
1.3558315 -15.945889 -1.8784062 4294901760
-0.24838758 -19.230783 -1.8017052 4294901760
2.2227435 -26.141611 -1.0138466 4294901760
0.80166197 -22.287399 -1.4649513 4294901760
0.49037716 -6.0160017 -2.7960253 4294901760
0.27664113 -8.5187149 -2.6091743 4294901760
0.88336796 -10.837256 -2.3382378 4294901760
0.44200891 -13.610948 -2.1744044 4294901760
1.2991921 -15.938632 -1.8827544 4294901760
-0.31577587 -19.245728 -1.8078163 4294901760
2.1337473 -26.177048 -1.0205219 4294901760
0.72528231 -22.333893 -1.4711663 4294901760
0.4696745 -6.0215173 -2.7984426 4294901760
0.24667712 -8.5117874 -2.6108577 4294901760
0.84584177 -10.844214 -2.3415475 4294901760
0.39403662 -13.596542 -2.1778836 4294901760
1.2435493 -15.943071 -1.8872687 4294901760
-0.38263547 -19.22858 -1.8137352 4294901760
2.0383277 -26.132622 -1.0292238 4294901760
0.64651167 -22.308392 -1.4780809 4294901760
0.44865245 -6.0231199 -2.8001547 4294901760
0.21716359 -8.5204382 -2.6142662 4294901760
0.80827653 -10.851042 -2.3448725 4294901760
0.34566319 -13.562135 -2.1806362 4294901760
1.1872988 -15.939383 -1.8916961 4294901760
-0.45012638 -19.243055 -1.8198966 4294901760
1.9485769 -26.159475 -1.0361642 4294901760
0.56894112 -22.32247 -1.484655 4294901760
0.42789769 -6.028492 -2.8025892 4294901760
0.18759263 -8.5289879 -2.6176884 4294901760
0.77039409 -10.853797 -2.3479693 4294901760
0.29849446 -13.571193 -2.1850064 4294901760
1.1310892 -15.935495 -1.8961378 4294901760
-0.51729506 -19.241367 -1.8259673 4294901760
1.8597933 -26.201939 -1.0427591 4294901760
0.49075395 -22.312363 -1.4914629 4294901760
0.40633291 -6.0222621 -2.8028829 4294901760
0.15774697 -8.5256681 -2.6198277 4294901760
0.73250234 -10.856421 -2.3510787 4294901760
0.25089979 -13.560251 -2.1886518 4294901760
1.0749211 -15.931412 -1.900593 4294901760
-0.58385259 -19.21954 -1.8319007 4294901760
1.7680509 -26.20429 -1.0503612 4294901760
0.41286573 -22.31394 -1.4981908 4294901760
0.38580117 -6.0313325 -2.8060501 4294901760
0.12798662 -8.5261669 -2.6224077 4294901760
0.69359356 -10.843133 -2.3532209 4294901760
0.20374404 -13.572947 -2.1932054 4294901760
1.0187972 -15.927127 -1.9050621 4294901760
-0.65026188 -19.197481 -1.8378416 4294901760
1.6783553 -26.238176 -1.0572346 4294901760
0.33485538 -22.307272 -1.5050055 4294901760
0.36474538 -6.0326424 -2.807791 4294901760
0.098223738 -8.5265608 -2.6249969 4294901760
0.65550101 -10.841543 -2.3561046 4294901760
0.15636399 -13.573574 -2.1973271 4294901760
0.96319449 -15.930586 -1.9096593 4294901760
-0.71712136 -19.191113 -1.8439257 4294901760
1.5879604 -26.26379 -1.0643412 4294901760
0.25675616 -22.28837 -1.51193 4294901760
0.34601229 -6.0376039 -2.8100834 4294901760
0.071436912 -8.5268278 -2.6273348 4294901760
0.62121272 -10.839603 -2.3586836 4294901760
0.11372161 -13.573998 -2.2010493 4294901760
0.91268849 -15.925594 -1.9136953 4294901760
-0.77740711 -19.188765 -1.8494477 4294901760
1.5063576 -26.284586 -1.0708183 4294901760
0.18636821 -22.245218 -1.5183601 4294901760
0.017716071 -3.6251876 -3.0492539 4294901760
0.32431322 -6.0272355 -2.8096757 4294901760
0.041671053 -8.5270252 -2.6299417 4294901760
0.58294529 -10.833812 -2.3613381 4294901760
0.06633684 -13.574312 -2.2051992 4294901760
0.85516673 -15.892941 -1.9177899 4294901760
-0.84263533 -19.146147 -1.855238 4294901760
1.4156661 -26.309605 -1.0780032 4294901760
0.10892784 -22.289583 -1.5248562 4294901760
0.0050417711 -3.6107268 -3.0448844 4294901760
0.30327281 -6.0283308 -2.811434 4294901760
0.011895731 -8.5192747 -2.6316814 4294901760
0.54472846 -10.827887 -2.3640001 4294901760
0.018948907 -13.570494 -2.2092085 4294901760
0.7994864 -15.891859 -1.922366 4294901760
-0.9100281 -19.155025 -1.8615122 4294901760
1.3220178 -26.278521 -1.0864888 4294901760
0.031118423 -22.285843 -1.5317204 4294901760
-0.0082005281 -3.6143463 -3.0474234 4294901760
0.28117576 -6.0294018 -2.8132877 4294901760
-0.019329205 -8.5192614 -2.6344354 4294901760
0.50522262 -10.833758 -2.3675804 4294901760
-0.030807817 -13.578409 -2.2139077 4294901760
0.74160475 -15.902627 -1.9273765 4294901760
-0.97880393 -19.12372 -1.8677331 4294901760
1.223834 -26.243328 -1.0954574 4294901760
-0.050500564 -22.2579 -1.5391016 4294901760
-0.020226724 -3.6215498 -3.0512295 4294901760
0.26117975 -6.0303016 -2.8149714 4294901760
-0.047624134 -8.5269947 -2.6378171 4294901760
0.46878028 -10.823528 -2.3698504 4294901760
-0.075857967 -13.582199 -2.2180502 4294901760
0.68903708 -15.908973 -1.9318799 4294901760
-1.0404818 -19.088554 -1.8732971 4294901760
1.1390449 -26.299067 -1.1016459 4294901760
-0.12442235 -22.277544 -1.5455142 4294901760
-0.032834932 -3.6178317 -3.0509784 4294901760
0.24012904 -6.0311766 -2.81675 4294901760
-0.077352226 -8.5228548 -2.6400187 4294901760
0.43084002 -10.82115 -2.3727903 4294901760
-0.12312293 -13.565981 -2.221627 4294901760
0.63286877 -15.895384 -1.9363164 4294901760
-1.1068743 -19.080828 -1.87946 4294901760
1.0477158 -26.314846 -1.109144 4294901760
-0.20182085 -22.237108 -1.5526483 4294901760
-0.044787131 -3.6140778 -3.0506725 4294901760
0.22026786 -6.0357885 -2.8191729 4294901760
-0.10551772 -8.5147066 -2.6416512 4294901760
0.39495304 -10.822518 -2.3758335 4294901760
-0.16835503 -13.585336 -2.226434 4294901760
0.58000869 -15.89342 -1.9407215 4294901760
-1.1696557 -19.069103 -1.8852851 4294901760
0.95942724 -26.29026 -1.1171421 4294901760
-0.27526507 -22.212395 -1.5593494 4294901760
-0.057344865 -3.6102748 -3.0504246 4294901760
0.19894345 -6.028821 -2.8195107 4294901760
-0.13505231 -8.5025215 -2.642976 4294901760
0.35717267 -10.823831 -2.3790486 4294901760
-0.21546096 -13.564829 -2.2298694 4294901760
0.52465743 -15.899322 -1.9455094 4294901760
-1.2351818 -19.049007 -1.8913467 4294901760
0.86830842 -26.313389 -1.1245315 4294901760
-0.3528631 -22.21529 -1.5662611 4294901760
-0.069946826 -3.6100526 -3.0515552 4294901760
0.17789756 -6.029479 -2.8213081 4294901760
-0.16473107 -8.5019989 -2.6456387 4294901760
0.31915483 -10.81711 -2.381763 4294901760
-0.26234889 -13.54019 -2.233145 4294901760
0.46868569 -15.885157 -1.9499795 4294901760
-1.3016684 -19.04458 -1.8975986 4294901760
0.77492177 -26.26441 -1.1334555 4294901760
-0.43017566 -22.201962 -1.5732758 4294901760
-0.083892055 -3.6133819 -3.0541816 4294901760
0.15474473 -6.0301175 -2.8232932 4294901760
-0.19746621 -8.5052252 -2.6490247 4294901760
0.27741501 -10.810353 -2.3848088 4294901760
-0.3137849 -13.515281 -2.2368453 4294901760
0.40748361 -15.878888 -1.9550711 4294901760
-1.3739241 -19.027525 -1.9043574 4294901760
0.67417032 -26.271179 -1.1420205 4294901760
-0.514404 -22.156307 -1.5811468 4294901760
-0.095243581 -3.6131005 -3.0552073 4294901760
0.13588624 -6.0344248 -2.8256543 4294901760
-0.2240822 -8.5006418 -2.650991 4294901760
0.24345143 -10.811172 -2.3877311 4294901760
-0.35582525 -13.498363 -2.2400231 4294901760
0.35777497 -15.888042 -1.9595034 4294901760
-1.4336951 -19.023115 -1.9100158 4294901760
0.59298003 -26.333008 -1.1479127 4294901760
-0.58463883 -22.178492 -1.5873357 4294901760
-0.10763838 -3.6054986 -3.0535893 4294901760
0.11474861 -6.0310116 -2.8267405 4294901760
-0.2539869 -8.5076475 -2.6545787 4294901760
0.20593846 -10.823811 -2.3917687 4294901760
-0.40353197 -13.51687 -2.2451229 4294901760
0.30216333 -15.881242 -1.964149 4294901760
-1.5013403 -19.033875 -1.9165181 4294901760
0.50075579 -26.318958 -1.1561661 4294901760
-0.66121787 -22.14842 -1.5944601 4294901760
-0.12160379 -3.6086817 -3.0562303 4294901760
0.091414899 -6.0198531 -2.8265464 4294901760
-0.28665206 -8.5066099 -2.6575499 4294901760
0.16419649 -10.812666 -2.3945866 4294901760
-0.45502913 -13.503324 -2.249342 4294901760
0.24094 -15.866379 -1.9691435 4294901760
-1.5737571 -19.020031 -1.9233797 4294901760
0.39951289 -26.30872 -1.1651577 4294901760
-0.74531698 -22.117828 -1.6022936 4294901760
-0.13280688 -3.6046593 -3.0558822 4294901760
0.072687805 -6.0355167 -2.8311298 4294901760
-0.3132309 -8.501749 -2.6595373 4294901760
0.13017862 -10.809175 -2.3972788 4294901760
-0.49715719 -13.493896 -2.2528772 4294901760
0.19094875 -15.855127 -1.9732578 4294901760
-1.6324806 -19.003088 -1.9289352 4294901760
0.3166182 -26.289892 -1.1727307 4294901760
-0.81465256 -22.111393 -1.6086484 4294901760
-0.14679417 -3.6077452 -3.0585337 4294901760
0.049449358 -6.028048 -2.8316805 4294901760
-0.34555402 -8.4926453 -2.6616206 4294901760
0.088576145 -10.797739 -2.40011 4294901760
-0.54864371 -13.483959 -2.2572825 4294901760
0.12990491 -15.835859 -1.9781964 4294901760
-1.7032986 -18.972881 -1.9356112 4294901760
0.2156045 -26.282936 -1.1816916 4294901760
-0.89873779 -22.088184 -1.6164805 4294901760
-0.15796892 -3.6036444 -3.0581901 4294901760
0.03053068 -6.0320263 -2.8340759 4294901760
-0.37274843 -8.5032721 -2.6654348 4294901760
0.054613136 -10.79006 -2.4025514 4294901760
-0.58943874 -13.446491 -2.2596366 4294901760
0.080093384 -15.824259 -1.9823254 4294901760
-1.7628962 -18.967436 -1.9413457 4294901760
0.13297144 -26.271513 -1.1891469 4294901760
-0.96830112 -22.089235 -1.6228464 4294901760
-0.17037527 -3.5994496 -3.0579631 4294901760
0.0094693014 -6.0282431 -2.8351882 4294901760
-0.40242732 -8.5019197 -2.6681707 4294901760
0.016937049 -10.782279 -2.4053292 4294901760
-0.63562047 -13.428497 -2.2632744 4294901760
0.024826156 -15.804556 -1.9867933 4294901760
-1.826798 -18.937382 -1.9473987 4294901760
0.041274637 -26.275808 -1.1971315 4294901760
-1.043514 -22.045898 -1.6300435 4294901760
-0.18275429 -3.5952125 -3.0577376 4294901760
-0.011572712 -6.0282397 -2.8370435 4294901760
-0.43210134 -8.5004625 -2.6709154 4294901760
-0.020714443 -10.790178 -2.4091821 4294901760
-0.6838997 -13.453937 -2.2688236 4294901760
-0.030333143 -15.80057 -1.9915793 4294901760
-1.8920963 -18.922962 -1.9536833 4294901760
-0.050435286 -26.271801 -1.2052913 4294901760
-1.1196506 -22.026196 -1.6371911 4294901760
-0.19530335 -3.5945528 -3.058902 4294901760
-0.032636851 -6.0320148 -2.8396461 4294901760
-0.46113375 -8.487154 -2.6722949 4294901760
-0.058359262 -10.786088 -2.4122467 4294901760
-0.73064524 -13.447505 -2.2730067 4294901760
-0.085489549 -15.800368 -1.9964598 4294901760
-1.9552705 -18.888514 -1.9596875 4294901760
-0.14192863 -26.231564 -1.2141149 4294901760
-1.1963165 -22.018171 -1.6443323 4294901760
-0.20784914 -3.5938492 -3.0600703 4294901760
-0.05365745 -6.0280123 -2.8407738 4294901760
-0.49075583 -8.4854927 -2.6750529 4294901760
-0.096008353 -10.785818 -2.4155898 4294901760
-0.77712184 -13.436951 -2.2770247 4294901760
-0.14064111 -15.799973 -2.0013571 4294901760
-2.0203421 -18.873653 -1.965991 4294901760
-0.23313533 -26.191008 -1.2229412 4294901760
-1.2722441 -21.997942 -1.651508 4294901760
-0.22146511 -3.6003001 -3.0640829 4294901760
-0.0757026 -6.0239234 -2.8419998 4294901760
-0.52161276 -8.479722 -2.6774976 4294901760
-0.13563929 -10.793298 -2.4196544 4294901760
-0.82660943 -13.437972 -2.2818027 4294901760
-0.19840041 -15.787422 -2.0062706 4294901760
-2.0886276 -18.858204 -1.9726299 4294901760
-0.32877824 -26.162046 -1.2319736 4294901760
-1.3521281 -21.981192 -1.6590512 4294901760
-0.23340304 -3.5995457 -3.065202 4294901760
-0.095617265 -6.0197878 -2.8430417 4294901760
-0.54973 -8.4779453 -2.6801331 4294901760
-0.1711797 -10.776981 -2.4217665 4294901760
-0.87039703 -13.423277 -2.2854435 4294901760
-0.25106865 -15.806559 -2.0113688 4294901760
-2.1525075 -18.863045 -1.9789503 4294901760
-0.4141396 -26.073038 -1.2412081 4294901760
-1.4250138 -21.976587 -1.6658829 4294901760
-0.24634628 -3.5950491 -3.0650489 4294901760
-0.11767966 -6.0193968 -2.8450212 4294901760
-0.58026236 -8.4680471 -2.6821287 4294901760
-0.21090886 -10.788136 -2.4261305 4294901760
-0.92175883 -13.451668 -2.2915092 4294901760
-0.30892161 -15.801557 -2.0164821 4294901760
-2.2178993 -18.823385 -1.9852377 4294901760
-0.50977474 -26.075335 -1.2497162 4294901760
-1.5050052 -21.963263 -1.6734592 4294901760
-0.25763935 -3.5942576 -3.0661144 4294901760
-0.13650241 -6.0151463 -2.8459771 4294901760
-0.60686296 -8.4661827 -2.6846383 4294901760
-0.24497952 -10.795323 -2.4297304 4294901760
-0.96344692 -13.44079 -2.2951334 4294901760
-0.35847253 -15.796533 -2.0208652 4294901760
-2.2755892 -18.804464 -1.9908766 4294901760
-0.59223449 -26.09754 -1.2567025 4294901760
-1.5717179 -21.926615 -1.6799681 4294901760
-0.26991239 -3.5897212 -3.0659058 4294901760
-0.15749854 -6.0146332 -2.8478734 4294901760
-0.63641202 -8.4640121 -2.6874347 4294901760
-0.2824541 -10.786499 -2.4325824 4294901760
-1.0094661 -13.425473 -2.2990258 4294901760
-0.41361099 -15.795184 -2.0258453 4294901760
-2.3417079 -18.80036 -1.9974396 4294901760
-0.68552256 -26.179077 -1.2635981 4294901760
-1.6497416 -21.94087 -1.6872174 4294901760
-0.28335273 -3.5923219 -3.068552 4294901760
-0.17977223 -6.0217166 -2.8513694 4294901760
-0.66681331 -8.4538031 -2.6894462 4294901760
-0.32151514 -10.769589 -2.4350574 4294901760
-1.0571064 -13.401905 -2.3027785 4294901760
-0.4717381 -15.801513 -2.0312686 4294901760
-2.4090788 -18.779799 -2.0040767 4294901760
-0.78004068 -26.128529 -1.2730393 4294901760
-1.7267002 -21.890959 -1.6948227 4294901760
-0.29437229 -3.5805235 -3.0654924 4294901760
-0.19961178 -6.0172367 -2.8524351 4294901760
-0.69548547 -8.459363 -2.6930528 4294901760
-0.35670164 -10.752664 -2.4371922 4294901760
-1.1012166 -13.394371 -2.3068266 4294901760
-0.52334285 -15.776012 -2.0354962 4294901760
-2.4713402 -18.771706 -2.0102794 4294901760
-0.86734122 -26.145739 -1.2806139 4294901760
-1.7992817 -21.885111 -1.7017373 4294901760
-0.30718338 -3.5758088 -3.065347 4294901760
-0.2216648 -6.0164647 -2.8544474 4294901760
-0.7258147 -8.4489422 -2.6950767 4294901760
-0.39640093 -10.759183 -2.4413474 4294901760
-1.1509815 -13.398153 -2.3118906 4294901760
-0.58057582 -15.75809 -2.0404086 4294901760
-2.5411942 -18.770416 -2.0172951 4294901760
-0.96287084 -26.134409 -1.289477 4294901760
-1.8777769 -21.858511 -1.7093755 4294901760
-0.3209551 -3.5891578 -3.0721462 4294901760
-0.24250975 -6.0118055 -2.8556175 4294901760
-0.75530291 -8.4463568 -2.6979043 4294901760
-0.43427396 -10.765632 -2.4453475 4294901760
-1.1966829 -13.382196 -2.3158114 4294901760
-0.63589936 -15.763916 -2.0456293 4294901760
-2.6034119 -18.737761 -2.0234287 4294901760
-1.0528052 -26.098993 -1.2982961 4294901760
-1.9519361 -21.827997 -1.7166511 4294901760
-0.33381721 -3.5916255 -3.074753 4294901760
-0.26349351 -6.0109224 -2.8575454 4294901760
-0.78441864 -8.4397621 -2.700268 4294901760
-0.47115827 -10.748257 -2.4476717 4294901760
-1.2448574 -13.393742 -2.3210611 4294901760
-0.6909222 -15.761601 -2.0506845 4294901760
-2.6671178 -18.71673 -2.0297842 4294901760
-1.143028 -26.075228 -1.3069506 4294901760
-2.0295944 -21.836931 -1.724012 4294901760
-0.34600428 -3.5868297 -3.0745599 4294901760
-0.28465629 -6.013814 -2.8602347 4294901760
-0.81349784 -8.4330702 -2.7026374 4294901760
-0.50848734 -10.742598 -2.4508467 4294901760
-1.2916031 -13.389315 -2.3255727 4294901760
-0.74612486 -15.763065 -2.0558505 4294901760
-2.7330112 -18.711248 -2.0364487 4294901760
-1.2329097 -26.047163 -1.3156749 4294901760
-2.1058078 -21.829714 -1.7313676 4294901760
-0.35780087 -3.5783858 -3.0729635 4294901760
-0.30545056 -6.0089364 -2.8614197 4294901760
-0.84253877 -8.4262762 -2.7050123 4294901760
-0.54598188 -10.740757 -2.4543147 4294901760
-1.3418846 -13.42026 -2.3318231 4294901760
-0.80033457 -15.744477 -2.0605552 4294901760
-2.7988968 -18.705532 -2.043133 4294901760
-1.3242264 -26.050671 -1.3239745 4294901760
-2.1784229 -21.786526 -1.7386479 4294901760
-0.36929277 -3.5735734 -3.0727103 4294901760
-0.32537547 -6.0078907 -2.8632684 4294901760
-0.86926752 -8.4117308 -2.7062979 4294901760
-0.58202446 -10.746781 -2.4581909 4294901760
-1.3871968 -13.42363 -2.3365312 4294901760
-0.85189617 -15.729823 -2.0651078 4294901760
-2.8603096 -18.692211 -2.04935 4294901760
-1.407802 -25.994337 -1.3326821 4294901760
-2.2486098 -21.759354 -1.7456044 4294901760
-0.38253513 -3.5794721 -3.0767386 4294901760
-0.34612334 -6.0028729 -2.8644619 4294901760
-0.89779109 -8.4008446 -2.7082033 4294901760
-0.61930686 -10.740739 -2.4613957 4294901760
-1.4357324 -13.434488 -2.3418732 4294901760
-0.90748537 -15.738666 -2.0705142 4294901760
-2.9255402 -18.682114 -2.0559912 4294901760
-1.4950857 -25.929514 -1.3419069 4294901760
-2.3207378 -21.715694 -1.7528833 4294901760
-0.39462981 -3.5745113 -3.0765519 4294901760
-0.36778086 -6.0131626 -2.8686991 4294901760
-0.92754084 -8.4015579 -2.7115479 4294901760
-0.65679562 -10.738511 -2.4648972 4294901760
-1.4843608 -13.445169 -2.3472388 4294901760
-0.96241856 -15.735401 -2.0756452 4294901760
-2.9901061 -18.667854 -2.0625691 4294901760
-1.5846139 -25.908203 -1.3505627 4294901760
-2.4004638 -21.743126 -1.7604231 4294901760
-0.40669405 -3.5695105 -3.0763659 4294901760
-0.38827077 -6.0041542 -2.869143 4294901760
-0.95730537 -8.4021673 -2.7149026 4294901760
-0.69453013 -10.740097 -2.4686992 4294901760
-1.5321814 -13.447792 -2.3522339 4294901760
-1.0168248 -15.724009 -2.0805893 4294901760
-3.0571799 -18.669094 -2.0694885 4294901760
-1.6765836 -25.926407 -1.3587403 4294901760
-2.4713805 -21.691042 -1.7676871 4294901760
-0.41957456 -3.5716693 -3.0790017 4294901760
-0.40922695 -6.0027618 -2.8711133 4294901760
-0.98571342 -8.3909817 -2.7168243 4294901760
-0.73362905 -10.761267 -2.4739692 4294901760
-1.579114 -13.442362 -2.3568504 4294901760
-1.0703536 -15.700524 -2.0852373 4294901760
-3.1216719 -18.654381 -2.0760999 4294901760
-1.7643601 -25.880587 -1.3677285 4294901760
-2.5466168 -21.678324 -1.7751161 4294901760
-0.431604 -3.5665841 -3.07882 4294901760
-0.42990279 -5.9974551 -2.8723257 4294901760
-1.0140553 -8.3797026 -2.7187486 4294901760
-0.77090615 -10.754699 -2.4772198 4294901760
-1.6288874 -13.460402 -2.3626785 4294901760
-1.1240152 -15.680826 -2.0899913 4294901760
-3.1840851 -18.627668 -2.0824704 4294901760
-1.851552 -25.83049 -1.3767631 4294901760
-2.6208363 -21.657427 -1.7825254 4294901760
-0.44432348 -3.5723283 -3.0828159 4294901760
-0.45007631 -5.9998374 -2.8749726 4294901760
-1.0432895 -8.3879719 -2.7229505 4294901760
-0.80597347 -10.7442 -2.4800072 4294901760
-1.674983 -13.466741 -2.3676987 4294901760
-1.1763047 -15.680979 -2.0950162 4294901760
-3.2472055 -18.624855 -2.0890269 4294901760
-1.936898 -25.820229 -1.3849132 4294901760
-2.6901786 -21.628839 -1.7895321 4294901760
-0.45787486 -3.5742717 -3.0855298 4294901760
-0.47206464 -5.998148 -2.8770602 4294901760
-1.0730304 -8.3763103 -2.7250316 4294901760
-0.84472889 -10.733294 -2.483156 4294901760
-1.7253401 -13.468383 -2.373004 4294901760
-1.2347088 -15.688456 -2.1007915 4294901760
-3.3105614 -18.585381 -2.0954902 4294901760
-2.030272 -25.797043 -1.3940734 4294901760
-2.7699437 -21.622787 -1.7974234 4294901760
-0.46877968 -3.5655448 -3.0838797 4294901760
-0.49195218 -5.9965491 -2.8789544 4294901760
-1.0997781 -8.3649273 -2.7268243 4294901760
-0.88031632 -10.730433 -2.4865456 4294901760
-1.7705095 -13.46652 -2.3776553 4294901760
-1.2883514 -15.704093 -2.1062839 4294901760
-3.3700383 -18.562542 -2.1016321 4294901760
-2.1161315 -25.794146 -1.4021776 4294901760
-2.843709 -21.629292 -1.8046552 4294901760
-0.48025277 -3.5567019 -3.0822899 4294901760
-0.51320952 -5.9986334 -2.8817232 4294901760
-1.1300203 -8.3688126 -2.7307169 4294901760
-0.91810429 -10.731233 -2.4904215 4294901760
-1.8185679 -13.468124 -2.3827612 4294901760
-1.3421444 -15.687613 -2.1111944 4294901760
-3.4348135 -18.550667 -2.1083899 4294901760
-2.2054772 -25.77865 -1.4108626 4294901760
-2.9181256 -21.611334 -1.8121483 4294901760
-0.49316278 -3.5585947 -3.0849516 4294901760
-0.53414571 -5.9968052 -2.8837302 4294901760
-1.1586878 -8.3609314 -2.7331548 4294901760
-0.955558 -10.727962 -2.4940121 4294901760
-1.8644803 -13.453833 -2.3870587 4294901760
-1.3951325 -15.663026 -2.1158917 4294901760
-3.5039799 -18.562048 -2.115715 4294901760
-2.2926166 -25.738998 -1.4198087 4294901760
-2.9957352 -21.616812 -1.8198096 4294901760
-0.50609142 -3.5604405 -3.0876193 4294901760
-0.55436438 -5.9872336 -2.8841999 4294901760
-1.1862092 -8.3451862 -2.734616 4294901760
-0.99372762 -10.732433 -2.4982128 4294901760
-1.9114304 -13.447242 -2.3917792 4294901760
-1.4508967 -15.669941 -2.1214836 4294901760
-3.5679979 -18.545792 -2.1224205 4294901760
-2.380239 -25.707001 -1.4286807 4294901760
-3.0678055 -21.582541 -1.8272322 4294901760
-0.51799405 -3.5550649 -3.0874522 4294901760
-0.57489198 -5.9814277 -2.8854432 4294901760
-1.2125046 -8.3215876 -2.7350924 4294901760
-1.0296724 -10.713162 -2.5006211 4294901760
-1.9612194 -13.46012 -2.3975587 4294901760
-1.505967 -15.668739 -2.126873 4294901760
-3.626585 -18.501957 -2.1284764 4294901760
-2.4688141 -25.686621 -1.4374496 4294901760
-3.140825 -21.555918 -1.8347151 4294901760
-0.53040045 -3.5532351 -3.0887072 4294901760
-0.59614968 -5.9832172 -2.888238 4294901760
-1.2415452 -8.3173046 -2.7380302 4294901760
-1.0658867 -10.697702 -2.5033321 4294901760
-2.007021 -13.445344 -2.4018893 4294901760
-1.5590754 -15.647558 -2.1317091 4294901760
-3.6927071 -18.496996 -2.1354866 4294901760
-2.554111 -25.634169 -1.4465247 4294901760
-3.2148738 -21.536938 -1.8422661 4294901760
-0.5438959 -3.5585291 -3.0928111 4294901760
-0.61703157 -5.9810996 -2.8902657 4294901760
-1.2711635 -8.3167982 -2.7414708 4294901760
-1.1040338 -10.70178 -2.5075657 4294901760
-2.053942 -13.438256 -2.406651 4294901760
-1.6136864 -15.642019 -2.1370122 4294901760
-3.7572515 -18.483992 -2.1423237 4294901760
-2.6427574 -25.617159 -1.4552817 4294901760
-3.2900326 -21.525585 -1.8498932 4294901760
-0.55575365 -3.5530276 -3.0926514 4294901760
-0.63627058 -5.9635892 -2.8891923 4294901760
-1.3026106 -8.3278112 -2.7464101 4294901760
-1.1426402 -10.709653 -2.51212 4294901760
-2.0989969 -13.419244 -2.410784 4294901760
-1.6670103 -15.624429 -2.1419792 4294901760
-3.820941 -18.466866 -2.1490769 4294901760
-2.7283494 -25.572069 -1.4642917 4294901760
-3.3620687 -21.494276 -1.8573772 4294901760
-0.5663417 -3.547684 -3.0923653 4294901760
-0.65542346 -5.9653897 -2.8918006 4294901760
-1.3256754 -8.3043108 -2.746593 4294901760
-1.1767119 -10.709938 -2.5157135 4294901760
-2.1411448 -13.412583 -2.4150872 4294901760
-1.7143507 -15.603302 -2.146302 4294901760
-3.8772998 -18.446976 -2.1550558 4294901760
-2.8056231 -25.535604 -1.4723661 4294901760
-3.4276936 -21.471798 -1.8641683 4294901760
-0.57930565 -3.5492635 -3.0950596 4294901760
-0.67624205 -5.9630651 -2.893841 4294901760
-1.3552861 -8.3035049 -2.7500594 4294901760
-1.2131978 -10.697911 -2.5187609 4294901760
-2.1885886 -13.408945 -2.4200959 4294901760
-1.7688048 -15.597222 -2.1516387 4294901760
-3.9424996 -18.437223 -2.1620355 4294901760
-2.8920419 -25.501867 -1.4812853 4294901760
-3.5026217 -21.459703 -1.8718405 4294901760
-0.59169185 -3.5472198 -3.0963318 4294901760
-0.69750124 -5.9644938 -2.8966675 4294901760
-1.3855542 -8.3064604 -2.7540362 4294901760
-1.2523711 -10.709313 -2.5236688 4294901760
-2.2347302 -13.397309 -2.4246845 4294901760
-1.8218551 -15.579103 -2.1566281 4294901760
-4.0068364 -18.423349 -2.1689308 4294901760
-2.9801195 -25.483688 -1.4900953 4294901760
-3.5761998 -21.43948 -1.8794594 4294901760
-0.60285223 -3.5379853 -3.094749 4294901760
-0.71877712 -5.9658475 -2.8995023 4294901760
-1.4158578 -8.3093061 -2.7580259 4294901760
-1.291636 -10.720573 -2.5285976 4294901760
-2.2794812 -13.377691 -2.4288442 4294901760
-1.8781264 -15.588442 -2.1624794 4294901760
-4.0745597 -18.424809 -2.17626 4294901760
-3.0685763 -25.469172 -1.4988947 4294901760
-3.6510136 -21.426865 -1.8871675 4294901760
-0.61519891 -3.5358596 -3.0960248 4294901760
-0.73817605 -5.9518342 -2.8992131 4294901760
-1.4441826 -8.3004484 -2.7605195 4294901760
-1.3271055 -10.70031 -2.5310514 4294901760
-2.3268464 -13.373563 -2.4338894 4294901760
-1.9364469 -15.613364 -2.1688509 4294901760
-4.1327381 -18.383272 -2.1824489 4294901760
-3.1550097 -25.438505 -1.5078236 4294901760
-3.7257881 -21.41399 -1.8948948 4294901760
-0.62943888 -3.5443983 -3.1015987 4294901760
-0.75943416 -5.953042 -2.9020591 4294901760
-1.473147 -8.2953568 -2.7635219 4294901760
-1.365948 -10.707375 -2.5356979 4294901760
-2.374207 -13.369266 -2.4389489 4294901760
-1.9904312 -15.602565 -2.174134 4294901760
-4.1968803 -18.368734 -2.1893857 4294901760
-3.2392404 -25.391714 -1.5168637 4294901760
-3.7984211 -21.389078 -1.9025184 4294901760
-0.64051431 -3.5350454 -3.100019 4294901760
-0.780209 -5.9503551 -2.9041276 4294901760
-1.5013943 -8.2863054 -2.766026 4294901760
-1.4022868 -10.694703 -2.5387888 4294901760
-2.4194438 -13.353088 -2.4433529 4294901760
-2.0433297 -15.583693 -2.1791766 4294901760
-4.2546673 -18.326817 -2.1955736 4294901760
-3.3226643 -25.340687 -1.5259271 4294901760
-3.8716359 -21.367844 -1.9101944 4294901760
-0.65219182 -3.5292232 -3.0998714 4294901760
-0.80097574 -5.9475956 -2.9062018 4294901760
-1.5317366 -8.2887287 -2.7700565 4294901760
-1.4401387 -10.693661 -2.5428329 4294901760
-2.4646001 -13.336758 -2.4477639 4294901760
-2.0940013 -15.548876 -2.1837149 4294901760
-4.3204446 -18.319605 -2.2027521 4294901760
-3.4111032 -25.328936 -1.5347602 4294901760
-3.9375098 -21.307156 -1.9174471 4294901760
-0.66316432 -3.5197999 -3.0982885 4294901760
-0.82225865 -5.9485779 -2.9090698 4294901760
-1.5599332 -8.2794752 -2.7725735 4294901760
-1.4758332 -10.676822 -2.54562 4294901760
-2.5118725 -13.331973 -2.4528584 4294901760
-2.1488073 -15.54541 -2.1892805 4294901760
-4.3871469 -18.316031 -2.210063 4294901760
-3.4956701 -25.289204 -1.5437655 4294901760
-4.0081692 -21.273691 -1.9249997 4294901760
-0.67749774 -3.5281441 -3.103888 4294901760
-0.84193689 -5.9380445 -2.9095767 4294901760
-1.5888247 -8.2739792 -2.7756052 4294901760
-1.5142034 -10.679432 -2.5500023 4294901760
-2.5568984 -13.315329 -2.4572854 4294901760
-2.2058499 -15.557503 -2.1953855 4294901760
-4.4491735 -18.292866 -2.2168303 4294901760
-3.5822451 -25.264996 -1.5526956 4294901760
-4.0854115 -21.27523 -1.9329759 4294901760
-0.6897279 -3.5220799 -3.1038105 4294901760
-0.86480474 -5.9425421 -2.913353 4294901760
-1.6198938 -8.2719517 -2.7793078 4294901760
-1.5533357 -10.673811 -2.5539479 4294901760
-2.6033967 -13.294187 -2.4617336 4294901760
-2.2657201 -15.56899 -2.2017932 4294901760
-4.5171461 -18.280302 -2.2243025 4294901760
-3.6708002 -25.224056 -1.5621591 4294901760
-4.1610637 -21.248377 -1.9410367 4294901760
-0.70282036 -3.5268836 -3.1079221 4294901760
-0.88450563 -5.9396415 -2.9153457 4294901760
-1.6473149 -8.2665339 -2.782203 4294901760
-1.586393 -10.652964 -2.5562408 4294901760
-2.6451399 -13.273806 -2.4656954 4294901760
-2.3167493 -15.557459 -2.2068801 4294901760
-4.5767708 -18.26136 -2.2308574 4294901760
-3.7544236 -25.211746 -1.5706168 4294901760
-4.2252679 -21.203184 -1.9480778 4294901760
-0.71440637 -3.5208561 -3.1077845 4294901760
-0.90581429 -5.9403262 -2.9182422 4294901760
-1.6738206 -8.2492008 -2.7837145 4294901760
-1.6259527 -10.662991 -2.5613039 4294901760
-2.6906693 -13.260603 -2.4703684 4294901760
-2.3710411 -15.549277 -2.212388 4294901760
-4.6434326 -18.256851 -2.2382472 4294901760
-3.8375945 -25.166929 -1.5796684 4294901760
-4.2960839 -21.172676 -1.9557091 4294901760
-0.72657239 -3.5146639 -3.1077125 4294901760
-0.92758071 -5.9369664 -2.9204574 4294901760
-1.7032506 -8.2391701 -2.7864091 4294901760
-1.6638036 -10.649149 -2.5646317 4294901760
-2.7400575 -13.254538 -2.4757624 4294901760
-2.4255607 -15.524765 -2.2176423 4294901760
-4.7113128 -18.243567 -2.245775 4294901760
-3.9328904 -25.172405 -1.5889825 4294901760
-4.3720436 -21.148979 -1.9638443 4294901760
-0.73835564 -3.5159116 -3.1103318 4294901760
-0.94501489 -5.9264154 -2.920768 4294901760
-1.7299325 -8.2376156 -2.7896829 4294901760
-1.698496 -10.651676 -2.5686972 4294901760
-2.7841313 -13.257513 -2.480901 4294901760
-2.4699383 -15.489576 -2.2216585 4294901760
-4.7665882 -18.220968 -2.2518969 4294901760
-4.0125823 -25.163866 -1.5970402 4294901760
-4.4368258 -21.127337 -1.970813 4294901760
-0.75062364 -3.5133131 -3.1116426 4294901760
-0.9656955 -5.9230804 -2.9228854 4294901760
-1.7603148 -8.2391987 -2.7937908 4294901760
-1.7356657 -10.645682 -2.5725026 4294901760
-2.8270743 -13.232193 -2.484899 4294901760
-2.5220704 -15.469085 -2.2267761 4294901760
-4.8322034 -18.21192 -2.2592232 4294901760
-4.0978251 -25.133955 -1.6060766 4294901760
-4.5030479 -21.076632 -1.9781923 4294901760
-0.76211351 -3.507129 -3.1115103 4294901760
-0.98699898 -5.9234724 -2.9258072 4294901760
-1.7907313 -8.2406702 -2.7979116 4294901760
-1.7715179 -10.631762 -2.5756612 4294901760
-2.8724053 -13.218367 -2.4896095 4294901760
-2.5780158 -15.471956 -2.2327404 4294901760
-4.9019566 -18.218014 -2.267066 4294901760
-4.184226 -25.111626 -1.6151044 4294901760
-4.5833673 -21.091949 -1.9865267 4294901760
-0.77591509 -3.5115268 -3.1157203 4294901760
-1.0076692 -5.9199915 -2.9279366 4294901760
-1.8194851 -8.2343683 -2.8010023 4294901760
-1.8079547 -10.621616 -2.5791528 4294901760
-2.9185274 -13.20826 -2.4945669 4294901760
-2.6326733 -15.466784 -2.2384436 4294901760
-4.9665666 -18.204636 -2.2743137 4294901760
-4.2711849 -25.092934 -1.62414 4294901760
-4.6543822 -21.064146 -1.9942626 4294901760
-0.78578395 -3.4981859 -3.112695 4294901760
-1.0289869 -5.9202328 -2.9308729 4294901760
-1.847357 -8.2241411 -2.8035769 4294901760
-1.8470497 -10.626923 -2.5839765 4294901760
-2.9628744 -13.190248 -2.4990544 4294901760
-2.6852829 -15.449661 -2.2437346 4294901760
-5.034327 -18.202541 -2.2819593 4294901760
-4.3539643 -25.05035 -1.6332394 4294901760
-4.7305002 -21.059439 -2.0023649 4294901760
-0.79960436 -3.5024903 -3.116915 4294901760
-1.0489739 -5.9128118 -2.9322112 4294901760
-1.8778005 -8.2252893 -2.8077283 4294901760
-1.8862059 -10.632085 -2.5888183 4294901760
-3.0097842 -13.183695 -2.5042732 4294901760
-2.7385032 -15.436278 -2.2491782 4294901760
-5.0967622 -18.181023 -2.2889893 4294901760
-4.4385953 -25.019285 -1.6423235 4294901760
-4.8057604 -21.050571 -2.0104327 4294901760
-0.81182516 -3.4996777 -3.1182404 4294901760
-1.0682346 -5.9015341 -2.9327469 4294901760
-1.9064999 -8.2186852 -2.8108408 4294901760
-1.9226024 -10.621548 -2.5923412 4294901760
-3.0539911 -13.165378 -2.5087752 4294901760
-2.7909513 -15.418799 -2.2544863 4294901760
-5.1601934 -18.163122 -2.2961597 4294901760
-4.5294533 -25.023272 -1.6513773 4294901760
-4.8792095 -21.033669 -2.0183985 4294901760
-0.82320493 -3.4932942 -3.1181161 4294901760
-1.0888286 -5.8977699 -2.9348943 4294901760
-1.9360768 -8.2157984 -2.8144877 4294901760
-1.9546444 -10.587565 -2.593858 4294901760
-3.0990186 -13.150775 -2.5135274 4294901760
-2.8425906 -15.397231 -2.2596555 4294901760
-5.2257671 -18.152653 -2.3036075 4294901760
-4.6117029 -24.979839 -1.6605048 4294901760
-4.9516873 -21.012629 -2.0263181 4294901760
-0.83539391 -3.4903994 -3.119446 4294901760
-1.1115466 -5.9052896 -2.9394691 4294901760
-1.9629176 -8.2013607 -2.8165579 4294901760
-1.9901279 -10.572909 -2.5970485 4294901760
-3.1467516 -13.147594 -2.519026 4294901760
-2.8970556 -15.391124 -2.2654243 4294901760
-5.2891002 -18.1343 -2.3108091 4294901760
-5.0250053 -20.995216 -2.034317 4294901760
-0.84646738 -3.480269 -3.1179342 4294901760
-1.1317297 -5.89361 -2.9401217 4294901760
-1.9948171 -8.2017336 -2.8209064 4294901760
-2.0281196 -10.561661 -2.6007748 4294901760
-3.1949177 -13.135972 -2.5242972 4294901760
-2.9504457 -15.364779 -2.2707403 4294901760
-5.356658 -18.118614 -2.3185201 4294901760
-4.7662535 -24.820803 -1.6792228 4294901760
-5.1056895 -20.992151 -2.0430024 4294901760
-0.85974121 -3.4844823 -3.1221142 4294901760
-1.1483126 -5.8747029 -2.9389374 4294901760
-2.0220056 -8.1950731 -2.8238907 4294901760
-2.0623755 -10.550999 -2.60412 4294901760
-3.2394135 -13.129159 -2.529326 4294901760
-3.0013833 -15.35491 -2.2761014 4294901760
-5.4167151 -18.100752 -2.3253899 4294901760
-4.8730354 -24.930178 -1.6879231 4294901760
-5.1666827 -20.940271 -2.0500247 4294901760
-0.87189871 -3.4814599 -3.1234524 4294901760
-1.1695638 -5.8744373 -2.9419127 4294901760
-2.0467868 -8.1727457 -2.8249059 4294901760
-2.0991919 -10.543736 -2.608006 4294901760
-3.2842577 -13.113921 -2.5341179 4294901760
-3.0565155 -15.352141 -2.2820628 4294901760
-5.4833288 -18.093166 -2.3330469 4294901760
-4.9584684 -24.905191 -1.6971 4294901760
-5.2426496 -20.933708 -2.0582771 4294901760
-0.88493896 -3.4819088 -3.1262529 4294901760
-1.1900623 -5.8703184 -2.944083 4294901760
-2.0762691 -8.1693535 -2.8285887 4294901760
-2.1399105 -10.555713 -2.6136148 4294901760
-3.3261044 -13.086995 -2.5381608 4294901760
-3.1085057 -15.333583 -2.2874258 4294901760
-5.5499578 -18.085337 -2.3407266 4294901760
-5.0485449 -24.903374 -1.7063179 4294901760
-5.3215818 -20.938465 -2.0667694 4294901760
-0.89738488 -3.4824655 -3.1289916 4294901760
-1.2095221 -5.8663402 -2.9461493 4294901760
-2.1023686 -8.1586246 -2.8310511 4294901760
-2.1764982 -10.5563 -2.6180186 4294901760
-3.3605719 -13.041311 -2.5406816 4294901760
-3.1561234 -15.307611 -2.2922001 4294901760
-5.6098986 -18.066835 -2.3476422 4294901760
-5.1302919 -24.882586 -1.7150786 4294901760
-5.3919806 -20.924562 -2.0745273 4294901760
-0.90678543 -3.4687896 -3.1259546 4294901760
-1.2315749 -5.8696213 -2.9499609 4294901760
-2.130836 -8.1512356 -2.8342123 4294901760
-2.2117116 -10.540901 -2.6212509 4294901760
-3.411094 -13.048696 -2.5470102 4294901760
-3.2095401 -15.296499 -2.2978892 4294901760
-5.680099 -18.069937 -2.3557887 4294901760
-5.214663 -24.85281 -1.7243052 4294901760
-5.4579334 -20.878614 -2.0821145 4294901760
-0.92074615 -3.4726117 -3.1302295 4294901760
-1.2520558 -5.8652868 -2.9521489 4294901760
-2.1632965 -8.1589136 -2.8395352 4294901760
-2.2451913 -10.517655 -2.6237924 4294901760
-3.459671 -13.048216 -2.5528505 4294901760
-3.2720466 -15.327985 -2.3053365 4294901760
-5.7443461 -18.053799 -2.3632476 4294901760
-5.3022141 -24.838356 -1.7335773 4294901760
-5.5215826 -20.824755 -2.0895455 4294901760
-0.93380326 -3.4728773 -3.1330478 4294901760
-1.2717038 -5.8571162 -2.9535232 4294901760
-2.1866703 -8.1323738 -2.8400135 4294901760
-2.2844059 -10.521342 -2.6287694 4294901760
-3.5000441 -13.0169 -2.5566454 4294901760
-3.3272173 -15.324243 -2.3113871 4294901760
-5.8109908 -18.045008 -2.3710136 4294901760
-5.3914218 -24.831396 -1.742893 4294901760
-5.6035557 -20.840002 -2.0983572 4294901760
-0.9440136 -3.4626017 -3.1314731 4294901760
-1.2929726 -5.8564029 -2.9565394 4294901760
-2.2160769 -8.1284752 -2.843734 4294901760
-2.3168592 -10.494006 -2.6309659 4294901760
-3.5475497 -13.01226 -2.562253 4294901760
-3.3832631 -15.324187 -2.3176184 4294901760
-5.8727126 -18.020826 -2.3782153 4294901760
-5.4737692 -24.792946 -1.7521477 4294901760
-5.67627 -20.820316 -2.1065035 4294901760
-0.95705992 -3.4627793 -3.1342978 4294901760
-1.3125633 -5.8480959 -2.9579208 4294901760
-2.247571 -8.1320324 -2.8485506 4294901760
-2.3534751 -10.485855 -2.6349127 4294901760
-3.5929477 -12.999798 -2.5673542 4294901760
-3.4384744 -15.320045 -2.3237078 4294901760
-5.9280963 -17.977524 -2.384685 4294901760
-5.5532861 -24.74254 -1.7613698 4294901760
-5.7510338 -20.808062 -2.1148264 4294901760
-0.96718568 -3.452436 -3.1327214 4294901760
-1.3355389 -5.8547444 -2.962595 4294901760
-2.2759438 -8.1241379 -2.851748 4294901760
-2.3891845 -10.473723 -2.6385157 4294901760
-3.6415153 -12.99864 -2.5732532 4294901760
-3.4883928 -15.292439 -2.3288293 4294901760
-6.0122418 -18.020948 -2.3945954 4294901760
-5.5952487 -24.528488 -1.7699897 4294901760
-5.8236332 -20.787861 -2.1230083 4294901760
-0.97824097 -3.4455514 -3.1326127 4294901760
-1.3550981 -5.8462944 -2.9639862 4294901760
-2.3021462 -8.1085978 -2.8538594 4294901760
-2.4248378 -10.461469 -2.6421244 4294901760
-3.6879508 -12.989666 -2.5786433 4294901760
-3.5381603 -15.264671 -2.3339515 4294901760
-6.0776577 -18.007397 -2.4023011 4294901760
-5.7069645 -24.621534 -1.7797273 4294901760
-5.8983388 -20.775074 -2.1313725 4294901760
-0.99166501 -3.4492567 -3.1368506 4294901760
-1.3753601 -5.8455176 -2.9669194 4294901760
-2.3279388 -8.0971479 -2.8563581 4294901760
-2.4577062 -10.445676 -2.6451848 4294901760
-3.7310064 -12.977365 -2.583524 4294901760
-3.5905828 -15.260597 -2.3397892 4294901760
-6.1399112 -17.994682 -2.4096539 4294901760
-5.8150854 -24.715118 -1.7891008 4294901760
-5.9671998 -20.7554 -2.139178 4294901760
-1.0043005 -3.4455988 -3.1382871 4294901760
-1.3967757 -5.8404374 -2.9692552 4294901760
-2.3586986 -8.0923281 -2.8602796 4294901760
-2.4968941 -10.440441 -2.6497161 4294901760
-3.7741044 -12.948365 -2.5878601 4294901760
-3.6464915 -15.247334 -2.3458877 4294901760
-6.213624 -17.994646 -2.4183867 4294901760
-5.9084158 -24.705278 -1.7990338 4294901760
-6.0443478 -20.737217 -2.1479082 4294901760
-1.0183747 -3.4490259 -3.1426067 4294901760
-1.4144268 -5.8242974 -2.9689996 4294901760
-2.3858202 -8.0802832 -2.8629479 4294901760
-2.5333221 -10.431662 -2.6537018 4294901760
-3.811413 -12.908474 -2.5911307 4294901760
-3.6987529 -15.230649 -2.3515379 4294901760
-6.2685189 -17.950285 -2.4249067 4294901760
-5.9983826 -24.700016 -1.8085457 4294901760
-6.1133089 -20.704523 -2.1558943 4294901760
-1.0272917 -3.43503 -3.1395552 4294901760
-1.4365931 -5.8268046 -2.9728894 4294901760
-2.4185066 -8.086937 -2.8683813 4294901760
-2.5716126 -10.43043 -2.658416 4294901760
-3.8530383 -12.883685 -2.5954707 4294901760
-3.7547517 -15.229229 -2.3578851 4294901760
-6.3298135 -17.92454 -2.4322088 4294901760
-6.0826554 -24.671179 -1.8179598 4294901760
-6.180975 -20.667776 -2.1637976 4294901760
-1.0392761 -3.4314234 -3.1409299 4294901760
-1.4550537 -5.814281 -2.9734645 4294901760
-2.4478581 -8.0822001 -2.8721709 4294901760
-2.6099253 -10.429058 -2.6631446 4294901760
-3.9060397 -12.896741 -2.6025281 4294901760
-3.8059583 -15.208313 -2.3633869 4294901760
-6.3869867 -17.887333 -2.4390423 4294901760
-6.1658311 -24.638182 -1.8273648 4294901760
-6.2588611 -20.665155 -2.1725228 4294901760
-1.0538365 -3.4383564 -3.1466737 4294901760
-1.4752742 -5.8131576 -2.9764245 4294901760
-2.4723475 -8.0665369 -2.8741419 4294901760
-2.6454675 -10.424177 -2.6673234 4294901760
-3.9522736 -12.895098 -2.6082642 4294901760
-3.854414 -15.1879 -2.368602 4294901760
-6.442214 -17.854815 -2.4456632 4294901760
-6.2406306 -24.590527 -1.8362077 4294901760
-6.3355331 -20.670969 -2.1810482 4294901760
-1.0658319 -3.4346569 -3.1480575 4294901760
-1.4945958 -5.8042421 -2.9778357 4294901760
-2.5016515 -8.0616045 -2.8779449 4294901760
-2.6778951 -10.39957 -2.6698921 4294901760
-4.0031404 -12.900171 -2.6148269 4294901760
-3.9083962 -15.178204 -2.3746445 4294901760
-6.4894853 -17.791061 -2.4513619 4294901760
-6.3323975 -24.59178 -1.8458619 4294901760
-6.4100108 -20.656342 -2.1895549 4294901760
-1.0789012 -3.4343741 -3.1509252 4294901760
-1.515821 -5.8027167 -2.9809196 4294901760
-2.5321279 -8.0603065 -2.8823152 4294901760
-2.7141805 -10.390159 -2.6739209 4294901760
-4.0469575 -12.882335 -2.6197574 4294901760
-3.9593446 -15.156774 -2.3801687 4294901760
-6.5570602 -17.783249 -2.4594953 4294901760
-6.4020648 -24.507755 -1.8549476 4294901760
-6.4677377 -20.588198 -2.1967466 4294901760
-1.0875872 -3.420223 -3.1478672 4294901760
-1.5350808 -5.7936668 -2.9823372 4294901760
-2.5602481 -8.0514183 -2.8855779 4294901760
-2.7494204 -10.3768 -2.6775906 4294901760
-4.0882931 -12.856785 -2.6241391 4294901760
-4.010191 -15.135172 -2.3856993 4294901760
-6.6218772 -17.767715 -2.4673228 4294901760
-6.4804206 -24.458256 -1.8642664 4294901760
-6.5299006 -20.535103 -2.2043045 4294901760
-1.0984083 -3.4129548 -3.1477714 4294901760
-1.5552944 -5.7882729 -2.9845951 4294901760
-2.5883365 -8.0424328 -2.8888464 4294901760
-2.7887013 -10.378591 -2.6827407 4294901760
-4.1294985 -12.831104 -2.6285207 4294901760
-4.0660925 -15.132603 -2.3921394 4294901760
-6.6824522 -17.740765 -2.4746678 4294901760
-6.5843916 -24.50485 -1.8743473 4294901760
-6.6149745 -20.55393 -2.2137251 4294901760
-1.1125607 -3.4159939 -3.1521323 4294901760
-1.5724524 -5.7716594 -2.9843376 4294901760
-2.6151803 -8.0296202 -2.8915584 4294901760
-2.8238738 -10.36498 -2.6864266 4294901760
-4.1742635 -12.816611 -2.6337452 4294901760
-4.1199365 -15.122155 -2.398236 4294901760
-6.7485895 -17.728497 -2.4826956 4294901760
-6.6803799 -24.520218 -1.8842455 4294901760
-6.6990285 -20.568623 -2.2230947 4294901760
-1.1267473 -3.4189756 -3.1565008 4294901760
-1.5915643 -5.7624221 -2.9857585 4294901760
-2.6419652 -8.016717 -2.894273 4294901760
-2.8579328 -10.34744 -2.6897459 4294901760
-4.2251859 -12.820807 -2.6403899 4294901760
-4.1779919 -15.126849 -2.4050825 4294901760
-6.8132935 -17.712267 -2.4905746 4294901760
-6.7691183 -24.508289 -1.8939577 4294901760
-6.7895026 -20.60191 -2.2330184 4294901760
-1.1375284 -3.4115825 -3.1564128 4294901760
-1.6116693 -5.7568312 -2.988024 4294901760
-2.6699331 -8.0074453 -2.8975561 4294901760
-2.8951008 -10.341208 -2.6941872 4294901760
-4.2761898 -12.8248 -2.6470602 4294901760
-4.2329135 -15.119832 -2.4113998 4294901760
-6.877965 -17.695801 -2.4984713 4294901760
-6.8632331 -24.515249 -1.9038737 4294901760
-6.8601155 -20.574299 -2.2413528 4294901760
-1.1471128 -3.4007211 -3.1548345 4294901760
-1.6349093 -5.7622876 -2.9928267 4294901760
-2.699122 -8.0017939 -2.9014122 4294901760
-2.9301023 -10.327235 -2.6978898 4294901760
-4.3196626 -12.806036 -2.6520422 4294901760
-4.2845812 -15.101139 -2.4171748 4294901760
-6.8712716 -17.49745 -2.497895 4294901760
-6.9433212 -24.471949 -1.9133571 4294901760
-6.9191499 -20.512453 -2.2487555 4294901760
-1.1601468 -3.4001269 -3.1577265 4294901760
-1.6528841 -5.7491422 -2.9934139 4294901760
-2.727036 -7.9923234 -2.9047081 4294901760
-2.9661322 -10.316945 -2.7019737 4294901760
-4.3604922 -12.779613 -2.656456 4294901760
-4.3405628 -15.097557 -2.4237113 4294901760
-6.9646177 -17.554802 -2.5092475 4294901760
-6.9934182 -24.324848 -1.921814 4294901760
-6.9907074 -20.488176 -2.2572045 4294901760
-1.1720086 -3.3960564 -3.1591311 4294901760
-1.6740196 -5.7470345 -2.9965413 4294901760
-2.7549181 -7.9827552 -2.9080098 4294901760
-3.0032325 -10.310323 -2.7064433 4294901760
-4.4037809 -12.760563 -2.661447 4294901760
-4.3921247 -15.078493 -2.4295096 4294901760
-7.045114 -17.578444 -2.5190933 4294901760
-7.0637784 -24.250483 -1.930946 4294901760
-7.0699859 -20.486259 -2.2663157 4294901760
-1.1814666 -3.3850994 -3.1575499 4294901760
-1.6951605 -5.7448516 -2.999676 4294901760
-2.7827663 -7.9730906 -2.9113171 4294901760
-3.0358481 -10.288404 -2.7094066 4294901760
-4.4482965 -12.745113 -2.6667337 4294901760
-4.4458575 -15.066886 -2.4356985 4294901760
-7.0989585 -17.535284 -2.5257864 4294901760
-7.1958156 -24.386417 -1.9423215 4294901760
-7.1375117 -20.450165 -2.2744749 4294901760
-1.194506 -3.3882091 -3.1618063 4294901760
-1.7132 -5.7394977 -3.0017383 4294901760
-2.8091044 -7.9680076 -2.9148717 4294901760
-3.0681548 -10.278816 -2.7131002 4294901760
-4.4869952 -12.727335 -2.6712079 4294901760
-4.4999938 -15.075709 -2.4422638 4294901760
-7.1540117 -17.512897 -2.5326138 4294901760
-7.2723918 -24.363691 -1.9510764 4294901760
-7.175211 -20.352442 -2.2799048 4294901760
-1.2032627 -3.3735645 -3.1587982 4294901760
-1.7331094 -5.7294927 -3.0032973 4294901760
-2.8382897 -7.9576578 -2.9183574 4294901760
-3.1046634 -10.263718 -2.7170351 4294901760
-4.5362787 -12.718278 -2.6773615 4294901760
-4.5529165 -15.051502 -2.4482071 4294901760
-7.2105536 -17.468153 -2.5396848 4294901760
-7.303875 -24.145906 -1.9591014 4294901760
-7.2082396 -20.209602 -2.285321 4294901760
-1.2181309 -3.3797872 -3.1646318 4294901760
-1.7509722 -5.7200313 -3.0046282 4294901760
-2.8673232 -7.9555831 -2.9226689 4294901760
-3.1398392 -10.257146 -2.7213306 4294901760
-4.5703573 -12.680766 -2.6806428 4294901760
-4.6016397 -15.032518 -2.453748 4294901760
-7.2638459 -17.433115 -2.5463569 4294901760
-7.3874092 -24.132999 -1.9684411 4294901760
-7.2306099 -20.061817 -2.2895823 4294901760
-1.2305104 -3.3752997 -3.1661189 4294901760
-1.7742075 -5.720933 -3.0087538 4294901760
-2.8924322 -7.9339643 -2.9244351 4294901760
-3.1785836 -10.249344 -2.7260492 4294901760
-4.6154451 -12.660202 -2.6859257 4294901760
-4.6578846 -15.01935 -2.4602962 4294901760
-7.3307843 -17.413717 -2.5547123 4294901760
-7.4899955 -24.151493 -1.9792033 4294901760
-7.3218436 -20.083874 -2.2999122 4294901760
-1.2422845 -3.3709843 -3.1675372 4294901760
-1.7918583 -5.7073555 -3.0093503 4294901760
-2.9228213 -7.9311814 -2.9289289 4294901760
-3.211972 -10.230644 -2.7294116 4294901760
-4.6596079 -12.644015 -2.6912463 4294901760
-4.7102818 -15.003001 -2.466357 4294901760
-7.3884063 -17.380692 -2.5619605 4294901760
-7.5348091 -23.999571 -1.9873405 4294901760
-7.3009171 -19.811304 -2.3006177 4294901760
-1.2534565 -3.3668458 -3.1688871 4294901760
-1.8107752 -5.7013817 -3.0115449 4294901760
-2.9477375 -7.917768 -2.9315233 4294901760
-3.2446847 -10.216169 -2.7329569 4294901760
-4.7042809 -12.635931 -2.6969078 4294901760
-4.7527852 -14.964554 -2.4709234 4294901760
-7.4428625 -17.348776 -2.5688317 4294901760
-7.6022758 -23.93642 -1.9960657 4294901760
-1.2652019 -3.3624499 -3.1703103 4294901760
-1.8306665 -5.6950259 -3.0138588 4294901760
-2.978122 -7.914773 -2.9360352 4294901760
-3.2779086 -10.197255 -2.7363236 4294901760
-4.7525544 -12.630573 -2.7031515 4294901760
-4.8086462 -14.959231 -2.4776027 4294901760
-7.5017953 -17.319035 -2.576278 4294901760
-7.6943345 -23.936329 -2.0061431 4294901760
-7.5563469 -20.082041 -2.3272576 4294901760
-1.2749387 -3.3510134 -3.1687958 4294901760
-1.8515267 -5.6882782 -3.0162928 4294901760
-3.0057154 -7.9001384 -2.9389739 4294901760
-3.3140366 -10.181415 -2.7402906 4294901760
-4.7861152 -12.579692 -2.7060504 4294901760
-4.8720565 -14.967978 -2.4854209 4294901760
-7.5588346 -17.276827 -2.5835407 4294901760
-7.76472 -23.854847 -2.015626 4294901760
-7.597291 -19.968508 -2.3333912 4294901760
-1.2854601 -3.3469918 -3.170078 4294901760
-1.8693882 -5.6824331 -3.018383 4294901760
-3.03052 -7.8906569 -2.9419966 4294901760
-3.3460069 -10.170953 -2.7440317 4294901760
-4.8256125 -12.564594 -2.7108638 4294901760
-4.9165707 -14.945042 -2.4905107 4294901760
-7.6162906 -17.260283 -2.5908082 4294901760
-7.9044676 -24.027437 -2.0272398 4294901760
-7.6471229 -19.911047 -2.3399215 4294901760
-1.2996145 -3.3454108 -3.173156 4294901760
-1.8924103 -5.6788678 -3.021805 4294901760
-3.0622151 -7.8826194 -2.9462841 4294901760
-3.3850346 -10.158031 -2.7486117 4294901760
-4.8766932 -12.55337 -2.7173667 4294901760
-4.9701457 -14.914737 -2.4966207 4294901760
-7.6808848 -17.227274 -2.5990415 4294901760
-8.0319872 -24.102907 -2.0396414 4294901760
-7.8664389 -20.249441 -2.3616436 4294901760
-1.3101181 -3.3413112 -3.1744435 4294901760
-1.9139298 -5.6838465 -3.0264983 4294901760
-3.0841 -7.8656554 -2.9481399 4294901760
-3.4169307 -10.147346 -2.7523658 4294901760
-4.9204526 -12.549069 -2.7231193 4294901760
-5.0144401 -14.891511 -2.5017169 4294901760
-7.7366018 -17.20669 -2.6061401 4294901760
-7.8517194 -23.317451 -2.0369127 4294901760
-7.595293 -19.370953 -2.3403337 4294901760
-1.3191035 -3.3299768 -3.1728539 4294901760
-1.9300325 -5.6661916 -3.0262396 4294901760
-3.1144276 -7.8621364 -2.952693 4294901760
-3.4536052 -10.139098 -2.7569411 4294901760
-4.9656897 -12.535507 -2.7288082 4294901760
-5.0702376 -14.885209 -2.508477 4294901760
-7.7933269 -17.172325 -2.6134274 4294901760
-8.2109671 -24.105764 -2.0593545 4294901760
-7.8684225 -19.863235 -2.3665764 4294901760
-1.3318799 -3.3248873 -3.1744289 4294901760
-1.9480073 -5.6478152 -3.0262096 4294901760
-3.1431344 -7.8464785 -2.9558201 4294901760
-3.4938004 -10.129499 -2.7619462 4294901760
-5.01231 -12.512664 -2.7344272 4294901760
-5.1260591 -14.861871 -2.5150275 4294901760
-7.8376284 -17.095211 -2.6192987 4294901760
-7.9990144 -23.191368 -2.0559924 4294901760
-7.9520459 -19.851381 -2.3766212 4294901760
-1.3436775 -3.3240476 -3.1772335 4294901760
-1.9670081 -5.6453047 -3.0291843 4294901760
-3.1677694 -7.8365655 -2.9588659 4294901760
-3.5230048 -10.111009 -2.7649212 4294901760
-5.0515952 -12.496856 -2.7392845 4294901760
-5.1701064 -14.838183 -2.5201423 4294901760
-7.8879547 -17.063274 -2.625808 4294901760
-8.0481997 -23.098299 -2.0635114 4294901760
-7.9635725 -19.70063 -2.3798628 4294901760
-1.3558513 -3.3191006 -3.1787429 4294901760
-1.9902468 -5.6453228 -3.0333881 4294901760
-3.1994362 -7.8321643 -2.9636145 4294901760
-3.5639813 -10.10921 -2.7705371 4294901760
-5.0883603 -12.456219 -2.7430782 4294901760
-5.2284222 -14.830386 -2.5272565 4294901760
-7.9538083 -17.041468 -2.6342797 4294901760
-8.4100876 -23.855162 -2.0870056 4294901760
-7.9844642 -19.54583 -2.3842869 4294901760
-1.3688116 -3.3176987 -3.1816998 4294901760
-2.0138211 -5.6492262 -3.0383575 4294901760
-3.229748 -7.8281999 -2.9682055 4294901760
-3.5965931 -10.089262 -2.773941 4294901760
-5.1333232 -12.442047 -2.7487967 4294901760
-5.2801585 -14.812046 -2.5334346 4294901760
-8.0166407 -17.020805 -2.6423848 4294901760
-8.4906273 -23.818142 -2.096812 4294901760
-8.1165047 -19.672625 -2.3984184 4294901760
-1.3762014 -3.3028615 -3.1785879 4294901760
-2.0322225 -5.6385388 -3.0398438 4294901760
-3.258563 -7.8204994 -2.9722092 4294901760
-3.63447 -10.084084 -2.7789669 4294901760
-5.176723 -12.424053 -2.7542095 4294901760
-5.3318305 -14.793525 -2.539623 4294901760
-8.0674591 -16.974733 -2.6490681 4294901760
-8.5480108 -23.717037 -2.1054833 4294901760
-8.2924623 -19.901777 -2.4165108 4294901760
-1.3913625 -3.3083048 -3.1845162 4294901760
-2.0469546 -5.6209106 -3.0394619 4294901760
-3.2829576 -7.806035 -2.9748509 4294901760
-3.6665368 -10.068262 -2.7825742 4294901760
-5.2194314 -12.410476 -2.7596767 4294901760
-5.3740525 -14.757077 -2.5444169 4294901760
-8.1150951 -16.92993 -2.6553588 4294901760
-8.617053 -23.662315 -2.1144416 4294901760
-8.2965889 -19.727169 -2.4192502 4294901760
-1.4020611 -3.2998462 -3.1845145 4294901760
-2.0715368 -5.6242142 -3.0445726 4294901760
-3.3130803 -7.7975597 -2.9790382 4294901760
-3.7034147 -10.054756 -2.7870162 4294901760
-5.2617807 -12.383959 -2.7647381 4294901760
-5.4281039 -14.737281 -2.5509276 4294901760
-8.1770926 -16.900074 -2.6634569 4294901760
-8.6292496 -23.428379 -2.1210742 4294901760
-8.3891048 -19.744329 -2.4301248 4294901760
-1.4124206 -3.2954254 -3.1858177 4294901760
-2.0865095 -5.6104574 -3.0449488 4294901760
-3.3391047 -7.7907176 -2.9827201 4294901760
-3.732228 -10.035663 -2.79001 4294901760
-5.2990952 -12.36372 -2.7693071 4294901760
-5.4771476 -14.727612 -2.5569606 4294901760
-8.2336349 -16.88146 -2.6708264 4294901760
-8.7083712 -23.416113 -2.1302474 4294901760
-8.3725634 -19.53466 -2.4308789 4294901760
-1.4210362 -3.2838209 -3.1842194 4294901760
-2.1101477 -5.6139569 -3.0499594 4294901760
-3.3631651 -7.7718153 -2.9849391 4294901760
-3.7672377 -10.022573 -2.7942505 4294901760
-5.3422222 -12.345147 -2.7747469 4294901760
-5.5285249 -14.708403 -2.5631838 4294901760
-8.2907572 -16.849043 -2.678349 4294901760
-8.8012905 -23.415455 -2.1407297 4294901760
-8.4312038 -19.483362 -2.4386187 4294901760
-1.4336346 -3.2783403 -3.1858132 4294901760
-2.1303189 -5.6022129 -3.0516949 4294901760
-3.3976965 -7.7696261 -2.99053 4294901760
-3.8070984 -10.011728 -2.7993357 4294901760
-5.3911748 -12.328179 -2.7810638 4294901760
-5.5821328 -14.67963 -2.5695899 4294901760
-8.3429861 -16.792116 -2.68537 4294901760
-8.8684416 -23.321812 -2.1504414 4294901760
-8.5315094 -19.509289 -2.4503832 4294901760
-1.4453895 -3.2771373 -3.1886463 4294901760
-2.1465278 -5.5918965 -3.0529552 4294901760
-3.4236708 -7.7625017 -2.9942324 4294901760
-3.8399487 -10.003409 -2.8035803 4294901760
-5.4330797 -12.318442 -2.7866268 4294901760
-5.6239467 -14.650884 -2.5745256 4294901760
-8.3885651 -16.751579 -2.6914752 4294901760
-8.9416647 -23.293837 -2.1593633 4294901760
-8.5959749 -19.489687 -2.458446 4294901760
-8.3260088 -25.323704 -1.8898098 4294901760
-1.4588662 -3.2751291 -3.1917019 4294901760
-2.1670086 -5.5839915 -3.0554576 4294901760
-3.4505031 -7.7463193 -2.9972403 4294901760
-3.8751569 -9.9855824 -2.807641 4294901760
-5.47012 -12.280324 -2.7907279 4294901760
-5.6804848 -14.637588 -2.5815392 4294901760
-8.4534998 -16.727833 -2.7000372 4294901760
-9.1034927 -23.458063 -2.1739402 4294901760
-8.7306156 -19.60008 -2.4732766 4294901760
-1.4697188 -3.2702732 -3.1930866 4294901760
-2.186919 -5.5803609 -3.0586114 4294901760
-3.4745631 -7.7312555 -2.9999051 4294901760
-3.9125748 -9.983717 -2.8129492 4294901760
-5.5140653 -12.269355 -2.7965794 4294901760
-5.7318945 -14.626076 -2.5879436 4294901760
-8.4944592 -16.671318 -2.7056568 4294901760
-8.7590046 -22.350351 -2.1603112 4294901760
-8.8119049 -19.607382 -2.4830542 4294901760
-8.5929937 -25.533575 -1.913009 4294901760
-1.479628 -3.2618217 -3.1930151 4294901760
-2.2049675 -5.5691118 -3.0601161 4294901760
-3.5031507 -7.7226529 -3.0039685 4294901760
-3.9459469 -9.9663239 -2.8168099 4294901760
-5.5535827 -12.242805 -2.801394 4294901760
-5.7814517 -14.60228 -2.5939822 4294901760
-8.5562439 -16.648649 -2.713846 4294901760
-9.2321091 -23.317644 -2.1917996 4294901760
-8.8654737 -19.543829 -2.4904509 4294901760
-8.6447668 -25.393837 -1.9224743 4294901760
-1.4894954 -3.2533407 -3.1929421 4294901760
-2.2258239 -5.5649576 -3.0633996 4294901760
-3.5284524 -7.70681 -3.0068114 4294901760
-3.9836466 -9.9598284 -2.8219361 4294901760
-5.6012387 -12.234169 -2.8078721 4294901760
-5.8338642 -14.585703 -2.600493 4294901760
-8.6069727 -16.604536 -2.7207203 4294901760
-9.2852888 -23.214882 -2.2002466 4294901760
-8.8655949 -19.364143 -2.4929595 4294901760
-1.5029309 -3.2511504 -3.1960104 4294901760
-2.2447619 -5.5531912 -3.0650282 4294901760
-3.5550306 -7.6902666 -3.0098286 4294901760
-4.021606 -9.9488258 -2.8268676 4294901760
-5.6443772 -12.209955 -2.8133049 4294901760
-5.8843036 -14.556849 -2.6066267 4294901760
-8.6603928 -16.558765 -2.7279785 4294901760
-9.3493786 -23.128902 -2.2095709 4294901760
-8.8946877 -19.241051 -2.4982402 4294901760
-8.7133017 -25.007145 -1.9406073 4294901760
-1.516768 -3.2527194 -3.2004731 4294901760
-2.263165 -5.5457168 -3.0673096 4294901760
-3.5788553 -7.67488 -3.0125012 4294901760
-4.0545759 -9.9354353 -2.830955 4294901760
-5.6898661 -12.201958 -2.8195355 4294901760
-5.9295387 -14.529891 -2.6121349 4294901760
-8.7096825 -16.519382 -2.7346807 4294901760
-9.1455975 -22.410603 -2.2030339 4294901760
-8.9483347 -19.189766 -2.5055387 4294901760
-8.7842493 -24.944225 -1.9501071 4294901760
-1.5296561 -3.2506857 -3.2034788 4294901760
-2.2839766 -5.5413446 -3.0706081 4294901760
-3.6089628 -7.6694388 -3.017204 4294901760
-4.0862188 -9.9139128 -2.8344123 4294901760
-5.7290449 -12.174844 -2.8243701 4294901760
-5.9756732 -14.498075 -2.617722 4294901760
-8.7691612 -16.492399 -2.7426751 4294901760
-9.2055197 -22.334272 -2.2116981 4294901760
-9.0865564 -19.309921 -2.5208006 4294901760
-1.5404276 -3.2455952 -3.2048774 4294901760
-2.3052995 -5.540853 -3.074688 4294901760
-3.6343763 -7.6574287 -3.0205035 4294901760
-4.1190724 -9.9003086 -2.8385081 4294901760
-5.7659845 -12.148609 -2.8289297 4294901760
-6.0191355 -14.467164 -2.6229939 4294901760
-8.8200426 -16.456207 -2.7496083 4294901760
-9.2795334 -22.303623 -2.2209256 4294901760
-9.1966972 -19.37693 -2.5333908 4294901760
-8.9754562 -24.943954 -1.9710816 4294901760
-1.5486153 -3.233659 -3.2032704 4294901760
-2.3216419 -5.5256696 -3.0753109 4294901760
-3.6678598 -7.6588464 -3.0264688 4294901760
-4.1566672 -9.893158 -2.843683 4294901760
-5.8169241 -12.146301 -2.8361495 4294901760
-6.0665164 -14.438732 -2.6288211 4294901760
-8.879323 -16.428822 -2.7576208 4294901760
-9.6339998 -22.92959 -2.2469347 4294901760
-9.2573891 -19.330326 -2.5415485 4294901760
-1.560457 -3.2279613 -3.2048168 4294901760
-2.340374 -5.5135775 -3.0769501 4294901760
-3.692492 -7.6382885 -3.0288837 4294901760
-4.1928997 -9.8778563 -2.8482265 4294901760
-5.8631306 -12.128471 -2.8423004 4294901760
-6.1131806 -14.401755 -2.6344817 4294901760
-8.9261322 -16.371689 -2.7641823 4294901760
-9.7148581 -22.886778 -2.2572799 4294901760
-9.3021498 -19.242426 -2.5483623 4294901760
-1.5748942 -3.2290113 -3.2093782 4294901760
-2.3596065 -5.505374 -3.0793688 4294901760
-3.7156942 -7.6183019 -3.0311224 4294901760
-4.2257986 -9.8595266 -2.852128 4294901760
-5.9106517 -12.118631 -2.8488727 4294901760
-6.1665506 -14.387639 -2.641288 4294901760
-8.9793921 -16.333452 -2.7715056 4294901760
-9.4488678 -22.045858 -2.246582 4294901760
-9.3692646 -19.209837 -2.5571525 4294901760
-1.5855933 -3.2237706 -3.2107835 4294901760
-2.3778503 -5.4975185 -3.08167 4294901760
-3.7426689 -7.609458 -3.0350649 4294901760
-4.2553329 -9.8382025 -2.855382 4294901760
-5.9402986 -12.077599 -2.8520737 4294901760
-6.2158074 -14.370761 -2.6475472 4294901760
-9.0277157 -16.293133 -2.7782052 4294901760
-9.4949942 -21.952143 -2.2541676 4294901760
-9.4575491 -19.228745 -2.5678256 4294901760
-1.5952247 -3.2149694 -3.2107182 4294901760
-2.398566 -5.4927158 -3.0849981 4294901760
-3.7709496 -7.5998616 -3.0391886 4294901760
-4.2959738 -9.837779 -2.8614621 4294901760
-5.9806552 -12.053238 -2.8572743 4294901760
-6.2643375 -14.345333 -2.6536393 4294901760
-9.0981264 -16.285862 -2.7876563 4294901760
-9.8845415 -22.635599 -2.2829444 4294901760
-9.4732199 -19.092051 -2.5718203 4294901760
-1.6021278 -3.1993766 -3.2076299 4294901760
-2.4155726 -5.4768391 -3.0857406 4294901760
-3.8005352 -7.5894966 -3.0434952 4294901760
-4.3351922 -9.8292007 -2.8669059 4294901760
-6.0265684 -12.034784 -2.8634541 4294901760
-6.3152695 -14.318639 -2.6600547 4294901760
-9.1499376 -16.238529 -2.7949102 4294901760
-9.9964237 -22.664936 -2.2952445 4294901760
-9.5145702 -19.000166 -2.5783596 4294901760
-1.6159965 -3.2005181 -3.2121329 4294901760
-2.4305892 -5.46176 -3.0862374 4294901760
-3.8221469 -7.5698495 -3.0455639 4294901760
-4.3613353 -9.8003263 -2.8692968 4294901760
-6.0628676 -12.007648 -2.8680365 4294901760
-6.3659511 -14.304885 -2.6665924 4294901760
-9.1978359 -16.197706 -2.8016167 4294901760
-10.087752 -22.668119 -2.3058059 4294901760
-9.5236187 -18.861744 -2.5815973 4294901760
-1.6304492 -3.2013185 -3.2167175 4294901760
-2.4512184 -5.4567561 -3.0895755 4294901760
-3.8396468 -7.5389853 -3.0459054 4294901760
-4.3987584 -9.7922535 -2.8745377 4294901760
-6.1065469 -11.989948 -2.8739531 4294901760
-6.4109578 -14.271691 -2.6722016 4294901760
-9.2523422 -16.162045 -2.8091946 4294901760
-9.6093035 -18.867462 -2.5922275 4294901760
-1.6399575 -3.1923831 -3.2166533 4294901760
-2.4702511 -5.4481668 -3.0920107 4294901760
-3.867732 -7.5290251 -3.0500441 4294901760
-4.4312806 -9.7732401 -2.8784664 4294901760
-6.1501756 -11.972088 -2.8798792 4294901760
-6.4590936 -14.245604 -2.6783168 4294901760
-9.2927761 -16.102053 -2.8150742 4294901760
-10.267181 -22.644384 -2.3273449 4294901760
-9.7042522 -18.890543 -2.603771 4294901760
-1.6577622 -3.1995139 -3.2243562 4294901760
-2.4940627 -5.4500179 -3.0971818 4294901760
-3.89399 -7.5154781 -3.0535533 4294901760
-4.4637246 -9.754117 -2.8823977 4294901760
-6.1882782 -11.9435 -2.8847487 4294901760
-6.5021625 -14.208505 -2.6836712 4294901760
-9.3469248 -16.066074 -2.8226483 4294901760
-9.7572956 -18.831774 -2.6113505 4294901760
-1.6571677 -3.1712172 -3.2149651 4294901760
-2.5130715 -5.4412789 -3.0996282 4294901760
-3.9220171 -7.5053163 -3.0577049 4294901760
-4.496088 -9.7348881 -2.8863313 4294901760
-6.2336068 -11.92886 -2.891046 4294901760
-6.5483847 -14.178501 -2.6895349 4294901760
-9.4049635 -16.036785 -2.8307192 4294901760
-10.376499 -22.467098 -2.344521 4294901760
-9.845129 -18.840002 -2.6222742 4294901760
-1.6732979 -3.1750345 -3.2211223 4294901760
-2.5304227 -5.4289823 -3.1011636 4294901760
-3.9555063 -7.5054593 -3.0637827 4294901760
-4.5317121 -9.7227173 -2.89116 4294901760
-6.2733588 -11.903518 -2.8962798 4294901760
-6.5927968 -14.144742 -2.6951416 4294901760
-9.4568319 -15.997001 -2.8380561 4294901760
-10.422832 -22.362022 -2.3525684 4294901760
-9.938714 -18.858423 -2.6337826 4294901760
-9.6608534 -23.685013 -2.0828929 4294901760
-1.6838168 -3.1694686 -3.2225401 4294901760
-2.5500495 -5.4240475 -3.1044075 4294901760
-3.9730113 -7.478447 -3.0645697 4294901760
-4.5622449 -9.7040586 -2.894882 4294901760
-6.3146567 -11.886154 -2.9019568 4294901760
-6.6362791 -14.115604 -2.7006872 4294901760
-9.5016727 -15.951867 -2.8445015 4294901760
-10.495228 -22.323727 -2.3620481 4294901760
-10.004933 -18.832407 -2.6425655 4294901760
-9.7423782 -23.660233 -2.0927768 4294901760
-1.6977408 -3.170259 -3.2270792 4294901760
-2.5663724 -5.4120812 -3.105823 4294901760
-4.0014925 -7.472146 -3.069205 4294901760
-4.5859332 -9.6710215 -2.8968086 4294901760
-6.3615313 -11.879141 -2.9087279 4294901760
-6.6796446 -14.086334 -2.7062342 4294901760
-9.5524702 -15.916856 -2.8516948 4294901760
-10.582877 -22.317644 -2.3725443 4294901760
-10.020278 -18.711264 -2.6464624 4294901760
-1.7007334 -3.1480675 -3.2208469 4294901760
-2.5878546 -5.4061127 -3.1093216 4294901760
-4.0269885 -7.4539785 -3.0722702 4294901760
-4.6247616 -9.6612768 -2.9023206 4294901760
-6.3993697 -11.84527 -2.9135346 4294901760
-6.7329464 -14.065344 -2.7132125 4294901760
-9.604557 -15.871513 -2.8591692 4294901760
-10.606027 -22.156334 -2.3793199 4294901760
-10.113426 -18.720009 -2.6581347 4294901760
-1.7111636 -3.1424103 -3.2222652 4294901760
-2.6057677 -5.397501 -3.1116602 4294901760
-4.0535603 -7.4440279 -3.0762744 4294901760
-4.6584926 -9.6494474 -2.9069526 4294901760
-6.4348207 -11.817016 -2.9181411 4294901760
-6.7778225 -14.039357 -2.7190316 4294901760
-9.6384792 -15.808972 -2.8643277 4294901760
-10.365443 -21.470636 -2.3680592 4294901760
-10.171635 -18.679365 -2.6661987 4294901760
-1.7226697 -3.1361175 -3.2238345 4294901760
-2.6221583 -5.3809886 -3.1124043 4294901760
-4.082706 -7.4325595 -3.0806398 4294901760
-4.6938286 -9.632309 -2.9115789 4294901760
-6.48382 -11.803783 -2.9251428 4294901760
-6.8344603 -14.025146 -2.7265632 4294901760
-9.6942711 -15.770146 -2.8722978 4294901760
-10.625855 -21.805552 -2.3905094 4294901760
-10.24195 -18.645452 -2.6757135 4294901760
-1.7388757 -3.1395988 -3.2300279 4294901760
-2.644325 -5.3787165 -3.1167157 4294901760
-4.1029243 -7.4079685 -3.0822368 4294901760
-4.732655 -9.6265059 -2.9173582 4294901760
-6.5230613 -11.777608 -2.9304051 4294901760
-6.8781128 -13.990497 -2.7321813 4294901760
-9.751359 -15.739596 -2.8803961 4294901760
-10.758243 -21.882914 -2.4042895 4294901760
-10.272204 -18.546814 -2.6812189 4294901760
-1.7498244 -3.1335099 -3.23153 4294901760
-2.663084 -5.369453 -3.1191862 4294901760
-4.1249332 -7.3867521 -3.0844786 4294901760
-4.7592039 -9.5957632 -2.9199495 4294901760
-6.5544605 -11.737444 -2.9341893 4294901760
-6.9198384 -13.952149 -2.7375271 4294901760
-9.7999134 -15.695328 -2.8874645 4294901760
-10.999449 -22.177679 -2.4255168 4294901760
-10.32522 -18.489956 -2.6889529 4294901760
-10.155906 -23.268085 -2.1510165 4294901760
-1.7589732 -3.1242237 -3.2314646 4294901760
-2.6800873 -5.3566799 -3.120733 4294901760
-4.1487694 -7.3688912 -3.0873704 4294901760
-4.797976 -9.5896959 -2.9257474 4294901760
-6.5934453 -11.711036 -2.9394493 4294901760
-6.961381 -13.913685 -2.7428675 4294901760
-9.8482771 -15.650911 -2.8945289 4294901760
-11.044659 -22.074915 -2.4335403 4294901760
-10.383831 -18.44338 -2.6972501 4294901760
-1.7693241 -3.1183736 -3.232893 4294901760
-2.6943665 -5.3408847 -3.121228 4294901760
-4.173183 -7.355093 -3.0907393 4294901760
-4.827971 -9.5702038 -2.9294956 4294901760
-6.6263704 -11.678753 -2.9436829 4294901760
-7.005692 -13.886972 -2.7487006 4294901760
-9.9086533 -15.631621 -2.9030397 4294901760
-11.051304 -21.906351 -2.4386632 4294901760
-10.431164 -18.384573 -2.7043295 4294901760
-1.7861425 -3.1213076 -3.2391887 4294901760
-2.7121747 -5.3275409 -3.1228962 4294901760
-4.2020583 -7.343153 -3.0951221 4294901760
-4.8630128 -9.5524454 -2.9341507 4294901760
-6.6730695 -11.661277 -2.9503512 4294901760
-7.0547352 -13.857658 -2.7551804 4294901760
-9.961587 -15.58849 -2.9107656 4294901760
-10.691613 -21.0016 -2.4189146 4294901760
-10.500453 -18.349682 -2.71384 4294901760
-1.793404 -3.1087732 -3.2375529 4294901760
-2.7342739 -5.324894 -3.1272342 4294901760
-4.2335453 -7.3386326 -3.1006501 4294901760
-4.8927169 -9.5283794 -2.9376612 4294901760
-6.7117515 -11.634475 -2.9556193 4294901760
-7.0976148 -13.822334 -2.7607901 4294901760
-10.003003 -15.533532 -2.9170315 4294901760
-11.153092 -21.720222 -2.4556766 4294901760
-10.478778 -18.164421 -2.7142675 4294901760
-1.8013403 -3.0999892 -3.2373364 4294901760
-2.7527597 -5.3196993 -3.1304004 4294901760
-4.2546091 -7.3219047 -3.1031976 4294901760
-4.9226274 -9.5129614 -2.9416575 4294901760
-6.7402949 -11.599608 -2.9591894 4294901760
-7.1391773 -13.796437 -2.766309 4294901760
-10.030087 -15.468613 -2.9214251 4294901760
-10.425628 -17.941826 -2.7113061 4294901760
-1.8132302 -3.09305 -3.2389965 4294901760
-2.7749491 -5.3125048 -3.1340694 4294901760
-4.2846756 -7.3088984 -3.1077795 4294901760
-4.9609485 -9.4974937 -2.9470148 4294901760
-6.7908053 -11.583913 -2.9665415 4294901760
-7.1957817 -13.775973 -2.7739606 4294901760
-10.045815 -15.36332 -2.9246593 4294901760
-11.326627 -21.684275 -2.4774933 4294901760
-10.440004 -17.808802 -2.7155142 4294901760
-1.824016 -3.0867016 -3.2405071 4294901760
-2.7898858 -5.29597 -3.1346872 4294901760
-4.3041759 -7.2837667 -3.1093609 4294901760
-4.992229 -9.4766226 -2.9509976 4294901760
-6.835237 -11.566969 -2.9729629 4294901760
-7.2364116 -13.736698 -2.7792916 4294901760
-10.110339 -15.344788 -2.9338408 4294901760
-11.413408 -21.665787 -2.4884484 4294901760
-1.8347796 -3.0803156 -3.2420192 4294901760
-2.7975121 -5.2657886 -3.1315508 4294901760
-4.3315825 -7.2720671 -3.1135931 4294901760
-5.0308409 -9.4696083 -2.9568651 4294901760
-6.8755722 -11.543038 -2.9786289 4294901760
-7.2824512 -13.70784 -2.7854664 4294901760
-10.205695 -15.372444 -2.9468729 4294901760
-11.477736 -21.604671 -2.4978337 4294901760
-10.768098 -18.077997 -2.7532527 4294901760
-1.8431188 -3.071106 -3.2418759 4294901760
-2.8149588 -5.2564826 -3.1339095 4294901760
-4.3536553 -7.2543001 -3.1163211 4294901760
-5.0603499 -9.4493895 -2.9606342 4294901760
-6.9178963 -11.526979 -2.9847863 4294901760
-7.3278685 -13.683615 -2.7916064 4294901760
-10.263257 -15.348448 -2.9551787 4294901760
-11.596409 -21.654428 -2.5108852 4294901760
-10.846451 -18.072952 -2.7635343 4294901760
-1.8581165 -3.0705333 -3.2466297 4294901760
-2.8378677 -5.2529078 -3.138401 4294901760
-4.3802147 -7.2382946 -3.1200738 4294901760
-5.0949502 -9.4307785 -2.9653256 4294901760
-6.9559898 -11.494757 -2.9899755 4294901760
-7.3798633 -13.660165 -2.7986863 4294901760
-10.297185 -15.277704 -2.9606893 4294901760
-11.654838 -21.573162 -2.5201321 4294901760
-10.910556 -18.029667 -2.7726769 4294901760
-1.8677539 -3.0646803 -3.2479954 4294901760
-2.8561983 -5.2473497 -3.1415854 4294901760
-4.4049745 -7.2278471 -3.1239622 4294901760
-5.1245532 -9.4147253 -2.9693508 4294901760
-6.9879384 -11.46607 -2.9943109 4294901760
-7.4303474 -13.650884 -2.8056691 4294901760
-10.340658 -15.238686 -2.9672184 4294901760
-11.68631 -21.469851 -2.5267136 4294901760
-10.967144 -17.9953 -2.7806957 4294901760
-1.8751774 -3.0516372 -3.2464187 4294901760
-2.8791182 -5.2435994 -3.1460934 4294901760
-4.4314346 -7.2116547 -3.1277225 4294901760
-5.1590233 -9.3958807 -2.9740512 4294901760
-7.0278368 -11.437002 -2.9998863 4294901760
-7.4822412 -13.627046 -2.8127742 4294901760
-10.387444 -15.187536 -2.9743657 4294901760
-11.761076 -21.419882 -2.5371525 4294901760
-11.010064 -17.917624 -2.7877479 4294901760
-1.8871948 -3.0484843 -3.2494466 4294901760
-2.8927608 -5.2272825 -3.1465781 4294901760
-4.4615188 -7.206924 -3.1331453 4294901760
-5.1901531 -9.3787212 -2.9783084 4294901760
-7.0678134 -11.417008 -3.0056784 4294901760
-7.5254641 -13.59868 -2.8186574 4294901760
-10.424196 -15.133328 -2.9801543 4294901760
-11.806926 -21.335375 -2.545018 4294901760
-11.065224 -17.874235 -2.7957854 4294901760
-1.896436 -3.0384715 -3.2494535 4294901760
-2.9137774 -5.2200079 -3.1501505 4294901760
-4.4816732 -7.1805415 -3.1348948 4294901760
-5.2244925 -9.3596354 -2.9830186 4294901760
-7.1075106 -11.38766 -3.0112607 4294901760
-7.5713782 -13.56406 -2.8249006 4294901760
-10.493219 -15.114648 -2.9901173 4294901760
-11.892824 -21.305895 -2.5563061 4294901760
-11.117996 -17.813265 -2.8038604 4294901760
-1.9070307 -3.0318332 -3.250973 4294901760
-2.9338706 -5.2131624 -3.153604 4294901760
-4.5087996 -7.1681738 -3.1391613 4294901760
-5.2571325 -9.341341 -2.9875093 4294901760
-7.142992 -11.356062 -3.0161645 4294901760
-7.6245313 -13.547946 -2.8322928 4294901760
-10.543634 -15.074664 -2.9977155 4294901760
-12.004306 -21.33032 -2.5692828 4294901760
-11.190722 -17.79122 -2.8138433 4294901760
-1.9184859 -3.0288897 -3.2539327 4294901760
-2.9464343 -5.1972175 -3.1539607 4294901760
-4.5291977 -7.15066 -3.1417191 4294901760
-5.2786565 -9.3110266 -2.98962 4294901760
-7.1786327 -11.333566 -3.0212901 4294901760
-7.6592107 -13.510087 -2.8369744 4294901760
-10.584063 -15.031696 -3.0039525 4294901760
-12.120458 -21.379284 -2.5821822 4294901760
-11.257227 -17.772816 -2.8229563 4294901760
-1.9256728 -3.015727 -3.252346 4294901760
-2.9635518 -5.1830397 -3.1556416 4294901760
-4.5574875 -7.1373181 -3.1461742 4294901760
-5.3166723 -9.2984781 -2.9953074 4294901760
-7.2222614 -11.310525 -3.027673 4294901760
-7.702755 -13.471567 -2.8429244 4294901760
-10.616037 -14.960322 -3.0093465 4294901760
-12.210621 -21.355501 -2.5939021 4294901760
-11.333021 -17.748238 -2.8334327 4294901760
-1.9337016 -3.0062752 -3.2521968 4294901760
-2.9788001 -5.1698461 -3.1570706 4294901760
-4.581131 -7.1221642 -3.1495948 4294901760
-5.3514247 -9.2876463 -3.0005562 4294901760
-7.2618756 -11.289847 -3.0334935 4294901760
-7.749372 -13.449395 -2.8494172 4294901760
-10.654012 -14.908834 -3.0153749 4294901760
-12.267427 -21.290689 -2.6026714 4294901760
-11.385345 -17.700497 -2.8412786 4294901760
-1.9447063 -2.9991682 -3.2537935 4294901760
-2.9977272 -5.1588941 -3.1597049 4294901760
-4.600801 -7.0954547 -3.1513302 4294901760
-5.3834414 -9.264554 -3.0048001 4294901760
-7.3032031 -11.263158 -3.0394902 4294901760
-7.7826266 -13.393395 -2.8538592 4294901760
-10.699269 -14.856759 -3.0224688 4294901760
-12.15893 -20.924728 -2.5994205 4294901760
-11.421942 -17.615166 -2.8477972 4294901760
-1.9611125 -3.001466 -3.2601087 4294901760
-3.0157173 -5.1483984 -3.1622164 4294901760
-4.627686 -7.0826344 -3.1556153 4294901760
-5.4117532 -9.238884 -3.0083294 4294901760
-7.3381343 -11.230952 -3.044399 4294901760
-7.8273215 -13.362715 -2.8600762 4294901760
-10.755743 -14.825769 -3.0309236 4294901760
-12.377107 -21.130058 -2.6206431 4294901760
-11.492085 -17.588539 -2.8576305 4294901760
-12.248771 -23.469639 -2.3873467 4294901760
-1.9710552 -2.9949462 -3.26156 4294901760
-3.0366893 -5.1450047 -3.1665213 4294901760
-4.6533041 -7.0705256 -3.1597257 4294901760
-5.4524055 -9.2379065 -3.0150743 4294901760
-7.3731565 -11.203241 -3.0494249 4294901760
-7.8655262 -13.32641 -2.86536 4294901760
-10.804849 -14.790021 -3.0384047 4294901760
-12.36801 -20.954882 -2.6244032 4294901760
-11.545964 -17.543671 -2.8656855 4294901760
-12.545852 -23.845749 -2.4105673 4294901760
-1.9820187 -2.9877017 -3.2631655 4294901760
-3.0535562 -5.1305289 -3.1682062 4294901760
-4.6748509 -7.046886 -3.1621408 4294901760
-5.4902711 -9.2246523 -3.0208108 4294901760
-7.4053941 -11.162916 -3.053802 4294901760
-7.9041476 -13.280404 -2.8706791 4294901760
-10.85426 -14.743902 -3.0460832 4294901760
-12.505954 -21.012274 -2.6398759 4294901760
-11.588148 -17.468014 -2.8728204 4294901760
-12.569532 -23.679726 -2.4185941 4294901760
-1.9944508 -2.9837792 -3.2662978 4294901760
-3.0674837 -5.1132331 -3.1688023 4294901760
-4.701601 -7.0337853 -3.1664386 4294901760
-5.5204048 -9.2020435 -3.0248461 4294901760
-7.4465218 -11.140298 -3.059927 4294901760
-7.9361358 -13.22886 -2.8750448 4294901760
-10.896173 -14.693129 -3.0527678 4294901760
-12.53817 -20.900059 -2.6470289 4294901760
-11.677856 -17.470545 -2.884737 4294901760
-12.620089 -23.575876 -2.4278579 4294901760
-2.0043344 -2.9771488 -3.2677538 4294901760
-3.0864155 -5.1063294 -3.1721582 4294901760
-4.7205195 -7.0116491 -3.1684892 4294901760
-5.5529342 -9.1870689 -3.029649 4294901760
-7.4789915 -11.10896 -3.0645423 4294901760
-7.9779043 -13.199067 -2.8809257 4294901760
-10.935305 -14.644151 -3.0590487 4294901760
-12.607409 -20.858366 -2.6568089 4294901760
-11.709008 -17.392038 -2.8904996 4294901760
-12.705783 -23.547949 -2.4388986 4294901760
-2.0147145 -2.970134 -3.2692873 4294901760
-3.1042213 -5.0955243 -3.1746807 4294901760
-4.744966 -6.9951282 -3.172101 4294901760
-5.5849695 -9.1676283 -3.0341873 4294901760
-7.5221782 -11.089352 -3.0710888 4294901760
-8.0156527 -13.157552 -2.8862002 4294901760
-10.969598 -14.58361 -3.0648072 4294901760
-12.673916 -20.804008 -2.6666279 4294901760
-11.774122 -17.357656 -2.8999221 4294901760
-2.0230243 -2.9600902 -3.2692149 4294901760
-3.1260202 -5.0912228 -3.1791387 4294901760
-4.7671409 -6.9752831 -3.1750212 4294901760
-5.6148686 -9.1447096 -3.038229 4294901760
-7.5586023 -11.059751 -3.0764048 4294901760
-8.0552893 -13.119325 -2.8917799 4294901760
-11.025249 -14.551578 -3.073281 4294901760
-12.729753 -20.732433 -2.6756287 4294901760
-11.830142 -17.30987 -2.9084234 4294901760
-12.785389 -23.304682 -2.4561076 4294901760
-2.037456 -2.9589827 -3.2739658 4294901760
-3.1478255 -5.0868316 -3.1836047 4294901760
-4.7981324 -6.9682932 -3.1807232 4294901760
-5.6509128 -9.1317778 -3.0437768 4294901760
-7.6016607 -11.039838 -3.0829666 4294901760
-8.1031256 -13.09451 -2.8986132 4294901760
-11.095303 -14.538334 -3.0835991 4294901760
-12.734849 -20.579296 -2.6806502 4294901760
-11.908576 -17.294741 -2.9192758 4294901760
-12.864722 -23.256422 -2.4671009 4294901760
-2.045706 -2.948874 -3.2738941 4294901760
-3.1594479 -5.0660067 -3.1832304 4294901760
-4.817956 -6.9450574 -3.1829505 4294901760
-5.6806631 -9.1086416 -3.0478244 4294901760
-7.6378894 -11.009975 -3.0882883 4294901760
-8.1529942 -13.072893 -2.9057724 4294901760
-11.138701 -14.490044 -3.0905674 4294901760
-12.717924 -20.392515 -2.6839063 4294901760
-11.966602 -17.24979 -2.9280291 4294901760
-12.889437 -23.110271 -2.4747458 4294901760
-2.0559871 -2.941715 -3.2754316 4294901760
-3.179162 -5.0582085 -3.1867344 4294901760
-4.8421702 -6.9281969 -3.1865718 4294901760
-5.7145271 -9.092103 -3.0528831 4294901760
-7.6671829 -10.970237 -3.0923541 4294901760
-8.2028093 -13.051087 -2.9129436 4294901760
-11.172146 -14.429029 -3.0962927 4294901760
-12.791151 -20.351372 -2.6942685 4294901760
-12.013041 -17.188307 -2.935591 4294901760
-12.913288 -22.964233 -2.4823048 4294901760
-2.0719905 -2.9437742 -3.2817323 4294901760
-3.1938577 -5.044384 -3.1881704 4294901760
-4.8718901 -6.9217234 -3.192116 4294901760
-5.7446465 -9.0731039 -3.0572135 4294901760
-7.708087 -10.951241 -3.0986454 4294901760
-8.2460442 -13.023815 -2.9191599 4294901760
-11.215036 -14.38562 -3.1031578 4294901760
-12.916203 -20.39987 -2.7085514 4294901760
-12.069972 -17.148376 -2.9441307 4294901760
-12.879158 -22.726801 -2.4859021 4294901760
-2.0696726 -2.9187806 -3.2735887 4294901760
-3.2114465 -5.0332041 -3.1907067 4294901760
-4.9028287 -6.9142737 -3.1978538 4294901760
-5.78266 -9.0629902 -3.0633013 4294901760
-7.7370868 -10.91132 -3.1027012 4294901760
-8.2743425 -12.96813 -2.9231369 4294901760
-11.257805 -14.336988 -3.1101005 4294901760
-12.961579 -20.314295 -2.7167485 4294901760
-12.879202 -22.543066 -2.4918714 4294901760
-2.0777409 -2.9085882 -3.2735083 4294901760
-3.226913 -5.0187235 -3.1922686 4294901760
-4.929215 -6.9003096 -3.2021959 4294901760
-5.8142605 -9.0427494 -3.0678718 4294901760
-7.7751274 -10.884246 -3.1084421 4294901760
-8.3131075 -12.929132 -2.9287076 4294901760
-11.312722 -14.303849 -3.1186075 4294901760
-13.0432 -20.285707 -2.7278597 4294901760
-12.143049 -16.998812 -2.9572506 4294901760
-12.983715 -22.542938 -2.5044227 4294901760
-2.094234 -2.9101453 -3.2798963 4294901760
-3.2423177 -5.0041966 -3.1938293 4294901760
-4.9555621 -6.8862443 -3.2065432 4294901760
-5.8436418 -9.019083 -3.0719337 4294901760
-7.8084383 -10.850598 -3.1133351 4294901760
-8.3560247 -12.896698 -2.9349225 4294901760
-11.360103 -14.261157 -3.1261768 4294901760
-13.122611 -20.25345 -2.738821 4294901760
-12.22327 -16.985445 -2.9684305 4294901760
-13.11043 -22.580332 -2.5184376 4294901760
-2.1022518 -2.8998823 -3.2798176 4294901760
-3.2618723 -4.9960732 -3.1973476 4294901760
-4.9795694 -6.8689041 -3.2101886 4294901760
-5.8750896 -8.9986296 -3.0765095 4294901760
-7.8392797 -10.813638 -3.1177976 4294901760
-8.4009933 -12.867451 -2.9414656 4294901760
-11.399846 -14.208992 -3.1327927 4294901760
-13.210682 -20.234249 -2.7505107 4294901760
-12.287168 -16.949129 -2.9779167 4294901760
-13.449286 -22.978849 -2.5461798 4294901760
-2.1123614 -2.8925264 -3.2813575 4294901760
-3.2835259 -4.9910927 -3.2018526 4294901760
-5.0012035 -6.8483133 -3.2131269 4294901760
-5.9021206 -8.9714632 -3.0800581 4294901760
-7.8722982 -10.779798 -3.1226819 4294901760
-8.4436722 -12.834724 -2.9476852 4294901760
-11.449376 -14.169111 -3.1406755 4294901760
-13.285618 -20.194677 -2.7611639 4294901760
-12.339202 -16.896477 -2.9861698 4294901760
-13.172418 -22.326664 -2.5342429 4294901760
-2.1160002 -2.8763752 -3.2780309 4294901760
-3.3009272 -4.9796014 -3.2043998 4294901760
-5.0250769 -6.8308153 -3.2167742 4294901760
-5.9399495 -8.9606895 -3.0861876 4294901760
-7.9004717 -10.73947 -3.1267011 4294901760
-8.4774323 -12.7886 -2.9525864 4294901760
-11.496249 -14.125974 -3.1482394 4294901760
-13.360435 -20.154835 -2.771831 4294901760
-12.386292 -16.837248 -2.993916 4294901760
-13.391053 -22.517286 -2.5543649 4294901760
-2.1303446 -2.8747966 -3.2828155 4294901760
-3.3182893 -4.9680486 -3.2069492 4294901760
-5.0512252 -6.8163829 -3.2211366 4294901760
-5.9668026 -8.9333277 -3.0897377 4294901760
-7.9402738 -10.715014 -3.1328712 4294901760
-8.5198135 -12.755623 -2.9588015 4294901760
-11.542962 -14.082677 -3.155803 4294901760
-13.412977 -20.08153 -2.780694 4294901760
-12.41888 -16.758675 -3.0001364 4294901760
-13.701488 -22.857294 -2.5806663 4294901760
-2.1403666 -2.8673427 -3.2843561 4294901760
-3.3356106 -4.9564357 -3.2095001 4294901760
-5.0773349 -6.8018527 -3.2255039 4294901760
-6.0023618 -8.9190025 -3.0953653 4294901760
-7.9752545 -10.684052 -3.13818 4294901760
-8.5598459 -12.719208 -2.9646847 4294901760
-11.581907 -14.030012 -3.1623926 4294901760
-13.494132 -20.05114 -2.791923 4294901760
-12.462994 -16.696053 -3.0075939 4294901760
-13.843121 -22.911827 -2.5960202 4294901760
-2.1547198 -2.8656487 -3.2891519 4294901760
-3.3528917 -4.9447613 -3.2120528 4294901760
-5.0916181 -6.7715483 -3.2262969 4294901760
-6.0312409 -8.8947239 -3.099437 4294901760
-8.0244236 -10.672005 -3.1461024 4294901760
-8.6019602 -12.685957 -2.9709008 4294901760
-11.618081 -13.974186 -3.1686449 4294901760
-13.557323 -19.994003 -2.8016946 4294901760
-12.530782 -16.665194 -3.0175927 4294901760
-13.879413 -22.791767 -2.6044323 4294901760
-2.1615243 -2.8559749 -3.2889142 4294901760
-3.3705812 -4.9373846 -3.2153411 4294901760
-5.1104994 -6.7523913 -3.2288661 4294901760
-6.0569267 -8.8724689 -3.1030488 4294901760
-8.0459385 -10.630923 -3.1490958 4294901760
-8.6305609 -12.642448 -2.9751163 4294901760
-11.656814 -13.931509 -3.1750786 4294901760
-13.62682 -19.961201 -2.8115506 4294901760
-12.5518 -16.584419 -3.0223362 4294901760
-13.892515 -22.652773 -2.6106787 4294901760
-2.1741755 -2.8509159 -3.292166 4294901760
-3.3908389 -4.9281712 -3.2190177 4294901760
-5.1328349 -6.7304964 -3.231981 4294901760
-6.0894055 -8.8502102 -3.1078746 4294901760
-8.0704107 -10.582431 -3.152498 4294901760
-8.6745863 -12.607455 -2.9816546 4294901760
-11.707797 -13.888692 -3.1833484 4294901760
-13.641083 -19.825653 -2.8175039 4294901760
-12.5714 -16.484411 -3.0273483 4294901760
-2.1747856 -2.8321896 -3.2871091 4294901760
-3.4027739 -4.9105682 -3.2194653 4294901760
-5.1575136 -6.7165499 -3.236171 4294901760
-6.1187191 -8.8299685 -3.1122437 4294901760
-8.1078749 -10.55876 -3.1583931 4294901760
-8.7208738 -12.585157 -2.9885578 4294901760
-11.753787 -13.849792 -3.1908329 4294901760
-13.624931 -19.662239 -2.8204422 4294901760
-12.635706 -16.455282 -3.0368879 4294901760
-13.005566 -20.878075 -2.5623097 4294901760
-2.1890953 -2.8303154 -3.2919168 4294901760
-3.4265103 -4.9081345 -3.2250073 4294901760
-5.1809292 -6.6985044 -3.2398264 4294901760
-6.1472445 -8.805315 -3.1163173 4294901760
-8.1422567 -10.527251 -3.163697 4294901760
-8.7693081 -12.561159 -2.9958007 4294901760
-11.791714 -13.796565 -3.197382 4294901760
-13.679783 -19.594925 -2.8295386 4294901760
-12.61746 -16.313313 -3.0377066 4294901760
-14.005869 -22.309961 -2.6360576 4294901760
-2.198961 -2.8226571 -3.2934618 4294901760
-3.4391892 -4.889843 -3.2255812 4294901760
-5.1970477 -6.6710978 -3.2413104 4294901760
-6.1756673 -8.780571 -3.1203895 4294901760
-8.1813917 -10.501898 -3.1698878 4294901760
-8.8199635 -12.540233 -3.0033967 4294901760
-11.842396 -13.758342 -3.2055919 4294901760
-13.741208 -19.537264 -2.8392005 4294901760
-12.791929 -16.420132 -3.0592928 4294901760
-14.179697 -22.412743 -2.6538336 4294901760
-2.2020867 -2.8064077 -3.2900984 4294901760
-3.4540105 -4.8746657 -3.2271478 4294901760
-5.2275658 -6.6621723 -3.2471411 4294901760
-6.2039957 -8.7557354 -3.1244619 4294901760
-8.2204504 -10.476397 -3.1760848 4294901760
-8.8751793 -12.525594 -3.0116973 4294901760
-11.879916 -13.704882 -3.212126 4294901760
-13.86469 -19.56732 -2.8541338 4294901760
-12.876241 -16.409882 -3.0712097 4294901760
-12.871547 -20.18873 -2.5693128 4294901760
-2.2168546 -2.8040059 -3.2949934 4294901760
-3.4718535 -4.8619733 -3.2298398 4294901760
-5.2543817 -6.6460452 -3.2517116 4294901760
-6.2360444 -8.7329378 -3.1292973 4294901760
-8.25387 -10.439972 -3.1812322 4294901760
-8.9187164 -12.489744 -3.0182679 4294901760
-11.919589 -13.64925 -3.2190413 4294901760
-13.94095 -19.522865 -2.8653345 4294901760
-12.901684 -16.318794 -3.0769272 4294901760
-14.080718 -21.907736 -2.6589308 4294901760
-2.2216253 -2.7909663 -3.2931826 4294901760
-3.4947038 -4.8598146 -3.2352796 4294901760
-5.276392 -6.6285844 -3.2551916 4294901760
-6.2672777 -8.7154188 -3.1342103 4294901760
-8.2785606 -10.400126 -3.1849017 4294901760
-8.9461546 -12.440726 -3.0224383 4294901760
-11.964785 -13.609647 -3.2265174 4294901760
-13.898454 -19.327505 -2.8659763 4294901760
-12.943314 -16.260324 -3.0841248 4294901760
-14.246575 -22.005011 -2.6759779 4294901760
-2.2336221 -2.7860224 -3.2963665 4294901760
-3.507127 -4.8413472 -3.2358465 4294901760
-5.3019514 -6.6131849 -3.259587 4294901760
-6.2953434 -8.6902885 -3.1382854 4294901760
-8.3297071 -10.389739 -3.1933572 4294901760
-8.9778614 -12.393319 -3.0272713 4294901760
-12.00694 -13.561835 -3.2337058 4294901760
-13.944767 -19.24979 -2.8743999 4294901760
-12.965082 -16.171495 -3.0893192 4294901760
-13.819467 -21.182856 -2.65171 4294901760
-2.2506523 -2.7862775 -3.302917 4294901760
-3.524848 -4.8284602 -3.2385449 4294901760
-5.3236899 -6.5906572 -3.2627053 4294901760
-6.3318138 -8.6735411 -3.1442072 4294901760
-8.3577576 -10.346792 -3.1975963 4294901760
-9.0185347 -12.353906 -3.0334752 4294901760
-12.053916 -13.514764 -3.2416255 4294901760
-13.554091 -18.56687 -2.8454762 4294901760
-13.06936 -16.179693 -3.1036482 4294901760
-13.88824 -21.118721 -2.6624043 4294901760
-2.2548211 -2.7735672 -3.3010242 4294901760
-3.5422812 -4.8204675 -3.2418649 4294901760
-5.356741 -6.5891171 -3.2696774 4294901760
-6.3520103 -8.6440506 -3.1467431 4294901760
-8.3902225 -10.320484 -3.2027779 4294901760
-9.0525923 -12.319102 -3.0386894 4294901760
-12.090993 -13.4709 -3.2480178 4294901760
-13.595816 -18.50169 -2.852948 4294901760
-13.120127 -16.138554 -3.1117511 4294901760
-14.011819 -21.161518 -2.676178 4294901760
-2.2690816 -2.7712901 -3.3058631 4294901760
-3.5522096 -4.7987857 -3.2414167 4294901760
-5.3821917 -6.5734143 -3.2740901 4294901760
-6.3774395 -8.6154728 -3.1502745 4294901760
-8.4161386 -10.278855 -3.2067125 4294901760
-9.0884371 -12.277841 -3.0442023 4294901760
-12.132598 -13.422706 -3.2551913 4294901760
-13.643692 -18.431669 -2.8613889 4294901760
-13.176377 -16.092661 -3.1207564 4294901760
-14.07452 -21.095882 -2.6862133 4294901760
-2.2750912 -2.7569647 -3.304275 4294901760
-3.5706098 -4.7851105 -3.2442446 4294901760
-5.4123855 -6.5587506 -3.2796137 4294901760
-6.4057465 -8.5845861 -3.1542633 4294901760
-8.4631214 -10.255645 -3.2144163 4294901760
-9.1307583 -12.236478 -3.0507233 4294901760
-12.165275 -13.355411 -3.2614028 4294901760
-13.733457 -18.40473 -2.8739102 4294901760
-13.197471 -15.992748 -3.1262171 4294901760
-14.155417 -21.041681 -2.6981239 4294901760
-2.2800672 -2.7434294 -3.302526 4294901760
-3.5919209 -4.7787747 -3.2488387 4294901760
-5.4352484 -6.5398159 -3.283299 4294901760
-6.4356751 -8.562171 -3.1588781 4294901760
-8.5039444 -10.232141 -3.2210977 4294901760
-9.1710291 -12.201349 -3.0569425 4294901760
-12.217208 -13.318731 -3.2699587 4294901760
-13.742479 -18.283312 -2.8789928 4294901760
-13.273605 -15.971107 -3.1374412 4294901760
-14.237744 -21.005356 -2.7096083 4294901760
-2.2933261 -2.7418149 -3.3072183 4294901760
-3.602267 -4.7613239 -3.2491329 4294901760
-5.4456997 -6.510675 -3.2836514 4294901760
-6.4577718 -8.5356092 -3.1619384 4294901760
-8.5258627 -10.193203 -3.2244427 4294901760
-9.2093124 -12.17248 -3.0628629 4294901760
-12.253584 -13.274434 -3.2763276 4294901760
-14.370425 -18.994221 -2.9378076 4294901760
-13.328829 -15.935449 -3.1461046 4294901760
-14.312661 -20.973717 -2.7200258 4294901760
-2.3005474 -2.7310205 -3.307116 4294901760
-3.6235349 -4.754848 -3.2537353 4294901760
-5.4582853 -6.4796267 -3.2843604 4294901760
-6.4875274 -8.5130148 -3.1665537 4294901760
-8.5613918 -10.16338 -3.2302043 4294901760
-9.2517471 -12.140259 -3.0694449 4294901760
-12.30527 -13.237413 -3.2848918 4294901760
-14.451154 -18.962984 -2.949353 4294901760
-13.340708 -15.836989 -3.1502995 4294901760
-14.397094 -20.940073 -2.731715 4294901760
-2.3100662 -2.7229733 -3.3086648 4294901760
-3.6330738 -4.7330041 -3.2532673 4294901760
-5.4757948 -6.4545522 -3.2865458 4294901760
-6.5172038 -8.4903173 -3.1711712 4294901760
-8.5968161 -10.133433 -3.2359676 4294901760
-9.2964888 -12.111045 -3.0763934 4294901760
-12.348679 -13.191471 -3.2923975 4294901760
-14.497821 -18.887104 -2.9579251 4294901760
-13.390749 -15.784245 -3.1587105 4294901760
-14.472373 -20.892969 -2.7427607 4294901760
-2.3172023 -2.7121365 -3.3085587 4294901760
-3.6589983 -4.7324829 -3.2599123 4294901760
-5.5033884 -6.4413629 -3.2917104 4294901760
-6.5492191 -8.4706421 -3.1763434 4294901760
-8.6295586 -10.100344 -3.2412665 4294901760
-9.3411417 -12.081666 -3.0833488 4294901760
-12.375528 -13.127998 -3.2977583 4294901760
-14.610036 -18.896358 -2.9723039 4294901760
-13.469072 -15.764685 -3.1702695 4294901760
-14.588621 -20.904522 -2.7568517 4294901760
-2.3271267 -2.7036262 -3.310184 4294901760
-3.6715832 -4.7129641 -3.2605858 4294901760
-5.5218415 -6.4152045 -3.2940745 4294901760
-6.5777903 -8.4434662 -3.1806433 4294901760
-8.6716957 -10.074665 -3.2482557 4294901760
-9.3780251 -12.037938 -3.0891705 4294901760
-12.415331 -13.073892 -3.3049223 4294901760
-14.664477 -18.823801 -2.9818265 4294901760
-13.534563 -15.724281 -3.1805818 4294901760
-14.561795 -20.703985 -2.7606542 4294901760
-2.3403571 -2.7017815 -3.3148942 4294901760
-3.6887496 -4.7044358 -3.2639294 4294901760
-5.5394015 -6.3948593 -3.2966318 4294901760
-6.6018472 -8.4196463 -3.1842494 4294901760
-8.7007093 -10.044372 -3.2529793 4294901760
-9.4084387 -11.999025 -3.0939972 4294901760
-12.46185 -13.04058 -3.3127041 4294901760
-14.610291 -18.633192 -2.9810185 4294901760
-13.578678 -15.675653 -3.1881075 4294901760
-14.961247 -21.130524 -2.7953618 4294901760
-2.3573937 -2.70138 -3.3215029 4294901760
-3.7083542 -4.6939073 -3.2676644 4294901760
-5.5602226 -6.3715591 -3.2997375 4294901760
-6.6277604 -8.3891907 -3.1879892 4294901760
-8.7322435 -10.006435 -3.2580938 4294901760
-9.4572821 -11.970702 -3.1016574 4294901760
-12.504036 -12.989079 -3.3202202 4294901760
-14.750216 -18.670317 -2.9981737 4294901760
-13.625552 -15.613767 -3.1963944 4294901760
-15.031632 -21.065798 -2.8065059 4294901760
-18.466476 -19.18281 -3.1674817 4294901760
-2.3639467 -2.6908245 -3.3213208 4294901760
-3.7286956 -4.6876135 -3.2721694 4294901760
-5.5761433 -6.3471918 -3.3017204 4294901760
-6.6580043 -8.3702602 -3.1929395 4294901760
-8.7575216 -9.9684801 -3.2621534 4294901760
-9.4969273 -11.939277 -3.1079233 4294901760
-12.558126 -12.958984 -3.3291292 4294901760
-14.797147 -18.602566 -3.0066104 4294901760
-13.690412 -15.58347 -3.2064109 4294901760
-15.09442 -21.006113 -2.8165362 4294901760
-2.3709226 -2.679841 -3.3212137 4294901760
-3.7402186 -4.6685567 -3.2727087 4294901760
-5.6060619 -6.3365011 -3.3076539 4294901760
-6.687181 -8.3469677 -3.1975653 4294901760
-8.7975235 -9.9437923 -3.268867 4294901760
-9.5236254 -11.887429 -3.1122777 4294901760
-12.586596 -12.897966 -3.3347881 4294901760
-14.85201 -18.538342 -3.0159934 4294901760
-13.718307 -15.505729 -3.2124696 4294901760
-15.15595 -20.937126 -2.8267639 4294901760
-2.3831408 -2.6738396 -3.3245106 4294901760
-3.7524662 -4.6488223 -3.2733717 4294901760
-5.6292486 -6.3159118 -3.3115134 4294901760
-6.7152472 -8.3193264 -3.2018619 4294901760
-8.8365507 -9.914444 -3.2754002 4294901760
-9.5721283 -11.858634 -3.1199493 4294901760
-12.630993 -12.848907 -3.3426559 4294901760
-14.882264 -18.437208 -3.0233915 4294901760
-13.772394 -15.45237 -3.221617 4294901760
-15.199651 -20.836287 -2.8359253 4294901760
-2.3895738 -2.6632237 -3.3243229 4294901760
-3.7630031 -4.630374 -3.2737706 4294901760
-5.6396852 -6.285532 -3.311974 4294901760
-6.7403069 -8.2939444 -3.205694 4294901760
-8.86938 -9.8850861 -3.2808828 4294901760
-9.6063843 -11.820652 -3.1254613 4294901760
-12.684738 -12.818273 -3.3515823 4294901760
-14.938291 -18.381561 -3.0326788 4294901760
-13.815575 -15.39771 -3.2292664 4294901760
-15.245031 -20.753595 -2.8446581 4294901760
-2.3988557 -2.654866 -3.3258781 4294901760
-3.7815828 -4.6201911 -3.2773848 4294901760
-5.6694803 -6.274538 -3.3179238 4294901760
-6.7717199 -8.2734241 -3.2108877 4294901760
-8.9038315 -9.8540649 -3.2866552 4294901760
-9.6450682 -11.78397 -3.1316776 4294901760
-12.729405 -12.773916 -3.359431 4294901760
-15.025108 -18.357094 -3.0450015 4294901760
-13.861219 -15.340514 -3.2373571 4294901760
-15.326881 -20.713091 -2.8564689 4294901760
-2.4134505 -2.6514177 -3.3308499 4294901760
-3.8009419 -4.609272 -3.2811325 4294901760
-5.6897988 -6.2508154 -3.321022 4294901760
-6.8019977 -8.2485495 -3.21575 4294901760
-8.929204 -9.8096275 -3.2907896 4294901760
-9.6983147 -11.760814 -3.1401269 4294901760
-12.773317 -12.724363 -3.3672993 4294901760
-15.160832 -18.385021 -3.0620389 4294901760
-13.879781 -15.248333 -3.2425642 4294901760
-15.364514 -20.605572 -2.8651726 4294901760
-2.4173312 -2.6380548 -3.3289893 4294901760
-3.816205 -4.5966434 -3.2835915 4294901760
-5.7104959 -6.2319145 -3.3245132 4294901760
-6.8242621 -8.2198677 -3.2190118 4294901760
-8.9536419 -9.7711887 -3.2948177 4294901760
-9.7347193 -11.725531 -3.1460187 4294901760
-12.804116 -12.670733 -3.3732557 4294901760
-15.313472 -18.445173 -3.0802379 4294901760
-13.924881 -15.196346 -3.2504725 4294901760
-15.578961 -20.749237 -2.8870187 4294901760
-2.4236078 -2.6273594 -3.3287952 4294901760
-3.8264866 -4.5780516 -3.2839804 4294901760
-5.7337894 -6.2158265 -3.3287697 4294901760
-6.8540187 -8.2002249 -3.2239819 4294901760
-8.9886847 -9.74436 -3.3007777 4294901760
-9.7684488 -11.687081 -3.1515255 4294901760
-12.843225 -12.625412 -3.3803277 4294901760
-15.343847 -18.357552 -3.0872927 4294901760
-13.996823 -15.17353 -3.2614307 4294901760
-15.695831 -20.761147 -2.9013889 4294901760
-2.4376988 -2.6241956 -3.3336973 4294901760
-3.8449244 -4.5676136 -3.2876046 4294901760
-5.7421041 -6.1814046 -3.328615 4294901760
-6.8800554 -8.1732254 -3.2280428 4294901760
-9.0334473 -9.7245531 -3.3084908 4294901760
-9.8040619 -11.646826 -3.1573575 4294901760
-12.892918 -12.586068 -3.388921 4294901760
-15.227956 -18.090191 -3.0811148 4294901760
-14.05513 -15.13042 -3.2710228 4294901760
-15.826247 -20.782448 -2.9171486 4294901760
-2.4423468 -2.6099494 -3.3319821 4294901760
-3.8641315 -4.556428 -3.2913623 4294901760
-5.7593622 -6.1545901 -3.3309317 4294901760
-6.9022961 -8.1389093 -3.2311842 4294901760
-9.0690298 -9.6913786 -3.3145525 4294901760
-9.8466845 -11.610813 -3.1642904 4294901760
-12.930381 -12.530413 -3.3960154 4294901760
-15.317386 -18.061644 -3.0940273 4294901760
-14.113216 -15.081715 -3.2807631 4294901760
-15.936332 -20.768637 -2.9316535 4294901760
-2.4514422 -2.6014078 -3.3335371 4294901760
-3.8800128 -4.5429115 -3.2939541 4294901760
-5.7781196 -6.1315928 -3.3338284 4294901760
-6.9280977 -8.1117611 -3.2352376 4294901760
-9.0891962 -9.6452227 -3.3178744 4294901760
-9.8819876 -11.570322 -3.1701159 4294901760
-12.97117 -12.482437 -3.4034691 4294901760
-14.130231 -14.994638 -3.2857094 4294901760
-15.383813 -19.904329 -2.8936493 4294901760
-2.4625506 -2.5958946 -3.3366928 4294901760
-3.8950565 -4.5300202 -3.296417 4294901760
-5.8038206 -6.1180897 -3.3388538 4294901760
-6.9575357 -8.0917387 -3.2402132 4294901760
-9.1211329 -9.6150293 -3.3233519 4294901760
-9.9177103 -11.534474 -3.1759975 4294901760
-13.009614 -12.436603 -3.4105277 4294901760
-15.426965 -17.941835 -3.1128559 4294901760
-14.185366 -14.953484 -3.2948494 4294901760
-16.038107 -20.609276 -2.950583 4294901760
-2.4690928 -2.584661 -3.3365698 4294901760
-3.9083238 -4.513484 -3.2979662 4294901760
-5.8332701 -6.1063013 -3.3448429 4294901760
-6.9857388 -8.0674028 -3.2448452 4294901760
-9.1491575 -9.5773916 -3.3281307 4294901760
-9.9579124 -11.499784 -3.1826003 4294901760
-13.02984 -12.36918 -3.4152811 4294901760
-15.460767 -17.854694 -3.1204493 4294901760
-14.237476 -14.903874 -3.3038175 4294901760
-15.427827 -19.682909 -2.9075851 4294901760
-19.542948 -18.55205 -3.3366015 4294901760
-2.4810636 -2.5782063 -3.3398845 4294901760
-3.9248407 -4.4991293 -3.300688 4294901760
-5.8447332 -6.0735765 -3.3456008 4294901760
-7.0100656 -8.0357885 -3.2485473 4294901760
-9.1924534 -9.5523729 -3.3356688 4294901760
-10.002609 -11.466207 -3.1899295 4294901760
-13.080886 -12.326802 -3.4242611 4294901760
-15.499874 -17.767839 -3.1287644 4294901760
-14.280951 -14.840103 -3.3119709 4294901760
-15.895711 -20.127459 -2.9505751 4294901760
-19.610815 -18.480295 -3.348911 4294901760
-2.4921219 -2.5725682 -3.3430471 4294901760
-3.9397388 -4.4860892 -3.3031511 4294901760
-5.862112 -6.0513425 -3.3483086 4294901760
-7.0314579 -8.0065584 -3.2517805 4294901760
-9.2185583 -9.5161362 -3.3401549 4294901760
-10.040578 -11.432973 -3.196207 4294901760
-13.124599 -12.286077 -3.4320774 4294901760
-15.574508 -17.734331 -3.1399727 4294901760
-14.346727 -14.809844 -3.3223906 4294901760
-15.96734 -20.080887 -2.961508 4294901760
-2.501087 -2.5638535 -3.3446057 4294901760
-3.9630303 -4.4809661 -3.3088913 4294901760
-5.8886781 -6.0364585 -3.3535321 4294901760
-7.056746 -7.9790049 -3.2558243 4294901760
-9.2461786 -9.4782181 -3.3449228 4294901760
-10.072522 -11.388919 -3.201622 4294901760
-13.167406 -12.24019 -3.4398971 4294901760
-15.710337 -17.763548 -3.1571846 4294901760
-14.412255 -14.773942 -3.3329599 4294901760
-16.11968 -20.127848 -2.9792409 4294901760
-2.502399 -2.5473495 -3.3411052 4294901760
-3.9735229 -4.4613528 -3.3093889 4294901760
-5.9069633 -6.0130701 -3.3564217 4294901760
-7.0819249 -7.9513731 -3.2598655 4294901760
-9.2847672 -9.4515495 -3.3516862 4294901760
-10.112213 -11.35369 -3.2082274 4294901760
-13.204196 -12.188752 -3.4469316 4294901760
-15.899632 -17.851631 -3.1795011 4294901760
-14.455354 -14.715015 -3.3409786 4294901760
-15.630964 -19.37859 -2.9451611 4294901760
-2.5189242 -2.5463307 -3.3477232 4294901760
-3.9839275 -4.4417205 -3.3098803 4294901760
-5.925158 -5.989625 -3.3593082 4294901760
-7.1201925 -7.9383736 -3.266845 4294901760
-9.3121204 -9.4134388 -3.3564477 4294901760
-10.149128 -11.315364 -3.2144325 4294901760
-13.249599 -12.145278 -3.4551392 4294901760
-15.956519 -17.790081 -3.1893849 4294901760
-14.49822 -14.655964 -3.3489878 4294901760
-15.708578 -19.3363 -2.9567556 4294901760
-2.5252388 -2.5349543 -3.3475924 4294901760
-4.0019894 -4.430645 -3.3135276 4294901760
-5.9432616 -5.9661279 -3.3621914 4294901760
-7.1505084 -7.9164033 -3.2720695 4294901760
-9.3505239 -9.3864994 -3.3632188 4294901760
-10.188564 -11.279866 -3.2210388 4294901760
-13.294857 -12.101635 -3.4633491 4294901760
-16.007822 -17.722429 -3.1987562 4294901760
-14.557731 -14.61374 -3.3589334 4294901760
-16.483765 -20.1464 -3.02531 4294901760
-2.5357568 -2.5295687 -3.3506851 4294901760
-4.0210714 -4.4237509 -3.3179743 4294901760
-5.9647527 -5.9501963 -3.3662751 4294901760
-7.1700273 -7.8880506 -3.2750602 4294901760
-9.3799677 -9.3570776 -3.3684084 4294901760
-10.221276 -11.244859 -3.2265809 4294901760
-13.318045 -12.04645 -3.4683998 4294901760
-16.05537 -17.663193 -3.2073338 4294901760
-14.603571 -14.567933 -3.3670132 4294901760
-16.453091 -19.980501 -3.027766 4294901760
-2.5445714 -2.5207016 -3.3522439 4294901760
-4.0338879 -4.4068465 -3.3195164 4294901760
-5.9854865 -5.9293389 -3.3699419 4294901760
-7.1921802 -7.8571434 -3.2785084 4294901760
-9.4069347 -9.3186922 -3.3731601 4294901760
-10.260465 -11.20911 -3.2331874 4294901760
-13.377789 -12.015853 -3.478595 4294901760
-14.654334 -14.516868 -3.3759909 4294901760
-16.487059 -19.879927 -3.036046 4294901760
-19.978722 -17.944771 -3.4232121 4294901760
-2.5430167 -2.5016351 -3.3470259 4294901760
-4.044024 -4.3870749 -3.3199964 4294901760
-6.0033507 -5.9056606 -3.3728201 4294901760
-7.2195625 -7.8319917 -3.2831402 4294901760
-9.4394035 -9.2858009 -3.3789225 4294901760
-10.291442 -11.164456 -3.2385702 4294901760
-13.416677 -11.966435 -3.4860089 4294901760
-15.991676 -17.348238 -3.210233 4294901760
-14.690704 -14.45165 -3.3833199 4294901760
-16.561466 -19.828388 -3.0476615 4294901760
-2.551734 -2.4927423 -3.3485785 4294901760
-4.0540729 -4.3672848 -3.3204706 4294901760
-6.0211239 -5.8819261 -3.3756952 4294901760
-7.2441697 -7.8038445 -3.2871761 4294901760
-9.4689236 -9.2500191 -3.3841746 4294901760
-10.324942 -11.122633 -3.2443542 4294901760
-13.434516 -11.8984 -3.4906054 4294901760
-16.076572 -17.318626 -3.2228396 4294901760
-14.73536 -14.394704 -3.3916266 4294901760
-16.574053 -19.703245 -3.0541761 4294901760
-19.909201 -17.632765 -3.4294741 4294901760
-2.5656242 -2.4888685 -3.3535256 4294901760
-4.0771842 -4.3615479 -3.3262489 4294901760
-6.0275426 -5.8472166 -3.3753986 4294901760
-7.2740655 -7.7813964 -3.2924058 4294901760
-9.5182447 -9.2334871 -3.3930109 4294901760
-10.363705 -11.086523 -3.2509553 4294901760
-13.487932 -11.861955 -3.500015 4294901760
-16.068806 -17.189528 -3.2265608 4294901760
-14.794104 -14.351508 -3.4015901 4294901760
-2.566463 -2.4723525 -3.3499842 4294901760
-4.0871029 -4.341681 -3.3267181 4294901760
-6.047915 -5.8261418 -3.3790529 4294901760
-7.2930541 -7.7473259 -3.295239 4294901760
-9.5304108 -9.1809378 -3.3951809 4294901760
-10.391435 -11.038699 -3.255903 4294901760
-13.517253 -11.804324 -3.5061939 4294901760
-15.693831 -16.671373 -3.1948192 4294901760
-14.815392 -14.272122 -3.4072115 4294901760
-16.682699 -19.553658 -3.0741289 4294901760
-2.5724583 -2.4608734 -3.3498344 4294901760
-4.1101837 -4.3357749 -3.3325088 4294901760
-6.0710506 -5.8077083 -3.3835022 4294901760
-7.322772 -7.724689 -3.3004696 4294901760
-9.5624018 -9.1476154 -3.4009392 4294901760
-10.427167 -10.999473 -3.2620831 4294901760
-13.573422 -11.770114 -3.516021 4294901760
-15.655848 -16.515133 -3.1954792 4294901760
-14.879528 -14.234101 -3.4178452 4294901760
-16.813288 -19.56797 -3.0905201 4294901760
-2.5810325 -2.4518783 -3.3513834 4294901760
-4.1146536 -4.310256 -3.3308394 4294901760
-6.0912862 -5.7864799 -3.3871579 4294901760
-7.344233 -7.6933632 -3.3038938 4294901760
-9.5913963 -9.1114454 -3.4061792 4294901760
-10.460007 -10.957254 -3.2678437 4294901760
-13.614424 -11.722662 -3.5238192 4294901760
-15.732686 -16.480587 -3.2072523 4294901760
-14.92623 -14.179326 -3.4264665 4294901760
-16.907612 -19.539347 -3.1039178 4294901760
-2.5895755 -2.4428542 -3.3529322 4294901760
-4.1296744 -4.295867 -3.3334324 4294901760
-6.1114478 -5.765183 -3.3908131 4294901760
-7.3765211 -7.6733785 -3.3097322 4294901760
-9.6231432 -9.0779114 -3.4119346 4294901760
-10.500947 -10.923542 -3.2748537 4294901760
-13.643154 -11.664715 -3.529974 4294901760
-16.268526 -16.923229 -3.2637405 4294901760
-14.981438 -14.132613 -3.4361031 4294901760
-16.933752 -19.432058 -3.1115882 4294901760
-2.5954413 -2.4313211 -3.3527756 4294901760
-4.1473241 -4.284193 -3.3370957 4294901760
-6.1229472 -5.7357688 -3.3920667 4294901760
-7.4060125 -7.6504235 -3.314971 4294901760
-9.6460848 -9.0361252 -3.416126 4294901760
-10.527951 -10.875391 -3.2797661 4294901760
-13.677714 -11.611864 -3.5369368 4294901760
-16.291422 -16.829065 -3.2704334 4294901760
-15.019039 -14.069325 -3.4436958 4294901760
-16.893528 -19.249817 -3.1136198 4294901760
-2.6061435 -2.4251709 -3.3559518 4294901760
-4.1641965 -4.2731748 -3.3406332 4294901760
-6.1390629 -5.7127614 -3.3947313 4294901760
-7.4203067 -7.6144981 -3.3169389 4294901760
-9.6789026 -9.0067921 -3.4221108 4294901760
-10.566732 -10.843266 -3.2864459 4294901760
-13.710058 -11.561309 -3.5435021 4294901760
-16.369417 -16.79781 -3.2822976 4294901760
-15.071449 -14.024876 -3.4528863 4294901760
-16.922913 -19.1548 -3.1212616 4294901760
-2.6225808 -2.4234395 -3.3626251 4294901760
-4.1736917 -4.2531142 -3.3410823 4294901760
-6.158967 -5.6912961 -3.3983786 4294901760
-7.4468412 -7.5885501 -3.3215659 4294901760
-9.7102833 -8.97295 -3.427861 4294901760
-10.587805 -10.789285 -3.2904925 4294901760
-13.744225 -11.508266 -3.5504472 4294901760
-16.455902 -16.769049 -3.2952485 4294901760
-15.105676 -13.958652 -3.4601152 4294901760
-17.037434 -19.149292 -3.1364489 4294901760
-2.6230102 -2.406918 -3.3590481 4294901760
-4.1885114 -4.2385201 -3.3436756 4294901760
-6.1730146 -5.6644611 -3.4004142 4294901760
-7.4649491 -7.5540771 -3.3243568 4294901760
-9.7503147 -8.947051 -3.4351888 4294901760
-10.617014 -10.743775 -3.2957947 4294901760
-13.781247 -11.457676 -3.5577996 4294901760
-16.531162 -16.728537 -3.3071294 4294901760
-15.148429 -13.900451 -3.4683645 4294901760
-17.224037 -19.223492 -3.157871 4294901760
-2.6313961 -2.3977473 -3.3605959 4294901760
-4.2032814 -4.2238736 -3.3462689 4294901760
-6.184052 -5.634953 -3.4016354 4294901760
-7.4996362 -7.5363779 -3.3308201 4294901760
-9.772687 -8.9049435 -3.4393585 4294901760
-10.654452 -10.70665 -3.3023686 4294901760
-13.815015 -11.40443 -3.5647273 4294901760
-16.617601 -16.699013 -3.3201435 4294901760
-15.199806 -13.850174 -3.4776523 4294901760
-17.371262 -19.252165 -3.175998 4294901760
-2.6478145 -2.395844 -3.3672826 4294901760
-4.2125468 -4.2037339 -3.3467047 4294901760
-6.2036848 -5.6133318 -3.4052725 4294901760
-7.5203028 -7.50457 -3.3342166 4294901760
-9.8007708 -8.8681126 -3.4445763 4294901760
-10.705836 -10.683439 -3.3110871 4294901760
-13.85782 -11.358662 -3.5729079 4294901760
-16.709684 -16.674728 -3.3337512 4294901760
-15.256929 -13.805055 -3.4876428 4294901760
-17.454466 -19.209135 -3.1886621 4294901760
-2.656162 -2.3865862 -3.3688347 4294901760
-4.221724 -4.1835804 -3.3471341 4294901760
-6.2319956 -5.5995059 -3.4113407 4294901760
-7.549262 -7.4810538 -3.339458 4294901760
-9.8346205 -8.8364973 -3.4508531 4294901760
-10.745891 -10.648801 -3.3181007 4294901760
-13.891211 -11.305188 -3.5798228 4294901760
-16.747953 -16.596634 -3.342057 4294901760
-15.293166 -13.741052 -3.4951782 4294901760
-17.489079 -19.112745 -3.1971416 4294901760
-2.659066 -2.3724735 -3.3669541 4294901760
-4.2445374 -4.1769247 -3.3529673 4294901760
-6.2515025 -5.5777197 -3.4149814 4294901760
-7.5696936 -7.4491134 -3.3428454 4294901760
-9.8594818 -8.796833 -3.4555316 4294901760
-10.777325 -10.60565 -3.3238196 4294901760
-13.927487 -11.25413 -3.5871508 4294901760
-16.765963 -16.498894 -3.3483555 4294901760
-15.349961 -13.695552 -3.5051734 4294901760
-17.51511 -19.007551 -3.2048736 4294901760
-2.6781852 -2.3727934 -3.3753734 4294901760
-4.2618465 -4.1647744 -3.3566427 4294901760
-6.2650614 -5.5506606 -3.4169934 4294901760
-7.6013036 -7.4281688 -3.3487086 4294901760
-9.8841887 -8.7571011 -3.4602027 4294901760
-10.805747 -10.559626 -3.3290977 4294901760
-13.969793 -11.207938 -3.5953248 4294901760
-16.857698 -16.473732 -3.3620098 4294901760
-15.400657 -13.64453 -3.5144665 4294901760
-17.586782 -18.952147 -3.216589 4294901760
-2.6759746 -2.353385 -3.3701277 4294901760
-4.2687883 -4.1410804 -3.3561087 4294901760
-6.2824187 -5.5250711 -3.4199953 4294901760
-7.6256413 -7.3975077 -3.3529427 4294901760
-9.9102592 -8.7155743 -3.465152 4294901760
-10.835814 -10.511642 -3.3346939 4294901760
-14.007665 -11.154181 -3.6030314 4294901760
-16.834908 -16.331263 -3.3644693 4294901760
-15.444576 -13.582727 -3.5231366 4294901760
-17.519831 -18.741758 -3.2164433 4294901760
-2.6864936 -2.3468838 -3.3733187 4294901760
-4.2797227 -4.1242294 -3.35748 4294901760
-6.2947969 -5.4990473 -3.4218118 4294901760
-7.6415911 -7.3639517 -3.3554626 4294901760
-9.9420929 -8.6852741 -3.4711351 4294901760
-10.882066 -10.486691 -3.342685 4294901760
-14.032076 -11.097786 -3.6086683 4294901760
-16.797026 -16.186745 -3.3649418 4294901760
-15.471517 -13.515702 -3.5294681 4294901760
-17.480661 -18.575998 -3.2181382 4294901760
-2.6891932 -2.3327401 -3.3714228 4294901760
-4.2996597 -4.1145906 -3.3622441 4294901760
-6.3169184 -5.4796095 -3.4262605 4294901760
-7.6643953 -7.3344984 -3.3594546 4294901760
-9.9543676 -8.6349144 -3.4736266 4294901760
-10.901367 -10.432141 -3.3466256 4294901760
-14.070733 -11.048733 -3.6164012 4294901760
-17.017756 -16.285263 -3.3916209 4294901760
-15.512581 -13.456385 -3.537667 4294901760
-17.506962 -18.474298 -3.2258415 4294901760
-2.6886747 -2.3167109 -3.3677187 4294901760
-4.3104882 -4.0976567 -3.3636134 4294901760
-6.3380251 -5.4611931 -3.4305294 4294901760
-7.6915383 -7.3117671 -3.3644669 4294901760
-9.9799395 -8.599268 -3.478519 4294901760
-10.935899 -10.395936 -3.3528619 4294901760
-14.107293 -11.002016 -3.6237433 4294901760
-17.115042 -16.269981 -3.4057307 4294901760
-15.508792 -13.363234 -3.5403383 4294901760
-17.796816 -18.655878 -3.2566211 4294901760
-2.7077639 -2.3167379 -3.3761613 4294901760
-4.3191648 -4.0772953 -3.364017 4294901760
-6.3570509 -5.4390345 -3.4341605 4294901760
-7.7170167 -7.2848711 -3.3690844 4294901760
-10.012913 -8.5669565 -3.4847796 4294901760
-10.966341 -10.352236 -3.358542 4294901760
-14.139317 -10.947824 -3.6306009 4294901760
-17.206554 -16.243004 -3.4195256 4294901760
-15.585642 -13.334931 -3.5528636 4294901760
-17.820354 -18.550455 -3.2641535 4294901760
-2.7158341 -2.3072727 -3.3777072 4294901760
-4.3277493 -4.0569267 -3.364413 4294901760
-6.370019 -5.4117332 -3.4361417 4294901760
-7.7308631 -7.2470798 -3.3711774 4294901760
-10.042755 -8.5319548 -3.4904966 4294901760
-11.011111 -10.322056 -3.3664348 4294901760
-14.174286 -10.895979 -3.6378829 4294901760
-17.292255 -16.210138 -3.4327691 4294901760
-15.613862 -13.264962 -3.5595675 4294901760
-17.871117 -18.473797 -3.2741082 4294901760
-2.7266421 -2.3001156 -3.3809817 4294901760
-4.3447037 -4.0444193 -3.368089 4294901760
-6.3858714 -5.3869348 -3.4389412 4294901760
-7.7618985 -7.2254348 -3.3770514 4294901760
-10.078541 -8.5019627 -3.4973061 4294901760
-11.041254 -10.278137 -3.3721077 4294901760
-14.199569 -10.836769 -3.6438448 4294901760
-17.328289 -16.130644 -3.4410012 4294901760
-15.663116 -13.212947 -3.5688212 4294901760
-17.86586 -18.339821 -3.2790608 4294901760
-2.7374341 -2.292912 -3.3842587 4294901760
-4.3616238 -4.0318437 -3.3717675 4294901760
-6.3956175 -5.3570561 -3.4400811 4294901760
-7.7841716 -7.1956139 -3.3810294 4294901760
-10.095991 -8.4565392 -3.5008287 4294901760
-11.074145 -10.236834 -3.3782206 4294901760
-14.230962 -10.782328 -3.6506689 4294901760
-17.279007 -15.97255 -3.4405494 4294901760
-15.721368 -13.168431 -3.5791833 4294901760
-17.971701 -18.320087 -3.2939692 4294901760
-2.7426331 -2.2810252 -3.3840744 4294901760
-4.3785076 -4.0191998 -3.3754489 4294901760
-6.4142766 -5.3347001 -3.4436972 4294901760
-7.8150625 -7.1737452 -3.3869107 4294901760
-10.122395 -8.4187117 -3.5059867 4294901760
-11.112738 -10.200808 -3.3852277 4294901760
-14.271693 -10.734983 -3.6588056 4294901760
-17.317017 -15.895952 -3.4489796 4294901760
-15.767235 -13.113478 -3.5880721 4294901760
-18.086031 -18.308365 -3.3096874 4294901760
-2.7477839 -2.2691286 -3.3838871 4294901760
-4.3982053 -4.0090799 -3.3802345 4294901760
-6.4328604 -5.3122759 -3.4473126 4294901760
-7.8400578 -7.14642 -3.3915234 4294901760
-10.151722 -8.3833237 -3.511692 4294901760
-11.139462 -10.153914 -3.3904328 4294901760
-14.30908 -10.685097 -3.6664999 4294901760
-17.528696 -15.977871 -3.475208 4294901760
-15.797548 -13.045664 -3.5950961 4294901760
-18.225845 -18.321526 -3.3277612 4294901760
-2.7584913 -2.2618215 -3.3871658 4294901760
-4.4121723 -3.9937031 -3.3828216 4294901760
-6.4513645 -5.2897882 -3.4509265 4294901760
-7.8766775 -7.1296196 -3.3986928 4294901760
-10.174788 -8.342804 -3.516288 4294901760
-11.183683 -10.122975 -3.3983443 4294901760
-14.346292 -10.635083 -3.67419 4294901760
-17.566614 -15.90052 -3.4836965 4294901760
-15.82141 -12.972746 -3.6013503 4294901760
-18.292515 -18.260614 -3.3392649 4294901760
-2.7663693 -2.2521794 -3.3887103 4294901760
-4.4318151 -3.983428 -3.3876159 4294901760
-6.469789 -5.2672377 -3.4545391 4294901760
-7.8956356 -7.0967975 -3.4020281 4294901760
-10.203845 -8.3072386 -3.5219853 4294901760
-11.227823 -10.091852 -3.4062648 4294901760
-14.38974 -10.589665 -3.6827683 4294901760
-15.869686 -12.919959 -3.6105857 4294901760
-17.519838 -17.367617 -3.2744029 4294901760
-2.774214 -2.2425091 -3.3902545 4294901760
-4.445693 -3.9679337 -3.3902054 4294901760
-6.485085 -5.242156 -3.4573145 4294901760
-7.908566 -7.0586662 -3.4040701 4294901760
-10.220438 -8.2615929 -3.5254524 4294901760
-11.251115 -10.042006 -3.4109995 4294901760
-14.423403 -10.53702 -3.6900058 4294901760
-17.635511 -15.740298 -3.49999 4294901760
-15.905386 -12.856966 -3.6183105 4294901760
-17.614494 -17.339958 -3.2882566 4294901760
-2.7820249 -2.2328115 -3.3917983 4294901760
-4.4537516 -3.9472811 -3.3905799 4294901760
-6.5033441 -5.2194867 -3.460923 4294901760
-7.9361148 -7.0336385 -3.4093204 4294901760
-10.249214 -8.2258654 -3.5311391 4294901760
-11.280146 -9.9973946 -3.4166353 4294901760
-14.456872 -10.48427 -3.6972353 4294901760
-17.600761 -15.599244 -3.5009913 4294901760
-15.956388 -12.806357 -3.6279199 4294901760
-17.68062 -17.283945 -3.2995365 4294901760
-2.7841318 -2.2185686 -3.3898587 4294901760
-4.4675026 -3.9317105 -3.3931651 4294901760
-6.5184565 -5.1943097 -3.4636905 4294901760
-7.9635849 -7.0085039 -3.4145732 4294901760
-10.284072 -8.1949844 -3.537945 4294901760
-11.306018 -9.9500751 -3.421803 4294901760
-14.470755 -10.417455 -3.7017477 4294901760
-17.208786 -15.144918 -3.4649136 4294901760
-16.000994 -12.750582 -3.6367698 4294901760
-18.499857 -17.958944 -3.3800478 4294901760
-2.7947025 -2.2110858 -3.3931408 4294901760
-4.4782996 -3.9135575 -3.394639 4294901760
-6.533473 -5.1690907 -3.4664533 4294901760
-7.9909773 -6.9832644 -3.4198284 4294901760
-10.315727 -8.1614981 -3.544193 4294901760
-11.340681 -9.9105492 -3.4283438 4294901760
-14.500551 -10.362248 -3.7084982 4294901760
-17.213472 -15.042744 -3.4698703 4294901760
-16.048532 -12.697124 -3.6459994 4294901760
-2.7995527 -2.1990776 -3.3929367 4294901760
-4.4890242 -3.8953764 -3.3961093 4294901760
-6.5422225 -5.1389837 -3.4675255 4294901760
-8.0123196 -6.9527369 -3.4237864 4294901760
-10.344153 -8.1254396 -3.5498781 4294901760
-11.381215 -9.8761148 -3.4358099 4294901760
-14.536634 -10.311569 -3.7161477 4294901760
-17.72397 -15.380077 -3.527549 4294901760
-16.092754 -12.641026 -3.654844 4294901760
-18.616137 -17.821074 -3.4016871 4294901760
-2.8011131 -2.1853218 -3.3909061 4294901760
-4.4989996 -3.877954 -3.3974464 4294901760
-6.5623217 -5.1196737 -3.4717846 4294901760
-8.0293455 -6.9209681 -3.4268584 4294901760
-10.361657 -8.0837698 -3.55358 4294901760
-11.428966 -9.8513012 -3.4443493 4294901760
-14.564237 -10.258718 -3.722497 4294901760
-17.838348 -15.375928 -3.5438585 4294901760
-16.11887 -12.575328 -3.6613111 4294901760
-18.666452 -17.750988 -3.4115348 4294901760
-2.8259203 -2.1888509 -3.4029248 4294901760
-4.5154343 -3.8647318 -3.4011395 4294901760
-6.580152 -5.0967369 -3.4753788 4294901760
-8.0594578 -6.8980398 -3.4327645 4294901760
-10.380399 -8.0402641 -3.5575528 4294901760
-11.445151 -9.7958336 -3.4480963 4294901760
-14.616274 -10.21923 -3.732425 4294901760
-17.973759 -15.383627 -3.5626516 4294901760
-16.159515 -12.516548 -3.6697514 4294901760
-18.687666 -17.647356 -3.4189599 4294901760
-2.8163006 -2.1657138 -3.3939736 4294901760
-4.537703 -3.8564296 -3.4070697 4294901760
-6.5916839 -5.0689545 -3.4772758 4294901760
-8.0925245 -6.8775434 -3.4393315 4294901760
-10.411546 -8.0063992 -3.5637894 4294901760
-11.473216 -9.7506714 -3.4536955 4294901760
-14.67149 -10.181772 -3.742826 4294901760
-18.051672 -15.341463 -3.5754702 4294901760
-16.206266 -12.462495 -3.6789641 4294901760
-18.754978 -17.587477 -3.4306853 4294901760
-2.826725 -2.1580696 -3.3972571 4294901760
-4.5481925 -3.8380821 -3.4085336 4294901760
-6.6093378 -5.0459142 -3.4808636 4294901760
-8.1164818 -6.8492532 -3.4439378 4294901760
-10.43943 -7.9700074 -3.5694563 4294901760
-11.507182 -9.7105627 -3.4602263 4294901760
-14.71022 -10.132755 -3.7509341 4294901760
-18.102064 -15.275784 -3.5854244 4294901760
-16.240164 -12.398591 -3.6866105 4294901760
-17.779184 -16.55617 -3.3447597 4294901760
-2.8342414 -2.1481886 -3.3987911 4294901760
-4.5645161 -3.8246555 -3.4122348 4294901760
-6.6237864 -5.0204415 -3.4835989 4294901760
-8.1373119 -6.8183389 -3.447885 4294901760
-10.473515 -7.9383097 -3.5762661 4294901760
-11.547107 -9.6754417 -3.4676991 4294901760
-14.719202 -10.063359 -3.7548699 4294901760
-18.155279 -15.212499 -3.5956955 4294901760
-16.264282 -12.327373 -3.6930628 4294901760
-17.810493 -16.469614 -3.3528485 4294901760
-2.8359289 -2.1339233 -3.3968165 4294901760
-4.5748763 -3.8062365 -3.4136939 4294901760
-6.6444039 -4.999649 -3.488034 4294901760
-8.1489086 -6.7797837 -3.449847 4294901760
-10.491647 -7.894546 -3.5802078 4294901760
-11.547178 -9.6070986 -3.4690185 4294901760
-14.757533 -10.014156 -3.762959 4294901760
-18.100908 -15.059715 -3.5946062 4294901760
-16.30084 -12.265733 -3.7010694 4294901760
-17.81789 -16.36145 -3.3586876 4294901760
-2.8404558 -2.1218417 -3.3965902 4294901760
-4.579226 -3.7828841 -3.4129012 4294901760
-6.6681004 -4.9811206 -3.4933257 4294901760
-8.1633825 -6.7437453 -3.4524555 4294901760
-10.525496 -7.8626246 -3.5870163 4294901760
-11.595974 -9.5793982 -3.4779046 4294901760
-14.812221 -9.9759312 -3.773381 4294901760
-18.091839 -14.945611 -3.5982857 4294901760
-16.349945 -12.21353 -3.7106519 4294901760
-2.8507569 -2.1140728 -3.3998737 4294901760
-4.5864468 -3.7619908 -3.4132233 4294901760
-6.6854467 -4.9578137 -3.4969099 4294901760
-8.18993 -6.7177148 -3.457706 4294901760
-10.552878 -7.8258352 -3.592674 4294901760
-11.623193 -9.5338173 -3.4834661 4294901760
-14.866818 -9.9374447 -3.7838185 4294901760
-18.100706 -14.846938 -3.6038604 4294901760
-16.386072 -12.151632 -3.7186432 4294901760
-18.902239 -17.115473 -3.4717228 4294901760
-2.8551996 -2.1019604 -3.3996429 4294901760
-4.5935764 -3.7410941 -3.4135375 4294901760
-6.7058702 -4.9367733 -3.5013499 4294901760
-8.2163935 -6.6915836 -3.4629579 4294901760
-10.583327 -7.7913065 -3.5989079 4294901760
-11.665651 -9.5007229 -3.4914124 4294901760
-14.881503 -9.8722839 -3.7886271 4294901760
-18.22049 -14.839105 -3.6212504 4294901760
-16.434811 -12.099092 -3.7282233 4294901760
-19.101379 -17.174835 -3.4960701 4294901760
-2.8654466 -2.0941193 -3.4029281 4294901760
-4.6096029 -3.727457 -3.4172311 4294901760
-6.7103958 -4.9040761 -3.5014939 4294901760
-8.2366295 -6.6603742 -3.4668784 4294901760
-10.613665 -7.7566543 -3.6051426 4294901760
-11.698746 -9.4599409 -3.4979255 4294901760
-14.889262 -9.8027506 -3.7924674 4294901760
-18.346643 -14.835622 -3.6393759 4294901760
-16.470509 -12.03694 -3.7361991 4294901760
-19.188013 -17.131973 -3.5097895 4294901760
-2.8727391 -2.0841043 -3.404454 4294901760
-4.6165795 -3.7065208 -3.4175353 4294901760
-6.730648 -4.882926 -3.5059283 4294901760
-8.253664 -6.6266332 -3.4701252 4294901760
-10.627828 -7.710238 -3.6084633 4294901760
-11.7441 -9.4290056 -3.5063651 4294901760
-14.940062 -9.761611 -3.8024321 4294901760
-18.382763 -14.758999 -3.6479208 4294901760
-16.48661 -11.960646 -3.7417414 4294901760
-19.238741 -17.056946 -3.5201089 4294901760
-2.8829379 -2.0761828 -3.407742 4294901760
-4.6325006 -3.692786 -3.4212282 4294901760
-6.7508335 -4.8616948 -3.5103643 4294901760
-8.2767429 -6.5977845 -3.4747033 4294901760
-10.670776 -7.6846895 -3.6170275 4294901760
-11.786269 -9.3953943 -3.5143313 4294901760
-14.9707 -9.7072363 -3.8095551 4294901760
-18.427923 -14.689772 -3.6574476 4294901760
-16.531494 -11.905356 -3.7508984 4294901760
-19.283176 -16.976501 -3.5298395 4294901760
-2.8872185 -2.0639985 -3.4075031 4294901760
-4.6544237 -3.683764 -3.4271915 4294901760
-6.7645726 -4.8358197 -3.5130723 4294901760
-8.2935247 -6.5639467 -3.4779363 4294901760
-10.69108 -7.6427794 -3.6215024 4294901760
-11.812757 -9.3492575 -3.5198772 4294901760
-14.98775 -9.644145 -3.8147619 4294901760
-18.469704 -14.617928 -3.6666279 4294901760
-16.566463 -11.842941 -3.7588332 4294901760
-19.345325 -16.911715 -3.5412865 4294901760
-2.9003186 -2.0581038 -3.4125588 4294901760
-4.6702828 -3.6698742 -3.4308925 4294901760
-6.7782125 -4.8099074 -3.515775 4294901760
-8.3101721 -6.5300722 -3.4811606 4294901760
-10.711221 -7.600821 -3.625967 4294901760
-11.835938 -9.3005943 -3.5249262 4294901760
-15.01125 -9.5853376 -3.8209031 4294901760
-18.476692 -14.51885 -3.6720729 4294901760
-16.601202 -11.780427 -3.7667565 4294901760
-19.398212 -16.838852 -3.5518615 4294901760
-2.9067702 -2.0489819 -3.4139318 4294901760
-4.6848254 -3.6575546 -3.434339 4294901760
-6.7836728 -4.7818103 -3.5163801 4294901760
-8.3337622 -6.5063658 -3.4859455 4294901760
-10.73829 -7.5694194 -3.6316271 4294901760
-11.865099 -9.2633648 -3.5307794 4294901760
-15.048018 -9.5423965 -3.8286741 4294901760
-18.52536 -14.463188 -3.6815498 4294901760
-16.641388 -11.730513 -3.7750256 4294901760
-18.689301 -16.12079 -3.4881988 4294901760
-2.9083188 -2.0341592 -3.4119942 4294901760
-4.6981993 -3.6403599 -3.4370341 4294901760
-6.8011532 -4.7569156 -3.5201161 4294901760
-8.3606758 -6.4781985 -3.4914165 4294901760
-10.759457 -7.5254636 -3.6363585 4294901760
-11.898971 -9.2198162 -3.537605 4294901760
-15.086263 -9.4893036 -3.8370986 4294901760
-18.543547 -14.368309 -3.6884489 4294901760
-16.681002 -11.667157 -3.7837782 4294901760
-19.409283 -16.618155 -3.5635967 4294901760
-2.9090929 -2.0203676 -3.4098973 4294901760
-4.7010875 -3.6177127 -3.4360504 4294901760
-6.8201108 -4.7365727 -3.5243654 4294901760
-8.372716 -6.4432073 -3.4937181 4294901760
-10.768057 -7.4784245 -3.6387384 4294901760
-11.920024 -9.1730318 -3.5423007 4294901760
-15.093998 -9.4244566 -3.8408952 4294901760
-18.572119 -14.292138 -3.6960092 4294901760
-16.713049 -11.607227 -3.7912362 4294901760
-18.621975 -15.837344 -3.4921587 4294901760
-2.9191132 -2.0122576 -3.4131863 4294901760
-4.7075658 -3.5966024 -3.4363263 4294901760
-6.8398337 -4.714962 -3.5287941 4294901760
-8.3920155 -6.4115396 -3.4975967 4294901760
-10.790832 -7.4385381 -3.6437578 4294901760
-11.942492 -9.1241207 -3.5473087 4294901760
-15.116649 -9.3654137 -3.8469822 4294901760
-18.640921 -14.241751 -3.7081914 4294901760
-16.74362 -11.542025 -3.7987037 4294901760
-19.488405 -16.457319 -3.581938 4294901760
-2.9294605 -2.003592 -3.416553 4294901760
-4.7145772 -3.5746708 -3.4367211 4294901760
-6.8538303 -4.6876478 -3.5316515 4294901760
-8.4123087 -6.3783526 -3.5016968 4294901760
-10.81147 -7.3944588 -3.6484532 4294901760
-11.979022 -9.0826931 -3.55461 4294901760
-15.140694 -9.3036947 -3.8534281 4294901760
-18.72797 -14.199858 -3.7226288 4294901760
-16.789101 -11.482833 -3.8082576 4294901760
-19.530233 -16.370398 -3.591754 4294901760
-2.9304376 -1.9892819 -3.4145198 4294901760
-4.733181 -3.5628252 -3.4415624 4294901760
-6.8733964 -4.6658983 -3.5360787 4294901760
-8.4282055 -6.3441949 -3.50488 4294901760
-10.837215 -7.3566751 -3.6540542 4294901760
-11.997943 -9.0312567 -3.5590994 4294901760
-15.176476 -9.2528601 -3.8614364 4294901760
-18.758293 -14.12 -3.7306685 4294901760
-16.825779 -11.421919 -3.8165362 4294901760
-19.550438 -16.271482 -3.5991859 4294901760
-2.9460371 -1.9856316 -3.4212885 4294901760
-4.7449703 -3.5471096 -3.4439874 4294901760
-6.8920851 -4.6452713 -3.5403292 4294901760
-8.4428673 -6.3114777 -3.507827 4294901760
-10.854973 -7.3162613 -3.6581728 4294901760
-12.021457 -8.9866571 -3.5642476 4294901760
-15.19004 -9.1921721 -3.8661237 4294901760
-18.805016 -14.057716 -3.740279 4294901760
-16.863565 -11.366058 -3.8247924 4294901760
-19.622751 -16.221821 -3.6114748 4294901760
-2.9499371 -1.9733202 -3.4210272 4294901760
-4.75423 -3.528229 -3.44539 4294901760
-6.9049978 -4.6190042 -3.542999 4294901760
-8.4553251 -6.2749009 -3.5103056 4294901760
-10.873849 -7.2739129 -3.6625605 4294901760
-12.04956 -8.9422684 -3.5702105 4294901760
-15.235695 -9.1472931 -3.8755927 4294901760
-18.834745 -13.977719 -3.7482786 4294901760
-16.896511 -11.302691 -3.8326328 4294901760
-19.642231 -16.122831 -3.6188495 4294901760
-2.9511085 -1.9584855 -3.4190574 4294901760
-4.7702312 -3.5130646 -3.4492159 4294901760
-6.9022713 -4.5806508 -3.5414331 4294901760
-8.4814501 -6.246213 -3.515753 4294901760
-10.900434 -7.2340083 -3.6684222 4294901760
-12.07905 -8.8956861 -3.576489 4294901760
-15.269118 -9.0913897 -3.8834682 4294901760
-18.901915 -13.920424 -3.7606471 4294901760
-16.944466 -11.245094 -3.8425894 4294901760
-19.611444 -15.977612 -3.6215193 4294901760
-2.957587 -1.9486885 -3.4204924 4294901760
-4.7756367 -3.4926784 -3.4493332 4294901760
-6.9272499 -4.5642114 -3.5474381 4294901760
-8.5053072 -6.220386 -3.5207481 4294901760
-10.921052 -7.1956387 -3.6731179 4294901760
-12.105274 -8.8532343 -3.5821152 4294901760
-15.27518 -9.0265217 -3.8871191 4294901760
-18.928648 -13.843533 -3.7681088 4294901760
-16.971678 -11.182261 -3.8495514 4294901760
-19.679836 -15.925049 -3.6334622 4294901760
-2.9768472 -1.9457695 -3.4292097 4294901760
-4.7915225 -3.4774148 -3.4531577 4294901760
-6.9406486 -4.5366464 -3.5502651 4294901760
-8.5312462 -6.1914935 -3.5261972 4294901760
-10.944028 -7.1533928 -3.6783628 4294901760
-12.124764 -8.7994652 -3.5868604 4294901760
-15.32534 -8.980545 -3.8974535 4294901760
-18.979256 -13.774066 -3.7786949 4294901760
-16.992523 -11.106897 -3.856081 4294901760
-19.762966 -15.872811 -3.6474433 4294901760
-2.9988277 -1.9452311 -3.4396474 4294901760
-4.8005061 -3.4584162 -3.4545465 4294901760
-6.9630232 -4.5166612 -3.5555687 4294901760
-8.539978 -6.1524348 -3.527951 4294901760
-10.978918 -7.1216269 -3.6857548 4294901760
-12.165086 -8.7640619 -3.5948217 4294901760
-15.370366 -8.9350014 -3.9069257 4294901760
-19.014271 -13.698402 -3.7873366 4294901760
-17.001087 -11.02799 -3.8608637 4294901760
-19.677809 -15.691732 -3.6443877 4294901760
-2.9927344 -1.9279462 -3.4338722 4294901760
-4.8144813 -3.4455588 -3.4579904 4294901760
-6.9870715 -4.5011339 -3.5614114 4294901760
-8.5689096 -6.1324739 -3.5341063 4294901760
-10.987897 -7.0785012 -3.6883283 4294901760
-12.18286 -8.718854 -3.5990894 4294901760
-15.374219 -8.8727293 -3.9101532 4294901760
-19.047482 -13.631628 -3.7953146 4294901760
-17.039005 -10.976679 -3.869056 4294901760
-19.742659 -15.642225 -3.6557491 4294901760
-4.8213944 -3.4225879 -3.4584684 4294901760
-7.000998 -4.4721608 -3.564409 4294901760
-8.5923939 -6.0995269 -3.5390816 4294901760
-11.004964 -7.0298505 -3.6926069 4294901760
-12.213007 -8.6697092 -3.6056516 4294901760
-15.415089 -8.8175879 -3.9193614 4294901760
-19.102938 -13.5607 -3.806736 4294901760
-17.097826 -10.921904 -3.8806982 4294901760
-19.937521 -15.672383 -3.6812706 4294901760
-4.830162 -3.4035187 -3.4598444 4294901760
-7.0165648 -4.4476967 -3.5679383 4294901760
-8.6136312 -6.0694976 -3.5436013 4294901760
-11.042839 -6.9998922 -3.7006075 4294901760
-12.236691 -8.6224451 -3.6110499 4294901760
-15.43538 -8.7578306 -3.9253035 4294901760
-19.137106 -13.484744 -3.8153288 4294901760
-17.132477 -10.860023 -3.8888834 4294901760
-20.149446 -15.725492 -3.7080641 4294901760
-4.843987 -3.3905351 -3.4632862 4294901760
-7.0172272 -4.4172716 -3.5675411 4294901760
-8.632658 -6.0424047 -3.5476675 4294901760
-11.061419 -6.9630489 -3.704989 4294901760
-12.257203 -8.5793943 -3.615797 4294901760
-15.46629 -8.7112465 -3.9325073 4294901760
-19.159763 -13.410822 -3.8221695 4294901760
-17.142897 -10.791276 -3.8935847 4294901760
-20.173517 -15.64254 -3.7154529 4294901760
-4.8690352 -3.3815482 -3.4706001 4294901760
-7.0400233 -4.3956795 -3.5730236 4294901760
-8.6450052 -6.003962 -3.5503004 4294901760
-11.080132 -6.9182596 -3.7095771 4294901760
-12.291831 -8.536685 -3.6230438 4294901760
-15.498112 -8.6545048 -3.9403152 4294901760
-19.1924 -13.329134 -3.8308537 4294901760
-17.192474 -10.73471 -3.9039192 4294901760
-20.230709 -15.5685 -3.7270226 4294901760
-4.8776388 -3.3623455 -3.4719732 4294901760
-7.0586581 -4.3731432 -3.5774376 4294901760
-8.6691647 -5.9759912 -3.5555112 4294901760
-11.094097 -6.8732715 -3.7132597 4294901760
-12.321555 -8.4937258 -3.6294518 4294901760
-15.521259 -8.5964947 -3.946727 4294901760
-19.219097 -13.248468 -3.838645 4294901760
-17.229843 -10.67463 -3.9125106 4294901760
-20.272243 -15.488092 -3.7367501 4294901760
-4.888762 -3.3461521 -3.4743817 4294901760
-7.0697808 -4.3476577 -3.5798807 4294901760
-8.6824121 -5.9427457 -3.5583806 4294901760
-11.116828 -6.8364439 -3.7185106 4294901760
-12.346371 -8.450572 -3.6350157 4294901760
-15.560153 -8.5507298 -3.9553061 4294901760
-19.259632 -13.182409 -3.8477638 4294901760
-17.258354 -10.613259 -3.9197841 4294901760
-20.317135 -15.415956 -3.7465563 4294901760
-4.8946199 -3.3238833 -3.4747047 4294901760
-7.089016 -4.3237581 -3.5844681 4294901760
-8.7074041 -5.9131036 -3.5638123 4294901760
-11.158747 -6.8059835 -3.727417 4294901760
-12.380552 -8.4074984 -3.6422553 4294901760
-15.584394 -8.489831 -3.9620688 4294901760
-19.294615 -13.102764 -3.8567536 4294901760
-17.293734 -10.547856 -3.9283438 4294901760
-20.367123 -15.336582 -3.7574494 4294901760
-4.9093871 -3.3089304 -3.4784033 4294901760
-7.1007113 -4.2969556 -3.5870779 4294901760
-8.7247152 -5.8804641 -3.567601 4294901760
-11.179044 -6.7649355 -3.7323203 4294901760
-12.409825 -8.3642311 -3.6486506 4294901760
-15.613935 -8.435379 -3.9694738 4294901760
-19.320383 -13.021951 -3.864476 4294901760
-17.309982 -10.475039 -3.9342434 4294901760
-20.410942 -15.258224 -3.7674534 4294901760
-4.9267354 -3.296916 -3.4831486 4294901760
-7.1182833 -4.275404 -3.5913115 4294901760
-8.7408829 -5.8493004 -3.5711589 4294901760
-11.194612 -6.7237401 -3.7363145 4294901760
-12.444104 -8.3274546 -3.655772 4294901760
-15.648843 -8.3873167 -3.9775324 4294901760
-19.346878 -12.946714 -3.8720498 4294901760
-17.33437 -10.41142 -3.941026 4294901760
-20.455019 -15.185696 -3.7772222 4294901760
-4.9419947 -3.2809684 -3.4869783 4294901760
-7.1372743 -4.2512946 -3.595896 4294901760
-8.7688465 -5.8215985 -3.5772965 4294901760
-11.21236 -6.678607 -3.7408485 4294901760
-12.467914 -8.2773924 -3.661428 4294901760
-15.682993 -8.3317766 -3.9858115 4294901760
-19.397522 -12.87793 -3.8828583 4294901760
-17.362137 -10.341702 -3.9486442 4294901760
-20.500895 -15.103523 -3.7877438 4294901760
-4.9554935 -3.2675464 -3.4904301 4294901760
-7.1505952 -4.2288508 -3.5990491 4294901760
-8.7738943 -5.7853184 -3.5784805 4294901760
-11.226456 -6.6393089 -3.7445457 4294901760
-12.483896 -8.2316141 -3.6655879 4294901760
-15.705567 -8.2806082 -3.9919412 4294901760
-19.444548 -12.821319 -3.8925531 4294901760
-17.384247 -10.281017 -3.9549675 4294901760
-20.5418 -15.034328 -3.7969389 4294901760
-4.9642129 -3.2472532 -3.4919095 4294901760
-7.1558957 -4.1966615 -3.6000009 4294901760
-8.7983475 -5.7552853 -3.583899 4294901760
-11.264405 -6.6061463 -3.7528353 4294901760
-12.51731 -8.1879797 -3.6728091 4294901760
-15.714633 -8.2119207 -3.9965653 4294901760
-19.461355 -12.730305 -3.8995478 4294901760
-17.42181 -10.217231 -3.9639027 4294901760
-20.596766 -14.958937 -3.8084319 4294901760
-4.9722867 -3.2278075 -3.4932573 4294901760
-7.1671119 -4.1696849 -3.6025836 4294901760
-8.8150682 -5.7223864 -3.5876589 4294901760
-11.283967 -6.5647902 -3.7577009 4294901760
-12.539145 -8.1399059 -3.6781156 4294901760
-15.746737 -8.1588478 -4.0044465 4294901760
-19.49898 -12.657949 -3.9086859 4294901760
-17.453924 -10.154349 -3.9719524 4294901760
-20.64238 -14.882279 -3.8187001 4294901760
-4.9797254 -3.2092159 -3.4944739 4294901760
-7.1842952 -4.1478572 -3.6068075 4294901760
-8.8173828 -5.6824193 -3.5883119 4294901760
-11.295364 -6.5213861 -3.7610173 4294901760
-12.562724 -8.0961285 -3.6836257 4294901760
-15.773705 -8.1065884 -4.0114317 4294901760
-19.56097 -12.606193 -3.9203887 4294901760
-17.470238 -10.086452 -3.9777496 4294901760
-20.668896 -14.797484 -3.8267229 4294901760
-4.9908981 -3.1918125 -3.4969933 4294901760
-7.1953278 -4.1208034 -3.6093807 4294901760
-8.840497 -5.6537337 -3.5934937 4294901760
-11.304288 -6.4740272 -3.7639592 4294901760
-12.58421 -8.0479383 -3.6889119 4294901760
-15.812556 -8.0569 -4.0203528 4294901760
-19.571243 -12.516332 -3.9264264 4294901760
-17.508801 -10.027386 -3.9866822 4294901760
-20.717171 -14.722927 -3.8372962 4294901760
-5.0052609 -3.1764348 -3.5006938 4294901760
-7.2096686 -4.0956616 -3.6128616 4294901760
-8.8635149 -5.6249571 -3.598675 4294901760
-11.333717 -6.4384475 -3.7707007 4294901760
-12.602152 -7.9975677 -3.6936493 4294901760
-15.822807 -7.9926739 -4.0250602 4294901760
-19.604706 -12.441524 -3.9351349 4294901760
-17.543695 -9.9662066 -3.9951525 4294901760
-20.755392 -14.641316 -3.8468378 4294901760
-5.0130587 -3.1568928 -3.5020258 4294901760
-7.2239199 -4.0704718 -3.616339 4294901760
-8.8764057 -5.5897732 -3.6016836 4294901760
-11.356121 -6.3988485 -3.7761672 4294901760
-12.626625 -7.9514132 -3.6994476 4294901760
-15.864856 -7.944531 -4.0344992 4294901760
-19.621002 -12.356009 -3.9418788 4294901760
-17.43597 -9.8246689 -3.9847898 4294901760
-20.780212 -14.550465 -3.8549893 4294901760
-5.0235 -3.1402512 -3.5044136 4294901760
-7.2373796 -4.0464935 -3.6196396 4294901760
-8.8982449 -5.5624018 -3.6066372 4294901760
-11.380744 -6.3630919 -3.7819953 4294901760
-12.66304 -7.9158216 -3.7070811 4294901760
-15.926783 -7.9095912 -4.0467567 4294901760
-19.661869 -12.290874 -3.9512243 4294901760
-17.545012 -9.809597 -4.002892 4294901760
-20.818516 -14.47464 -3.8642836 4294901760
-5.0382495 -3.1238475 -3.5082383 4294901760
-7.252162 -4.0199399 -3.6232839 4294901760
-8.9152136 -5.527668 -3.6105804 4294901760
-11.397048 -6.3174887 -3.7864432 4294901760
-12.705489 -7.877739 -3.7158947 4294901760
-15.941374 -7.8441305 -4.0523276 4294901760
-19.69322 -12.210316 -3.9599745 4294901760
-17.647097 -9.7819481 -4.0205135 4294901760
-20.858288 -14.389171 -3.8743021 4294901760
-5.0458431 -3.1042225 -3.5095599 4294901760
-7.2695875 -3.9964881 -3.6276722 4294901760
-8.9378223 -5.4985833 -3.6157529 4294901760
-11.4086 -6.2719288 -3.789963 4294901760
-12.72275 -7.827086 -3.720597 4294901760
-15.979397 -7.7936697 -4.061244 4294901760
-19.72213 -12.133131 -3.9682121 4294901760
-17.670654 -9.7145214 -4.0275588 4294901760
-20.898508 -14.309503 -3.8841043 4294901760
-5.0467844 -3.0805705 -3.5084929 4294901760
-7.2766056 -3.967335 -3.6292922 4294901760
-8.9535866 -5.4652929 -3.6194627 4294901760
-11.430423 -6.23207 -3.7954011 4294901760
-12.746598 -7.7805572 -3.7263734 4294901760
-16.002918 -7.736114 -4.0680199 4294901760
-19.767765 -12.066297 -3.9784067 4294901760
-17.697456 -9.6489677 -4.0350499 4294901760
-20.948326 -14.236471 -3.8949351 4294901760
-5.063561 -3.0678096 -3.5132537 4294901760
-7.2931724 -3.9450488 -3.6335022 4294901760
-8.9615192 -5.4294271 -3.6214793 4294901760
-11.444047 -6.1903543 -3.7992699 4294901760
-12.772329 -7.738245 -3.7323723 4294901760
-16.057217 -7.696775 -4.0792494 4294901760
-19.814495 -12.004813 -3.9885051 4294901760
-17.739878 -9.5959167 -4.0444436 4294901760
-20.995424 -14.166925 -3.9052188 4294901760
-5.0775404 -3.0521002 -3.5169497 4294901760
-7.3068986 -3.9195664 -3.6369588 4294901760
-8.9770298 -5.3960762 -3.6251724 4294901760
-11.469082 -6.152245 -3.8053422 4294901760
-12.785629 -7.6854186 -3.7364886 4294901760
-16.10557 -7.6509309 -4.0897851 4294901760
-19.83918 -11.925296 -3.9962969 4294901760
-17.597605 -9.4397068 -4.0293994 4294901760
-21.048065 -14.095771 -3.916389 4294901760
-5.0820746 -3.0295255 -3.5171828 4294901760
-7.3142872 -3.8890772 -3.6387296 4294901760
-8.9933519 -5.3611155 -3.6290789 4294901760
-11.495056 -6.1120324 -3.8116825 4294901760
-12.820543 -7.6425796 -3.7442005 4294901760
-16.119087 -7.5850706 -4.0952959 4294901760
-19.869045 -11.844332 -4.004952 4294901760
-17.776405 -9.4518862 -4.0574331 4294901760
-21.05636 -13.989818 -3.9231355 4294901760
-5.0926189 -3.0117662 -3.5196784 4294901760
-7.3278189 -3.8635201 -3.6421757 4294901760
-9.0120115 -5.3296881 -3.6334946 4294901760
-11.512814 -6.0700169 -3.8164473 4294901760
-12.847143 -7.5977783 -3.7504954 4294901760
-16.156296 -7.5338035 -4.1042118 4294901760
-19.906836 -11.772868 -4.0143051 4294901760
-17.830452 -9.4009295 -4.0686436 4294901760
-21.111736 -13.920622 -3.9346302 4294901760
-5.1092224 -2.9987626 -3.5244453 4294901760
-7.3336391 -3.8355649 -3.6435845 4294901760
-9.0296345 -5.2997756 -3.6376855 4294901760
-11.539909 -6.0354853 -3.8228905 4294901760
-12.865407 -7.5511103 -3.7553632 4294901760
-16.163113 -7.4718332 -4.1084175 4294901760
-19.921675 -11.692656 -4.0207319 4294901760
-17.843863 -9.3325148 -4.0742302 4294901760
-21.161119 -13.852727 -3.9452255 4294901760
-5.1130018 -2.9770319 -3.5245376 4294901760
-7.3469839 -3.8099406 -3.6470201 4294901760
-9.0549116 -5.2721987 -3.643575 4294901760
-11.553864 -5.9915109 -3.8269877 4294901760
-12.898563 -7.5101542 -3.762754 4294901760
-16.196341 -7.4186807 -4.1167765 4294901760
-19.962374 -11.623039 -4.030458 4294901760
-17.865717 -9.2646618 -4.0811625 4294901760
-21.195959 -13.770072 -3.9545608 4294901760
-5.1200261 -2.9572408 -3.5258234 4294901760
-7.3602371 -3.7842729 -3.6504517 4294901760
-9.0732574 -5.240561 -3.6479816 4294901760
-11.578234 -5.95296 -3.83304 4294901760
-12.92814 -7.4670763 -3.769588 4294901760
-16.229391 -7.3653951 -4.1251321 4294901760
-19.988995 -11.545307 -4.0385418 4294901760
-17.905035 -9.2058907 -4.0904613 4294901760
-21.237181 -13.691678 -3.9645948 4294901760
-5.1336598 -2.9412651 -3.5295122 4294901760
-7.3734021 -3.7585578 -3.6538794 4294901760
-9.0777798 -5.2009983 -3.6494088 4294901760
-11.595409 -5.9107065 -3.8377745 4294901760
-12.954128 -7.4219027 -3.7758617 4294901760
-16.280428 -7.3201318 -4.1362247 4294901760
-20.018791 -11.469511 -4.0470142 4294901760
-17.940613 -9.1451445 -4.0992789 4294901760
-21.264671 -13.604556 -3.9731646 4294901760
-5.1505938 -2.9271338 -3.5344079 4294901760
-7.3759756 -3.7274895 -3.6544919 4294901760
-9.0924435 -5.167326 -3.6530554 4294901760
-11.605347 -5.8648252 -3.8411803 4294901760
-12.973042 -7.3727088 -3.7810094 4294901760
-16.309519 -7.2648778 -4.1440325 4294901760
-20.037891 -11.387733 -4.054234 4294901760
-17.979544 -9.0860605 -4.1085715 4294901760
-21.308661 -13.528105 -3.9835272 4294901760
-5.16078 -2.909138 -3.5368924 4294901760
-7.3994617 -3.7069919 -3.6607232 4294901760
-9.110425 -5.1355577 -3.6574416 4294901760
-11.632842 -5.827836 -3.8478756 4294901760
-12.991769 -7.3234763 -3.7861445 4294901760
-16.30563 -7.1950436 -4.146872 4294901760
-20.042757 -11.298127 -4.0597725 4294901760
-18.018278 -9.0268202 -4.1178603 4294901760
-21.328732 -13.436625 -3.9913154 4294901760
-5.167541 -2.8892248 -3.5381658 4294901760
-7.4053307 -3.677649 -3.6622586 4294901760
-9.1282959 -5.103723 -3.6618237 4294901760
-11.663776 -5.7924862 -3.8552349 4294901760
-13.013782 -7.2761378 -3.7918301 4294901760
-16.326996 -7.1364827 -4.1535468 4294901760
-19.939278 -11.148252 -4.052423 4294901760
-18.05682 -8.967411 -4.1271467 4294901760
-21.35181 -13.347274 -3.9994366 4294901760
-5.1708584 -2.8674328 -3.5382228 4294901760
-7.4181232 -3.651777 -3.6656673 4294901760
-9.1460562 -5.0718279 -3.6662016 4294901760
-11.691046 -5.7552419 -3.8619328 4294901760
-13.035625 -7.2287374 -3.7975066 4294901760
-16.355465 -7.0810294 -4.1613178 4294901760
-20.005989 -11.094064 -4.0653138 4294901760
-18.073706 -8.8972836 -4.1335163 4294901760
-21.398273 -13.272661 -4.0101109 4294901760
-5.183713 -2.8521264 -3.5417838 4294901760
-7.4231439 -3.6237164 -3.6670151 4294901760
-9.1558981 -5.0376592 -3.6688519 4294901760
-11.695805 -5.7094779 -3.8643668 4294901760
-13.073462 -7.1931386 -3.8056943 4294901760
-16.364214 -7.020472 -4.1659408 4294901760
-20.105597 -11.062284 -4.0819201 4294901760
-18.092363 -8.8320522 -4.139936 4294901760
-21.452368 -13.207907 -4.0213566 4294901760
-5.2003994 -2.8377061 -3.5466831 4294901760
-7.4534006 -3.6063256 -3.6751382 4294901760
-9.1803656 -5.0094576 -3.6747253 4294901760
-11.697803 -5.6599784 -3.8663814 4294901760
-13.098489 -7.1474628 -3.8119278 4294901760
-16.417942 -6.97577 -4.1775928 4294901760
-20.165102 -11.003507 -4.0940223 4294901760
-18.115906 -8.7653751 -4.1472392 4294901760
-21.494932 -13.130867 -4.0316458 4294901760
-5.2068858 -2.8177025 -3.54794 4294901760
-7.4659438 -3.5802865 -3.6785398 4294901760
-9.1943207 -4.9755001 -3.6783345 4294901760
-11.728222 -5.624258 -3.8737278 4294901760
-13.109368 -7.0941253 -3.815876 4294901760
-16.442192 -6.9184175 -4.1847873 4294901760
-20.006865 -10.8267 -4.0800338 4294901760
-18.15358 -8.705533 -4.1564875 4294901760
-21.550877 -13.061961 -4.0434203 4294901760
-5.2166896 -2.7995098 -3.5504084 4294901760
-7.4748526 -3.5525196 -3.6809886 4294901760
-9.2151146 -4.9452443 -3.68345 4294901760
-11.751366 -5.5849872 -3.8797355 4294901760
-13.123538 -7.0426793 -3.8203757 4294901760
-16.466242 -6.860981 -4.1919713 4294901760
-19.851158 -10.653022 -4.0662723 4294901760
-18.169453 -8.6352654 -4.1627798 4294901760
-21.610025 -12.994884 -4.0555725 4294901760
-5.2332301 -2.7849028 -3.555311 4294901760
-7.4801102 -3.5230649 -3.6824801 4294901760
-9.2358093 -4.9149055 -3.6885643 4294901760
-11.767199 -5.5422454 -3.8843946 4294901760
-13.148041 -6.9968295 -3.8265781 4294901760
-16.482727 -6.800427 -4.19802 4294901760
-20.247519 -10.77487 -4.1189346 4294901760
-18.192272 -8.5683966 -4.1700363 4294901760
-21.668964 -12.927556 -4.0677276 4294901760
-5.2361069 -2.7630219 -3.5553372 4294901760
-7.4888096 -3.4952722 -3.6849129 4294901760
-9.2494144 -4.8807898 -3.6921566 4294901760
-11.775688 -5.4960985 -3.8876963 4294901760
-13.168869 -6.9490323 -3.8322001 4294901760
-16.491619 -6.7368212 -4.2029243 4294901760
-20.288538 -10.705984 -4.1289034 4294901760
-18.207623 -8.4980927 -4.1762862 4294901760
-21.655563 -12.817269 -4.0719204 4294901760
-3.211144 -1.4857982 -3.4819665 4294901760
-5.2315893 -2.7384989 -3.5527878 4294901760
-7.5039182 -3.4720674 -3.6890752 4294901760
-9.258544 -4.8464265 -3.6947613 4294901760
-11.790247 -5.4553542 -3.892067 4294901760
-13.181269 -6.8997941 -3.836349 4294901760
-16.539711 -6.6925564 -4.2136693 4294901760
-20.338068 -10.646053 -4.1396699 4294901760
-18.174192 -8.4092102 -4.175642 4294901760
-21.680735 -12.735281 -4.0800886 4294901760
-3.2393787 -1.4851553 -3.4963455 4294901760
-5.2445354 -2.7219937 -3.5564625 4294901760
-7.5159922 -3.4458511 -3.692451 4294901760
-9.2718973 -4.8122554 -3.6983361 4294901760
-11.809218 -5.4141631 -3.8973711 4294901760
-13.198214 -6.8500733 -3.8413699 4294901760
-16.559275 -6.633296 -4.2202473 4294901760
-20.375109 -10.57499 -4.1492004 4294901760
-18.250547 -8.3673143 -4.1902986 4294901760
-21.725058 -12.659517 -4.0906758 4294901760
-3.2448001 -1.4732732 -3.4978712 4294901760
-5.2510519 -2.7009926 -3.5578103 4294901760
-7.5250006 -3.4166605 -3.6950343 4294901760
-9.2965031 -4.7818584 -3.7044153 4294901760
-11.828982 -5.3708458 -3.9029326 4294901760
-13.230305 -6.805295 -3.8490038 4294901760
-16.550154 -6.5593557 -4.2226157 4294901760
-20.403084 -10.49477 -4.1579027 4294901760
-18.299244 -8.3086119 -4.2013946 4294901760
-21.750572 -12.567828 -4.099474 4294901760
-3.2598414 -1.4663992 -3.5048747 4294901760
-5.260448 -2.6826465 -3.5602562 4294901760
-7.5261493 -3.385545 -3.6955254 4294901760
-9.316658 -4.7511735 -3.7095125 4294901760
-11.858515 -5.3344059 -3.9102643 4294901760
-13.261065 -6.7626843 -3.8563292 4294901760
-16.569242 -6.5000906 -4.2291522 4294901760
-20.428926 -10.418046 -4.1661081 4294901760
-18.324499 -8.2430487 -4.2090759 4294901760
-21.756214 -12.469993 -4.105783 4294901760
-3.2514422 -1.449676 -3.4988468 4294901760
-5.2693152 -2.6651871 -3.5625772 4294901760
-7.5409174 -3.3621657 -3.6996732 4294901760
-9.3253088 -4.7166834 -3.712086 4294901760
-11.865266 -5.290204 -3.9132411 4294901760
-13.283419 -6.7186708 -3.8621802 4294901760
-16.605555 -6.4508767 -4.2381792 4294901760
-20.459805 -10.348443 -4.1746879 4294901760
-18.355375 -8.1838598 -4.2173419 4294901760
-21.797445 -12.397776 -4.1157851 4294901760
-25.162277 -9.7749672 -4.6086302 4294901760
-3.2534173 -1.4362851 -3.4985108 4294901760
-5.2721605 -2.6424041 -3.56268 4294901760
-7.556778 -3.3360884 -3.704155 4294901760
-9.3354673 -4.6789312 -3.7150803 4294901760
-11.880946 -5.2450781 -3.918097 4294901760
-13.297288 -6.6645937 -3.8668857 4294901760
-16.617935 -6.3856854 -4.2439032 4294901760
-20.490461 -10.269808 -4.1837654 4294901760
-18.39254 -8.1197491 -4.2269216 4294901760
-21.797541 -12.292312 -4.1217656 4294901760
-25.183027 -9.6769485 -4.6181712 4294901760
-3.2550895 -1.423467 -3.4980979 4294901760
-5.281352 -2.6239843 -3.5651143 4294901760
-7.5611897 -3.3065464 -3.7055795 4294901760
-9.3552818 -4.6480737 -3.7201626 4294901760
-11.906454 -5.2067528 -3.9247348 4294901760
-13.320471 -6.6181359 -3.8730254 4294901760
-16.640123 -6.3276381 -4.250977 4294901760
-20.526184 -10.198219 -4.1932263 4294901760
-18.41712 -8.0538998 -4.2345686 4294901760
-21.850765 -12.221993 -4.1334252 4294901760
-25.18679 -9.5776272 -4.6253991 4294901760
-3.2666917 -1.4149779 -3.5032504 4294901760
-5.287024 -2.6038313 -3.566313 4294901760
-7.5690861 -3.2785738 -3.7079573 4294901760
-9.3820877 -4.6206288 -3.7267902 4294901760
-11.924557 -5.1651597 -3.9299979 4294901760
-13.347059 -6.5733562 -3.8797457 4294901760
-16.699385 -6.2835402 -4.2638068 4294901760
-20.547338 -10.119455 -4.2009192 4294901760
-18.448778 -7.991147 -4.2432175 4294901760
-21.896788 -12.147582 -4.144299 4294901760
-25.160271 -9.4671507 -4.6290803 4294901760
-3.2711208 -1.404708 -3.5045462 4294901760
-5.2951784 -2.5872083 -3.5684974 4294901760
-7.5721402 -3.2516825 -3.7090285 4294901760
-9.3965578 -4.5911303 -3.7306666 4294901760
-11.937078 -5.1261053 -3.9340398 4294901760
-13.367644 -6.5313911 -3.8852603 4294901760
-16.696651 -6.2227006 -4.2666993 4294901760
-20.56469 -10.047846 -4.2076464 4294901760
-18.488445 -7.9394403 -4.2525754 4294901760
-21.885889 -12.051773 -4.1482034 4294901760
-25.122538 -9.362956 -4.6307535 4294901760
-3.276247 -1.3927102 -3.5060558 4294901760
-5.2976909 -2.5644281 -3.5685709 4294901760
-7.5948362 -3.2285128 -3.7154255 4294901760
-9.3919744 -4.546329 -3.7305229 4294901760
-11.959437 -5.0838747 -3.9402394 4294901760
-13.398651 -6.4858217 -3.8928685 4294901760
-16.719345 -6.1614656 -4.2740989 4294901760
-20.583416 -9.9637175 -4.2153192 4294901760
-18.502743 -7.8653889 -4.2590628 4294901760
-21.922905 -11.967656 -4.158371 4294901760
-25.269091 -9.3122454 -4.6551218 4294901760
-3.2775068 -1.3804308 -3.505559 4294901760
-5.320056 -2.5535128 -3.5758181 4294901760
-7.6055012 -3.2033095 -3.7185879 4294901760
-9.4105635 -4.5168686 -3.735374 4294901760
-11.957947 -5.0364866 -3.9417605 4294901760
-13.4165 -6.4396329 -3.8980858 4294901760
-16.743427 -6.1073542 -4.2813644 4294901760
-20.616346 -9.8954048 -4.2242451 4294901760
-18.517704 -7.799346 -4.2652278 4294901760
-21.948429 -11.887286 -4.1666837 4294901760
-25.288576 -9.2242928 -4.6638961 4294901760
-3.2725062 -1.3642232 -3.5014756 4294901760
-5.332859 -2.5356495 -3.5796001 4294901760
-7.6316724 -3.181447 -3.7259605 4294901760
-9.4234867 -4.4806476 -3.7390919 4294901760
-11.969002 -4.9895673 -3.9458616 4294901760
-13.436422 -6.3887043 -3.9039037 4294901760
-16.761953 -6.044589 -4.2881594 4294901760
-20.638063 -9.8129158 -4.232316 4294901760
-18.538805 -7.7283487 -4.2726965 4294901760
-22.002407 -11.81242 -4.1788106 4294901760
-25.284655 -9.1179914 -4.6705966 4294901760
-3.2906518 -1.3583252 -3.5103574 4294901760
-5.3312235 -2.5120943 -3.5782976 4294901760
-7.6282287 -3.1488032 -3.7253971 4294901760
-9.4462204 -4.4510975 -3.7449312 4294901760
-11.986344 -4.9477596 -3.9510765 4294901760
-13.444249 -6.3349853 -3.9076164 4294901760
-16.745438 -5.9726658 -4.2893267 4294901760
-20.668581 -9.7391195 -4.2412338 4294901760
-18.591463 -7.6742406 -4.2843876 4294901760
-22.047026 -11.737426 -4.1896119 4294901760
-25.301281 -9.0243149 -4.6793909 4294901760
-3.2886615 -1.3440874 -3.5080562 4294901760
-5.3434501 -2.4950988 -3.5819521 4294901760
-7.6355429 -3.1206727 -3.7277377 4294901760
-9.4652805 -4.4197683 -3.7499886 4294901760
-12.003543 -4.905889 -3.9562843 4294901760
-13.491507 -6.2997956 -3.9178839 4294901760
-16.788721 -5.9221258 -4.299829 4294901760
-20.680758 -9.6567822 -4.2478924 4294901760
-18.618139 -7.6092973 -4.2924652 4294901760
-22.073742 -11.652941 -4.1983924 4294901760
-25.313801 -8.9292984 -4.6877093 4294901760
-3.3067753 -1.3380387 -3.5169482 4294901760
-5.3591189 -2.4796669 -3.5868509 4294901760
-7.6391168 -3.0910578 -3.7290947 4294901760
-9.4734764 -4.3833823 -3.7526891 4294901760
-12.016915 -4.8624706 -3.9607861 4294901760
-13.498977 -6.2459831 -3.9215734 4294901760
-16.80929 -5.8634863 -4.3068123 4294901760
-20.674505 -9.566103 -4.2522664 4294901760
-18.629805 -7.5382805 -4.2984529 4294901760
-22.089527 -11.562859 -4.205935 4294901760
-25.276945 -8.8172092 -4.690156 4294901760
-3.2943692 -1.3203223 -3.5089641 4294901760
-5.3673124 -2.4618816 -3.5891411 4294901760
-7.6456852 -3.0642495 -3.7312527 4294901760
-9.4879608 -4.3519425 -3.7567379 4294901760
-12.007192 -4.8122606 -3.96082 4294901760
-13.519615 -6.2011838 -3.9273424 4294901760
-16.824879 -5.8064113 -4.3128471 4294901760
-20.764145 -9.5241089 -4.2683363 4294901760
-18.647299 -7.4734926 -4.3050561 4294901760
-22.110037 -11.480345 -4.2137389 4294901760
-25.366444 -8.75418 -4.7073245 4294901760
-3.3092964 -1.3122479 -3.5160635 4294901760
-5.3692851 -2.4390063 -3.5891752 4294901760
-7.6641569 -3.0390973 -3.7366676 4294901760
-9.5038471 -4.3171377 -3.7612071 4294901760
-12.039504 -4.7740703 -3.9690561 4294901760
-13.53501 -6.1483002 -3.9325054 4294901760
-16.812119 -5.7331371 -4.314836 4294901760
-20.773481 -9.436388 -4.27494 4294901760
-18.681978 -7.4080362 -4.3145356 4294901760
-22.137772 -11.391925 -4.2229562 4294901760
-25.368122 -8.6508379 -4.7147226 4294901760
-3.3136299 -1.3012664 -3.5174136 4294901760
-5.3738317 -2.4196062 -3.5902081 4294901760
-7.6778445 -3.0150988 -3.7407749 4294901760
-9.5181122 -4.2855983 -3.7652454 4294901760
-12.05527 -4.7341189 -3.9739683 4294901760
-13.566205 -6.1082807 -3.940069 4294901760
-16.823492 -5.674808 -4.3202376 4294901760
-20.062418 -9.033247 -4.1908712 4294901760
-18.706442 -7.3460426 -4.3221579 4294901760
-22.186092 -11.323894 -4.2339816 4294901760
-25.385321 -8.5628366 -4.7233 4294901760
-3.3316677 -1.294945 -3.5263231 4294901760
-5.3857627 -2.4024022 -3.5938549 4294901760
-7.6846662 -2.9868584 -3.7430816 4294901760
-9.536624 -4.2539573 -3.770282 4294901760
-12.053228 -4.6848211 -3.9756091 4294901760
-13.576548 -6.0560274 -3.9443026 4294901760
-16.846977 -5.6173077 -4.3277493 4294901760
-20.815369 -9.2850142 -4.2903042 4294901760
-18.702242 -7.2691445 -4.3259635 4294901760
-22.13644 -11.201322 -4.234015 4294901760
-25.40369 -8.4703827 -4.7323728 4294901760
-3.3291771 -1.2812854 -3.523927 4294901760
-5.397223 -2.3860865 -3.5973823 4294901760
-7.6908684 -2.9599497 -3.7452161 4294901760
-9.5506783 -4.2223091 -3.7743113 4294901760
-12.068698 -4.6448255 -3.980499 4294901760
-13.589281 -6.0077562 -3.9488242 4294901760
-16.8466 -5.5551734 -4.3313351 4294901760
-20.831446 -9.2094822 -4.2972646 4294901760
-18.741127 -7.2128134 -4.33566 4294901760
-22.080702 -11.0813 -4.2330308 4294901760
-25.393717 -8.3735886 -4.7377014 4294901760
-3.3270745 -1.2664959 -3.5216646 4294901760
-5.4059319 -2.3662899 -3.5998955 4294901760
-7.694334 -2.9289525 -3.7466857 4294901760
-9.5624676 -4.1856928 -3.7779639 4294901760
-12.078224 -4.5977397 -3.9844801 4294901760
-13.596636 -5.9515328 -3.9527159 4294901760
-16.859272 -5.4909277 -4.3373733 4294901760
-20.912579 -9.1538754 -4.3129478 4294901760
-18.767437 -7.1440787 -4.3440394 4294901760
-22.235542 -11.057177 -4.2569952 4294901760
-25.409048 -8.2755194 -4.7467694 4294901760
-3.3280828 -1.2535968 -3.5212002 4294901760
-5.4106245 -2.3458729 -3.6010308 4294901760
-7.7045107 -2.9020762 -3.7499523 4294901760
-9.5770197 -4.152288 -3.782192 4294901760
-12.11648 -4.5639429 -3.9938631 4294901760
-13.613678 -5.9024529 -3.958117 4294901760
-16.866966 -5.4283834 -4.3424501 4294901760
-20.9261 -9.0728836 -4.3198848 4294901760
-18.799723 -7.0813355 -4.3530684 4294901760
-22.288328 -10.986553 -4.268899 4294901760
-25.403568 -8.1757631 -4.7529879 4294901760
-3.339015 -1.2450866 -3.5262952 4294901760
-5.4077573 -2.3233562 -3.5995283 4294901760
-7.7140923 -2.8765109 -3.753051 4294901760
-9.5834751 -4.1173859 -3.7846086 4294901760
-12.10924 -4.515419 -3.9944723 4294901760
-13.640486 -5.8604155 -3.9650435 4294901760
-16.877281 -5.3700047 -4.3477631 4294901760
-20.926743 -8.990839 -4.3249426 4294901760
-18.81563 -7.0161672 -4.3595653 4294901760
-22.313879 -10.907321 -4.2773695 4294901760
-25.403904 -8.0830002 -4.7595677 4294901760
-3.3433404 -1.2334244 -3.5277047 4294901760
-5.4193778 -2.3059745 -3.6031635 4294901760
-7.7204051 -2.8482103 -3.7553182 4294901760
-9.5905132 -4.0808148 -3.7872233 4294901760
-12.121203 -4.4717522 -3.9988718 4294901760
-13.649879 -5.8080969 -3.9691992 4294901760
-16.884525 -5.3074803 -4.3527985 4294901760
-20.998384 -8.934926 -4.3392577 4294901760
-18.840004 -6.9504504 -4.3675079 4294901760
-22.341036 -10.824148 -4.2863293 4294901760
-25.45101 -8.000268 -4.7721777 4294901760
-3.347626 -1.2217455 -3.5291121 4294901760
-5.4309444 -2.2885375 -3.6067989 4294901760
-7.7339859 -2.8225861 -3.7595592 4294901760
-9.6083431 -4.0488453 -3.7922287 4294901760
-12.136741 -4.42941 -4.0039744 4294901760
-13.684731 -5.7665887 -3.9776447 4294901760
-16.895344 -5.2461429 -4.3584166 4294901760
-21.033125 -8.8631172 -4.3489304 4294901760
-18.871645 -6.887372 -4.3765097 4294901760
-22.159185 -10.640688 -4.2708654 4294901760
-25.471157 -7.9090033 -4.7815351 4294901760
-3.3552802 -1.2112836 -3.5323999 4294901760
-5.4353452 -2.2680826 -3.6079118 4294901760
-7.7364135 -2.7929084 -3.7608206 4294901760
-9.6187696 -4.0137587 -3.7956264 4294901760
-12.144665 -4.3843236 -4.007638 4294901760
-13.690096 -5.7126579 -3.981159 4294901760
-16.921167 -5.1894703 -4.3664331 4294901760
-21.038158 -8.7788868 -4.3548474 4294901760
-18.876823 -6.8146873 -4.3817472 4294901760
-22.15654 -10.544403 -4.2763066 4294901760
-25.460432 -7.8083353 -4.7871389 4294901760
-3.3629017 -1.2007838 -3.5356879 4294901760
-5.4467888 -2.2505679 -3.6115432 4294901760
-7.7461143 -2.765888 -3.7640581 4294901760
-9.6436806 -3.984689 -3.8022304 4294901760
-12.152419 -4.3392372 -4.0112867 4294901760
-13.717303 -5.6678762 -3.9883626 4294901760
-16.927742 -5.1269126 -4.3714128 4294901760
-21.053921 -8.6993055 -4.3621368 4294901760
-18.870455 -6.7380319 -4.3853402 4294901760
-22.35207 -10.541925 -4.3050203 4294901760
-25.487532 -7.7194195 -4.7973676 4294901760
-3.3566108 -1.1860021 -3.5313652 4294901760
-5.4470925 -2.2295749 -3.6112645 4294901760
-7.7515459 -2.7388787 -3.7661338 4294901760
-9.6604977 -3.9541838 -3.8070173 4294901760
-12.166741 -4.298914 -4.0161042 4294901760
-13.732342 -5.6208496 -3.9934061 4294901760
-16.933203 -5.0673242 -4.3760324 4294901760
-21.093731 -8.6339741 -4.3722434 4294901760
-18.91901 -6.6847148 -4.3966002 4294901760
-22.379673 -10.464362 -4.3137803 4294901760
-25.497686 -7.6302772 -4.8051915 4294901760
-3.3607302 -1.1742781 -3.5327621 4294901760
-5.4584112 -2.2119939 -3.6148903 4294901760
-7.7647614 -2.7130978 -3.7703562 4294901760
-9.670579 -3.9189539 -3.8103971 4294901760
-12.155453 -4.2472563 -4.0161276 4294901760
-13.762937 -5.5773616 -4.0012226 4294901760
-16.924055 -5.0002861 -4.3785338 4294901760
-21.105249 -8.5527973 -4.3790207 4294901760
-18.968575 -6.62784 -4.4082623 4294901760
-22.408819 -10.382822 -4.3230271 4294901760
-25.550974 -7.5491471 -4.8186703 4294901760
-3.3682351 -1.1637236 -3.5360446 4294901760
-5.4660997 -2.1929269 -3.6172493 4294901760
-7.759356 -2.6808536 -3.7695847 4294901760
-9.6695271 -3.8792863 -3.8113422 4294901760
-12.155202 -4.1996164 -4.0182858 4294901760
-13.767558 -5.5233622 -4.0046773 4294901760
-16.952875 -4.9445243 -4.3871064 4294901760
-21.116459 -8.4716434 -4.3857689 4294901760
-18.976521 -6.5563779 -4.4139614 4294901760
-22.434044 -10.29954 -4.3318262 4294901760
-25.592503 -7.4643826 -4.8307347 4294901760
-3.3791378 -1.1543036 -3.5412173 4294901760
-5.4737206 -2.1738346 -3.6196043 4294901760
-7.7835126 -2.6588252 -3.7767942 4294901760
-9.6830082 -3.8455119 -3.8155084 4294901760
-12.173542 -4.1584463 -4.0240374 4294901760
-13.775664 -5.47087 -4.0087347 4294901760
-16.958549 -4.8820162 -4.3920021 4294901760
-21.186695 -8.4140882 -4.4001045 4294901760
-18.984198 -6.4849463 -4.4196339 4294901760
-22.437155 -10.206296 -4.3380189 4294901760
-25.583866 -7.3650665 -4.8366365 4294901760
-3.3797121 -1.1413403 -3.5407202 4294901760
-5.4812756 -2.1547127 -3.6219563 4294901760
-7.7890315 -2.6303825 -3.7790041 4294901760
-9.685339 -3.8073478 -3.8172338 4294901760
-12.199263 -4.1197329 -4.0312333 4294901760
-13.783575 -5.4183817 -4.0127745 4294901760
-16.979319 -4.8238735 -4.3993311 4294901760
-21.223366 -8.3429947 -4.4101634 4294901760
-18.999168 -6.4160838 -4.426374 4294901760
-22.479927 -10.131188 -4.3489232 4294901760
-25.578688 -7.2669797 -4.8429675 4294901760
-3.3767984 -1.1272401 -3.5383255 4294901760
-5.4851747 -2.1341698 -3.623033 4294901760
-7.7981663 -2.6031775 -3.782208 4294901760
-9.6912031 -3.7706499 -3.8197563 4294901760
-12.21357 -4.0771241 -4.0362511 4294901760
-13.798698 -5.368793 -4.0180511 4294901760
-16.996056 -4.764575 -4.4060345 4294901760
-21.263517 -8.2732019 -4.4206939 4294901760
-19.017668 -6.3484626 -4.4336414 4294901760
-22.526089 -10.05754 -4.3602533 4294901760
-25.619282 -7.1819596 -4.8549719 4294901760
-3.3772697 -1.11431 -3.5378165 4294901760
-5.4925909 -2.11501 -3.6253762 4294901760
-7.8034792 -2.5747113 -3.7844014 4294901760
-9.7153711 -3.7410591 -3.8263407 4294901760
-12.212654 -4.0294924 -4.0383496 4294901760
-13.821067 -5.3220229 -4.0245752 4294901760
-17.001066 -4.702034 -4.4108748 4294901760
-21.284817 -8.1960592 -4.4288144 4294901760
-19.032141 -6.279541 -4.4403429 4294901760
-22.528206 -9.9643145 -4.3663568 4294901760
-25.628799 -7.0882306 -4.8631444 4294901760
-3.377692 -1.1013912 -3.5373023 4294901760
-5.4999399 -2.0958254 -3.6277153 4294901760
-7.8198771 -2.5498903 -3.7896044 4294901760
-9.7062092 -3.6986809 -3.8255796 4294901760
-12.226645 -3.9868402 -4.0433435 4294901760
-13.846991 -5.2765808 -4.031724 4294901760
-16.994324 -4.636374 -4.4138389 4294901760
-21.320755 -8.1245584 -4.4388447 4294901760
-19.057734 -6.2143083 -4.4486756 4294901760
-22.540911 -9.8760099 -4.3737273 4294901760
-25.657236 -6.9997811 -4.873682 4294901760
-3.3918676 -1.0929296 -3.5443695 4294901760
-5.5108256 -2.0779729 -3.6313272 4294901760
-7.8287301 -2.5225782 -3.7927928 4294901760
-9.7190609 -3.6647768 -3.8297017 4294901760
-12.240486 -3.9441369 -4.0483284 4294901760
-13.857883 -5.2254066 -4.0363393 4294901760
-17.006557 -4.5759897 -4.4198694 4294901760
-21.31538 -8.0374136 -4.443543 4294901760
-19.067924 -6.1440778 -4.4547896 4294901760
-22.571585 -9.7956762 -4.3832579 4294901760
-25.662233 -6.9049902 -4.8813171 4294901760
-3.3883767 -1.0800662 -3.5418148 4294901760
-5.5209351 -2.0619974 -3.6347053 4294901760
-7.836617 -2.4979706 -3.7956576 4294901760
-9.7416353 -3.6383739 -3.8358645 4294901760
-12.245255 -3.9032516 -4.0513434 4294901760
-13.863053 -5.17767 -4.0397186 4294901760
-17.0093 -4.5194697 -4.4239788 4294901760
-21.355478 -7.9759927 -4.453609 4294901760
-19.083336 -6.082932 -4.4612136 4294901760
-22.613247 -9.7294483 -4.3935375 4294901760
-25.672222 -6.8212581 -4.8888822 4294901760
-3.3955839 -1.0693207 -3.5450883 4294901760
-5.5208735 -2.0400431 -3.634479 4294901760
-7.8415484 -2.4694221 -3.7978251 4294901760
-9.7691059 -3.6098268 -3.8432629 4294901760
-12.273946 -3.8652513 -4.0592432 4294901760
-13.884772 -5.1306252 -4.0462093 4294901760
-17.001856 -4.4540124 -4.4268627 4294901760
-21.409388 -7.9110804 -4.4660382 4294901760
-19.093044 -6.0126886 -4.4672861 4294901760
-22.617695 -9.6379356 -4.399951 4294901760
-25.703602 -6.7336273 -4.8998394 4294901760
-3.3994803 -1.0568681 -3.5465295 4294901760
-5.5319314 -2.021116 -3.6382008 4294901760
-7.8355632 -2.4360065 -3.7971053 4294901760
-9.7785587 -3.5726402 -3.8467598 4294901760
-12.284241 -3.8190608 -4.0637183 4294901760
-13.89975 -5.0783358 -4.0517116 4294901760
-17.025782 -4.3936582 -4.4350367 4294901760
-21.453236 -7.8380356 -4.4774599 4294901760
-19.095917 -5.9367504 -4.4726071 4294901760
-22.656544 -9.5565233 -4.4108095 4294901760
-25.716509 -6.6363797 -4.9088535 4294901760
-3.4029663 -1.0455898 -3.5478313 4294901760
-5.5349808 -2.0014515 -3.6391251 4294901760
-7.8623452 -2.4157712 -3.8051729 4294901760
-9.7792006 -3.5361636 -3.8481877 4294901760
-12.304423 -3.7806368 -4.0698953 4294901760
-13.909033 -5.0295124 -4.0559773 4294901760
-17.013239 -4.3303003 -4.436914 4294901760
-21.482859 -7.7682118 -4.4865065 4294901760
-19.088823 -5.8652005 -4.4760118 4294901760
-22.717573 -9.4936571 -4.423779 4294901760
-25.715157 -6.5451593 -4.9153814 4294901760
-3.3998373 -1.0310054 -3.5454602 4294901760
-5.5459061 -1.9824464 -3.6428421 4294901760
-7.8711467 -2.3869362 -3.8084912 4294901760
-9.7809305 -3.4963033 -3.8500097 4294901760
-12.306806 -3.7320559 -4.0728731 4294901760
-13.927374 -4.9784961 -4.0620923 4294901760
-17.009682 -4.2630692 -4.4406691 4294901760
-21.499914 -7.6853852 -4.4944754 4294901760
-19.144529 -5.8056049 -4.4891062 4294901760
-22.752218 -9.4103231 -4.4341807 4294901760
-25.7351 -6.4498868 -4.9253068 4294901760
-3.3997648 -1.0186849 -3.5448494 4294901760
-5.545187 -1.9614755 -3.6424708 4294901760
-7.8865337 -2.3630729 -3.8135207 4294901760
-9.7850199 -3.4612134 -3.8522341 4294901760
-12.334318 -3.69578 -4.0805173 4294901760
-13.932559 -4.9283047 -4.0656891 4294901760
-17.023726 -4.2066393 -4.4468822 4294901760
-21.521521 -7.6127162 -4.5025082 4294901760
-19.148399 -5.7375102 -4.4941487 4294901760
-22.772219 -9.3302813 -4.4422336 4294901760
-25.748594 -6.3625937 -4.9337273 4294901760
-3.4033 -1.006812 -3.5462079 4294901760
-5.5483642 -1.9408365 -3.6434922 4294901760
-7.8759289 -2.3299677 -3.8115819 4294901760
-9.7933102 -3.4257333 -3.855478 4294901760
-12.33573 -3.6493287 -4.0832219 4294901760
-13.953431 -4.8809571 -4.0721321 4294901760
-17.038303 -4.1471934 -4.4534082 4294901760
-21.529129 -7.5309625 -4.5089912 4294901760
-19.164486 -5.6695075 -4.5012369 4294901760
-22.775053 -9.2387352 -4.4485073 4294901760
-25.778406 -6.2745705 -4.944581 4294901760
-3.4104474 -0.99534619 -3.5495393 4294901760
-5.5554404 -1.9204863 -3.6459103 4294901760
-7.876884 -2.2988851 -3.8128376 4294901760
-9.7983294 -3.3872304 -3.8580854 4294901760
-12.352832 -3.6051996 -4.0891252 4294901760
-13.974986 -4.8310785 -4.0788584 4294901760
-17.037897 -4.0810018 -4.4577212 4294901760
-21.571672 -7.4572129 -4.52036 4294901760
-19.177485 -5.5969892 -4.5081258 4294901760
-22.84581 -9.1700621 -4.4633584 4294901760
-25.808998 -6.1818995 -4.9559135 4294901760
-3.4173846 -0.98443967 -3.552803 4294901760
-5.5621104 -1.9010837 -3.6482089 4294901760
-7.8848605 -2.2713771 -3.8159659 4294901760
-9.8063536 -3.3517313 -3.8613076 4294901760
-12.357714 -3.5598638 -4.0925426 4294901760
-13.988001 -4.7809839 -4.0839939 4294901760
-17.05979 -4.0233355 -4.4654789 4294901760
-21.593796 -7.3805823 -4.5287876 4294901760
-19.166258 -5.5211887 -4.5112152 4294901760
-22.892517 -9.0961609 -4.4750152 4294901760
-25.810986 -6.087194 -4.9632754 4294901760
-3.4239471 -0.97469121 -3.5559316 4294901760
-5.5753531 -1.8860689 -3.6528571 4294901760
-7.8957305 -2.247669 -3.8197989 4294901760
-9.8130903 -3.3196399 -3.8641157 4294901760
-12.357388 -3.5177639 -4.0947104 4294901760
-14.006719 -4.7382894 -4.0898366 4294901760
-17.087864 -3.9733284 -4.4738498 4294901760
-21.616875 -7.312706 -4.5368066 4294901760
-19.198847 -5.4653144 -4.5203161 4294901760
-22.946981 -9.0344334 -4.4870496 4294901760
-25.791088 -5.9970317 -4.967145 4294901760
-3.4206834 -0.95957863 -3.5535953 4294901760
-5.5789003 -1.8634268 -3.6540875 4294901760
-7.9005256 -2.216275 -3.8222051 4294901760
-9.8220158 -3.2806838 -3.8677225 4294901760
-12.374623 -3.4713602 -4.1008258 4294901760
-14.005948 -4.6781726 -4.092927 4294901760
-17.091347 -3.9050248 -4.4790635 4294901760
-21.663721 -7.2359705 -4.5490971 4294901760
-19.235043 -5.3958621 -4.5309319 4294901760
-22.981503 -8.9462557 -4.4978671 4294901760
-25.821709 -5.899735 -4.9788876 4294901760
-3.4236813 -0.94882739 -3.5548074 4294901760
-5.5810695 -1.8446819 -3.6548531 4294901760
-7.9112301 -2.1924915 -3.82603 4294901760
-9.8397799 -3.2522912 -3.8730216 4294901760
-12.381645 -3.4314072 -4.1044621 4294901760
-14.0168 -4.6328998 -4.0974464 4294901760
-17.091873 -3.8486857 -4.4829617 4294901760
-21.663614 -7.1603618 -4.5540795 4294901760
-19.244217 -5.3332772 -4.5366077 4294901760
-22.998323 -8.8697023 -4.505332 4294901760
-25.836224 -5.8177066 -4.9871664 4294901760
-3.4339662 -0.93878251 -3.5599809 4294901760
-5.5984592 -1.8287771 -3.6610234 4294901760
-7.9037008 -2.1607249 -3.8250289 4294901760
-9.8398018 -3.214242 -3.8745334 4294901760
-12.38972 -3.3871191 -4.1085739 4294901760
-14.032887 -4.5839434 -4.1031809 4294901760
-17.105204 -3.7889998 -4.489399 4294901760
-21.688477 -7.0846972 -4.5629425 4294901760
-19.235798 -5.2587094 -4.5401616 4294901760
-23.044062 -8.7950621 -4.5169683 4294901760
-25.848574 -5.7257571 -4.9958968 4294901760
-3.4338834 -0.92524785 -3.5594764 4294901760
-5.5977926 -1.8058814 -3.6608267 4294901760
-7.9153543 -2.1327643 -3.8293061 4294901760
-9.8439922 -3.1757309 -3.8770683 4294901760
-12.402051 -3.3416891 -4.1136661 4294901760
-14.060947 -4.5361457 -4.1111541 4294901760
-17.111195 -3.724591 -4.4948621 4294901760
-21.710501 -7.0039372 -4.5717254 4294901760
-19.239544 -5.1840277 -4.545774 4294901760
-23.076139 -8.7105474 -4.5272474 4294901760
-25.857681 -5.6284375 -5.0045819 4294901760
-3.4439397 -0.91571856 -3.5645838 4294901760
-5.6147594 -1.7908196 -3.6668851 4294901760
-7.9223828 -2.1065042 -3.8322408 4294901760
-9.8620005 -3.1454713 -3.8825536 4294901760
-12.40156 -3.2974846 -4.1160049 4294901760
-14.08349 -4.49191 -4.1178985 4294901760
-17.119558 -3.6669931 -4.5003061 4294901760
-21.642366 -6.9028025 -4.5679379 4294901760
-19.245071 -5.1171246 -4.5511837 4294901760
-23.116116 -8.6381674 -4.5379205 4294901760
-25.872297 -5.541822 -5.0132747 4294901760
-3.4365954 -0.90093249 -3.5601685 4294901760
-5.6099553 -1.7677352 -3.665262 4294901760
-7.9258943 -2.0778401 -3.8342931 4294901760
-9.8691511 -3.1098368 -3.8857107 4294901760
-12.416835 -3.255178 -4.1215868 4294901760
-14.095292 -4.4415226 -4.1229525 4294901760
-17.120562 -3.6047461 -4.5047669 4294901760
-19.255102 -5.0478878 -4.5575209 4294901760
-23.146132 -8.5574188 -4.5476861 4294901760
-25.903208 -5.4539385 -5.0244455 4294901760
-3.4363639 -0.88742501 -3.5596485 4294901760
-5.6090407 -1.7448746 -3.6650403 4294901760
-7.9296584 -2.0477974 -3.8364892 4294901760
-9.8616123 -3.0677755 -3.8856797 4294901760
-12.436364 -3.2116332 -4.1281576 4294901760
-14.100083 -4.3862896 -4.1269593 4294901760
-17.106354 -3.5363312 -4.5069437 4294901760
-21.630247 -6.7287917 -4.5777464 4294901760
-19.254173 -4.972301 -4.5624757 4294901760
-23.166092 -8.468421 -4.5565248 4294901760
-25.883919 -5.350883 -5.0295053 4294901760
-3.4426479 -0.87751943 -3.5627663 4294901760
-5.6218581 -1.7295084 -3.6696815 4294901760
-7.9246511 -2.0199668 -3.836148 4294901760
-9.8900909 -3.0425873 -3.8934858 4294901760
-12.434858 -3.1696036 -4.1302152 4294901760
-14.113794 -4.3419676 -4.1320758 4294901760
-17.121283 -3.483362 -4.5133014 4294901760
-21.739 -6.6877856 -4.5973673 4294901760
-19.261974 -4.9098125 -4.5680218 4294901760
-23.177568 -8.3901587 -4.5634131 4294901760
-25.920168 -5.2735138 -5.0406847 4294901760
-3.4495082 -0.86517781 -3.5661497 4294901760
-5.6284571 -1.7079121 -3.6721673 4294901760
-7.9323483 -1.9895276 -3.8395102 4294901760
-9.8865709 -3.0000038 -3.89447 4294901760
-12.423843 -3.1160483 -4.1309352 4294901760
-14.122751 -4.2854404 -4.1369925 4294901760
-17.138437 -3.4183824 -4.5209146 4294901760
-21.791245 -6.6123857 -4.6105742 4294901760
-19.261349 -4.830976 -4.5732899 4294901760
-23.198334 -8.29708 -4.5726824 4294901760
-25.920643 -5.1700559 -5.0486851 4294901760
-3.4560268 -0.85400015 -3.5694005 4294901760
-5.6343842 -1.688253 -3.6744232 4294901760
-7.9468608 -1.963706 -3.844635 4294901760
-9.9007683 -2.9666066 -3.899281 4294901760
-12.426941 -3.0707545 -4.1341915 4294901760
-14.130004 -4.2338295 -4.141325 4294901760
-17.154177 -3.3592985 -4.5278831 4294901760
-21.798903 -6.531692 -4.6172471 4294901760
-19.285835 -4.7656193 -4.581862 4294901760
-23.223394 -8.2147141 -4.5818977 4294901760
-25.930695 -5.0780025 -5.0572219 4294901760
-3.4622147 -0.843997 -3.5725183 4294901760
-5.6359673 -1.6694497 -3.675142 4294901760
-7.9377484 -1.9350146 -3.8432233 4294901760
-9.9100399 -2.9354875 -3.902842 4294901760
-12.467368 -3.0392168 -4.1445765 4294901760
-14.131796 -4.186029 -4.1444125 4294901760
-17.137272 -3.300118 -4.5290079 4294901760
-21.815491 -6.4620428 -4.6245713 4294901760
-19.285219 -4.70123 -4.5861826 4294901760
-23.234016 -8.1364365 -4.5887122 4294901760
-25.922995 -4.9919815 -5.0627317 4294901760
-3.4580894 -0.83021462 -3.5699887 4294901760
-5.6417599 -1.6497674 -3.677388 4294901760
-7.9558949 -1.9100432 -3.8493783 4294901760
-9.9088449 -2.8975515 -3.9042366 4294901760
-12.485616 -2.997534 -4.1508703 4294901760
-14.16159 -4.1411424 -4.15271 4294901760
-17.148684 -3.2402811 -4.5352893 4294901760
-21.845573 -6.3880978 -4.6343007 4294901760
-19.30151 -4.6338873 -4.5935559 4294901760
-23.269817 -8.0579023 -4.5993037 4294901760
-25.944183 -4.9022098 -5.0727468 4294901760
-3.4715502 -0.82063949 -3.5770912 4294901760
-5.643784 -1.6289942 -3.6783197 4294901760
-7.943428 -1.8777463 -3.8472042 4294901760
-9.915103 -2.8618467 -3.9073212 4294901760
-12.484419 -2.9511907 -4.1533356 4294901760
-14.164497 -4.0883713 -4.1563339 4294901760
-17.152058 -3.1789451 -4.5402508 4294901760
-21.825569 -6.2996254 -4.6372681 4294901760
-19.325331 -4.5683131 -4.602088 4294901760
-23.30158 -7.9779124 -4.6094122 4294901760
-25.925802 -4.8050618 -5.0775981 4294901760
-3.4708631 -0.80769479 -3.5764813 4294901760
-5.649436 -1.6092837 -3.6805558 4294901760
-7.9575763 -1.8517852 -3.8523092 4294901760
-9.917429 -2.825053 -3.9095404 4294901760
-12.49851 -2.9084933 -4.1588473 4294901760
-14.186331 -4.0410814 -4.1632843 4294901760
-17.155212 -3.1176293 -4.5451913 4294901760
-21.613333 -6.1567178 -4.6141353 4294901760
-19.345043 -4.5017304 -4.6100216 4294901760
-23.291477 -7.8837285 -4.6142669 4294901760
-25.942415 -4.7145338 -5.0870442 4294901760
-3.4736612 -0.79557502 -3.5777965 4294901760
-5.6550188 -1.5895548 -3.6827874 4294901760
-7.9639916 -1.8239986 -3.8553247 4294901760
-9.9272299 -2.7904196 -3.9134579 4294901760
-12.512454 -2.8657362 -4.1643515 4294901760
-14.196522 -3.990464 -4.1682172 4294901760
-17.162071 -3.0570326 -4.5507665 4294901760
-21.819078 -6.133069 -4.6477528 4294901760
-19.32955 -4.4270601 -4.6126351 4294901760
-23.277212 -7.7884493 -4.6185951 4294901760
-25.942989 -4.6211538 -5.0943971 4294901760
-3.4659438 -0.78044808 -3.5733783 4294901760
-5.6645193 -1.5698447 -3.6864409 4294901760
-7.9667959 -1.7939329 -3.8574381 4294901760
-9.9373913 -2.7540133 -3.9175634 4294901760
-12.51126 -2.8172381 -4.1670065 4294901760
-14.122906 -3.9139717 -4.158618 4294901760
-17.169237 -2.9934213 -4.5566344 4294901760
-21.891401 -6.066905 -4.6635895 4294901760
-19.337866 -4.3544269 -4.6191211 4294901760
-23.290445 -7.6980662 -4.6267071 4294901760
-25.95582 -4.5253439 -5.1037431 4294901760
-3.4614344 -0.76738173 -3.5707519 4294901760
-5.6622629 -1.5490202 -3.6859212 4294901760
-7.9727006 -1.7675058 -3.8602886 4294901760
-9.9464693 -2.7210464 -3.9212701 4294901760
-12.512786 -2.7740188 -4.1699414 4294901760
-14.18951 -3.8818114 -4.1733227 4294901760
-17.151588 -2.9317758 -4.5579109 4294901760
-21.915247 -5.9953341 -4.6722808 4294901760
-19.332737 -4.2859659 -4.6230774 4294901760
-23.300667 -7.6158333 -4.6338348 4294901760
-25.962809 -4.4379058 -5.1116028 4294901760
-3.4818017 -0.75915569 -3.5817251 4294901760
-5.6639161 -1.5282422 -3.6868207 4294901760
-7.9788218 -1.7396649 -3.8632827 4294901760
-9.9597225 -2.6873398 -3.9260252 4294901760
-12.52627 -2.731169 -4.1754131 4294901760
-14.210652 -3.8343291 -4.1802297 4294901760
-17.142076 -2.8686006 -4.5607834 4294901760
-21.924484 -5.9156809 -4.6792803 4294901760
-19.343683 -4.2176061 -4.6297436 4294901760
-23.311913 -7.5295434 -4.6414104 4294901760
-25.993896 -4.3498874 -5.123034 4294901760
-3.4737964 -0.74471748 -3.5772209 4294901760
-5.6692166 -1.5084621 -3.6890318 4294901760
-7.9810104 -1.7109805 -3.8652203 4294901760
-9.9728613 -2.6535738 -3.9307754 4294901760
-12.520207 -2.6841002 -4.1770082 4294901760
-14.21242 -3.7816334 -4.1837463 4294901760
-17.151985 -2.8087459 -4.5669341 4294901760
-21.921864 -5.8329577 -4.6846685 4294901760
-19.342697 -4.1467156 -4.6346049 4294901760
-23.315239 -7.4408426 -4.6479893 4294901760
-25.977398 -4.2539625 -5.1281757 4294901760
-3.4762471 -0.73319376 -3.5784528 4294901760
-5.6779132 -1.4906317 -3.6924489 4294901760
-7.9866409 -1.6845049 -3.8680508 4294901760
-9.9739609 -2.61848 -3.9327366 4294901760
-12.521275 -2.6409285 -4.1798978 4294901760
-14.221037 -3.7334716 -4.188324 4294901760
-17.149406 -2.7499597 -4.5707741 4294901760
-21.925648 -5.7561755 -4.6906552 4294901760
-19.352442 -4.0817266 -4.6408687 4294901760
-23.335978 -7.3622823 -4.6564879 4294901760
-25.99136 -4.1677942 -5.1370039 4294901760
-3.4789104 -0.72044849 -3.5798113 4294901760
-5.6796088 -1.468848 -3.6934407 4294901760
-7.9966011 -1.6560183 -3.8722248 4294901760
-9.9987965 -2.5858667 -3.9402611 4294901760
-12.530869 -2.5950208 -4.1847911 4294901760
-14.230773 -3.680331 -4.1934385 4294901760
-17.143633 -2.6846247 -4.5745382 4294901760
-21.969774 -5.6817746 -4.7027793 4294901760
-19.363365 -4.0099645 -4.6478329 4294901760
-23.362803 -7.2767076 -4.6663976 4294901760
-25.98279 -4.0688014 -5.1435804 4294901760
-3.5062716 -0.71335959 -3.594682 4294901760
-5.6772361 -1.4471104 -3.6929913 4294901760
-8.0023327 -1.6280944 -3.8751922 4294901760
-9.9924421 -2.5470433 -3.9406641 4294901760
-12.535963 -2.5504727 -4.188663 4294901760
-14.243533 -3.6306336 -4.198945 4294901760
-17.145025 -2.6235602 -4.5793009 4294901760
-21.97014 -5.6001229 -4.7086153 4294901760
-19.357714 -3.9383745 -4.652019 4294901760
-23.384245 -7.1939373 -4.6753292 4294901760
-25.996834 -3.9780788 -5.1528168 4294901760
-3.4909658 -0.69756341 -3.5862727 4294901760
-5.6822534 -1.4272828 -3.6951816 4294901760
-7.9964294 -1.5978433 -3.8749852 4294901760
-9.9936056 -2.5102191 -3.9427834 4294901760
-12.537008 -2.5051401 -4.1917415 4294901760
-14.256121 -3.5808885 -4.2044406 4294901760
-17.154079 -2.5636923 -4.5853772 4294901760
-21.962467 -5.5165877 -4.7133503 4294901760
-19.363525 -3.8692119 -4.6579776 4294901760
-23.401579 -7.1099405 -4.6837511 4294901760
-25.939474 -3.8766775 -5.152514 4294901760
-3.4968169 -0.6866824 -3.5894384 4294901760
-5.6906948 -1.4093591 -3.6985846 4294901760
-7.9978356 -1.5705634 -3.87673 4294901760
-9.990366 -2.4742169 -3.9438272 4294901760
-12.545246 -2.4635546 -4.1961341 4294901760
-14.244755 -3.5278604 -4.2055435 4294901760
-17.13884 -2.5033431 -4.5871234 4294901760
-22.007753 -5.4504466 -4.7251272 4294901760
-19.372337 -3.8042147 -4.6641598 4294901760
-23.417381 -7.0300093 -4.69168 4294901760
-25.964041 -3.7923744 -5.1628098 4294901760
-3.4885132 -0.67241347 -3.584893 4294901760
-5.6993213 -1.390399 -3.7020948 4294901760
-8.0032692 -1.5426359 -3.8796711 4294901760
-10.00662 -2.4412022 -3.9494007 4294901760
-12.545977 -2.4182463 -4.199183 4294901760
-14.253119 -3.4771721 -4.2103214 4294901760
-17.14353 -2.4429398 -4.5924907 4294901760
-22.026644 -5.3735914 -4.7335687 4294901760
-19.397242 -3.7388327 -4.6730962 4294901760
-23.445604 -6.949357 -4.7015347 4294901760
-25.969212 -3.7005928 -5.1708922 4294901760
-3.490839 -0.66023219 -3.5861719 4294901760
-5.7003946 -1.3695964 -3.7029452 4294901760
-8.0008974 -1.5132321 -3.8804855 4294901760
-10.022766 -2.4081042 -3.9549718 4294901760
-12.566036 -2.3766496 -4.2061338 4294901760
-14.253569 -3.4246113 -4.2137098 4294901760
-17.136177 -2.3808906 -4.5958261 4294901760
-22.045267 -5.2966714 -4.741992 4294901760
-19.421925 -3.6733229 -4.682024 4294901760
-23.485043 -6.8719578 -4.7128587 4294901760
-25.970108 -3.6082716 -5.1784129 4294901760
-3.5038161 -0.6500265 -3.5932872 4294901760
-5.7013922 -1.3488028 -3.703788 4294901760
-8.0099869 -1.4860095 -3.8844712 4294901760
-10.027267 -2.3721933 -3.9579198 4294901760
-12.562554 -2.3305998 -4.2083716 4294901760
-14.284788 -3.3794136 -4.222589 4294901760
-17.144384 -2.3210588 -4.6018248 4294901760
-22.055857 -5.2178483 -4.7493167 4294901760
-19.422873 -3.6033232 -4.6873031 4294901760
-23.512726 -6.7910452 -4.7226887 4294901760
-25.939016 -3.5117028 -5.1816278 4294901760
-3.4917967 -0.6351974 -3.5867729 4294901760
-5.6985626 -1.3271468 -3.7032912 4294901760
-8.0189838 -1.458744 -3.8884528 4294901760
-10.031636 -2.3362827 -3.9608562 4294901760
-12.5589 -2.2846062 -4.2105894 4294901760
-14.26551 -3.3223159 -4.222496 4294901760
-17.152382 -2.2612035 -4.6078067 4294901760
-22.07782 -5.141737 -4.7582421 4294901760
-19.415716 -3.531939 -4.6913381 4294901760
-23.540123 -6.7100282 -4.7325029 4294901760
-25.990705 -3.4263623 -5.1960344 4294901760
-3.5011308 -0.62427753 -3.5919397 4294901760
-5.7144246 -1.3098288 -3.7094514 4294901760
-8.016305 -1.4293666 -3.8892376 4294901760
-10.043582 -2.3021345 -3.9655349 4294901760
-12.55508 -2.2386637 -4.2127876 4294901760
-14.280897 -3.2733884 -4.2285948 4294901760
-17.144367 -2.1992888 -4.6110716 4294901760
-22.083967 -5.061965 -4.7649803 4294901760
-19.372982 -3.4543462 -4.6898551 4294901760
-23.571089 -6.6299782 -4.7428021 4294901760
-26.006468 -3.3361242 -5.2056122 4294901760
-3.5032885 -0.61205161 -3.5932078 4294901760
-5.7152038 -1.2890246 -3.7102759 4294901760
-8.021246 -1.4013736 -3.8921413 4294901760
-10.055412 -2.2679284 -3.9702084 4294901760
-12.562818 -2.1948214 -4.2173352 4294901760
-14.323273 -3.2305145 -4.2395377 4294901760
-17.140085 -2.1379473 -4.6149869 4294901760
-22.097609 -4.9839621 -4.7727809 4294901760
-19.388849 -3.3873816 -4.6974831 4294901760
-23.59024 -6.5465851 -4.7515869 4294901760
-25.962482 -3.2383981 -5.2070942 4294901760
-3.4982572 -0.5985961 -3.5905695 4294901760
-5.7196684 -1.2690668 -3.712429 4294901760
-8.0028915 -1.369396 -3.8886354 4294901760
-10.067126 -2.2336707 -3.9748764 4294901760
-12.566491 -2.1502857 -4.2210803 4294901760
-14.315049 -3.1761899 -4.2414603 4294901760
-17.127674 -2.0757077 -4.6175208 4294901760
-22.107079 -4.9050674 -4.7800136 4294901760
-19.380907 -3.3163185 -4.7014208 4294901760
-23.5937 -6.4589291 -4.7583408 4294901760
-25.953802 -3.145349 -5.2133698 4294901760
-3.4967499 -0.58578306 -3.5898757 4294901760
-5.7127743 -1.2466314 -3.7105644 4294901760
-8.0037537 -1.340806 -3.8904476 4294901760
-10.06714 -2.1968331 -3.9768956 4294901760
-12.577834 -2.1070659 -4.2263961 4294901760
-14.314392 -3.1236613 -4.2447481 4294901760
-17.115038 -2.0135853 -4.6200252 4294901760
-22.104574 -4.8236208 -4.7855783 4294901760
-19.408092 -3.2512856 -4.7108531 4294901760
-23.627661 -6.3796597 -4.7690911 4294901760
-25.956692 -3.0538065 -5.22123 4294901760
-3.5059283 -0.57474637 -3.5950389 4294901760
-5.7321553 -1.2299145 -3.7180603 4294901760
-8.0045147 -1.3122247 -3.8922501 4294901760
-10.074746 -2.1616786 -3.9806654 4294901760
-12.592943 -2.0644314 -4.2324967 4294901760
-14.313542 -3.0711718 -4.2480159 4294901760
-17.133835 -1.9551846 -4.6279464 4294901760
-22.043247 -4.7296886 -4.7828722 4294901760
-19.399652 -3.1802933 -4.7147403 4294901760
-23.638214 -6.2940626 -4.7768002 4294901760
-25.975132 -2.9640868 -5.2312312 4294901760
-3.5114927 -0.56307882 -3.5982487 4294901760
-5.7326446 -1.209103 -3.7188599 4294901760
-8.0167923 -1.2855177 -3.8972561 4294901760
-10.074495 -2.1248662 -3.9826591 4294901760
-12.584401 -2.0179482 -4.2338219 4294901760
-14.328068 -3.0220098 -4.2540588 4294901760
-17.144514 -1.8958017 -4.6344948 4294901760
-21.87612 -4.6140103 -4.7652221 4294901760
-19.367332 -3.1056123 -4.7148952 4294901760
-23.6639 -6.2125244 -4.7865095 4294901760
-25.945629 -2.8690093 -5.2346869 4294901760
-3.5134368 -0.55081791 -3.5995011 4294901760
-5.7330589 -1.1883031 -3.7196519 4294901760
-8.0251064 -1.2581333 -3.9011879 4294901760
-10.085722 -2.0904887 -3.9872947 4294901760
-12.583529 -1.9727786 -4.2367167 4294901760
-14.322952 -2.9687483 -4.2565904 4294901760
-17.123304 -1.8329768 -4.6355615 4294901760
-22.036659 -4.5675845 -4.7937927 4294901760
-19.318977 -3.0287261 -4.7125287 4294901760
-23.700901 -6.133884 -4.7977281 4294901760
-25.876074 -2.7699234 -5.2326393 4294901760
-3.5044005 -0.53812653 -3.5947518 4294901760
-5.7405372 -1.1710559 -3.7229099 4294901760
-8.0251417 -1.2323198 -3.9026823 4294901760
-10.099984 -2.0603726 -3.9924369 4294901760
-12.597508 -1.9344405 -4.2423396 4294901760
-14.312723 -2.9197614 -4.2578654 4294901760
-17.117096 -1.777938 -4.638751 4294901760
-22.07045 -4.5023189 -4.8039212 4294901760
-19.383564 -2.9764895 -4.7273846 4294901760
-23.69685 -6.0534663 -4.8029261 4294901760
-25.936283 -2.6939795 -5.2476659 4294901760
-3.5205977 -0.52804226 -3.6038308 4294901760
-5.7370362 -1.1494982 -3.7223454 4294901760
-8.0255156 -1.2037191 -3.9044523 4294901760
-10.095489 -2.0227773 -3.9935102 4294901760
-12.608108 -1.8910463 -4.2476048 4294901760
-14.326728 -2.8705673 -4.2638655 4294901760
-17.115273 -1.7173856 -4.6431851 4294901760
-22.070379 -4.4221201 -4.8098693 4294901760
-19.389893 -2.9082227 -4.7336359 4294901760
-23.706221 -5.967793 -4.8105378 4294901760
-25.925661 -2.6014402 -5.2537255 4294901760
-3.5116584 -0.5141741 -3.5991938 4294901760
-5.7372346 -1.1287216 -3.7231164 4294901760
-8.0296679 -1.1756973 -3.9072888 4294901760
-10.102488 -1.9875247 -3.9972353 4294901760
-12.618559 -1.8475989 -4.252862 4294901760
-14.324955 -2.8182368 -4.2670379 4294901760
-17.125126 -1.6580153 -4.6496601 4294901760
-21.940817 -4.3165522 -4.79743 4294901760
-19.407816 -2.8416762 -4.7417336 4294901760
-23.703663 -5.879241 -4.8165846 4294901760
-25.906761 -2.5082328 -5.2586489 4294901760
-3.5170207 -0.50242472 -3.6023929 4294901760
-5.7487044 -1.1101472 -3.7279217 4294901760
-8.0298405 -1.1471045 -3.9090405 4294901760
-10.109365 -1.9522457 -4.0009522 4294901760
-12.613147 -1.8018535 -4.2549028 4294901760
-14.33861 -2.7689662 -4.2730136 4294901760
-17.122879 -1.5974827 -4.6540551 4294901760
-21.904819 -4.2300968 -4.7982512 4294901760
-19.401833 -2.7716525 -4.746078 4294901760
-23.747309 -5.8021417 -4.8287644 4294901760
-25.919338 -2.4181502 -5.2679324 4294901760
-3.5259342 -0.49114606 -3.6075542 4294901760
-5.7487588 -1.0893577 -3.7286811 4294901760
-8.0415649 -1.1201522 -3.9140193 4294901760
-10.120001 -1.9176837 -4.0055518 4294901760
-12.619359 -1.7578174 -4.2593327 4294901760
-14.352094 -2.7196417 -4.2789793 4294901760
-17.104549 -1.53557 -4.6556673 4294901760
-21.923372 -4.1543565 -4.8068433 4294901760
-19.391644 -2.701165 -4.7497668 4294901760
-23.755772 -5.7164164 -4.8363013 4294901760
-25.907732 -2.3258805 -5.273881 4294901760
-3.5276272 -0.47883517 -3.608789 4294901760
-5.7525263 -1.069284 -3.730783 4294901760
-8.0454264 -1.0920749 -3.9168351 4294901760
-10.130518 -1.8830686 -4.0101457 4294901760
-12.633282 -1.7148238 -4.2653608 4294901760
-14.3615 -2.6695266 -4.2842269 4294901760
-17.121708 -1.4768809 -4.6634693 4294901760
-22.071125 -4.1025977 -4.83392 4294901760
-19.397005 -2.6329222 -4.7559304 4294901760
-23.787235 -5.6362185 -4.8469129 4294901760
-25.875908 -2.2319989 -5.2770267 4294901760
-3.5400591 -0.46794361 -3.6159165 4294901760
-5.7486463 -1.0478158 -3.7301769 4294901760
-8.0569658 -1.0650121 -3.9218073 4294901760
-10.140919 -1.8484032 -4.0147338 4294901760
-12.631324 -1.6696748 -4.2681584 4294901760
-14.358995 -2.6172395 -4.2873311 4294901760
-17.110884 -1.4157916 -4.6664138 4294901760
-22.101013 -4.0283909 -4.8442135 4294901760
-19.398172 -2.5641525 -4.7614455 4294901760
-23.798988 -5.5513368 -4.8549213 4294901760
-25.875584 -2.1410019 -5.2845554 4294901760
-3.541671 -0.45558447 -3.6171482 4294901760
-5.7522678 -1.0277443 -3.7322659 4294901760
-8.0489645 -1.0353822 -3.9213607 4294901760
-10.151199 -1.8136913 -4.0193157 4294901760
-12.637074 -1.6255759 -4.2725534 4294901760
-14.368042 -2.5671046 -4.2925487 4294901760
-17.107779 -1.3554296 -4.6707182 4294901760
-22.114939 -3.9512246 -4.8522444 4294901760
-19.395142 -2.4949028 -4.7663074 4294901760
-23.814331 -5.4673414 -4.8634233 4294901760
-25.874937 -2.0500414 -5.2920527 4294901760
-3.5359681 -0.44293594 -3.6143796 4294901760
-5.7518501 -1.0079981 -3.7328916 4294901760
-8.0562458 -1.0091722 -3.9250979 4294901760
-10.157159 -1.780018 -4.0228095 4294901760
-12.630585 -1.5821805 -4.274292 4294901760
-14.384311 -2.5208163 -4.2989206 4294901760
-17.10424 -1.2980874 -4.6747184 4294901760
-22.088617 -3.8709779 -4.8542085 4294901760
-19.38353 -2.4280937 -4.769546 4294901760
-23.824543 -5.3865781 -4.8709326 4294901760
-25.861685 -1.9627136 -5.297421 4294901760
-3.541091 -0.43102747 -3.6175716 4294901760
-5.7591305 -0.98856443 -3.736325 4294901760
-8.0636129 -0.98151624 -3.9289703 4294901760
-10.16331 -1.7445493 -4.0264792 4294901760
-12.628152 -1.5371195 -4.27704 4294901760
-14.373425 -2.4672225 -4.3005438 4294901760
-17.104694 -1.2380822 -4.6796765 4294901760
-21.842434 -3.7492905 -4.8248167 4294901760
-19.391886 -2.3604126 -4.7762499 4294901760
-23.80813 -5.2955756 -4.875206 4294901760
-25.812618 -1.8683842 -5.2981553 4294901760
-3.5318465 -0.41677219 -3.612942 4294901760
-5.7589154 -0.96681315 -3.7371454 4294901760
-8.0632601 -0.95149732 -3.9308012 4294901760
-10.173533 -1.7079442 -4.0312223 4294901760
-12.629761 -1.4903629 -4.2807989 4294901760
-14.370603 -2.4125528 -4.3038301 4294901760
-17.105145 -1.1751132 -4.6848965 4294901760
-21.950472 -3.6850696 -4.8467002 4294901760
-19.404366 -2.2897937 -4.7839017 4294901760
-23.842979 -5.2116938 -4.8866968 4294901760
-25.771486 -1.7704858 -5.3003693 4294901760
-3.5333505 -0.40382361 -3.6142163 4294901760
-5.7624207 -0.94569772 -3.739316 4294901760
-8.0550032 -0.92059952 -3.9304438 4294901760
-10.175825 -1.6700021 -4.0341549 4294901760
-12.65485 -1.4463121 -4.2894201 4294901760
-14.387198 -2.3611503 -4.3106818 4294901760
-17.081514 -1.1105986 -4.6858983 4294901760
-22.03471 -3.6162188 -4.8652196 4294901760
-19.412628 -2.218653 -4.7909021 4294901760
-23.850214 -5.1217494 -4.8944969 4294901760
-25.813665 -1.6783416 -5.3143048 4294901760
-3.5382047 -0.39312223 -3.6172781 4294901760
-5.7615609 -0.92697912 -3.7398124 4294901760
-8.0500593 -0.89442456 -3.9307468 4294901760
-10.184925 -1.6386553 -4.0383358 4294901760
-12.667219 -1.4074272 -4.2949491 4294901760
-14.394547 -2.3159425 -4.3153152 4294901760
-17.076967 -1.0564412 -4.6895285 4294901760
-22.108997 -3.5571225 -4.8814435 4294901760
-19.427429 -2.1585393 -4.7981577 4294901760
-23.838848 -5.0410199 -4.8988218 4294901760
-25.834753 -1.5982285 -5.3241572 4294901760
-3.5323465 -0.37999359 -3.6145382 4294901760
-5.7761769 -0.90865749 -3.7459512 4294901760
-8.0570307 -0.86673838 -3.9345868 4294901760
-10.186677 -1.6024787 -4.0410647 4294901760
-12.660218 -1.3619281 -4.2968278 4294901760
-14.4104 -2.2669177 -4.3218918 4294901760
-17.092482 -0.99752063 -4.6972065 4294901760
-22.121277 -3.4799254 -4.8893323 4294901760
-19.426916 -2.0898583 -4.8035169 4294901760
-23.840668 -4.9545269 -4.9055843 4294901760
-25.836189 -1.5078051 -5.3320236 4294901760
-3.548203 -0.36792323 -3.6237621 4294901760
-5.7720079 -0.88530391 -3.7454858 4294901760
-8.0602999 -0.83579534 -3.937603 4294901760
-10.188848 -1.5627538 -4.0441432 4294901760
-12.665354 -1.3133066 -4.3015671 4294901760
-14.407205 -2.2097604 -4.3253641 4294901760
-17.096186 -0.93188292 -4.70332 4294901760
-22.106869 -3.3907261 -4.8939729 4294901760
-19.422903 -2.0140159 -4.8088732 4294901760
-23.8204 -4.8549767 -4.9100161 4294901760
-25.742105 -1.4031568 -5.3271408 4294901760
-3.5349131 -0.35532394 -3.6169393 4294901760
-5.7747607 -0.86716592 -3.7473276 4294901760
-8.0667896 -0.81086099 -3.9411578 4294901760
-10.189798 -1.5301493 -4.0464869 4294901760
-12.673366 -1.2739068 -4.306252 4294901760
-14.414075 -2.1644871 -4.3299613 4294901760
-17.091072 -0.87775981 -4.7068973 4294901760
-22.121357 -3.3218496 -4.9016013 4294901760
-19.4093 -1.9509925 -4.8116031 4294901760
-23.823793 -4.7777634 -4.9163551 4294901760
-25.766325 -1.3233016 -5.3374796 4294901760
-3.5397406 -0.3433325 -3.6201127 4294901760
-5.7625079 -0.84476799 -3.7439091 4294901760
-8.0773783 -0.78345478 -3.9460766 4294901760
-10.195078 -1.4945707 -4.0500889 4294901760
-12.661938 -1.2281281 -4.3072605 4294901760
-14.421543 -2.1141591 -4.3350568 4294901760
-17.086079 -0.81771415 -4.7110071 4294901760
-22.089388 -3.2382443 -4.9030848 4294901760
-19.415993 -1.8832289 -4.8181672 4294901760
-23.840326 -4.6945729 -4.9251471 4294901760
-25.73489 -1.2316333 -5.3406968 4294901760
-3.5373077 -0.33063775 -3.6193268 4294901760
-5.7844877 -0.82737625 -3.7527716 4294901760
-8.0800638 -0.75525635 -3.9487994 4294901760
-10.192408 -1.4578571 -4.0518603 4294901760
-12.689853 -1.1861407 -4.3164535 4294901760
-14.424899 -2.0632455 -4.3394132 4294901760
-17.068935 -0.7571888 -4.7129731 4294901760
-22.037359 -3.1520834 -4.9016294 4294901760
-19.402601 -1.8135918 -4.8214989 4294901760
-23.85265 -4.6105733 -4.9333835 4294901760
-25.719086 -1.140915 -5.346139 4294901760
-3.5492721 -0.3192625 -3.626456 4294901760
-5.7911553 -0.80771154 -3.7561715 4294901760
-8.0748377 -0.72634417 -3.9493189 4294901760
-10.189606 -1.421178 -4.0536175 4294901760
-12.686011 -1.1411263 -4.3190737 4294901760
-14.40838 -2.0095842 -4.3401175 4294901760
-17.063513 -0.69727671 -4.7170334 4294901760
-21.996849 -3.0679731 -4.9018459 4294901760
-19.38896 -1.7440667 -4.8247986 4294901760
-23.848986 -4.5235634 -4.9394522 4294901760
-25.762812 -1.0527614 -5.3600912 4294901760
-3.5466995 -0.30717799 -3.6256042 4294901760
-5.7938018 -0.78850263 -3.7580984 4294901760
-8.0772018 -0.69956267 -3.9518883 4294901760
-10.190346 -1.3868467 -4.0560946 4294901760
-12.666006 -1.0969969 -4.3181701 4294901760
-14.430727 -1.9639378 -4.3478255 4294901760
-17.081652 -0.6412853 -4.7250562 4294901760
-21.979225 -2.9912443 -4.9051037 4294901760
-19.382719 -1.6787282 -4.8290324 4294901760
-23.859932 -4.4437213 -4.9472008 4294901760
-25.706303 -0.96507496 -5.3593516 4294901760
-3.5441377 -0.29449552 -3.6248059 4294901760
-5.8003368 -0.76877964 -3.7614915 4294901760
-8.0717773 -0.6707139 -3.9523847 4294901760
-10.202961 -1.3523058 -4.061482 4294901760
-12.646033 -1.0508058 -4.317451 4294901760
-14.429609 -1.9125078 -4.3514042 4294901760
-17.067863 -0.5811128 -4.7276583 4294901760
-22.12007 -2.9318054 -4.9319692 4294901760
-19.4123 -1.61304 -4.8393846 4294901760
-23.859591 -4.3575377 -4.9537454 4294901760
-25.793324 -0.87819022 -5.3795671 4294901760
-3.5415301 -0.28183386 -3.624002 4294901760
-5.7877049 -0.74655539 -3.7580242 4294901760
-8.070159 -0.64222074 -3.9539695 4294901760
-10.20762 -1.3166797 -4.0650334 4294901760
-12.657535 -1.0072826 -4.3233123 4294901760
-14.424364 -1.860597 -4.3542333 4294901760
-17.06979 -0.52152669 -4.7330813 4294901760
-22.122252 -2.8535469 -4.9385033 4294901760
-19.386021 -1.5427334 -4.8406625 4294901760
-23.870728 -4.2735162 -4.9618793 4294901760
-25.804216 -0.78838629 -5.3889103 4294901760
-3.5461073 -0.26974562 -3.6271617 4294901760
-5.7902751 -0.72634917 -3.7600322 4294901760
-8.0606184 -0.61315584 -3.9533374 4294901760
-10.216075 -1.2815346 -4.0694923 4294901760
-12.680757 -0.96460098 -4.3316479 4294901760
-14.438663 -1.8112284 -4.3607035 4294901760
-17.047619 -0.46129602 -4.7342062 4294901760
-22.116243 -2.7743266 -4.9438419 4294901760
-19.367435 -1.4732438 -4.8431973 4294901760
-23.865843 -4.1867218 -4.9678211 4294901760
-25.77887 -0.69755721 -5.3930554 4294901760
-3.5506427 -0.25762799 -3.6303203 4294901760
-5.7927752 -0.70613277 -3.7620351 4294901760
-8.0587978 -0.58473128 -3.9548984 4294901760
-10.212639 -1.2449092 -4.0711884 4294901760
-12.680088 -0.92004341 -4.3350124 4294901760
-14.448844 -1.7612978 -4.3664312 4294901760
-17.053104 -0.40187919 -4.7403002 4294901760
-22.125792 -2.697109 -4.9514914 4294901760
-19.3486 -1.4038981 -4.8456979 4294901760
-23.87244 -4.102036 -4.9753575 4294901760
-25.673359 -0.60502702 -5.385632 4294901760
-3.5515206 -0.24523225 -3.6314907 4294901760
-5.7875552 -0.68500221 -3.7612813 4294901760
-8.0686159 -0.55713737 -3.9597657 4294901760
-10.212998 -1.2087879 -4.0737901 4294901760
-12.683223 -0.87577569 -4.3391914 4294901760
-14.470704 -1.7127205 -4.3743548 4294901760
-17.066351 -0.34258956 -4.7478104 4294901760
-22.119223 -2.6179821 -4.9567719 4294901760
-19.34543 -1.3358005 -4.8507714 4294901760
-23.878744 -4.0173564 -4.9828672 4294901760
-25.647367 -0.51484472 -5.3896632 4294901760
-3.5451198 -0.23236018 -3.6286802 4294901760
-5.7899108 -0.66479701 -3.7632701 4294901760
-8.0705109 -0.52897096 -3.9624162 4294901760
-10.209302 -1.1722311 -4.0754571 4294901760
-12.686202 -0.83150035 -4.3433576 4294901760
-14.468692 -1.6612939 -4.3778548 4294901760
-17.051516 -0.28275439 -4.7502909 4294901760
-22.120298 -2.5398507 -4.9631972 4294901760
-19.334061 -1.2672254 -4.8545127 4294901760
-23.876863 -3.9313898 -4.9892573 4294901760
-25.641026 -0.42518875 -5.3965435 4294901760
-3.5459094 -0.21998306 -3.6298411 4294901760
-5.7845392 -0.64372873 -3.7624974 4294901760
-8.0801382 -0.50128001 -3.9672751 4294901760
-10.201547 -1.1352726 -4.0761871 4294901760
-12.692988 -0.78745455 -4.3483443 4294901760
-14.458592 -1.6090152 -4.3798599 4294901760
-17.028503 -0.22291446 -4.751307 4294901760
-22.1092 -2.460408 -4.9678278 4294901760
-19.33041 -1.1992304 -4.8595347 4294901760
-23.894382 -3.8486483 -4.9983525 4294901760
-25.622385 -0.33541411 -5.4016523 4294901760
-3.5466557 -0.20760408 -3.6309981 4294901760
-5.7905807 -0.62394547 -3.7658525 4294901760
-8.0700912 -0.47238415 -3.9665835 4294901760
-10.221166 -1.101349 -4.0833673 4294901760
-12.683775 -0.7424469 -4.3499846 4294901760
-14.472029 -1.5593872 -4.3862767 4294901760
-17.029179 -0.16347201 -4.7566071 4294901760
-22.081947 -2.3793697 -4.9700584 4294901760
-19.342436 -1.1322128 -4.8671546 4294901760
-23.90373 -3.7645967 -5.006331 4294901760
-25.675312 -0.24647078 -5.4171834 4294901760
-3.5509787 -0.19542265 -3.6341438 4294901760
-5.796555 -0.60412937 -3.7692046 4294901760
-8.0834408 -0.44485974 -3.9725406 4294901760
-10.22888 -1.0660758 -4.0877724 4294901760
-12.682328 -0.69795245 -4.3532748 4294901760
-14.449695 -1.5059782 -4.3860173 4294901760
-17.017696 -0.10395873 -4.7597265 4294901760
-22.078211 -2.3010385 -4.9757977 4294901760
-19.155197 -1.0541768 -4.8419046 4294901760
-23.908834 -3.6799247 -5.0137343 4294901760
-25.616119 -0.15648529 -5.41641 4294901760
-3.5443981 -0.18265298 -3.6313083 4294901760
-5.8024602 -0.58427763 -3.7725537 4294901760
-8.0927782 -0.41704401 -3.977385 4294901760
-10.232538 -1.0303636 -4.0912433 4294901760
-12.672799 -0.65306562 -4.354877 4294901760
-14.442991 -1.4543344 -4.3886943 4294901760
-17.009991 -0.044533957 -4.7635427 4294901760
-22.054346 -2.2207582 -4.9785395 4294901760
-19.15876 -0.98730576 -4.8481145 4294901760
-23.909691 -3.5946634 -5.0205593 4294901760
-25.61651 -0.067066729 -5.4243279 4294901760
-3.548635 -0.17045344 -3.6344481 4294901760
-5.8082986 -0.56439209 -3.7758999 4294901760
-8.0863495 -0.38841587 -3.9777734 4294901760
-10.228205 -0.99387419 -4.0928483 4294901760
-12.678965 -0.60901535 -4.3598094 4294901760
-14.447981 -1.4039096 -4.39358 4294901760
-17.025972 0.014856694 -4.7716746 4294901760
-21.954733 -2.1333404 -4.9699306 4294901760
-19.281553 -0.92616093 -4.874095 4294901760
-23.949736 -3.5152383 -5.0328827 4294901760
-25.668497 0.022398075 -5.4398217 4294901760
-3.5491807 -0.15868467 -3.6355336 4294901760
-5.7986326 -0.54404825 -3.7736063 4294901760
-8.0797558 -0.36124772 -3.9780183 4294901760
-10.219639 -0.95884275 -4.0933371 4294901760
-12.665058 -0.5662576 -4.3603325 4294901760
-14.464436 -1.3571047 -4.4004421 4294901760
-17.013882 0.071267337 -4.774467 4294901760
-22.041143 -2.0679781 -4.9888916 4294901760
-19.292484 -0.86257136 -4.8813157 4294901760
-23.969168 -3.4369314 -5.0420117 4294901760
-25.700228 0.10765249 -5.4519958 4294901760
-3.5533354 -0.1464448 -3.6386695 4294901760
-5.8004966 -0.5238052 -3.7755554 4294901760
-8.0692101 -0.33255905 -3.9772644 4294901760
-10.222924 -0.92316598 -4.0967717 4294901760
-12.678852 -0.52253777 -4.3669186 4294901760
-14.457203 -1.3055362 -4.4030662 4294901760
-17.009548 0.13062221 -4.7789459 4294901760
-21.925032 -1.9799073 -4.9777699 4294901760
-19.291395 -0.79506266 -4.8868461 4294901760
-23.953346 -3.3493779 -5.046545 4294901760
-25.615843 0.19671293 -5.4475245 4294901760
-3.5502021 -0.13390285 -3.6378086 4294901760
-5.80229 -0.50355297 -3.777499 4294901760
-8.0781612 -0.30468374 -3.98208 4294901760
-10.218208 -0.88678938 -4.0983334 4294901760
-12.672668 -0.47797459 -4.3692918 4294901760
-14.469597 -1.2557471 -4.4094052 4294901760
-17.01297 0.19004484 -4.7848582 4294901760
-21.856277 -1.8968017 -4.9737334 4294901760
-19.270149 -0.72681159 -4.8890376 4294901760
-23.960934 -3.2651987 -5.0543795 4294901760
-25.694859 0.28702661 -5.4671044 4294901760
-3.547025 -0.12138542 -3.6369414 4294901760
-5.7963352 -0.48265666 -3.7766597 4294901760
-8.0752563 -0.27634946 -3.9835374 4294901760
-10.233059 -0.85209942 -4.1045456 4294901760
-12.67426 -0.4337354 -4.3733325 4294901760
-14.462002 -1.2042404 -4.4119911 4294901760
-16.984327 0.24902184 -4.7849302 4294901760
-21.930368 -1.826126 -4.99124 4294901760
-19.240694 -0.65845031 -4.889864 4294901760
-23.952402 -3.1789136 -5.0599556 4294901760
-25.729633 0.37724429 -5.480217 4294901760
-3.5438037 -0.10889266 -3.6360686 4294901760
-5.8056636 -0.46303442 -3.7813687 4294901760
-8.0722504 -0.24804106 -3.9849837 4294901760
-10.239911 -0.81669062 -4.1088867 4294901760
-12.675696 -0.389494 -4.3773594 4294901760
-14.454224 -1.1528059 -4.4145551 4294901760
-16.983356 0.30830324 -4.790071 4294901760
-21.944561 -1.7502025 -4.999743 4294901760
-23.959394 -3.0947783 -5.0677338 4294901760
-25.704205 0.46661505 -5.4844589 4294901760
-3.5441623 -0.096521713 -3.6371908 4294901760
-5.8034039 -0.44247308 -3.781904 4294901760
-8.0691471 -0.21975516 -3.9864194 4294901760
-10.242699 -0.78094143 -4.1122842 4294901760
-12.669046 -0.34502882 -4.3796835 4294901760
-14.454194 -1.1020415 -4.4185996 4294901760
-16.966248 0.36723989 -4.7922716 4294901760
-21.958494 -1.6741972 -5.0082302 4294901760
-19.153162 -0.52161723 -4.8867249 4294901760
-23.938362 -3.0071442 -5.071559 4294901760
-25.726374 0.55685562 -5.4957647 4294901760
-3.5444775 -0.084149599 -3.6383095 4294901760
-5.7972293 -0.42165369 -3.7810385 4294901760
-8.0659437 -0.19149393 -3.9878442 4294901760
-10.24142 -0.74489588 -4.1147342 4294901760
-12.674139 -0.3008973 -4.3845282 4294901760
-14.477785 -1.0530221 -4.4271431 4294901760
-16.980789 0.42686182 -4.8002973 4294901760
-21.852772 -1.5894319 -4.99857 4294901760
-19.238564 -0.4567436 -4.9068084 4294901760
-23.928904 -2.9211464 -5.0770278 4294901760
-25.73625 0.64695591 -5.5052772 4294901760
-3.5411251 -0.071702205 -3.6374207 4294901760
-5.798666 -0.40141344 -3.7829497 4294901760
-8.0665627 -0.1633352 -3.9903815 4294901760
-10.240015 -0.70886648 -4.1171722 4294901760
-12.667179 -0.25649041 -4.3868194 4294901760
-14.473437 -1.0019257 -4.430408 4294901760
-16.979197 0.48613781 -4.8053827 4294901760
-21.798475 -1.5090026 -4.9966888 4294901760
-19.184237 -0.38845059 -4.9034829 4294901760
-23.942919 -2.8380649 -5.085844 4294901760
-25.713877 0.73622376 -5.5100117 4294901760
-3.5449786 -0.059402414 -3.6405354 4294901760
-5.8000317 -0.38117111 -3.7848547 4294901760
-8.0670834 -0.13517831 -3.9929099 4294901760
-10.24637 -0.67337912 -4.1214762 4294901760
-12.664029 -0.2122083 -4.3899407 4294901760
-14.472878 -0.95114017 -4.4344077 4294901760
-16.977396 0.54539979 -4.8104491 4294901760
-21.84741 -1.4357855 -5.0105271 4294901760
-19.225338 -0.3221547 -4.9162064 4294901760
-23.928885 -2.75174 -5.0906825 4294901760
-25.723122 0.82635671 -5.5194707 4294901760
-3.548789 -0.047075771 -3.6436484 4294901760
-5.797483 -0.36068359 -3.785358 4294901760
-8.0675068 -0.10701793 -3.9954298 4294901760
-10.244715 -0.6373629 -4.1238904 4294901760
-12.680563 -0.16821153 -4.3972979 4294901760
-14.476111 -0.90061426 -4.439147 4294901760
-16.987328 0.60508424 -4.8177018 4294901760
-21.95982 -1.3662044 -5.0341058 4294901760
-19.21837 -0.25493756 -4.920867 4294901760
-23.906609 -2.6646576 -5.0943494 4294901760
-25.724072 0.9162848 -5.5277157 4294901760
-3.5416818 -0.03461777 -3.6407392 4294901760
-5.7987061 -0.34044561 -3.78725 4294901760
-8.075675 -0.078934774 -4.0001945 4294901760
-10.242931 -0.60136878 -4.1262918 4294901760
-12.68901 -0.1240273 -4.4029479 4294901760
-14.491076 -0.85078001 -4.4461451 4294901760
-17.00103 0.6649965 -4.8256788 4294901760
-22.000301 -1.2916514 -5.0467591 4294901760
-18.920155 -0.18493293 -4.876338 4294901760
-23.911791 -2.5807683 -5.1019464 4294901760
-25.732687 1.0065359 -5.5371299 4294901760
-3.549031 -0.022300247 -3.645854 4294901760
-5.8113976 -0.32083911 -3.7933323 4294901760
-8.0798235 -0.050769366 -4.003828 4294901760
-10.24102 -0.56539237 -4.1286802 4294901760
-12.6973 -0.079783157 -4.4085898 4294901760
-14.482045 -0.79953343 -4.4485817 4294901760
-16.994627 0.72416812 -4.8299594 4294901760
-22.052486 -1.217487 -5.0612469 4294901760
-18.992445 -0.11933854 -4.8943524 4294901760
-23.928596 -2.4981132 -5.111227 4294901760
-25.760935 1.0977144 -5.5495191 4294901760
-3.5418334 -0.011126745 -3.6428237 4294901760
-5.8085299 -0.30237859 -3.7936287 4294901760
-8.0760202 -0.025370989 -4.0049477 4294901760
-10.238799 -0.5330081 -4.1307244 4294901760
-12.69352 -0.03987696 -4.4112697 4294901760
-14.476542 -0.7536152 -4.4512882 4294901760
-16.988287 0.77737737 -4.8337197 4294901760
-22.028309 -1.1467427 -5.0633993 4294901760
-19.140232 -0.060129445 -4.924644 4294901760
-23.908525 -2.4201062 -5.1145439 4294901760
-25.7055 1.1762736 -5.5485349 4294901760
-3.545476 0.0012371537 -3.6459255 4294901760
-5.8057027 -0.28191561 -3.7941053 4294901760
-8.0721378 0.0028166811 -4.0063062 4294901760
-10.23665 -0.49707529 -4.1330881 4294901760
-12.693582 0.0044292812 -4.4151812 4294901760
-14.475113 -0.70288825 -4.4552064 4294901760
-16.98945 0.83686525 -4.8394389 4294901760
-22.016235 -1.0690731 -5.0680661 4294901760
-19.22006 0.006706622 -4.9440837 4294901760
-23.889017 -2.3339231 -5.1186314 4294901760
-25.729158 1.2673652 -5.5602794 4294901760
-3.5418246 0.01359934 -3.6450028 4294901760
-5.8104997 -0.26182145 -3.7973781 4294901760
-8.0760002 0.031008953 -4.0099163 4294901760
-10.234374 -0.46116146 -4.1354389 4294901760
-12.689522 0.048723225 -4.4182234 4294901760
-14.473505 -0.65217692 -4.4591069 4294901760
-16.966541 0.89511573 -4.8406959 4294901760
-21.999903 -0.9913168 -5.0720863 4294901760
-19.203976 0.073736392 -4.9472733 4294901760
-23.89702 -2.2505198 -5.1266899 4294901760
-25.712616 1.3565385 -5.5659852 4294901760
-3.5490015 0.026635159 -3.6501658 4294901760
-5.7998748 -0.24004516 -3.7951264 4294901760
-8.0797567 0.06063835 -4.0136442 4294901760
-10.255742 -0.42446458 -4.1436324 4294901760
-12.689259 0.095232531 -4.4223008 4294901760
-14.463878 -0.59863085 -4.4616938 4294901760
-16.939287 0.95594901 -4.8414254 4294901760
-21.995415 -0.91034609 -5.0782714 4294901760
-19.21155 0.14418215 -4.9548025 4294901760
-23.905107 -2.1629174 -5.1351266 4294901760
-25.683548 1.4494213 -5.5702157 4294901760
-3.5488935 0.038404059 -3.6511939 4294901760
-5.8083363 -0.22110359 -3.7996991 4294901760
-8.0677433 0.087304421 -4.0125828 4294901760
-10.245243 -0.39000151 -4.1439004 4294901760
-12.680936 0.1372257 -4.4242587 4294901760
-14.465781 -0.55066305 -4.4660907 4294901760
-16.928072 1.011642 -4.8446035 4294901760
-21.994326 -0.8372491 -5.0843406 4294901760
-19.051504 0.20616429 -4.9331388 4294901760
-23.872379 -2.0801671 -5.1369781 4294901760
-25.670628 1.5341077 -5.5760779 4294901760
-3.5487289 0.051411215 -3.6523261 4294901760
-5.8091078 -0.1998134 -3.8016441 4294901760
-8.0752134 0.11698738 -4.017427 4294901760
-10.230804 -0.35190457 -4.143527 4294901760
-12.680348 0.18370299 -4.4283047 4294901760
-14.483603 -0.49818629 -4.4740019 4294901760
-16.912329 1.0729237 -4.8475027 4294901760
-22.017185 -0.7573157 -5.0947986 4294901760
-19.010757 0.27541301 -4.9323969 4294901760
-23.863932 -1.9913284 -5.1430426 4294901760
-25.676788 1.6289439 -5.58568 4294901760
-3.5376539 0.06360203 -3.6473532 4294901760
-5.8020701 -0.17929786 -3.8006756 4294901760
-8.0708342 0.14510222 -4.0187354 4294901760
-10.23987 -0.31643653 -4.1486826 4294901760
-12.675662 0.22789052 -4.4312825 4294901760
-14.461403 -0.44689202 -4.4739966 4294901760
-16.936295 1.1338106 -4.8575864 4294901760
-22.019695 -0.68046135 -5.1017952 4294901760
-19.189054 0.34499213 -4.9688964 4294901760
-23.866758 -1.9077026 -5.1504083 4294901760
-25.678913 1.7190906 -5.5942798 4294901760
-3.5337989 0.075255908 -3.6463501 4294901760
-5.7987819 -0.15995009 -3.8010132 4294901760
-8.0820732 0.1721161 -4.0244613 4294901760
-10.232963 -0.28225985 -4.149857 4294901760
-12.674837 0.26992378 -4.4349155 4294901760
-14.458829 -0.39882359 -4.4775791 4294901760
-22.017841 -0.60732681 -5.107801 4294901760
-19.191792 0.40870905 -4.9750805 4294901760
-23.837132 -1.8258022 -5.1527147 4294901760
-25.661121 1.8033967 -5.5994463 4294901760
-3.5298908 0.087500975 -3.6453948 4294901760
-5.7916036 -0.1395219 -3.8000247 4294901760
-8.0892658 0.20052141 -4.0291686 4294901760
-10.241787 -0.24672849 -4.1549973 4294901760
-12.665884 0.31396925 -4.4369993 4294901760
-14.468085 -0.34854159 -4.483685 4294901760
-21.999884 -0.52998543 -5.1116414 4294901760
-19.198219 0.47589657 -4.9822216 4294901760
-23.827436 -1.7414196 -5.1582761 4294901760
-25.646708 1.8923728 -5.6055551 4294901760
-3.5404351 0.10013047 -3.6525092 4294901760
-5.8074598 -0.11962032 -3.8074903 4294901760
-8.0845947 0.22864825 -4.0304523 4294901760
-10.242586 -0.21097374 -4.1582203 4294901760
-12.688509 0.35885599 -4.4459815 4294901760
-14.469213 -0.29803255 -4.4882374 4294901760
-22.005589 -0.45326453 -5.1191869 4294901760
-19.200426 0.54302579 -4.9886599 4294901760
-23.797529 -1.6557357 -5.1608911 4294901760
-25.651886 1.9828148 -5.6146827 4294901760
-3.5400445 0.11310536 -3.6536188 4294901760
-5.8078589 -0.098335415 -3.8094022 4294901760
-8.0797825 0.2581512 -4.0318446 4294901760
-10.235388 -0.17329985 -4.1596775 4294901760
-12.687109 0.4053565 -4.4499578 4294901760
-14.470209 -0.24500147 -4.493001 4294901760
-21.979174 -0.37213904 -5.1220574 4294901760
-19.106659 0.61046278 -4.9788532 4294901760
-23.811405 -1.5690325 -5.17027 4294901760
-25.63649 2.0761702 -5.6210909 4294901760
-3.543251 0.12559025 -3.6566927 4294901760
-5.808167 -0.078061432 -3.8112168 4294901760
-8.0788317 0.28635356 -4.0342469 4294901760
-10.23593 -0.13757032 -4.1628752 4294901760
-12.697513 0.4500623 -4.4563317 4294901760
-14.463022 -0.19438221 -4.4959731 4294901760
-22.012257 -0.29584348 -5.1339326 4294901760
-23.812754 -1.4856565 -5.177484 4294901760
-25.629086 2.1656466 -5.6283269 4294901760
-3.5319476 0.13691825 -3.6516232 4294901760
-5.8006907 -0.058722228 -3.810106 4294901760
-8.0856781 0.31344658 -4.0388083 4294901760
-10.248187 -0.10374564 -4.1687827 4294901760
-12.691987 0.4920131 -4.4590378 4294901760
-14.483472 -0.14662078 -4.5041289 4294901760
-21.965237 -0.22236106 -5.1329174 4294901760
-19.137917 0.74189377 -4.9961257 4294901760
-23.694017 -1.3993855 -5.1666908 4294901760
-3.5350442 0.15001632 -3.6547418 4294901760
-5.7970147 -0.037436258 -3.8105803 4294901760
-8.080555 0.34291372 -4.0401702 4294901760
-10.240593 -0.066132225 -4.1701994 4294901760
-12.709919 0.53936958 -4.4673195 4294901760
-14.47198 -0.093457893 -4.5065174 4294901760
-21.953934 -0.14177524 -5.1381888 4294901760
-19.190832 0.81439942 -5.0117393 4294901760
-23.746817 -1.3151819 -5.1818395 4294901760
-3.5344987 0.16235511 -3.6557815 4294901760
-5.800962 -0.017211931 -3.8137896 4294901760
-8.0832281 0.37129828 -4.0436926 4294901760
-10.23681 -0.030373452 -4.1724033 4294901760
-12.692103 0.58300424 -4.4675756 4294901760
-14.460288 -0.042904861 -4.5086584 4294901760
-21.958284 -0.065152034 -5.1456065 4294901760
-19.199818 0.88193226 -5.0194616 4294901760
-23.751263 -1.2322813 -5.1895404 4294901760
-3.5375922 0.1736353 -3.6587391 4294901760
-5.8048396 0.0010119501 -3.8168166 4294901760
-8.0702686 0.39611223 -4.0423841 4294901760
-10.228949 0.0017831991 -4.1733155 4294901760
-12.682284 0.62248331 -4.4691801 4294901760
-14.464329 0.0025215475 -4.5134482 4294901760
-21.938429 0.0038244973 -5.1485419 4294901760
-19.165098 0.94067872 -5.0189767 4294901760
-23.735081 -1.1566916 -5.1934986 4294901760
-3.5332792 0.18702579 -3.6578491 4294901760
-5.8086448 0.023316381 -3.8201966 4294901760
-8.0726042 0.42730421 -4.0461249 4294901760
-10.224915 0.041043654 -4.1758065 4294901760
-12.663949 0.67033625 -4.4697623 4294901760
-14.460236 0.058044583 -4.5175538 4294901760
-21.894363 0.08788579 -5.1489992 4294901760
-19.173288 1.0148927 -5.0272179 4294901760
-3.5290544 0.19792211 -3.6567466 4294901760
-5.8046908 0.041537344 -3.8203764 4294901760
-8.0673056 0.45244363 -4.0470896 4294901760
-10.228686 0.073194675 -4.1795883 4294901760
-14.44805 0.1033877 -4.5191917 4294901760
-21.897968 0.15669799 -5.1556625 4294901760
-19.162043 1.0746765 -5.0308461 4294901760
-23.555124 -0.98313737 -5.1809101 4294901760
-3.5247233 0.2100241 -3.6557412 4294901760
-5.7968073 0.061717402 -3.8193038 4294901760
-8.0656776 0.48060131 -4.0494285 4294901760
-10.248131 0.10910971 -4.1875439 4294901760
-14.443624 0.15377827 -4.5228162 4294901760
-21.913246 0.23330577 -5.1648798 4294901760
-19.150217 1.1410844 -5.0350075 4294901760
-23.72196 -0.90716231 -5.2128067 4294901760
-3.531127 0.22401555 -3.6609204 4294901760
-5.8042307 0.084086657 -3.8240869 4294901760
-8.0637732 0.51156771 -4.0519905 4294901760
-10.231829 0.14822987 -4.1870956 4294901760
-14.430999 0.2090638 -4.5252919 4294901760
-21.900219 0.31727138 -5.1702967 4294901760
-19.16161 1.2156172 -5.0438848 4294901760
-23.749203 -0.81689304 -5.2247014 4294901760
-3.5267065 0.23609807 -3.6599052 4294901760
-5.7961988 0.10420838 -3.8229964 4294901760
-8.0619383 0.53971267 -4.0543103 4294901760
-10.227296 0.18387394 -4.1892238 4294901760
-14.430182 0.25943652 -4.5296612 4294901760
-16.821129 1.9551955 -4.9161315 4294901760
-21.910946 0.3939313 -5.1788383 4294901760
-19.137362 1.2811654 -5.0458989 4294901760
-23.739941 -0.73361731 -5.2304597 4294901760
-3.5331798 0.24768355 -3.6648784 4294901760
-5.7958431 0.12241741 -3.8245704 4294901760
-8.0680275 0.56558621 -4.0586972 4294901760
-10.23062 0.21608694 -4.1929717 4294901760
-14.425319 0.30468562 -4.532793 4294901760
-16.830723 2.0099208 -4.9232888 4294901760
-21.917582 0.46293411 -5.1860647 4294901760
-19.121309 1.3404452 -5.0487332 4294901760
-23.718187 -0.65836704 -5.2336411 4294901760
-3.5214021 0.2598314 -3.6598396 4294901760
-5.7953558 0.14365952 -3.8264 4294901760
-8.0698128 0.595442 -4.0622711 4294901760
-10.237661 0.25377864 -4.1981454 4294901760
-14.408201 0.35716105 -4.5341969 4294901760
-16.807432 2.0696483 -4.9250145 4294901760
-21.907759 0.54306555 -5.1917052 4294901760
-19.092411 1.4087592 -5.0502558 4294901760
-23.716452 -0.57133448 -5.2409053 4294901760
-3.5241356 0.27178624 -3.6628251 4294901760
-5.7986979 0.16298525 -3.8294768 4294901760
-8.0677948 0.62219954 -4.0644522 4294901760
-10.248616 0.28806007 -4.2039781 4294901760
-14.406938 0.40493891 -4.5382977 4294901760
-21.929768 0.61638474 -5.2017841 4294901760
-19.091614 1.4723717 -5.0561194 4294901760
-23.65835 -0.49144036 -5.2389894 4294901760
-3.5231655 0.28408539 -3.6638238 4294901760
-5.7942438 0.18310261 -3.8297796 4294901760
-8.0460243 0.64877963 -4.0609541 4294901760
-10.239648 0.32358083 -4.2050891 4294901760
-14.397489 0.45497182 -4.541019 4294901760
-21.700155 0.68574178 -5.171751 4294901760
-19.078407 1.5383599 -5.0601215 4294901760
-23.620008 -0.40816957 -5.2403917 4294901760
-25.402666 3.3037336 -5.7026558 4294901760
-3.5184882 0.29669279 -3.6628325 4294901760
-5.7935338 0.20433982 -3.8315892 4294901760
-8.059226 0.6795857 -4.0679717 4294901760
-10.226544 0.36069354 -4.2053614 4294901760
-14.399697 0.507882 -4.5463071 4294901760
-21.713446 0.76584029 -5.1811004 4294901760
-19.080587 1.6089504 -5.0671883 4294901760
-23.637312 -0.32180661 -5.2505546 4294901760
-25.390385 3.3968234 -5.7097802 4294901760
-3.5210423 0.30928928 -3.6658587 4294901760
-5.7927847 0.22456056 -3.8333061 4294901760
-8.0607128 0.70805514 -4.0713973 4294901760
-10.23312 0.39669266 -4.2103448 4294901760
-14.381941 0.55752403 -4.5474043 4294901760
-21.786398 0.84456193 -5.1997743 4294901760
-23.6343 -0.23925945 -5.2573109 4294901760
-25.295294 3.4740164 -5.7033186 4294901760
-3.5200534 0.32035044 -3.6667466 4294901760
-5.7958994 0.24292096 -3.8362775 4294901760
-8.04673 0.73231089 -4.0699496 4294901760
-10.239722 0.42917293 -4.2150202 4294901760
-14.368197 0.6022079 -4.5488472 4294901760
-21.823505 0.91467893 -5.2120175 4294901760
-23.626951 -0.16494659 -5.2627034 4294901760
-3.5225232 0.33297619 -3.6697681 4294901760
-5.7950158 0.26314971 -3.8379831 4294901760
-8.0519342 0.76113123 -4.0745182 4294901760
-10.230265 0.46455285 -4.2160759 4294901760
-14.369981 0.65253597 -4.5538697 4294901760
-16.710001 2.4079463 -4.9414167 4294901760
-21.804235 0.99012291 -5.2158542 4294901760
-23.687262 -0.082686193 -5.2791104 4294901760
-3.5140631 0.34517595 -3.6667168 4294901760
-5.794013 0.28438789 -3.839767 4294901760
-8.0490904 0.79063815 -4.076869 4294901760
-10.220599 0.50165826 -4.2172651 4294901760
-14.371466 0.70539552 -4.5590897 4294901760
-21.80843 1.0704244 -5.2238617 4294901760
-23.695389 0.0041344934 -5.287993 4294901760
-3.5199876 0.35878858 -3.6718204 4294901760
-5.7929316 0.30562213 -3.8415439 4294901760
-8.0461378 0.82013434 -4.0792093 4294901760
-10.210796 0.53869885 -4.2184367 4294901760
-12.600519 1.2843575 -4.516284 4294901760
-14.364811 0.75785542 -4.5626993 4294901760
-21.81233 1.1507698 -5.2318468 4294901760
-23.683237 0.090936705 -5.2938066 4294901760
-3.5116322 0.36908662 -3.6686106 4294901760
-5.7919426 0.32381853 -3.843061 4294901760
-8.0396214 0.84499639 -4.0800419 4294901760
-10.224839 0.57165492 -4.22504 4294901760
-12.58853 1.3231049 -4.517633 4294901760
-14.370302 0.80342132 -4.5680575 4294901760
-16.613024 2.5718279 -4.9406233 4294901760
-21.824543 1.2201763 -5.240159 4294901760
-23.658886 0.1651676 -5.2966695 4294901760
-3.5103223 0.38134322 -3.6695757 4294901760
-5.7984676 0.3444927 -3.8476155 4294901760
-8.0327234 0.87263346 -4.0810862 4294901760
-10.226727 0.60757995 -4.2289886 4294901760
-14.363441 0.85334623 -4.5714259 4294901760
-16.623613 2.6329224 -4.948802 4294901760
-21.800234 1.2951735 -5.2432327 4294901760
-23.638206 0.24754882 -5.3008299 4294901760
-3.5052984 0.39380109 -3.6685407 4294901760
-5.7817888 0.3647714 -3.8436196 4294901760
-8.0216751 0.90119129 -4.0810609 4294901760
-10.212598 0.64430988 -4.2291365 4294901760
-14.368154 0.9064827 -4.5773826 4294901760
-16.598125 2.6912796 -4.950213 4294901760
-21.783394 1.3743081 -5.2478876 4294901760
-18.953321 2.129302 -5.0956607 4294901760
-23.68504 0.3348574 -5.3157263 4294901760
-3.5111756 0.40625638 -3.6735377 4294901760
-5.7843909 0.38419801 -3.8466401 4294901760
-8.0225382 0.92823821 -4.0843058 4294901760
-10.210406 0.67817295 -4.2319288 4294901760
-16.553747 2.7404528 -4.9472899 4294901760
-21.762791 1.4454799 -5.2512298 4294901760
-18.954079 2.1930587 -5.1019993 4294901760
-23.69577 0.41360798 -5.3243828 4294901760
-3.5097363 0.41851032 -3.6744912 4294901760
-5.790699 0.40492451 -3.8511803 4294901760
-8.019249 0.95623672 -4.0864844 4294901760
-10.211918 0.71408576 -4.2358432 4294901760
-21.749649 1.5208814 -5.2561607 4294901760
-18.934429 2.257792 -5.1049976 4294901760
-23.694183 0.49631974 -5.3315353 4294901760
-3.5082538 0.4307591 -3.6754403 4294901760
-5.7815676 0.42457128 -3.8499506 4294901760
-8.0197563 0.98470163 -4.0898232 4294901760
-10.221189 0.75059628 -4.241724 4294901760
-21.744209 1.5967931 -5.2623739 4294901760
-23.680334 0.57873291 -5.3368125 4294901760
-3.5031326 0.44254833 -3.6743379 4294901760
-5.7915721 0.44563684 -3.8559248 4294901760
-8.0201616 1.0131816 -4.0931544 4294901760
-10.222446 0.78657383 -4.2456217 4294901760
-21.718611 1.6711547 -5.2652779 4294901760
-23.706102 0.66216999 -5.3482313 4294901760
-3.5015662 0.45477393 -3.6752777 4294901760
-5.7784629 0.46492392 -3.8532345 4294901760
-8.0010176 1.0391505 -4.0906181 4294901760
-10.215699 0.82193536 -4.2475295 4294901760
-21.748444 1.7498376 -5.2773561 4294901760
-23.715616 0.7452926 -5.3571658 4294901760
-3.5072258 0.46734089 -3.6802657 4294901760
-5.7768888 0.48408362 -3.854785 4294901760
-7.9897513 1.0646412 -4.0903034 4294901760
-10.201101 0.85481763 -4.2472968 4294901760
-21.714684 1.8196167 -5.2785788 4294901760
-23.693064 0.82324004 -5.3607707 4294901760
-3.5019813 0.47908923 -3.6791484 4294901760
-5.7790012 0.50458097 -3.8578565 4294901760
-7.9898729 1.0930561 -4.0936036 4294901760
-10.198055 0.89042115 -4.2501674 4294901760
-23.650158 0.90441471 -5.3615861 4294901760
-3.510972 0.49343431 -3.6862772 4294901760
-5.7847853 0.52645564 -3.8624518 4294901760
-7.9819288 1.1217855 -4.0946517 4294901760
-10.19866 0.92814887 -4.2541614 4294901760
-23.578884 0.98824364 -5.3583441 4294901760
-3.487699 0.50258541 -3.6748893 4294901760
-5.7790775 0.54628414 -3.8626184 4294901760
-7.9857287 1.1507617 -4.0991101 4294901760
-10.191423 0.96337396 -4.2560143 4294901760
-23.607193 1.0719982 -5.3702703 4294901760
-3.4967723 0.51573437 -3.6819198 4294901760
-5.7734008 0.5650689 -3.8626957 4294901760
-7.9702282 1.1755186 -4.0975728 4294901760
-10.188172 0.99716264 -4.2587066 4294901760
-23.659328 1.1529922 -5.3855891 4294901760
-3.4948585 0.52854729 -3.6828809 4294901760
-5.7751231 0.58661497 -3.8658254 4294901760
-7.9736218 1.2058961 -4.102119 4294901760
-10.184449 1.0344975 -4.2616701 4294901760
-23.674873 1.2407451 -5.3959756 4294901760
-3.4930866 0.54013389 -3.6837461 4294901760
-5.7769771 0.60616499 -3.8687906 4294901760
-7.965703 1.2317319 -4.1029143 4294901760
-10.165239 1.0666152 -4.2603483 4294901760
-23.650702 1.3181375 -5.3993883 4294901760
-3.4911799 0.55232382 -3.6846528 4294901760
-5.7709961 0.62591153 -3.868926 4294901760
-7.9652295 1.260143 -4.1061616 4294901760
-10.169312 1.1029446 -4.2651401 4294901760
-23.64994 1.4009222 -5.4068756 4294901760
-24.7869 5.1737375 -5.7960248 4294901760
-3.4820735 0.56334919 -3.6814411 4294901760
-5.7687759 0.64605242 -3.870506 4294901760
-7.9530387 1.2866868 -4.1058583 4294901760
-10.161472 1.137996 -4.2669244 4294901760
-23.632954 1.4827183 -5.4118218 4294901760
-3.4729328 0.5743168 -3.6782212 4294901760
-5.7588334 0.66529995 -3.8691697 4294901760
-7.9523683 1.3150783 -4.109087 4294901760
-10.165293 1.1743643 -4.2716975 4294901760
-23.615685 1.5644071 -5.4167342 4294901760
-24.761885 5.3491802 -5.8099847 4294901760
-3.4852047 0.58885276 -3.6873465 4294901760
-5.7603006 0.68585491 -3.8721895 4294901760
-7.9322591 1.3402176 -4.1063924 4294901760
-10.157205 1.2093759 -4.2734561 4294901760
-14.2681 1.698843 -4.6354203 4294901760
-21.538897 2.5645463 -5.3217807 4294901760
-23.594152 1.645727 -5.4209819 4294901760
-24.711863 5.4287348 -5.8107281 4294901760
-3.4724109 0.59916562 -3.6820564 4294901760
-5.7540483 0.70548934 -3.8722911 4294901760
-7.9313984 1.3685653 -4.1096001 4294901760
-10.152921 1.2448241 -4.2762036 4294901760
-14.28182 1.751058 -4.6433754 4294901760
-23.592243 1.728368 -5.4283552 4294901760
-24.67717 5.5114808 -5.8140345 4294901760
-3.481009 0.6131689 -3.6891203 4294901760
-5.7515502 0.72556925 -3.8738413 4294901760
-7.9227095 1.3955606 -4.1104298 4294901760
-10.152436 1.2807496 -4.279943 4294901760
-23.562187 1.8088716 -5.4312677 4294901760
-24.630524 5.5913935 -5.8153391 4294901760
-3.4753883 0.62406832 -3.6878953 4294901760
-5.756753 0.74562782 -3.8782251 4294901760
-7.9257598 1.4232124 -4.1147056 4294901760
-10.144213 1.3139017 -4.2815261 4294901760
-16.245541 3.7446041 -4.9986086 4294901760
-23.548101 1.8863599 -5.4363461 4294901760
-24.572935 5.664072 -5.8143439 4294901760
-3.4696229 0.63554287 -3.6867082 4294901760
-5.7541151 0.76571816 -3.8797636 4294901760
-7.9323168 1.4529901 -4.1202621 4294901760
-10.135647 1.3487824 -4.2832313 4294901760
-16.228493 3.8003814 -5.0016513 4294901760
-23.50955 1.9658866 -5.437912 4294901760
-24.518021 5.7416196 -5.8142462 4294901760
-3.4709468 0.64831603 -3.6896415 4294901760
-5.7514071 0.78579932 -3.8812954 4294901760
-7.919486 1.4792303 -4.1198754 4294901760
-10.126962 1.3836197 -4.2849221 4294901760
-16.207376 3.8551633 -5.0038757 4294901760
-24.48229 5.8234735 -5.8173828 4294901760
-3.4651015 0.65974915 -3.6884437 4294901760
-5.7524438 0.80640423 -3.8842816 4294901760
-7.9104214 1.5061301 -4.1206636 4294901760
-10.110328 1.4173126 -4.2845812 4294901760
-16.182207 3.9089053 -5.0052795 4294901760
-24.442406 5.9042034 -5.8198209 4294901760
-3.4698949 0.67322236 -3.693435 4294901760
-5.7495937 0.82648063 -3.8858004 4294901760
-7.912816 1.5352294 -4.1250091 4294901760
-10.101406 1.4520359 -4.2862411 4294901760
-16.176199 3.9672694 -5.0106392 4294901760
-24.425526 5.9904451 -5.8261685 4294901760
-3.4605308 0.68332005 -3.6901188 4294901760
-5.7544436 0.84666276 -3.8901639 4294901760
-7.9192266 1.5637389 -4.1304412 4294901760
-10.092626 1.484948 -4.2877536 4294901760
-16.151363 4.0180025 -5.011807 4294901760
-24.370651 6.0627294 -5.8256106 4294901760
-3.4580028 0.69599903 -3.6910136 4294901760
-5.7474928 0.86717349 -3.8902812 4294901760
-7.9095964 1.5919801 -4.1312976 4294901760
-10.091023 1.5225192 -4.2915397 4294901760
-16.144249 4.0791245 -5.017312 4294901760
-24.36375 6.1559243 -5.8341489 4294901760
-3.4591036 0.70879328 -3.6939292 4294901760
-5.7177835 0.88311529 -3.8815193 4294901760
-7.8924642 1.6172184 -4.1296587 4294901760
-10.085648 1.5577346 -4.2941704 4294901760
-16.122196 4.1334763 -5.0194163 4294901760
-24.318907 6.234983 -5.8357697 4294901760
-3.4566083 0.72086358 -3.6947734 4294901760
-5.7336893 0.90607494 -3.8903372 4294901760
-7.8714118 1.6415553 -4.1268106 4294901760
-10.068437 1.59108 -4.2937484 4294901760
-24.281536 6.3158135 -5.8386712 4294901760
-3.4505246 0.73217261 -3.6935437 4294901760
-5.7457018 0.9285419 -3.8976901 4294901760
-7.8733072 1.6706502 -4.1311116 4294901760
-10.074526 1.6281075 -4.2993941 4294901760
-23.385986 2.6148911 -5.4803991 4294901760
-24.247757 6.3974767 -5.842195 4294901760
-3.4517512 0.74377292 -3.6963649 4294901760
-5.7465568 0.94721478 -3.90049 4294901760
-7.8603511 1.6937246 -4.1304345 4294901760
-10.069362 1.6597501 -4.3017287 4294901760
-23.385586 2.6892605 -5.487432 4294901760
-3.4524109 0.75779837 -3.6993501 4294901760
-5.7352815 0.96799093 -3.8991711 4294901760
-7.8537898 1.7238936 -4.1325159 4294901760
-10.059017 1.6977437 -4.3035512 4294901760
-23.379053 2.7795057 -5.4950686 4294901760
-3.4532831 0.77063388 -3.7022493 4294901760
-5.7318673 0.98800361 -3.9006345 4294901760
-7.8592095 1.7538594 -4.137989 4294901760
-10.04524 1.731501 -4.3040829 4294901760
-23.337513 2.8572118 -5.4962101 4294901760
-3.4399657 0.78027761 -3.6968539 4294901760
-5.7321768 1.0086733 -3.9035623 4294901760
-7.8568645 1.7821503 -4.1410613 4294901760
-10.035241 1.7658701 -4.3056169 4294901760
-23.319473 2.9376605 -5.5012007 4294901760
-3.4407537 0.79309577 -3.6997437 4294901760
-5.7248297 1.0279969 -3.9035401 4294901760
-7.8467736 1.8086861 -4.1417265 4294901760
-10.021236 1.7994946 -4.3061166 4294901760
-18.309397 4.2203269 -5.2001343 4294901760
-23.328871 3.0216126 -5.5107098 4294901760
-3.4414935 0.80592805 -3.7026308 4294901760
-5.7212067 1.0479742 -3.9049819 4294901760
-7.8327737 1.8342768 -4.1411796 4294901760
-10.022669 1.8358886 -4.3106813 4294901760
-18.279024 4.2805772 -5.2014666 4294901760
-3.435133 0.81709665 -3.7013643 4294901760
-5.7061548 1.0658157 -3.901993 4294901760
-7.8301396 1.8625133 -4.1442208 4294901760
-10.012315 1.8701354 -4.3121729 4294901760
-18.263973 4.3443532 -5.2057624 4294901760
-3.4357839 0.82993376 -3.7042439 4294901760
-5.7099676 1.0871685 -3.9063683 4294901760
-7.8235908 1.8898344 -4.1460524 4294901760
-9.997961 1.9035952 -4.3126278 4294901760
-21.194569 4.0354109 -5.4130082 4294901760
-18.248697 4.4080801 -5.2100339 4294901760
-3.4366808 0.84158599 -3.7070408 4294901760
-5.6989603 1.103637 -3.9046931 4294901760
-7.817615 1.9144039 -4.1476917 4294901760
-9.984169 1.9334927 -4.3128176 4294901760
-21.126942 4.0913558 -5.408072 4294901760
-18.230886 4.4644413 -5.2131071 4294901760
-3.4265368 0.85242599 -3.7037213 4294901760
-5.6986556 1.1252636 -3.9076512 4294901760
-7.8105454 1.9430441 -4.1495934 4294901760
-9.9847708 1.9716052 -4.3174605 4294901760
-21.111803 4.1687627 -5.4135618 4294901760
-18.206663 4.5293059 -5.2160397 4294901760
-3.4270556 0.86526841 -3.7065895 4294901760
-5.6946936 1.1451476 -3.909055 4294901760
-7.7961097 1.9683741 -4.1489849 4294901760
-9.9894524 2.0087819 -4.3229957 4294901760
-21.101036 4.2432137 -5.4194555 4294901760
-18.074781 4.563549 -5.1976676 4294901760
-3.4206557 0.87572926 -3.7052572 4294901760
-5.690865 1.1640258 -3.9103818 4294901760
-7.8047395 1.9981078 -4.1555052 4294901760
-9.9827366 2.0418975 -4.3253231 4294901760
-21.082941 4.3123651 -5.4236774 4294901760
-3.413914 0.88734961 -3.7039969 4294901760
-5.6865602 1.1848775 -3.9118407 4294901760
-7.7707896 2.0197952 -4.1489329 4294901760
-9.9674473 2.0768626 -4.3258281 4294901760
-21.066992 4.3896141 -5.4290819 4294901760
-17.957592 4.6675644 -5.1893463 4294901760
-3.4143012 0.90018451 -3.7068529 4294901760
-5.6823897 1.2047189 -3.9132223 4294901760
-7.7712765 2.0489061 -4.153111 4294901760
-9.9408045 2.107542 -4.3231096 4294901760
-17.937336 4.7291994 -5.1926689 4294901760
-3.4112976 0.91150188 -3.7075861 4294901760
-5.6745977 1.2227446 -3.9130461 4294901760
-7.7682295 2.0756781 -4.1559873 4294901760
-9.9414883 2.1421607 -4.3274517 4294901760
-3.4080949 0.9234041 -3.708353 4294901760
-5.6665325 1.2417208 -3.9129298 4294901760
-7.772294 2.1058593 -4.1613598 4294901760
-9.922368 2.1743121 -4.326756 4294901760
-3.4048507 0.93529499 -3.7091153 4294901760
-5.6659231 1.2623309 -3.9157715 4294901760
-7.7535491 2.1298599 -4.1594696 4294901760
-9.9108591 2.208075 -4.3281031 4294901760
-15.746504 5.1650071 -5.0705452 4294901760
-20.918783 4.6605687 -5.4337649 4294901760
-23.593147 7.7387829 -5.8883185 4294901760
-3.398073 0.94620138 -3.7077887 4294901760
-5.6577253 1.2812492 -3.9156382 4294901760
-7.7422886 2.1558583 -4.1599846 4294901760
-9.9146557 2.2452738 -4.3335619 4294901760
-15.728379 5.2199378 -5.0737901 4294901760
-20.871254 4.7265062 -5.433156 4294901760
-23.497772 7.7984457 -5.8809838 4294901760
-3.3982382 0.95904255 -3.7106259 4294901760
-5.6532183 1.3009919 -3.9169815 4294901760
-7.7384906 2.183938 -4.16291 4294901760
-9.8913507 2.2763259 -4.3317852 4294901760
-13.871088 3.1921945 -4.7175121 4294901760
-15.710062 5.2748122 -5.077013 4294901760
-20.839073 4.7957578 -5.435308 4294901760
-23.371984 7.8473802 -5.8681617 4294901760
-3.3983552 0.97189575 -3.71346 4294901760
-5.6486425 1.3207176 -3.9183171 4294901760
-7.7345915 2.2120161 -4.1658263 4294901760
-9.8794956 2.3099396 -4.3330889 4294901760
-13.84437 3.2369728 -4.717391 4294901760
-15.695323 5.3308997 -5.0810304 4294901760
-20.795006 4.8621116 -5.4353199 4294901760
-23.45788 7.9674435 -5.8932967 4294901760
-3.3846672 0.98013484 -3.7079082 4294901760
-5.6479793 1.3403316 -3.9210663 4294901760
-7.7309809 2.238744 -4.1686487 4294901760
-9.8679352 2.3417764 -4.3342614 4294901760
-13.829689 3.2819469 -4.7196331 4294901760
-15.662491 5.3777452 -5.0807786 4294901760
-20.774885 4.9301229 -5.4392629 4294901760
-23.401112 8.0348158 -5.8923707 4294901760
-3.3845308 0.99355394 -3.7107697 4294901760
-5.6392846 1.3601189 -3.9209659 4294901760
-7.7151971 2.264853 -4.1679902 4294901760
-9.8708134 2.3807058 -4.3397918 4294901760
-13.813703 3.3316772 -4.7221799 4294901760
-15.63139 5.4311895 -5.0816331 4294901760
-20.768314 5.0090351 -5.4464779 4294901760
-22.953276 4.3619623 -5.5855331 4294901760
-23.386597 8.1257677 -5.9000401 4294901760
-3.3775673 1.0043291 -3.7094152 4294901760
-5.6307616 1.3788795 -3.9207902 4294901760
-7.6997247 2.2895348 -4.167233 4294901760
-9.8547649 2.4132676 -4.3400183 4294901760
-13.809714 3.3817687 -4.7271013 4294901760
-15.608582 5.4844017 -5.0839419 4294901760
-20.742952 5.0796027 -5.4499054 4294901760
-22.930073 4.4405408 -5.5899034 4294901760
-23.354326 8.2060308 -5.9040389 4294901760
-3.377512 1.0171583 -3.7122319 4294901760
-5.6259146 1.3985262 -3.9220951 4294901760
-7.6991973 2.3186603 -4.1713233 4294901760
-9.834775 2.444792 -4.3391905 4294901760
-20.709606 5.148128 -5.4518905 4294901760
-22.898766 4.5174646 -5.5929017 4294901760
-23.321774 8.2861662 -5.9080014 4294901760
-3.3810554 1.0304675 -3.7170985 4294901760
-5.62498 1.4181179 -3.924818 4294901760
-7.6952171 2.3453245 -4.1741076 4294901760
-9.8304443 2.4783607 -4.3423829 4294901760
-15.454685 5.5488019 -5.0645266 4294901760
-20.680811 5.2138548 -5.4543099 4294901760
-22.864094 4.5894537 -5.5949125 4294901760
-23.188932 8.3256817 -5.8932614 4294901760
-3.3601182 1.0369177 -3.7073691 4294901760
-5.6199961 1.4377429 -3.9261088 4294901760
-7.6832366 2.3710132 -4.1745319 4294901760
-9.8255634 2.5136378 -4.3456779 4294901760
-15.513841 5.631248 -5.0848179 4294901760
-20.643158 5.2810631 -5.4555202 4294901760
-22.828381 4.665235 -5.5971661 4294901760
-23.110933 8.3888578 -5.8889318 4294901760
-3.3599386 1.0497217 -3.7101727 4294901760
-5.6000299 1.4534811 -3.9214232 4294901760
-7.6711693 2.3966491 -4.1749434 4294901760
-9.8167295 2.5479207 -4.3479214 4294901760
-15.527741 5.6977162 -5.0952497 4294901760
-20.616875 5.3510852 -5.4588184 4294901760
-23.163986 8.4997435 -5.9085011 4294901760
-3.3597105 1.062536 -3.7129726 4294901760
-5.6135468 1.4779221 -3.930161 4294901760
-7.6590171 2.4222271 -4.1753426 4294901760
-9.7963104 2.5791507 -4.3470297 4294901760
-15.507759 5.7518802 -5.0982633 4294901760
-20.609646 5.4260616 -5.4656281 4294901760
-22.764009 4.8178754 -5.6029015 4294901760
-23.06304 8.5541592 -5.8999805 4294901760
-3.3594334 1.0753624 -3.7157695 4294901760
-5.6120753 1.4985019 -3.932924 4294901760
-7.6579866 2.4513392 -4.1793876 4294901760
-9.7948837 2.6153698 -4.3513269 4294901760
-15.483857 5.8045797 -5.1004305 4294901760
-20.594435 5.4989996 -5.4709969 4294901760
-23.051735 8.6416206 -5.9078574 4294901760
-3.355849 1.0864969 -3.7164352 4294901760
-5.5996385 1.5150924 -3.9311335 4294901760
-7.6460838 2.4755127 -4.1796846 4294901760
-9.8014174 2.6519663 -4.3575892 4294901760
-11.891438 3.8499978 -4.6587515 4294901760
-15.445899 5.8488426 -5.0991273 4294901760
-22.707291 4.9675961 -5.6095657 4294901760
-22.996809 8.7081184 -5.9072499 4294901760
-3.3415091 1.0954024 -3.7108846 4294901760
-5.5940475 1.5356072 -3.9324493 4294901760
-7.6332307 2.5023 -4.1801291 4294901760
-9.7763853 2.6836896 -4.3557196 4294901760
-11.869705 3.8910868 -4.6594481 4294901760
-15.435515 5.9096909 -5.1046915 4294901760
-17.695496 5.800878 -5.2716885 4294901760
-22.673344 5.0473242 -5.6125789 4294901760
-22.942364 8.7837868 -5.9077253 4294901760
-3.3411067 1.1082004 -3.7136679 4294901760
-5.5775204 1.5520257 -3.9292049 4294901760
-7.6281738 2.5301633 -4.1829238 4294901760
-9.7555361 2.7146187 -4.354763 4294901760
-11.852285 3.9312449 -4.6609478 4294901760
-15.414792 5.9635315 -5.1076112 4294901760
-17.675142 5.8626084 -5.2753363 4294901760
-22.659481 5.127315 -5.6186647 4294901760
-22.933907 8.8724566 -5.9161925 4294901760
-3.3406549 1.1210098 -3.7164478 4294901760
-5.5757766 1.5725312 -3.9319372 4294901760
-7.608139 2.5530319 -4.1808205 4294901760
-9.7536087 2.7508013 -4.3590131 4294901760
-11.830967 3.9700689 -4.6614809 4294901760
-15.379045 6.0115037 -5.1072021 4294901760
-17.635674 5.9179301 -5.2751069 4294901760
-22.625885 5.2028022 -5.6213346 4294901760
-22.880482 8.9437342 -5.9163713 4294901760
-3.3437848 1.1344111 -3.7212863 4294901760
-5.5705309 1.5910127 -3.933104 4294901760
-7.6033468 2.5795083 -4.1835165 4294901760
-9.740633 2.7820454 -4.3600087 4294901760
-11.82901 4.0131049 -4.6666179 4294901760
-15.35532 6.0610075 -5.1091027 4294901760
-17.597075 5.9699759 -5.2746649 4294901760
-22.627945 5.2823424 -5.6298079 4294901760
-22.820982 9.0078325 -5.914916 4294901760
-3.3363757 1.1448995 -3.7198672 4294901760
-5.5686436 1.6115187 -3.9358239 4294901760
-7.6017151 2.6085792 -4.1875048 4294901760
-9.7308617 2.81603 -4.3621435 4294901760
-11.80367 4.0505075 -4.6661663 4294901760
-15.33777 6.1160469 -5.1127801 4294901760
-17.576128 6.0313649 -5.2782302 4294901760
-22.582178 5.3548503 -5.6303749 4294901760
-22.707796 9.0548983 -5.9039707 4294901760
-3.3323593 1.1565379 -3.7205393 4294901760
-5.5629849 1.6309458 -3.9370379 4294901760
-7.5999751 2.6376686 -4.1914849 4294901760
-9.720974 2.8499775 -4.364265 4294901760
-11.789459 4.0916829 -4.6685433 4294901760
-15.312634 6.168056 -5.1147776 4294901760
-17.551203 6.0913696 -5.2809978 4294901760
-22.56723 5.4345732 -5.6363411 4294901760
-22.64642 9.1221666 -5.9026299 4294901760
-3.3283014 1.1681639 -3.7212064 4294901760
-5.5424867 1.6459695 -3.9322419 4294901760
-7.5944219 2.6654825 -4.194232 4294901760
-9.7109652 2.8838956 -4.3663726 4294901760
-11.786336 4.1367564 -4.6737571 4294901760
-15.279942 6.2169714 -5.1150923 4294901760
-17.529831 6.1526027 -5.284512 4294901760
-22.548122 5.5133209 -5.6415992 4294901760
-22.718006 9.2433062 -5.9261327 4294901760
-3.3278263 1.1804057 -3.7239344 4294901760
-5.5443764 1.6665564 -3.9363801 4294901760
-7.570755 2.6854053 -4.190764 4294901760
-9.6975632 2.9149423 -4.3673134 4294901760
-11.768815 4.1744895 -4.675034 4294901760
-15.244506 6.2615509 -5.1144114 4294901760
-17.520605 6.214694 -5.2901492 4294901760
-22.506472 5.5822921 -5.6424732 4294901760
-22.746328 9.3428612 -5.9411278 4294901760
-3.3170683 1.1889886 -3.7203617 4294901760
-5.5461903 1.6871755 -3.9405146 4294901760
-7.5728846 2.714467 -4.1958675 4294901760
-9.6916265 2.9482353 -4.3703403 4294901760
-11.747436 4.2108164 -4.6753416 4294901760
-15.227339 6.3135967 -5.1178584 4294901760
-17.484888 6.2673812 -5.2903438 4294901760
-22.449123 5.6471581 -5.6405778 4294901760
-22.722599 9.4212999 -5.9464159 4294901760
-3.3163061 1.2017951 -3.723114 4294901760
-5.5402665 1.7065253 -3.9416983 4294901760
-7.5559878 2.7382121 -4.1949019 4294901760
-9.6774979 2.9808843 -4.3713579 4294901760
-11.740127 4.2545009 -4.6795588 4294901760
-15.168468 6.3513284 -5.112277 4294901760
-17.462904 6.3283768 -5.2937832 4294901760
-22.413799 5.7215366 -5.6429973 4294901760
-22.689573 9.5005589 -5.9504919 4294901760
-3.3050714 1.2114469 -3.7195935 4294901760
-5.5266204 1.724525 -3.9399254 4294901760
-7.5385361 2.7631886 -4.1939969 4294901760
-9.6665068 3.0163341 -4.3735142 4294901760
-11.720728 4.2961369 -4.6810141 4294901760
-15.119412 6.3960195 -5.1092896 4294901760
-17.432104 6.389595 -5.2958136 4294901760
-22.412001 5.8086572 -5.6517987 4294901760
-22.661955 9.5867682 -5.9561229 4294901760
-3.3042221 1.2242359 -3.7223368 4294901760
-5.5095482 1.7403258 -3.9365785 4294901760
-7.5325222 2.7908487 -4.1966896 4294901760
-9.6634569 3.0524397 -4.3776584 4294901760
-11.720544 4.3425384 -4.687109 4294901760
-15.082343 6.4424996 -5.1086321 4294901760
-17.398481 6.4462514 -5.2968683 4294901760
-22.345261 5.8746758 -5.6486654 4294901760
-22.63937 9.6705217 -5.9622135 4294901760
-3.2999289 1.2357616 -3.7229743 4294901760
-5.5071092 1.7607188 -3.9392397 4294901760
-7.5227351 2.8171237 -4.198143 4294901760
-9.6527443 3.0861509 -4.3796864 4294901760
-11.705316 4.3834219 -4.6893711 4294901760
-15.096337 6.5108781 -5.1196122 4294901760
-17.372141 6.5055423 -5.299448 4294901760
-22.447807 9.6814833 -5.9362912 4294901760
-3.289031 1.2441326 -3.7193706 4294901760
-5.5122352 1.7825272 -3.9448493 4294901760
-7.5096836 2.8406672 -4.1982837 4294901760
-9.6386967 3.1169276 -4.3805461 4294901760
-11.687004 4.4208107 -4.6905479 4294901760
-15.067359 6.5577254 -5.1204443 4294901760
-17.346743 6.5617042 -5.3018346 4294901760
-22.302073 9.7064695 -5.9184361 4294901760
-3.2880545 1.2569004 -3.7221005 4294901760
-5.5096402 1.8029559 -3.9474998 4294901760
-7.4887304 2.8626621 -4.196022 4294901760
-9.6240005 3.1493251 -4.3814917 4294901760
-11.66038 4.4573283 -4.6899047 4294901760
-15.026144 6.6022696 -5.1188788 4294901760
-19.99337 6.542562 -5.4904771 4294901760
-17.331181 6.6250629 -5.3066993 4294901760
-22.315582 9.8051424 -5.9313498 4294901760
-3.2800438 1.2676365 -3.7206504 4294901760
-5.488369 1.818292 -3.9426632 4294901760
-7.4818463 2.8915045 -4.1987424 4294901760
-9.6198969 3.1870639 -4.3856874 4294901760
-11.643966 4.5000362 -4.6922231 4294901760
-13.47371 4.463829 -4.7903056 4294901760
-15.005485 6.6589146 -5.1224232 4294901760
-19.969255 6.615798 -5.4948077 4294901760
-17.299343 6.6856666 -5.3085847 4294901760
-22.385344 9.9338408 -5.9555907 4294901760
-3.2791996 1.2798247 -3.723341 4294901760
-5.4859614 1.8377059 -3.945241 4294901760
-7.4795251 2.9191518 -4.2025442 4294901760
-9.598031 3.2151806 -4.3843937 4294901760
-11.621587 4.5357394 -4.6923876 4294901760
-13.458833 4.5084848 -4.7929311 4294901760
-14.99059 6.7118931 -5.126524 4294901760
-19.954773 6.6845169 -5.5001473 4294901760
-17.273363 6.7415466 -5.310895 4294901760
-22.465261 10.058606 -5.9808459 4294901760
-3.2747121 1.2912637 -3.723954 4294901760
-5.4722176 1.854372 -3.943342 4294901760
-7.4656396 2.9438033 -4.2027087 4294901760
-9.58675 3.2486651 -4.3863511 4294901760
-11.605682 4.5762787 -4.6945596 4294901760
-13.443013 4.5554385 -4.7956762 4294901760
-14.952553 6.7576194 -5.1257153 4294901760
-19.946436 6.7592549 -5.5071177 4294901760
-17.242308 6.7988768 -5.3125606 4294901760
-22.440929 10.141896 -5.9867411 4294901760
-3.2665894 1.3019161 -3.7224865 4294901760
-5.458096 1.8719182 -3.9414873 4294901760
-7.4475126 2.9682446 -4.2016969 4294901760
-9.5635624 3.2799361 -4.3852191 4294901760
-11.585145 4.6173191 -4.6958623 4294901760
-13.426226 4.604682 -4.7985377 4294901760
-14.953047 6.8239565 -5.1342096 4294901760
-19.872459 6.8154936 -5.5019264 4294901760
-17.191347 6.8517003 -5.3104467 4294901760
-22.396339 10.220769 -5.9892988 4294901760
-3.2653883 1.3146639 -3.7251949 4294901760
-5.4551682 1.8922204 -3.9440973 4294901760
-7.4480224 2.9986162 -4.2067728 4294901760
-9.5483208 3.3120019 -4.3860874 4294901760
-11.572639 4.6592102 -4.6989579 4294901760
-13.406312 4.6502137 -4.8003674 4294901760
-14.914666 6.8694425 -5.1333489 4294901760
-19.807077 6.8704309 -5.4979362 4294901760
-17.171024 6.9131527 -5.3143983 4294901760
-22.349646 10.293868 -5.9909291 4294901760
-3.2578835 1.3235508 -3.7236261 4294901760
-5.4528327 1.9106216 -3.9465921 4294901760
-7.4458332 3.0249512 -4.2104702 4294901760
-9.5416002 3.3432877 -4.3888679 4294901760
-11.557945 4.6955414 -4.7008653 4294901760
-13.365367 4.6830997 -4.7966585 4294901760
-14.896624 6.9179392 -5.1364055 4294901760
-19.774101 6.9286609 -5.4993258 4294901760
-17.149223 6.9670596 -5.3172288 4294901760
-22.32082 10.365709 -5.9949536 4294901760
-3.2532437 1.3349149 -3.7242191 4294901760
-5.438868 1.9270711 -3.9446545 4294901760
-7.4388576 3.0524125 -4.2130609 4294901760
-9.5261459 3.3752542 -4.389709 4294901760
-11.537813 4.7343516 -4.7020073 4294901760
-13.352687 4.7310538 -4.8001966 4294901760
-14.84714 6.958065 -5.132978 4294901760
-19.813732 7.020298 -5.5156422 4294901760
-17.102671 7.0177989 -5.3156452 4294901760
-22.306194 10.453728 -6.0028195 4294901760
-3.2547913 1.3501748 -3.7290819 4294901760
-5.4314284 1.9479406 -3.9458385 4294901760
-7.4234595 3.0794501 -4.2133026 4294901760
-9.5131159 3.4118068 -4.3917828 4294901760
-11.52688 4.7816596 -4.7062244 4294901760
-13.341909 4.7849746 -4.8048573 4294901760
-14.813116 7.0116158 -5.1339564 4294901760
-19.745317 7.0815082 -5.5119381 4294901760
-17.086647 7.0879993 -5.3213983 4294901760
-22.247847 10.530758 -6.003304 4294901760
-3.2471888 1.3589947 -3.7274988 4294901760
-5.4216604 1.9636843 -3.9452872 4294901760
-7.4137473 3.1027586 -4.2145014 4294901760
-9.4949169 3.438987 -4.3913445 4294901760
-11.515459 4.8193836 -4.7090483 4294901760
-13.315591 4.8228064 -4.8045869 4294901760
-14.823363 7.0735588 -5.1436667 4294901760
-19.749231 7.1530223 -5.5205412 4294901760
-17.056934 7.1385703 -5.3225861 4294901760
-22.203838 10.595447 -6.0044298 4294901760
-3.2424254 1.3703206 -3.7280772 4294901760
-5.414773 1.9825964 -3.9463475 4294901760
-7.3992591 3.12709 -4.2145848 4294901760
-9.4902782 3.4748254 -4.3953252 4294901760
-11.487603 4.8549142 -4.7082095 4294901760
-13.287473 4.8651519 -4.8045564 4294901760
-14.784228 7.1183443 -5.1426778 4294901760
-19.735386 7.2260284 -5.5265942 4294901760
-17.039261 7.2011671 -5.3271976 4294901760
-22.177513 10.678081 -6.0100918 4294901760
-3.234288 1.3802075 -3.726541 4294901760
-5.4042068 2.0001483 -3.9458849 4294901760
-7.3955135 3.1559784 -4.2183704 4294901760
-9.4817972 3.5093036 -4.398232 4294901760
-11.481534 4.8996563 -4.7131343 4294901760
-13.25549 4.9059834 -4.8036227 4294901760
-14.748544 7.1646867 -5.1425018 4294901760
-19.623972 7.2630191 -5.5136151 4294901760
-17.028685 7.2668605 -5.3333588 4294901760
-22.118555 10.744961 -6.0093951 4294901760
-3.2294505 1.391489 -3.7271092 4294901760
-5.389976 2.0163014 -3.9438977 4294901760
-7.3916569 3.1848791 -4.2221475 4294901760
-9.4768934 3.54515 -4.4021902 4294901760
-11.457074 4.9365649 -4.7132215 4294901760
-13.245734 4.9550114 -4.8079419 4294901760
-14.719867 7.2143731 -5.1439824 4294901760
-19.594759 7.3300772 -5.5166726 4294901760
-16.959282 7.3073282 -5.3269024 4294901760
-22.019955 10.792228 -6.0009155 4294901760
-3.2278979 1.4041997 -3.7297833 4294901760
-5.3973169 2.0405524 -3.9509962 4294901760
-7.3733001 3.2075322 -4.2209573 4294901760
-9.4570665 3.5754135 -4.4018803 4294901760
-11.436132 4.9749451 -4.7142544 4294901760
-13.239516 5.0054364 -4.8131247 4294901760
-14.676744 7.2568855 -5.1420698 4294901760
-19.613842 7.4153647 -5.5292225 4294901760
-16.875175 7.3410373 -5.3172517 4294901760
-21.989304 10.872566 -6.0057616 4294901760
-3.2229767 1.4154587 -3.7303421 4294901760
-5.3829651 2.0566308 -3.9489918 4294901760
-7.3476934 3.2269413 -4.2172728 4294901760
-9.4408369 3.6069927 -4.4026189 4294901760
-11.41143 5.0116429 -4.7143016 4294901760
-13.210819 5.0473633 -4.8130059 4294901760
-14.629939 7.2974067 -5.1392851 4294901760
-19.572929 7.4780889 -5.5300293 4294901760
-16.882299 7.4143252 -5.32727 4294901760
-21.75136 7.1136417 -5.6914659 4294901760
-21.944075 10.945694 -6.0077562 4294901760
-3.2213302 1.4281697 -3.7330081 4294901760
-5.3829403 2.0781832 -3.9530463 4294901760
-7.3363848 3.2525702 -4.2185354 4294901760
-9.4429369 3.6456196 -4.408669 4294901760
-11.397496 5.0530548 -4.7172294 4294901760
-13.204251 5.097744 -4.8181539 4294901760
-14.611494 7.3520117 -5.1432166 4294901760
-19.613712 7.5722342 -5.5469475 4294901760
-16.874538 7.4812899 -5.3341169 4294901760
-21.718817 7.187017 -5.6945543 4294901760
-21.912865 11.025816 -6.0125332 4294901760
-3.2094567 1.437004 -3.7293591 4294901760
-5.3645225 2.0936975 -3.9495556 4294901760
-7.3244147 3.2794375 -4.2198486 4294901760
-9.4184656 3.6758947 -4.4073358 4294901760
-11.3789 5.0947948 -4.7192698 4294901760
-13.174363 5.1417685 -4.8181148 4294901760
-14.588 7.4073191 -5.1463933 4294901760
-19.533785 7.6237617 -5.5405374 4294901760
-16.839729 7.5398302 -5.3355584 4294901760
-21.703682 7.2703757 -5.7013364 4294901760
-21.82246 11.080746 -6.0061502 4294901760
-3.2115347 1.4500629 -3.7340748 4294901760
-5.3507509 2.1077158 -3.9474206 4294901760
-7.3212261 3.3056588 -4.2234483 4294901760
-9.4105492 3.706912 -4.4099874 4294901760
-11.362839 5.1305156 -4.7210031 4294901760
-13.154445 5.1816711 -4.819448 4294901760
-14.564659 7.4531093 -5.1483727 4294901760
-19.502314 7.6821623 -5.5423536 4294901760
-16.819593 7.5943341 -5.3389139 4294901760
-21.291286 7.2066984 -5.6330137 4294901760
-21.759106 11.134692 -6.0034599 4294901760
-3.1998558 1.4582577 -3.7303865 4294901760
-5.3433609 2.1263804 -3.9484146 4294901760
-7.2989359 3.3263152 -4.2209511 4294901760
-9.3938799 3.7382772 -4.4106684 4294901760
-11.334027 5.1652117 -4.7200065 4294901760
-13.128887 5.2246165 -4.8201246 4294901760
-14.535016 7.5020781 -5.1497045 4294901760
-19.445721 7.7383885 -5.5400891 4294901760
-16.76396 7.6397734 -5.3354115 4294901760
-21.713011 11.206916 -6.0052986 4294901760
-3.1947453 1.4694192 -3.7309201 4294901760
-5.3502011 2.1507676 -3.9554811 4294901760
-7.2944059 3.3550529 -4.2246542 4294901760
-9.3807726 3.7710474 -4.4124017 4294901760
-11.308717 5.2014303 -4.7199578 4294901760
-13.121639 5.2748661 -4.825201 4294901760
-14.498137 7.547255 -5.1493206 4294901760
-19.392672 7.7958064 -5.5385208 4294901760
-16.715456 7.6882529 -5.3334565 4294901760
-21.236681 7.3538628 -5.6409183 4294901760
-21.68792 11.29002 -6.0113435 4294901760
-3.1893389 1.481118 -3.7314749 4294901760
-5.3422828 2.1703618 -3.9565105 4294901760
-7.2785029 3.3801117 -4.2246766 4294901760
-9.366889 3.8054028 -4.4142065 4294901760
-11.285979 5.2411699 -4.720952 4294901760
-13.098534 5.321425 -4.8268399 4294901760
-14.459805 7.5947852 -5.1490164 4294901760
-19.393545 7.8788433 -5.548151 4294901760
-16.690783 7.7511425 -5.3371515 4294901760
-21.47706 7.5253663 -5.695395 4294901760
-21.621649 11.356432 -6.009728 4294901760
-3.1811266 1.4901483 -3.7298565 4294901760
-5.3350563 2.1880655 -3.9574342 4294901760
-7.2637024 3.402566 -4.2245669 4294901760
-9.3505611 3.834944 -4.4147568 4294901760
-11.261349 5.2752004 -4.7207704 4294901760
-13.088174 5.3678503 -4.8308764 4294901760
-14.427499 7.6389661 -5.1493196 4294901760
-19.378384 7.9476528 -5.5537176 4294901760
-16.668596 7.8081393 -5.3405457 4294901760
-21.395544 7.5765581 -5.6888843 4294901760
-21.555641 11.413122 -6.0070462 4294901760
-3.1824605 1.5043422 -3.7346065 4294901760
-5.3238263 2.2052009 -3.9568765 4294901760
-7.2517805 3.4279008 -4.2257495 4294901760
-9.329814 3.8645353 -4.4143066 4294901760
-11.246454 5.3161745 -4.7235746 4294901760
-13.058333 5.4089384 -4.8305831 4294901760
-14.386692 7.681778 -5.1480093 4294901760
-19.339464 8.0106678 -5.5550051 4294901760
-16.630426 7.8611665 -5.3408794 4294901760
-21.346416 7.6431236 -5.6888866 4294901760
-21.501577 11.480773 -6.0073137 4294901760
-3.1769254 1.5159965 -3.7351458 4294901760
-5.3228149 2.2276733 -3.9609251 4294901760
-7.2320876 3.4510784 -4.2244878 4294901760
-9.3192339 3.9002314 -4.4171357 4294901760
-11.223311 5.3556499 -4.7245097 4294901760
-13.042089 5.4582992 -4.833931 4294901760
-14.372466 7.7420111 -5.1535525 4294901760
-19.317337 8.0845785 -5.5601287 4294901760
-16.579912 7.9117651 -5.3389339 4294901760
-21.235691 7.6914048 -5.677753 4294901760
-21.374981 11.514053 -5.9935055 4294901760
-3.171881 1.5265232 -3.7356293 4294901760
-5.3189468 2.2468112 -3.9633496 4294901760
-7.2276731 3.4784441 -4.2280803 4294901760
-9.3171701 3.9357271 -4.4219279 4294901760
-11.194764 5.3876762 -4.7233009 4294901760
-13.042234 5.5092559 -4.8405786 4294901760
-14.336213 7.7839293 -5.1529369 4294901760
-19.283068 8.1454868 -5.5619192 4294901760
-16.528439 7.9546008 -5.3358941 4294901760
-21.157585 7.7425771 -5.6717968 4294901760
-21.413885 11.626792 -6.011991 4294901760
-3.1697941 1.5391694 -3.7382507 4294901760
-5.3039856 2.262342 -3.9612434 4294901760
-7.2154865 3.5036523 -4.2292285 4294901760
-9.3142824 3.9728789 -4.4267936 4294901760
-11.161612 5.4197879 -4.721189 4294901760
-13.026582 5.5563092 -4.8437753 4294901760
-14.287993 7.8224487 -5.1498508 4294901760
-19.269199 8.2190113 -5.568295 4294901760
-16.500572 8.012248 -5.3385196 4294901760
-21.119198 7.8122301 -5.6737857 4294901760
-21.355656 11.691881 -6.0114326 4294901760
-3.1641319 1.5507762 -3.7387748 4294901760
-5.2921205 2.2802413 -3.9606969 4294901760
-7.1955533 3.5266206 -4.2279267 4294901760
-9.2996597 4.0069885 -4.4285116 4294901760
-11.141673 5.4606581 -4.7230344 4294901760
-13.00248 5.6024399 -4.8452888 4294901760
-14.252257 7.8709116 -5.1502295 4294901760
-19.220625 8.281682 -5.5681424 4294901760
-16.438877 8.0568762 -5.3340859 4294901760
-21.165201 7.9175506 -5.6922436 4294901760
-21.305672 11.76621 -6.013114 4294901760
-3.1586993 1.5618118 -3.7392688 4294901760
-5.2841287 2.2987003 -3.9616199 4294901760
-7.1726513 3.5465016 -4.2253075 4294901760
-9.2892408 4.0410032 -4.4312067 4294901760
-11.126101 5.5012765 -4.7257476 4294901760
-12.97555 5.6446199 -4.8457766 4294901760
-14.210776 7.9128623 -5.1487837 4294901760
-18.865946 8.2070589 -5.5054603 4294901760
-16.410652 8.1142111 -5.3366523 4294901760
-21.163572 8.0012655 -5.7012715 4294901760
-21.212137 11.811369 -6.0053611 4294901760
-3.1532276 1.5728292 -3.7397578 4294901760
-5.2725458 2.3155842 -3.9610088 4294901760
-7.1707559 3.5767715 -4.2301621 4294901760
-9.2714577 4.0718174 -4.4317408 4294901760
-11.099728 5.5365415 -4.7255216 4294901760
-12.9412 5.6834865 -4.844461 4294901760
-14.172648 7.9565744 -5.1481609 4294901760
-18.789684 8.2520094 -5.4990726 4294901760
-16.289469 8.1251822 -5.3184738 4294901760
-21.183987 8.0936184 -5.7145395 4294901760
-21.128992 11.86189 -5.9996939 4294901760
-3.1512337 1.5849044 -3.7423368 4294901760
-5.2754035 2.3377352 -3.9664485 4294901760
-7.1518483 3.5970027 -4.2287102 4294901760
-9.257906 4.1025362 -4.4332542 4294901760
-11.084852 5.5750961 -4.7281141 4294901760
-12.929558 5.7295866 -4.8483558 4294901760
-14.11846 7.9878345 -5.1431651 4294901760
-19.024883 8.4306612 -5.5556488 4294901760
-16.255314 8.1755657 -5.3192539 4294901760
-21.123518 8.1508799 -5.7119541 4294901760
-21.079117 11.925982 -6.0002499 4294901760
-3.1424494 1.5942553 -3.7406964 4294901760
-5.2672105 2.3561368 -3.9673486 4294901760
-7.1357517 3.620173 -4.228549 4294901760
-9.2471371 4.1364436 -4.4359093 4294901760
-11.044093 5.6029873 -4.7239494 4294901760
-12.894956 5.7681918 -4.8469954 4294901760
-14.093948 8.0390453 -5.1458907 4294901760
-19.097326 8.5426455 -5.5797215 4294901760
-16.283564 8.2611227 -5.3344946 4294901760
-21.083775 8.2202196 -5.7137957 4294901760
-21.037355 11.999495 -6.0030489 4294901760
-3.1304102 1.6019119 -3.7369289 4294901760
-5.2554436 2.3729236 -3.966713 4294901760
-7.116087 3.6414857 -4.2271256 4294901760
-9.2290392 4.1670704 -4.4363985 4294901760
-11.020933 5.6396966 -4.7246389 4294901760
-12.871117 5.811532 -4.8482862 4294901760
-14.069253 8.0901785 -5.1485934 4294901760
-19.05648 8.6043301 -5.5807214 4294901760
-16.275921 8.3288097 -5.3417411 4294901760
-21.073524 8.3010817 -5.7213006 4294901760
-20.984957 12.066885 -6.0036731 4294901760
-3.1250813 1.6122841 -3.7373736 4294901760
-5.2405353 2.387145 -3.9644957 4294901760
-7.1004877 3.6632657 -4.2268863 4294901760
-9.2043781 4.1927371 -4.4346428 4294901760
-10.998647 5.6743941 -4.7252278 4294901760
-12.833679 5.8459401 -4.8458772 4294901760
-14.018224 8.1228113 -5.1443691 4294901760
-19.016951 8.6625156 -5.5815291 4294901760
-16.241127 8.3790808 -5.3424544 4294901760
-21.001369 8.3532143 -5.716465 4294901760
-20.910275 12.116386 -5.9991274 4294901760
-3.1226499 1.6248564 -3.7399583 4294901760
-5.2356696 2.4070323 -3.9668984 4294901760
-7.0806966 3.6844075 -4.2254362 4294901760
-9.1753225 4.2182374 -4.4318695 4294901760
-10.975249 5.7109199 -4.7258801 4294901760
-12.824035 5.8956861 -4.850698 4294901760
-13.982905 8.1676779 -5.1444674 4294901760
-18.990221 8.7305117 -5.5854464 4294901760
-16.197632 8.4283619 -5.3416629 4294901760
-20.8943 8.3952198 -5.7053566 4294901760
-20.850613 12.179235 -5.9982457 4294901760
-3.1169598 1.6357459 -3.7404165 4294901760
-5.2377191 2.4301562 -3.9723525 4294901760
-7.0677938 3.7090998 -4.2264757 4294901760
-9.171299 4.255228 -4.4366207 4294901760
-10.965792 5.7547255 -4.7304239 4294901760
-12.821416 5.948781 -4.8572898 4294901760
-13.947449 8.2123938 -5.1445398 4294901760
-18.952391 8.7933836 -5.5870962 4294901760
-16.153996 8.477437 -5.3408408 4294901760
-20.949942 8.5026264 -5.7256155 4294901760
-20.787327 12.23978 -5.9966087 4294901760
-3.1112309 1.6466161 -3.74087 4294901760
-5.2292042 2.4484246 -3.9732125 4294901760
-7.0686703 3.7410874 -4.2325106 4294901760
-9.149231 4.2838645 -4.4359703 4294901760
-10.945637 5.7929683 -4.7320185 4294901760
-12.77536 5.9816952 -4.8531327 4294901760
-13.898147 8.2488337 -5.1411753 4294901760
-18.889057 8.8442583 -5.5834866 4294901760
-16.141922 8.5430984 -5.3471923 4294901760
-20.920134 8.5757036 -5.7294302 4294901760
-20.754776 12.318383 -6.0013666 4294901760
-3.1022654 1.6557602 -3.7391951 4294901760
-5.2101765 2.4617276 -3.9694729 4294901760
-7.0486474 3.7620475 -4.2310247 4294901760
-9.1270733 4.3124003 -4.4353027 4294901760
-10.921846 5.8292751 -4.7326169 4294901760
-12.740018 6.0194607 -4.8516326 4294901760
-13.896607 8.3136578 -5.1497288 4294901760
-18.717363 8.8436632 -5.5574145 4294901760
-16.097931 8.5918875 -5.3463135 4294901760
-20.867943 8.6395216 -5.7289205 4294901760
-20.711649 12.390761 -6.0039454 4294901760
-3.0996592 1.6682965 -3.7417612 4294901760
-5.1980758 2.478241 -3.9687836 4294901760
-7.0354729 3.7866273 -4.2320299 4294901760
-9.1155329 4.3459325 -4.4378562 4294901760
-10.897939 5.8654809 -4.7331963 4294901760
-12.733289 6.0707383 -4.8572741 4294901760
-13.840221 8.3456593 -5.1446052 4294901760
-16.050291 8.6385765 -5.3446026 4294901760
-20.856071 8.7200041 -5.7362485 4294901760
-20.6033 12.423799 -5.992887 4294901760
-3.0967097 1.681376 -3.7443447 4294901760
-5.1924281 2.4989464 -3.9711895 4294901760
-7.0043116 3.8030305 -4.2268066 4294901760
-9.1066666 4.3827415 -4.4415498 4294901760
-10.87288 5.9034915 -4.7338328 4294901760
-12.700202 6.1121931 -4.8567266 4294901760
-13.812943 8.3983994 -5.1472216 4294901760
-18.653603 8.9773703 -5.5635815 4294901760
-16.008011 8.6916399 -5.3445768 4294901760
-20.790878 8.7824087 -5.7337003 4294901760
-20.537153 12.486782 -5.9912128 4294901760
-3.0942969 1.6933762 -3.7468803 4294901760
-5.1841125 2.5161517 -3.9719732 4294901760
-6.981339 3.8205879 -4.2239757 4294901760
-9.0849705 4.4094653 -4.440763 4294901760
-10.83932 5.9318957 -4.7313581 4294901760
-12.672707 6.1508021 -4.8568492 4294901760
-13.805392 8.4566412 -5.1539211 4294901760
-18.738602 9.0949345 -5.5903692 4294901760
-15.958115 8.7331924 -5.3418884 4294901760
-20.787342 8.8622646 -5.7422194 4294901760
-20.495632 12.554819 -5.9935503 4294901760
-3.0851936 1.7024151 -3.7451844 4294901760
-5.1718392 2.5325375 -3.9712577 4294901760
-6.9679613 3.8449328 -4.2249427 4294901760
-9.0659742 4.4394107 -4.4411135 4294901760
-10.832445 5.9773617 -4.7367806 4294901760
-12.64759 6.1932497 -4.8579488 4294901760
-13.775791 8.504777 -5.1555552 4294901760
-18.717491 9.1655493 -5.5955706 4294901760
-15.962442 8.8081036 -5.352129 4294901760
-20.737947 8.9268761 -5.7422819 4294901760
-20.455086 12.628381 -5.9966941 4294901760
-3.079232 1.7131747 -3.7456074 4294901760
-5.1629672 2.5505764 -3.9720657 4294901760
-6.9544969 3.8692336 -4.2258978 4294901760
-9.0468788 4.4692817 -4.4414487 4294901760
-10.80458 6.0112824 -4.7363043 4294901760
-12.608065 6.2285562 -4.8554349 4294901760
-13.735875 8.5465031 -5.1545997 4294901760
-18.656763 9.2166958 -5.5924935 4294901760
-15.938565 8.8676491 -5.3559246 4294901760
-20.695679 8.9944429 -5.7437449 4294901760
-20.383751 12.682832 -5.9933448 4294901760
-3.0700712 1.7221395 -3.7438996 4294901760
-5.1505847 2.5668647 -3.9713318 4294901760
-6.940948 3.8934863 -4.2268414 4294901760
-9.024147 4.4973083 -4.4406857 4294901760
-10.773148 6.0431371 -4.7348266 4294901760
-12.589805 6.274303 -4.8582869 4294901760
-13.719452 8.6028614 -5.1596074 4294901760
-18.613762 9.2764254 -5.5931315 4294901760
-15.869265 8.9017754 -5.3492436 4294901760
-20.64953 9.060214 -5.7444515 4294901760
-20.329205 12.747545 -5.9935436 4294901760
-3.0671971 1.7346294 -3.7464378 4294901760
-5.1450353 2.5865571 -3.9736571 4294901760
-6.923902 3.9157586 -4.2265182 4294901760
-9.0083942 4.528779 -4.4420714 4294901760
-10.748535 6.0787501 -4.7352915 4294901760
-12.550061 6.3092771 -4.8557243 4294901760
-13.706176 8.661334 -5.165451 4294901760
-18.567009 9.3341694 -5.5929842 4294901760
-15.820746 8.947299 -5.347352 4294901760
-20.632381 9.1387014 -5.7508826 4294901760
-20.254208 12.799227 -5.9893951 4294901760
-3.0611234 1.7453253 -3.7468452 4294901760
-5.1359754 2.6045012 -3.9744403 4294901760
-6.9101906 3.9399037 -4.227438 4294901760
-8.9784307 4.5530462 -4.4391098 4294901760
-10.710015 6.1064057 -4.7318082 4294901760
-12.513774 6.3458519 -4.8540363 4294901760
-13.652344 8.6941509 -5.160996 4294901760
-18.527197 9.3953152 -5.5943069 4294901760
-15.810197 9.0143175 -5.3542833 4294901760
-20.578491 9.2008905 -5.7500796 4294901760
-20.15888 12.837674 -5.9808917 4294901760
-3.0487261 1.7523868 -3.7429938 4294901760
-5.1371398 2.6276755 -3.9798207 4294901760
-6.899796 3.9659553 -4.2296028 4294901760
-8.9624815 4.5843592 -4.440464 4294901760
-10.681754 6.1397986 -4.7312503 4294901760
-12.477383 6.3822508 -4.8523235 4294901760
-13.611856 8.7353001 -5.1599393 4294901760
-18.504944 9.4653816 -5.5993595 4294901760
-15.778634 9.0694504 -5.3563614 4294901760
-20.528055 9.2644567 -5.749958 4294901760
-20.100502 12.899337 -5.9802513 4294901760
-3.0457273 1.7648361 -3.7455175 4294901760
-5.1279364 2.6455917 -3.9805889 4294901760
-6.88591 3.9900167 -4.2304997 4294901760
-8.9534512 4.6192412 -4.4439731 4294901760
-10.670556 6.1830163 -4.7355886 4294901760
-12.458564 6.4275899 -4.8550897 4294901760
-13.584627 8.7849245 -5.1622853 4294901760
-18.475338 9.5317488 -5.6028795 4294901760
-15.733083 9.1164799 -5.3551898 4294901760
-20.481064 9.3294401 -5.7505207 4294901760
-20.058708 12.971592 -5.9831696 4294901760
-3.0432987 1.7762232 -3.7479978 4294901760
-5.1161823 2.6599121 -3.979737 4294901760
-6.876729 4.013607 -4.2325549 4294901760
-8.9388943 4.6473465 -4.4451675 4294901760
-10.630518 6.2045083 -4.7309232 4294901760
-12.431252 6.4630294 -4.8549495 4294901760
-13.563635 8.8319054 -5.1653199 4294901760
-18.473625 9.6044703 -5.611372 4294901760
-15.72158 9.175909 -5.3610425 4294901760
-20.419004 9.3787413 -5.7470937 4294901760
-20.001123 13.02365 -5.9815192 4294901760
-3.0370805 1.7868348 -3.7483852 4294901760
-5.0966325 2.6723871 -3.9758785 4294901760
-6.8525362 4.0316186 -4.2296562 4294901760
-8.912117 4.6730123 -4.4432249 4294901760
-10.615635 6.2455988 -4.7342434 4294901760
-12.419184 6.5119205 -4.8594813 4294901760
-13.539383 8.883564 -5.1684799 4294901760
-18.454123 9.6763029 -5.6171017 4294901760
-15.672276 9.2206211 -5.3590102 4294901760
-20.415115 9.4633865 -5.7562599 4294901760
-19.928833 13.075859 -5.9778886 4294901760
-3.0333145 1.8003335 -3.7509336 4294901760
-5.0863333 2.6919372 -3.9766939 4294901760
-6.833632 4.0558987 -4.2293458 4294901760
-8.8871222 4.7035007 -4.4424796 4294901760
-10.577928 6.278214 -4.7317743 4294901760
-12.383543 6.5539784 -4.8587618 4294901760
-13.505173 8.9354858 -5.1700411 4294901760
-18.395672 9.7358913 -5.6155281 4294901760
-15.623042 9.2725916 -5.3579497 4294901760
-20.375013 9.5400124 -5.7592239 4294901760
-19.858498 13.139063 -5.9758644 4294901760
-3.0239007 1.8090497 -3.7491817 4294901760
-5.0803046 2.7114894 -3.9789646 4294901760
-6.8261647 4.0837555 -4.2327123 4294901760
-8.8706493 4.7344942 -4.4437594 4294901760
-10.552543 6.3130622 -4.7321038 4294901760
-12.350064 6.591547 -4.8578372 4294901760
-13.480529 8.9869928 -5.1731534 4294901760
-18.322855 9.7793789 -5.6098733 4294901760
-15.614528 9.3413963 -5.3655434 4294901760
-20.319933 9.6008444 -5.7581964 4294901760
-19.78261 13.188368 -5.9714279 4294901760
-3.0150974 1.8166699 -3.7473869 4294901760
-5.0683684 2.7256119 -3.9780791 4294901760
-6.8099418 4.1031566 -4.2322083 4294901760
-8.8592129 4.7642107 -4.4459863 4294901760
-10.529259 6.3441353 -4.7322855 4294901760
-12.343307 6.6378489 -4.8630371 4294901760
-13.465455 9.0381765 -5.177824 4294901760
-18.323669 9.8539028 -5.6190262 4294901760
-15.588518 9.3924627 -5.3680782 4294901760
-20.282461 9.6612015 -5.7597022 4294901760
-19.744394 13.252676 -5.9739609 4294901760
-3.0087376 1.8271837 -3.7477531 4294901760
-5.0520506 2.739615 -3.9757183 4294901760
-6.7888718 4.1228309 -4.230516 4294901760
-8.8460016 4.7969904 -4.4483261 4294901760
-10.51044 6.3829112 -4.73455 4294901760
-12.309571 6.6752071 -4.8620715 4294901760
-13.443723 9.0918198 -5.1817527 4294901760
-18.268114 9.9063921 -5.6170816 4294901760
-15.552229 9.4447517 -5.369163 4294901760
-20.252211 9.7336721 -5.7636805 4294901760
-19.658319 13.294673 -5.9672837 4294901760
-2.9992492 1.8357826 -3.7459843 4294901760
-5.0492163 2.7609296 -3.9795041 4294901760
-6.7677484 4.1424084 -4.2288108 4294901760
-8.825736 4.8259444 -4.4484773 4294901760
-10.494864 6.4237041 -4.7377834 4294901760
-12.279216 6.7143197 -4.8619866 4294901760
-13.395447 9.1274786 -5.1787815 4294901760
-18.250927 9.9796724 -5.6234226 4294901760
-15.53277 9.507309 -5.3742647 4294901760
-20.21093 9.8008251 -5.7654495 4294901760
-19.568893 13.333982 -5.9598422 4294901760
-2.9928231 1.84624 -3.7463398 4294901760
-5.0395484 2.7785368 -3.9802041 4294901760
-6.756587 4.1680651 -4.2308736 4294901760
-8.8019152 4.8529043 -4.4475245 4294901760
-10.472379 6.4602966 -4.739027 4294901760
-12.262671 6.7609792 -4.8654985 4294901760
-13.363505 9.1741781 -5.1800828 4294901760
-18.093681 9.9758854 -5.5994592 4294901760
-15.526634 9.5782118 -5.3825784 4294901760
-20.162254 9.8642912 -5.7657304 4294901760
-19.51894 13.399944 -5.9610209 4294901760
-2.9925172 1.8605046 -3.7509513 4294901760
-5.0298185 2.7961123 -3.9808958 4294901760
-6.7419953 4.1916261 -4.2316642 4294901760
-8.7814665 4.8816805 -4.4476433 4294901760
-10.446393 6.4947205 -4.7392659 4294901760
-12.228566 6.7979484 -4.8644657 4294901760
-13.324846 9.2162437 -5.1796393 4294901760
-18.149424 10.089396 -5.6216359 4294901760
-15.499873 9.6365643 -5.3860145 4294901760
-20.106218 9.924016 -5.7645206 4294901760
-19.501598 13.488447 -5.969388 4294901760
-2.9829326 1.8690141 -3.749166 4294901760
-5.0233879 2.815536 -3.9831197 4294901760
-6.7239981 4.2130513 -4.2311816 4294901760
-8.7678204 4.9142361 -4.4499254 4294901760
-10.430384 6.5353589 -4.7424474 4294901760
-12.204762 6.8405919 -4.866127 4294901760
-13.276257 9.2513142 -5.1765885 4294901760
-18.124537 10.15854 -5.6263747 4294901760
-15.44925 9.680027 -5.3837562 4294901760
-20.060736 9.988802 -5.7654548 4294901760
-19.415079 13.52904 -5.9625483 4294901760
-2.9794555 1.8813508 -3.7516377 4294901760
-5.0101748 2.8311586 -3.9822538 4294901760
-6.7026181 4.2323089 -4.2294259 4294901760
-8.7506123 4.9448118 -4.4511042 4294901760
-10.404151 6.5696092 -4.7426491 4294901760
-12.163497 6.8733711 -4.8632369 4294901760
-13.243883 9.2976017 -5.1778154 4294901760
-18.061172 10.20604 -5.6227441 4294901760
-15.401881 9.7253819 -5.3822765 4294901760
-19.990074 10.040849 -5.7612553 4294901760
-19.387348 13.610497 -5.9686804 4294901760
-2.9728706 1.8917389 -3.7519729 4294901760
-5.0002623 2.848629 -3.9829202 4294901760
-6.6745687 4.2472553 -4.2251329 4294901760
-8.7367334 4.9772816 -4.4533582 4294901760
-10.364419 6.595233 -4.7388802 4294901760
-12.129066 6.9098787 -4.8621345 4294901760
-13.198343 9.3345718 -5.1755724 4294901760
-18.004639 10.257169 -5.6205931 4294901760
-15.367842 9.7790813 -5.3840098 4294901760
-19.969147 10.117778 -5.7672162 4294901760
-19.339724 13.678083 -5.9704399 4294901760
-2.9662495 1.902105 -3.7523031 4294901760
-4.9902887 2.8660662 -3.9835782 4294901760
-6.666306 4.2747631 -4.2283983 4294901760
-8.7193069 5.0077486 -4.4545078 4294901760
-10.334655 6.6270885 -4.7380543 4294901760
-12.101424 6.9501953 -4.8628235 4294901760
-13.181897 9.3921432 -5.181057 4294901760
-17.958344 10.313993 -5.6206841 4294901760
-15.316833 9.8219061 -5.3816609 4294901760
-19.933708 10.187424 -5.7702317 4294901760
-19.272346 13.731607 -5.9678235 4294901760
-2.9565463 1.910481 -3.7504957 4294901760
-4.9802527 2.8834696 -3.9842277 4294901760
-6.6546359 4.3001375 -4.230391 4294901760
-8.694931 5.0341959 -4.4534607 4294901760
-10.314789 6.6652799 -4.7401748 4294901760
-12.08397 6.9963841 -4.8662138 4294901760
-13.119909 9.417201 -5.1744556 4294901760
-17.932589 10.382621 -5.6253014 4294901760
-15.279103 9.8731537 -5.3825274 4294901760
-19.908667 10.262434 -5.7754049 4294901760
-19.237268 13.808116 -5.9724064 4294901760
-2.9495244 1.9213036 -3.7508307 4294901760
-4.9663253 2.8997605 -3.9833577 4294901760
-6.642118 4.3266387 -4.2324085 4294901760
-8.6661816 5.0600495 -4.4513607 4294901760
-10.293616 6.705204 -4.7423334 4294901760
-12.034206 7.0265875 -4.8614907 4294901760
-13.088535 9.467556 -5.1765003 4294901760
-17.894417 10.448274 -5.6277242 4294901760
-15.236135 9.9247322 -5.3826356 4294901760
-19.853216 10.326122 -5.7748523 4294901760
-19.131531 13.83874 -5.9618306 4294901760
-2.9431367 1.931074 -3.7511289 4294901760
-4.9434023 2.9084008 -3.9777853 4294901760
-6.6310129 4.3507924 -4.2343431 4294901760
-8.6425419 5.0847521 -4.4502244 4294901760
-10.261372 6.7327719 -4.7404056 4294901760
-12.014267 7.0684724 -4.8638539 4294901760
-13.060286 9.5132523 -5.1784105 4294901760
-17.849352 10.501486 -5.6276054 4294901760
-15.206471 9.9773893 -5.3849883 4294901760
-19.794117 10.378925 -5.7725062 4294901760
-19.075851 13.895054 -5.9611888 4294901760
-2.9394023 1.9433352 -3.7535713 4294901760
-4.9497852 2.9354625 -3.9861255 4294901760
-6.6026983 4.3652601 -4.2299848 4294901760
-8.6451378 5.126986 -4.4578662 4294901760
-10.234497 6.7663612 -4.7404928 4294901760
-11.986099 7.1083379 -4.8644567 4294901760
-13.059109 9.5823441 -5.1881161 4294901760
-17.778265 10.543373 -5.6222405 4294901760
-15.171552 10.03041 -5.3865843 4294901760
-19.75071 10.444223 -5.7739244 4294901760
-19.027231 13.961555 -5.9627652 4294901760
-2.9326012 1.9535831 -3.753875 4294901760
-4.9461217 2.9566746 -3.9898293 4294901760
-6.5808926 4.3839307 -4.2281389 4294901760
-8.6136198 5.1490178 -4.4545703 4294901760
-10.220724 6.8086429 -4.7445211 4294901760
-11.947562 7.1419702 -4.8623109 4294901760
-13.035191 9.6349707 -5.1917624 4294901760
-17.744781 10.60741 -5.6252136 4294901760
-15.143084 10.087725 -5.3897781 4294901760
-19.714132 10.513099 -5.776772 4294901760
-18.955906 14.011271 -5.9592323 4294901760
-2.9230962 1.9612775 -3.7520249 4294901760
-4.9362893 2.9730606 -3.990407 4294901760
-6.5695758 4.4079156 -4.2300406 4294901760
-8.6032686 5.1816325 -4.4577627 4294901760
-10.191499 6.8380771 -4.7435293 4294901760
-11.879522 7.1548762 -4.851881 4294901760
-12.996778 9.6733885 -5.1910191 4294901760
-17.712925 10.668256 -5.6280484 4294901760
-15.112857 10.140106 -5.3920569 4294901760
-19.636969 10.555736 -5.770658 4294901760
-18.8741 14.047829 -5.9526849 4294901760
-2.9102256 1.9674082 -3.7480497 4294901760
-4.9258814 2.9902732 -3.9910069 4294901760
-6.5541492 4.4308205 -4.2307 4294901760
-8.5817499 5.2095809 -4.457715 4294901760
-10.160993 6.8691654 -4.7425704 4294901760
-11.823878 7.1777258 -4.8451343 4294901760
-12.947001 9.7067509 -5.1877131 4294901760
-17.665346 10.723808 -5.6279144 4294901760
-15.070765 10.188333 -5.3919468 4294901760
-19.596493 10.622314 -5.7727036 4294901760
-18.853704 14.135183 -5.9606814 4294901760
-2.9093323 1.9816376 -3.7526064 4294901760
-4.9088411 3.0034304 -3.988508 4294901760
-6.545125 4.4580903 -4.2338772 4294901760
-8.5567684 5.2353821 -4.4565573 4294901760
-10.133672 6.9023619 -4.7425838 4294901760
-11.832673 7.2397151 -4.8556585 4294901760
-12.909858 9.7494898 -5.1878347 4294901760
-17.610783 10.775 -5.6262217 4294901760
-15.041697 10.245372 -5.3950639 4294901760
-19.548784 10.684917 -5.7732491 4294901760
-18.791498 14.191288 -5.9592133 4294901760
-2.8994088 1.9897287 -3.7507544 4294901760
-4.8950491 3.0185242 -3.9875443 4294901760
-6.5295248 4.4809074 -4.2345138 4294901760
-8.5317135 5.2610674 -4.4553828 4294901760
-10.106247 6.9354448 -4.7425776 4294901760
-11.797175 7.2747092 -4.8543291 4294901760
-12.87258 9.7920799 -5.1879311 4294901760
-17.562878 10.83012 -5.6260209 4294901760
-15.009131 10.300065 -5.3973398 4294901760
-19.500883 10.747304 -5.7737584 4294901760
-18.732315 14.249538 -5.9584332 4294901760
-2.8894637 1.9977759 -3.7488966 4294901760
-4.8779397 3.0315263 -3.9850256 4294901760
-6.5106173 4.5014424 -4.2338724 4294901760
-8.5065842 5.2866445 -4.4541926 4294901760
-10.088503 6.9751935 -4.7455273 4294901760
-11.768333 7.313746 -4.8547993 4294901760
-12.819352 9.8224211 -5.1836829 4294901760
-17.524965 10.891359 -5.6280775 4294901760
-14.966527 10.347861 -5.3971467 4294901760
-19.452782 10.809495 -5.7742333 4294901760
-18.634914 14.278411 -5.9489031 4294901760
-2.888422 2.0119944 -3.7534394 4294901760
-4.8640633 3.0464909 -3.9840434 4294901760
-6.4948649 4.5241418 -4.2344851 4294901760
-8.4813776 5.3121104 -4.4529858 4294901760
-10.060838 7.0080996 -4.7454844 4294901760
-11.752843 7.361115 -4.8588953 4294901760
-12.788138 9.8695421 -5.1854572 4294901760
-17.493605 10.956705 -5.6316319 4294901760
-14.923774 10.395485 -5.3969254 4294901760
-19.390553 10.863675 -5.7717328 4294901760
-18.613411 14.365331 -5.9567633 4294901760
-2.8754466 2.0178988 -3.7494349 4294901760
-4.8664298 3.0716739 -3.9907854 4294901760
-6.482244 4.549037 -4.2363515 4294901760
-8.4627848 5.341681 -4.4539533 4294901760
-10.036314 7.0431728 -4.7464147 4294901760
-11.740531 7.410583 -4.8638844 4294901760
-12.756756 9.9165621 -5.1872077 4294901760
-17.451881 11.015568 -5.632864 4294901760
-14.903715 10.458963 -5.4023809 4294901760
-19.352516 10.93129 -5.7743406 4294901760
-18.534781 14.408154 -5.9515133 4294901760
-2.8798697 2.0367982 -3.7582531 4294901760
-4.8421388 3.0812192 -3.9851723 4294901760
-6.4655261 4.5727668 -4.2369699 4294901760
-8.4431486 5.3726654 -4.4549541 4294901760
-10.01367 7.0822048 -4.7483644 4294901760
-11.716643 7.4557028 -4.8661847 4294901760
-12.710916 9.9558878 -5.1855178 4294901760
-17.404652 11.075177 -5.6333971 4294901760
-14.855511 10.506614 -5.4013557 4294901760
-19.319254 11.006104 -5.7785158 4294901760
-18.450407 14.451372 -5.9455595 4294901760
-2.8730996 2.0463371 -3.758497 4294901760
-4.8448658 3.1055739 -3.991873 4294901760
-6.4471316 4.591907 -4.2362514 4294901760
-8.431941 5.4049006 -4.4580379 4294901760
-9.9901295 7.1153727 -4.7492132 4294901760
-11.681809 7.4880762 -4.8646827 4294901760
-12.65594 9.9807215 -5.1802578 4294901760
-17.35775 11.126372 -5.6329384 4294901760
-14.810847 10.548882 -5.4001679 4294901760
-19.279186 11.068122 -5.7801952 4294901760
-18.41806 14.524841 -5.9503479 4294901760
-2.8629942 2.0542397 -3.7566125 4294901760
-4.830761 3.1203761 -3.9908562 4294901760
-6.4278789 4.6120958 -4.2355494 4294901760
-8.4130249 5.4342995 -4.458962 4294901760
-9.9652338 7.1501989 -4.7500887 4294901760
-11.64224 7.5201745 -4.8623104 4294901760
-12.633501 10.034744 -5.1845293 4294901760
-17.312107 11.182563 -5.6333103 4294901760
-14.777176 10.602838 -5.4022818 4294901760
-19.209345 11.117351 -5.7760754 4294901760
-18.389139 14.606426 -5.9566188 4294901760
-2.8558061 2.0642211 -3.7568588 4294901760
-4.8166108 3.1351182 -3.98983 4294901760
-6.4085608 4.6322074 -4.2348347 4294901760
-8.3940039 5.4636326 -4.4598713 4294901760
-9.9402142 7.1849408 -4.750946 4294901760
-11.615918 7.5607672 -4.8635683 4294901760
-12.582845 10.066341 -5.1809902 4294901760
-17.266277 11.23857 -5.6336498 4294901760
-14.733614 10.649685 -5.4019203 4294901760
-19.17042 11.184337 -5.7785492 4294901760
-18.325567 14.660549 -5.9548554 4294901760
-2.8456523 2.0720434 -3.7549627 4294901760
-4.7991962 3.1476877 -3.9872463 4294901760
-6.3923516 4.6545496 -4.2353754 4294901760
-8.3715754 5.4907331 -4.4596682 4294901760
-9.8958254 7.2055812 -4.745822 4294901760
-11.576154 7.5925455 -4.8611507 4294901760
-12.544529 10.107704 -5.1808872 4294901760
-17.236952 11.30534 -5.6377883 4294901760
-14.696348 10.701052 -5.4031639 4294901760
-19.117498 11.243093 -5.7780404 4294901760
-18.268063 14.719419 -5.9545107 4294901760
-2.8351159 2.0803146 -3.7530725 4294901760
-4.7908401 3.1673808 -3.9893241 4294901760
-6.3752489 4.6779475 -4.2359304 4294901760
-8.364583 5.5300989 -4.464982 4294901760
-9.8693495 7.2418027 -4.7466807 4294901760
-11.54493 7.6327305 -4.8615127 4294901760
-12.507398 10.153615 -5.1816611 4294901760
-17.1721 11.353036 -5.6343222 4294901760
-14.647385 10.747767 -5.401989 4294901760
-19.09333 11.323268 -5.7842574 4294901760
-18.22019 14.791309 -5.9570932 4294901760
-2.8285668 2.0892105 -3.7532794 4294901760
-4.7808661 3.1824152 -3.9897702 4294901760
-6.357367 4.695621 -4.2351274 4294901760
-8.3504591 5.5585384 -4.4668589 4294901760
-9.8529348 7.2774858 -4.7493901 4294901760
-11.517584 7.6667562 -4.8616734 4294901760
-12.466187 10.185296 -5.1797056 4294901760
-17.156281 11.420192 -5.6405225 4294901760
-14.616756 10.796096 -5.4038749 4294901760
-19.013113 11.356582 -5.7767963 4294901760
-18.151989 14.830788 -5.9529333 4294901760
-2.8270733 2.1034002 -3.7577798 4294901760
-4.7697277 3.1990852 -3.990258 4294901760
-6.3440833 4.7201276 -4.2369013 4294901760
-8.3211565 5.5810504 -4.4644156 4294901760
-9.8242865 7.3094697 -4.7491789 4294901760
-11.503962 7.7157774 -4.8665075 4294901760
-12.43363 10.231282 -5.1812615 4294901760
-17.10968 11.475567 -5.640738 4294901760
-14.594971 10.858956 -5.4091239 4294901760
-18.973351 11.422886 -5.7791362 4294901760
-18.093937 14.888988 -5.9524813 4294901760
-2.8226149 2.1154296 -3.7601376 4294901760
-4.7585316 3.2157149 -3.990737 4294901760
-6.318152 4.7351861 -4.2335896 4294901760
-8.3048983 5.6122746 -4.4663496 4294901760
-9.7891855 7.3365779 -4.7469592 4294901760
-11.480254 7.7581129 -4.8685784 4294901760
-12.385573 10.264456 -5.178462 4294901760
-17.039764 11.515112 -5.6355491 4294901760
-14.560167 10.912226 -5.411077 4294901760
-18.947012 11.497328 -5.7844005 4294901760
-18.054152 14.96225 -5.9563627 4294901760
-21.534462 16.139162 -6.4117398 4294901760
-2.8065336 2.1187172 -3.7539382 4294901760
-4.7409096 3.2279706 -3.9881072 4294901760
-6.3047156 4.7595758 -4.2353396 4294901760
-8.2852573 5.6412311 -4.4671712 4294901760
-9.7666845 7.373096 -4.7486997 4294901760
-11.430091 7.7824721 -4.8633046 4294901760
-12.358843 10.315285 -5.1817021 4294901760
-16.979673 11.561049 -5.632627 4294901760
-14.506079 10.950974 -5.4080973 4294901760
-18.906763 11.563397 -5.7866769 4294901760
-17.986486 15.012387 -5.9536548 4294901760
-21.487558 16.221455 -6.4154878 4294901760
-2.8048928 2.1328888 -3.758424 4294901760
-4.7232614 3.2401407 -3.9854677 4294901760
-6.2911863 4.7839265 -4.2370782 4294901760
-8.2687769 5.6723518 -4.4690766 4294901760
-9.7503653 7.4143457 -4.7524133 4294901760
-11.396298 7.817821 -4.8625851 4294901760
-12.322762 10.358358 -5.1823187 4294901760
-16.939219 11.620244 -5.6342793 4294901760
-14.464595 10.999127 -5.40836 4294901760
-18.849298 11.618846 -5.7852201 4294901760
-17.961489 15.0982 -5.9611092 4294901760
-21.456245 16.315699 -6.4227109 4294901760
-2.7945521 2.1404626 -3.7564895 4294901760
-4.7182598 3.2609887 -3.9890213 4294901760
-6.2744484 4.8058586 -4.237536 4294901760
-8.2554283 5.7056751 -4.4720678 4294901760
-9.7118235 7.4386854 -4.7491407 4294901760
-11.372211 7.8598161 -4.8645921 4294901760
-12.280449 10.396163 -5.1811776 4294901760
-16.914967 11.690648 -5.6397433 4294901760
-14.419781 11.044704 -5.4077764 4294901760
-18.774715 11.663508 -5.7800241 4294901760
-17.890388 15.145327 -5.9576006 4294901760
-21.329395 16.337063 -6.4088054 4294901760
-2.7866881 2.1506908 -3.7566981 4294901760
-4.7062755 3.27826 -3.9894874 4294901760
-6.2567916 4.8288236 -4.2380042 4294901760
-8.2312174 5.7336354 -4.4717832 4294901760
-9.6813526 7.4718075 -4.7488694 4294901760
-11.330274 7.8923516 -4.8620496 4294901760
-12.251353 10.448858 -5.1843734 4294901760
-16.872004 11.752565 -5.6414146 4294901760
-14.360267 11.082868 -5.4039412 4294901760
-18.714924 11.721649 -5.7785993 4294901760
-17.81349 15.192658 -5.9533658 4294901760
-21.250399 16.400486 -6.4061761 4294901760
-2.7852657 2.1643689 -3.7611594 4294901760
-4.6922255 3.2916367 -3.9883497 4294901760
-6.2407441 4.8495455 -4.2384162 4294901760
-8.2056875 5.7563605 -4.4703059 4294901760
-9.6502552 7.4990015 -4.7475152 4294901760
-11.300784 7.9275975 -4.8621287 4294901760
-12.219658 10.492023 -5.1857567 4294901760
-16.803537 11.787827 -5.6359758 4294901760
-14.31714 11.125535 -5.4032497 4294901760
-18.669199 11.779385 -5.7791467 4294901760
-17.747862 15.238639 -5.9504709 4294901760
-21.255825 16.517435 -6.4209428 4294901760
-2.7691295 2.1673748 -3.7549305 4294901760
-4.6807065 3.3079956 -3.9887764 4294901760
-6.2114234 4.8616304 -4.2337589 4294901760
-8.1823158 5.7826877 -4.4699516 4294901760
-9.6208954 7.5301962 -4.7471719 4294901760
-11.276289 7.9692912 -4.8640738 4294901760
-12.176934 10.529404 -5.1845422 4294901760
-16.75577 11.841805 -5.6359653 4294901760
-14.290774 11.185271 -5.4074936 4294901760
-18.607758 11.831629 -5.7768006 4294901760
-17.69154 15.297887 -5.9504962 4294901760
-21.194893 16.589069 -6.4216771 4294901760
-2.7615473 2.1770279 -3.7551131 4294901760
-4.6691313 3.3243144 -3.9891946 4294901760
-6.2005758 4.8881392 -4.2367082 4294901760
-8.1459818 5.7997527 -4.4651785 4294901760
-9.5976686 7.5661902 -4.7488022 4294901760
-11.245163 8.0062981 -4.8641634 4294901760
-12.122087 10.556152 -5.1798339 4294901760
-16.707832 11.895594 -5.6359234 4294901760
-14.254776 11.237557 -5.409255 4294901760
-18.573067 11.90082 -5.780354 4294901760
-17.625988 15.349058 -5.948298 4294901760
-21.130587 16.658009 -6.4216666 4294901760
-2.7539313 2.1866539 -3.7552903 4294901760
-4.6574993 3.3405914 -3.9896042 4294901760
-6.1834755 4.9097524 -4.2371063 4294901760
-8.1224766 5.8258462 -4.4647918 4294901760
-9.5805216 7.6070466 -4.752408 4294901760
-11.223612 8.0501356 -4.8669853 4294901760
-12.10313 10.614155 -5.1855073 4294901760
-16.679178 11.963141 -5.6404681 4294901760
-14.21234 11.284764 -5.4093504 4294901760
-18.521353 11.959079 -5.7801633 4294901760
-17.578308 15.415754 -5.9504399 4294901760
-21.031643 16.699371 -6.4138689 4294901760
-2.7434502 2.1939898 -3.7533224 4294901760
-4.6489315 3.3590863 -3.9915578 4294901760
-6.1724257 4.9362073 -4.2400336 4294901760
-8.0988855 5.8518515 -4.4643898 4294901760
-9.5446119 7.6330099 -4.7500157 4294901760
-11.182547 8.0799513 -4.8642797 4294901760
-12.057047 10.648432 -5.183351 4294901760
-16.630846 12.016621 -5.6403642 4294901760
-14.172861 11.334309 -5.4102378 4294901760
-18.482838 12.02584 -5.7829094 4294901760
-17.52738 15.47967 -5.9518175 4294901760
-20.926424 16.735264 -6.4046164 4294901760
-2.7329514 2.2012789 -3.751349 4294901760
-4.6371775 3.3752935 -3.9919505 4294901760
-6.1459928 4.9503422 -4.2365956 4294901760
-8.0848007 5.8847384 -4.4672775 4294901760
-9.5240898 7.6712589 -4.7525887 4294901760
-11.151059 8.1165972 -4.8643064 4294901760
-12.025758 10.695748 -5.1855073 4294901760
-16.579119 12.067555 -5.6394572 4294901760
-14.136314 11.386214 -5.4119172 4294901760
-18.434071 12.085907 -5.7833943 4294901760
-17.470255 15.538103 -5.9517002 4294901760
-20.818104 16.768118 -6.3946137 4294901760
-2.7228205 2.2080462 -3.749362 4294901760
-4.6259589 3.3906524 -3.9923155 4294901760
-6.1356359 4.9756374 -4.2394819 4294901760
-8.0556784 5.9045067 -4.4646077 4294901760
-9.4924335 7.6978011 -4.7511277 4294901760
-11.117666 8.1488276 -4.8633471 4294901760
-11.97242 10.719629 -5.1806798 4294901760
-16.535791 12.120109 -5.6399913 4294901760
-14.089188 11.425496 -5.4102492 4294901760
-18.39056 12.14477 -5.784492 4294901760
-17.442432 15.617261 -5.9580865 4294901760
-20.7841 16.854675 -6.4007125 4294901760
-2.7207127 2.2221231 -3.7537982 4294901760
-4.6078982 3.4022026 -3.9895849 4294901760
-6.1182318 4.9970226 -4.2398329 4294901760
-8.0350199 5.9325886 -4.4652624 4294901760
-9.4716539 7.7359071 -4.7536654 4294901760
-11.082757 8.1828594 -4.8624129 4294901760
-11.92014 10.748017 -5.1767144 4294901760
-16.480547 12.168272 -5.6382508 4294901760
-14.043048 11.469561 -5.4094152 4294901760
-18.34141 12.204463 -5.7849097 4294901760
-17.361122 15.65398 -5.9520621 4294901760
-20.734426 16.934698 -6.404016 4294901760
-2.7129397 2.2316067 -3.7539489 4294901760
-4.6021757 3.4228637 -3.9930584 4294901760
-6.1037807 5.0208411 -4.2414432 4294901760
-8.0110893 5.95824 -4.4647989 4294901760
-9.4231415 7.7512774 -4.7472081 4294901760
-11.070081 8.2333622 -4.8678899 4294901760
-11.885499 10.792239 -5.1779308 4294901760
-16.41876 12.211437 -5.6349349 4294901760
-14.006005 11.521044 -5.4110141 4294901760
-18.31859 12.281752 -5.7912469 4294901760
-17.270899 15.682276 -5.9438119 4294901760
-20.678274 17.009512 -6.4058709 4294901760
-2.7135084 2.2480013 -3.7605159 4294901760
-4.5901999 3.4389079 -3.9934173 4294901760
-6.0831971 5.0396147 -4.240499 4294901760
-7.9934077 5.9885387 -4.4665265 4294901760
-9.392972 7.7815919 -4.746716 4294901760
-11.038093 8.2695704 -4.8678336 4294901760
-11.853632 10.839036 -5.1799908 4294901760
-16.376036 12.268676 -5.6362147 4294901760
-13.953422 11.559689 -5.408483 4294901760
-18.249146 12.327744 -5.7871327 4294901760
-17.227839 15.753245 -5.9472027 4294901760
-20.615696 17.079039 -6.4062738 4294901760
-2.7056439 2.2574604 -3.7606566 4294901760
-4.5781665 3.454911 -3.9937673 4294901760
-6.0565314 5.0532813 -4.2369995 4294901760
-7.9598317 6.0068831 -4.4627237 4294901760
-9.3809834 7.827045 -4.7521915 4294901760
-11.012329 8.3104486 -4.8695946 4294901760
-11.786425 10.853373 -5.1716118 4294901760
-16.320364 12.316154 -5.634376 4294901760
-13.909921 11.605775 -5.4083858 4294901760
-18.179596 12.373407 -5.78298 4294901760
-17.163927 15.805176 -5.9454489 4294901760
-20.540611 17.138107 -6.4038153 4294901760
-2.6921971 2.2622261 -3.7565103 4294901760
-4.5660796 3.4708695 -3.9941084 4294901760
-6.0358534 5.071867 -4.2360306 4294901760
-7.9388165 6.0346293 -4.4633174 4294901760
-9.344492 7.8520827 -4.7496667 4294901760
-10.973757 8.3416157 -4.8676562 4294901760
-11.748469 10.894446 -5.1718869 4294901760
-16.274099 12.370628 -5.6348209 4294901760
-13.851014 11.638867 -5.4041572 4294901760
-18.142883 12.441302 -5.7862406 4294901760
-17.08816 15.845984 -5.9407387 4294901760
-20.450087 17.184002 -6.3977871 4294901760
-2.6925857 2.2786353 -3.7630625 4294901760
-4.5508776 3.4844456 -3.9928868 4294901760
-6.0241008 5.0979724 -4.2388649 4294901760
-7.9208417 6.0647078 -4.4649992 4294901760
-9.320055 7.8872166 -4.7511144 4294901760
-10.94773 8.3822889 -4.8693762 4294901760
-11.7191 10.943543 -5.1747413 4294901760
-16.208641 12.410381 -5.6306014 4294901760
-13.801172 11.67942 -5.4023619 4294901760
-18.056648 12.47506 -5.7782884 4294901760
-17.041498 15.913712 -5.9432936 4294901760
-20.359486 17.229475 -6.391715 4294901760
-2.6818569 2.2856684 -3.7610464 4294901760
-4.5356374 3.4979568 -3.9916561 4294901760
-6.000299 5.1138802 -4.2365999 4294901760
-7.8964949 6.0899043 -4.4644594 4294901760
-9.292469 7.9197001 -4.7515464 4294901760
-10.924704 8.4253073 -4.8719954 4294901760
-11.689537 10.992568 -5.1775723 4294901760
-16.155745 12.459571 -5.6294379 4294901760
-13.757289 11.724936 -5.4021802 4294901760
-18.016272 12.540291 -5.7807355 4294901760
-16.985849 15.973097 -5.9436231 4294901760
-20.287062 17.290071 -6.3898349 4294901760
-2.6711111 2.292655 -3.7590244 4294901760
-4.5264416 3.5161307 -3.993526 4294901760
-5.9913402 5.142458 -4.2406831 4294901760
-7.868947 6.1125822 -4.4628 4294901760
-9.261755 7.9495044 -4.7509613 4294901760
-10.895226 8.4633904 -4.8727541 4294901760
-11.66266 11.044259 -5.1812472 4294901760
-16.074341 12.486516 -5.6212883 4294901760
-13.70115 11.759904 -5.3986864 4294901760
-17.952778 12.589352 -5.7779279 4294901760
-16.91259 16.015818 -5.9395351 4294901760
-20.24477 17.376392 -6.3949728 4294901760
-2.6630914 2.3019657 -3.7591383 4294901760
-4.5202069 3.536658 -3.9969428 4294901760
-5.9822545 5.1710372 -4.2447553 4294901760
-7.8382215 6.1327081 -4.460021 4294901760
-9.2249422 7.9740038 -4.7483602 4294901760
-10.868749 8.5038242 -4.874413 4294901760
-11.632683 11.093152 -5.1840301 4294901760
-16.024368 12.537637 -5.6208315 4294901760
-13.650965 11.79984 -5.3968062 4294901760
-17.925022 12.663463 -5.7832942 4294901760
-16.839239 16.058224 -5.9354115 4294901760
-20.183989 17.44696 -6.3958354 4294901760
-2.6523054 2.3088672 -3.7571054 4294901760
-4.507834 3.5524147 -3.997241 4294901760
-5.9671264 5.1944633 -4.2462711 4294901760
-7.8291836 6.1698165 -4.4649553 4294901760
-9.1880732 7.9983401 -4.7457399 4294901760
-10.842121 8.5441732 -4.8760509 4294901760
-11.58527 11.125413 -5.1815791 4294901760
-15.986773 12.598434 -5.623435 4294901760
-13.594657 11.834331 -5.3932557 4294901760
-17.861195 12.712068 -5.780417 4294901760
-16.771563 16.105844 -5.9327135 4294901760
-20.101873 17.498949 -6.3917141 4294901760
-2.6442304 2.3181107 -3.7572083 4294901760
-4.4803214 3.556154 -3.9897535 4294901760
-5.9401107 5.2075024 -4.2426858 4294901760
-7.8106961 6.199564 -4.4665627 4294901760
-9.1541319 8.0251303 -4.7440996 4294901760
-10.809117 8.5794926 -4.8758268 4294901760
-11.5206 11.140866 -5.1738939 4294901760
-15.923949 12.639275 -5.6198225 4294901760
-13.568257 11.894851 -5.397891 4294901760
-17.810226 12.769683 -5.7804914 4294901760
-16.735336 16.183718 -5.9380131 4294901760
-19.989609 17.52424 -6.3804874 4294901760
-2.6388402 2.3297262 -3.7594476 4294901760
-4.4648724 3.5693662 -3.9884779 4294901760
-5.9160161 5.2230134 -4.2403598 4294901760
-7.7890081 6.22679 -4.467051 4294901760
-9.1349869 8.0649137 -4.7474341 4294901760
-10.785316 8.6221371 -4.878345 4294901760
-11.46452 11.164341 -5.1687889 4294901760
-15.873499 12.689798 -5.6192713 4294901760
-13.544585 11.957972 -5.4033217 4294901760
-17.772013 12.836448 -5.7835202 4294901760
-16.704491 16.267109 -5.9447384 4294901760
-19.892382 17.562185 -6.3727489 4294901760
-2.6334009 2.3413322 -3.7616818 4294901760
-4.4643865 3.5945933 -3.9949725 4294901760
-5.9006786 5.2462387 -4.2418399 4294901760
-7.7641463 6.2514634 -4.4664197 4294901760
-9.1216059 8.1099348 -4.7527494 4294901760
-10.761349 8.6647224 -4.8808432 4294901760
-11.419794 11.198716 -5.1671329 4294901760
-15.819781 12.737625 -5.6179147 4294901760
-13.464027 11.970741 -5.3931146 4294901760
-17.707731 12.884315 -5.7805381 4294901760
-16.630499 16.308546 -5.9404731 4294901760
-19.813044 17.615593 -6.3692064 4294901760
-2.625212 2.3505104 -3.7617691 4294901760
-4.4458284 3.6053028 -3.9921238 4294901760
-5.8764863 5.2615719 -4.23949 4294901760
-7.7392082 6.2760382 -4.4657726 4294901760
-9.0814161 8.1311388 -4.7490549 4294901760
-10.715592 8.6897087 -4.8768702 4294901760
-11.386301 11.244105 -5.1689248 4294901760
-15.756627 12.777688 -5.6142044 4294901760
-13.425129 12.020327 -5.394382 4294901760
-17.633675 12.924811 -5.7752767 4294901760
-16.579155 16.372108 -5.9420156 4294901760
-19.718699 17.655336 -6.3620901 4294901760
-2.6151216 2.3563197 -3.759701 4294901760
-4.4374647 3.6216879 -3.9939094 4294901760
-5.868669 5.2878842 -4.243474 4294901760
-7.716392 6.297822 -4.4650669 4294901760
-9.0646706 8.1675978 -4.7523084 4294901760
-10.700565 8.7333899 -4.8811097 4294901760
-11.35092 11.279823 -5.1689544 4294901760
-15.728774 12.83722 -5.6181135 4294901760
-13.384338 12.059776 -5.3939385 4294901760
-17.586557 12.975407 -5.7750721 4294901760
-16.504976 16.401596 -5.9362149 4294901760
-19.639395 17.695808 -6.3569918 4294901760
-2.6015112 2.3605609 -3.7554941 4294901760
-4.4218202 3.6347082 -3.9925997 4294901760
-5.8443666 5.3030648 -4.2411008 4294901760
-7.6882544 6.3196964 -4.463285 4294901760
-9.0478611 8.2098532 -4.7565718 4294901760
-10.670015 8.7706852 -4.8817043 4294901760
-11.300218 11.308106 -5.1654911 4294901760
-15.677704 12.886973 -5.6174397 4294901760
-13.351021 12.114457 -5.3967981 4294901760
-17.528345 13.027188 -5.7734814 4294901760
-16.47303 16.484529 -5.9428029 4294901760
-19.544968 17.734724 -6.3497949 4294901760
-2.5928414 2.3700807 -3.755569 4294901760
-4.4114342 3.6533482 -3.9944057 4294901760
-5.8190989 5.3191581 -4.2387228 4294901760
-7.6589499 6.3427925 -4.4615073 4294901760
-9.026494 8.2509937 -4.7598305 4294901760
-10.646984 8.8173456 -4.8850727 4294901760
-11.269911 11.360759 -5.1689482 4294901760
-15.61807 12.934172 -5.6152272 4294901760
-13.291813 12.149863 -5.3930726 4294901760
-17.461304 13.076992 -5.7704268 4294901760
-16.432182 16.564644 -5.9478927 4294901760
-19.476883 17.803551 -6.3496509 4294901760
-2.5822999 2.3762112 -3.7534897 4294901760
-4.4022532 3.670424 -3.9961801 4294901760
-5.7985415 5.3357706 -4.2375908 4294901760
-7.6378741 6.368156 -4.4618855 4294901760
-8.9990826 8.2808819 -4.7600489 4294901760
-10.620741 8.8551512 -4.8865209 4294901760
-11.226586 11.392396 -5.1671743 4294901760
-15.568963 12.980783 -5.614449 4294901760
-13.233848 12.177677 -5.3884616 4294901760
-17.417843 13.134824 -5.7716937 4294901760
-16.368752 16.610508 -5.9456463 4294901760
-19.391279 17.843697 -6.3437591 4294901760
-2.5793083 2.3901381 -3.7578347 4294901760
-4.3864655 3.6832907 -3.9948442 4294901760
-5.7712512 5.3479795 -4.2339077 4294901760
-7.6095476 6.3896947 -4.4600573 4294901760
-8.9613924 8.3041515 -4.7572622 4294901760
-10.57454 8.8793821 -4.8824415 4294901760
-11.178395 11.422973 -5.164506 4294901760
-15.517447 13.029914 -5.6136808 4294901760
-13.191261 12.223796 -5.388773 4294901760
-17.368713 13.193126 -5.7722468 4294901760
-16.302296 16.658981 -5.9433632 4294901760
-19.32888 17.911272 -6.3442154 4294901760
-2.5705307 2.3995757 -3.7578928 4294901760
-4.3729358 3.6993432 -3.9950666 4294901760
-5.7630801 5.3798022 -4.2391305 4294901760
-7.5800405 6.412436 -4.458231 4294901760
-8.9192934 8.3261089 -4.7534661 4294901760
-10.529778 8.9078064 -4.8792877 4294901760
-11.130902 11.458155 -5.1626768 4294901760
-15.463492 13.081547 -5.6129179 4294901760
-13.140543 12.266622 -5.3874264 4294901760
-17.313902 13.251846 -5.7720795 4294901760
-16.207739 16.684252 -5.934464 4294901760
-19.233904 17.954739 -6.3375807 4294901760
-2.5594976 2.4060507 -3.7558005 4294901760
-4.36586 3.7195811 -3.9983838 4294901760
-5.7385502 5.3945131 -4.2366962 4294901760
-7.5546021 6.4362931 -4.4574766 4294901760
-8.8959579 8.362628 -4.7556386 4294901760
-10.501647 8.9470863 -4.8806992 4294901760
-11.074247 11.479739 -5.1573544 4294901760
-15.426847 13.143209 -5.6159606 4294901760
-13.091834 12.306954 -5.3860369 4294901760
-17.251732 13.300015 -5.7695661 4294901760
-16.182671 16.775211 -5.9430642 4294901760
-19.150738 18.002615 -6.333004 4294901760
-2.5541382 2.4170167 -3.7579854 4294901760
-4.3622737 3.7415612 -4.0032401 4294901760
-5.717782 5.4108171 -4.235518 4294901760
-7.5242186 6.4535894 -4.4544783 4294901760
-8.8681784 8.3920813 -4.7557859 4294901760
-10.47796 8.9870396 -4.8829899 4294901760
-11.041632 11.522149 -5.1589613 4294901760
-15.355922 13.170911 -5.6096387 4294901760
-13.030681 12.331116 -5.380497 4294901760
-17.198074 13.349806 -5.7684579 4294901760
-16.118666 16.820131 -5.9406838 4294901760
-19.128654 18.101713 -6.3425155 4294901760
-2.5426376 2.423861 -3.7558844 4294901760
-4.342701 3.7524881 -4.0003214 4294901760
-5.7007494 5.4344449 -4.2368841 4294901760
-7.5005126 6.4811249 -4.4548159 4294901760
-8.828742 8.416317 -4.7529311 4294901760
-10.447956 9.0279837 -4.8843827 4294901760
-11.002069 11.565431 -5.1596613 4294901760
-15.31056 13.229715 -5.6111026 4294901760
-12.982509 12.376045 -5.3798857 4294901760
-17.155313 13.41767 -5.7711825 4294901760
-16.037638 16.858845 -5.9353251 4294901760
-19.018806 18.130363 -6.3322167 4294901760
-2.5393925 2.4377422 -3.7602031 4294901760
-4.3208594 3.7600377 -3.9958265 4294901760
-5.681746 5.4543095 -4.2369599 4294901760
-7.4808269 6.50986 -4.4562287 4294901760
-8.7907238 8.4388371 -4.7500491 4294901760
-10.410382 9.0591764 -4.8829637 4294901760
-10.972573 11.615341 -5.1629481 4294901760
-15.270312 13.288316 -5.6132789 4294901760
-12.947861 12.429566 -5.3825264 4294901760
-17.120918 13.487349 -5.7753167 4294901760
-15.934822 16.868277 -5.9233713 4294901760
-18.926592 18.168974 -6.325397 4294901760
-2.523474 2.4385922 -3.7538033 4294901760
-4.311264 3.7768841 -3.9975441 4294901760
-5.6664481 5.4758468 -4.2382941 4294901760
-7.4591975 6.5346322 -4.4565058 4294901760
-8.7655449 8.4707003 -4.7511435 4294901760
-10.371308 9.0857878 -4.8805795 4294901760
-10.917643 11.63424 -5.1575408 4294901760
-15.232162 13.34414 -5.6153951 4294901760
-12.892238 12.458584 -5.3785534 4294901760
-17.038568 13.514284 -5.7673612 4294901760
-15.933447 16.979265 -5.9376864 4294901760
-18.863365 18.228861 -6.3248935 4294901760
-2.514946 2.4473863 -3.7538266 4294901760
-4.2865 3.7817168 -3.9914737 4294901760
-5.633244 5.4819164 -4.2319798 4294901760
-7.4393063 6.5632448 -4.4578896 4294901760
-8.7387667 8.504014 -4.7522249 4294901760
-10.33953 9.1219349 -4.8809648 4294901760
-10.86882 11.663539 -5.1547041 4294901760
-15.18549 13.397228 -5.6159606 4294901760
-12.85724 12.511852 -5.3811402 4294901760
-16.953865 13.543781 -5.7594237 4294901760
-15.841413 16.999723 -5.9285855 4294901760
-18.773851 18.269524 -6.3187022 4294901760
-2.5089772 2.4586873 -3.7559872 4294901760
-4.2646341 3.7889814 -3.9869514 4294901760
-5.6084719 5.4960556 -4.2294736 4294901760
-7.4104414 6.5839229 -4.4559379 4294901760
-8.7090292 8.5344658 -4.7522879 4294901760
-10.31357 9.1632538 -4.8831758 4294901760
-10.814515 11.68679 -5.1501074 4294901760
-15.1267 13.439554 -5.6133933 4294901760
-12.8021 12.545495 -5.3779435 4294901760
-16.925146 13.617893 -5.7649612 4294901760
-15.817235 17.093018 -5.9377022 4294901760
-18.68429 18.309784 -6.3124719 4294901760
-2.5025282 2.4704134 -3.7581429 4294901760
-4.2535887 3.8071558 -3.9886582 4294901760
-5.596663 5.5248413 -4.2333236 4294901760
-7.3803692 6.6057673 -4.4539824 4294901760
-8.6692181 8.5579662 -4.7493348 4294901760
-10.285843 9.2062988 -4.8853827 4294901760
-10.774302 11.729281 -5.1506801 4294901760
-15.071393 13.489584 -5.61237 4294901760
-12.744681 12.581129 -5.3747211 4294901760
-16.893724 13.694919 -5.7705164 4294901760
-15.746374 17.142054 -5.9350805 4294901760
-18.605682 18.366917 -6.309741 4294901760
-2.4921837 2.4757078 -3.7560072 4294901760
-4.2444696 3.8230765 -3.9903362 4294901760
-5.5820627 5.5451598 -4.234612 4294901760
-7.3566451 6.6262732 -4.453084 4294901760
-8.642292 8.5851574 -4.7493582 4294901760
-10.245052 9.2279177 -4.881979 4294901760
-10.737402 11.76307 -5.1504059 4294901760
-15.023014 13.531521 -5.6112437 4294901760
-12.702269 12.618294 -5.3739328 4294901760
-16.856808 13.752968 -5.7728915 4294901760
-15.689754 17.188484 -5.9339495 4294901760
-18.553562 18.430904 -6.3112059 4294901760
-2.4784 2.4792652 -3.7517247 4294901760
-4.2310977 3.8378706 -3.9904616 4294901760
-5.5654445 5.5673876 -4.2358913 4294901760
-7.3276134 6.6466041 -4.451087 4294901760
-8.6122684 8.6152754 -4.7493663 4294901760
-10.206884 9.2582827 -4.8804345 4294901760
-10.693598 11.797532 -5.1492105 4294901760
-14.960908 13.570479 -5.6078081 4294901760
-12.652505 12.656922 -5.3723001 4294901760
-16.796358 13.801592 -5.7708254 4294901760
-15.632336 17.246113 -5.9342008 4294901760
-18.514524 18.520988 -6.3175907 4294901760
-2.4722846 2.4904742 -3.7538643 4294901760
-4.2205191 3.8552148 -3.9921365 4294901760
-5.5432124 5.5839963 -4.234611 4294901760
-7.3102036 6.6774731 -4.4535036 4294901760
-8.570961 8.6340208 -4.745357 4294901760
-10.186249 9.3045835 -4.8844109 4294901760
-10.647023 11.828868 -5.1471233 4294901760
-14.869252 13.582253 -5.59658 4294901760
-12.608246 12.701011 -5.3722854 4294901760
-16.766529 13.875409 -5.7762384 4294901760
-15.574712 17.303543 -5.9344158 4294901760
-18.427246 18.562824 -6.3119092 4294901760
-2.4652476 2.5025311 -3.7559972 4294901760
-4.2028508 3.8687828 -3.9906964 4294901760
-5.5244837 5.6080341 -4.2358637 4294901760
-7.2845101 6.705493 -4.4537086 4294901760
-8.5405302 8.6696939 -4.7463241 4294901760
-10.141669 9.3355474 -4.8819251 4294901760
-10.620097 11.890456 -5.1527815 4294901760
-14.793503 13.617626 -5.5907879 4294901760
-12.559384 12.749329 -5.3722372 4294901760
-16.703932 13.932015 -5.7749429 4294901760
-15.510817 17.366196 -5.9345388 4294901760
-18.324997 18.602139 -6.3040581 4294901760
-2.4573741 2.5102632 -3.7559848 4294901760
-4.1906767 3.8819664 -3.9907856 4294901760
-5.5013514 5.6197548 -4.2332883 4294901760
-7.2605104 6.7256575 -4.4527555 4294901760
-8.5077019 8.6908092 -4.7442813 4294901760
-10.106458 9.3619547 -4.8802924 4294901760
-10.580049 11.920779 -5.1515522 4294901760
-14.768217 13.680302 -5.5957584 4294901760
-12.483017 12.751683 -5.3614812 4294901760
-16.638681 13.966455 -5.7704358 4294901760
-15.453536 17.411848 -5.9332814 4294901760
-18.255295 18.648197 -6.301136 4294901760
-2.4451914 2.5170798 -3.7538211 4294901760
-4.1701088 3.892772 -3.9877682 4294901760
-5.479733 5.6408367 -4.2332411 4294901760
-7.2375212 6.7561831 -4.4540348 4294901760
-8.4632092 8.7120275 -4.7402091 4294901760
-10.067529 9.3979778 -4.8796077 4294901760
-10.534197 11.961316 -5.1510839 4294901760
-14.70683 13.728738 -5.5937796 4294901760
-12.428406 12.7938 -5.3597283 4294901760
-16.572741 14.019926 -5.7683129 4294901760
-15.386564 17.471058 -5.9325967 4294901760
-18.205824 18.741074 -6.3066378 4294901760
-2.4363902 2.5256004 -3.7537966 4294901760
-4.1536884 3.9046667 -3.9862909 4294901760
-5.4627323 5.6627541 -4.2344589 4294901760
-7.2052541 6.7732849 -4.4508533 4294901760
-8.4382572 8.7472296 -4.7421231 4294901760
-10.034661 9.4330635 -4.8798032 4294901760
-10.497622 12.00401 -5.1523666 4294901760
-14.661724 13.782724 -5.5948415 4294901760
-12.3726 12.825631 -5.3563132 4294901760
-16.514587 14.069926 -5.7668266 4294901760
-15.320227 17.518648 -5.930479 4294901760
-18.140293 18.804512 -6.3064532 4294901760
-2.4300663 2.5367076 -3.7559087 4294901760
-4.1400323 3.9191427 -3.9863632 4294901760
-5.440217 5.6789565 -4.2331181 4294901760
-7.1786957 6.7956791 -4.4498711 4294901760
-8.4049234 8.7737665 -4.7410188 4294901760
-9.9987822 9.4653015 -4.8790536 4294901760
-10.442597 12.025547 -5.1475558 4294901760
-14.601929 13.822848 -5.5919909 4294901760
-12.336023 12.877379 -5.3586268 4294901760
-16.486574 14.145687 -5.7728271 4294901760
-15.258977 17.572021 -5.9297843 4294901760
-18.080065 18.873493 -6.3076434 4294901760
-2.4220855 2.5443292 -3.755877 4294901760
-4.1249113 3.9294729 -3.9848626 4294901760
-5.4115329 5.6846552 -4.2279539 4294901760
-7.1515875 6.8127451 -4.4477558 4294901760
-8.3663769 8.7886314 -4.7369103 4294901760
-9.9603586 9.4884367 -4.8764205 4294901760
-10.402166 12.055278 -5.1462402 4294901760
-14.552653 13.863149 -5.590642 4294901760
-12.295509 12.916069 -5.3584661 4294901760
-16.436012 14.19219 -5.7719574 4294901760
-15.177613 17.589638 -5.9218388 4294901760
-17.993143 18.901264 -6.3003354 4294901760
-2.4102538 2.5505548 -3.7536924 4294901760
-4.1243777 3.9579 -3.9927135 4294901760
-5.4014368 5.7158546 -4.2329521 4294901760
-7.1237183 6.836174 -4.4467497 4294901760
-8.3286581 8.8134699 -4.7347651 4294901760
-9.9197779 9.5193729 -4.8747139 4294901760
-10.352732 12.087275 -5.1439595 4294901760
-14.498868 13.913631 -5.5900717 4294901760
-12.248087 12.961048 -5.3582506 4294901760
-16.365814 14.236618 -5.7681508 4294901760
-15.092262 17.620888 -5.9152088 4294901760
-17.923746 18.967087 -6.3000202 4294901760
-2.4042645 2.5611758 -3.7557909 4294901760
-4.1112304 3.971555 -3.992758 4294901760
-5.3797698 5.7308745 -4.2315817 4294901760
-7.1010098 6.8597589 -4.4468269 4294901760
-8.2803774 8.8207874 -4.7276177 4294901760
-9.8881569 9.5522146 -4.8748212 4294901760
-10.310012 12.118502 -5.1425743 4294901760
-14.446911 13.956089 -5.588676 4294901760
-12.196857 12.992871 -5.3555636 4294901760
-16.306503 14.280287 -5.765748 4294901760
-15.025985 17.661709 -5.9122667 4294901760
-17.841616 19.006029 -6.2947474 4294901760
-2.395309 2.5695534 -3.7557402 4294901760
-4.0945802 3.9831958 -3.9912381 4294901760
-5.3597317 5.7496195 -4.2314677 4294901760
-7.0741878 6.8817492 -4.445786 4294901760
-8.2522411 8.852541 -4.7284417 4294901760
-9.8576021 9.5894461 -4.8758383 4294901760
-10.257365 12.142249 -5.1385393 4294901760
-14.389524 13.998086 -5.586482 4294901760
-12.148709 13.032454 -5.3544827 4294901760
-16.247572 14.329202 -5.7640977 4294901760
-14.948779 17.695753 -5.9070659 4294901760
-17.769712 19.062351 -6.2929549 4294901760
-2.3838623 2.5752385 -3.7535417 4294901760
-4.0751481 3.9920738 -3.9881511 4294901760
-5.3289704 5.7567797 -4.2262487 4294901760
-7.0444756 6.9008698 -4.4436226 4294901760
-8.2158976 8.8754692 -4.7262487 4294901760
-9.8183851 9.6182318 -4.8740616 4294901760
-10.20468 12.165776 -5.1344819 4294901760
-14.337722 14.04544 -5.5858111 4294901760
-12.100434 13.071856 -5.353375 4294901760
-16.209393 14.396433 -5.7676821 4294901760
-14.917712 17.78454 -5.9149456 4294901760
-17.722057 19.144783 -6.2974863 4294901760
-2.3719547 2.5812883 -3.7513347 4294901760
-4.0632319 4.0096879 -3.9897318 4294901760
-5.3051815 5.7733831 -4.2248311 4294901760
-7.0106974 6.9183125 -4.4403372 4294901760
-8.172574 8.8938332 -4.7220283 4294901760
-9.7774076 9.6485643 -4.8722668 4294901760
-10.177862 12.224519 -5.1398988 4294901760
-14.277631 14.089484 -5.583559 4294901760
-12.049745 13.113178 -5.3522239 4294901760
-16.150572 14.450421 -5.7667446 4294901760
-14.867763 17.857508 -5.9183702 4294901760
-17.613934 19.168427 -6.2871075 4294901760
-2.3638339 2.5887277 -3.7512748 4294901760
-4.0478811 4.0197191 -3.9881845 4294901760
-5.2949529 5.7987113 -4.2285156 4294901760
-6.9777093 6.9291635 -4.435926 4294901760
-8.1365662 8.9106741 -4.718823 4294901760
-9.7414036 9.6736298 -4.8704453 4294901760
-10.136868 12.253365 -5.1384559 4294901760
-14.230463 14.131458 -5.5828223 4294901760
-12.005802 13.148026 -5.3510966 4294901760
-16.093227 14.490404 -5.7641907 4294901760
-14.803951 17.894897 -5.9153433 4294901760
-17.56171 19.232521 -6.2887821 4294901760
-2.3547828 2.5969632 -3.7512028 4294901760
-4.0365491 4.0365481 -3.9897473 4294901760
-5.2773128 5.8200641 -4.2296271 4294901760
-6.9450951 6.9450932 -4.4326105 4294901760
-8.0974159 8.9302034 -4.7155781 4294901760
-9.7047644 9.7047615 -4.8695316 4294901760
-10.081393 12.273287 -5.1334624 4294901760
-14.178226 14.178223 -5.5820608 4294901760
-11.954476 13.183949 -5.3490877 4294901760
-16.012978 14.519679 -5.7571383 4294901760
-14.726187 17.92795 -5.910006 4294901760
-17.534714 19.338093 -6.2988496 4294901760
-2.3476744 2.6082714 -3.7532635 4294901760
-4.0162997 4.0458484 -3.9866252 4294901760
-5.2611947 5.8451991 -4.2319913 4294901760
-6.9112396 6.9620872 -4.4292793 4294901760
-8.0672855 8.9627714 -4.7162981 4294901760
-9.652318 9.7233324 -4.8639746 4294901760
-10.043891 12.319415 -5.1353383 4294901760
-14.112111 14.215937 -5.5781617 4294901760
-11.892739 13.212859 -5.3445663 4294901760
-15.959654 14.578273 -5.7576027 4294901760
-14.650285 17.969423 -5.9060402 4294901760
-17.445013 19.381449 -6.2932982 4294901760
-2.3405139 2.6195614 -3.7553179 4294901760
-3.9906292 4.0495672 -3.980377 4294901760
-5.2397356 5.8644423 -4.2317958 4294901760
-6.8773532 6.9789257 -4.4259315 4294901760
-8.0290937 8.9863615 -4.7140007 4294901760
-9.6194067 9.7614765 -4.8648643 4294901760
-9.9936619 12.349954 -5.1328588 4294901760
-14.05711 14.26472 -5.5773344 4294901760
-11.841576 13.253386 -5.3433027 4294901760
-15.93255 14.660995 -5.7648087 4294901760
-14.576793 18.013687 -5.9027658 4294901760
-17.363213 19.43334 -6.289824 4294901760
-2.3298659 2.624191 -3.7530971 4294901760
-3.9886675 4.0730925 -3.9865911 4294901760
-5.2134733 5.872076 -4.2278004 4294901760
-6.8526292 6.9976735 -4.4247894 4294901760
-8.0034561 9.0145092 -4.7147269 4294901760
-9.5803452 9.7831249 -4.8620439 4294901760
-9.9448299 12.368874 -5.1287346 4294901760
-14.009436 14.305963 -5.5764885 4294901760
-11.789291 13.278598 -5.3396144 4294901760
-15.886411 14.710978 -5.7651477 4294901760
-14.507615 18.043833 -5.8981619 4294901760
-17.310032 19.496758 -6.2913547 4294901760
-2.3230889 2.6350269 -3.7551453 4294901760
-3.9717402 4.0842295 -3.9850023 4294901760
-5.1981316 5.8961229 -4.2301369 4294901760
-6.8171387 7.0102162 -4.4203067 4294901760
-7.9771891 9.0483446 -4.7164044 4294901760
-9.5184107 9.7879953 -4.8527288 4294901760
-9.8966255 12.397287 -5.1262465 4294901760
-13.976103 14.371941 -5.5810409 4294901760
-11.748142 13.325651 -5.340786 4294901760
-15.826206 14.758175 -5.7632337 4294901760
-14.432085 18.07876 -5.8934193 4294901760
-17.247152 19.563053 -6.2920742 4294901760
-2.3158033 2.6462514 -3.7571831 4294901760
-3.9674451 4.1098433 -3.9911952 4294901760
-5.1764879 5.9151349 -4.2299047 4294901760
-6.7968893 7.0408411 -4.4224515 4294901760
-7.9387474 9.0715485 -4.7140508 4294901760
-9.4962845 9.837121 -4.8572512 4294901760
-9.8511219 12.433475 -5.1254249 4294901760
-13.898394 14.397229 -5.5739079 4294901760
-11.707101 13.377618 -5.3427253 4294901760
-15.742916 14.788748 -5.7560272 4294901760
-14.373168 18.140921 -5.894403 4294901760
-17.177969 19.629139 -6.2920108 4294901760
-2.3017957 2.6488469 -3.7527959 4294901760
-3.9477432 4.1181073 -3.98803 4294901760
-5.1558075 5.9331694 -4.2296715 4294901760
-6.7667999 7.0588202 -4.4201541 4294901760
-7.9018259 9.0932159 -4.7116957 4294901760
-9.4591351 9.867342 -4.8562121 4294901760
-9.7904215 12.445877 -5.1185646 4294901760
-13.878425 14.477346 -5.5822802 4294901760
-11.6551 13.412387 -5.3405552 4294901760
-15.667996 14.821671 -5.750278 4294901760
-14.304815 18.184711 -5.8917723 4294901760
-17.130302 19.713106 -6.2968855 4294901760
-2.2953682 2.659209 -3.7548332 4294901760
-3.9287536 4.1255965 -3.9848595 4294901760
-5.1386671 5.9532018 -4.230711 4294901760
-6.7379045 7.0754948 -4.4178467 4294901760
-7.8768144 9.1253748 -4.713336 4294901760
-9.426363 9.898653 -4.8560834 4294901760
-9.7417421 12.468857 -5.1151834 4294901760
-13.827591 14.520396 -5.5813146 4294901760
-11.61056 13.45096 -5.3400292 4294901760
-15.621653 14.876294 -5.7512636 4294901760
-14.241979 18.228895 -5.8898954 4294901760
-17.101381 19.812136 -6.3059974 4294901760
-2.2860713 2.6672056 -3.7547188 4294901760
-3.9196203 4.1448832 -3.9879112 4294901760
-5.1076441 5.9591913 -4.2253661 4294901760
-6.7023005 7.0874858 -4.4133053 4294901760
-7.8397465 9.1467905 -4.7109461 4294901760
-9.3917494 9.9314995 -4.8559275 4294901760
-9.6932735 12.496495 -5.1126032 4294901760
-13.757626 14.548284 -5.5756516 4294901760
-11.545373 13.470221 -5.3337021 4294901760
-15.555221 14.916923 -5.7477098 4294901760
-14.188047 18.291124 -5.8915572 4294901760
-17.032116 19.871714 -6.3051434 4294901760
-2.2743979 2.6724083 -3.7524579 4294901760
-3.8945823 4.1473083 -3.9816046 4294901760
-5.0893545 5.9799705 -4.2263699 4294901760
-6.6775217 7.1108375 -4.4131794 4294901760
-7.8077722 9.1740999 -4.7105346 4294901760
-9.357028 9.964221 -4.855751 4294901760
-9.6495962 12.530254 -5.1117287 4294901760
-13.695836 14.584582 -5.5722885 4294901760
-11.493118 13.504367 -5.3314548 4294901760
-15.523159 14.990538 -5.7531643 4294901760
-14.128989 18.346865 -5.8917298 4294901760
-16.952293 19.918875 -6.3014264 4294901760
-2.2692676 2.6862643 -3.756608 4294901760
-3.8846097 4.1671882 -3.9846346 4294901760
-5.0699353 6.0015783 -4.2273474 4294901760
-6.656806 7.1410427 -4.415246 4294901760
-7.7740979 9.2026539 -4.710083 4294901760
-9.3068876 9.9839001 -4.8509235 4294901760
-9.598772 12.559205 -5.1090569 4294901760
-13.674943 14.669701 -5.5812988 4294901760
-11.446122 13.549442 -5.3316107 4294901760
-15.419474 15.00001 -5.740509 4294901760
-14.068929 18.408039 -5.8925257 4294901760
-16.886913 19.990025 -6.3025632 4294901760
-2.2552166 2.6886151 -3.7521956 4294901760
-3.8726549 4.1835504 -3.9861014 4294901760
-5.0464325 6.0162358 -4.2257829 4294901760
-6.6103568 7.1410346 -4.4062304 4294901760
-7.7419243 9.2297363 -4.7096343 4294901760
-9.2584696 10.001737 -4.8460855 4294901760
-9.5765362 12.621192 -5.1159072 4294901760
-13.62636 14.720281 -5.5817542 4294901760
-11.401313 13.592372 -5.3317704 4294901760
-15.367017 15.053747 -5.7406216 4294901760
-13.9901 18.437954 -5.8868179 4294901760
-16.819593 20.051916 -6.3022943 4294901760
-2.2481377 2.6992564 -3.7542 4294901760
-3.8580277 4.1970429 -3.9860013 4294901760
-5.0254011 6.0338149 -4.2254786 4294901760
-6.5880637 7.166975 -4.407167 4294901760
-7.6969619 9.2414598 -4.7041783 4294901760
-9.2181177 10.028139 -4.8439989 4294901760
-9.5324211 12.654544 -5.1149583 4294901760
-13.56949 14.761879 -5.5798497 4294901760
-11.356348 13.635151 -5.331903 4294901760
-15.305848 15.098887 -5.738441 4294901760
-13.918445 18.477108 -5.8832545 4294901760
-16.746939 20.107435 -6.3005738 4294901760
-2.2368636 2.7039034 -3.7519255 4294901760
-3.8492832 4.2155032 -3.9890146 4294901760
-5.0028648 6.0474243 -4.223907 4294901760
-6.5669265 7.1917028 -4.4080987 4294901760
-7.6662736 9.2669325 -4.7037187 4294901760
-9.1821299 10.055716 -4.8428292 4294901760
-9.5047188 12.705219 -5.1192145 4294901760
-13.504317 14.789116 -5.574831 4294901760
-11.308529 13.669663 -5.3304043 4294901760
-15.261361 15.155187 -5.739994 4294901760
-13.861879 18.529556 -5.8833566 4294901760
-16.675076 20.156702 -6.2981629 4294901760
-2.2274115 2.7116954 -3.7517791 4294901760
-3.8319573 4.2260604 -3.9873395 4294901760
-4.9891934 6.0739441 -4.2273932 4294901760
-6.5364723 7.208725 -4.4056845 4294901760
-7.6288419 9.2875051 -4.7012219 4294901760
-9.1496439 10.090652 -4.8434734 4294901760
-9.4436884 12.715939 -5.1121764 4294901760
-13.452612 14.836164 -5.5744205 4294901760
-11.250622 13.696732 -5.3263836 4294901760
-15.23659 15.236592 -5.7475457 4294901760
-13.804255 18.587448 -5.884078 4294901760
-16.607149 20.217875 -6.2977767 4294901760
-2.2202241 2.7222629 -3.7537675 4294901760
-3.817183 4.2394099 -3.9872139 4294901760
-4.9704413 6.0943608 -4.2283244 4294901760
-6.5059814 7.2256222 -4.4032564 4294901760
-7.5938706 9.3110018 -4.6997056 4294901760
-9.1170292 10.125484 -4.8440971 4294901760
-9.3897934 12.736001 -5.1077065 4294901760
-13.371377 14.850414 -5.5654454 4294901760
-11.197706 13.72974 -5.3239779 4294901760
-15.163627 15.269854 -5.7422547 4294901760
-13.734555 18.629091 -5.8811393 4294901760
-16.528906 20.266432 -6.2945318 4294901760
-2.2084272 2.7271783 -3.7514703 4294901760
-3.7972276 4.2469649 -3.983964 4294901760
-4.9516072 6.1147208 -4.2292433 4294901760
-6.4649143 7.2306085 -4.3963861 4294901760
-7.5563302 9.3312836 -4.6971736 4294901760
-9.0763283 10.151315 -4.8419294 4294901760
-9.3335199 12.752629 -5.1023526 4294901760
-13.32212 14.89997 -5.5657506 4294901760
-11.142187 13.759445 -5.3207254 4294901760
-15.121447 15.334059 -5.7452197 4294901760
-13.671805 18.680141 -5.8803406 4294901760
-16.445494 20.308479 -6.2898383 4294901760
-2.1988935 2.7348714 -3.751308 4294901760
-3.7747068 4.2515535 -3.9791481 4294901760
-4.9376044 6.14114 -4.2326913 4294901760
-6.4291382 7.2413101 -4.3917155 4294901760
-7.5162511 9.3483286 -4.6936278 4294901760
-9.043478 10.185911 -4.8425121 4294901760
-9.2842636 12.778688 -5.0995636 4294901760
-13.270026 14.946385 -5.5652504 4294901760
-11.11657 13.826221 -5.3272834 4294901760
-15.042688 15.361084 -5.7383561 4294901760
-13.613554 18.737444 -5.8809543 4294901760
-16.377005 20.368879 -6.2893343 4294901760
-2.1915946 2.745364 -3.7532799 4294901760
-3.7598419 4.2647047 -3.978997 4294901760
-4.9087949 6.1491432 -4.2285037 4294901760
-6.4064341 7.2666755 -4.3925653 4294901760
-7.4687171 9.3559036 -4.6870742 4294901760
-9.0104942 10.220403 -4.8430734 4294901760
-9.2349396 12.804563 -5.0967526 4294901760
-13.167631 14.93575 -5.5499835 4294901760
-11.058287 13.852481 -5.3231583 4294901760
-15.008452 15.433535 -5.743516 4294901760
-13.545726 18.781616 -5.8786364 4294901760
-16.305798 20.425926 -6.2880859 4294901760
-2.1824791 2.7526159 -3.7531157 4294901760
-3.7558308 4.2887402 -3.9850757 4294901760
-4.8883777 6.1653862 -4.2281356 4294901760
-6.3875108 7.2938247 -4.3945203 4294901760
-7.4277916 9.3681803 -4.6825285 4294901760
-8.9765549 10.250225 -4.84271 4294901760
-9.1901102 12.831877 -5.0948367 4294901760
-10.99 13.860957 -5.3149562 4294901760
-14.954421 15.480347 -5.7426238 4294901760
-13.481046 18.823183 -5.8763661 4294901760
-16.210678 20.445452 -6.2791185 4294901760
-2.1728566 2.7602181 -3.7529376 4294901760
-3.7433634 4.3047314 -3.9864647 4294901760
-4.8643985 6.1793318 -4.2264667 4294901760
-6.364603 7.3190613 -4.3953404 4294901760
-7.3827701 9.3784637 -4.6769404 4294901760
-8.9459362 10.287499 -4.8441539 4294901760
-9.1637192 12.889849 -5.1005955 4294901760
-13.063042 15.022022 -5.5480895 4294901760
-10.948943 13.908637 -5.3165164 4294901760
-14.894762 15.526696 -5.7409387 4294901760
-13.40137 18.850603 -5.8703637 4294901760
-16.131792 20.492502 -6.2756839 4294901760
-2.1604939 2.7653062 -3.7506058 4294901760
-3.7275617 4.3184214 -3.9862785 4294901760
-4.846549 6.2033005 -4.2285752 4294901760
-6.3429008 7.348321 -4.3972363 4294901760
-7.3630066 9.4242201 -4.6822624 4294901760
-8.9055738 10.317206 -4.8427858 4294901760
-9.1278973 12.939618 -5.1036839 4294901760
-13.01572 15.078856 -5.5497656 4294901760
-10.892985 13.942387 -5.3139076 4294901760
-14.82124 15.563836 -5.736196 4294901760
-13.32529 18.889801 -5.8664145 4294901760
-16.063957 20.56093 -6.2763643 4294901760
-2.1535349 2.7753191 -3.7525654 4294901760
-3.7082078 4.3249102 -3.9829876 4294901760
-4.8283572 6.2224355 -4.2294426 4294901760
-6.313355 7.3633132 -4.3947234 4294901760
-7.3414464 9.4611225 -4.6856351 4294901760
-8.8687258 10.343661 -4.8414412 4294901760
-9.0666599 12.943718 -5.0956721 4294901760
-12.944871 15.097699 -5.5429482 4294901760
-10.851583 13.984731 -5.3146415 4294901760
-14.76955 15.612895 -5.7359643 4294901760
-13.274035 18.950237 -5.8683867 4294901760
-16.000587 20.620396 -6.2764387 4294901760
-2.1438336 2.78282 -3.7523715 4294901760
-3.6930871 4.3378291 -3.9827936 4294901760
-4.8018188 6.2330379 -4.226469 4294901760
-6.285049 7.382298 -4.3932867 4294901760
-7.2914233 9.4646883 -4.6780038 4294901760
-8.8325624 10.374558 -4.8409772 4294901760
-9.019146 12.972019 -5.0936065 4294901760
-12.886913 15.136721 -5.5407205 4294901760
-10.802698 14.022527 -5.3136635 4294901760
-14.709492 15.658543 -5.7341819 4294901760
-13.226035 19.022686 -5.8724027 4294901760
-15.930947 20.679291 -6.2757006 4294901760
-2.1341069 2.7902861 -3.7521722 4294901760
-3.6754365 4.3477511 -3.9810338 4294901760
-4.7824159 6.2528768 -4.2272921 4294901760
-6.2490363 7.392117 -4.3885179 4294901760
-7.2559314 9.4869308 -4.6763306 4294901760
-8.7937288 10.402288 -4.8395696 4294901760
-8.9783363 13.009977 -5.0940986 4294901760
-12.839152 15.187704 -5.5415626 4294901760
-10.743998 14.047481 -5.3093867 4294901760
-14.6493 15.70395 -5.732367 4294901760
-13.150484 19.05559 -5.8677125 4294901760
-15.880507 20.763327 -6.2805467 4294901760
-2.1243534 2.797719 -3.7519677 4294901760
-3.6627133 4.3635058 -3.9823794 4294901760
-4.7605586 6.2695341 -4.2268333 4294901760
-6.2181106 7.4078317 -4.3859468 4294901760
-7.2323675 9.5248442 -4.679616 4294901760
-8.7599192 10.435968 -4.8399868 4294901760
-8.9351158 13.044528 -5.0937061 4294901760
-12.798883 15.247714 -5.5446982 4294901760
-10.690071 14.078551 -5.3067207 4294901760
-14.605239 15.766708 -5.7350388 4294901760
-13.090652 19.111265 -5.8680434 4294901760
-15.853825 20.879084 -6.2923775 4294901760
-2.1145751 2.8051169 -3.7517576 4294901760
-3.6474607 4.3762636 -3.9821594 4294901760
-4.7362847 6.282979 -4.2250938 4294901760
-6.1947474 7.4325266 -4.3866792 4294901760
-7.1966891 9.5468607 -4.6779065 4294901760
-8.7310781 10.475645 -4.842227 4294901760
-8.8917694 13.078929 -5.0932894 4294901760
-12.732811 15.276967 -5.5400572 4294901760
-10.650466 14.128511 -5.3089356 4294901760
-14.531201 15.797025 -5.7293935 4294901760
-13.00815 19.133724 -5.8611221 4294901760
-15.802493 20.962999 -6.2971339 4294901760
-2.1047711 2.8124804 -3.7515426 4294901760
-3.632163 4.3889685 -3.981931 4294901760
-4.7143254 6.2994728 -4.2246122 4294901760
-6.1763268 7.4632397 -4.3896079 4294901760
-7.1609445 9.5687447 -4.6761794 4294901760
-8.6995316 10.512185 -4.843524 4294901760
-8.8393822 13.099981 -5.0894113 4294901760
-12.674321 15.31517 -5.5377107 4294901760
-10.605864 14.171986 -5.3094869 4294901760
-14.467896 15.838806 -5.726728 4294901760
-15.748372 21.043613 -6.3011446 4294901760
-2.0927782 2.8169007 -3.7491846 4294901760
-3.6143737 4.3986449 -3.9801373 4294901760
-4.6946454 6.3190403 -4.2253871 4294901760
-6.1427073 7.4755931 -4.3858881 4294901760
-7.1109328 9.5713882 -4.668468 4294901760
-8.6653061 10.545563 -4.8438778 4294901760
-8.7935963 13.130758 -5.088088 4294901760
-12.625846 15.365487 -5.5384307 4294901760
-10.539682 14.18652 -5.3026552 4294901760
-14.401791 15.87739 -5.7232785 4294901760
-12.90314 19.267204 -5.8666553 4294901760
-15.674815 21.098461 -6.2994952 4294901760
-2.0850852 2.827106 -3.7510965 4294901760
-3.601434 4.4142184 -3.9814479 4294901760
-4.6748886 6.3385448 -4.2261491 4294901760
-6.1290698 7.5123005 -4.3909965 4294901760
-7.0774817 9.5961514 -4.6677017 4294901760
-8.6284456 10.575744 -4.8432889 4294901760
-8.7565289 13.17464 -5.0901761 4294901760
-12.582229 15.421831 -5.540669 4294901760
-10.48537 14.216806 -5.2998862 4294901760
-14.35697 15.939426 -5.7258196 4294901760
-12.831391 19.305475 -5.8632388 4294901760
-15.627159 21.188408 -6.3055263 4294901760
-2.0752034 2.834368 -3.7508655 4294901760
-3.5860023 4.426764 -3.9811933 4294901760
-4.6480989 6.3484964 -4.2230954 4294901760
-6.1052961 7.5367227 -4.3916688 4294901760
-7.0345635 9.6079931 -4.6629419 4294901760
-8.5889702 10.602711 -4.8417578 4294901760
-8.7082911 13.201803 -5.0879464 4294901760
-12.518268 15.453258 -5.5366845 4294901760
-10.428611 14.243673 -5.2962742 4294901760
-14.295918 15.983499 -5.7238111 4294901760
-12.757321 19.340149 -5.8590679 4294901760
-15.543658 21.229942 -6.3009892 4294901760
-2.0652976 2.841594 -3.7506292 4294901760
-3.570529 4.4392538 -3.9809303 4294901760
-4.6236053 6.3615088 -4.2212987 4294901760
-6.0715208 7.5487475 -4.3879066 4294901760
-6.9939857 9.622859 -4.6591597 4294901760
-8.5469246 10.626427 -4.8392849 4294901760
-8.6643391 13.23545 -5.0874095 4294901760
-12.456751 15.487531 -5.5334458 4294901760
-10.385862 14.289661 -5.2975364 4294901760
-14.232088 16.024347 -5.7210174 4294901760
-12.665681 19.347811 -5.8491058 4294901760
-15.453022 21.261446 -6.2943106 4294901760
-2.0553648 2.8487866 -3.7503877 4294901760
-3.5526061 4.4486809 -3.9791031 4294901760
-4.6036639 6.3807921 -4.2220254 4294901760
-6.042665 7.5668082 -4.3863397 4294901760
-6.9626708 9.6504335 -4.6593351 4294901760
-8.5072947 10.653091 -4.8377137 4294901760
-8.6137438 13.258938 -5.0842762 4294901760
-12.405098 15.534039 -5.5332708 4294901760
-10.331248 14.319366 -5.2946897 4294901760
-14.17078 16.067942 -5.7189441 4294901760
-12.587185 19.375164 -5.8434339 4294901760
-15.378704 21.315264 -6.2925029 4294901760
-2.0475197 2.8588905 -3.7522771 4294901760
-3.5418429 4.4670906 -3.9819336 4294901760
-4.5767965 6.3904443 -4.2189388 4294901760
-6.0113053 7.5816593 -4.3836546 4294901760
-6.9358764 9.6843567 -4.661479 4294901760
-8.4725294 10.685837 -4.8379636 4294901760
-8.5652523 13.285574 -5.0819774 4294901760
-12.345844 15.570991 -5.5307465 4294901760
-10.276562 14.348856 -5.2918172 4294901760
-14.119871 16.123316 -5.7198496 4294901760
-12.523807 19.425692 -5.8427663 4294901760
-15.315842 21.38505 -6.2941604 4294901760
-2.0422311 2.8715727 -3.75631 4294901760
-3.5246284 4.4757848 -3.9801042 4294901760
-4.5578551 6.4087811 -4.2196698 4294901760
-5.9812417 7.5953398 -4.38098 4294901760
-6.9060264 9.710535 -4.6616602 4294901760
-8.4345894 10.710748 -4.8363867 4294901760
-8.5168591 13.307195 -5.0788736 4294901760
-12.24477 15.549145 -5.514329 4294901760
-10.228928 14.382853 -5.2906146 4294901760
-14.074189 16.179081 -5.7215056 4294901760
-12.476546 19.494022 -5.8464842 4294901760
-15.235587 21.422695 -6.289566 4294901760
-2.0301032 2.8757231 -3.7539163 4294901760
-3.5137269 4.4941301 -3.9829171 4294901760
-4.5422406 6.4342666 -4.2228937 4294901760
-5.9546905 7.6161737 -4.380476 4294901760
-6.8606424 9.7183762 -4.6558247 4294901760
-8.3971472 10.740128 -4.8356762 4294901760
-8.4810266 13.353654 -5.0816693 4294901760
-12.16338 15.557218 -5.504796 4294901760
-10.174056 14.411961 -5.2876925 4294901760
-14.022841 16.234156 -5.7223458 4294901760
-12.372023 19.480152 -5.8320928 4294901760
-15.179136 21.501858 -6.2932434 4294901760
-2.0158913 2.8768544 -3.749382 4294901760
-3.4980166 4.5063691 -3.9826112 4294901760
-4.5175009 6.4468718 -4.2210393 4294901760
-5.925643 7.6337924 -4.3788538 4294901760
-6.8312297 9.7487659 -4.6569214 4294901760
-8.3669195 10.778801 -4.8377056 4294901760
-8.427989 13.373071 -5.0775895 4294901760
-12.096763 15.583823 -5.4998732 4294901760
-10.132835 14.460449 -5.2896352 4294901760
-13.958286 16.27392 -5.7193928 4294901760
-12.329493 19.563763 -5.8385053 4294901760
-15.0994 21.548174 -6.2898784 4294901760
-2.0058374 2.8838735 -3.7491145 4294901760
-3.4775641 4.5124497 -3.9791875 4294901760
-4.4949708 6.4626012 -4.2204399 4294901760
-5.9086123 7.6669517 -4.3827353 4294901760
-6.803957 9.7823238 -4.6589904 4294901760
-8.343812 10.82684 -4.842474 4294901760
-8.377037 13.395655 -5.0743451 4294901760
-12.05691 15.644916 -5.5034199 4294901760
-10.093681 14.512093 -5.2923632 4294901760
-13.903987 16.325581 -5.7194161 4294901760
-12.269601 19.620222 -5.8391328 4294901760
-15.030937 21.610584 -6.2899728 4294901760
-1.9978187 2.8938401 -3.7509768 4294901760
-3.4641325 4.5276194 -3.9804189 4294901760
-4.4634719 6.4653387 -4.214766 4294901760
-5.8794136 7.6843896 -4.3810835 4294901760
-6.7832966 9.8256044 -4.6640153 4294901760
-8.301137 10.849581 -4.83986 4294901760
-8.3449278 13.448501 -5.0787759 4294901760
-11.98283 15.661552 -5.4961233 4294901760
-10.033907 14.534112 -5.2877331 4294901760
-13.823721 16.346581 -5.7118883 4294901760
-12.198936 19.659536 -5.8361363 4294901760
-14.978109 21.695789 -6.2949204 4294901760
-1.9877044 2.9007967 -3.7506983 4294901760
-3.4483063 4.5396848 -3.9800873 4294901760
-4.4453092 6.4873519 -4.2166743 4294901760
-5.8501616 7.7017198 -4.3794174 4294901760
-6.7511978 9.8524981 -4.6640615 4294901760
-8.2632122 10.878493 -4.8390656 4294901760
-8.2895775 13.463985 -5.0737739 4294901760
-11.918429 15.690577 -5.4918885 4294901760
-9.9876146 14.575628 -5.2879629 4294901760
-13.774272 16.403908 -5.7133508 4294901760
-12.144888 19.725805 -5.8388414 4294901760
-14.895505 21.738056 -6.2907362 4294901760
-1.9755285 2.9047196 -3.7482803 4294901760
-3.4301205 4.5486178 -3.9781933 4294901760
-4.4226384 6.5028291 -4.2160401 4294901760
-5.8208632 7.7189369 -4.3777375 4294901760
-6.7011466 9.8530359 -4.6561608 4294901760
-8.2227955 10.904095 -4.8373308 4294901760
-8.2383795 13.48604 -5.0704613 4294901760
-11.856383 15.722526 -5.4883981 4294901760
-9.9120159 14.57414 -5.2775865 4294901760
-13.724602 16.461086 -5.7147803 4294901760
-12.098861 19.805561 -5.8443732 4294901760
-14.812799 21.78001 -6.2865152 4294901760
-1.9633484 2.9085937 -3.7458575 4294901760
-3.4165292 4.5636477 -3.9793985 4294901760
-4.4043002 6.5247312 -4.2179236 4294901760
-5.7891445 7.732882 -4.3749404 4294901760
-6.6667109 9.8763685 -4.6551819 4294901760
-8.1822968 10.929549 -4.8355761 4294901760
-8.1850576 13.504498 -5.0662718 4294901760
-11.796641 15.757429 -5.4856501 4294901760
-9.8744631 14.628478 -5.2810192 4294901760
-13.649235 16.487373 -5.708662 4294901760
-12.021368 19.834015 -5.8391199 4294901760
-14.750089 21.851452 -6.2885413 4294901760
-1.9592375 2.9244645 -3.7519658 4294901760
-3.400579 4.5755453 -3.9790411 4294901760
-4.3814993 6.5400643 -4.2172651 4294901760
-5.7644758 7.7562141 -4.3754377 4294901760
-6.6344056 9.9028749 -4.6551757 4294901760
-8.1440983 10.958042 -4.8347201 4294901760
-8.1399221 13.536399 -5.0654769 4294901760
-11.75109 15.811319 -5.4875011 4294901760
-9.8344374 14.679417 -5.2836084 4294901760
-13.589067 16.53183 -5.7070212 4294901760
-11.943833 19.862167 -5.8338361 4294901760
-14.675951 21.906122 -6.287034 4294901760
-1.9490161 2.9312859 -3.7516661 4294901760
-3.3891594 4.5935879 -3.9817817 4294901760
-4.3608127 6.5585856 -4.2178588 4294901760
-5.7350178 7.7731094 -4.3737154 4294901760
-6.6195669 9.9557123 -4.6630712 4294901760
-8.1010733 10.980005 -4.8320065 4294901760
-8.1109838 13.595513 -5.0714836 4294901760
-11.70056 15.858666 -5.4877787 4294901760
-9.7743015 14.700377 -5.2788529 4294901760
-13.541369 16.591537 -5.7091031 4294901760
-11.87647 19.907167 -5.8320966 4294901760
-14.614869 21.980505 -6.2896724 4294901760
-1.9407694 2.9410968 -3.7534943 4294901760
-3.3776574 4.6116047 -3.9845128 4294901760
-4.3422141 6.5803137 -4.2197032 4294901760
-5.7078514 7.7930799 -4.3730807 4294901760
-6.5913334 9.9886923 -4.6650047 4294901760
-8.0462484 10.985756 -4.8246813 4294901760
-8.0594234 13.616888 -5.0680785 4294901760
-11.656925 15.915507 -5.4903383 4294901760
-9.7185402 14.727751 -5.2756991 4294901760
-13.46327 16.61389 -5.7021418 4294901760
-11.798779 19.934755 -5.8267493 4294901760
-14.538058 22.031384 -6.2873859 4294901760
-1.9245337 2.9387548 -3.7467849 4294901760
-3.3615406 4.6233664 -3.9841287 4294901760
-4.3192196 6.5954299 -4.2190089 4294901760
-5.6806159 7.8129554 -4.3724318 4294901760
-6.5586028 10.014958 -4.6649404 4294901760
-8.0008392 11.004124 -4.821012 4294901760
-8.0118456 13.644938 -5.0663571 4294901760
-11.601303 15.956099 -5.4890127 4294901760
-9.6779966 14.778259 -5.2782049 4294901760
-13.392687 16.645233 -5.697403 4294901760
-11.743278 19.999924 -5.8292294 4294901760
-14.46326 22.085335 -6.2857575 4294901760
-1.9133145 2.9417479 -3.7443693 4294901760
-3.3469977 4.6339049 -3.9837759 4294901760
-4.3006153 6.6122565 -4.2196364 4294901760
-5.6629829 7.8403764 -4.3751397 4294901760
-6.5206141 10.025537 -4.6610084 4294901760
-7.9708824 11.035655 -4.8220077 4294901760
-7.9649239 13.663159 -5.0630832 4294901760
-11.551113 15.992469 -5.4877944 4294901760
-9.6423855 14.825303 -5.2808404 4294901760
-13.317889 16.659166 -5.6897345 4294901760
-11.684406 20.043619 -5.8283567 4294901760
-14.398154 22.137365 -6.2850232 4294901760
-1.9039705 2.9521189 -3.7461503 4294901760
-3.3246944 4.6404586 -3.9802306 4294901760
-4.2688184 6.6188316 -4.2150598 4294901760
-5.6351399 7.8652744 -4.375495 4294901760
-6.4863749 10.057167 -4.6617885 4294901760
-7.930769 11.06941 -4.8218756 4294901760
-7.9044352 13.679847 -5.0577345 4294901760
-11.489624 16.036701 -5.4862733 4294901760
-9.5702677 14.838764 -5.2733908 4294901760
-13.243906 16.697668 -5.6855831 4294901760
-11.611358 20.095249 -5.8269334 4294901760
-14.319549 22.202557 -6.2844687 4294901760
-1.8936532 2.9587474 -3.7458251 4294901760
-3.3151717 4.6614532 -3.9844768 4294901760
-4.2414575 6.6270852 -4.2118058 4294901760
-5.6030674 7.8784566 -4.3725996 4294901760
-6.4597821 10.093117 -4.6646338 4294901760
-7.896688 11.10351 -4.8227339 4294901760
-7.8586121 13.710812 -5.0567961 4294901760
-11.431259 16.07346 -5.4840894 4294901760
-9.5141096 14.865365 -5.270134 4294901760
-13.183066 16.740664 -5.683754 4294901760
-11.529222 20.114874 -5.8200269 4294901760
-14.239799 22.249043 -6.2813268 4294901760
-1.890183 2.9738603 -3.7519231 4294901760
-3.2982895 4.6686988 -3.982549 4294901760
-4.2227221 6.6436877 -4.2124023 4294901760
-5.5828514 7.9024754 -4.3741646 4294901760
-6.430172 10.11671 -4.664608 4294901760
-7.8640628 11.13151 -4.8227544 4294901760
-7.8095922 13.725047 -5.0526142 4294901760
-11.38071 16.109291 -5.4827914 4294901760
-9.480195 14.915368 -5.2735052 4294901760
-13.123033 16.772562 -5.6805062 4294901760
-11.4561 20.13364 -5.8140717 4294901760
-14.174121 22.300409 -6.2804837 4294901760
-1.8773364 2.9777019 -3.7494385 4294901760
-3.2855763 4.6870656 -3.985204 4294901760
-4.2025251 6.6657567 -4.2141366 4294901760
-5.5606537 7.9325962 -4.376708 4294901760
-6.3909302 10.136854 -4.6624193 4294901760
-7.8140764 11.147234 -4.8180203 4294901760
-7.7670598 13.767455 -5.05409 4294901760
-11.307841 16.131294 -5.4766331 4294901760
-9.4127026 14.929782 -5.2668724 4294901760
-13.034535 16.785872 -5.6710634 4294901760
-11.403809 20.213753 -5.8190827 4294901760
-14.107198 22.375866 -6.2827015 4294901760
-1.8644885 2.9814885 -3.7469492 4294901760
-3.2705762 4.7022376 -3.9862974 4294901760
-4.1801472 6.6844392 -4.2145948 4294901760
-5.5360579 7.9594107 -4.3781333 4294901760
-6.3642554 10.17703 -4.6661348 4294901760
-7.7708998 11.172532 -4.8160157 4294901760
-7.7243271 13.809732 -5.0555372 4294901760
-11.253202 16.179178 -5.4765954 4294901760
-9.3642645 14.97432 -5.2675052 4294901760
-12.958307 16.814558 -5.6653366 4294901760
-11.32575 20.248442 -5.8147941 4294901760
-14.029333 22.434193 -6.2813978 4294901760
-1.8559805 2.9910595 -3.7487335 4294901760
-3.249764 4.7072864 -3.9827509 4294901760
-4.1505828 6.6889935 -4.2100368 4294901760
-5.5015016 7.9689312 -4.3740816 4294901760
-6.3286896 10.199184 -4.6649528 4294901760
-7.7295904 11.19632 -4.8140426 4294901760
-7.6722083 13.829649 -5.0519547 4294901760
-11.194386 16.21508 -5.4742961 4294901760
-9.3182392 15.01708 -5.2681937 4294901760
-12.899531 16.859692 -5.664134 4294901760
-11.272431 20.319283 -5.8184319 4294901760
-13.946718 22.476242 -6.2774024 4294901760
-1.8446738 2.9937887 -3.7462866 4294901760
-3.2327824 4.7142954 -3.9807937 4294901760
-4.1274924 6.6986589 -4.2080684 4294901760
-5.4786768 7.9894338 -4.3744917 4294901760
-6.3049459 10.232528 -4.6678195 4294901760
-7.687633 11.210707 -4.8103266 4294901760
-7.6268048 13.850192 -5.0493913 4294901760
-11.136624 16.240295 -5.4705896 4294901760
-9.2710199 15.046279 -5.2666049 4294901760
-12.822346 16.868349 -5.6555338 4294901760
-11.206618 20.351093 -5.8152018 4294901760
-13.867664 22.50634 -6.2722492 4294901760
-1.8342127 3.0002091 -3.7459304 4294901760
-3.2184744 4.7287345 -3.9818833 4294901760
-4.1081777 6.719718 -4.2097912 4294901760
-5.4440842 7.9987054 -4.3704147 4294901760
-6.2629824 10.244317 -4.6636438 4294901760
-7.6462173 11.234183 -4.8083167 4294901760
-7.5726876 13.866242 -5.0449195 4294901760
-11.102321 16.312054 -5.4766822 4294901760
-9.2205238 15.081947 -5.2656231 4294901760
-12.76339 16.913002 -5.654273 4294901760
-11.143171 20.404106 -5.8152118 4294901760
-13.797356 22.568239 -6.2723451 4294901760
-1.8213238 3.0038123 -3.7434213 4294901760
-3.2011204 4.7405 -3.9813907 4294901760
-4.0855532 6.7380848 -4.2102003 4294901760
-5.4147296 8.0186062 -4.3695812 4294901760
-6.2274475 10.270597 -4.6633329 4294901760
-7.6049886 11.262135 -4.8071461 4294901760
-7.5142269 13.879897 -5.0394821 4294901760
-11.042457 16.352638 -5.4749823 4294901760
-9.1837845 15.146327 -5.2709894 4294901760
-12.686953 16.940502 -5.6484237 4294901760
-11.081614 20.469393 -5.8171687 4294901760
-13.729037 22.642569 -6.2743402 4294901760
-1.8126966 3.0132577 -3.7451839 4294901760
-3.1866987 4.7548442 -3.9824622 4294901760
-4.0640306 6.7556648 -4.2106371 4294901760
-5.3933091 8.047308 -4.3720679 4294901760
-6.1854239 10.282071 -4.6591244 4294901760
-7.5678458 11.291915 -4.8069253 4294901760
-7.4732695 13.920076 -5.0409007 4294901760
-10.98531 16.391081 -5.4733334 4294901760
-9.1308603 15.17829 -5.2691412 4294901760
-12.61822 16.971869 -5.6441059 4294901760
-10.972323 20.437584 -5.8000774 4294901760
-13.664333 22.714312 -6.2764263 4294901760
-1.8003103 3.0164537 -3.7426832 4294901760
-3.1679492 4.7627311 -3.9804261 4294901760
-4.0384159 6.7664418 -4.2085447 4294901760
-5.3586202 8.0562105 -4.3679495 4294901760
-6.1555982 10.313821 -4.660809 4294901760
-7.5283861 11.318261 -4.8057694 4294901760
-7.4227653 13.942561 -5.0380588 4294901760
-10.941291 16.449263 -5.4762564 4294901760
-9.0778265 15.21007 -5.2672672 4294901760
-12.558904 17.01581 -5.6427503 4294901760
-10.919686 20.511007 -5.8042359 4294901760
-13.595204 22.77902 -6.2770834 4294901760
-1.7916161 3.0258393 -3.7444346 4294901760
-3.1513038 4.7737608 -3.9799311 4294901760
-4.0207653 6.7906232 -4.2114739 4294901760
-5.3304639 8.0748682 -4.3671122 4294901760
-6.1235991 10.342074 -4.661489 4294901760
-7.4866376 11.341153 -4.8036785 4294901760
-7.3759069 13.971911 -5.0368867 4294901760
-10.888198 16.494017 -5.476079 4294901760
-9.0185804 15.231374 -5.2629457 4294901760
-12.511224 17.075647 -5.6451015 4294901760
-10.82751 20.510157 -5.7934761 4294901760
-13.519671 22.833214 -6.2756205 4294901760
-1.7792062 3.0289495 -3.7419243 4294901760
-3.1325092 4.7815108 -3.977879 4294901760
-3.995049 6.8012362 -4.2093577 4294901760
-5.3022432 8.0934267 -4.3662605 4294901760
-6.0934877 10.373652 -4.6631336 4294901760
-7.4404635 11.35724 -4.7997408 4294901760
-7.3289342 14.001103 -5.0356913 4294901760
-10.84586 16.555288 -5.4797015 4294901760
-8.963335 15.259327 -5.2602143 4294901760
-12.430405 17.090164 -5.6369534 4294901760
-10.742881 20.523064 -5.7855248 4294901760
-13.445951 22.890606 -6.2748094 4294901760
-1.7704481 3.0382733 -3.7436647 4294901760
-3.1220996 4.802104 -3.9820118 4294901760
-3.9732599 6.8185282 -4.2097459 4294901760
-5.2761159 8.1151981 -4.3664913 4294901760
-6.0572419 10.394858 -4.6618075 4294901760
-7.3942742 11.373139 -4.795785 4294901760
-7.2873583 14.040738 -5.0370069 4294901760
-10.801059 16.613117 -5.4825239 4294901760
-8.9140329 15.297409 -5.2598758 4294901760
-12.356657 17.114029 -5.6310205 4294901760
-10.682219 20.581701 -5.7867417 4294901760
-13.353904 22.916691 -6.2677374 4294901760
-1.7585487 3.0409892 -3.7411644 4294901760
-3.0998924 4.8027215 -3.9768736 4294901760
-3.9506278 6.8316655 -4.2089086 4294901760
-5.2320304 8.1060829 -4.3568816 4294901760
-6.0247264 10.418322 -4.6615148 4294901760
-7.3608332 11.404278 -4.7964387 4294901760
-7.2407603 14.064825 -5.0350223 4294901760
-10.741583 16.642138 -5.4792809 4294901760
-8.8652544 15.330335 -5.2588038 4294901760
-12.330078 17.197083 -5.6393256 4294901760
-10.623053 20.634764 -5.7873664 4294901760
-13.285838 22.974676 -6.2676864 4294901760
-1.7515301 3.0533988 -3.7450209 4294901760
-3.0831077 4.8135138 -3.9763453 4294901760
-3.9267554 6.8454151 -4.2080164 4294901760
-5.205833 8.1276264 -4.3570862 4294901760
-5.9962182 10.453058 -4.664084 4294901760
-7.3145428 11.419858 -4.7924461 4294901760
-7.1807537 14.068732 -5.0278459 4294901760
-10.679119 16.672815 -5.4759207 4294901760
-8.8156509 15.368105 -5.2584114 4294901760
-12.263026 17.230265 -5.635572 4294901760
-10.556399 20.68239 -5.7863865 4294901760
-13.197605 23.007057 -6.2619247 4294901760
-1.7372761 3.0531919 -3.7403648 4294901760
-3.0662878 4.8242459 -3.9758086 4294901760
-3.8970189 6.8488522 -4.2033443 4294901760
-5.1837931 8.155755 -4.3594675 4294901760
-5.9577336 10.470474 -4.6617217 4294901760
-7.2767715 11.448676 -4.7920852 4294901760
-7.1441908 14.118587 -5.03162 4294901760
-10.625138 16.716722 -5.4755907 4294901760
-8.7501259 15.37799 -5.2515531 4294901760
-12.202808 17.272963 -5.6340275 4294901760
-13.107343 23.035622 -6.2554383 4294901760
-1.7278541 3.0626969 -3.7420628 4294901760
-3.0465293 4.8321939 -3.9736888 4294901760
-3.8718884 6.863091 -4.202384 4294901760
-5.1454315 8.1613274 -4.3541174 4294901760
-5.9232135 10.499154 -4.6622167 4294901760
-7.2368779 11.478635 -4.7916379 4294901760
-7.1102443 14.180282 -5.0377841 4294901760
-10.551023 16.735302 -5.4690199 4294901760
-8.69174 15.406489 -5.2485929 4294901760
-12.157745 17.343725 -5.63834 4294901760
-10.311476 20.564642 -5.7418542 4294901760
-13.022818 23.083513 -6.2522087 4294901760
-1.7189237 3.0718729 -3.7437749 4294901760
-3.0337298 4.8493295 -3.9762278 4294901760
-3.8498244 6.8799863 -4.2027125 4294901760
-5.1273937 8.1959915 -4.3586574 4294901760
-5.884593 10.516303 -4.6598186 4294901760
-7.2030954 11.51394 -4.793057 4294901760
-7.039432 14.162215 -5.0254869 4294901760
-10.498894 16.782179 -5.4693942 4294901760
-8.6418056 15.443692 -5.2481213 4294901760
-12.097133 17.386055 -5.6367278 4294901760
-10.22719 20.575476 -5.7337503 4294901760
-12.940216 23.125341 -6.2484045 4294901760
-1.7087269 3.0775564 -3.743377 4294901760
-3.0155995 4.8560915 -3.9741473 4294901760
-3.8326988 6.9030027 -4.2055855 4294901760
-5.1064405 8.2230225 -4.3610382 4294901760
-5.8670201 10.566981 -4.6672831 4294901760
-7.1564808 11.524251 -4.7881432 4294901760
-6.9994698 14.199772 -5.026762 4294901760
-10.430551 16.796564 -5.4629631 4294901760
-8.5847359 15.461808 -5.2437105 4294901760
-12.055292 17.449068 -5.6403852 4294901760
-10.217161 20.727478 -5.7539415 4294901760
-12.865393 23.171619 -6.2460976 4294901760
-1.6962258 3.0803261 -3.7408285 4294901760
-2.9966104 4.863308 -3.9720309 4294901760
-3.8085809 6.9163389 -4.2046351 4294901760
-5.0652676 8.2206078 -4.3535056 4294901760
-5.830101 10.587396 -4.6658282 4294901760
-7.1057806 11.53223 -4.7822347 4294901760
-6.9498644 14.224116 -5.0245347 4294901760
-10.380233 16.846458 -5.4640417 4294901760
-8.5460997 15.519618 -5.2480049 4294901760
-11.992056 17.487747 -5.6379642 4294901760
-10.185072 20.845537 -5.76687 4294901760
-12.836459 23.31086 -6.2614746 4294901760
-1.6854635 3.0862284 -3.7404001 4294901760
-2.9836349 4.880311 -3.9745426 4294901760
-3.7825367 6.9261489 -4.2024193 4294901760
-5.0406661 8.2449818 -4.3547158 4294901760
-5.7912083 10.604199 -4.6633754 4294901760
-7.0571866 11.543391 -4.7772207 4294901760
-6.8967013 14.241119 -5.0206032 4294901760
-10.340099 16.913229 -5.4689012 4294901760
-8.4918766 15.549355 -5.2458458 4294901760
-11.939927 17.5427 -5.6392369 4294901760
-10.127913 20.913305 -5.7698984 4294901760
-12.756929 23.359032 -6.2589192 4294901760
-1.6764061 3.0952811 -3.74209 4294901760
-2.9685779 4.8939905 -3.9754994 4294901760
-3.7564671 6.9358625 -4.2001929 4294901760
-5.018002 8.272666 -4.3570032 4294901760
-5.7560444 10.62784 -4.6628647 4294901760
-7.0168467 11.567956 -4.7758298 4294901760
-6.8555608 14.283061 -5.0225329 4294901760
-10.285132 16.956045 -5.4683881 4294901760
-8.4394417 15.582409 -5.244463 4294901760
-11.883082 17.590891 -5.6389852 4294901760
-10.044477 20.926933 -5.7623487 4294901760
-12.658187 23.371811 -6.2494564 4294901760
-1.6655906 3.101114 -3.7416508 4294901760
-2.9514756 4.9043236 -3.9749026 4294901760
-3.7359436 6.9558434 -4.201714 4294901760
-4.9870543 8.286746 -4.3549008 4294901760
-5.7189088 10.647868 -4.6613564 4294901760
-6.9846239 11.60601 -4.7780576 4294901760
-6.8073692 14.310502 -5.0210752 4294901760
-10.240281 17.015778 -5.4716535 4294901760
-8.3831081 15.608262 -5.2414498 4294901760
-11.832717 17.648844 -5.6409335 4294901760
-9.9439163 20.904173 -5.7477551 4294901760
-12.57463 23.412334 -6.2454534 4294901760
-1.6547561 3.1069093 -3.7412066 4294901760
-2.940263 4.9245176 -3.9789295 4294901760
-3.7116416 6.9688416 -4.2007174 4294901760
-4.9580994 8.3041029 -4.3538785 4294901760
-5.6779776 10.660762 -4.6578746 4294901760
-6.9583421 11.654222 -4.7829895 4294901760
-6.7607746 14.341381 -5.0204334 4294901760
-10.191052 17.068546 -5.4733605 4294901760
-8.3304501 15.640947 -5.2400146 4294901760
-11.777677 17.700006 -5.6413593 4294901760
-9.8657818 20.927919 -5.7422624 4294901760
-12.492833 23.456085 -6.2420988 4294901760
-1.6444448 3.1123791 -3.7407796 4294901760
-2.9160631 4.9209847 -3.9721711 4294901760
-3.6903458 6.9845791 -4.2010117 4294901760
-4.9244919 8.310297 -4.3496165 4294901760
-5.6481571 10.690056 -4.6593432 4294901760
-6.9115505 11.663546 -4.7779727 4294901760
-6.7165551 14.370936 -5.0198841 4294901760
-10.136434 17.105679 -5.4720979 4294901760
-8.2822657 15.675533 -5.2394667 4294901760
-11.725521 17.748957 -5.6418443 4294901760
-9.7861881 20.93881 -5.7348099 4294901760
-12.407522 23.483253 -6.2361355 4294901760
-1.6318873 3.1148894 -3.7382033 4294901760
-2.9027708 4.9377761 -3.9746363 4294901760
-3.6677608 7.0008936 -4.2012434 4294901760
-4.8854365 8.310401 -4.3431082 4294901760
-5.6034393 10.695648 -4.6538734 4294901760
-6.8748231 11.69446 -4.7783175 4294901760
-6.6629992 14.387068 -5.015841 4294901760
-10.072614 17.134081 -5.4684172 4294901760
-8.2293444 15.707884 -5.2379785 4294901760
-11.656923 17.779766 -5.6377449 4294901760
-9.7046432 20.954731 -5.7278614 4294901760
-12.318054 23.51227 -6.2299685 4294901760
-1.6243473 3.1270006 -3.7419875 4294901760
-2.8893991 4.9545326 -3.9770913 4294901760
-3.6414943 7.0101724 -4.1989613 4294901760
-4.8603816 8.3342314 -4.3442302 4294901760
-5.560585 10.704578 -4.6493673 4294901760
-6.8199368 11.694335 -4.7704682 4294901760
-6.6077576 14.399376 -5.0109406 4294901760
-10.026817 17.193262 -5.4715505 4294901760
-8.1744661 15.736511 -5.2356644 4294901760
-11.594792 17.820345 -5.6358447 4294901760
-9.6547585 21.039286 -5.7341738 4294901760
-12.23407 23.551579 -6.2258205 4294901760
-1.610647 3.1259251 -3.7373037 4294901760
-2.8710225 4.9607544 -3.9749415 4294901760
-3.6164289 7.0187235 -4.1967206 4294901760
-4.8327155 8.3503056 -4.3432083 4294901760
-5.5268707 10.726487 -4.6488314 4294901760
-6.7811165 11.716889 -4.7690344 4294901760
-6.5698619 14.442964 -5.0136728 4294901760
-9.9697428 17.226421 -5.4694419 4294901760
-8.1258841 15.770622 -5.2350392 4294901760
-11.529132 17.84864 -5.631783 4294901760
-9.5783167 21.05665 -5.7280354 4294901760
-12.154065 23.58847 -6.2218099 4294901760
-1.5958825 3.1253498 -3.7325704 4294901760
-2.8509047 4.9679017 -3.9727197 4294901760
-3.5924652 7.0354238 -4.1968651 4294901760
-4.8079805 8.3782444 -4.345335 4294901760
-5.4875216 10.746671 -4.6471419 4294901760
-6.746047 11.755461 -4.7710567 4294901760
-6.5217924 14.477838 -5.0136251 4294901760
-9.918457 17.283609 -5.4716368 4294901760
-8.0625916 15.789645 -5.2301598 4294901760
-11.459332 17.884052 -5.6282396 4294901760
-9.4912395 21.069765 -5.720119 4294901760
-12.082066 23.661318 -6.2235594 4294901760
-1.5849625 3.1309021 -3.7320971 4294901760
-2.8316393 4.9744763 -3.9705224 4294901760
-3.5661113 7.0444221 -4.19455 4294901760
-4.7806592 8.3984127 -4.3453197 4294901760
-5.4607258 10.787004 -4.6513658 4294901760
-6.7128377 11.792763 -4.7731309 4294901760
-6.466342 14.489607 -5.0086584 4294901760
-9.8580618 17.318127 -5.4693551 4294901760
-8.0074215 15.817695 -5.2277689 4294901760
-11.403256 17.934055 -5.6284719 4294901760
-9.4257669 21.121006 -5.7200274 4294901760
-11.995784 23.696222 -6.2186112 4294901760
-1.5827051 3.1523392 -3.7422404 4294901760
-2.8170235 4.9871926 -3.9714334 4294901760
-3.5409734 7.0527034 -4.1922798 4294901760
-4.7547288 8.4176598 -4.345345 4294901760
-5.4284883 10.812144 -4.6517506 4294901760
-6.66783 11.80457 -4.768919 4294901760
-6.427927 14.532824 -5.0113125 4294901760
-9.8025455 17.354197 -5.4679198 4294901760
-7.9531398 15.840597 -5.2246771 4294901760
-11.35225 17.985268 -5.6295133 4294901760
-9.3653717 21.174055 -5.7207751 4294901760
-11.91356 23.728731 -6.2138095 4294901760
-1.5716923 3.1578441 -3.7417548 4294901760
-2.8052468 5.0070758 -3.975383 4294901760
-3.51983 7.0720425 -4.1936898 4294901760
-4.7156591 8.4169636 -4.3387647 4294901760
-5.388947 10.827472 -4.6491103 4294901760
-6.6188107 11.813893 -4.7637057 4294901760
-6.3691697 14.53693 -5.0046353 4294901760
-9.7380095 17.381342 -5.4640651 4294901760
-7.8906951 15.853984 -5.2190499 4294901760
-11.291523 18.028166 -5.6281972 4294901760
-9.2882023 21.199301 -5.7157321 4294901760
-11.816424 23.74156 -6.2047019 4294901760
-1.5569001 3.1570814 -3.7370026 4294901760
-2.7906156 5.0240593 -3.977747 4294901760
-3.4938843 7.084897 -4.1925354 4294901760
-4.6905327 8.4445572 -4.340827 4294901760
-5.3492236 10.847153 -4.6473432 4294901760
-6.5716009 11.831121 -4.7602053 4294901760
-6.3269367 14.585753 -5.0078187 4294901760
-9.6684227 17.406456 -5.4593072 4294901760
-7.8466363 15.911406 -5.2228317 4294901760
-11.231684 18.079605 -5.6282244 4294901760
-9.2040787 21.21855 -5.7090821 4294901760
-11.736388 23.799042 -6.2035508 4294901760
-1.5474632 3.1657534 -3.7386255 4294901760
-2.7674866 5.0236483 -3.9724367 4294901760
-3.4725788 7.1040969 -4.1939187 4294901760
-4.6629362 8.4643412 -4.3407531 4294901760
-5.3130727 10.869324 -4.646616 4294901760
-6.5302649 11.853988 -4.7585773 4294901760
-6.274416 14.604092 -5.0044332 4294901760
-9.6056814 17.436604 -5.4561543 4294901760
-7.7998052 15.956606 -5.2243152 4294901760
-11.1727 18.125496 -5.6275816 4294901760
-9.1252317 21.239542 -5.7032838 4294901760
-11.655003 23.843452 -6.2005005 4294901760
-1.5369571 3.1708672 -3.7381501 4294901760
-2.7526608 5.0361772 -3.9733126 4294901760
-3.4507139 7.1191025 -4.1940985 4294901760
-4.6348438 8.4797564 -4.3396354 4294901760
-5.2804627 10.894023 -4.6469288 4294901760
-6.4890151 11.872087 -4.7561078 4294901760
-6.2275152 14.62848 -5.0028205 4294901760
-9.5420685 17.457851 -5.4515824 4294901760
-7.7416334 15.971618 -5.2195339 4294901760
-11.116703 18.169254 -5.6270142 4294901760
-9.0484953 21.254986 -5.69695 4294901760
-11.582844 23.896347 -6.1996393 4294901760
-1.5274484 3.179481 -3.7397618 4294901760
-2.7313919 5.0389829 -3.969528 4294901760
-3.4241419 7.1275697 -4.1917176 4294901760
-4.6070967 8.4993591 -4.3395324 4294901760
-5.2492733 10.926696 -4.6490798 4294901760
-6.4626923 11.922637 -4.7616706 4294901760
-6.177958 14.653801 -5.0010557 4294901760
-9.4753618 17.480532 -5.4468641 4294901760
-7.6823783 15.99136 -5.2153993 4294901760
-11.038708 18.184065 -5.6196527 4294901760
-8.9726906 21.282764 -5.6924829 4294901760
-11.509732 23.958241 -6.1999063 4294901760
-1.5132231 3.1782475 -3.735018 4294901760
-2.7156086 5.0518804 -3.9703519 4294901760
-3.3992393 7.1394792 -4.1905723 4294901760
-4.581141 8.5223532 -4.3405013 4294901760
-5.2076855 10.937789 -4.645381 4294901760
-6.4191494 11.941623 -4.7590771 4294901760
-6.1313682 14.686305 -5.0009289 4294901760
-9.4161711 17.517019 -5.4451413 4294901760
-7.6213655 16.00728 -5.2104473 4294901760
-10.973102 18.21907 -5.6166992 4294901760
-8.9137239 21.350807 -5.6956091 4294901760
-11.422591 23.991058 -6.1946983 4294901760
-1.5021203 3.1835098 -3.734503 4294901760
-2.6943347 5.0545292 -3.9665532 4294901760
-3.3759727 7.1548481 -4.1906605 4294901760
-4.5588031 8.5522423 -4.3436265 4294901760
-5.1627035 10.941545 -4.6397262 4294901760
-6.3680739 11.946406 -4.7528539 4294901760
-6.0800691 14.707617 -4.9982853 4294901760
-9.3681097 17.574425 -5.4479184 4294901760
-7.556941 16.015759 -5.2038875 4294901760
-10.903297 18.246977 -5.6122379 4294901760
-8.8406706 21.385479 -5.6924577 4294901760
-11.337077 24.02717 -6.1901336 4294901760
-1.4909993 3.1887338 -3.733983 4294901760
-2.6766756 5.0639033 -3.9658229 4294901760
-3.3559623 7.177247 -4.1932244 4294901760
-4.528924 8.5681038 -4.3423905 4294901760
-5.1278424 10.966688 -4.6398797 4294901760
-6.3244786 11.965047 -4.7502255 4294901760
-6.0332217 14.739806 -4.9981084 4294901760
-9.301116 17.596437 -5.4431157 4294901760
-7.4976153 16.034817 -5.1996865 4294901760
-10.829364 18.267757 -5.6062722 4294901760
-8.753871 21.386642 -5.6830473 4294901760
-11.251451 24.062977 -6.1855321 4294901760
-1.4829066 3.2004976 -3.7376876 4294901760
-2.6625581 5.0800395 -3.9681575 4294901760
-3.3325357 7.1924777 -4.1932864 4294901760
-4.5044904 8.5943623 -4.3443961 4294901760
-5.0945315 10.995323 -4.6409826 4294901760
-6.2863636 11.994097 -4.7502832 4294901760
-5.9832253 14.764468 -4.9962463 4294901760
-9.2470407 17.642933 -5.4435635 4294901760
-7.4449458 16.068127 -5.1986308 4294901760
-10.727077 18.240072 -5.5899529 4294901760
-8.6821585 21.424473 -5.6805253 4294901760
-11.16906 24.105732 -6.1822467 4294901760
-1.4747515 3.2122433 -3.7413852 4294901760
-2.641258 5.0824661 -3.9643369 4294901760
-3.3057737 7.200501 -4.1908498 4294901760
-4.4744649 8.610033 -4.3431306 4294901760
-5.0660553 11.034675 -4.6449718 4294901760
-6.246295 12.019494 -4.7494183 4294901760
-5.9301715 14.781567 -4.9927049 4294901760
-9.1982841 17.699888 -5.4462395 4294901760
-7.3904786 16.097637 -5.1967559 4294901760
-10.741798 18.411873 -5.6163745 4294901760
-8.5984039 21.432413 -5.6724458 4294901760
-11.066519 24.104639 -6.1708074 4294901760
-1.4620279 3.214072 -3.7387342 4294901760
-2.6217349 5.0882316 -3.9620457 4294901760
-3.2806175 7.211997 -4.1896453 4294901760
-4.4425702 8.6220875 -4.3407664 4294901760
-5.0258608 11.04868 -4.642158 4294901760
-6.2042971 12.041226 -4.7476315 4294901760
-5.8829446 14.813284 -4.9924526 4294901760
-9.1364384 17.731892 -5.4436083 4294901760
-7.3243332 16.101564 -5.1893177 4294901760
-10.681458 18.456169 -5.6154718 4294901760
-8.5161629 21.443739 -5.665031 4294901760
-10.982305 24.143124 -6.1667757 4294901760
-1.4493109 3.2158508 -3.7360792 4294901760
-2.6057112 5.1007819 -3.9628177 4294901760
-3.2554243 7.2234044 -4.1884298 4294901760
-4.4214387 8.6551399 -4.344892 4294901760
-4.9742227 11.037215 -4.6325541 4294901760
-6.171277 12.080518 -4.7503262 4294901760
-5.8312035 14.833727 -4.9896932 4294901760
-9.059968 17.735245 -5.4349298 4294901760
-7.2631726 16.116127 -5.1842332 4294901760
-10.624923 18.507187 -5.6160088 4294901760
-8.4383402 21.4659 -5.6596584 4294901760
-10.916021 24.221369 -6.1701331 4294901760
-1.4365978 3.2175803 -3.7334206 4294901760
-2.5896292 5.1132836 -3.9635804 4294901760
-3.2349854 7.2454691 -4.1909266 4294901760
-4.3965545 8.6810999 -4.3468318 4294901760
-4.9453683 11.076252 -4.6364818 4294901760
-6.1254735 12.094892 -4.7466984 4294901760
-5.7822728 14.861417 -4.988564 4294901760
-9.0034103 17.777445 -5.4345012 4294901760
-7.2084937 16.145025 -5.1822858 4294901760
-10.55235 18.530291 -5.6106243 4294901760
-8.3488741 21.458015 -5.6487498 4294901760
-10.826514 24.248386 -6.1639957 4294901760
-1.4253584 3.2225749 -3.7328701 4294901760
-2.5700376 5.1188488 -3.9612656 4294901760
-3.2096763 7.2567167 -4.1896868 4294901760
-4.3733211 8.7105227 -4.3498368 4294901760
-4.9098883 11.100704 -4.6365199 4294901760
-6.0778661 12.105536 -4.7421546 4294901760
-5.7275028 14.874075 -4.984108 4294901760
-8.9502563 17.826591 -5.4355431 4294901760
-7.1666117 16.202902 -5.186625 4294901760
-10.49546 18.580912 -5.6110945 4294901760
-8.2681856 21.472116 -5.6419492 4294901760
-10.74989 24.304293 -6.1632161 4294901760
-1.4155563 3.2308509 -3.7344258 4294901760
-2.5521548 5.1277885 -3.9604771 4294901760
-3.1827533 7.2642832 -4.1871963 4294901760
-4.3446517 8.7292719 -4.3495774 4294901760
-4.8727036 11.121408 -4.635572 4294901760
-6.0338035 12.123116 -4.7393913 4294901760
-5.6812224 14.908861 -4.9845815 4294901760
-8.8755331 17.832716 -5.4275417 4294901760
-7.1164122 16.242424 -5.1869855 4294901760
-10.436393 18.62788 -5.6107955 4294901760
-8.1718578 21.444874 -5.6275663 4294901760
-10.664991 24.341665 -6.1590257 4294901760
-1.4077214 3.2421784 -3.7381146 4294901760
-2.5419545 5.1500401 -3.9658525 4294901760
-3.1586447 7.2747989 -4.1859975 4294901760
-4.3139286 8.7400885 -4.3472075 4294901760
-4.8389544 11.144786 -4.6356678 4294901760
-5.9935656 12.143059 -4.7376022 4294901760
-5.6345606 14.935075 -4.9835224 4294901760
-8.8198767 17.869211 -5.4264107 4294901760
-7.0482168 16.233025 -5.1772151 4294901760
-10.376498 18.665878 -5.6091208 4294901760
-8.1204281 21.524164 -5.6332784 4294901760
-10.585798 24.380568 -6.155683 4294901760
-1.3926646 3.2368383 -3.731245 4294901760
-2.52317 5.1549816 -3.9635539 4294901760
-3.1376052 7.2924385 -4.1872668 4294901760
-4.2901363 8.7649956 -4.3491502 4294901760
-4.7941313 11.142546 -4.628993 4294901760
-5.9585128 12.173584 -4.7384882 4294901760
-5.5780387 14.935022 -4.976676 4294901760
-8.7693472 17.916279 -5.4275002 4294901760
-6.9959259 16.259968 -5.1753058 4294901760
-10.306834 18.686201 -5.6037474 4294901760
-8.0420256 21.532269 -5.6259179 4294901760
-10.519104 24.448557 -6.1576815 4294901760
-1.3813565 3.2416804 -3.730675 4294901760
-2.5034776 5.1602926 -3.9612076 4294901760
-3.1105907 7.2997384 -4.1847444 4294901760
-4.2681384 8.7976999 -4.353169 4294901760
-4.7567601 11.162865 -4.6279945 4294901760
-5.9211869 12.205045 -4.7392564 4294901760
-5.5300083 14.96561 -4.976253 4294901760
-8.7084904 17.950373 -5.4254198 4294901760
-6.9359946 16.276955 -5.1708689 4294901760
-10.233876 18.708059 -5.5982189 4294901760
-7.9723454 21.575193 -5.6244893 4294901760
-10.435258 24.488806 -6.154047 4294901760
-1.3708755 3.2500613 -3.7321804 4294901760
-2.4795427 5.159018 -3.9557502 4294901760
-3.0853412 7.3147044 -4.1846223 4294901760
-4.241003 8.8239698 -4.3549371 4294901760
-4.7173591 11.18388 -4.6268787 4294901760
-5.8781385 12.230247 -4.738111 4294901760
-5.4778571 14.993258 -4.9748368 4294901760
-8.6443729 17.985765 -5.4231668 4294901760
-6.894887 16.346348 -5.177268 4294901760
-10.176661 18.766495 -5.5998616 4294901760
-7.8945904 21.608019 -5.6207609 4294901760
-10.343884 24.523205 -6.1488147 4294901760
-1.3600893 3.2545898 -3.7316287 4294901760
-2.4624197 5.1672125 -3.954963 4294901760
-3.0625777 7.3285151 -4.1846175 4294901760
-4.2168164 8.8486891 -4.3568287 4294901760
-4.6833019 11.206784 -4.6269059 4294901760
-5.8307023 12.235314 -4.7326622 4294901760
-5.4226851 14.99636 -4.9687586 4294901760
-8.5812435 18.00713 -5.4189262 4294901760
-6.8421745 16.372801 -5.1752787 4294901760
-10.089782 18.754442 -5.5878134 4294901760
-7.8323908 21.660366 -5.62152 4294901760
-10.28252 24.605288 -6.1533628 4294901760
-1.3514934 3.2660167 -3.7352591 4294901760
-2.4460137 5.1792593 -3.955657 4294901760
-3.0384793 7.3427844 -4.184535 4294901760
-4.184217 8.8597813 -4.3543177 4294901760
-4.6487088 11.234062 -4.6277761 4294901760
-5.7811661 12.241206 -4.7271008 4294901760
-5.3823795 15.048947 -4.9731874 4294901760
-8.5115223 18.022541 -5.413022 4294901760
-6.7682171 16.356062 -5.1637025 4294901760
-10.035533 18.810677 -5.5895238 4294901760
-7.763463 21.706375 -5.6206622 4294901760
-10.18283 24.607809 -6.1429119 4294901760
-1.3381391 3.2675936 -3.7325304 4294901760
-2.4286454 5.191679 -3.9562991 4294901760
-3.0130312 7.3575025 -4.1843739 4294901760
-4.1550641 8.8822184 -4.3549557 4294901760
-4.6059966 11.247355 -4.6246772 4294901760
-5.7328887 12.255111 -4.7232137 4294901760
-5.3258548 15.064819 -4.9692316 4294901760
-8.4369516 18.035547 -5.4061995 4294901760
-6.7036867 16.369692 -5.1582384 4294901760
-9.9721146 18.857924 -5.5888653 4294901760
-7.6785231 21.719624 -5.6134114 4294901760
-10.104673 24.67454 -6.143579 4294901760
-1.3259341 3.2686539 -3.7298572 4294901760
-2.4114168 5.1997037 -3.9554875 4294901760
-2.9915664 7.3747225 -4.1855683 4294901760
-4.1305771 8.9067039 -4.3568001 4294901760
-4.5716591 11.26992 -4.6246495 4294901760
-5.693893 12.277661 -4.7221923 4294901760
-5.2692971 15.063601 -4.9622788 4294901760
-8.3687067 18.045322 -5.3996491 4294901760
-6.6568632 16.410305 -5.1593184 4294901760
-9.9095287 18.890886 -5.5862536 4294901760
-7.5959129 21.714815 -5.6038437 4294901760
-10.030307 24.726421 -6.1426435 4294901760
-1.3172171 3.2799904 -3.7334692 4294901760
-2.3932502 5.2080903 -3.9546254 4294901760
-2.9701884 7.3960395 -4.1879163 4294901760
-4.1077108 8.9390268 -4.3607082 4294901760
-4.5293312 11.278446 -4.6206594 4294901760
-5.65764 12.311917 -4.7237296 4294901760
-5.2179813 15.085669 -4.9600725 4294901760
-8.3156567 18.096182 -5.4011302 4294901760
-6.599535 16.433443 -5.1563039 4294901760
-9.8490467 18.935987 -5.5856652 4294901760
-7.4887342 21.650625 -5.5831542 4294901760
-9.9305305 24.727924 -6.1320953 4294901760
-1.3025101 3.2780583 -3.7286212 4294901760
-2.36936 5.2063084 -3.949127 4294901760
-2.9401662 7.3995862 -4.1840134 4294901760
-4.0749221 8.9540215 -4.3591394 4294901760
-4.4923615 11.306033 -4.6213474 4294901760
-5.6174216 12.34343 -4.7242475 4294901760
-5.157505 15.089615 -4.9536014 4294901760
-8.2393627 18.104746 -5.3934846 4294901760
-6.5348468 16.446404 -5.1507668 4294901760
-9.7960424 19.003889 -5.5892811 4294901760
-7.4145007 21.693041 -5.5812793 4294901760
-9.8442621 24.775288 -6.1292934 4294901760
-1.2929606 3.2857325 -3.7301464 4294901760
-2.3520834 5.2141361 -3.9482939 4294901760
-2.9170499 7.4129443 -4.1839375 4294901760
-4.046834 8.9710855 -4.3587828 4294901760
-4.451941 11.313482 -4.6174302 4294901760
-5.5748258 12.358363 -4.7213802 4294901760
-5.1112676 15.117953 -4.9531384 4294901760
-8.1891279 18.15379 -5.3950539 4294901760
-6.4700565 16.442013 -5.1423898 4294901760
-9.7257042 19.022053 -5.5836577 4294901760
-7.3438063 21.721289 -5.5777693 4294901760
-9.773757 24.837532 -6.13024 4294901760
-1.2822233 3.293828 -3.7316039 4294901760
-2.3345268 5.2262402 -3.9488916 4294901760
-2.8927038 7.4308963 -4.1849427 4294901760
-4.0203724 9.0002956 -4.3614845 4294901760
-4.4075627 11.322329 -4.6132874 4294901760
-5.5165138 12.349666 -4.7120452 4294901760
-5.0520339 15.125254 -4.9474444 4294901760
-8.1225319 18.183685 -5.391818 4294901760
-6.4082994 16.461903 -5.1383729 4294901760
-9.6450891 19.036207 -5.5762634 4294901760
-7.2641392 21.748062 -5.5731063 4294901760
-9.681201 24.869467 -6.1246858 4294901760
-1.2744788 3.3046045 -3.7352524 4294901760
-2.3196573 5.2370701 -3.9496138 4294901760
-2.8665237 7.4326282 -4.1812181 4294901760
-3.998481 9.0273361 -4.3643985 4294901760
-4.3776851 11.350928 -4.6151953 4294901760
-5.4760799 12.363297 -4.7092538 4294901760
-5.0007448 15.129707 -4.9422002 4294901760
-8.0572891 18.19087 -5.3853045 4294901760
-6.3622932 16.496832 -5.1386986 4294901760
-9.590621 19.077114 -5.5758357 4294901760
-7.209568 21.812481 -5.5765324 4294901760
-9.6030293 24.899757 -6.1204643 4294901760
-1.2616439 3.3056462 -3.7325222 4294901760
-2.2982681 5.2380791 -3.9456604 4294901760
-2.8405631 7.4425883 -4.1798077 4294901760
-3.9701235 9.0484753 -4.3649917 4294901760
-4.340868 11.373553 -4.614954 4294901760
-5.4392848 12.396902 -4.7106862 4294901760
-4.9429584 15.131925 -4.9358139 4294901760
-7.9937463 18.218882 -5.3821721 4294901760
-6.3075161 16.526388 -5.1371255 4294901760
-9.54 19.142628 -5.5794511 4294901760
-7.1346292 21.841307 -5.5726995 4294901760
-9.5089369 24.914463 -6.1124187 4294901760
-1.2502207 3.3138583 -3.7339294 4294901760
-2.2796714 5.2503996 -3.9461854 4294901760
-2.8147316 7.4607801 -4.1807027 4294901760
-3.9337747 9.060029 -4.3621907 4294901760
-4.2943606 11.382713 -4.610651 4294901760
-5.3916411 12.417698 -4.7083192 4294901760
-4.8909268 15.169747 -4.93642 4294901760
-7.9269066 18.256765 -5.3801775 4294901760
-6.2397866 16.539295 -5.1313157 4294901760
-9.4540539 19.154062 -5.5710907 4294901760
-7.0556087 21.883745 -5.5704045 4294901760
-9.4272966 24.988169 -6.1138129 4294901760
-1.2372648 3.3109779 -3.7291522 4294901760
-2.2646871 5.2610741 -3.9468837 4294901760
-2.7912769 7.4695868 -4.1794114 4294901760
-3.9068522 9.0759735 -4.3618379 4294901760
-4.2585764 11.39615 -4.6086812 4294901760
-5.3557448 12.441882 -4.7081432 4294901760
-4.8444514 15.188833 -4.9343772 4294901760
-7.8647733 18.270584 -5.3750806 4294901760
-6.1863961 16.555084 -5.1276751 4294901760
-9.3955841 19.187256 -5.569118 4294901760
-6.9892449 21.913412 -5.5676346 4294901760
-9.3221731 24.946569 -6.0968995 4294901760
-1.2231861 3.308476 -3.7243094 4294901760
-2.2463098 5.2689471 -3.9459577 4294901760
-2.7706285 7.4940009 -4.1828814 4294901760
-3.8782494 9.0968275 -4.3623843 4294901760
-4.220149 11.414666 -4.6074305 4294901760
-5.3169632 12.471477 -4.7086186 4294901760
-4.7878151 15.194253 -4.9287462 4294901760
-7.7993879 18.294254 -5.3711238 4294901760
-6.136869 16.599014 -5.1291347 4294901760
-9.3302965 19.223524 -5.5668154 4294901760
-6.9091148 21.926252 -5.5610042 4294901760
-9.2599754 25.046396 -6.1039853 4294901760
-1.2122971 3.3163414 -3.7257335 4294901760
-2.2284815 5.2806931 -3.9464996 4294901760
-2.7377577 7.489368 -4.1764369 4294901760
-3.8494937 9.1219034 -4.363905 4294901760
-4.1810107 11.43751 -4.6070042 4294901760
-5.2727661 12.494543 -4.7071838 4294901760
-4.7309136 15.207894 -4.9245605 4294901760
-7.7384934 18.337423 -5.370677 4294901760
-6.0746236 16.617647 -5.1249642 4294901760
-9.2580509 19.253994 -5.5628767 4294901760
-6.8227782 21.932358 -5.5527682 4294901760
-9.166748 25.076414 -6.0982032 4294901760
-1.1988255 3.3135257 -3.7209167 4294901760
-2.2094707 5.2845006 -3.9440811 4294901760
-2.7129049 7.4984064 -4.1750426 4294901760
-3.8222706 9.1419144 -4.3644986 4294901760
-4.1471062 11.462505 -4.6077337 4294901760
-5.2374372 12.526638 -4.7086124 4294901760
-4.6792817 15.219695 -4.9206772 4294901760
-7.6776376 18.362986 -5.3675656 4294901760
-6.0249057 16.6527 -5.1249733 4294901760
-9.1889925 19.273781 -5.5577655 4294901760
-6.7593923 21.985401 -5.5537167 4294901760
-9.0862522 25.114189 -6.0948553 4294901760
-1.1884741 3.3211033 -3.7223625 4294901760
-2.1910121 5.2921805 -3.9431307 4294901760
-2.6880376 7.5115232 -4.1747913 4294901760
-3.788826 9.1515474 -4.3617845 4294901760
-4.1070724 11.476911 -4.6054745 4294901760
-5.1967244 12.552192 -4.7081327 4294901760
-4.6249728 15.232124 -4.9166131 4294901760
-7.6028118 18.363865 -5.3590932 4294901760
-5.9694304 16.681135 -5.12324 4294901760
-9.1267796 19.316566 -5.5568199 4294901760
-6.6895738 22.031788 -5.5530462 4294901760
-9.0066128 25.168316 -6.0938621 4294901760
-1.1762927 3.3254375 -3.7216706 4294901760
-2.1745198 5.3073044 -3.9451668 4294901760
-2.6604865 7.5213265 -4.1732268 4294901760
-3.753757 9.1617155 -4.3589745 4294901760
-4.0623302 11.484407 -4.6011806 4294901760
-5.1491718 12.567475 -4.7048593 4294901760
-4.5668225 15.241344 -4.9115558 4294901760
-7.5324221 18.384222 -5.3541241 4294901760
-5.900269 16.680351 -5.1151204 4294901760
-9.0559139 19.34989 -5.5535102 4294901760
-6.6145029 22.075287 -5.5514255 4294901760
-8.9103022 25.189865 -6.0866427 4294901760
-1.1676545 3.3361628 -3.7252355 4294901760
-2.1583581 5.3180547 -3.9457681 4294901760
-2.6394191 7.541213 -4.1754761 4294901760
-3.7233572 9.1741123 -4.3573871 4294901760
-4.0189834 11.482833 -4.5952001 4294901760
-5.1074715 12.58448 -4.702682 4294901760
-4.5173898 15.260223 -4.9092336 4294901760
-7.4759221 18.420191 -5.3531508 4294901760
-5.8475604 16.70735 -5.1135049 4294901760
-8.9732208 19.339979 -5.5425315 4294901760
-6.539 22.089437 -5.5455513 4294901760
-1.1536299 3.3333671 -3.7203717 4294901760
-2.141216 5.3291316 -3.9463115 4294901760
-2.6156428 7.5577941 -4.1764107 4294901760
-3.6957293 9.1980581 -4.3589072 4294901760
-3.9814684 11.504292 -4.5947943 4294901760
-5.066474 12.609614 -4.7021403 4294901760
-4.4663234 15.283545 -4.9075313 4294901760
-7.402647 18.423962 -5.3453488 4294901760
-5.7905045 16.73143 -5.1109228 4294901760
-8.895648 19.349426 -5.5349903 4294901760
-6.458487 22.100634 -5.5387425 4294901760
-8.6497974 24.99324 -6.0321054 4294901760
-1.1431617 3.3408034 -3.7217948 4294901760
-2.1211784 5.3329935 -3.9438071 4294901760
-2.5867074 7.5594559 -4.1724372 4294901760
-3.6665232 9.2182465 -4.3593421 4294901760
-3.9438589 11.525628 -4.5943699 4294901760
-5.0224304 12.627221 -4.6998096 4294901760
-4.417366 15.314349 -4.9074178 4294901760
-7.3294463 18.427443 -5.3375282 4294901760
-5.7294884 16.743996 -5.1060004 4294901760
-8.8214369 19.365828 -5.5288706 4294901760
-6.390161 22.153734 -5.5392604 4294901760
-8.572854 25.053514 -6.0323105 4294901760
-1.1326554 3.348207 -3.7232118 4294901760
-2.102551 5.3403649 -3.9428148 4294901760
-2.5577915 7.561007 -4.1684556 4294901760
-3.6386688 9.2420206 -4.360827 4294901760
-3.9048762 11.543082 -4.592977 4294901760
-4.9841528 12.659477 -4.7009921 4294901760
-4.3617039 15.322011 -4.9024425 4294901760
-7.2533879 18.42321 -5.328217 4294901760
-5.6786742 16.786551 -5.1072249 4294901760
-8.7570705 19.403774 -5.5270529 4294901760
-6.3040495 22.14518 -5.5290542 4294901760
-8.5339947 25.227072 -6.0521412 4294901760
-1.1198106 3.3487027 -3.7204325 4294901760
-2.0866926 5.3548503 -3.9448502 4294901760
-2.5338693 7.5773306 -4.1693544 4294901760
-3.6078186 9.2583494 -4.3601618 4294901760
-3.8645566 11.556643 -4.5906177 4294901760
-4.9384847 12.673093 -4.6977377 4294901760
-4.314652 15.36015 -4.9038873 4294901760
-7.1788874 18.422392 -5.3196235 4294901760
-5.6187749 16.802492 -5.1030245 4294901760
-8.6778755 19.408718 -5.5187159 4294901760
-6.224545 22.159365 -5.52283 4294901760
-8.464879 25.313536 -6.0568109 4294901760
-1.1086673 3.3562264 -3.7218039 4294901760
-2.0670531 5.362462 -3.94379 4294901760
-2.5060816 7.5865664 -4.1677189 4294901760
-3.5767057 9.2788858 -4.3604589 4294901760
-3.8283992 11.589568 -4.5928583 4294901760
-4.8977275 12.705952 -4.6987553 4294901760
-4.2562022 15.368185 -4.8986988 4294901760
-7.1170621 18.46347 -5.3189106 4294901760
-5.552155 16.807829 -5.0963192 4294901760
-8.6034536 19.433092 -5.513792 4294901760
-6.1454201 22.189724 -5.5189958 4294901760
-8.3707962 25.340597 -6.0506926 4294901760
-1.098117 3.3596933 -3.7211795 4294901760
-2.050195 5.3689299 -3.9428737 4294901760
-2.4810145 7.5906734 -4.1650867 4294901760
-3.5531759 9.3048477 -4.363133 4294901760
-3.7944329 11.609082 -4.5925941 4294901760
-4.8648767 12.739852 -4.7009897 4294901760
-4.2089477 15.385322 -4.8964152 4294901760
-7.0604415 18.489468 -5.3164897 4294901760
-5.5092287 16.855507 -5.0993423 4294901760
-8.553586 19.485615 -5.5158167 4294901760
-6.0588145 22.147295 -5.5038991 4294901760
-8.2886572 25.359179 -6.0446706 4294901760
-1.0852692 3.3600557 -3.7183883 4294901760
-2.0287192 5.3688469 -3.9388165 4294901760
-2.4520936 7.5918221 -4.1610694 4294901760
-3.5206759 9.317193 -4.3613563 4294901760
-3.7563281 11.629807 -4.592072 4294901760
-4.8260021 12.771637 -4.7020783 4294901760
-4.1624827 15.426835 -4.898581 4294901760
-6.9930406 18.506535 -5.3114939 4294901760
-5.4552627 16.889807 -5.0989099 4294901760
-8.4839287 19.51169 -5.5117183 4294901760
-6.0033178 22.249269 -5.5128803 4294901760
-8.1878138 25.349939 -6.0328717 4294901760
-1.0707443 3.3571033 -3.7134664 4294901760
-2.0090289 5.376246 -3.9377329 4294901760
-2.4266367 7.6082311 -4.1618404 4294901760
-3.4878883 9.3337364 -4.360539 4294901760
-3.7160916 11.651058 -4.5914083 4294901760
-4.7722011 12.770612 -4.6951027 4294901760
-4.1181974 15.488176 -4.9045463 4294901760
-6.9112 18.494663 -5.3004417 4294901760
-5.3945365 16.913485 -5.0959692 4294901760
-8.3981571 19.509655 -5.5016747 4294901760
-5.9340491 22.317434 -5.5155735 4294901760
-8.0972795 25.387392 -6.0286107 4294901760
-1.0617852 3.3675508 -3.7169785 4294901760
-1.989852 5.3792667 -3.9352303 4294901760
-2.4025714 7.6199794 -4.1615391 4294901760
-3.452801 9.3341303 -4.3556352 4294901760
-3.6738524 11.651965 -4.5862494 4294901760
-4.7325821 12.793828 -4.6945133 4294901760
-4.0637779 15.490191 -4.8988109 4294901760
-6.8442898 18.502512 -5.2941189 4294901760
-5.3336205 16.916075 -5.0895252 4294901760
-8.319314 19.504353 -5.4919538 4294901760
-5.8610163 22.340853 -5.5114317 4294901760
-7.9986267 25.368391 -6.0157256 4294901760
-1.0478684 3.3643141 -3.7120855 4294901760
-1.9737111 5.3934135 -3.937211 4294901760
-2.3759596 7.6283193 -4.1599283 4294901760
-3.4174829 9.3387012 -4.3516946 4294901760
-3.6343391 11.668506 -4.5847287 4294901760
-4.6988311 12.840146 -4.699048 4294901760
-4.0086875 15.500424 -4.894484 4294901760
-6.7824073 18.533781 -5.2919779 4294901760
-5.2769141 16.942202 -5.0874801 4294901760
-8.2496319 19.529596 -5.4877801 4294901760
-5.7839999 22.36504 -5.5070066 4294901760
-7.900528 25.365644 -6.0051599 4294901760
-1.0355296 3.3681324 -3.7113342 4294901760
-1.9552393 5.4042344 -3.9376147 4294901760
-2.3502877 7.6444745 -4.1606579 4294901760
-3.3872638 9.3623152 -4.3529572 4294901760
-3.5938766 11.689335 -4.5840082 4294901760
-4.6530881 12.861023 -4.6972842 4294901760
-3.9528286 15.518874 -4.8915582 4294901760
-6.717144 18.566023 -5.2896247 4294901760
-5.20892 16.942375 -5.0798736 4294901760
-8.1702919 19.541288 -5.4805369 4294901760
-5.7039552 22.393827 -5.5029531 4294901760
-7.8415408 25.505159 -6.0183306 4294901760
-1.0243555 3.3715475 -3.7106502 4294901760
-1.9334129 5.3998084 -3.9320655 4294901760
-2.3249261 7.6522255 -4.1591053 4294901760
-3.3628621 9.3921022 -4.3565068 4294901760
-3.5574028 11.70878 -4.5835171 4294901760
-4.6144381 12.887615 -4.6975064 4294901760
-3.9042575 15.543485 -4.8905606 4294901760
-6.6501622 18.573168 -5.2832332 4294901760
-5.1538706 16.963369 -5.0771966 4294901760
-8.0993385 19.55352 -5.4743361 4294901760
-5.6355038 22.435858 -5.5020189 4294901760
-7.7093153 25.374319 -5.9865546 4294901760
-1.0115377 3.3716307 -3.7078369 4294901760
-1.9145509 5.4065256 -3.9309947 4294901760
-2.2981987 7.660295 -4.1574602 4294901760
-3.3313737 9.4075098 -4.3557038 4294901760
-3.5142264 11.713527 -4.5791187 4294901760
-4.5747299 12.918641 -4.6984544 4294901760
-3.8576267 15.587947 -4.8933439 4294901760
-6.5799561 18.581224 -5.2766376 4294901760
-5.0980582 16.992714 -5.0758395 4294901760
-8.0280008 19.574289 -5.4693666 4294901760
-5.5504332 22.428261 -5.4922209 4294901760
-7.6183915 25.393421 -5.979804 4294901760
-1.0002013 3.3787918 -3.7091594 4294901760
-1.8972659 5.4207778 -3.9328837 4294901760
-2.2701049 7.6686678 -4.1557217 4294901760
-3.2942576 9.4121962 -4.351615 4294901760
-3.4701412 11.722525 -4.57552 4294901760
-4.5326028 12.950336 -4.6992483 4294901760
-3.8061199 15.625201 -4.8943176 4294901760
-6.5052142 18.586388 -5.2691083 4294901760
-5.0402646 17.026577 -5.0750313 4294901760
-7.9546976 19.599884 -5.4649043 4294901760
-5.4719672 22.463976 -5.4893823 4294901760
-7.567215 25.562897 -5.9979792 4294901760
-0.98840177 3.3822625 -3.708425 4294901760
-1.8808528 5.4346476 -3.9348161 4294901760
-2.2444243 7.6803102 -4.1552687 4294901760
-3.2575071 9.4124336 -4.3465509 4294901760
-3.4280901 11.730757 -4.5720334 4294901760
-4.4873724 12.96608 -4.6966486 4294901760
-3.7487707 15.626772 -4.8882852 4294901760
-6.4363837 18.597668 -5.2631974 4294901760
-4.9830403 17.05172 -5.072854 4294901760
-7.8713541 19.59049 -5.4541698 4294901760
-5.4009762 22.514 -5.4893942 4294901760
-7.4700994 25.562315 -5.9879007 4294901760
-0.97315979 3.3715892 -3.6993783 4294901760
-1.8603264 5.4335651 -3.9307544 4294901760
-2.2211201 7.6952462 -4.1560998 4294901760
-3.2275586 9.4269218 -4.3458028 4294901760
-3.3935747 11.757308 -4.5733519 4294901760
-4.445642 12.98465 -4.6950355 4294901760
-3.6932683 15.623611 -4.8816261 4294901760
-6.3720956 18.611357 -5.2581782 4294901760
-4.9297876 17.079639 -5.0715966 4294901760
-7.8048749 19.612772 -5.4500175 4294901760
-5.326293 22.531784 -5.4843779 4294901760
-7.3886199 25.598459 -5.9845319 4294901760
-0.96535659 3.388912 -3.7069795 4294901760
-1.8388768 5.4327297 -3.9266331 4294901760
-2.1920941 7.6954098 -4.1519861 4294901760
-3.2009656 9.4568501 -4.3491716 4294901760
-3.3546846 11.776717 -4.5726442 4294901760
-4.4092116 13.026461 -4.6985083 4294901760
-3.6387053 15.63641 -4.877944 4294901760
-6.3109231 18.644827 -5.2565727 4294901760
-4.86795 17.089077 -5.0663261 4294901760
-7.7290459 19.621332 -5.4428077 4294901760
-5.2421737 22.526907 -5.4751363 4294901760
-7.3003073 25.627939 -5.9795542 4294901760
-0.95254093 3.3887706 -3.7041466 4294901760
-1.8223476 5.4464207 -3.9285395 4294901760
-2.1652205 7.7030134 -4.1502872 4294901760
-3.1704466 9.475462 -4.3493514 4294901760
-3.3124843 11.784532 -4.5691075 4294901760
-4.3637176 13.04177 -4.695847 4294901760
-3.5876615 15.664545 -4.8774114 4294901760
-6.2470732 18.670525 -5.2534881 4294901760
-4.8104291 17.113638 -5.0640712 4294901760
-7.6561613 19.637032 -5.4369988 4294901760
-5.159946 22.529497 -5.4671845 4294901760
-7.2097292 25.649416 -5.9732528 4294901760
-0.94420534 3.4023907 -3.7096839 4294901760
-1.8042752 5.452435 -3.9274764 4294901760
-2.1386132 7.7063723 -4.1474533 4294901760
-3.1352797 9.4746675 -4.3443365 4294901760
-3.2733839 11.795454 -4.5666232 4294901760
-4.321691 13.059947 -4.6941729 4294901760
-3.5374446 15.684127 -4.8754539 4294901760
-6.1788521 18.672201 -5.2462263 4294901760
-4.7600441 17.15255 -5.0650125 4294901760
-7.5852437 19.647419 -5.4306388 4294901760
-5.0948658 22.589336 -5.4692807 4294901760
-7.1235571 25.669336 -5.9672022 4294901760
-0.92945224 3.3951759 -3.7026758 4294901760
-1.7852327 5.4586987 -3.9263499 4294901760
-2.1127377 7.7175736 -4.146944 4294901760
-3.0985038 9.4742823 -4.3392153 4294901760
-3.2321928 11.806807 -4.5639925 4294901760
-4.2760792 13.07495 -4.6914744 4294901760
-3.4818158 15.692492 -4.8709149 4294901760
-6.1099186 18.682274 -5.2402 4294901760
-4.6969876 17.157524 -5.0589156 4294901760
-7.5194693 19.681232 -5.4283328 4294901760
-5.0125279 22.591387 -5.4612722 4294901760
-7.0254788 25.663221 -5.9563413 4294901760
-0.91570592 3.3913996 -3.6977499 4294901760
-1.764984 5.4612317 -3.9237099 4294901760
-2.0878317 7.7324739 -4.1476307 4294901760
-3.0654156 9.4850397 -4.3372464 4294901760
-3.1909621 11.818017 -4.5613461 4294901760
-4.2340851 13.101149 -4.6913667 4294901760
-3.4363613 15.747352 -4.875834 4294901760
-6.0422182 18.695892 -5.2348738 4294901760
-4.6349931 17.166117 -5.0535564 4294901760
-7.4549623 19.718561 -5.4267039 4294901760
-4.9379005 22.628252 -5.4591055 4294901760
-6.9483562 25.733866 -5.9582825 4294901760
-0.90759218 3.4085884 -3.705312 4294901760
-1.7447367 5.4636908 -3.9210632 4294901760
-2.0598159 7.7359252 -4.1446805 4294901760
-3.0358922 9.506979 -4.3384228 4294901760
-3.1496863 11.829084 -4.5586829 4294901760
-4.1895337 13.119639 -4.6894975 4294901760
-3.3838735 15.770932 -4.8744006 4294901760
-5.9769154 18.716873 -5.2309661 4294901760
-4.5832448 17.213013 -5.0557323 4294901760
-7.3832836 19.736988 -5.4214973 4294901760
-4.8672538 22.684397 -5.4601526 4294901760
-6.8543658 25.742523 -5.9499216 4294901760
-0.89601368 3.4153979 -3.7065821 4294901760
-1.7223841 5.4627008 -3.9168487 4294901760
-2.0294597 7.7358336 -4.1404271 4294901760
-3.0010288 9.5180416 -4.3363242 4294901760
-3.1083262 11.848224 -4.557734 4294901760
-4.14501 13.146284 -4.6892066 4294901760
-3.3260515 15.783228 -4.8703871 4294901760
-5.9058781 18.731041 -5.2253942 4294901760
-4.5201292 17.229692 -5.0516381 4294901760
-7.3178229 19.782633 -5.4210296 4294901760
-4.7865543 22.713804 -5.4563284 4294901760
-6.7630162 25.779062 -5.9457173 4294901760
-0.8855902 3.4218607 -3.7079232 4294901760
-1.7076966 5.4794154 -3.9202623 4294901760
-2.0067418 7.7539139 -4.1423717 4294901760
-2.9753273 9.5468102 -4.3396692 4294901760
-3.0700099 11.86231 -4.5561028 4294901760
-4.104939 13.171349 -4.6891685 4294901760
-3.2696481 15.774673 -4.8628011 4294901760
-5.8425388 18.746714 -5.2209129 4294901760
-4.4599671 17.233011 -5.0456505 4294901760
-7.2521758 19.806795 -5.4173722 4294901760
-4.7120109 22.733465 -5.4517221 4294901760
-6.6744823 25.789749 -5.9382262 4294901760
-0.87364107 3.4249306 -3.7071404 4294901760
-1.6874273 5.4816608 -3.9175949 4294901760
-1.9786955 7.7570701 -4.1393929 4294901760
-2.9431493 9.560914 -4.3386908 4294901760
-3.0295677 11.876799 -4.5543199 4294901760
-4.0566006 13.177996 -4.6846361 4294901760
-3.216157 15.793795 -4.8605146 4294901760
-5.7723742 18.75174 -5.2140541 4294901760
-4.3997893 17.248472 -5.041708 4294901760
-7.1639662 19.779444 -5.4036021 4294901760
-4.635819 22.765423 -5.4487524 4294901760
-6.584425 25.812887 -5.9323263 4294901760
-0.86019808 3.4245942 -3.7042351 4294901760
-1.6662035 5.4841237 -3.9148624 4294901760
-1.9483379 7.7566628 -4.1351113 4294901760
-2.9046376 9.5602922 -4.333396 4294901760
-2.9860132 11.887823 -4.5514517 4294901760
-4.0071139 13.188971 -4.6808124 4294901760
-3.1590247 15.809383 -4.8572235 4294901760
-5.7024417 18.768953 -5.2091269 4294901760
-4.3433347 17.29155 -5.0428066 4294901760
-7.0819988 19.779264 -5.3945694 4294901760
-4.5562553 22.801844 -5.4461117 4294901760
-6.4829526 25.809732 -5.9216366 4294901760
-0.84796625 3.4239089 -3.7014058 4294901760
-1.649117 5.4933081 -3.9152441 4294901760
-1.9235499 7.7668886 -4.1346121 4294901760
-2.8683748 9.5547295 -4.3272486 4294901760
-2.9503934 11.913067 -4.552557 4294901760
-3.9679325 13.217422 -4.6815801 4294901760
-3.1127241 15.851034 -4.8597879 4294901760
-5.6482053 18.814512 -5.2103152 4294901760
-4.2898073 17.321337 -5.0420156 4294901760
-7.0230389 19.821449 -5.3943691 4294901760
-4.4852381 22.840336 -5.4446397 4294901760
-6.4040561 25.858227 -5.9204216 4294901760
-0.83858609 3.4374139 -3.706841 4294901760
-1.631025 5.5027246 -3.9155576 4294901760
-1.8954948 7.7697453 -4.1316061 4294901760
-2.8372488 9.5722628 -4.32728 4294901760
-2.9125495 11.938712 -4.5535021 4294901760
-3.9217672 13.231193 -4.6787243 4294901760
-3.0588777 15.869626 -4.8574233 4294901760
-5.5836248 18.83794 -5.2069659 4294901760
-4.2293139 17.336206 -5.0379934 4294901760
-6.9590807 19.860914 -5.3932333 4294901760
-4.4107676 22.883303 -5.44349 4294901760
-6.3241625 25.923115 -5.9214015 4294901760
-0.82488912 3.4332702 -3.7018871 4294901760
-1.6139716 5.5157781 -3.9173615 4294901760
-1.8683635 7.7763138 -4.1297932 4294901760
-2.8071501 9.5934887 -4.3283424 4294901760
-2.8708603 11.948806 -4.5507164 4294901760
-3.8766775 13.248618 -4.6767135 4294901760
-3.002727 15.876292 -4.8526888 4294901760
-5.525682 18.884121 -5.2078824 4294901760
-4.1678457 17.346987 -5.0331993 4294901760
-6.8871017 19.877541 -5.3878417 4294901760
-4.3382883 22.937794 -5.4442296 4294901760
-6.2364402 25.956682 -5.9172549 4294901760
-0.81373507 3.4396563 -3.7031572 4294901760
-1.5947092 5.5213776 -3.916157 4294901760
-1.8394035 7.7751546 -4.1255689 4294901760
-2.7703571 9.591835 -4.3231082 4294901760
-2.828223 11.954893 -4.546989 4294901760
-3.8381352 13.288814 -4.6798577 4294901760
-2.9494729 15.898426 -4.8510604 4294901760
-5.4630561 18.914793 -5.2059021 4294901760
-4.1081896 17.365309 -5.0298805 4294901760
-6.8254399 19.924116 -5.3880463 4294901760
-4.2618403 22.972427 -5.4417062 4294901760
-6.145802 25.978292 -5.9111695 4294901760
-0.7984336 3.4283533 -3.6940498 4294901760
-1.5764809 5.5306153 -3.9164426 4294901760
-1.8131397 7.7853484 -4.1249366 4294901760
-2.7422738 9.6204548 -4.32623 4294901760
-2.7864726 11.964693 -4.5441723 4294901760
-3.7917218 13.302132 -4.67694 4294901760
-2.8939552 15.908626 -4.847065 4294901760
-5.4013686 18.9491 -5.2046046 4294901760
-4.0466399 17.375662 -5.0250411 4294901760
-6.7571263 19.951603 -5.3847027 4294901760
-4.1866231 23.014668 -5.4404263 4294901760
-6.0559835 26.003479 -5.9056807 4294901760
-0.788082 3.4381862 -3.6973848 4294901760
-1.5561239 5.5323763 -3.9137247 4294901760
-1.7877069 7.7992759 -4.1254911 4294901760
-2.7097473 9.6337719 -4.3251514 4294901760
-2.7464662 11.98208 -4.5431881 4294901760
-3.7409611 13.299972 -4.6705608 4294901760
-2.8391082 15.92255 -4.8438292 4294901760
-5.3330336 18.960154 -5.1989961 4294901760
-3.9877474 17.397449 -5.0224209 4294901760
-6.6785741 19.94857 -5.3757191 4294901760
-4.1104717 23.052729 -5.4384637 4294901760
-5.9678597 26.036139 -5.9014187 4294901760
-0.7768724 3.4444528 -3.6986396 4294901760
-1.5368013 5.537775 -3.9124973 4294901760
-1.7587433 7.7978163 -4.1212401 4294901760
-2.6782143 9.6507902 -4.3251014 4294901760
-2.7072401 12.003207 -4.5431075 4294901760
-3.6976995 13.324447 -4.6701899 4294901760
-2.7841923 15.936287 -4.8405704 4294901760
-5.264679 18.970966 -5.1933651 4294901760
-3.925236 17.403488 -5.0167913 4294901760
-6.6088948 19.971762 -5.3716207 4294901760
-4.0347824 23.094471 -5.4370985 4294901760
-5.8822064 26.080193 -5.8990073 4294901760
-0.76484501 3.4471436 -3.6978166 4294901760
-1.5174626 5.5431051 -3.9112623 4294901760
-1.7289659 7.7924199 -4.1157856 4294901760
-2.6424248 9.6524544 -4.3208632 4294901760
-2.6661868 12.016459 -4.5411615 4294901760
-3.6511686 13.337272 -4.6672182 4294901760
-2.7319093 15.965535 -4.8403983 4294901760
-5.2015905 19.000772 -5.191268 4294901760
-3.8627388 17.409298 -5.0111423 4294901760
-6.5354209 19.983324 -5.3653946 4294901760
-3.9615567 23.151711 -5.4382472 4294901760
-5.7946005 26.116165 -5.8952923 4294901760
-0.75246412 3.442446 -3.69293 4294901760
-1.5010474 5.5515628 -3.9116387 4294901760
-1.7053157 7.8016443 -4.1152983 4294901760
-2.6151845 9.6721544 -4.3220429 4294901760
-2.6267304 12.017021 -4.5367222 4294901760
-3.6082149 13.344836 -4.6636696 4294901760
-2.6830604 15.981893 -4.8382773 4294901760
-5.1439586 19.024721 -5.1888561 4294901760
-3.8063276 17.413557 -5.0058937 4294901760
-6.4701557 19.996161 -5.360261 4294901760
-3.8947582 23.199482 -5.438663 4294901760
-5.7116771 26.130337 -5.8890214 4294901760
-0.73923975 3.4453101 -3.6920166 4294901760
-1.4777365 5.5498419 -3.9072754 4294901760
-1.6745224 7.8043008 -4.1120329 4294901760
-2.5790417 9.6859446 -4.3206873 4294901760
-2.5855608 12.050298 -4.5390568 4294901760
-3.5600147 13.370123 -4.6629348 4294901760
-2.6223149 15.99601 -4.834538 4294901760
-5.0626535 19.013489 -5.1784654 4294901760
-3.7436142 17.447536 -5.0049877 4294901760
-6.3908954 20.013254 -5.3542686 4294901760
-3.8095207 23.237913 -5.4359317 4294901760
-5.6154857 26.171604 -5.8852262 4294901760
-0.72496343 3.4372282 -3.6849737 4294901760
-1.4583534 5.5549669 -3.9060183 4294901760
-1.648887 7.8177752 -4.1125298 4294901760
-2.5492277 9.7101803 -4.3226552 4294901760
-2.5426595 12.055368 -4.5352168 4294901760
-3.5112991 13.374776 -4.6581931 4294901760
-2.5670886 16.008997 -4.8311858 4294901760
-4.9992876 19.042625 -5.1762848 4294901760
-3.6917334 17.503408 -5.0089192 4294901760
-6.3101816 20.001179 -5.3437853 4294901760
-3.7321692 23.274727 -5.433753 4294901760
-5.5331564 26.234043 -5.8857751 4294901760
-0.71517056 3.4503865 -3.6903419 4294901760
-1.440888 5.5674806 -3.9077384 4294901760
-1.6200011 7.8157997 -4.1082401 4294901760
-2.5163145 9.7228451 -4.321485 4294901760
-2.5005713 12.064168 -4.5322819 4294901760
-3.4646003 13.386949 -4.6551495 4294901760
-2.5124362 16.02573 -4.8285866 4294901760
-4.9278007 19.040642 -5.1684122 4294901760
-3.6298158 17.512281 -5.0039172 4294901760
-6.2332134 20.000214 -5.3353796 4294901760
-3.6496816 23.27972 -5.426456 4294901760
-5.4342709 26.217993 -5.8737578 4294901760
-0.70384449 3.4564145 -3.6915653 4294901760
-1.4214436 5.5724764 -3.9064646 4294901760
-1.5927067 7.8214073 -4.106328 4294901760
-2.4784496 9.7162504 -4.3151054 4294901760
-2.4600244 12.0806 -4.5311656 4294901760
-3.4198122 13.406669 -4.6537962 4294901760
-2.4582856 16.046213 -4.8267336 4294901760
-4.8603144 19.053862 -5.1633492 4294901760
-3.5694549 17.528753 -5.0003734 4294901760
-6.1610074 20.014223 -5.3297372 4294901760
-3.5720198 23.316002 -5.4242029 4294901760
-5.3522768 26.283772 -5.8748403 4294901760
-0.69298309 3.4586084 -3.6908011 4294901760
-1.4039314 5.5769148 -3.9053118 4294901760
-1.5673583 7.8225265 -4.1034074 4294901760
-2.4498444 9.7316532 -4.3151712 4294901760
-2.4205034 12.080487 -4.5266614 4294901760
-3.3815637 13.432774 -4.654439 4294901760
-2.4131825 16.089304 -4.8299022 4294901760
-4.8092022 19.103861 -5.1657619 4294901760
-3.5175059 17.555515 -4.999455 4294901760
-6.0934548 20.018204 -5.3231087 4294901760
-3.5076423 23.386345 -5.4282174 4294901760
-5.2712531 26.30829 -5.8702774 4294901760
-0.6802054 3.4574494 -3.6878822 4294901760
-1.3853815 5.5855198 -3.9055135 4294901760
-1.5415552 7.8356466 -4.103858 4294901760
-2.4168086 9.7439833 -4.313961 4294901760
-2.3790827 12.092756 -4.5245962 4294901760
-3.3336926 13.440636 -4.6504831 4294901760
-2.3610404 16.125214 -4.8310733 4294901760
-4.7415218 19.116659 -5.1606445 4294901760
-3.4608171 17.591158 -4.9995522 4294901760
-6.0212374 20.031706 -5.317421 4294901760
-3.4259813 23.398447 -5.4220848 4294901760
-5.1832361 26.346127 -5.8669 4294901760
-0.66684103 3.4563599 -3.6849172 4294901760
-1.3621579 5.5793343 -3.8996856 4294901760
-1.5143099 7.848948 -4.104198 4294901760
-2.3810763 9.7527752 -4.3115859 4294901760
-2.3317347 12.085812 -4.5177894 4294901760
-3.2834611 13.4489 -4.6463547 4294901760
-2.3007932 16.125874 -4.8250766 4294901760
-4.6723652 19.137787 -5.1566892 4294901760
-3.3970697 17.607639 -4.9957104 4294901760
-5.9386921 20.023027 -5.3073316 4294901760
-3.3475246 23.462238 -5.4238148 4294901760
-5.0866313 26.364946 -5.8600421 4294901760
-0.65537626 3.4585524 -3.6840999 4294901760
-1.3427488 5.5800762 -3.8969617 4294901760
-1.4868144 7.8462181 -4.0999641 4294901760
-2.3496487 9.7644615 -4.3104601 4294901760
-2.294601 12.109071 -4.5185866 4294901760
-3.2388477 13.459716 -4.6433749 4294901760
-2.2478578 16.13736 -4.821794 4294901760
-4.6107478 19.160934 -5.1538553 4294901760
-3.3356965 17.60314 -4.9886012 4294901760
-5.8722644 20.04261 -5.3032012 4294901760
-3.2702582 23.477167 -5.4185514 4294901760
-5.00141 26.393446 -5.8556695 4294901760
-0.64329875 3.4608192 -3.6832349 4294901760
-1.3232609 5.5847292 -3.895654 4294901760
-1.4615653 7.8629298 -4.1015649 4294901760
-2.3173702 9.7802963 -4.3102403 4294901760
-2.2537653 12.124809 -4.5173841 4294901760
-3.1918411 13.47094 -4.6402206 4294901760
-2.19151 16.145107 -4.8175092 4294901760
-4.5419903 19.169147 -5.1479597 4294901760
-3.2713106 17.598999 -4.9812574 4294901760
-5.8011522 20.059153 -5.2981348 4294901760
-3.1855962 23.468655 -5.409174 4294901760
-4.9172721 26.453945 -5.8558884 4294901760
-0.63121504 3.4630435 -3.6823657 4294901760
-1.3081348 5.6080709 -3.9017696 4294901760
-1.4327047 7.8602667 -4.0972166 4294901760
-2.2823205 9.7844763 -4.3069038 4294901760
-2.2121427 12.136507 -4.5152507 4294901760
-3.1457057 13.485872 -4.637898 4294901760
-2.1356649 16.156607 -4.813971 4294901760
-4.4768667 19.192657 -5.1448488 4294901760
-3.2141519 17.633842 -4.9812431 4294901760
-5.7376752 20.10231 -5.2978783 4294901760
-3.1062772 23.499424 -5.4060564 4294901760
-4.8227577 26.459158 -5.8473873 4294901760
-0.61848438 3.461657 -3.6794305 4294901760
-1.2859638 5.6013398 -3.8959866 4294901760
-1.4052565 7.8652201 -4.0952334 4294901760
-2.250803 9.8039398 -4.3076859 4294901760
-2.1704595 12.148061 -4.5130997 4294901760
-3.0994985 13.500648 -4.6355553 4294901760
-2.0777268 16.152117 -4.8073521 4294901760
-4.4151964 19.231503 -5.1445107 4294901760
-3.15608 17.664579 -4.9804602 4294901760
-5.6717939 20.137585 -5.2962031 4294901760
-3.0288091 23.545771 -5.405406 4294901760
-4.7261462 26.452238 -5.8370032 4294901760
-0.60827506 3.4745073 -3.6847348 4294901760
-1.2672564 5.609551 -3.8961394 4294901760
-1.3777987 7.8700767 -4.0932407 4294901760
-2.216574 9.8117352 -4.3053551 4294901760
-2.1259973 12.143837 -4.5072923 4294901760
-3.0532393 13.515262 -4.6331935 4294901760
-2.0228264 16.171122 -4.8053026 4294901760
-4.3524494 19.266256 -5.1434379 4294901760
-3.0957873 17.683342 -4.9774494 4294901760
-5.6046863 20.168795 -5.2938056 4294901760
-2.9481037 23.568085 -5.4009557 4294901760
-4.6386223 26.496115 -5.8346205 4294901760
-0.59430408 3.4658899 -3.6776719 4294901760
-1.2459947 5.60642 -3.8918324 4294901760
-1.3476647 7.8593736 -4.0865026 4294901760
-2.1797359 9.8078384 -4.2999191 4294901760
-2.0822499 12.143362 -4.5023832 4294901760
-3.0077651 13.533601 -4.6316581 4294901760
-1.9711676 16.217623 -4.8085656 4294901760
-4.2860308 19.285229 -5.139534 4294901760
-3.0360584 17.705828 -4.9751425 4294901760
-5.538465 20.203636 -5.2920623 4294901760
-2.8648474 23.570303 -5.3933458 4294901760
-4.5487981 26.527893 -5.8303404 4294901760
-0.58520234 3.4858196 -3.6870787 4294901760
-1.2280606 5.6182613 -3.8934517 4294901760
-1.321519 7.871767 -4.0868592 4294901760
-2.1446402 9.8115273 -4.2965355 4294901760
-2.0398459 12.150558 -4.499279 4294901760
-2.9622009 13.551789 -4.6301012 4294901760
-1.9122075 16.204628 -4.8003631 4294901760
-4.2195339 19.30397 -5.1356025 4294901760
-2.9755509 17.724182 -4.9720774 4294901760
-5.4762383 20.253675 -5.2930346 4294901760
-2.7816124 23.572227 -5.3857121 4294901760
-4.4627771 26.583004 -5.8297091 4294901760
-0.57244396 3.4842637 -3.6841264 4294901760
-1.2092524 5.6262798 -3.8935788 4294901760
-1.2940348 7.8763313 -4.0848384 4294901760
-2.1112111 9.8228178 -4.2951984 4294901760
-1.9980656 12.161518 -4.497067 4294901760
-2.9173882 13.573711 -4.6293683 4294901760
-1.8560874 16.21516 -4.7967157 4294901760
-4.1554828 19.334187 -5.1337357 4294901760
-2.915606 17.746262 -4.9697151 4294901760
-5.4044814 20.268808 -5.2877865 4294901760
-2.6997721 23.585762 -5.3799224 4294901760
-4.3699632 26.598417 -5.822885 4294901760
-0.56027722 3.4862406 -3.683228 4294901760
-1.1911967 5.6380043 -3.8951774 4294901760
-1.2671536 7.8846731 -4.0839882 4294901760
-2.0777249 9.8339949 -4.2938466 4294901760
-1.9562284 12.172337 -4.4948373 4294901760
-2.8691638 13.579922 -4.625236 4294901760
-1.7999095 16.2255 -4.793046 4294901760
-4.0995116 19.403231 -5.1387944 4294901760
-2.8536377 17.75633 -4.9651394 4294901760
-5.3407969 20.314577 -5.2879977 4294901760
-2.622263 23.638702 -5.3803148 4294901760
-4.2770839 26.61351 -5.8160272 4294901760
-0.54693443 3.4846895 -3.6802244 4294901760
-1.1666133 5.6234741 -3.8863373 4294901760
-1.23764 7.8853898 -4.0806651 4294901760
-2.0432751 9.8492823 -4.2933869 4294901760
-1.911604 12.179424 -4.491528 4294901760
-2.8201823 13.594239 -4.6226082 4294901760
-1.741281 16.239908 -4.7898912 4294901760
-4.0316138 19.433752 -5.1366158 4294901760
-2.7959599 17.813932 -4.9690385 4294901760
-5.2703123 20.349472 -5.2858834 4294901760
-2.5351846 23.644182 -5.3728881 4294901760
-4.1751823 26.601387 -5.8045087 4294901760
-0.53598487 3.4863904 -3.679409 4294901760
-1.148942 5.6271114 -3.8851001 4294901760
-1.2134587 7.8931155 -4.0799985 4294901760
-2.0123246 9.8556538 -4.2912197 4294901760
-1.8727311 12.181447 -4.4877739 4294901760
-2.778259 13.60693 -4.6204591 4294901760
-1.6906683 16.24926 -4.7866254 4294901760
-3.9753342 19.46978 -5.1365042 4294901760
-2.740591 17.826567 -4.9655962 4294901760
-5.2113037 20.385265 -5.2851157 4294901760
-2.4633756 23.675863 -5.3707457 4294901760
-4.0982723 26.657801 -5.8050046 4294901760
-0.52327257 3.4846551 -3.676445 4294901760
-1.1285338 5.6273112 -3.8822403 4294901760
-1.1841496 7.8856668 -4.0744047 4294901760
-1.9747986 9.8471174 -4.2846994 4294901760
-1.8307846 12.191834 -4.4854965 4294901760
-2.7354333 13.63994 -4.6221642 4294901760
-1.6339333 16.255062 -4.782135 4294901760
-3.91362 19.514839 -5.1372681 4294901760
-2.6777515 17.832083 -4.960217 4294901760
-5.1362076 20.387848 -5.2776995 4294901760
-2.3819082 23.696234 -5.3660569 4294901760
-4.0069666 26.683792 -5.7998743 4294901760
-0.51163226 3.4900475 -3.6775844 4294901760
-1.1073967 5.6236572 -3.8778977 4294901760
-1.156618 7.8897524 -4.0723376 4294901760
-1.9404157 9.8539505 -4.2822704 4294901760
-1.787643 12.194225 -4.4813991 4294901760
-2.6878073 13.649405 -4.6187997 4294901760
-1.5791084 16.280485 -4.7814016 4294901760
-3.8431675 19.516632 -5.1303778 4294901760
-2.6201196 17.872879 -4.9613361 4294901760
-5.0650139 20.405651 -5.2729926 4294901760
-2.3034239 23.748125 -5.3662705 4294901760
-0.49841908 3.4846346 -3.6725614 4294901760
-1.0906823 5.6426163 -3.8824089 4294901760
-1.1290685 7.8937416 -4.0702605 4294901760
-1.9060044 9.8606634 -4.2798285 4294901760
-1.7445014 12.196464 -4.4772878 4294901760
-2.6393871 13.6548 -4.6145782 4294901760
-1.5230061 16.293829 -4.7783751 4294901760
-3.7810709 19.561272 -5.1310706 4294901760
-2.5582755 17.885862 -4.9573541 4294901760
-4.997541 20.438719 -5.2709827 4294901760
-2.2197638 23.748068 -5.3584242 4294901760
-0.48675394 3.4899435 -3.6736915 4294901760
-1.0716983 5.6501732 -3.8824797 4294901760
-1.1031345 7.9092884 -4.0716982 4294901760
-1.8701017 9.8594894 -4.2753296 4294901760
-1.7019198 12.202477 -4.4740639 4294901760
-2.5917101 13.66393 -4.6111798 4294901760
-1.464697 16.283178 -4.7708082 4294901760
-3.7187197 19.605715 -5.1317244 4294901760
-2.4996853 17.922321 -4.9576812 4294901760
-4.9289746 20.46768 -5.2682581 4294901760
-2.1382904 23.771582 -5.3542447 4294901760
-0.4745695 3.4916215 -3.6727653 4294901760
-1.0526748 5.6576667 -3.8825417 4294901760
-1.0739361 7.9014311 -4.0660777 4294901760
-1.8378453 9.877615 -4.2759285 4294901760
-1.6609204 12.220139 -4.4735212 4294901760
-2.5461836 13.684624 -4.6102753 4294901760
-1.4081957 16.292162 -4.7669911 4294901760
-3.6582932 19.661728 -5.1344042 4294901760
-2.4408717 17.958591 -4.9579716 4294901760
-4.8667135 20.523602 -5.2702575 4294901760
-2.0566795 23.794813 -5.350028 4294901760
-0.46237764 3.493257 -3.6718345 4294901760
-1.0329179 5.6613073 -3.8811207 4294901760
-1.0478903 7.9167976 -4.0674896 4294901760
-1.8026428 9.8800831 -4.2724276 4294901760
-1.6218956 12.2534 -4.4765487 4294901760
-2.4991097 13.69734 -4.6076751 4294901760
-1.350325 16.28507 -4.760148 4294901760
-3.5946467 19.701857 -5.134284 4294901760
-2.3792114 17.974911 -4.9546251 4294901760
-4.79776 20.55213 -5.2674608 4294901760
-1.9739311 23.80583 -5.3439364 4294901760
-0.45064494 3.4984448 -3.6729479 4294901760
-1.0138295 5.6686702 -3.8811653 4294901760
-1.0197498 7.9165168 -4.0641994 4294901760
-1.7709293 9.9018764 -4.274013 4294901760
-1.5786089 12.25505 -4.472373 4294901760
-2.4505849 13.702065 -4.603385 4294901760
-1.2944207 16.301596 -4.757792 4294901760
-3.5279646 19.726068 -5.1313767 4294901760
-2.3179843 17.994965 -4.9519715 4294901760
-4.7233133 20.557077 -5.2605662 4294901760
-1.8927228 23.836456 -5.3408723 4294901760
-0.43752822 3.4928029 -3.6679132 4294901760
-0.99137455 5.6569977 -3.8738432 4294901760
-0.9930827 7.9278131 -4.0644131 4294901760
-1.7336227 9.8924265 -4.2674308 4294901760
-1.5333519 12.240801 -4.464601 4294901760
-2.4013638 13.702702 -4.5982447 4294901760
-1.240519 16.345728 -4.7606483 4294901760
-3.4570141 19.726471 -5.12432 4294901760
-2.2581241 18.026682 -4.9514432 4294901760
-4.6559224 20.592909 -5.2590628 4294901760
-1.809198 23.83894 -5.3334947 4294901760
-0.42533252 3.4943089 -3.6669707 4294901760
-0.97162056 5.6604247 -3.8724039 4294901760
-0.96634918 7.9390182 -4.0646129 4294901760
-1.7010847 9.9101048 -4.2679658 4294901760
-1.4891727 12.234262 -4.4586143 4294901760
-2.3568785 13.7306 -4.5989242 4294901760
-1.1834499 16.349958 -4.75599 4294901760
-3.3935308 19.769884 -5.124783 4294901760
-2.1951809 18.034456 -4.9465795 4294901760
-4.5848737 20.612934 -5.2548203 4294901760
-1.7256788 23.841125 -5.3260918 4294901760
-0.41398588 3.5029719 -3.670115 4294901760
-0.95249838 5.6675792 -3.872427 4294901760
-0.93679512 7.9267607 -4.0577888 4294901760
-1.6658335 9.9120836 -4.2644172 4294901760
-1.4473979 12.247264 -4.457088 4294901760
-2.3082857 13.734818 -4.5945835 4294901760
-1.1269293 16.361935 -4.7528062 4294901760
-3.3284822 19.805216 -5.123837 4294901760
-2.1331639 18.049923 -4.9431262 4294901760
-4.505229 20.593712 -5.2438016 4294901760
-1.6435614 23.862938 -5.3217053 4294901760
-0.40134189 3.5007944 -3.6671181 4294901760
-0.93395776 5.6784716 -3.8739092 4294901760
-0.90822423 7.9221897 -4.053298 4294901760
-1.6318624 9.9217377 -4.2628884 4294901760
-1.4068947 12.271955 -4.4582191 4294901760
-2.2577429 13.727097 -4.5877333 4294901760
-1.0687653 16.349874 -4.7451282 4294901760
-3.2632084 19.840336 -5.1228528 4294901760
-2.0710485 18.065184 -4.9396462 4294901760
-4.4408665 20.64444 -5.2449021 4294901760
-1.5623317 23.90041 -5.3197079 4294901760
-0.39072135 3.5165861 -3.6743357 4294901760
-0.9147436 5.6855006 -3.8739135 4294901760
-0.88099986 7.9292102 -4.0523014 4294901760
-1.5972211 9.9273739 -4.2603312 4294901760
-1.3636132 12.272847 -4.4539771 4294901760
-2.2091837 13.730968 -4.5833654 4294901760
-1.012182 16.361454 -4.7419038 4294901760
-3.198374 19.879185 -5.1225147 4294901760
-2.0110619 18.10004 -4.9397087 4294901760
-4.3778648 20.70277 -5.2473044 4294901760
-1.4781592 23.893759 -5.3110027 4294901760
-0.37727961 3.5071151 -3.6672442 4294901760
-0.89429176 5.6848531 -3.8709748 4294901760
-0.85373372 7.9361362 -4.0512924 4294901760
-1.563784 9.9406967 -4.2597876 4294901760
-1.3207614 12.277532 -4.4506121 4294901760
-2.1630907 13.750381 -4.5822983 4294901760
-0.95552337 16.372839 -4.7386556 4294901760
-3.130198 19.898111 -5.118731 4294901760
-1.9482902 18.110912 -4.9354587 4294901760
-4.3136892 20.757013 -5.2489867 4294901760
-1.3959023 23.918707 -5.3071132 4294901760
-0.36564654 3.5083473 -3.6663272 4294901760
-0.8754335 5.687788 -3.869571 4294901760
-0.82659644 7.9311218 -4.0468888 4294901760
-1.530808 9.9458284 -4.2573328 4294901760
-1.2820935 12.301578 -4.451848 4294901760
-2.1192918 13.769272 -4.5813875 4294901760
-0.90078163 16.367964 -4.732656 4294901760
-3.0714748 19.955709 -5.1219802 4294901760
-1.8878033 18.11331 -4.9300117 4294901760
-4.243228 20.76338 -5.2428246 4294901760
-1.3170096 23.931179 -5.3017225 4294901760
-0.35303548 3.5059953 -3.6633177 4294901760
-0.85557538 5.6908088 -3.8680866 4294901760
-0.79930139 7.9378619 -4.0458612 4294901760
-1.4966712 9.95502 -4.2557483 4294901760
-1.2403405 12.317822 -4.4511147 4294901760
-2.0718093 13.780518 -4.5786209 4294901760
-0.84446466 16.386919 -4.7308493 4294901760
-3.0000222 19.95447 -5.1147342 4294901760
-1.8253673 18.127722 -4.9264288 4294901760
-4.1754422 20.801548 -5.2417483 4294901760
-1.2336767 23.939615 -5.2953515 4294901760
-0.34114644 3.5108142 -3.6643846 4294901760
-0.83682549 5.7013826 -3.8695223 4294901760
-0.77121043 7.9366989 -4.0424976 4294901760
-1.4619147 9.9601831 -4.2531395 4294901760
-1.1958033 12.306279 -4.44415 4294901760
-2.0248518 13.795535 -4.5766616 4294901760
-0.78668869 16.377831 -4.7238393 4294901760
-2.9344103 19.992456 -5.1142516 4294901760
-1.7616968 18.130016 -4.9206924 4294901760
-4.1089859 20.847328 -5.241972 4294901760
-1.1508758 23.959732 -5.2907557 4294901760
-0.32855043 3.5083745 -3.6613686 4294901760
-0.81637132 5.7004571 -3.8665593 4294901760
-0.7434994 7.939343 -4.0402875 4294901760
-1.4288167 9.976964 -4.2535453 4294901760
-1.1520959 12.302477 -4.438951 4294901760
-1.9755528 13.794646 -4.5713801 4294901760
-0.72897869 16.368544 -4.7168169 4294901760
-2.8685603 20.030228 -5.1137295 4294901760
-1.7021129 18.175747 -4.9227252 4294901760
-4.0323935 20.841949 -5.2334657 4294901760
-1.0672272 23.963604 -5.2837219 4294901760
-0.31695345 3.516721 -3.664463 4294901760
-0.79487091 5.6918263 -3.8606677 4294901760
-0.7161352 7.9457965 -4.0392289 4294901760
-1.3923439 9.9701462 -4.2478843 4294901760
-1.1073669 12.286664 -4.4310884 4294901760
-1.9268413 13.797519 -4.5669107 4294901760
-0.67249399 16.386904 -4.7149429 4294901760
-2.7997324 20.048023 -5.1097884 4294901760
-1.6393769 18.18952 -4.9190598 4294901760
-3.9655776 20.88727 -5.2336173 4294901760
-0.98324978 23.959202 -5.275465 4294901760
-0.30406103 3.517859 -3.6634266 4294901760
-0.77452129 5.6985188 -3.8605418 4294901760
-0.6859923 7.936645 -4.033411 4294901760
-1.3568541 9.983016 -4.2471194 4294901760
-1.0643736 12.31436 -4.4327703 4294901760
-1.8773255 13.81237 -4.5647111 4294901760
-0.61242431 16.389259 -4.7098546 4294901760
-2.7310653 20.093737 -5.1102757 4294901760
-1.5740665 18.211292 -4.916523 4294901760
-3.8992124 20.956608 -5.2374611 4294901760
-0.89736068 24.014523 -5.2757931 4294901760
-0.29178029 3.518899 -3.6624358 4294901760
-0.75664806 5.7164621 -3.8648615 4294901760
-0.65796167 7.9350824 -4.0300174 4294901760
-1.3209635 9.9798546 -4.2424469 4294901760
-1.023352 12.341725 -4.4345965 4294901760
-1.8275373 13.80701 -4.5585637 4294901760
-0.5561586 16.419159 -4.7101326 4294901760
-2.663007 20.118969 -5.1076164 4294901760
-1.5101621 18.212704 -4.9106879 4294901760
-3.846103 21.080046 -5.2508249 4294901760
-0.81393945 24.029478 -5.2704549 4294901760
-0.28039789 3.5234609 -3.6635249 4294901760
-0.7376886 5.7189398 -3.8634083 4294901760
-0.63226825 7.9450397 -4.0301991 4294901760
-1.2883695 9.988101 -4.2409153 4294901760
-0.98179269 12.33714 -4.4295182 4294901760
-1.7807269 13.805107 -4.5534124 4294901760
-0.50195426 16.428879 -4.7069545 4294901760
-2.5983214 20.143518 -5.1051941 4294901760
-1.4478644 18.193766 -4.9015732 4294901760
-3.7761819 21.092684 -5.2457747 4294901760
-0.73474294 24.048014 -5.266037 4294901760
-0.26809603 3.5244184 -3.6625247 4294901760
-0.71676087 5.7138362 -3.8589568 4294901760
-0.60452884 7.9471989 -4.0279436 4294901760
-1.253002 9.988615 -4.2372274 4294901760
-0.93751484 12.324667 -4.4224944 4294901760
-1.7335134 13.81913 -4.551343 4294901760
-0.44470701 16.434513 -4.7027755 4294901760
-2.5289795 20.160383 -5.1011252 4294901760
-1.3831331 18.182812 -4.8935986 4294901760
-3.7032161 21.109673 -5.2410955 4294901760
-0.65014064 24.026482 -5.2552843 4294901760
-0.2550056 3.5144856 -3.6554234 4294901760
-0.6982109 5.7277732 -3.8617847 4294901760
-0.57735366 7.9570847 -4.0279884 4294901760
-1.2176514 9.9890032 -4.23353 4294901760
-0.89506483 12.335778 -4.4207416 4294901760
-1.6862305 13.832993 -4.5492535 4294901760
-0.38734058 16.435963 -4.6978459 4294901760
-2.4600439 20.180971 -5.0977001 4294901760
-1.321101 18.207407 -4.8919253 4294901760
-3.6328909 21.142136 -5.2390361 4294901760
-0.56664997 24.044573 -5.2504487 4294901760
-0.24248555 3.5117376 -3.6523869 4294901760
-0.6768533 5.7187009 -3.8558671 4294901760
-0.5493024 7.9551377 -4.024559 4294901760
-1.1832378 9.9971189 -4.2318268 4294901760
-0.85226953 12.342785 -4.4180913 4294901760
-1.6383978 13.842744 -4.5463243 4294901760
-0.33020151 16.449158 -4.695087 4294901760
-2.3909857 20.201323 -5.0942426 4294901760
-1.2578073 18.215885 -4.8874183 4294901760
-3.5584011 21.150753 -5.2329731 4294901760
-0.48238853 24.030432 -5.2408428 4294901760
-0.23069906 3.5197978 -3.6554394 4294901760
-0.65732503 5.7248554 -3.8557663 4294901760
-0.52127177 7.9530935 -4.0211229 4294901760
-1.1478806 9.997262 -4.228107 4294901760
-0.80969572 12.353605 -4.4163022 4294901760
-1.5914251 13.860233 -4.5450101 4294901760
-0.27264467 16.442247 -4.6886597 4294901760
-2.3222709 20.225405 -5.091424 4294901760
-1.1952522 18.236078 -4.884985 4294901760
-3.4890838 21.190619 -5.2321672 4294901760
-0.39876202 24.047943 -5.2359443 4294901760
-0.21886095 3.527818 -3.6584835 4294901760
-0.63776481 5.7309432 -3.8556571 4294901760
-0.49399456 7.9626946 -4.0211339 4294901760
-1.1107931 9.9815674 -4.2203789 4294901760
-0.76730841 12.368237 -4.4153705 4294901760
-1.5421573 13.857799 -4.5395951 4294901760
-0.21556516 16.466993 -4.6880398 4294901760
-2.2538679 20.253216 -5.0892406 4294901760
-1.1310993 18.232182 -4.8783345 4294901760
-3.4157326 21.206608 -5.227366 4294901760
-0.3146126 24.033215 -5.2262969 4294901760
-0.20612229 3.5213225 -3.6534069 4294901760
-0.61775738 5.7331343 -3.8540862 4294901760
-0.4666566 7.9722009 -4.0211306 4294901760
-1.0767932 9.9932432 -4.2196407 4294901760
-0.72274184 12.347073 -4.4065447 4294901760
-1.4946302 13.871004 -4.537426 4294901760
-0.15785745 16.443748 -4.6786718 4294901760
-2.184444 20.27286 -5.0856886 4294901760
-1.0655904 18.20418 -4.867487 4294901760
-3.3454175 21.242062 -5.2258272 4294901760
-0.23076263 24.038162 -5.219573 4294901760
-0.19383009 3.5220203 -3.6523848 4294901760
-0.5977425 5.7352562 -3.8525088 4294901760
-0.4392584 7.9816146 -4.0211139 4294901760
-1.0435447 10.012666 -4.2208815 4294901760
-0.6813851 12.381217 -4.4099498 4294901760
-1.4466174 13.880094 -4.5344229 4294901760
-0.10053346 16.456148 -4.6758265 4294901760
-2.1132557 20.276396 -5.0794454 4294901760
-1.0033578 18.231672 -4.8663769 4294901760
-3.2748964 21.277281 -5.2242498 4294901760
-0.14685732 24.038822 -5.212234 4294901760
-0.18233578 3.5262642 -3.6534359 4294901760
-0.57833219 5.7333736 -3.8495531 4294901760
-0.41298825 7.9869442 -4.020052 4294901760
-1.0099361 10.012137 -4.2172565 4294901760
-0.63991046 12.375484 -4.4047775 4294901760
-1.3997793 13.8769 -4.5291548 4294901760
-0.046013452 16.476305 -4.6746559 4294901760
-2.045599 20.279322 -5.0734591 4294901760
-0.94330037 18.242861 -4.8627191 4294901760
-3.2132275 21.347237 -5.2288179 4294901760
-0.06723468 24.075113 -5.2105064 4294901760
-0.16985025 3.5232582 -3.6503797 4294901760
-0.55831397 5.7353578 -3.8479631 4294901760
-0.3849152 7.9844193 -4.0165701 4294901760
-0.97574449 10.023471 -4.2164712 4294901760
-0.59708703 12.385568 -4.4029012 4294901760
-1.3528689 13.897534 -4.5285521 4294901760
0.011495973 16.464418 -4.6674223 4294901760
-1.9744066 20.282368 -5.0671725 4294901760
-0.87845868 18.222151 -4.8532238 4294901760
-3.1427486 21.385969 -5.2278099 4294901760
0.016812848 24.079195 -5.2036891 4294901760
-0.1577117 3.5274513 -3.6513698 4294901760
-0.53900844 5.7449417 -3.8492625 4294901760
-0.35703987 7.9857149 -4.0142269 4294901760
-0.93963963 10.01501 -4.2106977 4294901760
-0.55278295 12.363793 -4.3940449 4294901760
-1.30546 13.914052 -4.5271134 4294901760
0.068888366 16.444363 -4.6587353 4294901760
-1.9039631 20.293108 -5.0621877 4294901760
-0.81484121 18.225107 -4.8478761 4294901760
-3.0709062 21.416567 -5.2254529 4294901760
0.10095482 24.098957 -5.1991758 4294901760
-0.14569865 3.5352249 -3.654377 4294901760
-0.51895559 5.746788 -3.8476574 4294901760
-0.32916787 7.9869127 -4.0118752 4294901760
-0.9050374 10.022164 -4.2088923 4294901760
-0.50995719 12.373577 -4.3921418 4294901760
-1.2572503 13.922484 -4.524035 4294901760
0.12624756 16.440042 -4.652926 4294901760
-1.8320527 20.287706 -5.0545344 4294901760
-0.75106722 18.223858 -4.8418179 4294901760
-2.9972498 21.435062 -5.2211013 4294901760
0.18527326 24.12641 -5.1957903 4294901760
-0.13321994 3.5320888 -3.6513097 4294901760
-0.49889085 5.7485647 -3.846045 4294901760
-0.30128419 7.9880123 -4.0095139 4294901760
-0.87107056 10.037077 -4.2090573 4294901760
-0.46720761 12.387176 -4.3910871 4294901760
-1.2082965 13.922827 -4.519321 4294901760
0.18341517 16.419588 -4.6442237 4294901760
-1.7625989 20.309881 -5.0514822 4294901760
-0.68729436 18.222383 -4.8357401 4294901760
-2.9213254 21.437481 -5.2141089 4294901760
0.26904938 24.085684 -5.182488 4294901760
-0.12101456 3.5361557 -3.6522827 4294901760
-0.47882277 5.7502713 -3.8444262 4294901760
-0.27353477 7.9929357 -4.0082855 4294901760
-0.83603144 10.040056 -4.2062311 4294901760
-0.42478231 12.412526 -4.3926125 4294901760
-1.1593623 13.922997 -4.5145936 4294901760
0.24113445 16.446722 -4.6441293 4294901760
-1.6913666 20.311934 -5.045104 4294901760
-0.62423134 18.240608 -4.8330884 4294901760
-2.8470066 21.451506 -5.2090492 4294901760
0.35270777 24.056648 -5.1709247 4294901760
-0.10855804 3.532933 -3.6492097 4294901760
-0.45843992 5.7480683 -3.841357 4294901760
-0.24563043 7.9938416 -4.0059056 4294901760
-0.80223423 10.058673 -4.2073522 4294901760
-0.38120487 12.406002 -4.3871851 4294901760
-1.112016 13.942816 -4.5138798 4294901760
0.29818574 16.425871 -4.6354022 4294901760
-1.6207662 20.321692 -5.040019 4294901760
-0.56116325 18.2626 -4.8310943 4294901760
-2.7741492 21.47715 -5.2059102 4294901760
0.43639556 24.039301 -5.161087 4294901760
-0.096125521 3.5296667 -3.6461353 4294901760
-0.43837109 5.7496338 -3.8397255 4294901760
-0.2177231 7.9946508 -4.0035162 4294901760
-0.76621395 10.04959 -4.2015309 4294901760
-0.33767819 12.399323 -4.3817487 4294901760
-1.0636382 13.950578 -4.5107274 4294901760
0.35561153 16.428713 -4.6309619 4294901760
-1.5510284 20.34314 -5.0368776 4294901760
-0.49718958 18.256479 -4.824264 4294901760
-2.7036355 21.522348 -5.2059808 4294901760
0.52100348 24.069571 -5.1581569 4294901760
-0.083976932 3.5372291 -3.649112 4294901760
-0.41857904 5.7549696 -3.8395293 4294901760
-0.19000311 8.0032034 -4.0033956 4294901760
-0.73170513 10.060085 -4.2006435 4294901760
-0.2941145 12.388526 -4.3754406 4294901760
-1.0143611 13.946273 -4.505147 4294901760
0.41325292 16.439312 -4.6279297 4294901760
-1.4797229 20.34445 -5.0304279 4294901760
-0.43346342 18.258102 -4.8187885 4294901760
-2.6323657 21.563354 -5.205359 4294901760
0.60511392 24.071594 -5.1511521 4294901760
-0.071629934 3.5375006 -3.6480474 4294901760
-0.39822316 5.7525535 -3.8364434 4294901760
-0.16206725 8.0038185 -4.0009866 4294901760
-0.69604075 10.054693 -4.1957941 4294901760
-0.25119263 12.405345 -4.3751597 4294901760
-0.96595103 13.953695 -4.5019617 4294901760
0.47120079 16.457678 -4.6262989 4294901760
-1.4098051 20.365414 -5.0272279 4294901760
-0.3705391 18.299364 -4.8201332 4294901760
-2.5589638 21.588266 -5.2021074 4294901760
0.68867362 24.053373 -5.1412487 4294901760
-0.059282042 3.537729 -3.6469789 4294901760
-0.37839431 5.7577519 -3.8362317 4294901760
-0.13406366 8.0004139 -3.9974332 4294901760
-0.66094112 10.057062 -4.1929088 4294901760
-0.2078909 12.406146 -4.3714128 4294901760
-0.91645807 13.945077 -4.495553 4294901760
0.52813101 16.440008 -4.6182346 4294901760
-1.3376654 20.354284 -5.0187707 4294901760
-0.30626306 18.276627 -4.8105092 4294901760
-2.4858758 21.616896 -5.1994667 4294901760
0.77224171 24.038847 -5.1319027 4294901760
-0.046931777 3.5379143 -3.6459064 4294901760
-0.35829219 5.759038 -3.8345728 4294901760
-0.10603004 7.9929891 -3.9927382 4294901760
-0.62509251 10.047473 -4.187058 4294901760
-0.16463351 12.410765 -4.3685112 4294901760
-0.86826533 13.956131 -4.4931355 4294901760
0.58480954 16.418165 -4.6094532 4294901760
-1.265859 20.346884 -5.0109501 4294901760
-0.24272352 18.297518 -4.8083763 4294901760
-2.4121666 21.64131 -5.1961441 4294901760
0.8562966 24.039995 -5.124826 4294901760
-0.034651779 3.5453069 -3.6488564 4294901760
-0.33818567 5.7602534 -3.8329072 4294901760
-0.078088172 7.9893889 -3.9891729 4294901760
-0.59024543 10.05354 -4.1851354 4294901760
-0.12138508 12.419199 -4.3664522 4294901760
-0.82070571 13.978927 -4.4930944 4294901760
0.64258754 16.427965 -4.6063385 4294901760
-1.1957574 20.367111 -5.0076694 4294901760
-0.17911962 18.326159 -4.8075719 4294901760
-2.3396022 21.67738 -5.1947174 4294901760
0.9406814 24.048832 -5.1188631 4294901760
-0.022231331 3.5381556 -3.64375 4294901760
-0.31829017 5.765245 -3.8326716 4294901760
-0.0502505 7.9974561 -3.9889987 4294901760
-0.55558634 10.063432 -4.1841817 4294901760
-0.078010939 12.415578 -4.3618035 4294901760
-0.77256584 13.993619 -4.4914308 4294901760
0.69992453 16.425621 -4.6010771 4294901760
-1.1270794 20.414986 -5.0089045 4294901760
-0.11515217 18.326672 -4.8019776 4294901760
-2.2664113 21.709236 -5.1926084 4294901760
1.0251267 24.057367 -5.1128683 4294901760
-0.011116463 3.5382082 -3.6427748 4294901760
-0.30037791 5.7700634 -3.8325956 4294901760
-0.025164023 8.0093412 -3.9901884 4294901760
-0.52438122 10.073021 -4.183506 4294901760
-0.039045665 12.427667 -4.3609495 4294901760
-0.7283957 13.992005 -4.4869657 4294901760
0.75133842 16.419363 -4.5956206 4294901760
-1.0627347 20.41444 -5.0029044 4294901760
-0.057542641 18.314983 -4.7948918 4294901760
-2.199811 21.732134 -5.1897788 4294901760
1.0999653 24.038076 -5.1036391 4294901760
0.0012377282 3.545476 -3.6457071 4294901760
-0.2796728 5.7595344 -3.826607 4294901760
0.0027933421 8.0015364 -3.9854665 4294901760
-0.48883063 10.066895 -4.1786017 4294901760
0.0043426841 12.439631 -4.359694 4294901760
-0.67935348 13.99049 -4.48208 4294901760
0.80904424 16.424593 -4.5917377 4294901760
-0.99126971 20.41404 -4.9962897 4294901760
0.0063951965 18.319059 -4.7899394 4294901760
-2.1254849 21.755573 -5.1863155 4294901760
1.18407 24.038078 -5.096457 4294901760
0.014173539 3.5309467 -3.636524 4294901760
-0.25856248 5.7605209 -3.8248329 4294901760
0.032087144 7.993628 -3.9806175 4294901760
-0.45210978 10.072567 -4.1764793 4294901760
0.049917474 12.435563 -4.3548121 4294901760
-0.62825269 13.99686 -4.4785647 4294901760
0.86923438 16.421518 -4.5861602 4294901760
-0.91769892 20.44544 -4.994525 4294901760
0.073549777 18.322901 -4.7846832 4294901760
-2.0476055 21.783089 -5.1831546 4294901760
1.2721608 24.033575 -5.0882936 4294901760
0.027143758 3.5344961 -3.6373837 4294901760
-0.23760447 5.7652779 -3.8244827 4294901760
0.061356977 7.9895353 -3.9768918 4294901760
-0.41486081 10.066258 -4.1714091 4294901760
0.095559902 12.443233 -4.3524747 4294901760
-0.57661623 13.99112 -4.4726496 4294901760
0.93099624 16.446056 -4.5854807 4294901760
-0.84307969 20.456638 -4.9894915 4294901760
0.14049648 18.294603 -4.7740078 4294901760
-1.9681058 21.794422 -5.1774006 4294901760
1.36002 24.024767 -5.0795383 4294901760
0.038286109 3.5380182 -3.6384025 4294901760
-0.21963879 5.7698455 -3.8243797 4294901760
0.086497411 7.9932241 -3.975785 4294901760
-0.38323665 10.067512 -4.1687317 4294901760
0.13456269 12.434935 -4.3472943 4294901760
-0.53281295 13.996837 -4.4697199 4294901760
0.98384327 16.462929 -4.584168 4294901760
-0.77896494 20.463175 -4.9846945 4294901760
0.19809578 18.306028 -4.7709131 4294901760
-1.9006706 21.812428 -5.17381 4294901760
1.4364375 24.036316 -5.0747495 4294901760
0.050479483 3.5269885 -3.6312835 4294901760
-0.19949816 5.770577 -3.8226686 4294901760
0.11450905 8.0007172 -3.9755449 4294901760
-0.34836736 10.076689 -4.1676965 4294901760
0.17785172 12.426455 -4.3417201 4294901760
-0.48436683 14.010535 -4.4679418 4294901760
1.0407972 16.451447 -4.5773911 4294901760
-0.70698327 20.44982 -4.9760547 4294901760
0.26210484 18.313198 -4.7665529 4294901760
-1.8248566 21.822905 -5.1683059 4294901760
1.5208303 24.039127 -5.0680223 4294901760
0.063537441 3.534029 -3.6341338 4294901760
-0.17798817 5.7597189 -3.8165801 4294901760
0.14390491 8.0041656 -3.9740419 4294901760
-0.3115516 10.081848 -4.1655202 4294901760
0.22339894 12.425719 -4.3376398 4294901760
-0.43313161 14.016191 -4.4643517 4294901760
1.1013581 16.451494 -4.5724277 4294901760
-0.63177443 20.444296 -4.968379 4294901760
0.32937232 18.320087 -4.7618809 4294901760
-1.7445359 21.82547 -5.1611948 4294901760
1.6081338 24.021439 -5.0580683 4294901760
0.076028004 3.5410347 -3.6370313 4294901760
-0.1579887 5.7641559 -3.8162863 4294901760
0.17192629 8.0075359 -3.9726529 4294901760
-0.27635965 10.082874 -4.162508 4294901760
0.26693916 12.432797 -4.3354349 4294901760
-0.38442424 14.025569 -4.461741 4294901760
1.1607336 16.475359 -4.5718994 4294901760
-0.55975497 20.422443 -4.9584284 4294901760
0.39297315 18.302881 -4.7534547 4294901760
-1.6701699 21.855309 -5.1588039 4294901760
1.6933728 24.035597 -5.0529642 4294901760
0.088298529 3.5371237 -3.6339145 4294901760
-0.13777344 5.7608213 -3.8131318 4294901760
0.19997677 8.010808 -3.9712527 4294901760
-0.24106498 10.079826 -4.1585126 4294901760
0.31053746 12.439724 -4.3332124 4294901760
-0.33574507 14.038754 -4.459897 4294901760
1.2188282 16.479151 -4.5678554 4294901760
-0.48874471 20.436241 -4.9542217 4294901760
0.45706362 18.30937 -4.7490273 4294901760
-1.5950258 21.876932 -5.1551089 4294901760
1.7778578 24.037504 -5.0461488 4294901760
0.10002855 3.5368114 -3.6328528 4294901760
-0.11882614 5.7689486 -3.8143344 4294901760
0.2265427 8.0101004 -3.9688482 4294901760
-0.20779774 10.088473 -4.1575718 4294901760
0.35167867 12.43466 -4.3286333 4294901760
-0.28910324 14.035813 -4.4550972 4294901760
1.2725519 16.463104 -4.5605888 4294901760
-0.42063871 20.421793 -4.9458275 4294901760
0.51834577 18.327681 -4.7468662 4294901760
-1.5221874 21.878119 -5.1485357 4294901760
1.8575658 24.031475 -5.03859 4294901760
0.11299016 3.5364213 -3.6316755 4294901760
-0.097682379 5.7693453 -3.8125052 4294901760
0.25577262 8.0052967 -3.9650633 4294901760
-0.17088938 10.093119 -4.1553426 4294901760
0.39762899 12.445187 -4.3270259 4294901760
-0.23759325 14.032803 -4.449862 4294901760
1.3328801 16.458332 -4.5548491 4294901760
-0.34552056 20.407238 -4.9368052 4294901760
0.58563989 18.329643 -4.7414317 4294901760
-1.4422572 21.887533 -5.1425748 4294901760
1.9456278 24.024508 -5.0302119 4294901760
0.12458824 3.5324039 -3.6286082 4294901760
-0.078551151 5.7696371 -3.8108442 4294901760
0.28217787 8.0004845 -3.9615266 4294901760
-0.13747428 10.097583 -4.1534047 4294901760
0.43959332 12.463626 -4.327477 4294901760
-0.19116858 14.041466 -4.4473896 4294901760
1.3864433 16.441914 -4.547564 4294901760
-0.27768692 20.396301 -4.9290233 4294901760
0.64585412 18.311663 -4.7332358 4294901760
-1.368924 21.880243 -5.1346993 4294901760
2.0256159 24.0219 -5.0231624 4294901760
0.13691881 3.5319476 -3.627481 4294901760
-0.058448344 5.7737288 -3.8105111 4294901760
0.30980134 7.9916124 -3.9567401 4294901760
-0.10222362 10.098001 -4.1503339 4294901760
0.48279274 12.454085 -4.3218169 4294901760
-0.14235111 14.061933 -4.447032 4294901760
1.4448777 16.448877 -4.5441418 4294901760
-0.20648345 20.397146 -4.9228206 4294901760
0.7102381 18.321249 -4.7293811 4294901760
-1.2925335 21.884888 -5.1283736 4294901760
2.1105103 24.026619 -5.0167918 4294901760
0.15001605 3.5350442 -3.6282897 4294901760
-0.037262563 5.770052 -3.8072407 4294901760
0.3390882 7.9904227 -3.9540532 4294901760
-0.06521412 10.098308 -4.1470981 4294901760
0.5280968 12.444304 -4.3159504 4294901760
-0.090865031 14.070312 -4.4440885 4294901760
1.5040634 16.431572 -4.5362825 4294901760
-0.13162418 20.381805 -4.9137521 4294901760
0.77788699 18.330471 -4.7252064 4294901760
-1.2118762 21.881506 -5.1204529 4294901760
2.199281 24.026674 -5.0094352 4294901760
0.16079013 3.5273123 -3.6232772 4294901760
-0.01912358 5.7662892 -3.8042316 4294901760
0.36472344 8.0010729 -3.9550855 4294901760
-0.033464778 10.090558 -4.142386 4294901760
0.56718665 12.442583 -4.3123527 4294901760
-0.046637755 14.062575 -4.4386501 4294901760
1.5564251 16.434694 -4.5326848 4294901760
-0.067635864 20.394087 -4.9100304 4294901760
0.83546644 18.327936 -4.7199068 4294901760
-1.1441728 21.90514 -5.117847 4294901760
2.273618 24.007721 -5.0005126 4294901760
0.17328043 3.5303504 -3.6241343 4294901760
0.0010048361 5.7586169 -3.799624 4294901760
0.39246005 7.9958334 -3.9513938 4294901760
0.0017628064 10.102471 -4.1421752 4294901760
0.6108138 12.444491 -4.3091793 4294901760
0.0024545228 14.066629 -4.4351082 4294901760
1.6145666 16.43709 -4.5285139 4294901760
0.0035593335 20.398191 -4.9043946 4294901760
0.89963812 18.32889 -4.7146587 4294901760
-1.0690569 21.936909 -5.1158161 4294901760
2.3566322 23.991688 -4.9913154 4294901760
0.18560185 3.5297239 -3.6229928 4294901760
0.021133158 5.7662821 -3.8006818 4294901760
0.42036662 7.9944143 -3.9488082 4294901760
0.037024844 10.102404 -4.1390605 4294901760
0.65466356 12.450208 -4.3068275 4294901760
0.051596932 14.078466 -4.433104 4294901760
1.6747516 16.459091 -4.52775 4294901760
0.074757934 20.398056 -4.8981056 4294901760
0.96423662 18.337582 -4.7107062 4294901760
-0.99374366 21.96842 -5.1137452 4294901760
2.4407637 23.987289 -4.9837427 4294901760
0.19935876 3.5326049 -3.6237245 4294901760
0.043333128 5.7738619 -3.8015494 4294901760
0.45106176 7.9927416 -3.9459546 4294901760
0.075847082 10.106139 -4.1365819 4294901760
0.70224345 12.44364 -4.3015485 4294901760
0.10565734 14.078165 -4.4283113 4294901760
1.738778 16.460459 -4.5229692 4294901760
0.15299532 20.385647 -4.8892765 4294901760
1.035319 18.345684 -4.70613 4294901760
-0.90921319 21.968086 -5.1060076 4294901760
2.5349531 23.997597 -4.97751 4294901760
0.21023946 3.528342 -3.6206987 4294901760
0.061470922 5.7736974 -3.7999358 4294901760
0.47686788 8.0030317 -3.9469402 4294901760
0.10750998 10.097946 -4.1318383 4294901760
0.74156648 12.445333 -4.2987361 4294901760
0.14988196 14.077763 -4.424377 4294901760
1.7896169 16.446999 -4.5165567 4294901760
0.21686409 20.369104 -4.8810711 4294901760
1.0934193 18.350302 -4.7020655 4294901760
-0.84065598 21.9828 -5.1020279 4294901760
2.6085992 23.973637 -4.9679747 4294901760
0.22401445 3.5311272 -3.6214206 4294901760
0.083582662 5.769567 -3.7965438 4294901760
0.50709516 7.9933128 -3.9418492 4294901760
0.14610828 10.085603 -4.1255021 4294901760
0.78783727 12.418635 -4.2892723 4294901760
0.20410496 14.089014 -4.4218736 4294901760
1.8540896 16.451876 -4.5124178 4294901760
0.29547387 20.396053 -4.8784699 4294901760
1.1641192 18.349947 -4.6961265 4294901760
-0.75473768 21.941984 -5.0880404 4294901760
2.702415 23.979315 -4.9611344 4294901760
0.23633997 3.5303237 -3.6202631 4294901760
0.1037925 5.7730913 -3.7961512 4294901760
0.53525811 7.9954076 -3.9403355 4294901760
0.18145753 10.092935 -4.1242623 4294901760
0.83118498 12.415809 -4.2852015 4294901760
0.25328735 14.088215 -4.4174671 4294901760
1.9096713 16.429482 -4.5040565 4294901760
0.36638618 20.378937 -4.8695927 4294901760
1.2292356 18.361683 -4.6927223 4294901760
-0.67776537 21.932514 -5.0796518 4294901760
2.7810366 23.926102 -4.9469533 4294901760
0.24717543 3.5259471 -3.6172311 4294901760
0.12176488 5.7650352 -3.7916999 4294901760
0.55982357 7.9858603 -3.9357591 4294901760
0.21307908 10.088364 -4.1204562 4294901760
0.87157118 12.432927 -4.2856755 4294901760
0.29737481 14.079397 -4.4119458 4294901760
1.9603288 16.415491 -4.497613 4294901760
0.4297286 20.345772 -4.8588524 4294901760
1.2877473 18.369661 -4.6892433 4294901760
-0.60908484 21.942514 -5.0749898 4294901760
2.8604462 23.952934 -4.9444108 4294901760
0.25948271 3.5250628 -3.6160681 4294901760
0.14188939 5.7645745 -3.789885 4294901760
0.58741027 7.9799466 -3.9320211 4294901760
0.24829543 10.087558 -4.1172805 4294901760
0.91584218 12.441682 -4.2840595 4294901760
0.34642515 14.074298 -4.4067435 4294901760
2.0190804 16.420408 -4.4939823 4294901760
0.50222415 20.403982 -4.8617783 4294901760
1.3504031 18.345175 -4.6799335 4294901760
-0.53364378 21.992393 -5.0758061 4294901760
2.9479454 23.97451 -4.9404593 4294901760
0.27267957 3.5277028 -3.6168282 4294901760
0.16312429 5.7678657 -3.789381 4294901760
0.61725706 7.9855609 -3.9314537 4294901760
0.28492913 10.074728 -4.1110749 4294901760
0.96112847 12.434285 -4.2789097 4294901760
0.39744246 14.053056 -4.398231 4294901760
2.0822499 16.436604 -4.4920716 4294901760
0.57824159 20.445881 -4.8618393 4294901760
1.41855 18.352026 -4.6755056 4294901760
-0.45320317 22.002186 -5.0700893 4294901760
3.0327797 23.939775 -4.9285221 4294901760
0.28499281 3.5267293 -3.6156566 4294901760
0.18338078 5.7711115 -3.7889597 4294901760
0.64544612 7.987267 -3.9299033 4294901760
0.32022291 10.077621 -4.1088333 4294901760
1.0032512 12.415033 -4.2714787 4294901760
0.446877 14.063508 -4.3960795 4294901760
2.1396163 16.429234 -4.4863639 4294901760
0.65088016 20.483618 -4.8615522 4294901760
1.4816434 18.335041 -4.6674695 4294901760
-0.37652931 22.011616 -5.0646725 4294901760
3.1158175 23.925083 -4.9196734 4294901760
0.2969963 3.5221004 -3.6124997 4294901760
0.20338759 5.7665868 -3.7857187 4294901760
0.67266208 7.9771485 -3.9250429 4294901760
0.3555356 10.080393 -4.1065793 4294901760
1.0472457 12.419363 -4.2689915 4294901760
0.4961023 14.065839 -4.3923736 4294901760
2.1943076 16.401926 -4.4772758 4294901760
0.72209173 20.473248 -4.8538017 4294901760
1.5439566 18.309893 -4.6581311 4294901760
-0.2994794 21.99683 -5.0555525 4294901760
3.199837 23.918018 -4.9118757 4294901760
0.30928987 3.5210423 -3.6113226 4294901760
0.22306941 5.7542949 -3.779665 4294901760
0.70084882 7.9786592 -3.9234753 4294901760
0.39087635 10.08304 -4.1043119 4294901760
1.0899 12.407726 -4.263195 4294901760
0.54535598 14.067994 -4.3886495 4294901760
2.2537198 16.40995 -4.4742327 4294901760
0.79402143 20.482563 -4.8491187 4294901760
1.612052 18.352051 -4.65975 4294901760
-0.22272873 22.001734 -5.0494742 4294901760
3.2860301 23.926483 -4.9061856 4294901760
0.32096368 3.5199976 -3.6102014 4294901760
0.24231096 5.7573714 -3.7793181 4294901760
0.72765779 7.9801979 -3.9220319 4294901760
0.42430884 10.081689 -4.1012449 4294901760
1.1313975 12.407997 -4.2600656 4294901760
0.59267032 14.082002 -4.3874264 4294901760
2.3086765 16.406332 -4.46944 4294901760
0.8624391 20.491777 -4.8447361 4294901760
1.6721731 18.338665 -4.6526184 4294901760
-0.14971715 21.994368 -5.0418763 4294901760
3.3614552 23.887777 -4.894496 4294901760
0.33420458 3.5224063 -3.6109369 4294901760
0.26358593 5.760293 -3.7787783 4294901760
0.75652951 7.9735718 -3.9181178 4294901760
0.46107417 10.076117 -4.0968976 4294901760
1.1772394 12.407716 -4.2565041 4294901760
0.6442762 14.079735 -4.3826771 4294901760
2.3682201 16.393818 -4.4627156 4294901760
0.93862915 20.512396 -4.8415112 4294901760
1.7401254 18.340349 -4.6474266 4294901760
-0.069170438 22.014727 -5.0378489 4294901760
3.4489803 23.875296 -4.8856788 4294901760
0.34623885 3.5248868 -3.6117849 4294901760
0.28287676 5.7632346 -3.778415 4294901760
0.78296888 7.9710197 -3.9155619 4294901760
0.49448815 10.074533 -4.093812 4294901760
1.2183819 12.403744 -4.2525268 4294901760
0.69135678 14.085466 -4.3798881 4294901760
2.4243228 16.397694 -4.4592261 4294901760
1.0078251 20.533085 -4.8389087 4294901760
1.8017192 18.342413 -4.6428294 4294901760
0.0038437992 22.038788 -5.035068 4294901760
3.5298934 23.875578 -4.8792677 4294901760
0.35817483 3.5200498 -3.6086159 4294901760
0.30299392 5.7622113 -3.7765512 4294901760
0.81118733 7.9721398 -3.9139571 4294901760
0.52944684 10.068798 -4.0896096 4294901760
1.2604699 12.387573 -4.2458754 4294901760
0.74156773 14.102823 -4.3791337 4294901760
2.4827435 16.397005 -4.4547586 4294901760
1.0809647 20.557333 -4.8365512 4294901760
1.8661435 18.339977 -4.63726 4294901760
0.080808483 22.046619 -5.0294847 4294901760
3.613817 23.867056 -4.8713498 4294901760
0.3704592 3.5187783 -3.6074207 4294901760
0.32267341 5.753427 -3.7718854 4294901760
0.83941942 7.9731607 -3.9123428 4294901760
0.56503093 10.074781 -4.0882297 4294901760
1.3041158 12.387044 -4.2424855 4294901760
0.79056573 14.096179 -4.3737998 4294901760
2.5381315 16.376434 -4.4469461 4294901760
1.1540532 20.577341 -4.8335457 4294901760
1.9309819 18.341284 -4.6323099 4294901760
0.15776061 22.046206 -5.0226641 4294901760
3.6989369 23.866137 -4.8644619 4294901760
0.38414013 3.5246048 -3.6101091 4294901760
0.34444946 5.7637415 -3.7741096 4294901760
0.86736393 7.9583325 -3.9062183 4294901760
0.60195559 10.072643 -4.0847859 4294901760
1.3512306 12.397959 -4.2413144 4294901760
0.84270358 14.101128 -4.3704963 4294901760
2.6000144 16.37882 -4.4428163 4294901760
1.2299463 20.580938 -4.8277297 4294901760
1.9973336 18.326155 -4.6244755 4294901760
0.23843868 22.033504 -5.0136638 4294901760
3.7807574 23.816925 -4.8508167 4294901760
0.39440221 3.5161753 -3.6050804 4294901760
0.36255395 5.7626309 -3.7724156 4294901760
0.89279711 7.9594665 -3.9048605 4294901760
0.63334656 10.066756 -4.080884 4294901760
1.3888439 12.381824 -4.2350602 4294901760
0.88724637 14.102379 -4.3671079 4294901760
2.6527276 16.378435 -4.4388785 4294901760
1.2945931 20.576971 -4.8216805 4294901760
2.0540047 18.311867 -4.6175685 4294901760
0.30793226 22.052603 -5.0105 4294901760
3.8600264 23.832523 -4.8468313 4294901760
0.40667281 3.5147772 -3.6038752 4294901760
0.38317642 5.7690167 -3.7733171 4294901760
0.92237693 7.9718866 -3.9064853 4294901760
0.66874218 10.06843 -4.078526 4294901760
1.4320534 12.376901 -4.2308168 4294901760
0.93672812 14.103165 -4.3632426 4294901760
2.7118304 16.380861 -4.4349971 4294901760
1.3672013 20.584272 -4.8167601 4294901760
2.1211162 18.332306 -4.6157317 4294901760
0.38427687 22.015472 -4.9981933 4294901760
3.9431889 23.818905 -4.8382988 4294901760
0.41869354 3.5060632 -3.5986662 4294901760
0.40405053 5.7637315 -3.7699325 4294901760
0.95205653 7.9723473 -3.9046941 4294901760
0.70564294 10.06591 -4.0750508 4294901760
1.4778812 12.375506 -4.2271585 4294901760
0.98813808 14.095669 -4.3576212 4294901760
2.7738502 16.382593 -4.4307971 4294901760
1.4432008 20.587084 -4.8108659 4294901760
2.1887708 18.328365 -4.609745 4294901760
0.46480209 22.005938 -4.9897413 4294901760
4.0311356 23.808228 -4.8298364 4294901760
0.43137112 3.5081787 -3.5994253 4294901760
0.42331767 5.7507615 -3.7638555 4294901760
0.97939885 7.9650817 -3.9008582 4294901760
0.74106318 10.067327 -4.0726676 4294901760
1.5210681 12.370273 -4.2228899 4294901760
1.0373321 14.092134 -4.3529725 4294901760
2.8303368 16.368885 -4.4242368 4294901760
1.5171005 20.609777 -4.8083043 4294901760
2.2512717 18.308744 -4.6015286 4294901760
0.54160976 22.004181 -4.9828148 4294901760
4.1135321 23.790079 -4.8207393 4294901760
0.44300157 3.5067291 -3.5982721 4294901760
0.44267985 5.7531662 -3.7634387 4294901760
1.0053135 7.9579 -3.897156 4294901760
0.77535123 10.076637 -4.0723104 4294901760
1.5630732 12.373036 -4.2204404 4294901760
1.0852752 14.104478 -4.3515472 4294901760
2.8839076 16.355488 -4.4179606 4294901760
1.5854324 20.604633 -4.8018265 4294901760
2.3139682 18.316999 -4.5980306 4294901760
0.61546248 22.034185 -4.9809957 4294901760
4.1923957 23.776308 -4.8125725 4294901760
0.45524058 3.505161 -3.597055 4294901760
0.46337891 5.7592654 -3.7643082 4294901760
1.0335928 7.9582305 -3.8954763 4294901760
0.8092553 10.05811 -4.065228 4294901760
1.6057459 12.363569 -4.2153382 4294901760
1.1361009 14.120424 -4.3506145 4294901760
2.9416909 16.349241 -4.4126873 4294901760
1.659272 20.622837 -4.7985954 4294901760
2.3820055 18.340441 -4.5967031 4294901760
0.69212741 22.023922 -4.9728203 4294901760
4.2767849 23.769386 -4.804987 4294901760
0.46904397 3.5106561 -3.5997036 4294901760
0.48545218 5.7690425 -3.766459 4294901760
1.0653498 7.9738293 -3.8979743 4294901760
0.84644389 10.059015 -4.062644 4294901760
1.6515726 12.361534 -4.2116237 4294901760
1.1888444 14.128054 -4.3479218 4294901760
3.0044694 16.354019 -4.409061 4294901760
1.7365156 20.636497 -4.794385 4294901760
2.4502623 18.339491 -4.5912523 4294901760
0.77325946 22.033205 -4.9672532 4294901760
4.3681993 23.777119 -4.799005 4294901760
0.48019212 3.5054893 -3.5965748 4294901760
0.50491768 5.7712388 -3.7660146 4294901760
1.0912559 7.9663653 -3.8942475 4294901760
0.87945437 10.052216 -4.0585194 4294901760
1.6925591 12.355988 -4.2075214 4294901760
1.2353455 14.120072 -4.34269 4294901760
3.0623522 16.363539 -4.4066563 4294901760
1.8066837 20.650501 -4.7908282 4294901760
2.515398 18.36286 -4.5901737 4294901760
0.84617293 22.026533 -4.959981 4294901760
4.4462953 23.758575 -4.7902522 4294901760
0.4924266 3.5037918 -3.5953465 4294901760
0.52401417 5.7579322 -3.759923 4294901760
1.1179674 7.9547391 -3.8892987 4294901760
0.91525698 10.056956 -4.0570107 4294901760
1.734026 12.338217 -4.2007833 4294901760
1.2839092 14.107753 -4.3364658 4294901760
3.1194572 16.352749 -4.4006701 4294901760
1.8809319 20.667912 -4.7874913 4294901760
2.5767119 18.334229 -4.5806165 4294901760
0.92239189 22.00749 -4.9505591 4294901760
4.5299559 23.746832 -4.7820735 4294901760
0.50526452 3.5019636 -3.5940533 4294901760
0.54583961 5.7636428 -3.760659 4294901760
1.1465538 7.9467072 -3.8852859 4294901760
0.95173651 10.0496 -4.0525312 4294901760
1.7809333 12.34356 -4.1986341 4294901760
1.3356049 14.102952 -4.3314848 4294901760
3.1801293 16.345116 -4.39502 4294901760
1.9559139 20.652935 -4.7790027 4294901760
2.6444583 18.328609 -4.5744739 4294901760
1.0034059 22.011938 -4.9443202 4294901760
4.6222949 23.757507 -4.7765017 4294901760
0.51748484 3.5001786 -3.5928185 4294901760
0.56633043 5.7655363 -3.7600975 4294901760
1.1742842 7.9426565 -3.882484 4294901760
0.98680818 10.046217 -4.0491409 4294901760
1.8245872 12.341194 -4.1950822 4294901760
1.385211 14.102163 -4.3274703 4294901760
3.2379358 16.337824 -4.3896523 4294901760
2.0264292 20.630096 -4.7696557 4294901760
2.7124984 18.346874 -4.5723634 4294901760
1.0804268 22.012289 -4.9378166 4294901760
4.7098489 23.764734 -4.7708154 4294901760
0.52908832 3.4984436 -3.5916426 4294901760
0.5854454 5.7636266 -3.758244 4294901760
1.2041341 7.9619884 -3.8862634 4294901760
1.0205146 10.046822 -4.0468373 4294901760
1.8613461 12.307613 -4.1853452 4294901760
1.431563 14.093535 -4.3221946 4294901760
3.2936671 16.334803 -4.3852162 4294901760
2.0952291 20.627232 -4.7636166 4294901760
2.7745128 18.345663 -4.5674405 4294901760
1.1534119 22.008585 -4.9310555 4294901760
4.7854676 23.733324 -4.7604489 4294901760
0.54129791 3.4965751 -3.5904014 4294901760
0.60515946 5.7577171 -3.7549067 4294901760
1.2307214 7.9499841 -3.8812921 4294901760
1.0564073 10.05106 -4.0452766 4294901760
1.9049069 12.304962 -4.181776 4294901760
1.4799223 14.080542 -4.3159289 4294901760
3.3498695 16.319305 -4.3785229 4294901760
2.1676414 20.623762 -4.7572055 4294901760
2.8373194 18.327986 -4.5596938 4294901760
1.2317947 22.032322 -4.9280286 4294901760
4.858654 23.669535 -4.7455821 4294901760
0.55350089 3.4946642 -3.5891571 4294901760
0.62483966 5.75174 -3.7515664 4294901760
1.257853 7.9417653 -3.8773911 4294901760
1.0914885 10.04731 -4.041853 4294901760
1.9490924 12.306075 -4.1789889 4294901760
1.530356 14.087151 -4.3133502 4294901760
3.4060042 16.303614 -4.371819 4294901760
2.2409174 20.62797 -4.7519536 4294901760
2.8994126 18.306156 -4.5513182 4294901760
1.3075165 22.007963 -4.9179258 4294901760
4.9453359 23.671974 -4.7393179 4294901760
0.56682283 3.5035458 -3.593837 4294901760
0.64347976 5.7458081 -3.7483215 4294901760
1.2829275 7.9298062 -3.8725572 4294901760
1.1252384 10.047564 -4.0395145 4294901760
1.9905212 12.303461 -4.175611 4294901760
1.5761741 14.074093 -4.3073025 4294901760
3.4608741 16.296125 -4.366693 4294901760
2.3097498 20.624392 -4.7458487 4294901760
2.9626455 18.312185 -4.5475769 4294901760
1.3802363 21.999525 -4.9105148 4294901760
5.0320988 23.694508 -4.7359805 4294901760
0.57845682 3.4979694 -3.5906291 4294901760
0.66397333 5.747354 -3.7477295 4294901760
1.312518 7.9368892 -3.8729262 4294901760
1.1589411 10.031796 -4.0333085 4294901760
2.034101 12.300354 -4.1719999 4294901760
1.6243765 14.060605 -4.3010073 4294901760
3.5236206 16.311195 -4.3650918 4294901760
2.3849292 20.643951 -4.742898 4294901760
3.026545 18.301731 -4.5410218 4294901760
1.4588628 22.022453 -4.9073954 4294901760
5.1189876 23.696312 -4.7296419 4294901760
0.59006035 3.4923539 -3.5874207 4294901760
0.68448818 5.7488256 -3.7471287 4294901760
1.3434842 7.9515967 -3.8754151 4294901760
1.1944215 10.031614 -4.0307794 4294901760
2.0750449 12.28144 -4.1652074 4294901760
1.6753318 14.070645 -4.2991133 4294901760
3.5822499 16.306578 -4.3602595 4294901760
2.4574528 20.639462 -4.7363873 4294901760
3.0917444 18.298916 -4.535676 4294901760
1.5365658 22.029173 -4.9019046 4294901760
5.203393 23.686102 -4.7217655 4294901760
0.60100466 3.4794509 -3.5802467 4294901760
0.70508349 5.7424555 -3.7436733 4294901760
1.3719498 7.9427543 -3.8713415 4294901760
1.2321424 10.035015 -4.0289831 4294901760
2.123419 12.293303 -4.1645136 4294901760
1.7273738 14.068358 -4.2947521 4294901760
3.6402507 16.285564 -4.3525496 4294901760
2.5345383 20.642199 -4.7306695 4294901760
3.1594672 18.291391 -4.5293674 4294901760
1.616122 22.007469 -4.8919539 4294901760
5.2919083 23.674665 -4.7134185 4294901760
0.61379838 3.4845793 -3.582952 4294901760
0.72364169 5.7362633 -3.7404127 4294901760
1.3982836 7.9381604 -3.8686147 4294901760
1.2649211 10.026952 -4.0247679 4294901760
2.1662419 12.297916 -4.1626601 4294901760
1.7735227 14.058606 -4.2893953 4294901760
3.6933587 16.269518 -4.3460813 4294901760
2.6014838 20.621801 -4.7221322 4294901760
3.2221861 18.292593 -4.5249205 4294901760
1.6903208 22.017908 -4.8873558 4294901760
5.3756981 23.680349 -4.7079277 4294901760
0.62531763 3.478847 -3.5797403 4294901760
0.74415749 5.7375231 -3.7397935 4294901760
1.4239049 7.9216499 -3.8625467 4294901760
1.2994082 10.018557 -4.0203719 4294901760
2.2070537 12.278563 -4.1558404 4294901760
1.8220776 14.048386 -4.2837849 4294901760
3.7474458 16.244884 -4.3380256 4294901760
2.6739697 20.616552 -4.7155576 4294901760
3.2846138 18.273384 -4.5170717 4294901760
1.7674927 22.015852 -4.8806267 4294901760
5.4547405 23.645876 -4.6969895 4294901760
0.63871771 3.4800978 -3.5803599 4294901760
0.76518035 5.7347569 -3.7376962 4294901760
1.4550519 7.9279513 -3.8627098 4294901760
1.3350716 10.00589 -4.0148811 4294901760
2.2520392 12.270392 -4.151154 4294901760
1.8735523 14.041614 -4.2786498 4294901760
3.8078671 16.234919 -4.3321919 4294901760
2.7489831 20.602659 -4.7074404 4294901760
3.3537219 18.272987 -4.5119205 4294901760
1.8498383 22.029116 -4.8758154 4294901760
5.5441012 23.637388 -4.6890607 4294901760
0.65152776 3.4814105 -3.5810366 4294901760
0.78466976 5.7282343 -3.7343245 4294901760
1.4827151 7.9228239 -3.8598187 4294901760
1.3705249 10.005086 -4.0122995 4294901760
2.2970443 12.274158 -4.1490335 4294901760
1.9236318 14.042869 -4.2752018 4294901760
3.8663571 16.229279 -4.3272815 4294901760
2.8225033 20.604797 -4.7019844 4294901760
3.416749 18.257252 -4.5046511 4294901760
1.9267184 22.022526 -4.8684564 4294901760
5.6367521 23.660624 -4.6854987 4294901760
0.66171092 3.4721086 -3.5759377 4294901760
0.80419528 5.7294159 -3.7337856 4294901760
1.5111815 7.9294233 -3.8602443 4294901760
1.4036934 10.000485 -4.0089698 4294901760
2.3407035 12.282065 -4.147902 4294901760
1.9696336 14.032475 -4.2698016 4294901760
3.9229586 16.227982 -4.3232923 4294901760
2.8902574 20.591375 -4.6945486 4294901760
3.4765234 18.241903 -4.4977026 4294901760
1.9982884 22.000114 -4.8591471 4294901760
5.7208076 23.665091 -4.6798773 4294901760
0.67451888 3.4733362 -3.5766075 4294901760
0.82364255 5.7227612 -3.730406 4294901760
1.5366099 7.9125481 -3.8541613 4294901760
1.4391589 9.9994383 -4.0063658 4294901760
2.3828082 12.269923 -4.1426144 4294901760
2.0203073 14.037323 -4.2670465 4294901760
3.9833817 16.229658 -4.3196001 4294901760
2.9621227 20.581161 -4.6873121 4294901760
3.5409434 18.23357 -4.4916139 4294901760
2.0750768 21.993006 -4.8517504 4294901760
5.8033857 23.644976 -4.6708236 4294901760
0.68663985 3.4709606 -3.5753293 4294901760
0.84305316 5.7160406 -3.7270238 4294901760
1.5649837 7.910984 -3.8523064 4294901760
1.4746339 9.9982624 -4.0037494 4294901760
2.4248571 12.257639 -4.1373191 4294901760
2.069298 14.030184 -4.2620978 4294901760
4.0429025 16.227249 -4.3152556 4294901760
3.0333691 20.566746 -4.6794806 4294901760
3.6092157 18.244564 -4.4885168 4294901760
2.1526172 21.99357 -4.8454757 4294901760
5.8984423 23.674944 -4.6681085 4294901760
0.69875085 3.4685426 -3.5740485 4294901760
0.86415023 5.7206807 -3.7277296 4294901760
1.5918124 7.901628 -3.8483317 4294901760
1.5095233 9.9930544 -4.0002141 4294901760
2.4684103 12.252989 -4.1335745 4294901760
2.118257 14.022876 -4.2571373 4294901760
4.0975652 16.205315 -4.3077588 4294901760
3.1045415 20.552088 -4.6716347 4294901760
3.6728754 18.231855 -4.4817839 4294901760
2.2325931 22.017694 -4.842598 4294901760
5.9839792 23.665827 -4.6604609 4294901760
0.71158332 3.4696336 -3.5747037 4294901760
0.88176084 5.7024016 -3.720252 4294901760
1.6170226 7.8844967 -3.8422453 4294901760
1.5437951 9.9838181 -3.9957635 4294901760
2.5095751 12.236524 -4.1274834 4294901760
2.1671968 14.015395 -4.2521629 4294901760
4.1541119 16.190912 -4.3015037 4294901760
3.1732197 20.521408 -4.6614799 4294901760
3.7356975 18.215015 -4.4744349 4294901760
2.3098583 22.013737 -4.8356929 4294901760
6.0764823 23.683472 -4.6561866 4294901760
0.72160423 3.4601569 -3.5696037 4294901760
0.90186727 5.7070565 -3.7210467 4294901760
1.6447597 7.8867707 -3.8415694 4294901760
1.5775092 9.9825478 -3.993294 4294901760
2.5477064 12.216481 -4.1208396 4294901760
2.2124174 14.000277 -4.2459865 4294901760
4.2117867 16.192467 -4.2980428 4294901760
3.2431183 20.522596 -4.6562591 4294901760
3.7960765 18.202528 -4.4680109 4294901760
2.3832712 22.009928 -4.8291407 4294901760
6.1559863 23.667055 -4.6479626 4294901760
0.73457927 3.4648376 -3.5722535 4294901760
0.91956133 5.6964283 -3.7163928 4294901760
1.6741602 7.8966198 -3.8429835 4294901760
1.6106064 9.9772615 -3.9899099 4294901760
2.5914991 12.223492 -4.119617 4294901760
2.2607369 14.00464 -4.2433963 4294901760
4.2624187 16.166857 -4.290206 4294901760
3.30671 20.484154 -4.6453099 4294901760
3.854769 18.182039 -4.4603791 4294901760
2.4580231 22.017769 -4.824265 4294901760
6.2364783 23.654234 -4.6402011 4294901760
0.74727279 3.462122 -3.570895 4294901760
0.94168794 5.7006207 -3.7169685 4294901760
1.7030898 7.8904309 -3.8398874 4294901760
1.6478059 9.9751902 -3.9870627 4294901760
2.6362803 12.213911 -4.1148238 4294901760
2.3107517 13.988412 -4.2366996 4294901760
4.3298764 16.181904 -4.2885594 4294901760
3.3843625 20.487644 -4.6398878 4294901760
3.9213796 18.167789 -4.4532499 4294901760
2.5400732 22.020508 -4.8180404 4294901760
6.3272567 23.646648 -4.6324592 4294901760
0.75935102 3.4594934 -3.5695982 4294901760
0.96029508 5.6897035 -3.7122087 4294901760
1.7289349 7.8767776 -3.834836 4294901760
1.6812936 9.961586 -3.9816811 4294901760
2.6797409 12.208512 -4.1110215 4294901760
2.3582332 13.972422 -4.2302465 4294901760
4.3863239 16.166695 -4.2822418 4294901760
3.4571714 20.48358 -4.6336684 4294901760
3.9873252 18.165676 -4.448226 4294901760
2.6173797 22.015476 -4.8110366 4294901760
6.4149723 23.643692 -4.625628 4294901760
0.77300233 3.4638977 -3.5721638 4294901760
0.98211437 5.6977038 -3.7142253 4294901760
1.7572758 7.8745222 -3.8329232 4294901760
1.7153869 9.9517593 -3.9771938 4294901760
2.7206151 12.191339 -4.1048937 4294901760
2.4117241 13.991537 -4.2302146 4294901760
4.4406219 16.143604 -4.2746754 4294901760
3.5313678 20.487112 -4.6285543 4294901760
4.0533204 18.163319 -4.4431763 4294901760
2.6961582 22.022051 -4.8056946 4294901760
6.4985309 23.625002 -4.6168456 4294901760
0.78208184 3.4507084 -3.5651293 4294901760
1.0003381 5.6906219 -3.710916 4294901760
1.7825143 7.8648252 -3.8290584 4294901760
1.7483815 9.9460154 -3.9737785 4294901760
2.7654169 12.201596 -4.1043735 4294901760
2.4601781 13.995213 -4.2275519 4294901760
4.4919982 16.121115 -4.2674198 4294901760
3.5972195 20.463497 -4.6198301 4294901760
4.1144161 18.153664 -4.437264 4294901760
2.7711706 22.028831 -4.8007021 4294901760
6.578989 23.611015 -4.6089845 4294901760
0.79553747 3.4513516 -3.56569 4294901760
1.021868 5.6907082 -3.7101038 4294901760
1.8122075 7.8620625 -3.8269818 4294901760
1.7855202 9.9434319 -3.9708915 4294901760
2.8092253 12.187514 -4.0987644 4294901760
2.5121565 13.990017 -4.22294 4294901760
4.552134 16.108376 -4.2613664 4294901760
3.6771297 20.477669 -4.6159873 4294901760
4.1827116 18.146233 -4.4312387 4294901760
2.8503485 22.006653 -4.7909989 4294901760
6.6665645 23.59059 -4.5996952 4294901760
0.80758101 3.4485531 -3.5643816 4294901760
1.0424216 5.6908956 -3.7093866 4294901760
1.8369592 7.8442311 -3.820874 4294901760
1.820933 9.9410257 -3.9681721 4294901760
2.8526583 12.181495 -4.0949097 4294901760
2.5602624 13.97725 -4.217145 4294901760
4.6105323 16.100046 -4.256227 4294901760
3.7493122 20.468632 -4.6091056 4294901760
4.2496696 18.147047 -4.4267092 4294901760
2.9271543 21.996569 -4.7833381 4294901760
6.7565713 23.594046 -4.5936923 4294901760
0.81985003 3.4493835 -3.5650637 4294901760
1.0584601 5.6722612 -3.7020164 4294901760
1.861146 7.8304644 -3.8159587 4294901760
1.8560618 9.9465895 -3.9674103 4294901760
2.8939531 12.17583 -4.0912747 4294901760
2.606596 13.968683 -4.2123046 4294901760
4.6638937 16.084669 -4.2501669 4294901760
3.8230195 20.487467 -4.6065001 4294901760
4.3144298 18.15225 -4.4230857 4294901760
3.0038555 22.014427 -4.7799411 4294901760
6.8381062 23.583015 -4.5862293 4294901760
0.83163679 3.4428315 -3.5617564 4294901760
1.0806853 5.6759119 -3.7025356 4294901760
1.8907567 7.8274031 -3.8138628 4294901760
1.8939865 9.947485 -3.9653754 4294901760
2.9357688 12.153571 -4.0841103 4294901760
2.6600113 13.970756 -4.2090631 4294901760
4.7250652 16.075106 -4.2446742 4294901760
3.8921189 20.441959 -4.5941639 4294901760
4.3762565 18.11694 -4.4128942 4294901760
3.0867441 22.019081 -4.7740669 4294901760
6.9335113 23.588442 -4.5801568 4294901760
0.84192169 3.4328656 -3.5565898 4294901760
1.0997565 5.6683235 -3.6991067 4294901760
1.9180663 7.8207555 -3.810869 4294901760
1.9279431 9.9369326 -3.9608366 4294901760
2.9791172 12.147102 -4.0802236 4294901760
2.7095168 13.965289 -4.2046452 4294901760
4.7856917 16.073784 -4.2406998 4294901760
3.967247 20.447836 -4.5894537 4294901760
4.4404154 18.105425 -4.406548 4294901760
3.1641493 22.012123 -4.7668853 4294901760
7.0158033 23.564098 -4.5707555 4294901760
0.8565262 3.44046 -3.5610435 4294901760
1.1187878 5.6606712 -3.6956758 4294901760
1.9491426 7.8292375 -3.8120151 4294901760
1.9626157 9.9301424 -3.957181 4294901760
3.0253322 12.152032 -4.0786037 4294901760
2.7559321 13.944043 -4.1973944 4294901760
4.8394675 16.049356 -4.2330613 4294901760
4.0432367 20.457352 -4.5852671 4294901760
4.5093627 18.113026 -4.4030924 4294901760
3.2403805 21.996998 -4.758575 4294901760
7.1049271 23.562405 -4.5641441 4294901760
0.8673299 3.4377522 -3.5598521 4294901760
1.1395996 5.672235 -3.6991739 4294901760
1.9756467 7.8306818 -3.8113744 4294901760
1.9945791 9.927804 -3.9547718 4294901760
3.0605795 12.130926 -4.0721202 4294901760
2.8012886 13.943114 -4.1941705 4294901760
4.8886991 16.030264 -4.226666 4294901760
4.1066952 20.440636 -4.5779195 4294901760
4.5603895 18.075579 -4.3933396 4294901760
3.3094656 21.98671 -4.7515774 4294901760
7.1928883 23.585804 -4.5612426 4294901760
0.88052428 3.4343965 -3.558393 4294901760
1.163692 5.6791382 -3.7008934 4294901760
2.0047276 7.8192387 -3.8070173 4294901760
2.0318933 9.9161997 -3.9498441 4294901760
3.102212 12.099866 -4.0631862 4294901760
2.8603973 13.959528 -4.1934052 4294901760
4.951395 16.015179 -4.2201805 4294901760
4.1883602 20.440353 -4.5718107 4294901760
4.6307549 18.061794 -4.3862462 4294901760
3.3969162 21.993563 -4.7457509 4294901760
7.2881222 23.573273 -4.5526719 4294901760
0.89250809 3.4313016 -3.5570636 4294901760
1.1858695 5.6863532 -3.7028091 4294901760
2.0310242 7.8083963 -3.8029587 4294901760
2.0673044 9.9129152 -3.9470472 4294901760
3.1434338 12.085122 -4.0577469 4294901760
2.9091113 13.949457 -4.1882224 4294901760
5.0084624 16.001596 -4.2143235 4294901760
4.2629485 20.441233 -4.5664287 4294901760
4.6907687 18.033945 -4.3775234 4294901760
3.4761658 21.997343 -4.7401204 4294901760
7.3811054 23.581982 -4.5473351 4294901760
0.90263134 3.4211545 -3.5518956 4294901760
1.2025146 5.6671066 -3.6953313 4294901760
2.0572698 7.7974663 -3.7988966 4294901760
2.1010764 9.9017706 -3.9424725 4294901760
3.1886394 12.085585 -4.0553174 4294901760
2.9520116 13.911983 -4.1781378 4294901760
5.0630894 15.980219 -4.2072506 4294901760
4.3400788 20.453547 -4.5626674 4294901760
4.7608142 18.044443 -4.3745518 4294901760
3.5573933 22.012657 -4.7361002 4294901760
7.4633832 23.556072 -4.537797 4294901760
0.91430992 3.4218044 -3.5526137 4294901760
1.2203114 5.6633015 -3.6934268 4294901760
2.0837796 7.7985439 -3.7982233 4294901760
2.133837 9.9028511 -3.9409094 4294901760
3.2265894 12.075509 -4.0510836 4294901760
2.9940248 13.894868 -4.1720681 4294901760
5.1120496 15.960443 -4.200819 4294901760
4.4068322 20.451517 -4.5574403 4294901760
4.8185043 18.033251 -4.368804 4294901760
3.6200337 21.961988 -4.7235518 4294901760
7.5312552 23.513496 -4.5268965 4294901760
0.92684466 3.4184303 -3.5512111 4294901760
1.2418841 5.6625528 -3.6925373 4294901760
2.1123471 7.7908545 -3.7950268 4294901760
2.1709628 9.8988237 -3.937896 4294901760
3.2729011 12.071262 -4.047636 4294901760
3.0466328 13.891569 -4.1679959 4294901760
5.1766539 15.960542 -4.196991 4294901760
4.4851761 20.450819 -4.5515876 4294901760
4.88978 18.034708 -4.3642759 4294901760
3.7031541 21.964319 -4.7174525 4294901760
7.6210766 23.497131 -4.5182323 4294901760
0.93936676 3.4150105 -3.5498056 4294901760
1.2634678 5.6617231 -3.6916397 4294901760
2.1398458 7.7792783 -3.7907975 4294901760
2.2063663 9.8869429 -3.9331124 4294901760
3.3192241 12.066836 -4.0441718 4294901760
3.0983903 13.884192 -4.1632109 4294901760
5.2351136 15.941463 -4.190155 4294901760
4.5609665 20.438137 -4.5440669 4294901760
4.9611301 18.035885 -4.3597169 4294901760
3.7856619 21.9624 -4.7107768 4294901760
7.7096329 23.476629 -4.5090828 4294901760
0.95106423 3.415535 -3.5505111 4294901760
1.2786977 5.6464548 -3.6857159 4294901760
2.1663809 7.7800736 -3.790097 4294901760
2.236546 9.8761072 -3.9288812 4294901760
3.3549919 12.048704 -4.0384102 4294901760
3.14639 13.893784 -4.1619663 4294901760
5.2901921 15.940056 -4.1866617 4294901760
4.6269212 20.43149 -4.5382242 4294901760
5.0156331 18.012527 -4.3522015 4294901760
3.8525755 21.938602 -4.7020116 4294901760
7.7921605 23.478823 -4.5036283 4294901760
0.96259189 3.4085371 -3.5471873 4294901760
1.3002504 5.645484 -3.6848085 4294901760
2.1916857 7.7607574 -3.7838094 4294901760
2.2736182 9.8716955 -3.9258389 4294901760
3.396976 12.028688 -4.0319338 4294901760
3.1955101 13.874406 -4.1550708 4294901760
5.3523884 15.931884 -4.1815734 4294901760
4.6937194 20.379396 -4.5252309 4294901760
5.0805397 17.990187 -4.3441839 4294901760
3.9322586 21.920406 -4.6931267 4294901760
7.8819838 23.46146 -4.4948759 4294901760
0.97448337 3.4051564 -3.545841 4294901760
1.3208252 5.6446614 -3.6840003 4294901760
2.218761 7.7530599 -3.7807438 4294901760
2.3071604 9.8598499 -3.9212224 4294901760
3.4422159 12.028202 -4.0294175 4294901760
3.2457306 13.870912 -4.1511917 4294901760
5.4092464 15.916875 -4.1756091 4294901760
4.7620969 20.351234 -4.5158825 4294901760
5.1422057 17.96851 -4.3365107 4294901760
4.0130572 21.930103 -4.6883931 4294901760
7.9753895 23.467831 -4.4892955 4294901760
0.98737264 3.405216 -3.5464003 4294901760
1.3396289 5.6362696 -3.6805243 4294901760
2.2458091 7.7452679 -3.7776723 4294901760
2.3406475 9.8478909 -3.9166009 4294901760
3.4830739 12.012303 -4.0239086 4294901760
3.2950461 13.863367 -4.1466069 4294901760
5.46736 15.90543 -4.1702199 4294901760
4.84233 20.37331 -4.5135455 4294901760
5.2137752 17.981085 -4.3339128 4294901760
4.0925083 21.931662 -4.682549 4294901760
8.0637455 23.458735 -4.4818664 4294901760
1.0002756 3.4052267 -3.5469542 4294901760
1.3592966 5.6315589 -3.678375 4294901760
2.2728336 7.737381 -3.7745943 4294901760
2.3750114 9.8396606 -3.9128456 4294901760
3.5283418 12.011493 -4.0213614 4294901760
3.3387561 13.832451 -4.137886 4294901760
5.524159 15.890008 -4.1642246 4294901760
4.9284019 20.418344 -4.5143919 4294901760
5.2731428 17.951298 -4.3250766 4294901760
4.1690445 21.91724 -4.67453 4294901760
8.1600132 23.471931 -4.4771008 4294901760
1.01053 3.398416 -3.5437591 4294901760
1.3797981 5.6345024 -3.6789837 4294901760
2.2984815 7.7298007 -3.7716649 4294901760
2.4057505 9.8240509 -3.9075296 4294901760
3.5692883 12.003529 -4.0175543 4294901760
3.3846118 13.821301 -4.1328602 4294901760
5.5807872 15.882874 -4.1597185 4294901760
5.0017848 20.42514 -4.5101953 4294901760
5.3394656 17.956642 -4.3216534 4294901760
4.2432261 21.911131 -4.6679626 4294901760
8.2232485 23.403297 -4.4629169 4294901760
1.0208862 3.3877473 -3.5385246 4294901760
1.4013687 5.6331458 -3.6780407 4294901760
2.3267951 7.7213249 -3.7684214 4294901760
2.4426932 9.819005 -3.9044425 4294901760
3.6144013 11.994165 -4.0132565 4294901760
3.4333234 13.801085 -4.1259265 4294901760
5.6376262 15.858562 -4.1521921 4294901760
5.0775714 20.410545 -4.5025063 4294901760
5.4040899 17.933134 -4.3135576 4294901760
4.3258209 21.907179 -4.6610999 4294901760
8.3076286 23.36924 -4.4522424 4294901760
1.0348226 3.3910978 -3.5409722 4294901760
1.4191393 5.62075 -3.6732244 4294901760
2.3560252 7.7206588 -3.7673545 4294901760
2.4769559 9.8104181 -3.9006648 4294901760
3.6597242 11.99286 -4.0106606 4294901760
3.4844019 13.800585 -4.1226645 4294901760
5.688911 15.827539 -4.1438203 4294901760
5.1556301 20.419777 -4.4983912 4294901760
5.471314 17.929411 -4.3086047 4294901760
4.4030576 21.895859 -4.6535482 4294901760
8.4013138 23.373915 -4.4464879 4294901760
1.0477213 3.390929 -3.5415106 4294901760
1.4387467 5.6157627 -3.671056 4294901760
2.3829558 7.712389 -3.7642512 4294901760
2.5121593 9.805541 -3.8977461 4294901760
3.7038994 11.987597 -4.0073123 4294901760
3.5305698 13.780633 -4.1159782 4294901760
5.7413931 15.800103 -4.1360307 4294901760
5.2337952 20.428717 -4.4942412 4294901760
5.5350304 17.914017 -4.3019552 4294901760
4.4794464 21.88036 -4.6454473 4294901760
8.497838 23.385738 -4.4415784 4294901760
1.0589613 3.3874359 -3.5402117 4294901760
1.4563946 5.6072326 -3.6676698 4294901760
2.4085202 7.7044439 -3.761297 4294901760
2.5446646 9.7971563 -3.8941412 4294901760
3.7388995 11.9601 -3.9997821 4294901760
3.5802517 13.784247 -4.1136303 4294901760
5.7951336 15.784714 -4.1303077 4294901760
5.2995095 20.403524 -4.4856687 4294901760
5.5955997 17.899366 -4.2956491 4294901760
4.5544267 21.877108 -4.6393175 4294901760
8.5877342 23.391165 -4.4362245 4294901760
1.0718737 3.3871748 -3.5407407 4294901760
1.47596 5.6021142 -3.6654935 4294901760
2.436584 7.699728 -3.7591913 4294901760
2.583885 9.8073244 -3.8946543 4294901760
3.7806282 11.946976 -3.994946 4294901760
3.6313889 13.783202 -4.1103148 4294901760
5.8488159 15.760653 -4.1230822 4294901760
5.37782 20.411911 -4.4814572 4294901760
5.6628618 17.894928 -4.2906294 4294901760
4.6291156 21.853266 -4.6301188 4294901760
8.6707277 23.364786 -4.4268141 4294901760
1.0820675 3.3763192 -3.5355041 4294901760
1.4964818 5.5966668 -3.663204 4294901760
2.4611957 7.6795411 -3.7528882 4294901760
2.6177695 9.7901516 -3.8889229 4294901760
3.8292315 11.948153 -3.992785 4294901760
3.6798253 13.762117 -4.1033287 4294901760
5.9051399 15.735383 -4.1155167 4294901760
5.4598083 20.419046 -4.4768109 4294901760
5.727191 17.870258 -4.2824578 4294901760
4.7125421 21.851763 -4.6236548 4294901760
8.7534952 23.325375 -4.4155774 4294901760
1.0921392 3.3692639 -3.5323036 4294901760
1.514024 5.5879555 -3.6598113 4294901760
2.4878564 7.6750693 -3.7509282 4294901760
2.650218 9.7814178 -3.8852923 4294901760
3.8725004 11.946714 -3.9903588 4294901760
3.7264786 13.753676 -4.0988998 4294901760
5.9530492 15.704544 -4.1074586 4294901760
5.5316596 20.416233 -4.4713445 4294901760
5.7851868 17.847376 -4.275002 4294901760
4.7892466 21.855513 -4.6185021 4294901760
8.8392839 23.318626 -4.4088144 4294901760
1.1050228 3.3688762 -3.532824 4294901760
1.5335195 5.5826373 -3.6576235 4294901760
2.5121856 7.658885 -3.7457874 4294901760
2.6832969 9.7682972 -3.8806043 4294901760
3.9117029 11.925584 -3.9840293 4294901760
3.7744629 13.740586 -4.0935154 4294901760
6.016377 15.705984 -4.1042328 4294901760
5.6050029 20.404501 -4.4644017 4294901760
5.8536596 17.846016 -4.2704725 4294901760
4.8689752 21.854248 -4.6123843 4294901760
8.9334784 23.321192 -4.4028287 4294901760
1.1156346 3.3615572 -3.5295527 4294901760
1.554032 5.5809612 -3.6567457 4294901760
2.5376716 7.6463461 -3.7416506 4294901760
2.7163205 9.7550621 -3.875911 4294901760
3.9508104 11.904324 -3.9776971 4294901760
3.8224068 13.727326 -4.0881195 4294901760
6.0841079 15.718314 -4.1026945 4294901760
5.6697764 20.361744 -4.4532475 4294901760
5.9222012 17.844389 -4.2659135 4294901760
4.9452372 21.837118 -4.6041508 4294901760
9.0119543 23.282415 -4.3920264 4294901760
1.1267768 3.3578389 -3.5282426 4294901760
1.5725321 5.5757761 -3.6546574 4294901760
2.5655115 7.6453247 -3.7406747 4294901760
2.7497301 9.7498045 -3.873117 4294901760
3.9890058 11.887393 -3.9723318 4294901760
3.8679111 13.714574 -4.082983 4294901760
6.1246018 15.668373 -4.0917473 4294901760
5.739439 20.350508 -4.4466729 4294901760
5.981348 17.824652 -4.2589588 4294901760
5.0176306 21.820595 -4.5963116 4294901760
9.096386 23.270994 -4.3847384 4294901760
1.1379097 3.3502541 -3.5249019 4294901760
1.5950748 5.5773826 -3.6549683 4294901760
2.5947757 7.6395845 -3.7383733 4294901760
2.7854443 9.7396612 -3.8690739 4294901760
4.0350981 11.880208 -3.9686449 4294901760
3.9170551 13.696483 -4.0766273 4294901760
6.1907673 15.668046 -4.0881157 4294901760
5.8172755 20.340845 -4.439796 4294901760
6.051764 17.817711 -4.2534404 4294901760
5.091207 21.774851 -4.5840011 4294901760
9.1742764 23.218929 -4.3721185 4294901760
-10.536095 0.74044931 -3.6600823 4278255360
-10.473867 0.77282679 -3.6518741 4278255360
-10.431397 0.80631614 -3.6473644 4278255360
-10.408525 0.84293407 -3.6467175 4278255360
-10.171534 0.89347106 -3.2501276 4278255360
-10.149261 0.92901307 -3.608027 4278255360
-10.130097 0.96292776 -3.6078403 4278255360
-10.123059 0.99435639 -3.6096189 4278255360
-10.141923 0.99620932 -3.2554119 4278255360
-10.156898 0.99768025 -3.0197723 4278255360
-10.111242 1.0324097 -3.6111884 4278255360
-10.122133 1.0335217 -3.2560265 4278255360
-10.637322 0.59657949 -4.0264931 4278255360
-10.575534 1.113398 -3.3297861 4278255360
-10.334297 1.1244878 -2.8112192 4278255360
-10.627254 0.63323534 -4.0278268 4278255360
-11.078164 1.2054288 -3.8031466 4278255360
-10.559673 1.1490111 -3.3308299 4278255360
-10.153841 1.1048521 -3.0292306 4278255360
-10.373623 1.1690873 -2.8191307 4278255360
-10.628703 0.6742875 -4.0320787 4278255360
-10.575025 1.1917847 -3.337117 4278255360
-10.087398 1.1725036 -2.7908912 4278255360
-10.650041 0.71297514 -4.0404015 4278255360
-10.566833 1.2282306 -3.3393755 4278255360
-9.8612595 1.1776292 -2.7687984 4278255360
-10.627956 0.7450428 -4.0387564 4278255360
-10.396391 1.2415345 -3.3157544 4278255360
-9.9203939 1.2215862 -2.7786322 4278255360
-10.28476 1.2664539 -3.3018305 4278255360
-10.565708 1.3010495 -3.0979164 4278255360
-10.928154 1.3824849 -2.8935392 4278255360
-10.634365 0.82013702 -4.0474572 4278255360
-10.280504 1.3005528 -3.3044615 4278255360
-10.62479 1.3441074 -3.1091549 4278255360
-10.623527 0.85661286 -4.048707 4278255360
-10.624269 0.89588028 -4.0527396 4278255360
-10.172748 1.3609494 -3.6548705 4278255360
-10.621077 0.93295819 -4.055727 4278255360
-10.179771 1.398074 -3.6598783 4278255360
-10.488825 1.440519 -2.608429 4278255360
-10.483146 1.439739 -3.100631 4278255360
-10.598336 0.96452564 -4.0539799 4278255360
-10.333737 1.4523135 -2.5975652 4278255360
-10.320225 1.4504145 -3.0816247 4278255360
-10.587004 1.0007657 -4.0551658 4278255360
-10.265265 1.4792463 -2.5946479 4278255360
-10.156785 0.96009803 -3.492902 4278255360
-10.78217 1.5537336 -3.4019415 4278255360
-10.591164 1.0403384 -4.0600314 4278255360
-10.196465 1.507501 -2.5918183 4278255360
-10.137328 0.99575949 -3.4930289 4278255360
-10.46038 1.5465195 -3.3543308 4278255360
-10.125308 0.99457884 -3.1935189 4278255360
-10.210718 1.5096081 -3.073699 4278255360
-9.9561768 1.0148225 -2.9384482 4278255360
-10.147372 1.5382688 -2.5907149 4278255360
-10.125678 1.0320996 -3.4945548 4278255360
-10.387522 1.5746737 -3.346436 4278255360
-10.121594 1.0316834 -3.1964629 4278255360
-10.220926 1.549419 -3.0786672 4278255360
-9.9648695 1.0473477 -2.942431 4278255360
-10.095057 1.562795 -2.5888236 4278255360
-10.146173 1.0664035 -3.5013387 4278255360
-10.331223 1.5993553 -3.3406253 4278255360
-10.255513 1.5876349 -3.0864818 4278255360
-10.224859 1.1107756 -3.9884901 4278255360
-10.065838 1.5942725 -2.5893021 4278255360
-10.294024 1.6304138 -3.3382237 4278255360
-10.29334 1.6303054 -3.0951142 4278255360
-10.497782 1.1793683 -2.7708476 4278255360
-10.03229 1.6266714 -2.5895269 4278255360
-10.287979 1.6681299 -3.3410158 4278255360
-10.326756 1.6744173 -3.1033454 4278255360
-10.183721 1.1782951 -2.9800196 4278255360
-10.149846 1.1743758 -3.9788978 4278255360
-10.623008 0.70557791 -3.825515 4278255360
-9.9992189 1.6553584 -2.5894663 4278255360
-10.290272 1.7035419 -3.344805 4278255360
-10.407912 1.7230171 -3.1178563 4278255360
-10.612545 0.7421003 -3.8269558 4278255360
-9.9854908 1.6889184 -2.5913079 4278255360
-10.307885 1.7434472 -3.3512714 4278255360
-10.216229 1.2543944 -4.0014014 4278255360
-10.590059 0.77768439 -3.8259685 4278255360
-10.046899 1.7353998 -3.6704681 4278255360
-9.9795351 1.7237641 -2.5938549 4278255360
-10.256598 1.2593511 -3.5388253 4278255360
-10.345022 1.7868946 -3.3609343 4278255360
-10.504034 1.3269674 -3.0311415 4278255360
-10.203917 1.2890537 -4.0023613 4278255360
-10.615037 0.81678194 -3.8346164 4278255360
-10.009403 1.7649271 -3.6667912 4278255360
-9.9852743 1.7606726 -2.5974751 4278255360
-10.467616 1.3595057 -3.0298684 4278255360
-9.975131 1.7948092 -2.8356252 4278255360
-10.207223 1.3256865 -4.0068927 4278255360
-10.154542 1.3188444 -2.7509999 4278255360
-10.600227 0.8528738 -3.8352075 4278255360
-9.9953413 1.7984456 -3.667763 4278255360
-9.9711952 1.7941009 -2.5992742 4278255360
-10.22779 1.3283577 -3.5407422 4278255360
-10.255672 1.331979 -3.243551 4278255360
-9.9775991 1.7952532 -3.0719082 4278255360
-9.9337168 1.8213861 -2.8338978 4278255360
-10.246037 1.3652931 -4.0193624 4278255360
-10.134254 1.3503981 -2.7519002 4278255360
-10.597341 0.88802111 -3.8380518 4278255360
-9.9533882 1.8249929 -2.6005676 4278255360
-10.231233 1.3633206 -3.5447791 4278255360
-9.9390936 1.8582556 -2.8377621 4278255360
-10.18617 1.3935208 -4.0095019 4278255360
-10.117589 1.3841387 -2.7533357 4278255360
-10.598139 0.92535359 -3.8418419 4278255360
-9.9789524 1.8657079 -3.6718764 4278255360
-9.9272985 1.8560504 -2.6012383 4278255360
-10.220066 0.89234298 -3.3770363 4278255360
-10.265911 1.4044299 -3.5547152 4278255360
-10.1593 1.389845 -3.2355506 4278255360
-10.464684 1.4707136 -3.0397635 4278255360
-9.9872198 1.9051622 -2.8467925 4278255360
-10.224217 1.4369183 -4.0222383 4278255360
-10.116408 1.4217666 -2.7565725 4278255360
-10.289708 0.93643498 -3.7826407 4278255360
-9.9642239 1.9007754 -3.6729262 4278255360
-9.9243584 1.8931707 -2.6042051 4278255360
-10.149173 0.92364526 -3.3688025 4278255360
-10.296226 1.4470383 -3.5640733 4278255360
-10.142271 1.4254013 -3.2365561 4278255360
-10.392211 1.4975412 -3.033761 4278255360
-10.107425 1.456503 -2.7588196 4278255360
-9.9614372 1.936308 -3.6761849 4278255360
-9.8941326 1.9232253 -2.6044695 4278255360
-10.157804 0.96019602 -3.3736229 4278255360
-10.32268 1.4875218 -3.5725787 4278255360
-9.9878216 1.9414366 -3.3242302 4278255360
-10.129326 1.459659 -3.2380164 4278255360
-10.280389 1.5162412 -3.0224094 4278255360
-10.33589 1.5244269 -4.0554562 4278255360
-10.086711 1.4876759 -2.7596488 4278255360
-9.9471464 1.9677829 -3.6769562 4278255360
-9.8955469 1.9575751 -2.6075294 4278255360
-10.142651 0.99270719 -3.3743162 4278255360
-9.9774113 1.9737699 -3.3259304 4278255360
-10.140238 1.4955704 -3.2429819 4278255360
-10.282668 1.5551063 -3.0262694 4278255360
-10.393007 1.5717936 -4.0727487 4278255360
-10.08119 1.5246357 -2.7624204 4278255360
-10.148769 1.0308732 -3.7644043 4278255360
-9.9476767 2.0058024 -3.6810985 4278255360
-9.8804646 1.9922501 -2.60935 4278255360
-10.127034 1.0286655 -3.3752725 4278255360
-9.9701099 2.0103257 -3.3285096 4278255360
-10.124867 1.0284454 -3.1373262 4278255360
-10.292671 1.5566192 -3.2701769 4278255360
-10.515034 1.068077 -2.9470975 4278255360
-10.297212 1.5922517 -3.0314083 4278255360
-10.219119 1.5801762 -4.0364394 4278255360
-10.091891 1.560503 -2.7666192 4278255360
-10.145295 1.0645225 -3.7670646 4278255360
-9.9448709 2.0395794 -3.6842008 4278255360
-9.8777208 2.0258076 -2.61202 4278255360
-10.139441 1.0639085 -3.3805895 4278255360
-9.9516525 2.0409703 -3.3288863 4278255360
-10.117427 1.0615984 -3.1394069 4278255360
-10.303244 1.5931844 -3.2751701 4278255360
-10.372235 1.0883349 -2.933037 4278255360
-10.335032 1.6350589 -3.0397968 4278255360
-10.127317 1.6021972 -4.0191755 4278255360
-10.066628 1.5925959 -2.7671051 4278255360
-10.560621 1.1453854 -3.8562195 4278255360
-9.9337931 2.0734677 -3.6858401 4278255360
-9.854929 2.0570066 -2.6129475 4278255360
-10.286411 1.1156451 -3.4087112 4278255360
-10.214559 1.6159993 -3.5672131 4278255360
-10.309457 1.6310126 -3.279681 4278255360
-10.102078 1.6343703 -4.0172615 4278255360
-10.053111 1.626448 -2.7688513 4278255360
-10.544702 1.1809143 -3.856663 4278255360
-9.9303904 2.1089582 -3.6890409 4278255360
-9.8476887 2.0913944 -2.6153409 4278255360
-10.208856 1.6516453 -3.5698531 4278255360
-10.311586 1.6682656 -3.2835717 4278255360
-10.047372 1.6615279 -2.7714381 4278255360
-10.935588 1.2633541 -3.941232 4278255360
-9.9229689 2.1436067 -3.6914413 4278255360
-9.8403282 2.1257546 -2.6177213 4278255360
-10.203029 1.6872686 -3.57248 4278255360
-10.317523 1.7062025 -3.2880678 4278255360
-10.157674 1.1734841 -2.916882 4278255360
-10.063034 1.7002287 -4.0160899 4278255360
-10.037567 1.695926 -2.7735832 4278255360
-9.9232054 2.1799431 -3.6954093 4278255360
-9.8211279 2.1575186 -2.6189687 4278255360
-10.204939 1.7242047 -3.5765557 4278255360
-10.335137 1.7462027 -3.2944036 4278255360
-10.027645 1.7302734 -2.7757132 4278255360
-9.9155359 2.2145684 -3.6977859 4278255360
-9.8213434 2.1935313 -2.6220696 4278255360
-10.183142 1.7571044 -3.5762327 4278255360
-10.407705 1.795853 -3.3093655 4278255360
-10.23885 1.2916508 -2.6965213 4278255360
-10.015749 1.764243 -4.0130191 4278255360
-10.021544 1.7652637 -2.7782602 4278255360
-10.85468 1.369339 -3.9361603 4278255360
-9.8136272 2.2277987 -2.6244104 4278255360
-10.180873 1.7933291 -3.5795519 4278255360
-10.505868 1.3253356 -2.9694355 4278255360
-10.198809 1.320973 -2.6955762 4278255360
-10.005938 1.7967457 -4.0145144 4278255360
-10.027446 1.8006079 -2.7819664 4278255360
-9.8100834 2.2612286 -2.6269987 4278255360
-10.549899 1.3664471 -3.4744217 4278255360
-10.17487 1.8270806 -3.5819983 4278255360
-10.174311 1.3539275 -2.6963217 4278255360
-10.003508 1.8323773 -4.0179467 4278255360
-10.005362 1.8327168 -2.7827573 4278255360
-10.222234 1.3603048 -3.8119199 4278255360
-9.8021317 2.2954588 -2.6293154 4278255360
-10.276098 1.3674728 -3.4313991 4278255360
-10.007534 1.8331147 -3.2570639 4278255360
-10.153669 1.3872685 -2.6974413 4278255360
-10.004851 1.8687423 -4.0222816 4278255360
-10.014631 1.870569 -2.7870047 4278255360
-10.17802 1.3905956 -3.8064084 4278255360
-9.7940588 2.3296611 -2.6316192 4278255360
-10.267309 1.4027948 -3.4334595 4278255360
-10.349977 1.9332061 -3.6224146 4278255360
-10.475815 1.4312824 -2.9757543 4278255360
-10.148765 1.4227009 -2.7001328 4278255360
-9.9943705 1.9029102 -4.0238647 4278255360
-10.00411 1.9047648 -2.7890687 4278255360
-10.243996 1.4360508 -3.8239436 4278255360
-9.7975302 2.3666499 -2.6350465 4278255360
-10.258399 1.4380699 -3.4355049 4278255360
-10.29617 1.9603723 -3.6161606 4278255360
-10.161399 0.92118102 -3.3109331 4278255360
-10.486597 1.4700598 -2.9804959 4278255360
-10.119982 1.4547061 -2.700417 4278255360
-10.779783 2.6437795 -2.9926362 4278255360
-9.9915609 1.9385437 -4.0272636 4278255360
-9.9856215 1.9373912 -2.7902453 4278255360
-9.7775555 2.3979797 -2.6361873 4278255360
-10.265165 1.4755756 -3.4402452 4278255360
-10.261868 1.9909879 -3.6135573 4278255360
-10.142223 0.95515066 -3.311214 4278255360
-10.144614 1.4582469 -3.1803102 4278255360
-10.10323 1.4865084 -2.7017438 4278255360
-10.763195 2.6775787 -2.9940605 4278255360
-9.977294 1.970127 -4.0277805 4278255360
-9.9830666 1.9712669 -2.7930298 4278255360
-10.489736 1.5433756 -3.8829162 4278255360
-9.7734308 2.4313533 -2.6387196 4278255360
-10.272059 1.5113486 -3.4448438 4278255360
-10.266943 2.0273216 -3.6181843 4278255360
-10.135028 0.98838884 -3.3132541 4278255360
-10.131818 1.4907146 -3.1816721 4278255360
-10.385352 1.5280175 -2.9745393 4278255360
-10.097714 1.5235287 -2.7045214 4278255360
-9.8458891 2.4877346 -2.8855543 4278255360
-9.970005 2.0066826 -4.0303607 4278255360
-9.9836159 2.0094221 -2.7964888 4278255360
-10.491874 1.5829989 -3.8874547 4278255360
-9.7644539 2.4671586 -2.6410847 4278255360
-10.282233 1.5513686 -3.4503853 4278255360
-10.228177 2.0586452 -3.6149247 4278255360
-10.115452 1.0239211 -3.3136375 4278255360
-10.26852 1.5492997 -3.20559 4278255360
-10.367819 1.5642817 -2.9759116 4278255360
-10.072568 1.5557145 -2.705142 4278255360
-9.813899 2.5161285 -2.8849578 4278255360
-9.9707136 2.0430655 -4.0346408 4278255360
-9.9569483 2.0402448 -2.7967389 4278255360
-10.486284 1.6196132 -3.8901901 4278255360
-9.7635317 2.5032151 -2.6440892 4278255360
-10.288587 1.5890787 -3.4551072 4278255360
-10.197495 2.0895343 -3.6129901 4278255360
-10.342027 1.5973326 -3.2200277 4278255360
-10.128138 1.0609344 -3.0813084 4278255360
-10.393911 1.6053462 -2.9825768 4278255360
-10.508962 1.1379259 -2.8912892 4278255360
-10.063126 1.5902407 -2.7073536 4278255360
-9.963522 2.0778575 -4.0370741 4278255360
-9.9615135 2.0774388 -2.8004901 4278255360
-10.488422 1.6574489 -3.8945711 4278255360
-10.800117 2.8091931 -3.9215136 4278255360
-9.758605 2.5382876 -2.6467004 4278255360
-10.298742 1.6274742 -3.4605036 4278255360
-10.221361 2.131629 -3.6214092 4278255360
-10.312708 1.6296812 -3.2191782 4278255360
-11.078003 1.1995424 -3.216351 4278255360
-10.230677 1.1439373 -2.8624678 4278255360
-10.06541 1.6266342 -2.7107635 4278255360
-10.716532 2.8274271 -3.0030646 4278255360
-9.9484444 2.1109772 -4.0376549 4278255360
-9.9698515 2.1155195 -2.8046756 4278255360
-9.74195 2.5702956 -2.6481471 4278255360
-10.304814 1.6653236 -3.4652131 4278255360
-10.159258 2.15571 -3.6135004 4278255360
-10.306955 1.6656696 -3.2218437 4278255360
-10.822824 2.8554709 -3.2767527 4278255360
-10.056303 1.6575977 -2.7126904 4278255360
-10.715325 2.8631463 -3.0062006 4278255360
-9.9495211 2.1438928 -4.0416617 4278255360
-10.461502 1.7243873 -3.8963857 4278255360
-10.79279 2.8838451 -3.9285645 4278255360
-9.7415552 2.6029539 -2.6508985 4278255360
-10.311344 1.6996365 -3.469651 4278255360
-9.9614697 2.1464672 -3.5793006 4278255360
-10.813661 2.8894217 -3.5399184 4278255360
-10.317441 1.7006415 -3.2265961 4278255360
-10.038033 1.6942019 -2.7143068 4278255360
-9.7662315 2.6497655 -2.8923974 4278255360
-9.9489679 2.1837816 -4.0461397 4278255360
-9.9587469 2.1859281 -2.8099272 4278255360
-10.458726 1.7652059 -3.9001679 4278255360
-10.670171 2.8950217 -3.9079578 4278255360
-9.7469301 2.6445286 -2.6548514 4278255360
-10.324415 1.742537 -3.4759805 4278255360
-10.116703 2.2205992 -3.6131914 4278255360
-10.391008 2.2808087 -2.6114502 4278255360
-10.338415 1.7449 -3.23365 4278255360
-10.020232 1.7271903 -2.7156458 4278255360
-9.7376404 2.6785338 -2.8921802 4278255360
-9.9374123 2.2176304 -4.0476003 4278255360
-10.323167 1.7794073 -3.8753319 4278255360
-9.7260704 2.6753514 -2.6558695 4278255360
-10.341863 1.7826298 -3.4827278 4278255360
-10.089436 2.2515559 -3.6118894 4278255360
-10.391326 1.7911558 -3.2451847 4278255360
-9.8634176 2.7131314 -3.1459758 4278255360
-10.010201 1.761464 -2.7177832 4278255360
-9.739789 2.7157311 -2.8957889 4278255360
-9.9334803 2.2531829 -4.0508928 4278255360
-10.027048 1.7644284 -3.8162036 4278255360
-9.8210497 2.738389 -3.7389834 4278255360
-9.739789 2.7157311 -2.6603596 4278255360
-10.378805 1.826326 -3.4929063 4278255360
-9.8393688 2.7434969 -3.3841798 4278255360
-9.8538866 2.747545 -3.1481695 4278255360
-10.530421 1.3639261 -2.9139438 4278255360
-10.011867 1.7978121 -2.7211347 4278255360
-9.7610407 2.7584171 -2.9017982 4278255360
-9.9178209 2.2860637 -4.0514011 4278255360
-10.222437 1.3240352 -2.63802 4278255360
-9.9664927 2.2972825 -2.8206136 4278255360
-10.016913 1.7987183 -3.8179047 4278255360
-9.7148542 2.7453649 -2.6609602 4278255360
-9.8374166 2.7800004 -3.3876913 4278255360
-10.280249 1.846005 -3.2355745 4278255360
-9.8365421 2.7797532 -3.1492007 4278255360
-10.509738 1.3985655 -2.9148951 4278255360
-10.013398 1.8341906 -2.7244768 4278255360
-9.747508 2.7913718 -2.9034641 4278255360
-9.9213696 2.3233838 -4.0565195 4278255360
-10.209823 1.3586549 -2.6400068 4278255360
-9.9155712 2.3220258 -2.8180499 4278255360
-10.006662 1.8329567 -3.8195913 4278255360
-9.8093491 2.8090813 -3.7449279 4278255360
-9.7167473 2.782563 -2.6642668 4278255360
-9.8161364 2.8110249 -3.3878527 4278255360
-10.033996 1.8379635 -3.2018013 4278255360
-9.8190928 2.8118713 -3.1502149 4278255360
-10.026423 1.8365762 -2.9630265 4278255360
-10.508755 1.4357821 -2.9181592 4278255360
-10.006936 1.8691306 -2.7269876 4278255360
-9.745389 2.8276074 -2.906565 4278255360
-9.9247818 2.3607545 -4.0616302 4278255360
-10.205018 1.3942834 -2.6427243 4278255360
-9.9307537 2.362175 -2.8230677 4278255360
-10.004113 1.8686035 -3.8229377 4278255360
-9.8071346 2.8455229 -3.7486889 4278255360
-9.7108164 2.8175762 -2.6667843 4278255360
-10.615398 1.4503525 -3.4303589 4278255360
-9.8139343 2.8474958 -3.3913391 4278255360
-9.8168964 2.8483553 -3.153517 4278255360
-10.539324 1.477453 -2.9251564 4278255360
-9.9964218 1.9033022 -2.7290733 4278255360
-9.7431326 2.8638637 -2.9096558 4278255360
-9.9357672 2.4000428 -4.0685878 4278255360
-10.188205 1.4282315 -2.6443048 4278255360
-9.99753 1.9035132 -3.8254349 4278255360
-9.7780361 2.8741229 -3.7467861 4278255360
-9.7047596 2.8525841 -2.6692901 4278255360
-9.8154278 2.8851137 -3.3954849 4278255360
-9.8068943 2.8826053 -3.1556547 4278255360
-9.9825373 1.9331766 -2.7304831 4278255360
-9.7417555 2.896739 -2.9125259 4278255360
-9.9590092 2.4387958 -4.0780945 4278255360
-10.171789 1.4585288 -2.6455982 4278255360
-9.9032145 2.4251325 -2.8261204 4278255360
-9.9954033 1.9356683 -3.8285108 4278255360
-9.7842293 2.9093685 -3.7519267 4278255360
-9.6957493 2.8830588 -2.6711824 4278255360
-10.324997 1.4804972 -3.38925 4278255360
-9.7986603 2.9136598 -3.3960583 4278255360
-10.183311 1.4601809 -3.1256051 4278255360
-9.8054523 2.9156792 -3.1587226 4278255360
-9.9832335 1.9713017 -2.7339056 4278255360
-9.7463913 2.9370413 -2.9166739 4278255360
-9.9962111 2.4867764 -4.0916653 4278255360
-10.150547 1.4934717 -2.6468992 4278255360
-9.9059029 2.4643102 -2.8298812 4278255360
-9.9882421 1.9722906 -3.8311083 4278255360
-9.7925653 2.9509559 -3.7581868 4278255360
-9.7004366 2.923193 -2.674948 4278255360
-10.327399 1.5194924 -3.3934114 4278255360
-9.799386 2.953011 -3.4002893 4278255360
-10.173937 1.4969132 -3.1278543 4278255360
-9.7870455 2.9492922 -3.1597841 4278255360
-9.9802132 2.0069239 -2.7367799 4278255360
-9.732255 2.9698753 -2.9182758 4278255360
-10.025944 2.5313661 -4.1032686 4278255360
-10.129451 1.5265082 -2.6480448 4278255360
-9.8894863 2.4969132 -2.8312619 4278255360
-9.9812975 2.0071418 -3.8335686 4278255360
-9.7860155 2.9862807 -3.7610955 4278255360
-9.6786976 2.9535317 -2.6758456 4278255360
-10.329927 1.5567201 -3.397428 4278255360
-9.7966576 2.9895282 -3.4037333 4278255360
-10.196315 1.5365846 -3.1344647 4278255360
-9.799633 2.9904361 -3.1653588 4278255360
-9.9813414 2.0416121 -2.7399375 4278255360
-9.7185316 3.0009527 -2.9197593 4278255360
-10.03287 2.5685363 -4.1091762 4278255360
-10.128286 1.5606998 -2.6509335 4278255360
-9.8889008 2.5316784 -2.8343217 4278255360
-9.9745865 2.0402305 -3.8358941 4278255360
-9.772254 3.0175412 -3.7622666 4278255360
-9.7376404 3.0068531 -2.6849053 4278255360
-10.332601 1.5921832 -3.4013019 4278255360
-9.794322 3.0243554 -3.407063 4278255360
-9.7896624 3.0229168 -3.1673434 4278255360
-9.9620438 2.0757368 -2.7412448 4278255360
-9.7189169 3.0401371 -2.9233875 4278255360
-10.027227 2.606292 -4.1125126 4278255360
-10.110644 1.5959431 -2.652555 4278255360
-9.8834267 2.5689149 -2.8371453 4278255360
-9.9709339 2.0775893 -3.8392942 4278255360
-9.7725306 3.0569077 -3.7668769 4278255360
-9.7456398 3.0484958 -2.689049 4278255360
-10.338523 1.6319133 -3.4060943 4278255360
-9.7946024 3.0638118 -3.4112639 4278255360
-10.315617 1.6282974 -3.1584418 4278255360
-9.7861452 3.0611663 -3.1706848 4278255360
-10.782808 2.8428998 -3.205776 4278255360
-9.9625635 2.1121552 -2.7445014 4278255360
-9.7463789 3.0861158 -2.9303281 4278255360
-10.014232 2.640264 -4.1138568 4278255360
-10.093165 1.6293117 -2.6540256 4278255360
-9.8743992 2.6033969 -2.8393893 4278255360
-9.9636221 2.1123796 -3.8417168 4278255360
-9.7693949 3.0934036 -3.7705617 4278255360
-10.332764 1.6679894 -3.408767 4278255360
-9.799077 3.1028023 -3.4160261 4278255360
-10.826665 2.8544629 -3.4729187 4278255360
-10.30987 1.6642935 -3.1611087 4278255360
-9.8058901 3.1049597 -3.1774032 4278255360
-9.9515934 2.1443384 -2.7463717 4278255360
-9.7856092 3.1342802 -2.9386384 4278255360
-10.013089 2.6755071 -4.1178737 4278255360
-10.071919 1.6601709 -2.6549661 4278255360
-9.8657122 2.6361275 -2.8415091 4278255360
-9.9487867 2.1437335 -3.8423164 4278255360
-9.7742548 3.1306434 -3.7757604 4278255360
-9.942955 2.1424768 -3.4566829 4278255360
-10.323236 1.7015959 -3.410634 4278255360
-9.8343687 3.1498976 -3.4260805 4278255360
-10.339786 1.7043236 -3.1687407 4278255360
-9.9557705 2.1816316 -2.7500279 4278255360
-10.054232 1.6933259 -2.6563995 4278255360
-9.8603106 2.6715956 -2.8441832 4278255360
-9.9451284 2.1792996 -3.8455579 4278255360
-9.9239845 2.6888475 -3.6312995 4278255360
-10.329043 1.7396096 -3.4152651 4278255360
-9.8739519 2.6752915 -3.3224669 4278255360
-10.39289 1.7503626 -3.179924 4278255360
-9.94419 2.2155008 -2.7519929 4278255360
-9.8602476 2.7085593 -4.0896349 4278255360
-10.040376 1.7270555 -2.6581981 4278255360
-9.8624964 2.709177 -2.847759 4278255360
-9.9335785 2.2131367 -3.8470943 4278255360
-10.358315 1.7817447 -3.4238629 4278255360
-9.8529978 2.7065678 -3.3227487 4278255360
-9.8412724 2.7403252 -3.0864949 4278255360
-9.9324942 2.2493136 -2.7539427 4278255360
-9.8660231 2.7472174 -4.0955725 4278255360
-10.030345 1.7613984 -2.6603649 4278255360
-9.8568325 2.744658 -2.8504109 4278255360
-9.8588829 2.745229 -3.6266251 4278255360
-9.8434896 2.7409427 -3.3249412 4278255360
-10.054272 1.8018035 -2.9035189 4278255360
-9.8239498 2.7724915 -3.0875709 4278255360
-9.9245815 2.2839735 -2.7563009 4278255360
-9.8792858 2.7881081 -4.1033773 4278255360
-10.020199 1.7956972 -2.6625175 4278255360
-9.8548908 2.7812235 -2.8535101 4278255360
-9.8338928 2.7752974 -3.625771 4278255360
-9.8223286 2.7720337 -3.3251884 4278255360
-10.035666 1.7984691 -3.1386678 4278255360
-9.8103685 2.8056676 -3.0891821 4278255360
-9.9282331 2.3213351 -2.7599168 4278255360
-9.8542337 2.8182127 -4.1018023 4278255360
-10.006001 1.8292251 -2.6642683 4278255360
-9.8412762 2.814507 -2.8552208 4278255360
-9.8241453 2.8096077 -3.6279366 4278255360
-10.040657 1.8355607 -3.3811586 4278255360
-9.8087521 2.8052056 -3.3267069 4278255360
-10.253424 1.8744572 -3.1738467 4278255360
-10.022115 1.8665377 -2.9060419 4278255360
-9.7971697 2.8370728 -3.0906708 4278255360
-9.9243736 2.3551698 -2.7625594 4278255360
-9.8410215 2.8497715 -4.1029148 4278255360
-9.9998789 1.8623965 -2.6666529 4278255360
-9.8242054 2.8449018 -2.856349 4278255360
-9.8224325 2.8443885 -3.6315029 4278255360
-9.8070698 2.8399396 -3.3300395 4278255360
-10.015207 1.9032558 -2.9086702 4278255360
-9.7790337 2.8707073 -3.0918045 4278255360
-9.9156752 2.391526 -2.764998 4278255360
-9.8419342 2.8891723 -4.1079841 4278255360
-9.9969158 1.8997798 -2.6696641 4278255360
-9.8329029 2.8865209 -2.8609014 4278255360
-9.8157682 2.8814909 -3.6345117 4278255360
-9.8119268 2.8803632 -3.3348689 4278255360
-9.776618 2.907105 -3.0950332 4278255360
-9.8956108 2.4232702 -2.7660277 4278255360
-9.8279848 2.922379 -4.1091771 4278255360
-9.9862967 1.9339039 -2.6717598 4278255360
-9.826601 2.9219675 -2.8634942 4278255360
-9.8247557 2.9214187 -3.6404517 4278255360
-9.7979832 2.9134576 -3.3363481 4278255360
-9.7778969 2.9446731 -3.0988071 4278255360
-9.8948555 2.4597273 -2.7691753 4278255360
-9.9279079 2.98985 -4.1385822 4278255360
-9.9794846 1.9687511 -2.6742315 4278255360
-9.8201714 2.9574044 -2.8660748 4278255360
-10.849144 2.6969507 -4.0784225 4278255360
-9.7992287 2.9510975 -3.6395159 4278255360
-9.7877531 2.9476416 -3.3384597 4278255360
-9.7719011 2.9782495 -3.1013551 4278255360
-9.8866434 2.4925292 -2.7713432 4278255360
-9.9729013 2.0018363 -2.676568 4278255360
-9.8179617 2.9922876 -2.8690019 4278255360
-9.7932014 2.9847414 -3.642276 4278255360
-9.7893867 2.9835789 -3.3424003 4278255360
-9.7690878 3.0146976 -3.1045532 4278255360
-9.8856335 2.5290055 -2.7744701 4278255360
-9.8201218 3.0304465 -4.1210418 4278255360
-9.9619341 2.0358329 -2.6786215 4278255360
-9.8074579 3.0265384 -2.8710954 4278255360
-10.818975 2.7677789 -4.0807219 4278255360
-9.7979612 3.023608 -3.6474242 4278255360
-9.7941828 3.0224416 -3.3470867 4278255360
-9.7661371 3.0511651 -3.1077409 4278255360
-9.888361 2.5665126 -2.7780173 4278255360
-9.8019075 3.0623405 -4.1212378 4278255360
-9.958684 2.071409 -2.6814482 4278255360
-9.796833 3.060755 -2.8731754 4278255360
-9.7873468 3.0577915 -3.649502 4278255360
-9.9658203 2.0728934 -3.3936942 4278255360
-9.7835722 3.056612 -3.3491638 4278255360
-9.7783012 3.092468 -3.113153 4278255360
-9.8677378 2.5979559 -2.7789712 4278255360
-9.8857422 3.1264472 -4.1469078 4278255360
-9.9553051 2.1069846 -2.6842637 4278255360
-9.8204136 3.1057866 -2.8794336 4278255360
-9.8763647 2.6002274 -3.880033 4278255360
-9.7956209 3.0979457 -3.6553991 4278255360
-10.826913 2.8504853 -3.40732 4278255360
-9.7918854 3.0967643 -3.3544834 4278255360
-9.8131428 3.1412096 -3.1219182 4278255360
-9.870203 2.6354811 -2.7824969 4278255360
-9.9557095 2.1434064 -2.6874638 4278255360
-9.8476067 3.1522417 -2.8861592 4278255360
-9.8557014 2.631609 -3.8796928 4278255360
-9.8265133 3.1454895 -3.6658943 4278255360
-9.8380823 3.1491928 -3.3663187 4278255360
-9.8652697 2.6692429 -2.7850385 4278255360
-9.940733 2.1746998 -2.6889489 4278255360
-9.854598 2.6663554 -3.8835156 4278255360
-10.827289 2.9295359 -3.6771436 4278255360
-9.8931541 2.6767874 -3.2655714 4278255360
-9.8631344 2.7075028 -2.7882233 4278255360
-9.9365988 2.2119911 -2.691849 4278255360
-9.9904928 2.7424636 -3.9184852 4278255360
-10.88574 2.9882159 -3.6924927 4278255360
-9.8527527 2.704653 -3.024806 4278255360
-9.861331 2.7440577 -2.7912872 4278255360
-9.9366207 2.2484267 -2.6950166 4278255360
-10.011512 2.7858477 -3.9275904 4278255360
-9.8449974 2.7395129 -3.5040317 4278255360
-9.8583488 2.7432277 -3.2676158 4278255360
-9.847106 2.7400994 -3.0275264 4278255360
-9.8439932 2.7762926 -2.7926006 4278255360
-9.9209146 2.2813056 -2.6965771 4278255360
-10.001726 2.8207777 -3.9298072 4278255360
-9.8353748 2.7738619 -3.5062118 4278255360
-9.8448677 2.7765391 -3.2691782 4278255360
-9.8451777 2.7766266 -3.0307629 4278255360
-9.8501167 2.8133154 -2.7964044 4278255360
-9.9288759 2.3178296 -2.7004061 4278255360
-9.9923172 2.8539295 -3.9319005 4278255360
-9.8222857 2.8053665 -3.5075562 4278255360
-9.839447 2.8102682 -3.2718599 4278255360
-9.8282261 2.8070631 -3.0317657 4278255360
-9.8402367 2.847682 -2.7985632 4278255360
-9.9090481 2.3497055 -2.7015381 4278255360
-9.9937544 2.8921089 -3.9366784 4278255360
-9.8200989 2.8418543 -3.5111384 4278255360
-9.8295774 2.8445973 -3.2740164 4278255360
-9.818367 2.8413532 -3.0339196 4278255360
-9.8455906 2.8865125 -2.8024588 4278255360
-9.9085646 2.3861508 -2.7046621 4278255360
-9.9759665 2.9247358 -3.9371297 4278255360
-9.8216076 2.8794811 -3.5154257 4278255360
-9.8234234 2.8800135 -3.2767823 4278255360
-9.8083906 2.8756061 -3.0360599 4278255360
-9.8316193 2.9197266 -2.8041553 4278255360
-9.9040594 2.4216764 -2.7073736 4278255360
-9.973321 2.961808 -3.9410219 4278255360
-9.8229713 2.9171584 -3.5197048 4278255360
-9.8133097 2.914289 -3.2789125 4278255360
-9.7982922 2.9098291 -3.0381868 4278255360
-9.8333759 2.9557655 -2.8074875 4278255360
-9.8998585 2.455467 -2.7099593 4278255360
-9.9710608 2.9971514 -3.9447954 4278255360
-9.8056011 2.9474168 -3.5202832 4278255360
-9.8074188 2.947963 -3.2815483 4278255360
-9.8000774 2.9457564 -3.0417907 4278255360
-9.8311739 2.9906864 -2.8103721 4278255360
-9.8877811 2.4873073 -2.7117248 4278255360
-9.9648733 3.0313582 -3.9476941 4278255360
-9.7995911 2.9810789 -3.523 4278255360
-9.8128805 2.9851215 -3.2860503 4278255360
-9.7979069 2.9805665 -3.0448544 4278255360
-9.8321419 3.0285184 -2.8137927 4278255360
-9.8906641 2.5247748 -2.7152126 4278255360
-9.9580307 3.0672948 -3.9506874 4278255360
-9.8043785 3.0199666 -3.5279667 4278255360
-9.8100367 3.0217094 -3.2893975 4278255360
-9.7989082 3.0182817 -3.048547 4278255360
-9.8286133 3.0669177 -2.8168671 4278255360
-9.8813448 2.5610092 -2.7175853 4278255360
-9.946722 3.1037722 -3.9529064 4278255360
-9.8008633 3.0582585 -3.5315907 4278255360
-9.810338 3.0612152 -3.2934654 4278255360
-9.7877798 3.0541761 -3.0507305 4278255360
-9.8369198 3.1072321 -2.8211536 4278255360
-9.8800821 2.5975208 -2.7206466 4278255360
-9.9434118 3.1408703 -3.956742 4278255360
-9.793932 3.0936534 -3.5343792 4278255360
-9.8148346 3.100256 -3.2980483 4278255360
-10.811336 2.8423519 -3.3391418 4278255360
-9.8037519 3.0967553 -3.0565441 4278255360
-9.852685 3.1500752 -2.8263209 4278255360
-9.8709555 2.6319904 -2.7228808 4278255360
-9.7770767 3.1259019 -3.9231937 4278255360
-9.8058796 3.1351109 -3.5407617 4278255360
-10.84989 2.8930132 -3.6112247 4278255360
-9.8344011 3.1442294 -3.3051391 4278255360
-10.820657 2.8852189 -3.344557 4278255360
-9.8385916 3.1455693 -3.0650358 4278255360
-9.8621721 2.66471 -2.7249913 4278255360
-9.7855768 3.1644254 -3.9294815 4278255360
-9.8657398 2.665674 -3.2011194 4278255360
-9.8707628 2.704037 -2.9672332 4278255360
-9.8566694 2.700176 -2.7276096 4278255360
-9.8636045 2.7020757 -3.4432232 4278255360
-9.8640842 2.7022073 -3.20452 4278255360
-9.8646402 2.7412682 -2.9700456 4278255360
-9.8467064 2.7362845 -2.7299147 4278255360
-9.8536339 2.7382097 -3.4455299 4278255360
-9.8618155 2.7404833 -3.2080202 4278255360
-9.8631945 2.7761328 -2.9731317 4278255360
-9.8491297 2.7721739 -2.7332227 4278255360
-9.8444996 2.7708709 -3.4476039 4278255360
-9.8449793 2.7710059 -3.2089012 4278255360
-9.8495979 2.8094482 -2.9748001 4278255360
-9.8393927 2.8065374 -2.735394 4278255360
-9.8347683 2.8052182 -3.4497743 4278255360
-9.8314028 2.8042583 -3.2104731 4278255360
-9.8430767 2.8466439 -2.9775743 4278255360
-9.8367252 2.8448069 -2.7384863 4278255360
-9.8282557 2.8423576 -3.4527304 4278255360
-9.8210583 2.840276 -3.2127364 4278255360
-9.8330803 2.8809831 -2.9797206 4278255360
-9.8267355 2.8791239 -2.7406311 4278255360
-9.8221045 2.8777673 -3.4555657 4278255360
-9.8149195 2.8756623 -3.2154777 4278255360
-9.8239813 2.9118581 -2.9816403 4278255360
-9.8253117 2.9122524 -2.7433796 4278255360
-9.8283243 2.9131455 -3.4602563 4278255360
-9.8173332 2.9098876 -3.2191966 4278255360
-9.8214178 2.9484327 -2.9847786 4278255360
-9.8150864 2.946532 -2.7455003 4278255360
-9.8142729 2.9462879 -3.4616838 4278255360
-9.8109446 2.9452887 -3.2219172 4278255360
-9.8215027 2.9896164 -2.9886265 4278255360
-9.8228331 2.9900212 -2.7499013 4278255360
-9.8067064 2.9851124 -3.4646955 4278255360
-9.80721 2.9852657 -3.2254381 4278255360
-9.8158846 3.0216362 -2.9910238 4278255360
-9.8325052 3.0267525 -2.7538762 4278255360
-9.8049107 3.0182581 -3.4679711 4278255360
-9.8016024 3.0172398 -3.2279255 4278255360
-9.8090954 3.0570695 -2.993619 4278255360
-9.8256998 3.0622444 -2.756382 4278255360
-9.805748 3.0560265 -3.472142 4278255360
-9.7948265 3.0526228 -3.2306104 4278255360
-9.8098059 3.0949013 -2.9972265 4278255360
-9.8492804 3.1073551 -2.762229 4278255360
-9.8102484 3.0950408 -3.4770019 4278255360
-9.8222256 3.0988197 -3.2387273 4278255360
-9.8560905 3.1473746 -3.0069804 4278255360
-9.8488178 3.1450522 -3.4881372 4278255360
-9.8532286 3.1464605 -3.2474518 4278255360
