# .PCD v0.7 - Point Cloud Data file format
VERSION 0.7
FIELDS x y z rgb
SIZE 4 4 4 4
TYPE F F F U
COUNT 1 1 1 1
WIDTH 18449
HEIGHT 1
VIEWPOINT 0 0 0 1 0 0 0
POINTS 18449
DATA ascii
1.1119962 3.3742156 -3.5152311 4294901760
1.5433661 5.5879159 -3.4969666 4294901760
2.5241077 7.6590939 -3.4965084 4294901760
2.7011461 9.7797785 -3.4790764 4294901760
3.9320805 11.931415 -3.5076993 4294901760
3.803179 13.769803 -3.4645784 4294901760
6.0626154 15.760758 -3.4997962 4294901760
5.6451802 20.438957 -3.4506805 4294901760
5.8960485 17.890833 -3.4812975 4294901760
4.9169641 21.925325 -3.4273329 4294901760
9.007618 23.416775 -3.4257302 4294901760
1.1226219 3.366874 -3.5133839 4294901760
1.561825 5.5787849 -3.4956474 4294901760
2.5533111 7.6576777 -3.4978101 4294901760
2.7363355 9.7740955 -3.4793346 4294901760
3.9774737 11.928907 -3.5087962 4294901760
3.8490806 13.748783 -3.4631376 4294901760
6.1190405 15.743211 -3.4995224 4294901760
5.7175717 20.422968 -3.4501882 4294901760
5.9672956 17.896614 -3.4830043 4294901760
4.9881506 21.884676 -3.4248219 4294901760
9.0864153 23.377743 -3.4242365 4294901760
1.1332083 3.3595002 -3.5115368 4294901760
1.5823396 5.5770049 -3.4965312 4294901760
2.5812776 7.6524348 -3.4983046 4294901760
2.7693563 9.7606821 -3.4783144 4294901760
4.0178189 11.911193 -3.5077846 4294901760
3.8981323 13.739089 -3.4630532 4294901760
6.1593966 15.684686 -3.4949417 4294901760
5.7910018 20.410566 -3.4499972 4294901760
6.0284524 17.871901 -3.4819295 4294901760
5.0654087 21.871021 -3.4242842 4294901760
9.1708784 23.353317 -3.4237516 4294901760
1.1460997 3.3589544 -3.5131099 4294901760
1.602863 5.5751491 -3.4974141 4294901760
2.6092427 7.64709 -3.4987986 4294901760
2.8055971 9.7585526 -3.4792092 4294901760
4.0670629 11.919626 -3.5104589 4294901760
3.9482682 13.733042 -3.4634197 4294901760
6.2287993 15.700108 -3.4981883 4294901760
5.8677301 20.409399 -3.4507124 4294901760
6.0908041 17.850746 -3.4812007 4294901760
5.1353278 21.826004 -3.4214904 4294901760
9.2538185 23.324873 -3.423012 4294901760
1.1578153 3.3549342 -3.5129726 4294901760
1.6233875 5.5732193 -3.4982965 4294901760
2.634635 7.6342282 -3.4976802 4294901760
2.8374262 9.7411118 -3.4775496 4294901760
4.1099319 11.90911 -3.510498 4294901760
3.9972839 13.722997 -3.4633327 4294901760
6.2909622 15.696757 -3.4994755 4294901760
5.9366903 20.381134 -3.449306 4294901760
6.1569672 17.840685 -3.4815116 4294901760
5.2142515 21.819599 -3.4215131 4294901760
9.3425941 23.31097 -3.4232786 4294901760
1.1719093 3.3577178 -3.5162549 4294901760
1.6417431 5.5638242 -3.4969759 4294901760
2.6638546 7.6323919 -3.4989781 4294901760
2.8714144 9.7311478 -3.4771659 4294901760
4.1475582 11.883452 -3.5084305 4294901760
4.0451655 13.70896 -3.4627922 4294901760
6.3457198 15.674701 -3.498805 4294901760
6.0123205 20.375595 -3.4497137 4294901760
6.2244654 17.834141 -3.4821672 4294901760
5.3007445 21.843933 -3.4237847 4294901760
9.4284086 23.289316 -3.4230382 4294901760
1.177591 3.3365133 -3.5075679 4294901760
1.6655679 5.5728211 -3.5011599 4294901760
2.691788 7.6267452 -3.4994695 4294901760
2.9042354 9.7172775 -3.4761436 4294901760
4.1850548 11.857676 -3.5063629 4294901760
4.0918584 13.690944 -3.4617991 4294901760
6.3973856 15.645081 -3.4973521 4294901760
6.0879831 20.369774 -3.4501185 4294901760
6.2959733 17.838621 -3.4838605 4294901760
5.3769684 21.825296 -3.4229567 4294901760
9.5262775 23.296921 -3.4248087 4294901760
1.1892297 3.3323827 -3.5074303 4294901760
1.6805458 5.552227 -3.4965363 4294901760
2.7183924 7.6173034 -3.4991548 4294901760
2.9427156 9.7222137 -3.4783103 4294901760
4.2250843 11.839259 -3.505348 4294901760
4.1384692 13.672772 -3.4608054 4294901760
6.4565158 15.633698 -3.4978521 4294901760
6.156734 20.340763 -3.4487073 4294901760
6.3555193 17.809025 -3.4824314 4294901760
5.4550519 21.814142 -3.4226897 4294901760
9.6166821 23.285673 -3.4253168 4294901760
1.2033163 3.335031 -3.5107114 4294901760
1.6987892 5.5426435 -3.4952149 4294901760
2.744967 7.6077666 -3.4988396 4294901760
2.9766374 9.7118816 -3.4779241 4294901760
4.2650414 11.820704 -3.5043321 4294901760
4.1885056 13.665846 -3.461165 4294901760
6.5156512 15.62209 -3.4983497 4294901760
6.2277045 20.319145 -3.4478991 4294901760
6.4244156 17.805481 -3.4834266 4294901760
5.5341163 21.80657 -3.4227011 4294901760
9.7163572 23.296185 -3.4273293 4294901760
1.2137074 3.3274047 -3.5088634 4294901760
1.7192669 5.5403595 -3.4960947 4294901760
2.7755373 7.6091943 -3.5009387 4294901760
3.0093465 9.6976576 -3.4768996 4294901760
4.3089948 11.8132 -3.5048931 4294901760
4.2397161 13.662539 -3.4619741 4294901760
6.5716863 15.602924 -3.4980655 4294901760
6.2985897 20.297285 -3.4470897 4294901760
6.4865255 17.782948 -3.482688 4294901760
5.6191554 21.821915 -3.4243953 4294901760
9.8084612 23.287888 -3.4280808 4294901760
1.2290766 3.3333521 -3.5138528 4294901760
1.7385947 5.5343246 -3.4958732 4294901760
2.8020799 7.5994596 -3.5006223 4294901760
3.0431774 9.6870937 -3.4765122 4294901760
4.347456 11.790641 -3.5033505 4294901760
4.2885709 13.651452 -3.4618797 4294901760
6.6323419 15.594551 -3.49895 4294901760
6.3705935 20.278982 -3.4465806 4294901760
6.5485568 17.760197 -3.4819479 4294901760
5.7023516 21.829203 -3.4255235 4294901760
9.8881245 23.249836 -3.426821 4294901760
1.2370138 3.3226793 -3.5103095 4294901760
1.7559743 5.5288348 -3.4956737 4294901760
2.8259423 7.5906186 -3.5003366 4294901760
3.0724015 9.6737185 -3.4755254 4294901760
4.3803258 11.765768 -3.5013311 4294901760
4.3302364 13.634119 -3.4609363 4294901760
6.6813054 15.573637 -3.4983401 4294901760
6.4415231 20.281685 -3.4476593 4294901760
6.6057148 17.743271 -3.4816267 4294901760
5.7780561 21.838194 -3.4267323 4294901760
9.9469547 23.185627 -3.4236541 4294901760
1.2479057 3.3147304 -3.5084546 4294901760
1.7738664 5.515028 -3.4932404 4294901760
2.8565066 7.5875525 -3.5016122 4294901760
3.110255 9.6699181 -3.4763918 4294901760
4.4262137 11.757063 -3.5018649 4294901760
4.3777404 13.610585 -3.4594595 4294901760
6.7510061 15.578278 -3.5007465 4294901760
6.515811 20.25794 -3.4468038 4294901760
6.6706991 17.718943 -3.4808474 4294901760
5.8632283 21.836145 -3.4272499 4294901760
10.030274 23.145351 -3.422343 4294901760
1.2614672 3.3173513 -3.51174 4294901760
1.7933358 5.5127788 -3.4941292 4294901760
2.8802562 7.5743713 -3.5005052 4294901760
3.1410799 9.6557932 -3.4753845 4294901760
4.4679956 11.74974 -3.5024467 4294901760
4.4166965 13.577085 -3.4566851 4294901760
6.8058171 15.563107 -3.5008793 4294901760
6.5841837 20.240019 -3.4463296 4294901760
6.7237492 17.681822 -3.4787586 4294901760
5.9460831 21.855101 -3.4292507 4294901760
10.111767 23.12294 -3.4221339 4294901760
1.2704395 3.3061595 -3.508183 4294901760
1.8161826 5.5174618 -3.4972055 4294901760
2.9066803 7.564271 -3.5001864 4294901760
3.1722968 9.6372604 -3.4737206 4294901760
4.5132561 11.745183 -3.5035269 4294901760
4.4740143 13.591806 -3.4597406 4294901760
6.860105 15.539254 -3.5001974 4294901760
6.6560473 20.220701 -3.4458129 4294901760
6.7882943 17.665684 -3.4787054 4294901760
6.0244637 21.841906 -3.4289632 4294901760
10.215003 23.138645 -3.4246256 4294901760
1.2838607 3.3048606 -3.5097451 4294901760
1.8363916 5.5107679 -3.4969709 4294901760
2.9343834 7.5535669 -3.4998515 4294901760
3.2088451 9.6293192 -3.473947 4294901760
4.5562711 11.728562 -3.5030065 4294901760
4.5250545 13.579089 -3.4596126 4294901760
6.9299836 15.543106 -3.5025954 4294901760
6.7313724 20.199959 -3.4452536 4294901760
6.8529925 17.640686 -3.4779224 4294901760
6.1066241 21.827372 -3.4286308 4294901760
10.288355 23.075521 -3.4218066 4294901760
1.2934899 3.2972097 -3.5079038 4294901760
1.8558872 5.5082979 -3.4978573 4294901760
2.9594181 7.5437942 -3.4995475 4294901760
3.2407622 9.6186256 -3.4735754 4294901760
4.5980411 11.720776 -3.5035841 4294901760
4.5700631 13.564009 -3.4590881 4294901760
6.9765906 15.509141 -3.5007768 4294901760
6.7996006 20.181305 -3.4447744 4294901760
6.9187388 17.636419 -3.4789388 4294901760
6.1800675 21.810841 -3.4281015 4294901760
10.353358 23.015783 -3.41909 4294901760
1.3055654 3.2924469 -3.5077567 4294901760
1.8760625 5.5014586 -3.4976218 4294901760
2.988492 7.5365443 -3.500015 4294901760
3.2798193 9.6179047 -3.4750729 4294901760
4.6438918 11.711223 -3.5041108 4294901760
4.6197443 13.547167 -3.4585075 4294901760
7.0300903 15.476215 -3.499279 4294901760
6.8799582 20.175131 -3.4454143 4294901760
6.9906764 17.629475 -3.4798777 4294901760
6.2610636 21.791878 -3.427485 4294901760
10.450851 23.006765 -3.4200208 4294901760
1.3172504 3.2916946 -3.5093389 4294901760
1.8920835 5.4918957 -3.49632 4294901760
3.0092416 7.5198345 -3.4981191 4294901760
3.3061595 9.596343 -3.47281 4294901760
4.6791897 11.69289 -3.5031376 4294901760
4.6635804 13.536345 -3.4584589 4294901760
7.0803394 15.457674 -3.4990504 4294901760
6.9459119 20.160961 -3.4452729 4294901760
7.0489936 17.614826 -3.4798918 4294901760
6.3295007 21.7721 -3.4267151 4294901760
10.513108 22.952038 -3.4176047 4294901760
1.3306645 3.2902057 -3.5108991 4294901760
1.9134665 5.4885616 -3.4971826 4294901760
3.0353105 7.5051188 -3.4969788 4294901760
3.3426082 9.5878935 -3.473033 4294901760
4.722012 11.675663 -3.5026135 4294901760
4.7118502 13.515408 -3.4574265 4294901760
7.1369429 15.43162 -3.4983289 4294901760
7.0342031 20.176815 -3.44771 4294901760
7.1090193 17.577784 -3.4780681 4294901760
6.4205346 21.787045 -3.4286091 4294901760
10.607212 22.935097 -3.4180307 4294901760
1.3413427 3.2819507 -3.5090435 4294901760
1.9322876 5.477879 -3.4958467 4294901760
3.0642803 7.4975748 -3.4974446 4294901760
3.3816693 9.5867596 -3.4745271 4294901760
4.7632699 11.654604 -3.5015645 4294901760
4.766644 13.51305 -3.4586413 4294901760
7.1968222 15.412578 -3.4983838 4294901760
7.1094313 20.154663 -3.4471393 4294901760
7.1764107 17.558992 -3.477967 4294901760
6.5037684 21.774841 -3.4285438 4294901760
10.694578 22.903305 -3.4174559 4294901760
1.3516475 3.2777205 -3.5089166 4294901760
1.9469033 5.4645243 -3.4934461 4294901760
3.0908122 7.495163 -3.4987609 4294901760
3.4104469 9.5723648 -3.4735353 4294901760
4.8044019 11.650587 -3.5026858 4294901760
4.806407 13.490515 -3.4572408 4294901760
7.2587819 15.418716 -3.5008707 4294901760
7.1753979 20.139744 -3.4469912 4294901760
7.2391424 17.554789 -3.4790101 4294901760
6.5709958 21.750483 -3.4274888 4294901760
10.764784 22.865978 -3.416285 4294901760
1.3630799 3.2729826 -3.5087755 4294901760
1.9646596 5.4540715 -3.4921217 4294901760
3.1139388 7.4770865 -3.4968324 4294901760
3.4438374 9.5604029 -3.4731395 4294901760
4.8465638 11.637409 -3.502708 4294901760
4.849422 13.462432 -3.4553351 4294901760
7.3176823 15.404078 -3.5013442 4294901760
7.2470026 20.11833 -3.4464586 4294901760
7.3003726 17.529413 -3.4782541 4294901760
6.6433716 21.715961 -3.4257882 4294901760
10.841103 22.821051 -3.4147615 4294901760
1.3759028 3.2715461 -3.5103414 4294901760
1.9850054 5.4507995 -3.4929938 4294901760
3.141542 7.4697862 -3.4973121 4294901760
3.485306 9.5706062 -3.4765561 4294901760
4.8871598 11.62042 -3.5022054 4294901760
4.8936672 13.437947 -3.4538784 4294901760
7.3714123 15.37844 -3.5006516 4294901760
7.3185549 20.096659 -3.4459238 4294901760
7.3707952 17.525871 -3.4795613 4294901760
6.7120523 21.669758 -3.4232504 4294901760
10.939691 22.822678 -3.4164736 4294901760
1.3856187 3.2595658 -3.5067711 4294901760
2.0045898 5.4395223 -3.4916461 4294901760
3.1717374 7.461278 -3.4977589 4294901760
3.5220311 9.5571518 -3.4761181 4294901760
4.9364023 11.612522 -3.5032218 4294901760
4.9507327 13.433982 -3.4550593 4294901760
7.42694 15.342851 -3.4991128 4294901760
7.4122291 20.113337 -3.4486003 4294901760
7.4302416 17.479095 -3.4770072 4294901760
6.8023891 21.666676 -3.4239702 4294901760
11.018548 22.762529 -3.4140975 4294901760
1.3984176 3.2580409 -3.5083365 4294901760
2.026253 5.4397116 -3.4936154 4294901760
3.1977613 7.4501615 -3.4974349 4294901760
3.5581276 9.552207 -3.4769897 4294901760
4.9800358 11.602514 -3.5037637 4294901760
5.0003695 13.424074 -3.4553964 4294901760
7.4821954 15.320413 -3.4988065 4294901760
7.4879599 20.102299 -3.4489591 4294901760
7.4912066 17.453053 -3.4762478 4294901760
6.888855 21.67704 -3.4256086 4294901760
11.111951 22.752636 -3.4150565 4294901760
1.4100857 3.2569585 -3.5099158 4294901760
2.0433311 5.4333196 -3.4934106 4294901760
3.2180324 7.4328799 -3.495538 4294901760
3.5922911 9.5520811 -3.4785352 4294901760
5.0133057 11.57953 -3.5022626 4294901760
5.0425158 13.408299 -3.454891 4294901760
7.5267682 15.289686 -3.4974058 4294901760
7.5482626 20.071207 -3.4476035 4294901760
7.553915 17.447725 -3.4772811 4294901760
6.9495916 21.63249 -3.4231548 4294901760
11.167499 22.685373 -3.4118917 4294901760
1.4191093 3.2451248 -3.5063529 4294901760
2.0618637 5.4221931 -3.4920733 4294901760
3.2468266 7.4246278 -3.4959991 4294901760
3.6258745 9.5351553 -3.4774795 4294901760
5.0493565 11.546534 -3.4996397 4294901760
5.0944557 13.397161 -3.4551971 4294901760
7.579217 15.254861 -3.4959006 4294901760
7.6388011 20.088161 -3.4503095 4294901760
7.6210132 17.427227 -3.4771676 4294901760
7.0362463 21.629648 -3.4239085 4294901760
11.248798 22.640711 -3.4105599 4294901760
1.4304276 3.2401519 -3.5062106 4294901760
2.0849221 5.4257498 -3.4951382 4294901760
3.2743068 7.4168391 -3.4964759 4294901760
3.6562994 9.5150623 -3.4758089 4294901760
5.088026 11.525209 -3.4986112 4294901760
5.1383338 13.371873 -3.4537368 4294901760
7.6466923 15.256797 -3.4983027 4294901760
7.7088714 20.061377 -3.4494643 4294901760
7.6995063 17.440639 -3.4801795 4294901760
7.1179404 21.623911 -3.4244246 4294901760
11.358173 22.661999 -3.4137444 4294901760
1.4461571 3.2450724 -3.5111878 4294901760
2.1038504 5.418438 -3.494909 4294901760
3.3001785 7.4053631 -3.49615 4294901760
3.6894934 9.5022402 -3.4754071 4294901760
5.1395354 11.532747 -3.5017629 4294901760
5.1821036 13.346438 -3.452276 4294901760
7.6963115 15.2229 -3.4968302 4294901760
7.7759686 20.026903 -3.4480197 4294901760
7.7489834 17.388161 -3.4770117 4294901760
7.2022133 21.625443 -3.4254932 4294901760
11.440819 22.629337 -3.4132032 4294901760
1.4569094 3.2402594 -3.5110519 4294901760
2.1189938 5.4042602 -3.4924965 4294901760
3.3279324 7.4015336 -3.4974432 4294901760
3.7224245 9.4936342 -3.4756596 4294901760
5.1777482 11.515642 -3.5012801 4294901760
5.2335901 13.347696 -3.4539797 4294901760
7.753983 15.211491 -3.4977145 4294901760
7.8481598 20.015869 -3.4484096 4294901760
7.8115029 17.37328 -3.4773126 4294901760
7.2840743 21.63171 -3.4268804 4294901760
11.504911 22.569929 -3.4107301 4294901760
1.4697087 3.2384555 -3.512615 4294901760
2.1392627 5.4004121 -3.4933643 4294901760
3.3537469 7.3898726 -3.4971161 4294901760
3.75845 9.4879322 -3.4765251 4294901760
5.2244706 11.511952 -3.5028605 4294901760
5.2816124 13.333044 -3.453861 4294901760
7.7997451 15.170164 -3.4954672 4294901760
7.9267936 20.010611 -3.4493513 4294901760
7.8819818 17.367693 -3.4786015 4294901760
7.3633943 21.617487 -3.4268312 4294901760
11.590924 22.543842 -3.410682 4294901760
1.4815693 3.2330468 -3.5124643 4294901760
2.1547477 5.3818073 -3.4898319 4294901760
3.3840797 7.3846617 -3.4983749 4294901760
3.7961402 9.481432 -3.4773693 4294901760
5.2682848 11.496332 -3.5028467 4294901760
5.3319254 13.317287 -3.4537127 4294901760
7.8497972 15.13087 -3.4935722 4294901760
8.0045366 19.992535 -3.4493523 4294901760
7.9572153 17.364054 -3.4801912 4294901760
7.446485 21.601675 -3.4267356 4294901760
11.678996 22.511841 -3.4103317 4294901760
1.4922833 3.2281156 -3.5123277 4294901760
2.1740279 5.3782024 -3.4907105 4294901760
3.403614 7.3627167 -3.4956596 4294901760
3.8290451 9.4724531 -3.4776187 4294901760
5.3030534 11.471594 -3.5013173 4294901760
5.3790436 13.306905 -3.4540677 4294901760
7.8962431 15.097694 -3.4921339 4294901760
8.0737877 19.973276 -3.4491377 4294901760
8.0130854 17.33395 -3.4791155 4294901760
7.5259662 21.59948 -3.4275579 4294901760
11.759143 22.483597 -3.4100833 4294901760
1.5050743 3.2261724 -3.5138896 4294901760
2.1927869 5.3705812 -3.4904802 4294901760
3.4309506 7.3543463 -3.4961324 4294901760
3.8620846 9.4590302 -3.4772131 4294901760
5.3397059 11.445822 -3.4997623 4294901760
5.4299674 13.299095 -3.4548402 4294901760
7.9451747 15.062994 -3.4906602 4294901760
8.1404371 19.937586 -3.4476867 4294901760
8.0785952 17.316713 -3.4793696 4294901760
7.6052909 21.584373 -3.4275012 4294901760
11.846862 22.460075 -3.4102752 4294901760
1.5153449 3.2173543 -3.5120325 4294901760
2.2153962 5.3696294 -3.4924312 4294901760
3.4595559 7.3452697 -3.496588 4294901760
3.8952231 9.4411583 -3.4761531 4294901760
5.3866963 11.436942 -3.5007899 4294901760
5.480195 13.28278 -3.4546878 4294901760
8.0040779 15.040804 -3.4906962 4294901760
8.2104197 19.90024 -3.4461918 4294901760
8.140316 17.283379 -3.4782147 4294901760
7.6883769 21.567629 -3.4273973 4294901760
11.930986 22.420027 -3.4094241 4294901760
1.5265656 3.2120457 -3.5118883 4294901760
2.2326434 5.3583088 -3.4911036 4294901760
3.4851727 7.3331499 -3.4962585 4294901760
3.9251125 9.420208 -3.4744797 4294901760
5.4299898 11.425239 -3.5013201 4294901760
5.5249944 13.2599 -3.4536688 4294901760
8.0527601 15.005754 -3.4892218 4294901760
8.27983 19.87146 -3.4453349 4294901760
8.1954584 17.244059 -3.4764137 4294901760
7.7757916 21.574463 -3.4289966 4294901760
12.012946 22.385284 -3.4088707 4294901760
1.5350819 3.2039645 -3.5100529 4294901760
2.249465 5.3512678 -3.4908953 4294901760
3.5098867 7.3257022 -3.4967625 4294901760
3.9638753 9.4296913 -3.4779136 4294901760
5.4692831 11.415279 -3.5019004 4294901760
5.5712452 13.253475 -3.4544942 4294901760
8.0960712 14.973376 -3.4878178 4294901760
8.3391199 19.837992 -3.4439673 4294901760
8.2564793 17.232609 -3.4770832 4294901760
7.8476233 21.56118 -3.4290211 4294901760
12.07561 22.333384 -3.4069407 4294901760
1.5468156 3.1983166 -3.509901 4294901760
2.2690644 5.3429871 -3.4906521 4294901760
3.5315921 7.3021951 -3.4940143 4294901760
3.9953229 9.4078236 -3.4762185 4294901760
5.5145445 11.402302 -3.5024023 4294901760
5.6213422 13.236626 -3.4543383 4294901760
8.1680641 14.975067 -3.49055 4294901760
8.4164591 19.818312 -3.4439578 4294901760
8.3213253 17.20582 -3.4766088 4294901760
7.9390135 21.565985 -3.430568 4294901760
12.176513 22.324028 -3.408304 4294901760
1.5558233 3.1899116 -3.5080585 4294901760
2.2913213 5.346055 -3.4937193 4294901760
3.5592251 7.2974954 -3.495301 4294901760
4.0249395 9.3908911 -3.4751973 4294901760
5.5540628 11.38752 -3.5024335 4294901760
5.66677 13.221569 -3.4542389 4294901760
8.2157574 14.944411 -3.4894946 4294901760
8.4884157 19.804964 -3.444329 4294901760
8.3853235 17.192467 -3.4772356 4294901760
8.000741 21.513353 -3.4277792 4294901760
12.275479 22.32902 -3.410507 4294901760
1.5701491 3.1909671 -3.5113239 4294901760
2.3114972 5.3415594 -3.4945824 4294901760
3.5846746 7.285027 -3.4949701 4294901760
4.0576935 9.3767843 -3.4747882 4294901760
5.5955281 11.371624 -3.5024378 4294901760
5.7128839 13.201708 -3.4536631 4294901760
8.2601461 14.901711 -3.4872475 4294901760
8.5479841 19.753242 -3.4416838 4294901760
8.445281 17.163092 -3.4764559 4294901760
8.0842094 21.507711 -3.4285364 4294901760
12.35915 22.296515 -3.4101906 4294901760
1.5802207 3.1819441 -3.5094666 4294901760
2.3279727 5.3259935 -3.4921463 4294901760
3.6113498 7.2718406 -3.4946222 4294901760
4.0951972 9.3690939 -3.4756236 4294901760
5.6389313 11.354594 -3.5024157 4294901760
5.7596364 13.177039 -3.4526114 4294901760
8.3127623 14.867863 -3.4861209 4294901760
8.6315069 19.747377 -3.4428568 4294901760
8.5098991 17.135595 -3.4759774 4294901760
8.1700706 21.496597 -3.4289691 4294901760
12.440784 22.25107 -3.4090815 4294901760
1.5896953 3.1731672 -3.507617 4294901760
2.3465512 5.3178339 -3.4919128 4294901760
3.6349566 7.2556825 -3.4934907 4294901760
4.1294746 9.3583555 -3.4758458 4294901760
5.6732035 11.324197 -3.5003359 4294901760
5.8023906 13.149574 -3.4511416 4294901760
8.3646135 14.838752 -3.4854145 4294901760
8.6987801 19.713472 -3.4416947 4294901760
8.5750237 17.116476 -3.4762185 4294901760
8.2507896 21.482851 -3.429168 4294901760
12.500735 22.176195 -3.4058118 4294901760
1.6023979 3.1708336 -3.5091763 4294901760
2.3635337 5.3060913 -3.4905839 4294901760
3.6567254 7.2359476 -3.4915595 4294901760
4.1605105 9.3402729 -3.474802 4294901760
5.7127004 11.304322 -3.4998176 4294901760
5.8563504 13.147403 -3.4527938 4294901760
8.4124279 14.802536 -3.4839375 4294901760
8.7821589 19.715792 -3.4434986 4294901760
8.6383209 17.093555 -3.4761171 4294901760
8.3286228 21.461361 -3.428813 4294901760
12.583994 22.142838 -3.4054918 4294901760
1.6134559 3.1652212 -3.5090306 4294901760
2.3820398 5.2978091 -3.49035 4294901760
3.6855223 7.2301288 -3.4928265 4294901760
4.186604 9.3112755 -3.4718616 4294901760
5.7485189 11.277244 -3.4982586 4294901760
5.9005742 13.123255 -3.4517686 4294901760
8.460084 14.766171 -3.4824607 4294901760
8.8672848 19.721409 -3.4455948 4294901760
8.6943102 17.056192 -3.4746513 4294901760
8.406395 21.43959 -3.4284556 4294901760
12.681057 22.133427 -3.4068882 4294901760
1.6222856 3.1566296 -3.5071881 4294901760
2.4027762 5.2968974 -3.4923177 4294901760
3.7112694 7.2213569 -3.4933097 4294901760
4.2223549 9.3081408 -3.473367 4294901760
5.7822542 11.251061 -3.4967256 4294901760
5.9489861 13.114483 -3.4525549 4294901760
8.5149746 14.748384 -3.4829416 4294901760
8.9227409 19.670095 -3.4429889 4294901760
8.7526426 17.030819 -3.4742465 4294901760
8.4862576 21.433867 -3.4292438 4294901760
12.728423 22.046299 -3.4026911 4294901760
1.6299585 3.14451 -3.5036345 4294901760
2.4228561 5.2919793 -3.4931779 4294901760
3.7364559 7.2083573 -3.4929764 4294901760
4.261404 9.3077183 -3.4754822 4294901760
5.8251476 11.237853 -3.497246 4294901760
5.9914203 13.086403 -3.4510825 4294901760
8.5603991 14.708242 -3.4810796 4294901760
8.996336 19.649712 -3.4430058 4294901760
8.8175468 17.010778 -3.4744813 4294901760
8.5684423 21.422644 -3.4297078 4294901760
12.8033 21.998278 -3.4013858 4294901760
1.6448337 3.1449392 -3.5068893 4294901760
2.4390047 5.2760701 -3.4907415 4294901760
3.7628524 7.194613 -3.492626 4294901760
4.2954926 9.2920361 -3.4750478 4294901760
5.8662996 11.216426 -3.4966998 4294901760
6.0393476 13.064354 -3.4504719 4294901760
8.6082039 14.666462 -3.4791822 4294901760
9.0716496 19.623848 -3.4426808 4294901760
8.8761435 16.971279 -3.4729743 4294901760
8.6409245 21.376291 -3.4276474 4294901760
12.883846 21.951202 -3.4002721 4294901760
1.6552532 3.1394677 -3.5067506 4294901760
2.4581141 5.2714448 -3.4916127 4294901760
3.7866888 7.182096 -3.4923089 4294901760
4.3296208 9.2849054 -3.4759173 4294901760
5.9034605 11.196912 -3.4962053 4294901760
6.0826344 13.044256 -3.4499187 4294901760
8.6608458 14.644693 -3.4792764 4294901760
9.1400433 19.600893 -3.4424415 4294901760
8.9342299 16.945278 -3.4725659 4294901760
8.7147741 21.354912 -3.4273279 4294901760
12.944368 21.887737 -3.3977947 4294901760
1.6662027 3.1336703 -3.5066044 4294901760
2.4781413 5.2663169 -3.4924712 4294901760
3.809896 7.16537 -3.4911757 4294901760
4.3620071 9.2697344 -3.4755023 4294901760
5.944375 11.17974 -3.4962034 4294901760
6.1315203 13.03014 -3.4502256 4294901760
8.7200727 14.628053 -3.4801013 4294901760
9.2101116 19.572477 -3.4418612 4294901760
8.9952011 16.917507 -3.4721167 4294901760
8.8029604 21.357576 -3.4288838 4294901760
13.03501 21.866425 -3.3984454 4294901760
1.6771303 3.1278355 -3.5064583 4294901760
2.4932039 5.2506757 -3.4900467 4294901760
3.8330297 7.1485715 -3.4900429 4294901760
4.3909459 9.2473125 -3.4738245 4294901760
5.977736 11.148433 -3.4941239 4294901760
6.1752582 13.005066 -3.4491966 4294901760
8.7772322 14.607771 -3.480541 4294901760
9.2783728 19.540211 -3.4409838 4294901760
9.041008 16.861412 -3.4689493 4294901760
8.8728533 21.315664 -3.4271407 4294901760
13.127707 21.848179 -3.3993378 4294901760
1.6863149 3.1187727 -3.5046086 4294901760
2.5148468 5.248888 -3.4919989 4294901760
3.859827 7.138597 -3.4905062 4294901760
4.4232006 9.2319279 -3.4734087 4294901760
6.0241666 11.141458 -3.4956779 4294901760
6.2206202 12.983429 -3.448612 4294901760
8.8219833 14.566819 -3.4786775 4294901760
9.3430805 19.500504 -3.4395144 4294901760
9.1036062 16.83676 -3.4688387 4294901760
8.9580374 21.310318 -3.4281414 4294901760
13.193555 21.785139 -3.3970499 4294901760
1.7006599 3.1192343 -3.5078683 4294901760
2.5314736 5.2366109 -3.4906683 4294901760
3.8865948 7.1285272 -3.4909694 4294901760
4.4571133 9.2199926 -3.4736233 4294901760
6.0630136 11.120366 -3.4951549 4294901760
6.2693563 12.968801 -3.4489157 4294901760
8.8727674 14.535941 -3.4779649 4294901760
9.4058695 19.456999 -3.4377496 4294901760
9.1604033 16.801386 -3.4677088 4294901760
9.0385933 21.293619 -3.4283159 4294901760
13.259101 21.721918 -3.3947635 4294901760
1.714487 3.1199312 -3.5111346 4294901760
2.5505142 5.2316489 -3.4915371 4294901760
3.9083252 7.1121602 -3.4898522 4294901760
4.4876657 9.2051601 -3.4732273 4294901760
6.0960374 11.093242 -3.4936197 4294901760
6.3123312 12.947938 -3.4483585 4294901760
8.9188385 14.503044 -3.4769039 4294901760
9.4703455 19.425697 -3.4369137 4294901760
9.2199125 16.777901 -3.4676354 4294901760
9.1123066 21.270868 -3.4279857 4294901760
13.356168 21.718643 -3.3966782 4294901760
1.7241539 3.1104553 -3.5092771 4294901760
2.5730751 5.229178 -3.4934754 4294901760
3.9343684 7.0977869 -3.4894996 4294901760
4.5161414 9.178009 -3.470897 4294901760
6.1366582 11.070823 -3.4930696 4294901760
6.3544812 12.914009 -3.4464095 4294901760
8.9782362 14.480411 -3.4773035 4294901760
9.5573406 19.423077 -3.438643 4294901760
9.2813492 16.743994 -3.4668031 4294901760
9.2076511 21.277622 -3.4300265 4294901760
13.41675 21.638998 -3.3933616 4294901760
1.7344598 3.1047204 -3.5091372 4294901760
2.5904028 5.2206163 -3.4932494 4294901760
3.9617116 7.0915489 -3.4907756 4294901760
4.551825 9.173605 -3.4723918 4294901760
6.1791453 11.060803 -3.4941266 4294901760
6.4025774 12.903553 -3.4471836 4294901760
9.0283194 14.453935 -3.4770069 4294901760
9.6394386 19.427021 -3.4407511 4294901760
9.3446054 16.727045 -3.4674051 4294901760
9.2653856 21.217705 -3.4269531 4294901760
13.488439 21.594385 -3.3923466 4294901760
1.7435055 3.0954895 -3.507287 4294901760
2.6068823 5.2080989 -3.4919181 4294901760
3.9845119 7.0742621 -3.4896412 4294901760
4.5926585 9.1753359 -3.4751253 4294901760
6.2177095 11.039171 -3.4936013 4294901760
6.4511309 12.888241 -3.4474828 4294901760
9.0808296 14.425708 -3.4766741 4294901760
9.7161093 19.411102 -3.4413381 4294901760
9.4068384 16.701279 -3.467288 4294901760
9.3409891 21.18889 -3.4262977 4294901760
13.582866 21.577593 -3.3934689 4294901760
1.7530495 3.0859258 -3.5054297 4294901760
2.6224813 5.1916318 -3.4894814 4294901760
4.0123529 7.0630198 -3.4900846 4294901760
4.6280413 9.1619663 -3.4753146 4294901760
6.2581315 11.016306 -3.4930489 4294901760
6.4947424 12.857409 -3.4459765 4294901760
9.1379128 14.39905 -3.4766867 4294901760
9.7799978 19.361109 -3.4392281 4294901760
9.4640541 16.659752 -3.4657753 4294901760
9.4332056 21.187332 -3.4277818 4294901760
13.668284 21.537775 -3.3930736 4294901760
1.7686758 3.0895343 -3.5103965 4294901760
2.6414301 5.1863399 -3.4903481 4294901760
4.0338025 7.0462723 -3.4889667 4294901760
4.6530147 9.1360035 -3.4730253 4294901760
6.2965975 10.998938 -3.4930668 4294901760
6.5463653 12.85352 -3.447634 4294901760
9.1941891 14.382093 -3.4775348 4294901760
9.8314686 19.303684 -3.4363246 4294901760
9.5152836 16.621359 -3.4643424 4294901760
9.5001364 21.148651 -3.4263482 4294901760
13.737475 21.48897 -3.3918109 4294901760
1.7830744 3.0896211 -3.5136526 4294901760
2.6647995 5.1873665 -3.4933882 4294901760
4.0603361 7.0355453 -3.4894259 4294901760
4.6848793 9.1197052 -3.472605 4294901760
6.338922 10.983763 -3.4935749 4294901760
6.5930138 12.834128 -3.4474859 4294901760
9.2292423 14.326474 -3.4741409 4294901760
9.902442 19.276346 -3.4360247 4294901760
9.5712566 16.584589 -3.4632075 4294901760
9.5837975 21.137173 -3.427053 4294901760
13.825384 21.461025 -3.3921952 4294901760
1.7920259 3.0802441 -3.511802 4294901760
2.6828918 5.1780319 -3.4931488 4294901760
4.0848718 7.021328 -3.4890878 4294901760
4.7185049 9.1068039 -3.4728138 4294901760
6.3732357 10.954708 -3.4920118 4294901760
6.6286278 12.793377 -3.4446776 4294901760
9.2683554 14.277463 -3.471513 4294901760
9.9715099 19.245203 -3.4354289 4294901760
9.6331024 16.557966 -3.4630861 4294901760
9.6625109 21.114477 -3.4269354 4294901760
13.908916 21.426027 -3.392091 4294901760
1.799099 3.0677161 -3.50825 4294901760
2.7009492 5.1686358 -3.4929092 4294901760
4.1113391 7.0104094 -3.4895458 4294901760
4.7539248 9.0972853 -3.4736514 4294901760
6.4194641 10.946087 -3.4935534 4294901760
6.669559 12.763114 -3.4431994 4294901760
9.3290348 14.261691 -3.4727046 4294901760
10.031232 19.196135 -3.4333634 4294901760
9.6928568 16.527679 -3.4626257 4294901760
9.7210875 21.048006 -3.4235415 4294901760
13.979246 21.370667 -3.3905292 4294901760
1.8097956 3.0614178 -3.5081017 4294901760
2.7207696 5.1625853 -3.4937618 4294901760
4.1337876 6.992641 -3.4884105 4294901760
4.7893348 9.0876303 -3.474488 4294901760
6.4636893 10.933861 -3.494576 4294901760
6.7140675 12.739757 -3.4426072 4294901760
9.3787584 14.229042 -3.4719858 4294901760
10.103755 19.171595 -3.4333534 4294901760
9.7586021 16.507475 -3.4631777 4294901760
9.7911215 21.00671 -3.4220583 4294901760
14.062544 21.335077 -3.3904216 4294901760
1.8241817 3.0613108 -3.5113561 4294901760
2.7351573 5.1462545 -3.4913371 4294901760
4.1541538 6.9714308 -3.4864786 4294901760
4.8173156 9.0638781 -3.4728067 4294901760
6.5038447 10.914641 -3.4945629 4294901760
6.7584939 12.716245 -3.4420142 4294901760
9.4283657 14.19622 -3.4712663 4294901760
10.176229 19.146782 -3.4333415 4294901760
9.8182011 16.476738 -3.4627144 4294901760
9.8575878 20.957956 -3.4200292 4294901760
14.152391 21.309151 -3.3910391 4294901760
1.8329906 3.0518162 -3.509506 4294901760
2.7531056 5.1366749 -3.4910967 4294901760
4.1825042 6.9636116 -3.4877319 4294901760
4.8451924 9.0400372 -3.4711254 4294901760
6.5419068 10.89187 -3.4940319 4294901760
6.8084788 12.703088 -3.4427483 4294901760
9.4800816 14.16653 -3.4709277 4294901760
10.24866 19.121691 -3.4333274 4294901760
9.8695011 16.43211 -3.4609008 4294901760
9.9460964 20.955875 -3.4215412 4294901760
14.264448 21.316032 -3.3940747 4294901760
1.8473879 3.0516009 -3.5127594 4294901760
2.7728519 5.1304207 -3.4919481 4294901760
4.2108512 6.9556785 -3.4889843 4294901760
4.8842392 9.0369778 -3.4732177 4294901760
6.5737247 10.858783 -3.4919503 4294901760
6.8508925 12.675744 -3.4417112 4294901760
9.5339308 14.139953 -3.4709692 4294901760
10.311557 19.078777 -3.4318459 4294901760
9.9268045 16.397554 -3.4600992 4294901760
10.03126 20.946228 -3.4225047 4294901760
14.349936 21.28266 -3.3942001 4294901760
1.8518322 3.0361745 -3.5075145 4294901760
2.7861609 5.1144342 -3.4895358 4294901760
4.2338891 6.94168 -3.4886611 4294901760
4.9141736 9.0207348 -3.4728148 4294901760
6.6096902 10.836928 -3.4914455 4294901760
6.8928804 12.652961 -3.4411459 4294901760
9.5829954 14.111559 -3.470665 4294901760
10.376663 19.047989 -3.431288 4294901760
9.9790392 16.361151 -3.4590001 4294901760
10.088498 20.887691 -3.4197035 4294901760
14.436123 21.258093 -3.3948615 4294901760
1.8662169 3.0358682 -3.5107672 4294901760
2.8058527 5.1080532 -3.4903867 4294901760
4.2539878 6.9201741 -3.4867289 4294901760
4.9494395 9.0104523 -3.4736469 4294901760
6.6454034 10.81041 -3.4903972 4294901760
6.9331799 12.62185 -3.4396658 4294901760
9.6254539 14.06816 -3.4688003 4294901760
10.460383 19.043123 -3.4330258 4294901760
10.034006 16.322819 -3.4578605 4294901760
10.16485 20.859524 -3.4193027 4294901760
14.514755 21.214159 -3.3942568 4294901760
1.8748943 3.0262532 -3.5089171 4294901760
2.8255334 5.1015968 -3.4912369 4294901760
4.2801847 6.9086156 -3.4871838 4294901760
4.9770346 8.9862051 -3.4719646 4294901760
6.6810112 10.783772 -3.4893491 4294901760
6.9752727 12.594091 -3.4386277 4294901760
9.6858082 14.050869 -3.4699817 4294901760
10.517132 18.989038 -3.4306636 4294901760
10.105623 16.311415 -3.459414 4294901760
10.25346 20.856155 -3.4208026 4294901760
14.593255 21.169935 -3.3936508 4294901760
1.8898137 3.0255108 -3.5121613 4294901760
2.8479688 5.0979319 -3.4931655 4294901760
4.3033981 6.8895564 -3.4860306 4294901760
5.0060797 8.9610023 -3.4702613 4294901760
6.7267947 10.76931 -3.4903383 4294901760
7.0175033 12.561498 -3.4371181 4294901760
9.7372379 14.015275 -3.4692221 4294901760
10.582763 18.943398 -3.4291344 4294901760
10.156888 16.260742 -3.4572225 4294901760
10.324503 20.807705 -3.4189923 4294901760
14.686692 21.139265 -3.3941956 4294901760
1.8940449 3.0100219 -3.506918 4294901760
2.8686392 5.0951719 -3.4951177 4294901760
4.3262229 6.8752465 -3.4857063 4294901760
5.0454655 8.9615707 -3.4729972 4294901760
6.7603588 10.743583 -3.489316 4294901760
7.0649767 12.548553 -3.4378757 4294901760
9.7790976 13.976378 -3.4677737 4294901760
10.647486 18.911674 -3.4285717 4294901760
10.212882 16.230343 -3.4567943 4294901760
10.397025 20.780493 -3.4186335 4294901760
14.759008 21.093714 -3.3933995 4294901760
1.9064811 3.0064542 -3.5084686 4294901760
2.8826034 5.0784283 -3.4926929 4294901760
4.3522944 6.8634162 -3.48616 4294901760
5.0786662 8.9473438 -3.4731982 4294901760
6.8063183 10.733325 -3.4908454 4294901760
7.1126595 12.530733 -3.4381609 4294901760
9.8186445 13.929141 -3.4655292 4294901760
10.711462 18.870924 -3.4273787 4294901760
10.271606 16.197964 -3.4563243 4294901760
10.480286 20.765457 -3.4193103 4294901760
14.844048 21.058388 -3.3935118 4294901760
1.9169649 2.9997802 -3.5083189 4294901760
2.9003143 5.0683346 -3.4924505 4294901760
4.3762279 6.8481803 -3.4858181 4294901760
5.1098704 8.9295597 -3.4727707 4294901760
6.8458829 10.712843 -3.4908266 4294901760
7.1563606 12.505827 -3.4375622 4294901760
9.8533735 13.875297 -3.4625256 4294901760
10.785203 18.847271 -3.4276447 4294901760
10.319503 16.148569 -3.4541733 4294901760
10.558146 20.739418 -3.4191713 4294901760
14.924407 21.016211 -3.3931401 4294901760
1.9293864 2.9961188 -3.5098689 4294901760
2.9199121 5.0615172 -3.4932983 4294901760
4.400104 6.8328638 -3.4854763 4294901760
5.1429815 8.9150934 -3.4729702 4294901760
6.8789358 10.68221 -3.4892607 4294901760
7.1979804 12.477328 -3.4365218 4294901760
9.9202833 13.866733 -3.4648409 4294901760
10.848927 18.806057 -3.42645 4294901760
10.371489 16.105749 -3.4526951 4294901760
10.634119 20.709539 -3.4187591 4294901760
15.006965 20.976978 -3.3930073 4294901760
1.9378592 2.9863253 -3.5080192 4294901760
2.9414341 5.0579538 -3.4952359 4294901760
4.4260631 6.8207555 -3.4859285 4294901760
5.1720815 8.893671 -3.4719145 4294901760
6.9118605 10.651478 -3.4876947 4294901760
7.2374897 12.445252 -3.4350402 4294901760
9.9686251 13.832022 -3.4641161 4294901760
10.914503 18.768074 -3.4255462 4294901760
10.436322 16.082827 -3.4532309 4294901760
10.702669 20.665207 -3.4172623 4294901760
15.080094 20.924469 -3.3919108 4294901760
1.9477521 2.979882 -3.5078766 4294901760
2.9620869 5.0548177 -3.4971848 4294901760
4.4486585 6.8060389 -3.4856029 4294901760
5.1975503 8.8696489 -3.4702528 4294901760
6.9449754 10.625175 -3.4866712 4294901760
7.2666588 12.400594 -3.4318254 4294901760
10.033155 13.824672 -3.4664631 4294901760
10.966598 18.71456 -3.4232292 4294901760
10.493963 16.054802 -3.4531343 4294901760
10.778533 20.643753 -3.4174361 4294901760
15.177549 20.913126 -3.3937519 4294901760
1.9546713 2.9666691 -3.5043199 4294901760
2.9766736 5.0372953 -3.4947481 4294901760
4.4735732 6.7896891 -3.4852426 4294901760
5.234045 8.8573465 -3.4710567 4294901760
6.9816875 10.596337 -3.485594 4294901760
7.3100352 12.370455 -3.4307556 4294901760
10.086106 13.791023 -3.466079 4294901760
11.053382 18.705158 -3.424901 4294901760
10.559315 16.02622 -3.4532909 4294901760
10.854118 20.604111 -3.4164305 4294901760
15.270594 20.879923 -3.3942778 4294901760
1.967021 2.9628477 -3.5058692 4294901760
2.9942403 5.0268731 -3.4945037 4294901760
4.4950776 6.770762 -3.4841053 4294901760
5.2669554 8.8424158 -3.4712541 4294901760
7.0098572 10.558677 -3.4829993 4294901760
7.3613148 12.358526 -3.4319174 4294901760
10.120014 13.73649 -3.4630766 4294901760
11.118612 18.666456 -3.4239938 4294901760
10.619607 15.995904 -3.453151 4294901760
10.92598 20.566095 -3.4154716 4294901760
15.345759 20.8297 -3.3934162 4294901760
1.9793676 2.9589763 -3.5074182 4294901760
3.0097878 5.0130882 -3.4931695 4294901760
4.5165062 6.75177 -3.4829681 4294901760
5.2998257 8.8273649 -3.4714506 4294901760
7.0643229 10.560527 -3.4865806 4294901760
7.4105539 12.342984 -3.4326372 4294901760
10.175025 13.710673 -3.4634864 4294901760
11.187815 18.634373 -3.4236679 4294901760
10.670948 15.952107 -3.4516697 4294901760
11.001478 20.534866 -3.4150517 4294901760
15.442178 20.808071 -3.3947115 4294901760
1.9896824 2.9520502 -3.5072677 4294901760
3.0232763 4.9959621 -3.4907455 4294901760
4.5422339 6.7392178 -3.4834185 4294901760
5.3306007 8.808815 -3.47102 4294901760
7.0900483 10.519357 -3.4834716 4294901760
7.4515266 12.313643 -3.4315951 4294901760
10.227582 13.681458 -3.4635162 4294901760
11.252781 18.595213 -3.4227591 4294901760
10.728785 15.918074 -3.4511933 4294901760
11.073077 20.496347 -3.4140906 4294901760
15.524268 20.766846 -3.3945653 4294901760
2.0020123 2.9480853 -3.508816 4294901760
3.0447102 4.9919548 -3.4926803 4294901760
4.5701404 6.7298107 -3.4846618 4294901760
5.3613191 8.7901516 -3.4705892 4294901760
7.1289563 10.497824 -3.483449 4294901760
7.4944673 12.287555 -3.4309926 4294901760
10.25372 13.617038 -3.4593799 4294901760
11.319706 18.559225 -3.4221401 4294901760
10.779808 15.873927 -3.4497118 4294901760
11.138832 20.447048 -3.4123192 4294901760
15.623091 20.747614 -3.3960931 4294901760
2.01229 2.9410794 -3.5086651 4294901760
3.0641327 4.9845786 -3.4935246 4294901760
4.5958161 6.7170544 -3.4851108 4294901760
5.3940382 8.7747526 -3.4707842 4294901760
7.172276 10.482701 -3.4844542 4294901760
7.5373106 12.261322 -3.4303899 4294901760
10.318034 13.603375 -3.4613018 4294901760
11.384417 18.519602 -3.4212296 4294901760
10.821642 15.816463 -3.4468925 4294901760
11.21782 20.422041 -3.4124348 4294901760
15.712306 20.715225 -3.3966599 4294901760
2.0225449 2.934037 -3.5085142 4294901760
3.0835435 4.9771266 -3.4943686 4294901760
4.6236897 6.7074289 -3.4863524 4294901760
5.4246373 8.7558689 -3.4703524 4294901760
7.197566 10.441264 -3.4813464 4294901760
7.5800676 12.234935 -3.4297864 4294901760
10.375133 13.579934 -3.4620862 4294901760
11.457402 18.493313 -3.4214792 4294901760
10.87679 15.778589 -3.4460807 4294901760
11.302582 20.4072 -3.4133563 4294901760
15.801496 20.682461 -3.3972232 4294901760
2.0286393 2.9210033 -3.5049663 4294901760
3.1008997 4.9663315 -3.494123 4294901760
4.642602 6.684804 -3.484421 4294901760
5.4530768 8.7335253 -3.4692941 4294901760
7.2475533 10.435629 -3.4838915 4294901760
7.6206274 12.205026 -3.4287431 4294901760
10.432191 13.556256 -3.4628685 4294901760
11.504986 18.426126 -3.4182453 4294901760
10.938629 15.750347 -3.4462709 4294901760
11.369863 20.360649 -3.4118512 4294901760
15.878472 20.633503 -3.3965895 4294901760
2.042979 2.9198456 -3.5082119 4294901760
3.1182151 4.9554777 -3.4938769 4294901760
4.665906 6.6685586 -3.4840758 4294901760
5.4814219 8.7110939 -3.4682362 4294901760
7.2907581 10.420023 -3.4848933 4294901760
7.6652985 12.181718 -3.4285781 4294901760
10.479444 13.519762 -3.4621375 4294901760
11.567104 18.382481 -3.4170432 4294901760
10.998108 15.718604 -3.4461257 4294901760
11.436941 20.313881 -3.4103458 4294901760
15.979751 20.615829 -3.3983419 4294901760
2.0563166 2.9193406 -3.511472 4294901760
3.1337671 4.9456573 -3.4936557 4294901760
4.6890912 6.6570754 -3.4845579 4294901760
5.5151067 8.7038469 -3.4697235 4294901760
7.3166008 10.387335 -3.4828675 4294901760
7.7077866 12.164296 -3.4289122 4294901760
10.516965 13.480494 -3.4607239 4294901760
11.61198 18.325829 -3.4144831 4294901760
11.054319 15.693752 -3.4463944 4294901760
11.520393 20.312576 -3.4121644 4294901760
16.066542 20.593864 -3.3994858 4294901760
2.0628066 2.9058719 -3.5079169 4294901760
3.1539471 4.9373837 -3.4944856 4294901760
4.7157311 6.6430416 -3.4849873 4294901760
5.5469728 8.6835737 -3.4692686 4294901760
7.3592196 10.36692 -3.4833274 4294901760
7.7480397 12.12926 -3.4273982 4294901760
10.568767 13.444987 -3.4603336 4294901760
11.685518 18.293232 -3.4143937 4294901760
11.116386 15.659634 -3.4462061 4294901760
11.596752 20.273678 -3.4114144 4294901760
16.144386 20.537975 -3.398551 4294901760
2.0750453 2.9016025 -3.5094633 4294901760
3.1732471 4.9295845 -3.4953275 4294901760
4.7388892 6.6265407 -3.4846411 4294901760
5.5815277 8.6708069 -3.4700854 4294901760
7.3907433 10.334713 -3.481761 4294901760
7.7924819 12.105486 -3.4272313 4294901760
10.610687 13.401771 -3.458847 4294901760
11.753619 18.259045 -3.4140592 4294901760
11.182571 15.636949 -3.4470577 4294901760
11.681404 20.257282 -3.4123232 4294901760
16.253157 20.52846 -3.4010069 4294901760
2.0830431 2.8913999 -3.5076139 4294901760
3.1883402 4.9152446 -3.4939921 4294901760
4.7619929 6.6099572 -3.4842947 4294901760
5.6203666 8.6645327 -3.4721513 4294901760
7.4244566 10.305631 -3.4807079 4294901760
7.8390231 12.084882 -3.4275019 4294901760
10.659889 13.367761 -3.4584928 4294901760
11.810774 18.207857 -3.4122765 4294901760
11.22544 15.581643 -3.4445736 4294901760
11.748038 20.20948 -3.4108129 4294901760
16.339659 20.490328 -3.4013147 4294901760
2.0931242 2.8841105 -3.5074623 4294901760
3.2054791 4.9040847 -3.4937451 4294901760
4.7827358 6.5901194 -3.4831562 4294901760
5.650579 8.6448593 -3.4717159 4294901760
7.4650488 10.286072 -3.4811931 4294901760
7.8811617 12.057444 -3.4268947 4294901760
10.728936 13.358412 -3.4611545 4294901760
11.867713 18.156496 -3.4104943 4294901760
11.279766 15.542361 -3.4437566 4294901760
11.796316 20.130459 -3.4068878 4294901760
16.418592 20.442505 -3.4009061 4294901760
2.1031766 2.8767881 -3.5073106 4294901760
3.2246935 4.8960848 -3.494586 4294901760
4.8103352 6.5797205 -3.4843934 4294901760
5.6807146 8.6250868 -3.4712803 4294901760
7.5102692 10.272771 -3.4827027 4294901760
7.927568 12.036507 -3.4271638 4294901760
10.77549 13.320888 -3.4604206 4294901760
11.941981 18.13163 -3.4110243 4294901760
11.338644 15.509337 -3.4436054 4294901760
11.868527 20.092606 -3.406183 4294901760
16.504902 20.403709 -3.4012096 4294901760
2.111057 2.8665094 -3.5054619 4294901760
3.2396359 4.8815875 -3.4932506 4294901760
4.8332758 6.5628877 -3.4840462 4294901760
5.7086048 8.6019096 -3.4702199 4294901760
7.5366731 10.233709 -3.4801109 4294901760
7.960743 11.995503 -3.4248028 4294901760
10.82696 13.289367 -3.4604399 4294901760
12.007412 18.093155 -3.4103963 4294901760
11.378534 15.450399 -3.4407902 4294901760
11.940639 20.05448 -3.4054768 4294901760
16.60882 20.386213 -3.4031732 4294901760
2.1232092 2.8620348 -3.5070071 4294901760
3.2523725 4.8638463 -3.490828 4294901760
4.8631635 6.5554271 -3.4860737 4294901760
5.7451844 8.5917873 -3.4716568 4294901760
7.5747108 10.210527 -3.4800818 4294901760
7.9937205 11.95442 -3.4224429 4294901760
10.880858 13.260731 -3.460835 4294901760
12.070491 18.051134 -3.4094791 4294901760
11.449019 15.433002 -3.4423013 4294901760
12.016729 20.022947 -3.4053049 4294901760
16.705206 20.358986 -3.4044199 4294901760
2.136529 2.8611593 -3.5102642 4294901760
3.2654874 4.850409 -3.4895182 4294901760
4.8813896 6.536973 -3.4849691 4294901760
5.7677364 8.5671377 -3.470015 4294901760
7.6043792 10.183498 -3.4790819 4294901760
8.0401249 11.942443 -3.4236469 4294901760
10.922467 13.226479 -3.4601729 4294901760
12.131602 18.019739 -3.4092298 4294901760
11.485524 15.380981 -3.4399014 4294901760
12.085773 19.995342 -3.4052289 4294901760
16.751287 20.284845 -3.4017427 4294901760
2.1475 2.8529341 -3.5100968 4294901760
3.2905786 4.8473945 -3.4925077 4294901760
4.9088135 6.5213137 -3.4853776 4294901760
5.8028111 8.5481968 -3.4701586 4294901760
7.6386552 10.147883 -3.4774618 4294901760
8.0970926 11.927934 -3.4251652 4294901760
10.965533 13.175257 -3.4582348 4294901760
12.196227 17.966421 -3.4076424 4294901760
11.544502 15.336765 -3.4390008 4294901760
12.145842 19.921522 -3.4020138 4294901760
16.811176 20.198887 -3.3988419 4294901760
2.1618259 2.8511987 -3.5133374 4294901760
3.309653 4.8390589 -3.4933467 4294901760
4.9315462 6.5041404 -3.4850292 4294901760
5.8370757 8.5344152 -3.4709692 4294901760
7.6740298 10.12116 -3.4769199 4294901760
8.1431675 11.906163 -3.4254298 4294901760
11.026804 13.155214 -3.4597557 4294901760
12.267873 17.936914 -3.4078755 4294901760
11.62687 15.334499 -3.4421678 4294901760
12.206944 19.8654 -3.3999674 4294901760
16.873882 20.130905 -3.3970037 4294901760
2.1685722 2.8415115 -3.5115037 4294901760
3.3270228 4.831811 -3.4942102 4294901760
4.9519539 6.4886165 -3.4847157 4294901760
5.8683405 8.5225477 -3.4718225 4294901760
7.7106004 10.103311 -3.4774549 4294901760
8.1624861 11.85432 -3.4213815 4294901760
11.080915 13.135731 -3.4609721 4294901760
12.326423 17.901575 -3.4073353 4294901760
11.667728 15.288392 -3.4404323 4294901760
12.279791 19.843927 -3.4004233 4294901760
16.895842 20.028961 -3.3922014 4294901760
2.178973 2.8335435 -3.5113432 4294901760
3.3403182 4.8132544 -3.4917755 4294901760
4.9757037 6.4704218 -3.4843497 4294901760
5.899539 8.5009813 -3.4713619 4294901760
7.7524195 10.081271 -3.4779077 4294901760
8.2036142 11.821054 -3.4203038 4294901760
11.134148 13.101097 -3.4609489 4294901760
12.401057 17.869387 -3.4075191 4294901760
11.721256 15.24236 -3.4392381 4294901760
12.348219 19.792009 -3.3988614 4294901760
16.943283 19.93647 -3.3886547 4294901760
2.1910701 2.8287868 -3.5128865 4294901760
3.3548913 4.798409 -3.4904406 4294901760
5.0030627 6.4592175 -3.4855821 4294901760
5.9291749 8.4803362 -3.4709232 4294901760
7.7972789 10.066698 -3.4794092 4294901760
8.2584972 11.811902 -3.4223154 4294901760
11.190166 13.074256 -3.4617126 4294901760
12.463353 17.825991 -3.4065967 4294901760
11.77683 15.204508 -3.4387481 4294901760
12.4236 19.758926 -3.3986821 4294901760
17.036135 19.90451 -3.3896585 4294901760
2.2031617 2.8239789 -3.5144296 4294901760
3.3804944 4.7992644 -3.4945378 4294901760
5.030406 6.4478974 -3.4868135 4294901760
5.9610195 8.4628181 -3.4711072 4294901760
7.8226113 10.026903 -3.4768207 4294901760
8.3065529 11.792755 -3.4230139 4294901760
11.23574 13.035113 -3.4609733 4294901760
12.530101 17.788897 -3.4062483 4294901760
11.851907 15.191592 -3.4409091 4294901760
12.496778 19.722183 -3.3982346 4294901760
17.238482 19.999178 -3.400579 4294901760
2.2080348 2.810956 -3.5108926 4294901760
3.3941615 4.7848873 -3.4932146 4294901760
5.0541821 6.4342661 -3.4872715 4294901760
5.9821882 8.4333344 -3.4688206 4294901760
7.8607192 10.00715 -3.4773259 4294901760
8.3456106 11.765147 -3.4224322 4294901760
11.289342 13.009817 -3.461772 4294901760
12.579785 17.734236 -3.4042215 4294901760
11.909603 15.161614 -3.4411204 4294901760
12.581433 19.710918 -3.3996999 4294901760
17.249741 19.878569 -3.3945444 4294901760
2.2138224 2.7971594 -3.5073407 4294901760
3.4049547 4.7630148 -3.4896948 4294901760
5.0825973 6.4218497 -3.4884841 4294901760
6.017653 8.4177837 -3.469605 4294901760
7.8998041 9.9813843 -3.4772649 4294901760
8.3909864 11.737718 -3.4222252 4294901760
11.355296 12.989345 -3.4636202 4294901760
12.658619 17.707487 -3.4049742 4294901760
11.962615 15.114737 -3.439923 4294901760
12.655748 19.668032 -3.3989329 4294901760
17.440748 19.950506 -3.4039702 4294901760
2.221314 2.7865796 -3.5054924 4294901760
3.4170592 4.7448483 -3.4872739 4294901760
5.10254 6.4010015 -3.4873435 4294901760
6.0516219 8.4031401 -3.4704106 4294901760
7.9271808 9.944438 -3.4751883 4294901760
8.4295864 11.705127 -3.4211755 4294901760
11.384781 12.931688 -3.460629 4294901760
12.720357 17.663191 -3.4040489 4294901760
12.042644 15.107178 -3.4427388 4294901760
12.737361 19.643827 -3.3995442 4294901760
17.570978 19.958437 -3.4082518 4294901760
2.2350817 2.784852 -3.5087383 4294901760
3.4395602 4.7428441 -3.4902949 4294901760
5.1163754 6.374867 -3.4846413 4294901760
6.0748162 8.3766251 -3.4687469 4294901760
7.9601173 9.9180937 -3.4746709 4294901760
8.4660254 11.673886 -3.4201562 4294901760
11.430246 12.89684 -3.4602997 4294901760
12.806978 17.65967 -3.4066105 4294901760
12.105157 15.082702 -3.4436069 4294901760
12.817719 19.624872 -3.4004683 4294901760
17.645018 19.909016 -3.4078717 4294901760
2.2447867 2.777035 -3.5085852 4294901760
3.458364 4.733922 -3.4911313 4294901760
5.1484547 6.369174 -3.4874496 4294901760
6.1016817 8.3521814 -3.4676843 4294901760
8.0121431 9.9118547 -3.4776978 4294901760
8.4949846 11.628213 -3.4173632 4294901760
11.504358 12.889557 -3.4636791 4294901760
12.875592 17.624533 -3.4065421 4294901760
12.145189 15.024863 -3.4411254 4294901760
12.875155 19.563345 -3.3981509 4294901760
17.733006 19.868172 -3.4083753 4294901760
2.2516959 2.766763 -3.5067449 4294901760
3.4717615 4.7193236 -3.4898086 4294901760
5.1794519 6.364233 -3.4902737 4294901760
6.1363735 8.3414516 -3.4691327 4294901760
8.0324478 9.8698406 -3.4746287 4294901760
8.5264311 11.590366 -3.4154732 4294901760
11.560352 12.866145 -3.4648447 4294901760
12.933971 17.581736 -3.4056592 4294901760
12.220116 15.015423 -3.4436438 4294901760
12.931144 19.507231 -3.3961494 4294901760
17.657347 19.651823 -3.3948219 4294901760
2.2641194 2.7612956 -3.5082791 4294901760
3.4936225 4.7127566 -3.4917171 4294901760
5.195281 6.3361087 -3.4875367 4294901760
6.1669035 8.3189058 -3.4686694 4294901760
8.0635338 9.834198 -3.4730361 4294901760
8.5735893 11.565428 -3.4157007 4294901760
11.623464 12.841404 -3.4663086 4294901760
13.010202 17.550241 -3.4061141 4294901760
12.264953 14.958203 -3.4414513 4294901760
12.989245 19.439793 -3.3935187 4294901760
17.603304 19.44783 -3.3825831 4294901760
2.2737448 2.7533748 -3.508126 4294901760
3.5077481 4.6974459 -3.490382 4294901760
5.2173681 6.317934 -3.4871852 4294901760
6.1935415 8.2941608 -3.4676061 4294901760
8.092761 9.7998705 -3.4714713 4294901760
8.6139097 11.535428 -3.415087 4294901760
11.660172 12.791922 -3.4644411 4294901760
13.069001 17.50152 -3.4048967 4294901760
12.339941 14.942962 -3.4435928 4294901760
13.054799 19.39102 -3.3922651 4294901760
17.684538 19.401018 -3.3826284 4294901760
2.2833431 2.7454207 -3.507973 4294901760
3.5241256 4.6851721 -3.4901319 4294901760
5.2368841 6.2966661 -3.4860449 4294901760
6.2248344 8.2756472 -3.4677863 4294901760
8.1294603 9.7746105 -3.4714358 4294901760
8.6469555 11.495752 -3.413167 4294901760
11.723609 12.771677 -3.4663131 4294901760
13.156404 17.490868 -3.4071102 4294901760
12.392032 14.899793 -3.4427614 4294901760
13.142578 19.375059 -3.3936622 4294901760
18.008692 19.618633 -3.4037914 4294901760
2.2924328 2.7378352 -3.5078273 4294901760
3.544291 4.6796036 -3.4920638 4294901760
5.2703223 6.2943063 -3.489655 4294901760
6.2570105 8.2612648 -3.4686098 4294901760
8.1618233 9.7476034 -3.4709177 4294901760
8.682621 11.46385 -3.4121492 4294901760
11.792918 12.761988 -3.4693415 4294901760
13.231185 17.469418 -3.4082234 4294901760
12.438804 14.85557 -3.4416418 4294901760
13.222506 19.354452 -3.3945756 4294901760
18.087187 19.573481 -3.4038751 4294901760
2.3047915 2.7321837 -3.5093606 4294901760
3.5614216 4.6665788 -3.4918005 4294901760
5.2933607 6.2749429 -3.4892848 4294901760
6.2824564 8.231988 -3.4669023 4294901760
8.2026186 9.7236824 -3.4713628 4294901760
8.7245865 11.431943 -3.4115043 4294901760
11.850477 12.73033 -3.4700501 4294901760
13.292715 17.417624 -3.4069555 4294901760
12.513744 14.834248 -3.4434054 4294901760
13.302424 19.319002 -3.394592 4294901760
18.186028 19.536272 -3.4050133 4294901760
2.3072712 2.7158351 -3.5041249 4294901760
3.5800343 4.6571751 -3.4926345 4294901760
5.3203068 6.2624087 -3.4905093 4294901760
6.3015132 8.1974773 -3.4639752 4294901760
8.2493496 9.7101164 -3.473362 4294901760
8.764432 11.401424 -3.4108903 4294901760
11.894835 12.688894 -3.4693012 4294901760
13.372877 17.396435 -3.408303 4294901760
12.555114 14.778332 -3.4412546 4294901760
13.387968 19.298697 -3.3957148 4294901760
18.240444 19.458117 -3.4026935 4294901760
2.3238084 2.716028 -3.5090537 4294901760
3.5891955 4.6355119 -3.4891307 4294901760
5.3446865 6.2467794 -3.4909446 4294901760
6.3373508 8.1848049 -3.4653964 4294901760
8.2831964 9.6812601 -3.4728148 4294901760
8.8114834 11.380194 -3.4115794 4294901760
11.93359 12.641501 -3.4678059 4294901760
13.44574 17.365421 -3.4087915 4294901760
12.598852 14.725326 -3.4394338 4294901760
13.446111 19.238754 -3.3936608 4294901760
18.209578 19.289787 -3.3931217 4294901760
2.3375349 2.7138 -3.5122952 4294901760
3.6116536 4.6326971 -3.4921448 4294901760
5.3576941 6.2201042 -3.4882448 4294901760
6.3620291 8.1606264 -3.464355 4294901760
8.2945404 9.6296854 -3.468225 4294901760
8.8369503 11.335227 -3.4088228 4294901760
11.972704 12.598969 -3.4667215 4294901760
13.503257 17.320736 -3.4078996 4294901760
12.660626 14.698565 -3.4402883 4294901760
13.502948 19.184265 -3.3919218 4294901760
18.171669 19.122189 -3.3833852 4294901760
2.3446162 2.7028868 -3.5104477 4294901760
3.6277997 4.6200643 -3.4918938 4294901760
5.3793693 6.2013679 -3.4878922 4294901760
6.390471 8.1383724 -3.4639127 4294901760
8.3228979 9.5946836 -3.4666619 4294901760
8.8789129 11.307445 -3.4086425 4294901760
12.022109 12.562862 -3.4667187 4294901760
13.583338 17.298609 -3.4092398 4294901760
12.756258 14.705487 -3.4450469 4294901760
13.592907 19.169582 -3.3935668 4294901760
18.376339 19.202906 -3.3939312 4294901760
2.3540375 2.6946857 -3.510294 4294901760
3.6415164 4.6043501 -3.4905586 4294901760
5.4087272 6.1914134 -3.4899025 4294901760
6.4237466 8.1222143 -3.4647112 4294901760
8.3641729 9.5745363 -3.4676411 4294901760
8.9207993 11.279498 -3.4084613 4294901760
12.074183 12.529422 -3.4670877 4294901760
13.648595 17.257345 -3.4088683 4294901760
12.841614 14.6999 -3.4484842 4294901760
13.645821 19.102526 -3.3909848 4294901760
18.501453 19.19902 -3.3976891 4294901760
2.3610353 2.6837296 -3.5084469 4294901760
3.6647677 4.6006484 -3.4935582 4294901760
5.4303074 6.1724944 -3.4895489 4294901760
6.4545236 8.1028309 -3.4648881 4294901760
8.4106493 9.560174 -3.4696355 4294901760
8.9601202 11.248288 -3.407846 4294901760
12.134489 12.504343 -3.4685731 4294901760
13.721186 17.225199 -3.4093492 4294901760
12.906017 14.669946 -3.4492879 4294901760
13.714756 19.058016 -3.3902504 4294901760
18.568363 19.134319 -3.3965406 4294901760
2.3679845 2.6727588 -3.5065999 4294901760
3.6783931 4.5848246 -3.4922228 4294901760
5.444016 6.1446948 -3.4868333 4294901760
6.4753466 8.0710049 -3.462584 4294901760
8.4492311 9.5366993 -3.470104 4294901760
8.9943495 11.210742 -3.4063625 4294901760
12.183628 12.467609 -3.4685674 4294901760
13.788717 17.186541 -3.4092596 4294901760
12.957144 14.624808 -3.4484477 4294901760
13.790564 19.022955 -3.3903062 4294901760
18.579218 19.01227 -3.3907294 4294901760
2.3797138 2.667181 -3.5081394 4294901760
3.6967967 4.5749516 -3.4930544 4294901760
5.4628215 6.122725 -3.485693 4294901760
6.5084505 8.0544996 -3.4633808 4294901760
8.4771881 9.5012245 -3.4685402 4294901760
9.0234318 11.166902 -3.4040127 4294901760
12.227077 12.425002 -3.4678161 4294901760
13.856153 17.147612 -3.4091682 4294901760
13.005465 14.576513 -3.447279 4294901760
13.868658 18.990816 -3.3906233 4294901760
18.690289 18.992836 -3.3933113 4294901760
2.3865862 2.656162 -3.5062928 4294901760
3.7151744 4.5650082 -3.4938858 4294901760
5.4972672 6.1182084 -3.4892752 4294901760
6.5290403 8.0225363 -3.4610775 4294901760
8.5102997 9.4715767 -3.4679925 4294901760
9.0673752 11.141507 -3.4042642 4294901760
12.289997 12.402052 -3.4696693 4294901760
13.943626 17.133184 -3.4113483 4294901760
13.050936 14.525099 -3.4457827 4294901760
13.934861 18.942293 -3.389622 4294901760
18.753658 18.924646 -3.3919306 4294901760
2.4007089 2.6531909 -3.5095246 4294901760
3.7359715 4.5579691 -3.4957993 4294901760
5.5317502 6.113523 -3.4928558 4294901760
6.5745459 8.0210934 -3.464972 4294901760
8.5459757 9.4447527 -3.467952 4294901760
9.1162987 11.122089 -3.4053814 4294901760
12.350095 12.375986 -3.471148 4294901760
14.008412 17.090576 -3.410969 4294901760
13.109587 14.488317 -3.445926 4294901760
14.008032 18.903152 -3.3894093 4294901760
18.813967 18.853409 -3.3903174 4294901760
2.4075129 2.6421154 -3.507678 4294901760
3.7445011 4.5359893 -3.4922981 4294901760
5.5530548 6.0941772 -3.492501 4294901760
6.6075344 8.0041924 -3.4657664 4294901760
8.5842333 9.4207325 -3.4684188 4294901760
9.1651907 11.102469 -3.406497 4294901760
12.404508 12.344041 -3.4718812 4294901760
14.070518 17.044653 -3.4103053 4294901760
13.173501 14.457206 -3.4467239 4294901760
14.102581 18.89253 -3.3915615 4294901760
18.823046 18.731291 -3.3845212 4294901760
2.4118183 2.6283536 -3.5041394 4294901760
3.7603111 4.5228915 -3.4920459 4294901760
5.5742922 6.0747571 -3.492146 4294901760
6.6379595 7.9841185 -3.4659407 4294901760
8.6224298 9.3965597 -3.4688845 4294901760
9.2038879 11.07041 -3.4058795 4294901760
12.447519 12.300668 -3.4711273 4294901760
14.124825 16.9893 -3.4087901 4294901760
13.237361 14.425824 -3.44752 4294901760
14.178036 18.855953 -3.391607 4294901760
18.893993 18.671089 -3.3838418 4294901760
2.4258997 2.6252432 -3.5073702 4294901760
3.7834959 4.5185966 -3.4950409 4294901760
5.592803 6.0523801 -3.4910047 4294901760
6.665791 7.9608974 -3.4654951 4294901760
8.6605654 9.3722296 -3.4693494 4294901760
9.2450323 11.041263 -3.4056945 4294901760
12.498913 12.26551 -3.4714873 4294901760
14.196857 16.955185 -3.4092588 4294901760
13.298464 14.391238 -3.4479868 4294901760
14.246181 18.809525 -3.3908627 4294901760
19.055962 18.700113 -3.3905885 4294901760
2.4350483 2.6167598 -3.5072165 4294901760
3.8042109 4.5112529 -3.4969525 4294901760
5.6219106 6.0414367 -3.4930086 4294901760
6.6884418 7.9315405 -3.4638114 4294901760
8.6986322 9.3477535 -3.4698138 4294901760
9.283514 11.008926 -3.4050763 4294901760
12.547351 12.227365 -3.4714751 4294901760
14.25338 16.902479 -3.4080265 4294901760
13.335035 14.330141 -3.445507 4294901760
14.299643 18.743816 -3.3885436 4294901760
19.132557 18.644634 -3.3903658 4294901760
2.4432578 2.6090965 -3.5070779 4294901760
3.8158734 4.4963412 -3.4956422 4294901760
5.6435456 6.026607 -3.493475 4294901760
6.7056561 7.9014459 -3.4615538 4294901760
8.7279596 9.3203783 -3.4693189 4294901760
9.3129101 10.973639 -3.4036551 4294901760
12.568542 12.17126 -3.46857 4294901760
14.319324 16.872826 -3.4085875 4294901760
13.377267 14.285263 -3.4444215 4294901760
14.365758 18.708296 -3.3884242 4294901760
19.191044 18.584429 -3.3893301 4294901760
2.4523499 2.6005523 -3.5069239 4294901760
3.8290417 4.4800668 -3.494307 4294901760
5.6699286 6.0125785 -3.4946911 4294901760
6.7331944 7.8779922 -3.4611089 4294901760
8.7631607 9.2927427 -3.4692757 4294901760
9.3485718 10.938044 -3.4026048 4294901760
12.642525 12.157682 -3.4718955 4294901760
14.414425 16.86521 -3.4115973 4294901760
13.429784 14.241384 -3.4439056 4294901760
14.467603 18.705402 -3.3913474 4294901760
19.189592 18.453669 -3.3828528 4294901760
2.4643626 2.5941744 -3.5084538 4294901760
3.8429246 4.4630828 -3.4929593 4294901760
5.6865268 5.9860682 -3.4927459 4294901760
6.7620263 7.8532591 -3.4606414 4294901760
8.797164 9.26056 -3.468698 4294901760
9.3911972 10.906717 -3.4023876 4294901760
12.66684 12.09201 -3.4685075 4294901760
14.476149 16.812262 -3.4105964 4294901760
13.49837 14.209405 -3.4449806 4294901760
14.548339 18.66799 -3.3915956 4294901760
19.24844 18.374933 -3.3809543 4294901760
2.4729521 2.5859873 -3.5083075 4294901760
3.8577046 4.4503131 -3.4927189 4294901760
5.7036362 5.9643416 -3.4916224 4294901760
6.7906218 7.833776 -3.4608364 4294901760
8.833312 9.2370701 -3.4691877 4294901760
9.4299212 10.878516 -3.4022319 4294901760
12.71843 12.060897 -3.4692729 4294901760
14.531825 16.764158 -3.4096906 4294901760
13.559194 14.178966 -3.4458115 4294901760
14.620026 18.6322 -3.3916807 4294901760
19.387506 18.385189 -3.3861091 4294901760
2.481962 2.5773411 -3.5081534 4294901760
3.8757455 4.4397244 -3.4935474 4294901760
5.7271376 5.9472251 -3.4920526 4294901760
6.8205194 7.8130069 -3.4610093 4294901760
8.8544855 9.1947536 -3.4666133 4294901760
9.4704456 10.848536 -3.402045 4294901760
12.777842 12.032819 -3.4707398 4294901760
14.603361 16.728369 -3.4101491 4294901760
13.614126 14.137302 -3.4456193 4294901760
14.675061 18.568537 -3.3896215 4294901760
19.477716 18.342052 -3.3870382 4294901760
2.4904962 2.5690956 -3.5080068 4294901760
3.8904483 4.4268465 -3.4933066 4294901760
5.7577505 5.9394641 -3.4948556 4294901760
6.8463931 7.7903447 -3.4605856 4294901760
8.8738823 9.1539402 -3.4640675 4294901760
9.5194979 10.832006 -3.4036145 4294901760
12.823495 11.995819 -3.4707623 4294901760
14.674564 16.697832 -3.4109354 4294901760
13.674812 14.106387 -3.4464471 4294901760
14.731591 18.513519 -3.3881364 4294901760
19.576347 18.312817 -3.3889456 4294901760
2.4973621 2.5573573 -3.5061541 4294901760
3.9066463 4.412559 -3.4930406 4294901760
5.7822194 5.9211283 -3.4952664 4294901760
6.8722782 7.7622414 -3.4594996 4294901760
8.9184618 9.1327133 -3.4655135 4294901760
9.5538597 10.791089 -3.4021008 4294901760
12.881963 11.96229 -3.471818 4294901760
14.748888 16.658876 -3.4113419 4294901760
13.723634 14.053322 -3.4452324 4294901760
14.814323 18.47809 -3.3886399 4294901760
19.634554 18.232798 -3.3870416 4294901760
2.5088162 2.5512085 -3.5076909 4294901760
3.9271531 4.4046445 -3.4949491 4294901760
5.8028545 5.900907 -3.4949098 4294901760
6.8967032 7.7352538 -3.458436 4294901760
8.9363775 9.0873785 -3.462436 4294901760
9.5967655 10.763609 -3.4023433 4294901760
12.911934 11.90645 -3.4695821 4294901760
14.806952 16.607288 -3.4103849 4294901760
13.783792 14.016701 -3.4456897 4294901760
14.891278 18.44179 -3.3889308 4294901760
19.671661 18.139782 -3.3838129 4294901760
2.5232522 2.5471473 -3.5109103 4294901760
3.94327 4.3902221 -3.4946826 4294901760
5.8244424 5.8795996 -3.4945354 4294901760
6.9276481 7.7128658 -3.4585853 4294901760
8.9780006 9.0630217 -3.4633756 4294901760
9.6334925 10.725406 -3.4012611 4294901760
12.984861 11.885938 -3.4724844 4294901760
14.857053 16.541033 -3.4082532 4294901760
13.829458 13.960423 -3.444149 4294901760
14.978921 18.411863 -3.3899512 4294901760
19.69972 18.032511 -3.3796086 4294901760
2.5261226 2.5340734 -3.5073903 4294901760
3.9570413 4.3778129 -3.4944541 4294901760
5.8484211 5.8668289 -3.4957836 4294901760
6.949192 7.6881332 -3.4575667 4294901760
9.0064259 9.0347738 -3.4628808 4294901760
9.6804705 10.709842 -3.4028571 4294901760
13.028028 11.85045 -3.4725416 4294901760
14.930347 16.517963 -3.4096444 4294901760
13.90139 13.945145 -3.4466424 4294901760
15.04933 18.380159 -3.3903394 4294901760
19.762178 17.975912 -3.3790345 4294901760
2.5426586 2.5329151 -3.5123074 4294901760
3.9774857 4.3696694 -3.4963613 4294901760
5.8744249 5.8519144 -3.4969954 4294901760
6.9839706 7.6725965 -3.4589722 4294901760
9.0351 9.0004778 -3.4618261 4294901760
9.7231531 10.681865 -3.4030972 4294901760
13.066362 11.802226 -3.4714141 4294901760
15.001348 16.480494 -3.4100928 4294901760
13.961286 13.907786 -3.4470956 4294901760
15.1261 18.342911 -3.3906233 4294901760
19.922602 17.995144 -3.3854766 4294901760
2.5437534 2.5163746 -3.507082 4294901760
3.9875104 4.3500786 -3.4939461 4294901760
5.8976054 5.8341289 -3.4974225 4294901760
7.0160542 7.6539955 -3.4597597 4294901760
9.0749283 8.9772539 -3.4627912 4294901760
9.7576971 10.644925 -3.402045 4294901760
13.107482 11.756541 -3.4706566 4294901760
15.06688 16.436852 -3.4099772 4294901760
14.018253 13.867373 -3.447222 4294901760
15.197692 18.299206 -3.3903844 4294901760
19.970436 17.912155 -3.3831723 4294901760
2.5551071 2.510021 -3.5086179 4294901760
3.9974442 4.3304734 -3.4915318 4294901760
5.917933 5.8135085 -3.4970651 4294901760
7.0373654 7.6236525 -3.4580791 4294901760
9.0977154 8.9371815 -3.4607272 4294901760
9.7920952 10.607881 -3.4009931 4294901760
13.163307 11.723964 -3.4717438 4294901760
15.137691 16.398821 -3.4104223 4294901760
14.07226 13.823948 -3.4470227 4294901760
15.274278 18.26136 -3.3906651 4294901760
20.053709 17.860931 -3.3836262 4294901760
2.5642903 2.5006387 -3.508456 4294901760
4.0132904 4.3157921 -3.4912653 4294901760
5.9363947 5.7890401 -3.4959059 4294901760
7.0625706 7.5949116 -3.4569933 4294901760
9.1389351 8.9120855 -3.4616637 4294901760
9.8390369 10.580654 -3.4016309 4294901760
13.209177 11.678273 -3.4713166 4294901760
15.21672 16.36368 -3.4113791 4294901760
14.134254 13.783408 -3.4474294 4294901760
15.353971 18.220512 -3.3908923 4294901760
20.101093 17.771437 -3.3810363 4294901760
2.58342 2.5017607 -3.5150607 4294901760
4.0309629 4.3045688 -3.4920914 4294901760
5.9537473 5.7655554 -3.494765 4294901760
7.0836339 7.5644431 -3.4553139 4294901760
9.1699867 8.8801327 -3.4611139 4294901760
9.8786259 10.549149 -3.4014387 4294901760
13.222923 11.608449 -3.4672413 4294901760
15.268289 16.30464 -3.4098556 4294901760
14.167957 13.720122 -3.4449556 4294901760
15.407146 18.154636 -3.3888297 4294901760
20.178005 17.714338 -3.3810296 4294901760
2.5864763 2.4881539 -3.5115345 4294901760
4.0557833 4.3023906 -3.4961691 4294901760
5.9784856 5.7512193 -3.4959929 4294901760
7.1032553 7.535161 -3.4536572 4294901760
9.1993818 8.8496771 -3.4605916 4294901760
9.9135523 10.516335 -3.4008477 4294901760
13.276351 11.577628 -3.468365 4294901760
15.256579 16.184238 -3.4022105 4294901760
14.23636 13.695179 -3.4467449 4294901760
15.508747 18.152006 -3.3920135 4294901760
20.242651 17.652582 -3.3803916 4294901760
2.592525 2.4766054 -3.50969 4294901760
4.0707779 4.2882061 -3.4959142 4294901760
6.0013628 5.7330241 -3.496419 4294901760
7.132237 7.5131841 -3.4538271 4294901760
9.2302189 8.8175087 -3.4600418 4294901760
9.944726 10.475894 -3.3993659 4294901760
13.328729 11.541638 -3.4690807 4294901760
15.411881 16.235062 -3.4113436 4294901760
14.289846 13.650906 -3.4465425 4294901760
15.569417 18.09473 -3.3907282 4294901760
20.316227 17.592266 -3.3801532 4294901760
2.5989537 2.4645929 -3.5078387 4294901760
4.0838041 4.270474 -3.4945676 4294901760
6.0223336 5.7109909 -3.4960437 4294901760
7.1569934 7.484138 -3.4527428 4294901760
9.2567139 8.7781601 -3.4584568 4294901760
9.9775562 10.433628 -3.3978536 4294901760
13.376981 11.497903 -3.4690216 4294901760
15.471279 16.178469 -3.4103312 4294901760
14.33978 13.598442 -3.4456487 4294901760
15.680077 18.088823 -3.3940599 4294901760
20.359367 17.499468 -3.3773389 4294901760
2.6101809 2.4579906 -3.5093737 4294901760
4.1040306 4.2617412 -3.4964714 4294901760
6.0422344 5.6899333 -3.4956861 4294901760
7.205009 7.481884 -3.4572234 4294901760
9.2901907 8.7485123 -3.458411 4294901760
10.041505 10.427381 -3.4015248 4294901760
13.441272 11.47182 -3.4712069 4294901760
15.524896 16.121489 -3.4090869 4294901760
14.378459 13.540102 -3.4438257 4294901760
15.761505 18.055025 -3.3948452 4294901760
20.420332 17.428289 -3.3761854 4294901760
2.6240401 2.4538171 -3.5125973 4294901760
4.1188812 4.2473898 -3.4962165 4294901760
6.0677867 5.6741657 -3.4968944 4294901760
7.222827 7.4481778 -3.4549289 4294901760
9.3090773 8.7051916 -3.4558477 4294901760
10.080609 10.395123 -3.4013305 4294901760
13.453886 11.401658 -3.4671385 4294901760
15.572741 16.058607 -3.4072835 4294901760
14.437278 13.500723 -3.4442704 4294901760
15.83497 18.011894 -3.3948507 4294901760
20.477995 17.354324 -3.3748043 4294901760
2.6321635 2.4451013 -3.5124502 4294901760
4.1248727 4.2254381 -3.492738 4294901760
6.0894451 5.6566811 -3.4973373 4294901760
7.247488 7.4241838 -3.4545043 4294901760
9.3437109 8.6796732 -3.4563329 4294901760
10.101137 10.347405 -3.3985929 4294901760
13.494672 11.359544 -3.4667869 4294901760
15.64821 16.029716 -3.4086051 4294901760
14.502419 13.471763 -3.4457273 4294901760
15.913138 17.980206 -3.3956831 4294901760
20.547653 17.296602 -3.3746228 4294901760
2.6353526 2.4309826 -3.5089183 4294901760
4.1368957 4.2082677 -3.4914048 4294901760
6.1120358 5.6380506 -3.497762 4294901760
7.2788987 7.4044776 -3.4552879 4294901760
9.3885326 8.6604567 -3.4582994 4294901760
10.131617 10.306413 -3.3971124 4294901760
13.552576 11.327697 -3.4682343 4294901760
15.723646 15.994918 -3.409596 4294901760
14.569865 13.43998 -3.4471395 4294901760
15.967833 17.915611 -3.3938742 4294901760
20.586456 17.20685 -3.3718729 4294901760
2.6442456 2.4213066 -3.5087562 4294901760
4.1522932 4.1930757 -3.4911377 4294901760
6.1326604 5.6156096 -3.4973862 4294901760
7.3032093 7.3749394 -3.4542031 4294901760
9.4202137 8.6259861 -3.4577219 4294901760
10.174923 10.274858 -3.3973157 4294901760
13.606265 11.288115 -3.4689071 4294901760
15.776553 15.931506 -3.4080229 4294901760
14.624913 13.391872 -3.4468904 4294901760
16.068062 17.895571 -3.3961504 4294901760
20.640171 17.123627 -3.3699801 4294901760
2.65452 2.4154279 -3.5103059 4294901760
4.1736021 4.1881967 -3.494144 4294901760
6.1502705 5.5963168 -3.4970641 4294901760
7.3207612 7.3463612 -3.4525707 4294901760
9.4678078 8.6150446 -3.4607468 4294901760
10.223994 10.259747 -3.3993258 4294901760
13.647804 11.250382 -3.4689589 4294901760
15.747657 15.802724 -3.3993382 4294901760
14.646266 13.32708 -3.4438601 4294901760
16.113497 17.833162 -3.394186 4294901760
20.715427 17.076483 -3.3705397 4294901760
2.6710055 2.4134378 -3.5152159 4294901760
4.1881971 4.1736016 -3.4938893 4294901760
6.1726794 5.5774417 -3.4974883 4294901760
7.3435626 7.3179703 -3.451509 4294901760
9.4889927 8.5739594 -3.458688 4294901760
10.271016 10.235223 -3.4004152 4294901760
13.686996 11.202671 -3.4682004 4294901760
15.777289 15.722306 -3.3958666 4294901760
14.704534 13.286561 -3.4442999 4294901760
16.186398 17.788612 -3.3941841 4294901760
20.759466 16.991417 -3.3682501 4294901760
2.6690381 2.3939502 -3.508301 4294901760
4.2089419 4.1636419 -3.4957781 4294901760
6.1872401 5.5495443 -3.4955487 4294901760
7.3731432 7.2937875 -3.4516547 4294901760
9.5173988 8.5364761 -3.457608 4294901760
10.305632 10.194714 -3.3993311 4294901760
13.718687 11.1449 -3.4663045 4294901760
15.883031 15.712085 -3.3995981 4294901760
14.776874 13.253877 -3.445987 4294901760
16.254181 17.732113 -3.3933554 4294901760
20.833994 16.925293 -3.3679528 4294901760
2.6827929 2.3894408 -3.5115225 4294901760
4.2207031 4.1462235 -3.4944448 4294901760
6.2065749 5.5279117 -3.4951913 4294901760
7.4013805 7.2707744 -3.4518223 4294901760
9.5589924 8.5137568 -3.4590669 4294901760
10.349669 10.167036 -3.3999903 4294901760
13.760608 11.099442 -3.4659135 4294901760
16.031719 15.74882 -3.4078288 4294901760
14.849845 13.226076 -3.4480367 4294901760
16.332228 17.692862 -3.3938665 4294901760
20.899166 16.857473 -3.3672574 4294901760
2.685271 2.3757272 -3.5080004 4294901760
4.2344284 4.1322055 -3.4942029 4294901760
6.2248712 5.5073009 -3.4948516 4294901760
7.4282775 7.2489519 -3.4520121 4294901760
9.5693407 8.4662371 -3.4555316 4294901760
10.383325 10.132662 -3.3993967 4294901760
13.79423 11.051261 -3.4648278 4294901760
16.103844 15.715082 -3.4088581 4294901760
14.908548 13.18997 -3.4488363 4294901760
16.401678 17.650305 -3.3939123 4294901760
20.967417 16.798067 -3.3670733 4294901760
2.6962709 2.3687329 -3.5095339 4294901760
4.2460604 4.1147199 -3.4928703 4294901760
6.2470031 5.4881287 -3.4952755 4294901760
7.4563727 7.2257304 -3.452179 4294901760
9.6167192 8.4484978 -3.4579935 4294901760
10.412918 10.090823 -3.3979163 4294901760
13.829603 11.000567 -3.4637048 4294901760
16.161465 15.661553 -3.4081671 4294901760
14.957494 13.140485 -3.448303 4294901760
16.479549 17.610437 -3.3944197 4294901760
21.016548 16.717323 -3.3652422 4294901760
2.7076662 2.3612177 -3.5110593 4294901760
4.2583356 4.0964599 -3.4915257 4294901760
6.2729874 5.4703522 -3.4964628 4294901760
7.4771085 7.1928744 -3.4504817 4294901760
9.6386452 8.4053717 -3.4559104 4294901760
10.44983 10.052591 -3.3972604 4294901760
13.879205 10.957211 -3.464009 4294901760
16.227381 15.610516 -3.4079833 4294901760
15.029591 13.10654 -3.449981 4294901760
16.39612 17.39307 -3.379436 4294901760
21.087076 16.647606 -3.3647158 4294901760
2.7213736 2.356497 -3.5142794 4294901760
4.2781801 4.0868907 -3.4934254 4294901760
6.2950106 5.4509873 -3.496886 4294901760
7.502172 7.1667285 -3.4500346 4294901760
9.6739292 8.3768673 -3.4563639 4294901760
10.481983 10.013304 -3.3962088 4294901760
13.911102 10.903781 -3.4625208 4294901760
16.290432 15.56204 -3.4078472 4294901760
15.075253 13.053992 -3.4491239 4294901760
16.456739 17.335728 -3.3784065 4294901760
21.145063 16.573895 -3.3635664 4294901760
2.7291725 2.3474603 -3.5141323 4294901760
4.2889147 4.0700312 -3.4921064 4294901760
6.3100777 5.4275265 -3.4957652 4294901760
7.5230274 7.139092 -3.4489963 4294901760
9.6986456 8.3421564 -3.4553404 4294901760
10.520898 9.9839668 -3.3964696 4294901760
13.95661 10.864931 -3.4628997 4294901760
16.362206 15.527166 -3.4088695 4294901760
15.130545 13.01433 -3.4495969 4294901760
16.657541 17.431131 -3.3907897 4294901760
21.212509 16.513498 -3.3633809 4294901760
2.7294877 2.3303792 -3.5089092 4294901760
4.3038049 4.0542827 -3.4918389 4294901760
6.332912 5.4069071 -3.4961705 4294901760
7.5491452 7.1114683 -3.4485273 4294901760
9.7291574 8.30655 -3.4547632 4294901760
10.569003 9.9562435 -3.3975215 4294901760
14.002645 10.818572 -3.462837 4294901760
16.44515 15.49171 -3.4103475 4294901760
15.184211 12.963961 -3.4493401 4294901760
16.765615 17.41597 -3.3938076 4294901760
21.266575 16.430752 -3.3617218 4294901760
2.7454946 2.3283501 -3.513823 4294901760
4.3200369 4.0426216 -3.4926739 4294901760
6.3478155 5.3833418 -3.4950502 4294901760
7.5871139 7.0999002 -3.4511697 4294901760
9.74757 8.2665453 -3.4527383 4294901760
10.622286 9.9401655 -3.399915 4294901760
14.04476 10.77693 -3.4628496 4294901760
16.502254 15.442547 -3.4099779 4294901760
15.239277 12.923854 -3.4498112 4294901760
16.809381 17.345947 -3.3915353 4294901760
21.349453 16.382021 -3.3626661 4294901760
2.7508328 2.3164165 -3.511982 4294901760
4.3256583 4.01965 -3.4891896 4294901760
6.3695688 5.3636751 -3.4954731 4294901760
7.6176434 7.078752 -3.4519484 4294901760
9.7885084 8.2426901 -3.4541929 4294901760
10.671488 9.9165592 -3.4014213 4294901760
14.088633 10.732661 -3.4628239 4294901760
16.538527 15.368549 -3.4073415 4294901760
15.308699 12.891121 -3.4515233 4294901760
16.814075 17.230024 -3.385366 4294901760
21.40016 16.302553 -3.3610649 4294901760
2.7561202 2.3044753 -3.5101411 4294901760
4.3424931 4.0071387 -3.4900117 4294901760
6.3822331 5.3363776 -3.4935553 4294901760
7.6452107 7.0548005 -3.4521139 4294901760
9.8385277 8.2262897 -3.4571488 4294901760
10.714805 9.8873405 -3.4020734 4294901760
14.119655 10.678616 -3.461338 4294901760
16.515825 15.240371 -3.3991663 4294901760
15.3536 12.837608 -3.4506645 4294901760
16.988827 17.287964 -3.3948355 4294901760
21.441008 16.215714 -3.3587878 4294901760
2.7641482 2.2948399 -3.5099869 4294901760
4.3621345 3.99716 -3.4919097 4294901760
6.4008231 5.3140655 -3.4931984 4294901760
7.6756186 7.0334086 -3.4528916 4294901760
9.8641329 8.1893597 -3.4560981 4294901760
10.734593 9.8364429 -3.3993146 4294901760
14.163217 10.634043 -3.4613123 4294901760
16.607172 15.217669 -3.4017982 4294901760
15.407523 12.791571 -3.4507685 4294901760
17.071537 17.251251 -3.3958399 4294901760
21.484711 16.131176 -3.3567383 4294901760
2.7689457 2.283355 -3.5081544 4294901760
4.3753648 3.9826729 -3.4916677 4294901760
6.4123573 5.2878208 -3.4912999 4294901760
7.6930537 7.0025969 -3.4512405 4294901760
9.8912334 8.1566057 -3.4555757 4294901760
10.749506 9.78473 -3.3961627 4294901760
14.204787 10.591783 -3.4613242 4294901760
16.698853 15.200119 -3.4047513 4294901760
15.452929 12.742947 -3.450273 4294901760
17.117378 17.183237 -3.3938229 4294901760
21.525278 16.050297 -3.3547482 4294901760
2.7825086 2.2782695 -3.5113726 4294901760
4.3835244 3.9622114 -3.4892614 4294901760
6.4338102 5.2678919 -3.4917231 4294901760
7.7115846 6.9704018 -3.449568 4294901760
9.9104338 8.1144905 -3.4535253 4294901760
10.786544 9.7498178 -3.3959632 4294901760
14.260878 10.556354 -3.4627562 4294901760
16.80509 15.189903 -3.4087572 4294901760
15.518907 12.70661 -3.4516582 4294901760
17.05286 16.999384 -3.3815248 4294901760
21.626104 16.008327 -3.3567579 4294901760
2.7988834 2.2754028 -3.5162761 4294901760
4.4030623 3.9520304 -3.4911585 4294901760
6.4552031 5.2478738 -3.492146 4294901760
7.7329288 6.9407988 -3.4485085 4294901760
9.926384 8.0698328 -3.4509761 4294901760
10.823472 9.7147589 -3.3957634 4294901760
14.29443 10.504148 -3.4616358 4294901760
16.863953 15.136477 -3.4083354 4294901760
15.566262 12.654873 -3.4511189 4294901760
17.268129 17.094206 -3.3945444 4294901760
21.701162 15.946925 -3.3569622 4294901760
2.8015616 2.2605765 -3.5127423 4294901760
4.4203935 3.9384296 -3.491967 4294901760
6.4713421 5.2217178 -3.4909925 4294901760
7.7583151 6.9124112 -3.4480393 4294901760
9.9744215 8.0483484 -3.4533997 4294901760
10.861975 9.6776724 -3.3955321 4294901760
14.345705 10.461074 -3.4622996 4294901760
16.928253 15.082533 -3.4081407 4294901760
15.621847 12.605248 -3.4511771 4294901760
17.342051 17.041998 -3.3944669 4294901760
21.749781 15.860223 -3.3550835 4294901760
2.8090432 2.2512732 -3.5125959 4294901760
4.4305458 3.921195 -3.4906497 4294901760
6.4978051 5.2075863 -3.4929917 4294901760
7.7752771 6.8814049 -3.4463906 4294901760
10.016541 8.0276337 -3.4553766 4294901760
10.896987 9.6442327 -3.3953631 4294901760
14.373868 10.40877 -3.4608538 4294901760
16.972202 15.021021 -3.4066622 4294901760
15.663565 12.553372 -3.4503603 4294901760
17.352772 16.939775 -3.3893878 4294901760
21.763451 15.759901 -3.3512979 4294901760
2.8197205 2.2437119 -3.514127 4294901760
4.4384189 3.9006209 -3.4882448 4294901760
6.5128736 5.1824327 -3.4918563 4294901760
7.8051867 6.8594418 -3.4471679 4294901760
10.041393 7.9901514 -3.4543276 4294901760
10.951494 9.6245155 -3.3977139 4294901760
14.403643 10.353887 -3.4593711 4294901760
17.030523 14.966956 -3.4062393 4294901760
15.726005 12.513518 -3.4514203 4294901760
17.434721 16.901331 -3.3903837 4294901760
21.847509 15.704821 -3.3521767 4294901760
2.8275349 2.2338557 -3.513973 4294901760
4.4520063 3.8851047 -3.4879909 4294901760
6.527844 5.1572351 -3.490721 4294901760
7.8439708 6.8451495 -3.4497793 4294901760
10.069221 7.9550529 -3.4537783 4294901760
10.994011 9.5940752 -3.3983624 4294901760
14.442937 10.305861 -3.458981 4294901760
17.085665 14.910042 -3.4055402 4294901760
15.782098 12.468434 -3.451839 4294901760
17.507988 16.854214 -3.3906124 4294901760
21.908693 15.633105 -3.3514817 4294901760
2.8385568 2.2257137 -3.5154963 4294901760
4.4633064 3.8662388 -3.4866493 4294901760
6.5467038 5.1332736 -3.4903474 4294901760
7.8719974 6.8189406 -3.4499209 4294901760
10.101436 7.9205403 -3.453701 4294901760
11.038122 9.5615253 -3.3989785 4294901760
14.503369 10.268963 -3.4607341 4294901760
17.143221 14.849931 -3.4047925 4294901760
15.827695 12.410503 -3.4509354 4294901760
17.60428 16.823021 -3.3925698 4294901760
21.962587 15.550386 -3.3500569 4294901760
2.8402021 2.2118328 -3.5119796 4294901760
4.4819431 3.8564401 -3.4885576 4294901760
6.5667872 5.1139445 -3.490788 4294901760
7.9005589 6.7979517 -3.4507179 4294901760
10.124516 7.8845582 -3.4526806 4294901760
11.0758 9.5300541 -3.3992319 4294901760
14.54386 10.225388 -3.4607439 4294901760
17.204473 14.803405 -3.404968 4294901760
15.875057 12.362844 -3.4507573 4294901760
17.665764 16.770042 -3.3920825 4294901760
22.02384 15.484355 -3.3496437 4294901760
2.8479052 2.201906 -3.5118258 4294901760
4.4983048 3.8432741 -3.4893782 4294901760
6.5876994 5.0933909 -3.4912105 4294901760
7.9302502 6.7754688 -3.4514925 4294901760
10.151976 7.8491712 -3.452132 4294901760
11.105973 9.4887524 -3.3981795 4294901760
14.572933 10.170004 -3.4592633 4294901760
17.289412 14.771775 -3.4070199 4294901760
15.921267 12.309795 -3.4502163 4294901760
17.738714 16.72197 -3.3923051 4294901760
22.090851 15.416528 -3.3493972 4294901760
2.8469474 2.1853285 -3.5066183 4294901760
4.5087571 3.8250561 -3.4880497 4294901760
6.5992169 5.0655861 -3.4892983 4294901760
7.9568682 6.7503004 -3.4516554 4294901760
10.176167 7.8112669 -3.4510851 4294901760
11.151162 9.4602165 -3.3992498 4294901760
14.614893 10.123602 -3.4592357 4294901760
17.316532 14.690679 -3.4038432 4294901760
15.979954 12.266278 -3.4509516 4294901760
17.802809 16.6654 -3.3917637 4294901760
22.177362 15.362055 -3.3504922 4294901760
2.8689735 2.1863661 -3.5148873 4294901760
4.5191326 3.8068159 -3.4867218 4294901760
6.623095 5.0472794 -3.4904993 4294901760
7.9803782 6.7224913 -3.4512076 4294901760
10.212833 7.7829204 -3.4520328 4294901760
11.187152 9.4238043 -3.3990462 4294901760
14.676391 10.090589 -3.4613848 4294901760
17.367697 14.630157 -3.4028685 4294901760
16.035347 12.220099 -3.4513669 4294901760
17.849169 16.592297 -3.3896978 4294901760
2.870049 2.1729631 -3.51138 4294901760
4.5340266 3.7950687 -3.4875674 4294901760
6.6389227 5.0264416 -3.4901791 4294901760
8.0075245 6.7024541 -3.4520257 4294901760
10.249894 7.7603703 -3.4535329 4294901760
11.244156 9.4115772 -3.4022975 4294901760
14.708025 10.044419 -3.4607058 4294901760
17.410522 14.572946 -3.4017162 4294901760
16.060955 12.160024 -3.4493175 4294901760
17.880693 16.517166 -3.3869762 4294901760
2.877615 2.1629338 -3.5112264 4294901760
4.5561309 3.7866082 -3.4905357 4294901760
6.656424 5.003242 -3.4898241 4294901760
8.0247879 6.669415 -3.4503567 4294901760
10.273742 7.7221675 -3.4524863 4294901760
11.286108 9.3799038 -3.40294 4294901760
14.736397 9.9885597 -3.4592273 4294901760
17.479687 14.527398 -3.4023893 4294901760
16.08736 12.091922 -3.4468653 4294901760
17.938229 16.454662 -3.3859286 4294901760
2.8822429 2.1507072 -3.5093889 4294901760
4.5604091 3.7633252 -3.4870601 4294901760
6.6801372 4.9846668 -3.4910238 4294901760
8.0388756 6.6338129 -3.4480784 4294901760
10.306998 7.6910024 -3.452934 4294901760
11.327987 9.3480425 -3.4035816 4294901760
14.777785 9.9415007 -3.4591987 4294901760
17.511829 14.451052 -3.3997684 4294901760
16.135864 12.040458 -3.4466436 4294901760
17.954245 16.354307 -3.3813312 4294901760
2.893019 2.1422865 -3.5109117 4294901760
4.5711904 3.7441449 -3.4857204 4294901760
6.6952085 4.9578156 -3.4898734 4294901760
8.0631332 6.6043062 -3.4476092 4294901760
10.341495 7.6578979 -3.4533544 4294901760
11.36217 9.3064623 -3.4029205 4294901760
14.810809 9.8850622 -3.4580462 4294901760
17.580107 14.399416 -3.4001169 4294901760
16.211926 12.004964 -3.4489248 4294901760
18.043674 16.315168 -3.3827674 4294901760
2.8942671 2.1283853 -3.5073986 4294901760
4.5895586 3.7338262 -3.4876266 4294901760
6.7084541 4.9332614 -3.488759 4294901760
8.0972567 6.5875063 -3.4496243 4294901760
10.376424 7.6306119 -3.4543264 4294901760
11.426908 9.2963371 -3.4069793 4294901760
14.86343 9.8490887 -3.4595037 4294901760
17.643244 14.353625 -3.4005613 4294901760
16.248436 11.948771 -3.4477901 4294901760
18.103621 16.260574 -3.3822794 4294901760
2.9075353 2.1225436 -3.5106127 4294901760
4.6055617 3.7202024 -3.4884462 4294901760
6.7319708 4.9144378 -3.4899585 4294901760
8.1171284 6.5567164 -3.4485674 4294901760
10.419023 7.60604 -3.4562657 4294901760
11.480947 9.2738848 -3.4093106 4294901760
14.901049 9.7993307 -3.4591129 4294901760
17.711866 14.306992 -3.4012296 4294901760
16.312592 11.908432 -3.4491565 4294901760
18.148359 16.186649 -3.3802207 4294901760
2.9178617 2.1145091 -3.5121429 4294901760
4.6275334 3.711334 -3.4914122 4294901760
6.7459073 4.8886085 -3.488827 4294901760
8.1368818 6.5258713 -3.4475107 4294901760
10.448721 7.5719547 -3.456214 4294901760
11.525657 9.2437067 -3.4103703 4294901760
14.941832 9.7516127 -3.459084 4294901760
17.774147 14.255066 -3.4013488 4294901760
16.325003 11.830364 -3.4454377 4294901760
18.213709 16.131142 -3.3799334 4294901760
2.9252245 2.1043117 -3.5119898 4294901760
4.6374454 3.6927595 -3.4900851 4294901760
6.7692981 4.8696141 -3.490026 4294901760
8.1596107 6.4974303 -3.4470642 4294901760
10.468645 7.5308046 -3.4546709 4294901760
11.560962 9.2058973 -3.4101608 4294901760
14.982466 9.7037306 -3.4590552 4294901760
17.820675 14.190454 -3.4001 4294901760
16.405033 11.80125 -3.4483905 4294901760
18.248922 16.049017 -3.3771183 4294901760
2.9325523 2.0940871 -3.5118365 4294901760
4.6472874 3.6741595 -3.4887588 4294901760
6.7766795 4.8391147 -3.4873419 4294901760
8.1853437 6.4713573 -3.447227 4294901760
10.491641 7.4919071 -3.4536257 4294901760
11.586789 9.1605511 -3.4086828 4294901760
15.01625 9.65137 -3.4583035 4294901760
17.866974 14.125684 -3.3988516 4294901760
16.449373 11.746225 -3.4478488 4294901760
18.307842 15.987841 -3.3763261 4294901760
2.9487169 2.0901279 -3.5167322 4294901760
4.6661434 3.662673 -3.4906504 4294901760
6.7871289 4.810895 -3.4854355 4294901760
8.2047729 6.4403076 -3.4461715 4294901760
10.520965 7.4575357 -3.4535749 4294901760
11.621821 9.122508 -3.4084735 4294901760
15.063276 9.6074629 -3.4589965 4294901760
17.897337 14.048451 -3.3962383 4294901760
16.477264 11.679518 -3.4457214 4294901760
18.342424 15.905534 -3.3735151 4294901760
2.9500656 2.0756495 -3.5132132 4294901760
4.6819391 3.6487291 -3.4914694 4294901760
6.8135061 4.7939444 -3.4874108 4294901760
8.2272053 6.4116259 -3.4457254 4294901760
10.543689 7.4184799 -3.4525306 4294901760
11.669281 9.0941048 -3.4099534 4294901760
15.120279 9.5697289 -3.4607723 4294901760
17.958858 13.995699 -3.3963571 4294901760
16.527718 11.628808 -3.4458148 4294901760
18.406914 15.849221 -3.3732283 4294901760
2.9602644 2.0674152 -3.5147429 4294901760
4.6946459 3.6323647 -3.4912157 4294901760
6.8334131 4.7723784 -3.4878333 4294901760
8.255785 6.3877068 -3.446497 4294901760
10.559758 7.3748155 -3.4504941 4294901760
11.716679 9.065486 -3.4114318 4294901760
15.156964 9.5190134 -3.4603815 4294901760
18.007599 13.932929 -3.3953838 4294901760
16.551863 11.559633 -3.443373 4294901760
18.474258 15.79525 -3.3731928 4294901760
2.9555464 2.0488071 -3.5078597 4294901760
4.7072983 3.6159539 -3.490962 4294901760
6.8435841 4.7440248 -3.4859283 4294901760
8.2843037 6.3636632 -3.4472682 4294901760
10.598484 7.3469496 -3.4519331 4294901760
11.741948 9.0196838 -3.4099548 4294901760
15.179961 9.4597225 -3.4585478 4294901760
18.113091 13.913735 -3.3993182 4294901760
16.605223 11.510866 -3.4437835 4294901760
18.520157 15.722913 -3.3713934 4294901760
2.9742684 2.0472176 -3.5144444 4294901760
4.7192626 3.6003251 -3.4907212 4294901760
6.8657393 4.7257543 -3.4871442 4294901760
8.2927904 6.3265696 -3.4444108 4294901760
10.635861 7.320766 -3.4533987 4294901760
11.774953 8.9831114 -3.4097757 4294901760
15.221407 9.4156218 -3.4589167 4294901760
18.140093 13.839076 -3.3967569 4294901760
16.640017 11.453484 -3.4426537 4294901760
18.578293 15.666561 -3.3709059 4294901760
2.981396 2.0368235 -3.5142915 4294901760
4.7348709 3.5861566 -3.4915395 4294901760
6.8757148 4.6973357 -3.4852402 4294901760
8.327425 6.3071303 -3.4463985 4294901760
10.671178 7.2903118 -3.45434 4294901760
11.803066 8.9395552 -3.4087219 4294901760
15.250783 9.3603506 -3.4578059 4294901760
18.194647 13.780492 -3.3963275 4294901760
16.683184 11.39758 -3.4421146 4294901760
18.617561 15.588805 -3.3686054 4294901760
2.9854877 2.0243688 -3.5124567 4294901760
4.7442827 3.5672908 -3.4902143 4294901760
6.8985639 4.6777067 -3.4864385 4294901760
8.3493919 6.2780213 -3.4459527 4294901760
10.712983 7.2641492 -3.4562721 4294901760
11.83738 8.9006872 -3.4085116 4294901760
15.283365 9.3070545 -3.4570565 4294901760
18.255402 13.726485 -3.3964419 4294901760
16.749268 11.357169 -3.4437888 4294901760
18.662659 15.516063 -3.3668096 4294901760
2.9835141 2.0078621 -3.5072584 4294901760
4.7659669 3.5576198 -3.4931755 4294901760
6.9181061 4.655786 -3.4868612 4294901760
8.3680897 6.2464724 -3.4448993 4294901760
10.734986 7.2244916 -3.4552288 4294901760
11.874753 8.864068 -3.4087226 4294901760
15.339626 9.2680626 -3.4588275 4294901760
18.19129 13.579132 -3.3859496 4294901760
16.778893 11.291953 -3.4419847 4294901760
18.769043 15.494019 -3.3700378 4294901760
2.9965332 2.0014632 -3.5104697 4294901760
4.7690716 3.5340827 -3.4897082 4294901760
6.9310527 4.6294322 -3.4857335 4294901760
8.389842 6.217226 -3.4444542 4294901760
10.793134 7.2090173 -3.4596372 4294901760
11.915206 8.829669 -3.4093544 4294901760
15.388963 9.2247019 -3.4598775 4294901760
18.328344 13.582074 -3.392592 4294901760
16.824833 11.237748 -3.4417615 4294901760
18.832272 15.436005 -3.3697472 4294901760
3.0095444 1.9949977 -3.5136807 4294901760
4.7844806 3.5196974 -3.4905264 4294901760
6.9471693 4.6052113 -3.4853816 4294901760
8.4210434 6.1949306 -3.445832 4294901760
10.821538 7.1734924 -3.459584 4294901760
11.968378 8.8045235 -3.4116697 4294901760
15.41422 9.1668606 -3.4584088 4294901760
18.385281 13.52511 -3.3924348 4294901760
16.863955 11.178952 -3.440907 4294901760
18.861267 15.350019 -3.3666968 4294901760
3.0164893 1.984481 -3.5135283 4294901760
4.8060689 3.5097909 -3.4934864 4294901760
6.9566474 4.576623 -3.4834805 4294901760
8.4521914 6.172492 -3.4472091 4294901760
10.846511 7.1356773 -3.4590361 4294901760
12.011885 8.7720766 -3.4127204 4294901760
15.432402 9.104907 -3.4562221 4294901760
18.387266 13.427909 -3.3876629 4294901760
16.892879 11.113448 -3.4391065 4294901760
18.933359 15.299147 -3.3671589 4294901760
3.0210512 1.9709024 -3.5116796 4294901760
4.8226304 3.4935696 -3.4942787 4294901760
6.9774551 4.5520191 -3.4838686 4294901760
8.4758301 6.1399903 -3.4467192 4294901760
10.887124 7.1026468 -3.4604139 4294901760
12.051921 8.7305517 -3.4128654 4294901760
15.463813 9.0435696 -3.4550409 4294901760
18.471006 13.380611 -3.3893094 4294901760
16.955463 11.061568 -3.4400601 4294901760
18.926563 15.173893 -3.3607523 4294901760
3.0333135 1.9653435 -3.514905 4294901760
4.8398356 3.4829006 -3.496192 4294901760
7.0015979 4.5364733 -3.4858756 4294901760
8.495079 6.1133308 -3.4463184 4294901760
10.906055 7.0662479 -3.4594257 4294901760
12.088975 8.6996136 -3.4135571 4294901760
15.505926 9.0029383 -3.455806 4294901760
18.509714 13.320183 -3.3881652 4294901760
17.000174 11.014747 -3.4402378 4294901760
19.080303 15.198917 -3.3683274 4294901760
3.0493028 1.9606255 -3.5197957 4294901760
4.851963 3.465986 -3.4959385 4294901760
7.0173898 4.5120063 -3.4855242 4294901760
8.5131493 6.0813437 -3.4452665 4294901760
10.944004 7.0367217 -3.4608572 4294901760
12.135448 8.6689224 -3.4150257 4294901760
15.537257 8.948761 -3.4550598 4294901760
18.565838 13.262453 -3.3880086 4294901760
17.035162 10.953183 -3.4390697 4294901760
19.161417 15.154512 -3.3695345 4294901760
3.0377917 1.938269 -3.5095582 4294901760
4.8640332 3.4490273 -3.4956851 4294901760
7.0330982 4.4874821 -3.485173 4294901760
8.5246544 6.0447297 -3.4430017 4294901760
10.975192 7.0027432 -3.4612985 4294901760
12.17537 8.6334076 -3.4156525 4294901760
15.561487 8.8905163 -3.4535964 4294901760
18.605513 13.192945 -3.3864975 4294901760
17.073294 10.893649 -3.4382172 4294901760
19.195366 15.072738 -3.3669894 4294901760
3.047601 1.9295949 -3.5110874 4294901760
4.8602915 3.4209452 -3.4900813 4294901760
7.0520301 4.4650073 -3.4855962 4294901760
8.5392351 6.0103917 -3.4413452 4294901760
10.989508 6.9580297 -3.4592681 4294901760
12.202174 8.5885735 -3.4145987 4294901760
15.609743 8.8459711 -3.4546452 4294901760
18.671021 13.141709 -3.3871529 4294901760
17.104471 10.829732 -3.4367363 4294901760
19.244703 15.003201 -3.3656962 4294901760
3.0573881 1.9208727 -3.5126164 4294901760
4.8848338 3.412782 -3.4941092 4294901760
7.0609322 4.4361892 -3.4836981 4294901760
8.5666437 5.9850726 -3.4421148 4294901760
11.01373 6.9196239 -3.4587216 4294901760
12.235341 8.5482025 -3.4143853 4294901760
15.67872 8.812891 -3.4578443 4294901760
18.726597 13.083308 -3.3869953 4294901760
17.148926 10.774198 -3.4365146 4294901760
19.306431 14.943256 -3.3654015 4294901760
3.0545135 1.9049675 -3.507431 4294901760
4.8961253 3.3965631 -3.4938688 4294901760
7.0822611 4.4168992 -3.4849124 4294901760
8.5831985 5.9543767 -3.4410875 4294901760
11.046719 6.889359 -3.4596846 4294901760
12.283229 8.5211792 -3.416302 4294901760
15.711336 8.762785 -3.4574938 4294901760
18.769882 13.021132 -3.386075 4294901760
17.218391 10.738363 -3.4388502 4294901760
19.330564 14.859684 -3.3624151 4294901760
3.0642273 1.8962002 -3.5089602 4294901760
4.9111247 3.3816347 -3.4946859 4294901760
7.0943017 4.3900843 -3.483789 4294901760
8.6039314 5.9243765 -3.4406447 4294901760
11.063952 6.8465772 -3.4581509 4294901760
12.293247 8.4647141 -3.4131513 4294901760
15.727891 8.7001734 -3.4553158 4294901760
18.828367 12.964578 -3.3861871 4294901760
17.26255 10.682384 -3.438627 4294901760
19.375975 14.787268 -3.3608751 4294901760
3.0708265 1.8854947 -3.5088093 4294901760
4.9197168 3.3623011 -3.4933641 4294901760
7.1095805 4.3652987 -3.4834392 4294901760
8.6245556 5.8943133 -3.4402022 4294901760
11.094543 6.8120751 -3.4585929 4294901760
12.339131 8.4329805 -3.4146159 4294901760
15.775618 8.654809 -3.4563622 4294901760
18.866913 12.894287 -3.3846791 4294901760
17.265755 10.601214 -3.4346361 4294901760
19.456097 14.741253 -3.3620765 4294901760
3.07739 1.8747634 -3.5086584 4294901760
4.928237 3.3429444 -3.4920425 4294901760
7.1247759 4.3404541 -3.4830897 4294901760
8.6516228 5.8686085 -3.4409716 4294901760
11.135201 6.783627 -3.4605153 4294901760
12.375078 8.3943195 -3.4148216 4294901760
15.826726 8.6111059 -3.4577656 4294901760
18.91181 12.828346 -3.3837118 4294901760
17.282228 10.528432 -3.4319046 4294901760
19.520201 14.682841 -3.3620307 4294901760
3.0870175 1.8658859 -3.5101874 4294901760
4.9398756 3.3257222 -3.4917905 4294901760
7.1432385 4.3175874 -3.4835136 4294901760
8.6720543 5.8383746 -3.4405293 4294901760
11.162206 6.7467709 -3.4604628 4294901760
12.414199 8.3577366 -3.415446 4294901760
15.87421 8.5652666 -3.4588099 4294901760
18.979641 12.777856 -3.3846321 4294901760
17.312048 10.463921 -3.4304304 4294901760
19.536148 14.588345 -3.3582528 4294901760
3.1059487 1.8625555 -3.5167549 4294901760
4.9546576 3.3105969 -3.4926078 4294901760
7.1649952 4.2966585 -3.48471 4294901760
8.6858091 5.8036728 -3.4388766 4294901760
11.195898 6.7138848 -3.4613969 4294901760
12.453221 8.3209772 -3.4160697 4294901760
15.921575 8.5191946 -3.4598534 4294901760
19.044039 12.724822 -3.3852816 4294901760
17.399757 10.434175 -3.4342871 4294901760
19.61261 14.539075 -3.3592019 4294901760
3.0968537 1.8424339 -3.5082064 4294901760
4.9726048 3.297538 -3.4944937 4294901760
7.1866927 4.2756319 -3.4859061 4294901760
8.7126045 5.7776856 -3.4396458 4294901760
11.229498 6.6808476 -3.4623306 4294901760
12.482192 8.2774534 -3.4154372 4294901760
15.96177 8.469162 -3.4601812 4294901760
19.088345 12.658264 -3.3843141 4294901760
17.429224 10.369296 -3.4328127 4294901760
19.682535 14.484717 -3.3596523 4294901760
3.1126323 1.8371412 -3.5130937 4294901760
4.974432 3.2738092 -3.4910359 4294901760
7.2015734 4.2505202 -3.4855571 4294901760
8.7261143 5.7428937 -3.4379945 4294901760
11.259583 6.6456437 -3.4627709 4294901760
12.520974 8.2403946 -3.4160604 4294901760
15.973611 8.4041233 -3.4576514 4294901760
19.149078 12.60253 -3.3846927 4294901760
17.458447 10.304343 -3.43134 4294901760
19.726528 14.411217 -3.3581152 4294901760
4.9826045 3.2543175 -3.4897161 4294901760
7.2163668 4.2253547 -3.4852083 4294901760
8.7427998 5.7102356 -3.436949 4294901760
11.286139 6.6083031 -3.4627185 4294901760
12.556323 8.200984 -3.4162648 4294901760
15.971073 8.3317327 -3.4536958 4294901760
19.182932 12.529058 -3.3829188 4294901760
17.487429 10.239306 -3.4298685 4294901760
19.792875 14.353986 -3.3583157 4294901760
4.9944983 3.2360342 -3.4894528 4294901760
7.2284126 4.196909 -3.4840703 4294901760
8.76367 5.6781545 -3.4364867 4294901760
11.313713 6.5688868 -3.4626389 4294901760
12.589633 8.1570721 -3.416019 4294901760
16.054569 8.3005791 -3.4582717 4294901760
19.245466 12.469517 -3.3832486 4294901760
17.535183 10.181151 -3.4299204 4294901760
19.825907 14.267358 -3.3557365 4294901760
5.0052009 3.2194552 -3.4892147 4294901760
7.2490869 4.1768336 -3.4852836 4294901760
8.7824488 5.6490641 -3.436069 4294901760
11.345748 6.5372791 -3.4635987 4294901760
12.623302 8.119585 -3.4162548 4294901760
16.08909 8.2509327 -3.4582808 4294901760
19.3102 12.420744 -3.3842111 4294901760
17.586117 10.132902 -3.4306822 4294901760
19.892595 14.215465 -3.3562365 4294901760
5.0131626 3.1998901 -3.487896 4294901760
7.2704329 4.1553946 -3.4864793 4294901760
8.7954531 5.6141171 -3.4344206 4294901760
11.368499 6.4976315 -3.4630539 4294901760
12.651569 8.0754681 -3.4156232 4294901760
16.092943 8.1820812 -3.4550436 4294901760
19.383715 12.37258 -3.3856604 4294901760
17.638687 10.08134 -3.4314005 4294901760
19.981167 14.173647 -3.3581684 4294901760
5.0308099 3.1864948 -3.4897819 4294901760
7.2780695 4.1261234 -3.4845881 4294901760
8.8250122 5.5897274 -3.4357946 4294901760
11.401465 6.4637814 -3.4639862 4294901760
12.676321 8.02913 -3.4145744 4294901760
16.135632 8.1330309 -3.4557302 4294901760
19.42341 12.30271 -3.3844252 4294901760
17.649492 10.005948 -3.4283702 4294901760
20.037046 14.108415 -3.3576231 4294901760
5.0413485 3.1697958 -3.4895442 4294901760
7.2985487 4.1058135 -3.485801 4294901760
8.8434992 5.5604339 -3.4353776 4294901760
11.433211 6.4317765 -3.4649448 4294901760
12.706242 7.9891701 -3.4143927 4294901760
16.144699 8.0705776 -3.4532471 4294901760
19.491123 12.255229 -3.3856521 4294901760
17.679102 9.9454155 -3.427258 4294901760
20.096806 14.051044 -3.3576243 4294901760
5.0589185 3.156255 -3.4914291 4294901760
7.3059869 4.0764875 -3.4839113 4294901760
8.8729162 5.5358047 -3.4367507 4294901760
11.455594 6.3918247 -3.464401 4294901760
12.737428 7.9468703 -3.4141798 4294901760
16.172773 8.0141687 -3.4525096 4294901760
19.571024 12.210345 -3.3876321 4294901760
17.731119 9.8933506 -3.4279768 4294901760
20.175247 14.001288 -3.358808 4294901760
5.0731797 3.1406057 -3.4922464 4294901760
7.3373299 4.0604577 -3.4874201 4294901760
8.9056263 5.5131226 -3.4387269 4294901760
11.467419 6.3460374 -3.462383 4294901760
12.765088 7.9023628 -3.4135499 4294901760
16.211374 7.9629383 -3.4528413 4294901760
19.620312 12.146162 -3.3871999 4294901760
17.786472 9.8429832 -3.4290071 4294901760
20.266733 13.960219 -3.3609769 4294901760
5.0808301 3.1208606 -3.4909289 4294901760
7.344584 4.031045 -3.4855313 4294901760
8.924818 5.4820004 -3.4382877 4294901760
11.524288 6.3250585 -3.4667542 4294901760
12.819707 7.8744059 -3.4162564 4294901760
16.239073 7.9062972 -3.452105 4294901760
19.672791 12.08386 -3.3870351 4294901760
17.81723 9.7789135 -3.4278538 4294901760
20.328522 13.898396 -3.3609211 4294901760
5.0949817 3.1051114 -3.4917462 4294901760
7.3689437 4.0110097 -3.4874973 4294901760
8.9506493 5.4549294 -3.4390557 4294901760
11.556749 6.2904859 -3.4676845 4294901760
12.864093 7.8399587 -3.4177103 4294901760
16.270159 7.8512979 -3.4517255 4294901760
19.745516 12.033807 -3.3884749 4294901760
17.851252 9.7166634 -3.4270136 4294901760
20.380213 13.829597 -3.3601255 4294901760
5.1057901 3.0873065 -3.4914966 4294901760
7.3829007 3.9852607 -3.4871507 4294901760
8.9865475 5.4338751 -3.4416332 4294901760
11.58213 6.2519884 -3.4676318 4294901760
12.864158 7.7785411 -3.4137466 4294901760
16.304651 7.7978888 -3.4517019 4294901760
19.794233 11.968934 -3.3880417 4294901760
17.881556 9.6523933 -3.4258628 4294901760
20.458166 13.778437 -3.3613012 4294901760
5.1165352 3.0694661 -3.4912469 4294901760
7.3863931 3.9539142 -3.4844933 4294901760
8.998682 5.3984089 -3.4399881 4294901760
11.61088 6.2152696 -3.4680707 4294901760
12.88782 7.7315464 -3.4127016 4294901760
16.33897 7.7443428 -3.4516788 4294901760
19.835892 11.899771 -3.3870745 4294901760
17.925684 9.5955658 -3.4259582 4294901760
20.526049 13.720255 -3.3617361 4294901760
5.1305275 3.0535586 -3.4920645 4294901760
7.4174695 3.9373026 -3.4879992 4294901760
9.0106764 5.3629236 -3.4383438 4294901760
11.621987 6.1691227 -3.4660559 4294901760
12.931815 7.6966853 -3.4141552 4294901760
16.355085 7.6821852 -3.4498801 4294901760
19.897879 11.842708 -3.3877096 4294901760
17.962587 9.5348072 -3.4254313 4294901760
20.593769 13.661766 -3.3621695 4294901760
5.1444736 3.0375884 -3.4928818 4294901760
7.4276996 3.9095585 -3.4868834 4294901760
9.0293436 5.3314352 -3.437906 4294901760
11.653988 6.134059 -3.4669857 4294901760
12.955181 7.6494722 -3.413111 4294901760
16.378193 7.6233635 -3.4487934 4294901760
19.949408 11.779259 -3.3875432 4294901760
17.971069 9.4590454 -3.4224179 4294901760
20.651339 13.596375 -3.3618639 4294901760
5.1550446 3.0196133 -3.4926326 4294901760
7.4412999 3.8836086 -3.4865382 4294901760
9.0513077 5.3018837 -3.4380713 4294901760
11.678843 6.0951791 -3.4669344 4294901760
12.97837 7.6021957 -3.4120677 4294901760
16.39747 7.5628142 -3.4473531 4294901760
19.914654 11.665185 -3.3807123 4294901760
18.018112 9.4036379 -3.4228253 4294901760
20.752138 13.559147 -3.3647525 4294901760
5.1655545 3.0015991 -3.4923837 4294901760
7.4513288 3.8558052 -3.4854236 4294901760
9.0697603 5.2702541 -3.4376342 4294901760
11.693003 6.0507245 -3.4654129 4294901760
13.011707 7.5608392 -3.4122725 4294901760
16.431015 7.5088363 -3.4473329 4294901760
19.975956 11.607623 -3.3813491 4294901760
18.022505 9.3260231 -3.4195061 4294901760
20.816092 13.497478 -3.3649352 4294901760
5.179338 2.9854717 -3.4932008 4294901760
7.4612532 3.8279796 -3.4843097 4294901760
9.0881033 5.2385607 -3.4371974 4294901760
11.721114 6.0134916 -3.4658527 4294901760
13.034577 7.5133848 -3.4112303 4294901760
16.475269 7.4596453 -3.4483762 4294901760
20.075123 11.571694 -3.3849134 4294901760
18.072687 9.2721519 -3.4202251 4294901760
20.856371 13.420409 -3.3633993 4294901760
5.1897254 2.9673779 -3.4929523 4294901760
7.4815598 3.8054729 -3.4855049 4294901760
9.1097612 5.2087736 -3.4373636 4294901760
11.738494 5.9707499 -3.4648228 4294901760
13.074528 7.4757447 -3.4122667 4294901760
16.501202 7.402102 -3.4476476 4294901760
20.111921 11.499581 -3.3836839 4294901760
18.11915 9.2162514 -3.4206338 4294901760
20.913172 13.353984 -3.3630915 4294901760
5.2034039 2.9511433 -3.4937696 4294901760
7.4983006 3.7810979 -3.4859304 4294901760
9.1347656 5.1808395 -3.4381313 4294901760
11.759266 5.9297352 -3.4642837 4294901760
13.090169 7.4241714 -3.4103949 4294901760
16.516024 7.3396001 -3.4458573 4294901760
20.186655 11.448988 -3.3853805 4294901760
18.133415 9.1439676 -3.418251 4294901760
20.946175 13.27235 -3.3610675 4294901760
5.2069588 2.9291861 -3.4913902 4294901760
7.5044365 3.7513952 -3.4840488 4294901760
9.1665726 5.1566753 -3.4401023 4294901760
11.779892 5.8886542 -3.4637451 4294901760
13.129866 7.3862348 -3.4114308 4294901760
16.552475 7.2867212 -3.4461932 4294901760
20.233448 11.38237 -3.3849487 4294901760
18.136694 9.0663576 -3.4149415 4294901760
21.029547 13.222531 -3.3627193 4294901760
5.2205157 2.9128678 -3.4922078 4294901760
7.5210013 3.7269166 -3.4844751 4294901760
9.1845179 5.1246438 -3.4396663 4294901760
11.814598 5.8545427 -3.4651649 4294901760
13.15557 7.3403544 -3.4108062 4294901760
16.585114 7.2320771 -3.4461749 4294901760
20.286997 11.319445 -3.3850484 4294901760
18.186092 9.0118389 -3.4156618 4294901760
21.089125 13.15749 -3.3626549 4294901760
5.2340231 2.8964911 -3.4930253 4294901760
7.5374851 3.7023675 -3.4849014 4294901760
9.1954355 5.0887237 -3.4380276 4294901760
11.831402 5.8115139 -3.4641376 4294901760
13.167196 7.2866826 -3.4085226 4294901760
16.599291 7.1693978 -3.4443889 4294901760
20.340353 11.256284 -3.3851473 4294901760
18.231754 8.9553289 -3.4160719 4294901760
21.145111 13.090094 -3.3623457 4294901760
5.244101 2.8782043 -3.4927778 4294901760
7.5503621 3.6760361 -3.4845593 4294901760
9.2027464 5.0508909 -3.4357889 4294901760
11.855182 5.7719188 -3.4640896 4294901760
13.196035 7.2425919 -3.4083145 4294901760
16.627876 7.1129823 -3.4440188 4294901760
20.372522 11.181378 -3.3836548 4294901760
18.270069 8.8951283 -3.415863 4294901760
21.207676 13.026652 -3.362525 4294901760
5.2574997 2.8617213 -3.4935951 4294901760
7.563149 3.6496558 -3.4842174 4294901760
9.2203226 5.018734 -3.4353549 4294901760
11.871686 5.7287736 -3.463064 4294901760
13.224732 7.1983833 -3.4081068 4294901760
16.667273 7.0611067 -3.4447093 4294901760
20.439468 11.125452 -3.3848147 4294901760
18.311783 8.8364925 -3.4159636 4294901760
21.273474 12.965003 -3.3629477 4294901760
5.2538967 2.8360364 -3.4890893 4294901760
7.5829177 3.6266232 -3.4854128 4294901760
9.2516937 4.9940348 -3.4373252 4294901760
11.916665 5.6992908 -3.4659495 4294901760
13.239275 7.1465182 -3.4062421 4294901760
16.684471 6.9998136 -3.4432807 4294901760
20.49222 11.061634 -3.3849134 4294901760
18.356897 8.7794113 -3.4163733 4294901760
21.33909 12.903075 -3.3633697 4294901760
5.280745 2.8267679 -3.4941657 4294901760
7.5919871 3.5984502 -3.4843035 4294901760
9.2690716 4.9617076 -3.4368913 4294901760
11.925731 5.6525574 -3.4639473 4294901760
13.264142 7.1002574 -3.4056213 4294901760
16.71616 6.9445829 -3.4432657 4294901760
20.523672 10.986263 -3.3834231 4294901760
18.373022 8.7084446 -3.4143116 4294901760
21.404539 12.840824 -3.36379 4294901760
5.2939839 2.8101218 -3.4949832 4294901760
7.6045036 3.5719252 -3.4839628 4294901760
9.2898273 4.9311724 -3.4370587 4294901760
11.952574 5.614265 -3.4643888 4294901760
13.316952 7.0688267 -3.408313 4294901760
16.755035 6.8922467 -3.4439566 4294901760
20.561901 10.914549 -3.3824635 4294901760
18.414139 8.6493378 -3.4144132 4294901760
21.452669 12.768066 -3.3629909 4294901760
5.2969422 2.788038 -3.4926078 4294901760
7.6169243 3.5453603 -3.4836226 4294901760
9.3209724 4.9060807 -3.4390275 4294901760
11.957707 5.5658135 -3.4619009 4294901760
13.345063 7.0241547 -3.4081063 4294901760
16.782679 6.8352242 -3.4435894 4294901760
20.624588 10.855722 -3.3833561 4294901760
18.458673 8.5917416 -3.4148238 4294901760
21.459291 12.670784 -3.3592699 4294901760
5.3090906 2.7731657 -3.4934504 4294901760
7.631587 3.5230553 -3.4840841 4294901760
9.3363409 4.8767715 -3.4386377 4294901760
11.967932 5.5248904 -3.4604445 4294901760
13.36354 6.98035 -3.4071343 4294901760
16.811457 6.7854428 -3.4436474 4294901760
20.672741 10.79826 -3.3835506 4294901760
18.471098 8.5270205 -3.4128485 4294901760
21.540319 12.627523 -3.3612552 4294901760
5.3187375 2.7546177 -3.4932044 4294901760
7.6438365 3.4963961 -3.4837446 4294901760
9.3603258 4.8477888 -3.439405 4294901760
12.001575 5.4896855 -3.4618638 4294901760
13.394887 6.9373212 -3.407342 4294901760
16.831341 6.725245 -3.4425766 4294901760
20.752827 10.748058 -3.3857617 4294901760
18.518875 8.470788 -3.413568 4294901760
21.618771 12.572329 -3.3626471 4294901760
5.3317475 2.737793 -3.4940224 4294901760
7.6559958 3.4696908 -3.4834054 4294901760
9.3807077 4.8168888 -3.4395726 4294901760
12.013437 5.4444795 -3.4603555 4294901760
13.419022 6.8905182 -3.406723 4294901760
16.843605 6.6620522 -3.4408031 4294901760
20.797318 10.679191 -3.3853304 4294901760
18.530176 8.3978605 -3.4112055 4294901760
21.683275 12.508752 -3.3630643 4294901760
5.3447042 2.7209136 -3.4948401 4294901760
7.671639 3.4445536 -3.483834 4294901760
9.3868961 4.7787371 -3.437341 4294901760
12.035988 5.4041395 -3.4603119 4294901760
13.432359 6.8382249 -3.404865 4294901760
16.87788 6.6075759 -3.4411435 4294901760
20.852247 10.615586 -3.3856912 4294901760
18.577562 8.3412952 -3.4119258 4294901760
21.764914 12.454799 -3.3646948 4294901760
5.3477635 2.697835 -3.4924555 4294901760
7.691381 3.4195979 -3.4850128 4294901760
9.414937 4.749639 -3.4386868 4294901760
12.048464 5.3567624 -3.4587793 4294901760
13.450232 6.7853608 -3.4033906 4294901760
16.916842 6.5514197 -3.4418006 4294901760
20.898142 10.542677 -3.3852122 4294901760
18.593439 8.2666664 -3.4098339 4294901760
21.834724 12.388727 -3.3652999 4294901760
5.3601246 2.6818109 -3.4932861 4294901760
7.7134461 3.3988197 -3.4869924 4294901760
9.4270992 4.7166247 -3.4376776 4294901760
12.073422 5.3199806 -3.4592507 4294901760
13.476214 6.7425036 -3.4032183 4294901760
16.94591 6.4981403 -3.4418254 4294901760
20.92585 10.469751 -3.3837759 4294901760
18.606155 8.1985359 -3.4078267 4294901760
21.88612 12.322133 -3.3650377 4294901760
5.3699174 2.6621482 -3.4930289 4294901760
7.715065 3.3658218 -3.4843369 4294901760
9.4443226 4.6820436 -3.4372253 4294901760
12.111023 5.2836294 -3.4611306 4294901760
13.51865 6.7019005 -3.4046357 4294901760
16.965887 6.4345779 -3.4407246 4294901760
21.02128 10.421346 -3.3869851 4294901760
18.636076 8.1302891 -3.40697 4294901760
21.962502 12.259348 -3.3661253 4294901760
5.3787169 2.6443248 -3.4927967 4294901760
7.7189846 3.3371041 -3.4824829 4294901760
9.4739866 4.6576715 -3.4392135 4294901760
12.132122 5.2450104 -3.4611144 4294901760
13.522958 6.6482573 -3.4019878 4294901760
16.983408 6.3768773 -3.4396963 4294901760
20.733446 10.193131 -3.3623931 4294901760
18.692215 8.0810976 -3.4086542 4294901760
22.010025 12.190312 -3.3656199 4294901760
5.3814454 2.6212204 -3.4904144 4294901760
7.7239518 3.3057058 -3.4805968 4294901760
9.4874382 4.6211872 -3.4381628 4294901760
12.147614 5.1989503 -3.460072 4294901760
13.575835 6.6125832 -3.4046421 4294901760
17.006664 6.3145909 -3.4389498 4294901760
21.089935 10.272587 -3.3848085 4294901760
18.692383 7.9999876 -3.4053414 4294901760
22.093042 12.130698 -3.3671892 4294901760
5.390563 2.6024182 -3.4901707 4294901760
7.7498899 3.2848442 -3.4833262 4294901760
9.5177507 4.594913 -3.4401286 4294901760
12.151078 5.1503181 -3.4575973 4294901760
13.616744 6.5737963 -3.4060886 4294901760
17.051035 6.2634234 -3.4403467 4294901760
21.161602 10.21625 -3.3864818 4294901760
18.753233 7.9486871 -3.4072914 4294901760
22.152784 12.063044 -3.3673563 4294901760
5.403089 2.5852499 -3.4909899 4294901760
7.7649245 3.2592921 -3.4837563 4294901760
9.5515575 4.5701938 -3.4426925 4294901760
12.179956 5.1124816 -3.4585302 4294901760
13.643194 6.5279446 -3.4058859 4294901760
17.076536 6.2052302 -3.4399879 4294901760
21.225927 10.156103 -3.3876276 4294901760
18.791891 7.8878117 -3.4073994 4294901760
22.233391 12.006513 -3.3689737 4294901760
5.4116316 2.5673192 -3.4907589 4294901760
7.7793102 3.2350318 -3.4842033 4294901760
9.5559464 4.5334139 -3.4404883 4294901760
12.204168 5.0751123 -3.4590027 4294901760
13.661172 6.4809637 -3.4048905 4294901760
17.112007 6.1539617 -3.4407179 4294901760
21.255882 10.083953 -3.3864574 4294901760
18.806898 7.8208628 -3.4057076 4294901760
22.304749 11.949688 -3.3701575 4294901760
5.4310188 2.5533288 -3.4937027 4294901760
7.7941842 3.2093489 -3.4846342 4294901760
9.5717144 4.5000277 -3.4400594 4294901760
12.225481 5.033989 -3.4589632 4294901760
13.708907 6.4450798 -3.4071596 4294901760
17.133387 6.0941882 -3.4400096 4294901760
21.2729 10.001201 -3.3841915 4294901760
18.863579 7.7673049 -3.4073491 4294901760
22.342802 11.869879 -3.3688731 4294901760
5.4368482 2.531781 -3.4923854 4294901760
7.8058939 3.1807623 -3.4842825 4294901760
9.5881424 4.4649172 -3.4396095 4294901760
12.251197 4.9921436 -3.4593835 4294901760
13.732436 6.3947935 -3.4065154 4294901760
17.15185 6.0300331 -3.4389167 4294901760
21.345585 9.9400139 -3.3858135 4294901760
18.877151 7.6921015 -3.4052727 4294901760
22.449732 11.821392 -3.3721216 4294901760
5.449151 2.5144 -3.4932046 4294901760
7.8060374 3.1490908 -3.4816513 4294901760
9.6000824 4.4297628 -3.4385836 4294901760
12.26119 4.9463768 -3.4578869 4294901760
13.76551 6.3518147 -3.4071367 4294901760
17.187843 5.9753523 -3.4396126 4294901760
21.394648 9.8721247 -3.3859088 4294901760
18.918676 7.6321216 -3.4056885 4294901760
22.508556 11.752187 -3.3722832 4294901760
5.4500175 2.4940639 -3.4908628 4294901760
7.8158917 3.1245532 -3.4813511 4294901760
9.6211376 4.4028726 -3.439395 4294901760
12.298776 4.9166722 -3.4603298 4294901760
13.792627 6.3118501 -3.407408 4294901760
17.19523 5.9174404 -3.4379272 4294901760
21.43281 9.8081875 -3.3855758 4294901760
18.975878 7.5859728 -3.4077156 4294901760
22.555994 11.686931 -3.3720672 4294901760
5.4621978 2.4766161 -3.4916825 4294901760
7.8413386 3.1030262 -3.4840791 4294901760
9.6292486 4.3659992 -3.4377725 4294901760
12.312172 4.8722539 -3.4593203 4294901760
13.80733 6.2603846 -3.4059739 4294901760
17.245947 5.8676486 -3.4400246 4294901760
21.499622 9.748148 -3.3869801 4294901760
19.002241 7.5196924 -3.4069071 4294901760
22.621506 11.620895 -3.37271 4294901760
5.4822102 2.4603548 -3.494601 4294901760
7.8422379 3.0686052 -3.4814174 4294901760
9.6567602 4.3338461 -3.4390967 4294901760
12.334485 4.8263855 -3.4592302 4294901760
13.84941 6.2154608 -3.4073563 4294901760
17.268349 5.8013821 -3.4392507 4294901760
21.544176 9.668786 -3.3864565 4294901760
19.079239 7.4655538 -3.4099936 4294901760
22.70154 11.552049 -3.3739691 4294901760
5.487246 2.4396369 -3.4932978 4294901760
7.860219 3.0440433 -3.482615 4294901760
9.6971121 4.3113489 -3.4428525 4294901760
12.366061 4.7890301 -3.460649 4294901760
13.88556 6.1735382 -3.4083884 4294901760
17.288498 5.7410636 -3.4385483 4294901760
21.585093 9.5967607 -3.3860288 4294901760
19.105185 7.3989048 -3.4091854 4294901760
22.770243 11.487113 -3.3748493 4294901760
5.4948826 2.4223871 -3.4930806 4294901760
7.8624177 3.0165257 -3.4807868 4294901760
9.7069902 4.2792706 -3.4418712 4294901760
12.388452 4.7530017 -3.4611492 4294901760
13.904884 6.1298876 -3.4078388 4294901760
17.306448 5.6867251 -3.4379175 4294901760
21.611481 9.5272961 -3.3849132 4294901760
19.146942 7.3459902 -3.4099865 4294901760
22.849049 11.436968 -3.3767939 4294901760
5.5068359 2.4047318 -3.4939005 4294901760
7.8839006 2.9932368 -3.4827495 4294901760
9.7218695 4.245358 -3.4414454 4294901760
12.404969 4.7097259 -3.4606273 4294901760
13.940778 6.0876756 -3.4088709 4294901760
17.356497 5.6361151 -3.4400132 4294901760
21.615355 9.4390182 -3.3818767 4294901760
19.191107 7.2861814 -3.4107063 4294901760
22.913866 11.369553 -3.3774307 4294901760
5.5054207 2.3789868 -3.4904532 4294901760
7.9100237 2.9684572 -3.4854429 4294901760
9.7526121 4.2142715 -3.4433656 4294901760
12.430391 4.6648512 -3.461024 4294901760
13.971349 6.0372605 -3.4090209 4294901760
17.40835 5.5791578 -3.4420376 4294901760
21.680738 9.3686199 -3.3829238 4294901760
19.218943 7.2124443 -3.4098198 4294901760
22.982428 11.293816 -3.3779619 4294901760
5.5270295 2.3677478 -3.4944799 4294901760
7.9119573 2.940861 -3.4836164 4294901760
9.7585354 4.1805005 -3.4417892 4294901760
12.456142 4.6299272 -3.4620097 4294901760
13.993901 5.9949069 -3.4088826 4294901760
17.433382 5.5268507 -3.4421062 4294901760
21.743073 9.3146076 -3.3844199 4294901760
19.245241 7.1534228 -3.4094007 4294901760
23.035734 11.230309 -3.3782215 4294901760
5.5356698 2.3474753 -3.4942276 4294901760
7.9300447 2.9145501 -3.4847977 4294901760
9.770153 4.1431646 -3.440747 4294901760
12.473027 4.5842447 -3.4614637 4294901760
14.015778 5.9435792 -3.4082437 4294901760
17.457323 5.4641113 -3.4417217 4294901760
21.795431 9.2426462 -3.3847299 4294901760
19.290037 7.0897183 -3.4100809 4294901760
23.083925 11.149281 -3.3776057 4294901760
5.5505266 2.3320882 -3.4961202 4294901760
7.9470396 2.8909173 -3.4860122 4294901760
9.8020582 4.1183953 -3.443327 4294901760
12.495618 4.5455666 -3.4619391 4294901760
14.046412 5.9016867 -3.408896 4294901760
17.467735 5.4038315 -3.4403608 4294901760
21.844357 9.1780424 -3.3851342 4294901760
19.313444 7.0257063 -3.409318 4294901760
23.163977 11.093354 -3.3794889 4294901760
5.5586343 2.3126976 -3.4958801 4294901760
7.9460115 2.8591731 -3.4833908 4294901760
9.8200254 4.0856709 -3.4434996 4294901760
12.526347 4.5072918 -3.4633572 4294901760
14.063257 5.8510885 -3.4078791 4294901760
17.50173 5.3474751 -3.4410596 4294901760
21.883633 9.1047945 -3.3847101 4294901760
19.337854 6.9582419 -3.4085162 4294901760
23.278296 11.048367 -3.3834708 4294901760
5.5702348 2.2947488 -3.4967008 4294901760
7.9596372 2.8327351 -3.4838254 4294901760
9.8415346 4.0543804 -3.4442685 4294901760
12.542003 4.4635415 -3.4628386 4294901760
14.087271 5.8034806 -3.4076822 4294901760
17.535543 5.2909555 -3.4417584 4294901760
21.915279 9.0283556 -3.3837669 4294901760
19.369534 6.8933744 -3.4083245 4294901760
23.298656 10.958552 -3.3812301 4294901760
5.578609 2.2743161 -3.4964492 4294901760
7.9625673 2.8009379 -3.4819536 4294901760
9.8490105 4.0152955 -3.4426324 4294901760
12.565765 4.4201732 -3.4632628 4294901760
14.12318 5.7578115 -3.408684 4294901760
17.558636 5.2277813 -3.4413772 4294901760
21.940836 8.9449539 -3.3822579 4294901760
19.436043 6.8368835 -3.4108312 4294901760
23.34952 10.878136 -3.3808517 4294901760
5.5793691 2.2519467 -3.4940908 4294901760
7.9797039 2.7757046 -3.4831526 4294901760
9.8702955 3.9838519 -3.4434021 4294901760
12.599855 4.3828039 -3.4651647 4294901760
14.161632 5.7159224 -3.4101248 4294901760
17.584417 5.1687078 -3.44138 4294901760
22.027426 8.8907175 -3.3852143 4294901760
19.482378 6.7768593 -3.4118557 4294901760
23.419968 10.811628 -3.381959 4294901760
5.5971456 2.2386973 -3.4970548 4294901760
7.9846773 2.7493434 -3.4820948 4294901760
9.8827629 3.952821 -3.4430225 4294901760
12.594804 4.3367362 -3.4622812 4294901760
14.175827 5.6699233 -3.4091709 4294901760
17.612041 5.1167669 -3.4418011 4294901760
22.058956 8.8229485 -3.3846266 4294901760
19.529961 6.7247009 -3.4132633 4294901760
23.461079 10.741315 -3.3814983 4294901760
5.6017318 2.2167518 -3.4957452 4294901760
7.9909868 2.7187979 -3.4809887 4294901760
9.8898344 3.9136662 -3.4413891 4294901760
12.61437 4.2918258 -3.4622238 4294901760
14.196513 5.6179314 -3.4085367 4294901760
17.626848 5.0510883 -3.4407268 4294901760
22.105986 8.7479172 -3.3846774 4294901760
19.562023 6.6556473 -3.4130316 4294901760
23.489384 10.650314 -3.3796895 4294901760
5.6058483 2.1957808 -3.4944477 4294901760
8.0004282 2.6908894 -3.4806626 4294901760
9.892395 3.8747981 -3.4391828 4294901760
12.640556 4.251565 -3.4631588 4294901760
14.23455 5.5755973 -3.4099772 4294901760
17.648203 4.9906163 -3.4403844 4294901760
22.154963 8.6779804 -3.3850348 4294901760
19.592693 6.5898685 -3.4128408 4294901760
23.551905 10.579711 -3.3803184 4294901760
5.6206622 2.1789825 -3.4963286 4294901760
8.0134954 2.6641812 -3.4810998 4294901760
9.9132299 3.8430979 -3.439954 4294901760
12.677914 4.2149224 -3.4655435 4294901760
14.242804 5.5215592 -3.4081483 4294901760
17.700047 4.9386106 -3.4428241 4294901760
22.25209 8.6265478 -3.3887606 4294901760
19.619362 6.5226893 -3.4123473 4294901760
23.482927 10.450361 -3.3723724 4294901760
5.6350484 2.1630936 -3.4982207 4294901760
8.0260105 2.6388195 -3.4815538 4294901760
9.9296093 3.8116217 -3.4401515 4294901760
12.703128 4.1765785 -3.4665041 4294901760
14.275885 5.4800014 -3.4092104 4294901760
17.73168 4.8841219 -3.4435596 4294901760
22.261946 8.5455647 -3.3865728 4294901760
19.663607 6.4650688 -3.4134109 4294901760
23.462667 10.348274 -3.367821 4294901760
5.6393375 2.1410599 -3.496913 4294901760
8.0356274 2.6093869 -3.4812129 4294901760
9.9545975 3.7794139 -3.4414971 4294901760
12.710803 4.1275434 -3.4649992 4294901760
14.292154 5.4262328 -3.4081707 4294901760
17.745619 4.8180594 -3.4424896 4294901760
22.375183 8.4950771 -3.3912823 4294901760
19.702335 6.3978844 -3.4137883 4294901760
23.763828 10.377234 -3.3838651 4294901760
5.6464076 2.1223457 -3.4966879 4294901760
8.0367689 2.5803251 -3.4793806 4294901760
9.9596777 3.7435977 -3.4399102 4294901760
12.743312 4.0914311 -3.4669254 4294901760
14.313795 5.3802037 -3.4080086 4294901760
17.773041 4.7622738 -3.4428787 4294901760
22.42938 8.4306517 -3.3922002 4294901760
19.700672 6.3251958 -3.4112158 4294901760
23.842075 10.31739 -3.3857298 4294901760
5.6501708 2.101279 -3.4953928 4294901760
8.0494661 2.5534396 -3.4798195 4294901760
9.9800949 3.7115626 -3.4406824 4294901760
12.765081 4.0493202 -3.4673781 4294901760
14.354854 5.3385201 -3.4098568 4294901760
17.804958 4.7042704 -3.4435811 4294901760
22.451195 8.3495216 -3.3907437 4294901760
19.741632 6.2624111 -3.4119377 4294901760
23.896294 10.24196 -3.3858774 4294901760
5.6610856 2.0828774 -3.4962153 4294901760
8.0583286 2.525332 -3.479497 4294901760
10.004114 3.6808035 -3.4420488 4294901760
12.790494 4.008306 -3.4683137 4294901760
14.354736 5.2815237 -3.4072185 4294901760
17.832832 4.6451154 -3.4439368 4294901760
22.472708 8.2683601 -3.3892896 4294901760
19.782389 6.1994371 -3.4126596 4294901760
23.97966 10.178777 -3.3879242 4294901760
5.6719413 2.0644195 -3.4970376 4294901760
8.0708418 2.4983451 -3.4799366 4294901760
10.002047 3.64045 -3.439255 4294901760
12.8082 3.9648035 -3.4682844 4294901760
14.376824 5.2327404 -3.4070284 4294901760
17.868225 4.5877857 -3.4449866 4294901760
22.501436 8.1898594 -3.3883538 4294901760
19.819145 6.1350555 -3.4130788 4294901760
23.974566 10.077988 -3.384275 4294901760
5.6754899 2.0433021 -3.4957442 4294901760
8.0795135 2.470155 -3.4796147 4294901760
10.022132 3.6081896 -3.4400282 4294901760
12.829551 3.9223871 -3.4687381 4294901760
14.391261 5.1811728 -3.4060237 4294901760
17.87641 4.523427 -3.4436097 4294901760
22.526134 8.1099072 -3.3871615 4294901760
19.86713 6.0739903 -3.4144053 4294901760
23.913786 9.9543476 -3.3770747 4294901760
5.6789584 2.0221875 -3.4944513 4294901760
8.0993519 2.4453406 -3.4815786 4294901760
10.030943 3.5718603 -3.4390192 4294901760
12.85456 3.8810239 -3.4696739 4294901760
14.416753 5.1335783 -3.4062428 4294901760
17.903685 4.4638939 -3.4439676 4294901760
22.561823 8.0339088 -3.3867447 4294901760
19.88439 6.0034571 -3.4133136 4294901760
24.066483 9.9194946 -3.3836246 4294901760
5.6856332 2.0033424 -3.4942286 4294901760
8.1074162 2.4184661 -3.4812737 4294901760
10.04646 3.5398872 -3.4392197 4294901760
12.871162 3.8395057 -3.469672 4294901760
14.444949 5.0897021 -3.406899 4294901760
17.906786 4.4016414 -3.4422817 4294901760
22.629742 7.9736271 -3.3886952 4294901760
19.927113 5.9443164 -3.4143772 4294901760
24.162073 9.8652763 -3.3866661 4294901760
5.6853161 1.9809501 -3.4918792 4294901760
8.0969963 2.3846126 -3.4771469 4294901760
10.069951 3.5087004 -3.440587 4294901760
12.888291 3.7956769 -3.469645 4294901760
14.47765 5.0444865 -3.4079325 4294901760
17.925909 4.3400493 -3.4419491 4294901760
22.683809 7.9037814 -3.3895669 4294901760
19.970686 5.8814836 -3.4154015 4294901760
24.259275 9.8063126 -3.3896523 4294901760
5.7034655 1.96386 -3.4948068 4294901760
8.1019163 2.3538234 -3.4760506 4294901760
10.082745 3.4717662 -3.4401531 4294901760
12.913549 3.7517316 -3.470556 4294901760
14.488521 4.9887962 -3.4064949 4294901760
17.957197 4.2780061 -3.4426217 4294901760
22.708853 7.819283 -3.3883319 4294901760
20.015079 5.8149161 -3.4163857 4294901760
24.291351 9.7158451 -3.3883269 4294901760
5.7099466 1.944937 -3.494585 4294901760
8.1172171 2.3291085 -3.4772704 4294901760
10.09046 3.4370391 -3.4391677 4294901760
12.922105 3.7077961 -3.469593 4294901760
14.520043 4.9458556 -3.4075584 4294901760
17.971283 4.2184377 -3.4419789 4294901760
22.764875 7.7542324 -3.3895075 4294901760
20.041916 5.7507148 -3.4162421 4294901760
24.330856 9.6381826 -3.387816 4294901760
5.7130494 1.9237657 -3.4932947 4294901760
8.1403923 2.3050365 -3.4799957 4294901760
10.113632 3.405582 -3.4405358 4294901760
12.946423 3.6659136 -3.4705305 4294901760
14.52968 4.8926058 -3.406153 4294901760
17.989779 4.1565809 -3.4416492 4294901760
22.810711 7.6810927 -3.389864 4294901760
20.046524 5.6763806 -3.4142513 4294901760
24.356918 9.5502853 -3.3863096 4294901760
5.7164083 1.9015962 -3.4919937 4294901760
8.1374531 2.2720182 -3.4773798 4294901760
10.126047 3.3684881 -3.4401035 4294901760
12.967415 3.6205683 -3.4709616 4294901760
14.547516 4.8393154 -3.4055321 4294901760
17.977709 4.0844364 -3.4385226 4294901760
22.853857 7.6024675 -3.3899174 4294901760
20.086395 5.6082239 -3.4149358 4294901760
24.425255 9.4739332 -3.3873496 4294901760
5.7263417 1.8838314 -3.4928303 4294901760
8.1298189 2.2408497 -3.4740367 4294901760
10.144673 3.3373582 -3.4408994 4294901760
12.990829 3.5807064 -3.4719245 4294901760
14.57104 4.793529 -3.4057839 4294901760
18.006702 4.0282707 -3.4392667 4294901760
22.878944 7.5266333 -3.3890367 4294901760
20.13179 5.5489936 -3.416301 4294901760
24.504982 9.4114828 -3.3894343 4294901760
5.7328811 1.8638352 -3.4925985 4294901760
8.1413746 2.2134926 -3.4744813 4294901760
10.144981 3.2982671 -3.4387107 4294901760
13.003245 3.5353475 -3.4714203 4294901760
14.606591 4.7487955 -3.4072254 4294901760
18.036209 3.9688268 -3.4399772 4294901760
22.916458 7.4504423 -3.3888814 4294901760
20.170265 5.4839306 -3.4170246 4294901760
24.552605 9.3315763 -3.3893447 4294901760
5.7393527 1.8438107 -3.4923675 4294901760
8.1566296 2.1870894 -3.475687 4294901760
10.16396 3.2652497 -3.4394867 4294901760
13.011675 3.4889042 -3.4704363 4294901760
14.638226 4.7026415 -3.4082599 4294901760
18.065525 3.909209 -3.4406881 4294901760
22.957521 7.3752785 -3.388983 4294901760
20.177736 5.4103861 -3.4153411 4294901760
24.599976 9.2514286 -3.389255 4294901760
5.7420826 1.8226014 -3.4910803 4294901760
8.168005 2.1596088 -3.4761322 4294901760
10.171528 3.2285571 -3.4384854 4294901760
13.031446 3.4454956 -3.4708951 4294901760
14.650762 4.6503162 -3.4072654 4294901760
18.07127 3.844471 -3.4393296 4294901760
22.967915 7.2902737 -3.3870344 4294901760
20.24275 5.3521543 -3.4181709 4294901760
24.632118 9.1655073 -3.3882246 4294901760
5.7520847 1.8036977 -3.4919062 4294901760
8.1716995 2.1300929 -3.4750578 4294901760
10.190279 3.195395 -3.4392622 4294901760
13.058753 3.4039869 -3.4723148 4294901760
14.666904 4.5991435 -3.406678 4294901760
18.104069 3.7854378 -3.440387 4294901760
23.065563 7.2327347 -3.3909814 4294901760
20.284456 5.2874894 -3.4191954 4294901760
24.712664 9.0973911 -3.3902531 4294901760
5.7509871 1.7813272 -3.4895639 4294901760
8.1866837 2.1035051 -3.4762642 4294901760
10.201371 3.159802 -3.4388547 4294901760
13.074399 3.3593659 -3.4722939 4294901760
14.698066 4.5526209 -3.4077134 4294901760
18.128878 3.7246196 -3.4407549 4294901760
23.09067 7.1521702 -3.3900592 4294901760
20.333681 5.2245822 -3.4208202 4294901760
24.781778 9.024725 -3.3915741 4294901760
5.7571702 1.761243 -3.4893346 4294901760
8.1939754 2.0749171 -3.475951 4294901760
10.20478 3.1218629 -3.437264 4294901760
13.097586 3.3166323 -3.4732337 4294901760
14.721475 4.5036178 -3.4079382 4294901760
18.122248 3.6573796 -3.4383671 4294901760
23.107864 7.0691957 -3.3886271 4294901760
20.344065 5.1516194 -3.4194422 4294901760
24.843174 8.9489937 -3.3924239 4294901760
5.7666659 1.7432578 -3.4901731 4294901760
8.2008114 2.0477352 -3.4756541 4294901760
10.222642 3.0902953 -3.4380624 4294901760
13.120061 3.2760677 -3.4741988 4294901760
14.732518 4.4536266 -3.4069772 4294901760
18.134275 3.5972681 -3.4377375 4294901760
23.154093 6.9994612 -3.3892891 4294901760
20.361034 5.0841327 -3.418705 4294901760
24.850149 8.8585243 -3.3900383 4294901760
5.7687249 1.7230209 -3.4889002 4294901760
8.2151737 2.0224018 -3.4768765 4294901760
10.232836 3.0563755 -3.4376776 4294901760
13.142412 3.2353835 -3.4751639 4294901760
14.75102 4.4058809 -3.4068274 4294901760
18.153923 3.5386307 -3.4377978 4294901760
23.203947 6.9306273 -3.3902063 4294901760
20.42811 5.0289679 -3.421869 4294901760
24.871864 8.773406 -3.3885944 4294901760
5.7823906 1.7040449 -3.490772 4294901760
8.2110939 1.989509 -3.4742715 4294901760
10.247759 3.0199692 -3.4378445 4294901760
13.158038 3.1881299 -3.4751203 4294901760
14.774697 4.3540382 -3.4070251 4294901760
18.123741 3.46385 -3.4333191 4294901760
23.225363 6.8444118 -3.388988 4294901760
20.4774 4.9615765 -3.4234543 4294901760
24.926466 8.6900787 -3.3889256 4294901760
5.7772079 1.6806209 -3.4873779 4294901760
8.2179899 1.9608325 -3.4739611 4294901760
10.258239 2.9841769 -3.4374406 4294901760
13.196105 3.1486232 -3.4779787 4294901760
14.80508 4.3068776 -3.4080617 4294901760
18.16704 3.4064329 -3.4354143 4294901760
23.199305 6.7488027 -3.3847537 4294901760
20.506229 4.8928366 -3.4235792 4294901760
24.911366 8.5873976 -3.3850913 4294901760
5.7867417 1.6615061 -3.4882061 4294901760
8.2324228 1.9339265 -3.4751694 4294901760
10.268594 2.948348 -3.4370375 4294901760
13.191565 3.0989077 -3.4755642 4294901760
14.804735 4.2507782 -3.4058616 4294901760
18.198404 3.3465934 -3.4364772 4294901760
23.303265 6.6909003 -3.3892007 4294901760
20.554235 4.8285155 -3.4252026 4294901760
24.948746 8.5029564 -3.3845396 4294901760
5.7887993 1.6402502 -3.4869242 4294901760
8.2353001 1.9043001 -3.4741013 4294901760
10.282624 2.9135706 -3.4372265 4294901760
13.179103 3.0474868 -3.4721937 4294901760
14.827133 4.2012525 -3.4060907 4294901760
18.221731 3.285181 -3.4368529 4294901760
23.349508 6.6160583 -3.389818 4294901760
20.602034 4.7639375 -3.4268255 4294901760
25.023664 8.4311295 -3.3863289 4294901760
5.7981997 1.6210691 -3.4877532 4294901760
8.2457218 1.8764101 -3.4745514 4294901760
10.300344 2.8797853 -3.4380069 4294901760
13.19353 3.0023417 -3.4721787 4294901760
14.85703 4.1537499 -3.4071288 4294901760
18.217402 3.2187786 -3.4348242 4294901760
23.387835 6.5388045 -3.3899252 4294901760
20.630199 4.6946425 -3.4269512 4294901760
25.109753 8.3626423 -3.3888173 4294901760
5.8038225 1.600821 -3.4875274 4294901760
8.244565 1.8459035 -3.4727261 4294901760
10.317955 2.8459172 -3.4387875 4294901760
13.20393 2.9562724 -3.4716859 4294901760
14.86377 4.0997519 -3.4057419 4294901760
18.216753 3.1531348 -3.4331415 4294901760
23.429747 6.4624357 -3.3902881 4294901760
20.65424 4.6243477 -3.4267788 4294901760
25.153955 8.2799406 -3.3887331 4294901760
5.8056588 1.5795394 -3.4862473 4294901760
8.2586212 1.8187985 -3.4739358 4294901760
10.343081 2.8140311 -3.4407494 4294901760
13.218044 2.9110141 -3.4716728 4294901760
14.874153 4.0467954 -3.4047608 4294901760
18.243355 3.0921845 -3.4338646 4294901760
23.444462 6.37851 -3.3888693 4294901760
20.685831 4.5556469 -3.4272053 4294901760
25.296587 8.229125 -3.3947196 4294901760
5.8111372 1.5592625 -3.4860225 4294901760
8.2649202 1.7899572 -3.4736292 4294901760
10.349025 2.7768826 -3.4397585 4294901760
13.220369 2.863173 -3.4702249 4294901760
14.918919 4.0030909 -3.4074159 4294901760
18.265823 3.0304348 -3.4342449 4294901760
23.458879 6.29456 -3.3874526 4294901760
20.717197 4.4867821 -3.4276326 4294901760
25.351763 8.1493177 -3.3953326 4294901760
5.8165445 1.5389696 -3.4857981 4294901760
8.2864628 1.7643654 -3.4763558 4294901760
10.362475 2.7417541 -3.4399493 4294901760
13.230284 2.8170109 -3.4697354 4294901760
14.944335 3.9540448 -3.408051 4294901760
18.256634 2.9634697 -3.4318817 4294901760
23.542427 6.2289701 -3.3906155 4294901760
20.736631 4.4152732 -3.4271643 4294901760
25.380053 8.0607796 -3.3943129 4294901760
5.8330626 1.5215747 -3.4887371 4294901760
8.2925701 1.7354313 -3.4760499 4294901760
10.364333 2.7035725 -3.43837 4294901760
13.236151 2.7700014 -3.4687691 4294901760
14.96959 3.90487 -3.4086864 4294901760
18.266867 2.8997283 -3.431236 4294901760
23.591053 6.1538086 -3.3914883 4294901760
20.755817 4.3436828 -3.4266975 4294901760
25.377563 7.9625816 -3.3914309 4294901760
5.8308768 1.4992871 -3.4864051 4294901760
8.2908926 1.7048959 -3.4742291 4294901760
10.373707 2.6673799 -3.4379723 4294901760
13.265172 2.7277806 -3.4706726 4294901760
14.98698 3.8535862 -3.4085157 4294901760
18.27294 2.8353405 -3.4302492 4294901760
23.620119 6.0734158 -3.3910911 4294901760
20.805996 4.2784362 -3.4286189 4294901760
25.447144 7.8869543 -3.3929777 4294901760
5.8430257 1.4828547 -3.4883122 4294901760
8.3000526 1.6796165 -3.4747131 4294901760
10.382035 2.6347737 -3.4376149 4294901760
13.293123 2.6900246 -3.4726245 4294901760
15.018288 3.8113711 -3.4100158 4294901760
18.301449 2.7809069 -3.4313843 4294901760
23.64682 6.0011373 -3.3907852 4294901760
20.823244 4.2138362 -3.4282303 4294901760
25.467983 7.8057938 -3.3918316 4294901760
5.8444295 1.4615167 -3.4870355 4294901760
8.3058643 1.6506355 -3.4744093 4294901760
10.398838 2.6004379 -3.4383986 4294901760
13.298539 2.6428361 -3.4716601 4294901760
15.039216 3.7608576 -3.4102492 4294901760
18.330742 2.719933 -3.4324555 4294901760
23.671494 5.9195313 -3.3901367 4294901760
20.865196 4.1465678 -3.4295554 4294901760
25.433945 7.698349 -3.3870978 4294901760
5.8497477 1.4400845 -3.4868021 4294901760
8.3195581 1.6216803 -3.475606 4294901760
10.415976 2.5641935 -3.4391625 4294901760
13.292558 2.5910363 -3.4692402 4294901760
15.045177 3.7038052 -3.4088423 4294901760
18.34059 2.6527238 -3.431783 4294901760
23.71628 5.838448 -3.3907123 4294901760
20.903734 4.0746365 -3.4305439 4294901760
25.412268 7.590219 -3.3830175 4294901760
5.8549867 1.418633 -3.4865692 4294901760
8.3293009 1.5919111 -3.4760458 4294901760
10.417622 2.5241358 -3.4375687 4294901760
13.29807 2.5415514 -3.468255 4294901760
15.047055 3.6458237 -3.4070349 4294901760
18.354134 2.5860357 -3.4314544 4294901760
23.768543 5.7589955 -3.3917949 4294901760
20.910698 3.9964907 -3.4291501 4294901760
25.543303 7.5274878 -3.3882339 4294901760
5.8524079 1.3964025 -3.484241 4294901760
8.3309498 1.5621095 -3.4749866 4294901760
10.434056 2.489598 -3.4383538 4294901760
13.322457 2.4980509 -3.4696827 4294901760
15.075162 3.5969799 -3.4080768 4294901760
18.351208 2.5203393 -3.4297912 4294901760
23.827312 5.6852698 -3.3934288 4294901760
20.940193 3.9264278 -3.4295831 4294901760
25.504255 7.4193411 -3.3832815 4294901760
5.8609967 1.3768446 -3.4850736 4294901760
8.3363514 1.5330173 -3.4746857 4294901760
10.446532 2.4540622 -3.4385495 4294901760
13.303779 2.4465046 -3.4658604 4294901760
15.091499 3.5452416 -3.4079111 4294901760
18.36779 2.4573174 -3.4298401 4294901760
23.889742 5.6120934 -3.3953147 4294901760
20.969454 3.8561873 -3.4300165 4294901760
25.622084 7.3567014 -3.3878465 4294901760
5.8652935 1.3584261 -3.4848754 4294901760
8.3488464 1.5082165 -3.4759293 4294901760
10.446488 2.4194496 -3.4370179 4294901760
13.315304 2.4054055 -3.4659061 4294901760
15.118059 3.5014048 -3.4090102 4294901760
18.371471 2.3990891 -3.4289281 4294901760
23.942242 5.5451217 -3.3967834 4294901760
20.993235 3.7924213 -3.4302287 4294901760
25.579784 7.2576537 -3.383002 4294901760
5.8702335 1.3369153 -3.4846447 4294901760
8.3620443 1.4789665 -3.4771278 4294901760
10.459142 2.3820152 -3.4371958 4294901760
13.34357 2.3600321 -3.4677889 4294901760
15.130793 3.4459596 -3.4084153 4294901760
18.384092 2.332226 -3.4286063 4294901760
23.942955 5.4528837 -3.394577 4294901760
21.006996 3.7154365 -3.4294369 4294901760
25.49474 7.1326423 -3.3752341 4294901760
5.878623 1.3172626 -3.4854782 4294901760
8.3710203 1.4504439 -3.4775848 4294901760
10.475105 2.3472273 -3.4379828 4294901760
13.359544 2.3148036 -3.4682648 4294901760
15.138847 3.3922634 -3.4074478 4294901760
18.39212 2.2680519 -3.4279761 4294901760
23.985203 5.374526 -3.3951983 4294901760
21.000195 3.6386967 -3.4271991 4294901760
25.573347 7.0584917 -3.3774827 4294901760
5.8756618 1.2950745 -3.4831536 4294901760
8.3721647 1.4205564 -3.4765296 4294901760
10.490954 2.3123467 -3.4387698 4294901760
13.367543 2.2681527 -3.467788 4294901760
15.15448 3.34025 -3.4072859 4294901760
18.380152 2.2014644 -3.4256403 4294901760
24.070063 5.3053637 -3.3985977 4294901760
21.016699 3.5660317 -3.4267464 4294901760
25.790409 7.0216055 -3.3880577 4294901760
5.8761601 1.2747648 -3.4818938 4294901760
8.369091 1.3914965 -3.4747338 4294901760
10.483115 2.2741902 -3.4360456 4294901760
13.371077 2.2231574 -3.4668593 4294901760
15.161588 3.2891304 -3.4063494 4294901760
18.407133 2.1427991 -3.4267519 4294901760
24.12652 5.2339687 -3.4002721 4294901760
21.052006 3.5002356 -3.4278166 4294901760
25.890657 6.9567528 -3.3917334 4294901760
5.8883271 1.2548258 -3.4837701 4294901760
8.3702641 1.3601857 -3.473666 4294901760
10.49138 2.2357545 -3.435638 4294901760
13.386969 2.1754107 -3.467314 4294901760
15.18132 3.2351995 -3.4065633 4294901760
18.414864 2.0753233 -3.4260955 4294901760
24.188471 5.1546588 -3.4021084 4294901760
21.064692 3.4230573 -3.4270325 4294901760
25.804071 6.8321881 -3.3839829 4294901760
5.8926721 1.2342626 -3.4835529 4294901760
8.3904562 1.33342 -3.4763939 4294901760
10.510726 2.2015474 -3.4370153 4294901760
13.406239 2.1305332 -3.4682696 4294901760
15.200307 3.1838138 -3.406806 4294901760
18.414076 2.0101612 -3.4247899 4294901760
24.23756 5.0767317 -3.4032321 4294901760
21.084389 3.3507528 -3.4268804 4294901760
25.889566 6.7581987 -3.3866844 4294901760
5.9042768 1.2162733 -3.4854512 4294901760
8.3987074 1.3061974 -3.4768686 4294901760
10.514096 2.16589 -3.4360597 4294901760
13.41715 2.0866838 -3.4682968 4294901760
15.210779 3.1334004 -3.4062746 4294901760
18.424603 1.9495186 -3.4245408 4294901760
24.281616 5.0019808 -3.4041483 4294901760
21.1269 3.285732 -3.4285457 4294901760
25.996874 6.6942253 -3.3908176 4294901760
5.9009361 1.1941266 -3.4831305 4294901760
8.3993378 1.2762809 -3.4758177 4294901760
10.540962 2.1330926 -3.4386137 4294901760
13.424352 2.0398328 -3.4678249 4294901760
15.237216 3.083437 -3.4073212 4294901760
18.44714 1.8868085 -3.4252837 4294901760
24.330217 4.9235168 -3.4052715 4294901760
21.142181 3.2125585 -3.4280992 4294901760
26.016216 6.6024499 -3.3895922 4294901760
5.9126248 1.1750213 -3.4850183 4294901760
8.4037418 1.2469518 -3.4755232 4294901760
10.544467 2.0955114 -3.4376402 4294901760
13.439242 1.994122 -3.4683063 4294901760
15.251788 3.0310016 -3.4071648 4294901760
18.461542 1.8231826 -3.4253464 4294901760
24.33943 4.8369966 -3.4038782 4294901760
21.176929 3.1422443 -3.4291348 4294901760
26.035234 6.5106211 -3.3883688 4294901760
5.9242516 1.1558515 -3.4869061 4294901760
8.4080429 1.2176113 -3.4752297 4294901760
10.555597 2.0594506 -3.4378433 4294901760
13.461827 1.9494754 -3.4697397 4294901760
15.273986 2.980032 -3.4078114 4294901760
18.487617 1.7606204 -3.4264317 4294901760
24.363998 4.7535396 -3.4034934 4294901760
21.203548 3.0705931 -3.429579 4294901760
26.100435 6.4302101 -3.3899121 4294901760
5.9169011 1.1329902 -3.483536 4294901760
8.4122419 1.188252 -3.4749367 4294901760
10.562722 2.0225894 -3.4374595 4294901760
13.452835 1.9002495 -3.4673684 4294901760
15.26867 2.9237018 -3.4056525 4294901760
18.497616 1.6964347 -3.4261558 4294901760
24.403955 4.6729603 -3.4041154 4294901760
21.233875 2.9993427 -3.4303198 4294901760
26.107204 6.3352914 -3.3880014 4294901760
5.9244108 1.114076 -3.4843836 4294901760
8.4161358 1.1603513 -3.4746592 4294901760
10.573256 1.9882839 -3.4376829 4294901760
13.466924 1.8567145 -3.4678755 4294901760
15.274373 2.8723214 -3.404726 4294901760
18.499174 1.6347382 -3.4252322 4294901760
24.42716 4.5934882 -3.4037774 4294901760
21.239756 2.9283721 -3.4293237 4294901760
26.155247 6.2551866 -3.3886738 4294901760
5.9246659 1.0916578 -3.4831073 4294901760
8.4436569 1.1326274 -3.478884 4294901760
10.580471 1.9495198 -3.4372816 4294901760
13.497233 1.8105114 -3.4702382 4294901760
15.288708 2.8170426 -3.404547 4294901760
18.497103 1.5662564 -3.4239089 4294901760
24.459528 4.506825 -3.4038548 4294901760
21.301714 2.8573997 -3.4323945 4294901760
26.193537 6.1629429 -3.3885577 4294901760
5.9246502 1.0702838 -3.4818425 4294901760
8.4358921 1.1016209 -3.4763277 4294901760
10.591102 1.9132749 -3.4374874 4294901760
13.503471 1.7633828 -3.4697723 4294901760
15.302362 2.7643609 -3.4043963 4294901760
18.490547 1.5007083 -3.4222786 4294901760
24.482965 4.4228301 -3.403475 4294901760
21.319464 2.7840526 -3.4322503 4294901760
26.179892 6.0633602 -3.3855054 4294901760
5.9321432 1.0502692 -3.4826808 4294901760
8.4280119 1.0706861 -3.473773 4294901760
10.570473 1.8714724 -3.4329982 4294901760
13.50561 1.7157389 -3.4688327 4294901760
15.315835 2.7116256 -3.4042468 4294901760
18.515528 1.4377007 -3.4233696 4294901760
24.545404 4.3456945 -3.4056053 4294901760
21.321142 2.7086163 -3.4309263 4294901760
26.208681 5.9737182 -3.3849833 4294901760
5.939568 1.0302124 -3.4835193 4294901760
8.4394846 1.0422196 -3.4749935 4294901760
10.600307 1.8386132 -3.4361405 4294901760
13.511517 1.6685815 -3.4683697 4294901760
15.325208 2.6581428 -3.4036982 4294901760
18.548237 1.3751169 -3.4251406 4294901760
24.564356 4.260664 -3.4049768 4294901760
21.358166 2.6375899 -3.4322617 4294901760
26.252745 5.8874307 -3.3853807 4294901760
5.9391551 1.009866 -3.4822671 4294901760
8.4506817 1.0151649 -3.4762285 4294901760
10.61414 1.8047785 -3.4369545 4294901760
13.532733 1.6256622 -3.4698303 4294901760
15.333939 2.607311 -3.4031785 4294901760
18.564613 1.3144488 -3.4255834 4294901760
24.590153 4.1811943 -3.4048953 4294901760
21.354919 2.5653269 -3.4306829 4294901760
26.361776 5.8201394 -3.3897259 4294901760
5.9388428 0.98849708 -3.481005 4294901760
8.4619656 0.98657054 -3.4774494 4294901760
10.62817 1.7690171 -3.4377496 4294901760
13.542266 1.5788766 -3.4698436 4294901760
15.354713 2.5557318 -3.4038322 4294901760
18.565115 1.2493749 -3.4246395 4294901760
24.616402 4.0973034 -3.4047711 4294901760
21.363743 2.4907734 -3.4299552 4294901760
26.335119 5.7179265 -3.3859966 4294901760
5.9422579 0.96775907 -3.4807942 4294901760
8.4692564 0.95746511 -3.4779162 4294901760
10.642083 1.7331749 -3.4385452 4294901760
13.571353 1.5342665 -3.4722311 4294901760
15.371392 2.5033925 -3.4040866 4294901760
18.593212 1.1860793 -3.4260724 4294901760
24.638435 4.0126276 -3.404398 4294901760
21.384193 2.4175224 -3.4301138 4294901760
5.9530425 0.94925994 -3.4826951 4294901760
8.4606876 0.92808926 -3.4753811 4294901760
10.651676 1.6984944 -3.4387736 4294901760
13.576366 1.4892501 -3.4717944 4294901760
15.391393 2.4542799 -3.4047685 4294901760
18.593065 1.1241697 -3.4251616 4294901760
24.671309 3.9340363 -3.4048202 4294901760
21.37624 2.3448517 -3.4282472 4294901760
26.349993 5.5336008 -3.3827231 4294901760
5.9488688 0.92625076 -3.4803741 4294901760
8.4601326 0.8966617 -3.4743273 4294901760
10.66564 1.6606615 -3.4395516 4294901760
13.56595 1.4378105 -3.4694161 4294901760
15.408143 2.3990786 -3.4049973 4294901760
18.612965 1.0569226 -3.4258881 4294901760
24.693445 3.8448186 -3.4044065 4294901760
21.39262 2.2673335 -3.4280787 4294901760
26.377914 5.4386044 -3.3821619 4294901760
5.9596829 0.90663666 -3.4822652 4294901760
8.471014 0.86792207 -3.4755504 4294901760
10.671373 1.6234183 -3.4391763 4294901760
13.574833 1.3908485 -3.4694338 4294901760
15.412493 2.344677 -3.4040561 4294901760
18.612568 0.99172801 -3.4249508 4294901760
24.726442 3.7615926 -3.4047871 4294901760
21.404369 2.1930461 -3.4276531 4294901760
26.443687 5.3559971 -3.3839369 4294901760
5.9551907 0.8847 -3.4799564 4294901760
8.4739923 0.83835316 -3.4752662 4294901760
10.676974 1.5861657 -3.4388025 4294901760
13.591451 1.3446362 -3.4704006 4294901760
15.428451 2.2920425 -3.4043143 4294901760
18.619892 0.92696255 -3.4246936 4294901760
24.751263 3.6770346 -3.4046698 4294901760
21.38809 2.1159773 -3.4251699 4294901760
5.9580913 0.86494535 -3.4797587 4294901760
8.4767256 0.81024551 -3.4749973 4294901760
10.682175 1.5507479 -3.438448 4294901760
13.599786 1.2999319 -3.4704428 4294901760
15.428094 2.2397203 -3.4030039 4294901760
18.622862 0.86520672 -3.4241285 4294901760
24.783064 3.5977957 -3.4050956 4294901760
21.379116 2.0435169 -3.4233139 4294901760
5.9650364 0.84363997 -3.4805906 4294901760
8.4835443 0.77952802 -3.4754541 4294901760
10.683874 1.511029 -3.4374714 4294901760
13.612362 1.2508 -3.4709144 4294901760
15.448013 2.1848252 -3.4036362 4294901760
18.625908 0.79693985 -3.4235063 4294901760
24.800035 3.5074892 -3.4044383 4294901760
21.378521 1.9644097 -3.4219778 4294901760
26.514006 5.0818 -3.3819535 4294901760
5.9641285 0.82228804 -3.4793336 4294901760
8.4823065 0.74956661 -3.4744189 4294901760
10.700829 1.4753478 -3.4388568 4294901760
13.600835 1.201882 -3.4685678 4294901760
15.459485 2.1314347 -3.4034986 4294901760
18.624598 0.7317661 -3.4225769 4294901760
24.827938 3.4230847 -3.4045742 4294901760
21.381277 1.8894262 -3.4209738 4294901760
5.9668221 0.80250698 -3.4791374 4294901760
8.4886532 0.7217682 -3.4749055 4294901760
10.697828 1.4388031 -3.4373343 4294901760
13.624513 1.158457 -3.4705074 4294901760
15.466468 2.0801606 -3.4029901 4294901760
18.634882 0.67029047 -3.4226942 4294901760
24.791698 3.3343563 -3.400768 4294901760
21.415232 1.8208816 -3.4223576 4294901760
25.955236 4.7917886 -3.3456688 4294901760
5.9772258 0.78267258 -3.4810302 4294901760
8.4950314 0.69244927 -3.4753783 4294901760
10.722381 1.4040147 -3.4398909 4294901760
13.636385 1.1115327 -3.4710045 4294901760
15.481522 2.0271883 -3.4032531 4294901760
18.660992 0.6060093 -3.4241359 4294901760
24.862532 3.2555609 -3.4036474 4294901760
21.409538 1.7451401 -3.4207699 4294901760
5.9837427 0.76229161 -3.4818738 4294901760
8.4934855 0.66248876 -3.4743459 4294901760
10.731136 1.3670801 -3.4401071 4294901760
13.652049 1.0648547 -3.4719756 4294901760
15.488503 1.9731388 -3.4027205 4294901760
18.670954 0.54110134 -3.424226 4294901760
24.881659 3.1697686 -3.4032898 4294901760
21.403574 1.6694709 -3.4191852 4294901760
26.554037 4.7108798 -3.3765762 4294901760
5.9787221 0.74045128 -3.4795704 4294901760
8.4918346 0.63254321 -3.4733145 4294901760
10.724075 1.3281527 -3.4379842 4294901760
13.667554 1.0180743 -3.4729471 4294901760
15.491349 1.9185688 -3.4017911 4294901760
18.676712 0.47602063 -3.4239798 4294901760
24.908415 3.0848513 -3.4034314 4294901760
21.42915 1.5962231 -3.41995 4294901760
5.9850941 0.72003847 -3.4804149 4294901760
8.4979038 0.60317689 -3.4737897 4294901760
10.740419 1.2921293 -3.4393721 4294901760
13.663109 0.96980047 -3.4715545 4294901760
15.501901 1.8649606 -3.4016595 4294901760
18.686224 0.41100308 -3.4240727 4294901760
24.930914 2.9993207 -3.4033256 4294901760
21.42664 1.5208519 -3.418663 4294901760
5.9875712 0.69914061 -3.480211 4294901760
8.4843044 0.57245147 -3.4705024 4294901760
10.744864 1.2546275 -3.4390059 4294901760
13.654532 0.92129624 -3.4696908 4294901760
15.512267 1.8112947 -3.4015291 4294901760
18.679581 0.34562108 -3.4228165 4294901760
24.957088 2.9141221 -3.4034696 4294901760
21.427837 1.4457753 -3.4176719 4294901760
5.9898567 0.67928237 -3.4800177 4294901760
8.4978981 0.54506826 -3.4724979 4294901760
10.745039 1.2185459 -3.4380746 4294901760
13.681273 0.87753785 -3.472106 4294901760
15.518188 1.7598472 -3.4010284 4294901760
18.668676 0.28349775 -3.4212542 4294901760
24.974545 2.8322494 -3.4031608 4294901760
21.424557 1.3742042 -3.416425 4294901760
5.9920764 0.65941393 -3.4798248 4294901760
8.4918299 0.51640671 -3.470732 4294901760
10.756878 1.1837691 -3.4388976 4294901760
13.69995 0.83312398 -3.4735756 4294901760
15.5358 1.7096782 -3.401722 4294901760
18.681461 0.22172512 -3.4217188 4294901760
24.975866 2.7485354 -3.4018605 4294901760
21.397161 1.3012083 -3.4134233 4294901760
5.998395 0.63680935 -3.4806509 4294901760
8.4898338 0.48357561 -3.4696786 4294901760
10.761344 1.1424596 -3.438498 4294901760
13.675318 0.77893752 -3.4697821 4294901760
15.530384 1.6487566 -3.3999524 4294901760
18.638369 0.14964463 -3.4173763 4294901760
24.966394 2.6505144 -3.3996925 4294901760
21.40996 1.2194979 -3.4132495 4294901760
6.0005808 0.61586839 -3.480449 4294901760
8.4875526 0.45373005 -3.4686534 4294901760
10.757401 1.1040837 -3.4369676 4294901760
13.697765 0.73225904 -3.4717045 4294901760
15.555824 1.5965688 -3.4014168 4294901760
18.64674 0.084623799 -3.4174793 4294901760
24.99534 2.5653915 -3.4000921 4294901760
21.465841 1.1475271 -3.4163647 4294901760
6.0025907 0.59596759 -3.4802577 4294901760
8.4929285 0.42577994 -3.4691472 4294901760
10.764938 1.0687976 -3.4372089 4294901760
13.712007 0.68743044 -3.4727042 4294901760
15.549162 1.5437995 -3.3997293 4294901760
18.654882 0.022802114 -3.4176123 4294901760
25.051359 2.4872258 -3.4022694 4294901760
21.485455 1.0771403 -3.4168811 4294901760
5.9968657 0.57532161 -3.4779708 4294901760
8.4903755 0.39742818 -3.4681373 4294901760
10.776292 1.0338457 -3.4380345 4294901760
13.694392 0.64102435 -3.4699273 4294901760
15.554196 1.4922237 -3.399235 4294901760
18.666805 -0.039090198 -3.4180834 4294901760
25.063444 2.4045129 -3.401721 4294901760
21.476961 1.0053207 -3.4153519 4294901760
5.9989333 0.55333662 -3.477761 4294901760
8.4878569 0.3661356 -3.4671018 4294901760
10.787879 0.99506497 -3.4388249 4294901760
13.708543 0.5913372 -3.4708853 4294901760
15.5754 1.436662 -3.4002786 4294901760
18.678486 -0.1075808 -3.418499 4294901760
25.048246 2.3104293 -3.3993585 4294901760
21.468554 0.92607617 -3.4137573 4294901760
6.0084095 0.53412378 -3.4796672 4294901760
8.4968624 0.33830065 -3.4683492 4294901760
10.787184 0.95893788 -3.4379008 4294901760
13.702497 0.54556185 -3.4695284 4294901760
15.588003 1.3857117 -3.4005809 4294901760
18.662096 -0.1693719 -3.4166157 4294901760
25.039871 2.2259452 -3.3975782 4294901760
21.479473 0.85520035 -3.4136944 4294901760
6.0140748 0.51347327 -3.4805157 4294901760
8.4979916 0.30863672 -3.4680805 4294901760
10.794403 0.92161101 -3.4381268 4294901760
13.688458 0.49714816 -3.4672081 4294901760
15.600671 1.3319634 -3.4008579 4294901760
18.665373 -0.23456866 -3.4163899 4294901760
25.031588 2.1371617 -3.3957596 4294901760
21.299059 0.77355593 -3.3995852 4294901760
6.01583 0.49247837 -3.4803171 4294901760
8.5029373 0.27910176 -3.468564 4294901760
10.801493 0.88425064 -3.4383535 4294901760
13.709939 0.45001721 -3.4691348 4294901760
15.581441 1.2755551 -3.3979633 4294901760
18.688335 -0.3001014 -3.4178481 4294901760
25.038895 2.0497777 -3.3949332 4294901760
21.245844 0.69737691 -3.3948286 4294901760
6.0137548 0.47012424 -3.4790621 4294901760
8.4999828 0.2478186 -3.4675324 4294901760
10.79284 0.84372836 -3.4362309 4294901760
13.703564 0.39952999 -3.4677396 4294901760
15.605836 1.2199835 -3.3994071 4294901760
18.639324 -0.36765778 -3.4132252 4294901760
25.03828 1.9573632 -3.3935738 4294901760
21.459465 0.62565482 -3.4095874 4294901760
6.0228839 0.45180655 -3.480979 4294901760
8.5046406 0.22121751 -3.468044 4294901760
10.799379 0.81011528 -3.4364953 4294901760
13.708717 0.35658279 -3.4678249 4294901760
15.597693 1.1700608 -3.3977573 4294901760
18.614187 -0.42566326 -3.4107075 4294901760
25.056246 1.8795938 -3.3935754 4294901760
21.493206 0.5590682 -3.4113154 4294901760
6.0205827 0.4305037 -3.4797349 4294901760
8.4896755 0.19117396 -3.4647746 4294901760
10.802142 0.77241063 -3.4361422 4294901760
13.705914 0.30863532 -3.4669259 4294901760
15.617553 1.1167381 -3.3988323 4294901760
18.612589 -0.49064115 -3.4101543 4294901760
25.114395 1.7958128 -3.3959639 4294901760
21.522928 0.48466206 -3.4126849 4294901760
6.0220485 0.40948942 -3.4795387 4294901760
8.4902906 0.16154413 -3.4645107 4294901760
10.812657 0.73524302 -3.4369557 4294901760
13.70294 0.26072481 -3.4660287 4294901760
15.621355 1.0622265 -3.3983233 4294901760
18.622707 -0.55595213 -3.4106114 4294901760
25.092642 1.7062587 -3.393419 4294901760
21.524488 0.40954486 -3.4120157 4294901760
6.0197325 0.38611543 -3.4782767 4294901760
8.4908485 0.12894057 -3.4642212 4294901760
10.807513 0.69321144 -3.4354041 4294901760
13.711773 0.20822464 -3.4665034 4294901760
15.621348 1.0019786 -3.3973691 4294901760
18.616453 -0.62732422 -3.4096711 4294901760
25.099009 1.6098912 -3.3925226 4294901760
21.525902 0.32688865 -3.4112818 4294901760
6.0248885 0.3653318 -3.4791284 4294901760
8.4912462 0.099298909 -3.463959 4294901760
10.809868 0.65547913 -3.4350543 4294901760
13.704482 0.1602639 -3.4651384 4294901760
15.648569 0.94888401 -3.3992386 4294901760
18.61813 -0.69245708 -3.4094601 4294901760
25.116425 1.5229874 -3.3924491 4294901760
21.530897 0.25178808 -3.4109082 4294901760
6.0298519 0.34662449 -3.4800003 4294901760
8.4797506 0.072523408 -3.4614723 4294901760
10.807927 0.62129092 -3.4341578 4294901760
13.70095 0.11717792 -3.464288 4294901760
15.663385 0.9004057 -3.3999712 4294901760
18.635759 -0.75174308 -3.4106474 4294901760
25.109137 1.4433922 -3.390981 4294901760
21.543545 0.18425202 -3.411185 4294901760
6.0348716 0.32578033 -3.4808528 4294901760
8.4799519 0.042920876 -3.4612122 4294901760
10.817923 0.58398366 -3.4349749 4294901760
13.705244 0.069368444 -3.4643385 4294901760
15.662461 0.84550625 -3.3990719 4294901760
18.664852 -0.8181898 -3.4127879 4294901760
25.121988 1.3561597 -3.3906655 4294901760
21.56399 0.10914512 -3.4119782 4294901760
6.0399246 0.30279997 -3.4816864 4294901760
8.4918213 0.010376297 -3.4631779 4294901760
10.81219 0.54204834 -3.433429 4294901760
13.697474 0.016737171 -3.4629366 4294901760
15.661619 0.78516507 -3.3981242 4294901760
18.645662 -0.88908839 -3.4108496 4294901760
25.138966 1.2602936 -3.3905177 4294901760
21.584183 0.02637407 -3.4127069 4294901760
6.0369992 0.28364393 -3.4804666 4294901760
8.4996567 -0.016315013 -3.4644454 4294901760
10.805945 0.50770932 -3.4319541 4294901760
13.713328 -0.026322613 -3.4644427 4294901760
15.671955 0.73633522 -3.3984647 4294901760
18.622889 -0.94664645 -3.4086871 4294901760
25.170704 1.182627 -3.3915162 4294901760
21.568213 -0.041399989 -3.410953 4294901760
6.0303016 0.2611804 -3.4781723 4294901760
8.4956169 -0.047447968 -3.4634244 4294901760
10.823528 0.46878144 -3.4339206 4294901760
13.721077 -0.076632127 -3.4649463 4294901760
15.670576 0.67871356 -3.3975453 4294901760
18.603388 -1.0140343 -3.4067822 4294901760
25.170883 1.0901846 -3.3904285 4294901760
21.57589 -0.12050121 -3.4108465 4294901760
6.0311341 0.24118297 -3.4779904 4294901760
8.4914913 -0.075583585 -3.4624305 4294901760
10.832922 0.43320477 -3.4347577 4294901760
13.720748 -0.12212971 -3.4645522 4294901760
15.676714 0.62690634 -3.3974681 4294901760
18.599922 -1.0757159 -3.4062741 4294901760
25.178349 1.0068734 -3.3899155 4294901760
21.591318 -0.19218642 -3.4113882 4294901760
6.039638 0.22040829 -3.4798915 4294901760
8.4911747 -0.1052262 -3.4621747 4294901760
10.830417 0.39524117 -3.4338334 4294901760
13.724204 -0.17007612 -3.4646084 4294901760
15.702652 0.57304668 -3.3993418 4294901760
18.584127 -1.1399086 -3.4047363 4294901760
25.189682 0.91926283 -3.3896101 4294901760
21.590513 -0.26755872 -3.4107373 4294901760
6.0403705 0.19932593 -3.4797013 4294901760
8.4986 -0.13498808 -3.463419 4294901760
10.83173 0.35743582 -3.4334919 4294901760
13.715593 -0.21785255 -3.4632566 4294901760
15.700582 0.51810282 -3.398452 4294901760
18.584009 -1.2050261 -3.4045408 4294901760
25.176783 0.83080763 -3.3878345 4294901760
21.589449 -0.34291747 -3.4100888 4294901760
6.0372105 0.17707105 -3.4784563 4294901760
8.4980478 -0.16613831 -3.4631519 4294901760
10.832969 0.31773037 -3.4331346 4294901760
13.706768 -0.26796967 -3.4618862 4294901760
15.718278 0.46101621 -3.399513 4294901760
18.583443 -1.273409 -3.4043205 4294901760
25.207581 0.73933697 -3.3887205 4294901760
21.588047 -0.42205006 -3.4094105 4294901760
6.030036 0.15790324 -3.4761951 4294901760
8.5053272 -0.19301119 -3.4644227 4294901760
10.833913 0.28369811 -3.4328294 4294901760
13.721725 -0.31138682 -3.4633968 4294901760
15.715672 0.41153243 -3.3986754 4294901760
18.571404 -1.3312112 -3.4031777 4294901760
25.229725 0.66066855 -3.3892357 4294901760
21.590599 -0.48995501 -3.409121 4294901760
6.0382514 0.13702711 -3.4780977 4294901760
8.4928379 -0.2223928 -3.4619219 4294901760
10.838788 0.24596654 -3.4330723 4294901760
13.712623 -0.35907766 -3.46205 4294901760
15.724964 0.3568494 -3.3989737 4294901760
18.574585 -1.3966302 -3.4033225 4294901760
25.195972 0.57177669 -3.3862433 4294901760
21.576801 -0.5650084 -3.4076099 4294901760
6.0464158 0.11504143 -3.4799912 4294901760
8.4958868 -0.25363615 -3.4624071 4294901760
10.831714 0.20608835 -3.4315565 4294901760
13.707247 -0.40921608 -3.4611542 4294901760
15.718214 0.29906079 -3.3976717 4294901760
18.573315 -1.4650134 -3.4031086 4294901760
25.221838 0.47988036 -3.3868897 4294901760
21.578571 -0.64420658 -3.4072289 4294901760
6.0467806 0.093934797 -3.4798038 4294901760
8.4988699 -0.28342152 -3.4629056 4294901760
10.820512 0.16809319 -3.4294779 4294901760
13.713667 -0.45732531 -3.4616885 4294901760
15.715186 0.24413037 -3.3967903 4294901760
18.568089 -1.5298374 -3.4025886 4294901760
25.251287 0.39227065 -3.3878214 4294901760
21.604082 -0.720456 -3.4086189 4294901760
6.0432329 0.071725905 -3.4785626 4294901760
8.4938536 -0.31442443 -3.4618943 4294901760
10.832911 0.12857363 -3.4308696 4294901760
13.707933 -0.50743854 -3.4607961 4294901760
15.735858 0.18676572 -3.3982513 4294901760
18.538548 -1.5958331 -3.4000397 4294901760
25.244574 0.29962274 -3.3865132 4294901760
21.613249 -0.80007654 -3.4088204 4294901760
6.0434284 0.052740213 -3.4783952 4294901760
8.4967442 -0.34126449 -3.4624195 4294901760
10.841166 0.094609447 -3.4317307 4294901760
13.706273 -0.55050075 -3.4604349 4294901760
15.740344 0.13736393 -3.3982093 4294901760
18.533443 -1.6540656 -3.3995759 4294901760
25.245392 0.22031324 -3.385814 4294901760
21.586729 -0.8670125 -3.4065149 4294901760
6.0435758 0.031644382 -3.4782097 4294901760
8.4915819 -0.37075049 -3.4614224 4294901760
10.837478 0.056745425 -3.4308176 4294901760
13.704268 -0.59834123 -3.4600348 4294901760
15.760613 0.082523145 -3.3996959 4294901760
18.51169 -1.7172778 -3.397727 4294901760
25.238028 0.13214722 -3.3845508 4294901760
21.58357 -0.94235897 -3.4058847 4294901760
6.0436511 0.0094933584 -3.4780159 4294901760
8.4980021 -0.40224209 -3.4626608 4294901760
10.829709 0.01701129 -3.4293089 4294901760
13.709909 -0.64894104 -3.4605539 4294901760
15.756832 0.02475081 -3.3987961 4294901760
18.560774 -1.7904687 -3.4018648 4294901760
25.246321 0.039656885 -3.3842292 4294901760
21.560059 -1.0205179 -3.4037805 4294901760
6.0513535 -0.010561625 -3.4799302 4294901760
8.4966221 -0.43042034 -3.4624269 4294901760
10.841563 -0.018922135 -3.4307363 4294901760
13.695793 -0.69379896 -3.4587705 4294901760
15.756828 -0.027500909 -3.39834 4294901760
18.530956 -1.8496354 -3.3993778 4294901760
25.266266 -0.044098042 -3.3847191 4294901760
21.560541 -1.0922099 -3.4034762 4294901760
6.0474272 -0.031664535 -3.4787018 4294901760
8.4989834 -0.46028849 -3.46293 4294901760
10.833526 -0.056724712 -3.4292469 4294901760
13.693288 -0.74160194 -3.458375 4294901760
15.756636 -0.082502291 -3.3978617 4294901760
18.512503 -1.913081 -3.3978698 4294901760
25.269947 -0.13231431 -3.3841963 4294901760
21.572519 -1.1683258 -3.4040091 4294901760
6.0434194 -0.053794954 -3.4774654 4294901760
8.5011559 -0.49166217 -3.4634216 4294901760
10.84115 -0.096501522 -3.4300628 4294901760
13.69444 -0.79201448 -3.4584303 4294901760
15.760206 -0.14028805 -3.3977547 4294901760
18.517246 -1.9821916 -3.3983407 4294901760
25.269295 -0.22493234 -3.3833935 4294901760
21.56809 -1.2473851 -3.4033577 4294901760
6.0508981 -0.074985586 -3.4793718 4294901760
8.4915581 -0.52085358 -3.4616818 4294901760
10.836795 -0.13429467 -3.4291561 4294901760
13.667828 -0.83835459 -3.4552276 4294901760
15.771548 -0.19544847 -3.3984594 4294901760
18.533966 -2.049443 -3.3998384 4294901760
25.284313 -0.31333515 -3.3836071 4294901760
21.507896 -1.3192472 -3.3986998 4294901760
6.0544667 -0.095111161 -3.4802432 4294901760
8.4936972 -0.54926276 -3.4621994 4294901760
10.840241 -0.17029211 -3.4294269 4294901760
13.688731 -0.88521057 -3.4576666 4294901760
15.754908 -0.24749786 -3.3964367 4294901760
18.519156 -2.1099913 -3.3986957 4294901760
25.283134 -0.39717919 -3.3828857 4294901760
21.495447 -1.3900483 -3.3975396 4294901760
6.0540981 -0.11624461 -3.480062 4294901760
8.4956417 -0.57917476 -3.4627059 4294901760
10.847486 -0.20828235 -3.4302619 4294901760
13.693475 -0.93352747 -3.4582138 4294901760
15.769854 -0.30279663 -3.3975372 4294901760
18.503767 -2.1736929 -3.3975306 4294901760
25.281597 -0.4854314 -3.382129 4294901760
21.454666 -1.4626323 -3.3943326 4294901760
6.0651846 -0.13869742 -3.4830043 4294901760
8.4934616 -0.61030895 -3.4624531 4294901760
10.858503 -0.24831004 -3.4316611 4294901760
13.693919 -0.98399472 -3.4582746 4294901760
15.760686 -0.36041218 -3.3962576 4294901760
18.507534 -2.2429352 -3.3980088 4294901760
25.303585 -0.57863724 -3.3827977 4294901760
21.465067 -1.5424007 -3.3948476 4294901760
6.0569897 -0.15860787 -3.4807453 4294901760
8.5031242 -0.6393531 -3.4644687 4294901760
10.849717 -0.28410983 -3.4301956 4294901760
13.682667 -1.0288049 -3.4569714 4294901760
15.77133 -0.41298684 -3.3969913 4294901760
18.519756 -2.3067575 -3.3992038 4294901760
25.289555 -0.66223031 -3.3813534 4294901760
21.455858 -1.613274 -3.3939841 4294901760
6.0563993 -0.17974973 -3.480566 4294901760
8.4812908 -0.66749203 -3.4604917 4294901760
10.856561 -0.3222152 -3.4310331 4294901760
13.667125 -1.075626 -3.4551833 4294901760
15.761842 -0.46780053 -3.3957386 4294901760
18.47999 -2.367341 -3.3960481 4294901760
25.279112 -0.75026655 -3.3801181 4294901760
21.438171 -1.6872207 -3.3925166 4294901760
6.0519199 -0.19970541 -3.4793527 4294901760
8.4829397 -0.69593406 -3.4610133 4294901760
10.835682 -0.35756329 -3.4278321 4294901760
13.667438 -1.1212664 -3.4552872 4294901760
15.748281 -0.51967257 -3.3941193 4294901760
18.499678 -2.4322441 -3.3979123 4294901760
25.248571 -0.8331697 -3.377708 4294901760
21.436436 -1.7586292 -3.3922341 4294901760
6.0588851 -0.22111033 -3.4812617 4294901760
8.4843664 -0.7258752 -3.461524 4294901760
10.838318 -0.39552888 -3.4280927 4294901760
13.659487 -1.1686296 -3.4544382 4294901760
15.762268 -0.57522136 -3.395226 4294901760
18.483181 -2.495739 -3.3967583 4294901760
25.273422 -0.92231733 -3.3786662 4294901760
21.418247 -1.8324261 -3.3907723 4294901760
3.6433771 -0.32516274 -3.5098758 4294901760
6.0580339 -0.24331577 -3.4810753 4294901760
8.4894629 -0.75766432 -3.4627712 4294901760
10.840744 -0.43540925 -3.4283385 4294901760
13.659063 -1.219039 -3.4545069 4294901760
15.752106 -0.63266993 -3.3939564 4294901760
18.473907 -2.5634661 -3.3962481 4294901760
25.289808 -1.0157436 -3.3791032 4294901760
21.435213 -1.9130417 -3.3918734 4294901760
3.6422791 -0.33724284 -3.5097799 4294901760
6.0533457 -0.26323622 -3.4798641 4294901760
8.4790926 -0.78508902 -3.4610531 4294901760
10.843189 -0.4715277 -3.4286168 4294901760
13.650997 -1.2639616 -3.4536803 4294901760
15.74595 -0.68472946 -3.3931274 4294901760
18.465305 -2.6247144 -3.3957887 4294901760
25.266367 -1.0987351 -3.3771882 4294901760
21.428753 -1.984113 -3.3913095 4294901760
3.6302538 -0.34891421 -3.5047116 4294901760
6.0562377 -0.28454554 -3.4807312 4294901760
8.4723959 -0.8143065 -3.4600723 4294901760
10.83753 -0.50918919 -3.4277227 4294901760
13.65045 -1.3119843 -3.4537709 4294901760
15.735518 -0.73931563 -3.3918853 4294901760
18.467857 -2.690877 -3.3963044 4294901760
25.262379 -1.1869246 -3.3764532 4294901760
21.397884 -2.0566127 -3.3889935 4294901760
6.0513606 -0.30548981 -3.4795127 4294901760
8.4812107 -0.84504247 -3.4620805 4294901760
10.827791 -0.54661757 -3.4262512 4294901760
13.649736 -1.3600188 -3.4538631 4294901760
15.736813 -0.7944389 -3.3918211 4294901760
18.466228 -2.7565017 -3.3964894 4294901760
25.278009 -1.2761055 -3.3769338 4294901760
21.382641 -2.1305025 -3.3878307 4294901760
3.6421535 -0.37573752 -3.5111356 4294901760
6.0541029 -0.32681879 -3.480381 4294901760
8.474308 -0.87423974 -3.4611015 4294901760
10.825816 -0.58441031 -3.4259384 4294901760
13.6528 -1.4084715 -3.4544237 4294901760
15.729972 -0.84915143 -3.390975 4294901760
18.44862 -2.8197401 -3.3953476 4294901760
25.301289 -1.3658401 -3.3779006 4294901760
21.398869 -2.2075834 -3.3889692 4294901760
3.6372151 -0.38806415 -3.5093806 4294901760
6.0490804 -0.34772852 -3.4791639 4294901760
8.4673042 -0.90339917 -3.4601235 4294901760
10.827658 -0.62242275 -3.4262056 4294901760
13.651746 -1.4565409 -3.4545186 4294901760
15.730883 -0.90428233 -3.3909142 4294901760
18.450468 -2.8859673 -3.3958688 4294901760
25.288401 -1.4536917 -3.3766882 4294901760
21.398958 -2.2831118 -3.3889601 4294901760
3.6358385 -0.400758 -3.5092819 4294901760
6.0478292 -0.36884159 -3.4789906 4294901760
8.4679985 -0.93337977 -3.4606404 4294901760
10.837254 -0.6609363 -3.4276304 4294901760
13.634747 -1.5028814 -3.4527471 4294901760
15.739538 -0.95991403 -3.3916385 4294901760
18.420618 -2.9472075 -3.3937359 4294901760
25.291138 -1.5424416 -3.3764479 4294901760
21.402746 -2.3591044 -3.38924 4294901760
3.6416211 -0.4142665 -3.5124943 4294901760
6.046505 -0.38995022 -3.4788179 4294901760
8.4724817 -0.9638195 -3.4619045 4294901760
10.838824 -0.69901574 -3.4278994 4294901760
13.645187 -1.5522603 -3.4542453 4294901760
15.728156 -1.0143377 -3.3904061 4294901760
18.406288 -3.0108464 -3.3929338 4294901760
25.253746 -1.6286604 -3.3737895 4294901760
21.406267 -2.4351516 -3.3895221 4294901760
3.6437538 -0.42739797 -3.5140519 4294901760
6.0451074 -0.41105407 -3.4786458 4294901760
8.4729624 -0.99384522 -3.4624228 4294901760
10.832376 -0.73657787 -3.4270129 4294901760
13.635745 -1.5994192 -3.4534111 4294901760
15.712616 -1.0684235 -3.3887846 4294901760
18.415308 -3.0783617 -3.3941247 4294901760
25.247906 -1.7168024 -3.3730712 4294901760
21.381796 -2.5080006 -3.3877981 4294901760
3.6350412 -0.4392446 -3.5106432 4294901760
6.0474772 -0.43242767 -3.479517 4294901760
8.4694424 -1.0234152 -3.4621954 4294901760
10.825795 -0.77410352 -3.4261279 4294901760
13.641895 -1.6484349 -3.4544446 4294901760
15.70879 -1.1232643 -3.3883393 4294901760
18.404449 -3.1426239 -3.3936586 4294901760
25.245739 -1.8052083 -3.3725977 4294901760
21.384789 -2.5840566 -3.3880847 4294901760
3.6298888 -0.45148319 -3.5088911 4294901760
6.0459313 -0.45353472 -3.4793463 4294901760
8.4580336 -1.0520047 -3.4604764 4294901760
10.826969 -0.81218368 -3.4264002 4294901760
13.639998 -1.696534 -3.4545467 4294901760
15.692876 -1.177199 -3.3867223 4294901760
18.393368 -3.2068486 -3.3931949 4294901760
25.219387 -1.891829 -3.3706763 4294901760
21.340031 -2.654259 -3.3849332 4294901760
3.6320479 -0.46334332 -3.5104592 4294901760
6.0367961 -0.47192582 -3.4771087 4294901760
8.4507952 -1.0780748 -3.4595277 4294901760
10.824365 -0.84619349 -3.4261262 4294901760
13.650344 -1.7413856 -3.4560852 4294901760
15.685135 -1.2261837 -3.3859339 4294901760
18.359673 -3.2604387 -3.3907907 4294901760
25.21332 -1.9710485 -3.370038 4294901760
21.339495 -2.7222967 -3.3849952 4294901760
3.6268144 -0.47554734 -3.508708 4294901760
6.0389514 -0.4933089 -3.4779818 4294901760
8.4430914 -1.1070569 -3.4585574 4294901760
10.829223 -0.88461584 -3.4269781 4294901760
13.648116 -1.789539 -3.4561894 4294901760
15.688687 -1.281575 -3.3862762 4294901760
18.336428 -3.3223765 -3.3893378 4294901760
25.257988 -2.0632706 -3.3724706 4294901760
21.341721 -2.7983232 -3.3852885 4294901760
3.6286395 -0.48932159 -3.5102623 4294901760
6.0371022 -0.51543951 -3.4778047 4294901760
8.4312038 -1.1369468 -3.4568315 4294901760
10.814093 -0.92329246 -3.4249279 4294901760
13.645398 -1.8400803 -3.4562771 4294901760
15.679921 -1.3387302 -3.3854256 4294901760
18.324125 -3.3895605 -3.3888588 4294901760
25.258205 -2.1565111 -3.3722129 4294901760
21.339222 -2.8775914 -3.3852694 4294901760
3.6234062 -0.50085557 -3.5085168 4294901760
6.0353603 -0.53545642 -3.4776452 4294901760
8.4312716 -1.1654364 -3.4573667 4294901760
10.818847 -0.95984674 -3.4257972 4294901760
13.635291 -1.8847767 -3.4554703 4294901760
15.687281 -1.3917736 -3.3861837 4294901760
18.320612 -3.4517813 -3.3890898 4294901760
25.242968 -2.239553 -3.3710632 4294901760
21.297972 -2.9439723 -3.3824465 4294901760
3.618046 -0.51299161 -3.5067673 4294901760
6.0372901 -0.55687433 -3.4785199 4294901760
8.431036 -1.1954105 -3.4578915 4294901760
10.81543 -0.9976058 -3.4254975 4294901760
13.648272 -1.9351463 -3.4574428 4294901760
15.682327 -1.4465241 -3.3857491 4294901760
18.304541 -3.5149603 -3.3883069 4294901760
25.254864 -2.3294864 -3.3715696 4294901760
21.311247 -3.021656 -3.3836055 4294901760
3.6162336 -0.52561784 -3.5066729 4294901760
6.0314746 -0.57757777 -3.4773116 4294901760
8.4229298 -1.2242689 -3.4569261 4294901760
10.823685 -1.0364829 -3.4269309 4294901760
13.657141 -1.985059 -3.45895 4294901760
15.661345 -1.4997401 -3.383754 4294901760
18.303883 -3.5811272 -3.3888505 4294901760
25.234661 -2.416487 -3.3701494 4294901760
21.320299 -3.0988953 -3.3844795 4294901760
3.6179626 -0.53877157 -3.5082333 4294901760
6.0294223 -0.59862798 -3.4771457 4294901760
8.4069672 -1.2519298 -3.4544704 4294901760
10.80427 -1.0726962 -3.4243248 4294901760
13.650128 -2.0327191 -3.4585953 4294901760
15.659973 -1.5547923 -3.383714 4294901760
18.314709 -3.6496682 -3.3903885 4294901760
25.214161 -2.5033748 -3.3687332 4294901760
21.317238 -3.1744723 -3.3844974 4294901760
3.6160598 -0.55139738 -3.5081398 4294901760
6.031127 -0.62006491 -3.4780221 4294901760
8.4064236 -1.2818593 -3.4549987 4294901760
10.80439 -1.1108079 -3.4246061 4294901760
13.646872 -2.0809526 -3.4587076 4294901760
15.658405 -1.609853 -3.3836756 4294901760
18.301857 -3.7135763 -3.3899429 4294901760
25.237022 -2.5946381 -3.3699691 4294901760
21.306026 -3.2488642 -3.3839459 4294901760
3.6069498 -0.56289846 -3.5047381 4294901760
6.0289264 -0.6411137 -3.4778576 4294901760
8.4057741 -1.3118001 -3.4555273 4294901760
10.804377 -1.1489333 -3.4248881 4294901760
13.655209 -2.1310239 -3.4602182 4294901760
15.664557 -1.6657629 -3.384419 4294901760
18.280981 -3.7758279 -3.3888383 4294901760
25.207973 -2.6806061 -3.3680773 4294901760
21.28668 -3.3219869 -3.3828259 4294901760
3.6013825 -0.5749141 -3.5029912 4294901760
6.0266519 -0.66215456 -3.4776938 4294901760
8.4011431 -1.3411337 -3.4553118 4294901760
10.800301 -1.1866404 -3.4245946 4294901760
13.647686 -2.1786764 -3.459868 4294901760
15.646787 -1.7191288 -3.3828232 4294901760
18.271587 -3.8404362 -3.3887281 4294901760
25.222261 -2.7711964 -3.3688362 4294901760
21.286762 -3.3981559 -3.3831367 4294901760
3.6065094 -0.58864975 -3.5062075 4294901760
6.0166478 -0.68231952 -3.4754484 4294901760
8.39641 -1.3704512 -3.4550972 4294901760
10.803947 -1.2252245 -3.425456 4294901760
13.643914 -2.2269421 -3.4599848 4294901760
15.644641 -1.7741845 -3.3827899 4294901760
18.281437 -3.9091897 -3.3902726 4294901760
25.224329 -2.8605714 -3.3688753 4294901760
21.274771 -3.4724405 -3.3825929 4294901760
3.6044328 -0.60123521 -3.5061159 4294901760
6.0180559 -0.70376486 -3.4763274 4294901760
8.3877068 -1.3991064 -3.4541388 4294901760
10.791753 -1.2620115 -3.4240115 4294901760
13.651713 -2.2771657 -3.4614987 4294901760
15.638352 -1.8287836 -3.3823681 4294901760
18.26379 -3.9721341 -3.3895056 4294901760
25.174557 -2.9439685 -3.3657916 4294901760
21.286116 -3.5506175 -3.3837645 4294901760
3.6131406 -0.61500967 -3.5109911 4294901760
6.0195136 -0.72417766 -3.4772148 4294901760
8.3752871 -1.425597 -3.4524469 4294901760
10.791434 -1.2982637 -3.4243128 4294901760
13.663646 -2.3257532 -3.463496 4294901760
15.636152 -1.8811074 -3.3823593 4294901760
18.262182 -4.0352545 -3.390084 4294901760
25.251812 -3.0379195 -3.3704357 4294901760
21.270294 -3.6205165 -3.382967 4294901760
3.6073997 -0.62699723 -3.5092459 4294901760
6.020772 -0.74565864 -3.4780946 4294901760
8.3779888 -1.4561667 -3.4537256 4294901760
10.798603 -1.337382 -3.4257536 4294901760
13.651533 -2.3727546 -3.4626863 4294901760
15.621596 -1.9346985 -3.3811617 4294901760
18.267416 -4.1033411 -3.3913031 4294901760
25.237095 -3.1255558 -3.3695204 4294901760
21.265379 -3.6961067 -3.3830011 4294901760
3.60162 -0.63895243 -3.5075016 4294901760
6.0181322 -0.76667058 -3.4779344 4294901760
8.380578 -1.4867728 -3.4550047 4294901760
10.789948 -1.3745686 -3.4248896 4294901760
13.635354 -2.4190066 -3.4614136 4294901760
15.618692 -1.9897189 -3.3811352 4294901760
18.264629 -4.1697412 -3.3918631 4294901760
25.111242 -3.1990075 -3.361886 4294901760
21.118885 -3.7466371 -3.3727732 4294901760
3.6029348 -0.65216613 -3.5090654 4294901760
6.0154195 -0.787673 -3.4777746 4294901760
8.3714781 -1.5153188 -3.4540505 4294901760
10.781166 -1.411711 -3.4240272 4294901760
13.626827 -2.4665878 -3.4610729 4294901760
15.615597 -2.0447423 -3.3811104 4294901760
18.284882 -4.2415705 -3.3944056 4294901760
25.119705 -3.2892325 -3.3624198 4294901760
21.266521 -3.8494463 -3.3839312 4294901760
3.5970716 -0.66408068 -3.5073221 4294901760
6.0126328 -0.80866593 -3.4776158 4294901760
8.3738518 -1.5459557 -3.4553313 4294901760
10.768336 -1.4482819 -3.4225903 4294901760
13.614232 -2.5134192 -3.460269 4294901760
15.608363 -2.0992386 -3.380698 4294901760
18.277716 -4.3071976 -3.394639 4294901760
25.127842 -3.3795559 -3.3629556 4294901760
21.276476 -3.928 -3.3851113 4294901760
3.5911686 -0.67596215 -3.5055795 4294901760
6.0135894 -0.83017582 -3.478498 4294901760
8.3568401 -1.5729998 -3.4528904 4294901760
10.771048 -1.4869428 -3.4234591 4294901760
13.601476 -2.5601923 -3.4594669 4294901760
15.61276 -2.1553409 -3.3814552 4294901760
18.289682 -4.3774619 -3.3965237 4294901760
25.206806 -3.4797986 -3.3678091 4294901760
21.282225 -4.0059323 -3.3860085 4294901760
3.5923481 -0.68917662 -3.5071442 4294901760
6.0144682 -0.85170209 -3.4793808 4294901760
8.362855 -1.604378 -3.4549172 4294901760
10.765792 -1.5245316 -3.4231768 4294901760
13.608045 -2.6106451 -3.4609895 4294901760
15.620892 -2.2120569 -3.3826027 4294901760
18.270422 -4.4403377 -3.3957713 4294901760
25.170801 -3.5644088 -3.3657107 4294901760
21.260283 -4.0786943 -3.3849139 4294901760
3.5826824 -0.70094645 -3.5037451 4294901760
6.0036831 -0.87263256 -3.4771357 4294901760
8.3530693 -1.6342654 -3.4539576 4294901760
10.764043 -1.5645486 -3.4234576 4294901760
13.598385 -2.6605036 -3.4606388 4294901760
15.612679 -2.2692955 -3.3821747 4294901760
18.265625 -4.5101371 -3.3963194 4294901760
25.173363 -3.6589365 -3.3659797 4294901760
21.268665 -4.1611824 -3.3860736 4294901760
3.5908794 -0.71557343 -3.5086172 4294901760
5.992981 -0.8924492 -3.4748995 4294901760
8.3396206 -1.6618801 -3.452265 4294901760
10.754607 -1.6015303 -3.4226024 4294901760
13.596798 -2.7095056 -3.461235 4294901760
15.596794 -2.3226082 -3.3809912 4294901760
18.276814 -4.580646 -3.3982086 4294901760
25.030195 -3.7273903 -3.3574238 4294901760
21.238371 -4.2322822 -3.3844156 4294901760
3.5849342 -0.72675711 -3.506881 4294901760
5.9976048 -0.91347778 -3.4768322 4294901760
8.3340635 -1.6895262 -3.4520721 4294901760
10.749237 -1.6371851 -3.422338 4294901760
13.58385 -2.7537909 -3.4604566 4294901760
15.596871 -2.3755143 -3.3813858 4294901760
18.269241 -4.6431904 -3.3984725 4294901760
24.938803 -3.7983568 -3.3520215 4294901760
21.232035 -4.3042722 -3.3844936 4294901760
3.5859256 -0.73999906 -3.5084472 4294901760
5.9905734 -0.93381441 -3.4756377 4294901760
8.3204327 -1.7170218 -3.4503822 4294901760
10.739552 -1.6740882 -3.4214857 4294901760
13.570268 -2.8003888 -3.4596634 4294901760
15.592413 -2.4305553 -3.3813727 4294901760
18.272205 -4.7119064 -3.3997059 4294901760
24.980589 -3.8939905 -3.3547287 4294901760
21.212975 -4.3775539 -3.3836949 4294901760
3.5797727 -0.75176674 -3.5067077 4294901760
5.987277 -0.95471978 -3.4754841 4294901760
8.3182268 -1.7468611 -3.4509254 4294901760
10.729738 -1.7109436 -3.4206347 4294901760
13.544876 -2.8444786 -3.45748 4294901760
15.595616 -2.4868472 -3.3821385 4294901760
18.263351 -4.7776756 -3.3999527 4294901760
25.11264 -4.0044141 -3.3629363 4294901760
21.220974 -4.45649 -3.3848889 4294901760
3.5735817 -0.76350039 -3.5049689 4294901760
5.9763041 -0.97437358 -3.4732516 4294901760
8.3235855 -1.7783449 -3.4529574 4294901760
10.735403 -1.7502948 -3.4220865 4294901760
13.534865 -2.8917418 -3.4571548 4294901760
15.571139 -2.5387106 -3.3801861 4294901760
18.223467 -4.8352685 -3.3975675 4294901760
25.067001 -4.0869112 -3.3603823 4294901760
21.216986 -4.5330372 -3.3852322 4294901760
3.5779798 -0.77750951 -3.5081892 4294901760
5.9690676 -0.994596 -3.4720602 4294901760
8.3249931 -1.8090549 -3.454246 4294901760
10.72533 -1.7871084 -3.4212382 4294901760
13.516933 -2.9372845 -3.4559035 4294901760
15.581797 -2.5963171 -3.381732 4294901760
18.194941 -4.8957472 -3.3961732 4294901760
24.934507 -4.1547127 -3.3525763 4294901760
21.216618 -4.6104569 -3.3858614 4294901760
3.5752439 -0.78999424 -3.5081041 4294901760
5.9655595 -1.0154258 -3.471909 4294901760
8.3186274 -1.8381034 -3.4540482 4294901760
10.707337 -1.822546 -3.4192412 4294901760
13.514347 -2.9861617 -3.4565098 4294901760
15.56872 -2.6500247 -3.3809493 4294901760
18.21232 -4.9686627 -3.3987312 4294901760
24.734968 -4.2102547 -3.3407187 4294901760
21.215967 -4.6879296 -3.3864927 4294901760
3.5726044 -0.80184585 -3.5080237 4294901760
5.9735441 -1.0371796 -3.4748843 4294901760
8.3124866 -1.8656788 -3.453861 4294901760
10.712917 -1.8600714 -3.4207098 4294901760
13.496626 -3.0292225 -3.4552784 4294901760
15.559845 -2.701638 -3.3805761 4294901760
18.184225 -5.0258474 -3.3973618 4294901760
24.736593 -4.2949862 -3.3410811 4294901760
21.192524 -4.7565126 -3.385448 4294901760
3.5662498 -0.81350553 -3.5062869 4294901760
5.9774733 -1.0593691 -3.4768128 4294901760
8.3059235 -1.8946835 -3.4536653 4294901760
10.694683 -1.8953857 -3.418716 4294901760
13.489841 -3.0771987 -3.4554241 4294901760
15.550321 -2.7559352 -3.3801854 4294901760
18.162737 -5.0882168 -3.3966334 4294901760
24.729311 -4.382699 -3.3409374 4294901760
21.210773 -4.8384385 -3.3875029 4294901760
26.729298 -3.4003966 -3.3027201 4294901760
3.573983 -0.82840478 -3.5111609 4294901760
5.9737391 -1.0802279 -3.4766636 4294901760
8.2916164 -1.9218935 -3.4519835 4294901760
10.699671 -1.9348155 -3.4201732 4294901760
13.486747 -3.12606 -3.4560347 4294901760
15.540606 -2.810199 -3.3797965 4294901760
18.144865 -5.1515851 -3.3962362 4294901760
24.709934 -4.4682837 -3.3400805 4294901760
21.20929 -4.9160495 -3.3881402 4294901760
26.642061 -3.483844 -3.2978926 4294901760
3.5568085 -0.83817238 -3.5044637 4294901760
5.9545879 -1.0993183 -3.4723506 4294901760
8.2845173 -1.9522709 -3.4517803 4294901760
10.684733 -1.9725837 -3.4187441 4294901760
13.490648 -3.179111 -3.4575582 4294901760
15.510647 -2.8635294 -3.3774507 4294901760
18.129688 -5.2191567 -3.3961506 4294901760
24.724783 -4.5646157 -3.3413422 4294901760
21.198891 -4.9955807 -3.3881879 4294901760
3.5575352 -0.85080588 -3.5060375 4294901760
5.9509096 -1.1190584 -3.4722104 4294901760
8.2703686 -1.9779083 -3.4501114 4294901760
10.682018 -2.0087354 -3.4190671 4294901760
13.464594 -3.2201385 -3.4554071 4294901760
15.501064 -2.9149489 -3.3770854 4294901760
18.127577 -5.2837067 -3.3970931 4294901760
24.96833 -4.6952519 -3.3564923 4294901760
21.186083 -5.0667791 -3.3880036 4294901760
3.5545437 -0.86321884 -3.5059552 4294901760
5.9507504 -1.1405492 -3.4731028 4294901760
8.2710361 -2.0086162 -3.4514062 4294901760
10.678823 -2.0467541 -3.419378 4294901760
13.453272 -3.2671192 -3.4550958 4294901760
15.502513 -2.9712856 -3.3778663 4294901760
18.082283 -5.339056 -3.3944027 4294901760
24.979219 -4.7876363 -3.3575442 4294901760
21.21476 -5.1519914 -3.3909152 4294901760
3.5585487 -0.87735671 -3.5091779 4294901760
5.9429522 -1.1605759 -3.4719176 4294901760
8.2715921 -2.0393531 -3.4527023 4294901760
10.675492 -2.0847752 -3.4196901 4294901760
13.434082 -3.31216 -3.45386 4294901760
15.488145 -3.0246191 -3.3770978 4294901760
18.055906 -5.3998609 -3.3933587 4294901760
24.915365 -4.865624 -3.3540726 4294901760
21.165682 -5.2183785 -3.3881605 4294901760
3.5519474 -0.88889295 -3.5074441 4294901760
5.9313092 -1.1798106 -3.4696949 4294901760
8.2682276 -2.0691662 -3.4532557 4294901760
10.672027 -2.1227977 -3.4200037 4294901760
13.430136 -3.36096 -3.4544787 4294901760
15.481393 -3.0794401 -3.3771067 4294901760
18.033138 -5.4617009 -3.3926461 4294901760
24.819956 -4.936996 -3.3487017 4294901760
21.120262 -5.2854538 -3.3856933 4294901760
3.5453093 -0.9003939 -3.5057113 4294901760
5.9309297 -1.2012724 -3.4705892 4294901760
8.2571526 -2.0970497 -3.4523246 4294901760
10.668425 -2.1608219 -3.4203181 4294901760
13.402938 -3.4039128 -3.4523208 4294901760
15.474446 -3.1342514 -3.3771176 4294901760
18.006346 -5.5222788 -3.3916075 4294901760
24.75955 -5.0148902 -3.34548 4294901760
21.113276 -5.3620892 -3.3860617 4294901760
3.5491657 -0.91457301 -3.508935 4294901760
5.9267006 -1.2219678 -3.4704454 4294901760
8.2497816 -2.1258597 -3.4521375 4294901760
10.664688 -2.1988468 -3.4206338 4294901760
13.390974 -3.4506769 -3.4520171 4294901760
15.451727 -3.1858389 -3.3755803 4294901760
17.990763 -5.5862803 -3.3915565 4294901760
24.722355 -5.0972581 -3.3436904 4294901760
21.133038 -5.445704 -3.3884141 4294901760
3.5494592 -0.92787337 -3.5105069 4294901760
5.9186287 -1.2418574 -3.469264 4294901760
8.2385168 -2.153652 -3.4512086 4294901760
10.637608 -2.2320023 -3.4175062 4294901760
13.37501 -3.4963961 -3.4512525 4294901760
15.444404 -3.2405729 -3.3755949 4294901760
17.982552 -5.6526289 -3.3921647 4294901760
24.817661 -5.2072868 -3.3499901 4294901760
21.059898 -5.5053229 -3.3839757 4294901760
3.5391903 -0.93839931 -3.5071235 4294901760
5.914258 -1.2625097 -3.4691219 4294901760
8.2309484 -2.1823967 -3.4510238 4294901760
10.641347 -2.271596 -3.4189727 4294901760
13.351216 -3.5400112 -3.4495642 4294901760
15.432999 -3.2944641 -3.3752241 4294901760
17.989279 -5.7238183 -3.3940871 4294901760
24.779823 -5.2897196 -3.3482058 4294901760
21.094505 -5.5931072 -3.387464 4294901760
3.5393941 -0.951689 -3.5086963 4294901760
5.9098148 -1.2831466 -3.4689806 4294901760
8.2270689 -2.2121332 -3.4515829 4294901760
10.625628 -2.30705 -3.4175706 4294901760
13.346442 -3.5886548 -3.4501915 4294901760
15.41363 -3.3466272 -3.3740811 4294901760
17.988144 -5.7926812 -3.395355 4294901760
24.67152 -5.3567123 -3.3421488 4294901760
21.071001 -5.6656709 -3.3867102 4294901760
3.5362186 -0.96342087 -3.5086217 4294901760
5.9055276 -1.3027372 -3.468847 4294901760
8.2159033 -2.2383718 -3.4506667 4294901760
10.629498 -2.3448274 -3.4190519 4294901760
13.345953 -3.6360221 -3.4512975 4294901760
15.398565 -3.3968656 -3.3733459 4294901760
17.987768 -5.8584671 -3.3966427 4294901760
24.653624 -5.4384966 -3.3415911 4294901760
21.086716 -5.744945 -3.3888104 4294901760
3.5363288 -0.97672385 -3.5101953 4294901760
5.8971858 -1.3225006 -3.467669 4294901760
8.2118206 -2.2680814 -3.4512277 4294901760
10.632819 -2.3845119 -3.4205213 4294901760
13.34083 -3.6846991 -3.4519277 4294901760
15.378854 -3.4488559 -3.3722074 4294901760
17.963425 -5.9199739 -3.3959467 4294901760
24.708464 -5.5411105 -3.3455186 4294901760
21.062693 -5.8174553 -3.3880618 4294901760
3.5259154 -0.98710722 -3.5068142 4294901760
5.8925338 -1.3430775 -3.46753 4294901760
8.2076311 -2.2977896 -3.4517894 4294901760
10.616723 -2.4198558 -3.4191234 4294901760
13.324066 -3.730175 -3.4511721 4294901760
15.382232 -3.5060518 -3.3733923 4294901760
17.950211 -5.9851618 -3.3962369 4294901760
24.65007 -5.6184583 -3.3425629 4294901760
21.049934 -5.8930917 -3.388164 4294901760
3.5224483 -0.99940902 -3.5067372 4294901760
5.8878093 -1.3636383 -3.467392 4294901760
8.1957865 -2.3253551 -3.4508677 4294901760
10.612062 -2.4577923 -3.4194479 4294901760
13.291877 -3.7712469 -3.4485691 4294901760
15.366024 -3.5588274 -3.3726447 4294901760
17.944304 -6.052875 -3.3971844 4294901760
24.603094 -5.6981668 -3.3403242 4294901760
21.036905 -5.9687104 -3.3882685 4294901760
3.5154545 -1.010697 -3.5050094 4294901760
5.8905129 -1.3859468 -3.4693303 4294901760
8.1876192 -2.3539495 -3.4506893 4294901760
10.603417 -2.4948204 -3.4192002 4294901760
13.267191 -3.8143318 -3.4468932 4294901760
15.345765 -3.6106217 -3.3715127 4294901760
17.919296 -6.1141891 -3.3964956 4294901760
24.602474 -5.7885823 -3.3409355 4294901760
21.031271 -6.0465131 -3.3889406 4294901760
3.511905 -1.022962 -3.5049331 4294901760
5.8781462 -1.4047093 -3.4671178 4294901760
8.1755867 -2.3814182 -3.44977 4294901760
10.5908 -2.5308993 -3.4183805 4294901760
13.265225 -3.8639486 -3.4479926 4294901760
15.340805 -3.6660147 -3.3719292 4294901760
17.897844 -6.1767015 -3.3961372 4294901760
24.597643 -5.8781352 -3.3413122 4294901760
21.036829 -6.1276932 -3.3904617 4294901760
3.5150859 -1.0378799 -3.5081561 4294901760
5.8692145 -1.425335 -3.4659374 4294901760
8.1630421 -2.4102561 -3.4488435 4294901760
10.581453 -2.5696993 -3.4181235 4294901760
13.262391 -3.9159126 -3.449079 4294901760
15.33886 -3.7250323 -3.3727162 4294901760
17.878845 -6.2435718 -3.3960915 4294901760
24.475117 -5.9437666 -3.334554 4294901760
21.018053 -6.205884 -3.3902686 4294901760
3.5081508 -1.0484927 -3.5064335 4294901760
5.8719358 -1.4466332 -3.4678843 4294901760
8.1550035 -2.4373128 -3.4486775 4294901760
10.572874 -2.6047747 -3.4178922 4294901760
13.253133 -3.9610076 -3.4492714 4294901760
15.338006 -3.7787316 -3.3735402 4294901760
17.880575 -6.3107796 -3.3977203 4294901760
24.385532 -6.0077157 -3.3297553 4294901760
21.001175 -6.276691 -3.3901234 4294901760
3.5044699 -1.0607319 -3.5063589 4294901760
5.8705878 -1.4680558 -3.4687874 4294901760
8.1577101 -2.4691732 -3.4507291 4294901760
10.575221 -2.6445417 -3.4193695 4294901760
13.231632 -4.0049467 -3.4480655 4294901760
15.336298 -3.8351426 -3.3743479 4294901760
17.858438 -6.3731556 -3.3973691 4294901760
24.511515 -6.1295857 -3.3381951 4294901760
20.982956 -6.3511147 -3.3899584 4294901760
3.5007455 -1.0729584 -3.5062847 4294901760
5.8654275 -1.4885392 -3.4686537 4294901760
8.1527901 -2.4987831 -3.4512982 4294901760
10.573587 -2.6833847 -3.4202745 4294901760
13.213777 -4.0499463 -3.4473236 4294901760
15.311253 -3.8857183 -3.3728399 4294901760
17.847322 -6.4395099 -3.3980026 4294901760
24.493835 -6.2160916 -3.3378735 4294901760
20.968281 -6.4266572 -3.3900781 4294901760
3.4935169 -1.0840974 -3.5045602 4294901760
5.8527355 -1.5070831 -3.4664462 4294901760
8.1477652 -2.5283892 -3.4518683 4294901760
10.552673 -2.7173202 -3.4183161 4294901760
13.210928 -4.0995741 -3.4484303 4294901760
15.301447 -3.9401324 -3.372879 4294901760
17.813511 -6.4976745 -3.3966746 4294901760
24.410162 -6.2856321 -3.3335323 4294901760
20.964756 -6.5057182 -3.391046 4294901760
3.4966285 -1.0984583 -3.5077887 4294901760
5.8437119 -1.52653 -3.4652767 4294901760
8.1314058 -2.5544634 -3.4502144 4294901760
10.51253 -2.7461469 -3.4134955 4294901760
13.207894 -4.1492314 -3.4495387 4294901760
15.30684 -3.9985459 -3.3744643 4294901760
17.801933 -6.5639496 -3.3973126 4294901760
24.438261 -6.3839111 -3.3360567 4294901760
20.926708 -6.57408 -3.3894796 4294901760
3.4996824 -1.1128542 -3.5110171 4294901760
5.8383474 -1.5469193 -3.4651456 4294901760
8.1224394 -2.5828319 -3.4500451 4294901760
10.518163 -2.7868757 -3.4155507 4294901760
13.178205 -4.1905007 -3.4474173 4294901760
15.292789 -4.0519533 -3.3741207 4294901760
17.801304 -6.6343956 -3.3989339 4294901760
24.5354 -6.5008612 -3.342838 4294901760
20.911232 -6.6495042 -3.3896074 4294901760
3.4957767 -1.1250637 -3.5109446 4294901760
5.8291922 -1.56629 -3.4639781 4294901760
8.1096401 -2.6099672 -3.4491355 4294901760
10.516005 -2.8256254 -3.4164612 4294901760
13.152166 -4.2328291 -3.44576 4294901760
15.290074 -4.1084065 -3.3749368 4294901760
17.800398 -6.7049165 -3.4005568 4294901760
24.558802 -6.5988913 -3.3451266 4294901760
20.899279 -6.7261219 -3.3900194 4294901760
3.4883814 -1.1361368 -3.5092223 4294901760
5.8311229 -1.5886531 -3.4659228 4294901760
8.1079388 -2.6406882 -3.4504511 4294901760
10.502265 -2.8612764 -3.4156551 4294901760
13.133537 -4.2774839 -3.4450278 4294901760
15.271803 -4.1607075 -3.3742115 4294901760
17.75083 -6.757092 -3.3979316 4294901760
24.423971 -6.6541586 -3.3377292 4294901760
20.79986 -6.7743411 -3.3839571 4294901760
3.4779074 -1.1448232 -3.5058568 4294901760
5.818676 -1.604916 -3.4637327 4294901760
8.1070547 -2.6686003 -3.4517841 4294901760
10.508464 -2.8984604 -3.4177361 4294901760
13.123803 -4.3199639 -3.4452469 4294901760
15.266323 -4.2107801 -3.3746791 4294901760
17.722078 -6.8099675 -3.3969777 4294901760
24.452948 -6.7446489 -3.3403139 4294901760
20.831488 -6.8571033 -3.3875153 4294901760
3.4738901 -1.1569563 -3.5057859 4294901760
5.8130383 -1.6252171 -3.4636047 4294901760
8.0939684 -2.6956434 -3.4508781 4294901760
10.509702 -2.9383166 -3.4192221 4294901760
13.119937 -4.3695092 -3.4463634 4294901760
15.243872 -4.2619023 -3.3735721 4294901760
17.720474 -6.8804364 -3.3986073 4294901760
24.298599 -6.7934351 -3.3317485 4294901760
20.822554 -6.9348149 -3.3882167 4294901760
3.4764972 -1.1719973 -3.5090132 4294901760
5.8107491 -1.6475625 -3.4645081 4294901760
8.0840349 -2.725291 -3.450706 4294901760
10.491257 -2.9746599 -3.417836 4294901760
13.107594 -4.4188342 -3.4465458 4294901760
15.251108 -4.324254 -3.375535 4294901760
17.702553 -6.9482489 -3.3989155 4294901760
24.246666 -6.8748279 -3.3295381 4294901760
20.808332 -7.0149078 -3.3886182 4294901760
3.4689536 -1.1829554 -3.5072927 4294901760
5.8049622 -1.6678361 -3.4643817 4294901760
8.0744724 -2.7534933 -3.4505434 4294901760
10.484609 -3.0123553 -3.41818 4294901760
13.09209 -4.4645619 -3.4462821 4294901760
15.232097 -4.3763661 -3.3748178 4294901760
17.67449 -7.0085325 -3.3982625 4294901760
24.280046 -6.9759521 -3.3325496 4294901760
20.768623 -7.0823531 -3.3870742 4294901760
3.4611673 -1.194479 -3.5055695 4294901760
5.8025084 -1.6901784 -3.4652865 4294901760
8.0717402 -2.7856281 -3.4518554 4294901760
10.477291 -3.051868 -3.418514 4294901760
13.075638 -4.5125165 -3.446007 4294901760
15.22359 -4.4343896 -3.3752425 4294901760
17.65238 -7.0747466 -3.3982494 4294901760
24.449697 -7.1218076 -3.3440263 4294901760
20.806593 -7.1805367 -3.3914189 4294901760
3.4608209 -1.2065401 -3.5071578 4294901760
5.7971702 -1.7083989 -3.465174 4294901760
8.0555429 -2.8083901 -3.4502294 4294901760
10.475234 -3.0870028 -3.4194551 4294901760
13.057651 -4.5522666 -3.445312 4294901760
15.228658 -4.4878144 -3.376874 4294901760
17.655912 -7.1406212 -3.4002459 4294901760
24.50758 -7.2222691 -3.3485038 4294901760
20.783932 -7.2458668 -3.3910465 4294901760
3.4497507 -1.2162027 -3.5037892 4294901760
5.7874804 -1.727523 -3.4640133 4294901760
8.0493908 -2.8377964 -3.4508109 4294901760
10.460608 -3.1224191 -3.4186587 4294901760
13.026712 -4.5925417 -3.4432104 4294901760
15.209089 -4.5398083 -3.3761625 4294901760
17.60507 -7.1916661 -3.3976419 4294901760
24.593103 -7.3408718 -3.3548141 4294901760
20.747234 -7.3143959 -3.3897922 4294901760
3.4520986 -1.2312742 -3.5070181 4294901760
5.7811093 -1.7487235 -3.4638839 4294901760
8.0389347 -2.8672798 -3.4506447 4294901760
10.430178 -3.1550169 -3.4155653 4294901760
13.013529 -4.6415892 -3.4434025 4294901760
15.180926 -4.5920677 -3.3746672 4294901760
17.585957 -7.2591834 -3.397963 4294901760
24.451452 -7.3963017 -3.3471959 4294901760
20.694 -7.3810139 -3.3873973 4294901760
3.4479966 -1.242715 -3.506954 4294901760
5.775279 -1.7678846 -3.4637675 4294901760
8.0330715 -2.895252 -3.4512362 4294901760
10.419659 -3.1895869 -3.4153552 4294901760
12.986866 -4.6806817 -3.4417787 4294901760
15.173223 -4.644712 -3.3751316 4294901760
17.569139 -7.3205242 -3.3983178 4294901760
24.415346 -7.4738402 -3.3459971 4294901760
20.699413 -7.4604111 -3.3892608 4294901760
3.4400125 -1.2541022 -3.5052338 4294901760
5.7687602 -1.7890399 -3.4636397 4294901760
8.0297766 -2.9273615 -3.4525537 4294901760
10.419223 -3.231267 -3.4168401 4294901760
12.984536 -4.733685 -3.4433568 4294901760
15.137103 -4.6944022 -3.3728712 4294901760
17.553204 -7.3895035 -3.3989701 4294901760
24.361107 -7.5550013 -3.3438089 4294901760
20.653204 -7.5293999 -3.3874347 4294901760
3.4358351 -1.2655029 -3.5051708 4294901760
5.7591209 -1.8070071 -3.4624889 4294901760
8.0237064 -2.9553289 -3.4531472 4294901760
10.415992 -3.2681673 -3.4177761 4294901760
12.957599 -4.7726035 -3.4417372 4294901760
15.132837 -4.7481456 -3.3737245 4294901760
17.532269 -7.4492292 -3.3990035 4294901760
24.431105 -7.6656103 -3.3492084 4294901760
20.523373 -7.5592647 -3.3791943 4294901760
3.4277766 -1.2768221 -3.5034518 4294901760
5.7634721 -1.8316028 -3.465471 4294901760
8.0017929 -2.9806099 -3.4507642 4294901760
10.392644 -3.3027303 -3.4158335 4294901760
12.951173 -4.8242183 -3.442858 4294901760
15.119123 -4.8047819 -3.3737783 4294901760
17.497526 -7.5102963 -3.3980303 4294901760
24.395239 -7.7526855 -3.3482034 4294901760
20.536625 -7.649744 -3.3818691 4294901760
3.4305348 -1.2901366 -3.5066924 4294901760
5.7540226 -1.8485223 -3.4643276 4294901760
7.9850478 -3.0029726 -3.4491465 4294901760
10.370927 -3.331737 -3.4139249 4294901760
12.947095 -4.869072 -3.4440172 4294901760
15.088808 -4.8473916 -3.3719575 4294901760
17.481155 -7.5683947 -3.3984096 4294901760
24.34037 -7.8195243 -3.3458669 4294901760
20.359497 -7.6566868 -3.3700106 4294901760
3.4226215 -1.3008155 -3.5049779 4294901760
5.7548614 -1.8709781 -3.4662809 4294901760
7.9855161 -3.0350077 -3.4512162 4294901760
10.362994 -3.3691401 -3.4142828 4294901760
12.933729 -4.9156461 -3.4442325 4294901760
15.071796 -4.9000311 -3.3716466 4294901760
17.483826 -7.6421294 -3.400717 4294901760
24.343285 -7.914309 -3.3472464 4294901760
20.541338 -7.8070245 -3.3853371 4294901760
3.4142182 -1.312647 -3.5032575 4294901760
5.7403178 -1.8906515 -3.4640796 4294901760
7.9811249 -3.0684624 -3.4525313 4294901760
10.34998 -3.4089065 -3.4140494 4294901760
12.91476 -4.9652715 -3.443965 4294901760
15.056647 -4.9591112 -3.3716915 4294901760
17.454355 -7.7092061 -3.4003887 4294901760
24.350615 -8.0202055 -3.3490484 4294901760
20.567028 -7.9073 -3.3891196 4294901760
3.4168367 -1.3259897 -3.5064991 4294901760
5.7306943 -1.9074593 -3.4629385 4294901760
7.9751019 -3.0949397 -3.4531372 4294901760
10.33922 -3.4414051 -3.4138596 4294901760
12.913894 -5.0115623 -3.4455888 4294901760
15.05986 -5.0126686 -3.373338 4294901760
17.433687 -7.7656231 -3.4004486 4294901760
24.351801 -8.1054869 -3.3502469 4294901760
20.549519 -7.9747591 -3.3893347 4294901760
3.4184692 -1.3417485 -3.5097282 4294901760
5.7233281 -1.9294494 -3.462811 4294901760
7.9522071 -3.1212399 -3.4507544 4294901760
10.33342 -3.4836042 -3.4147716 4294901760
12.883473 -5.0567613 -3.4439445 4294901760
15.036734 -5.0691862 -3.3726182 4294901760
17.411003 -7.8357754 -3.4007778 4294901760
24.271343 -8.1823597 -3.3466508 4294901760
20.529879 -8.0579739 -3.389756 4294901760
3.4041259 -1.3484761 -3.5047233 4294901760
5.7281775 -1.9511461 -3.4658141 4294901760
7.9460082 -3.1476514 -3.4513624 4294901760
10.333649 -3.5198734 -3.4162979 4294901760
12.88228 -5.1030564 -3.4455712 4294901760
15.039557 -5.1228118 -3.3742676 4294901760
17.375422 -7.8854971 -3.399539 4294901760
24.109541 -8.2122526 -3.3377571 4294901760
20.485931 -8.1150894 -3.3880138 4294901760
3.4027636 -1.3616974 -3.5063102 4294901760
5.7140479 -1.9686202 -3.4636283 4294901760
7.9422545 -3.1782835 -3.4526966 4294901760
10.317562 -3.5546362 -3.41552 4294901760
12.864388 -5.1479931 -3.4453351 4294901760
15.017823 -5.1739836 -3.3735821 4294901760
17.355032 -7.9494181 -3.3999026 4294901760
24.084499 -8.2976608 -3.3375092 4294901760
20.450073 -8.1835871 -3.387078 4294901760
3.4013515 -1.3749256 -3.5078979 4294901760
5.7107787 -1.989821 -3.4645503 4294901760
7.9311132 -3.2059877 -3.4525518 4294901760
10.297627 -3.5880282 -3.4141726 4294901760
12.846342 -5.1928668 -3.445101 4294901760
15.010939 -5.230299 -3.3744359 4294901760
17.334408 -8.0132923 -3.4002688 4294901760
24.021479 -8.3698635 -3.334918 4294901760
20.402906 -8.2474508 -3.3853052 4294901760
3.3893349 -1.3852326 -3.5045316 4294901760
5.6994638 -2.010453 -3.4633906 4294901760
7.9187441 -3.2364173 -3.4523942 4294901760
10.291228 -3.6301715 -3.4150906 4294901760
12.822635 -5.240654 -3.4443858 4294901760
14.994494 -5.2892218 -3.3744936 4294901760
17.303511 -8.079792 -3.3999579 4294901760
23.898849 -8.4301815 -3.3287652 4294901760
20.352634 -8.3181906 -3.3834991 4294901760
3.38783 -1.3984385 -3.50612 4294901760
5.6924114 -2.0303357 -3.4632785 4294901760
7.911025 -3.2655363 -3.4529922 4294901760
10.274773 -3.6647449 -3.4143176 4294901760
12.822601 -5.2929511 -3.446455 4294901760
14.994672 -5.3482103 -3.3761191 4294901760
17.267996 -8.1367483 -3.3990273 4294901760
23.982031 -8.5537682 -3.3353314 4294901760
20.297678 -8.3785353 -3.3811738 4294901760
3.3800733 -1.4076809 -3.5044165 4294901760
5.6860051 -2.0482087 -3.4631786 4294901760
7.8934851 -3.2873573 -3.4513857 4294901760
10.259489 -3.6956661 -3.4135661 4294901760
12.80591 -5.3332086 -3.4462492 4294901760
14.977796 -5.3952909 -3.3758557 4294901760
17.24235 -8.190958 -3.398778 4294901760
24.045135 -8.6615219 -3.3405368 4294901760
20.322781 -8.4637194 -3.3847678 4294901760
3.3782327 -1.421466 -3.5060029 4294901760
5.6820788 -2.070354 -3.4640977 4294901760
7.8849978 -3.3177869 -3.4519787 4294901760
10.253303 -3.7359507 -3.4144983 4294901760
12.797249 -5.3847251 -3.4473906 4294901760
14.961658 -5.4515133 -3.3759341 4294901760
17.208622 -8.2523766 -3.3981647 4294901760
24.065718 -8.7687197 -3.3433278 4294901760
20.251202 -8.5211411 -3.3813112 4294901760
3.37325 -1.4332496 -3.5059435 4294901760
5.6712027 -2.0888441 -3.4629531 4294901760
7.8733683 -3.3452907 -3.4518402 4294901760
10.232781 -3.7689862 -3.4131594 4294901760
12.778374 -5.4293633 -3.4471657 4294901760
14.949999 -5.506454 -3.3764131 4294901760
17.186878 -8.3158636 -3.3985438 4294901760
23.99003 -8.8361216 -3.3400521 4294901760
20.210325 -8.587101 -3.380116 4294901760
3.3618152 -1.4415705 -3.5025897 4294901760
5.6642451 -2.1076391 -3.4628499 4294901760
7.8730464 -3.376019 -3.4539282 4294901760
10.212819 -3.8001423 -3.4118319 4294901760
12.763947 -5.4732718 -3.4474134 4294901760
14.939113 -5.5587745 -3.3769083 4294901760
17.15563 -8.3710661 -3.397963 4294901760
23.897022 -8.8919706 -3.3356328 4294901760
20.020519 -8.5849419 -3.3674712 4294901760
3.3600895 -1.4547368 -3.5041802 4294901760
5.6568532 -2.127398 -3.4627419 4294901760
7.8540163 -3.4003637 -3.4523129 4294901760
10.20689 -3.8385508 -3.4127781 4294901760
12.737482 -5.5146399 -3.4462733 4294901760
14.923341 -5.6122875 -3.3770072 4294901760
17.126305 -8.4308996 -3.3976967 4294901760
23.824753 -8.9598808 -3.3326015 4294901760
20.184336 -8.7387247 -3.3819487 4294901760
3.3613782 -1.4699475 -3.5074174 4294901760
5.6598186 -2.1522243 -3.465734 4294901760
7.855875 -3.4354134 -3.4551287 4294901760
10.192752 -3.8759348 -3.4125752 4294901760
12.717184 -5.5612879 -3.4460433 4294901760
14.913821 -5.6711864 -3.3778615 4294901760
17.098854 -8.4953852 -3.3977454 4294901760
23.44116 -8.913825 -3.310123 4294901760
20.093727 -8.7870874 -3.37711 4294901760
3.3562267 -1.481672 -3.50736 4294901760
5.6666546 -2.1774945 -3.4697671 4294901760
7.8474236 -3.4643989 -3.455734 4294901760
10.179161 -3.9114909 -3.4123836 4294901760
12.704954 -5.6088505 -3.4467452 4294901760
14.897647 -5.7246375 -3.3779645 4294901760
17.065536 -8.553236 -3.3971593 4294901760
23.637112 -9.0829039 -3.3239577 4294901760
3.347723 -1.4919026 -3.5056543 4294901760
5.6590185 -2.1972616 -3.4696612 4294901760
7.8352828 -3.4917703 -3.455601 4294901760
10.187551 -3.9555826 -3.4156151 4294901760
12.688923 -5.6547799 -3.4469891 4294901760
14.884988 -5.7794847 -3.3784533 4294901760
17.042685 -8.6163473 -3.3975515 4294901760
23.642458 -9.179801 -3.3258557 4294901760
20.108364 -8.9612322 -3.382297 4294901760
3.3394506 -1.5015091 -3.5039523 4294901760
5.6588736 -2.2188275 -3.4716311 4294901760
7.8343921 -3.5225587 -3.4576936 4294901760
10.178058 -3.9907866 -3.4160056 4294901760
12.680958 -5.7017083 -3.4481645 4294901760
14.873146 -5.8317165 -3.3789575 4294901760
17.02821 -8.6800499 -3.3986092 4294901760
23.589598 -9.2494116 -3.3240354 4294901760
20.136713 -9.0540218 -3.3864472 4294901760
3.3374901 -1.5146552 -3.5055451 4294901760
5.6510935 -2.2385674 -3.4715266 4294901760
7.8113332 -3.5450222 -3.4553452 4294901760
10.160391 -4.0248351 -3.4152477 4294901760
12.671817 -5.7508583 -3.4493306 4294901760
14.860092 -5.8865275 -3.3794496 4294901760
17.008432 -8.7449007 -3.3993309 4294901760
23.794594 -9.4257517 -3.3385649 4294901760
20.104986 -9.124258 -3.386111 4294901760
3.3288867 -1.5247861 -3.5038412 4294901760
5.6360927 -2.2554173 -3.4693539 4294901760
7.791779 -3.5690002 -3.4537377 4294901760
10.153619 -4.0632138 -3.4162018 4294901760
12.666096 -5.8016658 -3.4509573 4294901760
14.846839 -5.941318 -3.3799441 4294901760
16.977804 -8.8042173 -3.3990805 4294901760
23.813414 -9.5295076 -3.3414013 4294901760
20.025894 -9.1727982 -3.3821468 4294901760
3.3268347 -1.5379183 -3.505435 4294901760
5.6281853 -2.2750776 -3.4692512 4294901760
7.7828341 -3.5978231 -3.4543488 4294901760
10.135709 -4.0971503 -3.4154468 4294901760
12.645767 -5.8458438 -3.4507492 4294901760
14.833384 -5.9960885 -3.3804402 4294901760
16.943438 -8.8615818 -3.3985081 4294901760
23.657921 -9.5632248 -3.3332565 4294901760
20.00461 -9.2476654 -3.3826556 4294901760
3.3178906 -1.5485679 -3.5037296 4294901760
5.6162438 -2.2942336 -3.4681098 4294901760
7.7695951 -3.6263239 -3.4542155 4294901760
10.116966 -4.1327772 -3.4146845 4294901760
12.617064 -5.8887963 -3.4496145 4294901760
14.81499 -6.0519185 -3.3805418 4294901760
16.921415 -8.9291992 -3.3992255 4294901760
23.556223 -9.6227083 -3.3286023 4294901760
19.970581 -9.3209229 -3.3823133 4294901760
3.3157446 -1.561685 -3.5053244 4294901760
5.6082015 -2.3138242 -3.4680092 4294901760
7.7568898 -3.6534231 -3.4540899 4294901760
10.117093 -4.1740966 -3.4167826 4294901760
12.600023 -5.934494 -3.4498696 4294901760
14.801127 -6.1066294 -3.381042 4294901760
16.897175 -8.9919538 -3.3996329 4294901760
23.526178 -9.706399 -3.3284132 4294901760
19.981205 -9.4109621 -3.3853402 4294901760
3.3042724 -1.568984 -3.5019798 4294901760
5.6044602 -2.3329115 -3.4689536 4294901760
7.7453737 -3.677774 -3.4539778 4294901760
10.096632 -4.2028222 -3.4154806 4294901760
12.5849 -5.97575 -3.4501464 4294901760
14.789213 -6.1561551 -3.3815708 4294901760
16.889898 -9.0562849 -3.4013658 4294901760
23.502934 -9.7833271 -3.3285027 4294901760
19.947937 -9.4719772 -3.3847725 4294901760
3.3050377 -1.584218 -3.5052211 4294901760
5.6029735 -2.3564236 -3.4709179 4294901760
7.7353792 -3.7078328 -3.4545872 4294901760
10.077516 -4.2382669 -3.4147232 4294901760
12.548601 -6.0149751 -3.4481008 4294901760
14.76655 -6.210319 -3.3812959 4294901760
16.849588 -9.1143389 -3.4004674 4294901760
23.522093 -9.8926077 -3.331567 4294901760
19.859161 -9.5191784 -3.3802533 4294901760
3.3062937 -1.5983249 -3.5084679 4294901760
5.6022196 -2.3780012 -3.4728928 4294901760
7.7159777 -3.7300496 -3.4529939 4294901760
10.063406 -4.2716622 -3.4145548 4294901760
12.535729 -6.060009 -3.4488301 4294901760
14.742214 -6.257699 -3.3806663 4294901760
16.836754 -9.1796961 -3.4018676 4294901760
23.709541 -10.064103 -3.345176 4294901760
19.845432 -9.5936575 -3.3813505 4294901760
3.2873816 -1.6040732 -3.501821 4294901760
5.5899262 -2.3970003 -3.471756 4294901760
7.7057805 -3.7600248 -3.4536057 4294901760
10.040418 -4.3054028 -3.4132311 4294901760
12.545531 -6.1215739 -3.4527531 4294901760
14.711869 -6.3085542 -3.3796303 4294901760
16.806488 -9.2432642 -3.4019489 4294901760
23.701834 -10.163515 -3.3466079 4294901760
19.781475 -9.6523428 -3.378793 4294901760
3.2918024 -1.6197675 -3.506717 4294901760
5.5784116 -2.4139943 -3.4706299 4294901760
7.7073464 -3.7924843 -3.4564464 4294901760
10.036967 -4.3433833 -3.4147747 4294901760
12.518042 -6.1596398 -3.4516506 4294901760
14.709119 -6.3652039 -3.3813019 4294901760
16.765291 -9.2931528 -3.4007578 4294901760
23.470249 -10.156484 -3.3336229 4294901760
19.756512 -9.7214079 -3.3790588 4294901760
3.2796335 -1.6280243 -3.50337 4294901760
5.5699511 -2.4334519 -3.4705338 4294901760
7.6905479 -3.8176212 -3.4555893 4294901760
10.028987 -4.381557 -3.415741 4294901760
12.492908 -6.2015343 -3.450999 4294901760
14.697741 -6.4212852 -3.3821969 4294901760
16.764038 -9.3691044 -3.4034517 4294901760
23.383459 -10.215983 -3.3299549 4294901760
19.722456 -9.7903118 -3.3787549 4294901760
3.2801275 -1.6432816 -3.5066137 4294901760
5.5680428 -2.4569604 -3.4725018 4294901760
7.6905317 -3.8528101 -3.4584203 4294901760
10.027327 -4.4246688 -3.4178388 4294901760
12.466548 -6.2455034 -3.4503405 4294901760
14.681385 -6.4783239 -3.3826988 4294901760
16.733057 -9.4324417 -3.4035413 4294901760
23.331257 -10.295176 -3.328603 4294901760
19.661491 -9.8500328 -3.3764875 4294901760
3.2743711 -1.6547213 -3.5065641 4294901760
5.5523953 -2.4732468 -3.4703398 4294901760
7.6700344 -3.8760936 -3.4568272 4294901760
10.008209 -4.458035 -3.4170995 4294901760
12.455296 -6.2943511 -3.4515276 4294901760
14.665947 -6.5327673 -3.383215 4294901760
16.696568 -9.4888239 -3.4029958 4294901760
23.302467 -10.3798 -3.3286738 4294901760
19.644777 -9.9275951 -3.3775837 4294901760
3.2685754 -1.666141 -3.506515 4294901760
5.5472417 -2.4941928 -3.4712803 4294901760
7.6564584 -3.902844 -3.456712 4294901760
9.9889832 -4.4913225 -3.4163618 4294901760
12.419108 -6.3305821 -3.4495068 4294901760
14.628545 -6.5773978 -3.3814383 4294901760
16.656433 -9.5430899 -3.4021289 4294901760
23.266094 -10.461078 -3.3282819 4294901760
19.578037 -9.9798136 -3.3747811 4294901760
3.2630322 -1.6769707 -3.506469 4294901760
5.53894 -2.5125747 -3.4711924 4294901760
7.6469617 -3.9300044 -3.4573424 4294901760
9.9704342 -4.5227895 -3.4156344 4294901760
12.408634 -6.3771715 -3.450707 4294901760
14.613898 -6.6291585 -3.3819714 4294901760
16.631592 -9.602253 -3.4025729 4294901760
23.205839 -10.526635 -3.3262825 4294901760
19.491648 -10.017345 -3.3703258 4294901760
3.2571588 -1.6883506 -3.5064209 4294901760
5.5301356 -2.5318937 -3.4711006 4294901760
7.6297154 -3.9548686 -3.4564915 4294901760
9.9509916 -4.5559196 -3.4148998 4294901760
12.393344 -6.424099 -3.4514408 4294901760
14.601517 -6.6850963 -3.3828762 4294901760
16.608299 -9.6662607 -3.4033327 4294901760
23.299564 -10.667374 -3.3342812 4294901760
19.537971 -10.127522 -3.3764455 4294901760
3.254458 -1.7013894 -3.5080209 4294901760
5.5212641 -2.551182 -3.4710095 4294901760
7.6054358 -3.9760256 -3.4541652 4294901760
9.9278536 -4.5873117 -3.4135981 4294901760
12.367329 -6.4654827 -3.4508016 4294901760
14.578094 -6.7360239 -3.3826361 4294901760
16.557281 -9.7140999 -3.4015017 4294901760
23.309278 -10.770397 -3.3369246 4294901760
19.509567 -10.199354 -3.3767173 4294901760
3.2455909 -1.7104821 -3.5063286 4294901760
5.5197563 -2.5727317 -3.4729912 4294901760
7.5956783 -4.0030527 -3.4547989 4294901760
9.9233332 -4.6252179 -3.4151514 4294901760
12.338798 -6.5027585 -3.4497151 4294901760
14.548466 -6.7809696 -3.3816459 4294901760
16.521549 -9.7669249 -3.4009807 4294901760
23.255348 -10.839206 -3.3353996 4294901760
19.465054 -10.258417 -3.3756139 4294901760
3.2363994 -1.7200996 -3.5046344 4294901760
5.5177131 -2.5952625 -3.4749691 4294901760
7.5851221 -4.031383 -3.4554281 4294901760
9.9178581 -4.6648755 -3.4166977 4294901760
12.333545 -6.5551009 -3.4518297 4294901760
14.535503 -6.8367901 -3.3825569 4294901760
16.50104 -9.8326912 -3.4020729 4294901760
23.246256 -10.933902 -3.3368847 4294901760
19.43969 -10.331915 -3.3761704 4294901760
3.2367656 -1.7348112 -3.5078835 4294901760
5.4981813 -2.6095524 -3.4717798 4294901760
7.5813751 -4.0633941 -3.457535 4294901760
9.9015141 -4.6994672 -3.4165385 4294901760
12.310587 -6.5981126 -3.4516547 4294901760
14.52233 -6.8926034 -3.3834698 4294901760
16.463202 -9.8881798 -3.401547 4294901760
23.164692 -10.99445 -3.3337197 4294901760
19.396479 -10.395942 -3.3753378 4294901760
3.2275012 -1.7443755 -3.5061908 4294901760
5.4959865 -2.632056 -3.4737592 4294901760
7.5671449 -4.0898333 -3.4574285 4294901760
9.8957424 -4.7391219 -3.4180875 4294901760
12.29097 -6.6429305 -3.4519396 4294901760
14.505354 -6.9466887 -3.3840027 4294901760
16.449028 -9.957962 -3.4032924 4294901760
23.126171 -11.075242 -3.3333509 4294901760
19.25836 -10.408613 -3.3669941 4294901760
3.2150257 -1.752161 -3.5028505 4294901760
5.4902334 -2.6529002 -3.4747059 4294901760
7.5562658 -4.1180987 -3.458061 4294901760
9.8755817 -4.7719159 -3.4173622 4294901760
12.264223 -6.6838946 -3.4513106 4294901760
14.481018 -6.9972787 -3.3837736 4294901760
16.397171 -10.004947 -3.4014761 4294901760
23.116114 -11.169788 -3.3348458 4294901760
19.200905 -10.464326 -3.3650568 4294901760
3.2117593 -1.7656796 -3.5044515 4294901760
5.4839363 -2.6746943 -3.4756489 4294901760
7.5514336 -4.1514359 -3.4601657 4294901760
9.8580256 -4.8080802 -3.4171999 4294901760
12.246598 -6.7326241 -3.4520493 4294901760
14.469574 -7.0572824 -3.3850634 4294901760
16.36039 -10.064979 -3.4012733 4294901760
22.999704 -11.217705 -3.3295839 4294901760
19.277714 -10.598012 -3.3739598 4294901760
3.2090576 -1.7780775 -3.5060575 4294901760
5.4784918 -2.6945646 -3.4766011 4294901760
7.5376253 -4.1764545 -3.460068 4294901760
9.8455725 -4.8424883 -3.417623 4294901760
12.234616 -6.7789674 -3.4532645 4294901760
14.453225 -7.1087356 -3.3856139 4294901760
16.320154 -10.114981 -3.4004443 4294901760
22.081549 -10.860683 -3.2720728 4294901760
19.284309 -10.685068 -3.3770478 4294901760
3.1993542 -1.7880586 -3.5043645 4294901760
5.4651294 -2.7129138 -3.4754796 4294901760
7.5291152 -4.20788 -3.461437 4294901760
9.8277578 -4.8785415 -3.417464 4294901760
12.209688 -6.8237638 -3.4530911 4294901760
14.412827 -7.1545887 -3.3838527 4294901760
16.289724 -10.178949 -3.4008954 4294901760
23.042351 -11.438322 -3.3367732 4294901760
19.238056 -10.751785 -3.3762183 4294901760
3.1930933 -1.7992157 -3.5043218 4294901760
5.4590697 -2.7336988 -3.4764292 4294901760
7.5007124 -4.2264347 -3.458385 4294901760
9.8212709 -4.9181271 -3.4190199 4294901760
12.192708 -6.8702383 -3.4538438 4294901760
14.366426 -7.194171 -3.3813417 4294901760
16.250723 -10.233626 -3.4003866 4294901760
23.059368 -11.547273 -3.3401382 4294901760
19.200407 -10.818874 -3.3759615 4294901760
3.1902621 -1.8115845 -3.5059292 4294901760
5.4465365 -2.7500505 -3.4753177 4294901760
7.4866567 -4.2512841 -3.4582908 4294901760
9.8049088 -4.9506679 -3.4188786 4294901760
12.176761 -6.9145517 -3.4546065 4294901760
14.374442 -7.2579045 -3.3845711 4294901760
16.216698 -10.287459 -3.4002137 4294901760
23.006701 -11.616481 -3.3388777 4294901760
19.126293 -10.86083 -3.3726621 4294901760
3.1870649 -1.8245106 -3.5075345 4294901760
5.443769 -2.772542 -3.4773021 4294901760
7.4751744 -4.2793403 -3.4589305 4294901760
9.7875681 -4.9848633 -3.4187315 4294901760
12.14222 -6.9511008 -3.4530737 4294901760
14.356108 -7.3116465 -3.385119 4294901760
16.167271 -10.335423 -3.3987393 4294901760
22.930456 -11.67861 -3.3362107 4294901760
18.92219 -10.832455 -3.3590691 4294901760
3.174397 -1.8320005 -3.5041988 4294901760
5.4237785 -2.786247 -3.474122 4294901760
7.4601908 -4.3054075 -3.4588339 4294901760
9.7771397 -5.0226102 -3.419723 4294901760
12.124754 -6.9974089 -3.4538321 4294901760
14.323423 -7.3580799 -3.3841422 4294901760
16.087568 -10.363756 -3.3943546 4294901760
22.648197 -11.634597 -3.3200846 4294901760
18.81175 -10.856592 -3.3529878 4294901760
3.1711166 -1.8448929 -3.5058055 4294901760
5.4242802 -2.8104787 -3.4771411 4294901760
7.4485073 -4.3333941 -3.459476 4294901760
9.7665663 -5.0603447 -3.4207158 4294901760
12.100254 -7.0396891 -3.4536769 4294901760
14.304713 -7.4116917 -3.3846943 4294901760
22.550758 -11.68421 -3.3160374 4294901760
18.963266 -11.032454 -3.3680305 4294901760
3.1615298 -1.8541169 -3.5041182 4294901760
5.4144368 -2.8293962 -3.477062 4294901760
7.4231844 -4.3534155 -3.4571688 4294901760
9.7418365 -5.090745 -3.4194365 4294901760
12.079031 -7.0838919 -3.4539816 4294901760
14.268182 -7.4560552 -3.3833408 4294901760
15.948163 -10.432211 -3.3875384 4294901760
22.60532 -11.812754 -3.3219731 4294901760
19.003736 -11.144968 -3.374181 4294901760
3.1581597 -1.8669864 -3.5057259 4294901760
5.3977122 -2.844687 -3.4749179 4294901760
7.4146967 -4.3832927 -3.4585512 4294901760
9.7135181 -5.1191907 -3.4175906 4294901760
12.047399 -7.1219735 -3.4529152 4294901760
14.259658 -7.5150843 -3.385042 4294901760
16.018063 -10.557955 -3.3977277 4294901760
22.585131 -11.902751 -3.3230379 4294901760
18.961287 -11.209207 -3.3736653 4294901760
3.1516235 -1.8779992 -3.5056868 4294901760
5.397954 -2.8689344 -3.4779391 4294901760
7.4027209 -4.4111562 -3.4591968 4294901760
9.7025709 -5.156776 -3.4185879 4294901760
12.032692 -7.1700773 -3.4541388 4294901760
14.240364 -7.5685482 -3.3856006 4294901760
15.991064 -10.620414 -3.3985336 4294901760
22.554016 -11.987134 -3.3234103 4294901760
18.860397 -11.238593 -3.3684311 4294901760
3.1453784 -1.88844 -3.50565 4294901760
5.381619 -2.8831806 -3.4758005 4294901760
7.3746014 -4.4276047 -3.456161 4294901760
9.702836 -5.1982551 -3.421298 4294901760
12.01225 -7.2119823 -3.4544566 4294901760
14.215187 -7.6157289 -3.3854084 4294901760
15.962375 -10.677812 -3.3990264 4294901760
22.489519 -12.048669 -3.3214829 4294901760
18.846952 -11.315439 -3.370156 4294901760
3.1418686 -1.9012845 -3.5072589 4294901760
5.3715219 -2.9019485 -3.4757249 4294901760
7.3624558 -4.4553499 -3.4568093 4294901760
9.6846313 -5.2320924 -3.4211617 4294901760
11.976817 -7.247705 -3.4529388 4294901760
14.195514 -7.6690831 -3.3859713 4294901760
15.918403 -10.729015 -3.3982198 4294901760
22.370089 -12.085373 -3.3160663 4294901760
18.810749 -11.383222 -3.3702059 4294901760
3.132118 -1.9103526 -3.5055747 4294901760
5.3647428 -2.9225235 -3.4766829 4294901760
7.3435111 -4.4789805 -3.4559839 4294901760
9.6489553 -5.256412 -3.4181864 4294901760
11.948058 -7.2874022 -3.4523382 4294901760
14.172151 -7.72049 -3.3861549 4294901760
15.884149 -10.786752 -3.3983867 4294901760
22.49596 -12.25501 -3.3268805 4294901760
18.760689 -11.442586 -3.3691483 4294901760
3.1223421 -1.9193753 -3.5038905 4294901760
5.3511319 -2.9393771 -3.4755762 4294901760
7.3378558 -4.5107484 -3.4581094 4294901760
9.6270828 -5.2881575 -3.4174852 4294901760
11.925927 -7.331141 -3.4526546 4294901760
14.1486 -7.7718267 -3.3863406 4294901760
15.843113 -10.839884 -3.3979094 4294901760
22.515997 -12.368039 -3.3307416 4294901760
18.703651 -11.497563 -3.3675389 4294901760
3.1128778 -1.9278102 -3.5022089 4294901760
5.3447256 -2.9589725 -3.4765394 4294901760
7.3361964 -4.5433183 -3.4609776 4294901760
9.6164103 -5.3238826 -3.4184964 4294901760
11.898178 -7.3685608 -3.4520652 4294901760
14.12275 -7.8187041 -3.3861573 4294901760
15.820198 -10.901401 -3.3990595 4294901760
22.495808 -12.454236 -3.3318396 4294901760
18.658642 -11.555326 -3.3667767 4294901760
3.1057911 -1.9392064 -3.5021715 4294901760
5.3338447 -2.9785416 -3.4764636 4294901760
7.3194947 -4.5701756 -3.4608889 4294901760
9.6106367 -5.3668008 -3.4206319 4294901760
11.867725 -7.4100184 -3.4514642 4294901760
14.090526 -7.8684745 -3.3855758 4294901760
15.780133 -10.959311 -3.3989038 4294901760
22.547558 -12.591075 -3.3380063 4294901760
18.6094 -11.619412 -3.3659964 4294901760
3.0990031 -1.9500357 -3.5021362 4294901760
5.3200579 -2.9952519 -3.4753597 4294901760
7.3101373 -4.5998755 -3.4622803 4294901760
9.6056194 -5.408071 -3.422775 4294901760
11.835071 -7.4471722 -3.4504147 4294901760
14.073371 -7.9234653 -3.3865309 4294901760
15.735257 -11.00976 -3.3981116 4294901760
22.538239 -12.689281 -3.3400209 4294901760
18.548483 -11.67156 -3.36412 4294901760
3.0894578 -1.9583613 -3.5004563 4294901760
5.3134465 -3.0147789 -3.4763253 4294901760
7.284904 -4.6177921 -3.4599907 4294901760
9.5807581 -5.4359946 -3.4215186 4294901760
11.81366 -7.488503 -3.4507461 4294901760
14.043559 -7.9681287 -3.3859727 4294901760
15.698658 -11.061881 -3.3979762 4294901760
22.464802 -12.74623 -3.3376536 4294901760
18.516409 -11.737276 -3.3644774 4294901760
3.0883687 -1.9735755 -3.5037141 4294901760
5.3023615 -3.0342333 -3.4762523 4294901760
7.2712355 -4.6465735 -3.4606433 4294901760
9.5642004 -5.4730358 -3.4219546 4294901760
11.796165 -7.5381613 -3.4519804 4294901760
14.014261 -8.0195475 -3.3857796 4294901760
15.664507 -11.123957 -3.3984761 4294901760
22.369446 -12.800734 -3.3341038 4294901760
18.459829 -11.796475 -3.3631527 4294901760
3.0845091 -1.9863067 -3.5053272 4294901760
5.3017478 -3.0584979 -3.4792809 4294901760
7.2681627 -4.6804209 -3.4635124 4294901760
9.5450382 -5.5063882 -3.4218309 4294901760
11.763109 -7.5749955 -3.4509375 4294901760
13.979292 -8.0644426 -3.3848362 4294901760
15.632058 -11.183203 -3.3989856 4294901760
22.272785 -12.848832 -3.3303423 4294901760
18.401781 -11.850048 -3.3615644 4294901760
3.0745153 -1.995088 -3.5036471 4294901760
5.284379 -3.073113 -3.4771483 4294901760
7.2452002 -4.7014928 -3.4619603 4294901760
9.5325918 -5.5436468 -3.4228442 4294901760
11.743251 -7.6203294 -3.451725 4294901760
13.940742 -8.107192 -3.3835144 4294901760
15.589695 -11.235373 -3.3985283 4294901760
22.007034 -12.798118 -3.3152463 4294901760
18.360304 -11.91421 -3.3613665 4294901760
3.0614643 -2.0018401 -3.5003214 4294901760
5.2736201 -3.0915399 -3.4770813 4294901760
7.2353101 -4.7310476 -3.4633574 4294901760
9.5200033 -5.5808854 -3.4238589 4294901760
11.723223 -7.6656179 -3.4525149 4294901760
13.919221 -8.1598263 -3.3840997 4294901760
15.563274 -11.299081 -3.3996899 4294901760
22.175655 -12.999974 -3.3293128 4294901760
18.318604 -11.978227 -3.3611717 4294901760
3.0612161 -2.0154352 -3.5035856 4294901760
5.2638817 -3.1080925 -3.4770219 4294901760
7.2204113 -4.7537551 -3.4632893 4294901760
9.4990196 -5.608757 -3.4231837 4294901760
11.695769 -7.7002287 -3.4519475 4294901760
13.896941 -8.2055378 -3.3843236 4294901760
15.527699 -11.347919 -3.399574 4294901760
22.210297 -13.114212 -3.334152 4294901760
18.250914 -12.015987 -3.3585038 4294901760
3.044394 -2.0211592 -3.4986112 4294901760
5.2519083 -3.1282816 -3.4769502 4294901760
7.1988373 -4.7792745 -3.4624703 4294901760
9.4842052 -5.6492348 -3.4241896 4294901760
11.679339 -7.753859 -3.4536431 4294901760
13.858499 -8.2547674 -3.3833725 4294901760
15.474394 -11.400371 -3.3984663 4294901760
22.122066 -13.176934 -3.3313053 4294901760
18.188034 -12.074951 -3.3569107 4294901760
3.04636 -2.0378208 -3.50352 4294901760
5.2442589 -3.1485777 -3.4779181 4294901760
7.1918912 -4.8109169 -3.4646082 4294901760
9.4610386 -5.6802716 -3.423506 4294901760
11.652202 -7.7945805 -3.4535244 4294901760
13.829599 -8.303093 -3.383203 4294901760
15.380134 -11.413967 -3.3928502 4294901760
22.075937 -13.254075 -3.3310347 4294901760
18.139147 -12.133934 -3.3561718 4294901760
3.0362217 -2.0464156 -3.501843 4294901760
5.2332363 -3.1668637 -3.4778547 4294901760
7.1718011 -4.8337994 -3.4637995 4294901760
9.4546795 -5.7214465 -3.4256618 4294901760
11.618341 -7.8307705 -3.4524939 4294901760
13.810739 -8.3574915 -3.3841779 4294901760
15.372098 -11.491431 -3.395962 4294901760
22.053434 -13.345513 -3.3323863 4294901760
18.090067 -12.192719 -3.3554361 4294901760
3.0260613 -2.0549653 -3.5001667 4294901760
5.2188621 -3.1831069 -3.4767601 4294901760
7.1483951 -4.8543973 -3.462255 4294901760
9.4481478 -5.7626481 -3.427819 4294901760
11.594218 -7.8735075 -3.4528365 4294901760
13.784879 -8.4077225 -3.3843939 4294901760
15.315985 -11.533041 -3.3942297 4294901760
21.996494 -13.416181 -3.3314292 4294901760
18.0441 -12.253551 -3.3549809 4294901760
3.0188694 -2.0655155 -3.5001373 4294901760
5.2044373 -3.1992874 -3.4756665 4294901760
7.1314058 -4.8793197 -3.4621859 4294901760
9.4313421 -5.7976627 -3.4282749 4294901760
11.566664 -7.9139304 -3.4527242 4294901760
13.748669 -8.451623 -3.3834698 4294901760
15.291499 -11.598469 -3.3957312 4294901760
21.94953 -13.49288 -3.3311698 4294901760
17.981474 -12.302954 -3.3531435 4294901760
3.011641 -2.0760407 -3.5001085 4294901760
5.1997867 -3.2214921 -3.4776697 4294901760
7.1078725 -4.8997316 -3.4606442 4294901760
9.411047 -5.8305492 -3.428165 4294901760
11.535702 -7.9520063 -3.452157 4294901760
13.715703 -8.4974689 -3.3829291 4294901760
15.260411 -11.659028 -3.3965893 4294901760
21.87516 -13.552606 -3.3290653 4294901760
3.0051043 -2.0854921 -3.5000832 4294901760
5.1831045 -3.2337341 -3.4755521 4294901760
7.0924444 -4.9220376 -3.4605842 4294901760
9.3893299 -5.8579941 -3.4275002 4294901760
11.507403 -7.9859452 -3.4516027 4294901760
13.699062 -8.5468321 -3.3839288 4294901760
15.233181 -11.714197 -3.3974607 4294901760
21.825705 -13.617037 -3.3283768 4294901760
17.804501 -12.356026 -3.3447866 4294901760
2.9974401 -2.0964923 -3.5000539 4294901760
5.1712174 -3.2527099 -3.4754901 4294901760
7.0904269 -4.95924 -3.4641993 4294901760
9.361105 -5.8881602 -3.4262533 4294901760
11.478056 -8.0280685 -3.4514911 4294901760
13.664277 -8.5948668 -3.3833845 4294901760
15.196441 -11.77483 -3.3979957 4294901760
21.745251 -13.67782 -3.3260372 4294901760
17.693754 -12.375499 -3.3390739 4294901760
2.9871404 -2.1048541 -3.4983804 4294901760
5.1533251 -3.2666156 -3.4733684 4294901760
7.0666604 -4.9794407 -3.4626615 4294901760
9.3404942 -5.9207993 -3.4261484 4294901760
11.453207 -8.0703697 -3.451844 4294901760
13.624115 -8.6361227 -3.3820899 4294901760
15.148968 -11.822901 -3.3972471 4294901760
21.690634 -13.749368 -3.3253312 4294901760
17.715628 -12.483112 -3.3444531 4294901760
2.9856873 -2.1194651 -3.5016465 4294901760
5.1581221 -3.2949519 -3.4784708 4294901760
7.0524349 -5.0063481 -3.4633353 4294901760
9.3197699 -5.9533672 -3.4260449 4294901760
11.428202 -8.1125965 -3.4521987 4294901760
13.60059 -8.6879082 -3.3827 4294901760
15.104475 -11.873247 -3.3968244 4294901760
21.635782 -13.820702 -3.3246295 4294901760
17.730463 -12.586416 -3.3492804 4294901760
2.9841683 -2.1340921 -3.5049131 4294901760
5.1465893 -3.3129375 -3.4784143 4294901760
7.0221543 -5.0218091 -3.4603269 4294901760
9.2989321 -5.9858637 -3.4259431 4294901760
11.406269 -8.1570559 -3.4530125 4294901760
13.566837 -8.7331781 -3.3821712 4294901760
15.059814 -11.923428 -3.3964045 4294901760
21.604183 -13.90694 -3.3255475 4294901760
17.647505 -12.6204 -3.3458023 4294901760
2.9737592 -2.1423767 -3.5032411 4294901760
5.1382241 -3.3329785 -3.4793906 4294901760
7.0109463 -5.0508757 -3.4617398 4294901760
9.2812958 -6.0204382 -3.4264102 4294901760
11.374506 -8.1945028 -3.4524577 4294901760
13.559625 -8.7956343 -3.3846877 4294901760
15.005646 -11.965993 -3.3950183 4294901760
21.555504 -13.982269 -3.325315 4294901760
17.564526 -12.653961 -3.3423281 4294901760
2.9633286 -2.1506145 -3.5015697 4294901760
5.1330075 -3.3551087 -3.4813998 4294901760
6.9932728 -5.0753179 -3.4616807 4294901760
9.2635336 -6.0549607 -3.4268789 4294901760
11.349044 -8.2364874 -3.4528186 4294901760
13.525512 -8.8407354 -3.3841634 4294901760
14.976206 -12.028275 -3.396219 4294901760
21.486526 -14.044326 -3.3237011 4294901760
17.510569 -12.708171 -3.3413494 4294901760
2.9558036 -2.1609454 -3.5015452 4294901760
5.1148305 -3.3687682 -3.4792826 4294901760
6.9755144 -5.0996981 -3.461623 4294901760
9.2291374 -6.0785637 -3.4245136 4294901760
11.323427 -8.2783947 -3.4531813 4294901760
13.491247 -8.8857069 -3.3836417 4294901760
14.931031 -12.077971 -3.3958077 4294901760
21.457365 -14.132411 -3.324861 4294901760
17.478977 -12.778628 -3.3423121 4294901760
2.9490001 -2.1702209 -3.5015237 4294901760
5.1074328 -3.3869493 -3.4802666 4294901760
6.9531407 -5.1169381 -3.460099 4294901760
9.2165833 -6.111897 -3.4255619 4294901760
11.300561 -8.3162804 -3.4535556 4294901760
13.453321 -8.9214525 -3.3823755 4294901760
14.874484 -12.109735 -3.3937933 4294901760
21.396236 -14.188726 -3.3235083 4294901760
17.44838 -12.840567 -3.343015 4294901760
2.9377341 -2.1793683 -3.4998517 4294901760
5.0975919 -3.4086764 -3.4812412 4294901760
6.9397421 -5.1482716 -3.4615111 4294901760
9.1897612 -6.1450434 -3.4248919 4294901760
11.258986 -8.3525171 -3.4520869 4294901760
13.412354 -8.9686222 -3.3814647 4294901760
14.821717 -12.161706 -3.3930566 4294901760
20.558784 -13.747323 -3.2688193 4294901760
17.411753 -12.916969 -3.3439696 4294901760
2.9330125 -2.1917794 -3.5014751 4294901760
5.0920515 -3.4307544 -3.4832535 4294901760
6.9185872 -5.1701164 -3.4607208 4294901760
9.1485891 -6.1638341 -3.4213977 4294901760
11.22976 -8.3917665 -3.4519994 4294901760
13.397459 -9.0264969 -3.3832314 4294901760
14.785317 -12.218443 -3.3936229 4294901760
20.583475 -13.868053 -3.2736886 4294901760
17.344202 -12.960962 -3.341897 4294901760
2.9224477 -2.1998243 -3.4998066 4294901760
5.076858 -3.4463449 -3.4821718 4294901760
6.9004979 -5.1942363 -3.4606681 4294901760
9.1499081 -6.2112708 -3.4252765 4294901760
11.197228 -8.4285288 -3.4514573 4294901760
13.365869 -9.0732088 -3.3830996 4294901760
14.742577 -12.269979 -3.3935461 4294901760
21.079678 -14.309607 -3.3115437 4294901760
17.279743 -13.007042 -3.3401046 4294901760
2.9147513 -2.2100122 -3.4997849 4294901760
5.0647969 -3.4640453 -3.4821227 4294901760
6.8885756 -5.223031 -3.4620898 4294901760
9.1249084 -6.2409401 -3.4246209 4294901760
11.177225 -8.4747553 -3.4527435 4294901760
13.334116 -9.1198092 -3.3829699 4294901760
14.675237 -12.300898 -3.3908896 4294901760
21.115232 -14.441669 -3.3173354 4294901760
17.240589 -13.072098 -3.3405294 4294901760
2.9045248 -2.2174656 -3.4981186 4294901760
5.0501099 -3.4786367 -3.4810452 4294901760
6.8680992 -5.2434649 -3.4613056 4294901760
9.1041622 -6.2711649 -3.4245381 4294901760
11.158522 -8.5189972 -3.454036 4294901760
13.307076 -9.1662321 -3.383229 4294901760
14.62219 -12.339222 -3.3895311 4294901760
21.090231 -14.527455 -3.318758 4294901760
17.187639 -13.12194 -3.3395803 4294901760
2.9025142 -2.2320104 -3.50139 4294901760
5.0347724 -3.4940472 -3.4799662 4294901760
6.8435369 -5.2626252 -3.459784 4294901760
9.0822172 -6.3029056 -3.4244528 4294901760
11.116136 -8.5482197 -3.4521306 4294901760
13.281532 -9.2171593 -3.3838642 4294901760
14.609377 -12.415977 -3.3926907 4294901760
21.042671 -14.603259 -3.3187904 4294901760
17.144892 -13.184285 -3.3397346 4294901760
2.889364 -2.2371845 -3.4980788 4294901760
5.0294724 -3.5151372 -3.4819849 4294901760
6.8322496 -5.2900925 -3.4612117 4294901760
9.0742245 -6.3420463 -3.4266405 4294901760
11.084591 -8.5826063 -3.4516008 4294901760
13.247636 -9.2588758 -3.3833678 4294901760
14.577204 -12.472125 -3.3935969 4294901760
20.974504 -14.659244 -3.3172228 4294901760
17.085314 -13.228863 -3.3382382 4294901760
2.881145 -2.2477596 -3.4980583 4294901760
5.0165548 -3.5335472 -3.4819369 4294901760
6.8159075 -5.3175116 -3.4618993 4294901760
9.0444555 -6.3707094 -3.4254203 4294901760
11.056188 -8.6256161 -3.4519784 4294901760
13.207108 -9.3027868 -3.3824813 4294901760
14.534411 -12.528069 -3.3938539 4294901760
20.715115 -14.591256 -3.3025014 4294901760
17.036713 -13.291395 -3.3381166 4294901760
2.8818326 -2.2645226 -3.5029774 4294901760
5.0010486 -3.5488081 -3.4808609 4294901760
6.7911367 -5.3364244 -3.4603817 4294901760
9.0221634 -6.4022427 -3.4253395 4294901760
11.022891 -8.661706 -3.4514489 4294901760
13.174555 -9.3488331 -3.3823636 4294901760
14.460513 -12.55262 -3.3905666 4294901760
20.644531 -14.649624 -3.3009338 4294901760
16.98081 -13.343394 -3.3371744 4294901760
2.8710675 -2.2723181 -3.5013127 4294901760
4.9854965 -3.564003 -3.4797857 4294901760
6.7755423 -5.3625307 -3.4610744 4294901760
9.0061903 -6.438293 -3.4263942 4294901760
10.992589 -8.7001295 -3.4513781 4294901760
13.145076 -9.3970757 -3.3826282 4294901760
14.428601 -12.613503 -3.3918009 4294901760
20.531591 -14.677505 -3.2963746 4294901760
16.868481 -13.350629 -3.3312571 4294901760
2.868788 -2.2868462 -3.5045869 4294901760
4.9855289 -3.5903881 -3.4838684 4294901760
6.7659841 -5.3934851 -3.4632411 4294901760
8.9612112 -6.4535236 -3.4223495 4294901760
10.968358 -8.7433949 -3.4522219 4294901760
13.121875 -9.4498749 -3.3836551 4294901760
14.393454 -12.671687 -3.3927152 4294901760
20.496424 -14.760744 -3.2973502 4294901760
16.865421 -13.444222 -3.3350234 4294901760
2.8494802 -2.2877676 -3.4979854 4294901760
4.9698472 -3.6055076 -3.482795 4294901760
6.753233 -5.4219809 -3.4646726 4294901760
8.9546242 -6.4963703 -3.4251075 4294901760
10.943959 -8.7865973 -3.453068 4294901760
13.092027 -9.4979582 -3.3839245 4294901760
14.349132 -12.721853 -3.3926642 4294901760
20.525517 -14.890781 -3.302937 4294901760
16.827713 -13.510498 -3.3357501 4294901760
2.8386586 -2.2954209 -3.4963226 4294901760
4.9603415 -3.6251061 -3.4837852 4294901760
6.7373161 -5.4479876 -3.465369 4294901760
8.9350853 -6.5299201 -3.4256003 4294901760
10.907051 -8.8197546 -3.4520905 4294901760
13.058794 -9.5436001 -3.383816 4294901760
14.292753 -12.761253 -3.3913255 4294901760
20.599058 -15.054159 -3.3117514 4294901760
16.752554 -13.546596 -3.3331621 4294901760
2.8334396 -2.3076046 -3.4979522 4294901760
4.9321475 -3.63098 -3.4785883 4294901760
6.7273817 -5.4789019 -3.4675393 4294901760
8.9154205 -6.5634117 -3.4260945 4294901760
10.876198 -8.8577728 -3.452028 4294901760
13.028605 -9.5914822 -3.3840902 4294901760
14.233315 -12.797752 -3.3896666 4294901760
20.337515 -14.972202 -3.2966127 4294901760
16.717529 -13.61506 -3.3341722 4294901760
2.8313782 -2.3215852 -3.5012293 4294901760
4.9262686 -3.6519036 -3.4806137 4294901760
6.6970444 -5.4912329 -3.4645586 4294901760
8.8936062 -6.5929403 -3.4260271 4294901760
10.846765 -8.8937912 -3.4519706 4294901760
12.993531 -9.6322651 -3.3836119 4294901760
14.170129 -12.826173 -3.3873677 4294901760
20.454441 -15.16313 -3.3084352 4294901760
16.746277 -13.73109 -3.3407195 4294901760
2.820462 -2.3291461 -3.499568 4294901760
4.9165773 -3.671382 -3.4816065 4294901760
6.677835 -5.5145764 -3.4645226 4294901760
8.8673725 -6.6215796 -3.4253914 4294901760
10.818713 -8.9341259 -3.4523685 4294901760
12.956642 -9.6751814 -3.3831308 4294901760
14.145874 -12.894338 -3.3895869 4294901760
20.417372 -15.246372 -3.3094273 4294901760
16.692097 -13.784384 -3.3400764 4294901760
2.8127227 -2.3384862 -3.4995542 4294901760
4.9043751 -3.6876662 -3.481571 4294901760
6.6655431 -5.5417051 -3.4659619 4294901760
8.8485231 -6.6533246 -3.4258935 4294901760
10.789027 -8.9699535 -3.4523149 4294901760
12.934022 -9.7252665 -3.3841763 4294901760
14.094234 -12.9331 -3.3885841 4294901760
20.325239 -15.282823 -3.3062859 4294901760
16.664688 -13.854954 -3.3416524 4294901760
2.7957954 -2.3417964 -3.4946015 4294901760
4.8908262 -3.705617 -3.4815326 4294901760
6.6451869 -5.5660992 -3.4659266 4294901760
8.8272285 -6.6880984 -3.4263909 4294901760
10.746953 -9.0017939 -3.4508891 4294901760
12.882442 -9.7605991 -3.3821762 4294901760
14.055511 -12.992781 -3.3895164 4294901760
20.319977 -15.395773 -3.3098104 4294901760
16.57712 -13.885221 -3.3382471 4294901760
2.7931461 -2.3562162 -3.4978797 4294901760
4.8717375 -3.7179923 -3.4794345 4294901760
6.6227198 -5.5867324 -3.4651582 4294901760
8.7975454 -6.7140741 -3.4251935 4294901760
10.715466 -9.0392532 -3.4508369 4294901760
12.848293 -9.8055067 -3.3820822 4294901760
13.998411 -13.030908 -3.3881948 4294901760
20.37396 -15.548914 -3.3174896 4294901760
16.540741 -13.953284 -3.3392723 4294901760
2.7876668 -2.368299 -3.4995127 4294901760
4.8617835 -3.7373233 -3.4804311 4294901760
6.6031775 -5.6098161 -3.4651272 4294901760
8.7740555 -6.7447433 -3.4251308 4294901760
10.689893 -9.0817394 -3.4516993 4294901760
12.810834 -9.8478727 -3.3816109 4294901760
13.952838 -13.079693 -3.3881667 4294901760
20.208836 -15.534824 -3.3092878 4294901760
16.473701 -13.995449 -3.3375366 4294901760
2.7848923 -2.3827288 -3.5027916 4294901760
4.8517542 -3.756629 -3.4814284 4294901760
6.5805755 -5.6302814 -3.4643617 4294901760
8.7504587 -6.7753286 -3.4250698 4294901760
10.652099 -9.1138401 -3.4507389 4294901760
12.779526 -9.8949652 -3.3819017 4294901760
13.889721 -13.111915 -3.3862057 4294901760
20.129246 -15.585727 -3.3073058 4294901760
16.391428 -14.024358 -3.3344223 4294901760
2.7738116 -2.3900688 -3.5011339 4294901760
4.8416491 -3.7759111 -3.4824266 4294901760
6.5668244 -5.6583376 -3.4658055 4294901760
8.7329884 -6.8106937 -3.4261434 4294901760
10.617214 -9.1483765 -3.4502368 4294901760
12.751178 -9.9444046 -3.3825743 4294901760
13.214601 -12.562121 -3.3158488 4294901760
20.131357 -15.700068 -3.3113122 4294901760
16.333313 -14.073683 -3.3335228 4294901760
2.7658706 -2.3992541 -3.501123 4294901760
4.8321304 -3.7943246 -3.4834273 4294901760
6.542099 -5.6749434 -3.4643075 4294901760
8.7010288 -6.832293 -3.4243889 4294901760
10.592813 -9.188735 -3.4511077 4294901760
12.70875 -9.9792671 -3.3813553 4294901760
13.817414 -13.222676 -3.3881009 4294901760
20.192163 -15.855455 -3.3194704 4294901760
16.328714 -14.164342 -3.337328 4294901760
2.7547488 -2.4065092 -3.4994664 4294901760
4.8067718 -3.8016107 -3.4792717 4294901760
6.5311117 -5.7054858 -3.4664903 4294901760
8.6802282 -6.8650746 -3.4248996 4294901760
10.557686 -9.2230434 -3.4506099 4294901760
12.673838 -10.023567 -3.3812733 4294901760
13.765439 -13.265299 -3.3874388 4294901760
20.064711 -15.868908 -3.3140476 4294901760
16.393263 -14.32092 -3.3477654 4294901760
2.7490532 -2.4185047 -3.5011017 4294901760
4.7994976 -3.8231668 -3.4813037 4294901760
6.5082107 -5.7256579 -3.4657295 4294901760
8.6654844 -6.9027214 -3.4265442 4294901760
10.528406 -9.2624617 -3.4510264 4294901760
12.654324 -10.080136 -3.3830919 4294901760
13.739058 -13.332685 -3.3896835 4294901760
19.987347 -15.92145 -3.3123109 4294901760
16.334194 -14.370158 -3.346875 4294901760
2.740171 -2.4285645 -3.5010915 4294901760
4.7824488 -3.8383207 -3.480242 4294901760
6.490118 -5.7520757 -3.4664416 4294901760
8.6370449 -6.9319606 -3.4259224 4294901760
10.494388 -9.3009882 -3.4509871 4294901760
12.620396 -10.128938 -3.3833904 4294901760
13.707187 -13.399654 -3.3916078 4294901760
19.984875 -16.039557 -3.3163242 4294901760
16.239647 -14.392909 -3.3429451 4294901760
2.7239873 -2.4303977 -3.4961455 4294901760
4.7726903 -3.8565798 -3.481246 4294901760
6.4651537 -5.7683434 -3.4649484 4294901760
8.6109362 -6.9580798 -3.4253073 4294901760
10.463487 -9.3357382 -3.4509535 4294901760
12.583645 -10.168233 -3.3829398 4294901760
13.671194 -13.453418 -3.3925681 4294901760
19.971924 -16.138342 -3.3192024 4294901760
16.227528 -14.478534 -3.3462093 4294901760
2.7181833 -2.4423139 -3.4977825 4294901760
4.7562113 -3.870785 -3.4801877 4294901760
6.4566488 -5.8013611 -3.4678724 4294901760
8.5773983 -6.9806118 -3.4235587 4294901760
10.436738 -9.3775091 -3.4518325 4294901760
12.551158 -10.214607 -3.3832469 4294901760
13.624148 -13.501058 -3.3925629 4294901760
19.896896 -16.192848 -3.3177075 4294901760
16.256956 -14.607032 -3.3536181 4294901760
2.7042656 -2.446923 -3.4944828 4294901760
4.7426715 -3.8873637 -3.4801612 4294901760
6.4334507 -5.8212328 -3.4671168 4294901760
8.5652075 -7.0205312 -3.4257762 4294901760
10.400998 -9.4112215 -3.4513452 4294901760
12.521578 -10.263398 -3.3839362 4294901760
13.588214 -13.559784 -3.393851 4294901760
19.840254 -16.262201 -3.3175964 4294901760
16.229521 -14.685091 -3.3557799 4294901760
2.7010667 -2.461231 -3.4977667 4294901760
4.7290726 -3.9038949 -3.4801354 4294901760
6.4130917 -5.8436537 -3.467099 4294901760
8.5345526 -7.0453548 -3.4245975 4294901760
10.359284 -9.4394522 -3.4499476 4294901760
12.479541 -10.301981 -3.3831096 4294901760
13.529562 -13.595841 -3.3925612 4294901760
19.783365 -16.331358 -3.3174894 4294901760
16.189947 -14.752394 -3.3568399 4294901760
2.6871169 -2.4657421 -3.4944682 4294901760
4.7213402 -3.9253037 -3.4821727 4294901760
6.3897648 -5.8633523 -3.4663463 4294901760
8.5068674 -7.072576 -3.4239864 4294901760
10.329196 -9.4782381 -3.4503767 4294901760
12.443503 -10.34548 -3.3830445 4294901760
13.493217 -13.654317 -3.3938551 4294901760
19.689417 -16.369705 -3.3146265 4294901760
16.135414 -14.806119 -3.3565214 4294901760
2.6918061 -2.4874086 -3.5026906 4294901760
4.7046566 -3.9392874 -3.481118 4294901760
6.3721395 -5.8882828 -3.4670668 4294901760
8.4790974 -7.09969 -3.4233775 4294901760
10.28439 -9.5034637 -3.4485276 4294901760
12.413414 -10.393959 -3.3837407 4294901760
13.470578 -13.726916 -3.396765 4294901760
19.665812 -16.466513 -3.3170569 4294901760
16.098274 -14.875881 -3.3578639 4294901760
2.6786687 -2.4909155 -3.4993937 4294901760
4.686367 -3.9490838 -3.4790356 4294901760
6.3564816 -5.910943 -3.4677901 4294901760
8.459774 -7.1288395 -3.4239063 4294901760
10.251577 -9.5330238 -3.4480507 4294901760
12.374618 -10.42778 -3.3829274 4294901760
13.396803 -13.737803 -3.3932245 4294901760
19.574316 -16.494785 -3.3139813 4294901760
16.054379 -14.929096 -3.358108 4294901760
2.6726038 -2.5027285 -3.501034 4294901760
4.6725535 -3.9654181 -3.4790134 4294901760
6.3358102 -5.9330955 -3.4677773 4294901760
8.4378519 -7.1608834 -3.4244332 4294901760
10.218239 -9.5687504 -3.4480298 4294901760
12.341175 -10.473485 -3.3832486 4294901760
13.340454 -13.7759 -3.3922682 4294901760
19.559212 -16.599157 -3.3171086 4294901760
16.016722 -14.998672 -3.3594568 4294901760
2.6660497 -2.5149953 -3.5026746 4294901760
4.6579876 -3.9825175 -3.4789915 4294901760
6.3083153 -5.9508958 -3.4662931 4294901760
8.4115496 -7.1917624 -3.4243932 4294901760
10.168667 -9.5925245 -3.4457297 4294901760
12.302704 -10.518648 -3.3831902 4294901760
13.295394 -13.830446 -3.3929291 4294901760
19.504307 -16.675922 -3.3174758 4294901760
15.967438 -15.062747 -3.3599787 4294901760
2.6576951 -2.5238221 -3.5026705 4294901760
4.6447558 -3.9979415 -3.4789722 4294901760
6.2913904 -5.9744816 -3.4670193 4294901760
8.3876543 -7.2196159 -3.4243586 4294901760
10.131045 -9.6207266 -3.4448016 4294901760
12.273784 -10.564574 -3.3838985 4294901760
13.287967 -13.914783 -3.3974628 4294901760
15.905838 -15.104631 -3.3588488 4294901760
2.6462491 -2.5305781 -3.5010209 4294901760
4.6365933 -4.019177 -3.4810147 4294901760
6.2704978 -5.9964061 -3.4670103 4294901760
8.362402 -7.2488508 -3.424324 4294901760
10.094535 -9.6532898 -3.4443312 4294901760
12.224812 -10.596935 -3.3823302 4294901760
13.285901 -14.010207 -3.4029679 4294901760
19.411451 -16.826591 -3.3189244 4294901760
15.861661 -15.168326 -3.3596549 4294901760
2.6321769 -2.5347707 -3.4977262 4294901760
4.6225357 -4.035337 -3.4809964 4294901760
6.255178 -6.0236988 -3.4684746 4294901760
8.3400259 -7.2805958 -3.4248569 4294901760
10.057919 -9.6857157 -3.4438624 4294901760
12.19374 -10.644774 -3.3830404 4294901760
13.242376 -14.0623 -3.4036369 4294901760
19.319534 -16.865383 -3.3163188 4294901760
15.791386 -15.20701 -3.3579779 4294901760
2.6306751 -2.5519738 -3.5026605 4294901760
4.6019292 -4.0471644 -3.4789164 4294901760
6.2246132 -6.038393 -3.46626 4294901760
8.3073483 -7.3058939 -3.4236915 4294901760
10.02235 -9.7225142 -3.4438517 4294901760
12.145682 -10.681516 -3.3818541 4294901760
13.185306 -14.10492 -3.4030194 4294901760
19.251595 -16.930807 -3.3157825 4294901760
15.48659 -15.023282 -3.3339267 4294901760
2.6221983 -2.5606835 -3.5026586 4294901760
4.5942516 -4.0675097 -3.4809625 4294901760
6.2073612 -6.0617414 -3.4669912 4294901760
8.2889948 -7.3386421 -3.4247956 4294901760
9.9928951 -9.7584686 -3.4443002 4294901760
12.116152 -10.727006 -3.3825715 4294901760
13.146592 -14.157324 -3.4040153 4294901760
19.222237 -17.018362 -3.317786 4294901760
15.536519 -15.172044 -3.3435836 4294901760
2.6158285 -2.5723631 -3.5043027 4294901760
4.5829 -4.0860853 -3.4819777 4294901760
6.1833677 -6.0806227 -3.4662514 4294901760
8.2603779 -7.3649015 -3.4242015 4294901760
9.9531116 -9.7877264 -3.443382 4294901760
12.075665 -10.766587 -3.3821511 4294901760
13.115993 -14.223623 -3.4063063 4294901760
19.162712 -17.085356 -3.3177209 4294901760
15.543159 -15.284887 -3.3493755 4294901760
2.6042573 -2.5789273 -3.502656 4294901760
4.5657434 -4.0994844 -3.4809322 4294901760
6.1537433 -6.0938892 -3.4640405 4294901760
8.231678 -7.3910494 -3.4236088 4294901760
9.9329824 -9.8363705 -3.4456584 4294901760
12.043927 -10.813988 -3.3828712 4294901760
13.036676 -14.237009 -3.402792 4294901760
19.085144 -17.136147 -3.3162804 4294901760
15.537865 -15.386737 -3.3540654 4294901760
2.5926721 -2.5854421 -3.5010097 4294901760
4.5542622 -4.1179805 -3.4819493 4294901760
6.1352115 -6.1181021 -3.4647753 4294901760
8.2087593 -7.42239 -3.4241502 4294901760
9.8873472 -9.8597746 -3.4438322 4294901760
12.020855 -10.869301 -3.3847318 4294901760
12.973502 -14.267695 -3.4012165 4294901760
18.980812 -17.162518 -3.3127754 4294901760
15.515114 -15.471848 -3.3571012 4294901760
2.580621 -2.5923584 -3.4993641 4294901760
4.5362911 -4.132051 -3.4809051 4294901760
6.1155124 -6.1433272 -3.4655116 4294901760
8.1844215 -7.4550881 -3.4246922 4294901760
9.856741 -9.9015722 -3.4447446 4294901760
11.975057 -10.907929 -3.3839376 4294901760
12.971824 -14.371323 -3.4073906 4294901760
18.841084 -17.162107 -3.3067436 4294901760
15.480802 -15.551212 -3.3593118 4294901760
2.5775633 -2.6056073 -3.502656 4294901760
4.5232873 -4.1462817 -3.4808943 4294901760
6.0934248 -6.1597214 -3.464777 4294901760
8.1580477 -7.4780931 -3.4241068 4294901760
9.8311672 -9.9381313 -3.4456589 4294901760
11.940729 -10.945498 -3.3839092 4294901760
12.958524 -14.447582 -3.4113026 4294901760
18.790016 -17.223913 -3.3069291 4294901760
15.35617 -15.523246 -3.3518562 4294901760
2.5582905 -2.6042445 -3.4960744 4294901760
4.5031257 -4.1568203 -3.4788218 4294901760
6.0691371 -6.1781559 -3.4640436 4294901760
8.1318941 -7.5065241 -3.4240868 4294901760
9.80476 -9.9808798 -3.4470315 4294901760
11.90245 -10.987111 -3.3838801 4294901760
12.926555 -14.513545 -3.4136083 4294901760
18.71805 -17.278568 -3.305964 4294901760
15.279539 -15.554002 -3.349653 4294901760
2.5542474 -2.6183484 -3.4993675 4294901760
4.4942307 -4.1777592 -3.4808731 4294901760
6.0584908 -6.2105336 -3.4669917 4294901760
8.1114311 -7.5402455 -3.4252007 4294901760
9.7670898 -10.012203 -3.4465818 4294901760
11.858198 -11.023175 -3.3830948 4294901760
12.85207 -14.531732 -3.4107537 4294901760
18.648855 -17.335653 -3.3052328 4294901760
15.200098 -15.581557 -3.3471766 4294901760
2.5416532 -2.6255322 -3.4977241 4294901760
4.480967 -4.197618 -3.481894 4294901760
6.0373273 -6.2365694 -3.4677336 4294901760
8.0795345 -7.5686336 -3.4246166 4294901760
9.7313337 -10.052485 -3.4470475 4294901760
11.815784 -11.068625 -3.3830683 4294901760
12.78304 -14.566004 -3.409198 4294901760
18.532648 -17.360756 -3.3012843 4294901760
15.273257 -15.777301 -3.3604517 4294901760
2.5349853 -2.6370018 -3.4993727 4294901760
4.4578819 -4.2053046 -3.4787934 4294901760
6.0100846 -6.2519507 -3.4662683 4294901760
8.0444412 -7.588654 -3.4229035 4294901760
9.6961842 -10.086392 -3.4470582 4294901760
11.768398 -11.101616 -3.3819089 4294901760
12.711187 -14.586516 -3.406672 4294901760
18.512571 -17.463673 -3.3044677 4294901760
15.314793 -15.931112 -3.3701379 4294901760
2.5291922 -2.6475737 -3.5010214 4294901760
4.4502354 -4.2245922 -3.4808486 4294901760
5.9877033 -6.2679639 -3.4655392 4294901760
8.0205603 -7.6138887 -3.4228916 4294901760
9.6671896 -10.119672 -3.447526 4294901760
11.742114 -11.146747 -3.3830295 4294901760
12.649654 -14.608313 -3.4047883 4294901760
18.451826 -17.516253 -3.3039811 4294901760
15.278437 -15.993559 -3.3715374 4294901760
2.5174403 -2.6537561 -3.4993796 4294901760
4.4271088 -4.2321153 -3.4777498 4294901760
5.963089 -6.2859817 -3.4648125 4294901760
7.9939346 -7.6418395 -3.4228802 4294901760
9.6318064 -10.153355 -3.4475408 4294901760
11.69451 -11.179422 -3.3818746 4294901760
12.655709 -14.718815 -3.4119499 4294901760
18.430954 -17.619156 -3.3071713 4294901760
15.22526 -16.049685 -3.3718374 4294901760
2.509717 -2.6660421 -3.5010302 4294901760
4.4136004 -4.2517552 -3.4787745 4294901760
5.9362206 -6.3059754 -3.464088 4294901760
7.9645333 -7.6724768 -3.4228692 4294901760
9.5873108 -10.184484 -3.4466472 4294901760
11.66582 -11.238039 -3.3837554 4294901760
12.51897 -14.673378 -3.402015 4294901760
18.386154 -17.711941 -3.3089848 4294901760
15.174455 -16.11964 -3.372972 4294901760
2.496376 -2.6686187 -3.4977434 4294901760
4.4002213 -4.2656007 -3.4787705 4294901760
5.9110212 -6.3188643 -3.4626265 4294901760
7.9489036 -7.7057142 -3.4245603 4294901760
9.5471354 -10.20586 -3.445296 4294901760
11.624745 -11.269096 -3.3829861 4294901760
12.511439 -14.758204 -3.4069169 4294901760
18.42783 -17.864048 -3.3167803 4294901760
15.126461 -16.170143 -3.3732755 4294901760
2.4944475 -2.6852846 -3.502686 4294901760
4.3797922 -4.2755527 -3.4767053 4294901760
5.8889279 -6.3394594 -3.4626396 4294901760
7.9191289 -7.7306528 -3.4239876 4294901760
9.5222549 -10.250753 -3.4471416 4294901760
11.571108 -11.295714 -3.3810797 4294901760
12.55218 -14.911473 -3.4186075 4294901760
18.385347 -17.947773 -3.3183737 4294901760
15.045503 -16.196556 -3.3708224 4294901760
2.4776845 -2.6859818 -3.4977548 4294901760
4.3730817 -4.2989163 -3.479795 4294901760
5.8667626 -6.3599772 -3.4626539 4294901760
7.8949142 -7.7610197 -3.4245489 4294901760
9.4917936 -10.289762 -3.4480772 4294901760
11.531608 -11.336037 -3.3810725 4294901760
12.497499 -14.952144 -3.4183581 4294901760
18.314051 -18.003452 -3.317673 4294901760
15.013203 -16.275352 -3.3733459 4294901760
2.4702718 -2.6977184 -3.4994075 4294901760
4.3518219 -4.309494 -3.4777315 4294901760
5.8460627 -6.3843298 -3.4634066 4294901760
7.8607993 -7.7843409 -3.423413 4294901760
9.4486589 -10.31863 -3.4471917 4294901760
11.495635 -11.383822 -3.3818264 4294901760
12.452785 -15.01011 -3.4197295 4294901760
18.264954 -18.087299 -3.3190439 4294901760
14.953452 -16.330267 -3.3733881 4294901760
2.4613125 -2.7058954 -3.4994144 4294901760
4.3402357 -4.3266211 -3.4787614 4294901760
5.8248596 -6.4036813 -3.4634225 4294901760
7.8405404 -7.8159466 -3.4245439 4294901760
9.4197292 -10.355776 -3.4481301 4294901760
11.455006 -11.419074 -3.3814449 4294901760
12.387744 -15.03288 -3.4178679 4294901760
18.219004 -18.161854 -3.3201892 4294901760
14.824104 -16.297188 -3.3656929 4294901760
2.4469919 -2.7090902 -3.4961307 4294901760
4.3278246 -4.3444748 -3.4797924 4294901760
5.8077288 -6.4297962 -3.4649131 4294901760
7.804841 -7.834868 -3.4228458 4294901760
9.3888416 -10.394484 -3.4490719 4294901760
11.417881 -11.461808 -3.3818245 4294901760
18.065378 -18.13488 -3.3128366 4294901760
14.75109 -16.331085 -3.3640814 4294901760
2.4394665 -2.7207396 -3.4977851 4294901760
4.3064556 -4.3548288 -3.4777317 4294901760
5.7841244 -6.4510398 -3.4649339 4294901760
7.784411 -7.8718514 -3.424546 4294901760
9.3480339 -10.425872 -3.4486492 4294901760
11.373001 -11.500751 -3.3814478 4294901760
12.124192 -14.929458 -3.3980203 4294901760
17.965124 -18.166922 -3.3100836 4294901760
14.699121 -16.393944 -3.3649626 4294901760
2.4333186 -2.7310967 -3.4994388 4294901760
4.2981524 -4.3738317 -3.479795 4294901760
5.7638288 -6.4691792 -3.4649527 4294901760
7.7513309 -7.8878112 -3.4228506 4294901760
9.317873 -10.45815 -3.4491358 4294901760
11.334023 -11.533586 -3.3810728 4294901760
12.109742 -15.007767 -3.4022961 4294901760
17.53039 -17.839054 -3.2790706 4294901760
14.682021 -16.478739 -3.3686028 4294901760
2.4237707 -2.7395737 -3.4994483 4294901760
4.280169 -4.3860517 -3.4787669 4294901760
5.7412124 -6.4892588 -3.4649749 4294901760
7.7237506 -7.9148202 -3.4228556 4294901760
9.2707939 -10.478724 -3.4473467 4294901760
11.296474 -11.575926 -3.3814597 4294901760
12.18926 -15.214683 -3.4195006 4294901760
17.821947 -18.262825 -3.308264 4294901760
14.679887 -16.59259 -3.3744624 4294901760
2.4161048 -2.7511628 -3.5011044 4294901760
4.2694244 -4.4072433 -3.4808323 4294901760
5.7147999 -6.5073109 -3.4642634 4294901760
7.6946888 -7.9430761 -3.4228628 4294901760
9.2244682 -10.503689 -3.446018 4294901760
11.245668 -11.608683 -3.380332 4294901760
12.143327 -15.271724 -3.4208906 4294901760
17.713242 -18.285032 -3.3048334 4294901760
14.597924 -16.62232 -3.3723147 4294901760
2.3988588 -2.7518024 -3.4961779 4294901760
4.2479029 -4.4173093 -3.4787757 4294901760
5.6806011 -6.5163865 -3.4613445 4294901760
7.6627846 -7.9683766 -3.4223053 4294901760
9.183301 -10.534438 -3.4456038 4294901760
11.200289 -11.646956 -3.3799655 4294901760
12.114412 -15.350522 -3.4245448 4294901760
17.643341 -18.346958 -3.3046241 4294901760
14.505466 -16.639652 -3.3690648 4294901760
2.3973224 -2.7675447 -3.5011253 4294901760
4.2313428 -4.4278479 -3.4777501 4294901760
5.6678061 -6.5430946 -3.4635766 4294901760
7.6431751 -7.998126 -3.4234467 4294901760
9.147563 -10.560236 -3.4451854 4294901760
11.160896 -11.679212 -3.3795996 4294901760
17.68486 -18.506149 -3.3129175 4294901760
14.481833 -16.718287 -3.372165 4294901760
2.3852839 -2.7731478 -3.499491 4294901760
4.2185135 -4.4453845 -3.4787872 4294901760
5.637259 -6.5539174 -3.4613953 4294901760
7.6124902 -8.0218887 -3.4228923 4294901760
9.1132336 -10.59511 -3.4456859 4294901760
11.128273 -11.726749 -3.3807545 4294901760
11.963409 -15.367674 -3.4182775 4294901760
17.658609 -18.608286 -3.3161614 4294901760
14.41819 -16.76269 -3.3716819 4294901760
2.3755889 -2.7814572 -3.4995031 4294901760
4.2056112 -4.4628863 -3.4798255 4294901760
5.6219888 -6.5825028 -3.4636326 4294901760
7.5790191 -8.0426598 -3.4217734 4294901760
9.073616 -10.623838 -3.4452758 4294901760
11.095452 -11.774208 -3.381912 4294901760
11.92187 -15.425097 -3.4199979 4294901760
17.618172 -18.69595 -3.3182604 4294901760
14.32075 -16.767443 -3.3676088 4294901760
2.3606904 -2.784615 -3.4962246 4294901760
4.1839628 -4.4726443 -3.4777727 4294901760
5.5952897 -6.6000724 -3.4629278 4294901760
7.5548916 -8.0761566 -3.4229214 4294901760
9.0371847 -10.66005 -3.4457827 4294901760
11.046789 -11.808986 -3.3811762 4294901760
11.833744 -15.427607 -3.4159119 4294901760
17.560436 -18.772055 -3.3192163 4294901760
14.287559 -16.85327 -3.3707294 4294901760
2.3556247 -2.7983854 -3.4995296 4294901760
4.1709466 -4.4900446 -3.4788127 4294901760
5.5671644 -6.6135626 -3.4614866 4294901760
7.5266542 -8.1024799 -3.4229381 4294901760
9.0050287 -10.697604 -3.4467459 4294901760
11.005501 -11.847475 -3.3812006 4294901760
11.777405 -15.465652 -3.4156997 4294901760
17.557264 -18.90048 -3.3245406 4294901760
14.226074 -16.899992 -3.370533 4294901760
2.3393559 -2.7978382 -3.4946051 4294901760
4.1534219 -4.5010204 -3.4777915 4294901760
5.5527506 -6.6410151 -3.463726 4294901760
7.5104656 -8.1390133 -3.42522 4294901760
8.9516888 -10.706099 -3.4436016 4294901760
10.955367 -11.872217 -3.3797088 4294901760
11.757285 -15.545918 -3.4200079 4294901760
17.429546 -18.88822 -3.3190658 4294901760
14.103465 -16.867554 -3.3634243 4294901760
2.3290856 -2.8063936 -3.4946201 4294901760
4.1368971 -4.5162129 -3.4778032 4294901760
5.5283728 -6.6613226 -3.4637616 4294901760
7.4805841 -8.1664858 -3.425241 4294901760
8.9022522 -10.726624 -3.4418337 4294901760
10.909094 -11.909358 -3.3793602 4294901760
11.695446 -15.582535 -3.4194844 4294901760
17.368288 -18.960802 -3.319804 4294901760
13.977895 -16.842438 -3.3566029 4294901760
2.3197663 -2.8141017 -3.4946342 4294901760
4.1218977 -4.5299067 -3.4778144 4294901760
5.5112424 -6.6856718 -3.4652677 4294901760
7.4428215 -8.179554 -3.422997 4294901760
8.8565359 -10.743837 -3.440062 4294901760
10.877568 -11.954292 -3.3805282 4294901760
11.717494 -15.720224 -3.4296155 4294901760
17.377821 -19.097979 -3.3260572 4294901760
13.896607 -16.857933 -3.3539226 4294901760
2.3122253 -2.8249872 -3.4962955 4294901760
4.103478 -4.541409 -3.4767966 4294901760
5.4878716 -6.7048683 -3.4653041 4294901760
7.4195237 -8.2113495 -3.4241526 4294901760
8.8240051 -10.780828 -3.4410334 4294901760
10.827776 -11.983336 -3.3794243 4294901760
11.570157 -15.636171 -3.4171357 4294901760
17.257547 -19.099306 -3.3215148 4294901760
13.814951 -16.878571 -3.351526 4294901760
2.295984 -2.8242004 -3.4913726 4294901760
4.0909686 -4.557858 -3.4778404 4294901760
5.4631329 -6.7199864 -3.4646037 4294901760
7.3869739 -8.2300253 -3.423044 4294901760
8.7932129 -10.816188 -3.4420037 4294901760
10.798603 -12.031013 -3.3809762 4294901760
11.598426 -15.783568 -3.4282429 4294901760
17.191454 -19.15346 -3.3213401 4294901760
13.869559 -17.060404 -3.3637824 4294901760
2.2906659 -2.8378394 -3.4946809 4294901760
4.0699077 -4.5663595 -3.4757936 4294901760
5.4421062 -6.7420673 -3.4653788 4294901760
7.3529401 -8.2498598 -3.4219382 4294901760
8.7554035 -10.846816 -3.4420664 4294901760
10.75654 -12.068635 -3.3810148 4294901760
11.505707 -15.772478 -3.4232006 4294901760
17.201483 -19.299738 -3.3280675 4294901760
13.995223 -17.338276 -3.3843446 4294901760
2.2830133 -2.8486471 -3.4963439 4294901760
4.0513911 -4.5776539 -3.4747784 4294901760
5.41118 -6.7518411 -3.4632101 4294901760
7.3293376 -8.2813959 -3.4230986 4294901760
8.7125254 -10.871119 -3.4412184 4294901760
10.714348 -12.106109 -3.3810561 4294901760
11.466932 -15.835126 -3.4255946 4294901760
17.094343 -19.314844 -3.3246853 4294901760
13.964536 -17.424356 -3.3877666 4294901760
2.2748139 -2.8598325 -3.4980083 4294901760
4.0396709 -4.5982599 -3.4768574 4294901760
5.3863974 -6.7716284 -3.4632537 4294901760
7.2989359 -8.3082027 -3.42313 4294901760
8.6701527 -10.899874 -3.4408321 4294901760
10.677781 -12.154261 -3.3822403 4294901760
11.404169 -15.870578 -3.4250894 4294901760
17.028704 -19.383362 -3.3252182 4294901760
13.900579 -17.47542 -3.3878791 4294901760
2.2580764 -2.8592205 -3.4930882 4294901760
4.0261269 -4.6152358 -3.4779058 4294901760
5.3700194 -6.7996235 -3.4655056 4294901760
7.2672915 -8.3306522 -3.4225953 4294901760
8.6246729 -10.920729 -3.4395318 4294901760
10.656204 -12.215436 -3.3853216 4294901760
11.33251 -15.887591 -3.4229639 4294901760
16.924215 -19.400591 -3.3220735 4294901760
13.799957 -17.473776 -3.3835642 4294901760
2.2413719 -2.8585272 -3.4881687 4294901760
4.0074706 -4.6263499 -3.4768932 4294901760
5.3510928 -6.824501 -3.4670227 4294901760
7.2433438 -8.3619442 -3.4237609 4294901760
8.5962944 -10.96326 -3.4414287 4294901760
10.603084 -12.240534 -3.3838527 4294901760
11.265477 -15.910803 -3.4214876 4294901760
16.730988 -19.314779 -3.3111155 4294901760
13.70198 -17.474781 -3.3795288 4294901760
2.2407897 -2.8773849 -3.494771 4294901760
3.9895942 -4.6366935 -3.4758806 4294901760
5.3260212 -6.8391128 -3.4663293 4294901760
7.2181525 -8.3889141 -3.4243605 4294901760
8.5574532 -10.988575 -3.4410415 4294901760
10.562434 -12.275626 -3.3839011 4294901760
11.164548 -15.879652 -3.4148328 4294901760
16.791767 -19.515339 -3.322228 4294901760
13.594964 -17.457212 -3.3741069 4294901760
3.9733846 -4.6505919 -3.4759009 4294901760
5.3021164 -6.8576622 -3.4663761 4294901760
7.1862578 -8.4110537 -3.4238305 4294901760
8.5117626 -11.008961 -3.4397473 4294901760
10.514353 -12.306375 -3.3831956 4294901760
11.131844 -15.951189 -3.4182117 4294901760
16.796122 -19.658781 -3.3287508 4294901760
13.56077 -17.539257 -3.3772695 4294901760
3.9621105 -4.6703076 -3.4779837 4294901760
5.2757583 -6.8730173 -3.4656878 4294901760
7.146626 -8.4240313 -3.4216037 4294901760
8.4781132 -11.0449 -3.4407372 4294901760
10.471332 -12.343002 -3.3832514 4294901760
11.064756 -15.973578 -3.4167428 4294901760
16.598326 -19.565151 -3.317343 4294901760
13.548014 -17.649734 -3.3829255 4294901760
3.9457843 -4.6841097 -3.4780056 4294901760
5.2541118 -6.8945103 -3.4664736 4294901760
7.1222706 -8.4549723 -3.422776 4294901760
8.4419146 -11.077583 -3.441273 4294901760
10.435871 -12.388604 -3.3844483 4294901760
11.011188 -16.015387 -3.4172173 4294901760
16.527361 -19.619919 -3.3172052 4294901760
13.524985 -17.747652 -3.3874793 4294901760
3.9195247 -4.6860361 -3.4739048 4294901760
5.2276473 -6.9096813 -3.4657876 4294901760
7.0977855 -8.4858456 -3.42395 4294901760
8.3936176 -11.094327 -3.4395282 4294901760
10.407871 -12.44326 -3.3867857 4294901760
11.013583 -16.139257 -3.4257815 4294901760
16.512535 -19.741766 -3.3221309 4294901760
13.45333 -17.782038 -3.3865027 4294901760
3.9056044 -4.7026525 -3.4749596 4294901760
5.2011404 -6.9247508 -3.4651031 4294901760
7.0630703 -8.504488 -3.4228606 4294901760
8.3476915 -11.11404 -3.4382417 4294901760
10.364373 -12.479513 -3.3868489 4294901760
11.04875 -16.312801 -3.4392028 4294901760
16.5404 -19.915932 -3.3309705 4294901760
13.403148 -17.84483 -3.38802 4294901760
3.8891654 -4.7162571 -3.4749844 4294901760
5.1769371 -6.9428649 -3.4651563 4294901760
7.0283122 -8.5229931 -3.4217725 4294901760
8.3135891 -11.149474 -3.4392402 4294901760
10.313158 -12.506413 -3.385776 4294901760
10.971744 -16.321522 -3.4364529 4294901760
16.493628 -20.001255 -3.3331454 4294901760
13.376524 -17.939449 -3.3923085 4294901760
3.8726788 -4.7298045 -3.4750102 4294901760
5.1480026 -6.9545875 -3.4637375 4294901760
6.9935112 -8.5413589 -3.4206862 4294901760
8.2864237 -11.194372 -3.4416108 4294901760
10.261881 -12.533105 -3.3847055 4294901760
10.932387 -16.386227 -3.4392056 4294901760
16.423708 -20.058706 -3.3332541 4294901760
13.325682 -18.002052 -3.3938332 4294901760
3.8585746 -4.7462816 -3.4760675 4294901760
5.126018 -6.9756756 -3.4645298 4294901760
6.9586668 -8.5595846 -3.4196014 4294901760
8.2425985 -11.216833 -3.4407871 4294901760
10.225595 -12.578106 -3.3859146 4294901760
10.881719 -16.43425 -3.4403443 4294901760
16.361143 -20.125202 -3.3340571 4294901760
13.25804 -18.042034 -3.3934236 4294901760
3.8419838 -4.7597218 -3.4760952 4294901760
5.1016378 -6.9935255 -3.4645867 4294901760
6.9287467 -8.5838223 -3.419651 4294901760
8.1963797 -11.235919 -3.4395087 4294901760
10.181628 -12.613723 -3.3859875 4294901760
10.808976 -16.448833 -3.4382493 4294901760
16.275757 -20.163561 -3.3327932 4294901760
13.140944 -18.014122 -3.3872037 4294901760
3.8157103 -4.7610817 -3.4719994 4294901760
5.084096 -7.020822 -3.466855 4294901760
6.9012122 -8.6110401 -3.4202685 4294901760
8.1524544 -11.258036 -3.438689 4294901760
10.135049 -12.646085 -3.3856833 4294901760
10.690576 -16.393057 -3.4293597 4294901760
16.217749 -20.235819 -3.334064 4294901760
13.073305 -18.053427 -3.3867998 4294901760
3.8038642 -4.7803998 -3.4740908 4294901760
5.0618467 -7.0417113 -3.4676514 4294901760
6.8760338 -8.641263 -3.4214544 4294901760
8.1084728 -11.279979 -3.4378712 4294901760
10.090843 -12.681385 -3.385761 4294901760
10.613815 -16.400183 -3.4266214 4294901760
16.114714 -20.251717 -3.3311973 4294901760
13.063725 -18.173405 -3.393322 4294901760
3.7895422 -4.7966714 -3.475152 4294901760
5.0372357 -7.0593381 -3.4677124 4294901760
6.8335767 -8.6497049 -3.4186766 4294901760
8.0667439 -11.304985 -3.4375122 4294901760
10.053911 -12.725893 -3.3869801 4294901760
10.633982 -16.557772 -3.4384542 4294901760
16.053818 -20.320368 -3.3322456 4294901760
12.98863 -18.202669 -3.3920946 4294901760
3.7775304 -4.8159313 -3.4772456 4294901760
5.0125642 -7.0768776 -3.4677746 4294901760
6.7984643 -8.6672859 -3.4175999 4294901760
8.0226479 -11.326597 -3.4366982 4294901760
10.009429 -12.760909 -3.3870625 4294901760
10.499063 -16.473879 -3.4269798 4294901760
16.004953 -20.404537 -3.3344486 4294901760
12.915798 -18.234882 -3.3911474 4294901760
3.7600141 -4.8247361 -3.476243 4294901760
4.9925632 -7.0957975 -3.4685686 4294901760
6.78092 -8.7010717 -3.4199178 4294901760
7.9893074 -11.354991 -3.4372463 4294901760
9.971734 -12.795428 -3.3875186 4294901760
10.438736 -16.493319 -3.4258494 4294901760
15.948132 -20.464161 -3.3352613 4294901760
12.835506 -18.242765 -3.3885248 4294901760
3.7384357 -4.8317394 -3.4742136 4294901760
4.9677639 -7.1131811 -3.4686332 4294901760
6.7553439 -8.7309408 -3.4211102 4294901760
7.9587107 -11.395823 -3.4391773 4294901760
9.93431 -12.839595 -3.3887451 4294901760
10.493363 -16.708414 -3.4431996 4294901760
15.8473 -20.481834 -3.3326387 4294901760
12.824251 -18.362633 -3.3950624 4294901760
3.7238934 -4.8478146 -3.4752786 4294901760
4.9406691 -7.1272564 -3.4679625 4294901760
6.7224178 -8.7513332 -3.4206047 4294901760
7.9188824 -11.423534 -3.4392831 4294901760
9.882163 -12.864733 -3.3876956 4294901760
10.418124 -16.717899 -3.4407992 4294901760
15.746537 -20.499054 -3.3300195 4294901760
12.830483 -18.508858 -3.403821 4294901760
3.7046125 -4.8577213 -3.4742823 4294901760
4.9157605 -7.1444592 -3.4680297 4294901760
6.6870346 -8.7684603 -3.4195342 4294901760
7.867713 -11.434763 -3.4371064 4294901760
9.8396082 -12.902314 -3.3881674 4294901760
10.328286 -16.703352 -3.4361336 4294901760
15.682145 -20.563416 -3.330857 4294901760
12.763538 -18.550249 -3.4037185 4294901760
3.6899588 -4.8736939 -3.4753489 4294901760
4.8930035 -7.1648135 -3.4688351 4294901760
6.6563869 -8.791749 -3.4195983 4294901760
7.8165612 -11.445772 -3.4349313 4294901760
9.801712 -12.946093 -3.3894012 4294901760
10.280334 -16.756279 -3.4379492 4294901760
15.648808 -20.668932 -3.3346913 4294901760
12.709949 -18.611151 -3.405282 4294901760
3.6706097 -4.8834648 -3.4743543 4294901760
4.8701653 -7.1850958 -3.4696417 4294901760
6.6232824 -8.8117695 -3.4190977 4294901760
7.7743354 -11.469701 -3.4345858 4294901760
9.7636309 -12.989762 -3.3906374 4294901760
10.238347 -16.819275 -3.4407401 4294901760
15.545398 -20.681961 -3.3318529 4294901760
12.591225 -18.576197 -3.3988123 4294901760
3.6489339 -4.8900738 -3.4723291 4294901760
4.842865 -7.1987977 -3.468976 4294901760
6.5901198 -8.8316689 -3.4185984 4294901760
7.7298212 -11.490185 -3.4337854 4294901760
9.7182293 -13.023766 -3.3907371 4294901760
10.22693 -16.933321 -3.4483953 4294901760
15.439702 -20.691328 -3.3287871 4294901760
12.57081 -18.686193 -3.4045396 4294901760
3.6318414 -4.902782 -3.4723675 4294901760
4.8155293 -7.2123976 -3.4683115 4294901760
6.5616031 -8.8577948 -3.4192343 4294901760
7.6874614 -11.513798 -3.433444 4294901760
9.6750755 -13.060807 -3.3912189 4294901760
10.167757 -16.968916 -3.448601 4294901760
15.360253 -20.735479 -3.3282583 4294901760
12.496652 -18.7167 -3.4036188 4294901760
3.6192703 -4.9216352 -3.4744692 4294901760
4.7903242 -7.2291627 -3.4683852 4294901760
6.5306449 -8.8806448 -3.4193051 4294901760
7.6472249 -11.540562 -3.4335616 4294901760
9.6152916 -13.075276 -3.389044 4294901760
10.126781 -17.035116 -3.4517269 4294901760
15.257052 -20.747179 -3.3254294 4294901760
12.444456 -18.780148 -3.4054732 4294901760
3.5997965 -4.9311275 -3.4734778 4294901760
4.7650599 -7.2458396 -3.4684601 4294901760
6.5019355 -8.90658 -3.4199443 4294901760
7.6025329 -11.560555 -3.4327672 4294901760
9.5742788 -13.115183 -3.3899105 4294901760
10.065232 -17.066933 -3.4516146 4294901760
15.163361 -20.771303 -3.3235252 4294901760
12.32844 -18.746857 -3.3992908 4294901760
3.5825617 -4.9436631 -3.4735188 4294901760
4.7397385 -7.2624288 -3.4685364 4294901760
6.4731259 -8.9324217 -3.4205849 4294901760
7.5599632 -11.583697 -3.4324315 4294901760
9.5214405 -13.138864 -3.3888798 4294901760
10.009619 -17.108835 -3.4524777 4294901760
15.114178 -20.856417 -3.3260021 4294901760
12.230243 -18.739698 -3.3953285 4294901760
3.5652835 -4.9561381 -3.4735608 4294901760
4.7186232 -7.2855134 -3.470088 4294901760
6.4372902 -8.9485455 -3.4195271 4294901760
7.5108557 -11.596696 -3.4307263 4294901760
9.4778423 -13.175248 -3.3893712 4294901760
9.9498348 -17.143671 -3.4526954 4294901760
15.085558 -20.970592 -3.3305569 4294901760
12.182094 -18.809046 -3.397747 4294901760
3.5457234 -4.9654193 -3.4725723 4294901760
4.6910424 -7.2986407 -3.4694297 4294901760
6.4083118 -8.9741783 -3.4201713 4294901760
7.468184 -11.619505 -3.4303946 4294901760
9.4410372 -13.221197 -3.3910048 4294901760
9.8899326 -17.178299 -3.4529159 4294901760
15.047048 -21.071835 -3.3341947 4294901760
12.118519 -18.854811 -3.3982279 4294901760
3.5283694 -4.977766 -3.4726162 4294901760
4.6655369 -7.314971 -3.4695098 4294901760
6.3632331 -8.9771452 -3.4168494 4294901760
7.4318461 -11.652194 -3.4314365 4294901760
9.381031 -13.234605 -3.3888412 4294901760
9.820034 -17.195425 -3.4515178 4294901760
14.980324 -21.133997 -3.3350716 4294901760
12.001177 -18.816326 -3.391777 4294901760
3.5118425 -4.989439 -3.4726584 4294901760
4.6370573 -7.3237743 -3.4681125 4294901760
6.3311534 -8.9949656 -3.4163589 4294901760
7.3889198 -11.67007 -3.430645 4294901760
9.3325119 -13.259137 -3.3881936 4294901760
9.7629576 -17.227896 -3.4517324 4294901760
14.891782 -21.157452 -3.3334074 4294901760
11.876866 -18.758337 -3.3839297 4294901760
3.4966109 -5.0048242 -3.4737353 4294901760
4.6135516 -7.3432379 -3.4689324 4294901760
6.3110352 -9.0332098 -3.4192753 4294901760
7.3418064 -11.685711 -3.4294045 4294901760
9.2861729 -13.291632 -3.3883145 4294901760
9.7164221 -17.286171 -3.4542325 4294901760
14.751567 -21.114445 -3.3269148 4294901760
11.860096 -18.877325 -3.3905232 4294901760
3.4747298 -5.0106683 -3.4717188 4294901760
4.5858154 -7.355968 -3.4682786 4294901760
6.2794657 -9.0551844 -3.419359 4294901760
7.2988715 -11.7079 -3.4290805 4294901760
9.2510519 -13.340305 -3.3903382 4294901760
9.6599016 -17.326941 -3.4551136 4294901760
14.677775 -21.165808 -3.3271105 4294901760
11.732965 -18.820496 -3.3826904 4294901760
3.4506657 -5.0132489 -3.4686713 4294901760
4.5559831 -7.3652601 -3.4668891 4294901760
6.2455769 -9.0737944 -3.4188774 4294901760
7.2516961 -11.723184 -3.4278436 4294901760
9.1999197 -13.365967 -3.3897038 4294901760
9.5858698 -17.336159 -3.4530768 4294901760
14.655835 -21.292513 -3.3326137 4294901760
11.717532 -18.942711 -3.3895695 4294901760
3.4396644 -5.0348043 -3.4718142 4294901760
4.5302467 -7.3811183 -3.4669755 4294901760
6.2138662 -9.0955391 -3.4189644 4294901760
7.2128077 -11.751807 -3.4284382 4294901760
9.1397476 -13.378295 -3.3875511 4294901760
9.4640169 -17.257767 -3.4429276 4294901760
14.621941 -21.402847 -3.3369691 4294901760
11.615888 -18.925734 -3.3850718 4294901760
3.4220686 -5.0467811 -3.4718633 4294901760
4.5044541 -7.3968868 -3.467063 4294901760
6.1754241 -9.1073608 -3.4173522 4294901760
7.1799965 -11.790468 -3.4304075 4294901760
9.0952253 -13.41341 -3.3880615 4294901760
9.3827868 -17.252211 -3.4395955 4294901760
14.529226 -21.42734 -3.3353324 4294901760
11.578783 -19.013836 -3.3891833 4294901760
3.4022803 -5.0554991 -3.4708815 4294901760
4.4765778 -7.4092078 -3.466414 4294901760
6.1435957 -9.1288605 -3.4174423 4294901760
7.1387954 -11.815458 -3.4305489 4294901760
9.0550089 -13.454972 -3.3893349 4294901760
9.4170389 -17.460125 -3.4560709 4294901760
14.452114 -21.474611 -3.3353138 4294901760
11.532958 -19.088261 -3.3921883 4294901760
3.3867519 -5.0705481 -3.4719639 4294901760
4.4486713 -7.4214249 -3.4657664 4294901760
6.1160827 -9.1568241 -3.418668 4294901760
7.0913887 -11.830096 -3.4293196 4294901760
9.0146141 -13.496422 -3.3906109 4294901760
9.3729391 -17.524496 -3.4592397 4294901760
14.38593 -21.538202 -3.3364525 4294901760
11.460108 -19.118143 -3.3915868 4294901760
3.3690314 -5.0823388 -3.4720156 4294901760
4.4207335 -7.433537 -3.4651203 4294901760
6.0797143 -9.1715279 -3.4176273 4294901760
7.0520787 -11.858189 -3.4299228 4294901760
8.9608536 -13.51786 -3.3896077 4294901760
9.3173065 -17.567663 -3.4604638 4294901760
14.293021 -21.56168 -3.3348262 4294901760
11.440172 -19.236841 -3.3982105 4294901760
3.3555055 -5.1005039 -3.4741318 4294901760
4.4027319 -7.4624357 -3.468163 4294901760
6.0498371 -9.1959972 -3.4182894 4294901760
7.0066118 -11.875897 -3.4291549 4294901760
8.915802 -13.55238 -3.3901279 4294901760
9.2318306 -17.554255 -3.4564939 4294901760
14.16504 -21.531433 -3.3295105 4294901760
11.484376 -19.465509 -3.4137292 4294901760
3.3397861 -5.1154118 -3.4752171 4294901760
4.3726931 -7.4709883 -3.4667814 4294901760
6.0155373 -9.2137489 -3.417819 4294901760
6.9691224 -11.907131 -3.4302197 4294901760
8.8814831 -13.603399 -3.3925526 4294901760
9.1557665 -17.558121 -3.4541497 4294901760
14.089791 -21.580748 -3.3297367 4294901760
10.74374 -18.356276 -3.3211708 4294901760
3.3198149 -5.1238055 -3.4742398 4294901760
4.3544655 -7.4997754 -3.4698274 4294901760
5.9897866 -9.2446432 -3.4196188 4294901760
6.9195461 -11.91766 -3.42854 4294901760
8.8252954 -13.620971 -3.3911762 4294901760
9.088933 -17.579363 -3.4534323 4294901760
13.977489 -21.572872 -3.3260424 4294901760
11.182051 -19.25905 -3.3911567 4294901760
3.2998261 -5.1321235 -3.4732635 4294901760
4.3282595 -7.5149293 -3.4699237 4294901760
5.9596176 -9.2688198 -3.4202859 4294901760
6.8739424 -11.934865 -3.4277778 4294901760
8.7712421 -13.641657 -3.390182 4294901760
9.0184298 -17.59326 -3.4520676 4294901760
13.880519 -21.587967 -3.3239665 4294901760
11.088889 -19.253056 -3.3877909 4294901760
3.2818921 -5.1436105 -3.4733198 4294901760
4.296165 -7.5197749 -3.4678082 4294901760
5.9272285 -9.289566 -3.4203875 4294901760
6.8283048 -11.951896 -3.4270175 4294901760
8.7257109 -13.675543 -3.390712 4294901760
8.9912491 -17.692093 -3.4585059 4294901760
13.843716 -21.696836 -3.3283601 4294901760
3.2627556 -5.1512108 -3.4723423 4294901760
4.2692699 -7.5305676 -3.467164 4294901760
5.8879299 -9.2958136 -3.4182165 4294901760
6.7886324 -11.974472 -3.4271665 4294901760
8.6994648 -13.734642 -3.3942809 4294901760
8.9397001 -17.736038 -3.4600594 4294901760
13.611553 -21.489803 -3.3112662 4294901760
11.071621 -19.529238 -3.4044077 4294901760
3.2427049 -5.1593075 -3.4713681 4294901760
4.2429571 -7.5454245 -3.4672642 4294901760
5.8554454 -9.3163099 -3.4183211 4294901760
6.7429028 -11.991179 -3.4264097 4294901760
8.6451197 -13.754822 -3.3932939 4294901760
8.863492 -17.738632 -3.4577274 4294901760
13.538579 -21.540564 -3.3117392 4294901760
11.017064 -19.592094 -3.4066138 4294901760
3.2267144 -5.1738629 -3.4724591 4294901760
4.2223248 -7.5704646 -3.469579 4294901760
5.8145242 -9.3232775 -3.4161577 4294901760
6.7029386 -12.018108 -3.4270284 4294901760
8.592845 -13.778165 -3.3926897 4294901760
8.8068237 -17.78017 -3.4589751 4294901760
13.649124 -21.885637 -3.3323169 4294901760
10.868989 -19.487675 -3.3954735 4294901760
3.2066081 -5.1818194 -3.4714868 4294901760
4.1939754 -7.5817261 -3.4689438 4294901760
5.7840252 -9.3468781 -3.4168329 4294901760
6.6609473 -12.041433 -3.4271915 4294901760
8.5405149 -13.801314 -3.3920877 4294901760
8.7482166 -17.817953 -3.4599001 4294901760
13.610444 -21.994226 -3.3367293 4294901760
10.899317 -19.703415 -3.4099243 4294901760
3.1945465 -5.2028289 -3.4746435 4294901760
4.1674843 -7.5963202 -3.4690475 4294901760
5.7492943 -9.3636436 -3.4163747 4294901760
6.615056 -12.057654 -3.4264402 4294901760
8.5026894 -13.847986 -3.3941522 4294901760
8.6859665 -17.848381 -3.4601779 4294901760
13.521057 -22.021198 -3.3355999 4294901760
10.765274 -19.622501 -3.4007349 4294901760
3.1763659 -5.2139482 -3.474705 4294901760
4.142817 -7.6142654 -3.4698906 4294901760
5.7145176 -9.3802795 -3.4159181 4294901760
6.5748229 -12.084157 -3.4270651 4294901760
8.450161 -13.87079 -3.3935549 4294901760
8.6184196 -17.867832 -3.4594824 4294901760
13.444106 -22.068262 -3.3358607 4294901760
3.1621315 -5.2315974 -3.4768319 4294901760
4.1124878 -7.6217771 -3.4685211 4294901760
5.6796951 -9.3967876 -3.415463 4294901760
6.5194116 -12.082589 -3.424027 4294901760
8.4058056 -13.907008 -3.3944826 4294901760
8.5525608 -17.890619 -3.4591148 4294901760
13.34635 -22.080906 -3.3338132 4294901760
3.1398885 -5.2359958 -3.4748311 4294901760
4.087709 -7.639544 -3.4693666 4294901760
5.6570234 -9.4335032 -3.4184151 4294901760
6.4734521 -12.098274 -3.423281 4294901760
8.3633471 -13.946498 -3.3957937 4294901760
8.4934702 -17.927565 -3.4600518 4294901760
13.302028 -22.182114 -3.3377812 4294901760
10.559201 -19.734156 -3.4015589 4294901760
3.1255314 -5.2535458 -3.4769599 4294901760
4.0610166 -7.6537666 -3.4694755 4294901760
5.6179972 -9.4430037 -3.4168282 4294901760
6.4590783 -12.173375 -3.4303269 4294901760
8.3125801 -13.97219 -3.3955843 4294901760
8.4240685 -17.94268 -3.4590383 4294901760
13.200033 -22.18726 -3.335278 4294901760
10.540704 -19.865982 -3.4093571 4294901760
3.0993423 -5.2511544 -3.4728961 4294901760
4.0269699 -7.6540098 -3.4666326 4294901760
5.5789733 -9.4523439 -3.4152424 4294901760
6.4220886 -12.206381 -3.4318769 4294901760
8.2536488 -13.983995 -3.3938537 4294901760
8.3529854 -17.953922 -3.4577017 4294901760
13.092083 -22.181658 -3.3320839 4294901760
10.196564 -19.380476 -3.3684299 4294901760
3.0800745 -5.2624788 -3.4729655 4294901760
4.0025163 -7.675674 -3.4682257 4294901760
5.5542731 -9.4897842 -3.4182057 4294901760
6.3644633 -12.205209 -3.4288547 4294901760
8.2123842 -14.031314 -3.3959427 4294901760
8.2954578 -18.002502 -3.4596386 4294901760
12.98449 -22.184723 -3.3293688 4294901760
9.7641678 -18.724863 -3.314136 4294901760
3.0626068 -5.2726636 -3.4730289 4294901760
3.9770405 -7.6889048 -3.4683328 4294901760
5.5227733 -9.5081511 -3.4183204 4294901760
6.3221312 -12.222723 -3.4285662 4294901760
8.1678066 -14.06191 -3.3964932 4294901760
8.2290945 -18.015423 -3.4586179 4294901760
12.930893 -22.262163 -3.3319509 4294901760
9.7478085 -18.845663 -3.3213608 4294901760
3.0441835 -5.2833219 -3.4730968 4294901760
3.9501779 -7.7027402 -3.4684463 4294901760
5.4796844 -9.5102472 -3.4156036 4294901760
6.2812395 -12.248247 -3.4292054 4294901760
8.1127157 -14.079995 -3.3955309 4294901760
8.1579504 -18.025896 -3.4572887 4294901760
12.894941 -22.37977 -3.3370979 4294901760
10.15315 -19.798368 -3.3938022 4294901760
3.0257227 -5.2939162 -3.4731655 4294901760
3.9250438 -7.7199793 -3.4692998 4294901760
5.4444928 -9.5258856 -3.4151592 4294901760
6.2402449 -12.273637 -3.4298468 4294901760
8.055625 -14.094419 -3.3941898 4294901760
8.08846 -18.039726 -3.4562874 4294901760
12.836544 -22.459291 -3.3397038 4294901760
10.152638 -19.968735 -3.4046872 4294901760
3.0110242 -5.3111472 -3.4752998 4294901760
3.8998377 -7.7371349 -3.4701545 4294901760
5.4131575 -9.5482712 -3.4158523 4294901760
6.1973639 -12.295343 -3.4300315 4294901760
8.0063763 -14.122452 -3.3943751 4294901760
8.0254402 -18.067848 -3.4565918 4294901760
12.762002 -22.510902 -3.340462 4294901760
9.6378546 -19.121151 -3.3358636 4294901760
2.9886904 -5.3149104 -3.4733055 4294901760
3.8710525 -7.7471919 -3.4695337 4294901760
5.3739824 -9.5567732 -3.4142752 4294901760
6.1579537 -12.323999 -3.4311354 4294901760
7.9609289 -14.157246 -3.3953247 4294901760
7.9543023 -18.077526 -3.4552693 4294901760
12.657921 -22.510099 -3.33775 4294901760
9.5389738 -19.090483 -3.331136 4294901760
2.9682431 -5.3219471 -3.4723442 4294901760
3.8439858 -7.7606578 -3.4696524 4294901760
5.34444 -9.5823774 -3.4155395 4294901760
6.1201806 -12.356089 -3.4327004 4294901760
7.9133987 -14.188422 -3.3958957 4294901760
7.8927422 -18.108833 -3.455905 4294901760
12.57538 -22.547178 -3.3375885 4294901760
10.006673 -20.202564 -3.4156368 4294901760
2.9515131 -5.3356457 -3.473449 4294901760
3.813416 -7.7669864 -3.4682949 4294901760
5.3109598 -9.6009741 -3.4156692 4294901760
6.077014 -12.377377 -3.4328914 4294901760
7.8715258 -14.229879 -3.3976128 4294901760
7.8215914 -18.117992 -3.4545875 4294901760
12.463766 -22.531576 -3.3339555 4294901760
9.6971359 -19.750671 -3.3780198 4294901760
2.9291646 -5.3391619 -3.4714565 4294901760
3.7845643 -7.7767234 -3.4676774 4294901760
5.279315 -9.62292 -3.416369 4294901760
6.0372438 -12.405649 -3.4340019 4294901760
7.821806 -14.25727 -3.3978078 4294901760
7.7551675 -18.137859 -3.4542499 4294901760
12.429183 -22.655409 -3.3395941 4294901760
9.5792866 -19.684027 -3.3705173 4294901760
2.9123504 -5.3527379 -3.472563 4294901760
3.7556913 -7.7863536 -3.4670606 4294901760
5.2400255 -9.6308746 -3.4147975 4294901760
5.9956274 -12.430222 -3.4346557 4294901760
7.7757921 -14.291472 -3.3987677 4294901760
7.6887012 -18.157482 -3.4539154 4294901760
12.371003 -22.737213 -3.3424573 4294901760
9.8118906 -20.342154 -3.419373 4294901760
2.892755 -5.3589759 -3.4716015 4294901760
3.7349279 -7.809381 -3.4693942 4294901760
5.2099376 -9.6516752 -3.4154935 4294901760
5.9543753 -12.450035 -3.4348428 4294901760
7.7245808 -14.310179 -3.3981946 4294901760
7.623827 -18.171865 -3.4532406 4294901760
12.269003 -22.728952 -3.3395133 4294901760
9.7615814 -20.410543 -3.4224699 4294901760
2.8740308 -5.369041 -3.4716771 4294901760
3.7110047 -7.8294592 -3.4709969 4294901760
5.1818113 -9.6802568 -3.4173343 4294901760
5.9023819 -12.452815 -3.4327469 4294901760
7.6689496 -14.326536 -3.3972521 4294901760
7.5588193 -18.194685 -3.4532371 4294901760
12.185821 -22.764605 -3.33937 4294901760
9.7090578 -20.484121 -3.4258661 4294901760
2.8498538 -5.368834 -3.4686549 4294901760
3.6836522 -7.8423657 -3.471123 4294901760
5.1516953 -9.7052689 -3.4186089 4294901760
5.8588772 -12.473343 -3.4329474 4294901760
7.6282172 -14.370785 -3.3993635 4294901760
7.4967775 -18.224646 -3.4538889 4294901760
12.110025 -22.814054 -3.340158 4294901760
9.6307154 -20.503454 -3.4250793 4294901760
2.8346837 -5.3855667 -3.4707978 4294901760
3.6579094 -7.8587317 -3.4719892 4294901760
5.1214671 -9.7301874 -3.4198849 4294901760
5.8052545 -12.472135 -3.4303954 4294901760
7.5780072 -14.397325 -3.39957 4294901760
7.4286075 -18.239637 -3.4532375 4294901760
12.037748 -22.87031 -3.341414 4294901760
9.584321 -20.591164 -3.4296007 4294901760
2.8105204 -5.3851838 -3.4677773 4294901760
3.6337404 -7.8785758 -3.4735959 4294901760
5.0838141 -9.7409973 -3.4188895 4294901760
5.7683306 -12.506736 -3.432436 4294901760
7.5240245 -14.416637 -3.3990159 4294901760
7.3648934 -18.265457 -3.4535682 4294901760
11.972611 -22.940489 -3.3436022 4294901760
9.5190649 -20.638975 -3.4310546 4294901760
2.7952461 -5.4018035 -3.4699221 4294901760
3.6045871 -7.8876457 -3.4729869 4294901760
5.0406981 -9.7411318 -3.4161899 4294901760
5.7213402 -12.519577 -3.4317241 4294901760
7.4626884 -14.421619 -3.3969374 4294901760
7.299614 -18.287355 -3.4535751 4294901760
11.875957 -22.950245 -3.3418493 4294901760
9.4453058 -20.668449 -3.4311156 4294901760
2.7798901 -5.4183822 -3.4720681 4294901760
3.5721788 -7.8894596 -3.4709003 4294901760
5.003057 -9.7516356 -3.4151969 4294901760
5.6841512 -12.55393 -3.433769 4294901760
7.4141178 -14.45112 -3.3975322 4294901760
7.2313452 -18.301611 -3.4529314 4294901760
11.784845 -22.970259 -3.3407955 4294901760
9.3731031 -20.701292 -3.4314592 4294901760
2.7574675 -5.4211855 -3.4700828 4294901760
3.5430133 -7.8983016 -3.470293 4294901760
4.9761553 -9.7831297 -3.4176166 4294901760
5.641921 -12.577315 -3.4344385 4294901760
7.3546157 -14.459188 -3.395839 4294901760
7.1529131 -18.289648 -3.4500024 4294901760
11.702786 -23.007696 -3.3409061 4294901760
9.2958927 -20.722973 -3.4309676 4294901760
2.7385263 -5.430779 -3.4701643 4294901760
3.512234 -7.9034534 -3.4689481 4294901760
4.9419742 -9.8004417 -3.4177637 4294901760
5.594758 -12.589682 -3.433732 4294901760
7.3040967 -14.484774 -3.3960567 4294901760
7.0990868 -18.340508 -3.4526308 4294901760
11.658332 -23.119669 -3.3458974 4294901760
9.2024488 -20.707937 -3.4276834 4294901760
2.7178311 -5.4368591 -3.4692135 4294901760
3.4830451 -7.9120746 -3.4683428 4294901760
4.9059677 -9.8140955 -3.4173439 4294901760
5.5507793 -12.609134 -3.4339461 4294901760
7.2481585 -14.499509 -3.3951311 4294901760
7.0378737 -18.372614 -3.4536283 4294901760
11.604323 -23.213758 -3.3497329 4294901760
9.1381416 -20.758175 -3.4294333 4294901760
2.7022567 -5.4532161 -3.4713633 4294901760
3.4585409 -7.931376 -3.4699574 4294901760
4.8734345 -9.8347034 -3.4180629 4294901760
5.5035591 -12.621159 -3.4332433 4294901760
7.2027979 -14.535412 -3.3964989 4294901760
6.9765224 -18.404516 -3.4546289 4294901760
11.514362 -23.236248 -3.3489265 4294901760
9.0704069 -20.800911 -3.4306281 4294901760
2.6866012 -5.4695301 -3.4735141 4294901760
3.4323893 -7.947 -3.4708335 4294901760
4.8373322 -9.8481073 -3.4176459 4294901760
5.4578958 -12.636649 -3.4330015 4294901760
7.1414957 -14.539049 -3.3944318 4294901760
6.9122353 -18.428759 -3.4549785 4294901760
11.396237 -23.201086 -3.3444047 4294901760
8.9756107 -20.781204 -3.4270709 4294901760
2.6674931 -5.4788747 -3.4735992 4294901760
3.4077144 -7.966146 -3.472451 4294901760
4.8081183 -9.8755932 -3.4195058 4294901760
5.4153142 -12.659272 -3.4336808 4294901760
7.0785155 -14.538856 -3.3919842 4294901760
6.8492522 -18.456507 -3.4556577 4294901760
11.161474 -22.925013 -3.3243089 4294901760
8.8983145 -20.801413 -3.4265926 4294901760
2.6450038 -5.4812145 -3.4716184 4294901760
3.376826 -7.9707694 -3.4711111 4294901760
4.7770524 -9.899436 -3.4207988 4294901760
5.3695436 -12.674445 -3.4334426 4294901760
7.0294509 -14.56706 -3.3925951 4294901760
6.779294 -18.465347 -3.454704 4294901760
11.233989 -23.280081 -3.3451314 4294901760
8.8614187 -20.916779 -3.4333935 4294901760
2.6258547 -5.4904141 -3.4717054 4294901760
3.3444297 -7.9716573 -3.4690325 4294901760
4.7390571 -9.9089203 -3.4198177 4294901760
5.329874 -12.704087 -3.4350452 4294901760
6.9751272 -14.584332 -3.3920615 4294901760
6.7147956 -18.488899 -3.4550612 4294901760
11.176761 -23.369551 -3.3487563 4294901760
8.7235718 -20.793179 -3.4220059 4294901760
2.610244 -5.5021162 -3.4728179 4294901760
3.3253944 -7.9966111 -3.4721191 4294901760
4.7079039 -9.9237595 -3.41996 4294901760
5.294508 -12.73176 -3.4366276 4294901760
6.9360938 -14.620545 -3.3937998 4294901760
6.6580267 -18.513651 -3.4557126 4294901760
11.072503 -23.339657 -3.3449049 4294901760
8.679637 -20.872015 -3.4262576 4294901760
2.5926604 -5.5146804 -3.4739399 4294901760
3.2959661 -8.0045443 -3.4715221 4294901760
4.6782784 -9.9508629 -3.4218268 4294901760
5.2515426 -12.753834 -3.437315 4294901760
6.8782463 -14.630272 -3.3925061 4294901760
6.5866876 -18.518021 -3.4544382 4294901760
10.899285 -23.183165 -3.3327148 4294901760
8.6203861 -20.935366 -3.4291511 4294901760
2.5756829 -5.5311303 -3.4761012 4294901760
3.2651258 -8.0129385 -3.4709334 4294901760
4.6401067 -9.9643612 -3.4214272 4294901760
5.2137465 -12.795045 -3.4403157 4294901760
6.8245769 -14.655384 -3.3927553 4294901760
6.5068808 -18.508219 -3.4518743 4294901760
10.807504 -23.20849 -3.3321788 4294901760
8.5375776 -20.952053 -3.4284263 4294901760
2.5531325 -5.5330915 -3.4741242 4294901760
3.2356687 -8.020648 -3.4703388 4294901760
4.6052971 -9.9804964 -3.4215903 4294901760
5.170537 -12.816845 -3.4410076 4294901760
6.7717142 -14.675508 -3.3926127 4294901760
6.4291601 -18.4932 -3.4489658 4294901760
10.739802 -23.275057 -3.3344209 4294901760
8.4807987 -21.022396 -3.4318879 4294901760
2.5363722 -5.5450301 -3.4752445 4294901760
3.2075977 -8.0276918 -3.4697378 4294901760
4.577107 -10.006495 -3.4234543 4294901760
5.1324224 -12.844974 -3.44261 4294901760
6.7230105 -14.697882 -3.3928425 4294901760
6.3781614 -18.54455 -3.451937 4294901760
10.6526 -23.288771 -3.3333881 4294901760
8.4228725 -21.080021 -3.4344943 4294901760
2.5185916 -5.5573583 -3.4763706 4294901760
3.1809995 -8.0424871 -3.4706254 4294901760
4.5405197 -10.018811 -3.4230511 4294901760
5.089015 -12.866501 -3.4433062 4294901760
6.6683826 -14.714014 -3.3923216 4294901760
6.3146725 -18.570469 -3.4526367 4294901760
10.604186 -23.398499 -3.3384335 4294901760
8.3536386 -21.120415 -3.4357224 4294901760
2.496021 -5.5590887 -3.4743958 4294901760
3.1529055 -8.0535421 -3.4707742 4294901760
4.5006618 -10.023785 -3.4215109 4294901760
5.0426226 -12.880492 -3.4430838 4294901760
6.6137209 -14.729948 -3.391803 4294901760
6.2485394 -18.588627 -3.4526837 4294901760
10.594358 -23.595545 -3.3490767 4294901760
8.2696867 -21.123459 -3.4341502 4294901760
2.4766014 -5.5677676 -3.4744895 4294901760
3.1261921 -8.0681562 -3.4716642 4294901760
4.4704642 -10.050267 -3.423388 4294901760
4.9961982 -12.894316 -3.4428632 4294901760
6.5622644 -14.752944 -3.3920512 4294901760
6.1798491 -18.598984 -3.4520772 4294901760
10.513554 -23.636028 -3.3497076 4294901760
8.2088671 -21.185654 -3.4370675 4294901760
2.4561779 -5.576807 -3.4745889 4294901760
3.0965996 -8.0795603 -3.471823 4294901760
4.4320049 -10.062966 -3.422998 4294901760
4.9588447 -12.938478 -3.4463394 4294901760
6.5049415 -14.769616 -3.3915491 4294901760
6.0917678 -18.560965 -3.4472294 4294901760
10.499228 -23.838732 -3.3606198 4294901760
8.1268816 -21.204432 -3.4366426 4294901760
2.4366958 -5.5853467 -3.4746842 4294901760
3.0642047 -8.0793171 -3.4697542 4294901760
4.3905296 -10.063886 -3.4208922 4294901760
4.9150577 -12.959418 -3.4470439 4294901760
6.451755 -14.788587 -3.3914194 4294901760
6.0429134 -18.631365 -3.4518745 4294901760
10.385633 -23.805744 -3.3565974 4294901760
8.0584698 -21.24758 -3.4381649 4294901760
2.4181614 -5.5933962 -3.4747758 4294901760
3.0360181 -8.085763 -3.4691596 4294901760
4.3634067 -10.0929 -3.4233353 4294901760
4.8748465 -12.983075 -3.4481983 4294901760
6.3979464 -14.798949 -3.3905137 4294901760
5.9823146 -18.655094 -3.4525681 4294901760
10.365224 -23.975573 -3.3656175 4294901760
7.9795594 -21.251791 -3.4368641 4294901760
11.908949 -24.223515 -3.2534008 4294901760
2.4001374 -5.6053443 -3.4759073 4294901760
3.0118716 -8.1073408 -3.4715354 4294901760
4.3250365 -10.100805 -3.4223714 4294901760
4.8308773 -13.003733 -3.4489069 4294901760
6.3415499 -14.810225 -3.3896222 4294901760
5.9087358 -18.649286 -3.4506586 4294901760
10.262618 -23.96759 -3.3632345 4294901760
7.9053254 -21.279516 -3.4372702 4294901760
2.3780742 -5.6105571 -3.4749758 4294901760
2.9834898 -8.1220074 -3.4724395 4294901760
4.2879877 -10.116589 -3.4225571 4294901760
4.7845535 -13.025076 -3.44963 4294901760
6.2825718 -14.822384 -3.3887455 4294901760
5.8379679 -18.663216 -3.4504111 4294901760
10.18405 -24.027086 -3.3650749 4294901760
7.8300304 -21.315832 -3.438261 4294901760
2.3559599 -5.607347 -3.471962 4294901760
2.955277 -8.1239681 -3.4710996 4294901760
4.2623072 -10.144585 -3.4249964 4294901760
4.7449665 -13.043773 -3.4503174 4294901760
6.2421355 -14.856712 -3.3905122 4294901760
5.7722435 -18.658634 -3.4487941 4294901760
9.7344694 -23.168707 -3.3089659 4294901760
7.7562118 -21.321596 -3.437228 4294901760
2.3373687 -5.6234655 -3.4741402 4294901760
2.9253879 -8.1389475 -3.4720144 4294901760
4.2248406 -10.164527 -3.4257641 4294901760
4.698873 -13.073097 -3.4519789 4294901760
6.1850438 -14.880571 -3.3908024 4294901760
5.6993942 -18.676853 -3.448899 4294901760
9.6500301 -23.216967 -3.3101187 4294901760
7.656754 -21.302446 -3.434032 4294901760
2.3196902 -5.6307807 -3.4742308 4294901760
2.8998039 -8.148097 -3.472158 4294901760
4.1928868 -10.177749 -3.4259276 4294901760
4.6591096 -13.091533 -3.4526701 4294901760
6.141294 -14.907284 -3.391808 4294901760
5.6326375 -18.667976 -3.4469566 4294901760
9.5010471 -23.062696 -3.2988141 4294901760
7.5978127 -21.348932 -3.4360936 4294901760
2.3000216 -5.6388435 -3.4743321 4294901760
2.8726473 -8.16187 -3.4730592 4294901760
4.1573348 -10.192323 -3.4261107 4294901760
4.6133847 -13.107717 -3.4529281 4294901760
6.0847154 -14.917582 -3.3909266 4294901760
5.5503836 -18.630268 -3.4424269 4294901760
9.8017673 -24.030485 -3.3583367 4294901760
7.5060401 -21.326435 -3.4328599 4294901760
2.2817671 -5.6504092 -3.4754686 4294901760
2.8441403 -8.1718464 -3.4732208 4294901760
4.118773 -10.199442 -3.4251554 4294901760
4.5715165 -13.134982 -3.4545708 4294901760
6.0266523 -14.923982 -3.3896642 4294901760
5.4830732 -18.641888 -3.4421694 4294901760
9.5968037 -23.764856 -3.3398426 4294901760
7.4525208 -21.412746 -3.4377809 4294901760
2.2567544 -5.6480036 -3.4724731 4294901760
2.8116181 -8.174798 -3.4719098 4294901760
4.0798955 -10.210798 -3.4247806 4294901760
4.531086 -13.174163 -3.457612 4294901760
5.9733877 -14.949662 -3.3903332 4294901760
5.4158192 -18.665682 -3.4429204 4294901760
9.6029119 -24.033312 -3.3550251 4294901760
7.3480554 -21.364519 -3.4326043 4294901760
2.2380121 -5.6554565 -3.4725716 4294901760
2.7857571 -8.1877909 -3.4728067 4294901760
4.0532842 -10.242649 -3.4278095 4294901760
4.4848175 -13.181603 -3.4569407 4294901760
5.9296317 -14.984179 -3.3921273 4294901760
5.3527937 -18.679712 -3.4429762 4294901760
9.5745487 -24.194885 -3.3636284 4294901760
7.2771668 -21.388771 -3.4330115 4294901760
2.2168522 -5.6596475 -3.4716415 4294901760
2.7546585 -8.1900291 -3.4714897 4294901760
4.0175056 -10.256736 -3.4279988 4294901760
4.4387774 -13.197178 -3.4572067 4294901760
5.87149 -14.989977 -3.3908708 4294901760
5.2962265 -18.728941 -3.4460144 4294901760
9.5264177 -24.321047 -3.3699231 4294901760
7.2177124 -21.459385 -3.4368196 4294901760
2.2012599 -5.6781259 -3.4748511 4294901760
2.7248156 -8.1958742 -3.4709146 4294901760
3.9831071 -10.274382 -3.4287598 4294901760
4.3901796 -13.205062 -3.456552 4294901760
5.814816 -14.999255 -3.3899989 4294901760
5.2329578 -18.75499 -3.447083 4294901760
9.3448267 -24.104879 -3.3546996 4294901760
7.1389871 -21.473101 -3.4364104 4294901760
2.180434 -5.6861553 -3.4749627 4294901760
2.6935349 -8.2020788 -3.4703491 4294901760
3.9383478 -10.270459 -3.4261103 4294901760
4.3467045 -13.236142 -3.4586804 4294901760
5.7598033 -15.020466 -3.3902941 4294901760
5.1610155 -18.76252 -3.4465299 4294901760
9.3021345 -24.25819 -3.362663 4294901760
7.0502872 -21.468819 -3.4346182 4294901760
2.1574638 -5.6825519 -3.4719598 4294901760
2.6651082 -8.2072353 -3.4697676 4294901760
3.9000583 -10.272378 -3.424583 4294901760
4.3064623 -13.261806 -3.4603229 4294901760
5.7029014 -15.020893 -3.3886449 4294901760
5.0799813 -18.71035 -3.4410002 4294901760
9.2442989 -24.348593 -3.3668435 4294901760
6.9630451 -21.442787 -3.431376 4294901760
2.1379762 -5.6940269 -3.4731081 4294901760
2.6350102 -8.2169485 -3.4699454 4294901760
3.8609931 -10.282902 -3.4242172 4294901760
4.2614632 -13.288837 -3.4619949 4294901760
5.6520042 -15.052864 -3.3900955 4294901760
4.9949017 -18.667284 -3.4361703 4294901760
9.1563988 -24.386045 -3.3675628 4294901760
6.892931 -21.49474 -3.4338126 4294901760
2.1194284 -5.7050662 -3.4742517 4294901760
2.6051264 -8.2223568 -3.4693747 4294901760
3.8250754 -10.296317 -3.4244134 4294901760
4.216248 -13.307413 -3.4627323 4294901760
5.5994248 -15.072502 -3.390383 4294901760
9.0712194 -24.41786 -3.3680284 4294901760
6.8323064 -21.564274 -3.4376404 4294901760
2.0981722 -5.7088141 -3.4733264 4294901760
2.5764089 -8.2314005 -3.4695463 4294901760
3.7932012 -10.320736 -3.4263234 4294901760
4.1756968 -13.340985 -3.4653187 4294901760
5.5467777 -15.091957 -3.3906727 4294901760
4.862452 -18.693993 -3.4363496 4294901760
8.9735413 -24.415668 -3.3663888 4294901760
6.695066 -21.39015 -3.423434 4294901760
2.0802269 -5.7153778 -3.4734256 4294901760
2.5493767 -8.2357082 -3.4689603 4294901760
3.7607584 -10.332602 -3.4265029 4294901760
4.1384573 -13.369201 -3.4674177 4294901760
5.5047779 -15.124258 -3.3924708 4294901760
4.835393 -18.832619 -3.4472728 4294901760
8.9240866 -24.518732 -3.3715014 4294901760
6.6231174 -21.395844 -3.4227104 4294901760
2.0602643 -5.7226038 -3.473537 4294901760
2.5229073 -8.252058 -3.4706175 4294901760
3.7219918 -10.338229 -3.4255624 4294901760
4.0940866 -13.391153 -3.4686236 4294901760
5.4506049 -15.139637 -3.392381 4294901760
4.7735353 -18.864826 -3.4490187 4294901760
8.8181725 -24.493416 -3.3684614 4294901760
6.5728717 -21.498896 -3.4290843 4294901760
2.0418589 -5.7373748 -3.4757252 4294901760
2.4926448 -8.2612486 -3.4708014 4294901760
3.6840749 -10.351802 -3.4257748 4294901760
4.0438313 -13.402268 -3.4684601 4294901760
5.3950782 -15.159513 -3.3926921 4294901760
4.6995454 -18.862871 -3.4478226 4294901760
8.5330086 -23.976717 -3.3347218 4294901760
6.4502678 -21.377802 -3.4188437 4294901760
2.0205405 -5.7408338 -3.4748027 4294901760
2.4615529 -8.2623825 -3.4694941 4294901760
3.6466057 -10.360869 -3.4254076 4294901760
3.998157 -13.420107 -3.469208 4294901760
5.3421288 -15.178253 -3.3929906 4294901760
4.630825 -18.867558 -3.4472661 4294901760
8.7062654 -24.736561 -3.3807092 4294901760
6.3790202 -21.411648 -3.4201465 4294901760
2.0040259 -5.7547774 -3.4769816 4294901760
2.4341409 -8.2704992 -3.4696624 4294901760
3.6109285 -10.369173 -3.4250317 4294901760
3.9491518 -13.418064 -3.4676332 4294901760
5.295691 -15.20715 -3.394429 4294901760
4.5663605 -18.875069 -3.4470198 4294901760
8.5677614 -24.603256 -3.3710833 4294901760
6.3316216 -21.513002 -3.4265103 4294901760
1.9804132 -5.7547998 -3.4750311 4294901760
2.4005306 -8.2680645 -3.4676235 4294901760
3.5728991 -10.382339 -3.4252489 4294901760
3.9032648 -13.44388 -3.4693236 4294901760
5.2399182 -15.22646 -3.3947473 4294901760
4.4962268 -18.887804 -3.4471488 4294901760
8.5398531 -24.815601 -3.3828669 4294901760
6.2816315 -21.635607 -3.4343383 4294901760
1.958836 -5.7540426 -3.4730694 4294901760
2.3752611 -8.2835197 -3.4692781 4294901760
3.5422714 -10.405354 -3.42716 4294901760
3.859755 -13.460566 -3.470063 4294901760
5.1919599 -15.25128 -3.3958058 4294901760
4.4290204 -18.883224 -3.4459167 4294901760
8.3945045 -24.658693 -3.3718326 4294901760
6.2109485 -21.660151 -3.4350665 4294901760
1.9387392 -5.7608452 -3.4731855 4294901760
2.3441968 -8.2842131 -3.4679744 4294901760
3.5021474 -10.406417 -3.4256561 4294901760
3.8127465 -13.473956 -3.4703562 4294901760
5.1361556 -15.261772 -3.3953445 4294901760
4.364872 -18.90633 -3.4470181 4294901760
8.2867441 -24.623554 -3.3683362 4294901760
6.1135941 -21.604977 -3.4298887 4294901760
1.9176106 -5.7679129 -3.4733081 4294901760
2.3138165 -8.2927504 -3.4681649 4294901760
3.4652276 -10.422935 -3.4264491 4294901760
3.7601352 -13.476376 -3.4692791 4294901760
5.0776725 -15.27295 -3.3949008 4294901760
4.2973075 -18.929968 -3.4481452 4294901760
8.2644129 -24.858234 -3.3815506 4294901760
6.0665069 -21.742443 -3.4388635 4294901760
1.8998708 -5.7818894 -3.4754975 4294901760
2.2838154 -8.2969923 -3.4676051 4294901760
3.4238894 -10.419946 -3.4243762 4294901760
3.7130728 -13.489417 -3.4695761 4294901760
5.0280547 -15.301912 -3.3963661 4294901760
4.2346783 -18.960402 -3.4499133 4294901760
8.1838217 -24.90588 -3.3832331 4294901760
5.9651852 -21.671236 -3.4325583 4294901760
1.8771156 -5.7771678 -3.4725025 4294901760
2.2593739 -8.315877 -3.4700069 4294901760
3.3917592 -10.438761 -3.4257224 4294901760
3.6714404 -13.513144 -3.4712477 4294901760
4.9760542 -15.314721 -3.3962798 4294901760
4.1666479 -18.951002 -3.4483583 4294901760
8.1184483 -24.986013 -3.3870106 4294901760
5.882834 -21.652424 -3.4301867 4294901760
1.8592931 -5.7910204 -3.4746938 4294901760
2.2293167 -8.3199234 -3.4694498 4294901760
3.3553002 -10.450537 -3.4259379 4294901760
3.6201396 -13.510546 -3.4696977 4294901760
4.9189186 -15.320638 -3.3954415 4294901760
4.1055207 -18.988785 -3.4507928 4294901760
7.999465 -24.915419 -3.3814104 4294901760
5.795866 -21.630468 -3.4275572 4294901760
1.8390678 -5.7974749 -3.4748139 4294901760
2.2002618 -8.3276548 -3.4696357 4294901760
3.3188014 -10.462185 -3.4261546 4294901760
3.5749855 -13.530772 -3.4709253 4294901760
4.867816 -15.345297 -3.3965292 4294901760
4.041698 -19.014687 -3.452239 4294901760
7.9281325 -24.992634 -3.3849864 4294901760
5.7356043 -21.708384 -3.4322851 4294901760
1.8198324 -5.8035417 -3.4749289 4294901760
2.1736233 -8.3387012 -3.4705563 4294901760
3.2793589 -10.458048 -3.4240754 4294901760
3.5280933 -13.534874 -3.4702885 4294901760
4.8157125 -15.35756 -3.3964486 4294901760
3.9786198 -19.027987 -3.4526734 4294901760
7.7998419 -24.874105 -3.3765376 4294901760
5.6394491 -21.634697 -3.4259562 4294901760
1.7995636 -5.8098583 -3.4750507 4294901760
2.1415749 -8.3348398 -3.4685161 4294901760
3.2404954 -10.46188 -3.4231513 4294901760
3.4758904 -13.527891 -3.4682798 4294901760
4.7667823 -15.389469 -3.3983107 4294901760
3.9145823 -19.053461 -3.4541254 4294901760
7.4780264 -24.14267 -3.3302038 4294901760
5.5926695 -21.766228 -3.4346547 4294901760
1.778145 -5.8124218 -3.4741368 4294901760
2.1134298 -8.3460684 -3.4694486 4294901760
3.2004867 -10.46179 -3.4216566 4294901760
3.4305944 -13.547635 -3.4695129 4294901760
4.7153587 -15.413622 -3.3994052 4294901760
3.83938 -19.024067 -3.4509487 4294901760
7.3668561 -24.080868 -3.3252957 4294901760
5.5323129 -21.847454 -3.4396801 4294901760
1.7546031 -5.8115244 -3.4721937 4294901760
2.083775 -8.357563 -3.4703913 4294901760
3.1632638 -10.477232 -3.4224615 4294901760
3.3751583 -13.537017 -3.4670591 4294901760
4.6576848 -15.426992 -3.3993635 4294901760
3.7533839 -18.955967 -3.4444864 4294901760
7.4353976 -24.627218 -3.3578768 4294901760
5.2419457 -21.024292 -3.3784487 4294901760
1.7364228 -5.821002 -3.4733479 4294901760
2.0541763 -8.3568087 -3.4690874 4294901760
3.1262431 -10.48009 -3.42153 4294901760
3.3330905 -13.559694 -3.4687433 4294901760
4.6065016 -15.442354 -3.3996761 4294901760
3.7057147 -19.046497 -3.4515476 4294901760
7.4700346 -25.041763 -3.3824172 4294901760
5.378705 -21.88167 -3.4403965 4294901760
1.7171812 -5.8307233 -3.4745092 4294901760
2.0259159 -8.3677416 -3.4700232 4294901760
3.0907578 -10.49473 -3.4223268 4294901760
3.2829366 -13.559677 -3.4676661 4294901760
4.5548167 -15.465971 -3.4007781 4294901760
3.6489174 -19.110174 -3.4563208 4294901760
7.3724308 -25.033237 -3.3808322 4294901760
5.301352 -21.896441 -3.4406173 4294901760
1.6957986 -5.836978 -3.4746413 4294901760
1.9988686 -8.3903732 -3.4731994 4294901760
3.0522714 -10.505988 -3.4225643 4294901760
3.229537 -13.556179 -3.4661422 4294901760
4.4958797 -15.474922 -3.4003575 4294901760
3.5803149 -19.131247 -3.457479 4294901760
7.3062329 -25.148222 -3.3868241 4294901760
5.219213 -21.907965 -3.4405828 4294901760
1.67329 -5.8354568 -3.4726944 4294901760
1.9668813 -8.3858433 -3.4711647 4294901760
3.013401 -10.50898 -3.4216475 4294901760
3.1767607 -13.544191 -3.4636772 4294901760
4.4385467 -15.479053 -3.3995366 4294901760
3.5142317 -19.147545 -3.4582853 4294901760
7.2140055 -25.158232 -3.3864255 4294901760
5.1363354 -21.898882 -3.4391069 4294901760
1.6539303 -5.8409734 -3.4728153 4294901760
1.93818 -8.3884983 -3.4706078 4294901760
2.9828439 -10.534127 -3.4241545 4294901760
3.1354034 -13.570115 -3.4658322 4294901760
4.392611 -15.51282 -3.4017849 4294901760
3.4429529 -19.115978 -3.4550934 4294901760
7.1533704 -25.26264 -3.3919029 4294901760
5.0717673 -21.950754 -3.442147 4294901760
1.6335312 -5.8467107 -3.4729431 4294901760
1.9062775 -8.3837376 -3.4685743 4294901760
2.9460542 -10.544474 -3.4243853 4294901760
3.0924141 -13.600323 -3.4684691 4294901760
4.3362932 -15.520396 -3.4013534 4294901760
3.3748195 -19.120035 -3.4549091 4294901760
7.0329304 -25.172161 -3.3853729 4294901760
4.9632916 -21.828371 -3.4324453 4294901760
1.6131121 -5.8523774 -3.4730718 4294901760
1.8778573 -8.3941689 -3.4695156 4294901760
2.9092288 -10.554694 -3.4246175 4294901760
3.0431886 -13.603291 -3.4678626 4294901760
4.281033 -15.531605 -3.4013095 4294901760
3.3175573 -19.186642 -3.4600325 4294901760
6.9227533 -25.115778 -3.3809671 4294901760
4.8818431 -21.82222 -3.4312572 4294901760
1.5916637 -5.8542557 -3.4721644 4294901760
1.8460165 -8.3891802 -3.4674835 4294901760
2.8723695 -10.564785 -3.4248512 4294901760
2.9939811 -13.606079 -3.4672577 4294901760
4.2215762 -15.527267 -3.3997242 4294901760
3.2558837 -19.229521 -3.4631708 4294901760
6.8455124 -25.178297 -3.3838859 4294901760
4.8219204 -21.913107 -3.4371707 4294901760
1.5712188 -5.859776 -3.4722946 4294901760
1.8167214 -8.3955736 -3.4676836 4294901760
2.8313792 -10.559477 -3.4227955 4294901760
2.9439511 -13.604814 -3.4661901 4294901760
4.1683807 -15.545752 -3.4004557 4294901760
3.1874375 -19.23291 -3.4629951 4294901760
6.7720494 -25.255995 -3.3877554 4294901760
4.7453995 -21.929806 -3.4376929 4294901760
1.5507545 -5.8652248 -3.4724257 4294901760
1.7865882 -8.3980284 -3.4671407 4294901760
2.7975328 -10.580759 -3.4247499 4294901760
2.8947918 -13.607244 -3.4655879 4294901760
4.1140895 -15.560206 -3.4008033 4294901760
3.1177323 -19.228193 -3.4621575 4294901760
6.7001662 -25.3412 -3.3921034 4294901760
4.653059 -21.872147 -3.4328182 4294901760
1.5322145 -5.8780565 -3.474632 4294901760
1.7564596 -8.4003744 -3.4665987 4294901760
2.7615788 -10.594285 -3.4255607 4294901760
2.8480873 -13.621151 -3.4663792 4294901760
4.0557361 -15.559078 -3.3996089 4294901760
3.0487223 -19.227158 -3.4616532 4294901760
6.619719 -25.395323 -3.3945653 4294901760
4.5758657 -21.884354 -3.4330599 4294901760
1.5127143 -5.8831048 -3.4747581 4294901760
1.7278039 -8.4023094 -3.4660473 4294901760
2.7215114 -10.584244 -3.4229233 4294901760
2.8037028 -13.634406 -3.4671557 4294901760
4.0100613 -15.59555 -3.4022596 4294901760
2.9873908 -19.252905 -3.4634509 4294901760
6.2940059 -24.47805 -3.3376102 4294901760
4.5024681 -21.895502 -3.4332776 4294901760
1.4902767 -5.8808823 -3.4728169 4294901760
1.6992403 -8.4121351 -3.4669955 4294901760
2.6855195 -10.597511 -3.4237366 4294901760
2.7505929 -13.616884 -3.4642367 4294901760
3.9575515 -15.617164 -3.4033859 4294901760
2.9243453 -19.290779 -3.4662731 4294901760
6.4623919 -25.501684 -3.3994746 4294901760
4.4173279 -21.868099 -3.4306798 4294901760
1.4688063 -5.8823113 -3.4719136 4294901760
1.6713921 -8.4257088 -3.468689 4294901760
2.6465957 -10.599153 -3.4228323 4294901760
2.7007277 -13.614726 -3.4631755 4294901760
3.898196 -15.611591 -3.4018106 4294901760
2.8564065 -19.296932 -3.4664404 4294901760
6.157764 -24.660767 -3.3472495 4294901760
4.3471718 -21.914669 -3.4334893 4294901760
1.448264 -5.8874021 -3.4720483 4294901760
1.6404712 -8.4237928 -3.4674067 4294901760
2.6095815 -10.608325 -3.4230752 4294901760
2.6562207 -13.639649 -3.4653668 4294901760
3.8446276 -15.628965 -3.402555 4294901760
2.786752 -19.291016 -3.4656129 4294901760
6.2775269 -25.519053 -3.3989832 4294901760
4.2897005 -22.02754 -3.4411423 4294901760
1.4267972 -5.8886781 -3.4711461 4294901760
1.6095836 -8.4217615 -3.466125 4294901760
2.5716043 -10.613527 -3.4227462 4294901760
2.605613 -13.633248 -3.4638441 4294901760
3.7891114 -15.638424 -3.4025285 4294901760
2.7160618 -19.276962 -3.4641218 4294901760
6.2015648 -25.595102 -3.4028888 4294901760
4.2247577 -22.105036 -3.4462402 4294901760
1.4072615 -5.8933773 -3.4712756 4294901760
1.5823704 -8.4309082 -3.467067 4294901760
2.5363941 -10.621998 -3.4229796 4294901760
2.5603888 -13.641815 -3.464164 4294901760
3.7400022 -15.662508 -3.404032 4294901760
2.6548345 -19.305592 -3.4662654 4294901760
6.1092391 -25.58448 -3.4015551 4294901760
4.1529012 -22.12676 -3.4473286 4294901760
1.3847712 -5.8947453 -3.4703817 4294901760
1.5514599 -8.4366512 -3.4672866 4294901760
2.501966 -10.65046 -3.4261062 4294901760
2.5089381 -13.643302 -3.4635899 4294901760
3.6807539 -15.668369 -3.4036415 4294901760
2.5814192 -19.295454 -3.4651356 4294901760
6.0181661 -25.618351 -3.4028914 4294901760
4.066009 -22.110466 -3.4456255 4294901760
1.3650541 -5.9032969 -3.4715574 4294901760
1.5240884 -8.4535961 -3.4697311 4294901760
2.4647734 -10.659129 -3.4263551 4294901760
2.4612982 -13.651977 -3.4639299 4294901760
3.6269343 -15.684998 -3.4043944 4294901760
2.5181646 -19.335945 -3.4683084 4294901760
5.9161186 -25.584776 -3.4001687 4294901760
3.9697046 -22.018589 -3.4384806 4294901760
1.3454703 -5.9077911 -3.4716892 4294901760
1.4933141 -8.4431543 -3.466953 4294901760
2.4276569 -10.659536 -3.4254458 4294901760
2.4146304 -13.652249 -3.4633248 4294901760
3.5784323 -15.712446 -3.4062915 4294901760
2.4525256 -19.332336 -3.4677975 4294901760
5.8126349 -25.522551 -3.3957553 4294901760
3.909858 -22.10622 -3.4444215 4294901760
1.3229671 -5.9089236 -3.4707973 4294901760
1.4616904 -8.444706 -3.4664309 4294901760
2.3877091 -10.664506 -3.4251361 4294901760
2.3639011 -13.657098 -3.4632201 4294901760
3.523428 -15.737101 -3.4078417 4294901760
2.3836021 -19.357006 -3.469671 4294901760
5.7321315 -25.602093 -3.3999491 4294901760
3.8240514 -22.092905 -3.4430084 4294901760
1.3023329 -5.9135051 -3.4709375 4294901760
1.4335147 -8.4574909 -3.4681342 4294901760
2.3504684 -10.672776 -3.4253888 4294901760
2.3128986 -13.645704 -3.4612393 4294901760
3.4684734 -15.749304 -3.4082148 4294901760
2.3164911 -19.369164 -3.4705222 4294901760
5.6332874 -25.579077 -3.3979433 4294901760
3.7462425 -22.102188 -3.4432812 4294901760
1.2824982 -5.9217806 -3.4721167 4294901760
1.4033418 -8.4585733 -3.4676037 4294901760
2.3131988 -10.680916 -3.4256432 4294901760
2.2652519 -13.653695 -3.4615853 4294901760
3.4134767 -15.761314 -3.4085898 4294901760
2.2497838 -19.385042 -3.4717095 4294901760
5.5236945 -25.50499 -3.3928499 4294901760
3.671026 -22.12693 -3.4446981 4294901760
1.2626222 -5.9299884 -3.4732969 4294901760
1.3731793 -8.459549 -3.4670739 4294901760
2.2767253 -10.69279 -3.4264727 4294901760
2.2188504 -13.669353 -3.4628639 4294901760
3.359268 -15.777023 -3.4093542 4294901760
2.1803243 -19.376949 -3.4708991 4294901760
5.405549 -25.387518 -3.3851402 4294901760
3.5956841 -22.151413 -3.4461184 4294901760
1.2395471 -5.9230494 -3.470324 4294901760
1.3442554 -8.4681644 -3.4680357 4294901760
2.2410045 -10.70841 -3.4278781 4294901760
2.1692536 -13.665258 -3.4618173 4294901760
3.3049879 -15.792547 -3.410121 4294901760
2.1092176 -19.352764 -3.4687567 4294901760
5.3643003 -25.632761 -3.3995435 4294901760
3.5139611 -22.136269 -3.4446855 4294901760
1.2188648 -5.9273396 -3.4704671 4294901760
1.312283 -8.4573021 -3.4652717 4294901760
2.2020199 -10.708424 -3.4269884 4294901760
2.1203241 -13.664904 -3.4612372 4294901760
3.2546492 -15.827359 -3.4128268 4294901760
2.0429058 -19.371893 -3.4702837 4294901760
5.3093548 -25.819391 -3.4103923 4294901760
3.4287245 -22.097185 -3.4415395 4294901760
1.2010012 -5.9349146 -3.4716349 4294901760
1.2857068 -8.4613829 -3.4654679 4294901760
2.1699352 -10.723037 -3.4283707 4294901760
2.0767875 -13.667576 -3.4610889 4294901760
3.2033319 -15.829711 -3.4123974 4294901760
1.9783895 -19.342558 -3.467757 4294901760
3.3622811 -22.127554 -3.4434817 4294901760
1.1782038 -5.9394822 -3.4717941 4294901760
1.2532078 -8.4662571 -3.465709 4294901760
2.1272075 -10.723536 -3.4275093 4294901760
2.0225492 -13.663672 -3.4600809 4294901760
3.1471691 -15.865298 -3.4151473 4294901760
1.9048846 -19.357939 -3.4690077 4294901760
5.1281953 -25.851915 -3.4114106 4294901760
3.2761247 -22.132414 -3.4435403 4294901760
1.1582009 -5.9473405 -3.4729784 4294901760
1.2236482 -8.4705801 -3.4659293 4294901760
2.090519 -10.734776 -3.4283464 4294901760
1.9754103 -13.674577 -3.4609022 4294901760
3.0917711 -15.876188 -3.4155357 4294901760
1.8399361 -19.392223 -3.4718778 4294901760
5.00284 -25.689493 -3.401087 4294901760
3.1914406 -22.092421 -3.4403975 4294901760
1.1377485 -5.9473643 -3.4720783 4294901760
1.194456 -8.4668236 -3.4646478 4294901760
2.0571373 -10.753296 -3.430321 4294901760
1.930607 -13.684982 -3.4617076 4294901760
3.0398538 -15.89026 -3.4162943 4294901760
1.7741666 -19.382353 -3.4710507 4294901760
4.9266195 -25.75297 -3.4045463 4294901760
3.1042385 -22.004192 -3.4337921 4294901760
1.1169813 -5.9513001 -3.4722252 4294901760
1.163825 -8.463171 -3.4633782 4294901760
2.0188594 -10.756526 -3.4300117 4294901760
1.8828253 -13.691638 -3.4620664 4294901760
2.9828999 -15.892956 -3.415911 4294901760
1.7040536 -19.360657 -3.4692497 4294901760
4.8241816 -25.703342 -3.4011302 4294901760
2.9931927 -21.766071 -3.4163356 4294901760
1.0955031 -5.9513745 -3.471334 4294901760
1.1337548 -8.4632921 -3.4628549 4294901760
1.9805839 -10.759621 -3.429704 4294901760
1.8329132 -13.682394 -3.4605625 4294901760
2.9274046 -15.903271 -3.4163053 4294901760
1.6384739 -19.390299 -3.4717939 4294901760
4.7257614 -25.672932 -3.398906 4294901760
2.9145491 -21.756626 -3.415477 4294901760
1.0747226 -5.9551625 -3.4714823 4294901760
1.1047137 -8.4710894 -3.463825 4294901760
1.9430146 -10.766468 -3.4299722 4294901760
1.7820641 -13.665101 -3.4581268 4294901760
2.8704629 -15.905566 -3.4159255 4294901760
1.5707805 -19.395901 -3.4723358 4294901760
4.5992684 -25.485077 -3.3871403 4294901760
2.8370419 -21.75481 -3.4151928 4294901760
1.0539286 -5.958878 -3.4716313 4294901760
1.0756305 -8.4787836 -3.4647961 4294901760
1.9040438 -10.765401 -3.4290917 4294901760
1.7353514 -13.679111 -3.4594223 4294901760
2.8149242 -15.91549 -3.4163237 4294901760
1.501528 -19.381409 -3.4712079 4294901760
4.525569 -25.58742 -3.3930287 4294901760
2.7645977 -21.792265 -3.4177766 4294901760
1.0331217 -5.9625206 -3.471781 4294901760
1.0460273 -8.4824867 -3.4650221 4294901760
1.8664536 -10.771982 -3.4293623 4294901760
1.6880772 -13.689023 -3.4602535 4294901760
2.7668202 -15.968324 -3.4209948 4294901760
1.430927 -19.346817 -3.4684081 4294901760
4.4464431 -25.662039 -3.3972535 4294901760
2.7002218 -21.896746 -3.4252377 4294901760
1.0129471 -5.9698873 -3.472971 4294901760
1.0164123 -8.4860868 -3.4652491 4294901760
1.8301643 -10.786224 -3.4307845 4294901760
1.6388688 -13.683014 -3.4592202 4294901760
2.7097342 -15.970042 -3.4206212 4294901760
1.3633869 -19.351694 -3.468955 4294901760
4.3955564 -25.905577 -3.4117558 4294901760
2.6351519 -22.001041 -3.4327061 4294901760
0.99147016 -5.9695878 -3.4720829 4294901760
0.9858771 -8.4817905 -3.463984 4294901760
1.7912054 -10.78475 -3.4299076 4294901760
1.5897198 -13.676826 -3.4581881 4294901760
2.6513627 -15.963711 -3.4194722 4294901760
1.2955595 -19.352362 -3.4691696 4294901760
4.3214426 -26.019171 -3.4183867 4294901760
2.5703022 -22.113066 -3.4407563 4294901760
0.97166932 -5.9728427 -3.4722273 4294901760
0.95774567 -8.485013 -3.4642015 4294901760
1.7560676 -10.794532 -3.4307439 4294901760
1.543468 -13.674138 -3.4576049 4294901760
2.5964959 -15.960637 -3.4186926 4294901760
1.2301149 -19.336676 -3.4680185 4294901760
4.2325754 -26.017603 -3.4180601 4294901760
2.5170827 -22.29974 -3.4542372 4294901760
0.95037562 -5.9801674 -3.4734273 4294901760
0.92749131 -8.4962645 -3.4659364 4294901760
1.7158713 -10.796991 -3.4304581 4294901760
1.4907554 -13.656034 -3.4551926 4294901760
2.5379796 -15.970046 -3.4191213 4294901760
1.1578044 -19.317204 -3.466589 4294901760
4.1559753 -26.151165 -3.4259336 4294901760
2.4340348 -22.296926 -3.4540102 4294901760
0.9283126 -5.9758358 -3.4715011 4294901760
0.8978281 -8.4994507 -3.4661674 4294901760
1.6787791 -10.806822 -3.4313111 4294901760
1.442661 -13.65721 -3.455097 4294901760
2.4797766 -15.963091 -3.4179764 4294901760
1.0896939 -19.309198 -3.4661379 4294901760
3.9213364 -25.242859 -3.3706167 4294901760
2.3427875 -22.178419 -3.4454262 4294901760
0.90686989 -5.9752321 -3.4706154 4294901760
0.86656106 -8.4869251 -3.4634118 4294901760
1.6398606 -10.8048 -3.4304385 4294901760
1.3921595 -13.634531 -3.4522002 4294901760
2.4228477 -15.963786 -3.4176104 4294901760
1.0229189 -19.324814 -3.4676998 4294901760
3.9349883 -25.927057 -3.4119606 4294901760
2.2471344 -22.007984 -3.4331028 4294901760
0.88657069 -5.9821711 -3.4718101 4294901760
0.83731449 -8.4938021 -3.4643915 4294901760
1.6027128 -10.814368 -3.4312942 4294901760
1.3453341 -13.647203 -3.4535081 4294901760
2.3665235 -15.96821 -3.417635 4294901760
0.95466721 -19.312355 -3.466917 4294901760
3.8292489 -25.838009 -3.4064059 4294901760
2.2015846 -22.333094 -3.4566996 4294901760
0.86672866 -5.9850783 -3.4719579 4294901760
0.80914402 -8.4965315 -3.4646134 4294901760
1.5668429 -10.819624 -3.4315612 4294901760
1.2981911 -13.63184 -3.4515285 4294901760
2.3118491 -15.964164 -3.4168622 4294901760
0.89043796 -19.311438 -3.4671137 4294901760
3.7298224 -25.755789 -3.4012947 4294901760
2.1297824 -22.364084 -3.4590085 4294901760
0.84583139 -5.9880676 -3.4721143 4294901760
0.78019691 -8.5071163 -3.4663429 4294901760
1.5279601 -10.817201 -3.430692 4294901760
1.2513236 -13.644191 -3.4528399 4294901760
2.2538841 -15.956384 -3.4157224 4294901760
0.82336164 -19.322386 -3.4683473 4294901760
3.6365459 -25.744946 -3.4005291 4294901760
2.0495193 -22.347563 -3.4579005 4294901760
0.8238737 -5.9833512 -3.4701905 4294901760
0.75049758 -8.5097885 -3.4665787 4294901760
1.4891143 -10.814636 -3.4298236 4294901760
1.2029929 -13.640571 -3.4522831 4294901760
2.1976311 -15.960214 -3.4157517 4294901760
0.75544363 -19.313202 -3.4679048 4294901760
3.4503183 -25.057806 -3.3587639 4294901760
1.9701004 -22.338697 -3.4573693 4294901760
0.80247068 -5.9823732 -3.4693074 4294901760
0.71979523 -8.5006304 -3.4645731 4294901760
1.4518805 -10.823686 -3.4306846 4294901760
1.1553707 -13.644687 -3.4526629 4294901760
2.1403201 -15.955965 -3.4150038 4294901760
0.68773943 -19.307762 -3.4677997 4294901760
3.3649511 -25.085518 -3.3603833 4294901760
1.8904294 -22.325575 -3.4565518 4294901760
0.78208196 -5.9889574 -3.4705062 4294901760
0.69043517 -8.5070009 -3.4655583 4294901760
1.4125541 -10.816931 -3.4292419 4294901760
1.1074135 -13.644681 -3.4525762 4294901760
2.0825498 -15.947564 -3.4138677 4294901760
0.62021017 -19.306065 -3.4680321 4294901760
3.2716811 -25.053587 -3.3584065 4294901760
1.814099 -22.351906 -3.4586155 4294901760
0.76214319 -5.9992933 -3.4727466 4294901760
0.66104031 -8.5132694 -3.4665444 4294901760
1.3747883 -10.821795 -3.4295292 4294901760
1.0576288 -13.620771 -3.4496839 4294901760
2.0253675 -15.942901 -3.4131224 4294901760
0.55247527 -19.296169 -3.4675941 4294901760
3.3038943 -26.006964 -3.416213 4294901760
1.7360671 -22.358103 -3.4592426 4294901760
0.74025214 -5.9942713 -3.470825 4294901760
0.63131821 -8.5155239 -3.4667842 4294901760
1.3365189 -10.822605 -3.4292409 4294901760
1.009195 -13.612509 -3.4486635 4294901760
1.9677521 -15.934084 -3.4119885 4294901760
0.48511297 -19.297979 -3.4681664 4294901760
3.2429221 -26.259911 -3.4315581 4294901760
1.6588932 -22.375952 -3.4607365 4294901760
0.7199114 -5.9928689 -3.4699364 4294901760
0.60279995 -8.5136595 -3.466265 4294901760
1.3006234 -10.826979 -3.4295161 4294901760
0.96376956 -13.611822 -3.448561 4294901760
1.9134803 -15.928678 -3.4112244 4294901760
0.42068303 -19.279573 -3.4670303 4294901760
3.1539216 -26.254673 -3.4312644 4294901760
1.5756743 -22.254074 -3.4521117 4294901760
0.69943386 -5.9991708 -3.4711385 4294901760
0.57228768 -8.5039711 -3.4642622 4294901760
1.2632797 -10.835378 -3.4303837 4294901760
0.91678208 -13.623022 -3.4498835 4294901760
1.8597088 -15.951058 -3.4132118 4294901760
0.35352758 -19.288889 -3.4682789 4294901760
3.0608695 -26.25363 -3.4312487 4294901760
1.4963766 -22.235571 -3.4510126 4294901760
0.677441 -6.0016942 -3.4713085 4294901760
0.54136401 -8.5099249 -3.4652646 4294901760
1.2226707 -10.83208 -3.4295371 4294901760
0.86608899 -13.614411 -3.4488857 4294901760
1.8003403 -15.949864 -3.4128835 4294901760
0.28282753 -19.290056 -3.4688857 4294901760
2.9632812 -26.252777 -3.4312706 4294901760
1.417653 -22.284674 -3.4548512 4294901760
0.65774375 -6.0155106 -3.4745946 4294901760
0.51142108 -8.5078487 -3.4647596 4294901760
1.1844237 -10.832355 -3.4292536 4294901760
0.81975234 -13.637156 -3.451617 4294901760
1.7424942 -15.936286 -3.411365 4294901760
0.21544831 -19.286945 -3.4691291 4294901760
2.8724937 -26.270895 -3.4324629 4294901760
1.3403369 -22.297445 -3.4560654 4294901760
0.6369797 -6.0099974 -3.4726675 4294901760
0.48342717 -8.5134125 -3.46574 4294901760
1.1501615 -10.851943 -3.4318414 4294901760
0.77452475 -13.639797 -3.4519887 4294901760
1.6887989 -15.934067 -3.4109962 4294901760
0.1513634 -19.27162 -3.4683349 4294901760
2.7811537 -26.240595 -3.4307344 4294901760
1.2684218 -22.337587 -3.4592719 4294901760
0.61481905 -6.000689 -3.4697073 4294901760
0.45391539 -8.5189667 -3.4667337 4294901760
1.1110653 -10.844096 -3.4304063 4294901760
0.72669673 -13.638456 -3.4519129 4294901760
1.6323572 -15.931952 -3.4106505 4294901760
0.084021911 -19.2561 -3.467571 4294901760
1.1900163 -22.333918 -3.4593372 4294901760
0.59462726 -6.0104647 -3.4719546 4294901760
0.42378563 -8.5126638 -3.4654825 4294901760
1.0728163 -10.843976 -3.4301262 4294901760
0.67869037 -13.632984 -3.4513693 4294901760
1.5763423 -15.933595 -3.4106965 4294901760
0.016811507 -19.264242 -3.4688301 4294901760
2.5829642 -26.10848 -3.4230139 4294901760
1.1124451 -22.3459 -3.4605608 4294901760
0.57364374 -6.0125036 -3.47212 4294901760
0.39388773 -8.5101728 -3.4649808 4294901760
1.0338318 -10.835851 -3.4286928 4294901760
0.62999874 -13.611488 -3.4489515 4294901760
1.51996 -15.931083 -3.4103539 4294901760
-0.050400231 -19.252237 -3.4684062 4294901760
2.490299 -26.101448 -3.4227679 4294901760
1.0324111 -22.305841 -3.4580288 4294901760
0.55335671 -6.0221405 -3.4743695 4294901760
0.36434573 -8.5154152 -3.4659772 4294901760
0.99563813 -10.835456 -3.4284146 4294901760
0.58231032 -13.609639 -3.4488788 4294901760
1.4650664 -15.94421 -3.4115751 4294901760
-0.11775152 -19.275837 -3.4710186 4294901760
2.3907716 -26.018591 -3.4179423 4294901760
0.95505083 -22.321257 -3.4595456 4294901760
0.53304428 -6.0201063 -3.4734862 4294901760
0.33610621 -8.5165758 -3.4662137 4294901760
0.95935321 -10.834763 -3.4281223 4294901760
0.53717691 -13.611495 -3.4492564 4294901760
1.4118359 -15.945021 -3.4116042 4294901760
-0.18140766 -19.247465 -3.4692194 4294901760
2.3090546 -26.078047 -3.4217639 4294901760
0.88102728 -22.324301 -3.460165 4294901760
0.51137406 -6.0142536 -3.4715698 4294901760
0.30665752 -8.5255375 -3.4679615 4294901760
0.92152673 -10.838045 -3.4284239 4294901760
0.48980296 -13.617253 -3.4501247 4294901760
1.3558315 -15.945889 -3.4116571 4294901760
-0.24838758 -19.230783 -3.4684625 4294901760
2.2227435 -26.141611 -3.4258687 4294901760
0.80166197 -22.287399 -3.4579253 4294901760
0.49037716 -6.0160017 -3.4717379 4294901760
0.27664113 -8.5187149 -3.4667139 4294901760
0.88336796 -10.837256 -3.428149 4294901760
0.44200891 -13.610948 -3.4495866 4294901760
1.2991921 -15.938632 -3.4109297 4294901760
-0.31577587 -19.245728 -3.4704072 4294901760
2.1337473 -26.177048 -3.4282894 4294901760
0.72528231 -22.333893 -3.4617662 4294901760
0.4696745 -6.0215173 -3.4729486 4294901760
0.24667712 -8.5117874 -3.4654667 4294901760
0.84584177 -10.844214 -3.4290307 4294901760
0.39403662 -13.596542 -3.4481108 4294901760
1.2435493 -15.943071 -3.4113765 4294901760
-0.38263547 -19.22858 -3.4696531 4294901760
2.0383277 -26.132622 -3.4258826 4294901760
0.64651167 -22.308392 -3.460398 4294901760
0.44865245 -6.0231199 -3.4731181 4294901760
0.21716359 -8.5204382 -3.4672179 4294901760
0.80827653 -10.851042 -3.4299138 4294901760
0.34566319 -13.562135 -3.4442878 4294901760
1.1872988 -15.939383 -3.4110427 4294901760
-0.45012638 -19.243055 -3.4716032 4294901760
1.9485769 -26.159475 -3.4278266 4294901760
0.56894112 -22.32247 -3.4619286 4294901760
0.42789769 -6.028492 -3.4743307 4294901760
0.18759263 -8.5289879 -3.4689705 4294901760
0.77039409 -10.853797 -3.4302204 4294901760
0.29849446 -13.571193 -3.4456306 4294901760
1.1310892 -15.935495 -3.4107106 4294901760
-0.51729506 -19.241367 -3.4722042 4294901760
1.8597933 -26.201939 -3.430742 4294901760
0.49075395 -22.312363 -3.4617226 4294901760
0.40633291 -6.0222621 -3.4724166 4294901760
0.15774697 -8.5256681 -3.4684753 4294901760
0.73250234 -10.856421 -3.4305282 4294901760
0.25089979 -13.560251 -3.4446261 4294901760
1.0749211 -15.931412 -3.4103796 4294901760
-0.58385259 -19.21954 -3.4711165 4294901760
1.7680509 -26.20429 -3.4312432 4294901760
0.41286573 -22.31394 -3.4623888 4294901760
0.38580117 -6.0313325 -3.4746733 4294901760
0.12798662 -8.5261669 -3.4687307 4294901760
0.69359356 -10.843133 -3.428524 4294901760
0.20374404 -13.572947 -3.4464421 4294901760
1.0187972 -15.927127 -3.4100499 4294901760
-0.65026188 -19.197481 -3.4700301 4294901760
1.6783553 -26.238176 -3.4336834 4294901760
0.33485538 -22.307272 -3.4624767 4294901760
0.36474538 -6.0326424 -3.4748456 4294901760
0.098223738 -8.5265608 -3.468987 4294901760
0.65550101 -10.841543 -3.4282553 4294901760
0.15636399 -13.573574 -3.4468501 4294901760
0.96319449 -15.930586 -3.4105051 4294901760
-0.71712136 -19.191113 -3.4702971 4294901760
1.5879604 -26.26379 -3.4356441 4294901760
0.25675616 -22.28837 -3.4616961 4294901760
0.34601229 -6.0376039 -3.4760442 4294901760
0.071436912 -8.5268278 -3.4692185 4294901760
0.62121272 -10.839603 -3.4279568 4294901760
0.11372161 -13.573998 -3.4472187 4294901760
0.91268849 -15.925594 -3.4101326 4294901760
-0.77740711 -19.188765 -3.4708438 4294901760
1.5063576 -26.284586 -3.4372909 4294901760
0.18636821 -22.245218 -3.4591069 4294901760
0.017716071 -3.6251876 -3.4975035 4294901760
0.32431322 -6.0272355 -3.473089 4294901760
0.041671053 -8.5270252 -3.4694765 4294901760
0.58294529 -10.833812 -3.4271114 4294901760
0.06633684 -13.574312 -3.4476295 4294901760
0.85516673 -15.892941 -3.4070642 4294901760
-0.84263533 -19.146147 -3.4680672 4294901760
1.4156661 -26.309605 -3.4392591 4294901760
0.10892784 -22.289583 -3.4629757 4294901760
0.0050417711 -3.6107268 -3.4909785 4294901760
0.30327281 -6.0283308 -3.473263 4294901760
0.011895731 -8.5192747 -3.4682353 4294901760
0.54472846 -10.827887 -3.4262667 4294901760
0.018948907 -13.570494 -3.447571 4294901760
0.7994864 -15.891859 -3.4071312 4294901760
-0.9100281 -19.155025 -3.4696932 4294901760
1.3220178 -26.278521 -3.4378364 4294901760
0.031118423 -22.285843 -3.463362 4294901760
-0.0082005281 -3.6143463 -3.492753 4294901760
0.28117576 -6.0294018 -3.4734466 4294901760
-0.019329205 -8.5192614 -3.4685078 4294901760
0.50522262 -10.833758 -3.4271753 4294901760
-0.030807817 -13.578409 -3.4489465 4294901760
0.74160475 -15.902627 -3.4083993 4294901760
-0.97880393 -19.12372 -3.4679642 4294901760
1.223834 -26.243328 -3.4362102 4294901760
-0.050500564 -22.2579 -3.4620399 4294901760
-0.020226724 -3.6215498 -3.496176 4294901760
0.26117975 -6.0303016 -3.4736133 4294901760
-0.047624134 -8.5269947 -3.4702561 4294901760
0.46878028 -10.823528 -3.4257379 4294901760
-0.075857967 -13.582199 -3.4498117 4294901760
0.68903708 -15.908973 -3.4092309 4294901760
-1.0404818 -19.088554 -3.4658353 4294901760
1.1390449 -26.299067 -3.4400911 4294901760
-0.12442235 -22.277544 -3.4641409 4294901760
-0.032834932 -3.6178317 -3.494628 4294901760
0.24012904 -6.0311766 -3.4737895 4294901760
-0.077352226 -8.5228548 -3.4697673 4294901760
0.43084002 -10.82115 -3.4254749 4294901760
-0.12312293 -13.565981 -3.4483454 4294901760
0.63286877 -15.895384 -3.4081261 4294901760
-1.1068743 -19.080828 -3.4661105 4294901760
1.0477158 -26.314846 -3.4415877 4294901760
-0.20182085 -22.237108 -3.4619148 4294901760
-0.044787131 -3.6140778 -3.4930747 4294901760
0.22026786 -6.0357885 -3.4750009 4294901760
-0.10551772 -8.5147066 -3.4685152 4294901760
0.39495304 -10.822518 -3.4257762 4294901760
-0.16835503 -13.585336 -3.4510968 4294901760
0.58000869 -15.89342 -3.4081762 4294901760
-1.1696557 -19.069103 -3.4660172 4294901760
0.95942724 -26.29026 -3.4406195 4294901760
-0.27526507 -22.212395 -3.4608185 4294901760
-0.057344865 -3.6102748 -3.4915271 4294901760
0.19894345 -6.028821 -3.4730911 4294901760
-0.13505231 -8.5025215 -3.466526 4294901760
0.35717267 -10.823831 -3.4260945 4294901760
-0.21546096 -13.564829 -3.4491613 4294901760
0.52465743 -15.899322 -3.4090362 4294901760
-1.2351818 -19.049007 -3.4652772 4294901760
0.86830842 -26.313389 -3.4426081 4294901760
-0.3528631 -22.21529 -3.461796 4294901760
-0.069946826 -3.6100526 -3.4916389 4294901760
0.17789756 -6.029479 -3.4732692 4294901760
-0.16473107 -8.5019989 -3.4667897 4294901760
0.31915483 -10.81711 -3.4252551 4294901760
-0.26234889 -13.54019 -3.4467552 4294901760
0.46868569 -15.885157 -3.4079349 4294901760
-1.3016684 -19.04458 -3.4658961 4294901760
0.77492177 -26.26441 -3.4402232 4294901760
-0.43017566 -22.201962 -3.4616108 4294901760
-0.083892055 -3.6133819 -3.493422 4294901760
0.15474473 -6.0301175 -3.4734657 4294901760
-0.19746621 -8.5052252 -3.4678316 4294901760
0.27741501 -10.810353 -3.4244485 4294901760
-0.3137849 -13.515281 -3.444391 4294901760
0.40748361 -15.878888 -3.4076669 4294901760
-1.3739241 -19.027525 -3.4655604 4294901760
0.67417032 -26.271179 -3.4413226 4294901760
-0.514404 -22.156307 -3.4591644 4294901760
-0.095243581 -3.6131005 -3.4935236 4294901760
0.13588624 -6.0344248 -3.4746709 4294901760
-0.2240822 -8.5006418 -3.4673195 4294901760
0.24345143 -10.811172 -3.4247377 4294901760
-0.35582525 -13.498363 -3.4428854 4294901760
0.35777497 -15.888042 -3.4088776 4294901760
-1.4336951 -19.023115 -3.4661205 4294901760
0.59298003 -26.333008 -3.4456768 4294901760
-0.58463883 -22.178492 -3.4615364 4294901760
-0.10763838 -3.6054986 -3.4903171 4294901760
0.11474861 -6.0310116 -3.4738069 4294901760
-0.2539869 -8.5076475 -3.4690881 4294901760
0.20593846 -10.823811 -3.4267995 4294901760
-0.40353197 -13.51687 -3.4456656 4294901760
0.30216333 -15.881242 -3.4085655 4294901760
-1.5013403 -19.033875 -3.4681039 4294901760
0.50075579 -26.318958 -3.4454882 4294901760
-0.66121787 -22.14842 -3.4601889 4294901760
-0.12160379 -3.6086817 -3.4921017 4294901760
0.091414899 -6.0198531 -3.4708729 4294901760
-0.28665206 -8.5066099 -3.4693823 4294901760
0.16419649 -10.812666 -3.4254165 4294901760
-0.45502913 -13.503324 -3.4447181 4294901760
0.24094 -15.866379 -3.407516 4294901760
-1.5737571 -19.020031 -3.4681134 4294901760
0.39951289 -26.30872 -3.4456241 4294901760
-0.74531698 -22.117828 -3.4589119 4294901760
-0.13280688 -3.6046593 -3.4905441 4294901760
0.072687805 -6.0355167 -3.4752128 4294901760
-0.3132309 -8.501749 -3.4688723 4294901760
0.13017862 -10.809175 -3.4251289 4294901760
-0.49715719 -13.493896 -3.4441578 4294901760
0.19094875 -15.855127 -3.4067655 4294901760
-1.6324806 -19.003088 -3.4676583 4294901760
0.3166182 -26.289892 -3.4451168 4294901760
-0.81465256 -22.111393 -3.4592476 4294901760
-0.14679417 -3.6077452 -3.4923298 4294901760
0.049449358 -6.028048 -3.4733243 4294901760
-0.34555402 -8.4926453 -3.4676647 4294901760
0.088576145 -10.797739 -3.4237471 4294901760
-0.54864371 -13.483959 -3.4436839 4294901760
0.12990491 -15.835859 -3.4053242 4294901760
-1.7032986 -18.972881 -3.4663093 4294901760
0.2156045 -26.282936 -3.4455009 4294901760
-0.89873779 -22.088184 -3.4585569 4294901760
-0.15796892 -3.6036444 -3.4907725 4294901760
0.03053068 -6.0320263 -3.4745331 4294901760
-0.37274843 -8.5032721 -3.4701629 4294901760
0.054613136 -10.79006 -3.4228804 4294901760
-0.58943874 -13.446491 -3.4398212 4294901760
0.080093384 -15.824259 -3.4045751 4294901760
-1.7628962 -18.967436 -3.466877 4294901760
0.13297144 -26.271513 -3.4454846 4294901760
-0.96830112 -22.089235 -3.4594803 4294901760
-0.17037527 -3.5994496 -3.4892268 4294901760
0.0094693014 -6.0282431 -3.4736717 4294901760
-0.40242732 -8.5019197 -3.4704337 4294901760
0.016937049 -10.782279 -3.4220474 4294901760
-0.63562047 -13.428497 -3.4383609 4294901760
0.024826156 -15.804556 -3.4030876 4294901760
-1.826798 -18.937382 -3.4654665 4294901760
0.041274637 -26.275808 -3.4465265 4294901760
-1.043514 -22.045898 -3.4572604 4294901760
-0.18275429 -3.5952125 -3.4876814 4294901760
-0.011572712 -6.0282397 -3.4738553 4294901760
-0.43210134 -8.5004625 -3.4707053 4294901760
-0.020714443 -10.790178 -3.423537 4294901760
-0.6838997 -13.453937 -3.4420958 4294901760
-0.030333143 -15.80057 -3.4031754 4294901760
-1.8920963 -18.922962 -3.4654186 4294901760
-0.050435286 -26.271801 -3.447083 4294901760
-1.1196506 -22.026196 -3.4567947 4294901760
-0.19530335 -3.5945528 -3.4877968 4294901760
-0.032636851 -6.0320148 -3.4750845 4294901760
-0.46113375 -8.487154 -3.4687214 4294901760
-0.058359262 -10.786088 -3.4232862 4294901760
-0.73064524 -13.447505 -3.4420547 4294901760
-0.085489549 -15.800368 -3.4036584 4294901760
-1.9552705 -18.888514 -3.4636681 4294901760
-0.14192863 -26.231564 -3.4454424 4294901760
-1.1963165 -22.018171 -3.4572086 4294901760
-0.20784914 -3.5938492 -3.4879124 4294901760
-0.05365745 -6.0280123 -3.4742246 4294901760
-0.49075583 -8.4854927 -3.4689944 4294901760
-0.096008353 -10.785818 -3.4236171 4294901760
-0.77712184 -13.436951 -3.4415424 4294901760
-0.14064111 -15.799973 -3.4041433 4294901760
-2.0203421 -18.873653 -3.4636223 4294901760
-0.23313533 -26.191008 -3.4438021 4294901760
-1.2722441 -21.997942 -3.4567459 4294901760
-0.22146511 -3.6003001 -3.4913559 4294901760
-0.0757026 -6.0239234 -3.4733744 4294901760
-0.52161276 -8.479722 -3.4685297 4294901760
-0.13563929 -10.793298 -3.4251277 4294901760
-0.82660943 -13.437972 -3.4424703 4294901760
-0.19840041 -15.787422 -3.4034717 4294901760
-2.0886276 -18.858204 -3.4636095 4294901760
-0.32877824 -26.162046 -3.4429364 4294901760
-1.3521281 -21.981192 -3.4566128 4294901760
-0.23340304 -3.5995457 -3.4914668 4294901760
-0.095617265 -6.0197878 -3.4725058 4294901760
-0.54973 -8.4779453 -3.4687905 4294901760
-0.1711797 -10.776981 -3.4231207 4294901760
-0.87039703 -13.423277 -3.4414656 4294901760
-0.25106865 -15.806559 -3.4059062 4294901760
-2.1525075 -18.863045 -3.46524 4294901760
-0.4141396 -26.073038 -3.4383197 4294901760
-1.4250138 -21.976587 -3.4572892 4294901760
-0.24634628 -3.5950491 -3.4899285 4294901760
-0.11767966 -6.0193968 -3.4727018 4294901760
-0.58026236 -8.4680471 -3.4675744 4294901760
-0.21090886 -10.788136 -3.4252148 4294901760
-0.92175883 -13.451668 -3.4457066 4294901760
-0.30892161 -15.801557 -3.4060266 4294901760
-2.2178993 -18.823385 -3.4631827 4294901760
-0.50977474 -26.075335 -3.4394133 4294901760
-1.5050052 -21.963263 -3.4574528 4294901760
-0.25763935 -3.5942576 -3.4900339 4294901760
-0.13650241 -6.0151463 -3.4718249 4294901760
-0.60686296 -8.4661827 -3.4678228 4294901760
-0.24497952 -10.795323 -3.4266791 4294901760
-0.96344692 -13.44079 -3.4451554 4294901760
-0.35847253 -15.796533 -3.4060745 4294901760
-2.2755892 -18.804464 -3.4627359 4294901760
-0.59223449 -26.09754 -3.4416132 4294901760
-1.5717179 -21.926615 -3.4557512 4294901760
-0.26991239 -3.5897212 -3.4884901 4294901760
-0.15749854 -6.0146332 -3.4720125 4294901760
-0.63641202 -8.4640121 -3.4680998 4294901760
-0.2824541 -10.786499 -3.4258533 4294901760
-1.0094661 -13.425473 -3.4441752 4294901760
-0.41361099 -15.795184 -3.4065673 4294901760
-2.3417079 -18.80036 -3.4637206 4294901760
-0.68552256 -26.179077 -3.4475753 4294901760
-1.6497416 -21.94087 -3.4579349 4294901760
-0.28335273 -3.5923219 -3.4902751 4294901760
-0.17977223 -6.0217166 -3.4743018 4294901760
-0.66681331 -8.4538031 -3.4668853 4294901760
-0.32151514 -10.769589 -3.4238822 4294901760
-1.0571064 -13.401905 -3.4422717 4294901760
-0.4717381 -15.801513 -3.4078763 4294901760
-2.4090788 -18.779799 -3.4633727 4294901760
-0.78004068 -26.128529 -3.4454932 4294901760
-1.7267002 -21.890959 -3.4554622 4294901760
-0.29437229 -3.5805235 -3.4854028 4294901760
-0.19961178 -6.0172367 -3.4734356 4294901760
-0.69548547 -8.459363 -3.4686558 4294901760
-0.35670164 -10.752664 -3.4218774 4294901760
-1.1012166 -13.394371 -3.4422171 4294901760
-0.52334285 -15.776012 -3.4059787 4294901760
-2.4713402 -18.771706 -3.4639866 4294901760
-0.86734122 -26.145739 -3.4475 4294901760
-1.7992817 -21.885111 -3.4561467 4294901760
-0.30718338 -3.5758088 -3.4838655 4294901760
-0.2216648 -6.0164647 -3.473635 4294901760
-0.7258147 -8.4489422 -3.4674428 4294901760
-0.39640093 -10.759183 -3.4233971 4294901760
-1.1509815 -13.398153 -3.4436285 4294901760
-0.58057582 -15.75809 -3.4049213 4294901760
-2.5411942 -18.770416 -3.4653511 4294901760
-0.96287084 -26.134409 -3.4478745 4294901760
-1.8777769 -21.858511 -3.4554365 4294901760
-0.3209551 -3.5891578 -3.4906309 4294901760
-0.24250975 -6.0118055 -3.4727793 4294901760
-0.75530291 -8.4463568 -3.4677227 4294901760
-0.43427396 -10.765632 -3.4249008 4294901760
-1.1966829 -13.382196 -3.4426515 4294901760
-0.63589936 -15.763916 -3.4062099 4294901760
-2.6034119 -18.737761 -3.4639485 4294901760
-1.0528052 -26.098993 -3.4467363 4294901760
-1.9519361 -21.827997 -3.4543974 4294901760
-0.33381721 -3.5916255 -3.4924121 4294901760
-0.26349351 -6.0109224 -3.47297 4294901760
-0.78441864 -8.4397621 -3.4672496 4294901760
-0.47115827 -10.748257 -3.422915 4294901760
-1.2448574 -13.393742 -3.4449916 4294901760
-0.6909222 -15.761601 -3.4067104 4294901760
-2.6671178 -18.71673 -3.4635727 4294901760
-1.143028 -26.075228 -3.446336 4294901760
-2.0295944 -21.836931 -3.4562991 4294901760
-0.34600428 -3.5868297 -3.49087 4294901760
-0.28465629 -6.013814 -3.4742079 4294901760
-0.81349784 -8.4330702 -3.4667776 4294901760
-0.50848734 -10.742598 -3.4226751 4294901760
-1.2916031 -13.389315 -3.4454381 4294901760
-0.74612486 -15.763065 -3.4076078 4294901760
-2.7330112 -18.711248 -3.4645674 4294901760
-1.2329097 -26.047163 -3.4456913 4294901760
-2.1058078 -21.829714 -3.4570272 4294901760
-0.35780087 -3.5783858 -3.4876657 4294901760
-0.30545056 -6.0089364 -3.4733536 4294901760
-0.84253877 -8.4262762 -3.4663057 4294901760
-0.54598188 -10.740757 -3.4230185 4294901760
-1.3418846 -13.42026 -3.4501526 4294901760
-0.80033457 -15.744477 -3.4065297 4294901760
-2.7988968 -18.705532 -3.465564 4294901760
-1.3242264 -26.050671 -3.4470158 4294901760
-2.1784229 -21.786526 -3.4551086 4294901760
-0.36929277 -3.5735734 -3.4861174 4294901760
-0.32537547 -6.0078907 -3.4735365 4294901760
-0.86926752 -8.4117308 -3.4643126 4294901760
-0.58202446 -10.746781 -3.4245102 4294901760
-1.3871968 -13.42363 -3.4515288 4294901760
-0.85189617 -15.729823 -3.4058223 4294901760
-2.8603096 -18.692211 -3.4658446 4294901760
-1.407802 -25.994337 -3.4446094 4294901760
-2.2486098 -21.759354 -3.4543312 4294901760
-0.38253513 -3.5794721 -3.4895625 4294901760
-0.34612334 -6.0028729 -3.4726832 4294901760
-0.89779109 -8.4008446 -3.4630876 4294901760
-0.61930686 -10.740739 -3.4242735 4294901760
-1.4357324 -13.434488 -3.4538779 4294901760
-0.90748537 -15.738666 -3.4075155 4294901760
-2.9255402 -18.682114 -3.466502 4294901760
-1.4950857 -25.929514 -3.4417515 4294901760
-2.3207378 -21.715694 -3.4524126 4294901760
-0.39462981 -3.5745113 -3.4880209 4294901760
-0.36778086 -6.0131626 -3.4760175 4294901760
-0.92754084 -8.4015579 -3.4641256 4294901760
-0.65679562 -10.738511 -3.4246202 4294901760
-1.4843608 -13.445169 -3.4562292 4294901760
-0.96241856 -15.735401 -3.4080234 4294901760
-2.9901061 -18.667854 -3.4668183 4294901760
-1.5846139 -25.908203 -3.4416027 4294901760
-2.4004638 -21.743126 -3.4557981 4294901760
-0.40669405 -3.5695105 -3.4864793 4294901760
-0.38827077 -6.0041542 -3.474118 4294901760
-0.95730537 -8.4021673 -3.4651644 4294901760
-0.69453013 -10.740097 -3.4255505 4294901760
-1.5321814 -13.447792 -3.457634 4294901760
-1.0168248 -15.724009 -3.4077408 4294901760
-3.0571799 -18.669094 -3.468508 4294901760
-1.6765836 -25.926407 -3.4439206 4294901760
-2.4713805 -21.691042 -3.4532917 4294901760
-0.41957456 -3.5716693 -3.4882634 4294901760
-0.40922695 -6.0027618 -3.4743133 4294901760
-0.98571342 -8.3909817 -3.4639409 4294901760
-0.73362905 -10.761267 -3.4293964 4294901760
-1.579114 -13.442362 -3.458091 4294901760
-1.0703536 -15.700524 -3.4062712 4294901760
-3.1216719 -18.654381 -3.4688275 4294901760
-1.7643601 -25.880587 -3.4422965 4294901760
-2.5466168 -21.678324 -3.4537337 4294901760
-0.431604 -3.5665841 -3.4867222 4294901760
-0.42990279 -5.9974551 -3.4734616 4294901760
-1.0140553 -8.3797026 -3.462718 4294901760
-0.77090615 -10.754699 -3.4291642 4294901760
-1.6288874 -13.460402 -3.4613984 4294901760
-1.1240152 -15.680826 -3.4051976 4294901760
-3.1840851 -18.627668 -3.4681184 4294901760
-1.851552 -25.83049 -3.4404254 4294901760
-2.6208363 -21.657427 -3.4535875 4294901760
-0.44432348 -3.5723283 -3.490164 4294901760
-0.45007631 -5.9998374 -3.4746952 4294901760
-1.0432895 -8.3879719 -3.4652543 4294901760
-0.80597347 -10.7442 -3.4283319 4294901760
-1.674983 -13.466741 -3.4632604 4294901760
-1.1763047 -15.680979 -3.4060812 4294901760
-3.2472055 -18.624855 -3.4694374 4294901760
-1.936898 -25.820229 -3.4409809 4294901760
-2.6901786 -21.628839 -3.4528148 4294901760
-0.45787486 -3.5742717 -3.4919558 4294901760
-0.47206464 -5.998148 -3.4749019 4294901760
-1.0730304 -8.3763103 -3.4640467 4294901760
-0.84472889 -10.733294 -3.4275358 4294901760
-1.7253401 -13.468383 -3.4646959 4294901760
-1.2347088 -15.688456 -3.4078109 4294901760
-3.3105614 -18.585381 -3.4677324 4294901760
-2.030272 -25.797043 -3.440882 4294901760
-2.7699437 -21.622787 -3.4538894 4294901760
-0.46877968 -3.5655448 -3.4887462 4294901760
-0.49195218 -5.9965491 -3.4750893 4294901760
-1.0997781 -8.3649273 -3.4628105 4294901760
-0.88031632 -10.730433 -3.4278712 4294901760
-1.7705095 -13.46652 -3.4656115 4294901760
-1.2883514 -15.704093 -3.4102843 4294901760
-3.3700383 -18.562542 -3.4673352 4294901760
-2.1161315 -25.794146 -3.4419355 4294901760
-2.843709 -21.629292 -3.4557781 4294901760
-0.48025277 -3.5567019 -3.4855428 4294901760
-0.51320952 -5.9986334 -3.476335 4294901760
-1.1300203 -8.3688126 -3.4646094 4294901760
-0.91810429 -10.731233 -3.4288089 4294901760
-1.8185679 -13.468124 -3.4670269 4294901760
-1.3421444 -15.687613 -3.4096127 4294901760
-3.4348135 -18.550667 -3.4680042 4294901760
-2.2054772 -25.77865 -3.4422925 4294901760
-2.9181256 -21.611334 -3.4559336 4294901760
-0.49316278 -3.5585947 -3.4873292 4294901760
-0.53414571 -5.9968052 -3.4765337 4294901760
-1.1586878 -8.3609314 -3.464144 4294901760
-0.955558 -10.727962 -3.4291644 4294901760
-1.8644803 -13.453833 -3.4665422 4294901760
-1.3951325 -15.663026 -3.4081478 4294901760
-3.5039799 -18.562048 -3.4707391 4294901760
-2.2926166 -25.738998 -3.4411669 4294901760
-2.9957352 -21.616812 -3.4578648 4294901760
-0.50609142 -3.5604405 -3.4891164 4294901760
-0.55436438 -5.9872336 -3.474637 4294901760
-1.1862092 -8.3451862 -3.4621682 4294901760
-0.99372762 -10.732433 -3.4306884 4294901760
-1.9114304 -13.447242 -3.4670095 4294901760
-1.4508967 -15.669941 -3.4098592 4294901760
-3.5679979 -18.545792 -3.4710681 4294901760
-2.380239 -25.707001 -3.4405367 4294901760
-3.0678055 -21.582541 -3.4568403 4294901760
-0.51799405 -3.5550649 -3.4875767 4294901760
-0.57489198 -5.9814277 -3.4737885 4294901760
-1.2125046 -8.3215876 -3.4586813 4294901760
-1.0296724 -10.713162 -3.4287105 4294901760
-1.9612194 -13.46012 -3.469857 4294901760
-1.505967 -15.668739 -3.4107788 4294901760
-3.626585 -18.501957 -3.4689879 4294901760
-2.4688141 -25.686621 -3.4406507 4294901760
-3.140825 -21.555918 -3.456408 4294901760
-0.53040045 -3.5532351 -3.4877009 4294901760
-0.59614968 -5.9832172 -3.4750369 4294901760
-1.2415452 -8.3173046 -3.458972 4294901760
-1.0658867 -10.697702 -3.4273167 4294901760
-2.007021 -13.445344 -3.4693756 4294901760
-1.5590754 -15.647558 -3.4097135 4294901760
-3.6927071 -18.496996 -3.4703517 4294901760
-2.554111 -25.634169 -3.4387836 4294901760
-3.2148738 -21.536938 -3.456569 4294901760
-0.5438959 -3.5585291 -3.4911535 4294901760
-0.61703157 -5.9810996 -3.4752376 4294901760
-1.2711635 -8.3167982 -3.4600196 4294901760
-1.1040338 -10.70178 -3.428844 4294901760
-2.053942 -13.438256 -3.469847 4294901760
-1.6136864 -15.642019 -3.4102385 4294901760
-3.7572515 -18.483992 -3.4710286 4294901760
-2.6427574 -25.617159 -3.4391477 4294901760
-3.2900326 -21.525585 -3.457324 4294901760
-0.55575365 -3.5530276 -3.4896145 4294901760
-0.63627058 -5.9635892 -3.4712451 4294901760
-1.3026106 -8.3278112 -3.4633358 4294901760
-1.1426402 -10.709653 -3.4309568 4294901760
-2.0989969 -13.419244 -3.4688909 4294901760
-1.6670103 -15.624429 -3.4095721 4294901760
-3.820941 -18.466866 -3.4713621 4294901760
-2.7283494 -25.572069 -3.4377768 4294901760
-3.3620687 -21.494276 -3.4565985 4294901760
-0.5663417 -3.547684 -3.4880631 4294901760
-0.65542346 -5.9653897 -3.4724748 4294901760
-1.3256754 -8.3043108 -3.4598198 4294901760
-1.1767119 -10.709938 -3.4318666 4294901760
-2.1411448 -13.412583 -3.4693167 4294901760
-1.7143507 -15.603302 -3.4084563 4294901760
-3.8772998 -18.446976 -3.4712842 4294901760
-2.8056231 -25.535604 -3.4368162 4294901760
-3.4276936 -21.471798 -3.4563913 4294901760
-0.57930565 -3.5492635 -3.4898529 4294901760
-0.67624205 -5.9630651 -3.4726768 4294901760
-1.3552861 -8.3035049 -3.4608698 4294901760
-1.2131978 -10.697911 -3.4310603 4294901760
-2.1885886 -13.408945 -3.4702678 4294901760
-1.7688048 -15.597222 -3.4089844 4294901760
-3.9424996 -18.437223 -3.4723101 4294901760
-2.8920419 -25.501867 -3.4361908 4294901760
-3.5026217 -21.459703 -3.4571507 4294901760
-0.59169185 -3.5472198 -3.489979 4294901760
-0.69750124 -5.9644938 -3.4739282 4294901760
-1.3855542 -8.3064604 -3.462677 4294901760
-1.2523711 -10.709313 -3.4337623 4294901760
-2.2347302 -13.397309 -3.4702668 4294901760
-1.8218551 -15.579103 -3.4083204 4294901760
-4.0068364 -18.423349 -3.4729927 4294901760
-2.9801195 -25.483688 -3.4365602 4294901760
-3.5761998 -21.43948 -3.4573183 4294901760
-0.60285223 -3.5379853 -3.4867761 4294901760
-0.71877712 -5.9658475 -3.4751804 4294901760
-1.4158578 -8.3093061 -3.4644856 4294901760
-1.291636 -10.720573 -3.4364662 4294901760
-2.2794812 -13.377691 -3.4693134 4294901760
-1.8781264 -15.588442 -3.4104435 4294901760
-4.0745597 -18.424809 -3.4750581 4294901760
-3.0685763 -25.469172 -3.4371798 4294901760
-3.6510136 -21.426865 -3.4580815 4294901760
-0.61519891 -3.5358596 -3.4869022 4294901760
-0.73817605 -5.9518342 -3.4722371 4294901760
-1.4441826 -8.3004484 -3.4640255 4294901760
-1.3271055 -10.70031 -3.4344931 4294901760
-2.3268464 -13.373563 -3.470268 4294901760
-1.9364469 -15.613364 -3.4141622 4294901760
-4.1327381 -18.383272 -3.4733257 4294901760
-3.1550097 -25.438505 -3.4368067 4294901760
-3.7257881 -21.41399 -3.4588463 4294901760
-0.62943888 -3.5443983 -3.4920235 4294901760
-0.75943416 -5.953042 -3.4734905 4294901760
-1.473147 -8.2953568 -3.4643228 4294901760
-1.365948 -10.707375 -3.4366152 4294901760
-2.374207 -13.369266 -3.4712241 4294901760
-1.9904312 -15.602565 -3.4142992 4294901760
-4.1968803 -18.368734 -3.4740126 4294901760
-3.2392404 -25.391714 -3.4354391 4294901760
-3.7984211 -21.389078 -3.4587214 4294901760
-0.64051431 -3.5350454 -3.4888208 4294901760
-0.780209 -5.9503551 -3.4736953 4294901760
-1.5013943 -8.2863054 -3.4638638 4294901760
-1.4022868 -10.694703 -3.435813 4294901760
-2.4194438 -13.353088 -3.4707496 4294901760
-2.0433297 -15.583693 -3.4136405 4294901760
-4.2546673 -18.326817 -3.4722803 4294901760
-3.3226643 -25.340687 -3.4338222 4294901760
-3.8716359 -21.367844 -3.4588947 4294901760
-0.65219182 -3.5292232 -3.487283 4294901760
-0.80097574 -5.9475956 -3.4739006 4294901760
-1.5317366 -8.2887287 -3.4656765 4294901760
-1.4401387 -10.693661 -3.4367673 4294901760
-2.4646001 -13.336758 -3.4702761 4294901760
-2.0940013 -15.548876 -3.4113879 4294901760
-4.3204446 -18.319605 -3.4736609 4294901760
-3.4111032 -25.328936 -3.4346964 4294901760
-3.9375098 -21.307156 -3.4560938 4294901760
-0.66316432 -3.5197999 -3.4840801 4294901760
-0.82225865 -5.9485779 -3.4751558 4294901760
-1.5599332 -8.2794752 -3.4652188 4294901760
-1.4758332 -10.676822 -3.4353814 4294901760
-2.5118725 -13.331973 -3.4712358 4294901760
-2.1488073 -15.54541 -3.4123247 4294901760
-4.3871469 -18.316031 -3.4753895 4294901760
-3.4956701 -25.289204 -3.4338281 4294901760
-4.0081692 -21.273691 -3.4553752 4294901760
-0.67749774 -3.5281441 -3.4892037 4294901760
-0.84193689 -5.9380445 -3.473263 4294901760
-1.5888247 -8.2739792 -3.465519 4294901760
-1.5142034 -10.679432 -3.436923 4294901760
-2.5568984 -13.315329 -3.4707637 4294901760
-2.2058499 -15.557503 -3.4148591 4294901760
-4.4491735 -18.292866 -3.4753895 4294901760
-3.5822451 -25.264996 -3.4339581 4294901760
-4.0854115 -21.27523 -3.4573379 4294901760
-0.6897279 -3.5220799 -3.487673 4294901760
-0.86480474 -5.9425421 -3.47558 4294901760
-1.6198938 -8.2719517 -3.4665923 4294901760
-1.5533357 -10.673811 -3.4373136 4294901760
-2.6033967 -13.294187 -3.4698389 4294901760
-2.2657201 -15.56899 -3.4174232 4294901760
-4.5171461 -18.280302 -3.476464 4294901760
-3.6708002 -25.224056 -3.4331348 4294901760
-4.1610637 -21.248377 -3.4572561 4294901760
-0.70282036 -3.5268836 -3.4911263 4294901760
-0.88450563 -5.9396415 -3.4757771 4294901760
-1.6473149 -8.2665339 -3.4668789 4294901760
-1.586393 -10.652964 -3.4353244 4294901760
-2.6451399 -13.273806 -3.4688659 4294901760
-2.3167493 -15.557459 -3.4175408 4294901760
-4.5767708 -18.26136 -3.476778 4294901760
-3.7544236 -25.211746 -3.4339721 4294901760
-4.2252679 -21.203184 -3.4556072 4294901760
-0.71440637 -3.5208561 -3.4895895 4294901760
-0.90581429 -5.9403262 -3.4770355 4294901760
-1.6738206 -8.2492008 -3.4649081 4294901760
-1.6259527 -10.662991 -3.4380419 4294901760
-2.6906693 -13.260603 -3.4688733 4294901760
-2.3710411 -15.549277 -3.4180861 4294901760
-4.6434326 -18.256851 -3.4785144 4294901760
-3.8375945 -25.166929 -3.4328568 4294901760
-4.2960839 -21.172676 -3.4551895 4294901760
-0.72657239 -3.5146639 -3.4880593 4294901760
-0.92758071 -5.9369664 -3.4772546 4294901760
-1.7032506 -8.2391701 -3.4644682 4294901760
-1.6638036 -10.649149 -3.4372633 4294901760
-2.7400575 -13.254538 -3.4698625 4294901760
-2.4255607 -15.524765 -3.4170623 4294901760
-4.7113128 -18.243567 -3.4795947 4294901760
-3.9328904 -25.172405 -3.4350359 4294901760
-4.3720436 -21.148979 -3.4554083 4294901760
-0.73835564 -3.5159116 -3.4898417 4294901760
-0.94501489 -5.9264154 -3.4753425 4294901760
-1.7299325 -8.2376156 -3.4654989 4294901760
-1.698496 -10.651676 -3.4387736 4294901760
-2.7841313 -13.257513 -3.4717362 4294901760
-2.4699383 -15.489576 -3.414758 4294901760
-4.7665882 -18.220968 -3.4795306 4294901760
-4.0125823 -25.163866 -3.436085 4294901760
-4.4368258 -21.127337 -3.4555118 4294901760
-0.75062364 -3.5133131 -3.4899714 4294901760
-0.9656955 -5.9230804 -3.4755521 4294901760
-1.7603148 -8.2391987 -3.4673193 4294901760
-1.7356657 -10.645682 -3.4391503 4294901760
-2.8270743 -13.232193 -3.4703116 4294901760
-2.5220704 -15.469085 -3.4141066 4294901760
-4.8322034 -18.21192 -3.480926 4294901760
-4.0978251 -25.133955 -3.4359741 4294901760
-4.5030479 -21.076632 -3.453603 4294901760
-0.76211351 -3.507129 -3.4884353 4294901760
-0.98699898 -5.9234724 -3.4768128 4294901760
-1.7907313 -8.2406702 -3.4691408 4294901760
-1.7715179 -10.631762 -3.4383552 4294901760
-2.8724053 -13.218367 -3.4703228 4294901760
-2.5780158 -15.471956 -3.4158549 4294901760
-4.9019566 -18.218014 -3.483712 4294901760
-4.184226 -25.111626 -3.4363647 4294901760
-4.5833673 -21.091949 -3.456774 4294901760
-0.77591509 -3.5115268 -3.4918983 4294901760
-1.0076692 -5.9199915 -3.4770236 4294901760
-1.8194851 -8.2343683 -3.4694467 4294901760
-1.8079547 -10.621616 -3.4381466 4294901760
-2.9185274 -13.20826 -3.4708138 4294901760
-2.6326733 -15.466784 -3.4168055 4294901760
-4.9665666 -18.204636 -3.4847646 4294901760
-4.2711849 -25.092934 -3.4370079 4294901760
-4.6543822 -21.064146 -3.45666 4294901760
-0.78578395 -3.4981859 -3.4870293 4294901760
-1.0289869 -5.9202328 -3.4782858 4294901760
-1.847357 -8.2241411 -3.4689949 4294901760
-1.8470497 -10.626923 -3.4402862 4294901760
-2.9628744 -13.190248 -3.4703476 4294901760
-2.6852829 -15.449661 -3.4165573 4294901760
-5.034327 -18.202541 -3.4868612 4294901760
-4.3539643 -25.05035 -3.4361489 4294901760
-4.7305002 -21.059439 -3.4583418 4294901760
-0.79960436 -3.5024903 -3.4904933 4294901760
-1.0489739 -5.9128118 -3.4774468 4294901760
-1.8778005 -8.2252893 -3.4708192 4294901760
-1.8862059 -10.632085 -3.4424276 4294901760
-3.0097842 -13.183695 -3.4713194 4294901760
-2.7385032 -15.436278 -3.4167104 4294901760
-5.0967622 -18.181023 -3.4872222 4294901760
-4.4385953 -25.019285 -3.4360425 4294901760
-4.8057604 -21.050571 -3.459727 4294901760
-0.81182516 -3.4996777 -3.4906247 4294901760
-1.0682346 -5.9015341 -3.4755566 4294901760
-1.9064999 -8.2186852 -3.4711275 4294901760
-1.9226024 -10.621548 -3.4422224 4294901760
-3.0539911 -13.165378 -3.470855 4294901760
-2.7909513 -15.418799 -3.4164639 4294901760
-5.1601934 -18.163122 -3.4879322 4294901760
-4.5294533 -25.023272 -3.4381957 4294901760
-4.8792095 -21.033669 -3.4605157 4294901760
-0.82320493 -3.4932942 -3.4890893 4294901760
-1.0888286 -5.8977699 -3.4757693 4294901760
-1.9360768 -8.2157984 -3.4721954 4294901760
-1.9546444 -10.587565 -3.4384944 4294901760
-3.0990186 -13.150775 -3.4708703 4294901760
-2.8425906 -15.397231 -3.4158175 4294901760
-5.2257671 -18.152653 -3.4893391 4294901760
-4.6117029 -24.979839 -3.4373395 4294901760
-4.9516873 -21.012629 -3.4610064 4294901760
-0.83539391 -3.4903994 -3.4892209 4294901760
-1.1115466 -5.9052896 -3.4791367 4294901760
-1.9629176 -8.2013607 -3.4709866 4294901760
-1.9901279 -10.572909 -3.4377022 4294901760
-3.1467516 -13.147594 -3.4723248 4294901760
-2.8970556 -15.391124 -3.4167745 4294901760
-5.2891002 -18.1343 -3.490052 4294901760
-5.0250053 -20.995216 -3.4617984 4294901760
-0.84646738 -3.480269 -3.4860249 4294901760
-1.1317297 -5.89361 -3.4772582 4294901760
-1.9948171 -8.2017336 -3.4728308 4294901760
-2.0281196 -10.561661 -3.4375169 4294901760
-3.1949177 -13.135972 -3.4728465 4294901760
-2.9504457 -15.364779 -3.4157569 4294901760
-5.356658 -18.118614 -3.4911506 4294901760
-4.7662535 -24.820803 -3.4311473 4294901760
-5.1056895 -20.992151 -3.4638309 4294901760
-0.85974121 -3.4844823 -3.489485 4294901760
-1.1483126 -5.8747029 -3.4732547 4294901760
-2.0220056 -8.1950731 -3.4731262 4294901760
-2.0623755 -10.550999 -3.437294 4294901760
-3.2394135 -13.129159 -3.4737995 4294901760
-3.0013833 -15.35491 -3.4162877 4294901760
-5.4167151 -18.100752 -3.4918306 4294901760
-4.8730354 -24.930178 -3.4400537 4294901760
-5.1666827 -20.940271 -3.4618871 4294901760
-0.87189871 -3.4814599 -3.4896173 4294901760
-1.1695638 -5.8744373 -3.4745209 4294901760
-2.0467868 -8.1727457 -3.4703994 4294901760
-2.0991919 -10.543736 -3.4376786 4294901760
-3.2842577 -13.113921 -3.4738188 4294901760
-3.0565155 -15.352141 -3.4176497 4294901760
-5.4833288 -18.093166 -3.4935935 4294901760
-4.9584684 -24.905191 -3.4404595 4294901760
-5.2426496 -20.933708 -3.4635835 4294901760
-0.88493896 -3.4819088 -3.4914176 4294901760
-1.1900623 -5.8703184 -3.4747357 4294901760
-2.0762691 -8.1693535 -3.4714708 4294901760
-2.1399105 -10.555713 -3.441004 4294901760
-3.3261044 -13.086995 -3.4723988 4294901760
-3.1085057 -15.333583 -3.4174087 4294901760
-5.5499578 -18.085337 -3.4953585 4294901760
-5.0485449 -24.903374 -3.4423776 4294901760
-5.3215818 -20.938465 -3.4661837 4294901760
-0.89738488 -3.4824655 -3.493212 4294901760
-1.2095221 -5.8663402 -3.4749403 4294901760
-2.1023686 -8.1586246 -3.4710076 4294901760
-2.1764982 -10.5563 -3.4425483 4294901760
-3.3605719 -13.041311 -3.4685526 4294901760
-3.1561234 -15.307611 -3.4163373 4294901760
-5.6098986 -18.066835 -3.4960432 4294901760
-5.1302919 -24.882586 -3.4429932 4294901760
-5.3919806 -20.924562 -3.4672449 4294901760
-0.90678543 -3.4687896 -3.4883418 4294901760
-1.2315749 -5.8696213 -3.4772608 4294901760
-2.130836 -8.1512356 -3.4713206 4294901760
-2.2117116 -10.540901 -3.4417601 4294901760
-3.411094 -13.048696 -3.4714544 4294901760
-3.2095401 -15.296499 -3.4169006 4294901760
-5.680099 -18.069937 -3.4988594 4294901760
-5.214663 -24.85281 -3.4431524 4294901760
-5.4579334 -20.878614 -3.4659433 4294901760
-0.92074615 -3.4726117 -3.4918113 4294901760
-1.2520558 -5.8652868 -3.4774773 4294901760
-2.1632965 -8.1589136 -3.4746749 4294901760
-2.2451913 -10.517655 -3.4397955 4294901760
-3.459671 -13.048216 -3.4733977 4294901760
-3.2720466 -15.327985 -3.4218836 4294901760
-5.7443461 -18.053799 -3.4999328 4294901760
-5.3022141 -24.838356 -3.4443216 4294901760
-5.5215826 -20.824755 -3.4640398 4294901760
-0.93380326 -3.4728773 -3.4936135 4294901760
-1.2717038 -5.8571162 -3.4766419 4294901760
-2.1866703 -8.1323738 -3.4711881 4294901760
-2.2844059 -10.521342 -3.4419503 4294901760
-3.5000441 -13.0169 -3.471498 4294901760
-3.3272173 -15.324243 -3.4232545 4294901760
-5.8109908 -18.045008 -3.5017066 4294901760
-5.3914218 -24.831396 -3.4459982 4294901760
-5.6035557 -20.840002 -3.4675512 4294901760
-0.9440136 -3.4626017 -3.4904115 4294901760
-1.2929726 -5.8564029 -3.4779119 4294901760
-2.2160769 -8.1284752 -3.4722631 4294901760
-2.3168592 -10.494006 -3.4393976 4294901760
-3.5475497 -13.01226 -3.4729633 4294901760
-3.3832631 -15.324187 -3.4250293 4294901760
-5.8727126 -18.020826 -3.5020845 4294901760
-5.4737692 -24.792946 -3.4456573 4294901760
-5.67627 -20.820316 -3.4683576 4294901760
-0.95705992 -3.4627793 -3.4922142 4294901760
-1.3125633 -5.8480959 -3.4770772 4294901760
-2.247571 -8.1320324 -3.4748604 4294901760
-2.3534751 -10.485855 -3.4397881 4294901760
-3.5929477 -12.999798 -3.4734683 4294901760
-3.4384744 -15.320045 -3.426404 4294901760
-5.9280963 -17.977524 -3.500715 4294901760
-5.5532861 -24.74254 -3.4445589 4294901760
-5.7510338 -20.808062 -3.4697683 4294901760
-0.96718568 -3.452436 -3.4890118 4294901760
-1.3355389 -5.8547444 -3.4804544 4294901760
-2.2759438 -8.1241379 -3.4751768 4294901760
-2.3891845 -10.473723 -3.4395909 4294901760
-3.6415153 -12.99864 -3.4754176 4294901760
-3.4883928 -15.292439 -3.4253671 4294901760
-6.0122418 -18.020948 -3.5073907 4294901760
-5.5952487 -24.528488 -3.432842 4294901760
-5.8236332 -20.787861 -3.4705782 4294901760
-0.97824097 -3.4455514 -3.487478 4294901760
-1.3550981 -5.8462944 -3.4796207 4294901760
-2.3021462 -8.1085978 -3.4739726 4294901760
-2.4248378 -10.461469 -3.439394 4294901760
-3.6879508 -12.989666 -3.4764061 4294901760
-3.5381603 -15.264671 -3.4243302 4294901760
-6.0776577 -18.007397 -3.5088234 4294901760
-5.7069645 -24.621534 -3.4410965 4294901760
-5.8983388 -20.775074 -3.4719925 4294901760
-0.99166501 -3.4492567 -3.4909437 4294901760
-1.3753601 -5.8455176 -3.4808826 4294901760
-2.3279388 -8.0971479 -3.4735129 4294901760
-2.4577062 -10.445676 -3.4385889 4294901760
-3.7310064 -12.977365 -3.4768894 4294901760
-3.5905828 -15.260597 -3.4256802 4294901760
-6.1399112 -17.994682 -3.5102212 4294901760
-5.8150854 -24.715118 -3.4493153 4294901760
-5.9671998 -20.7554 -3.4727652 4294901760
-1.0043005 -3.4455988 -3.491086 4294901760
-1.3967757 -5.8404374 -3.4811139 4294901760
-2.3586986 -8.0923281 -3.4746079 4294901760
-2.4968941 -10.440441 -3.4395914 4294901760
-3.7741044 -12.948365 -3.4754982 4294901760
-3.6464915 -15.247334 -3.4262838 4294901760
-6.213624 -17.994646 -3.5130956 4294901760
-5.9084158 -24.705278 -3.4510529 4294901760
-6.0443478 -20.737217 -3.4739225 4294901760
-1.0183747 -3.4490259 -3.4945598 4294901760
-1.4144268 -5.8242974 -3.478174 4294901760
-2.3858202 -8.0802832 -3.4741652 4294901760
-2.5333221 -10.431662 -3.439986 4294901760
-3.811413 -12.908474 -3.4726365 4294901760
-3.6987529 -15.230649 -3.4264572 4294901760
-6.2685189 -17.950285 -3.5117311 4294901760
-5.9983826 -24.700016 -3.4530001 4294901760
-6.1133089 -20.704523 -3.4738336 4294901760
-1.0272917 -3.43503 -3.4896882 4294901760
-1.4365931 -5.8268046 -3.4805021 4294901760
-2.4185066 -8.086937 -3.4775305 4294901760
-2.5716126 -10.43043 -3.4415607 4294901760
-3.8530383 -12.883685 -3.4717009 4294901760
-3.7547517 -15.229229 -3.4282434 4294901760
-6.3298135 -17.92454 -3.5121191 4294901760
-6.0826554 -24.671179 -3.4534292 4294901760
-6.180975 -20.667776 -3.4734428 4294901760
-1.0392761 -3.4314234 -3.4898243 4294901760
-1.4550537 -5.814281 -3.4786158 4294901760
-2.4478581 -8.0822001 -3.4786124 4294901760
-2.6099253 -10.429058 -3.4431369 4294901760
-3.9060397 -12.896741 -3.475585 4294901760
-3.8059583 -15.208313 -3.4280162 4294901760
-6.3869867 -17.887333 -3.5114555 4294901760
-6.1658311 -24.638182 -3.4536059 4294901760
-6.2588611 -20.665155 -3.4757729 4294901760
-1.0538365 -3.4383564 -3.4949625 4294901760
-1.4752742 -5.8131576 -3.4798803 4294901760
-2.4723475 -8.0665369 -3.4773939 4294901760
-2.6454675 -10.424177 -3.4441047 4294901760
-3.9522736 -12.895098 -3.4775181 4294901760
-3.854414 -15.1879 -3.4277604 4294901760
-6.442214 -17.854815 -3.5111063 4294901760
-6.2406306 -24.590527 -3.4527216 4294901760
-6.3355331 -20.670969 -3.4786694 4294901760
-1.0658319 -3.4346569 -3.4950993 4294901760
-1.4945958 -5.8042421 -3.4790485 4294901760
-2.5016515 -8.0616045 -3.4784772 4294901760
-2.6778951 -10.39957 -3.442143 4294901760
-4.0031404 -12.900171 -3.4804432 4294901760
-3.9083962 -15.178204 -3.4287446 4294901760
-6.4894853 -17.791061 -3.5079856 4294901760
-6.3323975 -24.59178 -3.4551857 4294901760
-6.4100108 -20.656342 -3.480098 4294901760
-1.0789012 -3.4343741 -3.4969063 4294901760
-1.515821 -5.8027167 -3.4803255 4294901760
-2.5321279 -8.0603065 -3.4803233 4294901760
-2.7141805 -10.390159 -3.4425416 4294901760
-4.0469575 -12.882335 -3.4804761 4294901760
-3.9593446 -15.156774 -3.4285195 4294901760
-6.5570602 -17.783249 -3.5101306 4294901760
-6.4020648 -24.507755 -3.4520626 4294901760
-6.4677377 -20.588198 -3.4772909 4294901760
-1.0875872 -3.420223 -3.4920344 4294901760
-1.5350808 -5.7936668 -3.4794941 4294901760
-2.5602481 -8.0514183 -3.4806464 4294901760
-2.7494204 -10.3768 -3.4423509 4294901760
-4.0882931 -12.856785 -3.4795446 4294901760
-4.010191 -15.135172 -3.4282949 4294901760
-6.6218772 -17.767715 -3.5115755 4294901760
-6.4804206 -24.458256 -3.4512253 4294901760
-6.5299006 -20.535103 -3.4756935 4294901760
-1.0984083 -3.4129548 -3.4905016 4294901760
-1.5552944 -5.7882729 -3.4797177 4294901760
-2.5883365 -8.0424328 -3.4809699 4294901760
-2.7887013 -10.378591 -3.4445229 4294901760
-4.1294985 -12.831104 -3.4786131 4294901760
-4.0660925 -15.132603 -3.4300904 4294901760
-6.6824522 -17.740765 -3.5119677 4294901760
-6.5843916 -24.50485 -3.4567485 4294901760
-6.6149745 -20.55393 -3.4798515 4294901760
-1.1125607 -3.4159939 -3.4939797 4294901760
-1.5724524 -5.7716594 -3.4767776 4294901760
-2.6151803 -8.0296202 -3.4805315 4294901760
-2.8238738 -10.36498 -3.4443336 4294901760
-4.1742635 -12.816611 -3.4791305 4294901760
-4.1199365 -15.122155 -3.4310799 4294901760
-6.7485895 -17.728497 -3.513767 4294901760
-6.6803799 -24.520218 -3.4602423 4294901760
-6.6990285 -20.568623 -3.4837115 4294901760
-1.1267473 -3.4189756 -3.4974582 4294901760
-1.5915643 -5.7624221 -3.4759467 4294901760
-2.6419652 -8.016717 -3.4800935 4294901760
-2.8579328 -10.34744 -3.4435542 4294901760
-4.2251859 -12.820807 -3.4820635 4294901760
-4.1779919 -15.126849 -3.4336874 4294901760
-6.8132935 -17.712267 -3.5152171 4294901760
-6.7691183 -24.508289 -3.4619579 4294901760
-6.7895026 -20.60191 -3.4890926 4294901760
-1.1375284 -3.4115825 -3.4959266 4294901760
-1.6116693 -5.7568312 -3.4761708 4294901760
-2.6699331 -8.0074453 -3.4804184 4294901760
-2.8951008 -10.341208 -3.4445479 4294901760
-4.2761898 -12.8248 -3.4849992 4294901760
-4.2329135 -15.119832 -3.4350848 4294901760
-6.877965 -17.695801 -3.5166686 4294901760
-6.8632331 -24.515249 -3.4649508 4294901760
-6.8601155 -20.574299 -3.4896243 4294901760
-1.1471128 -3.4007211 -3.4927239 4294901760
-1.6349093 -5.7622876 -3.4795609 4294901760
-2.699122 -8.0017939 -3.4815071 4294901760
-2.9301023 -10.327235 -3.4443603 4294901760
-4.3196626 -12.806036 -3.4850373 4294901760
-4.2845812 -15.101139 -3.4352705 4294901760
-6.8712716 -17.49745 -3.5008678 4294901760
-6.9433212 -24.471949 -3.4646327 4294901760
-6.9191499 -20.512453 -3.4874246 4294901760
-1.1601468 -3.4001269 -3.4945333 4294901760
-1.6528841 -5.7491422 -3.4776762 4294901760
-2.727036 -7.9923234 -3.4818332 4294901760
-2.9661322 -10.316945 -3.4447646 4294901760
-4.3604922 -12.779613 -3.4841089 4294901760
-4.3405628 -15.097557 -3.4370756 4294901760
-6.9646177 -17.554802 -3.509361 4294901760
-6.9934182 -24.324848 -3.4574249 4294901760
-6.9907074 -20.488176 -3.488261 4294901760
-1.1720086 -3.3960564 -3.4946725 4294901760
-1.6740196 -5.7470345 -3.4789569 4294901760
-2.7549181 -7.9827552 -3.4821601 4294901760
-3.0032325 -10.310323 -3.4457612 4294901760
-4.4037809 -12.760563 -3.484148 4294901760
-4.3921247 -15.078493 -3.4372635 4294901760
-7.045114 -17.578444 -3.5146904 4294901760
-7.0637784 -24.250483 -3.4550605 4294901760
-7.0699859 -20.486259 -3.4909225 4294901760
-1.1814666 -3.3850994 -3.4914696 4294901760
-1.6951605 -5.7448516 -3.4802389 4294901760
-2.7827663 -7.9730906 -3.4824874 4294901760
-3.0358481 -10.288404 -3.4443924 4294901760
-4.4482965 -12.745113 -3.4846714 4294901760
-4.4458575 -15.066886 -3.4382622 4294901760
-7.0989585 -17.535284 -3.5136781 4294901760
-7.1958156 -24.386417 -3.4667456 4294901760
-7.1375117 -20.450165 -3.4908502 4294901760
-1.194506 -3.3882091 -3.4949372 4294901760
-1.7132 -5.7394977 -3.4804432 4294901760
-2.8091044 -7.9680076 -3.4835463 4294901760
-3.0681548 -10.278816 -3.4447579 4294901760
-4.4869952 -12.727335 -3.4846592 4294901760
-4.4999938 -15.075709 -3.4412279 4294901760
-7.1540117 -17.512897 -3.514354 4294901760
-7.2723918 -24.363691 -3.4676123 4294901760
-7.175211 -20.352442 -3.485523 4294901760
-1.2032627 -3.3735645 -3.4900701 4294901760
-1.7331094 -5.7294927 -3.4796259 4294901760
-2.8382897 -7.9576578 -3.4838912 4294901760
-3.1046634 -10.263718 -3.4445934 4294901760
-4.5362787 -12.718278 -3.4861786 4294901760
-4.5529165 -15.051502 -3.4410443 4294901760
-7.2105536 -17.468153 -3.5133791 4294901760
-7.303875 -24.145906 -3.4558365 4294901760
-7.2082396 -20.209602 -3.4769688 4294901760
-1.2181309 -3.3797872 -3.4952168 4294901760
-1.7509722 -5.7200313 -3.4787862 4294901760
-2.8673232 -7.9555831 -3.4857318 4294901760
-3.1398392 -10.257146 -3.4455729 4294901760
-4.5703573 -12.680766 -3.483773 4294901760
-4.6016397 -15.032518 -3.4412069 4294901760
-7.2638459 -17.433115 -3.5130346 4294901760
-7.3874092 -24.132999 -3.4575152 4294901760
-7.2306099 -20.061817 -3.4677138 4294901760
-1.2305104 -3.3752997 -3.4953642 4294901760
-1.7742075 -5.720933 -3.4811375 4294901760
-2.8924322 -7.9339643 -3.4837861 4294901760
-3.1785836 -10.249344 -3.4465938 4294901760
-4.6154451 -12.660202 -3.4838407 4294901760
-4.6578846 -15.01935 -3.4422412 4294901760
-7.3307843 -17.413717 -3.5145319 4294901760
-7.4899955 -24.151493 -3.4615977 4294901760
-7.3218436 -20.083874 -3.4725485 4294901760
-1.2422845 -3.3709843 -3.4955046 4294901760
-1.7918583 -5.7073555 -3.4792538 4294901760
-2.9228213 -7.9311814 -3.4856446 4294901760
-3.211972 -10.230644 -3.4458187 4294901760
-4.6596079 -12.644015 -3.4843676 4294901760
-4.7102818 -15.003001 -3.4428411 4294901760
-7.3884063 -17.380692 -3.5145793 4294901760
-7.5348091 -23.999571 -3.4541068 4294901760
-7.3009171 -19.811304 -3.4532645 4294901760
-1.2534565 -3.3668458 -3.4956381 4294901760
-1.8107752 -5.7013817 -3.479471 4294901760
-2.9477375 -7.917768 -3.4851944 4294901760
-3.2446847 -10.216169 -3.4456155 4294901760
-4.7042809 -12.635931 -3.4858382 4294901760
-4.7527852 -14.964554 -3.4409773 4294901760
-7.4428625 -17.348776 -3.5145895 4294901760
-7.6022758 -23.93642 -3.4524565 4294901760
-1.2652019 -3.3624499 -3.495779 4294901760
-1.8306665 -5.6950259 -3.4796999 4294901760
-2.978122 -7.914773 -3.4870548 4294901760
-3.2779086 -10.197255 -3.4448407 4294901760
-4.7525544 -12.630573 -3.4878213 4294901760
-4.8086462 -14.959231 -3.4427965 4294901760
-7.5017953 -17.319035 -3.5149918 4294901760
-7.6943345 -23.936329 -3.4552138 4294901760
-7.5563469 -20.082041 -3.4811203 4294901760
-1.2749387 -3.3510134 -3.4925828 4294901760
-1.8515267 -5.6882782 -3.4799409 4294901760
-3.0057154 -7.9001384 -3.486639 4294901760
-3.3140366 -10.181415 -3.4446795 4294901760
-4.7861152 -12.579692 -3.4840128 4294901760
-4.8720565 -14.967978 -3.4462721 4294901760
-7.5588346 -17.276827 -3.5143707 4294901760
-7.76472 -23.854847 -3.4526329 4294901760
-7.597291 -19.968508 -3.474983 4294901760
-1.2854601 -3.3469918 -3.4927099 4294901760
-1.8693882 -5.6824331 -3.4801478 4294901760
-3.03052 -7.8906569 -3.4869382 4294901760
-3.3460069 -10.170953 -3.4450498 4294901760
-4.8256125 -12.564594 -3.4844892 4294901760
-4.9165707 -14.945042 -3.4460042 4294901760
-7.6162906 -17.260283 -3.5157599 4294901760
-7.9044676 -24.027437 -3.4668555 4294901760
-7.6471229 -19.911047 -3.4729903 4294901760
-1.2996145 -3.3454108 -3.4945378 4294901760
-1.8924103 -5.6788678 -3.4814579 4294901760
-3.0622151 -7.8826194 -3.4880695 4294901760
-3.3850346 -10.158031 -3.4455032 4294901760
-4.8766932 -12.55337 -3.486043 4294901760
-4.9701457 -14.914737 -3.445451 4294901760
-7.6808848 -17.227274 -3.5162401 4294901760
-8.0319872 -24.102907 -3.4751225 4294901760
-7.8664389 -20.249441 -3.5041714 4294901760
-1.3101181 -3.3413112 -3.4946651 4294901760
-1.9139298 -5.6838465 -3.4848373 4294901760
-3.0841 -7.8656554 -3.4868395 4294901760
-3.4169307 -10.147346 -3.4458749 4294901760
-4.9204526 -12.549069 -3.4879777 4294901760
-5.0144401 -14.891511 -3.4451835 4294901760
-7.7366018 -17.20669 -3.5172777 4294901760
-7.8517194 -23.317451 -3.4243202 4294901760
-7.595293 -19.370953 -3.4346166 4294901760
-1.3191035 -3.3299768 -3.4914615 4294901760
-1.9300325 -5.6661916 -3.4818969 4294901760
-3.1144276 -7.8621364 -3.488704 4294901760
-3.4536052 -10.139098 -3.4468815 4294901760
-4.9656897 -12.535507 -3.488996 4294901760
-5.0702376 -14.885209 -3.4470108 4294901760
-7.7933269 -17.172325 -3.5173292 4294901760
-8.2109671 -24.105764 -3.4808452 4294901760
-7.8684225 -19.863235 -3.4782679 4294901760
-1.3318799 -3.3248873 -3.4916174 4294901760
-1.9480073 -5.6478152 -3.4789796 4294901760
-3.1431344 -7.8464785 -3.4883068 4294901760
-3.4938004 -10.129499 -3.4479313 4294901760
-5.01231 -12.512664 -3.4890971 4294901760
-5.1260591 -14.861871 -3.447273 4294901760
-7.8376284 -17.095211 -3.5135558 4294901760
-7.9990144 -23.191368 -3.4216835 4294901760
-7.9520459 -19.851381 -3.4807286 4294901760
-1.3436775 -3.3240476 -3.4934182 4294901760
-1.9670081 -5.6453047 -3.4802454 4294901760
-3.1677694 -7.8365655 -3.4886081 4294901760
-3.5230048 -10.111009 -3.4471178 4294901760
-5.0515952 -12.496856 -3.489578 4294901760
-5.1701064 -14.838183 -3.4470074 4294901760
-7.8879547 -17.063274 -3.5135303 4294901760
-8.0481997 -23.098299 -3.4179027 4294901760
-7.9635725 -19.70063 -3.4710793 4294901760
-1.3558513 -3.3191006 -3.4935675 4294901760
-1.9902468 -5.6453228 -3.4826045 4294901760
-3.1994362 -7.8321643 -3.4904919 4294901760
-3.5639813 -10.10921 -3.4493356 4294901760
-5.0883603 -12.456219 -3.4872231 4294901760
-5.2284222 -14.830386 -3.4488697 4294901760
-7.9538083 -17.041468 -3.515039 4294901760
-8.4100876 -23.855162 -3.4727719 4294901760
-7.9844642 -19.54583 -3.4615471 4294901760
-1.3688116 -3.3176987 -3.4953835 4294901760
-2.0138211 -5.6492262 -3.4860113 4294901760
-3.229748 -7.8281999 -3.4923599 4294901760
-3.5965931 -10.089262 -3.4485645 4294901760
-5.1333232 -12.442047 -3.4882443 4294901760
-5.2801585 -14.812046 -3.4494812 4294901760
-8.0166407 -17.020805 -3.5165112 4294901760
-8.4906273 -23.818142 -3.4732399 4294901760
-8.1165047 -19.672625 -3.4752619 4294901760
-1.3762014 -3.3028615 -3.4905059 4294901760
-2.0322225 -5.6385388 -3.4851868 4294901760
-3.258563 -7.8204994 -3.493463 4294901760
-3.63447 -10.084084 -3.4501703 4294901760
-5.176723 -12.424053 -3.48878 4294901760
-5.3318305 -14.793525 -3.450094 4294901760
-8.0674591 -16.974733 -3.5154979 4294901760
-8.5480108 -23.717037 -3.4693215 4294901760
-8.2924623 -19.901777 -3.4975801 4294901760
-1.3913625 -3.3083048 -3.4956622 4294901760
-2.0469546 -5.6209106 -3.4822345 4294901760
-3.2829576 -7.806035 -3.4930179 4294901760
-3.6665368 -10.068262 -3.4499733 4294901760
-5.2194314 -12.410476 -3.4897764 4294901760
-5.3740525 -14.757077 -3.4486384 4294901760
-8.1150951 -16.92993 -3.5144458 4294901760
-8.617053 -23.662315 -3.4684486 4294901760
-8.2965889 -19.727169 -3.4861214 4294901760
-1.4020611 -3.2998462 -3.494139 4294901760
-2.0715368 -5.6242142 -3.4856551 4294901760
-3.3130803 -7.7975597 -3.494139 4294901760
-3.7034147 -10.054756 -3.450413 4294901760
-5.2617807 -12.383959 -3.4893672 4294901760
-5.4281039 -14.737281 -3.4492831 4294901760
-8.1770926 -16.900074 -3.5152473 4294901760
-8.6292496 -23.428379 -3.4555295 4294901760
-8.3891048 -19.744329 -3.49101 4294901760
-1.4124206 -3.2954254 -3.4942679 4294901760
-2.0865095 -5.6104574 -3.4837492 4294901760
-3.3391047 -7.7907176 -3.4952104 4294901760
-3.732228 -10.035663 -3.4496014 4294901760
-5.2990952 -12.36372 -3.4893644 4294901760
-5.4771476 -14.727612 -3.4506521 4294901760
-8.2336349 -16.88146 -3.5166469 4294901760
-8.7083712 -23.416113 -3.457443 4294901760
-8.3725634 -19.53466 -3.4764228 4294901760
-1.4210362 -3.2838209 -3.4910634 4294901760
-2.1101477 -5.6139569 -3.4871597 4294901760
-3.3631651 -7.7718153 -3.4940164 4294901760
-3.7672377 -10.022573 -3.450021 4294901760
-5.3422222 -12.345147 -3.489903 4294901760
-5.5285249 -14.708403 -3.4512682 4294901760
-8.2907572 -16.849043 -3.5170567 4294901760
-8.8012905 -23.415455 -3.4604919 4294901760
-8.4312038 -19.483362 -3.4754295 4294901760
-1.4336346 -3.2783403 -3.4912212 4294901760
-2.1303189 -5.6022129 -3.4863601 4294901760
-3.3976965 -7.7696261 -3.4966903 4294901760
-3.8070984 -10.011728 -3.4510784 4294901760
-5.3911748 -12.328179 -3.4909835 4294901760
-5.5821328 -14.67963 -3.4511304 4294901760
-8.3429861 -16.792116 -3.5154068 4294901760
-8.8684416 -23.321812 -3.4574308 4294901760
-8.5315094 -19.509289 -3.4812858 4294901760
-1.4453895 -3.2771373 -3.4930248 4294901760
-2.1465278 -5.5918965 -3.4855132 4294901760
-3.4236708 -7.7625017 -3.4977636 4294901760
-3.8399487 -10.003409 -3.4520528 4294901760
-5.4330797 -12.318442 -3.4924443 4294901760
-5.6239467 -14.650884 -3.4504611 4294901760
-8.3885651 -16.751579 -3.5146713 4294901760
-8.9416647 -23.293837 -3.4583139 4294901760
-8.5959749 -19.489687 -3.4826705 4294901760
-8.3260088 -25.323704 -3.3989103 4294901760
-1.4588662 -3.2751291 -3.4948504 4294901760
-2.1670086 -5.5839915 -3.4857609 4294901760
-3.4505031 -7.7463193 -3.4973547 4294901760
-3.8751569 -9.9855824 -3.4519005 4294901760
-5.47012 -12.280324 -3.4905748 4294901760
-5.6804848 -14.637588 -3.4519274 4294901760
-8.4534998 -16.727833 -3.5161889 4294901760
-9.1034927 -23.458063 -3.4730816 4294901760
-8.7306156 -19.60008 -3.495575 4294901760
-1.4697188 -3.2702732 -3.4949875 4294901760
-2.186919 -5.5803609 -3.4870448 4294901760
-3.4745631 -7.7312555 -3.4969115 4294901760
-3.9125748 -9.983717 -3.4540882 4294901760
-5.5140653 -12.269355 -3.4920642 4294901760
-5.7318945 -14.626076 -3.4533334 4294901760
-8.4944592 -16.671318 -3.5140655 4294901760
-8.7590046 -22.350351 -3.3988249 4294901760
-8.8119049 -19.607382 -3.4994752 4294901760
-8.5929937 -25.533575 -3.4175725 4294901760
-1.479628 -3.2618217 -3.4934573 4294901760
-2.2049675 -5.5691118 -3.486222 4294901760
-3.5031507 -7.7226529 -3.4980206 4294901760
-3.9459469 -9.9663239 -3.4539163 4294901760
-5.5535827 -12.242805 -3.4916308 4294901760
-5.7814517 -14.60228 -3.4535451 4294901760
-8.5562439 -16.648649 -3.5155461 4294901760
-9.2321091 -23.317644 -3.4695699 4294901760
-8.8654737 -19.543829 -3.4975684 4294901760
-8.6447668 -25.393837 -3.4118249 4294901760
-1.4894954 -3.2533407 -3.4919269 4294901760
-2.2258239 -5.5649576 -3.4875188 4294901760
-3.5284524 -7.70681 -3.4975951 4294901760
-3.9836466 -9.9598284 -3.4555318 4294901760
-5.6012387 -12.234169 -3.4936373 4294901760
-5.8338642 -14.585703 -3.4545758 4294901760
-8.6069727 -16.604536 -3.5148864 4294901760
-9.2852888 -23.214882 -3.4656293 4294901760
-8.8655949 -19.364143 -3.4857941 4294901760
-1.5029309 -3.2511504 -3.4937539 4294901760
-2.2447619 -5.5531912 -3.4867084 4294901760
-3.5550306 -7.6902666 -3.4971871 4294901760
-4.021606 -9.9488258 -3.4565742 4294901760
-5.6443772 -12.209955 -3.4937201 4294901760
-5.8843036 -14.556849 -3.4544108 4294901760
-8.6603928 -16.558765 -3.5142653 4294901760
-9.3493786 -23.128902 -3.4630327 4294901760
-8.8946877 -19.241051 -3.4789858 4294901760
-8.7133017 -25.007145 -3.3937964 4294901760
-1.516768 -3.2527194 -3.497242 4294901760
-2.263165 -5.5457168 -3.4869342 4294901760
-3.5788553 -7.67488 -3.4967449 4294901760
-4.0545759 -9.9354353 -3.4569788 4294901760
-5.6898661 -12.201958 -3.4957018 4294901760
-5.9295387 -14.529891 -3.4541841 4294901760
-8.7096825 -16.519382 -3.5139236 4294901760
-9.1455975 -22.410603 -3.4156246 4294901760
-8.9483347 -19.189766 -3.4779487 4294901760
-8.7842493 -24.944225 -3.3926625 4294901760
-1.5296561 -3.2506857 -3.4990625 4294901760
-2.2839766 -5.5413446 -3.4882324 4294901760
-3.6089628 -7.6694388 -3.4986238 4294901760
-4.0862188 -9.9139128 -3.4562128 4294901760
-5.7290449 -12.174844 -3.4952705 4294901760
-5.9756732 -14.498075 -3.4535792 4294901760
-8.7691612 -16.492399 -3.5150499 4294901760
-9.2055197 -22.334272 -3.4134653 4294901760
-9.0865564 -19.309921 -3.4917755 4294901760
-1.5404276 -3.2455952 -3.4992011 4294901760
-2.3052995 -5.540853 -3.4905794 4294901760
-3.6343763 -7.6574287 -3.4989505 4294901760
-4.1190724 -9.9003086 -3.4566183 4294901760
-5.7659845 -12.148609 -3.4948115 4294901760
-6.0191355 -14.467164 -3.4529433 4294901760
-8.8200426 -16.456207 -3.5150664 4294901760
-9.2795334 -22.303623 -3.4143789 4294901760
-9.1966972 -19.37693 -3.5009394 4294901760
-8.9754562 -24.943954 -3.3984268 4294901760
-1.5486153 -3.233659 -3.4959955 4294901760
-2.3216419 -5.5256696 -3.488698 4294901760
-3.6678598 -7.6588464 -3.5023685 4294901760
-4.1566672 -9.893158 -3.4582386 4294901760
-5.8169241 -12.146301 -3.4978015 4294901760
-6.0665164 -14.438732 -3.4527481 4294901760
-8.879323 -16.428822 -3.5161946 4294901760
-9.6339998 -22.92959 -3.4619548 4294901760
-9.2573891 -19.330326 -3.5005741 4294901760
-1.560457 -3.2279613 -3.4961486 4294901760
-2.340374 -5.5135775 -3.4878886 4294901760
-3.692492 -7.6382885 -3.5011938 4294901760
-4.1928997 -9.8778563 -3.4586885 4294901760
-5.8631306 -12.128471 -3.4988656 4294901760
-6.1131806 -14.401755 -3.4517646 4294901760
-8.9261322 -16.371689 -3.5144994 4294901760
-9.7148581 -22.886778 -3.4624763 4294901760
-9.3021498 -19.242426 -3.4968498 4294901760
-1.5748942 -3.2290113 -3.4996464 4294901760
-2.3596065 -5.505374 -3.4881279 4294901760
-3.7156942 -7.6183019 -3.5000017 4294901760
-4.2257986 -9.8595266 -3.4585207 4294901760
-5.9106517 -12.118631 -3.5008814 4294901760
-6.1665506 -14.387639 -3.4532104 4294901760
-8.9793921 -16.333452 -3.5145543 4294901760
-9.4488678 -22.045858 -3.4061081 4294901760
-9.3692646 -19.209837 -3.49772 4294901760
-1.5855933 -3.2237706 -3.4997857 4294901760
-2.3778503 -5.4975185 -3.4883559 4294901760
-3.7426689 -7.609458 -3.5010991 4294901760
-4.2553329 -9.8382025 -3.4577346 4294901760
-5.9402986 -12.077599 -3.4984679 4294901760
-6.2158074 -14.370761 -3.454216 4294901760
-9.0277157 -16.293133 -3.5142126 4294901760
-9.4949942 -21.952143 -3.4025853 4294901760
-9.4575491 -19.228745 -3.502882 4294901760
-1.5952247 -3.2149694 -3.4982562 4294901760
-2.398566 -5.4927158 -3.4896569 4294901760
-3.7709496 -7.5998616 -3.502214 4294901760
-4.2959738 -9.837779 -3.4605527 4294901760
-5.9806552 -12.053238 -3.4985278 4294901760
-6.2643375 -14.345333 -3.454433 4294901760
-9.0981264 -16.285862 -3.517493 4294901760
-9.8845415 -22.635599 -3.4547091 4294901760
-9.4732199 -19.092051 -3.4947734 4294901760
-1.6021278 -3.1993766 -3.493381 4294901760
-2.4155726 -5.4768391 -3.487787 4294901760
-3.8005352 -7.5894966 -3.5033472 4294901760
-4.3351922 -9.8292007 -3.4621997 4294901760
-6.0265684 -12.034784 -3.4995944 4294901760
-6.3152695 -14.318639 -3.4546821 4294901760
-9.1499376 -16.238529 -3.5168712 4294901760
-9.9964237 -22.664936 -3.4604521 4294901760
-9.5145702 -19.000166 -3.4907291 4294901760
-1.6159965 -3.2005181 -3.4968729 4294901760
-2.4305892 -5.46176 -3.4858932 4294901760
-3.8221469 -7.5698495 -3.5021384 4294901760
-4.3613353 -9.8003263 -3.4602203 4294901760
-6.0628676 -12.007648 -3.4991379 4294901760
-6.3659511 -14.304885 -3.4561012 4294901760
-9.1978359 -16.197706 -3.51653 4294901760
-10.087752 -22.668119 -3.4640117 4294901760
-9.5236187 -18.861744 -3.4822524 4294901760
-1.6304492 -3.2013185 -3.5003731 4294901760
-2.4512184 -5.4567561 -3.4871953 4294901760
-3.8396468 -7.5389853 -3.4986379 4294901760
-4.3987584 -9.7922535 -3.4618471 4294901760
-6.1065469 -11.989948 -3.5001788 4294901760
-6.4109578 -14.271691 -3.4554987 4294901760
-9.2523422 -16.162045 -3.5169454 4294901760
-9.6093035 -18.867462 -3.4865303 4294901760
-1.6399575 -3.1923831 -3.4988437 4294901760
-2.4702511 -5.4481668 -3.4874365 4294901760
-3.867732 -7.5290251 -3.4997544 4294901760
-4.4312806 -9.7732401 -3.4616821 4294901760
-6.1501756 -11.972088 -3.5012205 4294901760
-6.4590936 -14.245604 -3.4557178 4294901760
-9.2927761 -16.102053 -3.5148478 4294901760
-10.267181 -22.644384 -3.4694121 4294901760
-9.7042522 -18.890543 -3.4923649 4294901760
-1.6577622 -3.1995139 -3.5056987 4294901760
-2.4940627 -5.4500179 -3.4908628 4294901760
-3.89399 -7.5154781 -3.5001018 4294901760
-4.4637246 -9.754117 -3.4615171 4294901760
-6.1882782 -11.9435 -3.5007923 4294901760
-6.5021625 -14.208505 -3.454704 4294901760
-9.3469248 -16.066074 -3.5152624 4294901760
-9.7572956 -18.831774 -3.4910624 4294901760
-1.6571677 -3.1712172 -3.494107 4294901760
-2.5130715 -5.4412789 -3.4911051 4294901760
-3.9220171 -7.5053163 -3.5012197 4294901760
-4.496088 -9.7348881 -3.4613523 4294901760
-6.2336068 -11.92886 -3.502326 4294901760
-6.5483847 -14.178501 -3.4545126 4294901760
-9.4049635 -16.036785 -3.5163965 4294901760
-10.376499 -22.467098 -3.4638216 4294901760
-9.845129 -18.840002 -3.4956627 4294901760
-1.6732979 -3.1750345 -3.4992859 4294901760
-2.5304227 -5.4289823 -3.4902854 4294901760
-3.9555063 -7.5054593 -3.5046487 4294901760
-4.5317121 -9.7227173 -3.4623845 4294901760
-6.2733588 -11.903518 -3.502389 4294901760
-6.5927968 -14.144742 -3.4539096 4294901760
-9.4568319 -15.997001 -3.5164528 4294901760
-10.422832 -22.362022 -3.4598415 4294901760
-9.938714 -18.858423 -3.5012004 4294901760
-9.6608534 -23.685013 -3.3557878 4294901760
-1.6838168 -3.1694686 -3.4994264 4294901760
-2.5500495 -5.4240475 -3.4915783 4294901760
-3.9730113 -7.478447 -3.5018992 4294901760
-4.5622449 -9.7040586 -3.462199 4294901760
-6.3146567 -11.886154 -3.503406 4294901760
-6.6362791 -14.115604 -3.4536867 4294901760
-9.5016727 -15.951867 -3.5157509 4294901760
-10.495228 -22.323727 -3.4605286 4294901760
-10.004933 -18.832407 -3.5026565 4294901760
-9.7423782 -23.660233 -3.3572271 4294901760
-1.6977408 -3.170259 -3.5029218 4294901760
-2.5663724 -5.4120812 -3.4907467 4294901760
-4.0014925 -7.472146 -3.5037715 4294901760
-4.5859332 -9.6710215 -3.4596195 4294901760
-6.3615313 -11.879141 -3.5058966 4294901760
-6.6796446 -14.086334 -3.4534638 4294901760
-9.5524702 -15.916856 -3.5161281 4294901760
-10.582877 -22.317644 -3.4635787 4294901760
-10.020278 -18.711264 -3.4957113 4294901760
-1.7007334 -3.1480675 -3.4946892 4294901760
-2.5878546 -5.4061127 -3.4920647 4294901760
-4.0269885 -7.4539785 -3.5033684 4294901760
-4.6247616 -9.6612768 -3.4612732 4294901760
-6.3993697 -11.84527 -3.505007 4294901760
-6.7329464 -14.065344 -3.4545405 4294901760
-9.604557 -15.871513 -3.5158629 4294901760
-10.606027 -22.156334 -3.4557018 4294901760
-10.113426 -18.720009 -3.5006788 4294901760
-1.7111636 -3.1424103 -3.4948297 4294901760
-2.6057677 -5.397501 -3.4922962 4294901760
-4.0535603 -7.4440279 -3.5044715 4294901760
-4.6584926 -9.6494474 -3.4622858 4294901760
-6.4348207 -11.817016 -3.5045531 4294901760
-6.7778225 -14.039357 -3.4547305 4294901760
-9.6384792 -15.808972 -3.5133588 4294901760
-10.365443 -21.470636 -3.4090829 4294901760
-10.171635 -18.679365 -3.5008905 4294901760
-1.7226697 -3.1361175 -3.4949851 4294901760
-2.6221583 -5.3809886 -3.4904265 4294901760
-4.082706 -7.4325595 -3.5056105 4294901760
-4.6938286 -9.632309 -3.4627438 4294901760
-6.48382 -11.803783 -3.5066113 4294901760
-6.8344603 -14.025146 -3.456634 4294901760
-9.6942711 -15.770146 -3.513813 4294901760
-10.625855 -21.805552 -3.4374514 4294901760
-10.24195 -18.645452 -3.5021257 4294901760
-1.7388757 -3.1395988 -3.5001676 4294901760
-2.644325 -5.3787165 -3.4927967 4294901760
-4.1029243 -7.4079685 -3.5036483 4294901760
-4.732655 -9.6265059 -3.464978 4294901760
-6.5230613 -11.777608 -3.5066772 4294901760
-6.8781128 -13.990497 -3.4560323 4294901760
-9.751359 -15.739596 -3.5149496 4294901760
-10.758243 -21.882914 -3.4468603 4294901760
-10.272204 -18.546814 -3.4973924 4294901760
-1.7498244 -3.1335099 -3.5003164 4294901760
-2.663084 -5.369453 -3.4930413 4294901760
-4.1249332 -7.3867521 -3.5024564 4294901760
-4.7592039 -9.5957632 -3.4630182 4294901760
-6.5544605 -11.737444 -3.5047765 4294901760
-6.9198384 -13.952149 -3.4550176 4294901760
-9.7999134 -15.695328 -3.5146444 4294901760
-10.999449 -22.177679 -3.4723425 4294901760
-10.32522 -18.489956 -3.4963984 4294901760
-10.155906 -23.268085 -3.3514671 4294901760
-1.7589732 -3.1242237 -3.4987867 4294901760
-2.6800873 -5.3566799 -3.4922228 4294901760
-4.1487694 -7.3688912 -3.5020359 4294901760
-4.797976 -9.5896959 -3.4652543 4294901760
-6.5934453 -11.711036 -3.504842 4294901760
-6.961381 -13.913685 -3.4540024 4294901760
-9.8482771 -15.650911 -3.5143387 4294901760
-11.044659 -22.074915 -3.4686115 4294901760
-10.383831 -18.44338 -3.49634 4294901760
-1.7693241 -3.1183736 -3.4989281 4294901760
-2.6943665 -5.3408847 -3.4903288 4294901760
-4.173183 -7.355093 -3.5023694 4294901760
-4.827971 -9.5702038 -3.4650714 4294901760
-6.6263704 -11.678753 -3.5038958 4294901760
-7.005692 -13.886972 -3.4541938 4294901760
-9.9086533 -15.631621 -3.516521 4294901760
-11.051304 -21.906351 -3.4598165 4294901760
-10.431164 -18.384573 -3.4949882 4294901760
-1.7861425 -3.1213076 -3.5041206 4294901760
-2.7121747 -5.3275409 -3.4895222 4294901760
-4.2020583 -7.343153 -3.50351 4294901760
-4.8630128 -9.5524454 -3.4655321 4294901760
-6.6730695 -11.661277 -3.5054662 4294901760
-7.0547352 -13.857658 -3.4544492 4294901760
-9.961587 -15.58849 -3.5166161 4294901760
-10.691613 -21.0016 -3.3967702 4294901760
-10.500453 -18.349682 -3.496223 4294901760
-1.793404 -3.1087732 -3.5009127 4294901760
-2.7342739 -5.324894 -3.4918947 4294901760
-4.2335453 -7.3386326 -3.5061777 4294901760
-4.8927169 -9.5283794 -3.4647715 4294901760
-6.7117515 -11.634475 -3.5055327 4294901760
-7.0976148 -13.822334 -3.4538467 4294901760
-10.003003 -15.533532 -3.5152264 4294901760
-11.153092 -21.720222 -3.4539587 4294901760
-10.478778 -18.164421 -3.4836559 4294901760
-1.8013403 -3.0999892 -3.499368 4294901760
-2.7527597 -5.3196993 -3.4931798 4294901760
-4.2546091 -7.3219047 -3.5057232 4294901760
-4.9226274 -9.5129614 -3.4651673 4294901760
-6.7402949 -11.599608 -3.5040658 4294901760
-7.1391773 -13.796437 -3.4540069 4294901760
-10.030087 -15.468613 -3.5123117 4294901760
-10.425628 -17.941826 -3.4672346 4294901760
-1.8132302 -3.09305 -3.4995322 4294901760
-2.7749491 -5.3125048 -3.4945145 4294901760
-4.2846756 -7.3088984 -3.5068834 4294901760
-4.9609485 -9.4974937 -3.4662519 4294901760
-6.7908053 -11.583913 -3.5061586 4294901760
-7.1957817 -13.775973 -3.4555364 4294901760
-10.045815 -15.36332 -3.5059323 4294901760
-11.326627 -21.684275 -3.4591351 4294901760
-10.440004 -17.808802 -3.4597337 4294901760
-1.824016 -3.0867016 -3.4996817 4294901760
-2.7898858 -5.29597 -3.4926324 4294901760
-4.3041759 -7.2837667 -3.5049195 4294901760
-4.992229 -9.4766226 -3.4660919 4294901760
-6.835237 -11.566969 -3.5077047 4294901760
-7.2364116 -13.736698 -3.4545202 4294901760
-10.110339 -15.344788 -3.5085161 4294901760
-11.413408 -21.665787 -3.4617279 4294901760
-1.8347796 -3.0803156 -3.4998314 4294901760
-2.7975121 -5.2657886 -3.4864926 4294901760
-4.3315825 -7.2720671 -3.5060453 4294901760
-5.0308409 -9.4696083 -3.4683347 4294901760
-6.8755722 -11.543038 -3.5082655 4294901760
-7.2824512 -13.70784 -3.4547455 4294901760
-10.205695 -15.372444 -3.5161707 4294901760
-11.477736 -21.604671 -3.4611487 4294901760
-10.768098 -18.077997 -3.4927936 4294901760
-1.8431188 -3.071106 -3.4982941 4294901760
-2.8149588 -5.2564826 -3.4867263 4294901760
-4.3536553 -7.2543001 -3.5056086 4294901760
-5.0603499 -9.4493895 -3.468154 4294901760
-6.9178963 -11.526979 -3.5097852 4294901760
-7.3278685 -13.683615 -3.4553533 4294901760
-10.263257 -15.348448 -3.5179977 4294901760
-11.596409 -21.654428 -3.4687257 4294901760
-10.846451 -18.072952 -3.4964504 4294901760
-1.8581165 -3.0705333 -3.501811 4294901760
-2.8378677 -5.2529078 -3.489114 4294901760
-4.3802147 -7.2382946 -3.50598 4294901760
-5.0949502 -9.4307785 -3.4686182 4294901760
-6.9559898 -11.494757 -3.5093887 4294901760
-7.3798633 -13.660165 -3.4564402 4294901760
-10.297185 -15.277704 -3.5151935 4294901760
-11.654838 -21.573162 -3.4668758 4294901760
-10.910556 -18.029667 -3.4970622 4294901760
-1.8677539 -3.0646803 -3.5019462 4294901760
-2.8561983 -5.2473497 -3.4904008 4294901760
-4.4049745 -7.2278471 -3.5070717 4294901760
-5.1245532 -9.4147253 -3.4690168 4294901760
-6.9879384 -11.46607 -3.5089076 4294901760
-7.4303474 -13.650884 -3.4586754 4294901760
-10.340658 -15.238686 -3.5151699 4294901760
-11.68631 -21.469851 -3.4627507 4294901760
-10.967144 -17.9953 -3.4978561 4294901760
-1.8751774 -3.0516372 -3.4987438 4294901760
-2.8791182 -5.2435994 -3.4927902 4294901760
-4.4314346 -7.2116547 -3.5074439 4294901760
-5.1590233 -9.3958807 -3.4694819 4294901760
-7.0278368 -11.437002 -3.5090046 4294901760
-7.4822412 -13.627046 -3.4597647 4294901760
-10.387444 -15.187536 -3.5145376 4294901760
-11.761076 -21.419882 -3.4632812 4294901760
-11.010064 -17.917624 -3.4953284 4294901760
-1.8871948 -3.0484843 -3.5005667 4294901760
-2.8927608 -5.2272825 -3.490895 4294901760
-4.4615188 -7.206924 -3.5101013 4294901760
-5.1901531 -9.3787212 -3.4699035 4294901760
-7.0678134 -11.417008 -3.5100329 4294901760
-7.5254641 -13.59868 -3.4599609 4294901760
-10.424196 -15.133328 -3.5131009 4294901760
-11.806926 -21.335375 -3.4607916 4294901760
-11.065224 -17.874235 -3.4955378 4294901760
-1.896436 -3.0384715 -3.4990444 4294901760
-2.9137774 -5.2200079 -3.4922202 4294901760
-4.4816732 -7.1805415 -3.5081539 4294901760
-5.2244925 -9.3596354 -3.4703698 4294901760
-7.1075106 -11.38766 -3.5101306 4294901760
-7.5713782 -13.56406 -3.4598072 4294901760
-10.493219 -15.114648 -3.5160968 4294901760
-11.892824 -21.305895 -3.4629147 4294901760
-11.117996 -17.813265 -3.4945776 4294901760
-1.9070307 -3.0318332 -3.4991946 4294901760
-2.9338706 -5.2131624 -3.4935336 4294901760
-4.5087996 -7.1681738 -3.5092833 4294901760
-5.2571325 -9.341341 -3.4708142 4294901760
-7.142992 -11.356062 -3.5097058 4294901760
-7.6245313 -13.547946 -3.4616969 4294901760
-10.543634 -15.074664 -3.5165141 4294901760
-12.004306 -21.33032 -3.4689758 4294901760
-11.190722 -17.79122 -3.4970322 4294901760
-1.9184859 -3.0288897 -3.5010107 4294901760
-2.9464343 -5.1972175 -3.4916258 4294901760
-4.5291977 -7.15066 -3.5088296 4294901760
-5.2786565 -9.3110266 -3.4688072 4294901760
-7.1786327 -11.333566 -3.5102131 4294901760
-7.6592107 -13.510087 -3.4606164 4294901760
-10.584063 -15.031696 -3.5161266 4294901760
-12.120458 -21.379284 -3.4765379 4294901760
-11.257227 -17.772816 -3.4994004 4294901760
-1.9256728 -3.015727 -3.4978075 4294901760
-2.9635518 -5.1830397 -3.4908206 4294901760
-4.5574875 -7.1373181 -3.5099776 4294901760
-5.3166723 -9.2984781 -3.4704781 4294901760
-7.2222614 -11.310525 -3.5113001 4294901760
-7.702755 -13.471567 -3.4600475 4294901760
-10.616037 -14.960322 -3.5133109 4294901760
-12.210621 -21.355501 -3.4792066 4294901760
-11.333021 -17.748238 -3.5019038 4294901760
-1.9337016 -3.0062752 -3.4962697 4294901760
-2.9788001 -5.1698461 -3.4899905 4294901760
-4.581131 -7.1221642 -3.5103161 4294901760
-5.3514247 -9.2876463 -3.4721057 4294901760
-7.2618756 -11.289847 -3.5123315 4294901760
-7.749372 -13.449395 -3.461076 4294901760
-10.654012 -14.908834 -3.5122328 4294901760
-12.267427 -21.290689 -3.4783149 4294901760
-11.385345 -17.700497 -3.5018008 4294901760
-1.9447063 -2.9991682 -3.4964278 4294901760
-2.9977272 -5.1588941 -3.4902513 4294901760
-4.600801 -7.0954547 -3.5083675 4294901760
-5.3834414 -9.264554 -3.471972 4294901760
-7.3032031 -11.263158 -3.5129251 4294901760
-7.7826266 -13.393395 -3.4584281 4294901760
-10.699269 -14.856759 -3.511595 4294901760
-12.15893 -20.924728 -3.4546123 4294901760
-11.421942 -17.615166 -3.4986339 4294901760
-1.9611125 -3.001466 -3.5016222 4294901760
-3.0157173 -5.1483984 -3.4905 4294901760
-4.627686 -7.0826344 -3.5094984 4294901760
-5.4117532 -9.238884 -3.4712133 4294901760
-7.3381343 -11.230952 -3.5125008 4294901760
-7.8273215 -13.362715 -3.4586575 4294901760
-10.755743 -14.825769 -3.5131021 4294901760
-12.377107 -21.130058 -3.4748142 4294901760
-11.492085 -17.588539 -3.5007803 4294901760
-12.248771 -23.469639 -3.4375594 4294901760
-1.9710552 -2.9949462 -3.5017657 4294901760
-3.0366893 -5.1450047 -3.4928694 4294901760
-4.6533041 -7.0705256 -3.510612 4294901760
-5.4524055 -9.2379065 -3.4746511 4294901760
-7.3731565 -11.203241 -3.5125432 4294901760
-7.8655262 -13.32641 -3.4580226 4294901760
-10.804849 -14.790021 -3.5138426 4294901760
-12.36801 -20.954882 -3.4653819 4294901760
-11.545964 -17.543671 -3.5009911 4294901760
-12.545852 -23.845749 -3.4670577 4294901760
-1.9820187 -2.9877017 -3.5019248 4294901760
-3.0535562 -5.1305289 -3.4920645 4294901760
-4.6748509 -7.046886 -3.5094376 4294901760
-5.4902711 -9.2246523 -3.4763269 4294901760
-7.4053941 -11.162916 -3.5111563 4294901760
-7.9041476 -13.280404 -3.4566193 4294901760
-10.85426 -14.743902 -3.5139327 4294901760
-12.505954 -21.012274 -3.4744556 4294901760
-11.588148 -17.468014 -3.4987652 4294901760
-12.569532 -23.679726 -3.4600151 4294901760
-1.9944508 -2.9837792 -3.5037582 4294901760
-3.0674837 -5.1132331 -3.4901803 4294901760
-4.701601 -7.0337853 -3.5105698 4294901760
-5.5204048 -9.2020435 -3.4761724 4294901760
-7.4465218 -11.140298 -3.5122178 4294901760
-7.9361358 -13.22886 -3.4543495 4294901760
-10.896173 -14.693129 -3.5132546 4294901760
-12.53817 -20.900059 -3.4701355 4294901760
-11.677856 -17.470545 -3.5037568 4294901760
-12.620089 -23.575876 -3.4570136 4294901760
-2.0043344 -2.9771488 -3.5039022 4294901760
-3.0864155 -5.1063294 -3.4914842 4294901760
-4.7205195 -7.0116491 -3.5093594 4294901760
-5.5529342 -9.1870689 -3.4772019 4294901760
-7.4789915 -11.10896 -3.5117645 4294901760
-7.9779043 -13.199067 -3.4545457 4294901760
-10.935305 -14.644151 -3.5125363 4294901760
-12.607409 -20.858366 -3.4711037 4294901760
-11.709008 -17.392038 -3.5008085 4294901760
-12.705783 -23.547949 -3.4590285 4294901760
-2.0147145 -2.970134 -3.5040541 4294901760
-3.1042213 -5.0955243 -3.4917338 4294901760
-4.744966 -6.9951282 -3.509717 4294901760
-5.5849695 -9.1676283 -3.4776511 4294901760
-7.5221782 -11.089352 -3.5133226 4294901760
-8.0156527 -13.157552 -3.4535239 4294901760
-10.969598 -14.58361 -3.5107617 4294901760
-12.673916 -20.804008 -3.4713216 4294901760
-11.774122 -17.357656 -3.5023277 4294901760
-2.0230243 -2.9600902 -3.5025237 4294901760
-3.1260202 -5.0912228 -3.4941182 4294901760
-4.7671409 -6.9752831 -3.509299 4294901760
-5.6148686 -9.1447096 -3.4774973 4294901760
-7.5586023 -11.059751 -3.5133939 4294901760
-8.0552893 -13.119325 -3.4529183 4294901760
-11.025249 -14.551578 -3.5122705 4294901760
-12.729753 -20.732433 -3.4702013 4294901760
-11.830142 -17.30987 -3.5025828 4294901760
-12.785389 -23.304682 -3.4505899 4294901760
-2.037456 -2.9589827 -3.5060401 4294901760
-3.1478255 -5.0868316 -3.4965036 4294901760
-4.7981324 -6.9682932 -3.5119839 4294901760
-5.6509128 -9.1317778 -3.4791546 4294901760
-7.6016607 -11.039838 -3.5149536 4294901760
-8.1031256 -13.09451 -3.4539807 4294901760
-11.095303 -14.538334 -3.5159717 4294901760
-12.734849 -20.579296 -3.4626534 4294901760
-11.908576 -17.294741 -3.5060029 4294901760
-12.864722 -23.256422 -3.4514475 4294901760
-2.045706 -2.948874 -3.5045099 4294901760
-3.1594479 -5.0660067 -3.4935517 4294901760
-4.817956 -6.9450574 -3.5107908 4294901760
-5.6806631 -9.1086416 -3.4790013 4294901760
-7.6378894 -11.009975 -3.5150254 4294901760
-8.1529942 -13.072893 -3.4554615 4294901760
-11.138701 -14.490044 -3.5156565 4294901760
-12.717924 -20.392515 -3.4524169 4294901760
-11.966602 -17.24979 -3.5065763 4294901760
-12.889437 -23.110271 -3.4455197 4294901760
-2.0559871 -2.941715 -3.5046623 4294901760
-3.179162 -5.0582085 -3.4948702 4294901760
-4.8421702 -6.9281969 -3.5111494 4294901760
-5.7145271 -9.092103 -3.480056 4294901760
-7.6671829 -10.970237 -3.5136075 4294901760
-8.2028093 -13.051087 -3.4569433 4294901760
-11.172146 -14.429029 -3.5138786 4294901760
-12.791151 -20.351372 -3.4536939 4294901760
-12.013041 -17.188307 -3.5055654 4294901760
-12.913288 -22.964233 -3.4395833 4294901760
-2.0719905 -2.9437742 -3.5098553 4294901760
-3.1938577 -5.044384 -3.4940407 4294901760
-4.8718901 -6.9217234 -3.5138185 4294901760
-5.7446465 -9.0731039 -3.4804847 4294901760
-7.708087 -10.951241 -3.5151403 4294901760
-8.2460442 -13.023815 -3.4575586 4294901760
-11.215036 -14.38562 -3.5138881 4294901760
-12.916203 -20.39987 -3.4618957 4294901760
-12.069972 -17.148376 -3.5064106 4294901760
-12.879158 -22.726801 -3.427031 4294901760
-2.0696726 -2.9187806 -3.4999104 4294901760
-3.2114465 -5.0332041 -3.4942918 4294901760
-4.9028287 -6.9142737 -3.5165069 4294901760
-5.78266 -9.0629902 -3.4827495 4294901760
-7.7370868 -10.91132 -3.5137215 4294901760
-8.2743425 -12.96813 -3.4548645 4294901760
-11.257805 -14.336988 -3.5135705 4294901760
-12.961579 -20.314295 -3.4596906 4294901760
-12.879202 -22.543066 -3.418402 4294901760
-2.0777409 -2.9085882 -3.4983792 4294901760
-3.226913 -5.0187235 -3.4934747 4294901760
-4.929215 -6.9003096 -3.5176437 4294901760
-5.8142605 -9.0427494 -3.483202 4294901760
-7.7751274 -10.884246 -3.5142899 4294901760
-8.3131075 -12.929132 -3.454258 4294901760
-11.312722 -14.303849 -3.5150824 4294901760
-13.0432 -20.285707 -3.4620473 4294901760
-12.143049 -16.998812 -3.5018446 4294901760
-12.983715 -22.542938 -3.422641 4294901760
-2.094234 -2.9101453 -3.503581 4294901760
-3.2423177 -5.0041966 -3.4926579 4294901760
-4.9555621 -6.8862443 -3.5187807 4294901760
-5.8436418 -9.019083 -3.4830499 4294901760
-7.8084383 -10.850598 -3.513864 4294901760
-8.3560247 -12.896698 -3.4544871 4294901760
-11.360103 -14.261157 -3.5154967 4294901760
-13.122611 -20.25345 -3.464138 4294901760
-12.22327 -16.985445 -3.5055904 4294901760
-13.11043 -22.580332 -3.4295604 4294901760
-2.1022518 -2.8998823 -3.5020502 4294901760
-3.2618723 -4.9960732 -3.4939775 4294901760
-4.9795694 -6.8689041 -3.5191417 4294901760
-5.8750896 -8.9986296 -3.4835029 4294901760
-7.8392797 -10.813638 -3.5129406 4294901760
-8.4009933 -12.867451 -3.4551349 4294901760
-11.399846 -14.208992 -3.514812 4294901760
-13.210682 -20.234249 -3.4673064 4294901760
-12.287168 -16.949129 -3.5071163 4294901760
-13.449286 -22.978849 -3.4620419 4294901760
-2.1123614 -2.8925264 -3.5022025 4294901760
-3.2835259 -4.9910927 -3.4963667 4294901760
-5.0012035 -6.8483133 -3.5187259 4294901760
-5.9021206 -8.9714632 -3.4827461 4294901760
-7.8722982 -10.779798 -3.5125139 4294901760
-8.4436722 -12.834724 -3.4553647 4294901760
-11.449376 -14.169111 -3.5155923 4294901760
-13.285618 -20.194677 -3.468864 4294901760
-12.339202 -16.896477 -3.5070534 4294901760
-13.172418 -22.326664 -3.4202914 4294901760
-2.1160002 -2.8763752 -3.497304 4294901760
-3.3009272 -4.9796014 -3.496619 4294901760
-5.0250769 -6.8308153 -3.5190868 4294901760
-5.9399495 -8.9606895 -3.4850149 4294901760
-7.9004717 -10.73947 -3.5110915 4294901760
-8.4774323 -12.7886 -3.4539201 4294901760
-11.496249 -14.125974 -3.516006 4294901760
-13.360435 -20.154835 -3.4704227 4294901760
-12.386292 -16.837248 -3.5063541 4294901760
-13.391053 -22.517286 -3.4381881 4294901760
-2.1303446 -2.8747966 -3.5008237 4294901760
-3.3182893 -4.9680486 -3.4968712 4294901760
-5.0512252 -6.8163829 -3.5202255 4294901760
-5.9668026 -8.9333277 -3.4842584 4294901760
-7.9402738 -10.715014 -3.5121574 4294901760
-8.5198135 -12.755623 -3.4541492 4294901760
-11.542962 -14.082677 -3.5164196 4294901760
-13.412977 -20.08153 -3.4692888 4294901760
-12.41888 -16.758675 -3.5037441 4294901760
-13.701488 -22.857294 -3.4668386 4294901760
-2.1403666 -2.8673427 -3.5009763 4294901760
-3.3356106 -4.9564357 -3.497124 4294901760
-5.0773349 -6.8018527 -3.5213645 4294901760
-6.0023618 -8.9190025 -3.4859235 4294901760
-7.9752545 -10.684052 -3.5122278 4294901760
-8.5598459 -12.719208 -3.4539597 4294901760
-11.581907 -14.030012 -3.5157323 4294901760
-13.494132 -20.05114 -3.4716573 4294901760
-12.462994 -16.696053 -3.502723 4294901760
-13.843121 -22.911827 -3.4752738 4294901760
-2.1547198 -2.8656487 -3.5044973 4294901760
-3.3528917 -4.9447613 -3.4973764 4294901760
-5.0916181 -6.7715483 -3.5186157 4294901760
-6.0312409 -8.8947239 -3.4857726 4294901760
-8.0244236 -10.672005 -3.5152876 4294901760
-8.6019602 -12.685957 -3.4541891 4294901760
-11.618081 -13.974186 -3.5146763 4294901760
-13.557323 -19.994003 -3.4718704 4294901760
-12.530782 -16.665194 -3.5048857 4294901760
-13.879413 -22.791767 -3.471266 4294901760
-2.1615243 -2.8559749 -3.5029507 4294901760
-3.3705812 -4.9373846 -3.4986737 4294901760
-5.1104994 -6.7523913 -3.5181634 4294901760
-6.0569267 -8.8724689 -3.4855762 4294901760
-8.0459385 -10.630923 -3.5133085 4294901760
-8.6305609 -12.642448 -3.4526765 4294901760
-11.656814 -13.931509 -3.5146434 4294901760
-13.62682 -19.961201 -3.4736004 4294901760
-12.5518 -16.584419 -3.5015433 4294901760
-13.892515 -22.652773 -3.4654303 4294901760
-2.1741755 -2.8509159 -3.5047956 4294901760
-3.3908389 -4.9281712 -3.5000091 4294901760
-5.1328349 -6.7304964 -3.5177648 4294901760
-6.0894055 -8.8502102 -3.4860539 4294901760
-8.0704107 -10.582431 -3.5109148 4294901760
-8.6745863 -12.607455 -3.4529378 4294901760
-11.707797 -13.888692 -3.5154619 4294901760
-13.641083 -19.825653 -3.4676533 4294901760
-12.5714 -16.484411 -3.4970543 4294901760
-2.1747856 -2.8321896 -3.4982026 4294901760
-3.4027739 -4.9105682 -3.4981103 4294901760
-5.1575136 -6.7165499 -3.5188866 4294901760
-6.1187191 -8.8299685 -3.4864864 4294901760
-8.1078749 -10.55876 -3.5119534 4294901760
-8.7208738 -12.585157 -3.4543929 4294901760
-11.753787 -13.849792 -3.5162029 4294901760
-13.624931 -19.662239 -3.4588935 4294901760
-12.635706 -16.455282 -3.4991715 4294901760
-13.005566 -20.878075 -3.3465421 4294901760
-2.1890953 -2.8303154 -3.5017247 4294901760
-3.4265103 -4.9081345 -3.5015736 4294901760
-5.1809292 -6.6985044 -3.5192485 4294901760
-6.1472445 -8.805315 -3.4863355 4294901760
-8.1422567 -10.527251 -3.5120234 4294901760
-8.7693081 -12.561159 -3.4558821 4294901760
-11.791714 -13.796565 -3.515511 4294901760
-13.679783 -19.594925 -3.4582856 4294901760
-12.61746 -16.313313 -3.4901621 4294901760
-14.005869 -22.309961 -3.4545732 4294901760
-2.198961 -2.8226571 -3.5018775 4294901760
-3.4391892 -4.889843 -3.4996872 4294901760
-5.1970477 -6.6710978 -3.5172749 4294901760
-6.1756673 -8.780571 -3.4861846 4294901760
-8.1813917 -10.501898 -3.5130913 4294901760
-8.8199635 -12.540233 -3.457792 4294901760
-11.842396 -13.758342 -3.5166588 4294901760
-13.741208 -19.537264 -3.4584877 4294901760
-12.791929 -16.420132 -3.5063746 4294901760
-14.179697 -22.412743 -3.4667056 4294901760
-2.2020867 -2.8064077 -3.4969754 4294901760
-3.4540105 -4.8746657 -3.4988708 4294901760
-5.2275658 -6.6621723 -3.5199726 4294901760
-6.2039957 -8.7557354 -3.4860337 4294901760
-8.2204504 -10.476397 -3.5141599 4294901760
-8.8751793 -12.525594 -3.4605434 4294901760
-11.879916 -13.704882 -3.5159659 4294901760
-13.86469 -19.56732 -3.4659996 4294901760
-12.876241 -16.409882 -3.5107799 4294901760
-12.871547 -20.18873 -3.3094325 4294901760
-2.2168546 -2.8040059 -3.5005062 4294901760
-3.4718535 -4.8619733 -3.4991374 4294901760
-5.2543817 -6.6460452 -3.5211318 4294901760
-6.2360444 -8.7329378 -3.4865124 4294901760
-8.25387 -10.439972 -3.5137594 4294901760
-8.9187164 -12.489744 -3.460808 4294901760
-11.919589 -13.64925 -3.5153105 4294901760
-13.94095 -19.522865 -3.4676113 4294901760
-12.901684 -16.318794 -3.5072405 4294901760
-14.080718 -21.907736 -3.4395494 4294901760
-2.2216253 -2.7909663 -3.4972806 4294901760
-3.4947038 -4.8598146 -3.5025904 4294901760
-5.276392 -6.6285844 -3.5214763 4294901760
-6.2672777 -8.7154188 -3.4875526 4294901760
-8.2785606 -10.400126 -3.5123022 4294901760
-8.9461546 -12.440726 -3.4589047 4294901760
-11.964785 -13.609647 -3.5160506 4294901760
-13.898454 -19.327505 -3.4561102 4294901760
-12.943314 -16.260324 -3.5064869 4294901760
-14.246575 -22.005011 -3.4511487 4294901760
-2.2336221 -2.7860224 -3.499119 4294901760
-3.507127 -4.8413472 -3.5007033 4294901760
-5.3019514 -6.6131849 -3.5226181 4294901760
-6.2953434 -8.6902885 -3.4874022 4294901760
-8.3297071 -10.389739 -3.5158696 4294901760
-8.9778614 -12.393319 -3.4574535 4294901760
-12.00694 -13.561835 -3.5160923 4294901760
-13.944767 -19.24979 -3.4546816 4294901760
-12.965082 -16.171495 -3.5028956 4294901760
-13.819467 -21.182856 -3.3954999 4294901760
-2.2506523 -2.7862775 -3.5043368 4294901760
-3.524848 -4.8284602 -3.5009706 4294901760
-5.3236899 -6.5906572 -3.5222199 4294901760
-6.3318138 -8.6735411 -3.4890964 4294901760
-8.3577576 -10.346792 -3.5144691 4294901760
-9.0185347 -12.353906 -3.4572957 4294901760
-12.053916 -13.514764 -3.5165412 4294901760
-13.554091 -18.56687 -3.4025431 4294901760
-13.06936 -16.179693 -3.5095925 4294901760
-13.88824 -21.118721 -3.3956366 4294901760
-2.2548211 -2.7735672 -3.5011032 4294901760
-3.5422812 -4.8204675 -3.5022709 4294901760
-5.356741 -6.5891171 -3.5264444 4294901760
-6.3520103 -8.6440506 -3.4876854 4294901760
-8.3902225 -10.320484 -3.514982 4294901760
-9.0525923 -12.319102 -3.4570398 4294901760
-12.090993 -13.4709 -3.516504 4294901760
-13.595816 -18.50169 -3.4015229 4294901760
-13.120127 -16.138554 -3.5103946 4294901760
-14.011819 -21.161518 -3.4029932 4294901760
-2.2690816 -2.7712901 -3.5046284 4294901760
-3.5522096 -4.7987857 -3.4993117 4294901760
-5.3821917 -6.5734143 -3.5275879 4294901760
-6.3774395 -8.6154728 -3.4869268 4294901760
-8.4161386 -10.278855 -3.513551 4294901760
-9.0884371 -12.277841 -3.4564276 4294901760
-12.132598 -13.422706 -3.5165443 4294901760
-13.643692 -18.431669 -3.4005985 4294901760
-13.176377 -16.092661 -3.511286 4294901760
-14.07452 -21.095882 -3.4028339 4294901760
-2.2750912 -2.7569647 -3.501425 4294901760
-3.5706098 -4.7851105 -3.4995916 4294901760
-5.4123855 -6.5587506 -3.5295484 4294901760
-6.4057465 -8.5845861 -3.4862134 4294901760
-8.4631214 -10.255645 -3.5156789 4294901760
-9.1307583 -12.236478 -3.4563012 4294901760
-12.165275 -13.355411 -3.5148144 4294901760
-13.733457 -18.40473 -3.4038494 4294901760
-13.197471 -15.992748 -3.5071347 4294901760
-14.155417 -21.041681 -3.4040132 4294901760
-2.2800672 -2.7434294 -3.4982054 4294901760
-3.5919209 -4.7787747 -3.5019896 4294901760
-5.4352484 -6.5398159 -3.5299132 4294901760
-6.4356751 -8.562171 -3.4866705 4294901760
-8.5039444 -10.232141 -3.5172505 4294901760
-9.1710291 -12.201349 -3.4565308 4294901760
-12.217208 -13.318731 -3.5163312 4294901760
-13.742479 -18.283312 -3.3985703 4294901760
-13.273605 -15.971107 -3.5105917 4294901760
-14.237744 -21.005356 -3.4060719 4294901760
-2.2933261 -2.7418149 -3.5017164 4294901760
-3.602267 -4.7613239 -3.5000756 4294901760
-5.4456997 -6.510675 -3.5271206 4294901760
-6.4577718 -8.5356092 -3.4858654 4294901760
-8.5258627 -10.193203 -3.5157614 4294901760
-9.2093124 -12.17248 -3.4571168 4294901760
-12.253584 -13.274434 -3.5162919 4294901760
-14.370425 -18.994221 -3.4639752 4294901760
-13.328829 -15.935449 -3.5120358 4294901760
-14.312661 -20.973717 -3.4080253 4294901760
-2.3005474 -2.7310205 -3.5001831 4294901760
-3.6235349 -4.754848 -3.5024743 4294901760
-5.4582853 -6.4796267 -3.5243638 4294901760
-6.4875274 -8.5130148 -3.4863224 4294901760
-8.5613918 -10.16338 -3.5163319 4294901760
-9.2517471 -12.140259 -3.4577684 4294901760
-12.30527 -13.237413 -3.5178094 4294901760
-14.451154 -18.962984 -3.4666266 4294901760
-13.340708 -15.836989 -3.5074661 4294901760
-14.397094 -20.940073 -3.4103348 4294901760
-2.3100662 -2.7229733 -3.5003364 4294901760
-3.6330738 -4.7330041 -3.4995131 4294901760
-5.4757948 -6.4545522 -3.5231662 4294901760
-6.5172038 -8.4903173 -3.4867795 4294901760
-8.5968161 -10.133433 -3.5169024 4294901760
-9.2964888 -12.111045 -3.4588423 4294901760
-12.348679 -13.191471 -3.5182176 4294901760
-14.497821 -18.887104 -3.4654641 4294901760
-13.390749 -15.784245 -3.5077121 4294901760
-14.472373 -20.892969 -3.4116588 4294901760
-2.3172023 -2.7121365 -3.4988027 4294901760
-3.6589983 -4.7324829 -3.5040574 4294901760
-5.5033884 -6.4413629 -3.5250912 4294901760
-6.5492191 -8.4706421 -3.4878454 4294901760
-8.6295586 -10.100344 -3.5169716 4294901760
-9.3411417 -12.081666 -3.4599168 4294901760
-12.375528 -13.127998 -3.5164034 4294901760
-14.610036 -18.896358 -3.471664 4294901760
-13.469072 -15.764685 -3.5114956 4294901760
-14.588621 -20.904522 -3.4174333 4294901760
-2.3271267 -2.7036262 -3.4989636 4294901760
-3.6715832 -4.7129641 -3.5021811 4294901760
-5.5218415 -6.4152045 -3.5239115 4294901760
-6.5777903 -8.4434662 -3.4877172 4294901760
-8.6716957 -10.074665 -3.5185738 4294901760
-9.3780251 -12.037938 -3.4593351 4294901760
-12.415331 -13.073892 -3.5161078 4294901760
-14.664477 -18.823801 -3.4710984 4294901760
-13.534563 -15.724281 -3.5133963 4294901760
-14.561795 -20.703985 -3.4074371 4294901760
-2.3403571 -2.7017815 -3.5024762 4294901760
-3.6887496 -4.7044358 -3.5034835 4294901760
-5.5394015 -6.3948593 -3.523458 4294901760
-6.6018472 -8.4196463 -3.48752 4294901760
-8.7007093 -10.044372 -3.5185864 4294901760
-9.4084387 -11.999025 -3.4586551 4294901760
-12.46185 -13.04058 -3.5175481 4294901760
-14.610291 -18.633192 -3.4594536 4294901760
-13.578678 -15.675653 -3.5135546 4294901760
-14.961247 -21.130524 -3.4442961 4294901760
-2.3573937 -2.70138 -3.5076997 4294901760
-3.7083542 -4.6939073 -3.5048249 4294901760
-5.5602226 -6.3715591 -3.5230587 4294901760
-6.6277604 -8.3891907 -3.4867821 4294901760
-8.7322435 -10.006435 -3.5181825 4294901760
-9.4572821 -11.970702 -3.4601853 4294901760
-12.504036 -12.989079 -3.5176222 4294901760
-14.750216 -18.670317 -3.4684427 4294901760
-13.625552 -15.613767 -3.513202 4294901760
-15.031632 -21.065798 -3.4447076 4294901760
-18.466476 -19.18281 -3.3832562 4294901760
-2.3639467 -2.6908245 -3.5061586 4294901760
-3.7286956 -4.6876135 -3.5072138 4294901760
-5.5761433 -6.3471918 -3.5218413 4294901760
-6.6580043 -8.3702602 -3.4878261 4294901760
-8.7575216 -9.9684801 -3.5172191 4294901760
-9.4969273 -11.939277 -3.4608054 4294901760
-12.558126 -12.958984 -3.5198438 4294901760
-14.797147 -18.602566 -3.4677694 4294901760
-13.690412 -15.58347 -3.5156598 4294901760
-15.09442 -21.006113 -3.4450092 4294901760
-2.3709226 -2.679841 -3.5046248 4294901760
-3.7402186 -4.6685567 -3.5053241 4294901760
-5.6060619 -6.3365011 -3.524549 4294901760
-6.687181 -8.3469677 -3.4882841 4294901760
-8.7975235 -9.9437923 -3.5187938 4294901760
-9.5236254 -11.887429 -3.4589207 4294901760
-12.586596 -12.897966 -3.5183942 4294901760
-14.85201 -18.538342 -3.4676926 4294901760
-13.718307 -15.505729 -3.5133271 4294901760
-15.15595 -20.937126 -3.444869 4294901760
-2.3831408 -2.6738396 -3.5064743 4294901760
-3.7524662 -4.6488223 -3.5034466 4294901760
-5.6292486 -6.3159118 -3.5249312 4294901760
-6.7152472 -8.3193264 -3.4881554 4294901760
-8.8365507 -9.914444 -3.5198958 4294901760
-9.5721283 -11.858634 -3.4604521 4294901760
-12.630993 -12.848907 -3.5188382 4294901760
-14.882264 -18.437208 -3.4646537 4294901760
-13.772394 -15.45237 -3.5139394 4294901760
-15.199651 -20.836287 -3.442549 4294901760
-2.3895738 -2.6632237 -3.5049326 4294901760
-3.7630031 -4.630374 -3.5015428 4294901760
-5.6396852 -6.285532 -3.5221496 4294901760
-6.7403069 -8.2939444 -3.4879806 4294901760
-8.86938 -9.8850861 -3.5204384 4294901760
-9.6063843 -11.820652 -3.4602258 4294901760
-12.684738 -12.818273 -3.5210617 4294901760
-14.938291 -18.381561 -3.4650705 4294901760
-13.815575 -15.39771 -3.5138168 4294901760
-15.245031 -20.753595 -3.4411082 4294901760
-2.3988557 -2.654866 -3.5050867 4294901760
-3.7815828 -4.6201911 -3.5028722 4294901760
-5.6694803 -6.274538 -3.524859 4294901760
-6.7717199 -8.2734241 -3.489049 4294901760
-8.9038315 -9.8540649 -3.5210099 4294901760
-9.6450682 -11.78397 -3.4604552 4294901760
-12.729405 -12.773916 -3.5218387 4294901760
-15.025108 -18.357094 -3.4685531 4294901760
-13.861219 -15.340514 -3.5137382 4294901760
-15.326881 -20.713091 -3.4431996 4294901760
-2.4134505 -2.6514177 -3.508625 4294901760
-3.8009419 -4.609272 -3.504215 4294901760
-5.6897988 -6.2508154 -3.5244589 4294901760
-6.8019977 -8.2485495 -3.4895301 4294901760
-8.929204 -9.8096275 -3.519599 4294901760
-9.6983147 -11.760814 -3.4628356 4294901760
-12.773317 -12.724363 -3.5222826 4294901760
-15.160832 -18.385021 -3.4770274 4294901760
-13.879781 -15.248333 -3.5101483 4294901760
-15.364514 -20.605572 -3.4403729 4294901760
-2.4173312 -2.6380548 -3.5053945 4294901760
-3.816205 -4.5966434 -3.5044584 4294901760
-5.7104959 -6.2319145 -3.5248046 4294901760
-6.8242621 -8.2198677 -3.488745 4294901760
-8.9536419 -9.7711887 -3.5186324 4294901760
-9.7347193 -11.725531 -3.4630327 4294901760
-12.804116 -12.670733 -3.5215323 4294901760
-15.313472 -18.445173 -3.4878795 4294901760
-13.924881 -15.196346 -3.5103447 4294901760
-15.578961 -20.749237 -3.4565966 4294901760
-2.4236078 -2.6273594 -3.5038524 4294901760
-3.8264866 -4.5780516 -3.5025537 4294901760
-5.7337894 -6.2158265 -3.5259326 4294901760
-6.8540187 -8.2002249 -3.4897912 4294901760
-8.9886847 -9.74436 -3.5196774 4294901760
-9.7684488 -11.687081 -3.462806 4294901760
-12.843225 -12.625412 -3.5218973 4294901760
-15.343847 -18.357552 -3.4855611 4294901760
-13.996823 -15.17353 -3.5137753 4294901760
-15.695831 -20.761147 -3.4626291 4294901760
-2.4376988 -2.6241956 -3.5073838 4294901760
-3.8449244 -4.5676136 -3.5038841 4294901760
-5.7421041 -6.1814046 -3.5223832 4294901760
-6.8800554 -8.1732254 -3.489639 4294901760
-9.0334473 -9.7245531 -3.5222614 4294901760
-9.8040619 -11.646826 -3.4626112 4294901760
-12.892918 -12.586068 -3.5234179 4294901760
-15.227956 -18.090191 -3.4673512 4294901760
-14.05513 -15.13042 -3.5153115 4294901760
-15.826247 -20.782448 -3.4697213 4294901760
-2.4423468 -2.6099494 -3.5041678 4294901760
-3.8641315 -4.556428 -3.5052276 4294901760
-5.7593622 -6.1545901 -3.521199 4294901760
-6.9022961 -8.1389093 -3.4882877 4294901760
-9.0690298 -9.6913786 -3.5228615 4294901760
-9.8466845 -11.610813 -3.4632976 4294901760
-12.930381 -12.530413 -3.5231154 4294901760
-15.317386 -18.061644 -3.4708922 4294901760
-14.113216 -15.081715 -3.5165689 4294901760
-15.936332 -20.768637 -3.4743841 4294901760
-2.4514422 -2.6014078 -3.5043218 4294901760
-3.8800128 -4.5429115 -3.5054841 4294901760
-5.7781196 -6.1315928 -3.5207789 4294901760
-6.9280977 -8.1117611 -3.4881351 4294901760
-9.0891962 -9.6452227 -3.5209148 4294901760
-9.8819876 -11.570322 -3.4631023 4294901760
-12.97117 -12.482437 -3.5235181 4294901760
-14.130231 -14.994638 -3.5132463 4294901760
-15.383813 -19.904329 -3.411613 4294901760
-2.4625506 -2.5958946 -3.5061572 4294901760
-3.8950565 -4.5300202 -3.505728 4294901760
-5.8038206 -6.1180897 -3.5226901 4294901760
-6.9575357 -8.0917387 -3.4891815 4294901760
-9.1211329 -9.6150293 -3.521457 4294901760
-9.9177103 -11.534474 -3.4632986 4294901760
-13.009614 -12.436603 -3.5238819 4294901760
-15.426965 -17.941835 -3.471499 4294901760
-14.185366 -14.953484 -3.5147376 4294901760
-16.038107 -20.609276 -3.4725702 4294901760
-2.4690928 -2.584661 -3.504622 4294901760
-3.9083238 -4.513484 -3.5049098 4294901760
-5.8332701 -6.1063013 -3.5254033 4294901760
-6.9857388 -8.0674028 -3.48964 4294901760
-9.1491575 -9.5773916 -3.5210199 4294901760
-9.9579124 -11.499784 -3.4639523 4294901760
-13.02984 -12.36918 -3.5216727 4294901760
-15.460767 -17.854694 -3.469485 4294901760
-14.237476 -14.903874 -3.5156255 4294901760
-15.427827 -19.682909 -3.4044638 4294901760
-19.542948 -18.55205 -3.4167604 4294901760
-2.4810636 -2.5782063 -3.5064731 4294901760
-3.9248407 -4.4991293 -3.5051792 4294901760
-5.8447332 -6.0735765 -3.5226512 4294901760
-7.0100656 -8.0357885 -3.4888985 4294901760
-9.1924534 -9.5523729 -3.5231314 4294901760
-10.002609 -11.466207 -3.4650638 4294901760
-13.080886 -12.326802 -3.5232317 4294901760
-15.499874 -17.767839 -3.4677942 4294901760
-14.280951 -14.840103 -3.5152595 4294901760
-15.895711 -20.127459 -3.4456 4294901760
-19.610815 -18.480295 -3.417979 4294901760
-2.4921219 -2.5725682 -3.5083094 4294901760
-3.9397388 -4.4860892 -3.5054231 4294901760
-5.862112 -6.0513425 -3.5222123 4294901760
-7.0314579 -8.0065584 -3.4881105 4294901760
-9.2185583 -9.5161362 -3.5226653 4294901760
-10.040578 -11.432973 -3.4656851 4294901760
-13.124599 -12.286077 -3.5243406 4294901760
-15.574508 -17.734331 -3.4704123 4294901760
-14.346727 -14.809844 -3.5180504 4294901760
-15.96734 -20.080887 -3.4471436 4294901760
-2.501087 -2.5638535 -3.5084636 4294901760
-3.9630303 -4.4809661 -3.5089059 4294901760
-5.8886781 -6.0364585 -3.524143 4294901760
-7.056746 -7.9790049 -3.487957 4294901760
-9.2461786 -9.4782181 -3.522227 4294901760
-10.072522 -11.388919 -3.4650633 4294901760
-13.167406 -12.24019 -3.5251145 4294901760
-15.710337 -17.763548 -3.4791555 4294901760
-14.412255 -14.773942 -3.5205629 4294901760
-16.11968 -20.127848 -3.4565055 4294901760
-2.502399 -2.5473495 -3.5035477 4294901760
-3.9735229 -4.4613528 -3.5070121 4294901760
-5.9069633 -6.0130701 -3.5237224 4294901760
-7.0819249 -7.9513731 -3.487803 4294901760
-9.2847672 -9.4515495 -3.5238068 4294901760
-10.112213 -11.35369 -3.4657171 4294901760
-13.204196 -12.188752 -3.5251408 4294901760
-15.899632 -17.851631 -3.493432 4294901760
-14.455354 -14.715015 -3.5204771 4294901760
-15.630964 -19.37859 -3.4017293 4294901760
-2.5189242 -2.5463307 -3.5087724 4294901760
-3.9839275 -4.4417205 -3.5051174 4294901760
-5.925158 -5.989625 -3.5233011 4294901760
-7.1201925 -7.9383736 -3.49071 4294901760
-9.3121204 -9.4134388 -3.5233679 4294901760
-10.149128 -11.315364 -3.4659455 4294901760
-13.249599 -12.145278 -3.5262883 4294901760
-15.956519 -17.790081 -3.4939077 4294901760
-14.49822 -14.655964 -3.5203903 4294901760
-15.708578 -19.3363 -3.4037991 4294901760
-2.5252388 -2.5349543 -3.5072362 4294901760
-4.0019894 -4.430645 -3.5064502 4294901760
-5.9432616 -5.9661279 -3.5228798 4294901760
-7.1505084 -7.9164033 -3.491781 4294901760
-9.3505239 -9.3864994 -3.5249484 4294901760
-10.188564 -11.279866 -3.4665995 4294901760
-13.294857 -12.101635 -3.5274363 4294901760
-16.007822 -17.722429 -3.4938297 4294901760
-14.557731 -14.61374 -3.5222545 4294901760
-16.483765 -20.1464 -3.475127 4294901760
-2.5357568 -2.5295687 -3.5090654 4294901760
-4.0210714 -4.4237509 -3.5088334 4294901760
-5.9647527 -5.9501963 -3.5239909 4294901760
-7.1700273 -7.8880506 -3.4909689 4294901760
-9.3799677 -9.3570776 -3.5254622 4294901760
-10.221276 -11.244859 -3.4667621 4294901760
-13.318045 -12.04645 -3.5262613 4294901760
-16.05537 -17.663193 -3.4939246 4294901760
-14.603571 -14.567933 -3.5230544 4294901760
-16.453091 -19.980501 -3.4668412 4294901760
-2.5445714 -2.5207016 -3.5092199 4294901760
-4.0338879 -4.4068465 -3.5080147 4294901760
-5.9854865 -5.9293389 -3.5243537 4294901760
-7.1921802 -7.8571434 -3.4902024 4294901760
-9.4069347 -9.3186922 -3.5250223 4294901760
-10.260465 -11.20911 -3.467416 4294901760
-13.377789 -12.015853 -3.5292804 4294901760
-14.654334 -14.516868 -3.5239429 4294901760
-16.487059 -19.879927 -3.4644339 4294901760
-19.978722 -17.944771 -3.4205151 4294901760
-2.5430167 -2.5016351 -3.5026107 4294901760
-4.044024 -4.3870749 -3.506119 4294901760
-6.0033507 -5.9056606 -3.523932 4294901760
-7.2195625 -7.8319917 -3.4906609 4294901760
-9.4394035 -9.2858009 -3.5255928 4294901760
-10.291442 -11.164456 -3.4667909 4294901760
-13.416677 -11.966435 -3.5296793 4294901760
-15.991676 -17.348238 -3.4768646 4294901760
-14.690704 -14.45165 -3.5232024 4294901760
-16.561466 -19.828388 -3.4660447 4294901760
-2.551734 -2.4927423 -3.5027645 4294901760
-4.0540729 -4.3672848 -3.5042229 4294901760
-6.0211239 -5.8819261 -3.5235097 4294901760
-7.2441697 -7.8038445 -3.4905064 4294901760
-9.4689236 -9.2500191 -3.5256577 4294901760
-10.324942 -11.122633 -3.4665916 4294901760
-13.434516 -11.8984 -3.5274544 4294901760
-16.076572 -17.318626 -3.4803753 4294901760
-14.73536 -14.394704 -3.5234382 4294901760
-16.574053 -19.703245 -3.4616184 4294901760
-19.909201 -17.632765 -3.4075153 4294901760
-2.5656242 -2.4888685 -3.5063004 4294901760
-4.0771842 -4.3615479 -3.5077095 4294901760
-6.0275426 -5.8472166 -3.5199463 4294901760
-7.2740655 -7.7813964 -3.4915781 4294901760
-9.5182447 -9.2334871 -3.529263 4294901760
-10.363705 -11.086523 -3.4672451 4294901760
-13.487932 -11.861955 -3.5297258 4294901760
-16.068806 -17.189528 -3.4744585 4294901760
-14.794104 -14.351508 -3.5253041 4294901760
-2.566463 -2.4723525 -3.5013804 4294901760
-4.0871029 -4.341681 -3.5058129 4294901760
-6.047915 -5.8261418 -3.520308 4294901760
-7.2930541 -7.7473259 -3.4901965 4294901760
-9.5304108 -9.1809378 -3.5262923 4294901760
-10.391435 -11.038699 -3.4661911 4294901760
-13.517253 -11.804324 -3.5289977 4294901760
-15.693831 -16.671373 -3.4313431 4294901760
-14.815392 -14.272122 -3.5229282 4294901760
-16.682699 -19.553658 -3.4610581 4294901760
-2.5724583 -2.4608734 -3.4998424 4294901760
-4.1101837 -4.3357749 -3.5093007 4294901760
-6.0710506 -5.8077083 -3.5214555 4294901760
-7.322772 -7.724689 -3.4912684 4294901760
-9.5624018 -9.1476154 -3.5268621 4294901760
-10.427167 -10.999473 -3.4664166 4294901760
-13.573422 -11.770114 -3.5316453 4294901760
-15.655848 -16.515133 -3.4226091 4294901760
-14.879528 -14.234101 -3.5254471 4294901760
-16.813288 -19.56797 -3.4682128 4294901760
-2.5810325 -2.4518783 -3.4999959 4294901760
-4.1146536 -4.310256 -3.5052493 4294901760
-6.0912862 -5.7864799 -3.5218172 4294901760
-7.344233 -7.6933632 -3.4904993 4294901760
-9.5913963 -9.1114454 -3.5269258 4294901760
-10.460007 -10.957254 -3.4662151 4294901760
-13.614424 -11.722662 -3.5324173 4294901760
-15.732686 -16.480587 -3.4255345 4294901760
-14.92623 -14.179326 -3.5260072 4294901760
-16.907612 -19.539347 -3.4718442 4294901760
-2.5895755 -2.4428542 -3.5001493 4294901760
-4.1296744 -4.295867 -3.505506 4294901760
-6.1114478 -5.765183 -3.5221791 4294901760
-7.3765211 -7.6733785 -3.4921854 4294901760
-9.6231432 -9.0779114 -3.5274956 4294901760
-10.500947 -10.923542 -3.4672949 4294901760
-13.643154 -11.664715 -3.5316868 4294901760
-16.268526 -16.923229 -3.4746194 4294901760
-14.981438 -14.132613 -3.5275478 4294901760
-16.933752 -19.432058 -3.4689155 4294901760
-2.5954413 -2.4313211 -3.4986105 4294901760
-4.1473241 -4.284193 -3.5068402 4294901760
-6.1229472 -5.7357688 -3.5201828 4294901760
-7.4060125 -7.6504235 -3.493258 4294901760
-9.6460848 -9.0361252 -3.5265453 4294901760
-10.527951 -10.875391 -3.4662373 4294901760
-13.677714 -11.611864 -3.5317061 4294901760
-16.291422 -16.829065 -3.4720137 4294901760
-15.019039 -14.069325 -3.5271263 4294901760
-16.893528 -19.249817 -3.4596658 4294901760
-2.6061435 -2.4251709 -3.500448 4294901760
-4.1641965 -4.2731748 -3.5081618 4294901760
-6.1390629 -5.7127614 -3.5197396 4294901760
-7.4203067 -7.6144981 -3.4912364 4294901760
-9.6789026 -9.0067921 -3.5275929 4294901760
-10.566732 -10.843266 -3.4672844 4294901760
-13.710058 -11.561309 -3.5316861 4294901760
-16.369417 -16.79781 -3.4751995 4294901760
-15.071449 -14.024876 -3.5286226 4294901760
-16.922913 -19.1548 -3.4574258 4294901760
-2.6225808 -2.4234395 -3.5056779 4294901760
-4.1736917 -4.2531142 -3.5062633 4294901760
-6.158967 -5.6912961 -3.5201006 4294901760
-7.4468412 -7.5885501 -3.4916945 4294901760
-9.7102833 -8.97295 -3.528162 4294901760
-10.587805 -10.789285 -3.4653692 4294901760
-13.744225 -11.508266 -3.5317035 4294901760
-16.455902 -16.769049 -3.4789956 4294901760
-15.105676 -13.958652 -3.5278721 4294901760
-17.037434 -19.149292 -3.4630783 4294901760
-2.6230102 -2.406918 -3.5007546 4294901760
-4.1885114 -4.2385201 -3.50652 4294901760
-6.1730146 -5.6644611 -3.5188887 4294901760
-7.4649491 -7.5540771 -3.4903088 4294901760
-9.7503147 -8.947051 -3.5302527 4294901760
-10.617014 -10.743775 -3.4647362 4294901760
-13.781247 -11.457676 -3.5320964 4294901760
-16.531162 -16.728537 -3.4816799 4294901760
-15.148429 -13.900451 -3.5281022 4294901760
-17.224037 -19.223492 -3.4755716 4294901760
-2.6313961 -2.3977473 -3.5009079 4294901760
-4.2032814 -4.2238736 -3.5067766 4294901760
-6.184052 -5.634953 -3.5168891 4294901760
-7.4996362 -7.5363779 -3.4926107 4294901760
-9.772687 -8.9049435 -3.5293002 4294901760
-10.654452 -10.70665 -3.4653869 4294901760
-13.815015 -11.40443 -3.5321121 4294901760
-16.617601 -16.699013 -3.4854825 4294901760
-15.199806 -13.850174 -3.529315 4294901760
-17.371262 -19.252165 -3.4842813 4294901760
-2.6478145 -2.395844 -3.506139 4294901760
-4.2125468 -4.2037339 -3.5048766 4294901760
-6.2036848 -5.6133318 -3.5172491 4294901760
-7.5203028 -7.50457 -3.4918389 4294901760
-9.8007708 -8.8681126 -3.5293617 4294901760
-10.705836 -10.683439 -3.4681799 4294901760
-13.85782 -11.358662 -3.533257 4294901760
-16.709684 -16.674728 -3.4898462 4294901760
-15.256929 -13.805055 -3.5311835 4294901760
-17.454466 -19.209135 -3.486918 4294901760
-2.656162 -2.3865862 -3.5062928 4294901760
-4.221724 -4.1835804 -3.5029762 4294901760
-6.2319956 -5.5995059 -3.5199704 4294901760
-7.549262 -7.4810538 -3.4929118 4294901760
-9.8346205 -8.8364973 -3.5304382 4294901760
-10.745891 -10.648801 -3.4692602 4294901760
-13.891211 -11.305188 -3.5332716 4294901760
-16.747953 -16.596634 -3.4889085 4294901760
-15.293166 -13.741052 -3.5307565 4294901760
-17.489079 -19.112745 -3.4849913 4294901760
-2.659066 -2.3724735 -3.5030603 4294901760
-4.2445374 -4.1769247 -3.5064683 4294901760
-6.2515025 -5.5777197 -3.5203307 4294901760
-7.5696936 -7.4491134 -3.4921389 4294901760
-9.8594818 -8.796833 -3.5299909 4294901760
-10.777325 -10.60565 -3.4690545 4294901760
-13.927487 -11.25413 -3.5336621 4294901760
-16.765963 -16.498894 -3.4860127 4294901760
-15.349961 -13.695552 -3.5326257 4294901760
-17.51511 -19.007551 -3.4822991 4294901760
-2.6781852 -2.3727934 -3.5099862 4294901760
-4.2618465 -4.1647744 -3.5078037 4294901760
-6.2650614 -5.5506606 -3.5191162 4294901760
-7.6013036 -7.4281688 -3.4938276 4294901760
-9.8841887 -8.7571011 -3.5295432 4294901760
-10.805747 -10.559626 -3.4684188 4294901760
-13.969793 -11.207938 -3.534806 4294901760
-16.857698 -16.473732 -3.490381 4294901760
-15.400657 -13.64453 -3.533839 4294901760
-17.586782 -18.952147 -3.4839199 4294901760
-2.6759746 -2.353385 -3.5033743 4294901760
-4.2687883 -4.1410804 -3.5048361 4294901760
-6.2824187 -5.5250711 -3.5187066 4294901760
-7.6256413 -7.3975077 -3.4936926 4294901760
-9.9102592 -8.7155743 -3.5291231 4294901760
-10.835814 -10.511642 -3.4678149 4294901760
-14.007665 -11.154181 -3.5352342 4294901760
-16.834908 -16.331263 -3.4833338 4294901760
-15.444576 -13.582727 -3.5341108 4294901760
-17.519831 -18.741758 -3.4723802 4294901760
-2.6864936 -2.3468838 -3.5052135 4294901760
-4.2797227 -4.1242294 -3.5040002 4294901760
-6.2947969 -5.4990473 -3.5174727 4294901760
-7.6415911 -7.3639517 -3.4922798 4294901760
-9.9420929 -8.6852741 -3.5301704 4294901760
-10.882066 -10.486691 -3.47015 4294901760
-14.032076 -11.097786 -3.5344522 4294901760
-16.797026 -16.186745 -3.4753356 4294901760
-15.471517 -13.515702 -3.5329781 4294901760
-17.480661 -18.575998 -3.4640193 4294901760
-2.6891932 -2.3327401 -3.5019796 4294901760
-4.2996597 -4.1145906 -3.5064149 4294901760
-6.3169184 -5.4796095 -3.51862 4294901760
-7.6643953 -7.3344984 -3.492121 4294901760
-9.9543676 -8.6349144 -3.5276866 4294901760
-10.901367 -10.432141 -3.468224 4294901760
-14.070733 -11.048733 -3.5352178 4294901760
-17.017756 -16.285263 -3.4923067 4294901760
-15.512581 -13.456385 -3.5332031 4294901760
-17.506962 -18.474298 -3.4615548 4294901760
-2.6886747 -2.3167109 -3.4970434 4294901760
-4.3104882 -4.0976567 -3.505579 4294901760
-6.3380251 -5.4611931 -3.5197494 4294901760
-7.6915383 -7.3117671 -3.4931712 4294901760
-9.9799395 -8.599268 -3.5277159 4294901760
-10.935899 -10.395936 -3.4688416 4294901760
-14.107293 -11.002016 -3.5359445 4294901760
-17.115042 -16.269981 -3.4974744 4294901760
-15.508792 -13.363234 -3.5287757 4294901760
-17.796816 -18.655878 -3.4837337 4294901760
-2.7077639 -2.3167379 -3.5039718 4294901760
-4.3191648 -4.0772953 -3.5036757 4294901760
-6.3570509 -5.4390345 -3.5201089 4294901760
-7.7170167 -7.2848711 -3.4936283 4294901760
-10.012913 -8.5669565 -3.5287907 4294901760
-10.966341 -10.352236 -3.4686317 4294901760
-14.139317 -10.947824 -3.5359535 4294901760
-17.206554 -16.243004 -3.501857 4294901760
-15.585642 -13.334931 -3.532948 4294901760
-17.820354 -18.550455 -3.4810216 4294901760
-2.7158341 -2.3072727 -3.5041249 4294901760
-4.3277493 -4.0569267 -3.5017719 4294901760
-6.370019 -5.4117332 -3.5188913 4294901760
-7.7308631 -7.2470798 -3.4916196 4294901760
-10.042755 -8.5319548 -3.5293565 4294901760
-11.011111 -10.322056 -3.470571 4294901760
-14.174286 -10.895979 -3.5363393 4294901760
-17.292255 -16.210138 -3.505682 4294901760
-15.613862 -13.264962 -3.5318522 4294901760
-17.871117 -18.473797 -3.4808545 4294901760
-2.7266421 -2.3001156 -3.5059721 4294901760
-4.3447037 -4.0444193 -3.5031073 4294901760
-6.3858714 -5.3869348 -3.5184617 4294901760
-7.7618985 -7.2254348 -3.4933088 4294901760
-10.078541 -8.5019627 -3.530941 4294901760
-11.041254 -10.278137 -3.4703608 4294901760
-14.199569 -10.836769 -3.5355895 4294901760
-17.328289 -16.130644 -3.5047371 4294901760
-15.663116 -13.212947 -3.5330615 4294901760
-17.86586 -18.339821 -3.4755824 4294901760
-2.7374341 -2.292912 -3.5078197 4294901760
-4.3616238 -4.0318437 -3.5044429 4294901760
-6.3956175 -5.3570561 -3.516454 4294901760
-7.7841716 -7.1956139 -3.4931486 4294901760
-10.095991 -8.4565392 -3.5294693 4294901760
-11.074145 -10.236834 -3.4705799 4294901760
-14.230962 -10.782328 -3.5355952 4294901760
-17.279007 -15.97255 -3.4956417 4294901760
-15.721368 -13.168431 -3.5352602 4294901760
-17.971701 -18.320087 -3.4805157 4294901760
-2.7426331 -2.2810252 -3.5062783 4294901760
-4.3785076 -4.0191998 -3.505779 4294901760
-6.4142766 -5.3347001 -3.5168121 4294901760
-7.8150625 -7.1737452 -3.494839 4294901760
-10.122395 -8.4187117 -3.5295248 4294901760
-11.112738 -10.200808 -3.4716594 4294901760
-14.271693 -10.734983 -3.5367355 4294901760
-17.317017 -15.895952 -3.4949679 4294901760
-15.767235 -13.113478 -3.5361402 4294901760
-18.086031 -18.308365 -3.4862208 4294901760
-2.7477839 -2.2691286 -3.5047364 4294901760
-4.3982053 -4.0090799 -3.5081959 4294901760
-6.4328604 -5.3122759 -3.51717 4294901760
-7.8400578 -7.14642 -3.4952955 4294901760
-10.151722 -8.3833237 -3.5300896 4294901760
-11.139462 -10.153914 -3.4710169 4294901760
-14.30908 -10.685097 -3.5374973 4294901760
-17.528696 -15.977871 -3.5108888 4294901760
-15.797548 -13.045664 -3.5353694 4294901760
-18.225845 -18.321526 -3.4942336 4294901760
-2.7584913 -2.2618215 -3.5065842 4294901760
-4.4121723 -3.9937031 -3.5084519 4294901760
-6.4513645 -5.2897882 -3.5175276 4294901760
-7.8766775 -7.1296196 -3.4982214 4294901760
-10.174788 -8.342804 -3.5296345 4294901760
-11.183683 -10.122975 -3.4729578 4294901760
-14.346292 -10.635083 -3.5382586 4294901760
-17.566614 -15.90052 -3.5102205 4294901760
-15.82141 -12.972746 -3.5339358 4294901760
-18.292515 -18.260614 -3.4956028 4294901760
-2.7663693 -2.2521794 -3.5067372 4294901760
-4.4318151 -3.983428 -3.5108697 4294901760
-6.469789 -5.2672377 -3.5178852 4294901760
-7.8956356 -7.0967975 -3.4974434 4294901760
-10.203845 -8.3072386 -3.5301986 4294901760
-11.227823 -10.091852 -3.4748998 4294901760
-14.38974 -10.589665 -3.5397775 4294901760
-15.869686 -12.919959 -3.5351434 4294901760
-17.519838 -17.367617 -3.4211829 4294901760
-2.774214 -2.2425091 -3.5068901 4294901760
-4.445693 -3.9679337 -3.511126 4294901760
-6.485085 -5.242156 -3.5174532 4294901760
-7.908566 -7.0586662 -3.4954295 4294901760
-10.220438 -8.2615929 -3.5287213 4294901760
-11.251115 -10.042006 -3.4738247 4294901760
-14.423403 -10.53702 -3.5401592 4294901760
-17.635511 -15.740298 -3.5083139 4294901760
-15.905386 -12.856966 -3.5350282 4294901760
-17.614494 -17.339958 -3.4253204 4294901760
-2.7820249 -2.2328115 -3.5070429 4294901760
-4.4537516 -3.9472811 -3.5092201 4294901760
-6.5033441 -5.2194867 -3.5178103 4294901760
-7.9361148 -7.0336385 -3.4965034 4294901760
-10.249214 -8.2258654 -3.5292845 4294901760
-11.280146 -9.9973946 -3.4736106 4294901760
-14.456872 -10.48427 -3.5405397 4294901760
-17.600761 -15.599244 -3.5008709 4294901760
-15.956388 -12.806357 -3.536566 4294901760
-17.68062 -17.283945 -3.426898 4294901760
-2.7841318 -2.2185686 -3.5038047 4294901760
-4.4675026 -3.9317105 -3.5094759 4294901760
-6.5184565 -5.1943097 -3.5173776 4294901760
-7.9635849 -7.0085039 -3.4975772 4294901760
-10.284072 -8.1949844 -3.5308683 4294901760
-11.306018 -9.9500751 -3.4729643 4294901760
-14.470755 -10.417455 -3.5386417 4294901760
-17.208786 -15.144918 -3.4598401 4294901760
-16.000994 -12.750582 -3.537442 4294901760
-18.499857 -17.958944 -3.4959519 4294901760
-2.7947025 -2.2110858 -3.5056527 4294901760
-4.4782996 -3.9135575 -3.5086503 4294901760
-6.533473 -5.1690907 -3.5169442 4294901760
-7.9909773 -6.9832644 -3.4986515 4294901760
-10.315727 -8.1614981 -3.5319417 4294901760
-11.340681 -9.9105492 -3.4736116 4294901760
-14.500551 -10.362248 -3.53864 4294901760
-17.213472 -15.042744 -3.4563084 4294901760
-16.048532 -12.697124 -3.5386491 4294901760
-2.7995527 -2.1990776 -3.5041094 4294901760
-4.4890242 -3.8953764 -3.5078242 4294901760
-6.5422225 -5.1389837 -3.51493 4294901760
-8.0123196 -6.9527369 -3.4984894 4294901760
-10.344153 -8.1254396 -3.5325046 4294901760
-11.381215 -9.8761148 -3.4751227 4294901760
-14.536634 -10.311569 -3.5393972 4294901760
-17.72397 -15.380077 -3.5002317 4294901760
-16.092754 -12.641026 -3.5395246 4294901760
-18.616137 -17.821074 -3.4974027 4294901760
-2.8011131 -2.1853218 -3.5008619 4294901760
-4.4989996 -3.877954 -3.5069849 4294901760
-6.5623217 -5.1196737 -3.5160584 4294901760
-8.0293455 -6.9209681 -3.4976854 4294901760
-10.361657 -8.0837698 -3.5315058 4294901760
-11.428966 -9.8513012 -3.4778981 4294901760
-14.564237 -10.258718 -3.5393558 4294901760
-17.838348 -15.375928 -3.5071256 4294901760
-16.11887 -12.575328 -3.5386984 4294901760
-18.666452 -17.750988 -3.4976859 4294901760
-2.8259203 -2.1888509 -3.5111907 4294901760
-4.5154343 -3.8647318 -3.5083222 4294901760
-6.580152 -5.0967369 -3.5164142 4294901760
-8.0594578 -6.8980398 -3.499378 4294901760
-10.380399 -8.0402641 -3.5305338 4294901760
-11.445151 -9.7958336 -3.4759529 4294901760
-14.616274 -10.21923 -3.5420134 4294901760
-17.973759 -15.383627 -3.515774 4294901760
-16.159515 -12.516548 -3.5392408 4294901760
-18.687666 -17.647356 -3.4951937 4294901760
-2.8163006 -2.1657138 -3.5011656 4294901760
-4.537703 -3.8564296 -3.5118239 4294901760
-6.5916839 -5.0689545 -3.5151885 4294901760
-8.0925245 -6.8775434 -3.5016904 4294901760
-10.411546 -8.0063992 -3.5316062 4294901760
-11.473216 -9.7506714 -3.4757354 4294901760
-14.67149 -10.181772 -3.545053 4294901760
-18.051672 -15.341463 -3.5190542 4294901760
-16.206266 -12.462495 -3.540446 4294901760
-18.754978 -17.587477 -3.4968157 4294901760
-2.826725 -2.1580696 -3.5030138 4294901760
-4.5481925 -3.8380821 -3.5109973 4294901760
-6.6093378 -5.0459142 -3.5155435 4294901760
-8.1164818 -6.8492532 -3.5021462 4294901760
-10.43943 -7.9700074 -3.5321672 4294901760
-11.507182 -9.7105627 -3.476382 4294901760
-14.71022 -10.132755 -3.5461905 4294901760
-18.102064 -15.275784 -3.519788 4294901760
-16.240164 -12.398591 -3.5403233 4294901760
-17.779184 -16.55617 -3.4064803 4294901760
-2.8342414 -2.1481886 -3.5031657 4294901760
-4.5645161 -3.8246555 -3.5123353 4294901760
-6.6237864 -5.0204415 -3.5151076 4294901760
-8.1373119 -6.8183389 -3.5019829 4294901760
-10.473515 -7.9383097 -3.5337517 4294901760
-11.547107 -9.6754417 -3.4778936 4294901760
-14.719202 -10.063359 -3.5439005 4294901760
-18.155279 -15.212499 -3.5208049 4294901760
-16.264282 -12.327373 -3.5392025 4294901760
-17.810493 -16.469614 -3.4052064 4294901760
-2.8359289 -2.1339233 -3.4999239 4294901760
-4.5748763 -3.8062365 -3.511508 4294901760
-6.6444039 -4.999649 -3.5162532 4294901760
-8.1489086 -6.7797837 -3.4999611 4294901760
-10.491647 -7.894546 -3.5327766 4294901760
-11.547178 -9.6070986 -3.4737785 4294901760
-14.757533 -10.014156 -3.5450361 4294901760
-18.100908 -15.059715 -3.5118978 4294901760
-16.30084 -12.265733 -3.5394084 4294901760
-17.81789 -16.36145 -3.401866 4294901760
-2.8404558 -2.1218417 -3.4983785 4294901760
-4.579226 -3.7828841 -3.5085149 4294901760
-6.6681004 -4.9811206 -3.5181909 4294901760
-8.1633825 -6.7437453 -3.4985573 4294901760
-10.525496 -7.8626246 -3.5343606 4294901760
-11.595974 -9.5793982 -3.476588 4294901760
-14.812221 -9.9759312 -3.5480776 4294901760
-18.091839 -14.945611 -3.5072341 4294901760
-16.349945 -12.21353 -3.5409436 4294901760
-2.8507569 -2.1140728 -3.5002265 4294901760
-4.5864468 -3.7619908 -3.5066037 4294901760
-6.6854467 -4.9578137 -3.5185456 4294901760
-8.18993 -6.7177148 -3.4996309 4294901760
-10.552878 -7.8258352 -3.5349207 4294901760
-11.623193 -9.5338173 -3.4763665 4294901760
-14.866818 -9.9374447 -3.5511208 4294901760
-18.100706 -14.846938 -3.5042663 4294901760
-16.386072 -12.151632 -3.5411482 4294901760
-18.902239 -17.115473 -3.4886613 4294901760
-2.8551996 -2.1019604 -3.4986806 4294901760
-4.5935764 -3.7410941 -3.5046918 4294901760
-6.7058702 -4.9367733 -3.5196919 4294901760
-8.2163935 -6.6915836 -3.500705 4294901760
-10.583327 -7.7913065 -3.5359931 4294901760
-11.665651 -9.5007229 -3.4783111 4294901760
-14.881503 -9.8722839 -3.549587 4294901760
-18.22049 -14.839105 -3.5115187 4294901760
-16.434811 -12.099092 -3.5426831 4294901760
-19.101379 -17.174835 -3.5019052 4294901760
-2.8654466 -2.0941193 -3.5005288 4294901760
-4.6096029 -3.727457 -3.5060289 4294901760
-6.7103958 -4.9040761 -3.5168791 4294901760
-8.2366295 -6.6603742 -3.5005391 4294901760
-10.613665 -7.7566543 -3.5370653 4294901760
-11.698746 -9.4599409 -3.478956 4294901760
-14.889262 -9.8027506 -3.5472872 4294901760
-18.346643 -14.835622 -3.5193465 4294901760
-16.470509 -12.03694 -3.542886 4294901760
-19.188013 -17.131973 -3.5053377 4294901760
-2.8727391 -2.0841043 -3.50068 4294901760
-4.6165795 -3.7065208 -3.5041158 4294901760
-6.730648 -4.882926 -3.5180247 4294901760
-8.253664 -6.6266332 -3.4997525 4294901760
-10.627828 -7.710238 -3.5355737 4294901760
-11.7441 -9.4290056 -3.4813352 4294901760
-14.940062 -9.761611 -3.5499487 4294901760
-18.382763 -14.758999 -3.5189354 4294901760
-16.48661 -11.960646 -3.5410888 4294901760
-19.238741 -17.056946 -3.5056679 4294901760
-2.8829379 -2.0761828 -3.5025287 4294901760
-4.6325006 -3.692786 -3.5054531 4294901760
-6.7508335 -4.8616948 -3.5191705 4294901760
-8.2767429 -6.5977845 -3.5002055 4294901760
-10.670776 -7.6846895 -3.5386968 4294901760
-11.786269 -9.3953943 -3.4832819 4294901760
-14.9707 -9.7072363 -3.5503187 4294901760
-18.427923 -14.689772 -3.5193758 4294901760
-16.531494 -11.905356 -3.5422885 4294901760
-19.283176 -16.976501 -3.5054786 4294901760
-2.8872185 -2.0639985 -3.5009818 4294901760
-4.6544237 -3.683764 -3.5089581 4294901760
-6.7645726 -4.8358197 -3.5187318 4294901760
-8.2935247 -6.5639467 -3.4994175 4294901760
-10.69108 -7.6427794 -3.5382297 4294901760
-11.812757 -9.3492575 -3.4830587 4294901760
-14.98775 -9.644145 -3.5491595 4294901760
-18.469704 -14.617928 -3.5195303 4294901760
-16.566463 -11.842941 -3.5424876 4294901760
-19.345325 -16.911715 -3.5068421 4294901760
-2.9003186 -2.0581038 -3.5045285 4294901760
-4.6702828 -3.6698742 -3.5102959 4294901760
-6.7782125 -4.8099074 -3.5182927 4294901760
-8.3101721 -6.5300722 -3.4986286 4294901760
-10.711221 -7.600821 -3.5377614 4294901760
-11.835938 -9.3005943 -3.4824007 4294901760
-15.01125 -9.5853376 -3.5487623 4294901760
-18.476692 -14.51885 -3.5165498 4294901760
-16.601202 -11.780427 -3.5426855 4294901760
-19.398212 -16.838852 -3.5074282 4294901760
-2.9067702 -2.0489819 -3.5046644 4294901760
-4.6848254 -3.6575546 -3.5116086 4294901760
-6.7836728 -4.7818103 -3.5162323 4294901760
-8.3337622 -6.5063658 -3.4996564 4294901760
-10.73829 -7.5694194 -3.5387769 4294901760
-11.865099 -9.2633648 -3.48298 4294901760
-15.048018 -9.5423965 -3.5502014 4294901760
-18.52536 -14.463188 -3.5177393 4294901760
-16.641388 -11.730513 -3.5437975 4294901760
-18.689301 -16.12079 -3.4430387 4294901760
-2.9083188 -2.0341592 -3.5014265 4294901760
-4.6981993 -3.6403599 -3.5118754 4294901760
-6.8011532 -4.7569156 -3.516602 4294901760
-8.3606758 -6.4781985 -3.500752 4294901760
-10.759457 -7.5254636 -3.5383351 4294901760
-11.898971 -9.2198162 -3.4836557 4294901760
-15.086263 -9.4893036 -3.5513706 4294901760
-18.543547 -14.368309 -3.5156567 4294901760
-16.681002 -11.667157 -3.5443707 4294901760
-19.409283 -16.618155 -3.5007527 4294901760
-2.9090929 -2.0203676 -3.4981725 4294901760
-4.7010875 -3.6177127 -3.5088634 4294901760
-6.8201108 -4.7365727 -3.5177293 4294901760
-8.372716 -6.4432073 -3.4993176 4294901760
-10.768057 -7.4784245 -3.5362952 4294901760
-11.920024 -9.1730318 -3.4829626 4294901760
-15.093998 -9.4244566 -3.5494015 4294901760
-18.572119 -14.292138 -3.5148966 4294901760
-16.713049 -11.607227 -3.5445223 4294901760
-18.621975 -15.837344 -3.4298308 4294901760
-2.9191132 -2.0122576 -3.5000212 4294901760
-4.7075658 -3.5966024 -3.5069478 4294901760
-6.8398337 -4.714962 -3.5188746 4294901760
-8.3920155 -6.4115396 -3.4991477 4294901760
-10.790832 -7.4385381 -3.5363371 4294901760
-11.942492 -9.1241207 -3.4823005 4294901760
-15.116649 -9.3654137 -3.5489991 4294901760
-18.640921 -14.241751 -3.517611 4294901760
-16.74362 -11.542025 -3.5443819 4294901760
-19.488405 -16.457319 -3.5000327 4294901760
-2.9294605 -2.003592 -3.5018775 4294901760
-4.7145772 -3.5746708 -3.5050435 4294901760
-6.8538303 -4.6876478 -3.5184507 4294901760
-8.4123087 -6.3783526 -3.4989994 4294901760
-10.81147 -7.3944588 -3.5358915 4294901760
-11.979022 -9.0826931 -3.4834092 4294901760
-15.140694 -9.3036947 -3.5486324 4294901760
-18.72797 -14.199858 -3.5218058 4294901760
-16.789101 -11.482833 -3.5456209 4294901760
-19.530233 -16.370398 -3.4996214 4294901760
-2.9304376 -1.9892819 -3.4986303 4294901760
-4.733181 -3.5628252 -3.5074661 4294901760
-6.8733964 -4.6658983 -3.5195959 4294901760
-8.4282055 -6.3441949 -3.4982064 4294901760
-10.837215 -7.3566751 -3.5364461 4294901760
-11.997943 -9.0312567 -3.4823098 4294901760
-15.176476 -9.2528601 -3.5497601 4294901760
-18.758293 -14.12 -3.5210931 4294901760
-16.825779 -11.421919 -3.5461471 4294901760
-19.550438 -16.271482 -3.497591 4294901760
-2.9460371 -1.9856316 -3.5038695 4294901760
-4.7449703 -3.5471096 -3.5077059 4294901760
-6.8920851 -4.6452713 -3.5207233 4294901760
-8.4428673 -6.3114777 -3.49739 4294901760
-10.854973 -7.3162613 -3.5359437 4294901760
-12.021457 -8.9866571 -3.4820473 4294901760
-15.19004 -9.1921721 -3.5485492 4294901760
-18.805016 -14.057716 -3.5220444 4294901760
-16.863565 -11.366058 -3.5469644 4294901760
-19.622751 -16.221821 -3.5001905 4294901760
-2.9499371 -1.9733202 -3.5023205 4294901760
-4.75423 -3.528229 -3.5068734 4294901760
-6.9049978 -4.6190042 -3.5202808 4294901760
-8.4553251 -6.2749009 -3.4959733 4294901760
-10.873849 -7.2739129 -3.5354679 4294901760
-12.04956 -8.9422684 -3.4822516 4294901760
-15.235695 -9.1472931 -3.5508265 4294901760
-18.834745 -13.977719 -3.521328 4294901760
-16.896511 -11.302691 -3.5471542 4294901760
-19.642231 -16.122831 -3.4981544 4294901760
-2.9511085 -1.9584855 -3.4990795 4294901760
-4.7702312 -3.5130646 -3.5082235 4294901760
-6.9022713 -4.5806508 -3.5158849 4294901760
-8.4814501 -6.246213 -3.4970667 4294901760
-10.900434 -7.2340083 -3.5360482 4294901760
-12.07905 -8.8956861 -3.4824872 4294901760
-15.269118 -9.0913897 -3.5516062 4294901760
-18.901915 -13.920424 -3.5238094 4294901760
-16.944466 -11.245094 -3.5487263 4294901760
-19.611444 -15.977612 -3.4917343 4294901760
-2.957587 -1.9486885 -3.4992213 4294901760
-4.7756367 -3.4926784 -3.5062921 4294901760
-6.9272499 -4.5642114 -3.5185997 4294901760
-8.5053072 -6.220386 -3.4981153 4294901760
-10.921052 -7.1956387 -3.5360579 4294901760
-12.105274 -8.8532343 -3.4826584 4294901760
-15.27518 -9.0265217 -3.5496228 4294901760
-18.928648 -13.843533 -3.5230396 4294901760
-16.971678 -11.182261 -3.5485356 4294901760
-19.679836 -15.925049 -3.4940691 4294901760
-2.9768472 -1.9457695 -3.5061769 4294901760
-4.7915225 -3.4774148 -3.5076423 4294901760
-6.9406486 -4.5366464 -3.5181727 4294901760
-8.5312462 -6.1914935 -3.4992085 4294901760
-10.944028 -7.1533928 -3.5361221 4294901760
-12.124764 -8.7994652 -3.4815841 4294901760
-15.32534 -8.980545 -3.5523205 4294901760
-18.979256 -13.774066 -3.5240877 4294901760
-16.992523 -11.106897 -3.5474226 4294901760
-19.762966 -15.872811 -3.497297 4294901760
-2.9988277 -1.9452311 -3.5148258 4294901760
-4.8005061 -3.4584162 -3.506808 4294901760
-6.9630232 -4.5166612 -3.5201116 4294901760
-8.539978 -6.1524348 -3.4971662 4294901760
-10.978918 -7.1216269 -3.538219 4294901760
-12.165086 -8.7640619 -3.48353 4294901760
-15.370366 -8.9350014 -3.5545981 4294901760
-19.014271 -13.698402 -3.5239375 4294901760
-17.001087 -11.02799 -3.5452569 4294901760
-19.677809 -15.691732 -3.4866219 4294901760
-2.9927344 -1.9279462 -3.5081615 4294901760
-4.8144813 -3.4455588 -3.5081205 4294901760
-6.9870715 -4.5011339 -3.5228105 4294901760
-8.5689096 -6.1324739 -3.4994376 4294901760
-10.987897 -7.0785012 -3.5366535 4294901760
-12.18286 -8.718854 -3.4827945 4294901760
-15.374219 -8.8727293 -3.5525727 4294901760
-19.047482 -13.631628 -3.523973 4294901760
-17.039005 -10.976679 -3.5463612 4294901760
-19.742659 -15.642225 -3.488899 4294901760
-4.8213944 -3.4225879 -3.5062249 4294901760
-7.000998 -4.4721608 -3.5224004 4294901760
-8.5923939 -6.0995269 -3.4999301 4294901760
-11.004964 -7.0298505 -3.5357118 4294901760
-12.213007 -8.6697092 -3.4830582 4294901760
-15.415089 -8.8175879 -3.5541544 4294901760
-19.102938 -13.5607 -3.5253551 4294901760
-17.097826 -10.921904 -3.5489798 4294901760
-19.937521 -15.672383 -3.5013371 4294901760
-4.830162 -3.4035187 -3.5053895 4294901760
-7.0165648 -4.4476967 -3.5227497 4294901760
-8.6136312 -6.0694976 -3.5003774 4294901760
-11.042839 -6.9998922 -3.5383241 4294901760
-12.236691 -8.6224451 -3.4828207 4294901760
-15.43538 -8.7578306 -3.5537376 4294901760
-19.137106 -13.484744 -3.5251999 4294901760
-17.132477 -10.860023 -3.5494969 4294901760
-20.149446 -15.725492 -3.5155149 4294901760
-4.843987 -3.3905351 -3.5067017 4294901760
-7.0172272 -4.4172716 -3.5198829 4294901760
-8.632658 -6.0424047 -3.5007801 4294901760
-11.061419 -6.9630489 -3.5383029 4294901760
-12.257203 -8.5793943 -3.4825187 4294901760
-15.46629 -8.7112465 -3.5547857 4294901760
-19.159763 -13.410822 -3.5243688 4294901760
-17.142897 -10.791276 -3.5479095 4294901760
-20.173517 -15.64254 -3.5144022 4294901760
-4.8690352 -3.3815482 -3.511312 4294901760
-7.0400233 -4.3956795 -3.5218394 4294901760
-8.6450052 -6.003962 -3.4993784 4294901760
-11.080132 -6.9182596 -3.5378468 4294901760
-12.291831 -8.536685 -3.4836221 4294901760
-15.498112 -8.6545048 -3.5555587 4294901760
-19.1924 -13.329134 -3.5239716 4294901760
-17.192474 -10.73471 -3.5498123 4294901760
-20.230709 -15.5685 -3.5155475 4294901760
-4.8776388 -3.3623455 -3.5104764 4294901760
-7.0586581 -4.3731432 -3.5229831 4294901760
-8.6691647 -5.9759912 -3.5004485 4294901760
-11.094097 -6.8732715 -3.5368462 4294901760
-12.321555 -8.4937258 -3.4842563 4294901760
-15.521259 -8.5964947 -3.5555234 4294901760
-19.219097 -13.248468 -3.5232344 4294901760
-17.229843 -10.67463 -3.5506628 4294901760
-20.272243 -15.488092 -3.5155885 4294901760
-4.888762 -3.3461521 -3.5107148 4294901760
-7.0697808 -4.3476577 -3.5225182 4294901760
-8.6824121 -5.9427457 -3.4996245 4294901760
-11.116828 -6.8364439 -3.5373659 4294901760
-12.346371 -8.450572 -3.484421 4294901760
-15.560153 -8.5507298 -3.5573776 4294901760
-19.259632 -13.182409 -3.5238855 4294901760
-17.258354 -10.613259 -3.5507963 4294901760
-20.317135 -15.415956 -3.5160983 4294901760
-4.8946199 -3.3238833 -3.5088036 4294901760
-7.089016 -4.3237581 -3.523679 4294901760
-8.7074041 -5.9131036 -3.5007162 4294901760
-11.158747 -6.8059835 -3.5405231 4294901760
-12.380552 -8.4074984 -3.4855237 4294901760
-15.584394 -8.489831 -3.5573771 4294901760
-19.294615 -13.102764 -3.5237699 4294901760
-17.293734 -10.547856 -3.5513504 4294901760
-20.367123 -15.336582 -3.5167155 4294901760
-4.9093871 -3.3089304 -3.5101414 4294901760
-7.1007113 -4.2969556 -3.5232308 4294901760
-8.7247152 -5.8804641 -3.5005372 4294901760
-11.179044 -6.7649355 -3.5405533 4294901760
-12.409825 -8.3642311 -3.4861569 4294901760
-15.613935 -8.435379 -3.5581102 4294901760
-19.320383 -13.021951 -3.5230258 4294901760
-17.309982 -10.475039 -3.550175 4294901760
-20.410942 -15.258224 -3.5170143 4294901760
-4.9267354 -3.296916 -3.5125542 4294901760
-7.1182833 -4.275404 -3.5243566 4294901760
-8.7408829 -5.8493004 -3.5003352 4294901760
-11.194612 -6.7237401 -3.5400386 4294901760
-12.444104 -8.3274546 -3.4876337 4294901760
-15.648843 -8.3873167 -3.5595779 4294901760
-19.346878 -12.946714 -3.5225186 4294901760
-17.33437 -10.41142 -3.5499666 4294901760
-20.455019 -15.185696 -3.5175202 4294901760
-4.9419947 -3.2809684 -3.513905 4294901760
-7.1372743 -4.2512946 -3.5255172 4294901760
-8.7688465 -5.8215985 -3.5020509 4294901760
-11.21236 -6.678607 -3.5395772 4294901760
-12.467914 -8.2773924 -3.4874218 4294901760
-15.682993 -8.3317766 -3.5607324 4294901760
-19.397522 -12.87793 -3.52384 4294901760
-17.362137 -10.341702 -3.5498412 4294901760
-20.500895 -15.103523 -3.5178704 4294901760
-4.9554935 -3.2675464 -3.5152183 4294901760
-7.1505952 -4.2288508 -3.5258293 4294901760
-8.7738943 -5.7853184 -3.4999521 4294901760
-11.226456 -6.6393089 -3.5390332 4294901760
-12.483896 -8.2316141 -3.4866755 4294901760
-15.705567 -8.2806082 -3.5610042 4294901760
-19.444548 -12.821319 -3.5253024 4294901760
-17.384247 -10.281017 -3.5495875 4294901760
-20.5418 -15.034328 -3.5183196 4294901760
-4.9642129 -3.2472532 -3.5143931 4294901760
-7.1558957 -4.1966615 -3.5238032 4294901760
-8.7983475 -5.7552853 -3.5010424 4294901760
-11.264405 -6.6061463 -3.5416739 4294901760
-12.51731 -8.1879797 -3.4877765 4294901760
-15.714633 -8.2119207 -3.5594521 4294901760
-19.461355 -12.730305 -3.5237322 4294901760
-17.42181 -10.217231 -3.550472 4294901760
-20.596766 -14.958937 -3.5194573 4294901760
-4.9722867 -3.2278075 -3.5135548 4294901760
-7.1671119 -4.1696849 -3.5233519 4294901760
-8.8150682 -5.7223864 -3.5008607 4294901760
-11.283967 -6.5647902 -3.5417006 4294901760
-12.539145 -8.1399059 -3.4875298 4294901760
-15.746737 -8.1588478 -3.5605674 4294901760
-19.49898 -12.657949 -3.5241342 4294901760
-17.453924 -10.154349 -3.5509756 4294901760
-20.64238 -14.882279 -3.5200129 4294901760
-4.9797254 -3.2092159 -3.5127039 4294901760
-7.1842952 -4.1478572 -3.524477 4294901760
-8.8173828 -5.6824193 -3.4981549 4294901760
-11.295364 -6.5213861 -3.5406637 4294901760
-12.562724 -8.0961285 -3.4876893 4294901760
-15.773705 -8.1065884 -3.5612588 4294901760
-19.56097 -12.606193 -3.5268009 4294901760
-17.470238 -10.086452 -3.5500832 4294901760
-20.668896 -14.797484 -3.5191934 4294901760
-4.9908981 -3.1918125 -3.5129533 4294901760
-7.1953278 -4.1208034 -3.5240247 4294901760
-8.840497 -5.6537337 -3.499222 4294901760
-11.304288 -6.4740272 -3.5391345 4294901760
-12.58421 -8.0479383 -3.4874406 4294901760
-15.812556 -8.0569 -3.5631468 4294901760
-19.571243 -12.516332 -3.5248847 4294901760
-17.508801 -10.027386 -3.5512607 4294901760
-20.717171 -14.722927 -3.5200095 4294901760
-5.0052609 -3.1764348 -3.514291 4294901760
-7.2096686 -4.0956616 -3.5243695 4294901760
-8.8635149 -5.6249571 -3.500289 4294901760
-11.333717 -6.4384475 -3.5407121 4294901760
-12.602152 -7.9975677 -3.4867516 4294901760
-15.822807 -7.9926739 -3.561938 4294901760
-19.604706 -12.441524 -3.5249925 4294901760
-17.543695 -9.9662066 -3.5520992 4294901760
-20.755392 -14.641316 -3.5200322 4294901760
-5.0130587 -3.1568928 -3.5134513 4294901760
-7.2239199 -4.0704718 -3.5247135 4294901760
-8.8764057 -5.5897732 -3.4994786 4294901760
-11.356121 -6.3988485 -3.5412533 4294901760
-12.626625 -7.9514132 -3.4869394 4294901760
-15.864856 -7.944531 -3.5642123 4294901760
-19.621002 -12.356009 -3.523649 4294901760
-17.43597 -9.8246689 -3.5390506 4294901760
-20.780212 -14.550465 -3.518995 4294901760
-5.0235 -3.1402512 -3.5136878 4294901760
-7.2373796 -4.0464935 -3.5250404 4294901760
-8.8982449 -5.5624018 -3.5005231 4294901760
-11.380744 -6.3630919 -3.5422852 4294901760
-12.66304 -7.9158216 -3.4888532 4294901760
-15.926783 -7.9095912 -3.5687754 4294901760
-19.661869 -12.290874 -3.524574 4294901760
-17.545012 -9.809597 -3.5472937 4294901760
-20.818516 -14.47464 -3.5192235 4294901760
-5.0382495 -3.1238475 -3.515038 4294901760
-7.252162 -4.0199399 -3.5254011 4294901760
-8.9152136 -5.527668 -3.5003593 4294901760
-11.397048 -6.3174887 -3.5418153 4294901760
-12.705489 -7.877739 -3.4912696 4294901760
-15.941374 -7.8441305 -3.567987 4294901760
-19.69322 -12.210316 -3.5244346 4294901760
-17.647097 -9.7819481 -3.5546098 4294901760
-20.858288 -14.389171 -3.5192933 4294901760
-5.0458431 -3.1042225 -3.5141971 4294901760
-7.2695875 -3.9964881 -3.5265424 4294901760
-8.9378223 -5.4985833 -3.5014255 4294901760
-11.4086 -6.2719288 -3.5407987 4294901760
-12.72275 -7.827086 -3.4905772 4294901760
-15.979397 -7.7936697 -3.5698745 4294901760
-19.72213 -12.133131 -3.5242445 4294901760
-17.670654 -9.7145214 -3.5544274 4294901760
-20.898508 -14.309503 -3.5195723 4294901760
-5.0467844 -3.0805705 -3.5111768 4294901760
-7.2766056 -3.967335 -3.5252891 4294901760
-8.9535866 -5.4652929 -3.5012386 4294901760
-11.430423 -6.23207 -3.541337 4294901760
-12.746598 -7.7805572 -3.4907629 4294901760
-16.002918 -7.736114 -3.5702102 4294901760
-19.767765 -12.066297 -3.5255051 4294901760
-17.697456 -9.6489677 -3.5545826 4294901760
-20.948326 -14.236471 -3.5206444 4294901760
-5.063561 -3.0678096 -3.5135913 4294901760
-7.2931724 -3.9450488 -3.5264127 4294901760
-8.9615192 -5.4294271 -3.4997761 4294901760
-11.444047 -6.1903543 -3.5408096 4294901760
-12.772329 -7.738245 -3.4913568 4294901760
-16.057217 -7.696775 -3.5740018 4294901760
-19.814495 -12.004813 -3.5270073 4294901760
-17.739878 -9.5959167 -3.5563922 4294901760
-20.995424 -14.166925 -3.5216622 4294901760
-5.0775404 -3.0521002 -3.5149288 4294901760
-7.3068986 -3.9195664 -3.5267549 4294901760
-8.9770298 -5.3960762 -3.4995878 4294901760
-11.469082 -6.152245 -3.5418661 4294901760
-12.785629 -7.6854186 -3.4902203 4294901760
-16.10557 -7.6509309 -3.5770545 4294901760
-19.83918 -11.925296 -3.5265217 4294901760
-17.597605 -9.4397068 -3.540241 4294901760
-21.048065 -14.095771 -3.5229986 4294901760
-5.0820746 -3.0295255 -3.5130086 4294901760
-7.3142872 -3.8890772 -3.5255165 4294901760
-8.9933519 -5.3611155 -3.4994204 4294901760
-11.495056 -6.1120324 -3.5429487 4294901760
-12.820543 -7.6425796 -3.4917557 4294901760
-16.119087 -7.5850706 -3.5762601 4294901760
-19.869045 -11.844332 -3.5263729 4294901760
-17.776405 -9.4518862 -3.5550389 4294901760
-21.05636 -13.989818 -3.5206699 4294901760
-5.0926189 -3.0117662 -3.5132556 4294901760
-7.3278189 -3.8635201 -3.5258577 4294901760
-9.0120115 -5.3296881 -3.4998577 4294901760
-11.512814 -6.0700169 -3.5429654 4294901760
-12.847143 -7.5977783 -3.492379 4294901760
-16.156296 -7.5338035 -3.5781476 4294901760
-19.906836 -11.772868 -3.5270474 4294901760
-17.830452 -9.4009295 -3.5579081 4294901760
-21.111736 -13.920622 -3.5222688 4294901760
-5.1092224 -2.9987626 -3.5156708 4294901760
-7.3336391 -3.8355649 -3.5245836 4294901760
-9.0296345 -5.2997756 -3.5002725 4294901760
-11.539909 -6.0354853 -3.5445132 4294901760
-12.865407 -7.5511103 -3.4920888 4294901760
-16.163113 -7.4718332 -3.576889 4294901760
-19.921675 -11.692656 -3.525924 4294901760
-17.843863 -9.3325148 -3.5569949 4294901760
-21.161119 -13.852727 -3.5235481 4294901760
-5.1130018 -2.9770319 -3.5137367 4294901760
-7.3469839 -3.8099406 -3.5249236 4294901760
-9.0549116 -5.2721987 -3.5019634 4294901760
-11.553864 -5.9915109 -3.5440087 4294901760
-12.898563 -7.5101542 -3.4935925 4294901760
-16.196341 -7.4186807 -3.5783865 4294901760
-19.962374 -11.623039 -3.5268867 4294901760
-17.865717 -9.2646618 -3.5568013 4294901760
-21.195959 -13.770072 -3.5235503 4294901760
-5.1200261 -2.9572408 -3.5128925 4294901760
-7.3602371 -3.7842729 -3.5252633 4294901760
-9.0732574 -5.240561 -3.5023997 4294901760
-11.578234 -5.95296 -3.5450628 4294901760
-12.92814 -7.4670763 -3.4946549 4294901760
-16.229391 -7.3653951 -3.5798838 4294901760
-19.988995 -11.545307 -3.5266812 4294901760
-17.905035 -9.2058907 -3.5583084 4294901760
-21.237181 -13.691678 -3.5240824 4294901760
-5.1336598 -2.9412651 -3.5142291 4294901760
-7.3734021 -3.7585578 -3.5256026 4294901760
-9.0777798 -5.2009983 -3.500325 4294901760
-11.595409 -5.9107065 -3.5450766 4294901760
-12.954128 -7.4219027 -3.495276 4294901760
-16.280428 -7.3201318 -3.5833266 4294901760
-20.018791 -11.469511 -3.5267656 4294901760
-17.940613 -9.1451445 -3.5594745 4294901760
-21.264671 -13.604556 -3.5235479 4294901760
-5.1505938 -2.9271338 -3.5166569 4294901760
-7.3759756 -3.7274895 -3.5235429 4294901760
-9.0924435 -5.167326 -3.5001318 4294901760
-11.605347 -5.8648252 -3.5440485 4294901760
-12.973042 -7.3727088 -3.4950135 4294901760
-16.309519 -7.2648778 -3.5844345 4294901760
-20.037891 -11.387733 -3.5259721 4294901760
-17.979544 -9.0860605 -3.5609808 4294901760
-21.308661 -13.528105 -3.5243433 4294901760
-5.16078 -2.909138 -3.5169029 4294901760
-7.3994617 -3.7069919 -3.5262802 4294901760
-9.110425 -5.1355577 -3.500566 4294901760
-11.632842 -5.827836 -3.5456214 4294901760
-12.991769 -7.3234763 -3.49475 4294901760
-16.30563 -7.1950436 -3.5820358 4294901760
-20.042757 -11.298127 -3.5240064 4294901760
-18.018278 -9.0268202 -3.5624869 4294901760
-21.328732 -13.436625 -3.5232701 4294901760
-5.167541 -2.8892248 -3.5160575 4294901760
-7.4053307 -3.677649 -3.5250185 4294901760
-9.1282959 -5.103723 -3.5009999 4294901760
-11.663776 -5.7924862 -3.5477149 4294901760
-13.013782 -7.2761378 -3.4949267 4294901760
-16.326996 -7.1364827 -3.5823615 4294901760
-19.939278 -11.148252 -3.5129712 4294901760
-18.05682 -8.967411 -3.5639927 4294901760
-21.35181 -13.347274 -3.5224605 4294901760
-5.1708584 -2.8674328 -3.5141199 4294901760
-7.4181232 -3.651777 -3.5253561 4294901760
-9.1460562 -5.0718279 -3.5014331 4294901760
-11.691046 -5.7552419 -3.5492883 4294901760
-13.035625 -7.2287374 -3.4951026 4294901760
-16.355465 -7.0810294 -3.5834658 4294901760
-20.005989 -11.094064 -3.5162585 4294901760
-18.073706 -8.8972836 -3.5634503 4294901760
-21.398273 -13.272661 -3.5235171 4294901760
-5.183713 -2.8521264 -3.515444 4294901760
-7.4231439 -3.6237164 -3.5240757 4294901760
-9.1558981 -5.0376592 -3.5005875 4294901760
-11.695805 -5.7094779 -3.547709 4294901760
-13.073462 -7.1931386 -3.4974573 4294901760
-16.364214 -7.020472 -3.5825834 4294901760
-20.105597 -11.062284 -3.5224276 4294901760
-18.092363 -8.8320522 -3.563206 4294901760
-21.452368 -13.207907 -3.525322 4294901760
-5.2003994 -2.8377061 -3.5178721 4294901760
-7.4534006 -3.6063256 -3.528414 4294901760
-9.1803656 -5.0094576 -3.5022769 4294901760
-11.697803 -5.6599784 -3.5456331 4294901760
-13.098489 -7.1474628 -3.4980743 4294901760
-16.417942 -6.97577 -3.5864167 4294901760
-20.165102 -11.003507 -3.5251341 4294901760
-18.115906 -8.7653751 -3.5633426 4294901760
-21.494932 -13.130867 -3.5261099 4294901760
-5.2068858 -2.8177025 -3.517025 4294901760
-7.4659438 -3.5802865 -3.5287507 4294901760
-9.1943207 -4.9755001 -3.5020802 4294901760
-11.728222 -5.624258 -3.5477254 4294901760
-13.109368 -7.0941253 -3.4969211 4294901760
-16.442192 -6.9184175 -3.5871289 4294901760
-20.006865 -10.8267 -3.5096707 4294901760
-18.15358 -8.705533 -3.5648444 4294901760
-21.550877 -13.061961 -3.527967 4294901760
-5.2166896 -2.7995098 -3.5172694 4294901760
-7.4748526 -3.5525196 -3.5282862 4294901760
-9.2151146 -4.9452443 -3.5031407 4294901760
-11.751366 -5.5849872 -3.5487752 4294901760
-13.123538 -7.0426793 -3.4962087 4294901760
-16.466242 -6.860981 -3.5878401 4294901760
-19.851158 -10.653022 -3.4944811 4294901760
-18.169453 -8.6352654 -3.5642943 4294901760
-21.610025 -12.994884 -3.5300922 4294901760
-5.2332301 -2.7849028 -3.5196977 4294901760
-7.4801102 -3.5230649 -3.5270202 4294901760
-9.2358093 -4.9149055 -3.5042009 4294901760
-11.767199 -5.5422454 -3.5487814 4294901760
-13.148041 -6.9968295 -3.4968226 4294901760
-16.482727 -6.800427 -3.587769 4294901760
-20.247519 -10.77487 -3.5253375 4294901760
-18.192272 -8.5683966 -3.5644262 4294901760
-21.668964 -12.927556 -3.5322173 4294901760
-5.2361069 -2.7630219 -3.5177572 4294901760
-7.4888096 -3.4952722 -3.5265543 4294901760
-9.2494144 -4.8807898 -3.5040026 4294901760
-11.775688 -5.4960985 -3.5477431 4294901760
-13.168869 -6.9490323 -3.4969933 4294901760
-16.491619 -6.7368212 -3.5869145 4294901760
-20.288538 -10.705984 -3.5265758 4294901760
-18.207623 -8.4980927 -3.5638721 4294901760
-21.655563 -12.817269 -3.5287139 4294901760
-3.211144 -1.4857982 -3.5037839 4294901760
-5.2315893 -2.7384989 -3.5136187 4294901760
-7.5039182 -3.4720674 -3.5276732 4294901760
-9.258544 -4.8464265 -3.5031524 4294901760
-11.790247 -5.4553542 -3.5477207 4294901760
-13.181269 -6.8997941 -3.4962461 4294901760
-16.539711 -6.6925564 -3.590323 4294901760
-20.338068 -10.646053 -3.5286472 4294901760
-18.174192 -8.4092102 -3.5588231 4294901760
-21.680735 -12.735281 -3.5283699 4294901760
-3.2393787 -1.4851553 -3.5158691 4294901760
-5.2445354 -2.7219937 -3.5149541 4294901760
-7.5159922 -3.4458511 -3.5280073 4294901760
-9.2718973 -4.8122554 -3.5029521 4294901760
-11.809218 -5.4141631 -3.5482457 4294901760
-13.198214 -6.8500733 -3.495971 4294901760
-16.559275 -6.633296 -3.5906391 4294901760
-20.375109 -10.57499 -3.5295906 4294901760
-18.250547 -8.3673143 -3.5640862 4294901760
-21.725058 -12.659517 -3.529418 4294901760
-3.2448001 -1.4732732 -3.5160201 4294901760
-5.2510519 -2.7009926 -3.5141158 4294901760
-7.5250006 -3.4166605 -3.5275562 4294901760
-9.2965031 -4.7818584 -3.504662 4294901760
-11.828982 -5.3708458 -3.5487962 4294901760
-13.230305 -6.805295 -3.4974988 4294901760
-16.550154 -6.5593557 -3.5878589 4294901760
-20.403084 -10.49477 -3.5296979 4294901760
-18.299244 -8.3086119 -3.5666509 4294901760
-21.750572 -12.567828 -3.5289059 4294901760
-3.2598414 -1.4663992 -3.5212829 4294901760
-5.260448 -2.6826465 -3.514358 4294901760
-7.5261493 -3.385545 -3.5254843 4294901760
-9.316658 -4.7511735 -3.5057206 4294901760
-11.858515 -5.3344059 -3.5508871 4294901760
-13.261065 -6.7626843 -3.498996 4294901760
-16.569242 -6.5000906 -3.588171 4294901760
-20.428926 -10.418046 -3.5297558 4294901760
-18.324499 -8.2430487 -3.5671179 4294901760
-21.756214 -12.469993 -3.5269949 4294901760
-3.2514422 -1.449676 -3.5145936 4294901760
-5.2693152 -2.6651871 -3.5145879 4294901760
-7.5409174 -3.3621657 -3.5266018 4294901760
-9.3253088 -4.7166834 -3.5048673 4294901760
-11.865266 -5.290204 -3.5498166 4294901760
-13.283419 -6.7186708 -3.4995751 4294901760
-16.605555 -6.4508767 -3.5904045 4294901760
-20.459805 -10.348443 -3.5303538 4294901760
-18.355375 -8.1838598 -3.5682294 4294901760
-21.797445 -12.397776 -3.5279849 4294901760
-25.162277 -9.7749672 -3.5451963 4294901760
-3.2534173 -1.4362851 -3.5130372 4294901760
-5.2721605 -2.6424041 -3.5126548 4294901760
-7.556778 -3.3360884 -3.5277524 4294901760
-9.3354673 -4.6789312 -3.5040557 4294901760
-11.880946 -5.2450781 -3.5498424 4294901760
-13.297288 -6.6645937 -3.498883 4294901760
-16.617935 -6.3856854 -3.5899663 4294901760
-20.490461 -10.269808 -3.5307498 4294901760
-18.39254 -8.1197491 -3.5697641 4294901760
-21.797541 -12.292312 -3.5255804 4294901760
-25.183027 -9.6769485 -3.5453026 4294901760
-3.2550895 -1.423467 -3.5114732 4294901760
-5.281352 -2.6239843 -3.5128958 4294901760
-7.5611897 -3.3065464 -3.5264797 4294901760
-9.3552818 -4.6480737 -3.5051129 4294901760
-11.906454 -5.2067528 -3.5514095 4294901760
-13.320471 -6.6181359 -3.4994907 4294901760
-16.640123 -6.3276381 -3.5906665 4294901760
-20.526184 -10.198219 -3.5316863 4294901760
-18.41712 -8.0538998 -3.5702279 4294901760
-21.850765 -12.221993 -3.5274262 4294901760
-25.18679 -9.5776272 -3.5443418 4294901760
-3.2666917 -1.4149779 -3.5150294 4294901760
-5.287024 -2.6038313 -3.5120428 4294901760
-7.5690861 -3.2785738 -3.5260084 4294901760
-9.3820877 -4.6206288 -3.507431 4294901760
-11.924557 -5.1651597 -3.5519304 4294901760
-13.347059 -6.5733562 -3.5005419 4294901760
-16.699385 -6.2835402 -3.5952861 4294901760
-20.547338 -10.119455 -3.5314422 4294901760
-18.448778 -7.991147 -3.5713773 4294901760
-21.896788 -12.147582 -3.528733 4294901760
-25.160271 -9.4671507 -3.5413537 4294901760
-3.2711208 -1.404708 -3.5151577 4294901760
-5.2951784 -2.5872083 -3.512259 4294901760
-7.5721402 -3.2516825 -3.5247006 4294901760
-9.3965578 -4.5911303 -3.5078149 4294901760
-11.937078 -5.1261053 -3.5518756 4294901760
-13.367644 -6.5313911 -3.5010879 4294901760
-16.696651 -6.2227006 -3.5935626 4294901760
-20.56469 -10.047846 -3.5311024 4294901760
-18.488445 -7.9394403 -3.5734768 4294901760
-21.885889 -12.051773 -3.5258925 4294901760
-25.122538 -9.362956 -3.5377479 4294901760
-3.276247 -1.3927102 -3.5153072 4294901760
-5.2976909 -2.5644281 -3.5103233 4294901760
-7.5948362 -3.2285128 -3.5274544 4294901760
-9.3919744 -4.546329 -3.5044763 4294901760
-11.959437 -5.0838747 -3.5529444 4294901760
-13.398651 -6.4858217 -3.5026131 4294901760
-16.719345 -6.1614656 -3.5942953 4294901760
-20.583416 -9.9637175 -3.5306051 4294901760
-18.502743 -7.8653889 -3.5729458 4294901760
-21.922905 -11.967656 -3.526438 4294901760
-25.269091 -9.3122454 -3.5464461 4294901760
-3.2775068 -1.3804308 -3.5137348 4294901760
-5.320056 -2.5535128 -3.5149269 4294901760
-7.6055012 -3.2033095 -3.5277674 4294901760
-9.4105635 -4.5168686 -3.5055106 4294901760
-11.957947 -5.0364866 -3.5508196 4294901760
-13.4165 -6.4396329 -3.5027435 4294901760
-16.743427 -6.1073542 -3.5953496 4294901760
-20.616346 -9.8954048 -3.5314887 4294901760
-18.517704 -7.799346 -3.5726767 4294901760
-21.948429 -11.887286 -3.5263388 4294901760
-25.288576 -9.2242928 -3.5466859 4294901760
-3.2725062 -1.3642232 -3.5087614 4294901760
-5.332859 -2.5356495 -3.516273 4294901760
-7.6316724 -3.181447 -3.5313246 4294901760
-9.4234867 -4.4806476 -3.5053246 4294901760
-11.969002 -4.9895673 -3.5503154 4294901760
-13.436422 -6.3887043 -3.5029335 4294901760
-16.761953 -6.044589 -3.5956872 4294901760
-20.638063 -9.8129158 -3.5312819 4294901760
-18.538805 -7.7283487 -3.5728292 4294901760
-22.002407 -11.81242 -3.5282309 4294901760
-25.284655 -9.1179914 -3.545254 4294901760
-3.2906518 -1.3583252 -3.515733 4294901760
-5.3312235 -2.5120943 -3.5132291 4294901760
-7.6282287 -3.1488032 -3.5284414 4294901760
-9.4462204 -4.4510975 -3.5070107 4294901760
-11.986344 -4.9477596 -3.5508316 4294901760
-13.444249 -6.3349853 -3.5017571 4294901760
-16.745438 -5.9726658 -3.592453 4294901760
-20.668581 -9.7391195 -3.5319133 4294901760
-18.591463 -7.6742406 -3.5760393 4294901760
-22.047026 -11.737426 -3.5295308 4294901760
-25.301281 -9.0243149 -3.5452864 4294901760
-3.2886615 -1.3440874 -3.512459 4294901760
-5.3434501 -2.4950988 -3.5145626 4294901760
-7.6355429 -3.1206727 -3.5279665 4294901760
-9.4652805 -4.4197683 -3.5080655 4294901760
-12.003543 -4.905889 -3.5513473 4294901760
-13.491507 -6.2997956 -3.5054753 4294901760
-16.788721 -5.9221258 -3.5955024 4294901760
-20.680758 -9.6567822 -3.531064 4294901760
-18.618139 -7.6092973 -3.576839 4294901760
-22.073742 -11.652941 -3.5294778 4294901760
-25.313801 -8.9292984 -3.5450621 4294901760
-3.3067753 -1.3380387 -3.5194318 4294901760
-5.3591189 -2.4796669 -3.5169907 4294901760
-7.6391168 -3.0910578 -3.5266871 4294901760
-9.4734764 -4.3833823 -3.5072246 4294901760
-12.016915 -4.8624706 -3.5513377 4294901760
-13.498977 -6.2459831 -3.5042965 4294901760
-16.80929 -5.8634863 -3.5961938 4294901760
-20.674505 -9.566103 -3.5287316 4294901760
-18.629805 -7.5382805 -3.5762589 4294901760
-22.089527 -11.562859 -3.5286109 4294901760
-25.276945 -8.8172092 -3.5415328 4294901760
-3.2943692 -1.3203223 -3.5110257 4294901760
-5.3673124 -2.4618816 -3.5172174 4294901760
-7.6456852 -3.0642495 -3.5261939 4294901760
-9.4879608 -4.3519425 -3.5076253 4294901760
-12.007192 -4.8122606 -3.5481555 4294901760
-13.519615 -6.2011838 -3.5048678 4294901760
-16.824879 -5.8064113 -3.5964563 4294901760
-20.764145 -9.5241089 -3.5343449 4294901760
-18.647299 -7.4734926 -3.5763259 4294901760
-22.110037 -11.480345 -3.5282309 4294901760
-25.366444 -8.75418 -3.5465848 4294901760
-3.3092964 -1.3122479 -3.5162978 4294901760
-5.3692851 -2.4390063 -3.5152776 4294901760
-7.6641569 -3.0390973 -3.5281436 4294901760
-9.5038471 -4.3171377 -3.5080678 4294901760
-12.039504 -4.7740703 -3.5507913 4294901760
-13.53501 -6.1483002 -3.5046067 4294901760
-16.812119 -5.7331371 -3.5936382 4294901760
-20.773481 -9.436388 -3.5332386 4294901760
-18.681978 -7.4080362 -3.5778508 4294901760
-22.137772 -11.391925 -3.5282214 4294901760
-25.368122 -8.6508379 -3.5456409 4294901760
-3.3136299 -1.3012664 -3.5164316 4294901760
-5.3738317 -2.4196062 -3.5144083 4294901760
-7.6778445 -3.0150988 -3.5292571 4294901760
-9.5181122 -4.2855983 -3.5084674 4294901760
-12.05527 -4.7341189 -3.5512774 4294901760
-13.566205 -6.1082807 -3.5065136 4294901760
-16.823492 -5.674808 -3.5935032 4294901760
-20.062418 -9.033247 -3.4736302 4294901760
-18.706442 -7.3460426 -3.5786054 4294901760
-22.186092 -11.323894 -3.5300045 4294901760
-25.385321 -8.5628366 -3.5458612 4294901760
-3.3316677 -1.294945 -3.523406 4294901760
-5.3857627 -2.4024022 -3.5157409 4294901760
-7.6846662 -2.9868584 -3.5287786 4294901760
-9.536624 -4.2539573 -3.5095203 4294901760
-12.053228 -4.6848211 -3.5491645 4294901760
-13.576548 -6.0560274 -3.5057745 4294901760
-16.846977 -5.6173077 -3.5945816 4294901760
-20.815369 -9.2850142 -3.5332513 4294901760
-18.702242 -7.2691445 -3.5766363 4294901760
-22.13644 -11.201322 -3.524245 4294901760
-25.40369 -8.4703827 -3.5461309 4294901760
-3.3291771 -1.2812854 -3.5201225 4294901760
-5.397223 -2.3860865 -3.5170617 4294901760
-7.6908684 -2.9599497 -3.5282831 4294901760
-9.5506783 -4.2223091 -3.5099192 4294901760
-12.068698 -4.6448255 -3.5496485 4294901760
-13.589281 -6.0077562 -3.5054502 4294901760
-16.8466 -5.5551734 -3.5932617 4294901760
-20.831446 -9.2094822 -3.5329347 4294901760
-18.741127 -7.2128134 -3.578769 4294901760
-22.080702 -11.0813 -3.5181544 4294901760
-25.393717 -8.3735886 -3.5445631 4294901760
-3.3270745 -1.2664959 -3.5168524 4294901760
-5.4059319 -2.3662899 -3.5173104 4294901760
-7.694334 -2.9289525 -3.527015 4294901760
-9.5624676 -4.1856928 -3.5097265 4294901760
-12.078224 -4.5977397 -3.5491326 4294901760
-13.596636 -5.9515328 -3.5042915 4294901760
-16.859272 -5.4909277 -3.5931895 4294901760
-20.912579 -9.1538754 -3.5377555 4294901760
-18.767437 -7.1440787 -3.5795984 4294901760
-22.235542 -11.057177 -3.5279028 4294901760
-25.409048 -8.2755194 -3.5446227 4294901760
-3.3280828 -1.2535968 -3.5152833 4294901760
-5.4106245 -2.3458729 -3.5164511 4294901760
-7.7045107 -2.9020762 -3.5273383 4294901760
-9.5770197 -4.152288 -3.5101452 4294901760
-12.11648 -4.5639429 -3.5527918 4294901760
-13.613678 -5.9024529 -3.5044403 4294901760
-16.866966 -5.4283834 -3.5926874 4294901760
-20.9261 -9.0728836 -3.5371852 4294901760
-18.799723 -7.0813355 -3.5810788 4294901760
-22.288328 -10.986553 -3.5300033 4294901760
-25.403568 -8.1757631 -3.5433524 4294901760
-3.339015 -1.2450866 -3.5188339 4294901760
-5.4077573 -2.3233562 -3.5133879 4294901760
-7.7140923 -2.8765109 -3.5276451 4294901760
-9.5834751 -4.1173859 -3.5092764 4294901760
-12.10924 -4.515419 -3.5501218 4294901760
-13.640486 -5.8604155 -3.505898 4294901760
-16.877281 -5.3700047 -3.5925431 4294901760
-20.926743 -8.990839 -3.5356746 4294901760
-18.81563 -7.0161672 -3.5811355 4294901760
-22.313879 -10.907321 -3.5301502 4294901760
-25.403904 -8.0830002 -3.542537 4294901760
-3.3433404 -1.2334244 -3.5189734 4294901760
-5.4193778 -2.3059745 -3.5147192 4294901760
-7.7204051 -2.8482103 -3.5271626 4294901760
-9.5905132 -4.0808148 -3.5084271 4294901760
-12.121203 -4.4717522 -3.550102 4294901760
-13.649879 -5.8080969 -3.5051515 4294901760
-16.884525 -5.3074803 -3.5920367 4294901760
-20.998384 -8.934926 -3.5398571 4294901760
-18.840004 -6.9504504 -3.5819218 4294901760
-22.341036 -10.824148 -3.5303459 4294901760
-25.45101 -8.000268 -3.5448329 4294901760
-3.347626 -1.2217455 -3.5191126 4294901760
-5.4309444 -2.2885375 -3.5160506 4294901760
-7.7339859 -2.8225861 -3.5282893 4294901760
-9.6083431 -4.0488453 -3.5094767 4294901760
-12.136741 -4.42941 -3.5506072 4294901760
-13.684731 -5.7665887 -3.5075314 4294901760
-16.895344 -5.2461429 -3.591923 4294901760
-21.033125 -8.8631172 -3.5410662 4294901760
-18.871645 -6.887372 -3.5833993 4294901760
-22.159185 -10.640688 -3.5147541 4294901760
-25.471157 -7.9090033 -3.5453403 4294901760
-3.3552802 -1.2112836 -3.5209613 4294901760
-5.4353452 -2.2680826 -3.5151892 4294901760
-7.7364135 -2.7929084 -3.5270004 4294901760
-9.6187696 -4.0137587 -3.509259 4294901760
-12.144665 -4.3843236 -3.5500598 4294901760
-13.690096 -5.7126579 -3.5063353 4294901760
-16.921167 -5.1894703 -3.5933864 4294901760
-21.038158 -8.7788868 -3.539892 4294901760
-18.876823 -6.8146873 -3.5824518 4294901760
-22.15654 -10.544403 -3.5127573 4294901760
-25.460432 -7.8083353 -3.5437996 4294901760
-3.3629017 -1.2007838 -3.52281 4294901760
-5.4467888 -2.2505679 -3.5165203 4294901760
-7.7461143 -2.765888 -3.5273209 4294901760
-9.6436806 -3.984689 -3.5115747 4294901760
-12.152419 -4.3392372 -3.5495107 4294901760
-13.717303 -5.6678762 -3.5078204 4294901760
-16.927742 -5.1269126 -3.5928743 4294901760
-21.053921 -8.6993055 -3.539608 4294901760
-18.870455 -6.7380319 -3.5804613 4294901760
-22.35207 -10.541925 -3.5257418 4294901760
-25.487532 -7.7194195 -3.5448122 4294901760
-3.3566108 -1.1860021 -3.5178127 4294901760
-5.4470925 -2.2295749 -3.5145497 4294901760
-7.7515459 -2.7388787 -3.5268197 4294901760
-9.6604977 -3.9541838 -3.5126026 4294901760
-12.166741 -4.298914 -3.5499876 4294901760
-13.732342 -5.6208496 -3.5079336 4294901760
-16.933203 -5.0673242 -3.5923269 4294901760
-21.093731 -8.6339741 -3.5413628 4294901760
-18.91901 -6.6847148 -3.5836289 4294901760
-22.379673 -10.464362 -3.5261481 4294901760
-25.497686 -7.6302772 -3.5447485 4294901760
-3.3607302 -1.1742781 -3.517951 4294901760
-5.4584112 -2.2119939 -3.5158801 4294901760
-7.7647614 -2.7130978 -3.5279443 4294901760
-9.670579 -3.9189539 -3.5123832 4294901760
-12.155453 -4.2472563 -3.5468044 4294901760
-13.762937 -5.5773616 -3.5098653 4294901760
-16.924055 -5.0002861 -3.5902297 4294901760
-21.105249 -8.5527973 -3.5407765 4294901760
-18.968575 -6.62784 -3.5868359 4294901760
-22.408819 -10.382822 -3.5266025 4294901760
-25.550974 -7.5491471 -3.5475495 4294901760
-3.3682351 -1.1637236 -3.519799 4294901760
-5.4660997 -2.1929269 -3.5161135 4294901760
-7.759356 -2.6808536 -3.5250409 4294901760
-9.6695271 -3.8792863 -3.5102608 4294901760
-12.155202 -4.1996164 -3.5451977 4294901760
-13.767558 -5.5233622 -3.5086634 4294901760
-16.952875 -4.9445243 -3.5920832 4294901760
-21.116459 -8.4716434 -3.5401874 4294901760
-18.976521 -6.5563779 -3.5862269 4294901760
-22.434044 -10.29954 -3.526782 4294901760
-25.592503 -7.4643826 -3.549582 4294901760
-3.3791378 -1.1543036 -3.5233574 4294901760
-5.4737206 -2.1738346 -3.5163467 4294901760
-7.7835126 -2.6588252 -3.5285816 4294901760
-9.6830082 -3.8455119 -3.510673 4294901760
-12.173542 -4.1584463 -3.5462222 4294901760
-13.775664 -5.47087 -3.5079072 4294901760
-16.958549 -4.8820162 -3.591563 4294901760
-21.186695 -8.4140882 -3.5443721 4294901760
-18.984198 -6.4849463 -3.5856156 4294901760
-22.437155 -10.206296 -3.5253205 4294901760
-25.583866 -7.3650665 -3.5482805 4294901760
-3.3797121 -1.1413403 -3.521785 4294901760
-5.4812756 -2.1547127 -3.5165794 4294901760
-7.7890315 -2.6303825 -3.5280938 4294901760
-9.685339 -3.8073478 -3.5091817 4294901760
-12.199263 -4.1197329 -3.5482998 4294901760
-13.783575 -5.4183817 -3.507149 4294901760
-16.979319 -4.8238735 -3.5926235 4294901760
-21.223366 -8.3429947 -3.5458708 4294901760
-18.999168 -6.4160838 -3.5856965 4294901760
-22.479927 -10.131188 -3.526861 4294901760
-25.578688 -7.2669797 -3.547231 4294901760
-3.3767984 -1.1272401 -3.5185018 4294901760
-5.4851747 -2.1341698 -3.5157146 4294901760
-7.7981663 -2.6031775 -3.5284109 4294901760
-9.6912031 -3.7706499 -3.5083234 4294901760
-12.21357 -4.0771241 -3.5487964 4294901760
-13.798698 -5.368793 -3.5072856 4294901760
-16.996056 -4.764575 -3.593287 4294901760
-21.263517 -8.2732019 -3.5476673 4294901760
-19.017668 -6.3484626 -3.5861228 4294901760
-22.526089 -10.05754 -3.5286739 4294901760
-25.619282 -7.1819596 -3.5492573 4294901760
-3.3772697 -1.11431 -3.5169282 4294901760
-5.4925909 -2.11501 -3.5159466 4294901760
-7.8034792 -2.5747113 -3.5279212 4294901760
-9.7153711 -3.7410591 -3.5106373 4294901760
-12.212654 -4.0294924 -3.547184 4294901760
-13.821067 -5.3220229 -3.5083172 4294901760
-17.001066 -4.702034 -3.5927613 4294901760
-21.284817 -8.1960592 -3.5479684 4294901760
-19.032141 -6.279541 -3.5861995 4294901760
-22.528206 -9.9643145 -3.5272036 4294901760
-25.628799 -7.0882306 -3.5492282 4294901760
-3.377692 -1.1013912 -3.5153542 4294901760
-5.4999399 -2.0958254 -3.5161781 4294901760
-7.8198771 -2.5498903 -3.5298498 4294901760
-9.7062092 -3.6986809 -3.5072377 4294901760
-12.226645 -3.9868402 -3.5476785 4294901760
-13.846991 -5.2765808 -3.5097969 4294901760
-16.994324 -4.636374 -3.5910449 4294901760
-21.320755 -8.1245584 -3.5494642 4294901760
-19.057734 -6.2143083 -3.5873177 4294901760
-22.540911 -9.8760099 -3.5265503 4294901760
-25.657236 -6.9997811 -3.5504808 4294901760
-3.3918676 -1.0929296 -3.520623 4294901760
-5.5108256 -2.0779729 -3.5175071 4294901760
-7.8287301 -2.5225782 -3.5301654 4294901760
-9.7190609 -3.6647768 -3.5076458 4294901760
-12.240486 -3.9441369 -3.5481718 4294901760
-13.857883 -5.2254066 -3.5094819 4294901760
-17.006557 -4.5759897 -3.5913069 4294901760
-21.31538 -8.0374136 -3.5476665 4294901760
-19.067924 -6.1440778 -3.587043 4294901760
-22.571585 -9.7956762 -3.5272634 4294901760
-25.662233 -6.9049902 -3.550189 4294901760
-3.3883767 -1.0800662 -3.517324 4294901760
-5.5209351 -2.0619974 -3.5188131 4294901760
-7.836617 -2.4979706 -3.5304492 4294901760
-9.7416353 -3.6383739 -3.509918 4294901760
-12.245255 -3.9032516 -3.5475602 4294901760
-13.863053 -5.17767 -3.5086584 4294901760
-17.0093 -4.5194697 -3.5907087 4294901760
-21.355478 -7.9759927 -3.5496688 4294901760
-19.083336 -6.082932 -3.5873859 4294901760
-22.613247 -9.7294483 -3.5289721 4294901760
-25.672222 -6.8212581 -3.5503094 4294901760
-3.3955839 -1.0693207 -3.5191712 4294901760
-5.5208735 -2.0400431 -3.5168478 4294901760
-7.8415484 -2.4694221 -3.5299568 4294901760
-9.7691059 -3.6098268 -3.5128667 4294901760
-12.273946 -3.8652513 -3.5501626 4294901760
-13.884772 -5.1306252 -3.5096869 4294901760
-17.001856 -4.4540124 -3.5889843 4294901760
-21.409388 -7.9110804 -3.5526588 4294901760
-19.093044 -6.0126886 -3.5871074 4294901760
-22.617695 -9.6379356 -3.5277631 4294901760
-25.703602 -6.7336273 -3.5518131 4294901760
-3.3994803 -1.0568681 -3.5193138 4294901760
-5.5319314 -2.021116 -3.5181875 4294901760
-7.8355632 -2.4360065 -3.5270584 4294901760
-9.7785587 -3.5726402 -3.5126586 4294901760
-12.284241 -3.8190608 -3.5501504 4294901760
-13.89975 -5.0783358 -3.5098457 4294901760
-17.025782 -4.3936582 -3.5904636 4294901760
-21.453236 -7.8380356 -3.5547953 4294901760
-19.095917 -5.9367504 -3.5861678 4294901760
-22.656544 -9.5565233 -3.5290685 4294901760
-25.716509 -6.6363797 -3.5520768 4294901760
-3.4029663 -1.0455898 -3.5194428 4294901760
-5.5349808 -2.0014515 -3.5173078 4294901760
-7.8623452 -2.4157712 -3.5313909 4294901760
-9.7792006 -3.5361636 -3.511138 4294901760
-12.304423 -3.7806368 -3.551672 4294901760
-13.909033 -5.0295124 -3.509496 4294901760
-17.013239 -4.3303003 -3.5883045 4294901760
-21.482859 -7.7682118 -3.5559421 4294901760
-19.088823 -5.8652005 -3.5844522 4294901760
-22.717573 -9.4936571 -3.5321965 4294901760
-25.715157 -6.5451593 -3.5514657 4294901760
-3.3998373 -1.0310054 -3.5161617 4294901760
-5.5459061 -1.9824464 -3.518647 4294901760
-7.8711467 -2.3869362 -3.5317194 4294901760
-9.7809305 -3.4963033 -3.5096562 4294901760
-12.306806 -3.7320559 -3.5506015 4294901760
-13.927374 -4.9784961 -3.5101013 4294901760
-17.009682 -4.2630692 -3.5870013 4294901760
-21.499914 -7.6853852 -3.5559766 4294901760
-19.144529 -5.8056049 -3.5883875 4294901760
-22.752218 -9.4103231 -3.533226 4294901760
-25.7351 -6.4498868 -3.5522389 4294901760
-3.3997648 -1.0186849 -3.5145781 4294901760
-5.545187 -1.9614755 -3.5166674 4294901760
-7.8865337 -2.3630729 -3.5336311 4294901760
-9.7850199 -3.4612134 -3.5087683 4294901760
-12.334318 -3.69578 -3.5531785 4294901760
-13.932559 -4.9283047 -3.5092993 4294901760
-17.023726 -4.2066393 -3.5876164 4294901760
-21.521521 -7.6127162 -3.5565205 4294901760
-19.148399 -5.7375102 -3.587714 4294901760
-22.772219 -9.3302813 -3.5333319 4294901760
-25.748594 -6.3625937 -3.5526533 4294901760
-3.4033 -1.006812 -3.5147126 4294901760
-5.5483642 -1.9408365 -3.5157967 4294901760
-7.8759289 -2.3299677 -3.5299051 4294901760
-9.7933102 -3.4257333 -3.5085354 4294901760
-12.33573 -3.6493287 -3.5520811 4294901760
-13.953431 -4.8809571 -3.5103233 4294901760
-17.038303 -4.1471934 -3.5882626 4294901760
-21.529129 -7.5309625 -3.5559051 4294901760
-19.164486 -5.6695075 -3.5881221 4294901760
-22.775053 -9.2387352 -3.5321088 4294901760
-25.778406 -6.2745705 -3.554147 4294901760
-3.4104474 -0.99534619 -3.5165656 4294901760
-5.5554404 -1.9204863 -3.516036 4294901760
-7.876884 -2.2988851 -3.5286157 4294901760
-9.7983294 -3.3872304 -3.5076854 4294901760
-12.352832 -3.6051996 -3.5531206 4294901760
-13.974986 -4.8310785 -3.511375 4294901760
-17.037897 -4.0810018 -3.5873494 4294901760
-21.571672 -7.4572129 -3.5580363 4294901760
-19.177485 -5.5969892 -3.5882177 4294901760
-22.84581 -9.1700621 -3.5358839 4294901760
-25.808998 -6.1818995 -3.5556877 4294901760
-3.4173846 -0.98443967 -3.5184116 4294901760
-5.5621104 -1.9010837 -3.5162637 4294901760
-7.8848605 -2.2713771 -3.5289254 4294901760
-9.8063536 -3.3517313 -3.5074503 4294901760
-12.357714 -3.5598638 -3.5525486 4294901760
-13.988001 -4.7809839 -3.5114975 4294901760
-17.05979 -4.0233355 -3.5887873 4294901760
-21.593796 -7.3805823 -3.5586193 4294901760
-19.166258 -5.5211887 -3.5861776 4294901760
-22.892517 -9.0961609 -3.5379601 4294901760
-25.810986 -6.087194 -3.5553689 4294901760
-3.4239471 -0.97469121 -3.5202446 4294901760
-5.5753531 -1.8860689 -3.518667 4294901760
-7.8957305 -2.247669 -3.5300117 4294901760
-9.8130903 -3.3196399 -3.5071743 4294901760
-12.357388 -3.5177639 -3.551398 4294901760
-14.006719 -4.7382894 -3.5124619 4294901760
-17.087864 -3.9733284 -3.590956 4294901760
-21.616875 -7.312706 -3.559413 4294901760
-19.198847 -5.4653144 -3.5882516 4294901760
-22.946981 -9.0344334 -3.5407648 4294901760
-25.791088 -5.9970317 -3.5536566 4294901760
-3.4206834 -0.95957863 -3.5169671 4294901760
-5.5789003 -1.8634268 -3.5178173 4294901760
-7.9005256 -2.216275 -3.5295429 4294901760
-9.8220158 -3.2806838 -3.5069773 4294901760
-12.374623 -3.4713602 -3.5524585 4294901760
-14.005948 -4.6781726 -3.5108378 4294901760
-17.091347 -3.9050248 -3.5904672 4294901760
-21.663721 -7.2359705 -3.5618868 4294901760
-19.235043 -5.3958621 -3.5904753 4294901760
-22.981503 -8.9462557 -3.5418358 4294901760
-25.821709 -5.899735 -3.555238 4294901760
-3.4236813 -0.94882739 -3.517087 4294901760
-5.5810695 -1.8446819 -3.5169213 4294901760
-7.9112301 -2.1924915 -3.5306284 4294901760
-9.8397799 -3.2522912 -3.50861 4294901760
-12.381645 -3.4314072 -3.5523634 4294901760
-14.0168 -4.6328998 -3.5108993 4294901760
-17.091873 -3.8486857 -3.589848 4294901760
-21.663614 -7.1603618 -3.5608714 4294901760
-19.244217 -5.3332772 -3.5904508 4294901760
-22.998323 -8.8697023 -3.5418832 4294901760
-25.836224 -5.8177066 -3.5558481 4294901760
-3.4339662 -0.93878251 -3.5206454 4294901760
-5.5984592 -1.8287771 -3.5204468 4294901760
-7.9037008 -2.1607249 -3.5277021 4294901760
-9.8398018 -3.214242 -3.5070975 4294901760
-12.38972 -3.3871191 -3.5523155 4294901760
-14.032887 -4.5839434 -3.511467 4294901760
-17.105204 -3.7889998 -3.5904853 4294901760
-21.688477 -7.0846972 -3.5617487 4294901760
-19.235798 -5.2587094 -3.5887499 4294901760
-23.044062 -8.7950621 -3.543957 4294901760
-25.848574 -5.7257571 -3.5562932 4294901760
-3.4338834 -0.92524785 -3.5190723 4294901760
-5.5977926 -1.8058814 -3.5184844 4294901760
-7.9153543 -2.1327643 -3.5288324 4294901760
-9.8439922 -3.1757309 -3.5062404 4294901760
-12.402051 -3.3416891 -3.5528195 4294901760
-14.060947 -4.5361457 -3.5134141 4294901760
-17.111195 -3.724591 -3.5903563 4294901760
-21.710501 -7.0039372 -3.562367 4294901760
-19.239544 -5.1840277 -3.5881324 4294901760
-23.076139 -8.7105474 -3.5449746 4294901760
-25.857681 -5.6284375 -3.5565243 4294901760
-3.4439397 -0.91571856 -3.522624 4294901760
-5.6147594 -1.7908196 -3.5219986 4294901760
-7.9223828 -2.1065042 -3.5291228 4294901760
-9.8620005 -3.1454713 -3.5078914 4294901760
-12.40156 -3.2974846 -3.5516858 4294901760
-14.08349 -4.49191 -3.5148537 4294901760
-17.119558 -3.6669931 -3.5905602 4294901760
-21.642366 -6.9028025 -3.5559583 4294901760
-19.245071 -5.1171246 -3.5877883 4294901760
-23.116116 -8.6381674 -3.5467227 4294901760
-25.872297 -5.541822 -3.5571754 4294901760
-3.4365954 -0.90093249 -3.5176177 4294901760
-5.6099553 -1.7677352 -3.5189235 4294901760
-7.9258943 -2.0778401 -3.5286191 4294901760
-9.8691511 -3.1098368 -3.5076499 4294901760
-12.416835 -3.255178 -3.5526934 4294901760
-14.095292 -4.4415226 -3.5149679 4294901760
-17.120562 -3.6047461 -3.5899968 4294901760
-19.255102 -5.0478878 -3.5878291 4294901760
-23.146132 -8.5574188 -3.5476894 4294901760
-25.903208 -5.4539385 -3.5589099 4294901760
-3.4363639 -0.88742501 -3.5160429 4294901760
-5.6090407 -1.7448746 -3.5169582 4294901760
-7.9296584 -2.0477974 -3.5281298 4294901760
-9.8616123 -3.0677755 -3.5048766 4294901760
-12.436364 -3.2116332 -3.5542541 4294901760
-14.100083 -4.3862896 -3.5142069 4294901760
-17.106354 -3.5363312 -3.5878675 4294901760
-21.630247 -6.7287917 -3.5529068 4294901760
-19.254173 -4.972301 -3.5868535 4294901760
-23.166092 -8.468421 -3.5478728 4294901760
-25.883919 -5.350883 -3.5573153 4294901760
-3.4426479 -0.87751943 -3.517875 4294901760
-5.6218581 -1.7295084 -3.519361 4294901760
-7.9246511 -2.0199668 -3.5259755 4294901760
-9.8900909 -3.0425873 -3.5084195 4294901760
-12.434858 -3.1696036 -3.5530925 4294901760
-14.113794 -4.3419676 -3.5147133 4294901760
-17.121283 -3.483362 -3.5888319 4294901760
-21.739 -6.6877856 -3.5606315 4294901760
-19.261974 -4.9098125 -3.5868158 4294901760
-23.177568 -8.3901587 -3.5476327 4294901760
-25.920168 -5.2735138 -3.5594697 4294901760
-3.4495082 -0.86517781 -3.519733 4294901760
-5.6284571 -1.7079121 -3.5196071 4294901760
-7.9323483 -1.9895276 -3.5263083 4294901760
-9.8865709 -3.0000038 -3.5063009 4294901760
-12.423843 -3.1160483 -3.5504334 4294901760
-14.122751 -4.2854404 -3.5144281 4294901760
-17.138437 -3.4183824 -3.5899203 4294901760
-21.791245 -6.6123857 -3.5636985 4294901760
-19.261349 -4.830976 -3.5858712 4294901760
-23.198334 -8.29708 -3.547859 4294901760
-25.920643 -5.1700559 -3.5592141 4294901760
-3.4560268 -0.85400015 -3.5215778 4294901760
-5.6343842 -1.688253 -3.5198302 4294901760
-7.9468608 -1.963706 -3.5282292 4294901760
-9.9007683 -2.9666066 -3.5073311 4294901760
-12.426941 -3.0707545 -3.5498455 4294901760
-14.130004 -4.2338295 -3.5140848 4294901760
-17.154177 -3.3592985 -3.5909452 4294901760
-21.798903 -6.531692 -3.5633535 4294901760
-19.285835 -4.7656193 -3.5873063 4294901760
-23.223394 -8.2147141 -3.5485406 4294901760
-25.930695 -5.0780025 -3.5596399 4294901760
-3.4622147 -0.843997 -3.5234096 4294901760
-5.6359673 -1.6694497 -3.51893 4294901760
-7.9377484 -1.9350146 -3.5252624 4294901760
-9.9100399 -2.9354875 -3.5076835 4294901760
-12.467368 -3.0392168 -3.5545142 4294901760
-14.131796 -4.186029 -3.5132327 4294901760
-17.137272 -3.300118 -3.5887117 4294901760
-21.815491 -6.4620428 -3.563827 4294901760
-19.285219 -4.70123 -3.586561 4294901760
-23.234016 -8.1364365 -3.5482931 4294901760
-25.922995 -4.9919815 -3.5589283 4294901760
-3.4580894 -0.83021462 -3.520113 4294901760
-5.6417599 -1.6497674 -3.5191522 4294901760
-7.9558949 -1.9100432 -3.527992 4294901760
-9.9088449 -2.8975515 -3.5061595 4294901760
-12.485616 -2.997534 -3.5560472 4294901760
-14.16159 -4.1411424 -3.5155981 4294901760
-17.148684 -3.2402811 -3.5893335 4294901760
-21.845573 -6.3880978 -3.5652933 4294901760
-19.30151 -4.6338873 -3.5872908 4294901760
-23.269817 -8.0579023 -3.5498025 4294901760
-25.944183 -4.9022098 -3.5601292 4294901760
-3.4715502 -0.82063949 -3.5253854 4294901760
-5.643784 -1.6289942 -3.5182729 4294901760
-7.943428 -1.8777463 -3.5242429 4294901760
-9.915103 -2.8618467 -3.5059109 4294901760
-12.484419 -2.9511907 -3.5549262 4294901760
-14.164497 -4.0883713 -3.5147989 4294901760
-17.152058 -3.1789451 -3.5891547 4294901760
-21.825569 -6.2996254 -3.5628214 4294901760
-19.325331 -4.5683131 -3.588722 4294901760
-23.30158 -7.9779124 -3.5510337 4294901760
-25.925802 -4.8050618 -3.5587234 4294901760
-3.4708631 -0.80769479 -3.5238018 4294901760
-5.649436 -1.6092837 -3.5184944 4294901760
-7.9575763 -1.8517852 -3.5261619 4294901760
-9.917429 -2.825053 -3.5050225 4294901760
-12.49851 -2.9084933 -3.5559268 4294901760
-14.186331 -4.0410814 -3.5162587 4294901760
-17.155212 -3.1176293 -3.588974 4294901760
-21.613333 -6.1567178 -3.5451958 4294901760
-19.345043 -4.5017304 -3.5898006 4294901760
-23.291477 -7.8837285 -3.5492094 4294901760
-25.942415 -4.7145338 -3.5596585 4294901760
-3.4736612 -0.79557502 -3.523932 4294901760
-5.6550188 -1.5895548 -3.5187151 4294901760
-7.9639916 -1.8239986 -3.5264604 4294901760
-9.9272299 -2.7904196 -3.5054102 4294901760
-12.512454 -2.8657362 -3.5569267 4294901760
-14.196522 -3.990464 -3.516361 4294901760
-17.162071 -3.0570326 -3.589191 4294901760
-21.819078 -6.133069 -3.560591 4294901760
-19.32955 -4.4270601 -3.5877135 4294901760
-23.277212 -7.7884493 -3.5471022 4294901760
-25.942989 -4.6211538 -3.5595484 4294901760
-3.4659438 -0.78044808 -3.5189254 4294901760
-5.6645193 -1.5698447 -3.5200484 4294901760
-7.9667959 -1.7939329 -3.5259626 4294901760
-9.9373913 -2.7540133 -3.5058167 4294901760
-12.51126 -2.8172381 -3.5558243 4294901760
-14.122906 -3.9139717 -3.5065334 4294901760
-17.169237 -2.9934213 -3.5894368 4294901760
-21.891401 -6.066905 -3.5654271 4294901760
-19.337866 -4.3544269 -3.587769 4294901760
-23.290445 -7.6980662 -3.5469832 4294901760
-25.95582 -4.5253439 -3.5602641 4294901760
-3.4614344 -0.76738173 -3.515619 4294901760
-5.6622629 -1.5490202 -3.5180538 4294901760
-7.9727006 -1.7675058 -3.5262449 4294901760
-9.9464693 -2.7210464 -3.5061836 4294901760
-12.512786 -2.7740188 -3.5552049 4294901760
-14.18951 -3.8818114 -3.5133927 4294901760
-17.151588 -2.9317758 -3.5872183 4294901760
-21.915247 -5.9953341 -3.5665388 4294901760
-19.332737 -4.2859659 -3.5866942 4294901760
-23.300667 -7.6158333 -3.5467668 4294901760
-25.962809 -4.4379058 -3.5606229 4294901760
-3.4818017 -0.75915569 -3.5243211 4294901760
-5.6639161 -1.5282422 -3.5171714 4294901760
-7.9788218 -1.7396649 -3.5265412 4294901760
-9.9597225 -2.6873398 -3.5072083 4294901760
-12.52627 -2.731169 -3.5562015 4294901760
-14.210652 -3.8343291 -3.5148485 4294901760
-17.142076 -2.8686006 -3.5858278 4294901760
-21.924484 -5.9156809 -3.5664775 4294901760
-19.343683 -4.2176061 -3.5870612 4294901760
-23.311913 -7.5295434 -3.5465946 4294901760
-25.993896 -4.3498874 -3.5625927 4294901760
-3.4737964 -0.74471748 -3.5193057 4294901760
-5.6692166 -1.5084621 -3.5173903 4294901760
-7.9810104 -1.7109805 -3.5260262 4294901760
-9.9728613 -2.6535738 -3.5082326 4294901760
-12.520207 -2.6841002 -3.5545392 4294901760
-14.21242 -3.7816334 -3.5140386 4294901760
-17.151985 -2.8087459 -3.5864367 4294901760
-21.921864 -5.8329577 -3.5655024 4294901760
-19.342697 -4.1467156 -3.5863693 4294901760
-23.315239 -7.4408426 -3.5458629 4294901760
-25.977398 -4.2539625 -3.5614257 4294901760
-3.4762471 -0.73319376 -3.5194278 4294901760
-5.6779132 -1.4906317 -3.5186999 4294901760
-7.9866409 -1.6845049 -3.5263064 4294901760
-9.9739609 -2.61848 -3.5073187 4294901760
-12.521275 -2.6409285 -3.553915 4294901760
-14.221037 -3.7334716 -3.5141058 4294901760
-17.149406 -2.7499597 -3.5858119 4294901760
-21.925648 -5.7561755 -3.5650895 4294901760
-19.352442 -4.0817266 -3.5866964 4294901760
-23.335978 -7.3622823 -3.5464737 4294901760
-25.99136 -4.1677942 -3.5622995 4294901760
-3.4789104 -0.72044849 -3.5195622 4294901760
-5.6796088 -1.468848 -3.5178266 4294901760
-7.9966011 -1.6560183 -3.5274265 4294901760
-9.9987965 -2.5858667 -3.5102799 4294901760
-12.530869 -2.5950208 -3.5543995 4294901760
-14.230773 -3.680331 -3.514226 4294901760
-17.143633 -2.6846247 -3.5848446 4294901760
-21.969774 -5.6817746 -3.5677981 4294901760
-19.363365 -4.0099645 -3.5870922 4294901760
-23.362803 -7.2767076 -3.5474546 4294901760
-25.98279 -4.0688014 -3.5616932 4294901760
-3.5062716 -0.71335959 -3.5316961 4294901760
-5.6772361 -1.4471104 -3.5158391 4294901760
-8.0023327 -1.6280944 -3.5277202 4294901760
-9.9924421 -2.5470433 -3.5081036 4294901760
-12.535963 -2.5504727 -3.5543277 4294901760
-14.243533 -3.6306336 -3.5147712 4294901760
-17.145025 -2.6235602 -3.584646 4294901760
-21.97014 -5.6001229 -3.5671189 4294901760
-19.357714 -3.9383745 -3.5860407 4294901760
-23.384245 -7.1939373 -3.5481083 4294901760
-25.996834 -3.9780788 -3.5626078 4294901760
-3.4909658 -0.69756341 -3.5232482 4294901760
-5.6822534 -1.4272828 -3.5160558 4294901760
-7.9964294 -1.5978433 -3.5255792 4294901760
-9.9936056 -2.5102191 -3.5072052 4294901760
-12.537008 -2.5051401 -3.5537224 4294901760
-14.256121 -3.5808885 -3.5153151 4294901760
-17.154079 -2.5636923 -3.5852475 4294901760
-21.962467 -5.5165877 -3.5658276 4294901760
-19.363525 -3.8692119 -3.5860438 4294901760
-23.401579 -7.1099405 -3.548481 4294901760
-25.939474 -3.8766775 -3.5588059 4294901760
-3.4968169 -0.6866824 -3.5250845 4294901760
-5.6906948 -1.4093591 -3.5173643 4294901760
-7.9978356 -1.5705634 -3.5250452 4294901760
-9.990366 -2.4742169 -3.5056465 4294901760
-12.545246 -2.4635546 -3.554157 4294901760
-14.244755 -3.5278604 -3.5131085 4294901760
-17.13884 -2.5033431 -3.5834105 4294901760
-22.007753 -5.4504466 -3.5687532 4294901760
-19.372337 -3.8042147 -3.5863626 4294901760
-23.417381 -7.0300093 -3.548805 4294901760
-25.964041 -3.7923744 -3.5604537 4294901760
-3.4885132 -0.67241347 -3.5200653 4294901760
-5.6993213 -1.390399 -3.5186834 4294901760
-8.0032692 -1.5426359 -3.5253363 4294901760
-10.00662 -2.4412022 -3.5073063 4294901760
-12.545977 -2.4182463 -3.5535488 4294901760
-14.253119 -3.4771721 -3.5131955 4294901760
-17.14353 -2.4429398 -3.583607 4294901760
-22.026644 -5.3735914 -3.5695889 4294901760
-19.397242 -3.7388327 -3.5881271 4294901760
-23.445604 -6.949357 -3.5500109 4294901760
-25.969212 -3.7005928 -3.5608349 4294901760
-3.490839 -0.66023219 -3.5201919 4294901760
-5.7003946 -1.3695964 -3.517796 4294901760
-8.0008974 -1.5132321 -3.5240033 4294901760
-10.022766 -2.4081042 -3.5089657 4294901760
-12.566036 -2.3766496 -3.5556021 4294901760
-14.253569 -3.4246113 -3.512373 4294901760
-17.136177 -2.3808906 -3.5825973 4294901760
-22.045267 -5.2966714 -3.5704229 4294901760
-19.421925 -3.6733229 -3.5898905 4294901760
-23.485043 -6.8719578 -3.5520539 4294901760
-25.970108 -3.6082716 -3.5609508 4294901760
-3.5038161 -0.6500265 -3.5254655 4294901760
-5.7013922 -1.3488028 -3.5169079 4294901760
-8.0099869 -1.4860095 -3.5251048 4294901760
-10.027267 -2.3721933 -3.5087035 4294901760
-12.562554 -2.3305998 -3.5544584 4294901760
-14.284788 -3.3794136 -3.5151818 4294901760
-17.144384 -2.3210588 -3.5831912 4294901760
-22.055857 -5.2178483 -3.5706451 4294901760
-19.422873 -3.6033232 -3.5895336 4294901760
-23.512726 -6.7910452 -3.5532577 4294901760
-25.939016 -3.5117028 -3.558964 4294901760
-3.4917967 -0.6351974 -3.5187283 4294901760
-5.6985626 -1.3271468 -3.5149155 4294901760
-8.0189838 -1.458744 -3.5262058 4294901760
-10.031636 -2.3362827 -3.5084403 4294901760
-12.5589 -2.2846062 -3.5533128 4294901760
-14.26551 -3.3223159 -3.5120847 4294901760
-17.152382 -2.2612035 -3.5837834 4294901760
-22.07782 -5.141737 -3.57178 4294901760
-19.415716 -3.531939 -3.5884666 4294901760
-23.540123 -6.7100282 -3.5544598 4294901760
-25.990705 -3.4263623 -3.5624857 4294901760
-3.5011308 -0.62427753 -3.5222859 4294901760
-5.7144246 -1.3098288 -3.51844 4294901760
-8.016305 -1.4293666 -3.5248697 4294901760
-10.043582 -2.3021345 -3.5094573 4294901760
-12.55508 -2.2386637 -3.552165 4294901760
-14.280897 -3.2733884 -3.5130744 4294901760
-17.144367 -2.1992888 -3.5827665 4294901760
-22.083967 -5.061965 -3.5716929 4294901760
-19.372982 -3.4543462 -3.5842144 4294901760
-23.571089 -6.6299782 -3.5559402 4294901760
-26.006468 -3.3361242 -3.5636432 4294901760
-3.5032885 -0.61205161 -3.5224116 4294901760
-5.7152038 -1.2890246 -3.51755 4294901760
-8.021246 -1.4013736 -3.5251572 4294901760
-10.055412 -2.2679284 -3.510474 4294901760
-12.562818 -2.1948214 -3.5526152 4294901760
-14.323273 -3.2305145 -3.5172455 4294901760
-17.140085 -2.1379473 -3.5821493 4294901760
-22.097609 -4.9839621 -3.5722136 4294901760
-19.388849 -3.3873816 -3.5852628 4294901760
-23.59024 -6.5465851 -3.5565794 4294901760
-25.962482 -3.2383981 -3.5608566 4294901760
-3.4982572 -0.5985961 -3.519104 4294901760
-5.7196684 -1.2690668 -3.5177631 4294901760
-8.0028915 -1.369396 -3.5205693 4294901760
-10.067126 -2.2336707 -3.5114903 4294901760
-12.566491 -2.1502857 -3.552531 4294901760
-14.315049 -3.1761899 -3.515506 4294901760
-17.127674 -2.0757077 -3.5807252 4294901760
-22.107079 -4.9050674 -3.5724268 4294901760
-19.380907 -3.3163185 -3.5841866 4294901760
-23.5937 -6.4589291 -3.5560954 4294901760
-25.953802 -3.145349 -3.56043 4294901760
-3.4967499 -0.58578306 -3.5175123 4294901760
-5.7127743 -1.2466314 -3.5146639 4294901760
-8.0037537 -1.340806 -3.5200417 4294901760
-10.06714 -2.1968331 -3.510582 4294901760
-12.577834 -2.1070659 -3.5535121 4294901760
-14.314392 -3.1236613 -3.5146735 4294901760
-17.115038 -2.0135853 -3.5792983 4294901760
-22.104574 -4.8236208 -3.5717206 4294901760
-19.408092 -3.2512856 -3.5862932 4294901760
-23.627661 -6.3796597 -3.5578511 4294901760
-25.956692 -3.0538065 -3.5607889 4294901760
-3.5059283 -0.57474637 -3.5210695 4294901760
-5.7321553 -1.2299145 -3.5192924 4294901760
-8.0045147 -1.3122247 -3.5195134 4294901760
-10.074746 -2.1616786 -3.5109553 4294901760
-12.592943 -2.0644314 -3.5550263 4294901760
-14.313542 -3.0711718 -3.5138392 4294901760
-17.133835 -1.9551846 -3.5810874 4294901760
-22.043247 -4.7296886 -3.5664246 4294901760
-19.399652 -3.1802933 -3.5852118 4294901760
-23.638214 -6.2940626 -3.5579228 4294901760
-25.975132 -2.9640868 -3.5621982 4294901760
-3.5114927 -0.56307882 -3.5229106 4294901760
-5.7326446 -1.209103 -3.5183997 4294901760
-8.0167923 -1.2855177 -3.5214226 4294901760
-10.074495 -2.1248662 -3.5100443 4294901760
-12.584401 -2.0179482 -3.5533371 4294901760
-14.328068 -3.0220098 -3.5148232 4294901760
-17.144514 -1.8958017 -3.5820706 4294901760
-21.87612 -4.6140103 -3.5528615 4294901760
-19.367332 -3.1056123 -3.5820014 4294901760
-23.6639 -6.2125244 -3.5591145 4294901760
-25.945629 -2.8690093 -3.5604448 4294901760
-3.5134368 -0.55081791 -3.5230346 4294901760
-5.7330589 -1.1883031 -3.5175068 4294901760
-8.0251064 -1.2581333 -3.5225186 4294901760
-10.085722 -2.0904887 -3.5110576 4294901760
-12.583529 -1.9727786 -3.5527136 4294901760
-14.322952 -2.9687483 -3.51353 4294901760
-17.123304 -1.8329768 -3.5798314 4294901760
-22.036659 -4.5675845 -3.5649917 4294901760
-19.318977 -3.0287261 -3.5773685 4294901760
-23.700901 -6.133884 -3.561147 4294901760
-25.876074 -2.7699234 -3.5560515 4294901760
-3.5044005 -0.53812653 -3.5179949 4294901760
-5.7405372 -1.1710559 -3.5188007 4294901760
-8.0251417 -1.2323198 -3.5219598 4294901760
-10.099984 -2.0603726 -3.5126746 4294901760
-12.597508 -1.9344405 -3.5541804 4294901760
-14.312723 -2.9197614 -3.5117261 4294901760
-17.117096 -1.777938 -3.5791421 4294901760
-22.07045 -4.5023189 -3.5672514 4294901760
-19.383564 -2.9764895 -3.5829446 4294901760
-23.69685 -6.0534663 -3.5602784 4294901760
-25.936283 -2.6939795 -3.5602629 4294901760
-3.5205977 -0.52804226 -3.5249863 4294901760
-5.7370362 -1.1494982 -3.5168018 4294901760
-8.0255156 -1.2037191 -3.5214281 4294901760
-10.095489 -2.0227773 -3.5111187 4294901760
-12.608108 -1.8910463 -3.5551567 4294901760
-14.326728 -2.8705673 -3.5127063 4294901760
-17.115273 -1.7173856 -3.5789111 4294901760
-22.070379 -4.4221201 -3.5668347 4294901760
-19.389893 -2.9082227 -3.5832701 4294901760
-23.706221 -5.967793 -3.5603404 4294901760
-25.925661 -2.6014402 -3.5598152 4294901760
-3.5116584 -0.5141741 -3.5199578 4294901760
-5.7372346 -1.1287216 -3.5159066 4294901760
-8.0296679 -1.1756973 -3.521709 4294901760
-10.102488 -1.9875247 -3.5114875 4294901760
-12.618559 -1.8475989 -3.5561321 4294901760
-14.324955 -2.8182368 -3.5118623 4294901760
-17.125126 -1.6580153 -3.5798872 4294901760
-21.940817 -4.3165522 -3.5563011 4294901760
-19.407816 -2.8416762 -3.5846581 4294901760
-23.703663 -5.879241 -3.559556 4294901760
-25.906761 -2.5082328 -3.5588357 4294901760
-3.5170207 -0.50242472 -3.5217977 4294901760
-5.7487044 -1.1101472 -3.5183253 4294901760
-8.0298405 -1.1471045 -3.5211756 4294901760
-10.109365 -1.9522457 -3.5118554 4294901760
-12.613147 -1.8018535 -3.5549691 4294901760
-14.33861 -2.7689662 -3.5128398 4294901760
-17.122879 -1.5974827 -3.5796523 4294901760
-21.904819 -4.2300968 -3.5531142 4294901760
-19.401833 -2.7716525 -3.5839155 4294901760
-23.747309 -5.8021417 -3.5621448 4294901760
-25.919338 -2.4181502 -3.5599644 4294901760
-3.5259342 -0.49114606 -3.5253549 4294901760
-5.7487588 -1.0893577 -3.5174289 4294901760
-8.0415649 -1.1201522 -3.523082 4294901760
-10.120001 -1.9176837 -3.5128648 4294901760
-12.619359 -1.7578174 -3.5554075 4294901760
-14.352094 -2.7196417 -3.5138164 4294901760
-17.104549 -1.53557 -3.5778019 4294901760
-21.923372 -4.1543565 -3.5542164 4294901760
-19.391644 -2.701165 -3.5828142 4294901760
-23.755772 -5.7164164 -3.5621994 4294901760
-25.907732 -2.3258805 -3.5595057 4294901760
-3.5276272 -0.47883517 -3.5254769 4294901760
-5.7525263 -1.069284 -3.517637 4294901760
-8.0454264 -1.0920749 -3.5233607 4294901760
-10.130518 -1.8830686 -3.5138736 4294901760
-12.633282 -1.7148238 -3.5569143 4294901760
-14.3615 -2.6695266 -3.5143359 4294901760
-17.121708 -1.4768809 -3.5795791 4294901760
-22.071125 -4.1025977 -3.5654445 4294901760
-19.397005 -2.6329222 -3.5831313 4294901760
-23.787235 -5.6362185 -3.5639412 4294901760
-25.875908 -2.2319989 -3.5577216 4294901760
-3.5400591 -0.46794361 -3.5307519 4294901760
-5.7486463 -1.0478158 -3.5156338 4294901760
-8.0569658 -1.0650121 -3.5252666 4294901760
-10.140919 -1.8484032 -3.5148818 4294901760
-12.631324 -1.6696748 -3.5562813 4294901760
-14.358995 -2.6172395 -3.5134852 4294901760
-17.110884 -1.4157916 -3.5785308 4294901760
-22.101013 -4.0283909 -3.5674689 4294901760
-19.398172 -2.5641525 -3.5830908 4294901760
-23.798988 -5.5513368 -3.5642731 4294901760
-25.875584 -2.1410019 -3.5580478 4294901760
-3.541671 -0.45558447 -3.530874 4294901760
-5.7522678 -1.0277443 -3.5158408 4294901760
-8.0489645 -1.0353822 -3.523102 4294901760
-10.151199 -1.8136913 -3.5158894 4294901760
-12.637074 -1.6255759 -3.5567162 4294901760
-14.368042 -2.5671046 -3.5140016 4294901760
-17.107779 -1.3554296 -3.5782869 4294901760
-22.114939 -3.9512246 -3.5682638 4294901760
-19.395142 -2.4949028 -3.5826921 4294901760
-23.814331 -5.4673414 -3.5648842 4294901760
-25.874937 -2.0500414 -3.5583708 4294901760
-3.5359681 -0.44293594 -3.5275536 4294901760
-5.7518501 -1.0079981 -3.514931 4294901760
-8.0562458 -1.0091722 -3.5241787 4294901760
-10.157159 -1.780018 -3.5162354 4294901760
-12.630585 -1.5821805 -3.5555232 4294901760
-14.384311 -2.5208163 -3.5154045 4294901760
-17.10424 -1.2980874 -3.5780129 4294901760
-22.088617 -3.8709779 -3.5659444 4294901760
-19.38353 -2.4280937 -3.5815465 4294901760
-23.824543 -5.3865781 -3.5651667 4294901760
-25.861685 -1.9627136 -3.5578547 4294901760
-3.541091 -0.43102747 -3.5293927 4294901760
-5.7591305 -0.98856443 -3.5162425 4294901760
-8.0636129 -0.98151624 -3.525269 4294901760
-10.16331 -1.7445493 -3.5165985 4294901760
-12.628152 -1.5371195 -3.5548849 4294901760
-14.373425 -2.4672225 -3.5136352 4294901760
-17.104694 -1.2380822 -3.5781689 4294901760
-21.842434 -3.7492905 -3.5464423 4294901760
-19.391886 -2.3604126 -3.5822103 4294901760
-23.80813 -5.2955756 -3.5635152 4294901760
-25.812618 -1.8683842 -3.5549939 4294901760
-3.5318465 -0.41677219 -3.5243649 4294901760
-5.7589154 -0.96681315 -3.515352 4294901760
-8.0632601 -0.95149732 -3.5247433 4294901760
-10.173533 -1.7079442 -3.5176222 4294901760
-12.629761 -1.4903629 -3.5548019 4294901760
-14.370603 -2.4125528 -3.5128026 4294901760
-17.105145 -1.1751132 -3.5783505 4294901760
-21.950472 -3.6850696 -3.554642 4294901760
-19.404366 -2.2897937 -3.583261 4294901760
-23.842979 -5.2116938 -3.5655746 4294901760
-25.771486 -1.7704858 -3.5526986 4294901760
-3.5333505 -0.40382361 -3.5244911 4294901760
-5.7624207 -0.94569772 -3.5155671 4294901760
-8.0550032 -0.92059952 -3.5225875 4294901760
-10.175825 -1.6700021 -3.5173583 4294901760
-12.65485 -1.4463121 -3.5579307 4294901760
-14.387198 -2.3611503 -3.5142527 4294901760
-17.081514 -1.1105986 -3.5761051 4294901760
-22.03471 -3.6162188 -3.5610006 4294901760
-19.412628 -2.218653 -3.5839539 4294901760
-23.850214 -5.1217494 -3.5656552 4294901760
-25.813665 -1.6783416 -3.5559638 4294901760
-3.5382047 -0.39312223 -3.5263174 4294901760
-5.7615609 -0.92697912 -3.5146446 4294901760
-8.0500593 -0.89442456 -3.521204 4294901760
-10.184925 -1.6386553 -3.5183263 4294901760
-12.667219 -1.4074272 -3.5593882 4294901760
-14.394547 -2.3159425 -3.5147114 4294901760
-17.076967 -1.0564412 -3.5757945 4294901760
-22.108997 -3.5571225 -3.5666292 4294901760
-19.427429 -2.1585393 -3.5852587 4294901760
-23.838848 -5.0410199 -3.5644698 4294901760
-25.834753 -1.5982285 -3.5577774 4294901760
-3.5323465 -0.37999359 -3.5229998 4294901760
-5.7761769 -0.90865749 -3.518167 4294901760
-8.0570307 -0.86673838 -3.5222907 4294901760
-10.186677 -1.6024787 -3.5180423 4294901760
-12.660218 -1.3619281 -3.5582089 4294901760
-14.4104 -2.2669177 -3.5161345 4294901760
-17.092482 -0.99752063 -3.5775595 4294901760
-22.121277 -3.4799254 -3.5674102 4294901760
-19.426916 -2.0898583 -3.5852027 4294901760
-23.840668 -4.9545269 -3.5642173 4294901760
-25.836189 -1.5078051 -3.5583465 4294901760
-3.548203 -0.36792323 -3.5300055 4294901760
-5.7720079 -0.88530391 -3.5161777 4294901760
-8.0602999 -0.83579534 -3.5225894 4294901760
-10.188848 -1.5627538 -3.5177929 4294901760
-12.665354 -1.3133066 -3.5586782 4294901760
-14.407205 -2.2097604 -3.5153203 4294901760
-17.096186 -0.93188292 -3.5781646 4294901760
-22.106869 -3.3907261 -3.5661097 4294901760
-19.422903 -2.0140159 -3.5848532 4294901760
-23.8204 -4.8549767 -3.562351 4294901760
-25.742105 -1.4031568 -3.5526249 4294901760
-3.5349131 -0.35532394 -3.5232375 4294901760
-5.7747607 -0.86716592 -3.51636 4294901760
-8.0667896 -0.81086099 -3.523648 4294901760
-10.189798 -1.5301493 -3.5174711 4294901760
-12.673366 -1.2739068 -3.559597 4294901760
-14.414075 -2.1644871 -3.5157754 4294901760
-17.091072 -0.87775981 -3.5778489 4294901760
-22.121357 -3.3218496 -3.5671163 4294901760
-19.4093 -1.9509925 -3.5836573 4294901760
-23.823793 -4.7777634 -3.5622869 4294901760
-25.766325 -1.3233016 -3.5546961 4294901760
-3.5397406 -0.3433325 -3.525075 4294901760
-5.7625079 -0.84476799 -3.5121355 4294901760
-8.0773783 -0.78345478 -3.5255487 4294901760
-10.195078 -1.4945707 -3.5178275 4294901760
-12.661938 -1.2281281 -3.5578766 4294901760
-14.421543 -2.1141591 -3.5162797 4294901760
-17.086079 -0.81771415 -3.5775855 4294901760
-22.089388 -3.2382443 -3.5644975 4294901760
-19.415993 -1.8832289 -3.584307 4294901760
-23.840326 -4.6945729 -3.5631573 4294901760
-25.73489 -1.2316333 -3.5531285 4294901760
-3.5373077 -0.33063775 -3.523474 4294901760
-5.7844877 -0.82737625 -3.5178707 4294901760
-8.0800638 -0.75525635 -3.5258181 4294901760
-10.192408 -1.4578571 -3.5168948 4294901760
-12.689853 -1.1861407 -3.561517 4294901760
-14.424899 -2.0632455 -3.516325 4294901760
-17.068935 -0.7571888 -3.5761056 4294901760
-22.037359 -3.1520834 -3.5603311 4294901760
-19.402601 -1.8135918 -3.5831707 4294901760
-23.85265 -4.6105733 -3.5637422 4294901760
-25.719086 -1.140915 -3.5526197 4294901760
-3.5492721 -0.3192625 -3.528749 4294901760
-5.7911553 -0.80771154 -3.5191789 4294901760
-8.0748377 -0.72634417 -3.524456 4294901760
-10.189606 -1.421178 -3.5159609 4294901760
-12.686011 -1.1411263 -3.5608661 4294901760
-14.40838 -2.0095842 -3.5140789 4294901760
-17.063513 -0.69727671 -3.5758374 4294901760
-21.996849 -3.0679731 -3.5570843 4294901760
-19.38896 -1.7440667 -3.5820312 4294901760
-23.848986 -4.5235634 -3.5631902 4294901760
-25.762812 -1.0527614 -3.5560961 4294901760
-3.5466995 -0.30717799 -3.5271416 4294901760
-5.7938018 -0.78850263 -3.5193696 4294901760
-8.0772018 -0.69956267 -3.5247104 4294901760
-10.190346 -1.3868467 -3.5156522 4294901760
-12.666006 -1.0969969 -3.5580463 4294901760
-14.430727 -1.9639378 -3.5163858 4294901760
-17.081652 -0.6412853 -3.5779715 4294901760
-21.979225 -2.9912443 -3.5556469 4294901760
-19.382719 -1.6787282 -3.5815704 4294901760
-23.859932 -4.4437213 -3.5637269 4294901760
-25.706303 -0.96507496 -3.55288 4294901760
-3.5441377 -0.29449552 -3.5255394 4294901760
-5.8003368 -0.76877964 -3.5206769 4294901760
-8.0717773 -0.6707139 -3.5233459 4294901760
-10.202961 -1.3523058 -3.5172935 4294901760
-12.646033 -1.0508058 -3.5552447 4294901760
-14.429609 -1.9125078 -3.5159681 4294901760
-17.067863 -0.5811128 -3.5768893 4294901760
-22.12007 -2.9318054 -3.5666027 4294901760
-19.4123 -1.61304 -3.5843546 4294901760
-23.859591 -4.3575377 -3.5634527 4294901760
-25.793324 -0.87819022 -3.5592813 4294901760
-3.5415301 -0.28183386 -3.5239367 4294901760
-5.7877049 -0.74655539 -3.5164475 4294901760
-8.070159 -0.64222074 -3.5227959 4294901760
-10.20762 -1.3166797 -3.5176449 4294901760
-12.657535 -1.0072826 -3.556735 4294901760
-14.424364 -1.860597 -3.5150902 4294901760
-17.06979 -0.52152669 -3.577426 4294901760
-22.122252 -2.8535469 -3.5667467 4294901760
-19.386021 -1.5427334 -3.5821354 4294901760
-23.870728 -4.2735162 -3.5640273 4294901760
-25.804216 -0.78838629 -3.5606253 4294901760
-3.5461073 -0.26974562 -3.5257726 4294901760
-5.7902751 -0.72634917 -3.5166464 4294901760
-8.0606184 -0.61315584 -3.520613 4294901760
-10.216075 -1.2815346 -3.5186403 4294901760
-12.680757 -0.96460098 -3.5598357 4294901760
-14.438663 -1.8112284 -3.5165029 4294901760
-17.047619 -0.46129602 -3.5755277 4294901760
-22.116243 -2.7743266 -3.5662696 4294901760
-19.367435 -1.4732438 -3.580627 4294901760
-23.865843 -4.1867218 -3.563463 4294901760
-25.77887 -0.69755721 -3.5595689 4294901760
-3.5506427 -0.25762799 -3.5276084 4294901760
-5.7927752 -0.70613277 -3.5168445 4294901760
-8.0587978 -0.58473128 -3.5200605 4294901760
-10.212639 -1.2449092 -3.5177002 4294901760
-12.680088 -0.92004341 -3.5597136 4294901760
-14.448844 -1.7612978 -3.5174556 4294901760
-17.053104 -0.40187919 -3.5764656 4294901760
-22.125792 -2.697109 -3.5670269 4294901760
-19.3486 -1.4038981 -3.5791149 4294901760
-23.87244 -4.102036 -3.5637481 4294901760
-25.673359 -0.60502702 -3.5531766 4294901760
-3.5515206 -0.24523225 -3.5277243 4294901760
-5.7875552 -0.68500221 -3.5148268 4294901760
-8.0686159 -0.55713737 -3.521956 4294901760
-10.212998 -1.2087879 -3.5174038 4294901760
-12.683223 -0.87577569 -3.5601275 4294901760
-14.470704 -1.7127205 -3.519784 4294901760
-17.066351 -0.34258956 -3.5782142 4294901760
-22.119223 -2.6179821 -3.5665441 4294901760
-19.34543 -1.3358005 -3.5790308 4294901760
-23.878744 -4.0173564 -3.5640306 4294901760
-25.647367 -0.51484472 -3.552109 4294901760
-3.5451198 -0.23236018 -3.5243998 4294901760
-5.7899108 -0.66479701 -3.5150237 4294901760
-8.0705109 -0.52897096 -3.5222185 4294901760
-10.209302 -1.1722311 -3.5164607 4294901760
-12.686202 -0.83150035 -3.5605397 4294901760
-14.468692 -1.6612939 -3.5193584 4294901760
-17.051516 -0.28275439 -3.5771198 4294901760
-22.120298 -2.5398507 -3.5666773 4294901760
-19.334061 -1.2672254 -3.5782282 4294901760
-23.876863 -3.9313898 -3.563741 4294901760
-25.641026 -0.42518875 -3.552371 4294901760
-3.5459094 -0.21998306 -3.5245147 4294901760
-5.7845392 -0.64372873 -3.5130041 4294901760
-8.0801382 -0.50128001 -3.5241132 4294901760
-10.201547 -1.1352726 -3.5148709 4294901760
-12.692988 -0.78745455 -3.5614884 4294901760
-14.458592 -1.6090152 -3.518013 4294901760
-17.028503 -0.22291446 -3.5752106 4294901760
-22.1092 -2.460408 -3.5658786 4294901760
-19.33041 -1.1992304 -3.5781388 4294901760
-23.894382 -3.8486483 -3.5648718 4294901760
-25.622385 -0.33541411 -3.5518291 4294901760
-3.5466557 -0.20760408 -3.5246294 4294901760
-5.7905807 -0.62394547 -3.5143077 4294901760
-8.0700912 -0.47238415 -3.5219243 4294901760
-10.221166 -1.101349 -3.5177977 4294901760
-12.683775 -0.7424469 -3.5602858 4294901760
-14.472029 -1.5593872 -3.5194201 4294901760
-17.029179 -0.16347201 -3.5757351 4294901760
-22.081947 -2.3793697 -3.5638368 4294901760
-19.342436 -1.1322128 -3.5794795 4294901760
-23.90373 -3.7645967 -3.5654311 4294901760
-25.675312 -0.24647078 -3.5560904 4294901760
-3.5509787 -0.19542265 -3.5264637 4294901760
-5.796555 -0.60412937 -3.5156112 4294901760
-8.0834408 -0.44485974 -3.5246344 4294901760
-10.22888 -1.0660758 -3.5187879 4294901760
-12.682328 -0.69795245 -3.5601563 4294901760
-14.449695 -1.5059782 -3.5166926 4294901760
-17.017696 -0.10395873 -3.5750391 4294901760
-22.078211 -2.3010385 -3.5636506 4294901760
-19.155197 -1.0541768 -3.5629044 4294901760
-23.908834 -3.6799247 -3.5657032 4294901760
-25.616119 -0.15648529 -3.5528708 4294901760
-3.5443981 -0.18265298 -3.5231369 4294901760
-5.8024602 -0.58427763 -3.5169141 4294901760
-8.0927782 -0.41704401 -3.5265274 4294901760
-10.232538 -1.0303636 -3.5191314 4294901760
-12.672799 -0.65306562 -3.5589497 4294901760
-14.442991 -1.4543344 -3.5157998 4294901760
-17.009991 -0.044533957 -3.5747471 4294901760
-22.054346 -2.2207582 -3.5619109 4294901760
-19.15876 -0.98730576 -3.5635192 4294901760
-23.909691 -3.5946634 -3.5656872 4294901760
-25.61651 -0.067066729 -3.5536547 4294901760
-3.548635 -0.17045344 -3.5249708 4294901760
-5.8082986 -0.56439209 -3.5182171 4294901760
-8.0863495 -0.38841587 -3.5251524 4294901760
-10.228205 -0.99387419 -3.5181823 4294901760
-12.678965 -0.60901535 -3.5598929 4294901760
-14.447981 -1.4039096 -3.5162833 4294901760
-17.025972 0.014856694 -3.5768919 4294901760
-21.954733 -2.1333404 -3.5542707 4294901760
-19.281553 -0.92616093 -3.5748882 4294901760
-23.949736 -3.5152383 -3.5685205 4294901760
-25.668497 0.022398075 -3.5579123 4294901760
-3.5491807 -0.15868467 -3.5250783 4294901760
-5.7986326 -0.54404825 -3.5150752 4294901760
-8.0797558 -0.36124772 -3.5237629 4294901760
-10.219639 -0.95884275 -3.5165684 4294901760
-12.665058 -0.5662576 -3.5581245 4294901760
-14.464436 -1.3571047 -3.5181208 4294901760
-17.013882 0.071267337 -3.5761633 4294901760
-22.041143 -2.0679781 -3.5611758 4294901760
-19.292484 -0.86257136 -3.5761895 4294901760
-23.969168 -3.4369314 -3.5698855 4294901760
-25.700228 0.10765249 -3.5607939 4294901760
-3.5533354 -0.1464448 -3.5269117 4294901760
-5.8004966 -0.5238052 -3.5152683 4294901760
-8.0692101 -0.33255905 -3.5215678 4294901760
-10.222924 -0.92316598 -3.5169086 4294901760
-12.678852 -0.52253777 -3.5601416 4294901760
-14.457203 -1.3055362 -3.5172224 4294901760
-17.009548 0.13062221 -3.5762718 4294901760
-21.925032 -1.9799073 -3.5522811 4294901760
-19.291395 -0.79506266 -3.5764439 4294901760
-23.953346 -3.3493779 -3.5687208 4294901760
-25.615843 0.19671293 -3.5559509 4294901760
-3.5502021 -0.13390285 -3.5253034 4294901760
-5.80229 -0.50355297 -3.5154607 4294901760
-8.0781612 -0.30468374 -3.5234582 4294901760
-10.218208 -0.88678938 -3.515955 4294901760
-12.672668 -0.47797459 -3.5594664 4294901760
-14.469597 -1.2557471 -3.5186219 4294901760
-17.01297 0.19004484 -3.5771921 4294901760
-21.856277 -1.8968017 -3.5471051 4294901760
-19.270149 -0.72681159 -3.5749013 4294901760
-23.960934 -3.2651987 -3.5692656 4294901760
-25.694859 0.28702661 -3.5620799 4294901760
-3.547025 -0.12138542 -3.5236945 4294901760
-5.7963352 -0.48265666 -3.5134344 4294901760
-8.0752563 -0.27634946 -3.5228958 4294901760
-10.233059 -0.85209942 -3.5182321 4294901760
-12.67426 -0.4337354 -3.5598664 4294901760
-14.462002 -1.2042404 -3.51772 4294901760
-16.984327 0.24902184 -3.5748544 4294901760
-21.930368 -1.826126 -3.553112 4294901760
-19.240694 -0.65845031 -3.5726371 4294901760
-23.952402 -3.1789136 -3.568665 4294901760
-25.729633 0.37724429 -3.5652637 4294901760
-3.5438037 -0.10889266 -3.522085 4294901760
-5.8056636 -0.46303442 -3.5158436 4294901760
-8.0722504 -0.24804106 -3.522332 4294901760
-10.239911 -0.81669062 -3.5192158 4294901760
-12.675696 -0.389494 -3.5602651 4294901760
-14.454224 -1.1528059 -3.5168159 4294901760
-16.983356 0.30830324 -3.5753634 4294901760
-21.944561 -1.7502025 -3.5544565 4294901760
-23.959394 -3.0947783 -3.5692046 4294901760
-25.704205 0.46661505 -3.5644267 4294901760
-3.5441623 -0.096521713 -3.5221961 4294901760
-5.8034039 -0.44247308 -3.514925 4294901760
-8.0691471 -0.21975516 -3.5217674 4294901760
-10.242699 -0.78094143 -3.5195522 4294901760
-12.669046 -0.34502882 -3.5595851 4294901760
-14.454194 -1.1020415 -3.5168302 4294901760
-16.966248 0.36723989 -3.5742412 4294901760
-21.958494 -1.6741972 -3.5557995 4294901760
-19.153162 -0.52161723 -3.5655818 4294901760
-23.938362 -3.0071442 -3.5677392 4294901760
-25.726374 0.55685562 -3.566803 4294901760
-3.5444775 -0.084149599 -3.5223069 4294901760
-5.7972293 -0.42165369 -3.5128963 4294901760
-8.0659437 -0.19149393 -3.5212016 4294901760
-10.24142 -0.74489588 -3.5192406 4294901760
-12.674139 -0.3008973 -3.5605197 4294901760
-14.477785 -1.0530221 -3.5196059 4294901760
-16.980789 0.42686182 -3.5763757 4294901760
-21.852772 -1.5894319 -3.5478039 4294901760
-19.238564 -0.4567436 -3.5737281 4294901760
-23.928904 -2.9211464 -3.5671282 4294901760
-25.73625 0.64695591 -3.5683732 4294901760
-3.5411251 -0.071702205 -3.5206957 4294901760
-5.798666 -0.40141344 -3.5130856 4294901760
-8.0665627 -0.1633352 -3.5214529 4294901760
-10.240015 -0.70886648 -3.5189281 4294901760
-12.667179 -0.25649041 -3.5598364 4294901760
-14.473437 -1.0019257 -3.5191572 4294901760
-16.979197 0.48613781 -3.576879 4294901760
-21.798475 -1.5090026 -3.5438466 4294901760
-19.184237 -0.38845059 -3.5692935 4294901760
-23.942919 -2.8380649 -3.5682313 4294901760
-25.713877 0.73622376 -3.5677941 4294901760
-3.5449786 -0.059402414 -3.5225272 4294901760
-5.8000317 -0.38117111 -3.5132742 4294901760
-8.0670834 -0.13517831 -3.5217032 4294901760
-10.24637 -0.67337912 -3.519908 4294901760
-12.664029 -0.2122083 -3.5596902 4294901760
-14.472878 -0.95114017 -3.5191669 4294901760
-16.977396 0.54539979 -3.5773807 4294901760
-21.84741 -1.4357855 -3.547982 4294901760
-19.225338 -0.3221547 -3.5734854 4294901760
-23.928885 -2.75174 -3.5673273 4294901760
-25.723122 0.82635671 -3.5693591 4294901760
-3.548789 -0.047075771 -3.5243585 4294901760
-5.797483 -0.36068359 -3.5123525 4294901760
-8.0675068 -0.10701793 -3.5219526 4294901760
-10.244715 -0.6373629 -3.519593 4294901760
-12.680563 -0.16821153 -3.5622387 4294901760
-14.476111 -0.90061426 -3.5196362 4294901760
-16.987328 0.60508424 -3.5791032 4294901760
-21.95982 -1.3662044 -3.5571041 4294901760
-19.21837 -0.25493756 -3.5733602 4294901760
-23.906609 -2.6646576 -3.5658462 4294901760
-25.724072 0.9162848 -3.5703847 4294901760
-3.5416818 -0.03461777 -3.5210242 4294901760
-5.7987061 -0.34044561 -3.5125396 4294901760
-8.075675 -0.078934774 -3.5238378 4294901760
-10.242931 -0.60136878 -3.5192769 4294901760
-12.68901 -0.1240273 -3.5637083 4294901760
-14.491076 -0.85078001 -3.521487 4294901760
-17.00103 0.6649965 -3.581233 4294901760
-22.000301 -1.2916514 -3.5606191 4294901760
-18.920155 -0.18493293 -3.5469592 4294901760
-23.911791 -2.5807683 -3.5663676 4294901760
-25.732687 1.0065359 -3.5719454 4294901760
-3.549031 -0.022300247 -3.5245767 4294901760
-5.8113976 -0.32083911 -3.5160563 4294901760
-8.0798235 -0.050769366 -3.5249043 4294901760
-10.24102 -0.56539237 -3.518959 4294901760
-12.6973 -0.079783157 -3.5651767 4294901760
-14.482045 -0.79953343 -3.5205703 4294901760
-16.994627 0.72416812 -3.5813217 4294901760
-22.052486 -1.217487 -3.5650702 4294901760
-18.992445 -0.11933854 -3.5540209 4294901760
-23.928596 -2.4981132 -3.5677476 4294901760
-25.760935 1.0977144 -3.5748482 4294901760
-3.5418334 -0.011126745 -3.5212305 4294901760
-5.8085299 -0.30237859 -3.5151143 4294901760
-8.0760202 -0.025370989 -3.5243082 4294901760
-10.238799 -0.5330081 -3.5186074 4294901760
-12.69352 -0.03987696 -3.5649872 4294901760
-14.476542 -0.7536152 -3.5200663 4294901760
-16.988287 0.77737737 -3.5813589 4294901760
-22.028309 -1.1467427 -3.5635235 4294901760
-19.140232 -0.060129445 -3.5678694 4294901760
-23.908525 -2.4201062 -3.5664623 4294901760
-25.7055 1.1762736 -3.5720267 4294901760
-3.545476 0.0012371537 -3.5230608 4294901760
-5.8057027 -0.28191561 -3.51419 4294901760
-8.0721378 0.0028166811 -3.523736 4294901760
-10.23665 -0.49707529 -3.5182874 4294901760
-12.693582 0.0044292812 -3.5653744 4294901760
-14.475113 -0.70288825 -3.5200682 4294901760
-16.98945 0.83686525 -3.5822601 4294901760
-22.016235 -1.0690731 -3.5629797 4294901760
-19.22006 0.006706622 -3.5756586 4294901760
-23.889017 -2.3339231 -3.5652535 4294901760
-25.729158 1.2673652 -3.574656 4294901760
-3.5418246 0.01359934 -3.5214462 4294901760
-5.8104997 -0.26182145 -3.5154853 4294901760
-8.0760002 0.031008953 -3.5248001 4294901760
-10.234374 -0.46116146 -3.517966 4294901760
-12.689522 0.048723225 -3.5652204 4294901760
-14.473505 -0.65217692 -3.5200682 4294901760
-16.966541 0.89511573 -3.5807097 4294901760
-21.999903 -0.9913168 -3.5621207 4294901760
-19.203976 0.073736392 -3.5748014 4294901760
-23.89702 -2.2505198 -3.5660512 4294901760
-25.712616 1.3565385 -3.5745924 4294901760
-3.5490015 0.026635159 -3.5250037 4294901760
-5.7998748 -0.24004516 -3.5123479 4294901760
-8.0797567 0.06063835 -3.525876 4294901760
-10.255742 -0.42446458 -3.5215473 4294901760
-12.689259 0.095232531 -3.565624 4294901760
-14.463878 -0.59863085 -3.5191662 4294901760
-16.939287 0.95594901 -3.5787721 4294901760
-21.995415 -0.91034609 -3.5622301 4294901760
-19.21155 0.14418215 -3.5761333 4294901760
-23.905107 -2.1629174 -3.5668864 4294901760
-25.683548 1.4494213 -3.5737538 4294901760
-3.5488935 0.038404059 -3.5251052 4294901760
-5.8083363 -0.22110359 -3.5147436 4294901760
-8.0677433 0.087304421 -3.5236506 4294901760
-10.245243 -0.39000151 -3.5199118 4294901760
-12.680936 0.1372257 -3.5649078 4294901760
-14.465781 -0.55066305 -3.5196016 4294901760
-16.928072 1.011642 -3.5784168 4294901760
-21.994326 -0.8372491 -3.5625796 4294901760
-19.051504 0.20616429 -3.5622592 4294901760
-23.872379 -2.0801671 -3.5647645 4294901760
-25.670628 1.5341077 -3.5739152 4294901760
-3.5487289 0.051411215 -3.5252175 4294901760
-5.8091078 -0.1998134 -3.5149362 4294901760
-8.0752134 0.11698738 -3.5255437 4294901760
-10.230804 -0.35190457 -3.5176587 4294901760
-12.680348 0.18370299 -3.5653083 4294901760
-14.483603 -0.49818629 -3.5219288 4294901760
-16.912329 1.0729237 -3.5776987 4294901760
-22.017185 -0.7573157 -3.5648718 4294901760
-19.010757 0.27541301 -3.5592532 4294901760
-23.863932 -1.9913284 -3.5644429 4294901760
-25.676788 1.6289439 -3.5754943 4294901760
-3.5376539 0.06360203 -3.5201559 4294901760
-5.8020701 -0.17929786 -3.5128973 4294901760
-8.0708342 0.14510222 -3.5249665 4294901760
-10.23987 -0.31643653 -3.5192771 4294901760
-12.675662 0.22789052 -3.5651481 4294901760
-14.461403 -0.44689202 -3.5196123 4294901760
-16.936295 1.1338106 -3.5810418 4294901760
-22.019695 -0.68046135 -3.5655646 4294901760
-19.189054 0.34499213 -3.5760622 4294901760
-23.866758 -1.9077026 -3.5649414 4294901760
-25.678913 1.7190906 -3.5767646 4294901760
-3.5337989 0.075255908 -3.5185332 4294901760
-5.7987819 -0.15995009 -3.5119591 4294901760
-8.0820732 0.1721161 -3.5276537 4294901760
-10.232963 -0.28225985 -3.5182853 4294901760
-12.674837 0.26992378 -3.5655077 4294901760
-14.458829 -0.39882359 -3.5195808 4294901760
-22.017841 -0.60732681 -3.5659077 4294901760
-19.191792 0.40870905 -3.5769675 4294901760
-23.837132 -1.8258022 -3.5630953 4294901760
-25.661121 1.8033967 -3.5766475 4294901760
-3.5298908 0.087500975 -3.5169158 4294901760
-5.7916036 -0.1395219 -3.509918 4294901760
-8.0892658 0.20052141 -3.5295334 4294901760
-10.241787 -0.24672849 -3.5199022 4294901760
-12.665884 0.31396925 -3.5648038 4294901760
-14.468085 -0.34854159 -3.5209575 4294901760
-21.999884 -0.52998543 -3.5650308 4294901760
-19.198219 0.47589657 -3.5782609 4294901760
-23.827436 -1.7414196 -3.5627236 4294901760
-25.646708 1.8923728 -3.5768332 4294901760
-3.5404351 0.10013047 -3.5221894 4294901760
-5.8074598 -0.11962032 -3.5145433 4294901760
-8.0845947 0.22864825 -3.5289536 4294901760
-10.242586 -0.21097374 -3.5202212 4294901760
-12.688509 0.35885599 -3.5684233 4294901760
-14.469213 -0.29803255 -3.5214081 4294901760
-22.005589 -0.45326453 -3.5660291 4294901760
-19.200426 0.54302579 -3.5791917 4294901760
-23.797529 -1.6557357 -3.5609081 4294901760
-25.651886 1.9828148 -3.5783653 4294901760
-3.5400445 0.11310536 -3.5222991 4294901760
-5.8078589 -0.098335415 -3.5147326 4294901760
-8.0797825 0.2581512 -3.5283847 4294901760
-10.235388 -0.17329985 -3.5192575 4294901760
-12.687109 0.4053565 -3.5688169 4294901760
-14.470209 -0.24500147 -3.5218794 4294901760
-21.979174 -0.37213904 -3.5645535 4294901760
-19.106659 0.61046278 -3.5714762 4294901760
-23.811405 -1.5690325 -3.5622976 4294901760
-25.63649 2.0761702 -3.5785806 4294901760
-3.543251 0.12559025 -3.5241265 4294901760
-5.808167 -0.078061432 -3.5149121 4294901760
-8.0788317 0.28635356 -3.5286224 4294901760
-10.23593 -0.13757032 -3.5195742 4294901760
-12.697513 0.4500623 -3.5708132 4294901760
-14.463022 -0.19438221 -3.5214016 4294901760
-22.012257 -0.29584348 -3.5677402 4294901760
-23.812754 -1.4856565 -3.5627811 4294901760
-25.629086 2.1656466 -3.5792971 4294901760
-3.5319476 0.13691825 -3.5190554 4294901760
-5.8006907 -0.058722228 -3.5128591 4294901760
-8.0856781 0.31344658 -3.5304875 4294901760
-10.248187 -0.10374564 -3.5218208 4294901760
-12.691987 0.4920131 -3.570626 4294901760
-14.483472 -0.14662078 -3.5241392 4294901760
-21.965237 -0.22236106 -3.5646229 4294901760
-19.137917 0.74189377 -3.5758255 4294901760
-23.694017 -1.3993855 -3.5545671 4294901760
-3.5350442 0.15001632 -3.5208874 4294901760
-5.7970147 -0.037436258 -3.5119345 4294901760
-8.080555 0.34291372 -3.5299156 4294901760
-10.240593 -0.066132225 -3.520853 4294901760
-12.709919 0.53936958 -3.5737212 4294901760
-14.47198 -0.093457893 -3.5232177 4294901760
-21.953934 -0.14177524 -3.5643904 4294901760
-19.190832 0.81439942 -3.5814762 4294901760
-23.746817 -1.3151819 -3.5588326 4294901760
-3.5344987 0.16235511 -3.5209901 4294901760
-5.800962 -0.017211931 -3.5132236 4294901760
-8.0832281 0.37129828 -3.5309711 4294901760
-10.23681 -0.030373452 -3.5205173 4294901760
-12.692103 0.58300424 -3.5719264 4294901760
-14.460288 -0.042904861 -3.5222716 4294901760
-21.958284 -0.065152034 -3.5653763 4294901760
-19.199818 0.88193226 -3.5831203 4294901760
-23.751263 -1.2322813 -3.5595951 4294901760
-3.5375922 0.1736353 -3.5228059 4294901760
-5.8048396 0.0010119501 -3.5144951 4294901760
-8.0702686 0.39611223 -3.5287211 4294901760
-10.228949 0.0017831991 -3.5194995 4294901760
-12.682284 0.62248331 -3.5711749 4294901760
-14.464329 0.0025215475 -3.5231316 4294901760
-21.938429 0.0038244973 -3.5644097 4294901760
-19.165098 0.94067872 -3.5807264 4294901760
-23.735081 -1.1566916 -3.5588343 4294901760
-3.5332792 0.18702579 -3.5211949 4294901760
-5.8086448 0.023316381 -3.5158012 4294901760
-8.0726042 0.42730421 -3.5297983 4294901760
-10.224915 0.041043654 -3.519192 4294901760
-12.663949 0.67033625 -3.5694122 4294901760
-14.460236 0.058044583 -3.5231521 4294901760
-21.894363 0.08788579 -3.5616896 4294901760
-19.173288 1.0148927 -3.582422 4294901760
-3.5290544 0.19792211 -3.5195625 4294901760
-5.8046908 0.041537344 -3.5148475 4294901760
-8.0673056 0.45244363 -3.529187 4294901760
-10.228686 0.073194675 -3.5201204 4294901760
-14.44805 0.1033877 -3.5221562 4294901760
-21.897968 0.15669799 -3.5626006 4294901760
-19.162043 1.0746765 -3.5821948 4294901760
-23.555124 -0.98313737 -3.5467546 4294901760
-3.5247233 0.2100241 -3.5179398 4294901760
-5.7968073 0.061717402 -3.5127981 4294901760
-8.0656776 0.48060131 -3.5294185 4294901760
-10.248131 0.10910971 -3.5236781 4294901760
-14.443624 0.15377827 -3.5221291 4294901760
-21.913246 0.23330577 -3.5645187 4294901760
-19.150217 1.1410844 -3.5820203 4294901760
-23.72196 -0.90716231 -3.5593626 4294901760
-3.531127 0.22401555 -3.5214989 4294901760
-5.8042307 0.084086657 -3.5152147 4294901760
-8.0637732 0.51156771 -3.5296721 4294901760
-10.231829 0.14822987 -3.5214176 4294901760
-14.430999 0.2090638 -3.5212164 4294901760
-21.900219 0.31727138 -3.5643008 4294901760
-19.16161 1.2156172 -3.5840719 4294901760
-23.749203 -0.81689304 -3.5619233 4294901760
-3.5267065 0.23609807 -3.5198753 4294901760
-5.7961988 0.10420838 -3.5131636 4294901760
-8.0619383 0.53971267 -3.5299017 4294901760
-10.227296 0.18387394 -3.5210743 4294901760
-14.430182 0.25943652 -3.5216489 4294901760
-16.821129 1.9551955 -3.5834877 4294901760
-21.910946 0.3939313 -3.5659003 4294901760
-19.137362 1.2811654 -3.5828052 4294901760
-23.739941 -0.73361731 -3.5618017 4294901760
-3.5331798 0.24768355 -3.5234139 4294901760
-5.7958431 0.12241741 -3.5133195 4294901760
-8.0680275 0.56558621 -3.5317495 4294901760
-10.23062 0.21608694 -3.5219994 4294901760
-14.425319 0.30468562 -3.5215728 4294901760
-16.830723 2.0099208 -3.585536 4294901760
-21.917582 0.46293411 -3.5671186 4294901760
-19.121309 1.3404452 -3.582206 4294901760
-23.718187 -0.65836704 -3.5607336 4294901760
-3.5214021 0.2598314 -3.5183456 4294901760
-5.7953558 0.14365952 -3.5135007 4294901760
-8.0698128 0.595442 -3.5328102 4294901760
-10.237661 0.25377864 -3.5236194 4294901760
-14.408201 0.35716105 -3.5201678 4294901760
-16.807432 2.0696483 -3.584367 4294901760
-21.907759 0.54306555 -3.5671742 4294901760
-19.092411 1.4087592 -3.5805972 4294901760
-23.716452 -0.57133448 -3.5612223 4294901760
-3.5241356 0.27178624 -3.5201643 4294901760
-5.7986979 0.16298525 -3.5147767 4294901760
-8.0677948 0.62219954 -3.5330262 4294901760
-10.248616 0.28806007 -3.5258591 4294901760
-14.406938 0.40493891 -3.5205739 4294901760
-21.929768 0.61638474 -3.5696802 4294901760
-19.091614 1.4723717 -3.581471 4294901760
-23.65835 -0.49144036 -3.557575 4294901760
-3.5231655 0.28408539 -3.520263 4294901760
-5.7942438 0.18310261 -3.5138352 4294901760
-8.0460243 0.64877963 -3.5291457 4294901760
-10.239648 0.32358083 -3.5248609 4294901760
-14.397489 0.45497182 -3.5200713 4294901760
-21.700155 0.68574178 -3.5523775 4294901760
-19.078407 1.5383599 -3.5812807 4294901760
-23.620008 -0.40816957 -3.5554087 4294901760
-25.402666 3.3037336 -3.581207 4294901760
-3.5184882 0.29669279 -3.5186419 4294901760
-5.7935338 0.20433982 -3.5140142 4294901760
-8.059226 0.6795857 -3.5326676 4294901760
-10.226544 0.36069354 -3.5232258 4294901760
-14.399697 0.507882 -3.5209808 4294901760
-21.713446 0.76584029 -3.5543084 4294901760
-19.080587 1.6089504 -3.5825667 4294901760
-23.637312 -0.32180661 -3.5573368 4294901760
-25.390385 3.3968234 -3.5819123 4294901760
-3.5210423 0.30928928 -3.5204644 4294901760
-5.7927847 0.22456056 -3.5141842 4294901760
-8.0607128 0.70805514 -3.5337136 4294901760
-10.23312 0.39669266 -3.524827 4294901760
-14.381941 0.55752403 -3.5195453 4294901760
-21.786398 0.84456193 -3.5609336 4294901760
-23.6343 -0.23925945 -3.5577753 4294901760
-25.295294 3.4740164 -3.5768726 4294901760
-3.5200534 0.32035044 -3.5205524 4294901760
-5.7958994 0.24292096 -3.51545 4294901760
-8.04673 0.73231089 -3.5314498 4294901760
-10.239722 0.42917293 -3.5263979 4294901760
-14.368197 0.6022079 -3.5185304 4294901760
-21.823505 0.91467893 -3.5646598 4294901760
-23.626951 -0.16494659 -3.557848 4294901760
-3.5225232 0.33297619 -3.5223749 4294901760
-5.7950158 0.26314971 -3.5156188 4294901760
-8.0519342 0.76113123 -3.5333157 4294901760
-10.230265 0.46455285 -3.5253944 4294901760
-14.369981 0.65253597 -3.5194135 4294901760
-16.710001 2.4079463 -3.581636 4294901760
-21.804235 0.99012291 -3.564034 4294901760
-23.687262 -0.082686193 -3.5629296 4294901760
-3.5140631 0.34517595 -3.5190265 4294901760
-5.794013 0.28438789 -3.5157952 4294901760
-8.0490904 0.79063815 -3.5335484 4294901760
-10.220599 0.50165826 -3.5244043 4294901760
-14.371466 0.70539552 -3.5203161 4294901760
-21.80843 1.0704244 -3.5653293 4294901760
-23.695389 0.0041344934 -3.56427 4294901760
-3.5199876 0.35878858 -3.522578 4294901760
-5.7929316 0.30562213 -3.5159712 4294901760
-8.0461378 0.82013434 -3.5337801 4294901760
-10.210796 0.53869885 -3.523412 4294901760
-12.600519 1.2843575 -3.5721972 4294901760
-14.364811 0.75785542 -3.5202875 4294901760
-21.81233 1.1507698 -3.5666227 4294901760
-23.683237 0.090936705 -3.5641539 4294901760
-3.5116322 0.36908662 -3.5192139 4294901760
-5.7919426 0.32381853 -3.5161214 4294901760
-8.0396214 0.84499639 -3.5331557 4294901760
-10.224839 0.57165492 -3.5262818 4294901760
-12.58853 1.3231049 -3.5714207 4294901760
-14.370302 0.80342132 -3.52159 4294901760
-16.613024 2.5718279 -3.5755279 4294901760
-21.824543 1.2201763 -3.5684509 4294901760
-23.658886 0.1651676 -3.5630543 4294901760
-3.5103223 0.38134322 -3.5193095 4294901760
-5.7984676 0.3444927 -3.5185153 4294901760
-8.0327234 0.87263346 -3.5325522 4294901760
-10.226727 0.60757995 -3.5272267 4294901760
-14.363441 0.85334623 -3.5215375 4294901760
-16.623613 2.6329224 -3.5780125 4294901760
-21.800234 1.2951735 -3.5674982 4294901760
-23.638206 0.24754882 -3.5623138 4294901760
-3.5052984 0.39380109 -3.5176837 4294901760
-5.7817888 0.3647714 -3.5142336 4294901760
-8.0216751 0.90119129 -3.5311363 4294901760
-10.212598 0.64430988 -3.5255795 4294901760
-14.368154 0.9064827 -3.5228992 4294901760
-16.598125 2.6912796 -3.5768123 4294901760
-21.783394 1.3743081 -3.567205 4294901760
-18.953321 2.129302 -3.5798137 4294901760
-23.68504 0.3348574 -3.5665545 4294901760
-3.5111756 0.40625638 -3.5212247 4294901760
-5.7843909 0.38419801 -3.5155041 4294901760
-8.0225382 0.92823821 -3.5321641 4294901760
-10.210406 0.67817295 -3.5258558 4294901760
-16.553747 2.7404528 -3.573508 4294901760
-21.762791 1.4454799 -3.5665302 4294901760
-18.954079 2.1930587 -3.5810277 4294901760
-23.69577 0.41360798 -3.5681028 4294901760
-3.5097363 0.41851032 -3.5213192 4294901760
-5.790699 0.40492451 -3.5178967 4294901760
-8.019249 0.95623672 -3.5323799 4294901760
-10.211918 0.71408576 -3.5267973 4294901760
-21.749649 1.5208814 -3.5665154 4294901760
-18.934429 2.257792 -3.5804448 4294901760
-23.694183 0.49631974 -3.5688109 4294901760
-3.5082538 0.4307591 -3.5214131 4294901760
-5.7815676 0.42457128 -3.5158319 4294901760
-8.0197563 0.98470163 -3.5334172 4294901760
-10.221189 0.75059628 -3.5290415 4294901760
-21.744209 1.5967931 -3.5671306 4294901760
-23.680334 0.57873291 -3.5686419 4294901760
-3.5031326 0.44254833 -3.5197809 4294901760
-5.7915721 0.44563684 -3.5193379 4294901760
-8.0201616 1.0131816 -3.5344539 4294901760
-10.222446 0.78657383 -3.5299814 4294901760
-21.718611 1.6711547 -3.5661609 4294901760
-23.706102 0.66216999 -3.5713859 4294901760
-3.5015662 0.45477393 -3.5198739 4294901760
-5.7784629 0.46492392 -3.5161569 4294901760
-8.0010176 1.0391505 -3.5313756 4294901760
-10.215699 0.82193536 -3.5296164 4294901760
-21.748444 1.7498376 -3.5696194 4294901760
-23.715616 0.7452926 -3.5729616 4294901760
-3.5072258 0.46734089 -3.5234139 4294901760
-5.7768888 0.48408362 -3.5163105 4294901760
-7.9897513 1.0646412 -3.5299306 4294901760
-10.201101 0.85481763 -3.5279312 4294901760
-21.714684 1.8196167 -3.5679805 4294901760
-23.693064 0.82324004 -3.572166 4294901760
-3.5019813 0.47908923 -3.52178 4294901760
-5.7790012 0.50458097 -3.517586 4294901760
-7.9898729 1.0930561 -3.5309641 4294901760
-10.198055 0.89042115 -3.5282154 4294901760
-23.650158 0.90441471 -3.5699418 4294901760
-3.510972 0.49343431 -3.5270553 4294901760
-5.7847853 0.52645564 -3.519984 4294901760
-7.9819288 1.1217855 -3.5303612 4294901760
-10.19866 0.92814887 -3.5291646 4294901760
-23.578884 0.98824364 -3.565702 4294901760
-3.487699 0.50258541 -3.5167892 4294901760
-5.7790775 0.54628414 -3.5190291 4294901760
-7.9857287 1.1507617 -3.5322161 4294901760
-10.191423 0.96337396 -3.5287941 4294901760
-23.607193 1.0719982 -3.5687268 4294901760
-3.4967723 0.51573437 -3.5220544 4294901760
-5.7734008 0.5650689 -3.518065 4294901760
-7.9702282 1.1755186 -3.5299435 4294901760
-10.188172 0.99716264 -3.5290606 4294901760
-23.659328 1.1529922 -3.5734704 4294901760
-3.4948585 0.52854729 -3.5221496 4294901760
-5.7751231 0.58661497 -3.5193465 4294901760
-7.9736218 1.2058961 -3.5318072 4294901760
-10.184449 1.0344975 -3.5293541 4294901760
-23.674873 1.2407451 -3.5756509 4294901760
-3.4930866 0.54013389 -3.5222352 4294901760
-5.7769771 0.60616499 -3.5206115 4294901760
-7.965703 1.2317319 -3.531179 4294901760
-10.165239 1.0666152 -3.5270071 4294901760
-23.650702 1.3181375 -3.5748363 4294901760
-3.4911799 0.55232382 -3.522325 4294901760
-5.7709961 0.62591153 -3.5196536 4294901760
-7.9652295 1.260143 -3.5322073 4294901760
-10.169312 1.1029446 -3.5285895 4294901760
-23.64994 1.4009222 -3.575808 4294901760
-24.7869 5.1737375 -3.5749443 4294901760
-3.4820735 0.56334919 -3.5189607 4294901760
-5.7687759 0.64605242 -3.51981 4294901760
-7.9530387 1.2866868 -3.5307636 4294901760
-10.161472 1.137996 -3.5282121 4294901760
-23.632954 1.4827183 -3.5756061 4294901760
-3.4729328 0.5743168 -3.5155959 4294901760
-5.7588334 0.66529995 -3.5177345 4294901760
-7.9523683 1.3150783 -3.53179 4294901760
-10.165293 1.1743643 -3.5297925 4294901760
-23.615685 1.5644071 -3.5754011 4294901760
-24.761885 5.3491802 -3.5769548 4294901760
-3.4852047 0.58885276 -3.5225916 4294901760
-5.7603006 0.68585491 -3.5190048 4294901760
-7.9322591 1.3402176 -3.5286961 4294901760
-10.157205 1.2093759 -3.5294125 4294901760
-14.2681 1.698843 -3.5259426 4294901760
-21.538897 2.5645463 -3.5659721 4294901760
-23.594152 1.645727 -3.5748994 4294901760
-24.711863 5.4287348 -3.5753522 4294901760
-3.4724109 0.59916562 -3.5174987 4294901760
-5.7540483 0.70548934 -3.5180435 4294901760
-7.9313984 1.3685653 -3.5297205 4294901760
-10.152921 1.2448241 -3.5296845 4294901760
-14.28182 1.751058 -3.5286598 4294901760
-23.592243 1.728368 -3.5758598 4294901760
-24.67717 5.5114808 -3.5748413 4294901760
-3.481009 0.6131689 -3.5227673 4294901760
-5.7515502 0.72556925 -3.5181968 4294901760
-7.9227095 1.3955606 -3.5290959 4294901760
-10.152436 1.2807496 -3.5306089 4294901760
-23.562187 1.8088716 -3.574765 4294901760
-24.630524 5.5913935 -3.5735037 4294901760
-3.4753883 0.62406832 -3.5211229 4294901760
-5.756753 0.74562782 -3.5205741 4294901760
-7.9257598 1.4232124 -3.5309327 4294901760
-10.144213 1.3139017 -3.5302114 4294901760
-16.245541 3.7446041 -3.5695441 4294901760
-23.548101 1.8863599 -3.5748067 4294901760
-24.572935 5.664072 -3.5713098 4294901760
-3.4696229 0.63554287 -3.5194821 4294901760
-5.7541151 0.76571816 -3.5207262 4294901760
-7.9323168 1.4529901 -3.5336032 4294901760
-10.135647 1.3487824 -3.5298262 4294901760
-16.228493 3.8003814 -3.5695102 4294901760
-23.50955 1.9658866 -3.5731177 4294901760
-24.518021 5.7416196 -3.5694144 4294901760
-3.4709468 0.64831603 -3.5212958 4294901760
-5.7514071 0.78579932 -3.5208778 4294901760
-7.919486 1.4792303 -3.5321512 4294901760
-10.126962 1.3836197 -3.5294397 4294901760
-16.207376 3.8551633 -3.5690606 4294901760
-24.48229 5.8234735 -3.5688868 4294901760
-3.4651015 0.65974915 -3.519654 4294901760
-5.7524438 0.80640423 -3.522145 4294901760
-7.9104214 1.5061301 -3.5315225 4294901760
-10.110328 1.4173126 -3.5277438 4294901760
-16.182207 3.9089053 -3.5681944 4294901760
-24.442406 5.9042034 -3.5680804 4294901760
-3.4698949 0.67322236 -3.5231943 4294901760
-5.7495937 0.82648063 -3.5222955 4294901760
-7.912816 1.5352294 -3.5333662 4294901760
-10.101406 1.4520359 -3.527354 4294901760
-16.176199 3.9672694 -3.5693951 4294901760
-24.425526 5.9904451 -3.5689182 4294901760
-3.4605308 0.68332005 -3.51982 4294901760
-5.7544436 0.84666276 -3.5246706 4294901760
-7.9192266 1.5637389 -3.5360246 4294901760
-10.092626 1.484948 -3.5269496 4294901760
-16.151363 4.0180025 -3.5685058 4294901760
-24.370651 6.0627294 -3.5669773 4294901760
-3.4580028 0.69599903 -3.5199084 4294901760
-5.7474928 0.86717349 -3.5237105 4294901760
-7.9095964 1.5919801 -3.5354025 4294901760
-10.091023 1.5225192 -3.5278785 4294901760
-16.144249 4.0791245 -3.5697207 4294901760
-24.36375 6.1559243 -3.5686605 4294901760
-3.4591036 0.70879328 -3.5217202 4294901760
-5.7177835 0.88311529 -3.5160422 4294901760
-7.8924642 1.6172184 -3.5331199 4294901760
-10.085648 1.5577346 -3.5281389 4294901760
-16.122196 4.1334763 -3.5692589 4294901760
-24.318907 6.234983 -3.5675638 4294901760
-3.4566083 0.72086358 -3.5218039 4294901760
-5.7336893 0.90607494 -3.5217731 4294901760
-7.8714118 1.6415553 -3.5300105 4294901760
-10.068437 1.59108 -3.5264351 4294901760
-24.281536 6.3158135 -3.567013 4294901760
-3.4505246 0.73217261 -3.520159 4294901760
-5.7457018 0.9285419 -3.526387 4294901760
-7.8733072 1.6706502 -3.5318499 4294901760
-10.074526 1.6281075 -3.528656 4294901760
-23.385986 2.6148911 -3.5738661 4294901760
-24.247757 6.3974767 -3.5667331 4294901760
-3.4517512 0.74377292 -3.5219615 4294901760
-5.7465568 0.94721478 -3.5276358 4294901760
-7.8603511 1.6937246 -3.5303693 4294901760
-10.069362 1.6597501 -3.528887 4294901760
-23.385586 2.6892605 -3.5750234 4294901760
-3.4524109 0.75779837 -3.5237799 4294901760
-5.7352815 0.96799093 -3.525562 4294901760
-7.8537898 1.7238936 -3.5305753 4294901760
-10.059017 1.6977437 -3.5285134 4294901760
-23.379053 2.7795057 -3.5760098 4294901760
-3.4532831 0.77063388 -3.5255902 4294901760
-5.7318673 0.98800361 -3.525707 4294901760
-7.8592095 1.7538594 -3.5332377 4294901760
-10.04524 1.731501 -3.5274582 4294901760
-23.337513 2.8572118 -3.5742788 4294901760
-3.4399657 0.78027761 -3.5204866 4294901760
-5.7321768 1.0086733 -3.5269682 4294901760
-7.8568645 1.7821503 -3.5342486 4294901760
-10.035241 1.7658701 -3.5270557 4294901760
-23.319473 2.9376605 -3.5743117 4294901760
-3.4407537 0.79309577 -3.522296 4294901760
-5.7248297 1.0279969 -3.5259945 4294901760
-7.8467736 1.8086861 -3.5336075 4294901760
-10.021236 1.7994946 -3.5259974 4294901760
-18.309397 4.2203269 -3.5693357 4294901760
-23.328871 3.0216126 -3.5764055 4294901760
-3.4414935 0.80592805 -3.5241046 4294901760
-5.7212067 1.0479742 -3.5261374 4294901760
-7.8327737 1.8342768 -3.5321398 4294901760
-10.022669 1.8358886 -3.5275571 4294901760
-18.279024 4.2805772 -3.5682948 4294901760
-3.435133 0.81709665 -3.5224562 4294901760
-5.7061548 1.0658157 -3.5229268 4294901760
-7.8301396 1.8625133 -3.5331476 4294901760
-10.012315 1.8701354 -3.5271509 4294901760
-18.263973 4.3443532 -3.5687199 4294901760
-3.4357839 0.82993376 -3.5242643 4294901760
-5.7099676 1.0871685 -3.5253031 4294901760
-7.8235908 1.8898344 -3.533329 4294901760
-9.997961 1.9035952 -3.5260878 4294901760
-21.194569 4.0354109 -3.5677121 4294901760
-18.248697 4.4080801 -3.5691428 4294901760
-3.4366808 0.84158599 -3.5260644 4294901760
-5.6989603 1.103637 -3.5231941 4294901760
-7.817615 1.9144039 -3.5334911 4294901760
-9.984169 1.9334927 -3.5249987 4294901760
-21.126942 4.0913558 -3.5637038 4294901760
-18.230886 4.4644413 -3.5691538 4294901760
-3.4265368 0.85242599 -3.5226896 4294901760
-5.6986556 1.1252636 -3.5244584 4294901760
-7.8105454 1.9430441 -3.5336795 4294901760
-9.9847708 1.9716052 -3.5265663 4294901760
-21.111803 4.1687627 -3.5642471 4294901760
-18.206663 4.5293059 -3.5688577 4294901760
-3.4270556 0.86526841 -3.5244966 4294901760
-5.6946936 1.1451476 -3.5245974 4294901760
-7.7961097 1.9683741 -3.5322056 4294901760
-9.9894524 2.0087819 -3.5287762 4294901760
-21.101036 4.2432137 -3.5650821 4294901760
-18.074781 4.563549 -3.5582416 4294901760
-3.4206557 0.87572926 -3.5228417 4294901760
-5.690865 1.1640258 -3.5247288 4294901760
-7.8047395 1.9981078 -3.5356784 4294901760
-9.9827366 2.0418975 -3.5290067 4294901760
-21.082941 4.3123651 -3.5652487 4294901760
-3.413914 0.88734961 -3.5211937 4294901760
-5.6865602 1.1848775 -3.5248733 4294901760
-7.7707896 2.0197952 -3.5300801 4294901760
-9.9674473 2.0768626 -3.5279486 4294901760
-21.066992 4.3896141 -3.5657837 4294901760
-17.957592 4.6675644 -3.5509667 4294901760
-3.4143012 0.90018451 -3.5229995 4294901760
-5.6823897 1.2047189 -3.5250099 4294901760
-7.7712765 2.0489061 -3.5319073 4294901760
-9.9408045 2.107542 -3.5249093 4294901760
-17.937336 4.7291994 -3.5510025 4294901760
-3.4112976 0.91150188 -3.5230722 4294901760
-5.6745977 1.2227446 -3.5240211 4294901760
-7.7682295 2.0756781 -3.5328989 4294901760
-9.9414883 2.1421607 -3.5264473 4294901760
-3.4080949 0.9234041 -3.5231481 4294901760
-5.6665325 1.2417208 -3.5230379 4294901760
-7.772294 2.1058593 -3.5355511 4294901760
-9.922368 2.1743121 -3.5247161 4294901760
-3.4048507 0.93529499 -3.5232236 4294901760
-5.6659231 1.2623309 -3.5242908 4294901760
-7.7535491 2.1298599 -3.5332437 4294901760
-9.9108591 2.208075 -3.5242953 4294901760
-15.746504 5.1650071 -3.5682907 4294901760
-20.918783 4.6605687 -3.5607164 4294901760
-23.593147 7.7387829 -3.5583079 4294901760
-3.398073 0.94620138 -3.521569 4294901760
-5.6577253 1.2812492 -3.5233059 4294901760
-7.7422886 2.1558583 -3.5325878 4294901760
-9.9146557 2.2452738 -3.5264981 4294901760
-15.728379 5.2199378 -3.5686121 4294901760
-20.871254 4.7265062 -3.558645 4294901760
-23.497772 7.7984457 -3.5538101 4294901760
-3.3982382 0.95904255 -3.5233731 4294901760
-5.6532183 1.3009919 -3.5234389 4294901760
-7.7384906 2.183938 -3.5335841 4294901760
-9.8913507 2.2763259 -3.524106 4294901760
-13.871088 3.1921945 -3.5209455 4294901760
-15.710062 5.2748122 -3.5689311 4294901760
-20.839073 4.7957578 -3.5578523 4294901760
-23.371984 7.8473802 -3.5470929 4294901760
-3.3983552 0.97189575 -3.5251768 4294901760
-5.6486425 1.3207176 -3.5235713 4294901760
-7.7345915 2.2120161 -3.5345798 4294901760
-9.8794956 2.3099396 -3.5236809 4294901760
-13.84437 3.2369728 -3.5193896 4294901760
-15.695323 5.3308997 -3.5696638 4294901760
-20.795006 4.8621116 -3.5560935 4294901760
-23.45788 7.9674435 -3.5558672 4294901760
-3.3846672 0.98013484 -3.5200579 4294901760
-5.6479793 1.3403316 -3.5248148 4294901760
-7.7309809 2.238744 -3.5355659 4294901760
-9.8679352 2.3417764 -3.523243 4294901760
-13.829689 3.2819469 -3.5192256 4294901760
-15.662491 5.3777452 -3.5682988 4294901760
-20.774885 4.9301229 -3.5562327 4294901760
-23.401112 8.0348158 -3.5540993 4294901760
-3.3845308 0.99355394 -3.5218642 4294901760
-5.6392846 1.3601189 -3.5238335 4294901760
-7.7151971 2.264853 -3.5340869 4294901760
-9.8708134 2.3807058 -3.5254526 4294901760
-13.813703 3.3316772 -3.5190918 4294901760
-15.63139 5.4311895 -3.5673785 4294901760
-20.768314 5.0090351 -3.5577009 4294901760
-22.953276 4.3619623 -3.5745924 4294901760
-23.386597 8.1257677 -3.5556965 4294901760
-3.3775673 1.0043291 -3.5202069 4294901760
-5.6307616 1.3788795 -3.5228446 4294901760
-7.6997247 2.2895348 -3.5325985 4294901760
-9.8547649 2.4132676 -3.5243669 4294901760
-13.809714 3.3817687 -3.5203509 4294901760
-15.608582 5.4844017 -3.5672722 4294901760
-20.742952 5.0796027 -3.5575373 4294901760
-22.930073 4.4405408 -3.574564 4294901760
-23.354326 8.2060308 -3.5558829 4294901760
-3.377512 1.0171583 -3.5220089 4294901760
-5.6259146 1.3985262 -3.5229738 4294901760
-7.6991973 2.3186603 -3.5344169 4294901760
-9.834775 2.444792 -3.5226228 4294901760
-20.709606 5.148128 -3.5567284 4294901760
-22.898766 4.5174646 -3.5739386 4294901760
-23.321774 8.2861662 -3.5560658 4294901760
-3.3810554 1.0304675 -3.5255368 4294901760
-5.62498 1.4181179 -3.5242147 4294901760
-7.6952171 2.3453245 -3.5353994 4294901760
-9.8304443 2.4783607 -3.5234928 4294901760
-15.454685 5.5488019 -3.554966 4294901760
-20.680811 5.2138548 -3.5562136 4294901760
-22.864094 4.5894537 -3.5729854 4294901760
-23.188932 8.3256817 -3.5487394 4294901760
-3.3601182 1.0369177 -3.5169582 4294901760
-5.6199961 1.4377429 -3.5243425 4294901760
-7.6832366 2.3710132 -3.5347345 4294901760
-9.8255634 2.5136378 -3.5243733 4294901760
-15.513841 5.631248 -3.5640092 4294901760
-20.643158 5.2810631 -3.5550764 4294901760
-22.828381 4.665235 -3.5720558 4294901760
-23.110933 8.3888578 -3.5455868 4294901760
-3.3599386 1.0497217 -3.5187588 4294901760
-5.6000299 1.4534811 -3.5199926 4294901760
-7.6711693 2.3966491 -3.5340686 4294901760
-9.8167295 2.5479207 -3.5245953 4294901760
-15.527741 5.6977162 -3.5680566 4294901760
-20.616875 5.3510852 -3.5549002 4294901760
-23.163986 8.4997435 -3.552134 4294901760
-3.3597105 1.062536 -3.5205591 4294901760
-5.6135468 1.4779221 -3.5257154 4294901760
-7.6590171 2.4222271 -3.5334013 4294901760
-9.7963104 2.5791507 -3.5228448 4294901760
-15.507759 5.7518802 -3.5683548 4294901760
-20.609646 5.4260616 -3.5563285 4294901760
-22.764009 4.8178754 -3.5707796 4294901760
-23.06304 8.5541592 -3.5473092 4294901760
-3.3594334 1.0753624 -3.5223591 4294901760
-5.6120753 1.4985019 -3.5269604 4294901760
-7.6579866 2.4513392 -3.5352151 4294901760
-9.7948837 2.6153698 -3.5243783 4294901760
-15.483857 5.8045797 -3.5682347 4294901760
-20.594435 5.4989996 -3.5571113 4294901760
-23.051735 8.6416206 -3.5491369 4294901760
-3.355849 1.0864969 -3.5224249 4294901760
-5.5996385 1.5150924 -3.5248399 4294901760
-7.6460838 2.4755127 -3.5345378 4294901760
-9.8014174 2.6519663 -3.5272143 4294901760
-11.891438 3.8499978 -3.5671873 4294901760
-15.445899 5.8488426 -3.5664306 4294901760
-22.707291 4.9675961 -3.5700562 4294901760
-22.996809 8.7081184 -3.5476098 4294901760
-3.3415091 1.0954024 -3.5173061 4294901760
-5.5940475 1.5356072 -3.5249703 4294901760
-7.6332307 2.5023 -3.533875 4294901760
-9.7763853 2.6836896 -3.5248132 4294901760
-11.869705 3.8910868 -3.5663462 4294901760
-15.435515 5.9096909 -3.5679862 4294901760
-17.695496 5.800878 -3.5641029 4294901760
-22.673344 5.0473242 -3.5694325 4294901760
-22.942364 8.7837868 -3.5463998 4294901760
-3.3411067 1.1082004 -3.519105 4294901760
-5.5775204 1.5520257 -3.5217345 4294901760
-7.6281738 2.5301633 -3.5348585 4294901760
-9.7555361 2.7146187 -3.5230563 4294901760
-11.852285 3.9312449 -3.5660396 4294901760
-15.414792 5.9635315 -3.5682752 4294901760
-17.675142 5.8626084 -3.5644641 4294901760
-22.659481 5.127315 -3.5702655 4294901760
-22.933907 8.8724566 -3.5484953 4294901760
-3.3406549 1.1210098 -3.5209031 4294901760
-5.5757766 1.5725312 -3.5229764 4294901760
-7.608139 2.5530319 -3.5325298 4294901760
-9.7536087 2.7508013 -3.5245852 4294901760
-11.830967 3.9700689 -3.5651822 4294901760
-15.379045 6.0115037 -3.566895 4294901760
-17.635674 5.9179301 -3.5629752 4294901760
-22.625885 5.2028022 -3.5696077 4294901760
-22.880482 8.9437342 -3.5472558 4294901760
-3.3437848 1.1344111 -3.5244284 4294901760
-5.5705309 1.5910127 -3.5230918 4294901760
-7.6033468 2.5795083 -3.5335038 4294901760
-9.740633 2.7820454 -3.5241296 4294901760
-11.82901 4.0131049 -3.5670559 4294901760
-15.35532 6.0610075 -3.5667481 4294901760
-17.597075 5.9699759 -3.5614653 4294901760
-22.627945 5.2823424 -3.571599 4294901760
-22.820982 9.0078325 -3.5454352 4294901760
-3.3363757 1.1448995 -3.5227647 4294901760
-5.5686436 1.6115187 -3.5243328 4294901760
-7.6017151 2.6085792 -3.5353119 4294901760
-9.7308617 2.81603 -3.5243411 4294901760
-11.80367 4.0505075 -3.5656459 4294901760
-15.33777 6.1160469 -3.5674472 4294901760
-17.576128 6.0313649 -3.5618181 4294901760
-22.582178 5.3548503 -3.5700417 4294901760
-22.707796 9.0548983 -3.539742 4294901760
-3.3323593 1.1565379 -3.5228312 4294901760
-5.5629849 1.6309458 -3.5244529 4294901760
-7.5999751 2.6376686 -3.5371196 4294901760
-9.720974 2.8499775 -3.5245509 4294901760
-11.789459 4.0916829 -3.5658813 4294901760
-15.312634 6.168056 -3.5673099 4294901760
-17.551203 6.0913696 -3.5617988 4294901760
-22.56723 5.4345732 -3.5708628 4294901760
-22.64642 9.1221666 -3.5379331 4294901760
-3.3283014 1.1681639 -3.5228972 4294901760
-5.5424867 1.6459695 -3.5200918 4294901760
-7.5944219 2.6654825 -3.5380983 4294901760
-9.7109652 2.8838956 -3.5247598 4294901760
-11.786336 4.1367564 -3.5677626 4294901760
-15.279942 6.2169714 -3.5663362 4294901760
-17.529831 6.1526027 -3.5621467 4294901760
-22.548122 5.5133209 -3.5713832 4294901760
-22.718006 9.2433062 -3.5461266 4294901760
-3.3278263 1.1804057 -3.5246906 4294901760
-5.5443764 1.6665564 -3.5224447 4294901760
-7.570755 2.6854053 -3.5349278 4294901760
-9.6975632 2.9149423 -3.5242987 4294901760
-11.768815 4.1744895 -3.5674338 4294901760
-15.244506 6.2615509 -3.5649288 4294901760
-17.520605 6.214694 -3.5635846 4294901760
-22.506472 5.5822921 -3.570087 4294901760
-22.746328 9.3428612 -3.5509636 4294901760
-3.3170683 1.1889886 -3.5212905 4294901760
-5.5461903 1.6871755 -3.524797 4294901760
-7.5728846 2.714467 -3.5375535 4294901760
-9.6916265 2.9482353 -3.5251524 4294901760
-11.747436 4.2108164 -3.5665543 4294901760
-15.227339 6.3135967 -3.5656052 4294901760
-17.484888 6.2673812 -3.5624309 4294901760
-22.449123 5.6471581 -3.5675941 4294901760
-22.722599 9.4212999 -3.5519061 4294901760
-3.3163061 1.2017951 -3.5230861 4294901760
-5.5402665 1.7065253 -3.5249143 4294901760
-7.5559878 2.7382121 -3.5360441 4294901760
-9.6774979 2.9808843 -3.524699 4294901760
-11.740127 4.2545009 -3.5678818 4294901760
-15.168468 6.3513284 -3.5617027 4294901760
-17.462904 6.3283768 -3.5627713 4294901760
-22.413799 5.7215366 -3.5669115 4294901760
-22.689573 9.5005589 -3.5523095 4294901760
-3.3050714 1.2114469 -3.5196915 4294901760
-5.5266204 1.724525 -3.5227957 4294901760
-7.5385361 2.7631886 -3.5345411 4294901760
-9.6665068 3.0163341 -3.5249126 4294901760
-11.720728 4.2961369 -3.5675709 4294901760
-15.119412 6.3960195 -3.5590622 4294901760
-17.432104 6.389595 -3.5623858 4294901760
-22.412001 5.8086572 -3.5689354 4294901760
-22.661955 9.5867682 -3.5532861 4294901760
-3.3042221 1.2242359 -3.521486 4294901760
-5.5095482 1.7403258 -3.5195496 4294901760
-7.5325222 2.7908487 -3.5355144 4294901760
-9.6634569 3.0524397 -3.5264308 4294901760
-11.720544 4.3425384 -3.5699944 4294901760
-15.082343 6.4424996 -3.5576572 4294901760
-17.398481 6.4462514 -3.5616107 4294901760
-22.345261 5.8746758 -3.5658591 4294901760
-22.63937 9.6705217 -3.5545177 4294901760
-3.2999289 1.2357616 -3.5215492 4294901760
-5.5071092 1.7607188 -3.5207846 4294901760
-7.5227351 2.8171237 -3.5356584 4294901760
-9.6527443 3.0861509 -3.5266316 4294901760
-11.705316 4.3834219 -3.5702186 4294901760
-15.096337 6.5108781 -3.562094 4294901760
-17.372141 6.5055423 -3.5615728 4294901760
-22.447807 9.6814833 -3.5429416 4294901760
-3.289031 1.2441326 -3.5181463 4294901760
-5.5122352 1.7825272 -3.5242546 4294901760
-7.5096836 2.8406672 -3.5349655 4294901760
-9.6386967 3.1169276 -3.5261629 4294901760
-11.687004 4.4208107 -3.5698798 4294901760
-15.067359 6.5577254 -3.5615065 4294901760
-17.346743 6.5617042 -3.5615158 4294901760
-22.302073 9.7064695 -3.5346782 4294901760
-3.2880545 1.2569004 -3.5199397 4294901760
-5.5096402 1.8029559 -3.5254886 4294901760
-7.4887304 2.8626621 -3.5326211 4294901760
-9.6240005 3.1493251 -3.5257022 4294901760
-11.66038 4.4573283 -3.5684509 4294901760
-15.026144 6.6022696 -3.5596766 4294901760
-19.99337 6.542562 -3.5414414 4294901760
-17.331181 6.6250629 -3.5625839 4294901760
-22.315582 9.8051424 -3.5386806 4294901760
-3.2800438 1.2676365 -3.5182729 4294901760
-5.488369 1.818292 -3.5211234 4294901760
-7.4818463 2.8915045 -3.5335972 4294901760
-9.6198969 3.1870639 -3.5272257 4294901760
-11.643966 4.5000362 -3.5686805 4294901760
-13.47371 4.463829 -3.524292 4294901760
-15.005485 6.6589146 -3.5603623 4294901760
-19.969255 6.615798 -3.5418701 4294901760
-17.299343 6.6856666 -3.5621841 4294901760
-22.385344 9.9338408 -3.5471568 4294901760
-3.2791996 1.2798247 -3.5200624 4294901760
-5.4859614 1.8377059 -3.5223503 4294901760
-7.4795251 2.9191518 -3.5353873 4294901760
-9.598031 3.2151806 -3.5254357 4294901760
-11.621587 4.5357394 -3.5677865 4294901760
-13.458833 4.5084848 -3.5245519 4294901760
-14.99059 6.7118931 -3.5614383 4294901760
-19.954773 6.6845169 -3.5429015 4294901760
-17.273363 6.7415466 -3.5621192 4294901760
-22.465261 10.058606 -3.5561526 4294901760
-3.2747121 1.2912637 -3.520123 4294901760
-5.4722176 1.854372 -3.5202191 4294901760
-7.4656396 2.9438033 -3.5346966 4294901760
-9.58675 3.2486651 -3.5256293 4294901760
-11.605682 4.5762787 -3.5680015 4294901760
-13.443013 4.5554385 -3.5248234 4294901760
-14.952553 6.7576194 -3.5600183 4294901760
-19.946436 6.7592549 -3.5445971 4294901760
-17.242308 6.7988768 -3.5616977 4294901760
-22.440929 10.141896 -3.5573647 4294901760
-3.2665894 1.3019161 -3.5184546 4294901760
-5.458096 1.8719182 -3.5180924 4294901760
-7.4475126 2.9682446 -3.5331829 4294901760
-9.5635624 3.2799361 -3.5238552 4294901760
-11.585145 4.6173191 -3.5676756 4294901760
-13.426226 4.604682 -3.5251067 4294901760
-14.953047 6.8239565 -3.5632041 4294901760
-19.872459 6.8154936 -3.5408151 4294901760
-17.191347 6.8517003 -3.5594358 4294901760
-22.396339 10.220769 -3.557199 4294901760
-3.2653883 1.3146639 -3.520246 4294901760
-5.4551682 1.8922204 -3.5193224 4294901760
-7.4480224 2.9986162 -3.5358059 4294901760
-9.5483208 3.3120019 -3.5233872 4294901760
-11.572639 4.6592102 -3.5684369 4294901760
-13.406312 4.6502137 -3.5249019 4294901760
-14.914666 6.8694425 -3.561779 4294901760
-19.807077 6.8704309 -3.5376544 4294901760
-17.171024 6.9131527 -3.5601203 4294901760
-22.349646 10.293868 -3.5567317 4294901760
-3.2578835 1.3235508 -3.5185676 4294901760
-5.4528327 1.9106216 -3.520541 4294901760
-7.4458332 3.0249512 -3.5375853 4294901760
-9.5416002 3.3432877 -3.5242164 4294901760
-11.557945 4.6955414 -3.5686257 4294901760
-13.365367 4.6830997 -3.5218327 4294901760
-14.896624 6.9179392 -3.5624163 4294901760
-19.774101 6.9286609 -3.5370378 4294901760
-17.149223 6.9670596 -3.5604005 4294901760
-22.32082 10.365709 -3.5573394 4294901760
-3.2532437 1.3349149 -3.5186262 4294901760
-5.438868 1.9270711 -3.5184059 4294901760
-7.4388576 3.0524125 -3.5385487 4294901760
-9.5261459 3.3752542 -3.5237455 4294901760
-11.537813 4.7343516 -3.5682838 4294901760
-13.352687 4.7310538 -3.5225692 4294901760
-14.84714 6.958065 -3.5597324 4294901760
-19.813732 7.020298 -3.5429268 4294901760
-17.102671 7.0177989 -3.5584843 4294901760
-22.306194 10.453728 -3.5593753 4294901760
-3.2547913 1.3501748 -3.5221539 4294901760
-5.4314284 1.9479406 -3.5185232 4294901760
-7.4234595 3.0794501 -3.5378656 4294901760
-9.5131159 3.4118068 -3.5239508 4294901760
-11.52688 4.7816596 -3.5696115 4294901760
-13.341909 4.7849746 -3.5238023 4294901760
-14.813116 7.0116158 -3.5591593 4294901760
-19.745317 7.0815082 -3.5397949 4294901760
-17.086647 7.0879993 -3.5599334 4294901760
-22.247847 10.530758 -3.5583758 4294901760
-3.2471888 1.3589947 -3.520474 4294901760
-5.4216604 1.9636843 -3.5174971 4294901760
-7.4137473 3.1027586 -3.5379844 4294901760
-9.4949169 3.438987 -3.5227995 4294901760
-11.515459 4.8193836 -3.5703459 4294901760
-13.315591 4.8228064 -3.5226176 4294901760
-14.823363 7.0735588 -3.5631351 4294901760
-19.749231 7.1530223 -3.5424063 4294901760
-17.056934 7.1385703 -3.5594645 4294901760
-22.203838 10.595447 -3.5578585 4294901760
-3.2424254 1.3703206 -3.5205312 4294901760
-5.414773 1.9825964 -3.517602 4294901760
-7.3992591 3.12709 -3.5372858 4294901760
-9.4902782 3.4748254 -3.5243015 4294901760
-11.487603 4.8549142 -3.5688977 4294901760
-13.287473 4.8651519 -3.5214567 4294901760
-14.784228 7.1183443 -3.5616975 4294901760
-19.735386 7.2260284 -3.5437596 4294901760
-17.039261 7.2011671 -3.5605075 4294901760
-22.177513 10.678081 -3.5590477 4294901760
-3.234288 1.3802075 -3.518856 4294901760
-5.4042068 2.0001483 -3.5165846 4294901760
-7.3955135 3.1559784 -3.5390742 4294901760
-9.4817972 3.5093036 -3.5251434 4294901760
-11.481534 4.8996563 -3.5707505 4294901760
-13.25549 4.9059834 -3.5198202 4294901760
-14.748544 7.1646867 -3.5606751 4294901760
-19.623972 7.2630191 -3.5366926 4294901760
-17.028685 7.2668605 -3.5622904 4294901760
-22.118555 10.744961 -3.5577216 4294901760
-3.2294505 1.391489 -3.5189123 4294901760
-5.389976 2.0163014 -3.5144448 4294901760
-7.3916569 3.1848791 -3.5408618 4294901760
-9.4768934 3.54515 -3.5266433 4294901760
-11.457074 4.9365649 -3.569849 4294901760
-13.245734 4.9550114 -3.5210199 4294901760
-14.719867 7.2143731 -3.5604868 4294901760
-19.594759 7.3300772 -3.5367436 4294901760
-16.959282 7.3073282 -3.5581324 4294901760
-22.019955 10.792228 -3.5533199 4294901760
-3.2278979 1.4041997 -3.5207002 4294901760
-5.3973169 2.0405524 -3.5190337 4294901760
-7.3733001 3.2075322 -3.5393302 4294901760
-9.4570665 3.5754135 -3.5255046 4294901760
-11.436132 4.9749451 -3.5694962 4294901760
-13.239516 5.0054364 -3.522691 4294901760
-14.676744 7.2568855 -3.5586224 4294901760
-19.613842 7.4153647 -3.541003 4294901760
-16.875175 7.3410373 -3.5524852 4294901760
-21.989304 10.872566 -3.5542188 4294901760
-3.2229767 1.4154587 -3.5207555 4294901760
-5.3829651 2.0566308 -3.5168922 4294901760
-7.3476934 3.2269413 -3.5361383 4294901760
-9.4408369 3.6069927 -3.5250235 4294901760
-11.41143 5.0116429 -3.5685906 4294901760
-13.210819 5.0473633 -3.5215211 4294901760
-14.629939 7.2974067 -3.5563369 4294901760
-19.572929 7.4780889 -3.5400772 4294901760
-16.882299 7.4143252 -3.5561161 4294901760
-21.75136 7.1136417 -3.5574183 4294901760
-21.944075 10.945694 -3.5539973 4294901760
-3.2213302 1.4281697 -3.5225425 4294901760
-5.3829403 2.0781832 -3.5192366 4294901760
-7.3363848 3.2525702 -3.5362632 4294901760
-9.4429369 3.6456196 -3.5278387 4294901760
-11.397496 5.0530548 -3.5693357 4294901760
-13.204251 5.097744 -3.5231888 4294901760
-14.611494 7.3520117 -3.5573962 4294901760
-19.613712 7.5722342 -3.5462773 4294901760
-16.874538 7.4812899 -3.5582602 4294901760
-21.718817 7.187017 -3.5572631 4294901760
-21.912865 11.025816 -3.554889 4294901760
-3.2094567 1.437004 -3.519135 4294901760
-5.3645225 2.0936975 -3.5159764 4294901760
-7.3244147 3.2794375 -3.5363934 4294901760
-9.4184656 3.6758947 -3.5260446 4294901760
-11.3789 5.0947948 -3.5695376 4294901760
-13.174363 5.1417685 -3.522027 4294901760
-14.588 7.4073191 -3.5580456 4294901760
-19.533785 7.6237617 -3.5421231 4294901760
-16.839729 7.5398302 -3.5578163 4294901760
-21.703682 7.2703757 -3.5586259 4294901760
-21.82246 11.080746 -3.5513237 4294901760
-3.2115347 1.4500629 -3.5226481 4294901760
-5.3507509 2.1077158 -3.5138218 4294901760
-7.3212261 3.3056588 -3.5381634 4294901760
-9.4105492 3.706912 -3.526861 4294901760
-11.362839 5.1305156 -3.5697091 4294901760
-13.154445 5.1816711 -3.5217729 4294901760
-14.564659 7.4531093 -3.5582416 4294901760
-19.502314 7.6821623 -3.5418 4294901760
-16.819593 7.5943341 -3.5584416 4294901760
-21.291286 7.2066984 -3.5281203 4294901760
-21.759106 11.134692 -3.5493813 4294901760
-3.1998558 1.4582577 -3.5192368 4294901760
-5.3433609 2.1263804 -3.5139203 4294901760
-7.2989359 3.3263152 -3.5357957 4294901760
-9.3938799 3.7382772 -3.5263743 4294901760
-11.334027 5.1652117 -3.5682454 4294901760
-13.128887 5.2246165 -3.5210679 4294901760
-14.535016 7.5020781 -3.5580385 4294901760
-19.445721 7.7383885 -3.5395646 4294901760
-16.76396 7.6397734 -3.5557492 4294901760
-21.713011 11.206916 -3.549144 4294901760
-3.1947453 1.4694192 -3.5192895 4294901760
-5.3502011 2.1507676 -3.5185063 4294901760
-7.2944059 3.3550529 -3.537576 4294901760
-9.3807726 3.7710474 -3.526546 4294901760
-11.308717 5.2014303 -3.5673304 4294901760
-13.121639 5.2748661 -3.5227284 4294901760
-14.498137 7.547255 -3.5569956 4294901760
-19.392672 7.7958064 -3.5376496 4294901760
-16.715456 7.6882529 -3.5537961 4294901760
-21.236681 7.3538628 -3.5286725 4294901760
-21.68792 11.29002 -3.5505807 4294901760
-3.1893389 1.481118 -3.5193443 4294901760
-5.3422828 2.1703618 -3.5186081 4294901760
-7.2785029 3.3801117 -3.5368712 4294901760
-9.366889 3.8054028 -3.5267248 4294901760
-11.285979 5.2411699 -3.5669737 4294901760
-13.098534 5.321425 -3.5225046 4294901760
-14.459805 7.5947852 -3.5559604 4294901760
-19.393545 7.8788433 -3.5406141 4294901760
-16.690783 7.7511425 -3.554455 4294901760
-21.47706 7.5253663 -3.550431 4294901760
-21.621649 11.356432 -3.548954 4294901760
-3.1811266 1.4901483 -3.5176611 4294901760
-5.3350563 2.1880655 -3.5186996 4294901760
-7.2637024 3.402566 -3.5361536 4294901760
-9.3505611 3.834944 -3.5262251 4294901760
-11.261349 5.2752004 -3.5660455 4294901760
-13.088174 5.3678503 -3.5236762 4294901760
-14.427499 7.6389661 -3.5553205 4294901760
-19.378384 7.9476528 -3.5419195 4294901760
-16.668596 7.8081393 -3.5550845 4294901760
-21.395544 7.5765581 -3.546329 4294901760
-21.555641 11.413122 -3.5470123 4294901760
-3.1824605 1.5043422 -3.5211775 4294901760
-5.3238263 2.2052009 -3.5176728 4294901760
-7.2517805 3.4279008 -3.5362706 4294901760
-9.329814 3.8645353 -3.5250723 4294901760
-11.246454 5.3161745 -3.5667782 4294901760
-13.058333 5.4089384 -3.5224891 4294901760
-14.386692 7.681778 -3.5538509 4294901760
-19.339464 8.0106678 -3.5412927 4294901760
-16.630426 7.8611665 -3.5542376 4294901760
-21.346416 7.6431236 -3.5449462 4294901760
-21.501577 11.480773 -3.5462005 4294901760
-3.1769254 1.5159965 -3.5212309 4294901760
-5.3228149 2.2276733 -3.5200164 4294901760
-7.2320876 3.4510784 -3.5347321 4294901760
-9.3192339 3.9002314 -3.5259066 4294901760
-11.223311 5.3556499 -3.5664158 4294901760
-13.042089 5.4582992 -3.5232067 4294901760
-14.372466 7.7420111 -3.5557396 4294901760
-19.317337 8.0845785 -3.5423026 4294901760
-16.579912 7.9117651 -3.5522857 4294901760
-21.235691 7.6914048 -3.5387731 4294901760
-21.374981 11.514053 -3.5398049 4294901760
-3.171881 1.5265232 -3.5212789 4294901760
-5.3189468 2.2468112 -3.5212281 4294901760
-7.2276731 3.4784441 -3.5365014 4294901760
-9.3171701 3.9357271 -3.528043 4294901760
-11.194764 5.3876762 -3.5649307 4294901760
-13.042234 5.5092559 -3.5257945 4294901760
-14.336213 7.7839293 -3.5546737 4294901760
-19.283068 8.1454868 -3.5419772 4294901760
-16.528439 7.9546008 -3.549932 4294901760
-21.157585 7.7425771 -3.5349562 4294901760
-21.413885 11.626792 -3.5462446 4294901760
-3.1697941 1.5391694 -3.5230615 4294901760
-5.3039856 2.262342 -3.5190766 4294901760
-7.2154865 3.5036523 -3.5366151 4294901760
-9.3142824 3.9728789 -3.5301867 4294901760
-11.161612 5.4197879 -3.5629015 4294901760
-13.026582 5.5563092 -3.5264969 4294901760
-14.287993 7.8224487 -3.5523584 4294901760
-19.269199 8.2190113 -3.5436139 4294901760
-16.500572 8.012248 -3.5501919 4294901760
-21.119198 7.8122301 -3.5344615 4294901760
-21.355656 11.691881 -3.5451415 4294901760
-3.1641319 1.5507762 -3.5231135 4294901760
-5.2921205 2.2802413 -3.5180509 4294901760
-7.1955533 3.5266206 -3.5350726 4294901760
-9.2996597 4.0069885 -3.5303569 4294901760
-11.141673 5.4606581 -3.5630841 4294901760
-13.00248 5.6024399 -3.5262609 4294901760
-14.252257 7.8709116 -3.5517259 4294901760
-19.220625 8.281682 -3.5423417 4294901760
-16.438877 8.0568762 -3.5471139 4294901760
-21.165201 7.9175506 -3.540899 4294901760
-21.305672 11.76621 -3.544889 4294901760
-3.1586993 1.5618118 -3.5231624 4294901760
-5.2841287 2.2987003 -3.5181422 4294901760
-7.1726513 3.5465016 -3.5326929 4294901760
-9.2892408 4.0410032 -3.5311778 4294901760
-11.126101 5.5012765 -3.5638077 4294901760
-12.97555 5.6446199 -3.5255373 4294901760
-14.210776 7.9128623 -3.5502429 4294901760
-18.865946 8.2070589 -3.5137618 4294901760
-16.410652 8.1142111 -3.5473678 4294901760
-21.163572 8.0012655 -3.5434062 4294901760
-21.212137 11.811369 -3.5409784 4294901760
-3.1532276 1.5728292 -3.5232108 4294901760
-5.2725458 2.3155842 -3.5171103 4294901760
-7.1707559 3.5767715 -3.5352938 4294901760
-9.2714577 4.0718174 -3.5306766 4294901760
-11.099728 5.5365415 -3.5628753 4294901760
-12.9412 5.6834865 -3.5238631 4294901760
-14.172648 7.9565744 -3.5491765 4294901760
-18.789684 8.2520094 -3.509861 4294901760
-16.289469 8.1251822 -3.5379441 4294901760
-21.183987 8.0936184 -3.5477161 4294901760
-21.128992 11.86189 -3.5379031 4294901760
-3.1512337 1.5849044 -3.5249891 4294901760
-5.2754035 2.3377352 -3.5205634 4294901760
-7.1518483 3.5970027 -3.5337365 4294901760
-9.257906 4.1025362 -3.5308263 4294901760
-11.084852 5.5750961 -3.563587 4294901760
-12.929558 5.7295866 -3.5250206 4294901760
-14.11846 7.9878345 -3.5460019 4294901760
-19.024883 8.4306612 -3.5335627 4294901760
-16.255314 8.1755657 -3.5374348 4294901760
-21.123518 8.1508799 -3.5453858 4294901760
-21.079117 11.925982 -3.5373294 4294901760
-3.1424494 1.5942553 -3.5233035 4294901760
-5.2672105 2.3561368 -3.5206525 4294901760
-7.1357517 3.620173 -3.5330138 4294901760
-9.2471371 4.1364436 -3.5316432 4294901760
-11.044093 5.6029873 -3.5604444 4294901760
-12.894956 5.7681918 -3.5233421 4294901760
-14.093948 8.0390453 -3.5466068 4294901760
-19.097326 8.5426455 -3.5429852 4294901760
-16.283564 8.2611227 -3.5436356 4294901760
-21.083775 8.2202196 -3.5448766 4294901760
-21.037355 11.999495 -3.5376065 4294901760
-3.1304102 1.6019119 -3.5198843 4294901760
-5.2554436 2.3729236 -3.519618 4294901760
-7.116087 3.6414857 -3.5314593 4294901760
-9.2290392 4.1670704 -3.5311377 4294901760
-11.020933 5.6396966 -3.5600574 4294901760
-12.871117 5.811532 -3.5230837 4294901760
-14.069253 8.0901785 -3.5472093 4294901760
-19.05648 8.6043301 -3.54233 4294901760
-16.275921 8.3288097 -3.5461123 4294901760
-21.073524 8.3010817 -3.5467718 4294901760
-20.984957 12.066885 -3.5370398 4294901760
-3.1250813 1.6122841 -3.5199285 4294901760
-5.2405353 2.387145 -3.5174556 4294901760
-7.1004877 3.6632657 -3.5307288 4294901760
-9.2043781 4.1927371 -3.5293016 4294901760
-10.998647 5.6743941 -3.5596607 4294901760
-12.833679 5.8459401 -3.5209155 4294901760
-14.018224 8.1228113 -3.5444465 4294901760
-19.016951 8.6625156 -3.5416558 4294901760
-16.241127 8.3790808 -3.5455964 4294901760
-21.001369 8.3532143 -3.5435271 4294901760
-20.910275 12.116386 -3.5344944 4294901760
-3.1226499 1.6248564 -3.5217073 4294901760
-5.2356696 2.4070323 -3.5186648 4294901760
-7.0806966 3.6844075 -3.5291715 4294901760
-9.1753225 4.2182374 -3.5268111 4294901760
-10.975249 5.7109199 -3.5592701 4294901760
-12.824035 5.8956861 -3.5225506 4294901760
-13.982905 8.1676779 -3.543786 4294901760
-18.990221 8.7305117 -3.542295 4294901760
-16.197632 8.4283619 -3.5443451 4294901760
-20.8943 8.3952198 -3.5375869 4294901760
-20.850613 12.179235 -3.5333595 4294901760
-3.1169598 1.6357459 -3.5217528 4294901760
-5.2377191 2.4301562 -3.5221195 4294901760
-7.0677938 3.7090998 -3.5292745 4294901760
-9.171299 4.255228 -3.5289435 4294901760
-10.965792 5.7547255 -3.5610852 4294901760
-12.821416 5.948781 -3.5251329 4294901760
-13.947449 8.2123938 -3.5431232 4294901760
-18.952391 8.7933836 -3.5419555 4294901760
-16.153996 8.477437 -3.5430908 4294901760
-20.949942 8.5026264 -3.544894 4294901760
-20.787327 12.23978 -3.5319402 4294901760
-3.1112309 1.6466161 -3.5217977 4294901760
-5.2292042 2.4484246 -3.5222046 4294901760
-7.0686703 3.7410874 -3.5326991 4294901760
-9.149231 4.2838645 -3.527771 4294901760
-10.945637 5.7929683 -3.5612431 4294901760
-12.77536 5.9816952 -3.5220196 4294901760
-13.898147 8.2488337 -3.5407803 4294901760
-18.889057 8.8442583 -3.5393355 4294901760
-16.141922 8.5430984 -3.5451858 4294901760
-20.920134 8.5757036 -3.5452716 4294901760
-20.754776 12.318383 -3.5330398 4294901760
-3.1022654 1.6557602 -3.5201087 4294901760
-5.2101765 2.4617276 -3.5189197 4294901760
-7.0486474 3.7620475 -3.5311384 4294901760
-9.1270733 4.3124003 -3.5265968 4294901760
-10.921846 5.8292751 -3.5608473 4294901760
-12.740018 6.0194607 -3.5203271 4294901760
-13.896607 8.3136578 -3.5443068 4294901760
-18.717363 8.8436632 -3.5269496 4294901760
-16.097931 8.5918875 -3.5439258 4294901760
-20.867943 8.6395216 -3.5438383 4294901760
-20.711649 12.390761 -3.5332949 4294901760
-3.0996592 1.6682965 -3.5218859 4294901760
-5.1980758 2.478241 -3.51788 4294901760
-7.0354729 3.7866273 -3.5312381 4294901760
-9.1155329 4.3459325 -3.5274036 4294901760
-10.897939 5.8654809 -3.5604494 4294901760
-12.733289 6.0707383 -3.5224297 4294901760
-13.840221 8.3456593 -3.5411198 4294901760
-16.050291 8.6385765 -3.54229 4294901760
-20.856071 8.7200041 -3.545716 4294901760
-20.6033 12.423799 -3.5282192 4294901760
-3.0967097 1.681376 -3.5236647 4294901760
-5.1924281 2.4989464 -3.5190897 4294901760
-7.0043116 3.8030305 -3.5271866 4294901760
-9.1066666 4.3827415 -3.5288775 4294901760
-10.87288 5.9034915 -3.5600574 4294901760
-12.700202 6.1121931 -3.5212173 4294901760
-13.812943 8.3983994 -3.5417137 4294901760
-18.653603 8.9773703 -3.5275602 4294901760
-16.008011 8.6916399 -3.5414081 4294901760
-20.790878 8.7824087 -3.5433893 4294901760
-20.537153 12.486782 -3.5267961 4294901760
-3.0942969 1.6933762 -3.5254388 4294901760
-5.1841125 2.5161517 -3.5191672 4294901760
-6.981339 3.8205879 -3.524786 4294901760
-9.0849705 4.4094653 -3.5276914 4294901760
-10.83932 5.9318957 -3.5579922 4294901760
-12.672707 6.1508021 -3.5204575 4294901760
-13.805392 8.4566412 -3.5443869 4294901760
-18.738602 9.0949345 -3.5382569 4294901760
-15.958115 8.7331924 -3.5393825 4294901760
-20.787342 8.8622646 -3.5458462 4294901760
-20.495632 12.554819 -3.5270276 4294901760
-3.0851936 1.7024151 -3.5237479 4294901760
-5.1718392 2.5325375 -3.5181248 4294901760
-6.9679613 3.8449328 -3.5248818 4294901760
-9.0659742 4.4394107 -3.5271721 4294901760
-10.832445 5.9773617 -3.5603492 4294901760
-12.64759 6.1932497 -3.5201805 4294901760
-13.775791 8.504777 -3.5445487 4294901760
-18.717491 9.1655493 -3.539526 4294901760
-15.962442 8.8081036 -3.5433285 4294901760
-20.737947 8.9268761 -3.5446999 4294901760
-20.455086 12.628381 -3.5275483 4294901760
-3.079232 1.7131747 -3.5237896 4294901760
-5.1629672 2.5505764 -3.5182049 4294901760
-6.9544969 3.8692336 -3.5249763 4294901760
-9.0468788 4.4692817 -3.5266514 4294901760
-10.80458 6.0112824 -3.559392 4294901760
-12.608065 6.2285562 -3.5180018 4294901760
-13.735875 8.5465031 -3.5434492 4294901760
-18.656763 9.2166958 -3.5372102 4294901760
-15.938565 8.8676491 -3.5442908 4294901760
-20.695679 8.9944429 -3.5441532 4294901760
-20.383751 12.682832 -3.5255404 4294901760
-3.0700712 1.7221395 -3.5220976 4294901760
-5.1505847 2.5668647 -3.5171607 4294901760
-6.940948 3.8934863 -3.5250697 4294901760
-9.024147 4.4973083 -3.5254676 4294901760
-10.773148 6.0431371 -3.5578804 4294901760
-12.589805 6.274303 -3.5186701 4294901760
-13.719452 8.6028614 -3.5452847 4294901760
-18.613762 9.2764254 -3.5365191 4294901760
-15.869265 8.9017754 -3.5404036 4294901760
-20.64953 9.060214 -3.5433011 4294901760
-20.329205 12.747545 -3.5249317 4294901760
-3.0671971 1.7346294 -3.5238719 4294901760
-5.1450353 2.5865571 -3.5183623 4294901760
-6.923902 3.9157586 -3.5243311 4294901760
-9.0083942 4.528779 -3.5256047 4294901760
-10.748535 6.0787501 -3.5574715 4294901760
-12.550061 6.3092771 -3.5164864 4294901760
-13.706176 8.661334 -3.5475383 4294901760
-18.567009 9.3341694 -3.5354989 4294901760
-15.820746 8.947299 -3.5387502 4294901760
-20.632381 9.1387014 -3.5448596 4294901760
-20.254208 12.799227 -3.5226352 4294901760
-3.0611234 1.7453253 -3.5239124 4294901760
-5.1359754 2.6045012 -3.51844 4294901760
-6.9101906 3.9399037 -3.5244219 4294901760
-8.9784307 4.5530462 -3.5230956 4294901760
-10.710015 6.1064057 -3.5548513 4294901760
-12.513774 6.3458519 -3.5147753 4294901760
-13.652344 8.6941509 -3.5447524 4294901760
-18.527197 9.3953152 -3.5351272 4294901760
-15.810197 9.0143175 -3.5411959 4294901760
-20.578491 9.2008905 -3.5433972 4294901760
-20.15888 12.837674 -3.5186503 4294901760
-3.0487261 1.7523868 -3.5204847 4294901760
-5.1371398 2.6276755 -3.5218871 4294901760
-6.899796 3.9659553 -3.5253432 4294901760
-8.9624815 4.5843592 -3.5232296 4294901760
-10.681754 6.1397986 -3.5538859 4294901760
-12.477383 6.3822508 -3.513062 4294901760
-13.611856 8.7353001 -3.5436428 4294901760
-18.504944 9.4653816 -3.5363815 4294901760
-15.778634 9.0694504 -3.5414016 4294901760
-20.528055 9.2644567 -3.5422325 4294901760
-20.100502 12.899337 -3.5177488 4294901760
-3.0457273 1.7648361 -3.5222578 4294901760
-5.1279364 2.6455917 -3.5219631 4294901760
-6.88591 3.9900167 -3.5254319 4294901760
-8.9534512 4.6192412 -3.5246849 4294901760
-10.670556 6.1830163 -3.5556805 4294901760
-12.458564 6.4275899 -3.5137217 4294901760
-13.584627 8.7849245 -3.54421 4294901760
-18.475338 9.5317488 -3.5369813 4294901760
-15.733083 9.1164799 -3.5401127 4294901760
-20.481064 9.3294401 -3.5413663 4294901760
-20.058708 12.971592 -3.5182471 4294901760
-3.0432987 1.7762232 -3.5240264 4294901760
-5.1161823 2.6599121 -3.5209074 4294901760
-6.876729 4.013607 -3.5263424 4294901760
-8.9388943 4.6473465 -3.5248032 4294901760
-10.630518 6.2045083 -3.5524883 4294901760
-12.431252 6.4630294 -3.5129359 4294901760
-13.563635 8.8319054 -3.5451803 4294901760
-18.473625 9.6044703 -3.5398333 4294901760
-15.72158 9.175909 -3.5421581 4294901760
-20.419004 9.3787413 -3.5389526 4294901760
-20.001123 13.02365 -3.5170362 4294901760
-3.0370805 1.7868348 -3.5240648 4294901760
-5.0966325 2.6723871 -3.5176108 4294901760
-6.8525362 4.0316186 -3.5239348 4294901760
-8.912117 4.6730123 -3.5229487 4294901760
-10.615635 6.2455988 -3.5537269 4294901760
-12.419184 6.5119205 -3.5145426 4294901760
-13.539383 8.883564 -3.5461631 4294901760
-18.454123 9.6763029 -3.5414062 4294901760
-15.672276 9.2206211 -3.5404909 4294901760
-20.415115 9.4633865 -3.5417039 4294901760
-19.928833 13.075859 -3.5150003 4294901760
-3.0333145 1.8003335 -3.52584 4294901760
-5.0863333 2.6919372 -3.5176914 4294901760
-6.833632 4.0558987 -3.5231972 4294901760
-8.8871222 4.7035007 -3.5217669 4294901760
-10.577928 6.278214 -3.5516624 4294901760
-12.383543 6.5539784 -3.5133133 4294901760
-13.505173 8.9354858 -3.5463176 4294901760
-18.395672 9.7358913 -3.5397418 4294901760
-15.623042 9.2725916 -3.5392129 4294901760
-20.375013 9.5400124 -3.5417669 4294901760
-19.858498 13.139063 -3.5135429 4294901760
-3.0239007 1.8090497 -3.5241437 4294901760
-5.0803046 2.7114894 -3.5188878 4294901760
-6.8261647 4.0837555 -3.5249441 4294901760
-8.8706493 4.7344942 -3.5218937 4294901760
-10.552543 6.3130622 -3.5512397 4294901760
-12.350064 6.591547 -3.512064 4294901760
-13.480529 8.9869928 -3.5472958 4294901760
-18.322855 9.7793789 -3.5364168 4294901760
-15.614528 9.3413963 -3.5420172 4294901760
-20.319933 9.6008444 -3.540282 4294901760
-19.78261 13.188368 -3.5112178 4294901760
-3.0150974 1.8166699 -3.5224428 4294901760
-5.0683684 2.7256119 -3.5178285 4294901760
-6.8099418 4.1031566 -3.5241876 4294901760
-8.8592129 4.7642107 -3.5226681 4294901760
-10.529259 6.3441353 -3.5508027 4294901760
-12.343307 6.6378489 -3.5141225 4294901760
-13.465455 9.0381765 -3.5490978 4294901760
-18.323669 9.8539028 -3.5395854 4294901760
-15.588518 9.3924627 -3.5425613 4294901760
-20.282461 9.6612015 -3.5399702 4294901760
-19.744394 13.252676 -3.5116782 4294901760
-3.0087376 1.8271837 -3.5224791 4294901760
-5.0520506 2.739615 -3.5156517 4294901760
-6.7888718 4.1228309 -3.5226064 4294901760
-8.8460016 4.7969904 -3.5234537 4294901760
-10.51044 6.3829112 -3.551482 4294901760
-12.309571 6.6752071 -3.5128689 4294901760
-13.443723 9.0918198 -3.5504918 4294901760
-18.268114 9.9063921 -3.5378845 4294901760
-15.552229 9.4447517 -3.5423756 4294901760
-20.252211 9.7336721 -3.5405946 4294901760
-19.658319 13.294673 -3.5085027 4294901760
-2.9992492 1.8357826 -3.5207808 4294901760
-5.0492163 2.7609296 -3.5179696 4294901760
-6.7677484 4.1424084 -3.5210238 4294901760
-8.825736 4.8259444 -3.5229146 4294901760
-10.494864 6.4237041 -3.5527122 4294901760
-12.279216 6.7143197 -3.5120885 4294901760
-13.395447 9.1274786 -3.5485229 4294901760
-18.250927 9.9796724 -3.5397692 4294901760
-15.53277 9.507309 -3.5440536 4294901760
-20.21093 9.8008251 -3.5403087 4294901760
-19.568893 13.333982 -3.5050421 4294901760
-2.9928231 1.84624 -3.5208158 4294901760
-5.0395484 2.7785368 -3.518039 4294901760
-6.756587 4.1680651 -3.521935 4294901760
-8.8019152 4.8529043 -3.5217123 4294901760
-10.472379 6.4602966 -3.5528355 4294901760
-12.262671 6.7609792 -3.5132082 4294901760
-13.363505 9.1741781 -3.5486517 4294901760
-18.093681 9.9758854 -3.5285978 4294901760
-15.526634 9.5782118 -3.5472226 4294901760
-20.162254 9.8642912 -3.5394144 4294901760
-19.51894 13.399944 -3.5049493 4294901760
-2.9925172 1.8605046 -3.5243187 4294901760
-5.0298185 2.7961123 -3.5181074 4294901760
-6.7419953 4.1916261 -3.5220132 4294901760
-8.7814665 4.8816805 -3.5211701 4294901760
-10.446393 6.4947205 -3.5524039 4294901760
-12.228566 6.7979484 -3.5119481 4294901760
-13.324846 9.2162437 -3.5479379 4294901760
-18.149424 10.089396 -3.5373297 4294901760
-15.499873 9.6365643 -3.5481491 4294901760
-20.106218 9.924016 -3.5379117 4294901760
-19.501598 13.488447 -3.5076635 4294901760
-2.9829326 1.8690141 -3.522619 4294901760
-5.0233879 2.815536 -3.519299 4294901760
-6.7239981 4.2130513 -3.5212586 4294901760
-8.7678204 4.9142361 -3.52195 4294901760
-10.430384 6.5353589 -3.5536292 4294901760
-12.204762 6.8405919 -3.5121126 4294901760
-13.276257 9.2513142 -3.5459609 4294901760
-18.124537 10.15854 -3.538553 4294901760
-15.44925 9.680027 -3.5464594 4294901760
-20.060736 9.988802 -3.5373125 4294901760
-19.415079 13.52904 -3.504472 4294901760
-2.9794555 1.8813508 -3.5243866 4294901760
-5.0101748 2.8311586 -3.5182419 4294901760
-6.7026181 4.2323089 -3.5196712 4294901760
-8.7506123 4.9448118 -3.5220668 4294901760
-10.404151 6.5696092 -3.553194 4294901760
-12.163497 6.8733711 -3.5098965 4294901760
-13.243883 9.2976017 -3.5460825 4294901760
-18.061172 10.20604 -3.5361824 4294901760
-15.401881 9.7253819 -3.54514 4294901760
-19.990074 10.040849 -3.5345917 4294901760
-19.387348 13.610497 -3.5063362 4294901760
-2.9728706 1.8917389 -3.52442 4294901760
-5.0002623 2.848629 -3.5183077 4294901760
-6.6745687 4.2472553 -3.5164189 4294901760
-8.7367334 4.9772816 -3.5228438 4294901760
-10.364419 6.595233 -3.5505455 4294901760
-12.129066 6.9098787 -3.5086293 4294901760
-13.198343 9.3345718 -3.5445204 4294901760
-18.004639 10.257169 -3.534461 4294901760
-15.367842 9.7790813 -3.5453115 4294901760
-19.969147 10.117778 -3.5361037 4294901760
-19.339724 13.678083 -3.5065103 4294901760
-2.9662495 1.902105 -3.5244527 4294901760
-4.9902887 2.8660662 -3.5183728 4294901760
-6.666306 4.2747631 -3.5181558 4294901760
-8.7193069 5.0077486 -3.5229578 4294901760
-10.334655 6.6270885 -3.5495536 4294901760
-12.101424 6.9501953 -3.5083115 4294901760
-13.181897 9.3921432 -3.5467381 4294901760
-17.958344 10.313993 -3.5337157 4294901760
-15.316833 9.8219061 -3.5436127 4294901760
-19.933708 10.187424 -3.5364025 4294901760
-19.272346 13.731607 -3.5049942 4294901760
-2.9565463 1.910481 -3.5227506 4294901760
-4.9802527 2.8834696 -3.5184371 4294901760
-6.6546359 4.3001375 -3.5190597 4294901760
-8.694931 5.0341959 -3.5217459 4294901760
-10.314789 6.6652799 -3.5502186 4294901760
-12.08397 6.9963841 -3.5094192 4294901760
-13.119909 9.417201 -3.5430701 4294901760
-17.932589 10.382621 -3.5349271 4294901760
-15.279103 9.8731537 -3.5434053 4294901760
-19.908667 10.262434 -3.537606 4294901760
-19.237268 13.808116 -3.5062859 4294901760
-2.9495244 1.9213036 -3.5227838 4294901760
-4.9663253 2.8997605 -3.5173795 4294901760
-6.642118 4.3266387 -3.5199664 4294901760
-8.6661816 5.0600495 -3.5198758 4294901760
-10.293616 6.705204 -3.5508873 4294901760
-12.034206 7.0265875 -3.5062499 4294901760
-13.088535 9.467556 -3.5436075 4294901760
-17.894417 10.448274 -3.535167 4294901760
-15.236135 9.9247322 -3.5428295 4294901760
-19.853216 10.326122 -3.5363989 4294901760
-19.131531 13.83874 -3.5016768 4294901760
-2.9431367 1.931074 -3.5228131 4294901760
-4.9434023 2.9084008 -3.5129416 4294901760
-6.6310129 4.3507924 -3.5208647 4294901760
-8.6425419 5.0847521 -3.5186553 4294901760
-10.261372 6.7327719 -3.5493312 4294901760
-12.014267 7.0684724 -3.5068698 4294901760
-13.060286 9.5132523 -3.5441315 4294901760
-17.849352 10.501486 -3.5344007 4294901760
-15.206471 9.9773893 -3.5433557 4294901760
-19.794117 10.378925 -3.5345531 4294901760
-19.075851 13.895054 -3.5009849 4294901760
-2.9394023 1.9433352 -3.5245781 4294901760
-4.9497852 2.9354625 -3.518625 4294901760
-6.6026983 4.3652601 -3.517606 4294901760
-8.6451378 5.126986 -3.5227361 4294901760
-10.234497 6.7663612 -3.5488849 4294901760
-11.986099 7.1083379 -3.5065434 4294901760
-13.059109 9.5823441 -3.5484419 4294901760
-17.778265 10.543373 -3.5313559 4294901760
-15.171552 10.03041 -3.5435138 4294901760
-19.75071 10.444223 -3.5342324 4294901760
-19.027231 13.961555 -3.5011408 4294901760
-2.9326012 1.9535831 -3.5246081 4294901760
-4.9461217 2.9566746 -3.5209348 4294901760
-6.5808926 4.3839307 -3.5160096 4294901760
-8.6136198 5.1490178 -3.5201936 4294901760
-10.220724 6.8086429 -3.5506487 4294901760
-11.947562 7.1419702 -3.504787 4294901760
-13.035191 9.6349707 -3.5498078 4294901760
-17.744781 10.60741 -3.5319016 4294901760
-15.143084 10.087725 -3.5444164 4294901760
-19.714132 10.513099 -3.5345142 4294901760
-18.955906 14.011271 -3.4993243 4294901760
-2.9230962 1.9612775 -3.522902 4294901760
-4.9362893 2.9730606 -3.520992 4294901760
-6.5695758 4.4079156 -3.5169048 4294901760
-8.6032686 5.1816325 -3.5216179 4294901760
-10.191499 6.8380771 -3.5496404 4294901760
-11.879522 7.1548762 -3.4987369 4294901760
-12.996778 9.6733885 -3.5490644 4294901760
-17.712925 10.668256 -3.5324335 4294901760
-15.112857 10.140106 -3.5449352 4294901760
-19.636969 10.555736 -3.531143 4294901760
-18.8741 14.047829 -3.4963713 4294901760
-2.9102256 1.9674082 -3.5194621 4294901760
-4.9258814 2.9902732 -3.5210514 4294901760
-6.5541492 4.4308205 -3.5169702 4294901760
-8.5817499 5.2095809 -3.521059 4294901760
-10.160993 6.8691654 -3.5486355 4294901760
-11.823878 7.1777258 -3.4945951 4294901760
-12.947001 9.7067509 -3.5470622 4294901760
-17.665346 10.723808 -3.531666 4294901760
-15.070765 10.188333 -3.5443377 4294901760
-19.596493 10.622314 -3.5311151 4294901760
-18.853704 14.135183 -3.4990487 4294901760
-2.9093323 1.9816376 -3.5229595 4294901760
-4.9088411 3.0034304 -3.5188608 4294901760
-6.545125 4.4580903 -3.5186982 4294901760
-8.5567684 5.2353821 -3.5198362 4294901760
-10.133672 6.9023619 -3.5481815 4294901760
-11.832673 7.2397151 -3.4994967 4294901760
-12.909858 9.7494898 -3.5467391 4294901760
-17.610783 10.775 -3.5302415 4294901760
-15.041697 10.245372 -3.5452328 4294901760
-19.548784 10.684917 -3.5304775 4294901760
-18.791498 14.191288 -3.4980652 4294901760
-2.8994088 1.9897287 -3.5212529 4294901760
-4.8950491 3.0185242 -3.5177939 4294901760
-6.5295248 4.4809074 -3.5187612 4294901760
-8.5317135 5.2610674 -3.5186119 4294901760
-10.106247 6.9354448 -3.5477259 4294901760
-11.797175 7.2747092 -3.4982071 4294901760
-12.87258 9.7920799 -3.5464139 4294901760
-17.562878 10.83012 -3.5294673 4294901760
-15.009131 10.300065 -3.5457513 4294901760
-19.500883 10.747304 -3.5298364 4294901760
-18.732315 14.249538 -3.4973593 4294901760
-2.8894637 1.9977759 -3.5195458 4294901760
-4.8779397 3.0315263 -3.5156014 4294901760
-6.5106173 4.5014424 -3.5179908 4294901760
-8.5065842 5.2866445 -3.517386 4294901760
-10.088503 6.9751935 -3.548928 4294901760
-11.768333 7.313746 -3.4978678 4294901760
-12.819352 9.8224211 -3.5439835 4294901760
-17.524965 10.891359 -3.529671 4294901760
-14.966527 10.347861 -3.5451458 4294901760
-19.452782 10.809495 -3.529192 4294901760
-18.634914 14.278411 -3.493273 4294901760
-2.888422 2.0119944 -3.523042 4294901760
-4.8640633 3.0464909 -3.5145328 4294901760
-6.4948649 4.5241418 -3.5180516 4294901760
-8.4813776 5.3121104 -3.5161583 4294901760
-10.060838 7.0080996 -3.5484688 4294901760
-11.752843 7.361115 -3.4994311 4294901760
-12.788138 9.8695421 -3.5444939 4294901760
-17.493605 10.956705 -3.5305257 4294901760
-14.923774 10.395485 -3.5445373 4294901760
-19.390553 10.863675 -3.5273309 4294901760
-18.613411 14.365331 -3.4959369 4294901760
-2.8754466 2.0178988 -3.5195992 4294901760
-4.8664298 3.0716739 -3.5190864 4294901760
-6.482244 4.549037 -3.5189431 4294901760
-8.4627848 5.341681 -3.5162542 4294901760
-10.036314 7.0431728 -3.5485609 4294901760
-11.740531 7.410583 -3.5014691 4294901760
-12.756756 9.9165621 -3.5450022 4294901760
-17.451881 11.015568 -3.5303962 4294901760
-14.903715 10.458963 -3.5465436 4294901760
-19.352516 10.93129 -3.5275888 4294901760
-18.534781 14.408154 -3.4935315 4294901760
-2.8798697 2.0367982 -3.5265646 4294901760
-4.8421388 3.0812192 -3.5146446 4294901760
-6.4655261 4.5727668 -3.5190043 4294901760
-8.4431486 5.3726654 -3.5163534 4294901760
-10.01367 7.0822048 -3.5492089 4294901760
-11.716643 7.4557028 -3.5020826 4294901760
-12.710916 9.9558878 -3.5438302 4294901760
-17.404652 11.075177 -3.5299461 4294901760
-14.855511 10.506614 -3.5455625 4294901760
-19.319254 11.006104 -3.5284634 4294901760
-18.450407 14.451372 -3.4908466 4294901760
-2.8730996 2.0463371 -3.5265889 4294901760
-4.8448658 3.1055739 -3.5191941 4294901760
-6.4471316 4.591907 -3.5182264 4294901760
-8.431941 5.4049006 -3.5177667 4294901760
-9.9901295 7.1153727 -3.549293 4294901760
-11.681809 7.4880762 -3.5007761 4294901760
-12.65594 9.9807215 -3.5409646 4294901760
-17.35775 11.126372 -3.5291464 4294901760
-14.810847 10.548882 -3.5445652 4294901760
-19.279186 11.068122 -3.528399 4294901760
-18.41806 14.524841 -3.4923682 4294901760
-2.8629942 2.0542397 -3.5248792 4294901760
-4.830761 3.1203761 -3.5181217 4294901760
-6.4278789 4.6120958 -3.5174501 4294901760
-8.4130249 5.4342995 -3.5178583 4294901760
-9.9652338 7.1501989 -3.5493796 4294901760
-11.64224 7.5201745 -3.4989972 4294901760
-12.633501 10.034744 -3.5427272 4294901760
-17.312107 11.182563 -3.5286806 4294901760
-14.777176 10.602838 -3.5450675 4294901760
-19.209345 11.117351 -3.5259166 4294901760
-18.389139 14.606426 -3.4944558 4294901760
-2.8558061 2.0642211 -3.5249035 4294901760
-4.8166108 3.1351182 -3.5170486 4294901760
-6.4085608 4.6322074 -3.5166724 4294901760
-8.3940039 5.4636326 -3.5179482 4294901760
-9.9402142 7.1849408 -3.5494645 4294901760
-11.615918 7.5607672 -3.4991219 4294901760
-12.582845 10.066341 -3.5407021 4294901760
-17.266277 11.23857 -3.5282114 4294901760
-14.733614 10.649685 -3.5444455 4294901760
-19.17042 11.184337 -3.5261617 4294901760
-18.325567 14.660549 -3.4934433 4294901760
-2.8456523 2.0720434 -3.5231926 4294901760
-4.7991962 3.1476877 -3.5148499 4294901760
-6.3923516 4.6545496 -3.516726 4294901760
-8.3715754 5.4907331 -3.5173743 4294901760
-9.8958254 7.2055812 -3.5462267 4294901760
-11.576154 7.5925455 -3.4973385 4294901760
-12.544529 10.107704 -3.5403569 4294901760
-17.236952 11.30534 -3.5293753 4294901760
-14.696348 10.701052 -3.5445685 4294901760
-19.117498 11.243093 -3.5251892 4294901760
-18.268063 14.719419 -3.49299 4294901760
-2.8351159 2.0803146 -3.5214825 4294901760
-4.7908401 3.1673808 -3.516027 4294901760
-6.3752489 4.6779475 -3.5167809 4294901760
-8.364583 5.5300989 -3.5201163 4294901760
-9.8693495 7.2418027 -3.5463119 4294901760
-11.54493 7.6327305 -3.4969885 4294901760
-12.507398 10.153615 -3.5404334 4294901760
-17.1721 11.353036 -3.5272722 4294901760
-14.647385 10.747767 -3.5435724 4294901760
-19.09333 11.323268 -3.526957 4294901760
-18.22019 14.791309 -3.4936647 4294901760
-2.8285668 2.0892105 -3.521503 4294901760
-4.7808661 3.1824152 -3.5160711 4294901760
-6.357367 4.695621 -3.5159948 4294901760
-8.3504591 5.5585384 -3.5208561 4294901760
-9.8529348 7.2774858 -3.5474901 4294901760
-11.517584 7.6667562 -3.4966183 4294901760
-12.466187 10.185296 -3.5392351 4294901760
-17.156281 11.420192 -3.5293946 4294901760
-14.616756 10.796096 -3.5440524 4294901760
-19.013113 11.356582 -3.523222 4294901760
-18.151989 14.830788 -3.4917862 4294901760
-2.8270733 2.1034002 -3.5249949 4294901760
-4.7697277 3.1990852 -3.5161195 4294901760
-6.3440833 4.7201276 -3.5168769 4294901760
-8.3211565 5.5810504 -3.5189521 4294901760
-9.8242865 7.3094697 -3.5470142 4294901760
-11.503962 7.7157774 -3.498641 4294901760
-12.43363 10.231282 -3.5397241 4294901760
-17.10968 11.475567 -3.528913 4294901760
-14.594971 10.858956 -3.5460382 4294901760
-18.973351 11.422886 -3.5234537 4294901760
-18.093937 14.888988 -3.4913225 4294901760
-2.8226149 2.1154296 -3.5267513 4294901760
-4.7585316 3.2157149 -3.5161669 4294901760
-6.318152 4.7351861 -3.5144286 4294901760
-8.3048983 5.6122746 -3.5196977 4294901760
-9.7891855 7.3365779 -3.5454292 4294901760
-11.480254 7.7581129 -3.4992318 4294901760
-12.385573 10.264456 -3.5381069 4294901760
-17.039764 11.515112 -3.5261366 4294901760
-14.560167 10.912226 -3.5465248 4294901760
-18.947012 11.497328 -3.5248966 4294901760
-18.054152 14.96225 -3.4925447 4294901760
-21.534462 16.139162 -3.5779707 4294901760
-2.8065336 2.1187172 -3.5215681 4294901760
-4.7409096 3.2279706 -3.5139635 4294901760
-6.3047156 4.7595758 -3.5153089 4294901760
-8.2852573 5.6412311 -3.519779 4294901760
-9.7666845 7.373096 -3.5460565 4294901760
-11.430091 7.7824721 -3.4960079 4294901760
-12.358843 10.315285 -3.5394328 4294901760
-16.979673 11.561049 -3.524339 4294901760
-14.506079 10.950974 -3.5447636 4294901760
-18.906763 11.563397 -3.5251222 4294901760
-17.986486 15.012387 -3.4912288 4294901760
-21.487558 16.221455 -3.5789077 4294901760
-2.8048928 2.1328888 -3.5250585 4294901760
-4.7232614 3.2401407 -3.511759 4294901760
-6.2911863 4.7839265 -3.5161877 4294901760
-8.2687769 5.6723518 -3.5205216 4294901760
-9.7503653 7.4143457 -3.5477896 4294901760
-11.396298 7.817821 -3.4951646 4294901760
-12.322762 10.358358 -3.5394938 4294901760
-16.939219 11.620244 -3.5245025 4294901760
-14.464595 10.999127 -3.5444963 4294901760
-18.849298 11.618846 -3.5238254 4294901760
-17.961489 15.0982 -3.4938529 4294901760
-21.456245 16.315699 -3.5811317 4294901760
-2.7945521 2.1404626 -3.5233438 4294901760
-4.7182598 3.2609887 -3.5140541 4294901760
-6.2744484 4.8058586 -3.5162332 4294901760
-8.2554283 5.7056751 -3.5219257 4294901760
-9.7118235 7.4386854 -3.5456452 4294901760
-11.372211 7.8598161 -3.4957492 4294901760
-12.280449 10.396163 -3.5387106 4294901760
-16.914967 11.690648 -3.5263004 4294901760
-14.419781 11.044704 -3.5438521 4294901760
-18.774715 11.663508 -3.5210059 4294901760
-17.890388 15.145327 -3.4922483 4294901760
-21.329395 16.337063 -3.5756054 4294901760
-2.7866881 2.1506908 -3.5233645 4294901760
-4.7062755 3.27826 -3.5141001 4294901760
-6.2567916 4.8288236 -3.5162795 4294901760
-8.2312174 5.7336354 -3.5213435 4294901760
-9.6813526 7.4718075 -3.5451634 4294901760
-11.330274 7.8923516 -3.4939537 4294901760
-12.251353 10.448858 -3.5400321 4294901760
-16.872004 11.752565 -3.5264659 4294901760
-14.360267 11.082868 -3.541713 4294901760
-18.714924 11.721649 -3.5197124 4294901760
-17.81349 15.192658 -3.4903622 4294901760
-21.250399 16.400486 -3.5742135 4294901760
-2.7852657 2.1643689 -3.5268524 4294901760
-4.6922255 3.2916367 -3.513016 4294901760
-6.2407441 4.8495455 -3.5163202 4294901760
-8.2056875 5.7563605 -3.5200891 4294901760
-9.6502552 7.4990015 -3.5441191 4294901760
-11.300784 7.9275975 -3.4935756 4294901760
-12.219658 10.492023 -3.540504 4294901760
-16.803537 11.787827 -3.523665 4294901760
-14.31714 11.125535 -3.5410581 4294901760
-18.669199 11.779385 -3.5193055 4294901760
-17.747862 15.238639 -3.489028 4294901760
-21.255825 16.517435 -3.5792589 4294901760
-2.7691295 2.1673748 -3.5216663 4294901760
-4.6807065 3.3079956 -3.5130582 4294901760
-6.2114234 4.8616304 -3.513032 4294901760
-8.1823158 5.7826877 -3.5195 4294901760
-9.6208954 7.5301962 -3.5436299 4294901760
-11.276289 7.9692912 -3.4941542 4294901760
-12.176934 10.529404 -3.5397139 4294901760
-16.75577 11.841805 -3.5231612 4294901760
-14.290774 11.185271 -3.5426512 4294901760
-18.607758 11.831629 -3.5176902 4294901760
-17.69154 15.297887 -3.488821 4294901760
-21.194893 16.589069 -3.579143 4294901760
-2.7615473 2.1770279 -3.5216844 4294901760
-4.6691313 3.3243144 -3.5130994 4294901760
-6.2005758 4.8881392 -3.5147374 4294901760
-8.1459818 5.7997527 -3.5162575 4294901760
-9.5976686 7.5661902 -3.5442464 4294901760
-11.245163 8.0062981 -3.493777 4294901760
-12.122087 10.556152 -3.5372379 4294901760
-16.707832 11.895594 -3.5226541 4294901760
-14.254776 11.237557 -3.5431187 4294901760
-18.573067 11.90082 -3.5185032 4294901760
-17.625988 15.349058 -3.4877653 4294901760
-21.130587 16.658009 -3.5787649 4294901760
-2.7539313 2.1866539 -3.5217021 4294901760
-4.6574993 3.3405914 -3.51314 4294901760
-6.1834755 4.9097524 -3.5147769 4294901760
-8.1224766 5.8258462 -3.5156651 4294901760
-9.5805216 7.6070466 -3.5459688 4294901760
-11.223612 8.0501356 -3.4948282 4294901760
-12.10313 10.614155 -3.5398095 4294901760
-16.679178 11.963141 -3.5241096 4294901760
-14.21234 11.284764 -3.542835 4294901760
-18.521353 11.959079 -3.5177927 4294901760
-17.578308 15.415754 -3.4883964 4294901760
-21.031643 16.699371 -3.575541 4294901760
-2.7434502 2.1939898 -3.519984 4294901760
-4.6489315 3.3590863 -3.5143051 4294901760
-6.1724257 4.9362073 -3.5164802 4294901760
-8.0988855 5.8518515 -3.5150714 4294901760
-9.5446119 7.6330099 -3.5443666 4294901760
-11.182547 8.0799513 -3.4930165 4294901760
-12.057047 10.648432 -3.5385909 4294901760
-16.630846 12.016621 -3.5235965 4294901760
-14.172861 11.334309 -3.5429227 4294901760
-18.482838 12.02584 -3.518295 4294901760
-17.52738 15.47967 -3.4887424 4294901760
-20.926424 16.735264 -3.5717957 4294901760
-2.7329514 2.2012789 -3.5182657 4294901760
-4.6371775 3.3752935 -3.514344 4294901760
-6.1459928 4.9503422 -3.5140195 4294901760
-8.0848007 5.8847384 -3.5164652 4294901760
-9.5240898 7.6712589 -3.5455315 4294901760
-11.151059 8.1165972 -3.4926333 4294901760
-12.025758 10.695748 -3.5394745 4294901760
-16.579119 12.067555 -3.5227525 4294901760
-14.136314 11.386214 -3.5433824 4294901760
-18.434071 12.085907 -3.5178819 4294901760
-17.470255 15.538103 -3.4885211 4294901760
-20.818104 16.768118 -3.5677874 4294901760
-2.7228205 2.2080462 -3.5165458 4294901760
-4.6259589 3.3906524 -3.51438 4294901760
-6.1356359 4.9756374 -3.5157189 4294901760
-8.0556784 5.9045067 -3.514539 4294901760
-9.4924335 7.6978011 -3.5444767 4294901760
-11.117666 8.1488276 -3.4917662 4294901760
-11.97242 10.719629 -3.5369868 4294901760
-16.535791 12.120109 -3.5225539 4294901760
-14.089188 11.425496 -3.5423374 4294901760
-18.39056 12.14477 -3.5177603 4294901760
-17.442432 15.617261 -3.4908295 4294901760
-20.7841 16.854675 -3.5697117 4294901760
-2.7207127 2.2221231 -3.5200312 4294901760
-4.6078982 3.4022026 -3.5121667 4294901760
-6.1182318 4.9970226 -3.5157537 4294901760
-8.0350199 5.9325886 -3.5146036 4294901760
-9.4716539 7.7359071 -3.5456381 4294901760
-11.082757 8.1828594 -3.4909019 4294901760
-11.92014 10.748017 -3.5349193 4294901760
-16.480547 12.168272 -3.5213761 4294901760
-14.043048 11.469561 -3.5416684 4294901760
-18.34141 12.204463 -3.5173404 4294901760
-17.361122 15.65398 -3.4883473 4294901760
-20.734426 16.934698 -3.5706046 4294901760
-2.7129397 2.2316067 -3.520046 4294901760
-4.6021757 3.4228637 -3.5144536 4294901760
-6.1037807 5.0208411 -3.5166199 4294901760
-8.0110893 5.95824 -3.5140038 4294901760
-9.4231415 7.7512774 -3.5418131 4294901760
-11.070081 8.2333622 -3.4933739 4294901760
-11.885499 10.792239 -3.5353746 4294901760
-16.41876 12.211437 -3.5195394 4294901760
-14.006005 11.521044 -3.54212 4294901760
-18.31859 12.281752 -3.5193508 4294901760
-17.270899 15.682276 -3.4850163 4294901760
-20.678274 17.009512 -3.5709767 4294901760
-2.7135084 2.2480013 -3.5252657 4294901760
-4.5901999 3.4389079 -3.5144892 4294901760
-6.0831971 5.0396147 -3.5158198 4294901760
-7.9934077 5.9885387 -3.5147288 4294901760
-9.392972 7.7815919 -3.5413096 4294901760
-11.038093 8.2695704 -3.4929824 4294901760
-11.853632 10.839036 -3.5362484 4294901760
-16.376036 12.268676 -3.519666 4294901760
-13.953422 11.559689 -3.5406964 4294901760
-18.249146 12.327744 -3.5170996 4294901760
-17.227839 15.753245 -3.4861901 4294901760
-20.615696 17.079039 -3.570828 4294901760
-2.7056439 2.2574604 -3.5252795 4294901760
-4.5781665 3.454911 -3.5145237 4294901760
-6.0565314 5.0532813 -3.5133529 4294901760
-7.9598317 6.0068831 -3.5121362 4294901760
-9.3809834 7.827045 -3.544127 4294901760
-11.012329 8.3104486 -3.4935427 4294901760
-11.786425 10.853373 -3.5320694 4294901760
-16.320364 12.316154 -3.5184784 4294901760
-13.909921 11.605775 -3.5403936 4294901760
-18.179596 12.373407 -3.5148444 4294901760
-17.163927 15.805176 -3.4853878 4294901760
-20.540611 17.138107 -3.5696416 4294901760
-2.6921971 2.2622261 -3.5218227 4294901760
-4.5660796 3.4708695 -3.5145576 4294901760
-6.0358534 5.071867 -3.5125499 4294901760
-7.9388165 6.0346293 -3.5121949 4294901760
-9.344492 7.8520827 -3.5425117 4294901760
-10.973757 8.3416157 -3.4921927 4294901760
-11.748469 10.894446 -3.5320966 4294901760
-16.274099 12.370628 -3.5182712 4294901760
-13.851014 11.638867 -3.5382154 4294901760
-18.142883 12.441302 -3.5156281 4294901760
-17.08816 15.845984 -3.4834547 4294901760
-20.450087 17.184002 -3.5671585 4294901760
-2.6925857 2.2786353 -3.5270407 4294901760
-4.5508776 3.4844456 -3.5134649 4294901760
-6.0241008 5.0979724 -3.5142441 4294901760
-7.9208417 6.0647078 -3.5129156 4294901760
-9.320055 7.8872166 -3.5431101 4294901760
-10.94773 8.3822889 -3.4927492 4294901760
-11.7191 10.943543 -3.5333841 4294901760
-16.208641 12.410381 -3.5160935 4294901760
-13.801172 11.67942 -3.537158 4294901760
-18.056648 12.47506 -3.5118444 4294901760
-17.041498 15.913712 -3.4843364 4294901760
-20.359486 17.229475 -3.5646713 4294901760
-2.6818569 2.2856684 -3.5253181 4294901760
-4.5356374 3.4979568 -3.5123715 4294901760
-6.000299 5.1138802 -3.5126064 4294901760
-7.8964949 6.0899043 -3.5123079 4294901760
-9.292469 7.9197001 -3.5431528 4294901760
-10.924704 8.4253073 -3.4937804 4294901760
-11.689537 10.992568 -3.5346694 4294901760
-16.155745 12.459571 -3.5152242 4294901760
-13.757289 11.724936 -3.5368469 4294901760
-18.016272 12.540291 -3.5123172 4294901760
-16.985849 15.973097 -3.4843688 4294901760
-20.287062 17.290071 -3.5637307 4294901760
-2.6711111 2.292655 -3.5235949 4294901760
-4.5264416 3.5161307 -3.5135283 4294901760
-5.9913402 5.142458 -3.515131 4294901760
-7.868947 6.1125822 -3.5110357 4294901760
-9.261755 7.9495044 -3.54264 4294901760
-10.895226 8.4633904 -3.4938555 4294901760
-11.66266 11.044259 -3.5363729 4294901760
-16.074341 12.486516 -3.5114005 4294901760
-13.70115 11.759904 -3.5350347 4294901760
-17.952778 12.589352 -3.5106561 4294901760
-16.91259 16.015818 -3.482707 4294901760
-20.24477 17.376392 -3.565371 4294901760
-2.6630914 2.3019657 -3.5236061 4294901760
-4.5202069 3.536658 -3.5158098 4294901760
-5.9822545 5.1710372 -3.5176544 4294901760
-7.8382215 6.1327081 -3.5090983 4294901760
-9.2249422 7.9740038 -3.5410173 4294901760
-10.868749 8.5038242 -3.4944057 4294901760
-11.632683 11.093152 -3.5376532 4294901760
-16.024368 12.537637 -3.5108526 4294901760
-13.650965 11.79984 -3.5339689 4294901760
-17.925022 12.663463 -3.5123398 4294901760
-16.839239 16.058224 -3.4810417 4294901760
-20.183989 17.44696 -3.5654564 4294901760
-2.6523054 2.3088672 -3.5218816 4294901760
-4.507834 3.5524147 -3.5158393 4294901760
-5.9671264 5.1944633 -3.5185115 4294901760
-7.8291836 6.1698165 -3.5118029 4294901760
-9.1880732 7.9983401 -3.5393925 4294901760
-10.842121 8.5441732 -3.4949539 4294901760
-11.58527 11.125413 -3.5364058 4294901760
-15.986773 12.598434 -3.5116131 4294901760
-13.594657 11.834331 -3.5321512 4294901760
-17.861195 12.712068 -3.5106721 4294901760
-16.771563 16.105844 -3.4799366 4294901760
-20.101873 17.498949 -3.5637281 4294901760
-2.6442304 2.3181107 -3.5218918 4294901760
-4.4803214 3.556154 -3.5102401 4294901760
-5.9401107 5.2075024 -3.516036 4294901760
-7.8106961 6.199564 -3.5125163 4294901760
-9.1541319 8.0251303 -3.5383201 4294901760
-10.809117 8.5794926 -3.4945457 4294901760
-11.5206 11.140866 -3.5326302 4294901760
-15.923949 12.639275 -3.509747 4294901760
-13.568257 11.894851 -3.5340762 4294901760
-17.810226 12.769683 -3.5102184 4294901760
-16.735336 16.183718 -3.4819279 4294901760
-19.989609 17.52424 -3.5594101 4294901760
-2.6388402 2.3297262 -3.5236366 4294901760
-4.4648724 3.5693662 -3.5091424 4294901760
-5.9160161 5.2230134 -3.5143921 4294901760
-7.7890081 6.22679 -3.5125644 4294901760
-9.1349869 8.0649137 -3.5400155 4294901760
-10.785316 8.6221371 -3.4955668 4294901760
-11.46452 11.164341 -3.5301151 4294901760
-15.873499 12.689798 -3.5091896 4294901760
-13.544585 11.957972 -3.5363734 4294901760
-17.772013 12.836448 -3.5109792 4294901760
-16.704491 16.267109 -3.4844794 4294901760
-19.892382 17.562185 -3.5563805 4294901760
-2.6334009 2.3413322 -3.5253811 4294901760
-4.4643865 3.5945933 -3.5136714 4294901760
-5.9006786 5.2462387 -3.5152454 4294901760
-7.7641463 6.2514634 -3.5119479 4294901760
-9.1216059 8.1099348 -3.5428169 4294901760
-10.761349 8.6647224 -3.4965861 4294901760
-11.419794 11.198716 -3.5292811 4294901760
-15.819781 12.737625 -3.5083013 4294901760
-13.464027 11.970741 -3.5315506 4294901760
-17.707731 12.884315 -3.5093009 4294901760
-16.630499 16.308546 -3.4827998 4294901760
-19.813044 17.615593 -3.5548983 4294901760
-2.625212 2.3505104 -3.5253897 4294901760
-4.4458284 3.6053028 -3.5114462 4294901760
-5.8764863 5.2615719 -3.5135994 4294901760
-7.7392082 6.2760382 -3.5113299 4294901760
-9.0814161 8.1311388 -3.5406308 4294901760
-10.715592 8.6897087 -3.4942629 4294901760
-11.386301 11.244105 -3.5301285 4294901760
-15.756627 12.777688 -3.5064254 4294901760
-13.425129 12.020327 -3.5319693 4294901760
-17.633675 12.924811 -3.5067058 4294901760
-16.579155 16.372108 -3.4833717 4294901760
-19.718699 17.655336 -3.552119 4294901760
-2.6151216 2.3563197 -3.5236619 4294901760
-4.4374647 3.6216879 -3.5125947 4294901760
-5.868669 5.2878842 -3.5161142 4294901760
-7.716392 6.297822 -3.5107059 4294901760
-9.0646706 8.1675978 -3.5423181 4294901760
-10.700565 8.7333899 -3.4962265 4294901760
-11.35092 11.279823 -3.5301313 4294901760
-15.728774 12.83722 -3.507818 4294901760
-13.384338 12.059776 -3.5316322 4294901760
-17.586557 12.975407 -3.5062244 4294901760
-16.504976 16.401596 -3.4811211 4294901760
-19.639395 17.695808 -3.5501053 4294901760
-2.6015112 2.3605609 -3.5201991 4294901760
-4.4218202 3.6347082 -3.5114934 4294901760
-5.8443666 5.3030648 -3.5144656 4294901760
-7.6882544 6.3196964 -3.5094216 4294901760
-9.0478611 8.2098532 -3.5445604 4294901760
-10.670015 8.7706852 -3.4962854 4294901760
-11.300218 11.308106 -3.5284488 4294901760
-15.677704 12.886973 -3.5072486 4294901760
-13.351021 12.114457 -3.5327952 4294901760
-17.528345 13.027188 -3.5051448 4294901760
-16.47303 16.484529 -3.4836593 4294901760
-19.544968 17.734724 -3.547318 4294901760
-2.5928414 2.3700807 -3.5202065 4294901760
-4.4114342 3.6533482 -3.5126438 4294901760
-5.8190989 5.3191581 -3.5128164 4294901760
-7.6589499 6.3427925 -3.5081375 4294901760
-9.026494 8.2509937 -3.5462484 4294901760
-10.646984 8.8173456 -3.4977767 4294901760
-11.269911 11.360759 -3.5301309 4294901760
-15.61807 12.934172 -3.5060239 4294901760
-13.291813 12.149863 -3.5309601 4294901760
-17.461304 13.076992 -3.5034595 4294901760
-16.432182 16.564644 -3.4856298 4294901760
-19.476883 17.803551 -3.5471153 4294901760
-2.5822999 2.3762112 -3.5184774 4294901760
-4.4022532 3.670424 -3.5137911 4294901760
-5.7985415 5.3357706 -3.5119975 4294901760
-7.6378741 6.368156 -3.5081749 4294901760
-8.9990826 8.2808819 -3.5462699 4294901760
-10.620741 8.8551512 -3.498306 4294901760
-11.226586 11.392396 -3.5292852 4294901760
-15.568963 12.980783 -3.505444 4294901760
-13.233848 12.177677 -3.5287442 4294901760
-17.417843 13.134824 -3.5035849 4294901760
-16.368752 16.610508 -3.4847786 4294901760
-19.391279 17.843697 -3.5448344 4294901760
-2.5793083 2.3901381 -3.5219538 4294901760
-4.3864655 3.6832907 -3.5126872 4294901760
-5.7712512 5.3479795 -3.5095124 4294901760
-7.6095476 6.3896947 -3.506886 4294901760
-8.9613924 8.3041515 -3.5446289 4294901760
-10.57454 8.8793821 -3.4959724 4294901760
-11.178395 11.422973 -3.5280161 4294901760
-15.517447 13.029914 -3.5048652 4294901760
-13.191261 12.223796 -3.528775 4294901760
-17.368713 13.193126 -3.5034091 4294901760
-16.302296 16.658981 -3.4839242 4294901760
-19.32888 17.911272 -3.5448794 4294901760
-2.5705307 2.3995757 -3.5219595 4294901760
-4.3729358 3.6993432 -3.5127094 4294901760
-5.7630801 5.3798022 -3.5128567 4294901760
-7.5800405 6.412436 -3.5055971 4294901760
-8.9192934 8.3261089 -3.5424328 4294901760
-10.529778 8.9078064 -3.4941163 4294901760
-11.130902 11.458155 -3.5271652 4294901760
-15.463492 13.081547 -3.5042868 4294901760
-13.140543 12.266622 -3.5280552 4294901760
-17.313902 13.251846 -3.5029316 4294901760
-16.207739 16.684252 -3.4805288 4294901760
-19.233904 17.954739 -3.5423367 4294901760
-2.5594976 2.4060507 -3.5202293 4294901760
-4.36586 3.7195811 -3.5149808 4294901760
-5.7385502 5.3945131 -3.5112023 4294901760
-7.5546021 6.4362931 -3.5049684 4294901760
-8.8959579 8.362628 -3.5435579 4294901760
-10.501647 8.9470863 -3.494642 4294901760
-11.074247 11.479739 -3.5246284 4294901760
-15.426847 13.143209 -3.5053422 4294901760
-13.091834 12.306954 -3.5273314 4294901760
-17.251732 13.300015 -3.5015304 4294901760
-16.182671 16.775211 -3.4838946 4294901760
-19.150738 18.002615 -3.5405631 4294901760
-2.5541382 2.4170167 -3.5219688 4294901760
-4.3622737 3.7415612 -3.5183761 4294901760
-5.717782 5.4108171 -3.5103788 4294901760
-7.5242186 6.4535894 -3.5030093 4294901760
-8.8681784 8.3920813 -3.5435727 4294901760
-10.47796 8.9870396 -3.4956408 4294901760
-11.041632 11.522149 -3.5254574 4294901760
-15.355922 13.170911 -3.5024538 4294901760
-13.030681 12.331116 -3.52473 4294901760
-17.198074 13.349806 -3.5007291 4294901760
-16.118666 16.820131 -3.4830303 4294901760
-19.128654 18.101713 -3.5439568 4294901760
-2.5426376 2.423861 -3.5202377 4294901760
-4.342701 3.7524881 -3.5161443 4294901760
-5.7007494 5.4344449 -3.5112209 4294901760
-7.5005126 6.4811249 -3.5030427 4294901760
-8.828742 8.416317 -3.5419247 4294901760
-10.447956 9.0279837 -3.4961646 4294901760
-11.002069 11.565431 -3.5258617 4294901760
-15.31056 13.229715 -3.5028501 4294901760
-12.982509 12.376045 -3.5243764 4294901760
-17.155313 13.41767 -3.5014598 4294901760
-16.037638 16.858845 -3.4810331 4294901760
-19.018806 18.130363 -3.540108 4294901760
-2.5393925 2.4377422 -3.5237114 4294901760
-4.3208594 3.7600377 -3.5127845 4294901760
-5.681746 5.4543095 -3.5112283 4294901760
-7.4808269 6.50986 -3.5037367 4294901760
-8.7907238 8.4388371 -3.5402741 4294901760
-10.410382 9.0591764 -3.4952521 4294901760
-10.972573 11.615341 -3.5275269 4294901760
-15.270312 13.288316 -3.5035684 4294901760
-12.947861 12.429566 -3.5255177 4294901760
-17.120918 13.487349 -3.5027909 4294901760
-15.934822 16.868277 -3.4764972 4294901760
-18.926592 18.168974 -3.5375466 4294901760
-2.523474 2.4385922 -3.5185087 4294901760
-4.311264 3.7768841 -3.513926 4294901760
-5.6664481 5.4758468 -3.5120673 4294901760
-7.4591975 6.5346322 -3.5037642 4294901760
-8.7655449 8.4707003 -3.5408375 4294901760
-10.371308 9.0857878 -3.4938581 4294901760
-10.917643 11.63424 -3.5249817 4294901760
-15.232162 13.34414 -3.5042806 4294901760
-12.892238 12.458584 -3.523658 4294901760
-17.038568 13.514284 -3.4992375 4294901760
-15.933447 16.979265 -3.482105 4294901760
-18.863365 18.228861 -3.5373082 4294901760
-2.514946 2.4473863 -3.5185108 4294901760
-4.2865 3.7817168 -3.509439 4294901760
-5.633244 5.4819164 -3.5079081 4294901760
-7.4393063 6.5632448 -3.5044551 4294901760
-8.7387667 8.504014 -3.5413997 4294901760
-10.33953 9.1219349 -3.4938962 4294901760
-10.86882 11.663539 -3.5236962 4294901760
-15.18549 13.397228 -3.5043366 4294901760
-12.85724 12.511852 -3.5247939 4294901760
-16.953865 13.543781 -3.4956856 4294901760
-15.841413 16.999723 -3.4786897 4294901760
-18.773851 18.269524 -3.5349977 4294901760
-2.5089772 2.4586873 -3.5202477 4294901760
-4.2646341 3.7889814 -3.5060766 4294901760
-5.6084719 5.4960556 -3.5062463 4294901760
-7.4104414 6.5839229 -3.5031538 4294901760
-8.7090292 8.5344658 -3.5414059 4294901760
-10.31357 9.1632538 -3.4948871 4294901760
-10.814515 11.68679 -3.5215662 4294901760
-15.1267 13.439554 -3.5030768 4294901760
-12.8021 12.545495 -3.5233045 4294901760
-16.925146 13.617893 -3.4976168 4294901760
-15.817235 17.093018 -3.482316 4294901760
-18.68429 18.309784 -3.5326834 4294901760
-2.5025282 2.4704134 -3.5219843 4294901760
-4.2535887 3.8071558 -3.5072172 4294901760
-5.596663 5.5248413 -3.5087481 4294901760
-7.3803692 6.6057673 -3.5018523 4294901760
-8.6692181 8.5579662 -3.5397484 4294901760
-10.285843 9.2062988 -3.4958775 4294901760
-10.774302 11.729281 -3.5219579 4294901760
-15.071393 13.489584 -3.5024726 4294901760
-12.744681 12.581129 -3.5218124 4294901760
-16.893724 13.694919 -3.4995499 4294901760
-15.746374 17.142054 -3.4814279 4294901760
-18.605682 18.366917 -3.5316586 4294901760
-2.4921837 2.4757078 -3.5202498 4294901760
-4.2444696 3.8230765 -3.5083547 4294901760
-5.5820627 5.5451598 -3.5095823 4294901760
-7.3566451 6.6262732 -3.5012093 4294901760
-8.642292 8.5851574 -3.5397508 4294901760
-10.245052 9.2279177 -3.4939966 4294901760
-10.737402 11.76307 -3.5219307 4294901760
-15.023014 13.531521 -3.5018585 4294901760
-12.702269 12.618294 -3.5214412 4294901760
-16.856808 13.752968 -3.5002458 4294901760
-15.689754 17.188484 -3.4811063 4294901760
-18.553562 18.430904 -3.532181 4294901760
-2.4784 2.4792652 -3.5167797 4294901760
-4.2310977 3.8378706 -3.5083671 4294901760
-5.5654445 5.5673876 -3.5104158 4294901760
-7.3276134 6.6466041 -3.4999034 4294901760
-8.6122684 8.6152754 -3.5397515 4294901760
-10.206884 9.2582827 -3.4930718 4294901760
-10.693598 11.797532 -3.5214775 4294901760
-14.960908 13.570479 -3.5002613 4294901760
-12.652505 12.656922 -3.5206931 4294901760
-16.796358 13.801592 -3.4991193 4294901760
-15.632336 17.246113 -3.4813409 4294901760
-18.514524 18.520988 -3.5345104 4294901760
-2.4722846 2.4904742 -3.5185146 4294901760
-4.2205191 3.8552148 -3.5095046 4294901760
-5.5432124 5.5839963 -3.509582 4294901760
-7.3102036 6.6774731 -3.5012507 4294901760
-8.570961 8.6340208 -3.5375345 4294901760
-10.186249 9.3045835 -3.4950094 4294901760
-10.647023 11.828868 -3.5206008 4294901760
-14.869252 13.582253 -3.495379 4294901760
-12.608246 12.701011 -3.5206916 4294901760
-16.766529 13.875409 -3.5010383 4294901760
-15.574712 17.303543 -3.4815717 4294901760
-18.427246 18.562824 -3.532439 4294901760
-2.4652476 2.5025311 -3.5202489 4294901760
-4.2028508 3.8687828 -3.5083904 4294901760
-5.5244837 5.6080341 -3.5104132 4294901760
-7.2845101 6.705493 -3.501271 4294901760
-8.5405302 8.6696939 -3.5380852 4294901760
-10.141669 9.3355474 -3.4936054 4294901760
-10.620097 11.890456 -3.5235059 4294901760
-14.793503 13.617626 -3.492794 4294901760
-12.559384 12.749329 -3.5206869 4294901760
-16.703932 13.932015 -3.5002184 4294901760
-15.510817 17.366196 -3.4817934 4294901760
-18.324997 18.602139 -3.529587 4294901760
-2.4573741 2.5102632 -3.5202475 4294901760
-4.1906767 3.8819664 -3.5083992 4294901760
-5.5013514 5.6197548 -3.5087445 4294901760
-7.2605104 6.7256575 -3.5006227 4294901760
-8.5077019 8.6908092 -3.5369728 4294901760
-10.106458 9.3619547 -3.492672 4294901760
-10.580049 11.920779 -3.5230491 4294901760
-14.768217 13.680302 -3.4947946 4294901760
-12.483017 12.751683 -3.51581 4294901760
-16.638681 13.966455 -3.4981589 4294901760
-15.453536 17.411848 -3.4814594 4294901760
-18.255295 18.648197 -3.5285432 4294901760
-2.4451914 2.5170798 -3.5185103 4294901760
-4.1701088 3.892772 -3.5061574 4294901760
-5.479733 5.6408367 -3.5087397 4294901760
-7.2375212 6.7561831 -3.5013034 4294901760
-8.4632092 8.7120275 -3.5347493 4294901760
-10.067529 9.3979778 -3.492218 4294901760
-10.534197 11.961316 -3.5230029 4294901760
-14.70683 13.728738 -3.4938445 4294901760
-12.428406 12.7938 -3.5150499 4294901760
-16.572741 14.019926 -3.4970267 4294901760
-15.386564 17.471058 -3.4813917 4294901760
-18.205824 18.741074 -3.530597 4294901760
-2.4363902 2.5256004 -3.518508 4294901760
-4.1536884 3.9046667 -3.5050395 4294901760
-5.4627323 5.6627541 -3.509567 4294901760
-7.2052541 6.7732849 -3.4993262 4294901760
-8.4382572 8.7472296 -3.5358491 4294901760
-10.034661 9.4330635 -3.4922373 4294901760
-10.497622 12.00401 -3.5237997 4294901760
-14.661724 13.782724 -3.4942012 4294901760
-12.3726 12.825631 -3.5135391 4294901760
-16.514587 14.069926 -3.4961882 4294901760
-15.320227 17.518648 -3.4807627 4294901760
-18.140293 18.804512 -3.5305786 4294901760
-2.4300663 2.5367076 -3.5202401 4294901760
-4.1400323 3.9191427 -3.5050466 4294901760
-5.440217 5.6789565 -3.5087276 4294901760
-7.1786957 6.7956791 -3.4986751 4294901760
-8.4049234 8.7737665 -3.5352845 4294901760
-9.9987822 9.4653015 -3.4917772 4294901760
-10.442597 12.025547 -3.5216486 4294901760
-14.601929 13.822848 -3.4929132 4294901760
-12.336023 12.877379 -3.5146477 4294901760
-16.486574 14.145687 -3.4983954 4294901760
-15.258977 17.572021 -3.4806941 4294901760
-18.080065 18.873493 -3.5310738 4294901760
-2.4220855 2.5443292 -3.520237 4294901760
-4.1249113 3.9294729 -3.5039268 4294901760
-5.4115329 5.6846552 -3.5053892 4294901760
-7.1515875 6.8127451 -3.4973576 4294901760
-8.3663769 8.7886314 -3.5330577 4294901760
-9.9603586 9.4884367 -3.4903586 4294901760
-10.402166 12.055278 -3.5211835 4294901760
-14.552653 13.863149 -3.4922769 4294901760
-12.295509 12.916069 -3.5146317 4294901760
-16.436012 14.19219 -3.4978483 4294901760
-15.177613 17.589638 -3.4778123 4294901760
-17.993143 18.901264 -3.5284641 4294901760
-2.4102538 2.5505548 -3.5184975 4294901760
-4.1243777 3.9579 -3.5095618 4294901760
-5.4014368 5.7158546 -3.5087111 4294901760
-7.1237183 6.836174 -3.4967039 4294901760
-8.3286581 8.8134699 -3.5319352 4294901760
-9.9197779 9.5193729 -3.4894178 4294901760
-10.352732 12.087275 -3.5202878 4294901760
-14.498868 13.913631 -3.4919691 4294901760
-12.248087 12.961048 -3.5146105 4294901760
-16.365814 14.236618 -3.4960887 4294901760
-15.092262 17.620888 -3.4754796 4294901760
-17.923746 18.967087 -3.5284328 4294901760
-2.4042645 2.5611758 -3.5202284 4294901760
-4.1112304 3.971555 -3.5095661 4294901760
-5.3797698 5.7308745 -3.5078688 4294901760
-7.1010098 6.8597589 -3.4967115 4294901760
-8.2803774 8.8207874 -3.5280421 4294901760
-9.8881569 9.5522146 -3.4894285 4294901760
-10.310012 12.118502 -3.5198157 4294901760
-14.446911 13.956089 -3.491328 4294901760
-12.196857 12.992871 -3.5134647 4294901760
-16.306503 14.280287 -3.4949286 4294901760
-15.025985 17.661709 -3.4745598 4294901760
-17.841616 19.006029 -3.5265906 4294901760
-2.395309 2.5695534 -3.5202234 4294901760
-4.0945802 3.9831958 -3.5084441 4294901760
-5.3597317 5.7496195 -3.5078576 4294901760
-7.0741878 6.8817492 -3.4960546 4294901760
-8.2522411 8.852541 -3.5285788 4294901760
-9.8576021 9.5894461 -3.4899149 4294901760
-10.257365 12.142249 -3.5180762 4294901760
-14.389524 13.998086 -3.4903567 4294901760
-12.148709 13.032454 -3.5130646 4294901760
-16.247572 14.329202 -3.4940736 4294901760
-14.948779 17.695753 -3.4727876 4294901760
-17.769712 19.062351 -3.5260358 4294901760
-2.3838623 2.5752385 -3.5184827 4294901760
-4.0751481 3.9920738 -3.5061953 4294901760
-5.3289704 5.7567797 -3.5045135 4294901760
-7.0444756 6.9008698 -3.4947321 4294901760
-8.2158976 8.8754692 -3.5274515 4294901760
-9.8183851 9.6182318 -3.4889672 4294901760
-10.20468 12.165776 -3.5163348 4294901760
-14.337722 14.04544 -3.4900389 4294901760
-12.100434 13.071856 -3.5126617 4294901760
-16.209393 14.396433 -3.4953506 4294901760
-14.917712 17.78454 -3.4760821 4294901760
-17.722057 19.144783 -3.5278046 4294901760
-2.3719547 2.5812883 -3.516741 4294901760
-4.0632319 4.0096879 -3.5073235 4294901760
-5.3051815 5.7733831 -3.5036664 4294901760
-7.0106974 6.9183125 -3.4927449 4294901760
-8.172574 8.8938332 -3.5252135 4294901760
-9.7774076 9.6485643 -3.4880176 4294901760
-10.177862 12.224519 -3.5192158 4294901760
-14.277631 14.089484 -3.4890618 4294901760
-12.049745 13.113178 -3.5122545 4294901760
-16.150572 14.450421 -3.4947968 4294901760
-14.867763 17.857508 -3.4776783 4294901760
-17.613934 19.168427 -3.5241365 4294901760
-2.3638339 2.5887277 -3.5167351 4294901760
-4.0478811 4.0197191 -3.5061986 4294901760
-5.2949529 5.7987113 -3.5061517 4294901760
-6.9777093 6.9291635 -3.490092 4294901760
-8.1365662 8.9106741 -3.5235307 4294901760
-9.7414036 9.6736298 -3.4870653 4294901760
-10.136868 12.253365 -3.518738 4294901760
-14.230463 14.131458 -3.4887373 4294901760
-12.005802 13.148026 -3.5118496 4294901760
-16.093227 14.490404 -3.4936218 4294901760
-14.803951 17.894897 -3.4767501 4294901760
-17.56171 19.232521 -3.5248682 4294901760
-2.3547828 2.5969632 -3.5167279 4294901760
-4.0365491 4.0365481 -3.5073249 4294901760
-5.2773128 5.8200641 -3.5069683 4294901760
-6.9450951 6.9450932 -3.4881017 4294901760
-8.0974159 8.9302034 -3.5218444 4294901760
-9.7047644 9.7047615 -3.4865887 4294901760
-10.081393 12.273287 -3.5165687 4294901760
-14.178226 14.178223 -3.4884105 4294901760
-11.954476 13.183949 -3.5110643 4294901760
-16.012978 14.519679 -3.4906187 4294901760
-14.726187 17.92795 -3.4749646 4294901760
-17.534714 19.338093 -3.5286942 4294901760
-2.3476744 2.6082714 -3.518455 4294901760
-4.0162997 4.0458484 -3.5050726 4294901760
-5.2611947 5.8451991 -3.5086162 4294901760
-6.9112396 6.9620872 -3.48611 4294901760
-8.0672855 8.9627714 -3.5223706 4294901760
-9.652318 9.7233324 -3.4837227 4294901760
-10.043891 12.319415 -3.5177593 4294901760
-14.112111 14.215937 -3.4867678 4294901760
-11.892739 13.212859 -3.5091505 4294901760
-15.959654 14.578273 -3.4906647 4294901760
-14.650285 17.969423 -3.4737339 4294901760
-17.445013 19.381449 -3.5268242 4294901760
-2.3405139 2.6195614 -3.5201817 4294901760
-3.9906292 4.0495672 -3.5005679 4294901760
-5.2397356 5.8644423 -3.5085967 4294901760
-6.8773532 6.9789257 -3.4841163 4294901760
-8.0290937 8.9863615 -3.5212331 4294901760
-9.6194067 9.7614765 -3.4841969 4294901760
-9.9936619 12.349954 -3.516844 4294901760
-14.05711 14.26472 -3.4864342 4294901760
-11.841576 13.253386 -3.5087321 4294901760
-15.93255 14.660995 -3.4934528 4294901760
-14.576793 18.013687 -3.4727812 4294901760
-17.363213 19.43334 -3.5257258 4294901760
-2.3298659 2.624191 -3.5184386 4294901760
-3.9886675 4.0730925 -3.5050693 4294901760
-5.2134733 5.872076 -3.5060806 4294901760
-6.8526292 6.9976735 -3.4834492 4294901760
-8.0034561 9.0145092 -3.5217602 4294901760
-9.5803452 9.7831249 -3.4827597 4294901760
-9.9448299 12.368874 -3.5150957 4294901760
-14.009436 14.305963 -3.4860992 4294901760
-11.789291 13.278598 -3.507194 4294901760
-15.886411 14.710978 -3.4934862 4294901760
-14.507615 18.043833 -3.4712777 4294901760
-17.310032 19.496758 -3.5264432 4294901760
-2.3230889 2.6350269 -3.5201645 4294901760
-3.9717402 4.0842295 -3.5039406 4294901760
-5.1981316 5.8961229 -3.5077257 4294901760
-6.8171387 7.0102162 -3.4807894 4294901760
-7.9771891 9.0483446 -3.5228364 4294901760
-9.5184107 9.7879953 -3.4779778 4294901760
-9.8966255 12.397287 -3.5141795 4294901760
-13.976103 14.371941 -3.4880581 4294901760
-11.748142 13.325651 -3.5078964 4294901760
-15.826206 14.758175 -3.4926052 4294901760
-14.432085 18.07876 -3.4697607 4294901760
-17.247152 19.563053 -3.5268917 4294901760
-2.3158033 2.6462514 -3.5218894 4294901760
-3.9674451 4.1098433 -3.5084398 4294901760
-5.1764879 5.9151349 -3.5077028 4294901760
-6.7968893 7.0408411 -3.4821095 4294901760
-7.9387474 9.0715485 -3.5216932 4294901760
-9.4962845 9.837121 -3.4803553 4294901760
-9.8511219 12.433475 -3.5140982 4294901760
-13.898394 14.397229 -3.4850895 4294901760
-11.707101 13.377618 -3.5089681 4294901760
-15.742916 14.788748 -3.4895868 4294901760
-14.373168 18.140921 -3.4704866 4294901760
-17.177969 19.629139 -3.5270741 4294901760
-2.3017957 2.6488469 -3.5184088 4294901760
-3.9477432 4.1181073 -3.5061834 4294901760
-5.1558075 5.9331694 -3.5076797 4294901760
-6.7667999 7.0588202 -3.4807742 4294901760
-7.9018259 9.0932159 -3.52055 4294901760
-9.4591351 9.867342 -3.4798665 4294901760
-9.7904215 12.445877 -3.5110743 4294901760
-13.878425 14.477346 -3.4886837 4294901760
-11.6551 13.412387 -3.508167 4294901760
-15.667996 14.821671 -3.4871738 4294901760
-14.304815 18.184711 -3.4698069 4294901760
-17.130302 19.713106 -3.5290656 4294901760
-2.2953682 2.659209 -3.5201335 4294901760
-3.9287536 4.1255965 -3.5039263 4294901760
-5.1386671 5.9532018 -3.5084894 4294901760
-6.7379045 7.0754948 -3.4794376 4294901760
-7.8768144 9.1253748 -3.5216224 4294901760
-9.426363 9.898653 -3.4798539 4294901760
-9.7417421 12.468857 -3.5097346 4294901760
-13.827591 14.520396 -3.4883368 4294901760
-11.61056 13.45096 -3.5081148 4294901760
-15.621653 14.876294 -3.4875016 4294901760
-14.241979 18.228895 -3.4694116 4294901760
-17.101381 19.812136 -3.5326083 4294901760
-2.2860713 2.6672056 -3.5201223 4294901760
-3.9196203 4.1448832 -3.5061715 4294901760
-5.1076441 5.9591913 -3.5051329 4294901760
-6.7023005 7.0874858 -3.4767721 4294901760
-7.8397465 9.1467905 -3.5204756 4294901760
-9.3917494 9.9314995 -3.4798384 4294901760
-9.6932735 12.496495 -3.5088093 4294901760
-13.757626 14.548284 -3.4860163 4294901760
-11.545373 13.470221 -3.5054357 4294901760
-15.555221 14.916923 -3.4859974 4294901760
-14.188047 18.291124 -3.4704144 4294901760
-17.032116 19.871714 -3.5325239 4294901760
-2.2743979 2.6724083 -3.5183754 4294901760
-3.8945823 4.1473083 -3.5016611 4294901760
-5.0893545 5.9799705 -3.5059392 4294901760
-6.6775217 7.1108375 -3.4767597 4294901760
-7.8077722 9.1740999 -3.5204351 4294901760
-9.357028 9.964221 -3.479821 4294901760
-9.6495962 12.530254 -3.5087228 4294901760
-13.695836 14.584582 -3.4846778 4294901760
-11.493118 13.504367 -3.504627 4294901760
-15.523159 14.990538 -3.4881508 4294901760
-14.128989 18.346865 -3.4708505 4294901760
-16.952293 19.918875 -3.5314014 4294901760
-2.2692676 2.6862643 -3.5218325 4294901760
-3.8846097 4.1671882 -3.5039041 4294901760
-5.0699353 6.0015783 -3.5067427 4294901760
-6.656806 7.1410427 -3.4780722 4294901760
-7.7740979 9.2026539 -3.5203903 4294901760
-9.3068876 9.9839001 -3.4774132 4294901760
-9.598772 12.559205 -3.5077882 4294901760
-13.674943 14.669701 -3.4885864 4294901760
-11.446122 13.549442 -3.5049355 4294901760
-15.419474 15.00001 -3.4829795 4294901760
-14.068929 18.408039 -3.4715579 4294901760
-16.886913 19.990025 -3.5320797 4294901760
-2.2552166 2.6886151 -3.5183494 4294901760
-3.8726549 4.1835504 -3.5050209 4294901760
-5.0464325 6.0162358 -3.5058811 4294901760
-6.6103568 7.1410346 -3.4727473 4294901760
-7.7419243 9.2297363 -3.5203459 4294901760
-9.2584696 10.001737 -3.4750042 4294901760
-9.5765362 12.621192 -3.5114813 4294901760
-13.62636 14.720281 -3.488883 4294901760
-11.401313 13.592372 -3.5052445 4294901760
-15.367017 15.053747 -3.4829907 4294901760
-13.9901 18.437954 -3.4697359 4294901760
-16.819593 20.051916 -3.5322418 4294901760
-2.2481377 2.6992564 -3.5200708 4294901760
-3.8580277 4.1970429 -3.5050108 4294901760
-5.0254011 6.0338149 -3.505851 4294901760
-6.5880637 7.166975 -3.4733942 4294901760
-7.6969619 9.2414598 -3.5175304 4294901760
-9.2181177 10.028139 -3.4740257 4294901760
-9.5324211 12.654544 -3.5113873 4294901760
-13.56949 14.761879 -3.4881916 4294901760
-11.356348 13.635151 -3.5055509 4294901760
-15.305848 15.098887 -3.4820833 4294901760
-13.918445 18.477108 -3.4687543 4294901760
-16.746939 20.107435 -3.5318828 4294901760
-2.2368636 2.7039034 -3.5183227 4294901760
-3.8492832 4.2155032 -3.5072525 4294901760
-5.0028648 6.0474243 -3.5049887 4294901760
-6.5669265 7.1917028 -3.4740405 4294901760
-7.6662736 9.2669325 -3.5174849 4294901760
-9.1821299 10.055716 -3.4735239 4294901760
-9.5047188 12.705219 -3.5138185 4294901760
-13.504317 14.789116 -3.4861865 4294901760
-11.308529 13.669663 -3.5051093 4294901760
-15.261361 15.155187 -3.4826982 4294901760
-13.861879 18.529556 -3.4691834 4294901760
-16.675076 20.156702 -3.5312669 4294901760
-2.2274115 2.7116954 -3.5183082 4294901760
-3.8319573 4.2260604 -3.506115 4294901760
-4.9891934 6.0739441 -3.5074542 4294901760
-6.5364723 7.208725 -3.4726934 4294901760
-7.6288419 9.2875051 -3.5163276 4294901760
-9.1496439 10.090652 -3.4739738 4294901760
-9.4436884 12.715939 -3.510777 4294901760
-13.452612 14.836164 -3.4861457 4294901760
-11.250622 13.696732 -3.5035384 4294901760
-15.23659 15.236592 -3.4857507 4294901760
-13.804255 18.587448 -3.4698834 4294901760
-16.607149 20.217875 -3.5314171 4294901760
-2.2202241 2.7222629 -3.5200281 4294901760
-3.817183 4.2394099 -3.5061026 4294901760
-4.9704413 6.0943608 -3.5082531 4294901760
-6.5059814 7.2256222 -3.4713449 4294901760
-7.5938706 9.3110018 -3.5157223 4294901760
-9.1170292 10.125484 -3.4744215 4294901760
-9.3897934 12.736001 -3.5089946 4294901760
-13.371377 14.850414 -3.482492 4294901760
-11.197706 13.72974 -3.5027137 4294901760
-15.163627 15.269854 -3.4836133 4294901760
-13.734555 18.629091 -3.4691737 4294901760
-16.528906 20.266432 -3.5305302 4294901760
-2.2084272 2.7271783 -3.5182776 4294901760
-3.7972276 4.2469649 -3.5038376 4294901760
-4.9516072 6.1147208 -3.5090508 4294901760
-6.4649143 7.2306085 -3.4673407 4294901760
-7.5563302 9.3312836 -3.5145617 4294901760
-9.0763283 10.151315 -3.4734349 4294901760
-9.3335199 12.752629 -3.5067897 4294901760
-13.32212 14.89997 -3.4827735 4294901760
-11.142187 13.759445 -3.5015121 4294901760
-15.121447 15.334059 -3.4848289 4294901760
-13.671805 18.680141 -3.4693041 4294901760
-16.445494 20.308479 -3.5291226 4294901760
-2.1988935 2.7348714 -3.5182617 4294901760
-3.7747068 4.2515535 -3.5004463 4294901760
-4.9376044 6.14114 -3.5115125 4294901760
-6.4291382 7.2413101 -3.4646621 4294901760
-7.5162511 9.3483286 -3.5128453 4294901760
-9.043478 10.185911 -3.4738786 4294901760
-9.2842636 12.778688 -3.5058436 4294901760
-13.270026 14.946385 -3.482724 4294901760
-11.11657 13.826221 -3.5048003 4294901760
-15.042688 15.361084 -3.4820747 4294901760
-13.613554 18.737444 -3.4699934 4294901760
-16.377005 20.368879 -3.5292611 4294901760
-2.1915946 2.745364 -3.5199797 4294901760
-3.7598419 4.2647047 -3.5004313 4294901760
-4.9087949 6.1491432 -3.5089777 4294901760
-6.4064341 7.2666755 -3.4653003 4294901760
-7.4687171 9.3559036 -3.5094662 4294901760
-9.0104942 10.220403 -3.4743202 4294901760
-9.2349396 12.804563 -3.5048954 4294901760
-13.167631 14.93575 -3.4764361 4294901760
-11.058287 13.852481 -3.5032191 4294901760
-15.008452 15.433535 -3.484199 4294901760
-13.545726 18.781616 -3.4695544 4294901760
-16.305798 20.425926 -3.5291376 4294901760
-2.1824791 2.7526159 -3.5199635 4294901760
-3.7558308 4.2887402 -3.5049193 4294901760
-4.8883777 6.1653862 -3.5089412 4294901760
-6.3875108 7.2938247 -3.4666018 4294901760
-7.4277916 9.3681803 -3.5071959 4294901760
-8.9765549 10.250225 -3.4742842 4294901760
-9.1901102 12.831877 -3.5043709 4294901760
-10.99 13.860957 -3.499768 4294901760
-14.954421 15.480347 -3.4838805 4294901760
-13.481046 18.823183 -3.46912 4294901760
-16.210678 20.445452 -3.526175 4294901760
-2.1728566 2.7602181 -3.5199459 4294901760
-3.7433634 4.3047314 -3.5060284 4294901760
-4.8643985 6.1793318 -3.5080693 4294901760
-6.364603 7.3190613 -3.4672372 4294901760
-7.3827701 9.3784637 -3.5043674 4294901760
-8.9459362 10.287499 -3.475199 4294901760
-9.1637192 12.889849 -3.5076206 4294901760
-13.063042 15.022022 -3.4759972 4294901760
-10.948943 13.908637 -3.500802 4294901760
-14.894762 15.526696 -3.4832525 4294901760
-13.40137 18.850603 -3.4672687 4294901760
-16.131792 20.492502 -3.5252693 4294901760
-2.1604939 2.7653062 -3.5181921 4294901760
-3.7275617 4.3184214 -3.5060101 4294901760
-4.846549 6.2033005 -3.5096917 4294901760
-6.3429008 7.348321 -3.4685328 4294901760
-7.3630066 9.4242201 -3.5076246 4294901760
-8.9055738 10.317206 -3.4746776 4294901760
-9.1278973 12.939618 -3.5096011 4294901760
-13.01572 15.078856 -3.4769173 4294901760
-10.892985 13.942387 -3.4999573 4294901760
-14.82124 15.563836 -3.4814 4294901760
-13.32529 18.889801 -3.4662492 4294901760
-16.063957 20.56093 -3.5259025 4294901760
-2.1535349 2.7753191 -3.5199091 4294901760
-3.7082078 4.3249102 -3.503741 4294901760
-4.8283572 6.2224355 -3.5104842 4294901760
-6.313355 7.3633132 -3.4671762 4294901760
-7.3414464 9.4611225 -3.5097787 4294901760
-8.8687258 10.343661 -3.4741585 4294901760
-9.0666599 12.943718 -3.5061283 4294901760
-12.944871 15.097699 -3.4742312 4294901760
-10.851583 13.984731 -3.5006166 4294901760
-14.76955 15.612895 -3.4813771 4294901760
-13.274035 18.950237 -3.4674919 4294901760
-16.000587 20.620396 -3.5262871 4294901760
-2.1438336 2.78282 -3.5198898 4294901760
-3.6930871 4.3378291 -3.5037217 4294901760
-4.8018188 6.2330379 -3.5087762 4294901760
-6.285049 7.382298 -3.4664798 4294901760
-7.2914233 9.4646883 -3.5058379 4294901760
-8.8325624 10.374558 -3.4741125 4294901760
-9.019146 12.972019 -3.505589 4294901760
-12.886913 15.136721 -3.4735079 4294901760
-10.802698 14.022527 -3.5005198 4294901760
-14.709492 15.658543 -3.4807396 4294901760
-13.226035 19.022686 -3.4695659 4294901760
-15.930947 20.679291 -3.5264027 4294901760
-2.1341069 2.7902861 -3.51987 4294901760
-3.6754365 4.3477511 -3.5025761 4294901760
-4.7824159 6.2528768 -3.5095646 4294901760
-6.2490363 7.392117 -3.4637916 4294901760
-7.2559314 9.4869308 -3.5052171 4294901760
-8.7937288 10.402288 -3.4735873 4294901760
-8.9783363 13.009977 -3.5063076 4294901760
-12.839152 15.187704 -3.4740939 4294901760
-10.743998 14.047481 -3.4989235 4294901760
-14.6493 15.70395 -3.480099 4294901760
-13.150484 19.05559 -3.4682634 4294901760
-15.880507 20.763327 -3.52858 4294901760
-2.1243534 2.797719 -3.51985 4294901760
-3.6627133 4.3635058 -3.5036809 4294901760
-4.7605586 6.2695341 -3.5095191 4294901760
-6.2181106 7.4078317 -3.4624288 4294901760
-7.2323675 9.5248442 -3.5073626 4294901760
-8.7599192 10.435968 -3.4740145 4294901760
-8.9351158 13.044528 -3.5066037 4294901760
-12.798883 15.247714 -3.4756613 4294901760
-10.690071 14.078551 -3.4980729 4294901760
-14.605239 15.766708 -3.4812853 4294901760
-13.090652 19.111265 -3.4689248 4294901760
-15.853825 20.879084 -3.5333347 4294901760
-2.1145751 2.8051169 -3.519829 4294901760
-3.6474607 4.3762636 -3.503659 4294901760
-4.7362847 6.282979 -3.5086401 4294901760
-6.1947474 7.4325266 -3.4630556 4294901760
-7.1966891 9.5468607 -3.5067384 4294901760
-8.7310781 10.475645 -3.4753942 4294901760
-8.8917694 13.078929 -3.5068974 4294901760
-12.732811 15.276967 -3.4739449 4294901760
-10.650466 14.128511 -3.4994652 4294901760
-14.531201 15.797025 -3.4791131 4294901760
-13.00815 19.133724 -3.4667728 4294901760
-15.802493 20.962999 -3.5355034 4294901760
-2.1047711 2.8124804 -3.5198078 4294901760
-3.632163 4.3889685 -3.5036364 4294901760
-4.7143254 6.2994728 -3.5085924 4294901760
-6.1763268 7.4632397 -3.4650075 4294901760
-7.1609445 9.5687447 -3.5061123 4294901760
-8.6995316 10.512185 -3.4762945 4294901760
-8.8393822 13.099981 -3.5055087 4294901760
-12.674321 15.31517 -3.4732099 4294901760
-10.605864 14.171986 -3.5001063 4294901760
-14.467896 15.838806 -3.4781578 4294901760
-15.748372 21.043613 -3.5374093 4294901760
-2.0927782 2.8169007 -3.5180514 4294901760
-3.6143737 4.3986449 -3.5024874 4294901760
-4.6946454 6.3190403 -3.509376 4294901760
-6.1427073 7.4755931 -3.4629772 4294901760
-7.1109328 9.5713882 -3.5021634 4294901760
-8.6653061 10.545563 -3.4767156 4294901760
-8.7935963 13.130758 -3.5053775 4294901760
-12.625846 15.365487 -3.473784 4294901760
-10.539682 14.18652 -3.4973774 4294901760
-14.401791 15.87739 -3.4768944 4294901760
-12.90314 19.267204 -3.4700446 4294901760
-15.674815 21.098461 -3.537246 4294901760
-2.0850852 2.827106 -3.5197637 4294901760
-3.601434 4.4142184 -3.5035887 4294901760
-4.6748886 6.3385448 -3.5101583 4294901760
-6.1290698 7.5123005 -3.466253 4294901760
-7.0774817 9.5961514 -3.5020876 4294901760
-8.6284456 10.575744 -3.4766574 4294901760
-8.7565289 13.17464 -3.5069242 4294901760
-12.582229 15.421831 -3.4750111 4294901760
-10.48537 14.216806 -3.4965167 4294901760
-14.35697 15.939426 -3.4780676 4294901760
-12.831391 19.305475 -3.4692874 4294901760
-15.627159 21.188408 -3.5399177 4294901760
-2.0752034 2.834368 -3.5197408 4294901760
-3.5860023 4.426764 -3.5035634 4294901760
-4.6480989 6.3484964 -3.5084422 4294901760
-6.1052961 7.5367227 -3.4668736 4294901760
-7.0345635 9.6079931 -3.4997962 4294901760
-8.5889702 10.602711 -3.4761198 4294901760
-8.7082911 13.201803 -3.5063684 4294901760
-12.518268 15.453258 -3.4736111 4294901760
-10.428611 14.243673 -3.4952793 4294901760
-14.295918 15.983499 -3.4774079 4294901760
-12.757321 19.340149 -3.4682457 4294901760
-15.543658 21.229942 -3.5387144 4294901760
-2.0652976 2.841594 -3.5197175 4294901760
-3.570529 4.4392538 -3.5035374 4294901760
-4.6236053 6.3615088 -3.5075576 4294901760
-6.0715208 7.5487475 -3.4648392 4294901760
-6.9939857 9.622859 -3.4980564 4294901760
-8.5469246 10.626427 -3.4751031 4294901760
-8.6643391 13.23545 -3.5066502 4294901760
-12.456751 15.487531 -3.4725363 4294901760
-10.385862 14.289661 -3.496284 4294901760
-14.232088 16.024347 -3.47644 4294901760
-12.665681 19.347811 -3.4649549 4294901760
-15.453022 21.261446 -3.5367327 4294901760
-2.0553648 2.8487866 -3.5196936 4294901760
-3.5526061 4.4486809 -3.5023849 4294901760
-4.6036639 6.3807921 -3.5083363 4294901760
-6.042665 7.5668082 -3.4641299 4294901760
-6.9626708 9.6504335 -3.4985287 4294901760
-8.5072947 10.653091 -3.4745615 4294901760
-8.6137438 13.258938 -3.5056701 4294901760
-12.405098 15.534039 -3.4727705 4294901760
-10.331248 14.319366 -3.4954159 4294901760
-14.17078 16.067942 -3.4757736 4294901760
-12.587185 19.375164 -3.4633455 4294901760
-15.378704 21.315264 -3.5365539 4294901760
-2.0475197 2.8588905 -3.5214038 4294901760
-3.5418429 4.4670906 -3.5046082 4294901760
-4.5767965 6.3904443 -3.5066173 4294901760
-6.0113053 7.5816593 -3.4627562 4294901760
-6.9358764 9.6843567 -3.5001063 4294901760
-8.4725294 10.685837 -3.4749722 4294901760
-8.5652523 13.285574 -3.5051076 4294901760
-12.345844 15.570991 -3.4720175 4294901760
-10.276562 14.348856 -3.494545 4294901760
-14.119871 16.123316 -3.4763243 4294901760
-12.523807 19.425692 -3.4636986 4294901760
-15.315842 21.38505 -3.5376611 4294901760
-2.0422311 2.8715727 -3.5248492 4294901760
-3.5246284 4.4757848 -3.5034556 4294901760
-4.5578551 6.4087811 -3.5073965 4294901760
-5.9812417 7.5953398 -3.4613831 4294901760
-6.9060264 9.710535 -3.5005794 4294901760
-8.4345894 10.710748 -3.4744303 4294901760
-8.5168591 13.307195 -3.5041304 4294901760
-12.24477 15.549145 -3.4653642 4294901760
-10.228928 14.382853 -3.4944258 4294901760
-14.074189 16.179081 -3.4771798 4294901760
-12.476546 19.494022 -3.4657431 4294901760
-15.235587 21.422695 -3.5364518 4294901760
-2.0301032 2.8757231 -3.5230892 4294901760
-3.5137269 4.4941301 -3.5056772 4294901760
-4.5422406 6.4342666 -3.509836 4294901760
-5.9546905 7.6161737 -3.4613333 4294901760
-6.8606424 9.7183762 -3.4977262 4294901760
-8.3971472 10.740128 -3.4743598 4294901760
-8.4810266 13.353654 -3.5060821 4294901760
-12.16338 15.557218 -3.4616551 4294901760
-10.174056 14.411961 -3.4935501 4294901760
-14.022841 16.234156 -3.4777238 4294901760
-12.372023 19.480152 -3.4607561 4294901760
-15.179136 21.501858 -3.5383248 4294901760
-2.0158913 2.8768544 -3.519594 4294901760
-3.4980166 4.5063691 -3.5056469 4294901760
-4.5175009 6.4468718 -3.5089457 4294901760
-5.925643 7.6337924 -3.4606187 4294901760
-6.8312297 9.7487659 -3.498745 4294901760
-8.3669195 10.778801 -3.4757187 4294901760
-8.427989 13.373071 -3.5046732 4294901760
-12.096763 15.583823 -3.4599109 4294901760
-10.132835 14.460449 -3.4949155 4294901760
-13.958286 16.27392 -3.4767401 4294901760
-12.329493 19.563763 -3.4639053 4294901760
-15.0994 21.548174 -3.5376143 4294901760
-2.0058374 2.8838735 -3.5195675 4294901760
-3.4775641 4.5124497 -3.5033648 4294901760
-4.4949708 6.4626012 -3.5088863 4294901760
-5.9086123 7.6669517 -3.4632192 4294901760
-6.803957 9.7823238 -3.5003152 4294901760
-8.343812 10.82684 -3.4785066 4294901760
-8.377037 13.395655 -3.5036821 4294901760
-12.05691 15.644916 -3.4617703 4294901760
-10.093681 14.512093 -3.4966516 4294901760
-13.903987 16.325581 -3.4769728 4294901760
-12.269601 19.620222 -3.4648056 4294901760
-15.030937 21.610584 -3.5381896 4294901760
-1.9978187 2.8938401 -3.521275 4294901760
-3.4641325 4.5276194 -3.5044582 4294901760
-4.4634719 6.4653387 -3.5054972 4294901760
-5.8794136 7.6843896 -3.4625015 4294901760
-6.7832966 9.8256044 -3.5035429 4294901760
-8.301137 10.849581 -3.4774759 4294901760
-8.3449278 13.448501 -3.5064657 4294901760
-11.98283 15.661552 -3.4590371 4294901760
-10.033907 14.534112 -3.4950204 4294901760
-13.823721 16.346581 -3.4741533 4294901760
-12.198936 19.659536 -3.4642994 4294901760
-14.978109 21.695789 -3.5405655 4294901760
-1.9877044 2.9007967 -3.5212474 4294901760
-3.4483063 4.5396848 -3.5044255 4294901760
-4.4453092 6.4873519 -3.5070999 4294901760
-5.8501616 7.7017198 -3.4617825 4294901760
-6.7511978 9.8524981 -3.5040026 4294901760
-8.2632122 10.878493 -3.4773972 4294901760
-8.2895775 13.463985 -3.5046306 4294901760
-11.918429 15.690577 -3.457612 4294901760
-9.9876146 14.575628 -3.4956295 4294901760
-13.774272 16.403908 -3.4749894 4294901760
-12.144888 19.725805 -3.4660339 4294901760
-14.895505 21.738056 -3.5395854 4294901760
-1.9755285 2.9047196 -3.519485 4294901760
-3.4301205 4.5486178 -3.5032663 4294901760
-4.4226384 6.5028291 -3.5070372 4294901760
-5.8208632 7.7189369 -3.4610622 4294901760
-6.7011466 9.8530359 -3.500035 4294901760
-8.2227955 10.904095 -3.4768395 4294901760
-8.2383795 13.48604 -3.5036328 4294901760
-11.856383 15.722526 -3.4565122 4294901760
-9.9120159 14.57414 -3.4913766 4294901760
-13.724602 16.461086 -3.4758224 4294901760
-12.098861 19.805561 -3.4688866 4294901760
-14.812799 21.78001 -3.5386019 4294901760
-1.9633484 2.9085937 -3.5177219 4294901760
-3.4165292 4.5636477 -3.5043573 4294901760
-4.4043002 6.5247312 -3.5086372 4294901760
-5.7891445 7.732882 -3.4596772 4294901760
-6.6667109 9.8763685 -3.499938 4294901760
-8.1822968 10.929549 -3.4762797 4294901760
-8.1850576 13.504498 -3.502213 4294901760
-11.796641 15.757429 -3.4557374 4294901760
-9.8744631 14.628478 -3.4934759 4294901760
-13.649235 16.487373 -3.4736032 4294901760
-12.021368 19.834015 -3.4675283 4294901760
-14.750089 21.851452 -3.5399342 4294901760
-1.9592375 2.9244645 -3.5228961 4294901760
-3.400579 4.5755453 -3.5043218 4294901760
-4.3814993 6.5400643 -3.5085721 4294901760
-5.7644758 7.7562141 -3.4602804 4294901760
-6.6344056 9.9028749 -3.5003924 4294901760
-8.1440983 10.958042 -3.4761951 4294901760
-8.1399221 13.536399 -3.5024693 4294901760
-11.75109 15.811319 -3.4569263 4294901760
-9.8344374 14.679417 -3.4951985 4294901760
-13.589067 16.53183 -3.4732103 4294901760
-11.943833 19.862167 -3.4661672 4294901760
-14.675951 21.906122 -3.5399735 4294901760
-1.9490161 2.9312859 -3.5228662 4294901760
-3.3891594 4.5935879 -3.5065365 4294901760
-4.3608127 6.5585856 -3.5093374 4294901760
-5.7350178 7.7731094 -3.4595559 4294901760
-6.6195669 9.9557123 -3.5052698 4294901760
-8.1010733 10.980005 -3.4751544 4294901760
-8.1109838 13.595513 -3.5060787 4294901760
-11.70056 15.858666 -3.4574566 4294901760
-9.7743015 14.700377 -3.4935548 4294901760
-13.541369 16.591537 -3.4743385 4294901760
-11.87647 19.907167 -3.4662046 4294901760
-14.614869 21.980505 -3.5415549 4294901760
-1.9407694 2.9410968 -3.5245705 4294901760
-3.3776574 4.6116047 -3.50875 4294901760
-4.3422141 6.5803137 -3.5109336 4294901760
-5.7078514 7.7930799 -3.4594932 4294901760
-6.5913334 9.9886923 -3.5068264 4294901760
-8.0462484 10.985756 -3.4717274 4294901760
-8.0594234 13.616888 -3.5050716 4294901760
-11.656925 15.915507 -3.458967 4294901760
-9.7185402 14.727751 -3.4926562 4294901760
-13.46327 16.61389 -3.4718053 4294901760
-11.798779 19.934755 -3.4648371 4294901760
-14.538058 22.031384 -3.5413287 4294901760
-1.9245337 2.9387548 -3.5193369 4294901760
-3.3615406 4.6233664 -3.5087118 4294901760
-4.3192196 6.5954299 -3.510865 4294901760
-5.6806159 7.8129554 -3.4594288 4294901760
-6.5586028 10.014958 -3.5072751 4294901760
-8.0008392 11.004124 -3.4702065 4294901760
-8.0118456 13.644938 -3.5049012 4294901760
-11.601303 15.956099 -3.4588358 4294901760
-9.6779966 14.778259 -3.4943705 4294901760
-13.392687 16.645233 -3.4701836 4294901760
-11.743278 19.999924 -3.4665492 4294901760
-14.46326 22.085335 -3.5413561 4294901760
-1.9133145 2.9417479 -3.5175748 4294901760
-3.3469977 4.6339049 -3.508677 4294901760
-4.3006153 6.6122565 -3.5116339 4294901760
-5.6629829 7.8403764 -3.461359 4294901760
-6.5206141 10.025537 -3.5055206 4294901760
-7.9708824 11.035655 -3.4710767 4294901760
-7.9649239 13.663159 -3.5039072 4294901760
-11.551113 15.992469 -3.4587152 4294901760
-9.6423855 14.825303 -3.4960976 4294901760
-13.317889 16.659166 -3.46735 4294901760
-11.684406 20.043619 -3.466882 4294901760
-14.398154 22.137365 -3.5416605 4294901760
-1.9039705 2.9521189 -3.519274 4294901760
-3.3246944 4.6404586 -3.5063829 4294901760
-4.2688184 6.6188316 -3.5090604 4294901760
-5.6351399 7.8652744 -3.4619484 4294901760
-6.4863749 10.057167 -3.5065079 4294901760
-7.930769 11.06941 -3.4714496 4294901760
-7.9044352 13.679847 -3.5020378 4294901760
-11.489624 16.036701 -3.4585645 4294901760
-9.5702677 14.838764 -3.4933076 4294901760
-13.243906 16.697668 -3.466017 4294901760
-11.611358 20.095249 -3.46716 4294901760
-14.319549 22.202557 -3.5421715 4294901760
-1.8936532 2.9587474 -3.5192418 4294901760
-3.3151717 4.6614532 -3.5097177 4294901760
-4.2414575 6.6270852 -3.5073247 4294901760
-5.6030674 7.8784566 -3.4605536 4294901760
-6.4597821 10.093117 -3.50861 4294901760
-7.896688 11.10351 -3.4723067 4294901760
-7.8586121 13.710812 -3.50228 4294901760
-11.431259 16.07346 -3.458097 4294901760
-9.5141096 14.865365 -3.4923985 4294901760
-13.183066 16.740664 -3.4656055 4294901760
-11.529222 20.114874 -3.4652193 4294901760
-14.239799 22.249043 -3.541672 4294901760
-1.890183 2.9738603 -3.524415 4294901760
-3.2982895 4.6686988 -3.5085554 4294901760
-4.2227221 6.6436877 -3.5080907 4294901760
-5.5828514 7.9024754 -3.4618165 4294901760
-6.430172 10.11671 -3.5090625 4294901760
-7.8640628 11.13151 -3.4726946 4294901760
-7.8095922 13.725047 -3.5008609 4294901760
-11.38071 16.109291 -3.4579685 4294901760
-9.480195 14.915368 -3.4944916 4294901760
-13.123033 16.772562 -3.4645925 4294901760
-11.4561 20.13364 -3.463582 4294901760
-14.174121 22.300409 -3.5419657 4294901760
-1.8773364 2.9777019 -3.522646 4294901760
-3.2855763 4.6870656 -3.5107613 4294901760
-4.2025251 6.6657567 -3.5096757 4294901760
-5.5606537 7.9325962 -3.4637306 4294901760
-6.3909302 10.136854 -3.5083909 4294901760
-7.8140764 11.147234 -3.4706821 4294901760
-7.7670598 13.767455 -3.502347 4294901760
-11.307841 16.131294 -3.4558504 4294901760
-9.4127026 14.929782 -3.4920757 4294901760
-13.034535 16.785872 -3.461122 4294901760
-11.403809 20.213753 -3.466383 4294901760
-14.107198 22.375866 -3.5435057 4294901760
-1.8644885 2.9814885 -3.5208762 4294901760
-3.2705762 4.7022376 -3.5118413 4294901760
-4.1801472 6.6844392 -3.510428 4294901760
-5.5360579 7.9594107 -3.4649796 4294901760
-6.3642554 10.17703 -3.5110338 4294901760
-7.7708998 11.172532 -3.4700978 4294901760
-7.7243271 13.809732 -3.5038302 4294901760
-11.253202 16.179178 -3.4563496 4294901760
-9.3642645 14.97432 -3.4930179 4294901760
-12.958307 16.814558 -3.4591722 4294901760
-11.32575 20.248442 -3.4655395 4294901760
-14.029333 22.434193 -3.5437539 4294901760
-1.8559805 2.9910595 -3.5225761 4294901760
-3.249764 4.7072864 -3.509547 4294901760
-4.1505828 6.6889935 -3.5078564 4294901760
-5.5015016 7.9689312 -3.4629164 4294901760
-6.3286896 10.199184 -3.5109169 4294901760
-7.7295904 11.19632 -3.4695165 4294901760
-7.6722083 13.829649 -3.5028057 4294901760
-11.194386 16.21508 -3.4558706 4294901760
-9.3182392 15.01708 -3.4939659 4294901760
-12.899531 16.859692 -3.459053 4294901760
-11.272431 20.319283 -3.4677854 4294901760
-13.946718 22.476242 -3.5429811 4294901760
-1.8446738 2.9937887 -3.5208106 4294901760
-3.2327824 4.7142954 -3.5083816 4294901760
-4.1274924 6.6986589 -3.5069547 4294901760
-5.4786768 7.9894338 -3.4635112 4294901760
-6.3049459 10.232528 -3.513021 4294901760
-7.687633 11.210707 -3.4679906 4294901760
-7.6268048 13.850192 -3.5022168 4294901760
-11.136624 16.240295 -3.4547493 4294901760
-9.2710199 15.046279 -3.4938085 4294901760
-12.822346 16.868349 -3.4558966 4294901760
-11.206618 20.351093 -3.4672558 4294901760
-13.867664 22.50634 -3.5417166 4294901760
-1.8342127 3.0002091 -3.5207753 4294901760
-3.2184744 4.7287345 -3.5094609 4294901760
-4.1081777 6.719718 -3.508539 4294901760
-5.4440842 7.9987054 -3.4614453 4294901760
-6.2629824 10.244317 -3.5112424 4294901760
-7.6462173 11.234183 -3.4674056 4294901760
-7.5726876 13.866242 -3.5007694 4294901760
-11.102321 16.312054 -3.4578664 4294901760
-9.2205238 15.081947 -3.4940045 4294901760
-12.76339 16.913002 -3.4557719 4294901760
-11.143171 20.404106 -3.4680951 4294901760
-13.797356 22.568239 -3.5424805 4294901760
-1.8213238 3.0038123 -3.5190039 4294901760
-3.2011204 4.7405 -3.5094123 4294901760
-4.0855532 6.7380848 -3.5092862 4294901760
-5.4147296 8.0186062 -3.4613628 4294901760
-6.2274475 10.270597 -3.5116668 4294901760
-7.6049886 11.262135 -3.4672897 4294901760
-7.5142269 13.879897 -3.4988911 4294901760
-11.042457 16.352638 -3.4576983 4294901760
-9.1837845 15.146327 -3.497175 4294901760
-12.686953 16.940502 -3.4538097 4294901760
-11.081614 20.469393 -3.4697556 4294901760
-13.729037 22.642569 -3.5439982 4294901760
-1.8126966 3.0132577 -3.5207016 4294901760
-3.1866987 4.7548442 -3.5104899 4294901760
-4.0640306 6.7556648 -3.5100362 4294901760
-5.3933091 8.047308 -3.4632711 4294901760
-6.1854239 10.282071 -3.5098848 4294901760
-7.5678458 11.291915 -3.467654 4294901760
-7.4732695 13.920076 -3.5003715 4294901760
-10.98531 16.391081 -3.457535 4294901760
-9.1308603 15.17829 -3.4969921 4294901760
-12.61822 16.971869 -3.4524603 4294901760
-10.972323 20.437584 -3.4638729 4294901760
-13.664333 22.714312 -3.5455251 4294901760
-1.8003103 3.0164537 -3.5189309 4294901760
-3.1679492 4.7627311 -3.5093167 4294901760
-4.0384159 6.7664418 -3.5091224 4294901760
-5.3586202 8.0562105 -3.4612014 4294901760
-6.1555982 10.313821 -3.5114169 4294901760
-7.5283861 11.318261 -3.4675395 4294901760
-7.4227653 13.942561 -3.4997551 4294901760
-10.941291 16.449263 -3.4593327 4294901760
-9.0778265 15.21007 -3.4968066 4294901760
-12.558904 17.01581 -3.4523263 4294901760
-10.919686 20.511007 -3.4663799 4294901760
-13.595204 22.77902 -3.5465333 4294901760
-1.7916161 3.0258393 -3.5206273 4294901760
-3.1513038 4.7737608 -3.5092678 4294901760
-4.0207653 6.7906232 -3.5115328 4294901760
-5.3304639 8.0748682 -3.4611185 4294901760
-6.1235991 10.342074 -3.5123944 4294901760
-7.4866376 11.341153 -3.4669466 4294901760
-7.3759069 13.971911 -3.499974 4294901760
-10.888198 16.494017 -3.4598181 4294901760
-9.0185804 15.231374 -3.4954991 4294901760
-12.511224 17.075647 -3.4537115 4294901760
-10.82751 20.510157 -3.4630098 4294901760
-13.519671 22.833214 -3.5467656 4294901760
-1.7792062 3.0289495 -3.5188556 4294901760
-3.1325092 4.7815108 -3.5080931 4294901760
-3.995049 6.8012362 -3.5106165 4294901760
-5.3022432 8.0934267 -3.4610341 4294901760
-6.0934877 10.373652 -3.5139222 4294901760
-7.4404635 11.35724 -3.4653988 4294901760
-7.3289342 14.001103 -3.5001907 4294901760
-10.84586 16.555288 -3.4619365 4294901760
-8.963335 15.259327 -3.4949353 4294901760
-12.430405 17.090164 -3.4508305 4294901760
-10.742881 20.523064 -3.4607561 4294901760
-13.445951 22.890606 -3.5472512 4294901760
-1.7704481 3.0382733 -3.5205512 4294901760
-3.1220996 4.802104 -3.5114169 4294901760
-3.9732599 6.8185282 -3.5113616 4294901760
-5.2761159 8.1151981 -3.461611 4294901760
-6.0572419 10.394858 -3.5137911 4294901760
-7.3942742 11.373139 -3.4638493 4294901760
-7.2873583 14.040738 -3.5016608 4294901760
-10.801059 16.613117 -3.4637244 4294901760
-8.9140329 15.297409 -3.4954884 4294901760
-12.356657 17.114029 -3.4488599 4294901760
-10.682219 20.581701 -3.4621336 4294901760
-13.353904 22.916691 -3.5454195 4294901760
-1.7585487 3.0409892 -3.5187805 4294901760
-3.0998924 4.8027215 -3.5079937 4294901760
-3.9506278 6.8316655 -3.5112789 4294901760
-5.2320304 8.1060829 -3.4562275 4294901760
-6.0247264 10.418322 -3.5142171 4294901760
-7.3608332 11.404278 -3.4646859 4294901760
-7.2407603 14.064825 -3.5014644 4294901760
-10.741583 16.642138 -3.4629004 4294901760
-8.8652544 15.330335 -3.4956756 4294901760
-12.330078 17.197083 -3.4526787 4294901760
-10.623053 20.634764 -3.4632432 4294901760
-13.285838 22.974676 -3.546169 4294901760
-1.7515301 3.0533988 -3.5222085 4294901760
-3.0831077 4.8135138 -3.5079412 4294901760
-3.9267554 6.8454151 -3.5111904 4294901760
-5.205833 8.1276264 -3.4568019 4294901760
-5.9962182 10.453058 -3.5162919 4294901760
-7.3145428 11.419858 -3.4631326 4294901760
-7.1807537 14.068732 -3.498744 4294901760
-10.679119 16.672815 -3.462065 4294901760
-8.8156509 15.368105 -3.4962232 4294901760
-12.263026 17.230265 -3.4516156 4294901760
-10.556399 20.68239 -3.4637747 4294901760
-13.197605 23.007057 -3.5448442 4294901760
-1.7372761 3.0531919 -3.5187013 4294901760
-3.0662878 4.8242459 -3.5078883 4294901760
-3.8970189 6.8488522 -3.5086074 4294901760
-5.1837931 8.155755 -3.4586997 4294901760
-5.9577336 10.470474 -3.5156028 4294901760
-7.2767715 11.448676 -3.4634831 4294901760
-7.1441908 14.118587 -3.5014625 4294901760
-10.625138 16.716722 -3.4625351 4294901760
-8.7501259 15.37799 -3.4937849 4294901760
-12.202808 17.272963 -3.4514627 4294901760
-13.107343 23.035622 -3.5432589 4294901760
-1.7278541 3.0626969 -3.5203927 4294901760
-3.0465293 4.8321939 -3.5067067 4294901760
-3.8718884 6.863091 -3.5085125 4294901760
-5.1454315 8.1613274 -3.4559538 4294901760
-5.9232135 10.499154 -3.516562 4294901760
-7.2368779 11.478635 -3.4638245 4294901760
-7.1102443 14.180282 -3.5054226 4294901760
-10.551023 16.735302 -3.4603763 4294901760
-8.69174 15.406489 -3.4931986 4294901760
-12.157745 17.343725 -3.4537337 4294901760
-10.311476 20.564642 -3.4480517 4294901760
-13.022818 23.083513 -3.5429392 4294901760
-1.7189237 3.0718729 -3.5220852 4294901760
-3.0337298 4.8493295 -3.5089011 4294901760
-3.8498244 6.8799863 -3.5092516 4294901760
-5.1273937 8.1959915 -3.4591734 4294901760
-5.884593 10.516303 -3.5158696 4294901760
-7.2030954 11.51394 -3.4651232 4294901760
-7.039432 14.162215 -3.5001855 4294901760
-10.498894 16.782179 -3.4611676 4294901760
-8.6418056 15.443692 -3.4937382 4294901760
-12.097133 17.386055 -3.4535742 4294901760
-10.22719 20.575476 -3.4457827 4294901760
-12.940216 23.125341 -3.5423739 4294901760
-1.7087269 3.0775564 -3.5220459 4294901760
-3.0155995 4.8560915 -3.5077238 4294901760
-3.8326988 6.9030027 -3.5116565 4294901760
-5.1064405 8.2230225 -3.4610713 4294901760
-5.8670201 10.566981 -3.5207043 4294901760
-7.1564808 11.524251 -3.4630928 4294901760
-6.9994698 14.199772 -3.5016515 4294901760
-10.430551 16.796564 -3.4590225 4294901760
-8.5847359 15.461808 -3.4924221 4294901760
-12.055292 17.449068 -3.4555497 4294901760
-10.217161 20.727478 -3.4546962 4294901760
-12.865393 23.171619 -3.5423341 4294901760
-1.6962258 3.0803261 -3.5202703 4294901760
-2.9966104 4.863308 -3.5065427 4294901760
-3.8085809 6.9163389 -3.5115623 4294901760
-5.0652676 8.2206078 -3.4570012 4294901760
-5.830101 10.587396 -3.5205603 4294901760
-7.1057806 11.53223 -3.460578 4294901760
-6.9498644 14.224116 -3.501431 4294901760
-10.380233 16.846458 -3.460135 4294901760
-8.5460997 15.519618 -3.495193 4294901760
-11.992056 17.487747 -3.4550796 4294901760
-10.185072 20.845537 -3.4607952 4294901760
-12.836459 23.31086 -3.548949 4294901760
-1.6854635 3.0862284 -3.5202279 4294901760
-2.9836349 4.880311 -3.5087342 4294901760
-3.7825367 6.9261489 -3.5106363 4294901760
-5.0406661 8.2449818 -3.4582293 4294901760
-5.7912083 10.604199 -3.5198622 4294901760
-7.0571866 11.543391 -3.4585376 4294901760
-6.8967013 14.241119 -3.5003719 4294901760
-10.340099 16.913229 -3.4628787 4294901760
-8.4918766 15.549355 -3.4949794 4294901760
-11.939927 17.5427 -3.4561276 4294901760
-10.127913 20.913305 -3.4629807 4294901760
-12.756929 23.359032 -3.5488849 4294901760
-1.6764061 3.0952811 -3.5219185 4294901760
-2.9685779 4.8939905 -3.5098007 4294901760
-3.7564671 6.9358625 -3.5097091 4294901760
-5.018002 8.272666 -3.4601178 4294901760
-5.7560444 10.62784 -3.5202668 4294901760
-7.0168467 11.567956 -3.4584 4294901760
-6.8555608 14.283061 -3.5022378 4294901760
-10.285132 16.956045 -3.4633305 4294901760
-8.4394417 15.582409 -3.4951355 4294901760
-11.883082 17.590891 -3.4565635 4294901760
-10.044477 20.926933 -3.4609761 4294901760
-12.658187 23.371811 -3.5462503 4294901760
-1.6655906 3.101114 -3.5218749 4294901760
-2.9514756 4.9043236 -3.5097415 4294901760
-3.7359436 6.9558434 -3.5112731 4294901760
-4.9870543 8.286746 -3.4593556 4294901760
-5.7189088 10.647868 -3.5201175 4294901760
-6.9846239 11.60601 -3.4601645 4294901760
-6.8073692 14.310502 -3.5024285 4294901760
-10.240281 17.015778 -3.4654138 4294901760
-8.3831081 15.608262 -3.494544 4294901760
-11.832717 17.648844 -3.4579091 4294901760
-9.9439163 20.904173 -3.4561791 4294901760
-12.57463 23.412334 -3.5456655 4294901760
-1.6547561 3.1069093 -3.521831 4294901760
-2.940263 4.9245176 -3.5130548 4294901760
-3.7116416 6.9688416 -3.5111747 4294901760
-4.9580994 8.3041029 -3.4592543 4294901760
-5.6779776 10.660762 -3.5188627 4294901760
-6.9583421 11.654222 -3.4633543 4294901760
-6.7607746 14.341381 -3.5030351 4294901760
-10.191052 17.068546 -3.4668398 4294901760
-8.3304501 15.640947 -3.4946952 4294901760
-11.777677 17.700006 -3.4586427 4294901760
-9.8657818 20.927919 -3.4550066 4294901760
-12.492833 23.456085 -3.5453334 4294901760
-1.6444448 3.1123791 -3.5217886 4294901760
-2.9160631 4.9209847 -3.5084996 4294901760
-3.6903458 6.9845791 -3.5119107 4294901760
-4.9244919 8.310297 -3.4571702 4294901760
-5.6481571 10.690056 -3.5203733 4294901760
-6.9115505 11.663546 -3.461314 4294901760
-6.7165551 14.370936 -3.5036504 4294901760
-10.136434 17.105679 -3.4669662 4294901760
-8.2822657 15.675533 -3.4952273 4294901760
-11.725521 17.748957 -3.4593821 4294901760
-9.7861881 20.93881 -3.4530118 4294901760
-12.407522 23.483253 -3.5439887 4294901760
-1.6318873 3.1148894 -3.5200105 4294901760
-2.9027708 4.9377761 -3.5106869 4294901760
-3.6677608 7.0008936 -3.5126405 4294901760
-4.8854365 8.310401 -3.4537559 4294901760
-5.6034393 10.695648 -3.5180116 4294901760
-6.8748231 11.69446 -3.4621201 4294901760
-6.6629992 14.387068 -3.5025804 4294901760
-10.072614 17.134081 -3.466099 4294901760
-8.2293444 15.707884 -3.4953735 4294901760
-11.656923 17.779766 -3.4582849 4294901760
-9.7046432 20.954731 -3.4512763 4294901760
-12.318054 23.51227 -3.5426238 4294901760
-1.6243473 3.1270006 -3.5234313 4294901760
-2.8893991 4.9545326 -3.5128729 4294901760
-3.6414943 7.0101724 -3.5117078 4294901760
-4.8603816 8.3342314 -3.4549751 4294901760
-5.560585 10.704578 -3.5162003 4294901760
-6.8199368 11.694335 -3.4586411 4294901760
-6.6077576 14.399376 -3.5010903 4294901760
-10.026817 17.193262 -3.468169 4294901760
-8.1744661 15.736511 -3.4951444 4294901760
-11.594792 17.820345 -3.4580967 4294901760
-9.6547585 21.039286 -3.4548347 4294901760
-12.23407 23.551579 -3.5420246 4294901760
-1.610647 3.1259251 -3.5199215 4294901760
-2.8710225 4.9607544 -3.5116885 4294901760
-3.6164289 7.0187235 -3.5107789 4294901760
-4.8327155 8.3503056 -3.454874 4294901760
-5.5268707 10.726487 -3.5166023 4294901760
-6.7811165 11.716889 -3.4584992 4294901760
-6.5698619 14.442964 -3.5033708 4294901760
-9.9697428 17.226421 -3.4679604 4294901760
-8.1258841 15.770622 -3.4956689 4294901760
-11.529132 17.84864 -3.4570031 4294901760
-9.5783167 21.05665 -3.4533889 4294901760
-12.154065 23.58847 -3.5414388 4294901760
-1.5958825 3.1253498 -3.5164068 4294901760
-2.8509047 4.9679017 -3.5104971 4294901760
-3.5924652 7.0354238 -3.5115001 4294901760
-4.8079805 8.3782444 -3.4567466 4294901760
-5.4875216 10.746671 -3.5164349 4294901760
-6.746047 11.755461 -3.4602435 4294901760
-6.5217924 14.477838 -3.5043709 4294901760
-9.918457 17.283609 -3.469686 4294901760
-8.0625916 15.789645 -3.4943061 4294901760
-11.459332 17.884052 -3.4561913 4294901760
-9.4912395 21.069765 -3.4513481 4294901760
-12.082066 23.661318 -3.5431211 4294901760
-1.5849625 3.1309021 -3.5163598 4294901760
-2.8316393 4.9744763 -3.5093079 4294901760
-3.5661113 7.0444221 -3.5105641 4294901760
-4.7806592 8.3984127 -3.457299 4294901760
-5.4607258 10.787004 -3.5195837 4294901760
-6.7128377 11.792763 -3.4619925 4294901760
-6.466342 14.489607 -3.5028744 4294901760
-9.8580618 17.318127 -3.46946 4294901760
-8.0074215 15.817695 -3.4940693 4294901760
-11.403256 17.934055 -3.4569058 4294901760
-9.4257669 21.121006 -3.4523866 4294901760
-11.995784 23.696222 -3.542254 4294901760
-1.5827051 3.1523392 -3.5249796 4294901760
-2.8170235 4.9871926 -3.5103698 4294901760
-3.5409734 7.0527034 -3.5096326 4294901760
-4.7547288 8.4176598 -3.4578557 4294901760
-5.4284883 10.812144 -3.5205319 4294901760
-6.66783 11.80457 -3.4604177 4294901760
-6.427927 14.532824 -3.5051467 4294901760
-9.8025455 17.354197 -3.4695694 4294901760
-7.9531398 15.840597 -3.4934702 4294901760
-11.35225 17.985268 -3.4579308 4294901760
-9.3653717 21.174055 -3.4537177 4294901760
-11.91356 23.728731 -3.5414014 4294901760
-1.5716923 3.1578441 -3.5249314 4294901760
-2.8052468 5.0070758 -3.5136755 4294901760
-3.51983 7.0720425 -3.5111859 4294901760
-4.7156591 8.4169636 -3.4544342 4294901760
-5.388947 10.827472 -3.5198152 4294901760
-6.6188107 11.813893 -3.4583578 4294901760
-6.3691697 14.53693 -3.502811 4294901760
-9.7380095 17.381342 -3.4686849 4294901760
-7.8906951 15.853984 -3.4917402 4294901760
-11.291523 18.028166 -3.4580312 4294901760
-9.2882023 21.199301 -3.4527996 4294901760
-11.816424 23.74156 -3.5389907 4294901760
-1.5569001 3.1570814 -3.5214148 4294901760
-2.7906156 5.0240593 -3.5158525 4294901760
-3.4938843 7.084897 -3.5110717 4294901760
-4.6905327 8.4445572 -3.4563003 4294901760
-5.3492236 10.847153 -3.5196404 4294901760
-6.5716009 11.831121 -3.4572394 4294901760
-6.3269367 14.585753 -3.505471 4294901760
-9.6684227 17.406456 -3.4674597 4294901760
-7.8466363 15.911406 -3.4944606 4294901760
-11.231684 18.079605 -3.4587255 4294901760
-9.2040787 21.21855 -3.451303 4294901760
-11.736388 23.799042 -3.5396314 4294901760
-1.5474632 3.1657534 -3.5230987 4294901760
-2.7674866 5.0236483 -3.5124123 4294901760
-3.4725788 7.1040969 -3.5126221 4294901760
-4.6629362 8.4643412 -3.456847 4294901760
-5.3130727 10.869324 -3.5200236 4294901760
-6.5302649 11.853988 -3.457078 4294901760
-6.274416 14.604092 -3.5048008 4294901760
-9.6056814 17.436604 -3.4668963 4294901760
-7.7998052 15.956606 -3.4960735 4294901760
-11.1727 18.125496 -3.4591227 4294901760
-9.1252317 21.239542 -3.4501004 4294901760
-11.655003 23.843452 -3.5395181 4294901760
-1.5369571 3.1708672 -3.5230515 4294901760
-2.7526608 5.0361772 -3.5134704 4294901760
-3.4507139 7.1191025 -3.5133469 4294901760
-4.6348438 8.4797564 -3.4567363 4294901760
-5.2804627 10.894023 -3.5209646 4294901760
-6.4890151 11.872087 -3.4564476 4294901760
-6.2275152 14.62848 -3.504976 4294901760
-9.5420685 17.457851 -3.4656894 4294901760
-7.7416334 15.971618 -3.4947205 4294901760
-11.116703 18.169254 -3.4595277 4294901760
-9.0484953 21.254986 -3.4486353 4294901760
-11.582844 23.896347 -3.5401874 4294901760
-1.5274484 3.179481 -3.5247343 4294901760
-2.7313919 5.0389829 -3.5111527 4294901760
-3.4241419 7.1275697 -3.5124042 4294901760
-4.6070967 8.4993591 -3.4572802 4294901760
-5.2492733 10.926696 -3.5229979 4294901760
-6.4626923 11.922637 -3.4600861 4294901760
-6.177958 14.653801 -3.5051365 4294901760
-9.4753618 17.480532 -3.4644682 4294901760
-7.6823783 15.99136 -3.4937248 4294901760
-11.038708 18.184065 -3.4571853 4294901760
-8.9726906 21.282764 -3.4479835 4294901760
-11.509732 23.958241 -3.5413454 4294901760
-1.5132231 3.1782475 -3.5212183 4294901760
-2.7156086 5.0518804 -3.5122058 4294901760
-3.3992393 7.1394792 -3.5122907 4294901760
-4.581141 8.5223532 -3.4584842 4294901760
-5.2076855 10.937789 -3.5217216 4294901760
-6.4191494 11.941623 -3.4594433 4294901760
-6.1313682 14.686305 -3.5061288 4294901760
-9.4161711 17.517019 -3.4645491 4294901760
-7.6213655 16.00728 -3.4923549 4294901760
-10.973102 18.21907 -3.4566624 4294901760
-8.9137239 21.350807 -3.4503882 4294901760
-11.422591 23.991058 -3.5404525 4294901760
-1.5021203 3.1835098 -3.5211673 4294901760
-2.6943347 5.0545292 -3.5098867 4294901760
-3.3759727 7.1548481 -3.5130064 4294901760
-4.5588031 8.5522423 -3.4610097 4294901760
-5.1627035 10.941545 -3.5193415 4294901760
-6.3680739 11.946406 -3.4568975 4294901760
-6.0800691 14.707617 -3.505867 4294901760
-9.3681097 17.574425 -3.4665837 4294901760
-7.556941 16.015759 -3.4902394 4294901760
-10.903297 18.246977 -3.4555295 4294901760
-8.8406706 21.385479 -3.4502859 4294901760
-11.337077 24.02717 -3.5398121 4294901760
-1.4909993 3.1887338 -3.5211158 4294901760
-2.6766756 5.0639033 -3.5098143 4294901760
-3.3559623 7.177247 -3.5153806 4294901760
-4.528924 8.5681038 -3.4608874 4294901760
-5.1278424 10.966688 -3.5202668 4294901760
-6.3244786 11.965047 -3.4562514 4294901760
-6.0332217 14.739806 -3.5068545 4294901760
-9.301116 17.596437 -3.4653542 4294901760
-7.4976153 16.034817 -3.4892368 4294901760
-10.829364 18.267757 -3.4537861 4294901760
-8.753871 21.386642 -3.4476781 4294901760
-11.251451 24.062977 -3.5391679 4294901760
-1.4829066 3.2004976 -3.5245287 4294901760
-2.6625581 5.0800395 -3.5119886 4294901760
-3.3325357 7.1924777 -3.5160937 4294901760
-4.5044904 8.5943623 -3.4627481 4294901760
-5.0945315 10.995323 -3.5217412 4294901760
-6.2863636 11.994097 -3.4570289 4294901760
-5.9832253 14.764468 -3.507005 4294901760
-9.2470407 17.642933 -3.466404 4294901760
-7.4449458 16.068127 -3.4897189 4294901760
-10.727077 18.240072 -3.4477911 4294901760
-8.6821585 21.424473 -3.4478476 4294901760
-11.16906 24.105732 -3.5390313 4294901760
-1.4747515 3.2122433 -3.527941 4294901760
-2.641258 5.0824661 -3.5096672 4294901760
-3.3057737 7.200501 -3.5151455 4294901760
-4.4744649 8.610033 -3.4626229 4294901760
-5.0660553 11.034675 -3.5248666 4294901760
-6.246295 12.019494 -3.4573293 4294901760
-5.9301715 14.781567 -3.5063195 4294901760
-9.1982841 17.699888 -3.4684286 4294901760
-7.3904786 16.097637 -3.4898264 4294901760
-10.741798 18.411873 -3.4593964 4294901760
-8.5984039 21.432413 -3.4457905 4294901760
-11.066519 24.104639 -3.5358241 4294901760
-1.4620279 3.214072 -3.5261555 4294901760
-2.6217349 5.0882316 -3.5084689 4294901760
-3.2806175 7.211997 -3.5150263 4294901760
-4.4425702 8.6220875 -3.4618347 4294901760
-5.0258608 11.04868 -3.524133 4294901760
-6.2042971 12.041226 -3.4571526 4294901760
-5.8829446 14.813284 -3.5072994 4294901760
-9.1364384 17.731892 -3.4681683 4294901760
-7.3243332 16.101564 -3.4873307 4294901760
-10.681458 18.456169 -3.4597681 4294901760
-8.5161629 21.443739 -3.4440088 4294901760
-10.982305 24.143124 -3.5354249 4294901760
-1.4493109 3.2158508 -3.5243697 4294901760
-2.6057112 5.1007819 -3.509517 4294901760
-3.2554243 7.2234044 -3.5149059 4294901760
-4.4214387 8.6551399 -3.4650133 4294901760
-4.9742227 11.037215 -3.5195415 4294901760
-6.171277 12.080518 -3.4593492 4294901760
-5.8312035 14.833727 -3.5070264 4294901760
-9.059968 17.735245 -3.4652979 4294901760
-7.2631726 16.116127 -3.4859476 4294901760
-10.624923 18.507187 -3.4607432 4294901760
-8.4383402 21.4659 -3.443058 4294901760
-10.916021 24.221369 -3.5378323 4294901760
-1.4365978 3.2175803 -3.5225835 4294901760
-2.5896292 5.1132836 -3.5105639 4294901760
-3.2349854 7.2454691 -3.5172734 4294901760
-4.3965545 8.6810999 -3.4668674 4294901760
-4.9453683 11.076252 -3.522661 4294901760
-6.1254735 12.094892 -3.4582181 4294901760
-5.7822728 14.861417 -3.5075846 4294901760
-9.0034103 17.777445 -3.4660099 4294901760
-7.2084937 16.145025 -3.4860482 4294901760
-10.55235 18.530291 -3.4592881 4294901760
-8.3488741 21.458015 -3.4398828 4294901760
-10.826514 24.248386 -3.5366588 4294901760
-1.4253584 3.2225749 -3.5225289 4294901760
-2.5700376 5.1188488 -3.5093632 4294901760
-3.2096763 7.2567167 -3.5171509 4294901760
-4.3733211 8.7105227 -3.4693811 4294901760
-4.9098883 11.100704 -3.5235748 4294901760
-6.0778661 12.105536 -3.4566104 4294901760
-5.7275028 14.874075 -3.5064735 4294901760
-8.9502563 17.826591 -3.4673698 4294901760
-7.1666117 16.202902 -3.4891169 4294901760
-10.49546 18.580912 -3.4602568 4294901760
-8.2681856 21.472116 -3.4383714 4294901760
-10.74989 24.304293 -3.5375247 4294901760
-1.4155563 3.2308509 -3.5242059 4294901760
-2.5521548 5.1277885 -3.5092852 4294901760
-3.1827533 7.2642832 -3.5161974 4294901760
-4.3446517 8.7292719 -3.4699094 4294901760
-4.8727036 11.121408 -3.523936 4294901760
-6.0338035 12.123116 -3.4559507 4294901760
-5.6812224 14.908861 -3.5078602 4294901760
-8.8755331 17.832716 -3.464818 4294901760
-7.1164122 16.242424 -3.4903255 4294901760
-10.436393 18.62788 -3.4609187 4294901760
-8.1718578 21.444874 -3.4338045 4294901760
-10.664991 24.341665 -3.5371099 4294901760
-1.4077214 3.2421784 -3.5276172 4294901760
-2.5419545 5.1500401 -3.5137033 4294901760
-3.1586447 7.2747989 -3.5160789 4294901760
-4.3139286 8.7400885 -3.4691207 4294901760
-4.8389544 11.144786 -3.5248556 4294901760
-5.9935656 12.143059 -3.4557736 4294901760
-5.6345606 14.935075 -3.5084255 4294901760
-8.8198767 17.869211 -3.465209 4294901760
-7.0482168 16.233025 -3.4867191 4294901760
-10.376498 18.665878 -3.4609833 4294901760
-8.1204281 21.524164 -3.4373033 4294901760
-10.585798 24.380568 -3.5369675 4294901760
-1.3926646 3.2368383 -3.522368 4294901760
-2.52317 5.1549816 -3.5125046 4294901760
-3.1376052 7.2924385 -3.5176182 4294901760
-4.2901363 8.7649956 -3.4709752 4294901760
-4.7941313 11.142546 -3.5219195 4294901760
-5.9585128 12.173584 -3.4570193 4294901760
-5.5780387 14.935022 -3.5060728 4294901760
-8.7693472 17.916279 -3.4665737 4294901760
-6.9959259 16.259968 -3.4868233 4294901760
-10.306834 18.686201 -3.4595294 4294901760
-8.0420256 21.532269 -3.4355271 4294901760
-10.519104 24.448557 -3.5388629 4294901760
-1.3813565 3.2416804 -3.5223117 4294901760
-2.5034776 5.1602926 -3.5113006 4294901760
-3.1105907 7.2997384 -3.5166614 4294901760
-4.2681384 8.7976999 -3.4741433 4294901760
-4.7567601 11.162865 -3.5222759 4294901760
-5.9211869 12.205045 -3.4582534 4294901760
-5.5300083 14.96561 -3.5070357 4294901760
-8.7084904 17.950373 -3.4666193 4294901760
-6.9359946 16.276955 -3.4857976 4294901760
-10.233876 18.708059 -3.4580603 4294901760
-7.9723454 21.575193 -3.4362237 4294901760
-10.435258 24.488806 -3.538692 4294901760
-1.3708755 3.2500613 -3.5239837 4294901760
-2.4795427 5.159018 -3.5078456 4294901760
-3.0853412 7.3147044 -3.5173564 4294901760
-4.241003 8.8239698 -3.4759805 4294901760
-4.7173591 11.18388 -3.5226204 4294901760
-5.8781385 12.230247 -3.4585259 4294901760
-5.4778571 14.993258 -3.5075655 4294901760
-8.6443729 17.985765 -3.4666476 4294901760
-6.894887 16.346348 -3.4899499 4294901760
-10.176661 18.766495 -3.4596057 4294901760
-7.8945904 21.608019 -3.4360642 4294901760
-10.343884 24.523205 -3.5379853 4294901760
-1.3600893 3.2545898 -3.5239291 4294901760
-2.4624197 5.1672125 -3.5077677 4294901760
-3.0625777 7.3285151 -3.5180626 4294901760
-4.2168164 8.8486891 -3.4778297 4294901760
-4.6833019 11.206784 -3.5235331 4294901760
-5.8307023 12.235314 -3.4564426 4294901760
-5.4226851 14.99636 -3.5056238 4294901760
-8.5812435 18.00713 -3.4657249 4294901760
-6.8421745 16.372801 -3.4900463 4294901760
-10.089782 18.754442 -3.4554164 4294901760
-7.8323908 21.660366 -3.4376061 4294901760
-10.28252 24.605288 -3.5408874 4294901760
-1.3514934 3.2660167 -3.5273347 4294901760
-2.4460137 5.1792593 -3.5088081 4294901760
-3.0384793 7.3427844 -3.5187612 4294901760
-4.184217 8.8597813 -3.4770272 4294901760
-4.6487088 11.234062 -3.5249846 4294901760
-5.7811661 12.241206 -3.4543481 4294901760
-5.3823795 15.048947 -3.5090771 4294901760
-8.5115223 18.022541 -3.4641349 4294901760
-6.7682171 16.356062 -3.4856746 4294901760
-10.035533 18.810677 -3.4569688 4294901760
-7.763463 21.706375 -3.4385688 4294901760
-10.18283 24.607809 -3.5381556 4294901760
-1.3381391 3.2675936 -3.5255415 4294901760
-2.4286454 5.191679 -3.5098431 4294901760
-3.0130312 7.3575025 -3.5194523 4294901760
-4.1550641 8.8822184 -3.4781983 4294901760
-4.6059966 11.247355 -3.5242229 4294901760
-5.7328887 12.255111 -3.4531913 4294901760
-5.3258548 15.064819 -3.5083504 4294901760
-8.4369516 18.035547 -3.4622025 4294901760
-6.7036867 16.369692 -3.4842541 4294901760
-9.9721146 18.857924 -3.4575953 4294901760
-7.6785231 21.719624 -3.4370131 4294901760
-10.104673 24.67454 -3.5397303 4294901760
-1.3259341 3.2686539 -3.5237536 4294901760
-2.4114168 5.1997037 -3.5097628 4294901760
-2.9915664 7.3747225 -3.5209839 4294901760
-4.1305771 8.9067039 -3.4800432 4294901760
-4.5716591 11.26992 -3.5251303 4294901760
-5.693893 12.277661 -3.4534762 4294901760
-5.2692971 15.063601 -3.5059874 4294901760
-8.3687067 18.045322 -3.4602969 4294901760
-6.6568632 16.410305 -3.4858272 4294901760
-9.9095287 18.890886 -3.4573367 4294901760
-7.5959129 21.714815 -3.4343896 4294901760
-10.030307 24.726421 -3.540581 4294901760
-1.3172171 3.2799904 -3.5271575 4294901760
-2.3932502 5.2080903 -3.5096774 4294901760
-2.9701884 7.3960395 -3.5233369 4294901760
-4.1077108 8.9390268 -3.4832001 4294901760
-4.5293312 11.278446 -3.5238249 4294901760
-5.65764 12.311917 -3.4551723 4294901760
-5.2179813 15.085669 -3.506104 4294901760
-8.3156567 18.096182 -3.461952 4294901760
-6.599535 16.433443 -3.4855289 4294901760
-9.8490467 18.935987 -3.4579699 4294901760
-7.4887342 21.650625 -3.4273129 4294901760
-9.9305305 24.727924 -3.5378392 4294901760
-1.3025101 3.2780583 -3.5236313 4294901760
-2.36936 5.2063084 -3.5062184 4294901760
-2.9401662 7.3995862 -3.5215371 4294901760
-4.0749221 8.9540215 -3.4830449 4294901760
-4.4923615 11.306033 -3.5252583 4294901760
-5.6174216 12.34343 -3.4563816 4294901760
-5.157505 15.089615 -3.5041234 4294901760
-8.2393627 18.104746 -3.4596868 4294901760
-6.5348468 16.446404 -3.4841011 4294901760
-9.7960424 19.003889 -3.4604025 4294901760
-7.4145007 21.693041 -3.4279652 4294901760
-9.8442621 24.775288 -3.5381277 4294901760
-1.2929606 3.2857325 -3.5253055 4294901760
-2.3520834 5.2141361 -3.5061359 4294901760
-2.9170499 7.4129443 -3.5222363 4294901760
-4.046834 8.9710855 -3.4835634 4294901760
-4.451941 11.313482 -3.5239604 4294901760
-5.5748258 12.358363 -3.4557116 4294901760
-5.1112676 15.117953 -3.5050826 4294901760
-8.1891279 18.15379 -3.4613504 4294901760
-6.4700565 16.442013 -3.4812191 4294901760
-9.7257042 19.022053 -3.4589238 4294901760
-7.3438063 21.721289 -3.4278271 4294901760
-9.773757 24.837532 -3.5397303 4294901760
-1.2822233 3.293828 -3.5269728 4294901760
-2.3345268 5.2262402 -3.5071666 4294901760
-2.8927038 7.4308963 -3.5237494 4294901760
-4.0203724 9.0002956 -3.4860473 4294901760
-4.4075627 11.322329 -3.5226402 4294901760
-5.5165138 12.349666 -3.4516997 4294901760
-5.0520339 15.125254 -3.5035141 4294901760
-8.1225319 18.183685 -3.4610302 4294901760
-6.4082994 16.461903 -3.4805281 4294901760
-9.6450891 19.036207 -3.4568088 4294901760
-7.2641392 21.748062 -3.4273655 4294901760
-9.681201 24.869467 -3.5389919 4294901760
-1.2744788 3.3046045 -3.5303802 4294901760
-2.3196573 5.2370701 -3.5082097 4294901760
-2.8665237 7.4326282 -3.5219672 4294901760
-3.998481 9.0273361 -3.4885519 4294901760
-4.3776851 11.350928 -3.5246494 4294901760
-5.4760799 12.363297 -3.4510374 4294901760
-5.0007448 15.129707 -3.5019901 4294901760
-8.0572891 18.19087 -3.4591284 4294901760
-6.3622932 16.496832 -3.4817336 4294901760
-9.590621 19.077114 -3.457458 4294901760
-7.209568 21.812481 -3.4300098 4294901760
-9.6030293 24.899757 -3.538574 4294901760
-1.2616439 3.3056462 -3.5285869 4294901760
-2.2982681 5.2380791 -3.5058751 4294901760
-2.8405631 7.4425883 -3.5218275 4294901760
-3.9701235 9.0484753 -3.4897184 4294901760
-4.340868 11.373553 -3.5255356 4294901760
-5.4392848 12.396902 -3.452723 4294901760
-4.9429584 15.131925 -3.5000179 4294901760
-7.9937463 18.218882 -3.4588182 4294901760
-6.3075161 16.526388 -3.4821641 4294901760
-9.54 19.142628 -3.4598904 4294901760
-7.1346292 21.841307 -3.4298398 4294901760
-9.5089369 24.914463 -3.5368342 4294901760
-1.2502207 3.3138583 -3.5302494 4294901760
-2.2796714 5.2503996 -3.5068989 4294901760
-2.8147316 7.4607801 -3.5233295 4294901760
-3.9337747 9.060029 -3.4888873 4294901760
-4.2943606 11.382713 -3.5241995 4294901760
-5.3916411 12.417698 -3.4524889 4294901760
-4.8909268 15.169747 -3.5017526 4294901760
-7.9269066 18.256765 -3.4591236 4294901760
-6.2397866 16.539295 -3.4807091 4294901760
-9.4540539 19.154062 -3.4574492 4294901760
-7.0556087 21.883745 -3.4304509 4294901760
-9.4272966 24.988169 -3.5388587 4294901760
-1.2372648 3.3109779 -3.5267301 4294901760
-2.2646871 5.2610741 -3.5079396 4294901760
-2.7912769 7.4695868 -3.5232017 4294901760
-3.9068522 9.0759735 -3.4894061 4294901760
-4.2585764 11.39615 -3.5240045 4294901760
-5.3557448 12.441882 -3.4532435 4294901760
-4.8444514 15.188833 -3.5018854 4294901760
-7.8647733 18.270584 -3.4578648 4294901760
-6.1863961 16.555084 -3.4800556 4294901760
-9.3955841 19.187256 -3.4574845 4294901760
-6.9892449 21.913412 -3.4305956 4294901760
-9.3221731 24.946569 -3.5336006 4294901760
-1.2231861 3.308476 -3.5232046 4294901760
-2.2463098 5.2689471 -3.5078478 4294901760
-2.7706285 7.4940009 -3.5263727 4294901760
-3.8782494 9.0968275 -3.4905684 4294901760
-4.220149 11.414666 -3.5243359 4294901760
-5.3169632 12.471477 -3.4544485 4294901760
-4.7878151 15.194253 -3.5003231 4294901760
-7.7993879 18.294254 -3.4572217 4294901760
-6.136869 16.599014 -3.4819596 4294901760
-9.3302965 19.223524 -3.4574869 4294901760
-6.9091148 21.926252 -3.4293108 4294901760
-9.2599754 25.046396 -3.5376973 4294901760
-1.2122971 3.3163414 -3.5248687 4294901760
-2.2284815 5.2806931 -3.508873 4294901760
-2.7377577 7.489368 -3.5229073 4294901760
-3.8494937 9.1219034 -3.4923811 4294901760
-4.1810107 11.43751 -3.5252037 4294901760
-5.2727661 12.494543 -3.4546924 4294901760
-4.7309136 15.207894 -3.4995737 4294901760
-7.7384934 18.337423 -3.4581833 4294901760
-6.0746236 16.617647 -3.4812534 4294901760
-9.2580509 19.253994 -3.4568665 4294901760
-6.8227782 21.932358 -3.4274478 4294901760
-9.166748 25.076414 -3.5369363 4294901760
-1.1988255 3.3135257 -3.5213456 4294901760
-2.2094707 5.2845006 -3.5076621 4294901760
-2.7129049 7.4984064 -3.5227692 4294901760
-3.8222706 9.1419144 -3.4935482 4294901760
-4.1471062 11.462505 -3.5266411 4294901760
-5.2374372 12.526638 -3.4563777 4294901760
-4.6792817 15.219695 -3.4988544 4294901760
-7.6776376 18.362986 -3.4578753 4294901760
-6.0249057 16.6527 -3.4824274 4294901760
-9.1889925 19.273781 -3.4556692 4294901760
-6.7593923 21.985401 -3.4292178 4294901760
-9.0862522 25.114189 -3.5369821 4294901760
-1.1884741 3.3211033 -3.5230117 4294901760
-2.1910121 5.2921805 -3.5075681 4294901760
-2.6880376 7.5115232 -3.5234513 4294901760
-3.788826 9.1515474 -3.4927251 4294901760
-4.1070724 11.476911 -3.5264175 4294901760
-5.1967244 12.552192 -3.4571021 4294901760
-4.6249728 15.232124 -3.4981172 4294901760
-7.6028118 18.363865 -3.4552767 4294901760
-5.9694304 16.681135 -3.4828422 4294901760
-9.1267796 19.316566 -3.4562669 4294901760
-6.6895738 22.031788 -3.4304087 4294901760
-9.0066128 25.168316 -3.5380154 4294901760
-1.1762927 3.3254375 -3.5229433 4294901760
-2.1745198 5.3073044 -3.5097127 4294901760
-2.6604865 7.5213265 -3.5232964 4294901760
-3.753757 9.1617155 -3.4918931 4294901760
-4.0623302 11.484407 -3.5250823 4294901760
-5.1491718 12.567475 -3.4563923 4294901760
-4.5668225 15.241344 -3.4969466 4294901760
-7.5324221 18.384222 -3.454282 4294901760
-5.900269 16.680351 -3.480279 4294901760
-9.0559139 19.34989 -3.4559393 4294901760
-6.6145029 22.075287 -3.4312961 4294901760
-8.9103022 25.189865 -3.5367348 4294901760
-1.1676545 3.3361628 -3.5263424 4294901760
-2.1583581 5.3180547 -3.5107439 4294901760
-2.6394191 7.541213 -3.5256395 4294901760
-3.7233572 9.1741123 -3.4917359 4294901760
-4.0189834 11.482833 -3.52267 4294901760
-5.1074715 12.58448 -3.4561768 4294901760
-4.5173898 15.260223 -3.4970517 4294901760
-7.4759221 18.420191 -3.4549398 4294901760
-5.8475604 16.70735 -3.4807055 4294901760
-8.9732208 19.339979 -3.452317 4294901760
-6.539 22.089437 -3.4302955 4294901760
-1.1536299 3.3333671 -3.5228148 4294901760
-2.141216 5.3291316 -3.5117691 4294901760
-2.6156428 7.5577941 -3.5271456 4294901760
-3.6957293 9.1980581 -3.4935486 4294901760
-3.9814684 11.504292 -3.52354 4294901760
-5.066474 12.609614 -3.4568949 4294901760
-4.4663234 15.283545 -3.4975529 4294901760
-7.402647 18.423962 -3.4526591 4294901760
-5.7905045 16.73143 -3.4807432 4294901760
-8.895648 19.349426 -3.4501874 4294901760
-6.458487 22.100634 -3.4289927 4294901760
-8.6497974 24.99324 -3.5185099 4294901760
-1.1431617 3.3408034 -3.5244787 4294901760
-2.1211784 5.3329935 -3.5105498 4294901760
-2.5867074 7.5594559 -3.5253386 4294901760
-3.6665232 9.2182465 -3.4946997 4294901760
-3.9438589 11.525628 -3.5244081 4294901760
-5.0224304 12.627221 -3.4566643 4294901760
-4.417366 15.314349 -3.4988816 4294901760
-7.3294463 18.427443 -3.4503765 4294901760
-5.7294884 16.743996 -3.4796693 4294901760
-8.8214369 19.365828 -3.4486597 4294901760
-6.390161 22.153734 -3.4307203 4294901760
-8.572854 25.053514 -3.5200391 4294901760
-1.1326554 3.348207 -3.5261421 4294901760
-2.102551 5.3403649 -3.5104516 4294901760
-2.5577915 7.561007 -3.523531 4294901760
-3.6386688 9.2420206 -3.4965088 4294901760
-3.9048762 11.543082 -3.5247252 4294901760
-4.9841528 12.659477 -3.4583254 4294901760
-4.3617039 15.322011 -3.497719 4294901760
-7.2533879 18.42321 -3.4474435 4294901760
-5.6786742 16.786551 -3.48155 4294901760
-8.7570705 19.403774 -3.4489408 4294901760
-6.3040495 22.14518 -3.4280336 4294901760
-8.5339947 25.227072 -3.5291698 4294901760
-1.1198106 3.3487027 -3.524344 4294901760
-2.0866926 5.3548503 -3.5125959 4294901760
-2.5338693 7.5773306 -3.5250337 4294901760
-3.6078186 9.2583494 -3.4969971 4294901760
-3.8645566 11.556643 -3.5244918 4294901760
-4.9384847 12.673093 -3.457617 4294901760
-4.314652 15.36015 -3.499872 4294901760
-7.1788874 18.422392 -3.444833 4294901760
-5.6187749 16.802492 -3.4808409 4294901760
-8.6778755 19.408718 -3.446502 4294901760
-6.224545 22.159365 -3.4269986 4294901760
-8.464879 25.313536 -3.5324614 4294901760
-1.1086673 3.3562264 -3.5260026 4294901760
-2.0670531 5.362462 -3.512491 4294901760
-2.5060816 7.5865664 -3.5248716 4294901760
-3.5767057 9.2788858 -3.4981344 4294901760
-3.8283992 11.589568 -3.526989 4294901760
-4.8977275 12.705952 -3.4592617 4294901760
-4.2562022 15.368185 -3.4986885 4294901760
-7.1170621 18.46347 -3.4457681 4294901760
-5.552155 16.807829 -3.4790044 4294901760
-8.6034536 19.433092 -3.4455535 4294901760
-6.1454201 22.189724 -3.427038 4294901760
-8.3707962 25.340597 -3.531667 4294901760
-1.098117 3.3596933 -3.5259409 4294901760
-2.050195 5.3689299 -3.5124004 4294901760
-2.4810145 7.5906734 -3.5239041 4294901760
-3.5531759 9.3048477 -3.5006154 4294901760
-3.7944329 11.609082 -3.5278728 4294901760
-4.8648767 12.739852 -3.4614129 4294901760
-4.2089477 15.385322 -3.4987974 4294901760
-7.0604415 18.489468 -3.4457798 4294901760
-5.5092287 16.855507 -3.4816494 4294901760
-8.553586 19.485615 -3.4473674 4294901760
-6.0588145 22.147295 -3.4221911 4294901760
-8.2886572 25.359179 -3.5306938 4294901760
-1.0852692 3.3600557 -3.5241416 4294901760
-2.0287192 5.3688469 -3.5100558 4294901760
-2.4520936 7.5918221 -3.5220931 4294901760
-3.5206759 9.317193 -3.5004394 4294901760
-3.7563281 11.629807 -3.5287313 4294901760
-4.8260021 12.771637 -3.4630644 4294901760
-4.1624827 15.426835 -3.5013566 4294901760
-6.9930406 18.506535 -3.4447825 4294901760
-5.4552627 16.889807 -3.4827797 4294901760
-8.4839287 19.51169 -3.4467311 4294901760
-6.0033178 22.249269 -3.4274802 4294901760
-8.1878138 25.349939 -3.5276396 4294901760
-1.0707443 3.3571033 -3.5206079 4294901760
-2.0090289 5.376246 -3.5099485 4294901760
-2.4266367 7.6082311 -3.5235827 4294901760
-3.4878883 9.3337364 -3.5009127 4294901760
-3.7160916 11.651058 -3.5295758 4294901760
-4.7722011 12.770612 -3.4604442 4294901760
-4.1181974 15.488176 -3.5059669 4294901760
-6.9112 18.494663 -3.4411745 4294901760
-5.3945365 16.913485 -3.4827816 4294901760
-8.3981571 19.509655 -3.4436624 4294901760
-5.9340491 22.317434 -3.4302614 4294901760
-8.0972795 25.387392 -3.5275948 4294901760
-1.0617852 3.3675508 -3.5240018 4294901760
-1.989852 5.3792667 -3.508729 4294901760
-2.4025714 7.6199794 -3.5242598 4294901760
-3.452801 9.3341303 -3.498765 4294901760
-3.6738524 11.651965 -3.5276999 4294901760
-4.7325821 12.793828 -3.4611576 4294901760
-4.0637779 15.490191 -3.5043943 4294901760
-6.8442898 18.502512 -3.4395428 4294901760
-5.3336205 16.916075 -3.4809709 4294901760
-8.319314 19.504353 -3.4406254 4294901760
-5.8610163 22.340853 -3.4300609 4294901760
-7.9986267 25.368391 -3.524056 4294901760
-1.0478684 3.3643141 -3.5204713 4294901760
-1.9737111 5.3934135 -3.5108681 4294901760
-2.3759596 7.6283193 -3.5241005 4294901760
-3.4174829 9.3387012 -3.4972668 4294901760
-3.6343391 11.668506 -3.5280044 4294901760
-4.6988311 12.840146 -3.4646945 4294901760
-4.0086875 15.500424 -3.5036309 4294901760
-6.7824073 18.533781 -3.4398334 4294901760
-5.2769141 16.942202 -3.481355 4294901760
-8.2496319 19.529596 -3.4399819 4294901760
-5.7839999 22.36504 -3.4298322 4294901760
-7.900528 25.365644 -3.5215011 4294901760
-1.0355296 3.3681324 -3.5203969 4294901760
-1.9552393 5.4042344 -3.5118797 4294901760
-2.3502877 7.6444745 -3.5255861 4294901760
-3.3872638 9.3623152 -3.499054 4294901760
-3.5938766 11.689335 -3.5288434 4294901760
-4.6530881 12.861023 -3.464906 4294901760
-3.9528286 15.518874 -3.5036762 4294901760
-6.717144 18.566023 -3.4401035 4294901760
-5.20892 16.942375 -3.4791358 4294901760
-8.1702919 19.541288 -3.4381123 4294901760
-5.7039552 22.393827 -3.4298501 4294901760
-7.8415408 25.505159 -3.5282748 4294901760
-1.0243555 3.3715475 -3.5203292 4294901760
-1.9334129 5.3998084 -3.5084157 4294901760
-2.3249261 7.6522255 -3.5254326 4294901760
-3.3628621 9.3921022 -3.5021756 4294901760
-3.5574028 11.70878 -3.5297048 4294901760
-4.6144381 12.887615 -3.4660857 4294901760
-3.9042575 15.543485 -3.5045824 4294901760
-6.6501622 18.573168 -3.4384651 4294901760
-5.1538706 16.963369 -3.4791639 4294901760
-8.0993385 19.55352 -3.4365764 4294901760
-5.6355038 22.435858 -3.431015 4294901760
-7.7093153 25.374319 -3.517396 4294901760
-1.0115377 3.3716307 -3.5185275 4294901760
-1.9145509 5.4065256 -3.5083098 4294901760
-2.2981987 7.660295 -3.5252697 4294901760
-3.3313737 9.4075098 -3.50265 4294901760
-3.5142264 11.713527 -3.5283592 4294901760
-4.5747299 12.918641 -3.4677236 4294901760
-3.8576267 15.587947 -3.5075376 4294901760
-6.5799561 18.581224 -3.4368067 4294901760
-5.0980582 16.992714 -3.4799094 4294901760
-8.0280008 19.574289 -3.4356234 4294901760
-5.5504332 22.428261 -3.4285781 4294901760
-7.6183915 25.393421 -3.5163503 4294901760
-1.0002013 3.3787918 -3.5201817 4294901760
-1.8972659 5.4207778 -3.5104399 4294901760
-2.2701049 7.6686678 -3.5250976 4294901760
-3.2942576 9.4121962 -3.5011373 4294901760
-3.4701412 11.722525 -3.5275478 4294901760
-4.5326028 12.950336 -3.469346 4294901760
-3.8061199 15.625201 -3.5096438 4294901760
-6.5052142 18.586388 -3.4348042 4294901760
-5.0402646 17.026577 -3.4810023 4294901760
-7.9546976 19.599884 -3.4349513 4294901760
-5.4719672 22.463976 -3.4291353 4294901760
-7.567215 25.562897 -3.5251284 4294901760
-0.98840177 3.3822625 -3.5201089 4294901760
-1.8808528 5.4346476 -3.5125742 4294901760
-2.2444243 7.6803102 -3.5257595 4294901760
-3.2575071 9.4124336 -3.4989738 4294901760
-3.4280901 11.730757 -3.5267477 4294901760
-4.4873724 12.96608 -3.4690888 4294901760
-3.7487707 15.626772 -3.5080419 4294901760
-6.4363837 18.597668 -3.433465 4294901760
-4.9830403 17.05172 -3.4813733 4294901760
-7.8713541 19.59049 -3.4315836 4294901760
-5.4009762 22.514 -3.4308128 4294901760
-7.4700994 25.562315 -3.5228105 4294901760
-0.97315979 3.3715892 -3.5131209 4294901760
-1.8603264 5.4335651 -3.5102291 4294901760
-2.2211201 7.6952462 -3.5272555 4294901760
-3.2275586 9.4269218 -3.4994538 4294901760
-3.3935747 11.757308 -3.5286984 4294901760
-4.445642 12.98465 -3.4693151 4294901760
-3.6932683 15.623611 -3.5060427 4294901760
-6.3720956 18.611357 -3.4324653 4294901760
-4.9297876 17.079639 -3.4821286 4294901760
-7.8048749 19.612772 -3.4309421 4294901760
-5.326293 22.531784 -3.4303162 4294901760
-7.3886199 25.598459 -3.5230429 4294901760
-0.96535659 3.388912 -3.5199659 4294901760
-1.8388768 5.4327297 -3.5078781 4294901760
-2.1920941 7.6954098 -3.5254345 4294901760
-3.2009656 9.4568501 -3.5025575 4294901760
-3.3546846 11.776717 -3.5295386 4294901760
-4.4092116 13.026461 -3.4723606 4294901760
-3.6387053 15.63641 -3.5056782 4294901760
-6.3109231 18.644827 -3.4330604 4294901760
-4.86795 17.089077 -3.4810202 4294901760
-7.7290459 19.621332 -3.429076 4294901760
-5.2421737 22.526907 -3.4281442 4294901760
-7.3003073 25.627939 -3.5227387 4294901760
-0.95254093 3.3887706 -3.5181623 4294901760
-1.8223476 5.4464207 -3.5100098 4294901760
-2.1652205 7.7030134 -3.5252664 4294901760
-3.1704466 9.475462 -3.5036833 4294901760
-3.3124843 11.784532 -3.5287335 4294901760
-4.3637176 13.04177 -3.4720972 4294901760
-3.5876615 15.664545 -3.5069654 4294901760
-6.2470732 18.670525 -3.4330065 4294901760
-4.8104291 17.113638 -3.4813836 4294901760
-7.6561613 19.637032 -3.4278092 4294901760
-5.159946 22.529497 -3.4265189 4294901760
-7.2097292 25.649416 -3.5219264 4294901760
-0.94420534 3.4023907 -3.5232799 4294901760
-1.8042752 5.452435 -3.5099044 4294901760
-2.1386132 7.7063723 -3.5242791 4294901760
-3.1352797 9.4746675 -3.5015247 4294901760
-3.2733839 11.795454 -3.5284874 4294901760
-4.321691 13.059947 -3.4723175 4294901760
-3.5374446 15.684127 -3.5074415 4294901760
-6.1788521 18.672201 -3.4310308 4294901760
-4.7600441 17.15255 -3.4832361 4294901760
-7.5852437 19.647419 -3.4262576 4294901760
-5.0948658 22.589336 -3.4290314 4294901760
-7.1235571 25.669336 -3.5211387 4294901760
-0.92945224 3.3951759 -3.5180168 4294901760
-1.7852327 5.4586987 -3.509793 4294901760
-2.1127377 7.7175736 -3.5249355 4294901760
-3.0985038 9.4742823 -3.4993558 4294901760
-3.2321928 11.806807 -3.5282271 4294901760
-4.2760792 13.07495 -3.4720502 4294901760
-3.4818158 15.692492 -3.5066574 4294901760
-6.1099186 18.682274 -3.4296799 4294901760
-4.6969876 17.157524 -3.4817529 4294901760
-7.5194693 19.681232 -3.4264903 4294901760
-5.0125279 22.591387 -3.4274004 4294901760
-7.0254788 25.663221 -3.5185547 4294901760
-0.91570592 3.3913996 -3.5144827 4294901760
-1.764984 5.4612317 -3.5085602 4294901760
-2.0878317 7.7324739 -3.526417 4294901760
-3.0654156 9.4850397 -3.4991608 4294901760
-3.1909621 11.818017 -3.5279651 4294901760
-4.2340851 13.101149 -3.4731977 4294901760
-3.4363613 15.747352 -3.510829 4294901760
-6.0422182 18.695892 -3.4286499 4294901760
-4.6349931 17.166117 -3.4806359 4294901760
-7.4549623 19.718561 -3.4270205 4294901760
-4.9379005 22.628252 -3.4282334 4294901760
-6.9483562 25.733866 -3.5210102 4294901760
-0.90759218 3.4085884 -3.5213239 4294901760
-1.7447367 5.4636908 -3.5073266 4294901760
-2.0598159 7.7359252 -3.5254183 4294901760
-3.0358922 9.506979 -3.5009394 4294901760
-3.1496863 11.829084 -3.5277014 4294901760
-4.1895337 13.119639 -3.4733984 4294901760
-3.3838735 15.770932 -3.511692 4294901760
-5.9769154 18.716873 -3.4282629 4294901760
-4.5832448 17.213013 -3.4831972 4294901760
-7.3832836 19.736988 -3.4260442 4294901760
-4.8672538 22.684397 -3.4304326 4294901760
-6.8543658 25.742523 -3.519428 4294901760
-0.89601368 3.4153979 -3.5229728 4294901760
-1.7223841 5.4627008 -3.5049663 4294901760
-2.0294597 7.7358336 -3.5235834 4294901760
-3.0010288 9.5180416 -3.5007317 4294901760
-3.1083262 11.848224 -3.5285177 4294901760
-4.14501 13.146284 -3.4745276 4294901760
-3.3260515 15.783228 -3.5112946 4294901760
-5.9058781 18.731041 -3.4272087 4294901760
-4.5201292 17.229692 -3.4827921 4294901760
-7.3178229 19.782633 -3.4271505 4294901760
-4.7865543 22.713804 -3.4306824 4294901760
-6.7630162 25.779062 -3.5195777 4294901760
-0.8855902 3.4218607 -3.5246286 4294901760
-1.7076966 5.4794154 -3.508219 4294901760
-2.0067418 7.7539139 -3.5258965 4294901760
-2.9753273 9.5468102 -3.5038331 4294901760
-3.0700099 11.86231 -3.5288112 4294901760
-4.104939 13.171349 -3.4756818 4294901760
-3.2696481 15.774673 -3.5088687 4294901760
-5.8425388 18.746714 -3.4265134 4294901760
-4.4599671 17.233011 -3.4813194 4294901760
-7.2521758 19.806795 -3.4267886 4294901760
-4.7120109 22.733465 -3.4304361 4294901760
-6.6744823 25.789749 -3.5182703 4294901760
-0.87364107 3.4249306 -3.5245512 4294901760
-1.6874273 5.4816608 -3.5069833 4294901760
-1.9786955 7.7570701 -3.5248947 4294901760
-2.9431493 9.560914 -3.5042901 4294901760
-3.0295677 11.876799 -3.5290899 4294901760
-4.0566006 13.177996 -3.4744613 4294901760
-3.216157 15.793795 -3.5093124 4294901760
-5.7723742 18.75174 -3.424829 4294901760
-4.3997893 17.248472 -3.4809291 4294901760
-7.1639662 19.779444 -3.4221983 4294901760
-4.635819 22.765423 -3.4309802 4294901760
-6.584425 25.812887 -3.5176864 4294901760
-0.86019808 3.4245942 -3.5227404 4294901760
-1.6662035 5.4841237 -3.5057411 4294901760
-1.9483379 7.7566628 -3.5230572 4294901760
-2.9046376 9.5602922 -3.5021038 4294901760
-2.9860132 11.887823 -3.528806 4294901760
-4.0071139 13.188971 -3.4736967 4294901760
-3.1590247 15.809383 -3.5093217 4294901760
-5.7024417 18.768953 -3.4240899 4294901760
-4.3433347 17.29155 -3.4830906 4294901760
-7.0819988 19.779264 -3.4196906 4294901760
-4.5562553 22.801844 -3.4317665 4294901760
-6.4829526 25.809732 -3.5153077 4294901760
-0.84796625 3.4239089 -3.5209372 4294901760
-1.649117 5.4933081 -3.5067506 4294901760
-1.9235499 7.7668886 -3.5237148 4294901760
-2.8683748 9.5547295 -3.4992793 4294901760
-2.9503934 11.913067 -3.5307357 4294901760
-3.9679325 13.217422 -3.4753168 4294901760
-3.1127241 15.851034 -3.5122552 4294901760
-5.6482053 18.814512 -3.4259672 4294901760
-4.2898073 17.321337 -3.4841855 4294901760
-7.0230389 19.821449 -3.4208231 4294901760
-4.4852381 22.840336 -3.432878 4294901760
-6.4040561 25.858227 -3.5165079 4294901760
-0.83858609 3.4374139 -3.5260446 4294901760
-1.631025 5.5027246 -3.5077531 4294901760
-1.8954948 7.7697453 -3.5227103 4294901760
-2.8372488 9.5722628 -3.5003903 4294901760
-2.9125495 11.938712 -3.5326495 4294901760
-3.9217672 13.231193 -3.475034 4294901760
-3.0588777 15.869626 -3.512691 4294901760
-5.5836248 18.83794 -3.4258873 4294901760
-4.2293139 17.336206 -3.4837871 4294901760
-6.9590807 19.860914 -3.4216328 4294901760
-4.4107676 22.883303 -3.434231 4294901760
-6.3241625 25.923115 -3.5186796 4294901760
-0.82488912 3.4332702 -3.5225079 4294901760
-1.6139716 5.5157781 -3.5098748 4294901760
-1.8683635 7.7763138 -3.5225308 4294901760
-2.8071501 9.5934887 -3.5021577 4294901760
-2.8708603 11.948806 -3.5323737 4294901760
-3.8766775 13.248618 -3.4752209 4294901760
-3.002727 15.876292 -3.5118876 4294901760
-5.525682 18.884121 -3.4277377 4294901760
-4.1678457 17.346987 -3.4830194 4294901760
-6.8871017 19.877541 -3.4206381 4294901760
-4.3382883 22.937794 -3.4363995 4294901760
-6.2364402 25.956682 -3.5188351 4294901760
-0.81373507 3.4396563 -3.5241568 4294901760
-1.5947092 5.5213776 -3.5097556 4294901760
-1.8394035 7.7751546 -3.5206993 4294901760
-2.7703571 9.591835 -3.4999774 4294901760
-2.828223 11.954893 -3.5315497 4294901760
-3.8381352 13.288814 -3.4782341 4294901760
-2.9494729 15.898426 -3.5127313 4294901760
-5.4630561 18.914793 -3.4282959 4294901760
-4.1081896 17.365309 -3.4829841 4294901760
-6.8254399 19.924116 -3.4220412 4294901760
-4.2618403 22.972427 -3.4371972 4294901760
-6.145802 25.978292 -3.5182326 4294901760
-0.7984336 3.4283533 -3.5171628 4294901760
-1.5764809 5.5306153 -3.5107553 4294901760
-1.8131397 7.7853484 -3.5213432 4294901760
-2.7422738 9.6204548 -3.5030568 4294901760
-2.7864726 11.964693 -3.531271 4294901760
-3.7917218 13.302132 -3.4779451 4294901760
-2.8939552 15.908626 -3.5123358 4294901760
-5.4013686 18.9491 -3.429173 4294901760
-4.0466399 17.375662 -3.4822118 4294901760
-6.7571263 19.951603 -3.4219408 4294901760
-4.1866231 23.014668 -3.4385374 4294901760
-6.0559835 26.003479 -3.5178778 4294901760
-0.788082 3.4381862 -3.520539 4294901760
-1.5561239 5.5323763 -3.5095148 4294901760
-1.7877069 7.7992759 -3.5228119 4294901760
-2.7097473 9.6337719 -3.5035038 4294901760
-2.7464662 11.98208 -3.5320835 4294901760
-3.7409611 13.299972 -3.4757698 4294901760
-2.8391082 15.92255 -3.5123503 4294901760
-5.3330336 18.960154 -3.4281151 4294901760
-3.9877474 17.397449 -3.4825389 4294901760
-6.6785741 19.94857 -3.4194381 4294901760
-4.1104717 23.052729 -3.4396002 4294901760
-5.9678597 26.036139 -3.5180218 4294901760
-0.7768724 3.4444528 -3.5221865 4294901760
-1.5368013 5.537775 -3.5093932 4294901760
-1.7587433 7.7978163 -3.5209773 4294901760
-2.6782143 9.6507902 -3.504607 4294901760
-2.7072401 12.003207 -3.5334408 4294901760
-3.6976995 13.324447 -3.476891 4294901760
-2.7841923 15.936287 -3.5123627 4294901760
-5.264679 18.970966 -3.4270549 4294901760
-3.925236 17.403488 -3.481395 4294901760
-6.6088948 19.971762 -3.4190323 4294901760
-4.0347824 23.094471 -3.440932 4294901760
-5.8822064 26.080193 -3.5189147 4294901760
-0.76484501 3.4471436 -3.522105 4294901760
-1.5174626 5.5431051 -3.5092711 4294901760
-1.7289659 7.7924199 -3.518317 4294901760
-2.6424248 9.6524544 -3.5030794 4294901760
-2.6661868 12.016459 -3.5337033 4294901760
-3.6511686 13.337272 -3.4765968 4294901760
-2.7319093 15.965535 -3.5140207 4294901760
-5.2015905 19.000772 -3.4276013 4294901760
-3.8627388 17.409298 -3.4802494 4294901760
-6.5354209 19.983324 -3.4177244 4294901760
-3.9615567 23.151711 -3.4433506 4294901760
-5.7946005 26.116165 -3.5193017 4294901760
-0.75246412 3.442446 -3.5185752 4294901760
-1.5010474 5.5515628 -3.5102799 4294901760
-1.7053157 7.8016443 -3.5189755 4294901760
-2.6151845 9.6721544 -3.5048583 4294901760
-2.6267304 12.017021 -3.5323536 4294901760
-3.6082149 13.344836 -3.4758596 4294901760
-2.6830604 15.981893 -3.5144806 4294901760
-5.1439586 19.024721 -3.4278655 4294901760
-3.8063276 17.413557 -3.4791434 4294901760
-6.4701557 19.996161 -3.4167552 4294901760
-3.8947582 23.199482 -3.4452775 4294901760
-5.7116771 26.130337 -3.5184922 4294901760
-0.73923975 3.4453101 -3.5184846 4294901760
-1.4777365 5.5498419 -3.5079048 4294901760
-1.6745224 7.8043008 -3.5179455 4294901760
-2.5790417 9.6859446 -3.5052781 4294901760
-2.5855608 12.050298 -3.5353153 4294901760
-3.5600147 13.370123 -3.4769447 4294901760
-2.6223149 15.99601 -3.5144453 4294901760
-5.0626535 19.013489 -3.4248257 4294901760
-3.7436142 17.447536 -3.4805198 4294901760
-6.3908954 20.013254 -3.4157012 4294901760
-3.8095207 23.237913 -3.4462643 4294901760
-5.6154857 26.171604 -3.5190594 4294901760
-0.72496343 3.4372282 -3.5132179 4294901760
-1.4583534 5.5549669 -3.5077803 4294901760
-1.648887 7.8177752 -3.5194085 4294901760
-2.5492277 9.7101803 -3.5076892 4294901760
-2.5426595 12.055368 -3.5344801 4294901760
-3.5112991 13.374776 -3.4757035 4294901760
-2.5670886 16.008997 -3.5144484 4294901760
-4.9992876 19.042625 -3.425364 4294901760
-3.6917334 17.503408 -3.4841347 4294901760
-6.3101816 20.001179 -3.4125886 4294901760
-3.7321692 23.274727 -3.4473059 4294901760
-5.5331564 26.234043 -3.5211887 4294901760
-0.71517056 3.4503865 -3.5183189 4294901760
-1.440888 5.5674806 -3.5098937 4294901760
-1.6200011 7.8157997 -3.51757 4294901760
-2.5163145 9.7228451 -3.5081272 4294901760
-2.5005713 12.064168 -3.5341895 4294901760
-3.4646003 13.386949 -3.4754021 4294901760
-2.5124362 16.02573 -3.5148611 4294901760
-4.9278007 19.040642 -3.4233277 4294901760
-3.6298158 17.512281 -3.4833462 4294901760
-6.2332134 20.000214 -3.4103734 4294901760
-3.6496816 23.27972 -3.4461646 4294901760
-5.4342709 26.217993 -3.5183017 4294901760
-0.70384449 3.4564145 -3.519963 4294901760
-1.4214436 5.5724764 -3.5097675 4294901760
-1.5927067 7.8214073 -3.5173807 4294901760
-2.4784496 9.7162504 -3.5052795 4294901760
-2.4600244 12.0806 -3.5349891 4294901760
-3.4198122 13.406669 -3.4760401 4294901760
-2.4582856 16.046213 -3.5156827 4294901760
-4.8603144 19.053862 -3.4225752 4294901760
-3.5694549 17.528753 -3.4832888 4294901760
-6.1610074 20.014223 -3.409354 4294901760
-3.5720198 23.316002 -3.4471986 4294901760
-5.3522768 26.283772 -3.5206721 4294901760
-0.69298309 3.4586084 -3.5198874 4294901760
-1.4039314 5.5769148 -3.5096536 4294901760
-1.5673583 7.8225265 -3.5163848 4294901760
-2.4498444 9.7316532 -3.5063941 4294901760
-2.4205034 12.080487 -3.5336332 4294901760
-3.3815637 13.432774 -3.4776478 4294901760
-2.4131825 16.089304 -3.5190108 4294901760
-4.8092022 19.103861 -3.4250765 4294901760
-3.5175059 17.555515 -3.4843707 4294901760
-6.0934548 20.018204 -3.4077756 4294901760
-3.5076423 23.386345 -3.4507391 4294901760
-5.2712531 26.30829 -3.5205977 4294901760
-0.6802054 3.4574494 -3.5180755 4294901760
-1.3853815 5.5855198 -3.5106452 4294901760
-1.5415552 7.8356466 -3.517843 4294901760
-2.4168086 9.7439833 -3.5068285 4294901760
-2.3790827 12.092756 -3.5338838 4294901760
-3.3336926 13.440636 -3.4768701 4294901760
-2.3610404 16.125214 -3.5214717 4294901760
-4.7415218 19.116659 -3.4243186 4294901760
-3.4608171 17.591158 -3.4861398 4294901760
-6.0212374 20.031706 -3.4067519 4294901760
-3.4259813 23.398447 -3.4501319 4294901760
-5.1832361 26.346127 -3.5212064 4294901760
-0.66684103 3.4563599 -3.5162587 4294901760
-1.3621579 5.5793343 -3.5071535 4294901760
-1.5143099 7.848948 -3.5192902 4294901760
-2.3810763 9.7527752 -3.5065935 4294901760
-2.3317347 12.085812 -3.5313897 4294901760
-3.2834611 13.4489 -3.4760754 4294901760
-2.3007932 16.125874 -3.5202081 4294901760
-4.6723652 19.137787 -3.4241784 4294901760
-3.3970697 17.607639 -3.4860528 4294901760
-5.9386921 20.023027 -3.403909 4294901760
-3.3475246 23.462238 -3.4530272 4294901760
-5.0866313 26.364946 -3.5205276 4294901760
-0.65537626 3.4585524 -3.5161779 4294901760
-1.3427488 5.5800762 -3.5059123 4294901760
-1.4868144 7.8462181 -3.5174575 4294901760
-2.3496487 9.7644615 -3.507036 4294901760
-2.294601 12.109071 -3.5332887 4294901760
-3.2388477 13.459716 -3.4757805 4294901760
-2.2478578 16.13736 -3.5202181 4294901760
-4.6107478 19.160934 -3.4244006 4294901760
-3.3356965 17.60314 -3.4841762 4294901760
-5.8722644 20.04261 -3.4035001 4294901760
-3.2702582 23.477167 -3.4527156 4294901760
-5.00141 26.393446 -3.5206606 4294901760
-0.64329875 3.4608192 -3.5160923 4294901760
-1.3232609 5.5847292 -3.5057828 4294901760
-1.4615653 7.8629298 -3.5197365 4294901760
-2.3173702 9.7802963 -3.5081222 4294901760
-2.2537653 12.124809 -3.5340798 4294901760
-3.1918411 13.47094 -3.4754682 4294901760
-2.19151 16.145107 -3.519794 4294901760
-4.5419903 19.169147 -3.4233143 4294901760
-3.2713106 17.598999 -3.4822762 4294901760
-5.8011522 20.059153 -3.4027681 4294901760
-3.1855962 23.468655 -3.4507396 4294901760
-4.9172721 26.453945 -3.5227571 4294901760
-0.63121504 3.4630435 -3.5160062 4294901760
-1.3081348 5.6080709 -3.5112462 4294901760
-1.4327047 7.8602667 -3.5178926 4294901760
-2.2823205 9.7844763 -3.5072379 4294901760
-2.2121427 12.136507 -3.5343239 4294901760
-3.1457057 13.485872 -3.4756243 4294901760
-2.1356649 16.156607 -3.5197787 4294901760
-4.4768667 19.192657 -3.4235091 4294901760
-3.2141519 17.633842 -3.4840341 4294901760
-5.7376752 20.10231 -3.4041257 4294901760
-3.1062772 23.499424 -3.4514787 4294901760
-4.8227577 26.459158 -3.5213497 4294901760
-0.61848438 3.461657 -3.5141923 4294901760
-1.2859638 5.6013398 -3.5077589 4294901760
-1.4052565 7.8652201 -3.5176961 4294901760
-2.250803 9.8039398 -3.5089774 4294901760
-2.1704595 12.148061 -3.5345659 4294901760
-3.0994985 13.500648 -3.4757783 4294901760
-2.0777268 16.152117 -3.5181186 4294901760
-4.4151964 19.231503 -3.424984 4294901760
-3.15608 17.664579 -3.4854228 4294901760
-5.6717939 20.137585 -3.404882 4294901760
-3.0288091 23.545771 -3.4533 4294901760
-4.7261462 26.452238 -3.5191901 4294901760
-0.60827506 3.4745073 -3.5192869 4294901760
-1.2672564 5.609551 -3.5087454 4294901760
-1.3777987 7.8700767 -3.517499 4294901760
-2.216574 9.8117352 -3.5087469 4294901760
-2.1259973 12.143837 -3.5326259 4294901760
-3.0532393 13.515262 -3.4759305 4294901760
-2.0228264 16.171122 -3.5189207 4294901760
-4.3524494 19.266256 -3.4261348 4294901760
-3.0957873 17.683342 -3.4857111 4294901760
-5.6046863 20.168795 -3.4053361 4294901760
-2.9481037 23.568085 -3.4534883 4294901760
-4.6386223 26.496115 -3.5202744 4294901760
-0.59430408 3.4658899 -3.5140183 4294901760
-1.2459947 5.60642 -3.506376 4294901760
-1.3476647 7.8593736 -3.5140045 4294901760
-2.1797359 9.8078384 -3.5065465 4294901760
-2.0822499 12.143362 -3.5312297 4294901760
-3.0077651 13.533601 -3.4765503 4294901760
-1.9711676 16.217623 -3.5225935 4294901760
-4.2860308 19.285229 -3.4259999 4294901760
-3.0360584 17.705828 -3.4863625 4294901760
-5.538465 20.203636 -3.4060855 4294901760
-2.8648474 23.570303 -3.4523158 4294901760
-4.5487981 26.527893 -3.5206053 4294901760
-0.58520234 3.4858196 -3.5225651 4294901760
-1.2280606 5.6182613 -3.5084794 4294901760
-1.321519 7.871767 -3.5154536 4294901760
-2.1446402 9.8115273 -3.5056574 4294901760
-2.0398459 12.150558 -3.5309224 4294901760
-2.9622009 13.551789 -3.4771683 4294901760
-1.9122075 16.204628 -3.5201066 4294901760
-4.2195339 19.30397 -3.4258621 4294901760
-2.9755509 17.724182 -3.4866457 4294901760
-5.4762383 20.253675 -3.4080257 4294901760
-2.7816124 23.572227 -3.4511411 4294901760
-4.4627771 26.583004 -3.522429 4294901760
-0.57244396 3.4842637 -3.5207498 4294901760
-1.2092524 5.6262798 -3.5094635 4294901760
-1.2940348 7.8763313 -3.5152535 4294901760
-2.1112111 9.8228178 -3.5060792 4294901760
-1.9980656 12.161518 -3.5311584 4294901760
-2.9173882 13.573711 -3.4782536 4294901760
-1.8560874 16.21516 -3.5200803 4294901760
-4.1554828 19.334187 -3.4266829 4294901760
-2.915606 17.746262 -3.4872913 4294901760
-5.4044814 20.268808 -3.4072757 4294901760
-2.6997721 23.585762 -3.4507775 4294901760
-4.3699632 26.598417 -3.5217533 4294901760
-0.56027722 3.4862406 -3.5206609 4294901760
-1.1911967 5.6380043 -3.511565 4294901760
-1.2671536 7.8846731 -3.5158761 4294901760
-2.0777249 9.8339949 -3.5064995 4294901760
-1.9562284 12.172337 -3.5313928 4294901760
-2.8691638 13.579922 -3.4774587 4294901760
-1.7999095 16.2255 -3.5200522 4294901760
-4.0995116 19.403231 -3.4307034 4294901760
-2.8536377 17.75633 -3.4868386 4294901760
-5.3407969 20.314577 -3.4089103 4294901760
-2.622263 23.638702 -3.4531212 4294901760
-4.2770839 26.61351 -3.5210745 4294901760
-0.54693443 3.4846895 -3.5188403 4294901760
-1.1666133 5.6234741 -3.505832 4294901760
-1.23764 7.8853898 -3.5148404 4294901760
-2.0432751 9.8492823 -3.5075619 4294901760
-1.911604 12.179424 -3.5310652 4294901760
-2.8201823 13.594239 -3.4775846 4294901760
-1.741281 16.239908 -3.5204098 4294901760
-4.0316138 19.433752 -3.4314933 4294901760
-2.7959599 17.813932 -3.4907434 4294901760
-5.2703123 20.349472 -3.4096229 4294901760
-2.5351846 23.644182 -3.4521766 4294901760
-4.1751823 26.601387 -3.5186141 4294901760
-0.53598487 3.4863904 -3.5187597 4294901760
-1.148942 5.6271114 -3.5057096 4294901760
-1.2134587 7.8931155 -3.515481 4294901760
-2.0123246 9.8556538 -3.5073473 4294901760
-1.8727311 12.181447 -3.5302386 4294901760
-2.778259 13.60693 -3.4777577 4294901760
-1.6906683 16.24926 -3.5204215 4294901760
-3.9753342 19.46978 -3.4329906 4294901760
-2.740591 17.826567 -3.490696 4294901760
-5.2113037 20.385265 -3.4106996 4294901760
-2.4633756 23.675863 -3.4532216 4294901760
-4.0982723 26.657801 -3.5207379 4294901760
-0.52327257 3.4846551 -3.5169432 4294901760
-1.1285338 5.6273112 -3.5044551 4294901760
-1.1841496 7.8856668 -3.5128069 4294901760
-1.9747986 9.8471174 -3.5044858 4294901760
-1.8307846 12.191834 -3.5304682 4294901760
-2.7354333 13.63994 -3.4802425 4294901760
-1.6339333 16.255062 -3.5199771 4294901760
-3.91362 19.514839 -3.4350774 4294901760
-2.6777515 17.832083 -3.4898701 4294901760
-5.1362076 20.387848 -3.4090433 4294901760
-2.3819082 23.696234 -3.4533861 4294901760
-4.0069666 26.683792 -3.5207958 4294901760
-0.51163226 3.4900475 -3.518579 4294901760
-1.1073967 5.6236572 -3.5020819 4294901760
-1.156618 7.8897524 -3.5126023 4294901760
-1.9404157 9.8539505 -3.5042453 4294901760
-1.787643 12.194225 -3.5296075 4294901760
-2.6878073 13.649405 -3.4799094 4294901760
-1.5791084 16.280485 -3.5215793 4294901760
-3.8431675 19.516632 -3.4336412 4294901760
-2.6201196 17.872879 -3.4923267 4294901760
-5.0650139 20.405651 -3.4085772 4294901760
-2.3034239 23.748125 -3.4557121 4294901760
-0.49841908 3.4846346 -3.5150356 4294901760
-1.0906823 5.6426163 -3.5064149 4294901760
-1.1290685 7.8937416 -3.5123966 4294901760
-1.9060044 9.8606634 -3.5040035 4294901760
-1.7445014 12.196464 -3.5287454 4294901760
-2.6393871 13.6548 -3.4791055 4294901760
-1.5230061 16.293829 -3.5219495 4294901760
-3.7810709 19.561272 -3.4357209 4294901760
-2.5582755 17.885862 -3.4922259 4294901760
-4.997541 20.438719 -3.4093003 4294901760
-2.2197638 23.748068 -3.4545162 4294901760
-0.48675394 3.4899435 -3.5166707 4294901760
-1.0716983 5.6501732 -3.5073934 4294901760
-1.1031345 7.9092884 -3.5146594 4294901760
-1.8701017 9.8594894 -3.5024502 4294901760
-1.7019198 12.202477 -3.5284264 4294901760
-2.5917101 13.66393 -3.4787691 4294901760
-1.464697 16.283178 -3.5198605 4294901760
-3.7187197 19.605715 -3.4377971 4294901760
-2.4996853 17.922321 -3.4943109 4294901760
-4.9289746 20.46768 -3.4097223 4294901760
-2.1382904 23.771582 -3.4549408 4294901760
-0.4745695 3.4916215 -3.5165789 4294901760
-1.0526748 5.6576667 -3.5083711 4294901760
-1.0739361 7.9014311 -3.5119824 4294901760
-1.8378453 9.877615 -3.5041716 4294901760
-1.6609204 12.220139 -3.5297377 4294901760
-2.5461836 13.684624 -3.4798374 4294901760
-1.4081957 16.292162 -3.5198178 4294901760
-3.6582932 19.661728 -3.4408278 4294901760
-2.4408717 17.958591 -3.4963923 4294901760
-4.8667135 20.523602 -3.4122252 4294901760
-2.0566795 23.794813 -3.4553614 4294901760
-0.46237764 3.493257 -3.5164869 4294901760
-1.0329179 5.6613073 -3.5082304 4294901760
-1.0478903 7.9167976 -3.5142426 4294901760
-1.8026428 9.8800831 -3.5032711 4294901760
-1.6218956 12.2534 -3.5332232 4294901760
-2.4991097 13.69734 -3.4799659 4294901760
-1.350325 16.28507 -3.5181353 4294901760
-3.5946467 19.701857 -3.4425757 4294901760
-2.3792114 17.974911 -3.4966476 4294901760
-4.79776 20.55213 -3.4126399 4294901760
-1.9739311 23.80583 -3.454968 4294901760
-0.45064494 3.4984448 -3.5181201 4294901760
-1.0138295 5.6686702 -3.5092063 4294901760
-1.0197498 7.9165168 -3.5132103 4294901760
-1.7709293 9.9018764 -3.5056441 4294901760
-1.5786089 12.25505 -3.5323546 4294901760
-2.4505849 13.702065 -3.4791553 4294901760
-1.2944207 16.301596 -3.5189071 4294901760
-3.5279646 19.726068 -3.443042 4294901760
-2.3179843 17.994965 -3.4972646 4294901760
-4.7233133 20.557077 -3.4112659 4294901760
-1.8927228 23.836456 -3.4559219 4294901760
-0.43752822 3.4928029 -3.5145755 4294901760
-0.99137455 5.6569977 -3.5045953 4294901760
-0.9930827 7.9278131 -3.5146451 4294901760
-1.7336227 9.8924265 -3.5027764 4294901760
-1.5333519 12.240801 -3.52931 4294901760
-2.4013638 13.702702 -3.4778745 4294901760
-1.240519 16.345728 -3.5225396 4294901760
-3.4570141 19.726471 -3.4415894 4294901760
-2.2581241 18.026682 -3.4989717 4294901760
-4.6559224 20.592909 -3.4122694 4294901760
-1.809198 23.83894 -3.454982 4294901760
-0.42533252 3.4943089 -3.5144823 4294901760
-0.97162056 5.6604247 -3.5044527 4294901760
-0.96634918 7.9390182 -3.5160785 4294901760
-1.7010847 9.9101048 -3.5044916 4294901760
-1.4891727 12.234262 -3.5273521 4294901760
-2.3568785 13.7306 -3.4798717 4294901760
-1.1834499 16.349958 -3.5220785 4294901760
-3.3935308 19.769884 -3.4436464 4294901760
-2.1951809 18.034456 -3.4984903 4294901760
-4.5848737 20.612934 -3.41208 4294901760
-1.7256788 23.841125 -3.4540396 4294901760
-0.41398588 3.5029719 -3.5178397 4294901760
-0.95249838 5.6675792 -3.5054266 4294901760
-0.93679512 7.9267607 -3.5125756 4294901760
-1.6658335 9.9120836 -3.5035863 4294901760
-1.4473979 12.247264 -3.528111 4294901760
-2.3082857 13.734818 -3.4790561 4294901760
-1.1269293 16.361935 -3.522433 4294901760
-3.3284822 19.805216 -3.4450612 4294901760
-2.1331639 18.049923 -3.498735 4294901760
-4.505229 20.593712 -3.4089146 4294901760
-1.6435614 23.862938 -3.4544435 4294901760
-0.40134189 3.5007944 -3.5160198 4294901760
-0.93395776 5.6784716 -3.5075166 4294901760
-0.90822423 7.9221897 -3.5107174 4294901760
-1.6318624 9.9217377 -3.5039887 4294901760
-1.4068947 12.271955 -3.5304983 4294901760
-2.2577429 13.727097 -3.4768341 4294901760
-1.0687653 16.349874 -3.5203333 4294901760
-3.2632084 19.840336 -3.4464722 4294901760
-2.0710485 18.065184 -3.4989769 4294901760
-4.4408665 20.64444 -3.4110982 4294901760
-1.5623317 23.90041 -3.4559221 4294901760
-0.39072135 3.5165861 -3.5228269 4294901760
-0.9147436 5.6855006 -3.5084884 4294901760
-0.88099986 7.9292102 -3.5113258 4294901760
-1.5972211 9.9273739 -3.5037358 4294901760
-1.3636132 12.272847 -3.5296235 4294901760
-2.2091837 13.730968 -3.4760156 4294901760
-1.012182 16.361454 -3.520684 4294901760
-3.198374 19.879185 -3.4481983 4294901760
-2.0110619 18.10004 -3.5010359 4294901760
-4.3778648 20.70277 -3.4138715 4294901760
-1.4781592 23.893759 -3.4544318 4294901760
-0.37727961 3.5071151 -3.5175555 4294901760
-0.89429176 5.6848531 -3.507226 4294901760
-0.85373372 7.9361362 -3.5119326 4294901760
-1.563784 9.9406967 -3.5047898 4294901760
-1.3207614 12.277532 -3.5292904 4294901760
-2.1630907 13.750381 -3.4770679 4294901760
-0.95552337 16.372839 -3.5210323 4294901760
-3.130198 19.898111 -3.4483268 4294901760
-1.9482902 18.110912 -3.5009084 4294901760
-4.3136892 20.757013 -3.4163432 4294901760
-1.3959023 23.918707 -3.4550943 4294901760
-0.36564654 3.5083473 -3.5174646 4294901760
-0.8754335 5.687788 -3.507087 4294901760
-0.82659644 7.9311218 -3.510083 4294901760
-1.530808 9.9458284 -3.5045469 4294901760
-1.2820935 12.301578 -3.531688 4294901760
-2.1192918 13.769272 -3.4781358 4294901760
-0.90078163 16.367964 -3.5197685 4294901760
-3.0714748 19.955709 -3.4516652 4294901760
-1.8878033 18.11331 -3.5000758 4294901760
-4.243228 20.76338 -3.415272 4294901760
-1.3170096 23.931179 -3.4549799 4294901760
-0.35303548 3.5059953 -3.5156436 4294901760
-0.85557538 5.6908088 -3.5069401 4294901760
-0.79930139 7.9378619 -3.5106883 4294901760
-1.4966712 9.95502 -3.5049441 4294901760
-1.2403405 12.317822 -3.5329807 4294901760
-2.0718093 13.780518 -3.4782479 4294901760
-0.84446466 16.386919 -3.5209296 4294901760
-3.0000222 19.95447 -3.4501939 4294901760
-1.8253673 18.127722 -3.5003078 4294901760
-4.1754422 20.801548 -3.4165485 4294901760
-1.2336767 23.939615 -3.4545586 4294901760
-0.34114644 3.5108142 -3.5172725 4294901760
-0.83682549 5.7013826 -3.5090253 4294901760
-0.77121043 7.9366989 -3.5096483 4294901760
-1.4619147 9.9601831 -3.5046859 4294901760
-1.1958033 12.306279 -3.5304708 4294901760
-2.0248518 13.795535 -3.4788258 4294901760
-0.78668869 16.377831 -3.5192306 4294901760
-2.9344103 19.992456 -3.4519057 4294901760
-1.7616968 18.130016 -3.4994466 4294901760
-4.1089859 20.847328 -3.4184148 4294901760
-1.1508758 23.959732 -3.454942 4294901760
-0.32855043 3.5083745 -3.5154507 4294901760
-0.81637132 5.7004571 -3.5077605 4294901760
-0.7434994 7.939343 -3.5094295 4294901760
-1.4288167 9.976964 -3.5063882 4294901760
-1.1520959 12.302477 -3.5290461 4294901760
-1.9755528 13.794646 -3.4775312 4294901760
-0.72897869 16.368544 -3.5175307 4294901760
-2.8685603 20.030228 -3.4536138 4294901760
-1.7021129 18.175747 -3.5025802 4294901760
-4.0323935 20.841949 -3.4164202 4294901760
-1.0672272 23.963604 -3.4542456 4294901760
-0.31695345 3.516721 -3.5188034 4294901760
-0.79487091 5.6918263 -3.5042624 4294901760
-0.7161352 7.9457965 -3.5100317 4294901760
-1.3923439 9.9701462 -3.5041656 4294901760
-1.1073669 12.286664 -3.5259924 4294901760
-1.9268413 13.797519 -3.4767027 4294901760
-0.67249399 16.386904 -3.5186849 4294901760
-2.7997324 20.048023 -3.4537265 4294901760
-1.6393769 18.18952 -3.5028038 4294901760
-3.9655776 20.88727 -3.4182792 4294901760
-0.98324978 23.959202 -3.4530091 4294901760
-0.30406103 3.517859 -3.5187006 4294901760
-0.77452129 5.6985188 -3.5052216 4294901760
-0.6859923 7.936645 -3.5073352 4294901760
-1.3568541 9.983016 -3.505198 4294901760
-1.0643736 12.31436 -3.5288892 4294901760
-1.8773255 13.81237 -3.4772568 4294901760
-0.61242431 16.389259 -3.5181813 4294901760
-2.7310653 20.093737 -3.4560375 4294901760
-1.5740665 18.211292 -3.5037255 4294901760
-3.8992124 20.956608 -3.4218867 4294901760
-0.89736068 24.014523 -3.4557655 4294901760
-0.29178029 3.518899 -3.5186026 4294901760
-0.75664806 5.7164621 -3.5095356 4294901760
-0.65796167 7.9350824 -3.5062926 4294901760
-1.3209635 9.9798546 -3.5036275 4294901760
-1.023352 12.341725 -3.5318005 4294901760
-1.8275373 13.80701 -3.4754903 4294901760
-0.5561586 16.419159 -3.5205536 4294901760
-2.663007 20.118969 -3.45678 4294901760
-1.5101621 18.212704 -3.5028548 4294901760
-3.846103 21.080046 -3.4296639 4294901760
-0.81393945 24.029478 -3.4558656 4294901760
-0.28039789 3.5234609 -3.5202334 4294901760
-0.7376886 5.7189398 -3.5093918 4294901760
-0.63226825 7.9450397 -3.507724 4294901760
-1.2883695 9.988101 -3.5040298 4294901760
-0.98179269 12.33714 -3.5303876 4294901760
-1.7807269 13.805107 -3.4742084 4294901760
-0.50195426 16.428879 -3.5209091 4294901760
-2.5983214 20.143518 -3.4575458 4294901760
-1.4478644 18.193766 -3.5001929 4294901760
-3.7761819 21.092684 -3.4291639 4294901760
-0.73474294 24.048014 -3.4562664 4294901760
-0.26809603 3.5244184 -3.5201344 4294901760
-0.71676087 5.7138362 -3.5070078 4294901760
-0.60452884 7.9471989 -3.5075009 4294901760
-1.253002 9.988615 -3.5031106 4294901760
-0.93751484 12.324667 -3.5278721 4294901760
-1.7335134 13.81913 -3.4747756 4294901760
-0.44470701 16.434513 -3.5208304 4294901760
-2.5289795 20.160383 -3.4576457 4294901760
-1.3831331 18.182812 -3.4982307 4294901760
-3.7032161 21.109673 -3.4289312 4294901760
-0.65014064 24.026482 -3.4539449 4294901760
-0.2550056 3.5144856 -3.5148623 4294901760
-0.6982109 5.7277732 -3.5102024 4294901760
-0.57735366 7.9570847 -3.508919 4294901760
-1.2176514 9.9890032 -3.5021906 4294901760
-0.89506483 12.335778 -3.5286086 4294901760
-1.6862305 13.832993 -3.4753406 4294901760
-0.38734058 16.435963 -3.5203424 4294901760
-2.4600439 20.180971 -3.4580607 4294901760
-1.321101 18.207407 -3.499531 4294901760
-3.6328909 21.142136 -3.4298799 4294901760
-0.56664997 24.044573 -3.4543045 4294901760
-0.24248555 3.5117376 -3.5130384 4294901760
-0.6768533 5.7187009 -3.5067022 4294901760
-0.5493024 7.9551377 -3.5078726 4294901760
-1.1832378 9.9971189 -3.5025761 4294901760
-0.85226953 12.342785 -3.5288014 4294901760
-1.6383978 13.842744 -3.4754367 4294901760
-0.33020151 16.449158 -3.5210741 4294901760
-2.3909857 20.201323 -3.4584727 4294901760
-1.2578073 18.215885 -3.4993784 4294901760
-3.5584011 21.150753 -3.429049 4294901760
-0.48238853 24.030432 -3.4525151 4294901760
-0.23069906 3.5197978 -3.5163867 4294901760
-0.65732503 5.7248554 -3.5076637 4294901760
-0.52127177 7.9530935 -3.5068257 4294901760
-1.1478806 9.997262 -3.5016537 4294901760
-0.80969572 12.353605 -3.5295343 4294901760
-1.5914251 13.860233 -3.4764645 4294901760
-0.27264467 16.442247 -3.5197678 4294901760
-2.3222709 20.225405 -3.4591994 4294901760
-1.1952522 18.236078 -3.5003104 4294901760
-3.4890838 21.190619 -3.430583 4294901760
-0.39876202 24.047943 -3.4528685 4294901760
-0.21886095 3.527818 -3.5197344 4294901760
-0.63776481 5.7309432 -3.5086243 4294901760
-0.49399456 7.9626946 -3.5082405 4294901760
-1.1107931 9.9815674 -3.4981186 4294901760
-0.76730841 12.368237 -3.5308075 4294901760
-1.5421573 13.857799 -3.4751565 4294901760
-0.21556516 16.466993 -3.5217164 4294901760
-2.2538679 20.253216 -3.4602404 4294901760
-1.1310993 18.232182 -3.4990656 4294901760
-3.4157326 21.206608 -3.4303381 4294901760
-0.3146126 24.033215 -3.4510753 4294901760
-0.20612229 3.5213225 -3.5161858 4294901760
-0.61775738 5.7331343 -3.5084689 4294901760
-0.4666566 7.9722009 -3.5096536 4294901760
-1.0767932 9.9932432 -3.4991536 4294901760
-0.72274184 12.347073 -3.5272033 4294901760
-1.4946302 13.871004 -3.4757137 4294901760
-0.15785745 16.443748 -3.5187793 4294901760
-2.184444 20.27286 -3.4606428 4294901760
-1.0655904 18.20418 -3.495646 4294901760
-3.3454175 21.242062 -3.4315689 4294901760
-0.23076263 24.038162 -3.4506192 4294901760
-0.19383009 3.5220203 -3.5160844 4294901760
-0.5977425 5.7352562 -3.5083127 4294901760
-0.4392584 7.9816146 -3.5110657 4294901760
-1.0435447 10.012666 -3.5014927 4294901760
-0.6813851 12.381217 -3.5311811 4294901760
-1.4466174 13.880094 -3.4758024 4294901760
-0.10053346 16.456148 -3.5195024 4294901760
-2.1132557 20.276396 -3.4597735 4294901760
-1.0033578 18.231672 -3.4972954 4294901760
-3.2748964 21.277281 -3.4327958 4294901760
-0.14685732 24.038822 -3.4498928 4294901760
-0.18233578 3.5262642 -3.5177116 4294901760
-0.57833219 5.7333736 -3.5070486 4294901760
-0.41298825 7.9869442 -3.5116673 4294901760
-1.0099361 10.012137 -3.5005796 4294901760
-0.63991046 12.375484 -3.5297589 4294901760
-1.3997793 13.8769 -3.474509 4294901760
-0.046013452 16.476305 -3.5210614 4294901760
-2.045599 20.279322 -3.4589295 4294901760
-0.94330037 18.242861 -3.4975197 4294901760
-3.2132275 21.347237 -3.4367056 4294901760
-0.06723468 24.075113 -3.4516077 4294901760
-0.16985025 3.5232582 -3.5158861 4294901760
-0.55831397 5.7353578 -3.5068913 4294901760
-0.3849152 7.9844193 -3.5106158 4294901760
-0.97574449 10.023471 -3.50161 4294901760
-0.59708703 12.385568 -3.5304832 4294901760
-1.3528689 13.897534 -3.4759934 4294901760
0.011495973 16.464418 -3.5193405 4294901760
-1.9744066 20.282368 -3.4580557 4294901760
-0.87845868 18.222151 -3.4948204 4294901760
-3.1427486 21.385969 -3.4382193 4294901760
0.016812848 24.079195 -3.4511421 4294901760
-0.1577117 3.5274513 -3.5175071 4294901760
-0.53900844 5.7449417 -3.5089629 4294901760
-0.35703987 7.9857149 -3.5103838 4294901760
-0.93963963 10.01501 -3.4993763 4294901760
-0.55278295 12.363793 -3.526876 4294901760
-1.30546 13.914052 -3.4770088 4294901760
0.068888366 16.444363 -3.5168056 4294901760
-1.9039631 20.293108 -3.4578135 4294901760
-0.81484121 18.225107 -3.4942911 4294901760
-3.0709062 21.416567 -3.4391384 4294901760
0.10095482 24.098957 -3.4517431 4294901760
-0.14569865 3.5352249 -3.5208511 4294901760
-0.51895559 5.746788 -3.5088038 4294901760
-0.32916787 7.9869127 -3.5101511 4294901760
-0.9050374 10.022164 -3.4997516 4294901760
-0.50995719 12.373577 -3.5275979 4294901760
-1.2572503 13.922484 -3.4770901 4294901760
0.12624756 16.440042 -3.5158956 4294901760
-1.8320527 20.287706 -3.4563017 4294901760
-0.75106722 18.223858 -3.493398 4294901760
-2.9972498 21.435062 -3.4391687 4294901760
0.18527326 24.12641 -3.4528747 4294901760
-0.13321994 3.5320888 -3.5190244 4294901760
-0.49889085 5.7485647 -3.5086443 4294901760
-0.30128419 7.9880123 -3.5099173 4294901760
-0.87107056 10.037077 -3.50143 4294901760
-0.46720761 12.387176 -3.5288587 4294901760
-1.2082965 13.922827 -3.4762373 4294901760
0.18341517 16.419588 -3.5133593 4294901760
-1.7625989 20.309881 -3.4570053 4294901760
-0.68729436 18.222383 -3.4925032 4294901760
-2.9213254 21.437481 -3.4380155 4294901760
0.26904938 24.085684 -3.4494624 4294901760
-0.12101456 3.5361557 -3.5206439 4294901760
-0.47882277 5.7502713 -3.5084841 4294901760
-0.27353477 7.9929357 -3.5105026 4294901760
-0.83603144 10.040056 -3.5011501 4294901760
-0.42478231 12.412526 -3.5317402 4294901760
-1.1593623 13.922997 -3.4753835 4294901760
0.24113445 16.446722 -3.5156946 4294901760
-1.6913666 20.311934 -3.4561224 4294901760
-0.62423134 18.240608 -3.4934134 4294901760
-2.8470066 21.451506 -3.4377453 4294901760
0.35270777 24.056648 -3.446851 4294901760
-0.10855804 3.532933 -3.5188165 4294901760
-0.45843992 5.7480683 -3.5072088 4294901760
-0.24563043 7.9938416 -3.5102668 4294901760
-0.80223423 10.058673 -3.5034776 4294901760
-0.38120487 12.406002 -3.5302927 4294901760
-1.112016 13.942816 -3.4768567 4294901760
0.29818574 16.425871 -3.5131559 4294901760
-1.6207662 20.321692 -3.4558706 4294901760
-0.56116325 18.2626 -3.4946823 4294901760
-2.7741492 21.47715 -3.4383564 4294901760
0.43639556 24.039301 -3.445039 4294901760
-0.096125521 3.5296667 -3.516989 4294901760
-0.43837109 5.7496338 -3.5070474 4294901760
-0.2177231 7.9946508 -3.5100303 4294901760
-0.76621395 10.04959 -3.5012391 4294901760
-0.33767819 12.399323 -3.5288444 4294901760
-1.0636382 13.950578 -3.4769306 4294901760
0.35561153 16.428713 -3.5130515 4294901760
-1.5510284 20.34314 -3.4565651 4294901760
-0.49718958 18.256479 -3.4934199 4294901760
-2.7036355 21.522348 -3.440438 4294901760
0.52100348 24.069571 -3.4464254 4294901760
-0.083976932 3.5372291 -3.52033 4294901760
-0.41857904 5.7549696 -3.5079992 4294901760
-0.19000311 8.0032034 -3.5114322 4294901760
-0.73170513 10.060085 -3.5022593 4294901760
-0.2941145 12.388526 -3.5268548 4294901760
-1.0143611 13.946273 -3.4756062 4294901760
0.41325292 16.439312 -3.513756 4294901760
-1.4797229 20.34445 -3.4556754 4294901760
-0.43346342 18.258102 -3.4928777 4294901760
-2.6323657 21.563354 -3.4422204 4294901760
0.60511392 24.071594 -3.4459414 4294901760
-0.071629934 3.5375006 -3.5202246 4294901760
-0.39822316 5.7525535 -3.5067225 4294901760
-0.16206725 8.0038185 -3.5111938 4294901760
-0.69604075 10.054693 -3.5006711 4294901760
-0.25119263 12.405345 -3.5286472 4294901760
-0.96595103 13.953695 -3.4756768 4294901760
0.47120079 16.457678 -3.5152695 4294901760
-1.4098051 20.365414 -3.4563642 4294901760
-0.3705391 18.299364 -3.4959431 4294901760
-2.5589638 21.588266 -3.4428205 4294901760
0.68867362 24.053373 -3.444123 4294901760
-0.059282042 3.537729 -3.5201187 4294901760
-0.37839431 5.7577519 -3.5076728 4294901760
-0.13406366 8.0004139 -3.5101349 4294901760
-0.66094112 10.057062 -3.5003855 4294901760
-0.2078909 12.406146 -3.5282762 4294901760
-0.91645807 13.945077 -3.4738846 4294901760
0.52813101 16.440008 -3.5131311 4294901760
-1.3376654 20.354284 -3.4545214 4294901760
-0.30626306 18.276627 -3.4932311 4294901760
-2.4858758 21.616896 -3.4437118 4294901760
0.77224171 24.038847 -3.4425693 4294901760
-0.046931777 3.5379143 -3.5200126 4294901760
-0.35829219 5.759038 -3.5075085 4294901760
-0.10603004 7.9929891 -3.5082567 4294901760
-0.62509251 10.047473 -3.4981444 4294901760
-0.16463351 12.410765 -3.5284441 4294901760
-0.86826533 13.956131 -3.4744172 4294901760
0.58480954 16.418165 -3.5105872 4294901760
-1.265859 20.346884 -3.4529929 4294901760
-0.24272352 18.297518 -3.4944861 4294901760
-2.4121666 21.64131 -3.4443049 4294901760
0.8562966 24.039995 -3.4420781 4294901760
-0.034651779 3.5453069 -3.523351 4294901760
-0.33818567 5.7602534 -3.5073438 4294901760
-0.078088172 7.9893889 -3.5071969 4294901760
-0.59024543 10.05354 -3.498508 4294901760
-0.12138508 12.419199 -3.5291505 4294901760
-0.82070571 13.978927 -3.4763429 4294901760
0.64258754 16.427965 -3.5112839 4294901760
-1.1957574 20.367111 -3.4536738 4294901760
-0.17911962 18.326159 -3.4964592 4294901760
-2.3396022 21.67738 -3.4457772 4294901760
0.9406814 24.048832 -3.4421165 4294901760
-0.022231331 3.5381556 -3.5197992 4294901760
-0.31829017 5.765245 -3.508292 4294901760
-0.0502505 7.9974561 -3.5085933 4294901760
-0.55558634 10.063432 -3.4995217 4294901760
-0.078010939 12.415578 -3.5282352 4294901760
-0.77256584 13.993619 -3.4773362 4294901760
0.69992453 16.425621 -3.5107629 4294901760
-1.1270794 20.414986 -3.4565613 4294901760
-0.11515217 18.326672 -3.4959054 4294901760
-2.2664113 21.709236 -3.4469514 4294901760
1.0251267 24.057367 -3.4421515 4294901760
-0.011116463 3.5382082 -3.5197027 4294901760
-0.30037791 5.7700634 -3.5092561 4294901760
-0.025164023 8.0093412 -3.5108314 4294901760
-0.52438122 10.073021 -3.5005627 4294901760
-0.039045665 12.427667 -3.529516 4294901760
-0.7283957 13.992005 -3.4765084 4294901760
0.75133842 16.419363 -3.5098877 4294901760
-1.0627347 20.41444 -3.4557161 4294901760
-0.057542641 18.314983 -3.4943242 4294901760
-2.199811 21.732134 -3.4475932 4294901760
1.0999653 24.038076 -3.4403999 4294901760
0.0012377282 3.545476 -3.5230391 4294901760
-0.2796728 5.7595344 -3.5057487 4294901760
0.0027933421 8.0015364 -3.5089505 4294901760
-0.48883063 10.066895 -3.4989693 4294901760
0.0043426841 12.439631 -3.5307567 4294901760
-0.67935348 13.99049 -3.4756386 4294901760
0.80904424 16.424593 -3.5101733 4294901760
-0.99126971 20.41404 -3.4548099 4294901760
0.0063951965 18.319059 -3.4941273 4294901760
-2.1254849 21.755573 -3.4481726 4294901760
1.18407 24.038078 -3.4398985 4294901760
0.014173539 3.5309467 -3.5160375 4294901760
-0.25856248 5.7605209 -3.505573 4294901760
0.032087144 7.993628 -3.5070567 4294901760
-0.45210978 10.072567 -3.4993131 4294901760
0.049917474 12.435563 -3.5298185 4294901760
-0.62825269 13.99686 -3.4756768 4294901760
0.86923438 16.421518 -3.5096211 4294901760
-0.91769892 20.44544 -3.4563951 4294901760
0.073549777 18.322901 -3.4939001 4294901760
-2.0476055 21.783089 -3.449012 4294901760
1.2721608 24.033575 -3.4390903 4294901760
0.027143758 3.5344961 -3.5176456 4294901760
-0.23760447 5.7652779 -3.5065098 4294901760
0.061356977 7.9895353 -3.5059812 4294901760
-0.41486081 10.066258 -3.4977031 4294901760
0.095559902 12.443233 -3.5304973 4294901760
-0.57661623 13.99112 -3.474319 4294901760
0.93099624 16.446056 -3.5118988 4294901760
-0.84307969 20.456638 -3.4563997 4294901760
0.14049648 18.294603 -3.4907906 4294901760
-1.9681058 21.794422 -3.448673 4294901760
1.36002 24.024767 -3.4380143 4294901760
0.038286109 3.5380182 -3.5192699 4294901760
-0.21963879 5.7698455 -3.5074713 4294901760
0.086497411 7.9932241 -3.5065784 4294901760
-0.38323665 10.067512 -3.4974382 4294901760
0.13456269 12.434935 -3.5290742 4294901760
-0.53281295 13.996837 -3.4744151 4294901760
0.98384327 16.462929 -3.5134437 4294901760
-0.77896494 20.463175 -3.456176 4294901760
0.19809578 18.306028 -3.491364 4294901760
-1.9006706 21.812428 -3.4490089 4294901760
1.4364375 24.036316 -3.4383781 4294901760
0.050479483 3.5269885 -3.5139956 4294901760
-0.19949816 5.770577 -3.5073018 4294901760
0.11450905 8.0007172 -3.5079682 4294901760
-0.34836736 10.076689 -3.4984438 4294901760
0.17785172 12.426455 -3.5276124 4294901760
-0.48436683 14.010535 -3.4753969 4294901760
1.0407972 16.451447 -3.5121031 4294901760
-0.70698327 20.44982 -3.4543152 4294901760
0.26210484 18.313198 -3.491519 4294901760
-1.8248566 21.822905 -3.4486947 4294901760
1.5208303 24.039127 -3.4381313 4294901760
0.063537441 3.534029 -3.517324 4294901760
-0.17798817 5.7597189 -3.5037844 4294901760
0.14390491 8.0041656 -3.5085263 4294901760
-0.3115516 10.081848 -3.4987824 4294901760
0.22339894 12.425719 -3.5272083 4294901760
-0.43313161 14.016191 -3.4754276 4294901760
1.1013581 16.451494 -3.5119464 4294901760
-0.63177443 20.444296 -3.4530525 4294901760
0.32937232 18.320087 -3.491643 4294901760
-1.7445359 21.82547 -3.4477601 4294901760
1.6081338 24.021439 -3.4365172 4294901760
0.076028004 3.5410347 -3.5206571 4294901760
-0.1579887 5.7641559 -3.5047271 4294901760
0.17192629 8.0075359 -3.5090957 4294901760
-0.27635965 10.082874 -3.4984841 4294901760
0.26693916 12.432797 -3.5279002 4294901760
-0.38442424 14.025569 -3.4759412 4294901760
1.1607336 16.475359 -3.5142391 4294901760
-0.55975497 20.422443 -3.4505591 4294901760
0.39297315 18.302881 -3.4896357 4294901760
-1.6701699 21.855309 -3.4489064 4294901760
1.6933728 24.035597 -3.4370596 4294901760
0.088298529 3.5371237 -3.5188255 4294901760
-0.13777344 5.7608213 -3.503443 4294901760
0.19997677 8.010808 -3.5096638 4294901760
-0.24106498 10.079826 -3.4975348 4294901760
0.31053746 12.439724 -3.5285904 4294901760
-0.33574507 14.038754 -3.4769166 4294901760
1.2188282 16.479151 -3.5145087 4294901760
-0.48874471 20.436241 -3.450897 4294901760
0.45706362 18.30937 -3.489784 4294901760
-1.5950258 21.876932 -3.4494629 4294901760
1.7778578 24.037504 -3.4368041 4294901760
0.10002855 3.5368114 -3.5187204 4294901760
-0.11882614 5.7689486 -3.5055051 4294901760
0.2265427 8.0101004 -3.5094256 4294901760
-0.20779774 10.088473 -3.4985497 4294901760
0.35167867 12.43466 -3.5276821 4294901760
-0.28910324 14.035813 -3.4760554 4294901760
1.2725519 16.463104 -3.5127845 4294901760
-0.42063871 20.421793 -3.4490604 4294901760
0.51834577 18.327681 -3.4910364 4294901760
-1.5221874 21.878119 -3.4485817 4294901760
1.8575658 24.031475 -3.4360559 4294901760
0.11299016 3.5364213 -3.5186038 4294901760
-0.097682379 5.7693453 -3.5053241 4294901760
0.25577262 8.0052967 -3.5083442 4294901760
-0.17088938 10.093119 -3.498883 4294901760
0.39762899 12.445187 -3.5288882 4294901760
-0.23759325 14.032803 -3.4751513 4294901760
1.3328801 16.458332 -3.5122163 4294901760
-0.34552056 20.407238 -3.4471617 4294901760
0.58563989 18.329643 -3.4907916 4294901760
-1.4422572 21.887533 -3.4482222 4294901760
1.9456278 24.024508 -3.4352264 4294901760
0.12458824 3.5324039 -3.516777 4294901760
-0.078551151 5.7696371 -3.5051596 4294901760
0.28217787 8.0004845 -3.5072875 4294901760
-0.13747428 10.097583 -3.4992452 4294901760
0.43959332 12.463626 -3.531208 4294901760
-0.19116858 14.041466 -3.4756784 4294901760
1.3864433 16.441914 -3.5104899 4294901760
-0.27768692 20.396301 -3.445637 4294901760
0.64585412 18.311663 -3.4888072 4294901760
-1.368924 21.880243 -3.4467509 4294901760
2.0256159 24.0219 -3.4347382 4294901760
0.13691881 3.5319476 -3.5166655 4294901760
-0.058448344 5.7737288 -3.5060983 4294901760
0.30980134 7.9916124 -3.5053999 4294901760
-0.10222362 10.098001 -3.4989412 4294901760
0.48279274 12.454085 -3.5297377 4294901760
-0.14235111 14.061933 -3.4775729 4294901760
1.4448777 16.448877 -3.5111563 4294901760
-0.20648345 20.397146 -3.4450231 4294901760
0.7102381 18.321249 -3.4893055 4294901760
-1.2925335 21.884888 -3.4461248 4294901760
2.1105103 24.026619 -3.4347363 4294901760
0.15001605 3.5350442 -3.5182688 4294901760
-0.037262563 5.770052 -3.5048029 4294901760
0.3390882 7.9904227 -3.5051339 4294901760
-0.06521412 10.098308 -3.4986207 4294901760
0.5280968 12.444304 -3.5282469 4294901760
-0.090865031 14.070312 -3.4780536 4294901760
1.5040634 16.431572 -3.5093732 4294901760
-0.13162418 20.381805 -3.4431195 4294901760
0.77788699 18.330471 -3.4897718 4294901760
-1.2118762 21.881506 -3.4448795 4294901760
2.199281 24.026674 -3.434427 4294901760
0.16079013 3.5273123 -3.5147262 4294901760
-0.01912358 5.7662892 -3.5035336 4294901760
0.36472344 8.0010729 -3.5073566 4294901760
-0.033464778 10.090558 -3.4970462 4294901760
0.56718665 12.442583 -3.5278907 4294901760
-0.046637755 14.062575 -3.4767432 4294901760
1.5564251 16.434694 -3.5096869 4294901760
-0.067635864 20.394087 -3.4435055 4294901760
0.83546644 18.327936 -3.4892471 4294901760
-1.1441728 21.90514 -3.4457743 4294901760
2.273618 24.007721 -3.4329152 4294901760
0.17328043 3.5303504 -3.5163341 4294901760
0.0010048361 5.7586169 -3.5011344 4294901760
0.39246005 7.9958334 -3.5062842 4294901760
0.0017628064 10.102471 -3.4986877 4294901760
0.6108138 12.444491 -3.5280316 4294901760
0.0024545228 14.066629 -3.4767785 4294901760
1.6145666 16.43709 -3.5099442 4294901760
0.0035593335 20.398191 -3.4431989 4294901760
0.89963812 18.32889 -3.4890208 4294901760
-1.0690569 21.936909 -3.4471867 4294901760
2.3566322 23.991688 -3.4315856 4294901760
0.18560185 3.5297239 -3.516221 4294901760
0.021133158 5.7662821 -3.5031822 4294901760
0.42036662 7.9944143 -3.5060284 4294901760
0.037024844 10.102404 -3.4983792 4294901760
0.65466356 12.450208 -3.5287089 4294901760
0.051596932 14.078466 -3.4777381 4294901760
1.6747516 16.459091 -3.5122132 4294901760
0.074757934 20.398056 -3.4425764 4294901760
0.96423662 18.337582 -3.4895093 4294901760
-0.99374366 21.96842 -3.4485953 4294901760
2.4407637 23.987289 -3.4310455 4294901760
0.19935876 3.5326049 -3.5178168 4294901760
0.043333128 5.7738619 -3.5052111 4294901760
0.45106176 7.9927416 -3.5057459 4294901760
0.075847082 10.106139 -3.498688 4294901760
0.70224345 12.44364 -3.5277312 4294901760
0.10565734 14.078165 -3.4772637 4294901760
1.738778 16.460459 -3.5124099 4294901760
0.15299532 20.385647 -3.4409482 4294901760
1.035319 18.345684 -3.4899361 4294901760
-0.90921319 21.968086 -3.4475987 4294901760
2.5349531 23.997597 -3.4314761 4294901760
0.21023946 3.528342 -3.5159941 4294901760
0.061470922 5.7736974 -3.5050514 4294901760
0.47686788 8.0030317 -3.5079639 4294901760
0.10750998 10.097946 -3.4971101 4294901760
0.74156648 12.445333 -3.5279078 4294901760
0.14988196 14.077763 -3.4768744 4294901760
1.7896169 16.446999 -3.5111053 4294901760
0.21686409 20.369104 -3.4391303 4294901760
1.0934193 18.350302 -3.4901202 4294901760
-0.84065598 21.9828 -3.4478962 4294901760
2.6085992 23.973637 -3.4296942 4294901760
0.22401445 3.5311272 -3.5175889 4294901760
0.083582662 5.769567 -3.5037441 4294901760
0.50709516 7.9933128 -3.5060463 4294901760
0.14610828 10.085603 -3.4948208 4294901760
0.78783727 12.418635 -3.5242407 4294901760
0.20410496 14.089014 -3.4777842 4294901760
1.8540896 16.451876 -3.5117004 4294901760
0.29547387 20.396053 -3.4406326 4294901760
1.1641192 18.349947 -3.4898255 4294901760
-0.75473768 21.941984 -3.4439762 4294901760
2.702415 23.979315 -3.4298551 4294901760
0.23633997 3.5303237 -3.5174742 4294901760
0.1037925 5.7730913 -3.5046768 4294901760
0.53525811 7.9954076 -3.5066032 4294901760
0.18145753 10.092935 -3.4958062 4294901760
0.83118498 12.415809 -3.5238378 4294901760
0.25328735 14.088215 -3.4773481 4294901760
1.9096713 16.429482 -3.5095329 4294901760
0.36638618 20.378937 -3.4387481 4294901760
1.2292356 18.361683 -3.4906614 4294901760
-0.67776537 21.932514 -3.4424541 4294901760
2.7810366 23.926102 -3.4261463 4294901760
0.24717543 3.5259471 -3.5156507 4294901760
0.12176488 5.7650352 -3.5022931 4294901760
0.55982357 7.9858603 -3.5047367 4294901760
0.21307908 10.088364 -3.4948754 4294901760
0.87157118 12.432927 -3.52616 4294901760
0.29737481 14.079397 -3.4760296 4294901760
1.9603288 16.415491 -3.5082252 4294901760
0.4297286 20.345772 -3.4356737 4294901760
1.2877473 18.369661 -3.4911969 4294901760
-0.60908484 21.942514 -3.4424536 4294901760
2.8604462 23.952934 -3.4277806 4294901760
0.25948271 3.5250628 -3.5155356 4294901760
0.14188939 5.7645745 -3.5021136 4294901760
0.58741027 7.9799466 -3.5036597 4294901760
0.24829543 10.087558 -3.4945612 4294901760
0.91584218 12.441682 -3.5273652 4294901760
0.34642515 14.074298 -3.4751287 4294901760
2.0190804 16.420408 -3.5088706 4294901760
0.50222415 20.403982 -3.4397345 4294901760
1.3504031 18.345175 -3.4888091 4294901760
-0.53364378 21.992393 -3.4453006 4294901760
2.9479454 23.97451 -3.4290657 4294901760
0.27267957 3.5277028 -3.5171342 4294901760
0.16312429 5.7678657 -3.5030351 4294901760
0.61725706 7.9855609 -3.505017 4294901760
0.28492913 10.074728 -3.4922845 4294901760
0.96112847 12.434285 -3.5264003 4294901760
0.39744246 14.053056 -3.4723558 4294901760
2.0822499 16.436604 -3.5106914 4294901760
0.57824159 20.445881 -3.4425061 4294901760
1.41855 18.352026 -3.4892504 4294901760
-0.45320317 22.002186 -3.4451957 4294901760
3.0327797 23.939775 -3.4266267 4294901760
0.28499281 3.5267293 -3.5170181 4294901760
0.18338078 5.7711115 -3.5039649 4294901760
0.64544612 7.987267 -3.5055704 4294901760
0.32022291 10.077621 -3.4926167 4294901760
1.0032512 12.415033 -3.5238445 4294901760
0.446877 14.063508 -3.4733009 4294901760
2.1396163 16.429234 -3.5101264 4294901760
0.65088016 20.483618 -3.4449916 4294901760
1.4816434 18.335041 -3.4875753 4294901760
-0.37652931 22.011616 -3.4451203 4294901760
3.1158175 23.925083 -3.4255412 4294901760
0.2969963 3.5221004 -3.5151825 4294901760
0.20338759 5.7665868 -3.5026724 4294901760
0.67266208 7.9771485 -3.5036757 4294901760
0.3555356 10.080393 -3.4929476 4294901760
1.0472457 12.419363 -3.5245085 4294901760
0.4961023 14.065839 -3.47332 4294901760
2.1943076 16.401926 -3.5075519 4294901760
0.72209173 20.473248 -3.4437215 4294901760
1.5439566 18.309893 -3.4851847 4294901760
-0.2994794 21.99683 -3.4432955 4294901760
3.199837 23.918018 -3.4249787 4294901760
0.30928987 3.5210423 -3.5150659 4294901760
0.22306941 5.7542949 -3.4991586 4294901760
0.70084882 7.9786592 -3.5042274 4294901760
0.39087635 10.08304 -3.4932773 4294901760
1.0899 12.407726 -3.5230246 4294901760
0.54535598 14.067994 -3.4733374 4294901760
2.2537198 16.40995 -3.5085905 4294901760
0.79402143 20.482563 -3.4440122 4294901760
1.612052 18.352051 -3.4888637 4294901760
-0.22272873 22.001734 -3.4429243 4294901760
3.2860301 23.926483 -3.4254632 4294901760
0.32096368 3.5199976 -3.5149548 4294901760
0.24231096 5.7573714 -3.5000958 4294901760
0.72765779 7.9801979 -3.5047913 4294901760
0.42430884 10.081689 -3.4929738 4294901760
1.1313975 12.407997 -3.5231698 4294901760
0.59267032 14.082002 -3.4747603 4294901760
2.3086765 16.406332 -3.508451 4294901760
0.8624391 20.491777 -3.4443326 4294901760
1.6721731 18.338665 -3.4875712 4294901760
-0.14971715 21.994368 -3.4417112 4294901760
3.3614552 23.887777 -3.4228394 4294901760
0.33420458 3.5224063 -3.516551 4294901760
0.26358593 5.760293 -3.501014 4294901760
0.75652951 7.9735718 -3.5036969 4294901760
0.46107417 10.076117 -3.4919891 4294901760
1.1772394 12.407716 -3.5232723 4294901760
0.6442762 14.079735 -3.4742901 4294901760
2.3682201 16.393818 -3.5074503 4294901760
0.93862915 20.512396 -3.4455218 4294901760
1.7401254 18.340349 -3.4876437 4294901760
-0.069170438 22.014727 -3.4424651 4294901760
3.4489803 23.875296 -3.4219666 4294901760
0.34623885 3.5248868 -3.518158 4294901760
0.28287676 5.7632346 -3.5019495 4294901760
0.78296888 7.9710197 -3.503444 4294901760
0.49448815 10.074533 -3.4916837 4294901760
1.2183819 12.403744 -3.5228784 4294901760
0.69135678 14.085466 -3.474786 4294901760
2.4243228 16.397694 -3.5081098 4294901760
1.0078251 20.533085 -3.4467726 4294901760
1.8017192 18.342413 -3.4877751 4294901760
0.0038437992 22.038788 -3.443573 4294901760
3.5298934 23.875578 -3.4219604 4294901760
0.35817483 3.5200498 -3.5163212 4294901760
0.30299392 5.7622113 -3.501765 4294901760
0.81118733 7.9721398 -3.5039918 4294901760
0.52944684 10.068798 -3.4907138 4294901760
1.2604699 12.387573 -3.5208549 4294901760
0.74156773 14.102823 -3.4766412 4294901760
2.4827435 16.397005 -3.5083375 4294901760
1.0809647 20.557333 -3.4482989 4294901760
1.8661435 18.339977 -3.4875171 4294901760
0.080808483 22.046619 -3.443481 4294901760
3.613817 23.867056 -3.421386 4294901760
0.3704592 3.5187783 -3.5162029 4294901760
0.32267341 5.753427 -3.4993601 4294901760
0.83941942 7.9731607 -3.504539 4294901760
0.56503093 10.074781 -3.4916852 4294901760
1.3041158 12.387044 -3.5209744 4294901760
0.79056573 14.096179 -3.4757271 4294901760
2.5381315 16.376434 -3.5065591 4294901760
1.1540532 20.577341 -3.4495099 4294901760
1.9309819 18.341284 -3.4876137 4294901760
0.15776061 22.046206 -3.4428058 4294901760
3.6989369 23.866137 -3.4213328 4294901760
0.38414013 3.5246048 -3.5195153 4294901760
0.34444946 5.7637415 -3.5024948 4294901760
0.86736393 7.9583325 -3.5018122 4294901760
0.60195559 10.072643 -3.4913445 4294901760
1.3512306 12.397959 -3.5226786 4294901760
0.84270358 14.101128 -3.4761722 4294901760
2.6000144 16.37882 -3.5071552 4294901760
1.2299463 20.580938 -3.4494369 4294901760
1.9973336 18.326155 -3.4862516 4294901760
0.23843868 22.033504 -3.4412236 4294901760
3.7807574 23.816925 -3.4180963 4294901760
0.39440221 3.5161753 -3.5159712 4294901760
0.36255395 5.7626309 -3.5023272 4294901760
0.89279711 7.9594665 -3.5023847 4294901760
0.63334656 10.066756 -3.4904039 4294901760
1.3888439 12.381824 -3.5206943 4294901760
0.88724637 14.102379 -3.4762228 4294901760
2.6527276 16.378435 -3.5074356 4294901760
1.2945931 20.576971 -3.4488382 4294901760
2.0540047 18.311867 -3.4849813 4294901760
0.30793226 22.052603 -3.4420626 4294901760
3.8600264 23.832523 -3.4191685 4294901760
0.40667281 3.5147772 -3.515852 4294901760
0.38317642 5.7690167 -3.5043595 4294901760
0.92237693 7.9718866 -3.5053728 4294901760
0.66874218 10.06843 -3.4907248 4294901760
1.4320534 12.376901 -3.5202742 4294901760
0.93672812 14.103165 -3.4762261 4294901760
2.7118304 16.380861 -3.5080562 4294901760
1.3672013 20.584272 -3.4491053 4294901760
2.1211162 18.332306 -3.4868522 4294901760
0.38427687 22.015472 -3.4387701 4294901760
3.9431889 23.818905 -3.418324 4294901760
0.41869354 3.5060632 -3.51229 4294901760
0.40405053 5.7637315 -3.5030529 4294901760
0.95205653 7.9723473 -3.5059023 4294901760
0.70564294 10.06591 -3.4903808 4294901760
1.4778812 12.375506 -3.5203671 4294901760
0.98813808 14.095669 -3.4752836 4294901760
2.7738502 16.382593 -3.5086453 4294901760
1.4432008 20.587084 -3.4490247 4294901760
2.1887708 18.328365 -3.4865527 4294901760
0.46480209 22.005938 -3.4374723 4294901760
4.0311356 23.808228 -3.4176958 4294901760
0.43137112 3.5081787 -3.5138881 4294901760
0.42331767 5.7507615 -3.4995368 4294901760
0.97939885 7.9650817 -3.5048156 4294901760
0.74106318 10.067327 -3.4906988 4294901760
1.5210681 12.370273 -3.5199447 4294901760
1.0373321 14.092134 -3.4748235 4294901760
2.8303368 16.368885 -3.5076609 4294901760
1.5171005 20.609777 -3.4505308 4294901760
2.2512717 18.308744 -3.4848597 4294901760
0.54160976 22.004181 -3.4367867 4294901760
4.1135321 23.790079 -3.4165857 4294901760
0.44300157 3.5067291 -3.5137739 4294901760
0.44267985 5.7531662 -3.5004668 4294901760
1.0053135 7.9579 -3.5037425 4294901760
0.77535123 10.076637 -3.4923255 4294901760
1.5630732 12.373036 -3.5206122 4294901760
1.0852752 14.104478 -3.4762263 4294901760
2.8839076 16.355488 -3.5067046 4294901760
1.5854324 20.604633 -3.4498897 4294901760
2.3139682 18.316999 -3.4856863 4294901760
0.61546248 22.034185 -3.4384506 4294901760
4.1923957 23.776308 -3.4157772 4294901760
0.45524058 3.505161 -3.5136535 4294901760
0.46337891 5.7592654 -3.5024962 4294901760
1.0335928 7.9582305 -3.504283 4294901760
0.8092553 10.05811 -3.4894083 4294901760
1.6057459 12.363569 -3.5196521 4294901760
1.1361009 14.120424 -3.4780638 4294901760
2.9416909 16.349241 -3.5065174 4294901760
1.659272 20.622837 -3.4510782 4294901760
2.3820055 18.340441 -3.487901 4294901760
0.69212741 22.023922 -3.4371803 4294901760
4.2767849 23.769386 -3.4154453 4294901760
0.46904397 3.5106561 -3.5169621 4294901760
0.48545218 5.7690425 -3.5056238 4294901760
1.0653498 7.9738293 -3.5080643 4294901760
0.84644389 10.059015 -3.4897065 4294901760
1.6515726 12.361534 -3.5197396 4294901760
1.1888444 14.128054 -3.4789553 4294901760
3.0044694 16.354019 -3.5074985 4294901760
1.7365156 20.636497 -3.4519184 4294901760
2.4502623 18.339491 -3.4879477 4294901760
0.77325946 22.033205 -3.4373207 4294901760
4.3681993 23.777119 -3.4161103 4294901760
0.48019212 3.5054893 -3.5151291 4294901760
0.50491768 5.7712388 -3.5065513 4294901760
1.0912559 7.9663653 -3.5069885 4294901760
0.87945437 10.052216 -3.4887443 4294901760
1.6925591 12.355988 -3.5193334 4294901760
1.2353455 14.120072 -3.4780512 4294901760
3.0623522 16.363539 -3.5089352 4294901760
1.8066837 20.650501 -3.4528234 4294901760
2.515398 18.36286 -3.4901869 4294901760
0.84617293 22.026533 -3.4363701 4294901760
4.4462953 23.758575 -3.4150345 4294901760
0.4924266 3.5037918 -3.5150075 4294901760
0.52401417 5.7579322 -3.5030336 4294901760
1.1179674 7.9547391 -3.505085 4294901760
0.91525698 10.056956 -3.4897029 4294901760
1.734026 12.338217 -3.5173011 4294901760
1.2839092 14.107753 -3.4766634 4294901760
3.1194572 16.352749 -3.5083427 4294901760
1.8809319 20.667912 -3.4540014 4294901760
2.5767119 18.334229 -3.4877746 4294901760
0.92239189 22.00749 -3.4345155 4294901760
4.5299559 23.746832 -3.4144342 4294901760
0.50526452 3.5019636 -3.5148797 4294901760
0.54583961 5.7636428 -3.5050497 4294901760
1.1465538 7.9467072 -3.5039811 4294901760
0.95173651 10.0496 -3.4887054 4294901760
1.7809333 12.34356 -3.5184536 4294901760
1.3356049 14.102952 -3.4761703 4294901760
3.1801293 16.345116 -3.5081184 4294901760
1.9559139 20.652935 -3.4526584 4294901760
2.6444583 18.328609 -3.4874599 4294901760
1.0034059 22.011938 -3.4343591 4294901760
4.6222949 23.757507 -3.4153495 4294901760
0.51748484 3.5001786 -3.5147574 4294901760
0.56633043 5.7655363 -3.5059655 4294901760
1.1742842 7.9426565 -3.5037036 4294901760
0.98680818 10.046217 -3.4883697 4294901760
1.8245872 12.341194 -3.5185571 4294901760
1.385211 14.102163 -3.4761586 4294901760
3.2379358 16.337824 -3.5079219 4294901760
2.0264292 20.630096 -3.4507275 4294901760
2.7124984 18.346874 -3.4893036 4294901760
1.0804268 22.012289 -3.4339457 4294901760
4.7098489 23.764734 -3.4160438 4294901760
0.52908832 3.4984436 -3.514641 4294901760
0.5854454 5.7636266 -3.5057821 4294901760
1.2041341 7.9619884 -3.5083187 4294901760
1.0205146 10.046822 -3.4886959 4294901760
1.8613461 12.307613 -3.5144076 4294901760
1.431563 14.093535 -3.4752505 4294901760
3.2936671 16.334803 -3.5081527 4294901760
2.0952291 20.627232 -3.4503808 4294901760
2.7745128 18.345663 -3.4894028 4294901760
1.1534119 22.008585 -3.4332764 4294901760
4.7854676 23.733324 -3.4141793 4294901760
0.54129791 3.4965751 -3.514518 4294901760
0.60515946 5.7577171 -3.5044801 4294901760
1.2307214 7.9499841 -3.506413 4294901760
1.0564073 10.05106 -3.4896493 4294901760
1.9049069 12.304962 -3.5145094 4294901760
1.4799223 14.080542 -3.4738581 4294901760
3.3498695 16.319305 -3.5071552 4294901760
2.1676414 20.623762 -3.4499977 4294901760
2.8373194 18.327986 -3.4880495 4294901760
1.2317947 22.032322 -3.4345903 4294901760
4.858654 23.669535 -3.4101932 4294901760
0.55350089 3.4946642 -3.514395 4294901760
0.62483966 5.75174 -3.5031779 4294901760
1.257853 7.9417653 -3.5053198 4294901760
1.0914885 10.04731 -3.4893105 4294901760
1.9490924 12.306075 -3.5151436 4294901760
1.530356 14.087151 -3.474761 4294901760
3.4060042 16.303614 -3.5061567 4294901760
2.2409174 20.62797 -3.450232 4294901760
2.8994126 18.306156 -3.4863405 4294901760
1.3075165 22.007963 -3.4324377 4294901760
4.9453359 23.671974 -3.4106209 4294901760
0.56682283 3.5035458 -3.5194275 4294901760
0.64347976 5.7458081 -3.5018852 4294901760
1.2829275 7.9298062 -3.5034277 4294901760
1.1252384 10.047564 -3.4896331 4294901760
1.9905212 12.303461 -3.5152643 4294901760
1.5761741 14.074093 -3.4733903 4294901760
3.4608741 16.296125 -3.5059841 4294901760
2.3097498 20.624392 -3.4498792 4294901760
2.9626455 18.312185 -3.4871433 4294901760
1.3802363 21.999525 -3.4314735 4294901760
5.0320988 23.694508 -3.4123859 4294901760
0.57845682 3.4979694 -3.5175869 4294901760
0.66397333 5.747354 -3.5027981 4294901760
1.312518 7.9368892 -3.5055847 4294901760
1.1589411 10.031796 -3.4873564 4294901760
2.034101 12.300354 -3.515362 4294901760
1.6243765 14.060605 -3.4719951 4294901760
3.5236206 16.311195 -3.5081704 4294901760
2.3849292 20.643951 -3.4513469 4294901760
3.026545 18.301731 -3.4864943 4294901760
1.4588628 22.022453 -3.4327781 4294901760
5.1189876 23.696312 -3.412806 4294901760
0.59006035 3.4923539 -3.5157461 4294901760
0.68448818 5.7488256 -3.5037103 4294901760
1.3434842 7.9515967 -3.5093651 4294901760
1.1944215 10.031614 -3.4876602 4294901760
2.0750449 12.28144 -3.5133245 4294901760
1.6753318 14.070645 -3.4733517 4294901760
3.5822499 16.306578 -3.5083621 4294901760
2.4574528 20.639462 -3.4509537 4294901760
3.0917444 18.298916 -3.4865515 4294901760
1.5365658 22.029173 -3.4329262 4294901760
5.203393 23.686102 -3.4124453 4294901760
0.60100466 3.4794509 -3.5104666 4294901760
0.70508349 5.7424555 -3.5023966 4294901760
1.3719498 7.9427543 -3.508255 4294901760
1.2321424 10.035015 -3.4885905 4294901760
2.123419 12.293303 -3.5155311 4294901760
1.7273738 14.068358 -3.4733057 4294901760
3.6402507 16.285564 -3.5069289 4294901760
2.5345383 20.642199 -3.4511418 4294901760
3.1594672 18.291391 -3.4862201 4294901760
1.616122 22.007469 -3.4310191 4294901760
5.2919083 23.674665 -3.4120381 4294901760
0.61379838 3.4845793 -3.5137806 4294901760
0.72364169 5.7362633 -3.5011022 4294901760
1.3982836 7.9381604 -3.5079851 4294901760
1.2649211 10.026952 -3.4876192 4294901760
2.1662419 12.297916 -3.5167129 4294901760
1.7735227 14.058606 -3.4723895 4294901760
3.6933587 16.269518 -3.5059536 4294901760
2.6014838 20.621801 -3.4495425 4294901760
3.2221861 18.292593 -3.4866598 4294901760
1.6903208 22.017908 -3.4314859 4294901760
5.3756981 23.680349 -3.4127519 4294901760
0.62531763 3.478847 -3.5119395 4294901760
0.74415749 5.7375231 -3.5020125 4294901760
1.4239049 7.9216499 -3.505264 4294901760
1.2994082 10.018557 -3.48663 4294901760
2.2070537 12.278563 -3.5146725 4294901760
1.8220776 14.048386 -3.4714482 4294901760
3.7474458 16.244884 -3.5041513 4294901760
2.6739697 20.616552 -3.4491432 4294901760
3.2846138 18.273384 -3.4852962 4294901760
1.7674927 22.015852 -3.4310503 4294901760
5.4547405 23.645876 -3.410831 4294901760
0.63871771 3.4800978 -3.5135241 4294901760
0.76518035 5.7347569 -3.5018048 4294901760
1.4550519 7.9279513 -3.5074005 4294901760
1.3350716 10.00589 -3.4849784 4294901760
2.2520392 12.270392 -3.5142086 4294901760
1.8735523 14.041614 -3.4709399 4294901760
3.8078671 16.234919 -3.5039086 4294901760
2.7489831 20.602659 -3.4480882 4294901760
3.3537219 18.272987 -3.485666 4294901760
1.8498383 22.029116 -3.4317265 4294901760
5.5441012 23.637388 -3.4106746 4294901760
0.65152776 3.4814105 -3.5151141 4294901760
0.78466976 5.7282343 -3.5004995 4294901760
1.4827151 7.9228239 -3.5071144 4294901760
1.3705249 10.005086 -3.4852767 4294901760
2.2970443 12.274158 -3.5153639 4294901760
1.9236318 14.042869 -3.4713705 4294901760
3.8663571 16.229279 -3.5040925 4294901760
2.8225033 20.604797 -3.4483023 4294901760
3.416749 18.257252 -3.4846532 4294901760
1.9267184 22.022526 -3.4309981 4294901760
5.6367521 23.660624 -3.4126267 4294901760
0.66171092 3.4721086 -3.5115631 4294901760
0.80419528 5.7294159 -3.5014179 4294901760
1.5111815 7.9294233 -3.5092771 4294901760
1.4036934 10.000485 -3.4849472 4294901760
2.3407035 12.282065 -3.5170722 4294901760
1.9696336 14.032475 -3.4704499 4294901760
3.9229586 16.227982 -3.5047026 4294901760
2.8902574 20.591375 -3.447315 4294901760
3.4765234 18.241903 -3.4836719 4294901760
1.9982884 22.000114 -3.4291546 4294901760
5.7208076 23.665091 -3.4133275 4294901760
0.67451888 3.4733362 -3.5131526 4294901760
0.82364255 5.7227612 -3.5001116 4294901760
1.5366099 7.9125481 -3.5065544 4294901760
1.4391589 9.9994383 -3.4852436 4294901760
2.3828082 12.269923 -3.5160937 4294901760
2.0203073 14.037323 -3.4713352 4294901760
3.9833817 16.229658 -3.505677 4294901760
2.9621227 20.581161 -3.4465985 4294901760
3.5409434 18.23357 -3.4833627 4294901760
2.0750768 21.993006 -3.4284222 4294901760
5.8033857 23.644976 -3.4124312 4294901760
0.68663985 3.4709606 -3.513026 4294901760
0.84305316 5.7160406 -3.4988053 4294901760
1.5649837 7.910984 -3.5070775 4294901760
1.4746339 9.9982624 -3.4855385 4294901760
2.4248571 12.257639 -3.5151143 4294901760
2.069298 14.030184 -3.4708452 4294901760
4.0429025 16.227249 -3.5062518 4294901760
3.0333691 20.566746 -3.4455717 4294901760
3.6092157 18.244564 -3.4848154 4294901760
2.1526172 21.99357 -3.4282622 4294901760
5.8984423 23.674944 -3.4148865 4294901760
0.69875085 3.4685426 -3.5128992 4294901760
0.86415023 5.7206807 -3.5008183 4294901760
1.5918124 7.901628 -3.5059774 4294901760
1.5095233 9.9930544 -3.4851885 4294901760
2.4684103 12.252989 -3.5151987 4294901760
2.118257 14.022876 -3.4703543 4294901760
4.0975652 16.205315 -3.5048397 4294901760
3.1045415 20.552088 -3.4445436 4294901760
3.6728754 18.231855 -3.484149 4294901760
2.2325931 22.017694 -3.4298213 4294901760
5.9839792 23.665827 -3.4147582 4294901760
0.71158332 3.4696336 -3.5144873 4294901760
0.88176084 5.7024016 -3.4961917 4294901760
1.6170226 7.8844967 -3.5032544 4294901760
1.5437951 9.9838181 -3.484194 4294901760
2.5095751 12.236524 -3.5136857 4294901760
2.1671968 14.015395 -3.4698617 4294901760
4.1541119 16.190912 -3.5042205 4294901760
3.1732197 20.521408 -3.4422815 4294901760
3.7356975 18.215015 -3.4831281 4294901760
2.3098583 22.013737 -3.4293683 4294901760
6.0764823 23.683472 -3.4164305 4294901760
0.72160423 3.4601569 -3.510936 4294901760
0.90186727 5.7070565 -3.4982135 4294901760
1.6447597 7.8867707 -3.5046012 4294901760
1.5775092 9.9825478 -3.4845035 4294901760
2.5477064 12.216481 -3.5116627 4294901760
2.2124174 14.000277 -3.4684784 4294901760
4.2117867 16.192467 -3.5052178 4294901760
3.2431183 20.522596 -3.4425189 4294901760
3.7960765 18.202528 -3.4824922 4294901760
2.3832712 22.009928 -3.4289503 4294901760
6.1559863 23.667055 -3.4158256 4294901760
0.73457927 3.4648376 -3.5142446 4294901760
0.91956133 5.6964283 -3.4958098 4294901760
1.6741602 7.8966198 -3.5075684 4294901760
1.6106064 9.9772615 -3.4841685 4294901760
2.5914991 12.223492 -3.5133619 4294901760
2.2607369 14.00464 -3.4693799 4294901760
4.2624187 16.166857 -3.5034373 4294901760
3.30671 20.484154 -3.4396751 4294901760
3.854769 18.182039 -3.4811504 4294901760
2.4580231 22.017769 -3.4293895 4294901760
6.2364783 23.654234 -3.4154766 4294901760
0.74727279 3.462122 -3.5141101 4294901760
0.94168794 5.7006207 -3.4978099 4294901760
1.7030898 7.8904309 -3.5072618 4294901760
1.6478059 9.9751902 -3.4844406 4294901760
2.6362803 12.213911 -3.5128875 4294901760
2.3107517 13.988412 -3.4679451 4294901760
4.3298764 16.181904 -3.505954 4294901760
3.3843625 20.487644 -3.4401441 4294901760
3.9213796 18.167789 -3.4804447 4294901760
2.5400732 22.020508 -3.4294651 4294901760
6.3272567 23.646648 -3.4155481 4294901760
0.75935102 3.4594934 -3.5139818 4294901760
0.96029508 5.6897035 -3.4953954 4294901760
1.7289349 7.8767776 -3.505348 4294901760
1.6812936 9.961586 -3.4828 4294901760
2.6797409 12.208512 -3.5129662 4294901760
2.3582332 13.972422 -3.4665344 4294901760
4.3863239 16.166695 -3.5053287 4294901760
3.4571714 20.48358 -3.4400311 4294901760
3.9873252 18.165676 -3.4808271 4294901760
2.6173797 22.015476 -3.429002 4294901760
6.4149723 23.643692 -3.4159198 4294901760
0.77300233 3.4638977 -3.517282 4294901760
0.98211437 5.6977038 -3.4985099 4294901760
1.7572758 7.8745222 -3.5058656 4294901760
1.7153869 9.9517593 -3.4818015 4294901760
2.7206151 12.191339 -3.5114496 4294901760
2.4117241 13.991537 -3.469233 4294901760
4.4406219 16.143604 -3.5039096 4294901760
3.5313678 20.487112 -3.4405305 4294901760
4.0533204 18.163319 -3.4812069 4294901760
2.6961582 22.022051 -3.4293952 4294901760
6.4985309 23.625002 -3.4152598 4294901760
0.78208184 3.4507084 -3.5120163 4294901760
1.0003381 5.6906219 -3.4972107 4294901760
1.7825143 7.8648252 -3.5047762 4294901760
1.7483815 9.9460154 -3.4814634 4294901760
2.7654169 12.201596 -3.5136733 4294901760
2.4601781 13.995213 -3.4701273 4294901760
4.4919982 16.121115 -3.5025213 4294901760
3.5972195 20.463497 -3.4389126 4294901760
4.1144161 18.153664 -3.4809148 4294901760
2.7711706 22.028831 -3.4298232 4294901760
6.578989 23.611015 -3.4149008 4294901760
0.79553747 3.4513516 -3.5135949 4294901760
1.021868 5.6907082 -3.4981019 4294901760
1.8122075 7.8620625 -3.5052774 4294901760
1.7855202 9.9434319 -3.4817319 4294901760
2.8092253 12.187514 -3.5126631 4294901760
2.5121565 13.990017 -3.4700568 4294901760
4.552134 16.108376 -3.5022571 4294901760
3.6771297 20.477669 -3.4402921 4294901760
4.1827116 18.146233 -3.4809048 4294901760
2.8503485 22.006653 -3.4281712 4294901760
6.6665645 23.59059 -3.4141905 4294901760
0.80758101 3.4485531 -3.5134654 4294901760
1.0424216 5.6908956 -3.4990025 4294901760
1.8369592 7.8442311 -3.5025525 4294901760
1.820933 9.9410257 -3.4820166 4294901760
2.8526583 12.181495 -3.5127363 4294901760
2.5602624 13.97725 -3.4690971 4294901760
4.6105323 16.100046 -3.5024183 4294901760
3.7493122 20.468632 -3.4398623 4294901760
4.2496696 18.147047 -3.4816294 4294901760
2.9271543 21.996569 -3.4274127 4294901760
6.7565713 23.594046 -3.4150631 4294901760
0.81985003 3.4493835 -3.5150561 4294901760
1.0584601 5.6722612 -3.4943864 4294901760
1.861146 7.8304644 -3.5006521 4294901760
1.8560618 9.9465895 -3.4836035 4294901760
2.8939531 12.17583 -3.5128317 4294901760
2.606596 13.968683 -3.4686179 4294901760
4.6638937 16.084669 -3.5018184 4294901760
3.8230195 20.487467 -3.4416153 4294901760
4.3144298 18.15225 -3.4827368 4294901760
3.0038555 22.014427 -3.42869 4294901760
6.8381062 23.583015 -3.414953 4294901760
0.83163679 3.4428315 -3.5132055 4294901760
1.0806853 5.6759119 -3.4963813 4294901760
1.8907567 7.8274031 -3.5011516 4294901760
1.8939865 9.947485 -3.4845099 4294901760
2.9357688 12.153571 -3.5107572 4294901760
2.6600113 13.970756 -3.469455 4294901760
4.7250652 16.075106 -3.5019445 4294901760
3.8921189 20.441959 -3.4383831 4294901760
4.3762565 18.11694 -3.4802618 4294901760
3.0867441 22.019081 -3.4290304 4294901760
6.9335113 23.588442 -3.416028 4294901760
0.84192169 3.4328656 -3.5096478 4294901760
1.0997565 5.6683235 -3.4950702 4294901760
1.9180663 7.8207555 -3.5008552 4294901760
1.9279431 9.9369326 -3.4835067 4294901760
2.9791172 12.147102 -3.5108275 4294901760
2.7095168 13.965289 -3.4694037 4294901760
4.7856917 16.073784 -3.5028911 4294901760
3.967247 20.447836 -3.4391739 4294901760
4.4404154 18.105425 -3.4799268 4294901760
3.1641493 22.012123 -3.42855 4294901760
7.0158033 23.564098 -3.4150975 4294901760
0.8565262 3.44046 -3.514658 4294901760
1.1187878 5.6606712 -3.4937589 4294901760
1.9491426 7.8292375 -3.5037959 4294901760
1.9626157 9.9301424 -3.4831448 4294901760
3.0253322 12.152032 -3.5124876 4294901760
2.7559321 13.944043 -3.4675279 4294901760
4.8394675 16.049356 -3.5014651 4294901760
4.0432367 20.457352 -3.4402678 4294901760
4.5093627 18.113026 -3.4813442 4294901760
3.2403805 21.996998 -3.4274969 4294901760
7.1049271 23.562405 -3.4157002 4294901760
0.8673299 3.4377522 -3.5145402 4294901760
1.1395996 5.672235 -3.4979916 4294901760
1.9756467 7.8306818 -3.505146 4294901760
1.9945791 9.927804 -3.4834602 4294901760
3.0605795 12.130926 -3.5104804 4294901760
2.8012886 13.943114 -3.4679809 4294901760
4.8886991 16.030264 -3.5004969 4294901760
4.1066952 20.440636 -3.4392891 4294901760
4.5603895 18.075579 -3.4786193 4294901760
3.3094656 21.98671 -3.4268041 4294901760
7.1928883 23.585804 -3.4179273 4294901760
0.88052428 3.4343965 -3.5143957 4294901760
1.163692 5.6791382 -3.5010765 4294901760
2.0047276 7.8192387 -3.5040081 4294901760
2.0318933 9.9161997 -3.4824185 4294901760
3.102212 12.099866 -3.5073209 4294901760
2.8603973 13.959528 -3.4706068 4294901760
4.951395 16.015179 -3.5001898 4294901760
4.1883602 20.440353 -3.4396899 4294901760
4.6307549 18.061794 -3.4782102 4294901760
3.3969162 21.993563 -3.4273798 4294901760
7.2881222 23.573273 -3.417917 4294901760
0.89250809 3.4313016 -3.5142641 4294901760
1.1858695 5.6863532 -3.5041807 4294901760
2.0310242 7.8083963 -3.5028994 4294901760
2.0673044 9.9129152 -3.4826956 4294901760
3.1434338 12.085122 -3.5063272 4294901760
2.9091113 13.949457 -3.4700937 4294901760
5.0084624 16.001596 -3.4999449 4294901760
4.2629485 20.441233 -3.4401627 4294901760
4.6907687 18.033945 -3.4764671 4294901760
3.4761658 21.997343 -3.4277446 4294901760
7.3811054 23.581982 -3.4192746 4294901760
0.90263134 3.4211545 -3.5107062 4294901760
1.2025146 5.6671066 -3.4995542 4294901760
2.0572698 7.7974663 -3.5017903 4294901760
2.1010764 9.9017706 -3.4816887 4294901760
3.1886394 12.085585 -3.507452 4294901760
2.9520116 13.911983 -3.4663937 4294901760
5.0630894 15.980219 -3.49891 4294901760
4.3400788 20.453547 -3.4415503 4294901760
4.7608142 18.044443 -3.4782257 4294901760
3.5573933 22.012657 -3.4289601 4294901760
7.4633832 23.556072 -3.4183304 4294901760
0.91430992 3.4218044 -3.5123005 4294901760
1.2203114 5.6633015 -3.4993656 4294901760
2.0837796 7.7985439 -3.5031374 4294901760
2.133837 9.9028511 -3.4826419 4294901760
3.2265894 12.075509 -3.5070329 4294901760
2.9940248 13.894868 -3.4650209 4294901760
5.1120496 15.960443 -3.4979382 4294901760
4.4068322 20.451517 -3.441787 4294901760
4.8185043 18.033251 -3.4779499 4294901760
3.6200337 21.961988 -3.4254129 4294901760
7.5312552 23.513496 -3.4162037 4294901760
0.92684466 3.4184303 -3.5121615 4294901760
1.2418841 5.6625528 -3.5002491 4294901760
2.1123471 7.7908545 -3.502821 4294901760
2.1709628 9.8988237 -3.4828978 4294901760
3.2729011 12.071262 -3.5076017 4294901760
3.0466328 13.891569 -3.4653897 4294901760
5.1766539 15.960542 -3.4992342 4294901760
4.4851761 20.450819 -3.4422133 4294901760
4.88978 18.034708 -3.4789679 4294901760
3.7031541 21.964319 -3.4257312 4294901760
7.6210766 23.497131 -3.4159746 4294901760
0.93936676 3.4150105 -3.5120225 4294901760
1.2634678 5.6617231 -3.5011318 4294901760
2.1398458 7.7792783 -3.5016956 4294901760
2.2063663 9.8869429 -3.4818702 4294901760
3.3192241 12.066836 -3.5081689 4294901760
3.0983903 13.884192 -3.465302 4294901760
5.2351136 15.941463 -3.4985576 4294901760
4.5609665 20.438137 -3.44172 4294901760
4.9611301 18.035885 -3.4799829 4294901760
3.7856619 21.9624 -3.4257617 4294901760
7.7096329 23.476629 -3.4154878 4294901760
0.95106423 3.415535 -3.5136154 4294901760
1.2786977 5.6464548 -3.4976308 4294901760
2.1663809 7.7800736 -3.5030396 4294901760
2.236546 9.8761072 -3.4808972 4294901760
3.3549919 12.048704 -3.5066884 4294901760
3.14639 13.893784 -3.4671087 4294901760
5.2901921 15.940056 -3.4995515 4294901760
4.6269212 20.43149 -3.4416447 4294901760
5.0156331 18.012527 -3.4786522 4294901760
3.8525755 21.938602 -3.4242027 4294901760
7.7921605 23.478823 -3.4164147 4294901760
0.96259189 3.4085371 -3.5117633 4294901760
1.3002504 5.645484 -3.4985125 4294901760
2.1916857 7.7607574 -3.5002968 4294901760
2.2736182 9.8716955 -3.4811502 4294901760
3.396976 12.028688 -3.5051372 4294901760
3.1955101 13.874406 -3.4656541 4294901760
5.3523884 15.931884 -3.5000527 4294901760
4.6937194 20.379396 -3.4380958 4294901760
5.0805397 17.990187 -3.4775653 4294901760
3.9322586 21.920406 -3.4230926 4294901760
7.8819838 23.46146 -3.416177 4294901760
0.97448337 3.4051564 -3.5116301 4294901760
1.3208252 5.6446614 -3.4994042 4294901760
2.218761 7.7530599 -3.4999933 4294901760
2.3071604 9.8598499 -3.480139 4294901760
3.4422159 12.028202 -3.5062532 4294901760
3.2457306 13.870912 -3.466042 4294901760
5.4092464 15.916875 -3.4997973 4294901760
4.7620969 20.351234 -3.4364161 4294901760
5.1422057 17.96851 -3.4765124 4294901760
4.0130572 21.930103 -3.4240069 4294901760
7.9753895 23.467831 -3.4175103 4294901760
0.98737264 3.405216 -3.5132086 4294901760
1.3396289 5.6362696 -3.4980884 4294901760
2.2458091 7.7452679 -3.4996893 4294901760
2.3406475 9.8478909 -3.4791276 4294901760
3.4830739 12.012303 -3.5052528 4294901760
3.2950461 13.863367 -3.4659741 4294901760
5.46736 15.90543 -3.4999337 4294901760
4.84233 20.37331 -3.4386988 4294901760
5.2137752 17.981085 -3.4786012 4294901760
4.0925083 21.931662 -3.4243505 4294901760
8.0637455 23.458735 -3.4178226 4294901760
1.0002756 3.4052267 -3.5147865 4294901760
1.3592966 5.6315589 -3.4978757 4294901760
2.2728336 7.737381 -3.4993846 4294901760
2.3750114 9.8396606 -3.478756 4294901760
3.5283418 12.011493 -3.5063658 4294901760
3.3387561 13.832451 -3.463181 4294901760
5.524159 15.890008 -3.499675 4294901760
4.9284019 20.418344 -3.4428051 4294901760
5.2731428 17.951298 -3.4768469 4294901760
4.1690445 21.91724 -3.4235566 4294901760
8.1600132 23.471931 -3.4196558 4294901760
1.01053 3.398416 -3.5129471 4294901760
1.3797981 5.6345024 -3.4998789 4294901760
2.2984815 7.7298007 -3.4990945 4294901760
2.4057505 9.8240509 -3.4771216 4294901760
3.5692883 12.003529 -3.506444 4294901760
3.3846118 13.821301 -3.4626834 4294901760
5.5807872 15.882874 -3.5002341 4294901760
5.0017848 20.42514 -3.4438982 4294901760
5.3394656 17.956642 -3.4782674 4294901760
4.2432261 21.911131 -3.4233675 4294901760
8.2232485 23.403297 -3.4159467 4294901760
1.0208862 3.3877473 -3.5093827 4294901760
1.4013687 5.6331458 -3.5007572 4294901760
2.3267951 7.7213249 -3.4987736 4294901760
2.4426932 9.819005 -3.47737 4294901760
3.6144013 11.994165 -3.5064738 4294901760
3.4333234 13.801085 -3.4612253 4294901760
5.6376262 15.858562 -3.4991541 4294901760
5.0775714 20.410545 -3.4433885 4294901760
5.4040899 17.933134 -3.4771729 4294901760
4.3258209 21.907179 -3.4233797 4294901760
8.3076286 23.36924 -3.4146805 4294901760
1.0348226 3.3910978 -3.5126712 4294901760
1.4191393 5.62075 -3.4983373 4294901760
2.3560252 7.7206588 -3.5000815 4294901760
2.4769559 9.8104181 -3.4769962 4294901760
3.6597242 11.99286 -3.5075819 4294901760
3.4844019 13.800585 -3.4620602 4294901760
5.688911 15.827539 -3.4973204 4294901760
5.1556301 20.419777 -3.4447408 4294901760
5.471314 17.929411 -3.4778554 4294901760
4.4030576 21.895859 -3.4228628 4294901760
8.4013138 23.373915 -3.4159966 4294901760
1.0477213 3.390929 -3.5142474 4294901760
1.4387467 5.6157627 -3.4981227 4294901760
2.3829558 7.712389 -3.4997745 4294901760
2.5121593 9.805541 -3.4772611 4294901760
3.7038994 11.987597 -3.5081606 4294901760
3.5305698 13.780633 -3.4606264 4294901760
5.7413931 15.800103 -3.4958794 4294901760
5.2337952 20.428717 -3.44609 4294901760
5.5350304 17.914017 -3.4774904 4294901760
4.4794464 21.88036 -3.4220607 4294901760
8.497838 23.385738 -3.4178154 4294901760
1.0589613 3.3874359 -3.5141189 4294901760
1.4563946 5.6072326 -3.4968159 4294901760
2.4085202 7.7044439 -3.4994819 4294901760
2.5446646 9.7971563 -3.4769044 4294901760
3.7388995 11.9601 -3.505595 4294901760
3.5802517 13.784247 -3.4619377 4294901760
5.7951336 15.784714 -3.4956479 4294901760
5.2995095 20.403524 -3.4447384 4294901760
5.5955997 17.899366 -3.4771593 4294901760
4.5544267 21.877108 -3.4221454 4294901760
8.5877342 23.391165 -3.4191713 4294901760
1.0718737 3.3871748 -3.5156944 4294901760
1.47596 5.6021142 -3.4966004 4294901760
2.436584 7.699728 -3.4999802 4294901760
2.583885 9.8073244 -3.4797254 4294901760
3.7806282 11.946976 -3.5051162 4294901760
3.6313889 13.783202 -3.4627676 4294901760
5.8488159 15.760653 -3.4945974 4294901760
5.37782 20.411911 -3.4460814 4294901760
5.6628618 17.894928 -3.4778354 4294901760
4.6291156 21.853266 -3.4207737 4294901760
8.6707277 23.364786 -3.4184494 4294901760
1.0820675 3.3763192 -3.5121298 4294901760
1.4964818 5.5966668 -3.4963739 4294901760
2.4611957 7.6795411 -3.4972358 4294901760
2.6177695 9.7901516 -3.4780498 4294901760
3.8292315 11.948153 -3.5067225 4294901760
3.6798253 13.762117 -3.4613039 4294901760
5.9051399 15.735383 -3.4935136 4294901760
5.4598083 20.419046 -3.4473813 4294901760
5.727191 17.870258 -3.4767332 4294901760
4.7125421 21.851763 -3.4210558 4294901760
8.7534952 23.325375 -3.4169178 4294901760
1.0921392 3.3692639 -3.5102899 4294901760
1.514024 5.5879555 -3.4950664 4294901760
2.4878564 7.6750693 -3.4977489 4294901760
2.650218 9.7814178 -3.4776905 4294901760
3.8725004 11.946714 -3.5078475 4294901760
3.7264786 13.753676 -3.4612515 4294901760
5.9530492 15.704544 -3.4917109 4294901760
5.5316596 20.416233 -3.4478457 4294901760
5.7851868 17.847376 -3.475702 4294901760
4.7892466 21.855513 -3.4216983 4294901760
8.8392839 23.318626 -3.4175055 4294901760
1.1050228 3.3688762 -3.5118647 4294901760
1.5335195 5.5826373 -3.4948499 4294901760
2.5121856 7.658885 -3.4958262 4294901760
2.6832969 9.7682972 -3.4766722 4294901760
3.9117029 11.925584 -3.5063109 4294901760
3.7744629 13.740586 -3.4607184 4294901760
6.016377 15.705984 -3.4934015 4294901760
5.6050029 20.404501 -3.4476612 4294901760
5.8536596 17.846016 -3.4767199 4294901760
4.8689752 21.854248 -3.4220147 4294901760
8.9334784 23.321192 -3.4187989 4294901760
1.1156346 3.3615572 -3.5100176 4294901760
1.554032 5.5809612 -3.4957345 4294901760
2.5376716 7.6463461 -3.49471 4294901760
2.7163205 9.7550621 -3.4756536 4294901760
3.9508104 11.904324 -3.5047741 4294901760
3.8224068 13.727326 -3.4601843 4294901760
6.0841079 15.718314 -3.496264 4294901760
5.6697764 20.361744 -3.4450486 4294901760
5.9222012 17.844389 -3.4777346 4294901760
4.9452372 21.837118 -3.4211996 4294901760
9.0119543 23.282415 -3.4173105 4294901760
1.1267768 3.3578389 -3.5098879 4294901760
1.5725321 5.5757761 -3.4955277 4294901760
2.5655115 7.6453247 -3.4960268 4294901760
2.7497301 9.7498045 -3.4759312 4294901760
3.9890058 11.887393 -3.5037878 4294901760
3.8679111 13.714574 -3.4596758 4294901760
6.1246018 15.668373 -3.4925003 4294901760
5.739439 20.350508 -3.4449005 4294901760
5.981348 17.824652 -3.4770463 4294901760
5.0176306 21.820595 -3.4204235 4294901760
9.096386 23.270994 -3.4176366 4294901760
1.1379097 3.3502541 -3.5080342 4294901760
1.5950748 5.5773826 -3.4975016 4294901760
2.5947757 7.6395845 -3.496506 4294901760
2.7854443 9.7396612 -3.4755309 4294901760
4.0350981 11.880208 -3.5043328 4294901760
3.9170551 13.696483 -3.4586608 4294901760
6.1907673 15.668046 -3.4941509 4294901760
5.8172755 20.340845 -3.4449739 4294901760
6.051764 17.817711 -3.4776731 4294901760
5.091207 21.774851 -3.4175916 4294901760
9.1742764 23.218929 -3.4153397 4294901760
-10.536095 0.74044931 -2.9231911 4278255360
-10.473867 0.77282679 -2.9173539 4278255360
-10.431397 0.80631614 -2.9135578 4278255360
-10.408525 0.84293407 -2.9118187 4278255360
-10.171534 0.89347106 -2.53004 4278255360
-10.149261 0.92901307 -2.8868854 4278255360
-10.130097 0.96292776 -2.8855269 4278255360
-10.123059 0.99435639 -2.8853681 4278255360
-10.141923 0.99620932 -2.5295155 4278255360
-10.156898 0.99768025 -2.2925694 4278255360
-10.111242 1.0324097 -2.8848536 4278255360
-10.122133 1.0335217 -2.5287383 4278255360
-10.637322 0.59657949 -3.292989 4278255360
-10.575534 1.113398 -2.5601363 4278255360
-10.334297 1.1244878 -2.0598514 4278255360
-10.627254 0.63323534 -3.2922108 4278255360
-11.078164 1.2054288 -2.9862592 4278255360
-10.559673 1.1490111 -2.5596111 4278255360
-10.153841 1.1048521 -2.2937572 4278255360
-10.373623 1.1690873 -2.0610962 4278255360
-10.628703 0.6742875 -3.2930868 4278255360
-10.575025 1.1917847 -2.561281 4278255360
-10.087398 1.1725036 -2.0553219 4278255360
-10.650041 0.71297514 -3.2966411 4278255360
-10.566833 1.2282306 -2.561295 4278255360
-9.8612595 1.1776292 -2.0507853 4278255360
-10.627956 0.7450428 -3.2942028 4278255360
-10.396391 1.2415345 -2.5501564 4278255360
-9.9203939 1.2215862 -2.0524302 4278255360
-10.28476 1.2664539 -2.5431206 4278255360
-10.565708 1.3010495 -2.3141408 4278255360
-10.928154 1.3824849 -2.0745034 4278255360
-10.634365 0.82013702 -3.2964294 4278255360
-10.280504 1.3005528 -2.543381 4278255360
-10.62479 1.3441074 -2.3172657 4278255360
-10.623527 0.85661286 -3.2956429 4278255360
-10.624269 0.89588028 -3.2964971 4278255360
-10.172748 1.3609494 -2.897552 4278255360
-10.621077 0.93295819 -3.296793 4278255360
-10.179771 1.398074 -2.8990526 4278255360
-10.488825 1.440519 -1.8196818 4278255360
-10.483146 1.439739 -2.312397 4278255360
-10.598336 0.96452564 -3.2943447 4278255360
-10.333737 1.4523135 -1.8202006 4278255360
-10.320225 1.4504145 -2.3054845 4278255360
-10.587004 1.0007657 -3.2935519 4278255360
-10.265265 1.4792463 -1.8205831 4278255360
-10.156785 0.96009803 -2.7686934 4278255360
-10.78217 1.5537336 -2.580899 4278255360
-10.591164 1.0403384 -3.2949438 4278255360
-10.196465 1.507501 -1.8209742 4278255360
-10.137328 0.99575949 -2.7675331 4278255360
-10.46038 1.5465195 -2.559423 4278255360
-10.125308 0.99457884 -2.4690719 4278255360
-10.210718 1.5096081 -2.3015554 4278255360
-9.9561768 1.0148225 -2.2258279 4278255360
-10.147372 1.5382688 -1.8213266 4278255360
-10.125678 1.0320996 -2.7670977 4278255360
-10.387522 1.5746737 -2.5550795 4278255360
-10.121594 1.0316834 -2.4693632 4278255360
-10.220926 1.549419 -2.3025503 4278255360
-9.9648695 1.0473477 -2.2265368 4278255360
-10.095057 1.562795 -1.8216428 4278255360
-10.146173 1.0664035 -2.7695286 4278255360
-10.331223 1.5993553 -2.5517802 4278255360
-10.255513 1.5876349 -2.3045816 4278255360
-10.224859 1.1107756 -3.2469049 4278255360
-10.065838 1.5942725 -1.8219419 4278255360
-10.294024 1.6304138 -2.5498662 4278255360
-10.29334 1.6303054 -2.3068197 4278255360
-10.497782 1.1793683 -2.0021336 4278255360
-10.03229 1.6266714 -1.8222579 4278255360
-10.287979 1.6681299 -2.5501425 4278255360
-10.326756 1.6744173 -2.3088925 4278255360
-10.183721 1.1782951 -2.2363386 4278255360
-10.149846 1.1743758 -3.238219 4278255360
-10.623008 0.70557791 -3.0844898 4278255360
-9.9992189 1.6553584 -1.8225455 4278255360
-10.290272 1.7035419 -2.5509367 4278255360
-10.407912 1.7230171 -2.313096 4278255360
-10.612545 0.7421003 -3.0838604 4278255360
-9.9854908 1.6889184 -1.8228117 4278255360
-10.307885 1.7434472 -2.552834 4278255360
-10.216229 1.2543944 -3.2490931 4278255360
-10.590059 0.77768439 -3.0818326 4278255360
-10.046899 1.7353998 -2.8934016 4278255360
-9.9795351 1.7237641 -1.8230639 4278255360
-10.256598 1.2593511 -2.7829165 4278255360
-10.345022 1.7868946 -2.5560956 4278255360
-10.504034 1.3269674 -2.2502062 4278255360
-10.203917 1.2890537 -3.2482779 4278255360
-10.615037 0.81678194 -3.0853906 4278255360
-10.009403 1.7649271 -2.8903577 4278255360
-9.9852743 1.7606726 -1.8232964 4278255360
-10.467616 1.3595057 -2.2492416 4278255360
-9.975131 1.7948092 -2.0595405 4278255360
-10.207223 1.3256865 -3.2496367 4278255360
-10.154542 1.3188444 -1.9984722 4278255360
-10.600227 0.8528738 -3.0842912 4278255360
-9.9953413 1.7984456 -2.8897841 4278255360
-9.9711952 1.7941009 -1.8235583 4278255360
-10.22779 1.3283577 -2.7816401 4278255360
-10.255672 1.331979 -2.4819467 4278255360
-9.9775991 1.7952532 -2.2955923 4278255360
-9.9337168 1.8213861 -2.0589919 4278255360
-10.246037 1.3652931 -3.255877 4278255360
-10.134254 1.3503981 -1.9984776 4278255360
-10.597341 0.88802111 -3.0845728 4278255360
-9.9533882 1.8249929 -1.8238122 4278255360
-10.231233 1.3633206 -2.7826264 4278255360
-9.9390936 1.8582556 -2.0595002 4278255360
-10.18617 1.3935208 -3.2485299 4278255360
-10.117589 1.3841387 -1.9985569 4278255360
-10.598139 0.92535359 -3.0853341 4278255360
-9.9789524 1.8657079 -2.8898563 4278255360
-9.9272985 1.8560504 -1.8240885 4278255360
-10.220066 0.89234298 -2.6531832 4278255360
-10.265911 1.4044299 -2.7865422 4278255360
-10.1593 1.389845 -2.477005 4278255360
-10.464684 1.4707136 -2.2505355 4278255360
-9.9872198 1.9051622 -2.0609815 4278255360
-10.224217 1.4369183 -3.2547965 4278255360
-10.116408 1.4217666 -1.9988981 4278255360
-10.289708 0.93643498 -3.049753 4278255360
-9.9642239 1.9007754 -2.8892903 4278255360
-9.9243584 1.8931707 -1.8243402 4278255360
-10.149173 0.92364526 -2.6480944 4278255360
-10.296226 1.4470383 -2.7901077 4278255360
-10.142271 1.4254013 -2.4765387 4278255360
-10.392211 1.4975412 -2.2481589 4278255360
-10.107425 1.456503 -1.9990996 4278255360
-9.9614372 1.936308 -2.8899479 4278255360
-9.8941326 1.9232253 -1.8246181 4278255360
-10.157804 0.96019602 -2.6493258 4278255360
-10.32268 1.4875218 -2.7932956 4278255360
-9.9878216 1.9414366 -2.5354898 4278255360
-10.129326 1.459659 -2.476306 4278255360
-10.280389 1.5162412 -2.2442045 4278255360
-10.33589 1.5244269 -3.2721922 4278255360
-10.086711 1.4876759 -1.9990979 4278255360
-9.9471464 1.9677829 -2.8893542 4278255360
-9.8955469 1.9575751 -1.8248371 4278255360
-10.142651 0.99270719 -2.6486402 4278255360
-9.9774113 1.9737699 -2.5354486 4278255360
-10.140238 1.4955704 -2.4775519 4278255360
-10.282668 1.5551063 -2.2447963 4278255360
-10.393007 1.5717936 -3.2811852 4278255360
-10.08119 1.5246357 -1.9993724 4278255360
-10.148769 1.0308732 -3.0352104 4278255360
-9.9476767 2.0058024 -2.8904343 4278255360
-9.8804646 1.9922501 -1.8251013 4278255360
-10.127034 1.0286655 -2.6479807 4278255360
-9.9701099 2.0103257 -2.5357039 4278255360
-10.124867 1.0284454 -2.410224 4278255360
-10.292671 1.5566192 -2.4877889 4278255360
-10.515034 1.068077 -2.1858537 4278255360
-10.297212 1.5922517 -2.2458293 4278255360
-10.219119 1.5801762 -3.2580225 4278255360
-10.091891 1.560503 -1.9998717 4278255360
-10.145295 1.0645225 -3.0354736 4278255360
-9.9448709 2.0395794 -2.8910763 4278255360
-9.8777208 2.0258076 -1.8253236 4278255360
-10.139441 1.0639085 -2.6495125 4278255360
-9.9516525 2.0409703 -2.5351126 4278255360
-10.117427 1.0615984 -2.4102621 4278255360
-10.303244 1.5931844 -2.4890378 4278255360
-10.372235 1.0883349 -2.1815274 4278255360
-10.335032 1.6350589 -2.247813 4278255360
-10.127317 1.6021972 -3.2463019 4278255360
-10.066628 1.5925959 -1.9998151 4278255360
-10.560621 1.1453854 -3.0852134 4278255360
-9.9337931 2.0734677 -2.8909037 4278255360
-9.854929 2.0570066 -1.8255832 4278255360
-10.286411 1.1156451 -2.6618497 4278255360
-10.214559 1.6159993 -2.7863133 4278255360
-10.309457 1.6310126 -2.4900501 4278255360
-10.102078 1.6343703 -3.2438371 4278255360
-10.053111 1.626448 -1.9999461 4278255360
-10.544702 1.1809143 -3.0840993 4278255360
-9.9303904 2.1089582 -2.8915553 4278255360
-9.8476887 2.0913944 -1.8258201 4278255360
-10.208856 1.6516453 -2.7865746 4278255360
-10.311586 1.6682656 -2.4908125 4278255360
-10.047372 1.6615279 -2.0002022 4278255360
-10.935588 1.2633541 -3.1310692 4278255360
-9.9229689 2.1436067 -2.891793 4278255360
-9.8403282 2.1257546 -1.8260558 4278255360
-10.203029 1.6872686 -2.7868345 4278255360
-10.317523 1.7062025 -2.4918234 4278255360
-10.157674 1.1734841 -2.1756523 4278255360
-10.063034 1.7002287 -3.2405355 4278255360
-10.037567 1.695926 -2.0003936 4278255360
-9.9232054 2.1799431 -2.8928559 4278255360
-9.8211279 2.1575186 -1.8263052 4278255360
-10.204939 1.7242047 -2.7878246 4278255360
-10.335137 1.7462027 -2.4935825 4278255360
-10.027645 1.7302734 -2.0005834 4278255360
-9.9155359 2.2145684 -2.893091 4278255360
-9.8213434 2.1935313 -1.8265282 4278255360
-10.183142 1.7571044 -2.7866197 4278255360
-10.407705 1.795853 -2.4988358 4278255360
-10.23885 1.2916508 -1.9394567 4278255360
-10.015749 1.764243 -3.236136 4278255360
-10.021544 1.7652637 -2.0008357 4278255360
-10.85468 1.369339 -3.1240053 4278255360
-9.8136272 2.2277987 -1.8267599 4278255360
-10.180873 1.7933291 -2.7872415 4278255360
-10.505868 1.3253356 -2.1884842 4278255360
-10.198809 1.320973 -1.9393631 4278255360
-10.005938 1.7967457 -3.2358289 4278255360
-10.027446 1.8006079 -2.0012653 4278255360
-9.8100834 2.2612286 -1.8269742 4278255360
-10.549899 1.3664471 -2.6867073 4278255360
-10.17487 1.8270806 -2.7874837 4278255360
-10.174311 1.3539275 -1.9394369 4278255360
-10.003508 1.8323773 -3.2366238 4278255360
-10.005362 1.8327168 -2.0012598 4278255360
-10.222234 1.3603048 -3.0507216 4278255360
-9.8021317 2.2954588 -1.8272035 4278255360
-10.276098 1.3674728 -2.6653528 4278255360
-10.007534 1.8331147 -2.4753623 4278255360
-10.153669 1.3872685 -1.9395478 4278255360
-10.004851 1.8687423 -3.237963 4278255360
-10.014631 1.870569 -2.0017641 4278255360
-10.17802 1.3905956 -3.0463161 4278255360
-9.7940588 2.3296611 -1.8274316 4278255360
-10.267309 1.4027948 -2.6653054 4278255360
-10.349977 1.9332061 -2.8055601 4278255360
-10.475815 1.4312824 -2.1887743 4278255360
-10.148765 1.4227009 -1.9398142 4278255360
-9.9943705 1.9029102 -3.2376647 4278255360
-10.00411 1.9047648 -2.0019474 4278255360
-10.243996 1.4360508 -3.0549996 4278255360
-9.7975302 2.3666499 -1.8276449 4278255360
-10.258399 1.4380699 -2.6652563 4278255360
-10.29617 1.9603723 -2.8014221 4278255360
-10.161399 0.92118102 -2.5894494 4278255360
-10.486597 1.4700598 -2.1895792 4278255360
-10.119982 1.4547061 -1.9398423 4278255360
-10.779783 2.6437795 -2.0851943 4278255360
-9.9915609 1.9385437 -3.2384562 4278255360
-9.9856215 1.9373912 -2.002001 4278255360
-9.7775555 2.3979797 -1.8278837 4278255360
-10.265165 1.4755756 -2.6664798 4278255360
-10.261868 1.9909879 -2.7991116 4278255360
-10.142223 0.95515066 -2.5885551 4278255360
-10.144614 1.4582469 -2.4174976 4278255360
-10.10323 1.4865084 -1.9399737 4278255360
-10.763195 2.6775787 -2.0852516 4278255360
-9.977294 1.970127 -3.2375972 4278255360
-9.9830666 1.9712669 -2.0022976 4278255360
-10.489736 1.5433756 -3.0859263 4278255360
-9.7734308 2.4313533 -1.8280925 4278255360
-10.272059 1.5113486 -2.6676893 4278255360
-10.266943 2.0273216 -2.8004496 4278255360
-10.135028 0.98838884 -2.5885267 4278255360
-10.131818 1.4907146 -2.4172969 4278255360
-10.385352 1.5280175 -2.1870611 4278255360
-10.097714 1.5235287 -1.9402486 4278255360
-9.8458891 2.4877346 -2.0646927 4278255360
-9.970005 2.0066826 -3.2378526 4278255360
-9.9836159 2.0094221 -2.002682 4278255360
-10.491874 1.5829989 -3.0871475 4278255360
-9.7644539 2.4671586 -1.8283266 4278255360
-10.282233 1.5513686 -2.6692436 4278255360
-10.228177 2.0586452 -2.7977808 4278255360
-10.115452 1.0239211 -2.5876424 4278255360
-10.26852 1.5492997 -2.4257019 4278255360
-10.367819 1.5642817 -2.1869454 4278255360
-10.072568 1.5557145 -1.94031 4278255360
-9.813899 2.5161285 -2.0643821 4278255360
-9.9707136 2.0430655 -3.2391865 4278255360
-9.9569483 2.0402448 -2.0026021 4278255360
-10.486284 1.6196132 -3.0874183 4278255360
-9.7635317 2.5032151 -1.8285401 4278255360
-10.288587 1.5890787 -2.6704652 4278255360
-10.197495 2.0895343 -2.7958298 4278255360
-10.342027 1.5973326 -2.430485 4278255360
-10.128138 1.0609344 -2.3513656 4278255360
-10.393911 1.6053462 -2.1882761 4278255360
-10.508962 1.1379259 -2.1249793 4278255360
-10.063126 1.5902407 -1.940529 4278255360
-9.963522 2.0778575 -3.2394273 4278255360
-9.9615135 2.0774388 -2.0030363 4278255360
-10.488422 1.6574489 -3.0886238 4278255360
-10.800117 2.8091931 -2.9993167 4278255360
-9.758605 2.5382876 -1.8287567 4278255360
-10.298742 1.6274742 -2.6720049 4278255360
-10.221361 2.131629 -2.7990093 4278255360
-10.312708 1.6296812 -2.4293947 4278255360
-11.078003 1.1995424 -2.3999441 4278255360
-10.230677 1.1439373 -2.1177862 4278255360
-10.06541 1.6266342 -1.9408665 4278255360
-10.716532 2.8274271 -2.0860589 4278255360
-9.9484444 2.1109772 -3.2385747 4278255360
-9.9698515 2.1155195 -2.0035343 4278255360
-9.74195 2.5702956 -1.8289838 4278255360
-10.304814 1.6653236 -2.6732254 4278255360
-10.159258 2.15571 -2.794121 4278255360
-10.306955 1.6656696 -2.4296587 4278255360
-10.822824 2.8554709 -2.349076 4278255360
-10.056303 1.6575977 -1.9410573 4278255360
-10.715325 2.8631463 -2.0864532 4278255360
-9.9495211 2.1438928 -3.2398815 4278255360
-10.461502 1.7243873 -3.0872595 4278255360
-10.79279 2.8838451 -3.0010195 4278255360
-9.7415552 2.6029539 -1.8291723 4278255360
-10.311344 1.6996365 -2.6744189 4278255360
-9.9614697 2.1464672 -2.7763667 4278255360
-10.813661 2.8894217 -2.6102726 4278255360
-10.317441 1.7006415 -2.4308 4278255360
-10.038033 1.6942019 -1.9412173 4278255360
-9.7662315 2.6497655 -2.0649927 4278255360
-9.9489679 2.1837816 -3.241235 4278255360
-9.9587469 2.1859281 -2.0040751 4278255360
-10.458726 1.7652059 -3.0880198 4278255360
-10.670171 2.8950217 -2.9892654 4278255360
-9.7469301 2.6445286 -1.8293958 4278255360
-10.324415 1.742537 -2.6763024 4278255360
-10.116703 2.2205992 -2.7920377 4278255360
-10.391008 2.2808087 -1.763724 4278255360
-10.338415 1.7449 -2.432672 4278255360
-10.020232 1.7271903 -1.9413499 4278255360
-9.7376404 2.6785338 -2.0647614 4278255360
-9.9374123 2.2176304 -3.2409246 4278255360
-10.323167 1.7794073 -3.072824 4278255360
-9.7260704 2.6753514 -1.8296224 4278255360
-10.341863 1.7826298 -2.6784787 4278255360
-10.089436 2.2515559 -2.7904427 4278255360
-10.391326 1.7911558 -2.4363294 4278255360
-9.8634176 2.7131314 -2.3058174 4278255360
-10.010201 1.761464 -1.9415615 4278255360
-9.739789 2.7157311 -2.0652444 4278255360
-9.9334803 2.2531829 -3.2417054 4278255360
-10.027048 1.7644284 -3.0384083 4278255360
-9.8210497 2.738389 -2.9001842 4278255360
-9.739789 2.7157311 -1.8298151 4278255360
-10.378805 1.826326 -2.6822519 4278255360
-9.8393688 2.7434969 -2.5435197 4278255360
-9.8538866 2.747545 -2.3060346 4278255360
-10.530421 1.3639261 -2.1279767 4278255360
-10.011867 1.7978121 -1.9418932 4278255360
-9.7610407 2.7584171 -2.066175 4278255360
-9.9178209 2.2860637 -3.2408457 4278255360
-10.222437 1.3240352 -1.8796868 4278255360
-9.9664927 2.2972825 -2.0053005 4278255360
-10.016913 1.7987183 -3.0381906 4278255360
-9.7148542 2.7453649 -1.8300424 4278255360
-9.8374166 2.7800004 -2.5442865 4278255360
-10.280249 1.846005 -2.4311855 4278255360
-9.8365421 2.7797532 -2.3058851 4278255360
-10.509738 1.3985655 -2.1278193 4278255360
-10.013398 1.8341906 -1.942224 4278255360
-9.747508 2.7913718 -2.066298 4278255360
-9.9213696 2.3233838 -3.2427175 4278255360
-10.209823 1.3586549 -1.8799254 4278255360
-9.9155712 2.3220258 -2.0048163 4278255360
-10.006662 1.8329567 -3.0379715 4278255360
-9.8093491 2.8090813 -2.9014425 4278255360
-9.7167473 2.782563 -1.8302439 4278255360
-9.8161364 2.8110249 -2.5436738 4278255360
-10.033996 1.8379635 -2.4176126 4278255360
-9.8190928 2.8118713 -2.3057339 4278255360
-10.026423 1.8365762 -2.1795495 4278255360
-10.508755 1.4357821 -2.1282053 4278255360
-10.006936 1.8691306 -1.9424726 4278255360
-9.745389 2.8276074 -2.0666888 4278255360
-9.9247818 2.3607545 -3.2445889 4278255360
-10.205018 1.3942834 -1.8801944 4278255360
-9.9307537 2.362175 -2.0054388 4278255360
-10.004113 1.8686035 -3.0386887 4278255360
-9.8071346 2.8455229 -2.9024847 4278255360
-9.7108164 2.8175762 -1.8304511 4278255360
-10.615398 1.4503525 -2.6307762 4278255360
-9.8139343 2.8474958 -2.5444379 4278255360
-9.8168964 2.8483553 -2.3063123 4278255360
-10.539324 1.477453 -2.1294641 4278255360
-9.9964218 1.9033022 -1.942679 4278255360
-9.7431326 2.8638637 -2.0670786 4278255360
-9.9357672 2.4000428 -3.2475529 4278255360
-10.188205 1.4282315 -1.8804137 4278255360
-9.99753 1.9035132 -3.0389359 4278255360
-9.7780361 2.8741229 -2.9006214 4278255360
-9.7047596 2.8525841 -1.8306572 4278255360
-9.8154278 2.8851137 -2.5454769 4278255360
-9.8068943 2.8826053 -2.3065238 4278255360
-9.9825373 1.9331766 -1.9428186 4278255360
-9.7417555 2.896739 -2.0674467 4278255360
-9.9590092 2.4387958 -3.2521346 4278255360
-10.171789 1.4585288 -1.8806046 4278255360
-9.9032145 2.4251325 -2.0056782 4278255360
-9.9954033 1.9356683 -3.0396266 4278255360
-9.7842293 2.9093685 -2.9024704 4278255360
-9.6957493 2.8830588 -1.8308445 4278255360
-10.324997 1.4804972 -2.6103408 4278255360
-9.7986603 2.9136598 -2.5451148 4278255360
-10.183311 1.4601809 -2.359565 4278255360
-9.8054523 2.9156792 -2.3070791 4278255360
-9.9832335 1.9713017 -1.9431574 4278255360
-9.7463913 2.9370413 -2.0680251 4278255360
-9.9962111 2.4867764 -3.2589388 4278255360
-10.150547 1.4934717 -1.8808172 4278255360
-9.9059029 2.4643102 -2.0061133 4278255360
-9.9882421 1.9722906 -3.0398836 4278255360
-9.7925653 2.9509559 -2.9047649 4278255360
-9.7004366 2.923193 -1.8310494 4278255360
-10.327399 1.5194924 -2.6112139 4278255360
-9.799386 2.953011 -2.5461621 4278255360
-10.173937 1.4969132 -2.3596408 4278255360
-9.7870455 2.9492922 -2.3069327 4278255360
-9.9802132 2.0069239 -1.943442 4278255360
-9.732255 2.9698753 -2.0681417 4278255360
-10.025944 2.5313661 -3.2646382 4278255360
-10.129451 1.5265082 -1.8810143 4278255360
-9.8894863 2.4969132 -2.0062079 4278255360
-9.9812975 2.0071418 -3.0401273 4278255360
-9.7860155 2.9862807 -2.9053876 4278255360
-9.6786976 2.9535317 -1.8312643 4278255360
-10.329927 1.5567201 -2.6120725 4278255360
-9.7966576 2.9895282 -2.546922 4278255360
-10.196315 1.5365846 -2.3613224 4278255360
-9.799633 2.9904361 -2.3082392 4278255360
-9.9813414 2.0416121 -1.9437546 4278255360
-9.7185316 3.0009527 -2.0682466 4278255360
-10.03287 2.5685363 -3.2670434 4278255360
-10.128286 1.5606998 -1.8812793 4278255360
-9.8889008 2.5316784 -2.0065529 4278255360
-9.9745865 2.0402305 -3.0403574 4278255360
-9.772254 3.0175412 -2.9051688 4278255360
-9.7376404 3.0068531 -1.8314059 4278255360
-10.332601 1.5921832 -2.6129169 4278255360
-9.794322 3.0243554 -2.5476708 4278255360
-9.7896624 3.0229168 -2.3084357 4278255360
-9.9620438 2.0757368 -1.9438839 4278255360
-9.7189169 3.0401371 -2.0687318 4278255360
-10.027227 2.606292 -3.2678287 4278255360
-10.110644 1.5959431 -1.8815027 4278255360
-9.8834267 2.5689149 -2.0068533 4278255360
-9.9709339 2.0775893 -3.04108 4278255360
-9.7725306 3.0569077 -2.90663 4278255360
-9.7456398 3.0484958 -1.8316063 4278255360
-10.338523 1.6319133 -2.6140831 4278255360
-9.7946024 3.0638118 -2.5487154 4278255360
-10.315617 1.6282974 -2.3685372 4278255360
-9.7861452 3.0611663 -2.3090179 4278255360
-10.782808 2.8428998 -2.2822766 4278255360
-9.9625635 2.1121552 -1.9442064 4278255360
-9.7463789 3.0861158 -2.0698383 4278255360
-10.014232 2.640264 -3.2675066 4278255360
-10.093165 1.6293117 -1.8817111 4278255360
-9.8743992 2.6033969 -2.0070755 4278255360
-9.9636221 2.1123796 -3.0413198 4278255360
-9.7693949 3.0934036 -2.9076648 4278255360
-10.332764 1.6679894 -2.6143475 4278255360
-9.799077 3.1028023 -2.5500247 4278255360
-10.826665 2.8544629 -2.545017 4278255360
-10.30987 1.6642935 -2.3688014 4278255360
-9.8058901 3.1049597 -2.3106892 4278255360
-9.9515934 2.1443384 -1.9443915 4278255360
-9.7856092 3.1342802 -2.0712063 4278255360
-10.013089 2.6755071 -3.2688143 4278255360
-10.071919 1.6601709 -1.881888 4278255360
-9.8657122 2.6361275 -2.0072854 4278255360
-9.9487867 2.1437335 -3.0406072 4278255360
-9.7742548 3.1306434 -2.9095192 4278255360
-9.942955 2.1424768 -2.6555369 4278255360
-10.323236 1.7015959 -2.6143019 4278255360
-9.8343687 3.1498976 -2.5535345 4278255360
-10.339786 1.7043236 -2.3708773 4278255360
-9.9557705 2.1816316 -1.9447534 4278255360
-10.054232 1.6933259 -1.8820927 4278255360
-9.8603106 2.6715956 -2.007571 4278255360
-9.9451284 2.1792996 -3.0413141 4278255360
-9.9239845 2.6888475 -2.7882588 4278255360
-10.329043 1.7396096 -2.6154518 4278255360
-9.8739519 2.6752915 -2.4844773 4278255360
-10.39289 1.7503626 -2.3741848 4278255360
-9.94419 2.2155008 -1.944948 4278255360
-9.8602476 2.7085593 -3.2500913 4278255360
-10.040376 1.7270555 -1.8823127 4278255360
-9.8624964 2.709177 -2.0079877 4278255360
-9.9335785 2.2131367 -3.04108 4278255360
-10.358315 1.7817447 -2.6183774 4278255360
-9.8529978 2.7065678 -2.4839394 4278255360
-9.8412724 2.7403252 -2.2459354 4278255360
-9.9324942 2.2493136 -1.945141 4278255360
-9.8660231 2.7472174 -3.2524993 4278255360
-10.030345 1.7613984 -1.8825481 4278255360
-9.8568325 2.744658 -2.0082712 4278255360
-9.8588829 2.745229 -2.7842772 4278255360
-9.8434896 2.7409427 -2.4841564 4278255360
-10.054272 1.8018035 -2.1205919 4278255360
-9.8239498 2.7724915 -2.2458322 4278255360
-9.9245815 2.2839735 -1.9453744 4278255360
-9.8792858 2.7881081 -3.2560024 4278255360
-10.020199 1.7956972 -1.8827822 4278255360
-9.8548908 2.7812235 -2.00862 4278255360
-9.8338928 2.7752974 -2.7830195 4278255360
-9.8223286 2.7720337 -2.4836149 4278255360
-10.035666 1.7984691 -2.3574839 4278255360
-9.8103685 2.8056676 -2.2458868 4278255360
-9.9282331 2.3213351 -1.9457324 4278255360
-9.8542337 2.8182127 -3.2540264 4278255360
-10.006001 1.8292251 -1.8829974 4278255360
-9.8412762 2.814507 -2.0087683 4278255360
-9.8241453 2.8096077 -2.7832339 4278255360
-10.040657 1.8355607 -2.5966318 4278255360
-9.8087521 2.8052056 -2.4835768 4278255360
-10.253424 1.8744572 -2.3693287 4278255360
-10.022115 1.8665377 -2.1205273 4278255360
-9.7971697 2.8370728 -2.2459295 4278255360
-9.9243736 2.3551698 -1.9459939 4278255360
-9.8410215 2.8497715 -3.2536814 4278255360
-9.9998789 1.8623965 -1.8832334 4278255360
-9.8242054 2.8449018 -2.0088382 4278255360
-9.8224325 2.8443885 -2.7841735 4278255360
-9.8070698 2.8399396 -2.4842839 4278255360
-10.015207 1.9032558 -2.1207874 4278255360
-9.7790337 2.8707073 -2.245832 4278255360
-9.9156752 2.391526 -1.9462353 4278255360
-9.8419342 2.8891723 -3.2555485 4278255360
-9.9969158 1.8997798 -1.8835106 4278255360
-9.8329029 2.8865209 -2.0093935 4278255360
-9.8157682 2.8814909 -2.7847645 4278255360
-9.8119268 2.8803632 -2.4855165 4278255360
-9.776618 2.907105 -2.2463613 4278255360
-9.8956108 2.4232702 -1.9463372 4278255360
-9.8279848 2.922379 -3.2552114 4278255360
-9.9862967 1.9339039 -1.883739 4278255360
-9.826601 2.9219675 -2.0096712 4278255360
-9.8247557 2.9214187 -2.7868187 4278255360
-9.7979832 2.9134576 -2.4854741 4278255360
-9.7778969 2.9446731 -2.2470493 4278255360
-9.8948555 2.4597273 -1.9466488 4278255360
-9.9279079 2.98985 -3.2713196 4278255360
-9.9794846 1.9687511 -1.8839836 4278255360
-9.8201714 2.9574044 -2.0099475 4278255360
-10.849144 2.6969507 -3.161247 4278255360
-9.7992287 2.9510975 -2.7855532 4278255360
-9.7877531 2.9476416 -2.4856832 4278255360
-9.7719011 2.9782495 -2.2474065 4278255360
-9.8866434 2.4925292 -1.9468634 4278255360
-9.9729013 2.0018363 -1.884215 4278255360
-9.8179617 2.9922876 -2.0102792 4278255360
-9.7932014 2.9847414 -2.7861197 4278255360
-9.7893867 2.9835789 -2.4866393 4278255360
-9.7690878 3.0146976 -2.2479327 4278255360
-9.8856335 2.5290055 -1.947173 4278255360
-9.8201218 3.0304465 -3.2591164 4278255360
-9.9619341 2.0358329 -1.8844392 4278255360
-9.8074579 3.0265384 -2.0104864 4278255360
-10.818975 2.7677789 -3.1603167 4278255360
-9.7979612 3.023608 -2.7878022 4278255360
-9.7941828 3.0224416 -2.4878576 4278255360
-9.7661371 3.0511651 -2.2484579 4278255360
-9.888361 2.5665126 -1.9475242 4278255360
-9.8019075 3.0623405 -3.2582257 4278255360
-9.958684 2.071409 -1.884698 4278255360
-9.796833 3.060755 -2.0106924 4278255360
-9.7873468 3.0577915 -2.788008 4278255360
-9.9658203 2.0728934 -2.5962591 4278255360
-9.7835722 3.056612 -2.4880633 4278255360
-9.7783012 3.092468 -2.2496228 4278255360
-9.8677378 2.5979559 -1.9476186 4278255360
-9.8857422 3.1264472 -3.2721436 4278255360
-9.9553051 2.1069846 -1.8849558 4278255360
-9.8204136 3.1057866 -2.0115004 4278255360
-9.8763647 2.6002274 -3.0478146 4278255360
-9.7956209 3.0979457 -2.7900579 4278255360
-10.826913 2.8504853 -2.4797146 4278255360
-9.7918854 3.0967643 -2.4895329 4278255360
-9.8131428 3.1412096 -2.2517486 4278255360
-9.870203 2.6354811 -1.9479676 4278255360
-9.9557095 2.1434064 -1.8852308 4278255360
-9.8476067 3.1522417 -2.0123756 4278255360
-9.8557014 2.631609 -3.046623 4278255360
-9.8265133 3.1454895 -2.7943225 4278255360
-9.8380823 3.1491928 -2.4935338 4278255360
-9.8652697 2.6692429 -1.9482192 4278255360
-9.940733 2.1746998 -1.8854196 4278255360
-9.854598 2.6663554 -3.0477734 4278255360
-10.827289 2.9295359 -2.7432287 4278255360
-9.8931541 2.6767874 -2.4259377 4278255360
-9.8631344 2.7075028 -1.9485345 4278255360
-9.9365988 2.2119911 -1.8856858 4278255360
-9.9904928 2.7424636 -3.0659025 4278255360
-10.88574 2.9882159 -2.7492735 4278255360
-9.8527527 2.704653 -2.1861682 4278255360
-9.861331 2.7440577 -1.9488378 4278255360
-9.9366207 2.2484267 -1.8859575 4278255360
-10.011512 2.7858477 -3.0698917 4278255360
-9.8449974 2.7395129 -2.6632409 4278255360
-9.8583488 2.7432277 -2.4254694 4278255360
-9.847106 2.7400994 -2.1865215 4278255360
-9.8439932 2.7762926 -1.9489678 4278255360
-9.9209146 2.2813056 -1.8861538 4278255360
-10.001726 2.8207777 -3.070111 4278255360
-9.8353748 2.7738619 -2.6634567 4278255360
-9.8448677 2.7765391 -2.4254563 4278255360
-9.8451777 2.7766266 -2.1870096 4278255360
-9.8501167 2.8133154 -1.9493444 4278255360
-9.9288759 2.3178296 -1.8864491 4278255360
-9.9923172 2.8539295 -3.0703182 4278255360
-9.8222857 2.8053665 -2.6633384 4278255360
-9.839447 2.8102682 -2.4258895 4278255360
-9.8282261 2.8070631 -2.1869411 4278255360
-9.8402367 2.847682 -1.949558 4278255360
-9.9090481 2.3497055 -1.886624 4278255360
-9.9937544 2.8921089 -3.0719492 4278255360
-9.8200989 2.8418543 -2.6641958 4278255360
-9.8295774 2.8445973 -2.4261029 4278255360
-9.818367 2.8413532 -2.1871543 4278255360
-9.8455906 2.8865125 -1.9499437 4278255360
-9.9085646 2.3861508 -1.8868914 4278255360
-9.9759665 2.9247358 -3.0712218 4278255360
-9.8216076 2.8794811 -2.6653743 4278255360
-9.8234234 2.8800135 -2.4265444 4278255360
-9.8083906 2.8756061 -2.1873662 4278255360
-9.8316193 2.9197266 -1.9501116 4278255360
-9.9040594 2.4216764 -1.8871388 4278255360
-9.973321 2.961808 -3.0723791 4278255360
-9.8229713 2.9171584 -2.6665523 4278255360
-9.8133097 2.914289 -2.4267554 4278255360
-9.7982922 2.9098291 -2.1875768 4278255360
-9.8333759 2.9557655 -1.9504415 4278255360
-9.8998585 2.455467 -1.8873738 4278255360
-9.9710608 2.9971514 -3.0735247 4278255360
-9.8056011 2.9474168 -2.6661067 4278255360
-9.8074188 2.947963 -2.4271839 4278255360
-9.8000774 2.9457564 -2.188185 4278255360
-9.8311739 2.9906864 -1.950727 4278255360
-9.8877811 2.4873073 -1.8875695 4278255360
-9.9648733 3.0313582 -3.0741978 4278255360
-9.7995911 2.9810789 -2.6666269 4278255360
-9.8128805 2.9851215 -2.4283004 4278255360
-9.7979069 2.9805665 -2.1886561 4278255360
-9.8321419 3.0285184 -1.9510657 4278255360
-9.8906641 2.5247748 -1.887852 4278255360
-9.9580307 3.0672948 -3.0748799 4278255360
-9.8043785 3.0199666 -2.6681242 4278255360
-9.8100367 3.0217094 -2.4289672 4278255360
-9.7989082 3.0182817 -2.1892731 4278255360
-9.8286133 3.0669177 -1.95137 4278255360
-9.8813448 2.5610092 -1.8880869 4278255360
-9.946722 3.1037722 -3.0750997 4278255360
-9.8008633 3.0582585 -2.6689858 4278255360
-9.810338 3.0612152 -2.429873 4278255360
-9.7877798 3.0541761 -2.1894891 4278255360
-9.8369198 3.1072321 -1.9517944 4278255360
-9.8800821 2.5975208 -1.888348 4278255360
-9.9434118 3.1408703 -3.0762513 4278255360
-9.793932 3.0936534 -2.6695132 4278255360
-9.8148346 3.100256 -2.4309974 4278255360
-10.811336 2.8423519 -2.41342 4278255360
-9.8037519 3.0967553 -2.1906517 4278255360
-9.852685 3.1500752 -1.9523058 4278255360
-9.8709555 2.6319904 -1.8885692 4278255360
-9.7770767 3.1259019 -3.0571051 4278255360
-9.8058796 3.1351109 -2.6716535 4278255360
-10.84989 2.8930132 -2.6784158 4278255360
-9.8344011 3.1442294 -2.4330409 4278255360
-10.820657 2.8852189 -2.4146895 4278255360
-9.8385916 3.1455693 -2.1924982 4278255360
-9.8621721 2.66471 -1.8887781 4278255360
-9.7855768 3.1644254 -3.0596573 4278255360
-9.8657398 2.665674 -2.3645463 4278255360
-9.8707628 2.704037 -2.1272137 4278255360
-9.8566694 2.700176 -1.8890164 4278255360
-9.8636045 2.7020757 -2.6039281 4278255360
-9.8640842 2.7022073 -2.3651762 4278255360
-9.8646402 2.7412682 -2.1275549 4278255360
-9.8467064 2.7362845 -1.8892446 4278255360
-9.8536339 2.7382097 -2.6041565 4278255360
-9.8618155 2.7404833 -2.3658161 4278255360
-9.8631945 2.7761328 -2.1279862 4278255360
-9.8491297 2.7721739 -1.8895092 4278255360
-9.8444996 2.7708709 -2.6043618 4278255360
-9.8449793 2.7710059 -2.3656099 4278255360
-9.8495979 2.8094482 -2.1280885 4278255360
-9.8393927 2.8065374 -1.8897241 4278255360
-9.8347683 2.8052182 -2.6045766 4278255360
-9.8314028 2.8042583 -2.3656189 4278255360
-9.8430767 2.8466439 -2.1284261 4278255360
-9.8367252 2.8448069 -1.8899883 4278255360
-9.8282557 2.8423576 -2.6050997 4278255360
-9.8210583 2.840276 -2.3658431 4278255360
-9.8330803 2.8809831 -2.1286385 4278255360
-9.8267355 2.8791239 -1.8902006 4278255360
-9.8221045 2.8777673 -2.6056108 4278255360
-9.8149195 2.8756623 -2.366261 4278255360
-9.8239813 2.9118581 -2.1288285 4278255360
-9.8253117 2.9122524 -1.8904308 4278255360
-9.8283243 2.9131455 -2.6069973 4278255360
-9.8173332 2.9098876 -2.3670692 4278255360
-9.8214178 2.9484327 -2.1292651 4278255360
-9.8150864 2.946532 -1.8906407 4278255360
-9.8142729 2.9462879 -2.6069081 4278255360
-9.8109446 2.9452887 -2.3674853 4278255360
-9.8215027 2.9896164 -2.1298347 4278255360
-9.8228331 2.9900212 -1.8909717 4278255360
-9.8067064 2.9851124 -2.6074367 4278255360
-9.80721 2.9852657 -2.3681273 4278255360
-9.8158846 3.0216362 -2.1301348 4278255360
-9.8325052 3.0267525 -1.8912604 4278255360
-9.8049107 3.0182581 -2.608222 4278255360
-9.8016024 3.0172398 -2.3685203 4278255360
-9.8090954 3.0570695 -2.1304545 4278255360
-9.8256998 3.0622444 -1.8914876 4278255360
-9.805748 3.0560265 -2.6093264 4278255360
-9.7948265 3.0526228 -2.3689327 4278255360
-9.8098059 3.0949013 -2.1310005 4278255360
-9.8492804 3.1073551 -1.8918779 4278255360
-9.8102484 3.0950408 -2.6107295 4278255360
-9.8222256 3.0988197 -2.3712034 4278255360
-9.8560905 3.1473746 -2.1329095 4278255360
-9.8488178 3.1450522 -2.6148283 4278255360
-9.8532286 3.1464605 -2.3736808 4278255360
