{
"type": "FeatureCollection",
"name": "wards_hyderabad",
"features": [
{ "type": "Feature", "id": 0, "properties": { "Name": "Ward 91 Khairatabad", "tessellate": -1, "extrude": 0, "visibility": -1, "_id": "relation/7848799", "admin_level": "10", "boundary": "administrative", "type": "boundary", "_timestamp": "2017-12-31T19:13:10", "_version": "5", "_changeset": "55064631", "_user": "adivik2000", "_uid": "250196" }, "geometry": { "type": "Polygon", "coordinates": [ [ [ 17.4267554, 78.4524303, 0.0 ], [ 17.4275129, 78.4529212, 0.0 ], [ 17.4282601, 78.4532376, 0.0 ], [ 17.4284712, 78.4535703, 0.0 ], [ 17.4287847, 78.4546592, 0.0 ], [ 17.4285263, 78.456054, 0.0 ], [ 17.4277458, 78.457143, 0.0 ], [ 17.4270894, 78.4575372, 0.0 ], [ 17.426392, 78.4575453, 0.0 ], [ 17.4251585, 78.4572234, 0.0 ], [ 17.4239813, 78.4578028, 0.0 ], [ 17.4227632, 78.4623679, 0.0 ], [ 17.4220748, 78.4627354, 0.0 ], [ 17.4199942, 78.4622231, 0.0 ], [ 17.4186992, 78.4653291, 0.0 ], [ 17.4222514, 78.4651038, 0.0 ], [ 17.4233518, 78.4646076, 0.0 ], [ 17.4237561, 78.4634676, 0.0 ], [ 17.4252404, 78.4627595, 0.0 ], [ 17.4261591, 78.4622848, 0.0 ], [ 17.4275283, 78.4620675, 0.0 ], [ 17.4286568, 78.4620782, 0.0 ], [ 17.4302444, 78.4630004, 0.0 ], [ 17.4319339, 78.4639817, 0.0 ], [ 17.4354127, 78.4660774, 0.0 ], [ 17.4365526, 78.4669894, 0.0 ], [ 17.4370427, 78.467979, 0.0 ], [ 17.4376837, 78.4711951, 0.0 ], [ 17.4375916, 78.4719461, 0.0 ], [ 17.43736, 78.4726783, 0.0 ], [ 17.4368341, 78.4735501, 0.0 ], [ 17.4360754, 78.4743413, 0.0 ], [ 17.4343263, 78.4728205, 0.0 ], [ 17.4330967, 78.4732523, 0.0 ], [ 17.4311519, 78.4723511, 0.0 ], [ 17.4285724, 78.4723833, 0.0 ], [ 17.4284905, 78.4739604, 0.0 ], [ 17.4301385, 78.4775332, 0.0 ], [ 17.4308051, 78.4773481, 0.0 ], [ 17.4317571, 78.4787214, 0.0 ], [ 17.4321358, 78.4788877, 0.0 ], [ 17.4333641, 78.4779382, 0.0 ], [ 17.4343365, 78.4783941, 0.0 ], [ 17.4341613, 78.4793248, 0.0 ], [ 17.4333129, 78.4825856, 0.0 ], [ 17.4332247, 78.4829244, 0.0 ], [ 17.4319196, 78.4854295, 0.0 ], [ 17.4306708, 78.4864273, 0.0 ], [ 17.4294629, 78.4866526, 0.0 ], [ 17.4288334, 78.4865024, 0.0 ], [ 17.4275487, 78.4856012, 0.0 ], [ 17.4276102, 78.4852954, 0.0 ], [ 17.427683, 78.4846115, 0.0 ], [ 17.4267656, 78.4841957, 0.0 ], [ 17.4266121, 78.4835949, 0.0 ], [ 17.4260158, 78.4836379, 0.0 ], [ 17.4260017, 78.4841689, 0.0 ], [ 17.4256332, 78.4846464, 0.0 ], [ 17.4253491, 78.4843969, 0.0 ], [ 17.4249576, 78.4842414, 0.0 ], [ 17.4248322, 78.4843326, 0.0 ], [ 17.4255564, 78.4847456, 0.0 ], [ 17.4253722, 78.4850916, 0.0 ], [ 17.4252186, 78.4851426, 0.0 ], [ 17.4250625, 78.4854993, 0.0 ], [ 17.4250702, 78.4859875, 0.0 ], [ 17.4248604, 78.4860438, 0.0 ], [ 17.4239353, 78.485848, 0.0 ], [ 17.4159967, 78.4798237, 0.0 ], [ 17.4087334, 78.4754517, 0.0 ], [ 17.408297, 78.4741455, 0.0 ], [ 17.4078837, 78.4712889, 0.0 ], [ 17.407812, 78.4684216, 0.0 ], [ 17.4073653, 78.4679282, 0.0 ], [ 17.4070915, 78.4676117, 0.0 ], [ 17.4069111, 78.4675205, 0.0 ], [ 17.4064542, 78.4673354, 0.0 ], [ 17.4060012, 78.4672764, 0.0 ], [ 17.4051989, 78.467389, 0.0 ], [ 17.4027137, 78.4680703, 0.0 ], [ 17.4028404, 78.46652, 0.0 ], [ 17.4042161, 78.4643259, 0.0 ], [ 17.4031232, 78.4629888, 0.0 ], [ 17.4026446, 78.4614157, 0.0 ], [ 17.4031232, 78.4601256, 0.0 ], [ 17.4029056, 78.4590071, 0.0 ], [ 17.4089906, 78.4582708, 0.0 ], [ 17.4091992, 78.4578135, 0.0 ], [ 17.4112057, 78.458645, 0.0 ], [ 17.4121168, 78.4605547, 0.0 ], [ 17.4130689, 78.4601095, 0.0 ], [ 17.4113132, 78.4564027, 0.0 ], [ 17.4110572, 78.4553003, 0.0 ], [ 17.4112927, 78.4540262, 0.0 ], [ 17.4128027, 78.4537634, 0.0 ], [ 17.4132582, 78.4534469, 0.0 ], [ 17.4128104, 78.4527307, 0.0 ], [ 17.4131405, 78.4501478, 0.0 ], [ 17.4140567, 78.4506466, 0.0 ], [ 17.414928, 78.4497057, 0.0 ], [ 17.4155769, 78.4490051, 0.0 ], [ 17.4175629, 78.4490105, 0.0 ], [ 17.4181822, 78.4488174, 0.0 ], [ 17.4188886, 78.4484687, 0.0 ], [ 17.4194695, 78.4480154, 0.0 ], [ 17.4210089, 78.4486685, 0.0 ], [ 17.4225482, 78.449386, 0.0 ], [ 17.4233108, 78.4489086, 0.0 ], [ 17.4240018, 78.4481468, 0.0 ], [ 17.4252251, 78.4485867, 0.0 ], [ 17.4259979, 78.4500861, 0.0 ], [ 17.4266505, 78.4519153, 0.0 ], [ 17.4267554, 78.4524303, 0.0 ] ] ] } },
{ "type": "Feature", "id": 1, "properties": { "Name": "Ward 105 Gachibowli", "tessellate": -1, "extrude": 0, "visibility": -1, "_id": "relation/7848824", "admin_level": "10", "boundary": "administrative", "type": "boundary", "_timestamp": "2018-01-01T21:02:32", "_version": "4", "_changeset": "55086287", "_user": "adivik2000", "_uid": "250196" }, "geometry": { "type": "Polygon", "coordinates": [ [ [ 17.4800947, 78.3107827, 0.0 ], [ 17.4793783, 78.3196233, 0.0 ], [ 17.4785392, 78.3196877, 0.0 ], [ 17.4777, 78.3199237, 0.0 ], [ 17.4775158, 78.3214257, 0.0 ], [ 17.4782731, 78.3224986, 0.0 ], [ 17.4782475, 78.3228795, 0.0 ], [ 17.4780582, 78.3233301, 0.0 ], [ 17.4777819, 78.3237485, 0.0 ], [ 17.4767279, 78.3244888, 0.0 ], [ 17.4756789, 78.325154, 0.0 ], [ 17.4733814, 78.3266561, 0.0 ], [ 17.4711709, 78.3296226, 0.0 ], [ 17.470603, 78.3299069, 0.0 ], [ 17.4690372, 78.3304326, 0.0 ], [ 17.4672871, 78.3317737, 0.0 ], [ 17.466146, 78.3327393, 0.0 ], [ 17.4651687, 78.333544, 0.0 ], [ 17.4638024, 78.3344291, 0.0 ], [ 17.4618476, 78.3354698, 0.0 ], [ 17.4605376, 78.3368431, 0.0 ], [ 17.4575286, 78.3390371, 0.0 ], [ 17.4566485, 78.3396916, 0.0 ], [ 17.4552207, 78.3411668, 0.0 ], [ 17.4543098, 78.3420466, 0.0 ], [ 17.4523652, 78.3436774, 0.0 ], [ 17.4515387, 78.3446, 0.0 ], [ 17.4511268, 78.3453671, 0.0 ], [ 17.4505306, 78.3465232, 0.0 ], [ 17.4501902, 78.3470248, 0.0 ], [ 17.445308, 78.3520995, 0.0 ], [ 17.4434299, 78.3544867, 0.0 ], [ 17.4413469, 78.3591805, 0.0 ], [ 17.4384912, 78.3637081, 0.0 ], [ 17.4346323, 78.368064, 0.0 ], [ 17.4322268, 78.3705209, 0.0 ], [ 17.4302819, 78.3729134, 0.0 ], [ 17.4288079, 78.374394, 0.0 ], [ 17.4271496, 78.3762286, 0.0 ], [ 17.4253685, 78.3782993, 0.0 ], [ 17.4225535, 78.3817004, 0.0 ], [ 17.4216424, 78.3834706, 0.0 ], [ 17.4196155, 78.3861957, 0.0 ], [ 17.4186635, 78.3874188, 0.0 ], [ 17.4178036, 78.3887385, 0.0 ], [ 17.4162271, 78.3915226, 0.0 ], [ 17.414968, 78.3927511, 0.0 ], [ 17.4139545, 78.3941029, 0.0 ], [ 17.4130946, 78.394744, 0.0 ], [ 17.4128553, 78.3949491, 0.0 ], [ 17.4102793, 78.3948217, 0.0 ], [ 17.4103919, 78.391485, 0.0 ], [ 17.4095525, 78.3910988, 0.0 ], [ 17.4095949, 78.390441, 0.0 ], [ 17.4096548, 78.3895109, 0.0 ], [ 17.4096958, 78.3882986, 0.0 ], [ 17.4110471, 78.387966, 0.0 ], [ 17.4136269, 78.3882235, 0.0 ], [ 17.4143947, 78.3867107, 0.0 ], [ 17.4178241, 78.3814214, 0.0 ], [ 17.4174044, 78.3779882, 0.0 ], [ 17.4158483, 78.3772586, 0.0 ], [ 17.4146097, 78.3763896, 0.0 ], [ 17.4149475, 78.3761428, 0.0 ], [ 17.4149065, 78.3760302, 0.0 ], [ 17.4151881, 78.3756547, 0.0 ], [ 17.415403, 78.3756064, 0.0 ], [ 17.4155208, 78.3753703, 0.0 ], [ 17.4151471, 78.3752684, 0.0 ], [ 17.4151573, 78.374909, 0.0 ], [ 17.4156845, 78.3747266, 0.0 ], [ 17.4156999, 78.3743833, 0.0 ], [ 17.4153365, 78.373997, 0.0 ], [ 17.4121732, 78.3719371, 0.0 ], [ 17.4128284, 78.3687185, 0.0 ], [ 17.4136806, 78.3678494, 0.0 ], [ 17.4130536, 78.3659826, 0.0 ], [ 17.4121835, 78.3658324, 0.0 ], [ 17.4121835, 78.3657037, 0.0 ], [ 17.4164114, 78.3536337, 0.0 ], [ 17.4134836, 78.3518098, 0.0 ], [ 17.4136678, 78.3500288, 0.0 ], [ 17.4125213, 78.3483337, 0.0 ], [ 17.4149372, 78.3436774, 0.0 ], [ 17.4120299, 78.3421753, 0.0 ], [ 17.4155924, 78.3352659, 0.0 ], [ 17.4157153, 78.327627, 0.0 ], [ 17.4187044, 78.3165978, 0.0 ], [ 17.4325851, 78.294196, 0.0 ], [ 17.4273032, 78.2893894, 0.0 ], [ 17.4237818, 78.2829092, 0.0 ], [ 17.4274874, 78.2787786, 0.0 ], [ 17.4336496, 78.2729529, 0.0 ], [ 17.4405281, 78.2717512, 0.0 ], [ 17.4415926, 78.2718371, 0.0 ], [ 17.453752, 78.2832526, 0.0 ], [ 17.4557171, 78.2834242, 0.0 ], [ 17.4562084, 78.287072, 0.0 ], [ 17.463045, 78.2899473, 0.0 ], [ 17.4729516, 78.2965134, 0.0 ], [ 17.4765846, 78.2950221, 0.0 ], [ 17.4780224, 78.2977365, 0.0 ], [ 17.4794602, 78.3016525, 0.0 ], [ 17.4803198, 78.3042811, 0.0 ], [ 17.4807496, 78.30721, 0.0 ], [ 17.4806882, 78.310139, 0.0 ], [ 17.4800947, 78.3107827, 0.0 ] ] ] } },
{ "type": "Feature", "id": 2, "properties": { "Name": "Ward 60 Rajendra Nagar", "tessellate": -1, "extrude": 0, "visibility": -1, "_id": "relation/7848844", "admin_level": "10", "boundary": "administrative", "type": "boundary", "_timestamp": "2018-01-02T08:41:45", "_version": "4", "_changeset": "55094174", "_user": "adivik2000", "_uid": "250196" }, "geometry": { "type": "Polygon", "coordinates": [ [ [ 17.3720811, 78.4101534, 0.0 ], [ 17.3714871, 78.4122133, 0.0 ], [ 17.3683538, 78.4128356, 0.0 ], [ 17.366183, 78.4122562, 0.0 ], [ 17.364729, 78.4201097, 0.0 ], [ 17.3650157, 78.4207964, 0.0 ], [ 17.3641555, 78.4219122, 0.0 ], [ 17.359568, 78.4231997, 0.0 ], [ 17.3586669, 78.4247232, 0.0 ], [ 17.3548165, 78.4207964, 0.0 ], [ 17.3515805, 78.417449, 0.0 ], [ 17.3492557, 78.4167308, 0.0 ], [ 17.3483854, 78.4164619, 0.0 ], [ 17.3453951, 78.4156895, 0.0 ], [ 17.3436336, 78.4172773, 0.0 ], [ 17.342036, 78.4230709, 0.0 ], [ 17.3383902, 78.4254742, 0.0 ], [ 17.3378166, 78.4257317, 0.0 ], [ 17.337576, 78.4274, 0.0 ], [ 17.3327266, 78.4323406, 0.0 ], [ 17.3316717, 78.4319544, 0.0 ], [ 17.330709, 78.4345186, 0.0 ], [ 17.3299613, 78.4359348, 0.0 ], [ 17.329631, 78.4363076, 0.0 ], [ 17.3290293, 78.435806, 0.0 ], [ 17.3230122, 78.4330487, 0.0 ], [ 17.3215321, 78.4320617, 0.0 ], [ 17.3265918, 78.4255171, 0.0 ], [ 17.3268785, 78.4242082, 0.0 ], [ 17.3272882, 78.4215689, 0.0 ], [ 17.326981, 78.4196162, 0.0 ], [ 17.3291727, 78.4171057, 0.0 ], [ 17.3295619, 78.4141874, 0.0 ], [ 17.3276569, 78.414166, 0.0 ], [ 17.3242771, 78.4167838, 0.0 ], [ 17.3218394, 78.4140801, 0.0 ], [ 17.3196885, 78.4158397, 0.0 ], [ 17.319033, 78.415668, 0.0 ], [ 17.3181317, 78.4153247, 0.0 ], [ 17.3172713, 78.414917, 0.0 ], [ 17.3162675, 78.4147024, 0.0 ], [ 17.3116583, 78.4141874, 0.0 ], [ 17.310634, 78.4148526, 0.0 ], [ 17.3098351, 78.4155393, 0.0 ], [ 17.3092615, 78.4150457, 0.0 ], [ 17.3087698, 78.4142733, 0.0 ], [ 17.3081962, 78.4139729, 0.0 ], [ 17.3086674, 78.4105396, 0.0 ], [ 17.3105931, 78.4090805, 0.0 ], [ 17.3125597, 78.4079862, 0.0 ], [ 17.3129284, 78.4071279, 0.0 ], [ 17.3097736, 78.4060121, 0.0 ], [ 17.3026854, 78.4085012, 0.0 ], [ 17.3013538, 78.408308, 0.0 ], [ 17.3002884, 78.3963347, 0.0 ], [ 17.3033, 78.3964849, 0.0 ], [ 17.3041604, 78.3954334, 0.0 ], [ 17.3129899, 78.3759069, 0.0 ], [ 17.3211429, 78.3755851, 0.0 ], [ 17.3242361, 78.3759499, 0.0 ], [ 17.3279539, 78.3751559, 0.0 ], [ 17.3282919, 78.3813572, 0.0 ], [ 17.3285787, 78.3823872, 0.0 ], [ 17.3294595, 78.3825159, 0.0 ], [ 17.3297872, 78.3861208, 0.0 ], [ 17.3312211, 78.3889961, 0.0 ], [ 17.3310982, 78.3950901, 0.0 ], [ 17.3321224, 78.3966351, 0.0 ], [ 17.3479451, 78.4004653, 0.0 ], [ 17.3496655, 78.400476, 0.0 ], [ 17.3508944, 78.39818, 0.0 ], [ 17.3539768, 78.3981693, 0.0 ], [ 17.3548063, 78.4007442, 0.0 ], [ 17.3569875, 78.4012806, 0.0 ], [ 17.3573254, 78.401506, 0.0 ], [ 17.3581241, 78.404274, 0.0 ], [ 17.3573356, 78.4070957, 0.0 ], [ 17.3581446, 78.408941, 0.0 ], [ 17.3583801, 78.4088659, 0.0 ], [ 17.3586669, 78.4093165, 0.0 ], [ 17.3589229, 78.4092093, 0.0 ], [ 17.359271, 78.4096599, 0.0 ], [ 17.3600493, 78.4096384, 0.0 ], [ 17.3629677, 78.4075463, 0.0 ], [ 17.3660192, 78.4074283, 0.0 ], [ 17.3678214, 78.4076858, 0.0 ], [ 17.3720811, 78.4101534, 0.0 ] ] ] } },
{ "type": "Feature", "id": 3, "properties": { "Name": "Ward 95 Jubilee Hills", "tessellate": -1, "extrude": 0, "visibility": -1, "_id": "relation/7848859", "admin_level": "10", "boundary": "administrative", "type": "boundary", "_timestamp": "2017-12-31T18:34:35", "_version": "5", "_changeset": "55064040", "_user": "adivik2000", "_uid": "250196" }, "geometry": { "type": "Polygon", "coordinates": [ [ [ 17.4301397, 78.4369141, 0.0 ], [ 17.4294795, 78.4364659, 0.0 ], [ 17.4290688, 78.4363425, 0.0 ], [ 17.4288218, 78.4379786, 0.0 ], [ 17.4281641, 78.4378606, 0.0 ], [ 17.4272429, 78.4400064, 0.0 ], [ 17.4230971, 78.4262091, 0.0 ], [ 17.4263114, 78.4173363, 0.0 ], [ 17.4259531, 78.415035, 0.0 ], [ 17.4233121, 78.4133667, 0.0 ], [ 17.4227746, 78.4115052, 0.0 ], [ 17.4203076, 78.4109849, 0.0 ], [ 17.4199596, 78.4120417, 0.0 ], [ 17.4176716, 78.4132004, 0.0 ], [ 17.4149281, 78.4215635, 0.0 ], [ 17.4128039, 78.4209573, 0.0 ], [ 17.412461, 78.4210378, 0.0 ], [ 17.4119235, 78.4200615, 0.0 ], [ 17.4108691, 78.4204155, 0.0 ], [ 17.4094563, 78.4205925, 0.0 ], [ 17.40841, 78.4191257, 0.0 ], [ 17.4074814, 78.4178238, 0.0 ], [ 17.4071529, 78.4173632, 0.0 ], [ 17.4070301, 78.4148633, 0.0 ], [ 17.4082995, 78.4140694, 0.0 ], [ 17.4092977, 78.4074444, 0.0 ], [ 17.4096457, 78.406924, 0.0 ], [ 17.4101627, 78.4066504, 0.0 ], [ 17.4115806, 78.4019887, 0.0 ], [ 17.4132492, 78.4023374, 0.0 ], [ 17.4139505, 78.4002238, 0.0 ], [ 17.4134233, 78.3990759, 0.0 ], [ 17.4152045, 78.3982229, 0.0 ], [ 17.4175795, 78.3976704, 0.0 ], [ 17.4182142, 78.3984429, 0.0 ], [ 17.4181016, 78.3989847, 0.0 ], [ 17.4192737, 78.3985502, 0.0 ], [ 17.4247145, 78.3982766, 0.0 ], [ 17.4263165, 78.3963239, 0.0 ], [ 17.4267464, 78.3943981, 0.0 ], [ 17.4285941, 78.3951867, 0.0 ], [ 17.429674, 78.393352, 0.0 ], [ 17.4304724, 78.393352, 0.0 ], [ 17.4306464, 78.3962917, 0.0 ], [ 17.4311889, 78.3987594, 0.0 ], [ 17.4321256, 78.3992529, 0.0 ], [ 17.4335432, 78.3979171, 0.0 ], [ 17.4346846, 78.3986199, 0.0 ], [ 17.4371258, 78.3972788, 0.0 ], [ 17.4370695, 78.3953798, 0.0 ], [ 17.4379396, 78.3957177, 0.0 ], [ 17.4394749, 78.3961469, 0.0 ], [ 17.4387124, 78.3973324, 0.0 ], [ 17.438523, 78.3992261, 0.0 ], [ 17.4388198, 78.399505, 0.0 ], [ 17.4393674, 78.4000468, 0.0 ], [ 17.4405138, 78.402155, 0.0 ], [ 17.4420645, 78.4065807, 0.0 ], [ 17.4434207, 78.4066933, 0.0 ], [ 17.4451096, 78.4054649, 0.0 ], [ 17.44578, 78.406173, 0.0 ], [ 17.4458619, 78.4120631, 0.0 ], [ 17.4424125, 78.4156412, 0.0 ], [ 17.4401505, 78.4161776, 0.0 ], [ 17.4385332, 78.4154642, 0.0 ], [ 17.4379242, 78.4164727, 0.0 ], [ 17.4355085, 78.4158289, 0.0 ], [ 17.4342802, 78.4158611, 0.0 ], [ 17.4328216, 78.4172183, 0.0 ], [ 17.431949, 78.4186158, 0.0 ], [ 17.4318607, 78.420323, 0.0 ], [ 17.4311378, 78.4203994, 0.0 ], [ 17.4307488, 78.4195787, 0.0 ], [ 17.4310073, 78.4209412, 0.0 ], [ 17.4313681, 78.4222823, 0.0 ], [ 17.429848, 78.4257853, 0.0 ], [ 17.4297636, 78.4308708, 0.0 ], [ 17.4296854, 78.4318216, 0.0 ], [ 17.4297866, 78.4333237, 0.0 ], [ 17.4301858, 78.4342296, 0.0 ], [ 17.4301397, 78.4369141, 0.0 ] ] ] } },
{ "type": "Feature", "id": 4, "properties": { "Name": "Ward 6 Nacharam", "tessellate": -1, "extrude": 0, "visibility": -1, "_id": "relation/7849315", "admin_level": "10", "boundary": "administrative", "type": "boundary", "_timestamp": "2017-12-30T07:56:26", "_version": "4", "_changeset": "55028223", "_user": "adivik2000", "_uid": "250196" }, "geometry": { "type": "Polygon", "coordinates": [ [ [ 17.4345106, 78.5485982, 0.0 ], [ 17.4336712, 78.5517954, 0.0 ], [ 17.4351862, 78.5524821, 0.0 ], [ 17.434224, 78.5546064, 0.0 ], [ 17.4352476, 78.5547995, 0.0 ], [ 17.4368649, 78.5555291, 0.0 ], [ 17.4415323, 78.565185, 0.0 ], [ 17.4391986, 78.5657, 0.0 ], [ 17.4395876, 78.5663223, 0.0 ], [ 17.4337531, 78.567717, 0.0 ], [ 17.4340397, 78.5683822, 0.0 ], [ 17.4268744, 78.5696911, 0.0 ], [ 17.4272532, 78.5676312, 0.0 ], [ 17.4266902, 78.5662579, 0.0 ], [ 17.4260146, 78.5649919, 0.0 ], [ 17.4250933, 78.5619235, 0.0 ], [ 17.4238854, 78.5625028, 0.0 ], [ 17.4216026, 78.558104, 0.0 ], [ 17.4194119, 78.5577714, 0.0 ], [ 17.4165149, 78.5558188, 0.0 ], [ 17.416694, 78.5541343, 0.0 ], [ 17.4176614, 78.5535174, 0.0 ], [ 17.4170523, 78.5508889, 0.0 ], [ 17.4151022, 78.5486626, 0.0 ], [ 17.4158956, 78.5469138, 0.0 ], [ 17.4154503, 78.5454869, 0.0 ], [ 17.4247248, 78.5358738, 0.0 ], [ 17.4266902, 78.5381913, 0.0 ], [ 17.4241925, 78.5408306, 0.0 ], [ 17.425298, 78.5419678, 0.0 ], [ 17.4273453, 78.5438132, 0.0 ], [ 17.4274067, 78.54465, 0.0 ], [ 17.4315831, 78.5458731, 0.0 ], [ 17.4312555, 78.5471391, 0.0 ], [ 17.4326272, 78.5468173, 0.0 ], [ 17.4339579, 78.5467958, 0.0 ], [ 17.4345106, 78.5485982, 0.0 ] ] ] } },
{ "type": "Feature", "id": 5, "properties": { "Name": "Ward 59 Mailardevpally", "tessellate": -1, "extrude": 0, "visibility": -1, "_id": "relation/7849357", "admin_level": "10", "boundary": "administrative", "type": "boundary", "_timestamp": "2018-01-01T21:02:33", "_version": "2", "_changeset": "55086287", "_user": "adivik2000", "_uid": "250196" }, "geometry": { "type": "Polygon", "coordinates": [ [ [ 17.3215321, 78.4320617, 0.0 ], [ 17.3208511, 78.4330594, 0.0 ], [ 17.3242515, 78.438853, 0.0 ], [ 17.3247021, 78.441385, 0.0 ], [ 17.3203185, 78.4541738, 0.0 ], [ 17.3164059, 78.4534442, 0.0 ], [ 17.315525, 78.4563624, 0.0 ], [ 17.3132511, 78.4564268, 0.0 ], [ 17.308355, 78.4563624, 0.0 ], [ 17.3048724, 78.45559, 0.0 ], [ 17.3040529, 78.4541738, 0.0 ], [ 17.3041758, 78.4514057, 0.0 ], [ 17.3022091, 78.4511697, 0.0 ], [ 17.3006316, 78.4484231, 0.0 ], [ 17.3012872, 78.4402048, 0.0 ], [ 17.3024754, 78.4398615, 0.0 ], [ 17.3023525, 78.4331882, 0.0 ], [ 17.2987878, 78.4324586, 0.0 ], [ 17.2916377, 78.4296262, 0.0 ], [ 17.2942601, 78.4225666, 0.0 ], [ 17.3013538, 78.408308, 0.0 ], [ 17.3026854, 78.4085012, 0.0 ], [ 17.3097736, 78.4060121, 0.0 ], [ 17.3129284, 78.4071279, 0.0 ], [ 17.3125597, 78.4079862, 0.0 ], [ 17.3105931, 78.4090805, 0.0 ], [ 17.3086674, 78.4105396, 0.0 ], [ 17.3081962, 78.4139729, 0.0 ], [ 17.3087698, 78.4142733, 0.0 ], [ 17.3092615, 78.4150457, 0.0 ], [ 17.3098351, 78.4155393, 0.0 ], [ 17.310634, 78.4148526, 0.0 ], [ 17.3116583, 78.4141874, 0.0 ], [ 17.3162675, 78.4147024, 0.0 ], [ 17.3172713, 78.414917, 0.0 ], [ 17.3181317, 78.4153247, 0.0 ], [ 17.319033, 78.415668, 0.0 ], [ 17.3196885, 78.4158397, 0.0 ], [ 17.3218394, 78.4140801, 0.0 ], [ 17.3242771, 78.4167838, 0.0 ], [ 17.3276569, 78.414166, 0.0 ], [ 17.3295619, 78.4141874, 0.0 ], [ 17.3291727, 78.4171057, 0.0 ], [ 17.326981, 78.4196162, 0.0 ], [ 17.3272882, 78.4215689, 0.0 ], [ 17.3268785, 78.4242082, 0.0 ], [ 17.3265918, 78.4255171, 0.0 ], [ 17.3215321, 78.4320617, 0.0 ] ] ] } },
{ "type": "Feature", "id": 6, "properties": { "Name": "Ward 133 Macha Bolarum", "tessellate": -1, "extrude": 0, "visibility": -1, "_id": "relation/7849439", "admin_level": "10", "boundary": "administrative", "type": "boundary", "_timestamp": "2018-01-01T08:22:46", "_version": "4", "_changeset": "55070936", "_user": "adivik2000", "_uid": "250196" }, "geometry": { "type": "MultiPolygon", "coordinates": [ [ [ [ 17.5198891, 78.5455862, 0.0 ], [ 17.5184056, 78.5439849, 0.0 ], [ 17.5182623, 78.5405624, 0.0 ], [ 17.515592, 78.539747, 0.0 ], [ 17.5156841, 78.5387814, 0.0 ], [ 17.5171881, 78.5387921, 0.0 ], [ 17.5172801, 78.5368609, 0.0 ], [ 17.5237053, 78.5381699, 0.0 ], [ 17.5230658, 78.5359865, 0.0 ], [ 17.5240327, 78.5351014, 0.0 ], [ 17.5248358, 78.5334974, 0.0 ], [ 17.5322275, 78.5322797, 0.0 ], [ 17.5334704, 78.5322609, 0.0 ], [ 17.5373631, 78.5330629, 0.0 ], [ 17.5380843, 78.5365874, 0.0 ], [ 17.5353375, 78.5442531, 0.0 ], [ 17.5359564, 78.5459322, 0.0 ], [ 17.5404321, 78.5483193, 0.0 ], [ 17.5411584, 78.5497785, 0.0 ], [ 17.539051, 78.5522461, 0.0 ], [ 17.5338336, 78.5471821, 0.0 ], [ 17.5308387, 78.5473564, 0.0 ], [ 17.5295982, 78.5480618, 0.0 ], [ 17.5290867, 78.5497141, 0.0 ], [ 17.5269587, 78.5486627, 0.0 ], [ 17.526529, 78.5473108, 0.0 ], [ 17.5232551, 78.5473591, 0.0 ], [ 17.5198891, 78.5455862, 0.0 ] ] ], [ [ [ 17.5079611, 78.5144685, 0.0 ], [ 17.508857, 78.5100898, 0.0 ], [ 17.5105708, 78.5098591, 0.0 ], [ 17.5092983, 78.507533, 0.0 ], [ 17.5091058, 78.5055049, 0.0 ], [ 17.508811, 78.5032193, 0.0 ], [ 17.5082457, 78.5017802, 0.0 ], [ 17.5068823, 78.4989033, 0.0 ], [ 17.5065293, 78.4973124, 0.0 ], [ 17.5065526, 78.4928754, 0.0 ], [ 17.5057369, 78.4898975, 0.0 ], [ 17.5048575, 78.4874837, 0.0 ], [ 17.5025455, 78.4840399, 0.0 ], [ 17.501646, 78.4822592, 0.0 ], [ 17.5057881, 78.4837829, 0.0 ], [ 17.509439, 78.4851993, 0.0 ], [ 17.5140716, 78.4848888, 0.0 ], [ 17.5144997, 78.4846146, 0.0 ], [ 17.5155689, 78.4847558, 0.0 ], [ 17.5199492, 78.485488, 0.0 ], [ 17.5205234, 78.4853404, 0.0 ], [ 17.5217166, 78.4939255, 0.0 ], [ 17.5232168, 78.4949005, 0.0 ], [ 17.5228683, 78.5006156, 0.0 ], [ 17.5258691, 78.5022055, 0.0 ], [ 17.5274191, 78.5005492, 0.0 ], [ 17.5368337, 78.5064232, 0.0 ], [ 17.5462698, 78.5065133, 0.0 ], [ 17.544065, 78.5140108, 0.0 ], [ 17.544859, 78.515598, 0.0 ], [ 17.5435392, 78.5178083, 0.0 ], [ 17.5425618, 78.5172718, 0.0 ], [ 17.5422241, 78.51798, 0.0 ], [ 17.5418787, 78.5178775, 0.0 ], [ 17.5406332, 78.5161442, 0.0 ], [ 17.5389183, 78.5172889, 0.0 ], [ 17.537941, 78.5171141, 0.0 ], [ 17.5378592, 78.519098, 0.0 ], [ 17.5368127, 78.5191216, 0.0 ], [ 17.5370081, 78.521244, 0.0 ], [ 17.5367893, 78.5219639, 0.0 ], [ 17.5360386, 78.5221259, 0.0 ], [ 17.5267752, 78.5163917, 0.0 ], [ 17.5273884, 78.5136317, 0.0 ], [ 17.5254263, 78.5134268, 0.0 ], [ 17.524119, 78.5136297, 0.0 ], [ 17.5233382, 78.5138342, 0.0 ], [ 17.5194543, 78.5151102, 0.0 ], [ 17.5176733, 78.5157241, 0.0 ], [ 17.5158513, 78.5161664, 0.0 ], [ 17.5148676, 78.5161925, 0.0 ], [ 17.5130162, 78.5159746, 0.0 ], [ 17.5104273, 78.5151679, 0.0 ], [ 17.5079611, 78.5144685, 0.0 ] ] ] ] } },
{ "type": "Feature", "id": 7, "properties": { "Name": "Ward 1 Kapra", "tessellate": -1, "extrude": 0, "visibility": -1, "_id": "relation/7849497", "admin_level": "10", "boundary": "administrative", "type": "boundary", "_timestamp": "2018-01-01T11:38:38", "_version": "3", "_changeset": "55073879", "_user": "adivik2000", "_uid": "250196" }, "geometry": { "type": "Polygon", "coordinates": [ [ [ 17.4945448, 78.5341361, 0.0 ], [ 17.4951076, 78.5359815, 0.0 ], [ 17.4965299, 78.5360458, 0.0 ], [ 17.4982643, 78.5365126, 0.0 ], [ 17.4979522, 78.5379985, 0.0 ], [ 17.4988015, 78.539125, 0.0 ], [ 17.4964685, 78.5389963, 0.0 ], [ 17.4953327, 78.5417858, 0.0 ], [ 17.4958136, 78.5418931, 0.0 ], [ 17.4968062, 78.5434648, 0.0 ], [ 17.4954197, 78.5447684, 0.0 ], [ 17.4960618, 78.5455784, 0.0 ], [ 17.496356, 78.5455945, 0.0 ], [ 17.4964941, 78.5458413, 0.0 ], [ 17.499088, 78.5466137, 0.0 ], [ 17.497369, 78.5479334, 0.0 ], [ 17.4976811, 78.5505941, 0.0 ], [ 17.4989243, 78.5516992, 0.0 ], [ 17.4998913, 78.5525522, 0.0 ], [ 17.5004489, 78.5532227, 0.0 ], [ 17.5011652, 78.5540596, 0.0 ], [ 17.5024263, 78.5555308, 0.0 ], [ 17.5031336, 78.5559552, 0.0 ], [ 17.5038204, 78.5563582, 0.0 ], [ 17.5040864, 78.5565728, 0.0 ], [ 17.5053117, 78.5565607, 0.0 ], [ 17.5068644, 78.5566774, 0.0 ], [ 17.5073314, 78.5540961, 0.0 ], [ 17.507949, 78.5563448, 0.0 ], [ 17.5072123, 78.562353, 0.0 ], [ 17.5066598, 78.5636619, 0.0 ], [ 17.5052068, 78.5637477, 0.0 ], [ 17.5044497, 78.5664836, 0.0 ], [ 17.5047285, 78.5686119, 0.0 ], [ 17.5056161, 78.5690531, 0.0 ], [ 17.5056929, 78.5708073, 0.0 ], [ 17.5070179, 78.5710862, 0.0 ], [ 17.507903, 78.5743371, 0.0 ], [ 17.5071049, 78.5754958, 0.0 ], [ 17.5055189, 78.5758552, 0.0 ], [ 17.5055189, 78.5776147, 0.0 ], [ 17.5040199, 78.5784677, 0.0 ], [ 17.5033242, 78.5799912, 0.0 ], [ 17.502787, 78.5821906, 0.0 ], [ 17.5019991, 78.5824695, 0.0 ], [ 17.5019019, 78.5837784, 0.0 ], [ 17.5004182, 78.5861924, 0.0 ], [ 17.4986583, 78.5824588, 0.0 ], [ 17.495875, 78.5796049, 0.0 ], [ 17.4927848, 78.5764721, 0.0 ], [ 17.4893466, 78.570936, 0.0 ], [ 17.4890805, 78.5692409, 0.0 ], [ 17.4878116, 78.5670307, 0.0 ], [ 17.4833296, 78.5650137, 0.0 ], [ 17.481508, 78.5641554, 0.0 ], [ 17.4796865, 78.5636619, 0.0 ], [ 17.480321, 78.5616234, 0.0 ], [ 17.4836775, 78.5574391, 0.0 ], [ 17.4830021, 78.5559586, 0.0 ], [ 17.4848236, 78.5560444, 0.0 ], [ 17.485806, 78.5551003, 0.0 ], [ 17.4848236, 78.5525683, 0.0 ], [ 17.4824495, 78.551946, 0.0 ], [ 17.4817025, 78.5515383, 0.0 ], [ 17.4821067, 78.5506049, 0.0 ], [ 17.4831682, 78.5487822, 0.0 ], [ 17.484028, 78.5473058, 0.0 ], [ 17.4860311, 78.5440925, 0.0 ], [ 17.4871977, 78.541818, 0.0 ], [ 17.4886303, 78.5411957, 0.0 ], [ 17.4890396, 78.5407665, 0.0 ], [ 17.489234, 78.5391894, 0.0 ], [ 17.4904108, 78.5388461, 0.0 ], [ 17.491342, 78.5377356, 0.0 ], [ 17.4922732, 78.536711, 0.0 ], [ 17.4933783, 78.5356811, 0.0 ], [ 17.4945448, 78.5341361, 0.0 ] ] ] } },
{ "type": "Feature", "id": 8, "properties": { "Name": "Ward 136 Neredmet", "tessellate": -1, "extrude": 0, "visibility": -1, "_id": "relation/7849498", "admin_level": "10", "boundary": "administrative", "type": "boundary", "_timestamp": "2018-01-01T11:38:38", "_version": "2", "_changeset": "55073879", "_user": "adivik2000", "_uid": "250196" }, "geometry": { "type": "MultiPolygon", "coordinates": [ [ [ [ 17.4701487, 78.5311478, 0.0 ], [ 17.476422, 78.5290074, 0.0 ], [ 17.4771946, 78.5284442, 0.0 ], [ 17.4767392, 78.5267651, 0.0 ], [ 17.4766625, 78.5258746, 0.0 ], [ 17.4772816, 78.5249412, 0.0 ], [ 17.4782563, 78.5235974, 0.0 ], [ 17.4793129, 78.5232836, 0.0 ], [ 17.4810168, 78.5236859, 0.0 ], [ 17.4820017, 78.5242411, 0.0 ], [ 17.4827411, 78.5250109, 0.0 ], [ 17.4840561, 78.5256922, 0.0 ], [ 17.4852226, 78.5257888, 0.0 ], [ 17.4850385, 78.5272157, 0.0 ], [ 17.4854478, 78.5276771, 0.0 ], [ 17.4865427, 78.5276127, 0.0 ], [ 17.4872693, 78.5284066, 0.0 ], [ 17.4895154, 78.5307831, 0.0 ], [ 17.4911475, 78.5329878, 0.0 ], [ 17.4924215, 78.5346401, 0.0 ], [ 17.493368, 78.5339749, 0.0 ], [ 17.4945448, 78.5341361, 0.0 ], [ 17.4933783, 78.5356811, 0.0 ], [ 17.4922732, 78.536711, 0.0 ], [ 17.491342, 78.5377356, 0.0 ], [ 17.4904108, 78.5388461, 0.0 ], [ 17.489234, 78.5391894, 0.0 ], [ 17.4890396, 78.5407665, 0.0 ], [ 17.4886303, 78.5411957, 0.0 ], [ 17.4871977, 78.541818, 0.0 ], [ 17.4860311, 78.5440925, 0.0 ], [ 17.484028, 78.5473058, 0.0 ], [ 17.4831682, 78.5487822, 0.0 ], [ 17.4827565, 78.5445213, 0.0 ], [ 17.4789906, 78.5439956, 0.0 ], [ 17.478704, 78.5369253, 0.0 ], [ 17.4753065, 78.5375047, 0.0 ], [ 17.4746426, 78.536358, 0.0 ], [ 17.4738149, 78.5352543, 0.0 ], [ 17.4725063, 78.5354716, 0.0 ], [ 17.4725485, 78.5348305, 0.0 ], [ 17.4702561, 78.534168, 0.0 ], [ 17.4701487, 78.5311478, 0.0 ] ] ], [ [ [ 17.5198891, 78.5455862, 0.0 ], [ 17.5189274, 78.5459432, 0.0 ], [ 17.5183084, 78.5449669, 0.0 ], [ 17.5167226, 78.5447094, 0.0 ], [ 17.5155715, 78.5457608, 0.0 ], [ 17.5152288, 78.5475954, 0.0 ], [ 17.5081741, 78.5480729, 0.0 ], [ 17.5077239, 78.5510662, 0.0 ], [ 17.5070179, 78.5513344, 0.0 ], [ 17.5074681, 78.5533407, 0.0 ], [ 17.5073314, 78.5540961, 0.0 ], [ 17.5068644, 78.5566774, 0.0 ], [ 17.5053117, 78.5565607, 0.0 ], [ 17.5040864, 78.5565728, 0.0 ], [ 17.5038204, 78.5563582, 0.0 ], [ 17.5031336, 78.5559552, 0.0 ], [ 17.5024263, 78.5555308, 0.0 ], [ 17.5011652, 78.5540596, 0.0 ], [ 17.5004489, 78.5532227, 0.0 ], [ 17.4998913, 78.5525522, 0.0 ], [ 17.4989243, 78.5516992, 0.0 ], [ 17.4976811, 78.5505941, 0.0 ], [ 17.497369, 78.5479334, 0.0 ], [ 17.499088, 78.5466137, 0.0 ], [ 17.4964941, 78.5458413, 0.0 ], [ 17.496356, 78.5455945, 0.0 ], [ 17.4960618, 78.5455784, 0.0 ], [ 17.4954197, 78.5447684, 0.0 ], [ 17.4968062, 78.5434648, 0.0 ], [ 17.4958136, 78.5418931, 0.0 ], [ 17.4953327, 78.5417858, 0.0 ], [ 17.4964685, 78.5389963, 0.0 ], [ 17.4988015, 78.539125, 0.0 ], [ 17.4979522, 78.5379985, 0.0 ], [ 17.4982643, 78.5365126, 0.0 ], [ 17.4982899, 78.5356274, 0.0 ], [ 17.5016256, 78.5308638, 0.0 ], [ 17.5071202, 78.5305741, 0.0 ], [ 17.5093098, 78.5312822, 0.0 ], [ 17.510466, 78.5304239, 0.0 ], [ 17.5119701, 78.5317221, 0.0 ], [ 17.5111822, 78.533031, 0.0 ], [ 17.5103842, 78.5403803, 0.0 ], [ 17.515592, 78.539747, 0.0 ], [ 17.5182623, 78.5405624, 0.0 ], [ 17.5184056, 78.5439849, 0.0 ], [ 17.5198891, 78.5455862, 0.0 ] ] ] ] } },
{ "type": "Feature", "id": 9, "properties": { "Name": "Ward 2 Dr A S Rao Nagar", "tessellate": -1, "extrude": 0, "visibility": -1, "_id": "relation/7849545", "admin_level": "10", "boundary": "administrative", "type": "boundary", "_timestamp": "2017-12-30T06:48:16", "_version": "2", "_changeset": "55027440", "_user": "adivik2000", "_uid": "250196" }, "geometry": { "type": "Polygon", "coordinates": [ [ [ 17.5004182, 78.5861924, 0.0 ], [ 17.496773, 78.5883727, 0.0 ], [ 17.4939411, 78.5882199, 0.0 ], [ 17.4912243, 78.5881126, 0.0 ], [ 17.4914238, 78.5864228, 0.0 ], [ 17.490774, 78.585012, 0.0 ], [ 17.4881391, 78.5849261, 0.0 ], [ 17.4881288, 78.5831559, 0.0 ], [ 17.4868395, 78.5828126, 0.0 ], [ 17.488313, 78.5776091, 0.0 ], [ 17.4863739, 78.577078, 0.0 ], [ 17.4864711, 78.5750502, 0.0 ], [ 17.4849515, 78.5753936, 0.0 ], [ 17.4833858, 78.5742509, 0.0 ], [ 17.4838156, 78.5717028, 0.0 ], [ 17.4783356, 78.5708928, 0.0 ], [ 17.4768518, 78.5743475, 0.0 ], [ 17.4759666, 78.5733765, 0.0 ], [ 17.4759614, 78.5708177, 0.0 ], [ 17.4741706, 78.5703027, 0.0 ], [ 17.47305, 78.5706675, 0.0 ], [ 17.4723131, 78.5702169, 0.0 ], [ 17.4714739, 78.5708231, 0.0 ], [ 17.4637224, 78.5760615, 0.0 ], [ 17.4611606, 78.5714104, 0.0 ], [ 17.4619281, 78.5705521, 0.0 ], [ 17.4611503, 78.5695919, 0.0 ], [ 17.4622454, 78.5660889, 0.0 ], [ 17.4629004, 78.566046, 0.0 ], [ 17.4642309, 78.5656383, 0.0 ], [ 17.4642923, 78.5651233, 0.0 ], [ 17.4676286, 78.5644367, 0.0 ], [ 17.4684269, 78.5650375, 0.0 ], [ 17.4694298, 78.5658743, 0.0 ], [ 17.4719474, 78.5617759, 0.0 ], [ 17.4718041, 78.5604241, 0.0 ], [ 17.4718655, 78.5591795, 0.0 ], [ 17.4731959, 78.5567977, 0.0 ], [ 17.4747514, 78.5555317, 0.0 ], [ 17.4767981, 78.5548665, 0.0 ], [ 17.4772945, 78.5538875, 0.0 ], [ 17.4776373, 78.553968, 0.0 ], [ 17.4779059, 78.5542335, 0.0 ], [ 17.4787041, 78.553968, 0.0 ], [ 17.4804412, 78.5545017, 0.0 ], [ 17.4817025, 78.5515383, 0.0 ], [ 17.4824495, 78.551946, 0.0 ], [ 17.4848236, 78.5525683, 0.0 ], [ 17.485806, 78.5551003, 0.0 ], [ 17.4848236, 78.5560444, 0.0 ], [ 17.4830021, 78.5559586, 0.0 ], [ 17.4836775, 78.5574391, 0.0 ], [ 17.480321, 78.5616234, 0.0 ], [ 17.4796865, 78.5636619, 0.0 ], [ 17.481508, 78.5641554, 0.0 ], [ 17.4833296, 78.5650137, 0.0 ], [ 17.4878116, 78.5670307, 0.0 ], [ 17.4890805, 78.5692409, 0.0 ], [ 17.4893466, 78.570936, 0.0 ], [ 17.4927848, 78.5764721, 0.0 ], [ 17.495875, 78.5796049, 0.0 ], [ 17.4986583, 78.5824588, 0.0 ], [ 17.5004182, 78.5861924, 0.0 ] ] ] } },
{ "type": "Feature", "id": 10, "properties": { "Name": "Ward 5 Mallapur", "tessellate": -1, "extrude": 0, "visibility": -1, "_id": "relation/7849614", "admin_level": "10", "boundary": "administrative", "type": "boundary", "_timestamp": "2017-12-30T07:02:32", "_version": "3", "_changeset": "55027582", "_user": "adivik2000", "_uid": "250196" }, "geometry": { "type": "Polygon", "coordinates": [ [ [ 17.4481005, 78.560235, 0.0 ], [ 17.448349, 78.5607219, 0.0 ], [ 17.449741, 78.5633826, 0.0 ], [ 17.4496796, 78.5666656, 0.0 ], [ 17.4491269, 78.5674167, 0.0 ], [ 17.4488608, 78.5693049, 0.0 ], [ 17.4474893, 78.5692835, 0.0 ], [ 17.4474483, 78.5700345, 0.0 ], [ 17.4464862, 78.5746479, 0.0 ], [ 17.447346, 78.5751629, 0.0 ], [ 17.4484514, 78.5755491, 0.0 ], [ 17.4485128, 78.5778665, 0.0 ], [ 17.4491269, 78.5799265, 0.0 ], [ 17.4492702, 78.5803127, 0.0 ], [ 17.4501709, 78.5814929, 0.0 ], [ 17.4554521, 78.58145, 0.0 ], [ 17.4569873, 78.5790682, 0.0 ], [ 17.4588091, 78.578918, 0.0 ], [ 17.4610197, 78.577888, 0.0 ], [ 17.461511, 78.5793901, 0.0 ], [ 17.4629847, 78.5801625, 0.0 ], [ 17.4625958, 78.583746, 0.0 ], [ 17.4602624, 78.5836387, 0.0 ], [ 17.4594232, 78.5907841, 0.0 ], [ 17.4567417, 78.5904917, 0.0 ], [ 17.4537019, 78.5904729, 0.0 ], [ 17.4533028, 78.5904408, 0.0 ], [ 17.4528934, 78.5899258, 0.0 ], [ 17.4525249, 78.5894752, 0.0 ], [ 17.449086, 78.5901833, 0.0 ], [ 17.448738, 78.5900545, 0.0 ], [ 17.4453399, 78.5951507, 0.0 ], [ 17.4401812, 78.5840034, 0.0 ], [ 17.4365168, 78.5805702, 0.0 ], [ 17.4331799, 78.5775876, 0.0 ], [ 17.431972, 78.5783601, 0.0 ], [ 17.4298275, 78.5773623, 0.0 ], [ 17.4299146, 78.5759407, 0.0 ], [ 17.4274527, 78.5733712, 0.0 ], [ 17.4268744, 78.5696911, 0.0 ], [ 17.4340397, 78.5683822, 0.0 ], [ 17.4337531, 78.567717, 0.0 ], [ 17.4395876, 78.5663223, 0.0 ], [ 17.4391986, 78.5657, 0.0 ], [ 17.4415323, 78.565185, 0.0 ], [ 17.4368649, 78.5555291, 0.0 ], [ 17.4352476, 78.5547995, 0.0 ], [ 17.434224, 78.5546064, 0.0 ], [ 17.4351862, 78.5524821, 0.0 ], [ 17.4336712, 78.5517954, 0.0 ], [ 17.4345106, 78.5485982, 0.0 ], [ 17.4376427, 78.5487485, 0.0 ], [ 17.4373459, 78.5499823, 0.0 ], [ 17.4385742, 78.5510659, 0.0 ], [ 17.437479, 78.553791, 0.0 ], [ 17.4386458, 78.5560763, 0.0 ], [ 17.4386561, 78.557471, 0.0 ], [ 17.4413071, 78.5530937, 0.0 ], [ 17.4442959, 78.5577178, 0.0 ], [ 17.4466295, 78.557353, 0.0 ], [ 17.4481005, 78.560235, 0.0 ] ] ] } },
{ "type": "Feature", "id": 11, "properties": { "Name": "Ward 7 Chilka Nagar", "tessellate": -1, "extrude": 0, "visibility": -1, "_id": "relation/7850095", "admin_level": "10", "boundary": "administrative", "type": "boundary", "_timestamp": "2017-12-29T18:24:33", "_version": "1", "_changeset": "55016463", "_user": "adivik2000", "_uid": "250196" }, "geometry": { "type": "Polygon", "coordinates": [ [ [ 17.4154503, 78.5454869, 0.0 ], [ 17.4158956, 78.5469138, 0.0 ], [ 17.4151022, 78.5486626, 0.0 ], [ 17.4170523, 78.5508889, 0.0 ], [ 17.4176614, 78.5535174, 0.0 ], [ 17.416694, 78.5541343, 0.0 ], [ 17.4165149, 78.5558188, 0.0 ], [ 17.4194119, 78.5577714, 0.0 ], [ 17.4216026, 78.558104, 0.0 ], [ 17.4238854, 78.5625028, 0.0 ], [ 17.4222884, 78.563726, 0.0 ], [ 17.4191048, 78.5651636, 0.0 ], [ 17.4178866, 78.5660219, 0.0 ], [ 17.4163818, 78.5666549, 0.0 ], [ 17.4116829, 78.5670519, 0.0 ], [ 17.4116625, 78.5655284, 0.0 ], [ 17.4111916, 78.5644126, 0.0 ], [ 17.4097993, 78.5643053, 0.0 ], [ 17.4084275, 78.5644341, 0.0 ], [ 17.4060114, 78.5644555, 0.0 ], [ 17.4059295, 78.5638547, 0.0 ], [ 17.4014864, 78.562181, 0.0 ], [ 17.4016041, 78.5601157, 0.0 ], [ 17.4027559, 78.558383, 0.0 ], [ 17.4079566, 78.5533512, 0.0 ], [ 17.4078798, 78.553158, 0.0 ], [ 17.4154503, 78.5454869, 0.0 ] ] ] } },
{ "type": "Feature", "id": 12, "properties": { "Name": "Ward 10 Uppal", "tessellate": -1, "extrude": 0, "visibility": -1, "_id": "relation/7850118", "admin_level": "10", "boundary": "administrative", "type": "boundary", "_timestamp": "2017-12-30T07:56:26", "_version": "4", "_changeset": "55028223", "_user": "adivik2000", "_uid": "250196" }, "geometry": { "type": "Polygon", "coordinates": [ [ [ 17.4116829, 78.5670519, 0.0 ], [ 17.4099119, 78.5688973, 0.0 ], [ 17.4049672, 78.5776842, 0.0 ], [ 17.403923, 78.5819006, 0.0 ], [ 17.3953538, 78.5802591, 0.0 ], [ 17.3894447, 78.581939, 0.0 ], [ 17.3896716, 78.5802483, 0.0 ], [ 17.3895897, 78.5785746, 0.0 ], [ 17.3884634, 78.5754418, 0.0 ], [ 17.3873576, 78.5707426, 0.0 ], [ 17.3862314, 78.567009, 0.0 ], [ 17.3860062, 78.5629964, 0.0 ], [ 17.3831393, 78.5583186, 0.0 ], [ 17.3804362, 78.5519671, 0.0 ], [ 17.3810506, 78.5489523, 0.0 ], [ 17.3828117, 78.5470641, 0.0 ], [ 17.3837229, 78.5432017, 0.0 ], [ 17.3875215, 78.5439634, 0.0 ], [ 17.3884225, 78.5427404, 0.0 ], [ 17.3886477, 78.5430193, 0.0 ], [ 17.3912073, 78.543148, 0.0 ], [ 17.3905521, 78.5463023, 0.0 ], [ 17.3930502, 78.5453582, 0.0 ], [ 17.3981079, 78.5454226, 0.0 ], [ 17.4010769, 78.5454869, 0.0 ], [ 17.4011792, 78.5469246, 0.0 ], [ 17.4011383, 78.5484266, 0.0 ], [ 17.4011997, 78.5534477, 0.0 ], [ 17.4016041, 78.5601157, 0.0 ], [ 17.4014864, 78.562181, 0.0 ], [ 17.4059295, 78.5638547, 0.0 ], [ 17.4060114, 78.5644555, 0.0 ], [ 17.4084275, 78.5644341, 0.0 ], [ 17.4097993, 78.5643053, 0.0 ], [ 17.4111916, 78.5644126, 0.0 ], [ 17.4116625, 78.5655284, 0.0 ], [ 17.4116829, 78.5670519, 0.0 ] ] ] } },
{ "type": "Feature", "id": 13, "properties": { "Name": "Ward 12 Mansoorabad", "tessellate": -1, "extrude": 0, "visibility": -1, "_id": "relation/7850180", "admin_level": "10", "boundary": "administrative", "type": "boundary", "_timestamp": "2018-01-01T18:13:04", "_version": "3", "_changeset": "55082663", "_user": "adivik2000", "_uid": "250196" }, "geometry": { "type": "Polygon", "coordinates": [ [ [ 17.350454, 78.5858273, 0.0 ], [ 17.3467469, 78.5859145, 0.0 ], [ 17.3450264, 78.5982741, 0.0 ], [ 17.3464192, 78.6025013, 0.0 ], [ 17.3465831, 78.6104192, 0.0 ], [ 17.34093, 78.620397, 0.0 ], [ 17.3385126, 78.6212303, 0.0 ], [ 17.3360346, 78.6142159, 0.0 ], [ 17.3324501, 78.6109972, 0.0 ], [ 17.331385, 78.6081862, 0.0 ], [ 17.3302584, 78.6075854, 0.0 ], [ 17.3283124, 78.6119413, 0.0 ], [ 17.3244204, 78.609066, 0.0 ], [ 17.3265303, 78.6064696, 0.0 ], [ 17.3298897, 78.5941315, 0.0 ], [ 17.3353177, 78.5840035, 0.0 ], [ 17.3367515, 78.5736823, 0.0 ], [ 17.3384107, 78.5682763, 0.0 ], [ 17.3404743, 78.5642905, 0.0 ], [ 17.3414011, 78.5584272, 0.0 ], [ 17.3436132, 78.5551227, 0.0 ], [ 17.3465216, 78.5510243, 0.0 ], [ 17.3505758, 78.5540999, 0.0 ], [ 17.3530552, 78.5557008, 0.0 ], [ 17.3535057, 78.5589838, 0.0 ], [ 17.352666, 78.5598636, 0.0 ], [ 17.3528094, 78.5626531, 0.0 ], [ 17.3546117, 78.5632539, 0.0 ], [ 17.3556972, 78.5658717, 0.0 ], [ 17.3550213, 78.5664511, 0.0 ], [ 17.3512426, 78.5663974, 0.0 ], [ 17.3504131, 78.5661292, 0.0 ], [ 17.3501059, 78.5718584, 0.0 ], [ 17.3488565, 78.5762358, 0.0 ], [ 17.350454, 78.5858273, 0.0 ] ] ] } },
{ "type": "Feature", "id": 14, "properties": { "Name": "Ward 16 Hasthinapuram", "tessellate": -1, "extrude": 0, "visibility": -1, "_id": "relation/7850229", "admin_level": "10", "boundary": "administrative", "type": "boundary", "_timestamp": "2018-01-03T13:15:24", "_version": "4", "_changeset": "55128738", "_user": "adivik2000", "_uid": "250196" }, "geometry": { "type": "MultiPolygon", "coordinates": [ [ [ [ 17.3320098, 78.526529, 0.0 ], [ 17.3321071, 78.5259979, 0.0 ], [ 17.3349184, 78.526352, 0.0 ], [ 17.333418, 78.5283797, 0.0 ], [ 17.3321071, 78.5282188, 0.0 ], [ 17.3320968, 78.5275858, 0.0 ], [ 17.3328854, 78.5273229, 0.0 ], [ 17.3328906, 78.5266148, 0.0 ], [ 17.3320098, 78.526529, 0.0 ] ] ], [ [ [ 17.336598, 78.5272639, 0.0 ], [ 17.3360706, 78.526132, 0.0 ], [ 17.3369411, 78.5247748, 0.0 ], [ 17.3380984, 78.525558, 0.0 ], [ 17.3371049, 78.5259228, 0.0 ], [ 17.336598, 78.5272639, 0.0 ] ] ], [ [ [ 17.3396952, 78.523788, 0.0 ], [ 17.3374275, 78.52257, 0.0 ], [ 17.337069, 78.5208964, 0.0 ], [ 17.336936, 78.5193085, 0.0 ], [ 17.3382161, 78.5175543, 0.0 ], [ 17.3397114, 78.5179996, 0.0 ], [ 17.3386053, 78.5216366, 0.0 ], [ 17.3405511, 78.519963, 0.0 ], [ 17.3413439, 78.5189892, 0.0 ], [ 17.3396952, 78.523788, 0.0 ] ] ], [ [ [ 17.3335255, 78.5185038, 0.0 ], [ 17.3317435, 78.5189544, 0.0 ], [ 17.3315796, 78.5170232, 0.0 ], [ 17.3337713, 78.5171842, 0.0 ], [ 17.3335255, 78.5185038, 0.0 ] ] ], [ [ [ 17.326725, 78.5182463, 0.0 ], [ 17.3270527, 78.5127961, 0.0 ], [ 17.3303506, 78.5126673, 0.0 ], [ 17.3312212, 78.5155909, 0.0 ], [ 17.3309498, 78.5156902, 0.0 ], [ 17.3302456, 78.5148909, 0.0 ], [ 17.330156, 78.514974, 0.0 ], [ 17.3289475, 78.5148989, 0.0 ], [ 17.3274317, 78.5181498, 0.0 ], [ 17.326725, 78.5182463, 0.0 ] ] ], [ [ [ 17.3168411, 78.5081721, 0.0 ], [ 17.3162476, 78.5056328, 0.0 ], [ 17.3186848, 78.5052002, 0.0 ], [ 17.3187667, 78.5076571, 0.0 ], [ 17.3168411, 78.5081721, 0.0 ] ] ], [ [ [ 17.3174557, 78.4949434, 0.0 ], [ 17.3179268, 78.4937096, 0.0 ], [ 17.318864, 78.4936399, 0.0 ], [ 17.3198217, 78.4966278, 0.0 ], [ 17.3169436, 78.496821, 0.0 ], [ 17.3174557, 78.4949434, 0.0 ] ] ], [ [ [ 17.3422095, 78.5466539, 0.0 ], [ 17.3417282, 78.5476544, 0.0 ], [ 17.3383486, 78.5489419, 0.0 ], [ 17.3357677, 78.5517529, 0.0 ], [ 17.3326338, 78.5528257, 0.0 ], [ 17.3301553, 78.5531691, 0.0 ], [ 17.3278106, 78.5555559, 0.0 ], [ 17.325204, 78.5572886, 0.0 ], [ 17.323304, 78.5584474, 0.0 ], [ 17.3225769, 78.5579753, 0.0 ], [ 17.3232272, 78.5562158, 0.0 ], [ 17.3207025, 78.5552072, 0.0 ], [ 17.3208613, 78.5543275, 0.0 ], [ 17.3197858, 78.5535711, 0.0 ], [ 17.3206513, 78.5520101, 0.0 ], [ 17.3169435, 78.549478, 0.0 ], [ 17.32189, 78.5423115, 0.0 ], [ 17.322566, 78.5397687, 0.0 ], [ 17.3242355, 78.537108, 0.0 ], [ 17.3261712, 78.5365823, 0.0 ], [ 17.3259971, 78.5353699, 0.0 ], [ 17.3247783, 78.535091, 0.0 ], [ 17.3245018, 78.5333207, 0.0 ], [ 17.3259254, 78.5334065, 0.0 ], [ 17.3265399, 78.533664, 0.0 ], [ 17.3268267, 78.5350588, 0.0 ], [ 17.3298993, 78.5343614, 0.0 ], [ 17.3301553, 78.5354128, 0.0 ], [ 17.3328182, 78.5352519, 0.0 ], [ 17.3343544, 78.5345867, 0.0 ], [ 17.3348255, 78.5373977, 0.0 ], [ 17.3366332, 78.5363033, 0.0 ], [ 17.3369768, 78.5361904, 0.0 ], [ 17.3374909, 78.5361209, 0.0 ], [ 17.3379754, 78.5408252, 0.0 ], [ 17.3383281, 78.5418689, 0.0 ], [ 17.3387691, 78.5427296, 0.0 ], [ 17.3422095, 78.5466539, 0.0 ] ] ] ] } },
{ "type": "Feature", "id": 15, "properties": { "Name": "Ward 14 BN Reddy Nagar", "tessellate": -1, "extrude": 0, "visibility": -1, "_id": "relation/7850230", "admin_level": "10", "boundary": "administrative", "type": "boundary", "_timestamp": "2017-12-29T19:23:06", "_version": "1", "_changeset": "55017711", "_user": "adivik2000", "_uid": "250196" }, "geometry": { "type": "Polygon", "coordinates": [ [ [ 17.325204, 78.5572886, 0.0 ], [ 17.3251937, 78.5619503, 0.0 ], [ 17.3296438, 78.5632753, 0.0 ], [ 17.328587, 78.5753173, 0.0 ], [ 17.3283534, 78.5753131, 0.0 ], [ 17.3267352, 78.5745835, 0.0 ], [ 17.3250145, 78.5759997, 0.0 ], [ 17.3250964, 78.5773516, 0.0 ], [ 17.3248813, 78.5778773, 0.0 ], [ 17.325035, 78.5793686, 0.0 ], [ 17.322669, 78.5797012, 0.0 ], [ 17.3223106, 78.5809779, 0.0 ], [ 17.3224949, 78.5816431, 0.0 ], [ 17.3220443, 78.5826731, 0.0 ], [ 17.3222696, 78.5864711, 0.0 ], [ 17.3220443, 78.5887885, 0.0 ], [ 17.3214502, 78.5886383, 0.0 ], [ 17.3206308, 78.5887134, 0.0 ], [ 17.3070285, 78.593123, 0.0 ], [ 17.3028032, 78.5930425, 0.0 ], [ 17.3025676, 78.593123, 0.0 ], [ 17.3023576, 78.5756779, 0.0 ], [ 17.3042219, 78.5709572, 0.0 ], [ 17.3100195, 78.5655713, 0.0 ], [ 17.3104292, 78.5581899, 0.0 ], [ 17.3126007, 78.5579753, 0.0 ], [ 17.3143829, 78.5527182, 0.0 ], [ 17.3169435, 78.549478, 0.0 ], [ 17.3206513, 78.5520101, 0.0 ], [ 17.3197858, 78.5535711, 0.0 ], [ 17.3208613, 78.5543275, 0.0 ], [ 17.3207025, 78.5552072, 0.0 ], [ 17.3232272, 78.5562158, 0.0 ], [ 17.3225769, 78.5579753, 0.0 ], [ 17.323304, 78.5584474, 0.0 ], [ 17.325204, 78.5572886, 0.0 ] ] ] } },
{ "type": "Feature", "id": 16, "properties": { "Name": "Ward 15 Vanasthalipuram", "tessellate": -1, "extrude": 0, "visibility": -1, "_id": "relation/7850268", "admin_level": "10", "boundary": "administrative", "type": "boundary", "_timestamp": "2017-12-29T19:45:16", "_version": "1", "_changeset": "55018199", "_user": "adivik2000", "_uid": "250196" }, "geometry": { "type": "Polygon", "coordinates": [ [ [ 17.325204, 78.5572886, 0.0 ], [ 17.3278106, 78.5555559, 0.0 ], [ 17.3301553, 78.5531691, 0.0 ], [ 17.3326338, 78.5528257, 0.0 ], [ 17.3357677, 78.5517529, 0.0 ], [ 17.3383486, 78.5489419, 0.0 ], [ 17.3417282, 78.5476544, 0.0 ], [ 17.3422095, 78.5466539, 0.0 ], [ 17.3442276, 78.548656, 0.0 ], [ 17.3465216, 78.5510243, 0.0 ], [ 17.3436132, 78.5551227, 0.0 ], [ 17.3414011, 78.5584272, 0.0 ], [ 17.3404743, 78.5642905, 0.0 ], [ 17.3384107, 78.5682763, 0.0 ], [ 17.3367515, 78.5736823, 0.0 ], [ 17.334355, 78.5747337, 0.0 ], [ 17.331897, 78.5753775, 0.0 ], [ 17.328587, 78.5753173, 0.0 ], [ 17.3296438, 78.5632753, 0.0 ], [ 17.3251937, 78.5619503, 0.0 ], [ 17.325204, 78.5572886, 0.0 ] ] ] } },
{ "type": "Feature", "id": 17, "properties": { "Name": "Ward 139 East Anand Bagh", "tessellate": -1, "extrude": 0, "visibility": -1, "_id": "relation/7852324", "admin_level": "10", "boundary": "administrative", "type": "boundary", "_timestamp": "2018-01-01T11:38:39", "_version": "2", "_changeset": "55073879", "_user": "adivik2000", "_uid": "250196" }, "geometry": { "type": "Polygon", "coordinates": [ [ [ 17.4633213, 78.5467943, 0.0 ], [ 17.4637538, 78.5470044, 0.0 ], [ 17.4640305, 78.5472919, 0.0 ], [ 17.4639699, 78.5475234, 0.0 ], [ 17.4637872, 78.5481796, 0.0 ], [ 17.4636061, 78.5483548, 0.0 ], [ 17.4633115, 78.5484116, 0.0 ], [ 17.4627837, 78.5484825, 0.0 ], [ 17.4627311, 78.5483237, 0.0 ], [ 17.4627487, 78.5476843, 0.0 ], [ 17.462702, 78.5475643, 0.0 ], [ 17.4623425, 78.5473028, 0.0 ], [ 17.4624219, 78.5468656, 0.0 ], [ 17.461946, 78.5469568, 0.0 ], [ 17.4616044, 78.546946, 0.0 ], [ 17.4614217, 78.5472715, 0.0 ], [ 17.4609935, 78.5482192, 0.0 ], [ 17.4610785, 78.548398, 0.0 ], [ 17.460921, 78.5490989, 0.0 ], [ 17.4605242, 78.5491274, 0.0 ], [ 17.4602627, 78.5509439, 0.0 ], [ 17.4597807, 78.5518304, 0.0 ], [ 17.4596765, 78.5535604, 0.0 ], [ 17.4589767, 78.5549605, 0.0 ], [ 17.4582289, 78.556952, 0.0 ], [ 17.4580952, 78.5584071, 0.0 ], [ 17.4589293, 78.5588738, 0.0 ], [ 17.4609097, 78.5595779, 0.0 ], [ 17.4614528, 78.5583967, 0.0 ], [ 17.4619958, 78.5597261, 0.0 ], [ 17.4627135, 78.5607541, 0.0 ], [ 17.4615726, 78.5631417, 0.0 ], [ 17.4587477, 78.5624814, 0.0 ], [ 17.4526938, 78.5612798, 0.0 ], [ 17.4481005, 78.560235, 0.0 ], [ 17.4466295, 78.557353, 0.0 ], [ 17.4442959, 78.5577178, 0.0 ], [ 17.4413071, 78.5530937, 0.0 ], [ 17.4386561, 78.557471, 0.0 ], [ 17.4386458, 78.5560763, 0.0 ], [ 17.437479, 78.553791, 0.0 ], [ 17.4385742, 78.5510659, 0.0 ], [ 17.4373459, 78.5499823, 0.0 ], [ 17.4376427, 78.5487485, 0.0 ], [ 17.4390681, 78.5481933, 0.0 ], [ 17.4402631, 78.5475817, 0.0 ], [ 17.4395491, 78.547288, 0.0 ], [ 17.4400635, 78.5462004, 0.0 ], [ 17.4409386, 78.5464954, 0.0 ], [ 17.4429294, 78.547217, 0.0 ], [ 17.4443522, 78.5453354, 0.0 ], [ 17.4446746, 78.5441586, 0.0 ], [ 17.4447718, 78.5434753, 0.0 ], [ 17.4435998, 78.5432741, 0.0 ], [ 17.4430113, 78.5432044, 0.0 ], [ 17.4435487, 78.5412303, 0.0 ], [ 17.4425315, 78.5409245, 0.0 ], [ 17.4421253, 78.5400206, 0.0 ], [ 17.4415332, 78.5394828, 0.0 ], [ 17.4411963, 78.5393427, 0.0 ], [ 17.4406593, 78.5384572, 0.0 ], [ 17.439283, 78.5384086, 0.0 ], [ 17.4400136, 78.5354501, 0.0 ], [ 17.4411536, 78.5310969, 0.0 ], [ 17.4419708, 78.5316196, 0.0 ], [ 17.4420724, 78.5324603, 0.0 ], [ 17.4429215, 78.5333312, 0.0 ], [ 17.4441649, 78.5338096, 0.0 ], [ 17.4455107, 78.5350391, 0.0 ], [ 17.4457474, 78.5355322, 0.0 ], [ 17.4483688, 78.5363794, 0.0 ], [ 17.449155, 78.5402083, 0.0 ], [ 17.447566, 78.5407341, 0.0 ], [ 17.4473997, 78.5454118, 0.0 ], [ 17.4474739, 78.5453206, 0.0 ], [ 17.4486203, 78.5454038, 0.0 ], [ 17.4490629, 78.5446179, 0.0 ], [ 17.4507543, 78.5451436, 0.0 ], [ 17.4548828, 78.541532, 0.0 ], [ 17.4562018, 78.5430273, 0.0 ], [ 17.4583281, 78.5437328, 0.0 ], [ 17.4591161, 78.5432822, 0.0 ], [ 17.4596023, 78.5435128, 0.0 ], [ 17.4598377, 78.5431212, 0.0 ], [ 17.4599669, 78.5430287, 0.0 ], [ 17.4602104, 78.5425562, 0.0 ], [ 17.4603516, 78.5421695, 0.0 ], [ 17.4608592, 78.5425119, 0.0 ], [ 17.4607895, 78.5426173, 0.0 ], [ 17.4608752, 78.5427209, 0.0 ], [ 17.4607805, 78.5429496, 0.0 ], [ 17.4608449, 78.5431641, 0.0 ], [ 17.4613699, 78.5436255, 0.0 ], [ 17.4608027, 78.5446125, 0.0 ], [ 17.4608352, 78.5447413, 0.0 ], [ 17.461289, 78.5451061, 0.0 ], [ 17.461337, 78.5453206, 0.0 ], [ 17.4620457, 78.545613, 0.0 ], [ 17.4622735, 78.5455835, 0.0 ], [ 17.4624946, 78.5456978, 0.0 ], [ 17.4629993, 78.5459746, 0.0 ], [ 17.4629718, 78.5462835, 0.0 ], [ 17.4630192, 78.5463865, 0.0 ], [ 17.4629502, 78.546614, 0.0 ], [ 17.4633213, 78.5467943, 0.0 ] ] ] } },
{ "type": "Feature", "id": 18, "properties": { "Name": "Ward 20 RK Puram", "tessellate": -1, "extrude": 0, "visibility": -1, "_id": "relation/7852364", "admin_level": "10", "boundary": "administrative", "type": "boundary", "_timestamp": "2018-01-01T18:13:05", "_version": "2", "_changeset": "55082663", "_user": "adivik2000", "_uid": "250196" }, "geometry": { "type": "Polygon", "coordinates": [ [ [ 17.3523998, 78.5517955, 0.0 ], [ 17.352451, 78.5506153, 0.0 ], [ 17.3514167, 78.5503578, 0.0 ], [ 17.3510787, 78.5469997, 0.0 ], [ 17.351642, 78.5466134, 0.0 ], [ 17.3527467, 78.5463187, 0.0 ], [ 17.3598855, 78.544414, 0.0 ], [ 17.3619437, 78.543824, 0.0 ], [ 17.3652205, 78.5427082, 0.0 ], [ 17.3662854, 78.5438025, 0.0 ], [ 17.3670636, 78.5456908, 0.0 ], [ 17.3726237, 78.5464096, 0.0 ], [ 17.3736374, 78.5491991, 0.0 ], [ 17.3721015, 78.5494137, 0.0 ], [ 17.3682617, 78.5535872, 0.0 ], [ 17.3668384, 78.5552609, 0.0 ], [ 17.3658042, 78.5558295, 0.0 ], [ 17.3643501, 78.5568595, 0.0 ], [ 17.3621075, 78.5572028, 0.0 ], [ 17.3614522, 78.5560441, 0.0 ], [ 17.3543455, 78.5529542, 0.0 ], [ 17.3528299, 78.553834, 0.0 ], [ 17.3523998, 78.5517955, 0.0 ] ] ] } },
{ "type": "Feature", "id": 19, "properties": { "Name": "Ward 21 Kothapet", "tessellate": -1, "extrude": 0, "visibility": -1, "_id": "relation/7852365", "admin_level": "10", "boundary": "administrative", "type": "boundary", "_timestamp": "2018-01-01T18:13:05", "_version": "2", "_changeset": "55082663", "_user": "adivik2000", "_uid": "250196" }, "geometry": { "type": "Polygon", "coordinates": [ [ [ 17.3831393, 78.5583186, 0.0 ], [ 17.3655482, 78.5570526, 0.0 ], [ 17.3632749, 78.5572243, 0.0 ], [ 17.3597114, 78.5576749, 0.0 ], [ 17.3530552, 78.5557008, 0.0 ], [ 17.3505758, 78.5540999, 0.0 ], [ 17.351007, 78.5525465, 0.0 ], [ 17.3523998, 78.5517955, 0.0 ], [ 17.3528299, 78.553834, 0.0 ], [ 17.3543455, 78.5529542, 0.0 ], [ 17.3614522, 78.5560441, 0.0 ], [ 17.3621075, 78.5572028, 0.0 ], [ 17.3643501, 78.5568595, 0.0 ], [ 17.3658042, 78.5558295, 0.0 ], [ 17.3668384, 78.5552609, 0.0 ], [ 17.3682617, 78.5535872, 0.0 ], [ 17.3721015, 78.5494137, 0.0 ], [ 17.3736374, 78.5491991, 0.0 ], [ 17.3726237, 78.5464096, 0.0 ], [ 17.3721425, 78.5433841, 0.0 ], [ 17.3704913, 78.5403264, 0.0 ], [ 17.3712516, 78.5402942, 0.0 ], [ 17.3709649, 78.5390496, 0.0 ], [ 17.3745487, 78.5382557, 0.0 ], [ 17.3745078, 78.5391676, 0.0 ], [ 17.3765556, 78.538996, 0.0 ], [ 17.3765966, 78.5397148, 0.0 ], [ 17.3763201, 78.5403371, 0.0 ], [ 17.3755317, 78.5411632, 0.0 ], [ 17.37546, 78.5426438, 0.0 ], [ 17.3778867, 78.542912, 0.0 ], [ 17.3826775, 78.5431498, 0.0 ], [ 17.3837229, 78.5432017, 0.0 ], [ 17.3828117, 78.5470641, 0.0 ], [ 17.3810506, 78.5489523, 0.0 ], [ 17.3804362, 78.5519671, 0.0 ], [ 17.3831393, 78.5583186, 0.0 ] ] ] } },
{ "type": "Feature", "id": 20, "properties": { "Name": "Ward 8 Habsiguda", "tessellate": -1, "extrude": 0, "visibility": -1, "_id": "relation/7852446", "admin_level": "10", "boundary": "administrative", "type": "boundary", "_timestamp": "2018-01-01T20:34:01", "_version": "3", "_changeset": "55085615", "_user": "adivik2000", "_uid": "250196" }, "geometry": { "type": "Polygon", "coordinates": [ [ [ 17.4016041, 78.5601157, 0.0 ], [ 17.4011997, 78.5534477, 0.0 ], [ 17.4011383, 78.5484266, 0.0 ], [ 17.4011792, 78.5469246, 0.0 ], [ 17.4010769, 78.5454869, 0.0 ], [ 17.4006674, 78.5426974, 0.0 ], [ 17.4000736, 78.5393071, 0.0 ], [ 17.3983945, 78.5342216, 0.0 ], [ 17.3978007, 78.5328484, 0.0 ], [ 17.3936236, 78.5332346, 0.0 ], [ 17.3914735, 78.5327625, 0.0 ], [ 17.3893235, 78.5328913, 0.0 ], [ 17.3885863, 78.5328269, 0.0 ], [ 17.3887092, 78.5315394, 0.0 ], [ 17.3840199, 78.530488, 0.0 ], [ 17.3827298, 78.5307884, 0.0 ], [ 17.3795352, 78.5285568, 0.0 ], [ 17.3763099, 78.5251827, 0.0 ], [ 17.3809623, 78.5283865, 0.0 ], [ 17.3822793, 78.5281223, 0.0 ], [ 17.3829909, 78.5281974, 0.0 ], [ 17.3836513, 78.5271192, 0.0 ], [ 17.3863338, 78.5268188, 0.0 ], [ 17.3881102, 78.5273713, 0.0 ], [ 17.3949034, 78.5283852, 0.0 ], [ 17.3952515, 78.5294419, 0.0 ], [ 17.3961872, 78.5288971, 0.0 ], [ 17.3973707, 78.5282081, 0.0 ], [ 17.3980823, 78.5299784, 0.0 ], [ 17.4010769, 78.5326123, 0.0 ], [ 17.411038, 78.5339427, 0.0 ], [ 17.4159825, 78.5353509, 0.0 ], [ 17.4199544, 78.5345542, 0.0 ], [ 17.4214541, 78.532446, 0.0 ], [ 17.4225239, 78.5325319, 0.0 ], [ 17.4232046, 78.5329664, 0.0 ], [ 17.4254848, 78.5331702, 0.0 ], [ 17.4250421, 78.5345408, 0.0 ], [ 17.4247248, 78.5358738, 0.0 ], [ 17.4154503, 78.5454869, 0.0 ], [ 17.4078798, 78.553158, 0.0 ], [ 17.4079566, 78.5533512, 0.0 ], [ 17.4027559, 78.558383, 0.0 ], [ 17.4016041, 78.5601157, 0.0 ] ] ] } },
{ "type": "Feature", "id": 21, "properties": { "Name": "Ward 9 Ramanthapur", "tessellate": -1, "extrude": 0, "visibility": -1, "_id": "relation/7852447", "admin_level": "10", "boundary": "administrative", "type": "boundary", "_timestamp": "2017-12-30T07:56:25", "_version": "1", "_changeset": "55028223", "_user": "adivik2000", "_uid": "250196" }, "geometry": { "type": "Polygon", "coordinates": [ [ [ 17.3837229, 78.5432017, 0.0 ], [ 17.3829857, 78.5389423, 0.0 ], [ 17.3793714, 78.5348439, 0.0 ], [ 17.377344, 78.5312176, 0.0 ], [ 17.3758287, 78.528192, 0.0 ], [ 17.3763099, 78.5251827, 0.0 ], [ 17.3795352, 78.5285568, 0.0 ], [ 17.3827298, 78.5307884, 0.0 ], [ 17.3840199, 78.530488, 0.0 ], [ 17.3887092, 78.5315394, 0.0 ], [ 17.3885863, 78.5328269, 0.0 ], [ 17.3893235, 78.5328913, 0.0 ], [ 17.3914735, 78.5327625, 0.0 ], [ 17.3936236, 78.5332346, 0.0 ], [ 17.3978007, 78.5328484, 0.0 ], [ 17.3983945, 78.5342216, 0.0 ], [ 17.4000736, 78.5393071, 0.0 ], [ 17.4006674, 78.5426974, 0.0 ], [ 17.4010769, 78.5454869, 0.0 ], [ 17.3981079, 78.5454226, 0.0 ], [ 17.3930502, 78.5453582, 0.0 ], [ 17.3905521, 78.5463023, 0.0 ], [ 17.3912073, 78.543148, 0.0 ], [ 17.3886477, 78.5430193, 0.0 ], [ 17.3884225, 78.5427404, 0.0 ], [ 17.3875215, 78.5439634, 0.0 ], [ 17.3837229, 78.5432017, 0.0 ] ] ] } },
{ "type": "Feature", "id": 22, "properties": { "Name": "Ward 92 Venkateshwara Colony", "tessellate": -1, "extrude": 0, "visibility": -1, "_id": "relation/7852804", "admin_level": "10", "boundary": "administrative", "type": "boundary", "_timestamp": "2017-12-30T10:25:33", "_version": "1", "_changeset": "55030709", "_user": "adivik2000", "_uid": "250196" }, "geometry": { "type": "Polygon", "coordinates": [ [ [ 17.4301397, 78.4369141, 0.0 ], [ 17.4301346, 78.4434611, 0.0 ], [ 17.429825, 78.4470767, 0.0 ], [ 17.4296586, 78.4481522, 0.0 ], [ 17.4297277, 78.448914, 0.0 ], [ 17.4299043, 78.4500968, 0.0 ], [ 17.4267554, 78.4524303, 0.0 ], [ 17.4266505, 78.4519153, 0.0 ], [ 17.4259979, 78.4500861, 0.0 ], [ 17.4252251, 78.4485867, 0.0 ], [ 17.4240018, 78.4481468, 0.0 ], [ 17.4233108, 78.4489086, 0.0 ], [ 17.4225482, 78.449386, 0.0 ], [ 17.4210089, 78.4486685, 0.0 ], [ 17.4194695, 78.4480154, 0.0 ], [ 17.4188886, 78.4484687, 0.0 ], [ 17.4181822, 78.4488174, 0.0 ], [ 17.4175629, 78.4490105, 0.0 ], [ 17.4155769, 78.4490051, 0.0 ], [ 17.414928, 78.4497057, 0.0 ], [ 17.4149895, 78.4479403, 0.0 ], [ 17.4152864, 78.4460628, 0.0 ], [ 17.4159416, 78.4439814, 0.0 ], [ 17.4154195, 78.442297, 0.0 ], [ 17.4130291, 78.4418195, 0.0 ], [ 17.4127476, 78.4408593, 0.0 ], [ 17.4155526, 78.4261179, 0.0 ], [ 17.4145493, 78.4252274, 0.0 ], [ 17.4142013, 78.4245086, 0.0 ], [ 17.4143017, 78.4229546, 0.0 ], [ 17.4149281, 78.4215635, 0.0 ], [ 17.4176716, 78.4132004, 0.0 ], [ 17.4199596, 78.4120417, 0.0 ], [ 17.4203076, 78.4109849, 0.0 ], [ 17.4227746, 78.4115052, 0.0 ], [ 17.4233121, 78.4133667, 0.0 ], [ 17.4259531, 78.415035, 0.0 ], [ 17.4263114, 78.4173363, 0.0 ], [ 17.4230971, 78.4262091, 0.0 ], [ 17.4272429, 78.4400064, 0.0 ], [ 17.4281641, 78.4378606, 0.0 ], [ 17.4288218, 78.4379786, 0.0 ], [ 17.4290688, 78.4363425, 0.0 ], [ 17.4294795, 78.4364659, 0.0 ], [ 17.4301397, 78.4369141, 0.0 ] ] ] } },
{ "type": "Feature", "id": 23, "properties": { "Name": "Ward 93 Banjara Hills", "tessellate": -1, "extrude": 0, "visibility": -1, "_id": "relation/7852805", "admin_level": "10", "boundary": "administrative", "type": "boundary", "_timestamp": "2018-01-01T20:14:06", "_version": "3", "_changeset": "55085177", "_user": "adivik2000", "_uid": "250196" }, "geometry": { "type": "Polygon", "coordinates": [ [ [ 17.4149281, 78.4215635, 0.0 ], [ 17.4143017, 78.4229546, 0.0 ], [ 17.4142013, 78.4245086, 0.0 ], [ 17.4145493, 78.4252274, 0.0 ], [ 17.4155526, 78.4261179, 0.0 ], [ 17.4127476, 78.4408593, 0.0 ], [ 17.4130291, 78.4418195, 0.0 ], [ 17.4154195, 78.442297, 0.0 ], [ 17.4159416, 78.4439814, 0.0 ], [ 17.4152864, 78.4460628, 0.0 ], [ 17.4149895, 78.4479403, 0.0 ], [ 17.414928, 78.4497057, 0.0 ], [ 17.4140567, 78.4506466, 0.0 ], [ 17.4131405, 78.4501478, 0.0 ], [ 17.4128104, 78.4527307, 0.0 ], [ 17.4132582, 78.4534469, 0.0 ], [ 17.4128027, 78.4537634, 0.0 ], [ 17.4112927, 78.4540262, 0.0 ], [ 17.4110572, 78.4553003, 0.0 ], [ 17.4113132, 78.4564027, 0.0 ], [ 17.4130689, 78.4601095, 0.0 ], [ 17.4121168, 78.4605547, 0.0 ], [ 17.4112057, 78.458645, 0.0 ], [ 17.4091992, 78.4578135, 0.0 ], [ 17.4093962, 78.4567259, 0.0 ], [ 17.4091876, 78.4554961, 0.0 ], [ 17.4086117, 78.454556, 0.0 ], [ 17.4084863, 78.4532297, 0.0 ], [ 17.4071835, 78.4513338, 0.0 ], [ 17.4052257, 78.4484848, 0.0 ], [ 17.4051233, 78.4442282, 0.0 ], [ 17.403452, 78.4388423, 0.0 ], [ 17.4044265, 78.4355331, 0.0 ], [ 17.406627, 78.4344958, 0.0 ], [ 17.4057894, 78.4335027, 0.0 ], [ 17.4067172, 78.431892, 0.0 ], [ 17.4051297, 78.4329562, 0.0 ], [ 17.4050222, 78.4309794, 0.0 ], [ 17.4055706, 78.4304758, 0.0 ], [ 17.4054417, 78.4281135, 0.0 ], [ 17.4053972, 78.4272981, 0.0 ], [ 17.4062706, 78.4272069, 0.0 ], [ 17.40841, 78.4191257, 0.0 ], [ 17.4094563, 78.4205925, 0.0 ], [ 17.4108691, 78.4204155, 0.0 ], [ 17.4119235, 78.4200615, 0.0 ], [ 17.412461, 78.4210378, 0.0 ], [ 17.4128039, 78.4209573, 0.0 ], [ 17.4149281, 78.4215635, 0.0 ] ] ] } },
{ "type": "Feature", "id": 24, "properties": { "Name": "Ward 126 Jagathgirigutta", "tessellate": -1, "extrude": 0, "visibility": -1, "_id": "relation/7852863", "admin_level": "10", "boundary": "administrative", "type": "boundary", "_timestamp": "2018-01-01T06:40:08", "_version": "2", "_changeset": "55070100", "_user": "adivik2000", "_uid": "250196" }, "geometry": { "type": "Polygon", "coordinates": [ [ [ 17.5027639, 78.4204459, 0.0 ], [ 17.5038051, 78.4194983, 0.0 ], [ 17.5042655, 78.4173204, 0.0 ], [ 17.5073862, 78.4174277, 0.0 ], [ 17.5081946, 78.4167088, 0.0 ], [ 17.5093712, 78.4127499, 0.0 ], [ 17.5106911, 78.412707, 0.0 ], [ 17.513567, 78.4137368, 0.0 ], [ 17.5135444, 78.4178635, 0.0 ], [ 17.5126632, 78.4196257, 0.0 ], [ 17.5146021, 78.4240363, 0.0 ], [ 17.5140036, 78.4255481, 0.0 ], [ 17.5128375, 78.4274769, 0.0 ], [ 17.5134559, 78.4288882, 0.0 ], [ 17.5128381, 78.429858, 0.0 ], [ 17.5141612, 78.4299459, 0.0 ], [ 17.5146891, 78.4313564, 0.0 ], [ 17.5125737, 78.4324185, 0.0 ], [ 17.5113626, 78.4319129, 0.0 ], [ 17.5099979, 78.431461, 0.0 ], [ 17.5086927, 78.4314288, 0.0 ], [ 17.5082675, 78.4318043, 0.0 ], [ 17.5074988, 78.4313537, 0.0 ], [ 17.5035186, 78.4301467, 0.0 ], [ 17.5030581, 78.4302862, 0.0 ], [ 17.5027409, 78.4303666, 0.0 ], [ 17.5024339, 78.4305544, 0.0 ], [ 17.5019172, 78.4306939, 0.0 ], [ 17.4999092, 78.4324963, 0.0 ], [ 17.497768, 78.4330059, 0.0 ], [ 17.499262, 78.4291436, 0.0 ], [ 17.498735, 78.4274752, 0.0 ], [ 17.4989908, 78.427207, 0.0 ], [ 17.5004898, 78.427207, 0.0 ], [ 17.5013698, 78.4265955, 0.0 ], [ 17.5027639, 78.4204459, 0.0 ] ] ] } },
{ "type": "Feature", "id": 25, "properties": { "Name": "Ward 124 Alwyn Colony", "tessellate": -1, "extrude": 0, "visibility": -1, "_id": "relation/7852864", "admin_level": "10", "boundary": "administrative", "type": "boundary", "_timestamp": "2018-01-01T06:40:08", "_version": "2", "_changeset": "55070100", "_user": "adivik2000", "_uid": "250196" }, "geometry": { "type": "Polygon", "coordinates": [ [ [ 17.513567, 78.4137368, 0.0 ], [ 17.5106911, 78.412707, 0.0 ], [ 17.5093712, 78.4127499, 0.0 ], [ 17.5081946, 78.4167088, 0.0 ], [ 17.5073862, 78.4174277, 0.0 ], [ 17.5042655, 78.4173204, 0.0 ], [ 17.5038051, 78.4194983, 0.0 ], [ 17.5027639, 78.4204459, 0.0 ], [ 17.5010986, 78.4176101, 0.0 ], [ 17.5000703, 78.4152819, 0.0 ], [ 17.4994103, 78.4139301, 0.0 ], [ 17.4988015, 78.4122349, 0.0 ], [ 17.4982592, 78.4107436, 0.0 ], [ 17.4982745, 78.4099336, 0.0 ], [ 17.4971567, 78.4071682, 0.0 ], [ 17.4965772, 78.4064293, 0.0 ], [ 17.4957932, 78.4045316, 0.0 ], [ 17.4967857, 78.4026755, 0.0 ], [ 17.4978397, 78.4019674, 0.0 ], [ 17.4987299, 78.4023215, 0.0 ], [ 17.4994359, 78.4017206, 0.0 ], [ 17.5020758, 78.4014524, 0.0 ], [ 17.5037437, 78.4016134, 0.0 ], [ 17.5070384, 78.4002186, 0.0 ], [ 17.5081741, 78.4014524, 0.0 ], [ 17.5133718, 78.4032763, 0.0 ], [ 17.5137299, 78.4040005, 0.0 ], [ 17.5137606, 78.4048964, 0.0 ], [ 17.514088, 78.4067096, 0.0 ], [ 17.514001, 78.4082706, 0.0 ], [ 17.5135681, 78.4135391, 0.0 ], [ 17.513567, 78.4137368, 0.0 ] ] ] } },
{ "type": "Feature", "id": 26, "properties": { "Name": "Ward 128 Chintal", "tessellate": -1, "extrude": 0, "visibility": -1, "_id": "relation/7852865", "admin_level": "10", "boundary": "administrative", "type": "boundary", "_timestamp": "2018-01-01T06:40:08", "_version": "2", "_changeset": "55070100", "_user": "adivik2000", "_uid": "250196" }, "geometry": { "type": "Polygon", "coordinates": [ [ [ 17.5166663, 78.4373511, 0.0 ], [ 17.5140675, 78.4417821, 0.0 ], [ 17.512896, 78.4420879, 0.0 ], [ 17.5127118, 78.44256, 0.0 ], [ 17.5124049, 78.4432573, 0.0 ], [ 17.5116119, 78.4456566, 0.0 ], [ 17.5110646, 78.4476267, 0.0 ], [ 17.4987248, 78.4517438, 0.0 ], [ 17.4959825, 78.452173, 0.0 ], [ 17.4941406, 78.4520818, 0.0 ], [ 17.487612, 78.450215, 0.0 ], [ 17.4887224, 78.4459127, 0.0 ], [ 17.4942864, 78.4455265, 0.0 ], [ 17.4951025, 78.4451402, 0.0 ], [ 17.4950308, 78.444298, 0.0 ], [ 17.4951792, 78.4434612, 0.0 ], [ 17.4962587, 78.4420289, 0.0 ], [ 17.497062, 78.4380431, 0.0 ], [ 17.4963508, 78.4355916, 0.0 ], [ 17.497768, 78.4330059, 0.0 ], [ 17.4999092, 78.4324963, 0.0 ], [ 17.5019172, 78.4306939, 0.0 ], [ 17.5024339, 78.4305544, 0.0 ], [ 17.5027409, 78.4303666, 0.0 ], [ 17.5030581, 78.4302862, 0.0 ], [ 17.5035186, 78.4301467, 0.0 ], [ 17.5074988, 78.4313537, 0.0 ], [ 17.5082675, 78.4318043, 0.0 ], [ 17.5086927, 78.4314288, 0.0 ], [ 17.5099979, 78.431461, 0.0 ], [ 17.5113626, 78.4319129, 0.0 ], [ 17.5125737, 78.4324185, 0.0 ], [ 17.5158299, 78.4366511, 0.0 ], [ 17.5166663, 78.4373511, 0.0 ] ] ] } },
{ "type": "Feature", "id": 27, "properties": { "Name": "Ward 132 Jeedimetla", "tessellate": -1, "extrude": 0, "visibility": -1, "_id": "relation/7852866", "admin_level": "10", "boundary": "administrative", "type": "boundary", "_timestamp": "2018-01-01T09:11:45", "_version": "4", "_changeset": "55071473", "_user": "adivik2000", "_uid": "250196" }, "geometry": { "type": "Polygon", "coordinates": [ [ [ 17.4958239, 78.4702565, 0.0 ], [ 17.4976759, 78.4679819, 0.0 ], [ 17.4973485, 78.4662868, 0.0 ], [ 17.4981262, 78.4643449, 0.0 ], [ 17.5006945, 78.4655572, 0.0 ], [ 17.5012777, 78.4650422, 0.0 ], [ 17.5017996, 78.4626497, 0.0 ], [ 17.5007661, 78.4612764, 0.0 ], [ 17.5030479, 78.4557618, 0.0 ], [ 17.5047055, 78.4552683, 0.0 ], [ 17.505744, 78.4556867, 0.0 ], [ 17.5063937, 78.4564699, 0.0 ], [ 17.5077444, 78.4544851, 0.0 ], [ 17.5088392, 78.4545816, 0.0 ], [ 17.510998, 78.4553326, 0.0 ], [ 17.5115915, 78.4555579, 0.0 ], [ 17.510067, 78.4576447, 0.0 ], [ 17.5083992, 78.4593452, 0.0 ], [ 17.5076523, 78.45971, 0.0 ], [ 17.5078211, 78.464656, 0.0 ], [ 17.5071202, 78.4658147, 0.0 ], [ 17.5063586, 78.4667012, 0.0 ], [ 17.5049932, 78.4678451, 0.0 ], [ 17.5055777, 78.4682877, 0.0 ], [ 17.5060714, 78.4677352, 0.0 ], [ 17.5076113, 78.4669091, 0.0 ], [ 17.5084196, 78.4669734, 0.0 ], [ 17.5110057, 78.4653963, 0.0 ], [ 17.5113408, 78.4656001, 0.0 ], [ 17.511745, 78.4649135, 0.0 ], [ 17.5137606, 78.4654714, 0.0 ], [ 17.5154027, 78.4651012, 0.0 ], [ 17.5157762, 78.4653319, 0.0 ], [ 17.5161138, 78.464892, 0.0 ], [ 17.5221297, 78.4669305, 0.0 ], [ 17.5227027, 78.4652783, 0.0 ], [ 17.5290253, 78.4651066, 0.0 ], [ 17.5247591, 78.4786142, 0.0 ], [ 17.5247489, 78.4840967, 0.0 ], [ 17.5316137, 78.4888603, 0.0 ], [ 17.5316239, 78.4909953, 0.0 ], [ 17.5272554, 78.4930445, 0.0 ], [ 17.5274191, 78.5005492, 0.0 ], [ 17.5258691, 78.5022055, 0.0 ], [ 17.5228683, 78.5006156, 0.0 ], [ 17.5232168, 78.4949005, 0.0 ], [ 17.5217166, 78.4939255, 0.0 ], [ 17.5205234, 78.4853404, 0.0 ], [ 17.5199492, 78.485488, 0.0 ], [ 17.5155689, 78.4847558, 0.0 ], [ 17.5144997, 78.4846146, 0.0 ], [ 17.5140716, 78.4848888, 0.0 ], [ 17.509439, 78.4851993, 0.0 ], [ 17.5057881, 78.4837829, 0.0 ], [ 17.501646, 78.4822592, 0.0 ], [ 17.5007098, 78.4817792, 0.0 ], [ 17.4945653, 78.4789146, 0.0 ], [ 17.4958955, 78.4741403, 0.0 ], [ 17.4958239, 78.4702565, 0.0 ] ] ] } },
{ "type": "Feature", "id": 28, "properties": { "Name": "Ward 130 Subash Nagar", "tessellate": -1, "extrude": 0, "visibility": -1, "_id": "relation/7852867", "admin_level": "10", "boundary": "administrative", "type": "boundary", "_timestamp": "2017-12-30T10:59:29", "_version": "1", "_changeset": "55031378", "_user": "adivik2000", "_uid": "250196" }, "geometry": { "type": "Polygon", "coordinates": [ [ [ 17.5088392, 78.4545816, 0.0 ], [ 17.5112231, 78.4498502, 0.0 ], [ 17.5110646, 78.4476267, 0.0 ], [ 17.5119189, 78.447624, 0.0 ], [ 17.5131288, 78.4472833, 0.0 ], [ 17.5163798, 78.4467818, 0.0 ], [ 17.5177789, 78.4464411, 0.0 ], [ 17.5191653, 78.4460924, 0.0 ], [ 17.52253, 78.4437804, 0.0 ], [ 17.5255673, 78.4414683, 0.0 ], [ 17.526639, 78.4403659, 0.0 ], [ 17.5278334, 78.4386198, 0.0 ], [ 17.5358695, 78.4345348, 0.0 ], [ 17.5374117, 78.4343926, 0.0 ], [ 17.5408643, 78.4339152, 0.0 ], [ 17.5410689, 78.4357686, 0.0 ], [ 17.5438208, 78.4362139, 0.0 ], [ 17.5495468, 78.4364713, 0.0 ], [ 17.5512961, 78.4336818, 0.0 ], [ 17.5536846, 78.4337355, 0.0 ], [ 17.5534749, 78.4397115, 0.0 ], [ 17.552452, 78.4422005, 0.0 ], [ 17.5499662, 78.4430052, 0.0 ], [ 17.5452504, 78.4436168, 0.0 ], [ 17.5346112, 78.4443356, 0.0 ], [ 17.5322377, 78.4565021, 0.0 ], [ 17.5328311, 78.459077, 0.0 ], [ 17.5320331, 78.4604074, 0.0 ], [ 17.5303348, 78.4585191, 0.0 ], [ 17.5292299, 78.4610726, 0.0 ], [ 17.5290253, 78.4651066, 0.0 ], [ 17.5227027, 78.4652783, 0.0 ], [ 17.5221297, 78.4669305, 0.0 ], [ 17.5161138, 78.464892, 0.0 ], [ 17.5157762, 78.4653319, 0.0 ], [ 17.5154027, 78.4651012, 0.0 ], [ 17.5137606, 78.4654714, 0.0 ], [ 17.511745, 78.4649135, 0.0 ], [ 17.5113408, 78.4656001, 0.0 ], [ 17.5110057, 78.4653963, 0.0 ], [ 17.5084196, 78.4669734, 0.0 ], [ 17.5076113, 78.4669091, 0.0 ], [ 17.5060714, 78.4677352, 0.0 ], [ 17.5055777, 78.4682877, 0.0 ], [ 17.5049932, 78.4678451, 0.0 ], [ 17.5063586, 78.4667012, 0.0 ], [ 17.5071202, 78.4658147, 0.0 ], [ 17.5078211, 78.464656, 0.0 ], [ 17.5076523, 78.45971, 0.0 ], [ 17.5083992, 78.4593452, 0.0 ], [ 17.510067, 78.4576447, 0.0 ], [ 17.5115915, 78.4555579, 0.0 ], [ 17.510998, 78.4553326, 0.0 ], [ 17.5088392, 78.4545816, 0.0 ] ] ] } },
{ "type": "Feature", "id": 29, "properties": { "Name": "Ward 129 Suraram", "tessellate": -1, "extrude": 0, "visibility": -1, "_id": "relation/7852868", "admin_level": "10", "boundary": "administrative", "type": "boundary", "_timestamp": "2017-12-30T10:59:29", "_version": "1", "_changeset": "55031378", "_user": "adivik2000", "_uid": "250196" }, "geometry": { "type": "Polygon", "coordinates": [ [ [ 17.5536846, 78.4337355, 0.0 ], [ 17.5512961, 78.4336818, 0.0 ], [ 17.5495468, 78.4364713, 0.0 ], [ 17.5438208, 78.4362139, 0.0 ], [ 17.5410689, 78.4357686, 0.0 ], [ 17.5408643, 78.4339152, 0.0 ], [ 17.5374117, 78.4343926, 0.0 ], [ 17.5358695, 78.4345348, 0.0 ], [ 17.5278334, 78.4386198, 0.0 ], [ 17.526639, 78.4403659, 0.0 ], [ 17.5255673, 78.4414683, 0.0 ], [ 17.52253, 78.4437804, 0.0 ], [ 17.5191653, 78.4460924, 0.0 ], [ 17.5177789, 78.4464411, 0.0 ], [ 17.5163798, 78.4467818, 0.0 ], [ 17.5131288, 78.4472833, 0.0 ], [ 17.5119189, 78.447624, 0.0 ], [ 17.5110646, 78.4476267, 0.0 ], [ 17.5116119, 78.4456566, 0.0 ], [ 17.5124049, 78.4432573, 0.0 ], [ 17.5127118, 78.44256, 0.0 ], [ 17.512896, 78.4420879, 0.0 ], [ 17.5140675, 78.4417821, 0.0 ], [ 17.5166663, 78.4373511, 0.0 ], [ 17.5196027, 78.4347655, 0.0 ], [ 17.5212243, 78.4365304, 0.0 ], [ 17.5229073, 78.4341968, 0.0 ], [ 17.5242271, 78.4344168, 0.0 ], [ 17.524534, 78.4322871, 0.0 ], [ 17.5263244, 78.4322335, 0.0 ], [ 17.5283194, 78.4320296, 0.0 ], [ 17.5284422, 78.429283, 0.0 ], [ 17.5293732, 78.429165, 0.0 ], [ 17.5296647, 78.4283013, 0.0 ], [ 17.5322479, 78.4283818, 0.0 ], [ 17.5331891, 78.4263862, 0.0 ], [ 17.5376393, 78.4263862, 0.0 ], [ 17.5363196, 78.423071, 0.0 ], [ 17.5335881, 78.4219445, 0.0 ], [ 17.5344884, 78.419434, 0.0 ], [ 17.5343656, 78.4161724, 0.0 ], [ 17.5344066, 78.4148957, 0.0 ], [ 17.5358286, 78.4143914, 0.0 ], [ 17.5375268, 78.4138013, 0.0 ], [ 17.5376905, 78.4122135, 0.0 ], [ 17.5397365, 78.4106256, 0.0 ], [ 17.5436648, 78.408866, 0.0 ], [ 17.5458846, 78.4083725, 0.0 ], [ 17.5503243, 78.4136297, 0.0 ], [ 17.5552855, 78.4150405, 0.0 ], [ 17.5591469, 78.4164513, 0.0 ], [ 17.5608321, 78.4195359, 0.0 ], [ 17.5606583, 78.421223, 0.0 ], [ 17.5580038, 78.4262441, 0.0 ], [ 17.5559785, 78.4280009, 0.0 ], [ 17.5536846, 78.4337355, 0.0 ] ] ] } },
{ "type": "Feature", "id": 30, "properties": { "Name": "Ward 125 Gajularamaram", "tessellate": -1, "extrude": 0, "visibility": -1, "_id": "relation/7852869", "admin_level": "10", "boundary": "administrative", "type": "boundary", "_timestamp": "2017-12-30T10:59:29", "_version": "1", "_changeset": "55031378", "_user": "adivik2000", "_uid": "250196" }, "geometry": { "type": "Polygon", "coordinates": [ [ [ 17.5166663, 78.4373511, 0.0 ], [ 17.5158299, 78.4366511, 0.0 ], [ 17.5125737, 78.4324185, 0.0 ], [ 17.5146891, 78.4313564, 0.0 ], [ 17.5141612, 78.4299459, 0.0 ], [ 17.5128381, 78.429858, 0.0 ], [ 17.5134559, 78.4288882, 0.0 ], [ 17.5128375, 78.4274769, 0.0 ], [ 17.5140036, 78.4255481, 0.0 ], [ 17.5146021, 78.4240363, 0.0 ], [ 17.5126632, 78.4196257, 0.0 ], [ 17.5135444, 78.4178635, 0.0 ], [ 17.513567, 78.4137368, 0.0 ], [ 17.5135681, 78.4135391, 0.0 ], [ 17.514001, 78.4082706, 0.0 ], [ 17.517426, 78.4007497, 0.0 ], [ 17.5173377, 78.3986321, 0.0 ], [ 17.5195374, 78.3979267, 0.0 ], [ 17.5190105, 78.3977496, 0.0 ], [ 17.5197178, 78.3976598, 0.0 ], [ 17.5198952, 78.3964263, 0.0 ], [ 17.5226285, 78.3966003, 0.0 ], [ 17.5250993, 78.3951895, 0.0 ], [ 17.526419, 78.3949239, 0.0 ], [ 17.5328541, 78.3943043, 0.0 ], [ 17.5406789, 78.393619, 0.0 ], [ 17.5401559, 78.395337, 0.0 ], [ 17.5437262, 78.4006639, 0.0 ], [ 17.5453067, 78.4023215, 0.0 ], [ 17.5458284, 78.4058513, 0.0 ], [ 17.5458846, 78.4083725, 0.0 ], [ 17.5436648, 78.408866, 0.0 ], [ 17.5397365, 78.4106256, 0.0 ], [ 17.5376905, 78.4122135, 0.0 ], [ 17.5375268, 78.4138013, 0.0 ], [ 17.5358286, 78.4143914, 0.0 ], [ 17.5344066, 78.4148957, 0.0 ], [ 17.5343656, 78.4161724, 0.0 ], [ 17.5344884, 78.419434, 0.0 ], [ 17.5335881, 78.4219445, 0.0 ], [ 17.5363196, 78.423071, 0.0 ], [ 17.5376393, 78.4263862, 0.0 ], [ 17.5331891, 78.4263862, 0.0 ], [ 17.5322479, 78.4283818, 0.0 ], [ 17.5296647, 78.4283013, 0.0 ], [ 17.5293732, 78.429165, 0.0 ], [ 17.5284422, 78.429283, 0.0 ], [ 17.5283194, 78.4320296, 0.0 ], [ 17.5263244, 78.4322335, 0.0 ], [ 17.524534, 78.4322871, 0.0 ], [ 17.5242271, 78.4344168, 0.0 ], [ 17.5229073, 78.4341968, 0.0 ], [ 17.5212243, 78.4365304, 0.0 ], [ 17.5196027, 78.4347655, 0.0 ], [ 17.5166663, 78.4373511, 0.0 ] ] ] } },
{ "type": "Feature", "id": 31, "properties": { "Name": "Ward 116 Allapur", "tessellate": -1, "extrude": 0, "visibility": -1, "_id": "relation/7853538", "admin_level": "10", "boundary": "administrative", "type": "boundary", "_timestamp": "2018-01-01T06:40:08", "_version": "3", "_changeset": "55070100", "_user": "adivik2000", "_uid": "250196" }, "geometry": { "type": "Polygon", "coordinates": [ [ [ 17.4768927, 78.3782995, 0.0 ], [ 17.4730551, 78.3839697, 0.0 ], [ 17.4703277, 78.3853537, 0.0 ], [ 17.466096, 78.3865821, 0.0 ], [ 17.4640082, 78.3898973, 0.0 ], [ 17.464131, 78.396002, 0.0 ], [ 17.4622479, 78.3995855, 0.0 ], [ 17.4601191, 78.4034693, 0.0 ], [ 17.4612347, 78.4040165, 0.0 ], [ 17.4632304, 78.4051752, 0.0 ], [ 17.4629336, 78.4105504, 0.0 ], [ 17.4627084, 78.4143162, 0.0 ], [ 17.4613473, 78.4157431, 0.0 ], [ 17.4593259, 78.4164915, 0.0 ], [ 17.4586965, 78.4163976, 0.0 ], [ 17.4585123, 78.4152174, 0.0 ], [ 17.4549404, 78.4149599, 0.0 ], [ 17.4563528, 78.4162903, 0.0 ], [ 17.4545719, 78.4196806, 0.0 ], [ 17.4539578, 78.4198308, 0.0 ], [ 17.4538763, 78.4182649, 0.0 ], [ 17.453835, 78.4174705, 0.0 ], [ 17.4543877, 78.4144878, 0.0 ], [ 17.4554316, 78.4105504, 0.0 ], [ 17.4504831, 78.4052718, 0.0 ], [ 17.4506519, 78.4023267, 0.0 ], [ 17.4508208, 78.4010124, 0.0 ], [ 17.4527859, 78.400594, 0.0 ], [ 17.4536354, 78.3991939, 0.0 ], [ 17.454357, 78.3972037, 0.0 ], [ 17.4554931, 78.3930623, 0.0 ], [ 17.459807, 78.3889264, 0.0 ], [ 17.4692583, 78.3826715, 0.0 ], [ 17.4713767, 78.3799142, 0.0 ], [ 17.4727992, 78.3764112, 0.0 ], [ 17.474846, 78.3774841, 0.0 ], [ 17.4768927, 78.3782995, 0.0 ] ] ] } },
{ "type": "Feature", "id": 32, "properties": { "Name": "Ward 114 KPHB Colony", "tessellate": -1, "extrude": 0, "visibility": -1, "_id": "relation/7853539", "admin_level": "10", "boundary": "administrative", "type": "boundary", "_timestamp": "2018-01-01T06:40:08", "_version": "2", "_changeset": "55070100", "_user": "adivik2000", "_uid": "250196" }, "geometry": { "type": "Polygon", "coordinates": [ [ [ 17.4703277, 78.3853537, 0.0 ], [ 17.4730551, 78.3839697, 0.0 ], [ 17.4768927, 78.3782995, 0.0 ], [ 17.4805614, 78.3787823, 0.0 ], [ 17.4808531, 78.3792114, 0.0 ], [ 17.4861359, 78.3812351, 0.0 ], [ 17.4895768, 78.3825722, 0.0 ], [ 17.4907587, 78.3823898, 0.0 ], [ 17.4913611, 78.381549, 0.0 ], [ 17.491718, 78.3801073, 0.0 ], [ 17.4875149, 78.3771086, 0.0 ], [ 17.4835393, 78.3770227, 0.0 ], [ 17.4790878, 78.3752954, 0.0 ], [ 17.4816308, 78.3721948, 0.0 ], [ 17.4819634, 78.3695769, 0.0 ], [ 17.4825006, 78.3660579, 0.0 ], [ 17.4829074, 78.3656797, 0.0 ], [ 17.4837542, 78.3661169, 0.0 ], [ 17.4918331, 78.3697808, 0.0 ], [ 17.493895, 78.3718461, 0.0 ], [ 17.4965452, 78.3738095, 0.0 ], [ 17.497461, 78.3780044, 0.0 ], [ 17.4980033, 78.3794555, 0.0 ], [ 17.4993642, 78.3824515, 0.0 ], [ 17.498469, 78.3901092, 0.0 ], [ 17.4981364, 78.3914557, 0.0 ], [ 17.4965605, 78.3943498, 0.0 ], [ 17.4962332, 78.3956078, 0.0 ], [ 17.4958162, 78.3972694, 0.0 ], [ 17.494399, 78.3966324, 0.0 ], [ 17.4929996, 78.3957124, 0.0 ], [ 17.4929331, 78.3945644, 0.0 ], [ 17.4915773, 78.3947414, 0.0 ], [ 17.488753, 78.3933413, 0.0 ], [ 17.487039, 78.3950901, 0.0 ], [ 17.4828281, 78.3934218, 0.0 ], [ 17.4820299, 78.3941245, 0.0 ], [ 17.4769899, 78.3955836, 0.0 ], [ 17.4697137, 78.3914691, 0.0 ], [ 17.4713204, 78.3871186, 0.0 ], [ 17.4703277, 78.3853537, 0.0 ] ] ] } },
{ "type": "Feature", "id": 33, "properties": { "Name": "Ward 108 Miyapur", "tessellate": -1, "extrude": 0, "visibility": -1, "_id": "relation/7853540", "admin_level": "10", "boundary": "administrative", "type": "boundary", "_timestamp": "2018-01-01T06:40:08", "_version": "2", "_changeset": "55070100", "_user": "adivik2000", "_uid": "250196" }, "geometry": { "type": "Polygon", "coordinates": [ [ [ 17.5179963, 78.3415532, 0.0 ], [ 17.5191908, 78.3415592, 0.0 ], [ 17.5208649, 78.3421768, 0.0 ], [ 17.5206935, 78.350206, 0.0 ], [ 17.5213074, 78.35135, 0.0 ], [ 17.5195419, 78.3602603, 0.0 ], [ 17.5211309, 78.3624664, 0.0 ], [ 17.5200617, 78.3644371, 0.0 ], [ 17.5189107, 78.3660217, 0.0 ], [ 17.5188615, 78.3686449, 0.0 ], [ 17.5190987, 78.3706672, 0.0 ], [ 17.5167193, 78.3709348, 0.0 ], [ 17.514691, 78.3709348, 0.0 ], [ 17.5146021, 78.3721679, 0.0 ], [ 17.5129268, 78.3732269, 0.0 ], [ 17.5074284, 78.3732636, 0.0 ], [ 17.5069565, 78.375256, 0.0 ], [ 17.5020419, 78.3745163, 0.0 ], [ 17.4971272, 78.3738625, 0.0 ], [ 17.4965452, 78.3738095, 0.0 ], [ 17.4965401, 78.361541, 0.0 ], [ 17.4964378, 78.3599317, 0.0 ], [ 17.4958852, 78.3581078, 0.0 ], [ 17.4947289, 78.353312, 0.0 ], [ 17.4939206, 78.3492672, 0.0 ], [ 17.4941201, 78.348189, 0.0 ], [ 17.4941784, 78.3478857, 0.0 ], [ 17.4983717, 78.3484626, 0.0 ], [ 17.4991494, 78.3425188, 0.0 ], [ 17.504552, 78.3421755, 0.0 ], [ 17.5088391, 78.3456194, 0.0 ], [ 17.513208, 78.3490634, 0.0 ], [ 17.5149883, 78.3477867, 0.0 ], [ 17.516523, 78.3460808, 0.0 ], [ 17.5179963, 78.3415532, 0.0 ] ] ] } },
{ "type": "Feature", "id": 34, "properties": { "Name": "Ward 107 Madhapur", "tessellate": -1, "extrude": 0, "visibility": -1, "_id": "relation/7853541", "admin_level": "10", "boundary": "administrative", "type": "boundary", "_timestamp": "2017-12-30T15:36:25", "_version": "1", "_changeset": "55037400", "_user": "adivik2000", "_uid": "250196" }, "geometry": { "type": "Polygon", "coordinates": [ [ [ 17.4768927, 78.3782995, 0.0 ], [ 17.474846, 78.3774841, 0.0 ], [ 17.4727992, 78.3764112, 0.0 ], [ 17.4713767, 78.3799142, 0.0 ], [ 17.4692583, 78.3826715, 0.0 ], [ 17.459807, 78.3889264, 0.0 ], [ 17.4554931, 78.3930623, 0.0 ], [ 17.454357, 78.3972037, 0.0 ], [ 17.4536354, 78.3991939, 0.0 ], [ 17.4527859, 78.400594, 0.0 ], [ 17.4508208, 78.4010124, 0.0 ], [ 17.4506519, 78.4023267, 0.0 ], [ 17.4504831, 78.4052718, 0.0 ], [ 17.4494135, 78.4047407, 0.0 ], [ 17.4484002, 78.4043974, 0.0 ], [ 17.4479038, 78.4054971, 0.0 ], [ 17.44578, 78.406173, 0.0 ], [ 17.4451096, 78.4054649, 0.0 ], [ 17.4434207, 78.4066933, 0.0 ], [ 17.4420645, 78.4065807, 0.0 ], [ 17.4405138, 78.402155, 0.0 ], [ 17.4393674, 78.4000468, 0.0 ], [ 17.4388198, 78.399505, 0.0 ], [ 17.438523, 78.3992261, 0.0 ], [ 17.4387124, 78.3973324, 0.0 ], [ 17.4394749, 78.3961469, 0.0 ], [ 17.4400662, 78.3950928, 0.0 ], [ 17.4409466, 78.3938603, 0.0 ], [ 17.4414376, 78.3889452, 0.0 ], [ 17.4416282, 78.3880466, 0.0 ], [ 17.443541, 78.3873352, 0.0 ], [ 17.4455356, 78.3861946, 0.0 ], [ 17.4486396, 78.3837673, 0.0 ], [ 17.451416, 78.3813401, 0.0 ], [ 17.4528822, 78.3800072, 0.0 ], [ 17.4535297, 78.3790605, 0.0 ], [ 17.4572659, 78.3758748, 0.0 ], [ 17.4572176, 78.3725569, 0.0 ], [ 17.4580018, 78.3695783, 0.0 ], [ 17.4586632, 78.3662993, 0.0 ], [ 17.4590266, 78.3659077, 0.0 ], [ 17.4623477, 78.3666071, 0.0 ], [ 17.4656687, 78.3668773, 0.0 ], [ 17.467755, 78.3665283, 0.0 ], [ 17.4691257, 78.3655814, 0.0 ], [ 17.4709875, 78.3648919, 0.0 ], [ 17.4749963, 78.3629066, 0.0 ], [ 17.4754357, 78.3629921, 0.0 ], [ 17.4760587, 78.3627306, 0.0 ], [ 17.4794178, 78.3611923, 0.0 ], [ 17.4823983, 78.3606371, 0.0 ], [ 17.4839947, 78.3604306, 0.0 ], [ 17.4832937, 78.363778, 0.0 ], [ 17.4846854, 78.3635151, 0.0 ], [ 17.485852, 78.3636063, 0.0 ], [ 17.486645, 78.3623832, 0.0 ], [ 17.488047, 78.3620989, 0.0 ], [ 17.4881339, 78.3610529, 0.0 ], [ 17.4892954, 78.3608758, 0.0 ], [ 17.4894642, 78.3598177, 0.0 ], [ 17.4920582, 78.3600175, 0.0 ], [ 17.4958852, 78.3581078, 0.0 ], [ 17.4964378, 78.3599317, 0.0 ], [ 17.4965401, 78.361541, 0.0 ], [ 17.4965452, 78.3738095, 0.0 ], [ 17.493895, 78.3718461, 0.0 ], [ 17.4918331, 78.3697808, 0.0 ], [ 17.4837542, 78.3661169, 0.0 ], [ 17.4829074, 78.3656797, 0.0 ], [ 17.4825006, 78.3660579, 0.0 ], [ 17.4819634, 78.3695769, 0.0 ], [ 17.4816308, 78.3721948, 0.0 ], [ 17.4790878, 78.3752954, 0.0 ], [ 17.4835393, 78.3770227, 0.0 ], [ 17.4875149, 78.3771086, 0.0 ], [ 17.491718, 78.3801073, 0.0 ], [ 17.4913611, 78.381549, 0.0 ], [ 17.4907587, 78.3823898, 0.0 ], [ 17.4895768, 78.3825722, 0.0 ], [ 17.4861359, 78.3812351, 0.0 ], [ 17.4808531, 78.3792114, 0.0 ], [ 17.4805614, 78.3787823, 0.0 ], [ 17.4768927, 78.3782995, 0.0 ] ] ] } },
{ "type": "Feature", "id": 35, "properties": { "Name": "Ward 109 Hafeezpet", "tessellate": -1, "extrude": 0, "visibility": -1, "_id": "relation/7853542", "admin_level": "10", "boundary": "administrative", "type": "boundary", "_timestamp": "2017-12-30T15:36:25", "_version": "1", "_changeset": "55037400", "_user": "adivik2000", "_uid": "250196" }, "geometry": { "type": "Polygon", "coordinates": [ [ [ 17.4941784, 78.3478857, 0.0 ], [ 17.4941201, 78.348189, 0.0 ], [ 17.4939206, 78.3492672, 0.0 ], [ 17.4947289, 78.353312, 0.0 ], [ 17.4958852, 78.3581078, 0.0 ], [ 17.4920582, 78.3600175, 0.0 ], [ 17.4894642, 78.3598177, 0.0 ], [ 17.4892954, 78.3608758, 0.0 ], [ 17.4881339, 78.3610529, 0.0 ], [ 17.488047, 78.3620989, 0.0 ], [ 17.486645, 78.3623832, 0.0 ], [ 17.485852, 78.3636063, 0.0 ], [ 17.4846854, 78.3635151, 0.0 ], [ 17.4832937, 78.363778, 0.0 ], [ 17.4839947, 78.3604306, 0.0 ], [ 17.4823983, 78.3606371, 0.0 ], [ 17.482319, 78.3503804, 0.0 ], [ 17.4823139, 78.3497232, 0.0 ], [ 17.4828844, 78.347379, 0.0 ], [ 17.4834318, 78.3461773, 0.0 ], [ 17.4841686, 78.3454263, 0.0 ], [ 17.4867371, 78.3423793, 0.0 ], [ 17.4879958, 78.3408344, 0.0 ], [ 17.4885586, 78.3398688, 0.0 ], [ 17.48862, 78.3386242, 0.0 ], [ 17.4885791, 78.3366072, 0.0 ], [ 17.4881288, 78.334955, 0.0 ], [ 17.4877707, 78.333292, 0.0 ], [ 17.4869725, 78.3308458, 0.0 ], [ 17.4866553, 78.3295798, 0.0 ], [ 17.4869009, 78.3281529, 0.0 ], [ 17.486935, 78.3277142, 0.0 ], [ 17.4909736, 78.3276164, 0.0 ], [ 17.4914136, 78.3245373, 0.0 ], [ 17.4938387, 78.3245802, 0.0 ], [ 17.493941, 78.3256102, 0.0 ], [ 17.4945141, 78.3265543, 0.0 ], [ 17.4949848, 78.3262324, 0.0 ], [ 17.4949848, 78.3267903, 0.0 ], [ 17.4948108, 78.3308029, 0.0 ], [ 17.4952201, 78.3346009, 0.0 ], [ 17.4948517, 78.3398151, 0.0 ], [ 17.4950973, 78.3426046, 0.0 ], [ 17.4944015, 78.3467245, 0.0 ], [ 17.4941784, 78.3478857, 0.0 ] ] ] } },
{ "type": "Feature", "id": 36, "properties": { "Name": "Ward 110 Chandanagar", "tessellate": -1, "extrude": 0, "visibility": -1, "_id": "relation/7853543", "admin_level": "10", "boundary": "administrative", "type": "boundary", "_timestamp": "2018-01-01T21:02:33", "_version": "2", "_changeset": "55086287", "_user": "adivik2000", "_uid": "250196" }, "geometry": { "type": "Polygon", "coordinates": [ [ [ 17.5179963, 78.3415532, 0.0 ], [ 17.516523, 78.3460808, 0.0 ], [ 17.5149883, 78.3477867, 0.0 ], [ 17.513208, 78.3490634, 0.0 ], [ 17.5088391, 78.3456194, 0.0 ], [ 17.504552, 78.3421755, 0.0 ], [ 17.4991494, 78.3425188, 0.0 ], [ 17.4983717, 78.3484626, 0.0 ], [ 17.4941784, 78.3478857, 0.0 ], [ 17.4944015, 78.3467245, 0.0 ], [ 17.4950973, 78.3426046, 0.0 ], [ 17.4948517, 78.3398151, 0.0 ], [ 17.4952201, 78.3346009, 0.0 ], [ 17.4948108, 78.3308029, 0.0 ], [ 17.4949848, 78.3267903, 0.0 ], [ 17.4949848, 78.3262324, 0.0 ], [ 17.4945141, 78.3265543, 0.0 ], [ 17.493941, 78.3256102, 0.0 ], [ 17.4938387, 78.3245802, 0.0 ], [ 17.4914136, 78.3245373, 0.0 ], [ 17.4909736, 78.3276164, 0.0 ], [ 17.486935, 78.3277142, 0.0 ], [ 17.4870134, 78.3267045, 0.0 ], [ 17.4871823, 78.325873, 0.0 ], [ 17.4867781, 78.325299, 0.0 ], [ 17.4862767, 78.3239257, 0.0 ], [ 17.4856524, 78.3227992, 0.0 ], [ 17.4846803, 78.3205461, 0.0 ], [ 17.4850487, 78.3201706, 0.0 ], [ 17.4854273, 78.3199668, 0.0 ], [ 17.4870953, 78.3201384, 0.0 ], [ 17.4878832, 78.3201492, 0.0 ], [ 17.4885279, 78.3199239, 0.0 ], [ 17.4892033, 78.3194303, 0.0 ], [ 17.4897661, 78.3190441, 0.0 ], [ 17.4900731, 78.3184755, 0.0 ], [ 17.4902573, 78.3178961, 0.0 ], [ 17.4908712, 78.316834, 0.0 ], [ 17.4918536, 78.316201, 0.0 ], [ 17.4932784, 78.3160159, 0.0 ], [ 17.4969085, 78.3169627, 0.0 ], [ 17.4977782, 78.3166838, 0.0 ], [ 17.4994768, 78.3162975, 0.0 ], [ 17.5003363, 78.3156109, 0.0 ], [ 17.5015233, 78.3142376, 0.0 ], [ 17.5036106, 78.3141518, 0.0 ], [ 17.5048385, 78.313036, 0.0 ], [ 17.5059435, 78.3102035, 0.0 ], [ 17.5070895, 78.308959, 0.0 ], [ 17.5079899, 78.3081436, 0.0 ], [ 17.5083992, 78.316319, 0.0 ], [ 17.5062095, 78.3165979, 0.0 ], [ 17.505923, 78.3208895, 0.0 ], [ 17.5061686, 78.3225846, 0.0 ], [ 17.5071099, 78.3224559, 0.0 ], [ 17.5084401, 78.3225846, 0.0 ], [ 17.5085015, 78.3241939, 0.0 ], [ 17.5079899, 78.3275574, 0.0 ], [ 17.5054217, 78.3313554, 0.0 ], [ 17.5071099, 78.3346438, 0.0 ], [ 17.5113868, 78.3347726, 0.0 ], [ 17.5122463, 78.3341503, 0.0 ], [ 17.5125941, 78.3351374, 0.0 ], [ 17.515991, 78.3371115, 0.0 ], [ 17.5170742, 78.3338727, 0.0 ], [ 17.5172597, 78.3367252, 0.0 ], [ 17.5182214, 78.3369827, 0.0 ], [ 17.5179963, 78.3415532, 0.0 ] ] ] } },
{ "type": "Feature", "id": 37, "properties": { "Name": "Ward 106 Serilingampally", "tessellate": -1, "extrude": 0, "visibility": -1, "_id": "relation/7853544", "admin_level": "10", "boundary": "administrative", "type": "boundary", "_timestamp": "2018-01-01T21:02:33", "_version": "2", "_changeset": "55086287", "_user": "adivik2000", "_uid": "250196" }, "geometry": { "type": "Polygon", "coordinates": [ [ [ 17.486935, 78.3277142, 0.0 ], [ 17.4869009, 78.3281529, 0.0 ], [ 17.4866553, 78.3295798, 0.0 ], [ 17.4869725, 78.3308458, 0.0 ], [ 17.4877707, 78.333292, 0.0 ], [ 17.4881288, 78.334955, 0.0 ], [ 17.4885791, 78.3366072, 0.0 ], [ 17.48862, 78.3386242, 0.0 ], [ 17.4885586, 78.3398688, 0.0 ], [ 17.4879958, 78.3408344, 0.0 ], [ 17.4867371, 78.3423793, 0.0 ], [ 17.4841686, 78.3454263, 0.0 ], [ 17.4834318, 78.3461773, 0.0 ], [ 17.4828844, 78.347379, 0.0 ], [ 17.4823139, 78.3497232, 0.0 ], [ 17.4801412, 78.3498064, 0.0 ], [ 17.478052, 78.3497192, 0.0 ], [ 17.4749394, 78.3492458, 0.0 ], [ 17.4680558, 78.3490688, 0.0 ], [ 17.4635374, 78.347438, 0.0 ], [ 17.4630542, 78.3489893, 0.0 ], [ 17.4555295, 78.3638015, 0.0 ], [ 17.4520909, 78.3638018, 0.0 ], [ 17.448857, 78.363888, 0.0 ], [ 17.4435832, 78.3629532, 0.0 ], [ 17.4417108, 78.362742, 0.0 ], [ 17.4403902, 78.3635084, 0.0 ], [ 17.4384912, 78.3637081, 0.0 ], [ 17.4413469, 78.3591805, 0.0 ], [ 17.4434299, 78.3544867, 0.0 ], [ 17.445308, 78.3520995, 0.0 ], [ 17.4501902, 78.3470248, 0.0 ], [ 17.4505306, 78.3465232, 0.0 ], [ 17.4511268, 78.3453671, 0.0 ], [ 17.4515387, 78.3446, 0.0 ], [ 17.4523652, 78.3436774, 0.0 ], [ 17.4543098, 78.3420466, 0.0 ], [ 17.4552207, 78.3411668, 0.0 ], [ 17.4566485, 78.3396916, 0.0 ], [ 17.4575286, 78.3390371, 0.0 ], [ 17.4605376, 78.3368431, 0.0 ], [ 17.4618476, 78.3354698, 0.0 ], [ 17.4638024, 78.3344291, 0.0 ], [ 17.4651687, 78.333544, 0.0 ], [ 17.466146, 78.3327393, 0.0 ], [ 17.4672871, 78.3317737, 0.0 ], [ 17.4690372, 78.3304326, 0.0 ], [ 17.470603, 78.3299069, 0.0 ], [ 17.4711709, 78.3296226, 0.0 ], [ 17.4733814, 78.3266561, 0.0 ], [ 17.4756789, 78.325154, 0.0 ], [ 17.4767279, 78.3244888, 0.0 ], [ 17.4777819, 78.3237485, 0.0 ], [ 17.4780582, 78.3233301, 0.0 ], [ 17.4782475, 78.3228795, 0.0 ], [ 17.4782731, 78.3224986, 0.0 ], [ 17.4775158, 78.3214257, 0.0 ], [ 17.4777, 78.3199237, 0.0 ], [ 17.4785392, 78.3196877, 0.0 ], [ 17.4793783, 78.3196233, 0.0 ], [ 17.4800947, 78.3107827, 0.0 ], [ 17.4826746, 78.3113301, 0.0 ], [ 17.4846291, 78.31236, 0.0 ], [ 17.485724, 78.3128402, 0.0 ], [ 17.4861487, 78.3130628, 0.0 ], [ 17.487566, 78.3134866, 0.0 ], [ 17.4893465, 78.3138835, 0.0 ], [ 17.4913163, 78.3143878, 0.0 ], [ 17.4929536, 78.315171, 0.0 ], [ 17.4932784, 78.3160159, 0.0 ], [ 17.4918536, 78.316201, 0.0 ], [ 17.4908712, 78.316834, 0.0 ], [ 17.4902573, 78.3178961, 0.0 ], [ 17.4900731, 78.3184755, 0.0 ], [ 17.4897661, 78.3190441, 0.0 ], [ 17.4892033, 78.3194303, 0.0 ], [ 17.4885279, 78.3199239, 0.0 ], [ 17.4878832, 78.3201492, 0.0 ], [ 17.4870953, 78.3201384, 0.0 ], [ 17.4854273, 78.3199668, 0.0 ], [ 17.4850487, 78.3201706, 0.0 ], [ 17.4846803, 78.3205461, 0.0 ], [ 17.4856524, 78.3227992, 0.0 ], [ 17.4862767, 78.3239257, 0.0 ], [ 17.4867781, 78.325299, 0.0 ], [ 17.4871823, 78.325873, 0.0 ], [ 17.4870134, 78.3267045, 0.0 ], [ 17.486935, 78.3277142, 0.0 ] ] ] } },
{ "type": "Feature", "id": 38, "properties": { "Name": "Ward 104 Kondapur", "tessellate": -1, "extrude": 0, "visibility": -1, "_id": "relation/7853545", "admin_level": "10", "boundary": "administrative", "type": "boundary", "_timestamp": "2017-12-30T15:36:26", "_version": "1", "_changeset": "55037400", "_user": "adivik2000", "_uid": "250196" }, "geometry": { "type": "Polygon", "coordinates": [ [ [ 17.4134233, 78.3990759, 0.0 ], [ 17.4133385, 78.3983374, 0.0 ], [ 17.4112197, 78.3971842, 0.0 ], [ 17.4128553, 78.3949491, 0.0 ], [ 17.4130946, 78.394744, 0.0 ], [ 17.4139545, 78.3941029, 0.0 ], [ 17.414968, 78.3927511, 0.0 ], [ 17.4162271, 78.3915226, 0.0 ], [ 17.4178036, 78.3887385, 0.0 ], [ 17.4186635, 78.3874188, 0.0 ], [ 17.4196155, 78.3861957, 0.0 ], [ 17.4216424, 78.3834706, 0.0 ], [ 17.4225535, 78.3817004, 0.0 ], [ 17.4253685, 78.3782993, 0.0 ], [ 17.4271496, 78.3762286, 0.0 ], [ 17.4288079, 78.374394, 0.0 ], [ 17.4302819, 78.3729134, 0.0 ], [ 17.4322268, 78.3705209, 0.0 ], [ 17.4346323, 78.368064, 0.0 ], [ 17.4384912, 78.3637081, 0.0 ], [ 17.4403902, 78.3635084, 0.0 ], [ 17.4417108, 78.362742, 0.0 ], [ 17.4435832, 78.3629532, 0.0 ], [ 17.448857, 78.363888, 0.0 ], [ 17.4520909, 78.3638018, 0.0 ], [ 17.4555295, 78.3638015, 0.0 ], [ 17.4630542, 78.3489893, 0.0 ], [ 17.4635374, 78.347438, 0.0 ], [ 17.4680558, 78.3490688, 0.0 ], [ 17.4749394, 78.3492458, 0.0 ], [ 17.478052, 78.3497192, 0.0 ], [ 17.4801412, 78.3498064, 0.0 ], [ 17.4823139, 78.3497232, 0.0 ], [ 17.482319, 78.3503804, 0.0 ], [ 17.4823983, 78.3606371, 0.0 ], [ 17.4794178, 78.3611923, 0.0 ], [ 17.4760587, 78.3627306, 0.0 ], [ 17.4754357, 78.3629921, 0.0 ], [ 17.4749963, 78.3629066, 0.0 ], [ 17.4709875, 78.3648919, 0.0 ], [ 17.4691257, 78.3655814, 0.0 ], [ 17.467755, 78.3665283, 0.0 ], [ 17.4656687, 78.3668773, 0.0 ], [ 17.4623477, 78.3666071, 0.0 ], [ 17.4590266, 78.3659077, 0.0 ], [ 17.4586632, 78.3662993, 0.0 ], [ 17.4580018, 78.3695783, 0.0 ], [ 17.4572176, 78.3725569, 0.0 ], [ 17.4572659, 78.3758748, 0.0 ], [ 17.4535297, 78.3790605, 0.0 ], [ 17.4528822, 78.3800072, 0.0 ], [ 17.451416, 78.3813401, 0.0 ], [ 17.4486396, 78.3837673, 0.0 ], [ 17.4455356, 78.3861946, 0.0 ], [ 17.443541, 78.3873352, 0.0 ], [ 17.4416282, 78.3880466, 0.0 ], [ 17.4414376, 78.3889452, 0.0 ], [ 17.4409466, 78.3938603, 0.0 ], [ 17.4400662, 78.3950928, 0.0 ], [ 17.4394749, 78.3961469, 0.0 ], [ 17.4379396, 78.3957177, 0.0 ], [ 17.4370695, 78.3953798, 0.0 ], [ 17.4371258, 78.3972788, 0.0 ], [ 17.4346846, 78.3986199, 0.0 ], [ 17.4335432, 78.3979171, 0.0 ], [ 17.4321256, 78.3992529, 0.0 ], [ 17.4311889, 78.3987594, 0.0 ], [ 17.4306464, 78.3962917, 0.0 ], [ 17.4304724, 78.393352, 0.0 ], [ 17.429674, 78.393352, 0.0 ], [ 17.4285941, 78.3951867, 0.0 ], [ 17.4267464, 78.3943981, 0.0 ], [ 17.4263165, 78.3963239, 0.0 ], [ 17.4247145, 78.3982766, 0.0 ], [ 17.4192737, 78.3985502, 0.0 ], [ 17.4181016, 78.3989847, 0.0 ], [ 17.4182142, 78.3984429, 0.0 ], [ 17.4175795, 78.3976704, 0.0 ], [ 17.4152045, 78.3982229, 0.0 ], [ 17.4134233, 78.3990759, 0.0 ] ] ] } },
{ "type": "Feature", "id": 39, "properties": { "Name": "Ward 78 Gunfoundry", "tessellate": -1, "extrude": 0, "visibility": -1, "_id": "relation/7854080", "admin_level": "10", "boundary": "administrative", "type": "boundary", "_timestamp": "2018-01-02T13:23:59", "_version": "5", "_changeset": "55100618", "_user": "adivik2000", "_uid": "250196" }, "geometry": { "type": "Polygon", "coordinates": [ [ [ 17.3798628, 78.491832, 0.0 ], [ 17.3794226, 78.4880193, 0.0 ], [ 17.3807365, 78.4880124, 0.0 ], [ 17.3805591, 78.4841609, 0.0 ], [ 17.3786751, 78.4815216, 0.0 ], [ 17.3793919, 78.4793544, 0.0 ], [ 17.3851256, 78.4844613, 0.0 ], [ 17.3857195, 78.4795904, 0.0 ], [ 17.3878082, 78.480792, 0.0 ], [ 17.3899787, 78.4802341, 0.0 ], [ 17.3897944, 78.4763932, 0.0 ], [ 17.3885761, 78.4763074, 0.0 ], [ 17.3886068, 78.4742045, 0.0 ], [ 17.3913097, 78.4699345, 0.0 ], [ 17.3921425, 78.4700697, 0.0 ], [ 17.3942174, 78.4704065, 0.0 ], [ 17.3959579, 78.4709644, 0.0 ], [ 17.3983331, 78.4709215, 0.0 ], [ 17.3997459, 78.4707069, 0.0 ], [ 17.4007288, 78.470149, 0.0 ], [ 17.4027137, 78.4680703, 0.0 ], [ 17.4051989, 78.467389, 0.0 ], [ 17.4060012, 78.4672764, 0.0 ], [ 17.4064542, 78.4673354, 0.0 ], [ 17.4069111, 78.4675205, 0.0 ], [ 17.4070915, 78.4676117, 0.0 ], [ 17.4073653, 78.4679282, 0.0 ], [ 17.407812, 78.4684216, 0.0 ], [ 17.4078837, 78.4712889, 0.0 ], [ 17.408297, 78.4741455, 0.0 ], [ 17.4087334, 78.4754517, 0.0 ], [ 17.4085631, 78.4757897, 0.0 ], [ 17.407977, 78.4763288, 0.0 ], [ 17.4074268, 78.4767902, 0.0 ], [ 17.4067754, 78.4771107, 0.0 ], [ 17.4066871, 78.4771442, 0.0 ], [ 17.4062571, 78.4771013, 0.0 ], [ 17.400954, 78.4755349, 0.0 ], [ 17.3996845, 78.4775734, 0.0 ], [ 17.3981488, 78.4791183, 0.0 ], [ 17.3957122, 78.4800625, 0.0 ], [ 17.393726, 78.4800839, 0.0 ], [ 17.3935621, 78.4819508, 0.0 ], [ 17.3938693, 78.4832597, 0.0 ], [ 17.3902449, 78.4854913, 0.0 ], [ 17.3907773, 78.4872079, 0.0 ], [ 17.3907159, 78.4890532, 0.0 ], [ 17.3893644, 78.4883237, 0.0 ], [ 17.3879515, 78.4886456, 0.0 ], [ 17.3875829, 78.4891605, 0.0 ], [ 17.38617, 78.4900403, 0.0 ], [ 17.3843475, 78.489933, 0.0 ], [ 17.3845113, 78.4910917, 0.0 ], [ 17.3838356, 78.4918427, 0.0 ], [ 17.3809047, 78.4916631, 0.0 ], [ 17.3798628, 78.491832, 0.0 ] ] ] } },
{ "type": "Feature", "id": 40, "properties": { "Name": "Ward 79 Himayath Nagar", "tessellate": -1, "extrude": 0, "visibility": -1, "_id": "relation/7854081", "admin_level": "10", "boundary": "administrative", "type": "boundary", "_timestamp": "2017-12-30T20:24:03", "_version": "1", "_changeset": "55044136", "_user": "adivik2000", "_uid": "250196" }, "geometry": { "type": "Polygon", "coordinates": [ [ [ 17.3988041, 78.4945464, 0.0 ], [ 17.3949341, 78.4899759, 0.0 ], [ 17.3907159, 78.4890532, 0.0 ], [ 17.3907773, 78.4872079, 0.0 ], [ 17.3902449, 78.4854913, 0.0 ], [ 17.3938693, 78.4832597, 0.0 ], [ 17.3935621, 78.4819508, 0.0 ], [ 17.393726, 78.4800839, 0.0 ], [ 17.3957122, 78.4800625, 0.0 ], [ 17.3981488, 78.4791183, 0.0 ], [ 17.3996845, 78.4775734, 0.0 ], [ 17.400954, 78.4755349, 0.0 ], [ 17.4062571, 78.4771013, 0.0 ], [ 17.4066871, 78.4771442, 0.0 ], [ 17.4065847, 78.4795904, 0.0 ], [ 17.4064414, 78.4813929, 0.0 ], [ 17.4059091, 78.4828091, 0.0 ], [ 17.4027712, 78.4878892, 0.0 ], [ 17.4028531, 78.4911507, 0.0 ], [ 17.4020597, 78.4922934, 0.0 ], [ 17.399147, 78.4941441, 0.0 ], [ 17.3988041, 78.4945464, 0.0 ] ] ] } },
{ "type": "Feature", "id": 41, "properties": { "Name": "Ward 84 Bagh Amberpet", "tessellate": -1, "extrude": 0, "visibility": -1, "_id": "relation/7854082", "admin_level": "10", "boundary": "administrative", "type": "boundary", "_timestamp": "2018-01-01T20:34:02", "_version": "2", "_changeset": "55085615", "_user": "adivik2000", "_uid": "250196" }, "geometry": { "type": "Polygon", "coordinates": [ [ [ 17.3912688, 78.5108972, 0.0 ], [ 17.3938027, 78.5108328, 0.0 ], [ 17.3946935, 78.5108972, 0.0 ], [ 17.3955586, 78.5112298, 0.0 ], [ 17.3964851, 78.5116643, 0.0 ], [ 17.3996896, 78.513059, 0.0 ], [ 17.4040445, 78.5149124, 0.0 ], [ 17.4052782, 78.5154086, 0.0 ], [ 17.4054586, 78.5163474, 0.0 ], [ 17.4032677, 78.5218835, 0.0 ], [ 17.4011792, 78.5225916, 0.0 ], [ 17.4003602, 78.5223877, 0.0 ], [ 17.398415, 78.5215187, 0.0 ], [ 17.3971864, 78.524394, 0.0 ], [ 17.3957736, 78.5252094, 0.0 ], [ 17.3966745, 78.5265398, 0.0 ], [ 17.3968179, 78.5276771, 0.0 ], [ 17.3973707, 78.5282081, 0.0 ], [ 17.3961872, 78.5288971, 0.0 ], [ 17.3957224, 78.5277897, 0.0 ], [ 17.3926407, 78.5202956, 0.0 ], [ 17.392062, 78.5162647, 0.0 ], [ 17.3919445, 78.5154462, 0.0 ], [ 17.3912688, 78.5108972, 0.0 ] ] ] } },
{ "type": "Feature", "id": 42, "properties": { "Name": "Ward 81 Nallakunta", "tessellate": -1, "extrude": 0, "visibility": -1, "_id": "relation/7854083", "admin_level": "10", "boundary": "administrative", "type": "boundary", "_timestamp": "2018-01-01T20:34:02", "_version": "2", "_changeset": "55085615", "_user": "adivik2000", "_uid": "250196" }, "geometry": { "type": "Polygon", "coordinates": [ [ [ 17.3991752, 78.5026091, 0.0 ], [ 17.3991061, 78.5036659, 0.0 ], [ 17.3995207, 78.5063052, 0.0 ], [ 17.3996999, 78.5063964, 0.0 ], [ 17.400739, 78.5080862, 0.0 ], [ 17.4045628, 78.5118386, 0.0 ], [ 17.4054509, 78.5133111, 0.0 ], [ 17.4055165, 78.5134443, 0.0 ], [ 17.4055047, 78.5135525, 0.0 ], [ 17.4054535, 78.5137939, 0.0 ], [ 17.405282, 78.5142848, 0.0 ], [ 17.4052308, 78.5145664, 0.0 ], [ 17.4052782, 78.5154086, 0.0 ], [ 17.4040445, 78.5149124, 0.0 ], [ 17.3996896, 78.513059, 0.0 ], [ 17.3964851, 78.5116643, 0.0 ], [ 17.3955586, 78.5112298, 0.0 ], [ 17.3946935, 78.5108972, 0.0 ], [ 17.3938027, 78.5108328, 0.0 ], [ 17.3912688, 78.5108972, 0.0 ], [ 17.3903883, 78.5060263, 0.0 ], [ 17.3893644, 78.5046959, 0.0 ], [ 17.3899582, 78.5045242, 0.0 ], [ 17.3914735, 78.5050178, 0.0 ], [ 17.3935826, 78.5044813, 0.0 ], [ 17.3937761, 78.503792, 0.0 ], [ 17.3956123, 78.4972528, 0.0 ], [ 17.39605, 78.4991839, 0.0 ], [ 17.3974654, 78.5000744, 0.0 ], [ 17.398973, 78.5008201, 0.0 ], [ 17.3991752, 78.5026091, 0.0 ] ] ] } },
{ "type": "Feature", "id": 43, "properties": { "Name": "Ward 85 Adikmet", "tessellate": -1, "extrude": 0, "visibility": -1, "_id": "relation/7854084", "admin_level": "10", "boundary": "administrative", "type": "boundary", "_timestamp": "2017-12-30T20:24:03", "_version": "1", "_changeset": "55044136", "_user": "adivik2000", "_uid": "250196" }, "geometry": { "type": "Polygon", "coordinates": [ [ [ 17.3991752, 78.5026091, 0.0 ], [ 17.4099145, 78.5067934, 0.0 ], [ 17.4109864, 78.5071938, 0.0 ], [ 17.4107309, 78.5074505, 0.0 ], [ 17.4103419, 78.5079253, 0.0 ], [ 17.4111199, 78.5083651, 0.0 ], [ 17.4100655, 78.5113692, 0.0 ], [ 17.4115396, 78.5124207, 0.0 ], [ 17.411276, 78.5139388, 0.0 ], [ 17.4111762, 78.5146603, 0.0 ], [ 17.4109152, 78.5158002, 0.0 ], [ 17.4109151, 78.5161006, 0.0 ], [ 17.410562, 78.5170877, 0.0 ], [ 17.4107027, 78.5173559, 0.0 ], [ 17.4105671, 78.5178602, 0.0 ], [ 17.4101269, 78.5178924, 0.0 ], [ 17.408018, 78.5168838, 0.0 ], [ 17.4065028, 78.5154462, 0.0 ], [ 17.4055165, 78.5134443, 0.0 ], [ 17.4054509, 78.5133111, 0.0 ], [ 17.4045628, 78.5118386, 0.0 ], [ 17.400739, 78.5080862, 0.0 ], [ 17.3996999, 78.5063964, 0.0 ], [ 17.3995207, 78.5063052, 0.0 ], [ 17.3991061, 78.5036659, 0.0 ], [ 17.3991752, 78.5026091, 0.0 ] ] ] } },
{ "type": "Feature", "id": 44, "properties": { "Name": "Ward 87 Ramnagar", "tessellate": -1, "extrude": 0, "visibility": -1, "_id": "relation/7854085", "admin_level": "10", "boundary": "administrative", "type": "boundary", "_timestamp": "2017-12-30T20:24:03", "_version": "1", "_changeset": "55044136", "_user": "adivik2000", "_uid": "250196" }, "geometry": { "type": "Polygon", "coordinates": [ [ [ 17.4140145, 78.49769, 0.0 ], [ 17.4159416, 78.49828, 0.0 ], [ 17.414653, 78.5017944, 0.0 ], [ 17.4146082, 78.5022792, 0.0 ], [ 17.4145698, 78.5032663, 0.0 ], [ 17.4144214, 78.5043472, 0.0 ], [ 17.4142039, 78.5047469, 0.0 ], [ 17.4135359, 78.5053182, 0.0 ], [ 17.4118672, 78.5067451, 0.0 ], [ 17.4112402, 78.5070589, 0.0 ], [ 17.4109864, 78.5071938, 0.0 ], [ 17.4099145, 78.5067934, 0.0 ], [ 17.3991752, 78.5026091, 0.0 ], [ 17.398973, 78.5008201, 0.0 ], [ 17.3974654, 78.5000744, 0.0 ], [ 17.39605, 78.4991839, 0.0 ], [ 17.3956123, 78.4972528, 0.0 ], [ 17.3963162, 78.4961906, 0.0 ], [ 17.3972888, 78.4953779, 0.0 ], [ 17.3988041, 78.4945464, 0.0 ], [ 17.4004421, 78.4949327, 0.0 ], [ 17.4034725, 78.4952545, 0.0 ], [ 17.4067076, 78.4964132, 0.0 ], [ 17.4070761, 78.4968424, 0.0 ], [ 17.4085094, 78.497529, 0.0 ], [ 17.4101883, 78.4977865, 0.0 ], [ 17.4133363, 78.4976363, 0.0 ], [ 17.4140145, 78.49769, 0.0 ] ] ] } },
{ "type": "Feature", "id": 45, "properties": { "Name": "Ward 89 Gandhinagar", "tessellate": -1, "extrude": 0, "visibility": -1, "_id": "relation/7854086", "admin_level": "10", "boundary": "administrative", "type": "boundary", "_timestamp": "2017-12-30T20:24:04", "_version": "1", "_changeset": "55044136", "_user": "adivik2000", "_uid": "250196" }, "geometry": { "type": "Polygon", "coordinates": [ [ [ 17.4027712, 78.4878892, 0.0 ], [ 17.4041738, 78.4871972, 0.0 ], [ 17.4087551, 78.4881574, 0.0 ], [ 17.4111813, 78.4877175, 0.0 ], [ 17.4127169, 78.4878033, 0.0 ], [ 17.41555, 78.4887555, 0.0 ], [ 17.4149409, 78.4948656, 0.0 ], [ 17.4142934, 78.4947342, 0.0 ], [ 17.4139351, 78.4959841, 0.0 ], [ 17.4140145, 78.49769, 0.0 ], [ 17.4133363, 78.4976363, 0.0 ], [ 17.4101883, 78.4977865, 0.0 ], [ 17.4085094, 78.497529, 0.0 ], [ 17.4070761, 78.4968424, 0.0 ], [ 17.4067076, 78.4964132, 0.0 ], [ 17.4034725, 78.4952545, 0.0 ], [ 17.4004421, 78.4949327, 0.0 ], [ 17.3988041, 78.4945464, 0.0 ], [ 17.399147, 78.4941441, 0.0 ], [ 17.4020597, 78.4922934, 0.0 ], [ 17.4028531, 78.4911507, 0.0 ], [ 17.4027712, 78.4878892, 0.0 ] ] ] } },
{ "type": "Feature", "id": 46, "properties": { "Name": "Ward 86 Musheerabad", "tessellate": -1, "extrude": 0, "visibility": -1, "_id": "relation/7854087", "admin_level": "10", "boundary": "administrative", "type": "boundary", "_timestamp": "2017-12-30T20:24:04", "_version": "1", "_changeset": "55044136", "_user": "adivik2000", "_uid": "250196" }, "geometry": { "type": "Polygon", "coordinates": [ [ [ 17.4204868, 78.5091591, 0.0 ], [ 17.4180043, 78.5097384, 0.0 ], [ 17.4177203, 78.5098833, 0.0 ], [ 17.4160427, 78.5101488, 0.0 ], [ 17.4155519, 78.510067, 0.0 ], [ 17.4151636, 78.5110581, 0.0 ], [ 17.4148821, 78.5117394, 0.0 ], [ 17.4144291, 78.5122195, 0.0 ], [ 17.4136997, 78.5126889, 0.0 ], [ 17.4125531, 78.5132307, 0.0 ], [ 17.4120003, 78.5134587, 0.0 ], [ 17.411665, 78.5140541, 0.0 ], [ 17.411276, 78.5139388, 0.0 ], [ 17.4115396, 78.5124207, 0.0 ], [ 17.4100655, 78.5113692, 0.0 ], [ 17.4111199, 78.5083651, 0.0 ], [ 17.4103419, 78.5079253, 0.0 ], [ 17.4107309, 78.5074505, 0.0 ], [ 17.4109864, 78.5071938, 0.0 ], [ 17.4112402, 78.5070589, 0.0 ], [ 17.4118672, 78.5067451, 0.0 ], [ 17.4135359, 78.5053182, 0.0 ], [ 17.4142039, 78.5047469, 0.0 ], [ 17.4144214, 78.5043472, 0.0 ], [ 17.4145698, 78.5032663, 0.0 ], [ 17.4146082, 78.5022792, 0.0 ], [ 17.414653, 78.5017944, 0.0 ], [ 17.4204372, 78.5012269, 0.0 ], [ 17.4204049, 78.5013699, 0.0 ], [ 17.4207324, 78.5023999, 0.0 ], [ 17.4197702, 78.5053182, 0.0 ], [ 17.4199749, 78.5060906, 0.0 ], [ 17.4207529, 78.5071206, 0.0 ], [ 17.4211419, 78.5078931, 0.0 ], [ 17.4210191, 78.5087943, 0.0 ], [ 17.4208105, 78.5089619, 0.0 ], [ 17.4204868, 78.5091591, 0.0 ] ] ] } },
{ "type": "Feature", "id": 47, "properties": { "Name": "Ward 146 Boudha Nagar", "tessellate": -1, "extrude": 0, "visibility": -1, "_id": "relation/7854088", "admin_level": "10", "boundary": "administrative", "type": "boundary", "_timestamp": "2017-12-30T20:24:04", "_version": "1", "_changeset": "55044136", "_user": "adivik2000", "_uid": "250196" }, "geometry": { "type": "Polygon", "coordinates": [ [ [ 17.4192737, 78.5201347, 0.0 ], [ 17.4146517, 78.5189116, 0.0 ], [ 17.4105671, 78.5178602, 0.0 ], [ 17.4107027, 78.5173559, 0.0 ], [ 17.410562, 78.5170877, 0.0 ], [ 17.4109151, 78.5161006, 0.0 ], [ 17.4109152, 78.5158002, 0.0 ], [ 17.4111762, 78.5146603, 0.0 ], [ 17.411276, 78.5139388, 0.0 ], [ 17.411665, 78.5140541, 0.0 ], [ 17.4120003, 78.5134587, 0.0 ], [ 17.4125531, 78.5132307, 0.0 ], [ 17.4136997, 78.5126889, 0.0 ], [ 17.4144291, 78.5122195, 0.0 ], [ 17.4148821, 78.5117394, 0.0 ], [ 17.4151636, 78.5110581, 0.0 ], [ 17.4155519, 78.510067, 0.0 ], [ 17.4160427, 78.5101488, 0.0 ], [ 17.4177203, 78.5098833, 0.0 ], [ 17.4180043, 78.5097384, 0.0 ], [ 17.4204868, 78.5091591, 0.0 ], [ 17.4203844, 78.5098028, 0.0 ], [ 17.4205379, 78.5107577, 0.0 ], [ 17.4201694, 78.5133004, 0.0 ], [ 17.4199135, 78.5148883, 0.0 ], [ 17.4198009, 78.5166907, 0.0 ], [ 17.4194528, 78.5181177, 0.0 ], [ 17.4193812, 78.5191047, 0.0 ], [ 17.4193095, 78.5197592, 0.0 ], [ 17.4192737, 78.5201347, 0.0 ] ] ] } },
{ "type": "Feature", "id": 48, "properties": { "Name": "Ward 88 Bholakpur", "tessellate": -1, "extrude": 0, "visibility": -1, "_id": "relation/7854089", "admin_level": "10", "boundary": "administrative", "type": "boundary", "_timestamp": "2017-12-30T20:24:04", "_version": "1", "_changeset": "55044136", "_user": "adivik2000", "_uid": "250196" }, "geometry": { "type": "Polygon", "coordinates": [ [ [ 17.4204372, 78.5012269, 0.0 ], [ 17.414653, 78.5017944, 0.0 ], [ 17.4159416, 78.49828, 0.0 ], [ 17.4140145, 78.49769, 0.0 ], [ 17.4139351, 78.4959841, 0.0 ], [ 17.4142934, 78.4947342, 0.0 ], [ 17.4149409, 78.4948656, 0.0 ], [ 17.41555, 78.4887555, 0.0 ], [ 17.417129, 78.4887314, 0.0 ], [ 17.4176102, 78.4889352, 0.0 ], [ 17.4179992, 78.4889031, 0.0 ], [ 17.4196704, 78.4883612, 0.0 ], [ 17.4200767, 78.4880937, 0.0 ], [ 17.4205789, 78.4888816, 0.0 ], [ 17.4196269, 78.4919071, 0.0 ], [ 17.4220018, 78.4915853, 0.0 ], [ 17.4217971, 78.4933019, 0.0 ], [ 17.4233735, 78.4945464, 0.0 ], [ 17.4223498, 78.4957051, 0.0 ], [ 17.4217356, 78.4969282, 0.0 ], [ 17.4209986, 78.4992456, 0.0 ], [ 17.4205891, 78.5005546, 0.0 ], [ 17.4204372, 78.5012269, 0.0 ] ] ] } },
{ "type": "Feature", "id": 49, "properties": { "Name": "Ward 145 Seethaphalmandi", "tessellate": -1, "extrude": 0, "visibility": -1, "_id": "relation/7854090", "admin_level": "10", "boundary": "administrative", "type": "boundary", "_timestamp": "2018-01-02T11:53:47", "_version": "3", "_changeset": "55098554", "_user": "adivik2000", "_uid": "250196" }, "geometry": { "type": "Polygon", "coordinates": [ [ [ 17.4204868, 78.5091591, 0.0 ], [ 17.4208105, 78.5089619, 0.0 ], [ 17.4212852, 78.5096097, 0.0 ], [ 17.4214285, 78.5095882, 0.0 ], [ 17.421797, 78.5099959, 0.0 ], [ 17.4223498, 78.5099316, 0.0 ], [ 17.4230357, 78.5098457, 0.0 ], [ 17.4236396, 78.5105109, 0.0 ], [ 17.4240286, 78.5105753, 0.0 ], [ 17.425646, 78.5108757, 0.0 ], [ 17.4266901, 78.5111332, 0.0 ], [ 17.4279389, 78.5112619, 0.0 ], [ 17.4283893, 78.5115838, 0.0 ], [ 17.4285736, 78.5110903, 0.0 ], [ 17.4288397, 78.5107684, 0.0 ], [ 17.428983, 78.5102963, 0.0 ], [ 17.429546, 78.5104358, 0.0 ], [ 17.4300681, 78.5105163, 0.0 ], [ 17.4305645, 78.5107738, 0.0 ], [ 17.430196, 78.5115784, 0.0 ], [ 17.4295153, 78.5128123, 0.0 ], [ 17.4295256, 78.5151726, 0.0 ], [ 17.4286708, 78.5160148, 0.0 ], [ 17.4281181, 78.5167497, 0.0 ], [ 17.4272019, 78.5180265, 0.0 ], [ 17.4271149, 78.5184503, 0.0 ], [ 17.4270126, 78.51955, 0.0 ], [ 17.4267925, 78.5206658, 0.0 ], [ 17.4261066, 78.5209501, 0.0 ], [ 17.4253696, 78.5211432, 0.0 ], [ 17.4251905, 78.5211754, 0.0 ], [ 17.4246735, 78.5212398, 0.0 ], [ 17.4235526, 78.5211486, 0.0 ], [ 17.4227183, 78.5209769, 0.0 ], [ 17.4217663, 78.5207301, 0.0 ], [ 17.4206522, 78.520464, 0.0 ], [ 17.4192737, 78.5201347, 0.0 ], [ 17.4193095, 78.5197592, 0.0 ], [ 17.4193812, 78.5191047, 0.0 ], [ 17.4194528, 78.5181177, 0.0 ], [ 17.4198009, 78.5166907, 0.0 ], [ 17.4199135, 78.5148883, 0.0 ], [ 17.4201694, 78.5133004, 0.0 ], [ 17.4205379, 78.5107577, 0.0 ], [ 17.4203844, 78.5098028, 0.0 ], [ 17.4204868, 78.5091591, 0.0 ] ] ] } },
{ "type": "Feature", "id": 50, "properties": { "Name": "Ward 147 Bansilapet", "tessellate": -1, "extrude": 0, "visibility": -1, "_id": "relation/7854091", "admin_level": "10", "boundary": "administrative", "type": "boundary", "_timestamp": "2018-01-01T04:50:22", "_version": "2", "_changeset": "55069436", "_user": "adivik2000", "_uid": "250196" }, "geometry": { "type": "Polygon", "coordinates": [ [ [ 17.428983, 78.5102963, 0.0 ], [ 17.4288397, 78.5107684, 0.0 ], [ 17.4285736, 78.5110903, 0.0 ], [ 17.4283893, 78.5115838, 0.0 ], [ 17.4279389, 78.5112619, 0.0 ], [ 17.4266901, 78.5111332, 0.0 ], [ 17.425646, 78.5108757, 0.0 ], [ 17.4240286, 78.5105753, 0.0 ], [ 17.4236396, 78.5105109, 0.0 ], [ 17.4230357, 78.5098457, 0.0 ], [ 17.4223498, 78.5099316, 0.0 ], [ 17.421797, 78.5099959, 0.0 ], [ 17.4214285, 78.5095882, 0.0 ], [ 17.4212852, 78.5096097, 0.0 ], [ 17.4208105, 78.5089619, 0.0 ], [ 17.4210191, 78.5087943, 0.0 ], [ 17.4211419, 78.5078931, 0.0 ], [ 17.4207529, 78.5071206, 0.0 ], [ 17.4199749, 78.5060906, 0.0 ], [ 17.4197702, 78.5053182, 0.0 ], [ 17.4207324, 78.5023999, 0.0 ], [ 17.4204049, 78.5013699, 0.0 ], [ 17.4204372, 78.5012269, 0.0 ], [ 17.4205891, 78.5005546, 0.0 ], [ 17.4209986, 78.4992456, 0.0 ], [ 17.4217356, 78.4969282, 0.0 ], [ 17.4223498, 78.4957051, 0.0 ], [ 17.4233735, 78.4945464, 0.0 ], [ 17.4238239, 78.4933019, 0.0 ], [ 17.424131, 78.4921968, 0.0 ], [ 17.4251854, 78.4926152, 0.0 ], [ 17.4262192, 78.4928727, 0.0 ], [ 17.4266287, 78.4928942, 0.0 ], [ 17.4273043, 78.4931838, 0.0 ], [ 17.4278571, 78.4931946, 0.0 ], [ 17.4282972, 78.4929156, 0.0 ], [ 17.4287886, 78.4927976, 0.0 ], [ 17.4298224, 78.4925938, 0.0 ], [ 17.4309766, 78.4925763, 0.0 ], [ 17.4312862, 78.492685, 0.0 ], [ 17.4312555, 78.4934199, 0.0 ], [ 17.4320027, 78.4981942, 0.0 ], [ 17.4315319, 78.5004151, 0.0 ], [ 17.4314295, 78.5021317, 0.0 ], [ 17.4316752, 78.5039985, 0.0 ], [ 17.4319413, 78.5048246, 0.0 ], [ 17.4326374, 78.5057366, 0.0 ], [ 17.4327704, 78.5058868, 0.0 ], [ 17.4330954, 78.5061496, 0.0 ], [ 17.4329342, 78.5062194, 0.0 ], [ 17.4316854, 78.5065198, 0.0 ], [ 17.4304161, 78.5066915, 0.0 ], [ 17.4298019, 78.5066056, 0.0 ], [ 17.4295768, 78.5081291, 0.0 ], [ 17.4291468, 78.5094595, 0.0 ], [ 17.428983, 78.5102963, 0.0 ] ] ] } },
{ "type": "Feature", "id": 51, "properties": { "Name": "Ward 40 Riyasat Nagar", "tessellate": -1, "extrude": 0, "visibility": -1, "_id": "relation/7856356", "admin_level": "10", "boundary": "administrative", "type": "boundary", "_timestamp": "2018-01-01T18:13:05", "_version": "2", "_changeset": "55082663", "_user": "adivik2000", "_uid": "250196" }, "geometry": { "type": "Polygon", "coordinates": [ [ [ 17.3340836, 78.4930337, 0.0 ], [ 17.3350514, 78.4915424, 0.0 ], [ 17.3370588, 78.4917355, 0.0 ], [ 17.3374275, 78.4914565, 0.0 ], [ 17.3391403, 78.4908404, 0.0 ], [ 17.3391429, 78.4916309, 0.0 ], [ 17.341821, 78.4912098, 0.0 ], [ 17.3421487, 78.4920681, 0.0 ], [ 17.3425276, 78.494128, 0.0 ], [ 17.3446577, 78.4941602, 0.0 ], [ 17.3447499, 78.4949756, 0.0 ], [ 17.3478734, 78.4953189, 0.0 ], [ 17.3485493, 78.4956193, 0.0 ], [ 17.3492764, 78.4956301, 0.0 ], [ 17.3504105, 78.4957186, 0.0 ], [ 17.3491228, 78.4970355, 0.0 ], [ 17.3489077, 78.4983552, 0.0 ], [ 17.3472589, 78.5004258, 0.0 ], [ 17.3467469, 78.501724, 0.0 ], [ 17.3441662, 78.5019493, 0.0 ], [ 17.3437156, 78.5016167, 0.0 ], [ 17.3436746, 78.5001254, 0.0 ], [ 17.3424047, 78.5002113, 0.0 ], [ 17.3414728, 78.4997821, 0.0 ], [ 17.3409607, 78.5004258, 0.0 ], [ 17.339742, 78.5008872, 0.0 ], [ 17.3340836, 78.4930337, 0.0 ] ] ] } },
{ "type": "Feature", "id": 52, "properties": { "Name": "Ward 36 Lalithabagh", "tessellate": -1, "extrude": 0, "visibility": -1, "_id": "relation/7856357", "admin_level": "10", "boundary": "administrative", "type": "boundary", "_timestamp": "2018-01-01T18:13:05", "_version": "2", "_changeset": "55082663", "_user": "adivik2000", "_uid": "250196" }, "geometry": { "type": "Polygon", "coordinates": [ [ [ 17.3423023, 78.483603, 0.0 ], [ 17.345518, 78.4860599, 0.0 ], [ 17.3460095, 78.4865535, 0.0 ], [ 17.347474, 78.4880662, 0.0 ], [ 17.3485288, 78.4887958, 0.0 ], [ 17.3489435, 78.4890479, 0.0 ], [ 17.350239, 78.4897346, 0.0 ], [ 17.3541611, 78.490609, 0.0 ], [ 17.3538437, 78.4918642, 0.0 ], [ 17.353156, 78.4930619, 0.0 ], [ 17.3530244, 78.4932912, 0.0 ], [ 17.3504105, 78.4957186, 0.0 ], [ 17.3492764, 78.4956301, 0.0 ], [ 17.3485493, 78.4956193, 0.0 ], [ 17.3478734, 78.4953189, 0.0 ], [ 17.3447499, 78.4949756, 0.0 ], [ 17.3446577, 78.4941602, 0.0 ], [ 17.3425276, 78.494128, 0.0 ], [ 17.3421487, 78.4920681, 0.0 ], [ 17.341821, 78.4912098, 0.0 ], [ 17.3391429, 78.4916309, 0.0 ], [ 17.3391403, 78.4908404, 0.0 ], [ 17.3410938, 78.4898472, 0.0 ], [ 17.3424047, 78.485899, 0.0 ], [ 17.3423023, 78.483603, 0.0 ] ] ] } },
{ "type": "Feature", "id": 53, "properties": { "Name": "Ward 35 Gowlipura", "tessellate": -1, "extrude": 0, "visibility": -1, "_id": "relation/7856358", "admin_level": "10", "boundary": "administrative", "type": "boundary", "_timestamp": "2017-12-31T08:32:24", "_version": "1", "_changeset": "55052386", "_user": "adivik2000", "_uid": "250196" }, "geometry": { "type": "Polygon", "coordinates": [ [ [ 17.3508208, 78.4724967, 0.0 ], [ 17.3506998, 78.4729386, 0.0 ], [ 17.3508022, 78.4754598, 0.0 ], [ 17.3504438, 78.476758, 0.0 ], [ 17.3505052, 78.4773588, 0.0 ], [ 17.3501366, 78.4775627, 0.0 ], [ 17.3494709, 78.4784532, 0.0 ], [ 17.3488463, 78.4787858, 0.0 ], [ 17.3485595, 78.4810496, 0.0 ], [ 17.348068, 78.4837961, 0.0 ], [ 17.3475969, 78.4851909, 0.0 ], [ 17.3460095, 78.4865535, 0.0 ], [ 17.345518, 78.4860599, 0.0 ], [ 17.3423023, 78.483603, 0.0 ], [ 17.3401107, 78.4818006, 0.0 ], [ 17.3387793, 78.4807921, 0.0 ], [ 17.3388203, 78.4816933, 0.0 ], [ 17.339148, 78.4825731, 0.0 ], [ 17.3378371, 78.4821439, 0.0 ], [ 17.3372534, 78.4805668, 0.0 ], [ 17.3397113, 78.4798265, 0.0 ], [ 17.3427427, 78.4782279, 0.0 ], [ 17.3436439, 78.4778953, 0.0 ], [ 17.3448536, 78.4770229, 0.0 ], [ 17.3459475, 78.4758823, 0.0 ], [ 17.3466342, 78.4752989, 0.0 ], [ 17.3465626, 78.4740973, 0.0 ], [ 17.3462656, 78.471812, 0.0 ], [ 17.3456818, 78.4700954, 0.0 ], [ 17.3469415, 78.47031, 0.0 ], [ 17.3494095, 78.4721339, 0.0 ], [ 17.3508208, 78.4724967, 0.0 ] ] ] } },
{ "type": "Feature", "id": 54, "properties": { "Name": "Ward 44 Uppuguda", "tessellate": -1, "extrude": 0, "visibility": -1, "_id": "relation/7856359", "admin_level": "10", "boundary": "administrative", "type": "boundary", "_timestamp": "2017-12-31T08:32:24", "_version": "1", "_changeset": "55052386", "_user": "adivik2000", "_uid": "250196" }, "geometry": { "type": "Polygon", "coordinates": [ [ [ 17.3278767, 78.4798203, 0.0 ], [ 17.3309958, 78.4801591, 0.0 ], [ 17.3335869, 78.4809852, 0.0 ], [ 17.3340235, 78.4810683, 0.0 ], [ 17.3347276, 78.4808953, 0.0 ], [ 17.3372534, 78.4805668, 0.0 ], [ 17.3378371, 78.4821439, 0.0 ], [ 17.339148, 78.4825731, 0.0 ], [ 17.3388203, 78.4816933, 0.0 ], [ 17.3387793, 78.4807921, 0.0 ], [ 17.3401107, 78.4818006, 0.0 ], [ 17.3423023, 78.483603, 0.0 ], [ 17.3424047, 78.485899, 0.0 ], [ 17.3410938, 78.4898472, 0.0 ], [ 17.3391403, 78.4908404, 0.0 ], [ 17.3374275, 78.4914565, 0.0 ], [ 17.3370588, 78.4917355, 0.0 ], [ 17.3350514, 78.4915424, 0.0 ], [ 17.3340836, 78.4930337, 0.0 ], [ 17.3327548, 78.4914538, 0.0 ], [ 17.3321454, 78.4907296, 0.0 ], [ 17.3303403, 78.4862638, 0.0 ], [ 17.3284968, 78.4816718, 0.0 ], [ 17.3278767, 78.4798203, 0.0 ] ] ] } },
{ "type": "Feature", "id": 55, "properties": { "Name": "Ward 45 Jangammet", "tessellate": -1, "extrude": 0, "visibility": -1, "_id": "relation/7856360", "admin_level": "10", "boundary": "administrative", "type": "boundary", "_timestamp": "2017-12-31T08:32:24", "_version": "1", "_changeset": "55052386", "_user": "adivik2000", "_uid": "250196" }, "geometry": { "type": "Polygon", "coordinates": [ [ [ 17.3342065, 78.4686095, 0.0 ], [ 17.33499, 78.468529, 0.0 ], [ 17.3366603, 78.4679761, 0.0 ], [ 17.3370281, 78.4714472, 0.0 ], [ 17.336772, 78.4732497, 0.0 ], [ 17.3366798, 78.4736252, 0.0 ], [ 17.3390456, 78.473239, 0.0 ], [ 17.3390866, 78.4745586, 0.0 ], [ 17.3423023, 78.4732068, 0.0 ], [ 17.3422511, 78.4741509, 0.0 ], [ 17.3447089, 78.4744406, 0.0 ], [ 17.3455897, 78.4754491, 0.0 ], [ 17.3459475, 78.4758823, 0.0 ], [ 17.3448536, 78.4770229, 0.0 ], [ 17.3436439, 78.4778953, 0.0 ], [ 17.3427427, 78.4782279, 0.0 ], [ 17.3397113, 78.4798265, 0.0 ], [ 17.3372534, 78.4805668, 0.0 ], [ 17.3347276, 78.4808953, 0.0 ], [ 17.3340235, 78.4810683, 0.0 ], [ 17.3335869, 78.4809852, 0.0 ], [ 17.3309958, 78.4801591, 0.0 ], [ 17.3278767, 78.4798203, 0.0 ], [ 17.3271243, 78.4775734, 0.0 ], [ 17.3265201, 78.4758246, 0.0 ], [ 17.326981, 78.4757281, 0.0 ], [ 17.327872, 78.474344, 0.0 ], [ 17.3289474, 78.4728313, 0.0 ], [ 17.3298384, 78.4708894, 0.0 ], [ 17.3307295, 78.4702349, 0.0 ], [ 17.3331772, 78.4696233, 0.0 ], [ 17.3334742, 78.4692586, 0.0 ], [ 17.3335357, 78.4689742, 0.0 ], [ 17.3337456, 78.4687248, 0.0 ], [ 17.3342065, 78.4686095, 0.0 ] ] ] } },
{ "type": "Feature", "id": 56, "properties": { "Name": "Ward 48 Shalibanda", "tessellate": -1, "extrude": 0, "visibility": -1, "_id": "relation/7856361", "admin_level": "10", "boundary": "administrative", "type": "boundary", "_timestamp": "2017-12-31T08:32:24", "_version": "1", "_changeset": "55052386", "_user": "adivik2000", "_uid": "250196" }, "geometry": { "type": "Polygon", "coordinates": [ [ [ 17.355406, 78.4675379, 0.0 ], [ 17.3551135, 78.4691406, 0.0 ], [ 17.3545912, 78.4692157, 0.0 ], [ 17.3543045, 78.4697092, 0.0 ], [ 17.3538642, 78.4697414, 0.0 ], [ 17.3538795, 78.4730445, 0.0 ], [ 17.3529323, 78.4727669, 0.0 ], [ 17.3508208, 78.4724967, 0.0 ], [ 17.3494095, 78.4721339, 0.0 ], [ 17.3469415, 78.47031, 0.0 ], [ 17.3456818, 78.4700954, 0.0 ], [ 17.3462656, 78.471812, 0.0 ], [ 17.3465626, 78.4740973, 0.0 ], [ 17.3466342, 78.4752989, 0.0 ], [ 17.3459475, 78.4758823, 0.0 ], [ 17.3455897, 78.4754491, 0.0 ], [ 17.3447089, 78.4744406, 0.0 ], [ 17.3422511, 78.4741509, 0.0 ], [ 17.3423023, 78.4732068, 0.0 ], [ 17.3390866, 78.4745586, 0.0 ], [ 17.3390456, 78.473239, 0.0 ], [ 17.3366798, 78.4736252, 0.0 ], [ 17.336772, 78.4732497, 0.0 ], [ 17.3370281, 78.4714472, 0.0 ], [ 17.3366603, 78.4679761, 0.0 ], [ 17.3375504, 78.4676814, 0.0 ], [ 17.3383287, 78.4662974, 0.0 ], [ 17.3384823, 78.4645808, 0.0 ], [ 17.3388408, 78.4642053, 0.0 ], [ 17.3394655, 78.4642697, 0.0 ], [ 17.340336, 78.4646774, 0.0 ], [ 17.3410324, 78.4656, 0.0 ], [ 17.3416366, 78.4658897, 0.0 ], [ 17.3445112, 78.4658307, 0.0 ], [ 17.3462605, 78.4657073, 0.0 ], [ 17.3516752, 78.4653104, 0.0 ], [ 17.352195, 78.465203, 0.0 ], [ 17.3541406, 78.4656215, 0.0 ], [ 17.3550213, 78.466394, 0.0 ], [ 17.3554105, 78.4669519, 0.0 ], [ 17.355406, 78.4675379, 0.0 ] ] ] } },
{ "type": "Feature", "id": 57, "properties": { "Name": "Ward 43 Chandrayangutta", "tessellate": -1, "extrude": 0, "visibility": -1, "_id": "relation/7856362", "admin_level": "10", "boundary": "administrative", "type": "boundary", "_timestamp": "2018-01-02T04:08:42", "_version": "4", "_changeset": "55091137", "_user": "adivik2000", "_uid": "250196" }, "geometry": { "type": "Polygon", "coordinates": [ [ [ 17.3265201, 78.4758246, 0.0 ], [ 17.3271243, 78.4775734, 0.0 ], [ 17.3278767, 78.4798203, 0.0 ], [ 17.3284968, 78.4816718, 0.0 ], [ 17.3303403, 78.4862638, 0.0 ], [ 17.3321454, 78.4907296, 0.0 ], [ 17.3327548, 78.4914538, 0.0 ], [ 17.3317639, 78.4920788, 0.0 ], [ 17.3304222, 78.4921003, 0.0 ], [ 17.3294595, 78.4921539, 0.0 ], [ 17.3287016, 78.4925831, 0.0 ], [ 17.3274111, 78.4925401, 0.0 ], [ 17.3254651, 78.4911239, 0.0 ], [ 17.3251374, 78.491242, 0.0 ], [ 17.3230275, 78.4913707, 0.0 ], [ 17.3229865, 78.4888172, 0.0 ], [ 17.3246253, 78.4872079, 0.0 ], [ 17.3211225, 78.4868002, 0.0 ], [ 17.3212863, 78.4852231, 0.0 ], [ 17.3199395, 78.4864998, 0.0 ], [ 17.3199343, 78.4842789, 0.0 ], [ 17.3193096, 78.4842468, 0.0 ], [ 17.3189511, 78.4843648, 0.0 ], [ 17.3187565, 78.4845793, 0.0 ], [ 17.3183058, 78.4848905, 0.0 ], [ 17.3188077, 78.4856844, 0.0 ], [ 17.3185619, 78.4865213, 0.0 ], [ 17.3175581, 78.4866071, 0.0 ], [ 17.3169231, 78.483088, 0.0 ], [ 17.3184799, 78.4827662, 0.0 ], [ 17.3185619, 78.4821868, 0.0 ], [ 17.3199241, 78.4809315, 0.0 ], [ 17.3207435, 78.480835, 0.0 ], [ 17.3214297, 78.4809208, 0.0 ], [ 17.32144, 78.4806419, 0.0 ], [ 17.3226486, 78.479966, 0.0 ], [ 17.3228329, 78.4779167, 0.0 ], [ 17.3220033, 78.4758353, 0.0 ], [ 17.3215526, 78.4734321, 0.0 ], [ 17.3207537, 78.4728849, 0.0 ], [ 17.3206718, 78.4700418, 0.0 ], [ 17.3197705, 78.4697628, 0.0 ], [ 17.3203082, 78.4670431, 0.0 ], [ 17.3185414, 78.4668231, 0.0 ], [ 17.318316, 78.4682393, 0.0 ], [ 17.3161446, 78.4682179, 0.0 ], [ 17.3152638, 78.4705568, 0.0 ], [ 17.3142447, 78.470825, 0.0 ], [ 17.3140244, 78.4675098, 0.0 ], [ 17.3165227, 78.4662698, 0.0 ], [ 17.3173533, 78.4658575, 0.0 ], [ 17.3213785, 78.4664583, 0.0 ], [ 17.3220142, 78.4668542, 0.0 ], [ 17.3216755, 78.4669841, 0.0 ], [ 17.3214195, 78.467145, 0.0 ], [ 17.3214297, 78.467381, 0.0 ], [ 17.3234065, 78.4708035, 0.0 ], [ 17.3256597, 78.4733999, 0.0 ], [ 17.3265201, 78.4758246, 0.0 ] ] ] } },
{ "type": "Feature", "id": 58, "properties": { "Name": "Ward 46 Falaknuma", "tessellate": -1, "extrude": 0, "visibility": -1, "_id": "relation/7856363", "admin_level": "10", "boundary": "administrative", "type": "boundary", "_timestamp": "2017-12-31T08:32:25", "_version": "1", "_changeset": "55052386", "_user": "adivik2000", "_uid": "250196" }, "geometry": { "type": "Polygon", "coordinates": [ [ [ 17.3342065, 78.4686095, 0.0 ], [ 17.3337456, 78.4687248, 0.0 ], [ 17.3335357, 78.4689742, 0.0 ], [ 17.3334742, 78.4692586, 0.0 ], [ 17.3331772, 78.4696233, 0.0 ], [ 17.3307295, 78.4702349, 0.0 ], [ 17.3298384, 78.4708894, 0.0 ], [ 17.3289474, 78.4728313, 0.0 ], [ 17.327872, 78.474344, 0.0 ], [ 17.326981, 78.4757281, 0.0 ], [ 17.3265201, 78.4758246, 0.0 ], [ 17.3256597, 78.4733999, 0.0 ], [ 17.3234065, 78.4708035, 0.0 ], [ 17.3214297, 78.467381, 0.0 ], [ 17.3214195, 78.467145, 0.0 ], [ 17.3216755, 78.4669841, 0.0 ], [ 17.3220142, 78.4668542, 0.0 ], [ 17.3239698, 78.4661043, 0.0 ], [ 17.3240825, 78.4655893, 0.0 ], [ 17.3224847, 78.4636688, 0.0 ], [ 17.3208562, 78.4615123, 0.0 ], [ 17.3199753, 78.4593129, 0.0 ], [ 17.3198422, 78.4569204, 0.0 ], [ 17.3218804, 78.4570492, 0.0 ], [ 17.3235396, 78.4576929, 0.0 ], [ 17.3249018, 78.4577036, 0.0 ], [ 17.3263767, 78.4578109, 0.0 ], [ 17.3288245, 78.4575641, 0.0 ], [ 17.3303403, 78.4601927, 0.0 ], [ 17.3311392, 78.4605038, 0.0 ], [ 17.3312928, 78.4623707, 0.0 ], [ 17.3333514, 78.4629286, 0.0 ], [ 17.3341195, 78.4641087, 0.0 ], [ 17.3340068, 78.4647203, 0.0 ], [ 17.3335152, 78.4653211, 0.0 ], [ 17.3334026, 78.4662223, 0.0 ], [ 17.3342116, 78.4670699, 0.0 ], [ 17.3342065, 78.4686095, 0.0 ] ] ] } },
{ "type": "Feature", "id": 59, "properties": { "Name": "Ward 47 Nawab Saheb Kunta", "tessellate": -1, "extrude": 0, "visibility": -1, "_id": "relation/7856364", "admin_level": "10", "boundary": "administrative", "type": "boundary", "_timestamp": "2017-12-31T08:32:25", "_version": "1", "_changeset": "55052386", "_user": "adivik2000", "_uid": "250196" }, "geometry": { "type": "Polygon", "coordinates": [ [ [ 17.340336, 78.4646774, 0.0 ], [ 17.3394655, 78.4642697, 0.0 ], [ 17.3388408, 78.4642053, 0.0 ], [ 17.3384823, 78.4645808, 0.0 ], [ 17.3383287, 78.4662974, 0.0 ], [ 17.3375504, 78.4676814, 0.0 ], [ 17.3366603, 78.4679761, 0.0 ], [ 17.33499, 78.468529, 0.0 ], [ 17.3342065, 78.4686095, 0.0 ], [ 17.3342116, 78.4670699, 0.0 ], [ 17.3334026, 78.4662223, 0.0 ], [ 17.3335152, 78.4653211, 0.0 ], [ 17.3340068, 78.4647203, 0.0 ], [ 17.3341195, 78.4641087, 0.0 ], [ 17.3333514, 78.4629286, 0.0 ], [ 17.3312928, 78.4623707, 0.0 ], [ 17.3311392, 78.4605038, 0.0 ], [ 17.3303403, 78.4601927, 0.0 ], [ 17.3288245, 78.4575641, 0.0 ], [ 17.3294083, 78.4547317, 0.0 ], [ 17.3300484, 78.4548122, 0.0 ], [ 17.3314566, 78.4547746, 0.0 ], [ 17.3329007, 78.4549141, 0.0 ], [ 17.3333718, 78.4565664, 0.0 ], [ 17.3347852, 78.4565878, 0.0 ], [ 17.3348671, 78.457489, 0.0 ], [ 17.336137, 78.4571243, 0.0 ], [ 17.3381034, 78.458283, 0.0 ], [ 17.3395577, 78.4588409, 0.0 ], [ 17.3400902, 78.4592486, 0.0 ], [ 17.340336, 78.4646774, 0.0 ] ] ] } },
{ "type": "Feature", "id": 60, "properties": { "Name": "Ward 54 Jahanuma", "tessellate": -1, "extrude": 0, "visibility": -1, "_id": "relation/7856365", "admin_level": "10", "boundary": "administrative", "type": "boundary", "_timestamp": "2017-12-31T08:32:25", "_version": "1", "_changeset": "55052386", "_user": "adivik2000", "_uid": "250196" }, "geometry": { "type": "Polygon", "coordinates": [ [ [ 17.3329007, 78.4549141, 0.0 ], [ 17.3348057, 78.4538627, 0.0 ], [ 17.3364443, 78.453691, 0.0 ], [ 17.3369564, 78.4506279, 0.0 ], [ 17.3366737, 78.4491781, 0.0 ], [ 17.3376937, 78.4504938, 0.0 ], [ 17.3385335, 78.4506226, 0.0 ], [ 17.3393375, 78.4505904, 0.0 ], [ 17.3412987, 78.4503436, 0.0 ], [ 17.3424201, 78.4526181, 0.0 ], [ 17.3416315, 78.4544635, 0.0 ], [ 17.344924, 78.4581113, 0.0 ], [ 17.3446577, 78.458755, 0.0 ], [ 17.3468083, 78.4592271, 0.0 ], [ 17.3476071, 78.4603, 0.0 ], [ 17.3495119, 78.4616089, 0.0 ], [ 17.352113, 78.4619951, 0.0 ], [ 17.3516752, 78.4653104, 0.0 ], [ 17.3462605, 78.4657073, 0.0 ], [ 17.3445112, 78.4658307, 0.0 ], [ 17.3416366, 78.4658897, 0.0 ], [ 17.3410324, 78.4656, 0.0 ], [ 17.340336, 78.4646774, 0.0 ], [ 17.3400902, 78.4592486, 0.0 ], [ 17.3395577, 78.4588409, 0.0 ], [ 17.3381034, 78.458283, 0.0 ], [ 17.336137, 78.4571243, 0.0 ], [ 17.3348671, 78.457489, 0.0 ], [ 17.3347852, 78.4565878, 0.0 ], [ 17.3333718, 78.4565664, 0.0 ], [ 17.3329007, 78.4549141, 0.0 ] ] ] } },
{ "type": "Feature", "id": 61, "properties": { "Name": "Ward 55 Ramnaspura", "tessellate": -1, "extrude": 0, "visibility": -1, "_id": "relation/7856366", "admin_level": "10", "boundary": "administrative", "type": "boundary", "_timestamp": "2018-01-01T21:02:33", "_version": "2", "_changeset": "55086287", "_user": "adivik2000", "_uid": "250196" }, "geometry": { "type": "Polygon", "coordinates": [ [ [ 17.3468083, 78.4592271, 0.0 ], [ 17.3446577, 78.458755, 0.0 ], [ 17.344924, 78.4581113, 0.0 ], [ 17.3416315, 78.4544635, 0.0 ], [ 17.3424201, 78.4526181, 0.0 ], [ 17.3412987, 78.4503436, 0.0 ], [ 17.3393375, 78.4505904, 0.0 ], [ 17.3385335, 78.4506226, 0.0 ], [ 17.3376937, 78.4504938, 0.0 ], [ 17.3366737, 78.4491781, 0.0 ], [ 17.3359885, 78.4482944, 0.0 ], [ 17.3364955, 78.4480262, 0.0 ], [ 17.3367208, 78.4479511, 0.0 ], [ 17.3370076, 78.447994, 0.0 ], [ 17.3372738, 78.4483588, 0.0 ], [ 17.3374992, 78.4484124, 0.0 ], [ 17.3377654, 78.447994, 0.0 ], [ 17.3387076, 78.448391, 0.0 ], [ 17.3391864, 78.4485975, 0.0 ], [ 17.3396754, 78.4486994, 0.0 ], [ 17.3401798, 78.4484312, 0.0 ], [ 17.3407456, 78.4480906, 0.0 ], [ 17.3417237, 78.4473127, 0.0 ], [ 17.3424457, 78.4469855, 0.0 ], [ 17.3427017, 78.4467817, 0.0 ], [ 17.34433, 78.4460092, 0.0 ], [ 17.344668, 78.4459663, 0.0 ], [ 17.3449343, 78.4458053, 0.0 ], [ 17.3455487, 78.4457624, 0.0 ], [ 17.3458867, 78.4457517, 0.0 ], [ 17.3464294, 78.4453225, 0.0 ], [ 17.3464192, 78.4447861, 0.0 ], [ 17.3463987, 78.4440887, 0.0 ], [ 17.3469824, 78.4425545, 0.0 ], [ 17.3475303, 78.4416694, 0.0 ], [ 17.3484981, 78.4404624, 0.0 ], [ 17.3498191, 78.4395612, 0.0 ], [ 17.350536, 78.4391213, 0.0 ], [ 17.3510992, 78.4390891, 0.0 ], [ 17.3512631, 78.4388638, 0.0 ], [ 17.3515703, 78.4386277, 0.0 ], [ 17.3518263, 78.4382952, 0.0 ], [ 17.3522359, 78.4373188, 0.0 ], [ 17.3536901, 78.4384346, 0.0 ], [ 17.3559634, 78.4388423, 0.0 ], [ 17.3553695, 78.4410095, 0.0 ], [ 17.3542635, 78.4408164, 0.0 ], [ 17.3540382, 78.4418035, 0.0 ], [ 17.3543659, 78.4431124, 0.0 ], [ 17.3535877, 78.4436059, 0.0 ], [ 17.352666, 78.4436059, 0.0 ], [ 17.3526046, 78.4438205, 0.0 ], [ 17.3535672, 78.4441853, 0.0 ], [ 17.3551032, 78.444829, 0.0 ], [ 17.3553285, 78.4461379, 0.0 ], [ 17.355861, 78.4456444, 0.0 ], [ 17.3565164, 78.4457088, 0.0 ], [ 17.3572128, 78.445859, 0.0 ], [ 17.3577452, 78.4459019, 0.0 ], [ 17.359015, 78.4452367, 0.0 ], [ 17.3589536, 78.447597, 0.0 ], [ 17.3577452, 78.4488201, 0.0 ], [ 17.3561712, 78.4545906, 0.0 ], [ 17.3556153, 78.4544635, 0.0 ], [ 17.354837, 78.4569526, 0.0 ], [ 17.3557586, 78.4597636, 0.0 ], [ 17.3545093, 78.4593129, 0.0 ], [ 17.3534033, 78.4586907, 0.0 ], [ 17.3521335, 78.4567166, 0.0 ], [ 17.3469312, 78.4572959, 0.0 ], [ 17.3469722, 78.4583044, 0.0 ], [ 17.3468083, 78.4592271, 0.0 ] ] ] } },
{ "type": "Feature", "id": 62, "properties": { "Name": "Ward 53 Doodh Bowli", "tessellate": -1, "extrude": 0, "visibility": -1, "_id": "relation/7856367", "admin_level": "10", "boundary": "administrative", "type": "boundary", "_timestamp": "2018-01-01T21:02:33", "_version": "2", "_changeset": "55086287", "_user": "adivik2000", "_uid": "250196" }, "geometry": { "type": "Polygon", "coordinates": [ [ [ 17.3541406, 78.4656215, 0.0 ], [ 17.352195, 78.465203, 0.0 ], [ 17.3516752, 78.4653104, 0.0 ], [ 17.352113, 78.4619951, 0.0 ], [ 17.3495119, 78.4616089, 0.0 ], [ 17.3476071, 78.4603, 0.0 ], [ 17.3468083, 78.4592271, 0.0 ], [ 17.3469722, 78.4583044, 0.0 ], [ 17.3469312, 78.4572959, 0.0 ], [ 17.3521335, 78.4567166, 0.0 ], [ 17.3534033, 78.4586907, 0.0 ], [ 17.3545093, 78.4593129, 0.0 ], [ 17.3557586, 78.4597636, 0.0 ], [ 17.354837, 78.4569526, 0.0 ], [ 17.3556153, 78.4544635, 0.0 ], [ 17.3561712, 78.4545906, 0.0 ], [ 17.3589946, 78.455236, 0.0 ], [ 17.3622177, 78.4560111, 0.0 ], [ 17.3624342, 78.4550221, 0.0 ], [ 17.3637306, 78.4556436, 0.0 ], [ 17.3628039, 78.4586907, 0.0 ], [ 17.3612883, 78.4605789, 0.0 ], [ 17.359568, 78.4619093, 0.0 ], [ 17.3584211, 78.4633684, 0.0 ], [ 17.3571718, 78.4646774, 0.0 ], [ 17.3541406, 78.4656215, 0.0 ] ] ] } },
{ "type": "Feature", "id": 63, "properties": { "Name": "Ward 33 Moghalpura", "tessellate": -1, "extrude": 0, "visibility": -1, "_id": "relation/7856368", "admin_level": "10", "boundary": "administrative", "type": "boundary", "_timestamp": "2017-12-31T08:32:25", "_version": "1", "_changeset": "55052386", "_user": "adivik2000", "_uid": "250196" }, "geometry": { "type": "Polygon", "coordinates": [ [ [ 17.3577651, 78.4738031, 0.0 ], [ 17.3567007, 78.4788609, 0.0 ], [ 17.3585235, 78.4792257, 0.0 ], [ 17.3579168, 78.4803334, 0.0 ], [ 17.3570372, 78.4816517, 0.0 ], [ 17.3557381, 78.4809208, 0.0 ], [ 17.3534853, 78.480202, 0.0 ], [ 17.3525534, 78.4837961, 0.0 ], [ 17.348068, 78.4837961, 0.0 ], [ 17.3485595, 78.4810496, 0.0 ], [ 17.3488463, 78.4787858, 0.0 ], [ 17.3494709, 78.4784532, 0.0 ], [ 17.3501366, 78.4775627, 0.0 ], [ 17.3505052, 78.4773588, 0.0 ], [ 17.3504438, 78.476758, 0.0 ], [ 17.3508022, 78.4754598, 0.0 ], [ 17.3506998, 78.4729386, 0.0 ], [ 17.3508208, 78.4724967, 0.0 ], [ 17.3529323, 78.4727669, 0.0 ], [ 17.3538795, 78.4730445, 0.0 ], [ 17.3553285, 78.4733409, 0.0 ], [ 17.3577651, 78.4738031, 0.0 ] ] ] } },
{ "type": "Feature", "id": 64, "properties": { "Name": "Ward 52 Puranapool", "tessellate": -1, "extrude": 0, "visibility": -1, "_id": "relation/7856369", "admin_level": "10", "boundary": "administrative", "type": "boundary", "_timestamp": "2017-12-31T08:32:26", "_version": "1", "_changeset": "55052386", "_user": "adivik2000", "_uid": "250196" }, "geometry": { "type": "Polygon", "coordinates": [ [ [ 17.355406, 78.4675379, 0.0 ], [ 17.3554105, 78.4669519, 0.0 ], [ 17.3550213, 78.466394, 0.0 ], [ 17.3541406, 78.4656215, 0.0 ], [ 17.3571718, 78.4646774, 0.0 ], [ 17.3584211, 78.4633684, 0.0 ], [ 17.359568, 78.4619093, 0.0 ], [ 17.3612883, 78.4605789, 0.0 ], [ 17.3628039, 78.4586907, 0.0 ], [ 17.3637306, 78.4556436, 0.0 ], [ 17.3653997, 78.4564752, 0.0 ], [ 17.3663904, 78.4571779, 0.0 ], [ 17.3674886, 78.4582508, 0.0 ], [ 17.3655379, 78.4600318, 0.0 ], [ 17.3650874, 78.4615767, 0.0 ], [ 17.3640531, 78.4648705, 0.0 ], [ 17.3628141, 78.4687007, 0.0 ], [ 17.3598343, 78.4680569, 0.0 ], [ 17.3597626, 78.4688294, 0.0 ], [ 17.3575814, 78.4683144, 0.0 ], [ 17.355406, 78.4675379, 0.0 ] ] ] } },
{ "type": "Feature", "id": 65, "properties": { "Name": "Ward 32 Patthergatti", "tessellate": -1, "extrude": 0, "visibility": -1, "_id": "relation/7856370", "admin_level": "10", "boundary": "administrative", "type": "boundary", "_timestamp": "2018-01-02T08:41:46", "_version": "4", "_changeset": "55094174", "_user": "adivik2000", "_uid": "250196" }, "geometry": { "type": "Polygon", "coordinates": [ [ [ 17.3732356, 78.4812399, 0.0 ], [ 17.3736879, 78.4818241, 0.0 ], [ 17.3732458, 78.4823772, 0.0 ], [ 17.3730205, 78.482793, 0.0 ], [ 17.3723166, 78.482616, 0.0 ], [ 17.3677395, 78.4812641, 0.0 ], [ 17.367207, 78.483882, 0.0 ], [ 17.3644423, 78.4836889, 0.0 ], [ 17.3642375, 78.4845686, 0.0 ], [ 17.3619232, 78.484397, 0.0 ], [ 17.3620051, 78.4834743, 0.0 ], [ 17.3590355, 78.4831953, 0.0 ], [ 17.3586873, 78.484869, 0.0 ], [ 17.3570079, 78.4897399, 0.0 ], [ 17.3557381, 78.488946, 0.0 ], [ 17.3545554, 78.4882673, 0.0 ], [ 17.3551032, 78.4855771, 0.0 ], [ 17.3555948, 78.4832597, 0.0 ], [ 17.3570372, 78.4816517, 0.0 ], [ 17.3579168, 78.4803334, 0.0 ], [ 17.3585235, 78.4792257, 0.0 ], [ 17.3567007, 78.4788609, 0.0 ], [ 17.3577651, 78.4738031, 0.0 ], [ 17.3591994, 78.4740973, 0.0 ], [ 17.3684358, 78.4761733, 0.0 ], [ 17.3687071, 78.4762645, 0.0 ], [ 17.3697055, 78.4768117, 0.0 ], [ 17.3713131, 78.4763503, 0.0 ], [ 17.3715281, 78.4771014, 0.0 ], [ 17.3718071, 78.4778685, 0.0 ], [ 17.3723166, 78.4793597, 0.0 ], [ 17.3727876, 78.4802798, 0.0 ], [ 17.3732356, 78.4812399, 0.0 ] ] ] } },
{ "type": "Feature", "id": 66, "properties": { "Name": "Ward 49 Ghansi Bazar", "tessellate": -1, "extrude": 0, "visibility": -1, "_id": "relation/7856371", "admin_level": "10", "boundary": "administrative", "type": "boundary", "_timestamp": "2018-01-02T08:41:46", "_version": "2", "_changeset": "55094174", "_user": "adivik2000", "_uid": "250196" }, "geometry": { "type": "Polygon", "coordinates": [ [ [ 17.3538795, 78.4730445, 0.0 ], [ 17.3538642, 78.4697414, 0.0 ], [ 17.3543045, 78.4697092, 0.0 ], [ 17.3545912, 78.4692157, 0.0 ], [ 17.3551135, 78.4691406, 0.0 ], [ 17.355406, 78.4675379, 0.0 ], [ 17.3575814, 78.4683144, 0.0 ], [ 17.3597626, 78.4688294, 0.0 ], [ 17.3598343, 78.4680569, 0.0 ], [ 17.3628141, 78.4687007, 0.0 ], [ 17.3640531, 78.4648705, 0.0 ], [ 17.3650874, 78.4615767, 0.0 ], [ 17.3655379, 78.4600318, 0.0 ], [ 17.3674886, 78.4582508, 0.0 ], [ 17.368405, 78.4619522, 0.0 ], [ 17.3695212, 78.4680784, 0.0 ], [ 17.3696972, 78.4688506, 0.0 ], [ 17.3702379, 78.4712219, 0.0 ], [ 17.3708625, 78.4744942, 0.0 ], [ 17.3713131, 78.4763503, 0.0 ], [ 17.3697055, 78.4768117, 0.0 ], [ 17.3687071, 78.4762645, 0.0 ], [ 17.3684358, 78.4761733, 0.0 ], [ 17.3591994, 78.4740973, 0.0 ], [ 17.3577651, 78.4738031, 0.0 ], [ 17.3553285, 78.4733409, 0.0 ], [ 17.3538795, 78.4730445, 0.0 ] ] ] } },
{ "type": "Feature", "id": 67, "properties": { "Name": "Ward 94 Shaikpet", "tessellate": -1, "extrude": 0, "visibility": -1, "_id": "relation/7857543", "admin_level": "10", "boundary": "administrative", "type": "boundary", "_timestamp": "2017-12-31T16:08:31", "_version": "1", "_changeset": "55061466", "_user": "adivik2000", "_uid": "250196" }, "geometry": { "type": "Polygon", "coordinates": [ [ [ 17.4128553, 78.3949491, 0.0 ], [ 17.4112197, 78.3971842, 0.0 ], [ 17.4133385, 78.3983374, 0.0 ], [ 17.4134233, 78.3990759, 0.0 ], [ 17.4139505, 78.4002238, 0.0 ], [ 17.4132492, 78.4023374, 0.0 ], [ 17.4115806, 78.4019887, 0.0 ], [ 17.4101627, 78.4066504, 0.0 ], [ 17.4096457, 78.406924, 0.0 ], [ 17.4092977, 78.4074444, 0.0 ], [ 17.4082995, 78.4140694, 0.0 ], [ 17.4070301, 78.4148633, 0.0 ], [ 17.4071529, 78.4173632, 0.0 ], [ 17.4074814, 78.4178238, 0.0 ], [ 17.4036824, 78.4169341, 0.0 ], [ 17.4014762, 78.4175134, 0.0 ], [ 17.3986031, 78.4155177, 0.0 ], [ 17.3986198, 78.4124494, 0.0 ], [ 17.3996641, 78.4080506, 0.0 ], [ 17.3986403, 78.4062267, 0.0 ], [ 17.3980055, 78.4050036, 0.0 ], [ 17.3973913, 78.4006262, 0.0 ], [ 17.3942789, 78.4002185, 0.0 ], [ 17.3923336, 78.3998216, 0.0 ], [ 17.3925588, 78.393792, 0.0 ], [ 17.392866, 78.3928103, 0.0 ], [ 17.3922824, 78.3920512, 0.0 ], [ 17.3923541, 78.3910346, 0.0 ], [ 17.3932141, 78.3910561, 0.0 ], [ 17.394197, 78.3923436, 0.0 ], [ 17.3962036, 78.391099, 0.0 ], [ 17.4023054, 78.3916462, 0.0 ], [ 17.401855, 78.3903963, 0.0 ], [ 17.4031142, 78.3905733, 0.0 ], [ 17.4030426, 78.3909488, 0.0 ], [ 17.4043069, 78.3906323, 0.0 ], [ 17.4060012, 78.3893288, 0.0 ], [ 17.4065464, 78.3880467, 0.0 ], [ 17.4070365, 78.38725, 0.0 ], [ 17.4078952, 78.3869255, 0.0 ], [ 17.4078133, 78.3898974, 0.0 ], [ 17.4095949, 78.390441, 0.0 ], [ 17.4095525, 78.3910988, 0.0 ], [ 17.4103919, 78.391485, 0.0 ], [ 17.4102793, 78.3948217, 0.0 ], [ 17.4128553, 78.3949491, 0.0 ] ] ] } },
{ "type": "Feature", "id": 68, "properties": { "Name": "Ward 76 Mallepally", "tessellate": -1, "extrude": 0, "visibility": -1, "_id": "relation/7857544", "admin_level": "10", "boundary": "administrative", "type": "boundary", "_timestamp": "2018-01-01T20:14:06", "_version": "2", "_changeset": "55085177", "_user": "adivik2000", "_uid": "250196" }, "geometry": { "type": "Polygon", "coordinates": [ [ [ 17.3848799, 78.4555793, 0.0 ], [ 17.3858219, 78.4546566, 0.0 ], [ 17.3859945, 78.4538751, 0.0 ], [ 17.3879106, 78.4532619, 0.0 ], [ 17.388402, 78.4553647, 0.0 ], [ 17.3916988, 78.456502, 0.0 ], [ 17.393186, 78.4552833, 0.0 ], [ 17.3935827, 78.4565235, 0.0 ], [ 17.3929069, 78.4571457, 0.0 ], [ 17.3947498, 78.4596992, 0.0 ], [ 17.3943608, 78.4616733, 0.0 ], [ 17.3935417, 78.4635616, 0.0 ], [ 17.3918012, 78.4651924, 0.0 ], [ 17.3910845, 78.4657717, 0.0 ], [ 17.3906647, 78.4638298, 0.0 ], [ 17.3882587, 78.4617162, 0.0 ], [ 17.3872758, 78.4617162, 0.0 ], [ 17.3845114, 78.4634972, 0.0 ], [ 17.3840813, 78.4634757, 0.0 ], [ 17.383508, 78.4599138, 0.0 ], [ 17.3846137, 78.4585405, 0.0 ], [ 17.3855352, 78.4566093, 0.0 ], [ 17.3848799, 78.4555793, 0.0 ] ] ] } },
{ "type": "Feature", "id": 69, "properties": { "Name": "Ward 63 Mangalhat", "tessellate": -1, "extrude": 0, "visibility": -1, "_id": "relation/7857545", "admin_level": "10", "boundary": "administrative", "type": "boundary", "_timestamp": "2018-01-01T20:14:06", "_version": "2", "_changeset": "55085177", "_user": "adivik2000", "_uid": "250196" }, "geometry": { "type": "Polygon", "coordinates": [ [ [ 17.3716101, 78.4536267, 0.0 ], [ 17.3709547, 78.4545279, 0.0 ], [ 17.3721425, 78.4549356, 0.0 ], [ 17.3725521, 78.4556008, 0.0 ], [ 17.3735351, 78.4561587, 0.0 ], [ 17.3737194, 78.4565878, 0.0 ], [ 17.3772212, 78.4571028, 0.0 ], [ 17.3773646, 78.4554506, 0.0 ], [ 17.3777127, 78.4545064, 0.0 ], [ 17.3794738, 78.4546996, 0.0 ], [ 17.3797605, 78.4538627, 0.0 ], [ 17.3815011, 78.453691, 0.0 ], [ 17.3821974, 78.4543777, 0.0 ], [ 17.3832622, 78.4543777, 0.0 ], [ 17.3848799, 78.4555793, 0.0 ], [ 17.3855352, 78.4566093, 0.0 ], [ 17.3846137, 78.4585405, 0.0 ], [ 17.383508, 78.4599138, 0.0 ], [ 17.3840813, 78.4634757, 0.0 ], [ 17.3826274, 78.4635401, 0.0 ], [ 17.3824022, 78.4616948, 0.0 ], [ 17.3822179, 78.4617806, 0.0 ], [ 17.3786752, 78.4609867, 0.0 ], [ 17.3741597, 78.460064, 0.0 ], [ 17.3686508, 78.4577466, 0.0 ], [ 17.3689785, 78.4559226, 0.0 ], [ 17.3692857, 78.4548068, 0.0 ], [ 17.3692652, 78.4534765, 0.0 ], [ 17.3697567, 78.4530929, 0.0 ], [ 17.3705042, 78.4534765, 0.0 ], [ 17.3716101, 78.4536267, 0.0 ] ] ] } },
{ "type": "Feature", "id": 70, "properties": { "Name": "Ward 64 Dattatreya Nagar", "tessellate": -1, "extrude": 0, "visibility": -1, "_id": "relation/7857546", "admin_level": "10", "boundary": "administrative", "type": "boundary", "_timestamp": "2017-12-31T16:08:32", "_version": "1", "_changeset": "55061466", "_user": "adivik2000", "_uid": "250196" }, "geometry": { "type": "Polygon", "coordinates": [ [ [ 17.3776513, 78.4477956, 0.0 ], [ 17.3799039, 78.4476346, 0.0 ], [ 17.3812964, 78.4484768, 0.0 ], [ 17.3814807, 78.450054, 0.0 ], [ 17.3806103, 78.4502149, 0.0 ], [ 17.3802929, 78.4506655, 0.0 ], [ 17.3808049, 78.4522319, 0.0 ], [ 17.3815011, 78.453691, 0.0 ], [ 17.3797605, 78.4538627, 0.0 ], [ 17.3794738, 78.4546996, 0.0 ], [ 17.3777127, 78.4545064, 0.0 ], [ 17.3773646, 78.4554506, 0.0 ], [ 17.3772212, 78.4571028, 0.0 ], [ 17.3737194, 78.4565878, 0.0 ], [ 17.3735351, 78.4561587, 0.0 ], [ 17.3725521, 78.4556008, 0.0 ], [ 17.3721425, 78.4549356, 0.0 ], [ 17.3709547, 78.4545279, 0.0 ], [ 17.3716101, 78.4536267, 0.0 ], [ 17.3717125, 78.4523178, 0.0 ], [ 17.3721016, 78.4506441, 0.0 ], [ 17.3728183, 78.4492064, 0.0 ], [ 17.3735351, 78.4480477, 0.0 ], [ 17.3748048, 78.4482193, 0.0 ], [ 17.3776513, 78.4477956, 0.0 ] ] ] } },
{ "type": "Feature", "id": 71, "properties": { "Name": "Ward 73 Vijay Nagar Colony", "tessellate": -1, "extrude": 0, "visibility": -1, "_id": "relation/7857547", "admin_level": "10", "boundary": "administrative", "type": "boundary", "_timestamp": "2018-01-01T20:14:06", "_version": "2", "_changeset": "55085177", "_user": "adivik2000", "_uid": "250196" }, "geometry": { "type": "Polygon", "coordinates": [ [ [ 17.3873577, 78.4461809, 0.0 ], [ 17.3897945, 78.4459877, 0.0 ], [ 17.3899583, 78.4473396, 0.0 ], [ 17.3921467, 78.4473986, 0.0 ], [ 17.3927278, 78.4461433, 0.0 ], [ 17.3934546, 78.4446466, 0.0 ], [ 17.394028, 78.442297, 0.0 ], [ 17.3943761, 78.4406367, 0.0 ], [ 17.3946512, 78.4397516, 0.0 ], [ 17.3947703, 78.4395437, 0.0 ], [ 17.3959579, 78.4423399, 0.0 ], [ 17.3981898, 78.4434772, 0.0 ], [ 17.3987631, 78.4453226, 0.0 ], [ 17.3990498, 78.4477258, 0.0 ], [ 17.3987017, 78.4499145, 0.0 ], [ 17.398067, 78.4507943, 0.0 ], [ 17.3965722, 78.4505797, 0.0 ], [ 17.397596, 78.4540129, 0.0 ], [ 17.4021826, 78.4534121, 0.0 ], [ 17.4029094, 78.4533289, 0.0 ], [ 17.4033958, 78.4530097, 0.0 ], [ 17.4039844, 78.4536481, 0.0 ], [ 17.4040459, 78.4555579, 0.0 ], [ 17.4026331, 78.4576393, 0.0 ], [ 17.4013636, 78.4582401, 0.0 ], [ 17.398845, 78.4596563, 0.0 ], [ 17.3987631, 78.4572316, 0.0 ], [ 17.3980874, 78.4571887, 0.0 ], [ 17.3968384, 78.4568239, 0.0 ], [ 17.3961217, 78.4570599, 0.0 ], [ 17.3950774, 78.4574891, 0.0 ], [ 17.3953232, 78.4552575, 0.0 ], [ 17.3948932, 78.4538842, 0.0 ], [ 17.393186, 78.4552833, 0.0 ], [ 17.3916988, 78.456502, 0.0 ], [ 17.388402, 78.4553647, 0.0 ], [ 17.3879106, 78.4532619, 0.0 ], [ 17.3859945, 78.4538751, 0.0 ], [ 17.3863953, 78.4520603, 0.0 ], [ 17.3872553, 78.4497214, 0.0 ], [ 17.3873577, 78.4461809, 0.0 ] ] ] } },
{ "type": "Feature", "id": 72, "properties": { "Name": "Ward 72 Asif Nagar", "tessellate": -1, "extrude": 0, "visibility": -1, "_id": "relation/7857548", "admin_level": "10", "boundary": "administrative", "type": "boundary", "_timestamp": "2017-12-31T16:08:32", "_version": "1", "_changeset": "55061466", "_user": "adivik2000", "_uid": "250196" }, "geometry": { "type": "Polygon", "coordinates": [ [ [ 17.3878006, 78.4365725, 0.0 ], [ 17.3878082, 78.4384346, 0.0 ], [ 17.3863953, 78.4386921, 0.0 ], [ 17.3871529, 78.4427476, 0.0 ], [ 17.3873782, 78.4446788, 0.0 ], [ 17.3873577, 78.4461809, 0.0 ], [ 17.3872553, 78.4497214, 0.0 ], [ 17.3863953, 78.4520603, 0.0 ], [ 17.3859945, 78.4538751, 0.0 ], [ 17.3858219, 78.4546566, 0.0 ], [ 17.3848799, 78.4555793, 0.0 ], [ 17.3832622, 78.4543777, 0.0 ], [ 17.3821974, 78.4543777, 0.0 ], [ 17.3815011, 78.453691, 0.0 ], [ 17.3808049, 78.4522319, 0.0 ], [ 17.3802929, 78.4506655, 0.0 ], [ 17.3806103, 78.4502149, 0.0 ], [ 17.3814807, 78.450054, 0.0 ], [ 17.3812964, 78.4484768, 0.0 ], [ 17.3799039, 78.4476346, 0.0 ], [ 17.380275, 78.4451455, 0.0 ], [ 17.3804056, 78.4427959, 0.0 ], [ 17.3824022, 78.4430051, 0.0 ], [ 17.3824226, 78.4389604, 0.0 ], [ 17.3840224, 78.4372035, 0.0 ], [ 17.3839841, 78.4357042, 0.0 ], [ 17.387025, 78.435157, 0.0 ], [ 17.387112, 78.4364659, 0.0 ], [ 17.3878006, 78.4365725, 0.0 ] ] ] } },
{ "type": "Feature", "id": 73, "properties": { "Name": "Ward 70 Mehdipatnam", "tessellate": -1, "extrude": 0, "visibility": -1, "_id": "relation/7857549", "admin_level": "10", "boundary": "administrative", "type": "boundary", "_timestamp": "2017-12-31T16:08:32", "_version": "1", "_changeset": "55061466", "_user": "adivik2000", "_uid": "250196" }, "geometry": { "type": "Polygon", "coordinates": [ [ [ 17.3932141, 78.426826, 0.0 ], [ 17.3957532, 78.4275985, 0.0 ], [ 17.3958146, 78.4317613, 0.0 ], [ 17.3949341, 78.4358383, 0.0 ], [ 17.3947703, 78.4395437, 0.0 ], [ 17.3946512, 78.4397516, 0.0 ], [ 17.3943761, 78.4406367, 0.0 ], [ 17.394028, 78.442297, 0.0 ], [ 17.3934546, 78.4446466, 0.0 ], [ 17.3927278, 78.4461433, 0.0 ], [ 17.3921467, 78.4473986, 0.0 ], [ 17.3899583, 78.4473396, 0.0 ], [ 17.3897945, 78.4459877, 0.0 ], [ 17.3873577, 78.4461809, 0.0 ], [ 17.3873782, 78.4446788, 0.0 ], [ 17.3871529, 78.4427476, 0.0 ], [ 17.3863953, 78.4386921, 0.0 ], [ 17.3878082, 78.4384346, 0.0 ], [ 17.3878006, 78.4365725, 0.0 ], [ 17.3883253, 78.4366537, 0.0 ], [ 17.3898969, 78.4351302, 0.0 ], [ 17.3902501, 78.4326438, 0.0 ], [ 17.3904395, 78.4309298, 0.0 ], [ 17.3937567, 78.4313965, 0.0 ], [ 17.3939001, 78.4295512, 0.0 ], [ 17.393232, 78.4294948, 0.0 ], [ 17.3932141, 78.426826, 0.0 ] ] ] } },
{ "type": "Feature", "id": 74, "properties": { "Name": "Ward 71 Gudimalkapur", "tessellate": -1, "extrude": 0, "visibility": -1, "_id": "relation/7857550", "admin_level": "10", "boundary": "administrative", "type": "boundary", "_timestamp": "2017-12-31T16:08:33", "_version": "1", "_changeset": "55061466", "_user": "adivik2000", "_uid": "250196" }, "geometry": { "type": "Polygon", "coordinates": [ [ [ 17.3861713, 78.4257171, 0.0 ], [ 17.384798, 78.4293581, 0.0 ], [ 17.3873372, 78.4297657, 0.0 ], [ 17.3913302, 78.4267831, 0.0 ], [ 17.3932141, 78.426826, 0.0 ], [ 17.393232, 78.4294948, 0.0 ], [ 17.3939001, 78.4295512, 0.0 ], [ 17.3937567, 78.4313965, 0.0 ], [ 17.3904395, 78.4309298, 0.0 ], [ 17.3902501, 78.4326438, 0.0 ], [ 17.3898969, 78.4351302, 0.0 ], [ 17.3883253, 78.4366537, 0.0 ], [ 17.3878006, 78.4365725, 0.0 ], [ 17.387112, 78.4364659, 0.0 ], [ 17.387025, 78.435157, 0.0 ], [ 17.3839841, 78.4357042, 0.0 ], [ 17.3840224, 78.4372035, 0.0 ], [ 17.3824226, 78.4389604, 0.0 ], [ 17.3824022, 78.4430051, 0.0 ], [ 17.3804056, 78.4427959, 0.0 ], [ 17.380275, 78.4451455, 0.0 ], [ 17.3799039, 78.4476346, 0.0 ], [ 17.3776513, 78.4477956, 0.0 ], [ 17.3780096, 78.4449578, 0.0 ], [ 17.3770267, 78.444711, 0.0 ], [ 17.3770369, 78.4417928, 0.0 ], [ 17.375757, 78.4410525, 0.0 ], [ 17.3763714, 78.4394914, 0.0 ], [ 17.3774772, 78.4392179, 0.0 ], [ 17.376269, 78.438263, 0.0 ], [ 17.3767093, 78.4359456, 0.0 ], [ 17.3768731, 78.4357524, 0.0 ], [ 17.3775489, 78.4356559, 0.0 ], [ 17.3793868, 78.4361065, 0.0 ], [ 17.3786189, 78.4378553, 0.0 ], [ 17.3795864, 78.4378607, 0.0 ], [ 17.3810967, 78.4374744, 0.0 ], [ 17.3825147, 78.4363854, 0.0 ], [ 17.3831905, 78.4345079, 0.0 ], [ 17.382525, 78.4297872, 0.0 ], [ 17.380938, 78.4294385, 0.0 ], [ 17.3799448, 78.4256244, 0.0 ], [ 17.3813168, 78.4255386, 0.0 ], [ 17.3821155, 78.4247447, 0.0 ], [ 17.3861713, 78.4257171, 0.0 ] ] ] } },
{ "type": "Feature", "id": 75, "properties": { "Name": "Ward 69 Nanal Nagar", "tessellate": -1, "extrude": 0, "visibility": -1, "_id": "relation/7857551", "admin_level": "10", "boundary": "administrative", "type": "boundary", "_timestamp": "2017-12-31T16:08:33", "_version": "1", "_changeset": "55061466", "_user": "adivik2000", "_uid": "250196" }, "geometry": { "type": "Polygon", "coordinates": [ [ [ 17.40841, 78.4191257, 0.0 ], [ 17.4062706, 78.4272069, 0.0 ], [ 17.4053972, 78.4272981, 0.0 ], [ 17.4054417, 78.4281135, 0.0 ], [ 17.4028788, 78.42762, 0.0 ], [ 17.4002169, 78.4374047, 0.0 ], [ 17.3989474, 78.4380699, 0.0 ], [ 17.3981898, 78.4434772, 0.0 ], [ 17.3959579, 78.4423399, 0.0 ], [ 17.3947703, 78.4395437, 0.0 ], [ 17.3949341, 78.4358383, 0.0 ], [ 17.3958146, 78.4317613, 0.0 ], [ 17.3957532, 78.4275985, 0.0 ], [ 17.3932141, 78.426826, 0.0 ], [ 17.3913302, 78.4267831, 0.0 ], [ 17.3873372, 78.4297657, 0.0 ], [ 17.384798, 78.4293581, 0.0 ], [ 17.3861713, 78.4257171, 0.0 ], [ 17.3869482, 78.4259034, 0.0 ], [ 17.3872963, 78.423071, 0.0 ], [ 17.3918217, 78.4233499, 0.0 ], [ 17.3916886, 78.4212256, 0.0 ], [ 17.3913507, 78.4184576, 0.0 ], [ 17.3927636, 78.4195304, 0.0 ], [ 17.3942789, 78.4203029, 0.0 ], [ 17.3956508, 78.4188009, 0.0 ], [ 17.3978008, 78.4193159, 0.0 ], [ 17.3983127, 78.4185434, 0.0 ], [ 17.3983741, 78.4177494, 0.0 ], [ 17.3985993, 78.4162045, 0.0 ], [ 17.3986031, 78.4155177, 0.0 ], [ 17.4014762, 78.4175134, 0.0 ], [ 17.4036824, 78.4169341, 0.0 ], [ 17.4074814, 78.4178238, 0.0 ], [ 17.40841, 78.4191257, 0.0 ] ] ] } },
{ "type": "Feature", "id": 76, "properties": { "Name": "Ward 68 Tolichowki", "tessellate": -1, "extrude": 0, "visibility": -1, "_id": "relation/7857552", "admin_level": "10", "boundary": "administrative", "type": "boundary", "_timestamp": "2017-12-31T16:08:33", "_version": "1", "_changeset": "55061466", "_user": "adivik2000", "_uid": "250196" }, "geometry": { "type": "Polygon", "coordinates": [ [ [ 17.3881154, 78.3990598, 0.0 ], [ 17.3882382, 78.3965064, 0.0 ], [ 17.3899583, 78.3959914, 0.0 ], [ 17.3923336, 78.3998216, 0.0 ], [ 17.3942789, 78.4002185, 0.0 ], [ 17.3973913, 78.4006262, 0.0 ], [ 17.3980055, 78.4050036, 0.0 ], [ 17.3986403, 78.4062267, 0.0 ], [ 17.3996641, 78.4080506, 0.0 ], [ 17.3986198, 78.4124494, 0.0 ], [ 17.3986031, 78.4155177, 0.0 ], [ 17.3985993, 78.4162045, 0.0 ], [ 17.3983741, 78.4177494, 0.0 ], [ 17.3983127, 78.4185434, 0.0 ], [ 17.3978008, 78.4193159, 0.0 ], [ 17.3956508, 78.4188009, 0.0 ], [ 17.3965722, 78.4174705, 0.0 ], [ 17.3947293, 78.4171916, 0.0 ], [ 17.3944427, 78.4147883, 0.0 ], [ 17.3937055, 78.4143591, 0.0 ], [ 17.3924974, 78.4147239, 0.0 ], [ 17.3911255, 78.4163332, 0.0 ], [ 17.3908388, 78.4143806, 0.0 ], [ 17.3901016, 78.4163547, 0.0 ], [ 17.3868253, 78.4151316, 0.0 ], [ 17.3851052, 78.4116984, 0.0 ], [ 17.3884225, 78.408587, 0.0 ], [ 17.3898969, 78.4039951, 0.0 ], [ 17.3882792, 78.4041882, 0.0 ], [ 17.3871632, 78.405304, 0.0 ], [ 17.3873372, 78.4028364, 0.0 ], [ 17.3862724, 78.4028578, 0.0 ], [ 17.3889344, 78.3996392, 0.0 ], [ 17.3881154, 78.3990598, 0.0 ] ] ] } },
{ "type": "Feature", "id": 77, "properties": { "Name": "Ward 67 Golconda", "tessellate": -1, "extrude": 0, "visibility": -1, "_id": "relation/7857553", "admin_level": "10", "boundary": "administrative", "type": "boundary", "_timestamp": "2017-12-31T16:08:33", "_version": "1", "_changeset": "55061466", "_user": "adivik2000", "_uid": "250196" }, "geometry": { "type": "Polygon", "coordinates": [ [ [ 17.3881154, 78.3990598, 0.0 ], [ 17.3889344, 78.3996392, 0.0 ], [ 17.3862724, 78.4028578, 0.0 ], [ 17.3873372, 78.4028364, 0.0 ], [ 17.3871632, 78.405304, 0.0 ], [ 17.3882792, 78.4041882, 0.0 ], [ 17.3898969, 78.4039951, 0.0 ], [ 17.3884225, 78.408587, 0.0 ], [ 17.3851052, 78.4116984, 0.0 ], [ 17.3868253, 78.4151316, 0.0 ], [ 17.3901016, 78.4163547, 0.0 ], [ 17.3908388, 78.4143806, 0.0 ], [ 17.3911255, 78.4163332, 0.0 ], [ 17.3924974, 78.4147239, 0.0 ], [ 17.3937055, 78.4143591, 0.0 ], [ 17.3944427, 78.4147883, 0.0 ], [ 17.3947293, 78.4171916, 0.0 ], [ 17.3965722, 78.4174705, 0.0 ], [ 17.3956508, 78.4188009, 0.0 ], [ 17.3942789, 78.4203029, 0.0 ], [ 17.3927636, 78.4195304, 0.0 ], [ 17.3913507, 78.4184576, 0.0 ], [ 17.3916886, 78.4212256, 0.0 ], [ 17.3918217, 78.4233499, 0.0 ], [ 17.3872963, 78.423071, 0.0 ], [ 17.3869482, 78.4259034, 0.0 ], [ 17.3861713, 78.4257171, 0.0 ], [ 17.3821155, 78.4247447, 0.0 ], [ 17.3813168, 78.4255386, 0.0 ], [ 17.3799448, 78.4256244, 0.0 ], [ 17.3772622, 78.4257102, 0.0 ], [ 17.3779175, 78.422792, 0.0 ], [ 17.378327, 78.4203458, 0.0 ], [ 17.3784909, 78.4185219, 0.0 ], [ 17.3795148, 78.4162045, 0.0 ], [ 17.3793919, 78.412385, 0.0 ], [ 17.3839994, 78.4034372, 0.0 ], [ 17.3866103, 78.4010232, 0.0 ], [ 17.3881154, 78.3990598, 0.0 ] ] ] } },
{ "type": "Feature", "id": 78, "properties": { "Name": "Ward 66 Langar Houz", "tessellate": -1, "extrude": 0, "visibility": -1, "_id": "relation/7857554", "admin_level": "10", "boundary": "administrative", "type": "boundary", "_timestamp": "2018-01-02T08:41:46", "_version": "3", "_changeset": "55094174", "_user": "adivik2000", "_uid": "250196" }, "geometry": { "type": "Polygon", "coordinates": [ [ [ 17.3714871, 78.4122133, 0.0 ], [ 17.3720811, 78.4101534, 0.0 ], [ 17.3723473, 78.4076965, 0.0 ], [ 17.3732074, 78.4031368, 0.0 ], [ 17.3731869, 78.4014631, 0.0 ], [ 17.3711186, 78.3984375, 0.0 ], [ 17.3710776, 78.3889533, 0.0 ], [ 17.3740061, 78.3815289, 0.0 ], [ 17.3763714, 78.3753491, 0.0 ], [ 17.3772519, 78.3756173, 0.0 ], [ 17.3783987, 78.3778918, 0.0 ], [ 17.3806103, 78.3780742, 0.0 ], [ 17.3820233, 78.3796406, 0.0 ], [ 17.3835233, 78.3788628, 0.0 ], [ 17.3839687, 78.3790398, 0.0 ], [ 17.3842298, 78.3797425, 0.0 ], [ 17.3852895, 78.3800912, 0.0 ], [ 17.3876853, 78.3797479, 0.0 ], [ 17.3874396, 78.381486, 0.0 ], [ 17.3939308, 78.382752, 0.0 ], [ 17.3924462, 78.3835566, 0.0 ], [ 17.3905931, 78.3833743, 0.0 ], [ 17.3884635, 78.3828271, 0.0 ], [ 17.3854533, 78.3846832, 0.0 ], [ 17.385996, 78.3875156, 0.0 ], [ 17.3882894, 78.3895541, 0.0 ], [ 17.3900709, 78.3929873, 0.0 ], [ 17.3925588, 78.393792, 0.0 ], [ 17.3923336, 78.3998216, 0.0 ], [ 17.3899583, 78.3959914, 0.0 ], [ 17.3882382, 78.3965064, 0.0 ], [ 17.3881154, 78.3990598, 0.0 ], [ 17.3866103, 78.4010232, 0.0 ], [ 17.3839994, 78.4034372, 0.0 ], [ 17.3793919, 78.412385, 0.0 ], [ 17.3795148, 78.4162045, 0.0 ], [ 17.3784909, 78.4185219, 0.0 ], [ 17.378327, 78.4203458, 0.0 ], [ 17.3779175, 78.422792, 0.0 ], [ 17.3772622, 78.4257102, 0.0 ], [ 17.3750505, 78.4261823, 0.0 ], [ 17.3729617, 78.4268797, 0.0 ], [ 17.3722661, 78.4270362, 0.0 ], [ 17.3718761, 78.4257103, 0.0 ], [ 17.3711697, 78.4171808, 0.0 ], [ 17.3714871, 78.4122133, 0.0 ] ] ] } },
{ "type": "Feature", "id": 79, "properties": { "Name": "Ward 100 Sanath Nagar", "tessellate": -1, "extrude": 0, "visibility": -1, "_id": "relation/7857793", "admin_level": "10", "boundary": "administrative", "type": "boundary", "_timestamp": "2018-01-01T06:40:09", "_version": "2", "_changeset": "55070100", "_user": "adivik2000", "_uid": "250196" }, "geometry": { "type": "Polygon", "coordinates": [ [ [ 17.4498741, 78.4510839, 0.0 ], [ 17.4502374, 78.4500754, 0.0 ], [ 17.448436, 78.4496838, 0.0 ], [ 17.4488045, 78.4475112, 0.0 ], [ 17.4453143, 78.4467655, 0.0 ], [ 17.445812, 78.4438339, 0.0 ], [ 17.4467191, 78.4422326, 0.0 ], [ 17.4473671, 78.4414212, 0.0 ], [ 17.4476786, 78.4400868, 0.0 ], [ 17.4476633, 78.4386002, 0.0 ], [ 17.447583, 78.4382743, 0.0 ], [ 17.4478731, 78.4381154, 0.0 ], [ 17.4543212, 78.4348753, 0.0 ], [ 17.4584611, 78.4328127, 0.0 ], [ 17.461488, 78.4315574, 0.0 ], [ 17.4621506, 78.4312516, 0.0 ], [ 17.4619306, 78.4340358, 0.0 ], [ 17.4615059, 78.4416103, 0.0 ], [ 17.4611298, 78.4468138, 0.0 ], [ 17.4597097, 78.4491205, 0.0 ], [ 17.4577856, 78.4497911, 0.0 ], [ 17.455882, 78.4503114, 0.0 ], [ 17.4534921, 78.450644, 0.0 ], [ 17.4507133, 78.451041, 0.0 ], [ 17.4498741, 78.4510839, 0.0 ] ] ] } },
{ "type": "Feature", "id": 80, "properties": { "Name": "Ward 98 Ameerpet", "tessellate": -1, "extrude": 0, "visibility": -1, "_id": "relation/7857794", "admin_level": "10", "boundary": "administrative", "type": "boundary", "_timestamp": "2017-12-31T19:13:10", "_version": "2", "_changeset": "55064631", "_user": "adivik2000", "_uid": "250196" }, "geometry": { "type": "Polygon", "coordinates": [ [ [ 17.4319339, 78.4639817, 0.0 ], [ 17.4302444, 78.4630004, 0.0 ], [ 17.4318594, 78.4593987, 0.0 ], [ 17.4320744, 78.456223, 0.0 ], [ 17.4335023, 78.4556115, 0.0 ], [ 17.4352373, 78.4554076, 0.0 ], [ 17.4357952, 78.4538251, 0.0 ], [ 17.4360664, 78.452307, 0.0 ], [ 17.4353269, 78.4514514, 0.0 ], [ 17.4346283, 78.4496731, 0.0 ], [ 17.4345029, 78.4477016, 0.0 ], [ 17.4340499, 78.4457302, 0.0 ], [ 17.436179, 78.4442872, 0.0 ], [ 17.4373459, 78.443681, 0.0 ], [ 17.4393777, 78.4428093, 0.0 ], [ 17.4419263, 78.441385, 0.0 ], [ 17.4448997, 78.4397435, 0.0 ], [ 17.447583, 78.4382743, 0.0 ], [ 17.4476633, 78.4386002, 0.0 ], [ 17.4476786, 78.4400868, 0.0 ], [ 17.4473671, 78.4414212, 0.0 ], [ 17.4467191, 78.4422326, 0.0 ], [ 17.445812, 78.4438339, 0.0 ], [ 17.4453143, 78.4467655, 0.0 ], [ 17.4488045, 78.4475112, 0.0 ], [ 17.448436, 78.4496838, 0.0 ], [ 17.4502374, 78.4500754, 0.0 ], [ 17.4498741, 78.4510839, 0.0 ], [ 17.4474728, 78.4516447, 0.0 ], [ 17.4459693, 78.4519958, 0.0 ], [ 17.4458875, 78.4522641, 0.0 ], [ 17.4429806, 78.4535032, 0.0 ], [ 17.4426326, 78.4534121, 0.0 ], [ 17.4419929, 78.4539431, 0.0 ], [ 17.4416653, 78.4538466, 0.0 ], [ 17.4414811, 78.4542006, 0.0 ], [ 17.4397411, 78.4556007, 0.0 ], [ 17.4385115, 78.457599, 0.0 ], [ 17.4381417, 78.4609705, 0.0 ], [ 17.4372384, 78.4625638, 0.0 ], [ 17.4352271, 78.4646344, 0.0 ], [ 17.4319339, 78.4639817, 0.0 ] ] ] } },
{ "type": "Feature", "id": 81, "properties": { "Name": "Ward 97 Somajiguda", "tessellate": -1, "extrude": 0, "visibility": -1, "_id": "relation/7857795", "admin_level": "10", "boundary": "administrative", "type": "boundary", "_timestamp": "2017-12-31T18:34:34", "_version": "1", "_changeset": "55064040", "_user": "adivik2000", "_uid": "250196" }, "geometry": { "type": "Polygon", "coordinates": [ [ [ 17.4267554, 78.4524303, 0.0 ], [ 17.4299043, 78.4500968, 0.0 ], [ 17.4297277, 78.448914, 0.0 ], [ 17.4296586, 78.4481522, 0.0 ], [ 17.429825, 78.4470767, 0.0 ], [ 17.4301346, 78.4434611, 0.0 ], [ 17.4301397, 78.4369141, 0.0 ], [ 17.4301858, 78.4342296, 0.0 ], [ 17.4297866, 78.4333237, 0.0 ], [ 17.4296854, 78.4318216, 0.0 ], [ 17.4306976, 78.4318364, 0.0 ], [ 17.4327487, 78.432633, 0.0 ], [ 17.433693, 78.4331077, 0.0 ], [ 17.4347076, 78.4338453, 0.0 ], [ 17.4348586, 78.4346205, 0.0 ], [ 17.4340576, 78.4366724, 0.0 ], [ 17.4332566, 78.4397113, 0.0 ], [ 17.4352079, 78.4406085, 0.0 ], [ 17.4374175, 78.4415245, 0.0 ], [ 17.4391371, 78.4412456, 0.0 ], [ 17.4393777, 78.4428093, 0.0 ], [ 17.4373459, 78.443681, 0.0 ], [ 17.436179, 78.4442872, 0.0 ], [ 17.4340499, 78.4457302, 0.0 ], [ 17.4345029, 78.4477016, 0.0 ], [ 17.4346283, 78.4496731, 0.0 ], [ 17.4353269, 78.4514514, 0.0 ], [ 17.4360664, 78.452307, 0.0 ], [ 17.4357952, 78.4538251, 0.0 ], [ 17.4352373, 78.4554076, 0.0 ], [ 17.4335023, 78.4556115, 0.0 ], [ 17.4320744, 78.456223, 0.0 ], [ 17.4318594, 78.4593987, 0.0 ], [ 17.4302444, 78.4630004, 0.0 ], [ 17.4286568, 78.4620782, 0.0 ], [ 17.4275283, 78.4620675, 0.0 ], [ 17.4261591, 78.4622848, 0.0 ], [ 17.4252404, 78.4627595, 0.0 ], [ 17.4237561, 78.4634676, 0.0 ], [ 17.4233518, 78.4646076, 0.0 ], [ 17.4222514, 78.4651038, 0.0 ], [ 17.4186992, 78.4653291, 0.0 ], [ 17.4199942, 78.4622231, 0.0 ], [ 17.4220748, 78.4627354, 0.0 ], [ 17.4227632, 78.4623679, 0.0 ], [ 17.4239813, 78.4578028, 0.0 ], [ 17.4251585, 78.4572234, 0.0 ], [ 17.426392, 78.4575453, 0.0 ], [ 17.4270894, 78.4575372, 0.0 ], [ 17.4277458, 78.457143, 0.0 ], [ 17.4285263, 78.456054, 0.0 ], [ 17.4287847, 78.4546592, 0.0 ], [ 17.4284712, 78.4535703, 0.0 ], [ 17.4282601, 78.4532376, 0.0 ], [ 17.4275129, 78.4529212, 0.0 ], [ 17.4267554, 78.4524303, 0.0 ] ] ] } },
{ "type": "Feature", "id": 82, "properties": { "Name": "Ward 96 Yousufguda", "tessellate": -1, "extrude": 0, "visibility": -1, "_id": "relation/7857796", "admin_level": "10", "boundary": "administrative", "type": "boundary", "_timestamp": "2017-12-31T18:34:34", "_version": "1", "_changeset": "55064040", "_user": "adivik2000", "_uid": "250196" }, "geometry": { "type": "Polygon", "coordinates": [ [ [ 17.4458619, 78.4120631, 0.0 ], [ 17.445606, 78.4147829, 0.0 ], [ 17.4451403, 78.4163573, 0.0 ], [ 17.4449202, 78.4174168, 0.0 ], [ 17.4427043, 78.4183073, 0.0 ], [ 17.441064, 78.419053, 0.0 ], [ 17.4389324, 78.4215152, 0.0 ], [ 17.439086, 78.4234571, 0.0 ], [ 17.4393009, 78.4239721, 0.0 ], [ 17.4371309, 78.4285212, 0.0 ], [ 17.4362097, 78.4280705, 0.0 ], [ 17.4351656, 78.4316325, 0.0 ], [ 17.4355341, 78.4328985, 0.0 ], [ 17.4365373, 78.4336361, 0.0 ], [ 17.435616, 78.43476, 0.0 ], [ 17.4360459, 78.4361413, 0.0 ], [ 17.4359845, 78.4375656, 0.0 ], [ 17.4352079, 78.4406085, 0.0 ], [ 17.4332566, 78.4397113, 0.0 ], [ 17.4340576, 78.4366724, 0.0 ], [ 17.4348586, 78.4346205, 0.0 ], [ 17.4347076, 78.4338453, 0.0 ], [ 17.433693, 78.4331077, 0.0 ], [ 17.4327487, 78.432633, 0.0 ], [ 17.4306976, 78.4318364, 0.0 ], [ 17.4296854, 78.4318216, 0.0 ], [ 17.4297636, 78.4308708, 0.0 ], [ 17.429848, 78.4257853, 0.0 ], [ 17.4313681, 78.4222823, 0.0 ], [ 17.4310073, 78.4209412, 0.0 ], [ 17.4307488, 78.4195787, 0.0 ], [ 17.4311378, 78.4203994, 0.0 ], [ 17.4318607, 78.420323, 0.0 ], [ 17.431949, 78.4186158, 0.0 ], [ 17.4328216, 78.4172183, 0.0 ], [ 17.4342802, 78.4158611, 0.0 ], [ 17.4355085, 78.4158289, 0.0 ], [ 17.4379242, 78.4164727, 0.0 ], [ 17.4385332, 78.4154642, 0.0 ], [ 17.4401505, 78.4161776, 0.0 ], [ 17.4424125, 78.4156412, 0.0 ], [ 17.4458619, 78.4120631, 0.0 ] ] ] } },
{ "type": "Feature", "id": 83, "properties": { "Name": "Ward 102 Rahmath Nagar", "tessellate": -1, "extrude": 0, "visibility": -1, "_id": "relation/7857797", "admin_level": "10", "boundary": "administrative", "type": "boundary", "_timestamp": "2017-12-31T18:34:34", "_version": "1", "_changeset": "55064040", "_user": "adivik2000", "_uid": "250196" }, "geometry": { "type": "Polygon", "coordinates": [ [ [ 17.4458619, 78.4120631, 0.0 ], [ 17.4481648, 78.4126425, 0.0 ], [ 17.4491116, 78.4138709, 0.0 ], [ 17.4497308, 78.4158719, 0.0 ], [ 17.4503039, 78.4160006, 0.0 ], [ 17.4509999, 78.4163225, 0.0 ], [ 17.4506315, 78.4184361, 0.0 ], [ 17.4501709, 78.4204316, 0.0 ], [ 17.4489222, 78.4214616, 0.0 ], [ 17.4488813, 78.4231567, 0.0 ], [ 17.4473409, 78.4232587, 0.0 ], [ 17.4472078, 78.4247687, 0.0 ], [ 17.4459745, 78.4235215, 0.0 ], [ 17.4433337, 78.4244657, 0.0 ], [ 17.4393009, 78.4239721, 0.0 ], [ 17.439086, 78.4234571, 0.0 ], [ 17.4389324, 78.4215152, 0.0 ], [ 17.441064, 78.419053, 0.0 ], [ 17.4427043, 78.4183073, 0.0 ], [ 17.4449202, 78.4174168, 0.0 ], [ 17.4451403, 78.4163573, 0.0 ], [ 17.445606, 78.4147829, 0.0 ], [ 17.4458619, 78.4120631, 0.0 ] ] ] } },
{ "type": "Feature", "id": 84, "properties": { "Name": "Ward 101 Erragadda", "tessellate": -1, "extrude": 0, "visibility": -1, "_id": "relation/7857798", "admin_level": "10", "boundary": "administrative", "type": "boundary", "_timestamp": "2017-12-31T18:34:34", "_version": "1", "_changeset": "55064040", "_user": "adivik2000", "_uid": "250196" }, "geometry": { "type": "Polygon", "coordinates": [ [ [ 17.4459745, 78.4235215, 0.0 ], [ 17.4472078, 78.4247687, 0.0 ], [ 17.4473409, 78.4232587, 0.0 ], [ 17.4488813, 78.4231567, 0.0 ], [ 17.4489222, 78.4214616, 0.0 ], [ 17.4501709, 78.4204316, 0.0 ], [ 17.4506315, 78.4184361, 0.0 ], [ 17.4538763, 78.4182649, 0.0 ], [ 17.4539578, 78.4198308, 0.0 ], [ 17.4545105, 78.4240794, 0.0 ], [ 17.4519108, 78.4244335, 0.0 ], [ 17.4505854, 78.424691, 0.0 ], [ 17.450524, 78.425957, 0.0 ], [ 17.4503347, 78.4260911, 0.0 ], [ 17.4503142, 78.4266007, 0.0 ], [ 17.4512865, 78.4266248, 0.0 ], [ 17.4528525, 78.4268099, 0.0 ], [ 17.4530418, 78.425442, 0.0 ], [ 17.4547971, 78.4253508, 0.0 ], [ 17.4547254, 78.42659, 0.0 ], [ 17.4565626, 78.4270298, 0.0 ], [ 17.4570027, 78.4279203, 0.0 ], [ 17.4583588, 78.4280491, 0.0 ], [ 17.4591366, 78.4289664, 0.0 ], [ 17.4598274, 78.4287947, 0.0 ], [ 17.4613217, 78.4287089, 0.0 ], [ 17.461488, 78.4315574, 0.0 ], [ 17.4584611, 78.4328127, 0.0 ], [ 17.4543212, 78.4348753, 0.0 ], [ 17.4478731, 78.4381154, 0.0 ], [ 17.4487022, 78.4342182, 0.0 ], [ 17.4494596, 78.4305006, 0.0 ], [ 17.4499457, 78.4302378, 0.0 ], [ 17.4501095, 78.4261823, 0.0 ], [ 17.4459335, 78.4281778, 0.0 ], [ 17.4459745, 78.4235215, 0.0 ] ] ] } },
{ "type": "Feature", "id": 85, "properties": { "Name": "Ward 103 Borabanda", "tessellate": -1, "extrude": 0, "visibility": -1, "_id": "relation/7857799", "admin_level": "10", "boundary": "administrative", "type": "boundary", "_timestamp": "2017-12-31T18:34:34", "_version": "1", "_changeset": "55064040", "_user": "adivik2000", "_uid": "250196" }, "geometry": { "type": "Polygon", "coordinates": [ [ [ 17.44578, 78.406173, 0.0 ], [ 17.4479038, 78.4054971, 0.0 ], [ 17.4484002, 78.4043974, 0.0 ], [ 17.4494135, 78.4047407, 0.0 ], [ 17.4504831, 78.4052718, 0.0 ], [ 17.4554316, 78.4105504, 0.0 ], [ 17.4543877, 78.4144878, 0.0 ], [ 17.453835, 78.4174705, 0.0 ], [ 17.4538763, 78.4182649, 0.0 ], [ 17.4506315, 78.4184361, 0.0 ], [ 17.4509999, 78.4163225, 0.0 ], [ 17.4503039, 78.4160006, 0.0 ], [ 17.4497308, 78.4158719, 0.0 ], [ 17.4491116, 78.4138709, 0.0 ], [ 17.4481648, 78.4126425, 0.0 ], [ 17.4458619, 78.4120631, 0.0 ], [ 17.44578, 78.406173, 0.0 ] ] ] } },
{ "type": "Feature", "id": 86, "properties": { "Name": "Ward 99 Vengal Rao Nagar", "tessellate": -1, "extrude": 0, "visibility": -1, "_id": "relation/7857800", "admin_level": "10", "boundary": "administrative", "type": "boundary", "_timestamp": "2017-12-31T18:34:34", "_version": "1", "_changeset": "55064040", "_user": "adivik2000", "_uid": "250196" }, "geometry": { "type": "Polygon", "coordinates": [ [ [ 17.4393009, 78.4239721, 0.0 ], [ 17.4433337, 78.4244657, 0.0 ], [ 17.4459745, 78.4235215, 0.0 ], [ 17.4459335, 78.4281778, 0.0 ], [ 17.4501095, 78.4261823, 0.0 ], [ 17.4499457, 78.4302378, 0.0 ], [ 17.4494596, 78.4305006, 0.0 ], [ 17.4487022, 78.4342182, 0.0 ], [ 17.4478731, 78.4381154, 0.0 ], [ 17.447583, 78.4382743, 0.0 ], [ 17.4448997, 78.4397435, 0.0 ], [ 17.4419263, 78.441385, 0.0 ], [ 17.4393777, 78.4428093, 0.0 ], [ 17.4391371, 78.4412456, 0.0 ], [ 17.4374175, 78.4415245, 0.0 ], [ 17.4352079, 78.4406085, 0.0 ], [ 17.4359845, 78.4375656, 0.0 ], [ 17.4360459, 78.4361413, 0.0 ], [ 17.435616, 78.43476, 0.0 ], [ 17.4365373, 78.4336361, 0.0 ], [ 17.4355341, 78.4328985, 0.0 ], [ 17.4351656, 78.4316325, 0.0 ], [ 17.4362097, 78.4280705, 0.0 ], [ 17.4371309, 78.4285212, 0.0 ], [ 17.4393009, 78.4239721, 0.0 ] ] ] } },
{ "type": "Feature", "id": 87, "properties": { "Name": "Ward 150 Monda Market", "tessellate": -1, "extrude": 0, "visibility": -1, "_id": "relation/7857838", "admin_level": "10", "boundary": "administrative", "type": "boundary", "_timestamp": "2018-01-01T11:38:39", "_version": "3", "_changeset": "55073879", "_user": "adivik2000", "_uid": "250196" }, "geometry": { "type": "Polygon", "coordinates": [ [ [ 17.4342137, 78.5057902, 0.0 ], [ 17.4333616, 78.5061013, 0.0 ], [ 17.4330954, 78.5061496, 0.0 ], [ 17.4327704, 78.5058868, 0.0 ], [ 17.4326374, 78.5057366, 0.0 ], [ 17.4319413, 78.5048246, 0.0 ], [ 17.4316752, 78.5039985, 0.0 ], [ 17.4314295, 78.5021317, 0.0 ], [ 17.4315319, 78.5004151, 0.0 ], [ 17.4320027, 78.4981942, 0.0 ], [ 17.4312555, 78.4934199, 0.0 ], [ 17.4312862, 78.492685, 0.0 ], [ 17.4339194, 78.4933877, 0.0 ], [ 17.4346922, 78.4933501, 0.0 ], [ 17.4354497, 78.4935889, 0.0 ], [ 17.4372435, 78.494077, 0.0 ], [ 17.4376069, 78.4942353, 0.0 ], [ 17.438152, 78.4947717, 0.0 ], [ 17.4384513, 78.4949756, 0.0 ], [ 17.4403731, 78.4953725, 0.0 ], [ 17.4403654, 78.4961343, 0.0 ], [ 17.4416346, 78.4985805, 0.0 ], [ 17.4429755, 78.4984088, 0.0 ], [ 17.4428015, 78.5014451, 0.0 ], [ 17.4432928, 78.5013592, 0.0 ], [ 17.4461792, 78.5017347, 0.0 ], [ 17.4464248, 78.5020137, 0.0 ], [ 17.4478577, 78.5028934, 0.0 ], [ 17.4492702, 78.5042667, 0.0 ], [ 17.4510306, 78.505404, 0.0 ], [ 17.4506507, 78.5068671, 0.0 ], [ 17.4480829, 78.5087085, 0.0 ], [ 17.4476121, 78.5107684, 0.0 ], [ 17.447346, 78.5120559, 0.0 ], [ 17.4456674, 78.5181713, 0.0 ], [ 17.4439274, 78.5171413, 0.0 ], [ 17.4446234, 78.5158324, 0.0 ], [ 17.4452785, 78.5149527, 0.0 ], [ 17.4422078, 78.5135794, 0.0 ], [ 17.4428015, 78.5120988, 0.0 ], [ 17.4423511, 78.5113263, 0.0 ], [ 17.4425968, 78.5108328, 0.0 ], [ 17.4415527, 78.510468, 0.0 ], [ 17.4418598, 78.5094166, 0.0 ], [ 17.4403859, 78.5087943, 0.0 ], [ 17.439608, 78.5086012, 0.0 ], [ 17.4391986, 78.5092878, 0.0 ], [ 17.4381136, 78.5081935, 0.0 ], [ 17.4380522, 78.5076356, 0.0 ], [ 17.4390757, 78.5060263, 0.0 ], [ 17.4393419, 78.5049534, 0.0 ], [ 17.4377246, 78.504653, 0.0 ], [ 17.4365168, 78.505168, 0.0 ], [ 17.4358335, 78.5053651, 0.0 ], [ 17.4348777, 78.5056454, 0.0 ], [ 17.4342137, 78.5057902, 0.0 ] ] ] } },
{ "type": "Feature", "id": 88, "properties": { "Name": "Ward 148 Ramgopalpet", "tessellate": -1, "extrude": 0, "visibility": -1, "_id": "relation/7857839", "admin_level": "10", "boundary": "administrative", "type": "boundary", "_timestamp": "2018-01-01T04:50:22", "_version": "2", "_changeset": "55069436", "_user": "adivik2000", "_uid": "250196" }, "geometry": { "type": "Polygon", "coordinates": [ [ [ 17.4248604, 78.4860438, 0.0 ], [ 17.4250702, 78.4859875, 0.0 ], [ 17.4250625, 78.4854993, 0.0 ], [ 17.4252186, 78.4851426, 0.0 ], [ 17.4253722, 78.4850916, 0.0 ], [ 17.4255564, 78.4847456, 0.0 ], [ 17.4248322, 78.4843326, 0.0 ], [ 17.4249576, 78.4842414, 0.0 ], [ 17.4253491, 78.4843969, 0.0 ], [ 17.4256332, 78.4846464, 0.0 ], [ 17.4260017, 78.4841689, 0.0 ], [ 17.4260158, 78.4836379, 0.0 ], [ 17.4266121, 78.4835949, 0.0 ], [ 17.4267656, 78.4841957, 0.0 ], [ 17.427683, 78.4846115, 0.0 ], [ 17.4276102, 78.4852954, 0.0 ], [ 17.4275487, 78.4856012, 0.0 ], [ 17.4288334, 78.4865024, 0.0 ], [ 17.4294629, 78.4866526, 0.0 ], [ 17.4306708, 78.4864273, 0.0 ], [ 17.4319196, 78.4854295, 0.0 ], [ 17.4332247, 78.4829244, 0.0 ], [ 17.4333129, 78.4825856, 0.0 ], [ 17.4341216, 78.4827286, 0.0 ], [ 17.4334051, 78.485105, 0.0 ], [ 17.4337019, 78.4851909, 0.0 ], [ 17.4341216, 78.4845793, 0.0 ], [ 17.4368648, 78.4820688, 0.0 ], [ 17.4386663, 78.4804916, 0.0 ], [ 17.439567, 78.4798372, 0.0 ], [ 17.4403757, 78.4793115, 0.0 ], [ 17.4404064, 78.4806848, 0.0 ], [ 17.4404268, 78.4811997, 0.0 ], [ 17.4402733, 78.4819829, 0.0 ], [ 17.4402938, 78.4821868, 0.0 ], [ 17.4398639, 78.4834099, 0.0 ], [ 17.4398741, 78.4843647, 0.0 ], [ 17.4399151, 78.4851587, 0.0 ], [ 17.4401709, 78.4859526, 0.0 ], [ 17.4404575, 78.4864569, 0.0 ], [ 17.4408567, 78.4871435, 0.0 ], [ 17.4413787, 78.4874225, 0.0 ], [ 17.4418701, 78.4874439, 0.0 ], [ 17.4418803, 78.4875834, 0.0 ], [ 17.4394852, 78.4883398, 0.0 ], [ 17.4393726, 78.4895682, 0.0 ], [ 17.4393777, 78.4903353, 0.0 ], [ 17.4387789, 78.4911561, 0.0 ], [ 17.4387072, 78.4915423, 0.0 ], [ 17.4384821, 78.4919608, 0.0 ], [ 17.4388608, 78.4923685, 0.0 ], [ 17.4394033, 78.4929049, 0.0 ], [ 17.4396131, 78.4930122, 0.0 ], [ 17.4408567, 78.4932911, 0.0 ], [ 17.4403731, 78.4953725, 0.0 ], [ 17.4384513, 78.4949756, 0.0 ], [ 17.438152, 78.4947717, 0.0 ], [ 17.4376069, 78.4942353, 0.0 ], [ 17.4372435, 78.494077, 0.0 ], [ 17.4354497, 78.4935889, 0.0 ], [ 17.4346922, 78.4933501, 0.0 ], [ 17.4339194, 78.4933877, 0.0 ], [ 17.4312862, 78.492685, 0.0 ], [ 17.4309766, 78.4925763, 0.0 ], [ 17.4298224, 78.4925938, 0.0 ], [ 17.4287886, 78.4927976, 0.0 ], [ 17.4282972, 78.4929156, 0.0 ], [ 17.4278571, 78.4931946, 0.0 ], [ 17.4273043, 78.4931838, 0.0 ], [ 17.4266287, 78.4928942, 0.0 ], [ 17.4262192, 78.4928727, 0.0 ], [ 17.4251854, 78.4926152, 0.0 ], [ 17.424131, 78.4921968, 0.0 ], [ 17.4249909, 78.4887743, 0.0 ], [ 17.425431, 78.4863389, 0.0 ], [ 17.4248783, 78.4861672, 0.0 ], [ 17.4248604, 78.4860438, 0.0 ] ] ] } },
{ "type": "Feature", "id": 89, "properties": { "Name": "Ward 149 Begumpet", "tessellate": -1, "extrude": 0, "visibility": -1, "_id": "relation/7857840", "admin_level": "10", "boundary": "administrative", "type": "boundary", "_timestamp": "2018-01-01T06:40:09", "_version": "2", "_changeset": "55070100", "_user": "adivik2000", "_uid": "250196" }, "geometry": { "type": "Polygon", "coordinates": [ [ [ 17.4319339, 78.4639817, 0.0 ], [ 17.4352271, 78.4646344, 0.0 ], [ 17.4372384, 78.4625638, 0.0 ], [ 17.4381417, 78.4609705, 0.0 ], [ 17.4385115, 78.457599, 0.0 ], [ 17.4397411, 78.4556007, 0.0 ], [ 17.4414811, 78.4542006, 0.0 ], [ 17.4416653, 78.4538466, 0.0 ], [ 17.4419929, 78.4539431, 0.0 ], [ 17.4426326, 78.4534121, 0.0 ], [ 17.4429806, 78.4535032, 0.0 ], [ 17.4458875, 78.4522641, 0.0 ], [ 17.4459693, 78.4519958, 0.0 ], [ 17.4474728, 78.4516447, 0.0 ], [ 17.4497615, 78.4529614, 0.0 ], [ 17.4500276, 78.453691, 0.0 ], [ 17.4504575, 78.45397, 0.0 ], [ 17.4521974, 78.4540772, 0.0 ], [ 17.453139, 78.4540772, 0.0 ], [ 17.4541216, 78.4538197, 0.0 ], [ 17.4547971, 78.4537339, 0.0 ], [ 17.4555545, 78.4543133, 0.0 ], [ 17.4563323, 78.4550214, 0.0 ], [ 17.4574376, 78.4550428, 0.0 ], [ 17.4587477, 78.4546351, 0.0 ], [ 17.459505, 78.4546781, 0.0 ], [ 17.4599349, 78.4550858, 0.0 ], [ 17.4595664, 78.4559441, 0.0 ], [ 17.4591571, 78.456974, 0.0 ], [ 17.4577652, 78.4596348, 0.0 ], [ 17.4574786, 78.4607506, 0.0 ], [ 17.4543263, 78.4659004, 0.0 ], [ 17.4509897, 78.468132, 0.0 ], [ 17.450437, 78.4680355, 0.0 ], [ 17.4466807, 78.4685773, 0.0 ], [ 17.4464197, 78.4699935, 0.0 ], [ 17.4440093, 78.4707499, 0.0 ], [ 17.4440093, 78.472724, 0.0 ], [ 17.4434975, 78.4750843, 0.0 ], [ 17.4433337, 78.477509, 0.0 ], [ 17.4429755, 78.4984088, 0.0 ], [ 17.4416346, 78.4985805, 0.0 ], [ 17.4403654, 78.4961343, 0.0 ], [ 17.4403731, 78.4953725, 0.0 ], [ 17.4408567, 78.4932911, 0.0 ], [ 17.4396131, 78.4930122, 0.0 ], [ 17.4394033, 78.4929049, 0.0 ], [ 17.4388608, 78.4923685, 0.0 ], [ 17.4384821, 78.4919608, 0.0 ], [ 17.4387072, 78.4915423, 0.0 ], [ 17.4387789, 78.4911561, 0.0 ], [ 17.4393777, 78.4903353, 0.0 ], [ 17.4393726, 78.4895682, 0.0 ], [ 17.4394852, 78.4883398, 0.0 ], [ 17.4418803, 78.4875834, 0.0 ], [ 17.4418701, 78.4874439, 0.0 ], [ 17.4413787, 78.4874225, 0.0 ], [ 17.4408567, 78.4871435, 0.0 ], [ 17.4404575, 78.4864569, 0.0 ], [ 17.4401709, 78.4859526, 0.0 ], [ 17.4399151, 78.4851587, 0.0 ], [ 17.4398741, 78.4843647, 0.0 ], [ 17.4398639, 78.4834099, 0.0 ], [ 17.4402938, 78.4821868, 0.0 ], [ 17.4402733, 78.4819829, 0.0 ], [ 17.4404268, 78.4811997, 0.0 ], [ 17.4404064, 78.4806848, 0.0 ], [ 17.4403757, 78.4793115, 0.0 ], [ 17.439567, 78.4798372, 0.0 ], [ 17.4386663, 78.4804916, 0.0 ], [ 17.4368648, 78.4820688, 0.0 ], [ 17.4341216, 78.4845793, 0.0 ], [ 17.4337019, 78.4851909, 0.0 ], [ 17.4334051, 78.485105, 0.0 ], [ 17.4341216, 78.4827286, 0.0 ], [ 17.4333129, 78.4825856, 0.0 ], [ 17.4341613, 78.4793248, 0.0 ], [ 17.4343365, 78.4783941, 0.0 ], [ 17.4333641, 78.4779382, 0.0 ], [ 17.4321358, 78.4788877, 0.0 ], [ 17.4317571, 78.4787214, 0.0 ], [ 17.4308051, 78.4773481, 0.0 ], [ 17.4301385, 78.4775332, 0.0 ], [ 17.4284905, 78.4739604, 0.0 ], [ 17.4285724, 78.4723833, 0.0 ], [ 17.4311519, 78.4723511, 0.0 ], [ 17.4330967, 78.4732523, 0.0 ], [ 17.4343263, 78.4728205, 0.0 ], [ 17.4360754, 78.4743413, 0.0 ], [ 17.4368341, 78.4735501, 0.0 ], [ 17.43736, 78.4726783, 0.0 ], [ 17.4375916, 78.4719461, 0.0 ], [ 17.4376837, 78.4711951, 0.0 ], [ 17.4370427, 78.467979, 0.0 ], [ 17.4365526, 78.4669894, 0.0 ], [ 17.4354127, 78.4660774, 0.0 ], [ 17.4319339, 78.4639817, 0.0 ] ] ] } },
{ "type": "Feature", "id": 90, "properties": { "Name": "Ward 90 Kavadiguda", "tessellate": -1, "extrude": 0, "visibility": -1, "_id": "relation/7858226", "admin_level": "10", "boundary": "administrative", "type": "boundary", "_timestamp": "2018-01-01T04:50:21", "_version": "1", "_changeset": "55069436", "_user": "adivik2000", "_uid": "250196" }, "geometry": { "type": "Polygon", "coordinates": [ [ [ 17.4233735, 78.4945464, 0.0 ], [ 17.4217971, 78.4933019, 0.0 ], [ 17.4220018, 78.4915853, 0.0 ], [ 17.4196269, 78.4919071, 0.0 ], [ 17.4205789, 78.4888816, 0.0 ], [ 17.4200767, 78.4880937, 0.0 ], [ 17.4196704, 78.4883612, 0.0 ], [ 17.4179992, 78.4889031, 0.0 ], [ 17.4176102, 78.4889352, 0.0 ], [ 17.417129, 78.4887314, 0.0 ], [ 17.41555, 78.4887555, 0.0 ], [ 17.4127169, 78.4878033, 0.0 ], [ 17.4111813, 78.4877175, 0.0 ], [ 17.4087551, 78.4881574, 0.0 ], [ 17.4041738, 78.4871972, 0.0 ], [ 17.4027712, 78.4878892, 0.0 ], [ 17.4059091, 78.4828091, 0.0 ], [ 17.4064414, 78.4813929, 0.0 ], [ 17.4065847, 78.4795904, 0.0 ], [ 17.4066871, 78.4771442, 0.0 ], [ 17.4067754, 78.4771107, 0.0 ], [ 17.4074268, 78.4767902, 0.0 ], [ 17.407977, 78.4763288, 0.0 ], [ 17.4085631, 78.4757897, 0.0 ], [ 17.4087334, 78.4754517, 0.0 ], [ 17.4159967, 78.4798237, 0.0 ], [ 17.4239353, 78.485848, 0.0 ], [ 17.4248604, 78.4860438, 0.0 ], [ 17.4248783, 78.4861672, 0.0 ], [ 17.425431, 78.4863389, 0.0 ], [ 17.4249909, 78.4887743, 0.0 ], [ 17.424131, 78.4921968, 0.0 ], [ 17.4238239, 78.4933019, 0.0 ], [ 17.4233735, 78.4945464, 0.0 ] ] ] } },
{ "type": "Feature", "id": 91, "properties": { "Name": "Ward 117 Moosapet", "tessellate": -1, "extrude": 0, "visibility": -1, "_id": "relation/7858244", "admin_level": "10", "boundary": "administrative", "type": "boundary", "_timestamp": "2018-01-01T06:40:06", "_version": "1", "_changeset": "55070100", "_user": "adivik2000", "_uid": "250196" }, "geometry": { "type": "Polygon", "coordinates": [ [ [ 17.461488, 78.4315574, 0.0 ], [ 17.4613217, 78.4287089, 0.0 ], [ 17.4598274, 78.4287947, 0.0 ], [ 17.4591366, 78.4289664, 0.0 ], [ 17.4583588, 78.4280491, 0.0 ], [ 17.4570027, 78.4279203, 0.0 ], [ 17.4565626, 78.4270298, 0.0 ], [ 17.4547254, 78.42659, 0.0 ], [ 17.4547971, 78.4253508, 0.0 ], [ 17.4530418, 78.425442, 0.0 ], [ 17.4528525, 78.4268099, 0.0 ], [ 17.4512865, 78.4266248, 0.0 ], [ 17.4503142, 78.4266007, 0.0 ], [ 17.4503347, 78.4260911, 0.0 ], [ 17.450524, 78.425957, 0.0 ], [ 17.4505854, 78.424691, 0.0 ], [ 17.4519108, 78.4244335, 0.0 ], [ 17.4545105, 78.4240794, 0.0 ], [ 17.4539578, 78.4198308, 0.0 ], [ 17.4545719, 78.4196806, 0.0 ], [ 17.4563528, 78.4162903, 0.0 ], [ 17.4549404, 78.4149599, 0.0 ], [ 17.4585123, 78.4152174, 0.0 ], [ 17.4586965, 78.4163976, 0.0 ], [ 17.4593259, 78.4164915, 0.0 ], [ 17.4593976, 78.4173498, 0.0 ], [ 17.4653949, 78.416647, 0.0 ], [ 17.4660346, 78.4175214, 0.0 ], [ 17.4671501, 78.4182215, 0.0 ], [ 17.4685112, 78.4182349, 0.0 ], [ 17.4687722, 78.4202948, 0.0 ], [ 17.4694834, 78.4231702, 0.0 ], [ 17.46955, 78.423948, 0.0 ], [ 17.4695909, 78.4256029, 0.0 ], [ 17.469637, 78.4273249, 0.0 ], [ 17.4697112, 78.4275717, 0.0 ], [ 17.4682605, 78.4264827, 0.0 ], [ 17.4658913, 78.4256834, 0.0 ], [ 17.4649958, 78.4273034, 0.0 ], [ 17.4637779, 78.4269923, 0.0 ], [ 17.4635681, 78.4273786, 0.0 ], [ 17.4624551, 78.430152, 0.0 ], [ 17.4621506, 78.4312516, 0.0 ], [ 17.461488, 78.4315574, 0.0 ] ] ] } },
{ "type": "Feature", "id": 92, "properties": { "Name": "Ward 118 Fateh Nagar", "tessellate": -1, "extrude": 0, "visibility": -1, "_id": "relation/7858245", "admin_level": "10", "boundary": "administrative", "type": "boundary", "_timestamp": "2018-01-01T06:40:06", "_version": "1", "_changeset": "55070100", "_user": "adivik2000", "_uid": "250196" }, "geometry": { "type": "Polygon", "coordinates": [ [ [ 17.4757097, 78.4236095, 0.0 ], [ 17.475144, 78.4246648, 0.0 ], [ 17.473955, 78.4267298, 0.0 ], [ 17.4732022, 78.4281846, 0.0 ], [ 17.4680404, 78.4436059, 0.0 ], [ 17.4637011, 78.4528434, 0.0 ], [ 17.4633736, 78.4592915, 0.0 ], [ 17.4622501, 78.462691, 0.0 ], [ 17.4620995, 78.4625906, 0.0 ], [ 17.4580364, 78.4598816, 0.0 ], [ 17.4577652, 78.4596348, 0.0 ], [ 17.4591571, 78.456974, 0.0 ], [ 17.4595664, 78.4559441, 0.0 ], [ 17.4599349, 78.4550858, 0.0 ], [ 17.459505, 78.4546781, 0.0 ], [ 17.4587477, 78.4546351, 0.0 ], [ 17.4574376, 78.4550428, 0.0 ], [ 17.4563323, 78.4550214, 0.0 ], [ 17.4555545, 78.4543133, 0.0 ], [ 17.4547971, 78.4537339, 0.0 ], [ 17.4541216, 78.4538197, 0.0 ], [ 17.453139, 78.4540772, 0.0 ], [ 17.4521974, 78.4540772, 0.0 ], [ 17.4504575, 78.45397, 0.0 ], [ 17.4500276, 78.453691, 0.0 ], [ 17.4497615, 78.4529614, 0.0 ], [ 17.4474728, 78.4516447, 0.0 ], [ 17.4498741, 78.4510839, 0.0 ], [ 17.4507133, 78.451041, 0.0 ], [ 17.4534921, 78.450644, 0.0 ], [ 17.455882, 78.4503114, 0.0 ], [ 17.4577856, 78.4497911, 0.0 ], [ 17.4597097, 78.4491205, 0.0 ], [ 17.4611298, 78.4468138, 0.0 ], [ 17.4615059, 78.4416103, 0.0 ], [ 17.4619306, 78.4340358, 0.0 ], [ 17.4621506, 78.4312516, 0.0 ], [ 17.4624551, 78.430152, 0.0 ], [ 17.4635681, 78.4273786, 0.0 ], [ 17.4637779, 78.4269923, 0.0 ], [ 17.4649958, 78.4273034, 0.0 ], [ 17.4658913, 78.4256834, 0.0 ], [ 17.4682605, 78.4264827, 0.0 ], [ 17.4697112, 78.4275717, 0.0 ], [ 17.4757097, 78.4236095, 0.0 ] ] ] } },
{ "type": "Feature", "id": 93, "properties": { "Name": "Ward 127 Rangareddy Nagar", "tessellate": -1, "extrude": 0, "visibility": -1, "_id": "relation/7858246", "admin_level": "10", "boundary": "administrative", "type": "boundary", "_timestamp": "2018-01-01T06:40:06", "_version": "1", "_changeset": "55070100", "_user": "adivik2000", "_uid": "250196" }, "geometry": { "type": "Polygon", "coordinates": [ [ [ 17.4909019, 78.4266973, 0.0 ], [ 17.4915824, 78.4262547, 0.0 ], [ 17.4927336, 78.4265095, 0.0 ], [ 17.493721, 78.4267026, 0.0 ], [ 17.4945703, 78.4286821, 0.0 ], [ 17.4940178, 78.4301627, 0.0 ], [ 17.4943196, 78.4314877, 0.0 ], [ 17.4959748, 78.4322012, 0.0 ], [ 17.497768, 78.4330059, 0.0 ], [ 17.4963508, 78.4355916, 0.0 ], [ 17.497062, 78.4380431, 0.0 ], [ 17.4962587, 78.4420289, 0.0 ], [ 17.4951792, 78.4434612, 0.0 ], [ 17.4950308, 78.444298, 0.0 ], [ 17.4951025, 78.4451402, 0.0 ], [ 17.4942864, 78.4455265, 0.0 ], [ 17.4887224, 78.4459127, 0.0 ], [ 17.487612, 78.450215, 0.0 ], [ 17.4858827, 78.4499144, 0.0 ], [ 17.4827871, 78.4493137, 0.0 ], [ 17.482125, 78.4491907, 0.0 ], [ 17.4830225, 78.4480262, 0.0 ], [ 17.4830123, 78.4459019, 0.0 ], [ 17.4824187, 78.4452796, 0.0 ], [ 17.4807507, 78.4448397, 0.0 ], [ 17.4807303, 78.4445071, 0.0 ], [ 17.4831044, 78.4360206, 0.0 ], [ 17.4853454, 78.4343684, 0.0 ], [ 17.489674, 78.4281778, 0.0 ], [ 17.4908712, 78.4285212, 0.0 ], [ 17.4909019, 78.4266973, 0.0 ] ] ] } },
{ "type": "Feature", "id": 94, "properties": { "Name": "Ward 120 Balanagar", "tessellate": -1, "extrude": 0, "visibility": -1, "_id": "relation/7858247", "admin_level": "10", "boundary": "administrative", "type": "boundary", "_timestamp": "2018-01-01T09:11:45", "_version": "2", "_changeset": "55071473", "_user": "adivik2000", "_uid": "250196" }, "geometry": { "type": "Polygon", "coordinates": [ [ [ 17.4622501, 78.462691, 0.0 ], [ 17.4633736, 78.4592915, 0.0 ], [ 17.4637011, 78.4528434, 0.0 ], [ 17.4680404, 78.4436059, 0.0 ], [ 17.4732022, 78.4281846, 0.0 ], [ 17.4746925, 78.4282637, 0.0 ], [ 17.4757772, 78.4282798, 0.0 ], [ 17.4762326, 78.4283334, 0.0 ], [ 17.4775016, 78.4283549, 0.0 ], [ 17.4787501, 78.4287894, 0.0 ], [ 17.4797325, 78.4291113, 0.0 ], [ 17.4805614, 78.4293473, 0.0 ], [ 17.4810577, 78.4280759, 0.0 ], [ 17.4816436, 78.4278506, 0.0 ], [ 17.4835086, 78.4279472, 0.0 ], [ 17.4846675, 78.4274831, 0.0 ], [ 17.4857484, 78.4263499, 0.0 ], [ 17.4865427, 78.4259784, 0.0 ], [ 17.4882056, 78.4253132, 0.0 ], [ 17.4895512, 78.4259677, 0.0 ], [ 17.4909019, 78.4266973, 0.0 ], [ 17.4908712, 78.4285212, 0.0 ], [ 17.489674, 78.4281778, 0.0 ], [ 17.4853454, 78.4343684, 0.0 ], [ 17.4831044, 78.4360206, 0.0 ], [ 17.4807303, 78.4445071, 0.0 ], [ 17.4807507, 78.4448397, 0.0 ], [ 17.4824187, 78.4452796, 0.0 ], [ 17.4830123, 78.4459019, 0.0 ], [ 17.4830225, 78.4480262, 0.0 ], [ 17.482125, 78.4491907, 0.0 ], [ 17.4827948, 78.4497669, 0.0 ], [ 17.4827744, 78.4501532, 0.0 ], [ 17.4820606, 78.4557992, 0.0 ], [ 17.4831095, 78.4562284, 0.0 ], [ 17.4830276, 78.4576285, 0.0 ], [ 17.4846138, 78.4601927, 0.0 ], [ 17.485765, 78.4603697, 0.0 ], [ 17.4861078, 78.4644306, 0.0 ], [ 17.4817024, 78.4649617, 0.0 ], [ 17.4801111, 78.4630305, 0.0 ], [ 17.4789599, 78.463288, 0.0 ], [ 17.4753474, 78.4635508, 0.0 ], [ 17.4620227, 78.4633792, 0.0 ], [ 17.4622501, 78.462691, 0.0 ] ] ] } },
{ "type": "Feature", "id": 95, "properties": { "Name": "Ward 121 Kukatpally", "tessellate": -1, "extrude": 0, "visibility": -1, "_id": "relation/7858248", "admin_level": "10", "boundary": "administrative", "type": "boundary", "_timestamp": "2018-01-01T06:40:07", "_version": "1", "_changeset": "55070100", "_user": "adivik2000", "_uid": "250196" }, "geometry": { "type": "Polygon", "coordinates": [ [ [ 17.4839729, 78.4124869, 0.0 ], [ 17.4841552, 78.412615, 0.0 ], [ 17.4845114, 78.4127391, 0.0 ], [ 17.4855629, 78.4130797, 0.0 ], [ 17.4860157, 78.4129268, 0.0 ], [ 17.4861948, 78.4128356, 0.0 ], [ 17.4876837, 78.4137958, 0.0 ], [ 17.4949285, 78.4148473, 0.0 ], [ 17.4964224, 78.4168804, 0.0 ], [ 17.4962689, 78.4204209, 0.0 ], [ 17.4977578, 78.4204263, 0.0 ], [ 17.4976759, 78.4215582, 0.0 ], [ 17.4994256, 78.4240312, 0.0 ], [ 17.4988373, 78.4268716, 0.0 ], [ 17.4989908, 78.427207, 0.0 ], [ 17.498735, 78.4274752, 0.0 ], [ 17.499262, 78.4291436, 0.0 ], [ 17.497768, 78.4330059, 0.0 ], [ 17.4959748, 78.4322012, 0.0 ], [ 17.4943196, 78.4314877, 0.0 ], [ 17.4940178, 78.4301627, 0.0 ], [ 17.4945703, 78.4286821, 0.0 ], [ 17.493721, 78.4267026, 0.0 ], [ 17.4927336, 78.4265095, 0.0 ], [ 17.4915824, 78.4262547, 0.0 ], [ 17.4909019, 78.4266973, 0.0 ], [ 17.4895512, 78.4259677, 0.0 ], [ 17.4882056, 78.4253132, 0.0 ], [ 17.4865427, 78.4259784, 0.0 ], [ 17.4857484, 78.4263499, 0.0 ], [ 17.4846675, 78.4274831, 0.0 ], [ 17.4835086, 78.4279472, 0.0 ], [ 17.4816436, 78.4278506, 0.0 ], [ 17.4810577, 78.4280759, 0.0 ], [ 17.4805614, 78.4293473, 0.0 ], [ 17.4797325, 78.4291113, 0.0 ], [ 17.4787501, 78.4287894, 0.0 ], [ 17.4775016, 78.4283549, 0.0 ], [ 17.4762326, 78.4283334, 0.0 ], [ 17.4757772, 78.4282798, 0.0 ], [ 17.4746925, 78.4282637, 0.0 ], [ 17.4732022, 78.4281846, 0.0 ], [ 17.473955, 78.4267298, 0.0 ], [ 17.475144, 78.4246648, 0.0 ], [ 17.4757097, 78.4236095, 0.0 ], [ 17.4771613, 78.421479, 0.0 ], [ 17.4815182, 78.4155688, 0.0 ], [ 17.4838463, 78.4125888, 0.0 ], [ 17.4839729, 78.4124869, 0.0 ] ] ] } },
{ "type": "Feature", "id": 96, "properties": { "Name": "Ward 123 Hydernagar", "tessellate": -1, "extrude": 0, "visibility": -1, "_id": "relation/7858249", "admin_level": "10", "boundary": "administrative", "type": "boundary", "_timestamp": "2018-01-01T06:40:07", "_version": "1", "_changeset": "55070100", "_user": "adivik2000", "_uid": "250196" }, "geometry": { "type": "Polygon", "coordinates": [ [ [ 17.4927425, 78.403991, 0.0 ], [ 17.4942512, 78.4007134, 0.0 ], [ 17.4951383, 78.3987661, 0.0 ], [ 17.4958162, 78.3972694, 0.0 ], [ 17.4962332, 78.3956078, 0.0 ], [ 17.4965605, 78.3943498, 0.0 ], [ 17.4981364, 78.3914557, 0.0 ], [ 17.498469, 78.3901092, 0.0 ], [ 17.4993642, 78.3824515, 0.0 ], [ 17.4980033, 78.3794555, 0.0 ], [ 17.497461, 78.3780044, 0.0 ], [ 17.4965452, 78.3738095, 0.0 ], [ 17.4971272, 78.3738625, 0.0 ], [ 17.5020419, 78.3745163, 0.0 ], [ 17.5069565, 78.375256, 0.0 ], [ 17.506575, 78.3764912, 0.0 ], [ 17.507634, 78.376756, 0.0 ], [ 17.507546, 78.3791368, 0.0 ], [ 17.5094863, 78.3792259, 0.0 ], [ 17.5075461, 78.3855767, 0.0 ], [ 17.5086041, 78.3869, 0.0 ], [ 17.5116931, 78.3881352, 0.0 ], [ 17.5116918, 78.3893696, 0.0 ], [ 17.5086041, 78.3928971, 0.0 ], [ 17.5084675, 78.3963675, 0.0 ], [ 17.507642, 78.3991541, 0.0 ], [ 17.5070384, 78.4002186, 0.0 ], [ 17.5037437, 78.4016134, 0.0 ], [ 17.5020758, 78.4014524, 0.0 ], [ 17.4994359, 78.4017206, 0.0 ], [ 17.4987299, 78.4023215, 0.0 ], [ 17.4978397, 78.4019674, 0.0 ], [ 17.4967857, 78.4026755, 0.0 ], [ 17.4957932, 78.4045316, 0.0 ], [ 17.4945857, 78.4049231, 0.0 ], [ 17.4927425, 78.403991, 0.0 ] ] ] } },
{ "type": "Feature", "id": 97, "properties": { "Name": "Ward 122 Vivekananda Nagar Colony", "tessellate": -1, "extrude": 0, "visibility": -1, "_id": "relation/7858250", "admin_level": "10", "boundary": "administrative", "type": "boundary", "_timestamp": "2018-01-01T06:40:07", "_version": "1", "_changeset": "55070100", "_user": "adivik2000", "_uid": "250196" }, "geometry": { "type": "Polygon", "coordinates": [ [ [ 17.4957932, 78.4045316, 0.0 ], [ 17.4965772, 78.4064293, 0.0 ], [ 17.4971567, 78.4071682, 0.0 ], [ 17.4982745, 78.4099336, 0.0 ], [ 17.4982592, 78.4107436, 0.0 ], [ 17.4988015, 78.4122349, 0.0 ], [ 17.4994103, 78.4139301, 0.0 ], [ 17.5000703, 78.4152819, 0.0 ], [ 17.5010986, 78.4176101, 0.0 ], [ 17.5027639, 78.4204459, 0.0 ], [ 17.5013698, 78.4265955, 0.0 ], [ 17.5004898, 78.427207, 0.0 ], [ 17.4989908, 78.427207, 0.0 ], [ 17.4988373, 78.4268716, 0.0 ], [ 17.4994256, 78.4240312, 0.0 ], [ 17.4976759, 78.4215582, 0.0 ], [ 17.4977578, 78.4204263, 0.0 ], [ 17.4962689, 78.4204209, 0.0 ], [ 17.4964224, 78.4168804, 0.0 ], [ 17.4949285, 78.4148473, 0.0 ], [ 17.4876837, 78.4137958, 0.0 ], [ 17.4861948, 78.4128356, 0.0 ], [ 17.4860157, 78.4129268, 0.0 ], [ 17.4855629, 78.4130797, 0.0 ], [ 17.4845114, 78.4127391, 0.0 ], [ 17.4841552, 78.412615, 0.0 ], [ 17.4839729, 78.4124869, 0.0 ], [ 17.4915824, 78.4066504, 0.0 ], [ 17.4927425, 78.403991, 0.0 ], [ 17.4945857, 78.4049231, 0.0 ], [ 17.4957932, 78.4045316, 0.0 ] ] ] } },
{ "type": "Feature", "id": 98, "properties": { "Name": "Ward 119 Old Bowenpally", "tessellate": -1, "extrude": 0, "visibility": -1, "_id": "relation/7858294", "admin_level": "10", "boundary": "administrative", "type": "boundary", "_timestamp": "2018-01-01T08:22:45", "_version": "1", "_changeset": "55070936", "_user": "adivik2000", "_uid": "250196" }, "geometry": { "type": "Polygon", "coordinates": [ [ [ 17.474733, 78.4952563, 0.0 ], [ 17.473408, 78.4945145, 0.0 ], [ 17.4696138, 78.4939888, 0.0 ], [ 17.4693516, 78.4911644, 0.0 ], [ 17.4700564, 78.4909861, 0.0 ], [ 17.470059, 78.4899279, 0.0 ], [ 17.4708496, 78.4895739, 0.0 ], [ 17.4709378, 78.4849001, 0.0 ], [ 17.4718218, 78.4819899, 0.0 ], [ 17.4727927, 78.481546, 0.0 ], [ 17.4745555, 78.4771392, 0.0 ], [ 17.4764091, 78.4767865, 0.0 ], [ 17.4763208, 78.4757256, 0.0 ], [ 17.4786451, 78.4751195, 0.0 ], [ 17.4829955, 78.4754293, 0.0 ], [ 17.4860949, 78.4765303, 0.0 ], [ 17.4856536, 78.4780069, 0.0 ], [ 17.4855398, 78.4795263, 0.0 ], [ 17.4867217, 78.4791743, 0.0 ], [ 17.4868784, 78.4796061, 0.0 ], [ 17.4893771, 78.4798425, 0.0 ], [ 17.4902085, 78.4843369, 0.0 ], [ 17.4877987, 78.4868032, 0.0 ], [ 17.4865899, 78.4861541, 0.0 ], [ 17.4863226, 78.4857195, 0.0 ], [ 17.4868701, 78.4847379, 0.0 ], [ 17.4838052, 78.4847969, 0.0 ], [ 17.4834855, 78.4852153, 0.0 ], [ 17.4824826, 78.4856941, 0.0 ], [ 17.4822779, 78.4859797, 0.0 ], [ 17.4821116, 78.4862855, 0.0 ], [ 17.4807429, 78.4880423, 0.0 ], [ 17.4799678, 78.4880397, 0.0 ], [ 17.4792206, 78.4906302, 0.0 ], [ 17.4799061, 78.4935624, 0.0 ], [ 17.4829636, 78.4946674, 0.0 ], [ 17.4835839, 78.4953661, 0.0 ], [ 17.4824519, 78.4957121, 0.0 ], [ 17.4817727, 78.4958248, 0.0 ], [ 17.4820793, 78.4969728, 0.0 ], [ 17.481189, 78.4969197, 0.0 ], [ 17.4805747, 78.4969121, 0.0 ], [ 17.4788663, 78.496867, 0.0 ], [ 17.4778947, 78.496779, 0.0 ], [ 17.4770726, 78.4963089, 0.0 ], [ 17.474733, 78.4952563, 0.0 ] ] ] } },
{ "type": "Feature", "id": 99, "properties": { "Name": "Ward 135 Venkatapuram", "tessellate": -1, "extrude": 0, "visibility": -1, "_id": "relation/7858295", "admin_level": "10", "boundary": "administrative", "type": "boundary", "_timestamp": "2018-01-01T08:22:45", "_version": "1", "_changeset": "55070936", "_user": "adivik2000", "_uid": "250196" }, "geometry": { "type": "Polygon", "coordinates": [ [ [ 17.4916564, 78.5094091, 0.0 ], [ 17.4906559, 78.5091922, 0.0 ], [ 17.4895607, 78.5087852, 0.0 ], [ 17.4900013, 78.5071014, 0.0 ], [ 17.4884306, 78.5048209, 0.0 ], [ 17.4854054, 78.5038657, 0.0 ], [ 17.4846763, 78.5017119, 0.0 ], [ 17.4831286, 78.4998585, 0.0 ], [ 17.4818481, 78.5018504, 0.0 ], [ 17.4799179, 78.4997341, 0.0 ], [ 17.4798494, 78.4989267, 0.0 ], [ 17.4794951, 78.4981335, 0.0 ], [ 17.478262, 78.4977801, 0.0 ], [ 17.4784359, 78.4976024, 0.0 ], [ 17.4779076, 78.4976923, 0.0 ], [ 17.4766802, 78.4975159, 0.0 ], [ 17.476317, 78.4983072, 0.0 ], [ 17.4737601, 78.4985737, 0.0 ], [ 17.4717335, 78.5002491, 0.0 ], [ 17.4716446, 78.4998085, 0.0 ], [ 17.473849, 78.4956632, 0.0 ], [ 17.4741535, 78.4956199, 0.0 ], [ 17.474733, 78.4952563, 0.0 ], [ 17.4770726, 78.4963089, 0.0 ], [ 17.4778947, 78.496779, 0.0 ], [ 17.4788663, 78.496867, 0.0 ], [ 17.4805747, 78.4969121, 0.0 ], [ 17.481189, 78.4969197, 0.0 ], [ 17.4820793, 78.4969728, 0.0 ], [ 17.4817727, 78.4958248, 0.0 ], [ 17.4824519, 78.4957121, 0.0 ], [ 17.4835839, 78.4953661, 0.0 ], [ 17.4829636, 78.4946674, 0.0 ], [ 17.4799061, 78.4935624, 0.0 ], [ 17.4792206, 78.4906302, 0.0 ], [ 17.4799678, 78.4880397, 0.0 ], [ 17.4807429, 78.4880423, 0.0 ], [ 17.4821116, 78.4862855, 0.0 ], [ 17.4822779, 78.4859797, 0.0 ], [ 17.4824826, 78.4856941, 0.0 ], [ 17.4834855, 78.4852153, 0.0 ], [ 17.4838052, 78.4847969, 0.0 ], [ 17.4868701, 78.4847379, 0.0 ], [ 17.4863226, 78.4857195, 0.0 ], [ 17.4865899, 78.4861541, 0.0 ], [ 17.4877987, 78.4868032, 0.0 ], [ 17.4869091, 78.4884829, 0.0 ], [ 17.4861218, 78.4906776, 0.0 ], [ 17.48989, 78.4907098, 0.0 ], [ 17.4921911, 78.491729, 0.0 ], [ 17.4928767, 78.49224, 0.0 ], [ 17.4927335, 78.4935382, 0.0 ], [ 17.4911525, 78.4934524, 0.0 ], [ 17.4902674, 78.4958395, 0.0 ], [ 17.4942274, 78.497422, 0.0 ], [ 17.4963405, 78.4960219, 0.0 ], [ 17.5003106, 78.49592, 0.0 ], [ 17.5005715, 78.497245, 0.0 ], [ 17.4990776, 78.4981301, 0.0 ], [ 17.4987297, 78.5005119, 0.0 ], [ 17.5011906, 78.5020998, 0.0 ], [ 17.5002185, 78.5027221, 0.0 ], [ 17.4997888, 78.5061607, 0.0 ], [ 17.4968879, 78.5071102, 0.0 ], [ 17.4963456, 78.5051843, 0.0 ], [ 17.4957316, 78.5051951, 0.0 ], [ 17.4947698, 78.5066005, 0.0 ], [ 17.4929944, 78.5060748, 0.0 ], [ 17.4928153, 78.5077485, 0.0 ], [ 17.4918842, 78.5072255, 0.0 ], [ 17.4916564, 78.5094091, 0.0 ] ] ] } },
{ "type": "Feature", "id": 100, "properties": { "Name": "Ward 134 Alwal", "tessellate": -1, "extrude": 0, "visibility": -1, "_id": "relation/7858296", "admin_level": "10", "boundary": "administrative", "type": "boundary", "_timestamp": "2018-01-01T08:22:45", "_version": "1", "_changeset": "55070936", "_user": "adivik2000", "_uid": "250196" }, "geometry": { "type": "Polygon", "coordinates": [ [ [ 17.4928767, 78.49224, 0.0 ], [ 17.4948951, 78.4930433, 0.0 ], [ 17.4969544, 78.4935462, 0.0 ], [ 17.4978344, 78.4932807, 0.0 ], [ 17.5025233, 78.4926611, 0.0 ], [ 17.5047642, 78.4919047, 0.0 ], [ 17.5045263, 78.4897657, 0.0 ], [ 17.5007098, 78.4817792, 0.0 ], [ 17.501646, 78.4822592, 0.0 ], [ 17.5025455, 78.4840399, 0.0 ], [ 17.5048575, 78.4874837, 0.0 ], [ 17.5057369, 78.4898975, 0.0 ], [ 17.5065526, 78.4928754, 0.0 ], [ 17.5065293, 78.4973124, 0.0 ], [ 17.5068823, 78.4989033, 0.0 ], [ 17.5082457, 78.5017802, 0.0 ], [ 17.508811, 78.5032193, 0.0 ], [ 17.5091058, 78.5055049, 0.0 ], [ 17.5092983, 78.507533, 0.0 ], [ 17.5105708, 78.5098591, 0.0 ], [ 17.508857, 78.5100898, 0.0 ], [ 17.5079611, 78.5144685, 0.0 ], [ 17.503709, 78.5150012, 0.0 ], [ 17.5023433, 78.5140868, 0.0 ], [ 17.5010595, 78.5140521, 0.0 ], [ 17.4977142, 78.5131673, 0.0 ], [ 17.4931875, 78.5125299, 0.0 ], [ 17.4913214, 78.5126221, 0.0 ], [ 17.4916564, 78.5094091, 0.0 ], [ 17.4918842, 78.5072255, 0.0 ], [ 17.4928153, 78.5077485, 0.0 ], [ 17.4929944, 78.5060748, 0.0 ], [ 17.4947698, 78.5066005, 0.0 ], [ 17.4957316, 78.5051951, 0.0 ], [ 17.4963456, 78.5051843, 0.0 ], [ 17.4968879, 78.5071102, 0.0 ], [ 17.4997888, 78.5061607, 0.0 ], [ 17.5002185, 78.5027221, 0.0 ], [ 17.5011906, 78.5020998, 0.0 ], [ 17.4987297, 78.5005119, 0.0 ], [ 17.4990776, 78.4981301, 0.0 ], [ 17.5005715, 78.497245, 0.0 ], [ 17.5003106, 78.49592, 0.0 ], [ 17.4963405, 78.4960219, 0.0 ], [ 17.4942274, 78.497422, 0.0 ], [ 17.4902674, 78.4958395, 0.0 ], [ 17.4911525, 78.4934524, 0.0 ], [ 17.4927335, 78.4935382, 0.0 ], [ 17.4928767, 78.49224, 0.0 ] ] ] } },
{ "type": "Feature", "id": 101, "properties": { "Name": "Ward 131 Quthbullapur", "tessellate": -1, "extrude": 0, "visibility": -1, "_id": "relation/7858403", "admin_level": "10", "boundary": "administrative", "type": "boundary", "_timestamp": "2018-01-01T09:11:45", "_version": "1", "_changeset": "55071473", "_user": "adivik2000", "_uid": "250196" }, "geometry": { "type": "Polygon", "coordinates": [ [ [ 17.487612, 78.450215, 0.0 ], [ 17.4941406, 78.4520818, 0.0 ], [ 17.4959825, 78.452173, 0.0 ], [ 17.4987248, 78.4517438, 0.0 ], [ 17.5110646, 78.4476267, 0.0 ], [ 17.5112231, 78.4498502, 0.0 ], [ 17.5088392, 78.4545816, 0.0 ], [ 17.5077444, 78.4544851, 0.0 ], [ 17.5063937, 78.4564699, 0.0 ], [ 17.505744, 78.4556867, 0.0 ], [ 17.5047055, 78.4552683, 0.0 ], [ 17.5030479, 78.4557618, 0.0 ], [ 17.5007661, 78.4612764, 0.0 ], [ 17.5017996, 78.4626497, 0.0 ], [ 17.5012777, 78.4650422, 0.0 ], [ 17.5006945, 78.4655572, 0.0 ], [ 17.4981262, 78.4643449, 0.0 ], [ 17.4973485, 78.4662868, 0.0 ], [ 17.4976759, 78.4679819, 0.0 ], [ 17.4958239, 78.4702565, 0.0 ], [ 17.4931327, 78.4676921, 0.0 ], [ 17.4892954, 78.4649563, 0.0 ], [ 17.485765, 78.4603697, 0.0 ], [ 17.4846138, 78.4601927, 0.0 ], [ 17.4830276, 78.4576285, 0.0 ], [ 17.4831095, 78.4562284, 0.0 ], [ 17.4820606, 78.4557992, 0.0 ], [ 17.4827744, 78.4501532, 0.0 ], [ 17.4827948, 78.4497669, 0.0 ], [ 17.482125, 78.4491907, 0.0 ], [ 17.4827871, 78.4493137, 0.0 ], [ 17.4858827, 78.4499144, 0.0 ], [ 17.487612, 78.450215, 0.0 ] ] ] } },
{ "type": "Feature", "id": 102, "properties": { "Name": "Ward 115 Balaji Nagar", "tessellate": -1, "extrude": 0, "visibility": -1, "_id": "relation/7858404", "admin_level": "10", "boundary": "administrative", "type": "boundary", "_timestamp": "2018-01-01T09:11:45", "_version": "1", "_changeset": "55071473", "_user": "adivik2000", "_uid": "250196" }, "geometry": { "type": "Polygon", "coordinates": [ [ [ 17.4757097, 78.4236095, 0.0 ], [ 17.4697112, 78.4275717, 0.0 ], [ 17.469637, 78.4273249, 0.0 ], [ 17.4695909, 78.4256029, 0.0 ], [ 17.46955, 78.423948, 0.0 ], [ 17.4694834, 78.4231702, 0.0 ], [ 17.4687722, 78.4202948, 0.0 ], [ 17.4685112, 78.4182349, 0.0 ], [ 17.4671501, 78.4182215, 0.0 ], [ 17.4660346, 78.4175214, 0.0 ], [ 17.4653949, 78.416647, 0.0 ], [ 17.4593976, 78.4173498, 0.0 ], [ 17.4593259, 78.4164915, 0.0 ], [ 17.4613473, 78.4157431, 0.0 ], [ 17.4627084, 78.4143162, 0.0 ], [ 17.4629336, 78.4105504, 0.0 ], [ 17.4632304, 78.4051752, 0.0 ], [ 17.4612347, 78.4040165, 0.0 ], [ 17.4601191, 78.4034693, 0.0 ], [ 17.4622479, 78.3995855, 0.0 ], [ 17.464131, 78.396002, 0.0 ], [ 17.4640082, 78.3898973, 0.0 ], [ 17.466096, 78.3865821, 0.0 ], [ 17.4703277, 78.3853537, 0.0 ], [ 17.4713204, 78.3871186, 0.0 ], [ 17.4697137, 78.3914691, 0.0 ], [ 17.4769899, 78.3955836, 0.0 ], [ 17.4820299, 78.3941245, 0.0 ], [ 17.4828281, 78.3934218, 0.0 ], [ 17.487039, 78.3950901, 0.0 ], [ 17.488753, 78.3933413, 0.0 ], [ 17.4915773, 78.3947414, 0.0 ], [ 17.4929331, 78.3945644, 0.0 ], [ 17.4929996, 78.3957124, 0.0 ], [ 17.494399, 78.3966324, 0.0 ], [ 17.4958162, 78.3972694, 0.0 ], [ 17.4951383, 78.3987661, 0.0 ], [ 17.4942512, 78.4007134, 0.0 ], [ 17.4927425, 78.403991, 0.0 ], [ 17.4915824, 78.4066504, 0.0 ], [ 17.4839729, 78.4124869, 0.0 ], [ 17.4838463, 78.4125888, 0.0 ], [ 17.4815182, 78.4155688, 0.0 ], [ 17.4771613, 78.421479, 0.0 ], [ 17.4757097, 78.4236095, 0.0 ] ] ] } },
{ "type": "Feature", "id": 103, "properties": { "Name": "Ward 143 Tarnaka", "tessellate": -1, "extrude": 0, "visibility": -1, "_id": "relation/7858671", "admin_level": "10", "boundary": "administrative", "type": "boundary", "_timestamp": "2018-01-02T11:53:47", "_version": "2", "_changeset": "55098554", "_user": "adivik2000", "_uid": "250196" }, "geometry": { "type": "MultiPolygon", "coordinates": [ [ [ [ 17.4267925, 78.5206658, 0.0 ], [ 17.4266901, 78.5215616, 0.0 ], [ 17.4263421, 78.5224843, 0.0 ], [ 17.4261374, 78.5234714, 0.0 ], [ 17.426035, 78.5243082, 0.0 ], [ 17.4243972, 78.5217655, 0.0 ], [ 17.4225239, 78.5244584, 0.0 ], [ 17.4210191, 78.5242867, 0.0 ], [ 17.4209065, 78.5248554, 0.0 ], [ 17.41933, 78.5238147, 0.0 ], [ 17.4194426, 78.5227311, 0.0 ], [ 17.4206522, 78.520464, 0.0 ], [ 17.4217663, 78.5207301, 0.0 ], [ 17.4227183, 78.5209769, 0.0 ], [ 17.4235526, 78.5211486, 0.0 ], [ 17.4246735, 78.5212398, 0.0 ], [ 17.4251905, 78.5211754, 0.0 ], [ 17.4253696, 78.5211432, 0.0 ], [ 17.4261066, 78.5209501, 0.0 ], [ 17.4267925, 78.5206658, 0.0 ] ] ], [ [ [ 17.4376427, 78.5487485, 0.0 ], [ 17.4345106, 78.5485982, 0.0 ], [ 17.4339579, 78.5467958, 0.0 ], [ 17.4326272, 78.5468173, 0.0 ], [ 17.4312555, 78.5471391, 0.0 ], [ 17.4315831, 78.5458731, 0.0 ], [ 17.4274067, 78.54465, 0.0 ], [ 17.4273453, 78.5438132, 0.0 ], [ 17.425298, 78.5419678, 0.0 ], [ 17.4241925, 78.5408306, 0.0 ], [ 17.4266902, 78.5381913, 0.0 ], [ 17.4247248, 78.5358738, 0.0 ], [ 17.4250421, 78.5345408, 0.0 ], [ 17.4254848, 78.5331702, 0.0 ], [ 17.4257855, 78.5324916, 0.0 ], [ 17.4261674, 78.5318217, 0.0 ], [ 17.4267575, 78.5310844, 0.0 ], [ 17.4279287, 78.5322851, 0.0 ], [ 17.4306004, 78.5350585, 0.0 ], [ 17.4325248, 78.5366893, 0.0 ], [ 17.4333641, 78.5380411, 0.0 ], [ 17.433446, 78.536185, 0.0 ], [ 17.4341114, 78.5358149, 0.0 ], [ 17.434531, 78.5360885, 0.0 ], [ 17.4358719, 78.5364586, 0.0 ], [ 17.4356979, 78.5372365, 0.0 ], [ 17.4373868, 78.5386312, 0.0 ], [ 17.437392, 78.5383415, 0.0 ], [ 17.439283, 78.5384086, 0.0 ], [ 17.4406593, 78.5384572, 0.0 ], [ 17.4411963, 78.5393427, 0.0 ], [ 17.4415332, 78.5394828, 0.0 ], [ 17.4421253, 78.5400206, 0.0 ], [ 17.4425315, 78.5409245, 0.0 ], [ 17.4435487, 78.5412303, 0.0 ], [ 17.4430113, 78.5432044, 0.0 ], [ 17.4435998, 78.5432741, 0.0 ], [ 17.4447718, 78.5434753, 0.0 ], [ 17.4446746, 78.5441586, 0.0 ], [ 17.4443522, 78.5453354, 0.0 ], [ 17.4429294, 78.547217, 0.0 ], [ 17.4409386, 78.5464954, 0.0 ], [ 17.4400635, 78.5462004, 0.0 ], [ 17.4395491, 78.547288, 0.0 ], [ 17.4402631, 78.5475817, 0.0 ], [ 17.4390681, 78.5481933, 0.0 ], [ 17.4376427, 78.5487485, 0.0 ] ] ] ] } },
{ "type": "Feature", "id": 104, "properties": { "Name": "Ward 144 Mettuguda", "tessellate": -1, "extrude": 0, "visibility": -1, "_id": "relation/7858672", "admin_level": "10", "boundary": "administrative", "type": "boundary", "_timestamp": "2018-01-02T11:53:47", "_version": "2", "_changeset": "55098554", "_user": "adivik2000", "_uid": "250196" }, "geometry": { "type": "Polygon", "coordinates": [ [ [ 17.428983, 78.5102963, 0.0 ], [ 17.4291468, 78.5094595, 0.0 ], [ 17.4295768, 78.5081291, 0.0 ], [ 17.4298019, 78.5066056, 0.0 ], [ 17.4304161, 78.5066915, 0.0 ], [ 17.4316854, 78.5065198, 0.0 ], [ 17.4329342, 78.5062194, 0.0 ], [ 17.4330954, 78.5061496, 0.0 ], [ 17.4333616, 78.5061013, 0.0 ], [ 17.4342137, 78.5057902, 0.0 ], [ 17.4344082, 78.5067344, 0.0 ], [ 17.434531, 78.5081506, 0.0 ], [ 17.4347153, 78.5092664, 0.0 ], [ 17.4354932, 78.5124636, 0.0 ], [ 17.4362507, 78.5136008, 0.0 ], [ 17.4371105, 78.5144806, 0.0 ], [ 17.4387072, 78.5163903, 0.0 ], [ 17.4390143, 78.5179138, 0.0 ], [ 17.4390143, 78.5192442, 0.0 ], [ 17.4394033, 78.521111, 0.0 ], [ 17.4393419, 78.5222697, 0.0 ], [ 17.4389529, 78.5237289, 0.0 ], [ 17.4387277, 78.5241151, 0.0 ], [ 17.4378474, 78.5260892, 0.0 ], [ 17.436701, 78.5290718, 0.0 ], [ 17.4361432, 78.5300428, 0.0 ], [ 17.4354139, 78.5306355, 0.0 ], [ 17.4333539, 78.5352194, 0.0 ], [ 17.433446, 78.536185, 0.0 ], [ 17.4333641, 78.5380411, 0.0 ], [ 17.4325248, 78.5366893, 0.0 ], [ 17.4306004, 78.5350585, 0.0 ], [ 17.4279287, 78.5322851, 0.0 ], [ 17.4267575, 78.5310844, 0.0 ], [ 17.4258098, 78.529973, 0.0 ], [ 17.4241105, 78.5280633, 0.0 ], [ 17.4252161, 78.525188, 0.0 ], [ 17.426035, 78.5243082, 0.0 ], [ 17.4261374, 78.5234714, 0.0 ], [ 17.4263421, 78.5224843, 0.0 ], [ 17.4266901, 78.5215616, 0.0 ], [ 17.4267925, 78.5206658, 0.0 ], [ 17.4270126, 78.51955, 0.0 ], [ 17.4271149, 78.5184503, 0.0 ], [ 17.4272019, 78.5180265, 0.0 ], [ 17.4281181, 78.5167497, 0.0 ], [ 17.4286708, 78.5160148, 0.0 ], [ 17.4295256, 78.5151726, 0.0 ], [ 17.4295153, 78.5128123, 0.0 ], [ 17.430196, 78.5115784, 0.0 ], [ 17.4305645, 78.5107738, 0.0 ], [ 17.4300681, 78.5105163, 0.0 ], [ 17.429546, 78.5104358, 0.0 ], [ 17.428983, 78.5102963, 0.0 ] ] ] } },
{ "type": "Feature", "id": 105, "properties": { "Name": "Ward 138 Moula Ali", "tessellate": -1, "extrude": 0, "visibility": -1, "_id": "relation/7858673", "admin_level": "10", "boundary": "administrative", "type": "boundary", "_timestamp": "2018-01-01T11:38:37", "_version": "1", "_changeset": "55073879", "_user": "adivik2000", "_uid": "250196" }, "geometry": { "type": "Polygon", "coordinates": [ [ [ 17.4642923, 78.5651233, 0.0 ], [ 17.4642282, 78.5643697, 0.0 ], [ 17.4635988, 78.5638332, 0.0 ], [ 17.4617771, 78.5631895, 0.0 ], [ 17.4615726, 78.5631417, 0.0 ], [ 17.4627135, 78.5607541, 0.0 ], [ 17.4619958, 78.5597261, 0.0 ], [ 17.4614528, 78.5583967, 0.0 ], [ 17.4609097, 78.5595779, 0.0 ], [ 17.4589293, 78.5588738, 0.0 ], [ 17.4580952, 78.5584071, 0.0 ], [ 17.4582289, 78.556952, 0.0 ], [ 17.4589767, 78.5549605, 0.0 ], [ 17.4596765, 78.5535604, 0.0 ], [ 17.4597807, 78.5518304, 0.0 ], [ 17.4602627, 78.5509439, 0.0 ], [ 17.4605242, 78.5491274, 0.0 ], [ 17.460921, 78.5490989, 0.0 ], [ 17.4610785, 78.548398, 0.0 ], [ 17.4609935, 78.5482192, 0.0 ], [ 17.4614217, 78.5472715, 0.0 ], [ 17.4616044, 78.546946, 0.0 ], [ 17.461946, 78.5469568, 0.0 ], [ 17.4624219, 78.5468656, 0.0 ], [ 17.4623425, 78.5473028, 0.0 ], [ 17.462702, 78.5475643, 0.0 ], [ 17.4627487, 78.5476843, 0.0 ], [ 17.4627311, 78.5483237, 0.0 ], [ 17.4627837, 78.5484825, 0.0 ], [ 17.4633115, 78.5484116, 0.0 ], [ 17.4636061, 78.5483548, 0.0 ], [ 17.4637872, 78.5481796, 0.0 ], [ 17.4639699, 78.5475234, 0.0 ], [ 17.4640305, 78.5472919, 0.0 ], [ 17.4637538, 78.5470044, 0.0 ], [ 17.4633213, 78.5467943, 0.0 ], [ 17.4637677, 78.5456264, 0.0 ], [ 17.4646683, 78.5452831, 0.0 ], [ 17.4652823, 78.5430193, 0.0 ], [ 17.4673804, 78.5437703, 0.0 ], [ 17.467713, 78.5458249, 0.0 ], [ 17.4686737, 78.5459188, 0.0 ], [ 17.4709143, 78.5466738, 0.0 ], [ 17.4732265, 78.5474288, 0.0 ], [ 17.4737279, 78.547394, 0.0 ], [ 17.4741399, 78.5473511, 0.0 ], [ 17.4770206, 78.5474128, 0.0 ], [ 17.4777472, 78.5493118, 0.0 ], [ 17.4787399, 78.5488155, 0.0 ], [ 17.4791492, 78.5488451, 0.0 ], [ 17.4792055, 78.5504168, 0.0 ], [ 17.4821067, 78.5506049, 0.0 ], [ 17.4817025, 78.5515383, 0.0 ], [ 17.4804412, 78.5545017, 0.0 ], [ 17.4787041, 78.553968, 0.0 ], [ 17.4779059, 78.5542335, 0.0 ], [ 17.4776373, 78.553968, 0.0 ], [ 17.4772945, 78.5538875, 0.0 ], [ 17.4767981, 78.5548665, 0.0 ], [ 17.4747514, 78.5555317, 0.0 ], [ 17.4731959, 78.5567977, 0.0 ], [ 17.4718655, 78.5591795, 0.0 ], [ 17.4718041, 78.5604241, 0.0 ], [ 17.4719474, 78.5617759, 0.0 ], [ 17.4694298, 78.5658743, 0.0 ], [ 17.4684269, 78.5650375, 0.0 ], [ 17.4676286, 78.5644367, 0.0 ], [ 17.4642923, 78.5651233, 0.0 ] ] ] } },
{ "type": "Feature", "id": 106, "properties": { "Name": "Ward 142 Addagutta", "tessellate": -1, "extrude": 0, "visibility": -1, "_id": "relation/7858674", "admin_level": "10", "boundary": "administrative", "type": "boundary", "_timestamp": "2018-01-01T11:38:37", "_version": "1", "_changeset": "55073879", "_user": "adivik2000", "_uid": "250196" }, "geometry": { "type": "Polygon", "coordinates": [ [ [ 17.4342137, 78.5057902, 0.0 ], [ 17.4348777, 78.5056454, 0.0 ], [ 17.4358335, 78.5053651, 0.0 ], [ 17.4365168, 78.505168, 0.0 ], [ 17.4377246, 78.504653, 0.0 ], [ 17.4393419, 78.5049534, 0.0 ], [ 17.4390757, 78.5060263, 0.0 ], [ 17.4380522, 78.5076356, 0.0 ], [ 17.4381136, 78.5081935, 0.0 ], [ 17.4391986, 78.5092878, 0.0 ], [ 17.439608, 78.5086012, 0.0 ], [ 17.4403859, 78.5087943, 0.0 ], [ 17.4418598, 78.5094166, 0.0 ], [ 17.4415527, 78.510468, 0.0 ], [ 17.4425968, 78.5108328, 0.0 ], [ 17.4423511, 78.5113263, 0.0 ], [ 17.4428015, 78.5120988, 0.0 ], [ 17.4422078, 78.5135794, 0.0 ], [ 17.4452785, 78.5149527, 0.0 ], [ 17.4446234, 78.5158324, 0.0 ], [ 17.4439274, 78.5171413, 0.0 ], [ 17.4456674, 78.5181713, 0.0 ], [ 17.4461178, 78.5184073, 0.0 ], [ 17.44567, 78.519617, 0.0 ], [ 17.4453962, 78.5207731, 0.0 ], [ 17.4451198, 78.5216099, 0.0 ], [ 17.444475, 78.5214382, 0.0 ], [ 17.4434259, 78.5214275, 0.0 ], [ 17.4429908, 78.5212344, 0.0 ], [ 17.441476, 78.5263681, 0.0 ], [ 17.4411536, 78.5310969, 0.0 ], [ 17.4400136, 78.5354501, 0.0 ], [ 17.439283, 78.5384086, 0.0 ], [ 17.437392, 78.5383415, 0.0 ], [ 17.4373868, 78.5386312, 0.0 ], [ 17.4356979, 78.5372365, 0.0 ], [ 17.4358719, 78.5364586, 0.0 ], [ 17.434531, 78.5360885, 0.0 ], [ 17.4341114, 78.5358149, 0.0 ], [ 17.433446, 78.536185, 0.0 ], [ 17.4333539, 78.5352194, 0.0 ], [ 17.4354139, 78.5306355, 0.0 ], [ 17.4361432, 78.5300428, 0.0 ], [ 17.436701, 78.5290718, 0.0 ], [ 17.4378474, 78.5260892, 0.0 ], [ 17.4387277, 78.5241151, 0.0 ], [ 17.4389529, 78.5237289, 0.0 ], [ 17.4393419, 78.5222697, 0.0 ], [ 17.4394033, 78.521111, 0.0 ], [ 17.4390143, 78.5192442, 0.0 ], [ 17.4390143, 78.5179138, 0.0 ], [ 17.4387072, 78.5163903, 0.0 ], [ 17.4371105, 78.5144806, 0.0 ], [ 17.4362507, 78.5136008, 0.0 ], [ 17.4354932, 78.5124636, 0.0 ], [ 17.4347153, 78.5092664, 0.0 ], [ 17.434531, 78.5081506, 0.0 ], [ 17.4344082, 78.5067344, 0.0 ], [ 17.4342137, 78.5057902, 0.0 ] ] ] } },
{ "type": "Feature", "id": 107, "properties": { "Name": "Ward 141 Gautham Nagar", "tessellate": -1, "extrude": 0, "visibility": -1, "_id": "relation/7858675", "admin_level": "10", "boundary": "administrative", "type": "boundary", "_timestamp": "2018-01-01T11:38:37", "_version": "1", "_changeset": "55073879", "_user": "adivik2000", "_uid": "250196" }, "geometry": { "type": "Polygon", "coordinates": [ [ [ 17.4622415, 78.5331205, 0.0 ], [ 17.4611003, 78.5330683, 0.0 ], [ 17.4601543, 78.5327759, 0.0 ], [ 17.4586373, 78.5323937, 0.0 ], [ 17.4571624, 78.5321382, 0.0 ], [ 17.4564147, 78.5324718, 0.0 ], [ 17.4559948, 78.5327513, 0.0 ], [ 17.4555647, 78.5336423, 0.0 ], [ 17.4547203, 78.5351497, 0.0 ], [ 17.4536406, 78.5344362, 0.0 ], [ 17.4523919, 78.5337067, 0.0 ], [ 17.4512865, 78.5330522, 0.0 ], [ 17.450263, 78.5324407, 0.0 ], [ 17.4503961, 78.5336101, 0.0 ], [ 17.4500225, 78.5357612, 0.0 ], [ 17.4487866, 78.5365471, 0.0 ], [ 17.4483688, 78.5363794, 0.0 ], [ 17.4457474, 78.5355322, 0.0 ], [ 17.4455107, 78.5350391, 0.0 ], [ 17.4441649, 78.5338096, 0.0 ], [ 17.4429215, 78.5333312, 0.0 ], [ 17.4420724, 78.5324603, 0.0 ], [ 17.4419708, 78.5316196, 0.0 ], [ 17.4411536, 78.5310969, 0.0 ], [ 17.441476, 78.5263681, 0.0 ], [ 17.4429908, 78.5212344, 0.0 ], [ 17.4434259, 78.5214275, 0.0 ], [ 17.444475, 78.5214382, 0.0 ], [ 17.4451198, 78.5216099, 0.0 ], [ 17.4453962, 78.5207731, 0.0 ], [ 17.44567, 78.519617, 0.0 ], [ 17.4468854, 78.5199845, 0.0 ], [ 17.4465118, 78.5215992, 0.0 ], [ 17.4470837, 78.5218607, 0.0 ], [ 17.44741, 78.5219935, 0.0 ], [ 17.4485947, 78.5223019, 0.0 ], [ 17.449132, 78.5225621, 0.0 ], [ 17.4490757, 78.5229081, 0.0 ], [ 17.4493316, 78.5235143, 0.0 ], [ 17.4500276, 78.5238898, 0.0 ], [ 17.4519518, 78.5245228, 0.0 ], [ 17.4536329, 78.5248929, 0.0 ], [ 17.4551911, 78.5252631, 0.0 ], [ 17.4566291, 78.5272479, 0.0 ], [ 17.4591775, 78.5298443, 0.0 ], [ 17.4605899, 78.5321188, 0.0 ], [ 17.4622415, 78.5331205, 0.0 ] ] ] } },
{ "type": "Feature", "id": 108, "properties": { "Name": "Ward 137 Vinayak Nagar", "tessellate": -1, "extrude": 0, "visibility": -1, "_id": "relation/7858676", "admin_level": "10", "boundary": "administrative", "type": "boundary", "_timestamp": "2018-01-01T11:38:38", "_version": "1", "_changeset": "55073879", "_user": "adivik2000", "_uid": "250196" }, "geometry": { "type": "Polygon", "coordinates": [ [ [ 17.4548828, 78.541532, 0.0 ], [ 17.4577524, 78.5407716, 0.0 ], [ 17.4606974, 78.5402727, 0.0 ], [ 17.4614701, 78.5388941, 0.0 ], [ 17.458607, 78.5374832, 0.0 ], [ 17.4586198, 78.5365149, 0.0 ], [ 17.4604078, 78.5353818, 0.0 ], [ 17.4609267, 78.5353966, 0.0 ], [ 17.4614528, 78.5359413, 0.0 ], [ 17.4622185, 78.5367731, 0.0 ], [ 17.4638931, 78.5380076, 0.0 ], [ 17.4648679, 78.5385883, 0.0 ], [ 17.4654589, 78.5386929, 0.0 ], [ 17.4666844, 78.5387975, 0.0 ], [ 17.4671091, 78.5389021, 0.0 ], [ 17.4674059, 78.538886, 0.0 ], [ 17.4707576, 78.5389772, 0.0 ], [ 17.4708497, 78.5406482, 0.0 ], [ 17.4753065, 78.5375047, 0.0 ], [ 17.478704, 78.5369253, 0.0 ], [ 17.4789906, 78.5439956, 0.0 ], [ 17.4827565, 78.5445213, 0.0 ], [ 17.4831682, 78.5487822, 0.0 ], [ 17.4821067, 78.5506049, 0.0 ], [ 17.4792055, 78.5504168, 0.0 ], [ 17.4791492, 78.5488451, 0.0 ], [ 17.4787399, 78.5488155, 0.0 ], [ 17.4777472, 78.5493118, 0.0 ], [ 17.4770206, 78.5474128, 0.0 ], [ 17.4741399, 78.5473511, 0.0 ], [ 17.4737279, 78.547394, 0.0 ], [ 17.4732265, 78.5474288, 0.0 ], [ 17.4709143, 78.5466738, 0.0 ], [ 17.4686737, 78.5459188, 0.0 ], [ 17.467713, 78.5458249, 0.0 ], [ 17.4673804, 78.5437703, 0.0 ], [ 17.4652823, 78.5430193, 0.0 ], [ 17.4646683, 78.5452831, 0.0 ], [ 17.4637677, 78.5456264, 0.0 ], [ 17.4633213, 78.5467943, 0.0 ], [ 17.4629502, 78.546614, 0.0 ], [ 17.4630192, 78.5463865, 0.0 ], [ 17.4629718, 78.5462835, 0.0 ], [ 17.4629993, 78.5459746, 0.0 ], [ 17.4624946, 78.5456978, 0.0 ], [ 17.4622735, 78.5455835, 0.0 ], [ 17.4620457, 78.545613, 0.0 ], [ 17.461337, 78.5453206, 0.0 ], [ 17.461289, 78.5451061, 0.0 ], [ 17.4608352, 78.5447413, 0.0 ], [ 17.4608027, 78.5446125, 0.0 ], [ 17.4613699, 78.5436255, 0.0 ], [ 17.4608449, 78.5431641, 0.0 ], [ 17.4607805, 78.5429496, 0.0 ], [ 17.4608752, 78.5427209, 0.0 ], [ 17.4607895, 78.5426173, 0.0 ], [ 17.4608592, 78.5425119, 0.0 ], [ 17.4603516, 78.5421695, 0.0 ], [ 17.4602104, 78.5425562, 0.0 ], [ 17.4599669, 78.5430287, 0.0 ], [ 17.4598377, 78.5431212, 0.0 ], [ 17.4596023, 78.5435128, 0.0 ], [ 17.4591161, 78.5432822, 0.0 ], [ 17.4583281, 78.5437328, 0.0 ], [ 17.4562018, 78.5430273, 0.0 ], [ 17.4548828, 78.541532, 0.0 ] ] ] } },
{ "type": "Feature", "id": 109, "properties": { "Name": "Ward 140 Malkajgiri", "tessellate": -1, "extrude": 0, "visibility": -1, "_id": "relation/7858677", "admin_level": "10", "boundary": "administrative", "type": "boundary", "_timestamp": "2018-01-01T11:38:38", "_version": "1", "_changeset": "55073879", "_user": "adivik2000", "_uid": "250196" }, "geometry": { "type": "Polygon", "coordinates": [ [ [ 17.4701487, 78.5311478, 0.0 ], [ 17.4702561, 78.534168, 0.0 ], [ 17.4725485, 78.5348305, 0.0 ], [ 17.4725063, 78.5354716, 0.0 ], [ 17.4738149, 78.5352543, 0.0 ], [ 17.4746426, 78.536358, 0.0 ], [ 17.4753065, 78.5375047, 0.0 ], [ 17.4708497, 78.5406482, 0.0 ], [ 17.4707576, 78.5389772, 0.0 ], [ 17.4674059, 78.538886, 0.0 ], [ 17.4671091, 78.5389021, 0.0 ], [ 17.4666844, 78.5387975, 0.0 ], [ 17.4654589, 78.5386929, 0.0 ], [ 17.4648679, 78.5385883, 0.0 ], [ 17.4638931, 78.5380076, 0.0 ], [ 17.4622185, 78.5367731, 0.0 ], [ 17.4614528, 78.5359413, 0.0 ], [ 17.4609267, 78.5353966, 0.0 ], [ 17.4604078, 78.5353818, 0.0 ], [ 17.4586198, 78.5365149, 0.0 ], [ 17.458607, 78.5374832, 0.0 ], [ 17.4614701, 78.5388941, 0.0 ], [ 17.4606974, 78.5402727, 0.0 ], [ 17.4577524, 78.5407716, 0.0 ], [ 17.4548828, 78.541532, 0.0 ], [ 17.4507543, 78.5451436, 0.0 ], [ 17.4490629, 78.5446179, 0.0 ], [ 17.4486203, 78.5454038, 0.0 ], [ 17.4474739, 78.5453206, 0.0 ], [ 17.4473997, 78.5454118, 0.0 ], [ 17.447566, 78.5407341, 0.0 ], [ 17.449155, 78.5402083, 0.0 ], [ 17.4483688, 78.5363794, 0.0 ], [ 17.4487866, 78.5365471, 0.0 ], [ 17.4500225, 78.5357612, 0.0 ], [ 17.4503961, 78.5336101, 0.0 ], [ 17.450263, 78.5324407, 0.0 ], [ 17.4512865, 78.5330522, 0.0 ], [ 17.4523919, 78.5337067, 0.0 ], [ 17.4536406, 78.5344362, 0.0 ], [ 17.4547203, 78.5351497, 0.0 ], [ 17.4555647, 78.5336423, 0.0 ], [ 17.4559948, 78.5327513, 0.0 ], [ 17.4564147, 78.5324718, 0.0 ], [ 17.4571624, 78.5321382, 0.0 ], [ 17.4586373, 78.5323937, 0.0 ], [ 17.4601543, 78.5327759, 0.0 ], [ 17.4611003, 78.5330683, 0.0 ], [ 17.4622415, 78.5331205, 0.0 ], [ 17.462624, 78.533138, 0.0 ], [ 17.4654717, 78.5323226, 0.0 ], [ 17.4701487, 78.5311478, 0.0 ] ] ] } },
{ "type": "Feature", "id": 110, "properties": { "Name": "Ward 23 Gaddiannaram", "tessellate": -1, "extrude": 0, "visibility": -1, "_id": "relation/7861517", "admin_level": "10", "boundary": "administrative", "type": "boundary", "_timestamp": "2018-01-01T18:13:01", "_version": "1", "_changeset": "55082663", "_user": "adivik2000", "_uid": "250196" }, "geometry": { "type": "Polygon", "coordinates": [ [ [ 17.3620256, 78.5221839, 0.0 ], [ 17.362128, 78.5233212, 0.0 ], [ 17.3652819, 78.5246516, 0.0 ], [ 17.3664902, 78.5239649, 0.0 ], [ 17.3668179, 78.5229135, 0.0 ], [ 17.3685842, 78.5231442, 0.0 ], [ 17.3685586, 78.5244906, 0.0 ], [ 17.3684716, 78.5283583, 0.0 ], [ 17.3683641, 78.5329342, 0.0 ], [ 17.368277, 78.5368609, 0.0 ], [ 17.3681491, 78.5380787, 0.0 ], [ 17.3681097, 78.5382226, 0.0 ], [ 17.3642067, 78.5362923, 0.0 ], [ 17.3630599, 78.5361314, 0.0 ], [ 17.3618618, 78.53611, 0.0 ], [ 17.3624352, 78.5341359, 0.0 ], [ 17.3617594, 78.5336101, 0.0 ], [ 17.3605715, 78.5333205, 0.0 ], [ 17.3587283, 78.5326553, 0.0 ], [ 17.3587693, 78.5304559, 0.0 ], [ 17.3565727, 78.5302574, 0.0 ], [ 17.3575814, 78.5275913, 0.0 ], [ 17.3591174, 78.5245335, 0.0 ], [ 17.3594579, 78.5242573, 0.0 ], [ 17.3600595, 78.5239649, 0.0 ], [ 17.3608992, 78.5229564, 0.0 ], [ 17.3620256, 78.5221839, 0.0 ] ] ] } },
{ "type": "Feature", "id": 111, "properties": { "Name": "Ward 22 Chaitanyapuri", "tessellate": -1, "extrude": 0, "visibility": -1, "_id": "relation/7861518", "admin_level": "10", "boundary": "administrative", "type": "boundary", "_timestamp": "2018-01-02T05:11:26", "_version": "2", "_changeset": "55091718", "_user": "adivik2000", "_uid": "250196" }, "geometry": { "type": "Polygon", "coordinates": [ [ [ 17.3763099, 78.5251827, 0.0 ], [ 17.3758287, 78.528192, 0.0 ], [ 17.377344, 78.5312176, 0.0 ], [ 17.3793714, 78.5348439, 0.0 ], [ 17.3829857, 78.5389423, 0.0 ], [ 17.3837229, 78.5432017, 0.0 ], [ 17.3826775, 78.5431498, 0.0 ], [ 17.3778867, 78.542912, 0.0 ], [ 17.37546, 78.5426438, 0.0 ], [ 17.3755317, 78.5411632, 0.0 ], [ 17.3763201, 78.5403371, 0.0 ], [ 17.3765966, 78.5397148, 0.0 ], [ 17.3765556, 78.538996, 0.0 ], [ 17.3745078, 78.5391676, 0.0 ], [ 17.3745487, 78.5382557, 0.0 ], [ 17.3709649, 78.5390496, 0.0 ], [ 17.3712516, 78.5402942, 0.0 ], [ 17.3704913, 78.5403264, 0.0 ], [ 17.3703071, 78.5400662, 0.0 ], [ 17.3685126, 78.5385454, 0.0 ], [ 17.3681097, 78.5382226, 0.0 ], [ 17.3681491, 78.5380787, 0.0 ], [ 17.368277, 78.5368609, 0.0 ], [ 17.3683641, 78.5329342, 0.0 ], [ 17.3684716, 78.5283583, 0.0 ], [ 17.3685586, 78.5244906, 0.0 ], [ 17.3698488, 78.5247374, 0.0 ], [ 17.3698284, 78.5234929, 0.0 ], [ 17.3743695, 78.5246247, 0.0 ], [ 17.3754907, 78.52485, 0.0 ], [ 17.3763099, 78.5251827, 0.0 ] ] ] } },
{ "type": "Feature", "id": 112, "properties": { "Name": "Ward 19 Saroornagar", "tessellate": -1, "extrude": 0, "visibility": -1, "_id": "relation/7861519", "admin_level": "10", "boundary": "administrative", "type": "boundary", "_timestamp": "2018-01-01T18:13:01", "_version": "1", "_changeset": "55082663", "_user": "adivik2000", "_uid": "250196" }, "geometry": { "type": "Polygon", "coordinates": [ [ [ 17.3726237, 78.5464096, 0.0 ], [ 17.3670636, 78.5456908, 0.0 ], [ 17.3662854, 78.5438025, 0.0 ], [ 17.3652205, 78.5427082, 0.0 ], [ 17.3619437, 78.543824, 0.0 ], [ 17.3598855, 78.544414, 0.0 ], [ 17.3527467, 78.5463187, 0.0 ], [ 17.3529528, 78.5441137, 0.0 ], [ 17.3530347, 78.5420323, 0.0 ], [ 17.350454, 78.540659, 0.0 ], [ 17.3544069, 78.5322476, 0.0 ], [ 17.3556357, 78.530531, 0.0 ], [ 17.3565727, 78.5302574, 0.0 ], [ 17.3587693, 78.5304559, 0.0 ], [ 17.3587283, 78.5326553, 0.0 ], [ 17.3605715, 78.5333205, 0.0 ], [ 17.3617594, 78.5336101, 0.0 ], [ 17.3624352, 78.5341359, 0.0 ], [ 17.3618618, 78.53611, 0.0 ], [ 17.3630599, 78.5361314, 0.0 ], [ 17.3642067, 78.5362923, 0.0 ], [ 17.3681097, 78.5382226, 0.0 ], [ 17.3685126, 78.5385454, 0.0 ], [ 17.3703071, 78.5400662, 0.0 ], [ 17.3704913, 78.5403264, 0.0 ], [ 17.3721425, 78.5433841, 0.0 ], [ 17.3726237, 78.5464096, 0.0 ] ] ] } },
{ "type": "Feature", "id": 113, "properties": { "Name": "Ward 18 Lingojiguda", "tessellate": -1, "extrude": 0, "visibility": -1, "_id": "relation/7861520", "admin_level": "10", "boundary": "administrative", "type": "boundary", "_timestamp": "2018-01-03T06:03:16", "_version": "2", "_changeset": "55119646", "_user": "divya25", "_uid": "5731581" }, "geometry": { "type": "Polygon", "coordinates": [ [ [ 17.3505758, 78.5540999, 0.0 ], [ 17.3465216, 78.5510243, 0.0 ], [ 17.3442276, 78.548656, 0.0 ], [ 17.3422095, 78.5466539, 0.0 ], [ 17.34295, 78.5447842, 0.0 ], [ 17.3430806, 78.540734, 0.0 ], [ 17.343777, 78.5355521, 0.0 ], [ 17.3440418, 78.5337081, 0.0 ], [ 17.3452108, 78.5253597, 0.0 ], [ 17.3462246, 78.5248661, 0.0 ], [ 17.3541406, 78.5252095, 0.0 ], [ 17.3543455, 78.5265828, 0.0 ], [ 17.3517648, 78.5280204, 0.0 ], [ 17.3489794, 78.5276127, 0.0 ], [ 17.3489384, 78.5281063, 0.0 ], [ 17.3501878, 78.5290504, 0.0 ], [ 17.3511094, 78.5301662, 0.0 ], [ 17.3509456, 78.5308528, 0.0 ], [ 17.3529118, 78.5300804, 0.0 ], [ 17.3556357, 78.530531, 0.0 ], [ 17.3544069, 78.5322476, 0.0 ], [ 17.350454, 78.540659, 0.0 ], [ 17.3530347, 78.5420323, 0.0 ], [ 17.3529528, 78.5441137, 0.0 ], [ 17.3527467, 78.5463187, 0.0 ], [ 17.351642, 78.5466134, 0.0 ], [ 17.3510787, 78.5469997, 0.0 ], [ 17.3514167, 78.5503578, 0.0 ], [ 17.352451, 78.5506153, 0.0 ], [ 17.3523998, 78.5517955, 0.0 ], [ 17.351007, 78.5525465, 0.0 ], [ 17.3505758, 78.5540999, 0.0 ] ] ] } },
{ "type": "Feature", "id": 114, "properties": { "Name": "Ward 38 IS Sadan", "tessellate": -1, "extrude": 0, "visibility": -1, "_id": "relation/7861521", "admin_level": "10", "boundary": "administrative", "type": "boundary", "_timestamp": "2018-01-01T18:13:01", "_version": "1", "_changeset": "55082663", "_user": "adivik2000", "_uid": "250196" }, "geometry": { "type": "Polygon", "coordinates": [ [ [ 17.3484865, 78.508558, 0.0 ], [ 17.3489589, 78.5085476, 0.0 ], [ 17.3502697, 78.5078395, 0.0 ], [ 17.3523396, 78.5066633, 0.0 ], [ 17.3565126, 78.5054818, 0.0 ], [ 17.356839, 78.5062784, 0.0 ], [ 17.3571308, 78.5091806, 0.0 ], [ 17.357991, 78.5158539, 0.0 ], [ 17.3577043, 78.5189224, 0.0 ], [ 17.3581139, 78.519094, 0.0 ], [ 17.3586618, 78.5217655, 0.0 ], [ 17.3594579, 78.5242573, 0.0 ], [ 17.3582982, 78.5244584, 0.0 ], [ 17.3574995, 78.5237933, 0.0 ], [ 17.3560454, 78.5233641, 0.0 ], [ 17.3541816, 78.5233212, 0.0 ], [ 17.3541406, 78.5252095, 0.0 ], [ 17.3462246, 78.5248661, 0.0 ], [ 17.3452108, 78.5253597, 0.0 ], [ 17.3446577, 78.5252738, 0.0 ], [ 17.3439204, 78.5262823, 0.0 ], [ 17.343818, 78.5188365, 0.0 ], [ 17.3450674, 78.5185576, 0.0 ], [ 17.3465011, 78.516562, 0.0 ], [ 17.3483035, 78.5166264, 0.0 ], [ 17.3503516, 78.5170555, 0.0 ], [ 17.3509866, 78.514309, 0.0 ], [ 17.3492456, 78.5138154, 0.0 ], [ 17.3507408, 78.5100389, 0.0 ], [ 17.3485493, 78.5096956, 0.0 ], [ 17.3484865, 78.508558, 0.0 ] ] ] } },
{ "type": "Feature", "id": 115, "properties": { "Name": "Ward 17 Champapet", "tessellate": -1, "extrude": 0, "visibility": -1, "_id": "relation/7861522", "admin_level": "10", "boundary": "administrative", "type": "boundary", "_timestamp": "2018-01-03T13:15:24", "_version": "3", "_changeset": "55128738", "_user": "adivik2000", "_uid": "250196" }, "geometry": { "type": "Polygon", "coordinates": [ [ [ 17.3413439, 78.5189892, 0.0 ], [ 17.3423842, 78.5159612, 0.0 ], [ 17.3428144, 78.511777, 0.0 ], [ 17.3435517, 78.506949, 0.0 ], [ 17.3441252, 78.507582, 0.0 ], [ 17.347986, 78.508569, 0.0 ], [ 17.3484865, 78.508558, 0.0 ], [ 17.3485493, 78.5096956, 0.0 ], [ 17.3507408, 78.5100389, 0.0 ], [ 17.3492456, 78.5138154, 0.0 ], [ 17.3509866, 78.514309, 0.0 ], [ 17.3503516, 78.5170555, 0.0 ], [ 17.3483035, 78.5166264, 0.0 ], [ 17.3465011, 78.516562, 0.0 ], [ 17.3450674, 78.5185576, 0.0 ], [ 17.343818, 78.5188365, 0.0 ], [ 17.3439204, 78.5262823, 0.0 ], [ 17.3446577, 78.5252738, 0.0 ], [ 17.3452108, 78.5253597, 0.0 ], [ 17.3440418, 78.5337081, 0.0 ], [ 17.343777, 78.5355521, 0.0 ], [ 17.3430806, 78.540734, 0.0 ], [ 17.34295, 78.5447842, 0.0 ], [ 17.3422095, 78.5466539, 0.0 ], [ 17.3387691, 78.5427296, 0.0 ], [ 17.3383281, 78.5418689, 0.0 ], [ 17.3379754, 78.5408252, 0.0 ], [ 17.3374909, 78.5361209, 0.0 ], [ 17.3371407, 78.5337496, 0.0 ], [ 17.3382263, 78.5280633, 0.0 ], [ 17.3396952, 78.523788, 0.0 ], [ 17.3413439, 78.5189892, 0.0 ] ] ] } },
{ "type": "Feature", "id": 116, "properties": { "Name": "Ward 27 Akbarbagh", "tessellate": -1, "extrude": 0, "visibility": -1, "_id": "relation/7861523", "admin_level": "10", "boundary": "administrative", "type": "boundary", "_timestamp": "2018-01-01T18:13:01", "_version": "1", "_changeset": "55082663", "_user": "adivik2000", "_uid": "250196" }, "geometry": { "type": "Polygon", "coordinates": [ [ [ 17.3630432, 78.5037437, 0.0 ], [ 17.3643399, 78.5012198, 0.0 ], [ 17.3682514, 78.5017133, 0.0 ], [ 17.3699103, 78.50137, 0.0 ], [ 17.3713848, 78.4999752, 0.0 ], [ 17.3709342, 78.4989453, 0.0 ], [ 17.3704837, 78.4990096, 0.0 ], [ 17.3697369, 78.4985252, 0.0 ], [ 17.3708318, 78.4961987, 0.0 ], [ 17.3718967, 78.4968424, 0.0 ], [ 17.3729821, 78.4976149, 0.0 ], [ 17.374088, 78.4976149, 0.0 ], [ 17.3753013, 78.4980977, 0.0 ], [ 17.3737808, 78.5008335, 0.0 ], [ 17.3727824, 78.507346, 0.0 ], [ 17.3718558, 78.510452, 0.0 ], [ 17.3699787, 78.514087, 0.0 ], [ 17.3679443, 78.5136223, 0.0 ], [ 17.3684358, 78.5121847, 0.0 ], [ 17.3666131, 78.5119057, 0.0 ], [ 17.3655686, 78.512249, 0.0 ], [ 17.3653434, 78.5104037, 0.0 ], [ 17.3622919, 78.509996, 0.0 ], [ 17.3618618, 78.5056615, 0.0 ], [ 17.3630432, 78.5037437, 0.0 ] ] ] } },
{ "type": "Feature", "id": 117, "properties": { "Name": "Ward 24 Saidabad", "tessellate": -1, "extrude": 0, "visibility": -1, "_id": "relation/7861524", "admin_level": "10", "boundary": "administrative", "type": "boundary", "_timestamp": "2018-01-01T18:13:02", "_version": "1", "_changeset": "55082663", "_user": "adivik2000", "_uid": "250196" }, "geometry": { "type": "Polygon", "coordinates": [ [ [ 17.3622867, 78.5039851, 0.0 ], [ 17.3630432, 78.5037437, 0.0 ], [ 17.3618618, 78.5056615, 0.0 ], [ 17.3622919, 78.509996, 0.0 ], [ 17.3653434, 78.5104037, 0.0 ], [ 17.3655686, 78.512249, 0.0 ], [ 17.3666131, 78.5119057, 0.0 ], [ 17.3684358, 78.5121847, 0.0 ], [ 17.3679443, 78.5136223, 0.0 ], [ 17.3699787, 78.514087, 0.0 ], [ 17.3688658, 78.5190726, 0.0 ], [ 17.3672889, 78.5199416, 0.0 ], [ 17.3656096, 78.5213471, 0.0 ], [ 17.3638688, 78.5217762, 0.0 ], [ 17.3625581, 78.5218835, 0.0 ], [ 17.3620256, 78.5221839, 0.0 ], [ 17.3608992, 78.5229564, 0.0 ], [ 17.3600595, 78.5239649, 0.0 ], [ 17.3594579, 78.5242573, 0.0 ], [ 17.3586618, 78.5217655, 0.0 ], [ 17.3581139, 78.519094, 0.0 ], [ 17.3577043, 78.5189224, 0.0 ], [ 17.357991, 78.5158539, 0.0 ], [ 17.3571308, 78.5091806, 0.0 ], [ 17.356839, 78.5062784, 0.0 ], [ 17.3565126, 78.5054818, 0.0 ], [ 17.3622867, 78.5039851, 0.0 ] ] ] } },
{ "type": "Feature", "id": 118, "properties": { "Name": "Ward 25 Moosarambagh", "tessellate": -1, "extrude": 0, "visibility": -1, "_id": "relation/7861525", "admin_level": "10", "boundary": "administrative", "type": "boundary", "_timestamp": "2018-01-02T13:04:46", "_version": "2", "_changeset": "55100180", "_user": "adivik2000", "_uid": "250196" }, "geometry": { "type": "Polygon", "coordinates": [ [ [ 17.3799858, 78.5169911, 0.0 ], [ 17.3795864, 78.517372, 0.0 ], [ 17.3786495, 78.5185844, 0.0 ], [ 17.3773645, 78.5217654, 0.0 ], [ 17.3763099, 78.5251827, 0.0 ], [ 17.3754907, 78.52485, 0.0 ], [ 17.3743695, 78.5246247, 0.0 ], [ 17.3698284, 78.5234929, 0.0 ], [ 17.3698488, 78.5247374, 0.0 ], [ 17.3685586, 78.5244906, 0.0 ], [ 17.3685842, 78.5231442, 0.0 ], [ 17.3668179, 78.5229135, 0.0 ], [ 17.3664902, 78.5239649, 0.0 ], [ 17.3652819, 78.5246516, 0.0 ], [ 17.362128, 78.5233212, 0.0 ], [ 17.3620256, 78.5221839, 0.0 ], [ 17.3625581, 78.5218835, 0.0 ], [ 17.3638688, 78.5217762, 0.0 ], [ 17.3656096, 78.5213471, 0.0 ], [ 17.3672889, 78.5199416, 0.0 ], [ 17.3688658, 78.5190726, 0.0 ], [ 17.3699787, 78.514087, 0.0 ], [ 17.3718558, 78.510452, 0.0 ], [ 17.3727824, 78.507346, 0.0 ], [ 17.3748662, 78.5077429, 0.0 ], [ 17.3758286, 78.508215, 0.0 ], [ 17.3767297, 78.5105539, 0.0 ], [ 17.377815, 78.5111761, 0.0 ], [ 17.3785113, 78.511262, 0.0 ], [ 17.3791052, 78.5111976, 0.0 ], [ 17.3797605, 78.5128713, 0.0 ], [ 17.3782246, 78.5154462, 0.0 ], [ 17.3792076, 78.5163904, 0.0 ], [ 17.3799858, 78.5169911, 0.0 ] ] ] } },
{ "type": "Feature", "id": 119, "properties": { "Name": "Ward 26 Old Malakpet", "tessellate": -1, "extrude": 0, "visibility": -1, "_id": "relation/7861526", "admin_level": "10", "boundary": "administrative", "type": "boundary", "_timestamp": "2018-01-02T13:04:46", "_version": "2", "_changeset": "55100180", "_user": "adivik2000", "_uid": "250196" }, "geometry": { "type": "Polygon", "coordinates": [ [ [ 17.3792076, 78.5163904, 0.0 ], [ 17.3782246, 78.5154462, 0.0 ], [ 17.3797605, 78.5128713, 0.0 ], [ 17.3791052, 78.5111976, 0.0 ], [ 17.3785113, 78.511262, 0.0 ], [ 17.377815, 78.5111761, 0.0 ], [ 17.3767297, 78.5105539, 0.0 ], [ 17.3758286, 78.508215, 0.0 ], [ 17.3748662, 78.5077429, 0.0 ], [ 17.3727824, 78.507346, 0.0 ], [ 17.3737808, 78.5008335, 0.0 ], [ 17.3753013, 78.4980977, 0.0 ], [ 17.3756648, 78.4965206, 0.0 ], [ 17.3772826, 78.495276, 0.0 ], [ 17.3800676, 78.4949541, 0.0 ], [ 17.3807281, 78.4948522, 0.0 ], [ 17.3849925, 78.5002542, 0.0 ], [ 17.3860266, 78.5030651, 0.0 ], [ 17.3858731, 78.506788, 0.0 ], [ 17.3858731, 78.5109078, 0.0 ], [ 17.3824943, 78.5145771, 0.0 ], [ 17.3799858, 78.5169911, 0.0 ], [ 17.3792076, 78.5163904, 0.0 ] ] ] } },
{ "type": "Feature", "id": 120, "properties": { "Name": "Ward 28 Azampura", "tessellate": -1, "extrude": 0, "visibility": -1, "_id": "relation/7861527", "admin_level": "10", "boundary": "administrative", "type": "boundary", "_timestamp": "2018-01-02T13:04:46", "_version": "3", "_changeset": "55100180", "_user": "adivik2000", "_uid": "250196" }, "geometry": { "type": "Polygon", "coordinates": [ [ [ 17.3798628, 78.491832, 0.0 ], [ 17.3807281, 78.4948522, 0.0 ], [ 17.3800676, 78.4949541, 0.0 ], [ 17.3772826, 78.495276, 0.0 ], [ 17.3756648, 78.4965206, 0.0 ], [ 17.3753013, 78.4980977, 0.0 ], [ 17.374088, 78.4976149, 0.0 ], [ 17.3729821, 78.4976149, 0.0 ], [ 17.3718967, 78.4968424, 0.0 ], [ 17.3708318, 78.4961987, 0.0 ], [ 17.3697369, 78.4985252, 0.0 ], [ 17.3691935, 78.4981728, 0.0 ], [ 17.3678419, 78.4969068, 0.0 ], [ 17.3671251, 78.4938813, 0.0 ], [ 17.3668384, 78.493495, 0.0 ], [ 17.3671046, 78.4916926, 0.0 ], [ 17.3669331, 78.4898928, 0.0 ], [ 17.3669766, 78.4889674, 0.0 ], [ 17.3674528, 78.4870792, 0.0 ], [ 17.3684562, 78.4869933, 0.0 ], [ 17.3703403, 78.4881735, 0.0 ], [ 17.3714667, 78.4879589, 0.0 ], [ 17.3735146, 78.4878302, 0.0 ], [ 17.3744361, 78.4882379, 0.0 ], [ 17.375972, 78.4880662, 0.0 ], [ 17.3775693, 78.4879589, 0.0 ], [ 17.3786547, 78.4880233, 0.0 ], [ 17.3794226, 78.4880193, 0.0 ], [ 17.3798628, 78.491832, 0.0 ] ] ] } },
{ "type": "Feature", "id": 121, "properties": { "Name": "Ward 29 Chawni", "tessellate": -1, "extrude": 0, "visibility": -1, "_id": "relation/7861528", "admin_level": "10", "boundary": "administrative", "type": "boundary", "_timestamp": "2018-01-01T18:13:02", "_version": "1", "_changeset": "55082663", "_user": "adivik2000", "_uid": "250196" }, "geometry": { "type": "Polygon", "coordinates": [ [ [ 17.3580934, 78.4957481, 0.0 ], [ 17.361145, 78.4924221, 0.0 ], [ 17.3626093, 78.4923041, 0.0 ], [ 17.3669331, 78.4898928, 0.0 ], [ 17.3671046, 78.4916926, 0.0 ], [ 17.3668384, 78.493495, 0.0 ], [ 17.3671251, 78.4938813, 0.0 ], [ 17.3678419, 78.4969068, 0.0 ], [ 17.3691935, 78.4981728, 0.0 ], [ 17.3697369, 78.4985252, 0.0 ], [ 17.3704837, 78.4990096, 0.0 ], [ 17.3709342, 78.4989453, 0.0 ], [ 17.3713848, 78.4999752, 0.0 ], [ 17.3699103, 78.50137, 0.0 ], [ 17.3682514, 78.5017133, 0.0 ], [ 17.3643399, 78.5012198, 0.0 ], [ 17.3630432, 78.5037437, 0.0 ], [ 17.3622867, 78.5039851, 0.0 ], [ 17.3618515, 78.5009086, 0.0 ], [ 17.3615341, 78.4975505, 0.0 ], [ 17.3594246, 78.4969068, 0.0 ], [ 17.3594451, 78.4964455, 0.0 ], [ 17.3580934, 78.4957481, 0.0 ] ] ] } },
{ "type": "Feature", "id": 122, "properties": { "Name": "Ward 37 Rein Bazar", "tessellate": -1, "extrude": 0, "visibility": -1, "_id": "relation/7861529", "admin_level": "10", "boundary": "administrative", "type": "boundary", "_timestamp": "2018-01-01T18:13:03", "_version": "1", "_changeset": "55082663", "_user": "adivik2000", "_uid": "250196" }, "geometry": { "type": "Polygon", "coordinates": [ [ [ 17.3580934, 78.4957481, 0.0 ], [ 17.3576531, 78.4959948, 0.0 ], [ 17.3561375, 78.4962845, 0.0 ], [ 17.3555538, 78.4934736, 0.0 ], [ 17.3553081, 78.4916067, 0.0 ], [ 17.3538437, 78.4918642, 0.0 ], [ 17.3541611, 78.490609, 0.0 ], [ 17.3542943, 78.4892464, 0.0 ], [ 17.3545554, 78.4882673, 0.0 ], [ 17.3557381, 78.488946, 0.0 ], [ 17.3570079, 78.4897399, 0.0 ], [ 17.3586873, 78.484869, 0.0 ], [ 17.3590355, 78.4831953, 0.0 ], [ 17.3620051, 78.4834743, 0.0 ], [ 17.3619232, 78.484397, 0.0 ], [ 17.3617082, 78.4873528, 0.0 ], [ 17.361488, 78.4877336, 0.0 ], [ 17.3611744, 78.488663, 0.0 ], [ 17.3608173, 78.4906197, 0.0 ], [ 17.3599776, 78.4910703, 0.0 ], [ 17.3598547, 78.4925294, 0.0 ], [ 17.361145, 78.4924221, 0.0 ], [ 17.3580934, 78.4957481, 0.0 ] ] ] } },
{ "type": "Feature", "id": 123, "properties": { "Name": "Ward 37 Kurmaguda", "tessellate": -1, "extrude": 0, "visibility": -1, "_id": "relation/7861530", "admin_level": "10", "boundary": "administrative", "type": "boundary", "_timestamp": "2018-01-01T18:13:03", "_version": "1", "_changeset": "55082663", "_user": "adivik2000", "_uid": "250196" }, "geometry": { "type": "Polygon", "coordinates": [ [ [ 17.3538437, 78.4918642, 0.0 ], [ 17.3553081, 78.4916067, 0.0 ], [ 17.3555538, 78.4934736, 0.0 ], [ 17.3561375, 78.4962845, 0.0 ], [ 17.3576531, 78.4959948, 0.0 ], [ 17.3580934, 78.4957481, 0.0 ], [ 17.3594451, 78.4964455, 0.0 ], [ 17.3594246, 78.4969068, 0.0 ], [ 17.3615341, 78.4975505, 0.0 ], [ 17.3618515, 78.5009086, 0.0 ], [ 17.3622867, 78.5039851, 0.0 ], [ 17.3565126, 78.5054818, 0.0 ], [ 17.3523396, 78.5066633, 0.0 ], [ 17.3520209, 78.5055435, 0.0 ], [ 17.3502467, 78.5023651, 0.0 ], [ 17.3507254, 78.5024107, 0.0 ], [ 17.3517495, 78.5020539, 0.0 ], [ 17.3528055, 78.5020432, 0.0 ], [ 17.3527556, 78.4989506, 0.0 ], [ 17.3549983, 78.4989909, 0.0 ], [ 17.354924, 78.4985161, 0.0 ], [ 17.3548639, 78.4964374, 0.0 ], [ 17.3550572, 78.4956568, 0.0 ], [ 17.355116, 78.4950239, 0.0 ], [ 17.3547346, 78.4948388, 0.0 ], [ 17.3544216, 78.4946121, 0.0 ], [ 17.3538002, 78.4936754, 0.0 ], [ 17.353156, 78.4930619, 0.0 ], [ 17.3538437, 78.4918642, 0.0 ] ] ] } },
{ "type": "Feature", "id": 124, "properties": { "Name": "Ward 39 Santhosh Nagar", "tessellate": -1, "extrude": 0, "visibility": -1, "_id": "relation/7861531", "admin_level": "10", "boundary": "administrative", "type": "boundary", "_timestamp": "2018-01-01T18:13:03", "_version": "1", "_changeset": "55082663", "_user": "adivik2000", "_uid": "250196" }, "geometry": { "type": "Polygon", "coordinates": [ [ [ 17.3441662, 78.5019493, 0.0 ], [ 17.3467469, 78.501724, 0.0 ], [ 17.3472589, 78.5004258, 0.0 ], [ 17.3489077, 78.4983552, 0.0 ], [ 17.3491228, 78.4970355, 0.0 ], [ 17.3504105, 78.4957186, 0.0 ], [ 17.3530244, 78.4932912, 0.0 ], [ 17.353156, 78.4930619, 0.0 ], [ 17.3538002, 78.4936754, 0.0 ], [ 17.3544216, 78.4946121, 0.0 ], [ 17.3547346, 78.4948388, 0.0 ], [ 17.355116, 78.4950239, 0.0 ], [ 17.3550572, 78.4956568, 0.0 ], [ 17.3548639, 78.4964374, 0.0 ], [ 17.354924, 78.4985161, 0.0 ], [ 17.3549983, 78.4989909, 0.0 ], [ 17.3527556, 78.4989506, 0.0 ], [ 17.3528055, 78.5020432, 0.0 ], [ 17.3517495, 78.5020539, 0.0 ], [ 17.3507254, 78.5024107, 0.0 ], [ 17.3502467, 78.5023651, 0.0 ], [ 17.3520209, 78.5055435, 0.0 ], [ 17.3523396, 78.5066633, 0.0 ], [ 17.3502697, 78.5078395, 0.0 ], [ 17.3489589, 78.5085476, 0.0 ], [ 17.3484865, 78.508558, 0.0 ], [ 17.347986, 78.508569, 0.0 ], [ 17.3441252, 78.507582, 0.0 ], [ 17.3435517, 78.506949, 0.0 ], [ 17.3421999, 78.5047174, 0.0 ], [ 17.3424252, 78.5040844, 0.0 ], [ 17.3432752, 78.5038269, 0.0 ], [ 17.3441662, 78.5019493, 0.0 ] ] ] } },
{ "type": "Feature", "id": 125, "properties": { "Name": "Ward 41 Kanchanbagh", "tessellate": -1, "extrude": 0, "visibility": -1, "_id": "relation/7861532", "admin_level": "10", "boundary": "administrative", "type": "boundary", "_timestamp": "2018-01-03T13:15:24", "_version": "2", "_changeset": "55128738", "_user": "adivik2000", "_uid": "250196" }, "geometry": { "type": "Polygon", "coordinates": [ [ [ 17.3169231, 78.483088, 0.0 ], [ 17.3175581, 78.4866071, 0.0 ], [ 17.3185619, 78.4865213, 0.0 ], [ 17.3188077, 78.4856844, 0.0 ], [ 17.3183058, 78.4848905, 0.0 ], [ 17.3187565, 78.4845793, 0.0 ], [ 17.3189511, 78.4843648, 0.0 ], [ 17.3193096, 78.4842468, 0.0 ], [ 17.3199343, 78.4842789, 0.0 ], [ 17.3199395, 78.4864998, 0.0 ], [ 17.3212863, 78.4852231, 0.0 ], [ 17.3211225, 78.4868002, 0.0 ], [ 17.3246253, 78.4872079, 0.0 ], [ 17.3229865, 78.4888172, 0.0 ], [ 17.3230275, 78.4913707, 0.0 ], [ 17.3251374, 78.491242, 0.0 ], [ 17.3254651, 78.4911239, 0.0 ], [ 17.3274111, 78.4925401, 0.0 ], [ 17.3287016, 78.4925831, 0.0 ], [ 17.3294595, 78.4921539, 0.0 ], [ 17.3304222, 78.4921003, 0.0 ], [ 17.3317639, 78.4920788, 0.0 ], [ 17.3327548, 78.4914538, 0.0 ], [ 17.3340836, 78.4930337, 0.0 ], [ 17.339742, 78.5008872, 0.0 ], [ 17.3409607, 78.5004258, 0.0 ], [ 17.3414728, 78.4997821, 0.0 ], [ 17.3424047, 78.5002113, 0.0 ], [ 17.3436746, 78.5001254, 0.0 ], [ 17.3437156, 78.5016167, 0.0 ], [ 17.3441662, 78.5019493, 0.0 ], [ 17.3432752, 78.5038269, 0.0 ], [ 17.3424252, 78.5040844, 0.0 ], [ 17.3421999, 78.5047174, 0.0 ], [ 17.3402131, 78.5055113, 0.0 ], [ 17.3364238, 78.5050124, 0.0 ], [ 17.3357171, 78.5066754, 0.0 ], [ 17.3349286, 78.5071367, 0.0 ], [ 17.3330236, 78.5072708, 0.0 ], [ 17.323765, 78.508215, 0.0 ], [ 17.3222389, 78.5096956, 0.0 ], [ 17.3188794, 78.5097814, 0.0 ], [ 17.3168309, 78.5090626, 0.0 ], [ 17.3168411, 78.5081721, 0.0 ], [ 17.3187667, 78.5076571, 0.0 ], [ 17.3186848, 78.5052002, 0.0 ], [ 17.3162476, 78.5056328, 0.0 ], [ 17.3137888, 78.5060692, 0.0 ], [ 17.3137069, 78.5038805, 0.0 ], [ 17.3136659, 78.5005761, 0.0 ], [ 17.3133996, 78.4978295, 0.0 ], [ 17.3140142, 78.4962416, 0.0 ], [ 17.3158169, 78.4952116, 0.0 ], [ 17.3174557, 78.4949434, 0.0 ], [ 17.3169436, 78.496821, 0.0 ], [ 17.3198217, 78.4966278, 0.0 ], [ 17.318864, 78.4936399, 0.0 ], [ 17.3179268, 78.4937096, 0.0 ], [ 17.3180293, 78.4926582, 0.0 ], [ 17.3173328, 78.4897722, 0.0 ], [ 17.3155096, 78.4898365, 0.0 ], [ 17.3142805, 78.4897613, 0.0 ], [ 17.3125187, 78.4832597, 0.0 ], [ 17.3131845, 78.4831631, 0.0 ], [ 17.3169231, 78.483088, 0.0 ] ] ] } },
{ "type": "Feature", "id": 126, "properties": { "Name": "Ward 75 Red Hills", "tessellate": -1, "extrude": 0, "visibility": -1, "_id": "relation/7865918", "admin_level": "10", "boundary": "administrative", "type": "boundary", "_timestamp": "2018-01-01T20:14:04", "_version": "1", "_changeset": "55085177", "_user": "adivik2000", "_uid": "250196" }, "geometry": { "type": "Polygon", "coordinates": [ [ [ 17.3921425, 78.4700697, 0.0 ], [ 17.3922516, 78.4690976, 0.0 ], [ 17.3915145, 78.4683895, 0.0 ], [ 17.3908388, 78.4676385, 0.0 ], [ 17.3910845, 78.4657717, 0.0 ], [ 17.3918012, 78.4651924, 0.0 ], [ 17.3935417, 78.4635616, 0.0 ], [ 17.3943608, 78.4616733, 0.0 ], [ 17.3947498, 78.4596992, 0.0 ], [ 17.3929069, 78.4571457, 0.0 ], [ 17.3935827, 78.4565235, 0.0 ], [ 17.393186, 78.4552833, 0.0 ], [ 17.3948932, 78.4538842, 0.0 ], [ 17.3953232, 78.4552575, 0.0 ], [ 17.3950774, 78.4574891, 0.0 ], [ 17.3961217, 78.4570599, 0.0 ], [ 17.3968384, 78.4568239, 0.0 ], [ 17.3980874, 78.4571887, 0.0 ], [ 17.3987631, 78.4572316, 0.0 ], [ 17.398845, 78.4596563, 0.0 ], [ 17.4013636, 78.4582401, 0.0 ], [ 17.4026331, 78.4576393, 0.0 ], [ 17.4040459, 78.4555579, 0.0 ], [ 17.4039844, 78.4536481, 0.0 ], [ 17.4033958, 78.4530097, 0.0 ], [ 17.4040049, 78.4522426, 0.0 ], [ 17.404527, 78.4517705, 0.0 ], [ 17.40509, 78.4516525, 0.0 ], [ 17.4071835, 78.4513338, 0.0 ], [ 17.4084863, 78.4532297, 0.0 ], [ 17.4086117, 78.454556, 0.0 ], [ 17.4091876, 78.4554961, 0.0 ], [ 17.4093962, 78.4567259, 0.0 ], [ 17.4091992, 78.4578135, 0.0 ], [ 17.4089906, 78.4582708, 0.0 ], [ 17.4029056, 78.4590071, 0.0 ], [ 17.4031232, 78.4601256, 0.0 ], [ 17.4026446, 78.4614157, 0.0 ], [ 17.4031232, 78.4629888, 0.0 ], [ 17.4042161, 78.4643259, 0.0 ], [ 17.4028404, 78.46652, 0.0 ], [ 17.4027137, 78.4680703, 0.0 ], [ 17.4007288, 78.470149, 0.0 ], [ 17.3997459, 78.4707069, 0.0 ], [ 17.3983331, 78.4709215, 0.0 ], [ 17.3959579, 78.4709644, 0.0 ], [ 17.3942174, 78.4704065, 0.0 ], [ 17.3921425, 78.4700697, 0.0 ] ] ] } },
{ "type": "Feature", "id": 127, "properties": { "Name": "Ward 77 Jambagh", "tessellate": -1, "extrude": 0, "visibility": -1, "_id": "relation/7865919", "admin_level": "10", "boundary": "administrative", "type": "boundary", "_timestamp": "2018-01-01T20:14:05", "_version": "1", "_changeset": "55085177", "_user": "adivik2000", "_uid": "250196" }, "geometry": { "type": "Polygon", "coordinates": [ [ [ 17.3793919, 78.4793544, 0.0 ], [ 17.3786546, 78.4784746, 0.0 ], [ 17.37974, 78.4781957, 0.0 ], [ 17.3794943, 78.4777236, 0.0 ], [ 17.3795557, 78.4769082, 0.0 ], [ 17.3798014, 78.4749556, 0.0 ], [ 17.3802929, 78.4719086, 0.0 ], [ 17.3810301, 78.4695268, 0.0 ], [ 17.3814192, 78.4680676, 0.0 ], [ 17.3828526, 78.4674239, 0.0 ], [ 17.3830369, 78.4659433, 0.0 ], [ 17.3826274, 78.4635401, 0.0 ], [ 17.3840813, 78.4634757, 0.0 ], [ 17.3845114, 78.4634972, 0.0 ], [ 17.3872758, 78.4617162, 0.0 ], [ 17.3882587, 78.4617162, 0.0 ], [ 17.3906647, 78.4638298, 0.0 ], [ 17.3910845, 78.4657717, 0.0 ], [ 17.3908388, 78.4676385, 0.0 ], [ 17.3915145, 78.4683895, 0.0 ], [ 17.3922516, 78.4690976, 0.0 ], [ 17.3921425, 78.4700697, 0.0 ], [ 17.3913097, 78.4699345, 0.0 ], [ 17.3886068, 78.4742045, 0.0 ], [ 17.3885761, 78.4763074, 0.0 ], [ 17.3897944, 78.4763932, 0.0 ], [ 17.3899787, 78.4802341, 0.0 ], [ 17.3878082, 78.480792, 0.0 ], [ 17.3857195, 78.4795904, 0.0 ], [ 17.3851256, 78.4844613, 0.0 ], [ 17.3793919, 78.4793544, 0.0 ] ] ] } },
{ "type": "Feature", "id": 128, "properties": { "Name": "Ward 50 Begum Bazar", "tessellate": -1, "extrude": 0, "visibility": -1, "_id": "relation/7865920", "admin_level": "10", "boundary": "administrative", "type": "boundary", "_timestamp": "2018-01-02T08:41:46", "_version": "3", "_changeset": "55094174", "_user": "adivik2000", "_uid": "250196" }, "geometry": { "type": "Polygon", "coordinates": [ [ [ 17.3736879, 78.4818241, 0.0 ], [ 17.3732356, 78.4812399, 0.0 ], [ 17.3727876, 78.4802798, 0.0 ], [ 17.3723166, 78.4793597, 0.0 ], [ 17.3718071, 78.4778685, 0.0 ], [ 17.3715281, 78.4771014, 0.0 ], [ 17.3713131, 78.4763503, 0.0 ], [ 17.3708625, 78.4744942, 0.0 ], [ 17.3702379, 78.4712219, 0.0 ], [ 17.3696972, 78.4688506, 0.0 ], [ 17.370197, 78.4688616, 0.0 ], [ 17.3714667, 78.4687757, 0.0 ], [ 17.3706475, 78.4623599, 0.0 ], [ 17.3749685, 78.4628105, 0.0 ], [ 17.3765044, 78.4632826, 0.0 ], [ 17.3771802, 78.4635186, 0.0 ], [ 17.3768935, 78.4650207, 0.0 ], [ 17.3764225, 78.4673166, 0.0 ], [ 17.3755624, 78.4693551, 0.0 ], [ 17.3766068, 78.470149, 0.0 ], [ 17.3773236, 78.4713507, 0.0 ], [ 17.3802929, 78.4719086, 0.0 ], [ 17.3798014, 78.4749556, 0.0 ], [ 17.3795557, 78.4769082, 0.0 ], [ 17.3794943, 78.4777236, 0.0 ], [ 17.37974, 78.4781957, 0.0 ], [ 17.3786546, 78.4784746, 0.0 ], [ 17.3793919, 78.4793544, 0.0 ], [ 17.3786751, 78.4815216, 0.0 ], [ 17.3768935, 78.480792, 0.0 ], [ 17.3763611, 78.4810925, 0.0 ], [ 17.3755829, 78.4807062, 0.0 ], [ 17.3749509, 78.4802437, 0.0 ], [ 17.3736879, 78.4818241, 0.0 ] ] ] } },
{ "type": "Feature", "id": 129, "properties": { "Name": "Ward 51 Goshamahal", "tessellate": -1, "extrude": 0, "visibility": -1, "_id": "relation/7865921", "admin_level": "10", "boundary": "administrative", "type": "boundary", "_timestamp": "2018-01-02T08:41:46", "_version": "2", "_changeset": "55094174", "_user": "adivik2000", "_uid": "250196" }, "geometry": { "type": "Polygon", "coordinates": [ [ [ 17.3674886, 78.4582508, 0.0 ], [ 17.3686508, 78.4577466, 0.0 ], [ 17.3741597, 78.460064, 0.0 ], [ 17.3786752, 78.4609867, 0.0 ], [ 17.3822179, 78.4617806, 0.0 ], [ 17.3824022, 78.4616948, 0.0 ], [ 17.3826274, 78.4635401, 0.0 ], [ 17.3830369, 78.4659433, 0.0 ], [ 17.3828526, 78.4674239, 0.0 ], [ 17.3814192, 78.4680676, 0.0 ], [ 17.3810301, 78.4695268, 0.0 ], [ 17.3802929, 78.4719086, 0.0 ], [ 17.3773236, 78.4713507, 0.0 ], [ 17.3766068, 78.470149, 0.0 ], [ 17.3755624, 78.4693551, 0.0 ], [ 17.3764225, 78.4673166, 0.0 ], [ 17.3768935, 78.4650207, 0.0 ], [ 17.3771802, 78.4635186, 0.0 ], [ 17.3765044, 78.4632826, 0.0 ], [ 17.3749685, 78.4628105, 0.0 ], [ 17.3706475, 78.4623599, 0.0 ], [ 17.3714667, 78.4687757, 0.0 ], [ 17.370197, 78.4688616, 0.0 ], [ 17.3696972, 78.4688506, 0.0 ], [ 17.3695212, 78.4680784, 0.0 ], [ 17.368405, 78.4619522, 0.0 ], [ 17.3674886, 78.4582508, 0.0 ] ] ] } },
{ "type": "Feature", "id": 130, "properties": { "Name": "Ward 62 Ziaguda", "tessellate": -1, "extrude": 0, "visibility": -1, "_id": "relation/7865922", "admin_level": "10", "boundary": "administrative", "type": "boundary", "_timestamp": "2018-01-02T08:41:46", "_version": "2", "_changeset": "55094174", "_user": "adivik2000", "_uid": "250196" }, "geometry": { "type": "Polygon", "coordinates": [ [ [ 17.3637306, 78.4556436, 0.0 ], [ 17.3624342, 78.4550221, 0.0 ], [ 17.3613191, 78.4538734, 0.0 ], [ 17.3603462, 78.4522319, 0.0 ], [ 17.3598956, 78.4490991, 0.0 ], [ 17.3649133, 78.4446896, 0.0 ], [ 17.3698897, 78.4401191, 0.0 ], [ 17.3712107, 78.4400761, 0.0 ], [ 17.3718148, 78.4404731, 0.0 ], [ 17.3727364, 78.440913, 0.0 ], [ 17.3726647, 78.4420395, 0.0 ], [ 17.3728285, 78.4423399, 0.0 ], [ 17.3726032, 78.4430158, 0.0 ], [ 17.3721834, 78.443048, 0.0 ], [ 17.3724497, 78.4457517, 0.0 ], [ 17.3715998, 78.4469533, 0.0 ], [ 17.370668, 78.4468138, 0.0 ], [ 17.3702174, 78.4463632, 0.0 ], [ 17.3696952, 78.4461808, 0.0 ], [ 17.3696031, 78.4484768, 0.0 ], [ 17.370924, 78.4496999, 0.0 ], [ 17.3695314, 78.4510839, 0.0 ], [ 17.3692652, 78.4534765, 0.0 ], [ 17.3692857, 78.4548068, 0.0 ], [ 17.3689785, 78.4559226, 0.0 ], [ 17.3686508, 78.4577466, 0.0 ], [ 17.3674886, 78.4582508, 0.0 ], [ 17.3663904, 78.4571779, 0.0 ], [ 17.3653997, 78.4564752, 0.0 ], [ 17.3637306, 78.4556436, 0.0 ] ] ] } },
{ "type": "Feature", "id": 131, "properties": { "Name": "Ward 65 Karwan", "tessellate": -1, "extrude": 0, "visibility": -1, "_id": "relation/7865924", "admin_level": "10", "boundary": "administrative", "type": "boundary", "_timestamp": "2018-01-02T08:41:46", "_version": "2", "_changeset": "55094174", "_user": "adivik2000", "_uid": "250196" }, "geometry": { "type": "Polygon", "coordinates": [ [ [ 17.3722661, 78.4270362, 0.0 ], [ 17.3729617, 78.4268797, 0.0 ], [ 17.3750505, 78.4261823, 0.0 ], [ 17.3772622, 78.4257102, 0.0 ], [ 17.3799448, 78.4256244, 0.0 ], [ 17.380938, 78.4294385, 0.0 ], [ 17.382525, 78.4297872, 0.0 ], [ 17.3831905, 78.4345079, 0.0 ], [ 17.3825147, 78.4363854, 0.0 ], [ 17.3810967, 78.4374744, 0.0 ], [ 17.3795864, 78.4378607, 0.0 ], [ 17.3786189, 78.4378553, 0.0 ], [ 17.3793868, 78.4361065, 0.0 ], [ 17.3775489, 78.4356559, 0.0 ], [ 17.3768731, 78.4357524, 0.0 ], [ 17.3767093, 78.4359456, 0.0 ], [ 17.376269, 78.438263, 0.0 ], [ 17.3774772, 78.4392179, 0.0 ], [ 17.3763714, 78.4394914, 0.0 ], [ 17.375757, 78.4410525, 0.0 ], [ 17.3770369, 78.4417928, 0.0 ], [ 17.3770267, 78.444711, 0.0 ], [ 17.3780096, 78.4449578, 0.0 ], [ 17.3776513, 78.4477956, 0.0 ], [ 17.3748048, 78.4482193, 0.0 ], [ 17.3735351, 78.4480477, 0.0 ], [ 17.3728183, 78.4492064, 0.0 ], [ 17.3721016, 78.4506441, 0.0 ], [ 17.3717125, 78.4523178, 0.0 ], [ 17.3716101, 78.4536267, 0.0 ], [ 17.3705042, 78.4534765, 0.0 ], [ 17.3697567, 78.4530929, 0.0 ], [ 17.3692652, 78.4534765, 0.0 ], [ 17.3695314, 78.4510839, 0.0 ], [ 17.370924, 78.4496999, 0.0 ], [ 17.3696031, 78.4484768, 0.0 ], [ 17.3696952, 78.4461808, 0.0 ], [ 17.3702174, 78.4463632, 0.0 ], [ 17.370668, 78.4468138, 0.0 ], [ 17.3715998, 78.4469533, 0.0 ], [ 17.3724497, 78.4457517, 0.0 ], [ 17.3721834, 78.443048, 0.0 ], [ 17.3726032, 78.4430158, 0.0 ], [ 17.3728285, 78.4423399, 0.0 ], [ 17.3726647, 78.4420395, 0.0 ], [ 17.3727364, 78.440913, 0.0 ], [ 17.3718148, 78.4404731, 0.0 ], [ 17.3712107, 78.4400761, 0.0 ], [ 17.3698897, 78.4401191, 0.0 ], [ 17.3711185, 78.4390141, 0.0 ], [ 17.3735247, 78.4367073, 0.0 ], [ 17.374436, 78.4349693, 0.0 ], [ 17.3747843, 78.4338641, 0.0 ], [ 17.3743951, 78.4324373, 0.0 ], [ 17.3722661, 78.4270362, 0.0 ] ] ] } },
{ "type": "Feature", "id": 132, "properties": { "Name": "Ward 34 Talab Chanchalam", "tessellate": -1, "extrude": 0, "visibility": -1, "_id": "relation/7865925", "admin_level": "10", "boundary": "administrative", "type": "boundary", "_timestamp": "2018-01-01T20:14:05", "_version": "1", "_changeset": "55085177", "_user": "adivik2000", "_uid": "250196" }, "geometry": { "type": "Polygon", "coordinates": [ [ [ 17.3541611, 78.490609, 0.0 ], [ 17.350239, 78.4897346, 0.0 ], [ 17.3489435, 78.4890479, 0.0 ], [ 17.3485288, 78.4887958, 0.0 ], [ 17.347474, 78.4880662, 0.0 ], [ 17.3460095, 78.4865535, 0.0 ], [ 17.3475969, 78.4851909, 0.0 ], [ 17.348068, 78.4837961, 0.0 ], [ 17.3525534, 78.4837961, 0.0 ], [ 17.3534853, 78.480202, 0.0 ], [ 17.3557381, 78.4809208, 0.0 ], [ 17.3570372, 78.4816517, 0.0 ], [ 17.3555948, 78.4832597, 0.0 ], [ 17.3551032, 78.4855771, 0.0 ], [ 17.3545554, 78.4882673, 0.0 ], [ 17.3542943, 78.4892464, 0.0 ], [ 17.3541611, 78.490609, 0.0 ] ] ] } },
{ "type": "Feature", "id": 133, "properties": { "Name": "Ward 83 Amberpet", "tessellate": -1, "extrude": 0, "visibility": -1, "_id": "relation/7866626", "admin_level": "10", "boundary": "administrative", "type": "boundary", "_timestamp": "2018-01-01T20:34:01", "_version": "1", "_changeset": "55085615", "_user": "adivik2000", "_uid": "250196" }, "geometry": { "type": "Polygon", "coordinates": [ [ [ 17.392062, 78.5162647, 0.0 ], [ 17.3926407, 78.5202956, 0.0 ], [ 17.3957224, 78.5277897, 0.0 ], [ 17.3961872, 78.5288971, 0.0 ], [ 17.3952515, 78.5294419, 0.0 ], [ 17.3949034, 78.5283852, 0.0 ], [ 17.3881102, 78.5273713, 0.0 ], [ 17.3863338, 78.5268188, 0.0 ], [ 17.3836513, 78.5271192, 0.0 ], [ 17.3829909, 78.5281974, 0.0 ], [ 17.3822793, 78.5281223, 0.0 ], [ 17.3809623, 78.5283865, 0.0 ], [ 17.3763099, 78.5251827, 0.0 ], [ 17.3773645, 78.5217654, 0.0 ], [ 17.3786495, 78.5185844, 0.0 ], [ 17.3795864, 78.517372, 0.0 ], [ 17.3799858, 78.5169911, 0.0 ], [ 17.381583, 78.5182357, 0.0 ], [ 17.3830574, 78.5179138, 0.0 ], [ 17.3850642, 78.5170126, 0.0 ], [ 17.3885658, 78.5163903, 0.0 ], [ 17.392062, 78.5162647, 0.0 ] ] ] } },
{ "type": "Feature", "id": 134, "properties": { "Name": "Ward 82 Golnaka", "tessellate": -1, "extrude": 0, "visibility": -1, "_id": "relation/7866627", "admin_level": "10", "boundary": "administrative", "type": "boundary", "_timestamp": "2018-01-02T13:04:46", "_version": "2", "_changeset": "55100180", "_user": "adivik2000", "_uid": "250196" }, "geometry": { "type": "Polygon", "coordinates": [ [ [ 17.3937761, 78.503792, 0.0 ], [ 17.3935826, 78.5044813, 0.0 ], [ 17.3914735, 78.5050178, 0.0 ], [ 17.3899582, 78.5045242, 0.0 ], [ 17.3893644, 78.5046959, 0.0 ], [ 17.3903883, 78.5060263, 0.0 ], [ 17.3912688, 78.5108972, 0.0 ], [ 17.3919445, 78.5154462, 0.0 ], [ 17.392062, 78.5162647, 0.0 ], [ 17.3885658, 78.5163903, 0.0 ], [ 17.3850642, 78.5170126, 0.0 ], [ 17.3830574, 78.5179138, 0.0 ], [ 17.381583, 78.5182357, 0.0 ], [ 17.3799858, 78.5169911, 0.0 ], [ 17.3824943, 78.5145771, 0.0 ], [ 17.3858731, 78.5109078, 0.0 ], [ 17.3858731, 78.506788, 0.0 ], [ 17.3860266, 78.5030651, 0.0 ], [ 17.3849925, 78.5002542, 0.0 ], [ 17.3807281, 78.4948522, 0.0 ], [ 17.3798628, 78.491832, 0.0 ], [ 17.3809047, 78.4916631, 0.0 ], [ 17.3811223, 78.4923229, 0.0 ], [ 17.3814627, 78.4928405, 0.0 ], [ 17.3817929, 78.4931141, 0.0 ], [ 17.3824635, 78.4933448, 0.0 ], [ 17.3835079, 78.4935594, 0.0 ], [ 17.3836103, 78.4949756, 0.0 ], [ 17.3926789, 78.5028413, 0.0 ], [ 17.3937761, 78.503792, 0.0 ] ] ] } },
{ "type": "Feature", "id": 135, "properties": { "Name": "Ward 80 Kachiguda", "tessellate": -1, "extrude": 0, "visibility": -1, "_id": "relation/7866628", "admin_level": "10", "boundary": "administrative", "type": "boundary", "_timestamp": "2018-01-01T20:34:01", "_version": "1", "_changeset": "55085615", "_user": "adivik2000", "_uid": "250196" }, "geometry": { "type": "Polygon", "coordinates": [ [ [ 17.3907159, 78.4890532, 0.0 ], [ 17.3949341, 78.4899759, 0.0 ], [ 17.3988041, 78.4945464, 0.0 ], [ 17.3972888, 78.4953779, 0.0 ], [ 17.3963162, 78.4961906, 0.0 ], [ 17.3956123, 78.4972528, 0.0 ], [ 17.3937761, 78.503792, 0.0 ], [ 17.3926789, 78.5028413, 0.0 ], [ 17.3836103, 78.4949756, 0.0 ], [ 17.3835079, 78.4935594, 0.0 ], [ 17.3824635, 78.4933448, 0.0 ], [ 17.3817929, 78.4931141, 0.0 ], [ 17.3814627, 78.4928405, 0.0 ], [ 17.3811223, 78.4923229, 0.0 ], [ 17.3809047, 78.4916631, 0.0 ], [ 17.3838356, 78.4918427, 0.0 ], [ 17.3845113, 78.4910917, 0.0 ], [ 17.3843475, 78.489933, 0.0 ], [ 17.38617, 78.4900403, 0.0 ], [ 17.3875829, 78.4891605, 0.0 ], [ 17.3879515, 78.4886456, 0.0 ], [ 17.3893644, 78.4883237, 0.0 ], [ 17.3907159, 78.4890532, 0.0 ] ] ] } },
{ "type": "Feature", "id": 136, "properties": { "Name": "Ward 58 Shastripuram", "tessellate": -1, "extrude": 0, "visibility": -1, "_id": "relation/7867246", "admin_level": "10", "boundary": "administrative", "type": "boundary", "_timestamp": "2018-01-01T21:02:30", "_version": "1", "_changeset": "55086287", "_user": "adivik2000", "_uid": "250196" }, "geometry": { "type": "Polygon", "coordinates": [ [ [ 17.3366737, 78.4491781, 0.0 ], [ 17.3369564, 78.4506279, 0.0 ], [ 17.3364443, 78.453691, 0.0 ], [ 17.3348057, 78.4538627, 0.0 ], [ 17.3329007, 78.4549141, 0.0 ], [ 17.3314566, 78.4547746, 0.0 ], [ 17.3300484, 78.4548122, 0.0 ], [ 17.3294083, 78.4547317, 0.0 ], [ 17.3288245, 78.4575641, 0.0 ], [ 17.3263767, 78.4578109, 0.0 ], [ 17.3249018, 78.4577036, 0.0 ], [ 17.3235396, 78.4576929, 0.0 ], [ 17.3218804, 78.4570492, 0.0 ], [ 17.3198422, 78.4569204, 0.0 ], [ 17.3199753, 78.4593129, 0.0 ], [ 17.3208562, 78.4615123, 0.0 ], [ 17.3224847, 78.4636688, 0.0 ], [ 17.3240825, 78.4655893, 0.0 ], [ 17.3239698, 78.4661043, 0.0 ], [ 17.3220142, 78.4668542, 0.0 ], [ 17.3213785, 78.4664583, 0.0 ], [ 17.3173533, 78.4658575, 0.0 ], [ 17.3165227, 78.4662698, 0.0 ], [ 17.3157861, 78.4659272, 0.0 ], [ 17.3150589, 78.4650421, 0.0 ], [ 17.3143214, 78.4631324, 0.0 ], [ 17.3145314, 78.4615445, 0.0 ], [ 17.3084625, 78.4623384, 0.0 ], [ 17.3088518, 78.4594846, 0.0 ], [ 17.304058, 78.4591627, 0.0 ], [ 17.3022142, 78.4565449, 0.0 ], [ 17.3040529, 78.4541738, 0.0 ], [ 17.3048724, 78.45559, 0.0 ], [ 17.308355, 78.4563624, 0.0 ], [ 17.3132511, 78.4564268, 0.0 ], [ 17.315525, 78.4563624, 0.0 ], [ 17.3164059, 78.4534442, 0.0 ], [ 17.3203185, 78.4541738, 0.0 ], [ 17.3247021, 78.441385, 0.0 ], [ 17.3242515, 78.438853, 0.0 ], [ 17.3208511, 78.4330594, 0.0 ], [ 17.3215321, 78.4320617, 0.0 ], [ 17.3230122, 78.4330487, 0.0 ], [ 17.3290293, 78.435806, 0.0 ], [ 17.329631, 78.4363076, 0.0 ], [ 17.3345598, 78.4412242, 0.0 ], [ 17.3350027, 78.443268, 0.0 ], [ 17.3367707, 78.4433498, 0.0 ], [ 17.3386256, 78.4415085, 0.0 ], [ 17.3406329, 78.4370936, 0.0 ], [ 17.3427528, 78.4397114, 0.0 ], [ 17.3445553, 78.4396363, 0.0 ], [ 17.3445553, 78.4398106, 0.0 ], [ 17.3445246, 78.4399259, 0.0 ], [ 17.3444734, 78.4400439, 0.0 ], [ 17.344179, 78.4401995, 0.0 ], [ 17.3439358, 78.4402558, 0.0 ], [ 17.3425788, 78.4400573, 0.0 ], [ 17.3424534, 78.440111, 0.0 ], [ 17.3423484, 78.4401861, 0.0 ], [ 17.3417544, 78.4403014, 0.0 ], [ 17.3410068, 78.4405589, 0.0 ], [ 17.3407431, 78.4409961, 0.0 ], [ 17.3404333, 78.4419697, 0.0 ], [ 17.3399827, 78.4422541, 0.0 ], [ 17.339742, 78.4423399, 0.0 ], [ 17.3394655, 78.4425437, 0.0 ], [ 17.3393759, 78.4428924, 0.0 ], [ 17.3393938, 78.4432357, 0.0 ], [ 17.3395269, 78.4433591, 0.0 ], [ 17.3396985, 78.4434557, 0.0 ], [ 17.339911, 78.4435549, 0.0 ], [ 17.3399904, 78.4436434, 0.0 ], [ 17.3400441, 78.4437588, 0.0 ], [ 17.3400313, 78.4441504, 0.0 ], [ 17.3397727, 78.4446841, 0.0 ], [ 17.3388203, 78.4453386, 0.0 ], [ 17.3379472, 78.4460467, 0.0 ], [ 17.3372431, 78.4461164, 0.0 ], [ 17.336772, 78.4462023, 0.0 ], [ 17.3364417, 78.4463713, 0.0 ], [ 17.3362779, 78.4471545, 0.0 ], [ 17.3363342, 78.4475058, 0.0 ], [ 17.3364955, 78.4480262, 0.0 ], [ 17.3359885, 78.4482944, 0.0 ], [ 17.3366737, 78.4491781, 0.0 ] ] ] } },
{ "type": "Feature", "id": 137, "properties": { "Name": "Ward 57 Suleman Nagar", "tessellate": -1, "extrude": 0, "visibility": -1, "_id": "relation/7867247", "admin_level": "10", "boundary": "administrative", "type": "boundary", "_timestamp": "2018-01-01T21:02:30", "_version": "1", "_changeset": "55086287", "_user": "adivik2000", "_uid": "250196" }, "geometry": { "type": "Polygon", "coordinates": [ [ [ 17.329631, 78.4363076, 0.0 ], [ 17.3299613, 78.4359348, 0.0 ], [ 17.330709, 78.4345186, 0.0 ], [ 17.3316717, 78.4319544, 0.0 ], [ 17.3327266, 78.4323406, 0.0 ], [ 17.337576, 78.4274, 0.0 ], [ 17.3378166, 78.4257317, 0.0 ], [ 17.3383902, 78.4254742, 0.0 ], [ 17.342036, 78.4230709, 0.0 ], [ 17.3436336, 78.4172773, 0.0 ], [ 17.3453951, 78.4156895, 0.0 ], [ 17.3483854, 78.4164619, 0.0 ], [ 17.3492557, 78.4167308, 0.0 ], [ 17.351478, 78.4195734, 0.0 ], [ 17.3522973, 78.4228671, 0.0 ], [ 17.3523792, 78.4262896, 0.0 ], [ 17.3518262, 78.4285856, 0.0 ], [ 17.3523178, 78.4308172, 0.0 ], [ 17.3536285, 78.4324802, 0.0 ], [ 17.3530909, 78.4323836, 0.0 ], [ 17.3529885, 78.432625, 0.0 ], [ 17.3528759, 78.432684, 0.0 ], [ 17.352753, 78.4326679, 0.0 ], [ 17.3527427, 78.4323353, 0.0 ], [ 17.3526403, 78.4322549, 0.0 ], [ 17.3525072, 78.4322173, 0.0 ], [ 17.3524406, 78.4324104, 0.0 ], [ 17.3523024, 78.432456, 0.0 ], [ 17.351263, 78.4321583, 0.0 ], [ 17.3500751, 78.4314502, 0.0 ], [ 17.3494811, 78.4307636, 0.0 ], [ 17.3491329, 78.4308387, 0.0 ], [ 17.3484468, 78.4320081, 0.0 ], [ 17.3478528, 78.4329737, 0.0 ], [ 17.3474534, 78.4330703, 0.0 ], [ 17.3469004, 78.432963, 0.0 ], [ 17.3465881, 78.433022, 0.0 ], [ 17.346373, 78.432904, 0.0 ], [ 17.346245, 78.4327216, 0.0 ], [ 17.3463577, 78.4325338, 0.0 ], [ 17.3465062, 78.4323675, 0.0 ], [ 17.3465574, 78.4321476, 0.0 ], [ 17.346414, 78.4317882, 0.0 ], [ 17.3461836, 78.4316862, 0.0 ], [ 17.3459327, 78.4316862, 0.0 ], [ 17.3453131, 78.431815, 0.0 ], [ 17.3449803, 78.431815, 0.0 ], [ 17.3448727, 78.4317399, 0.0 ], [ 17.3451236, 78.4311176, 0.0 ], [ 17.3454257, 78.4307099, 0.0 ], [ 17.3454053, 78.4304095, 0.0 ], [ 17.3450468, 78.4301735, 0.0 ], [ 17.3436438, 78.4302057, 0.0 ], [ 17.3431266, 78.4296799, 0.0 ], [ 17.3425736, 78.4294171, 0.0 ], [ 17.342251, 78.429004, 0.0 ], [ 17.341995, 78.4276737, 0.0 ], [ 17.3418619, 78.4274162, 0.0 ], [ 17.3416673, 78.4272981, 0.0 ], [ 17.3413703, 78.4273625, 0.0 ], [ 17.3413191, 78.4281886, 0.0 ], [ 17.3412269, 78.4289504, 0.0 ], [ 17.3410938, 78.4294976, 0.0 ], [ 17.3410016, 78.4296907, 0.0 ], [ 17.3401618, 78.4296478, 0.0 ], [ 17.3400492, 78.4300447, 0.0 ], [ 17.3400082, 78.4307206, 0.0 ], [ 17.3408992, 78.4312571, 0.0 ], [ 17.341442, 78.431064, 0.0 ], [ 17.3420462, 78.4312249, 0.0 ], [ 17.3426018, 78.4314395, 0.0 ], [ 17.343101, 78.4317721, 0.0 ], [ 17.3435004, 78.4321154, 0.0 ], [ 17.3435107, 78.4326518, 0.0 ], [ 17.3440125, 78.4331454, 0.0 ], [ 17.3440534, 78.4337247, 0.0 ], [ 17.343951, 78.4343041, 0.0 ], [ 17.3440227, 78.4360314, 0.0 ], [ 17.3444631, 78.4364069, 0.0 ], [ 17.3452312, 78.4366859, 0.0 ], [ 17.3448625, 78.4375549, 0.0 ], [ 17.3444426, 78.4381879, 0.0 ], [ 17.3445143, 78.4386922, 0.0 ], [ 17.3445553, 78.4396363, 0.0 ], [ 17.3427528, 78.4397114, 0.0 ], [ 17.3406329, 78.4370936, 0.0 ], [ 17.3386256, 78.4415085, 0.0 ], [ 17.3367707, 78.4433498, 0.0 ], [ 17.3350027, 78.443268, 0.0 ], [ 17.3345598, 78.4412242, 0.0 ], [ 17.329631, 78.4363076, 0.0 ] ] ] } },
{ "type": "Feature", "id": 138, "properties": { "Name": "Ward 56 Kishanbagh", "tessellate": -1, "extrude": 0, "visibility": -1, "_id": "relation/7867248", "admin_level": "10", "boundary": "administrative", "type": "boundary", "_timestamp": "2018-01-01T21:02:30", "_version": "1", "_changeset": "55086287", "_user": "adivik2000", "_uid": "250196" }, "geometry": { "type": "Polygon", "coordinates": [ [ [ 17.3698897, 78.4401191, 0.0 ], [ 17.3649133, 78.4446896, 0.0 ], [ 17.3598956, 78.4490991, 0.0 ], [ 17.3603462, 78.4522319, 0.0 ], [ 17.3613191, 78.4538734, 0.0 ], [ 17.3624342, 78.4550221, 0.0 ], [ 17.3622177, 78.4560111, 0.0 ], [ 17.3589946, 78.455236, 0.0 ], [ 17.3561712, 78.4545906, 0.0 ], [ 17.3577452, 78.4488201, 0.0 ], [ 17.3589536, 78.447597, 0.0 ], [ 17.359015, 78.4452367, 0.0 ], [ 17.3577452, 78.4459019, 0.0 ], [ 17.3572128, 78.445859, 0.0 ], [ 17.3565164, 78.4457088, 0.0 ], [ 17.355861, 78.4456444, 0.0 ], [ 17.3553285, 78.4461379, 0.0 ], [ 17.3551032, 78.444829, 0.0 ], [ 17.3535672, 78.4441853, 0.0 ], [ 17.3526046, 78.4438205, 0.0 ], [ 17.352666, 78.4436059, 0.0 ], [ 17.3535877, 78.4436059, 0.0 ], [ 17.3543659, 78.4431124, 0.0 ], [ 17.3540382, 78.4418035, 0.0 ], [ 17.3542635, 78.4408164, 0.0 ], [ 17.3553695, 78.4410095, 0.0 ], [ 17.3559634, 78.4388423, 0.0 ], [ 17.3536901, 78.4384346, 0.0 ], [ 17.3522359, 78.4373188, 0.0 ], [ 17.3526762, 78.4364713, 0.0 ], [ 17.3561886, 78.4364606, 0.0 ], [ 17.356926, 78.4399582, 0.0 ], [ 17.3599775, 78.436997, 0.0 ], [ 17.3646675, 78.4382255, 0.0 ], [ 17.3665925, 78.4387995, 0.0 ], [ 17.3698897, 78.4401191, 0.0 ] ] ] } },
{ "type": "Feature", "id": 139, "properties": { "Name": "Ward 61 Attapur", "tessellate": -1, "extrude": 0, "visibility": -1, "_id": "relation/7867249", "admin_level": "10", "boundary": "administrative", "type": "boundary", "_timestamp": "2018-01-02T08:41:47", "_version": "2", "_changeset": "55094174", "_user": "adivik2000", "_uid": "250196" }, "geometry": { "type": "Polygon", "coordinates": [ [ [ 17.3714871, 78.4122133, 0.0 ], [ 17.3711697, 78.4171808, 0.0 ], [ 17.3718761, 78.4257103, 0.0 ], [ 17.3722661, 78.4270362, 0.0 ], [ 17.3743951, 78.4324373, 0.0 ], [ 17.3747843, 78.4338641, 0.0 ], [ 17.374436, 78.4349693, 0.0 ], [ 17.3735247, 78.4367073, 0.0 ], [ 17.3711185, 78.4390141, 0.0 ], [ 17.3698897, 78.4401191, 0.0 ], [ 17.3665925, 78.4387995, 0.0 ], [ 17.3646675, 78.4382255, 0.0 ], [ 17.3599775, 78.436997, 0.0 ], [ 17.356926, 78.4399582, 0.0 ], [ 17.3561886, 78.4364606, 0.0 ], [ 17.3526762, 78.4364713, 0.0 ], [ 17.3524406, 78.4361065, 0.0 ], [ 17.3521949, 78.435967, 0.0 ], [ 17.3521949, 78.4358168, 0.0 ], [ 17.3527683, 78.4352589, 0.0 ], [ 17.3529424, 78.4349585, 0.0 ], [ 17.3529015, 78.4341217, 0.0 ], [ 17.3530756, 78.4336389, 0.0 ], [ 17.3537514, 78.4327699, 0.0 ], [ 17.3536285, 78.4324802, 0.0 ], [ 17.3523178, 78.4308172, 0.0 ], [ 17.3518262, 78.4285856, 0.0 ], [ 17.3523792, 78.4262896, 0.0 ], [ 17.3522973, 78.4228671, 0.0 ], [ 17.351478, 78.4195734, 0.0 ], [ 17.3492557, 78.4167308, 0.0 ], [ 17.3515805, 78.417449, 0.0 ], [ 17.3548165, 78.4207964, 0.0 ], [ 17.3586669, 78.4247232, 0.0 ], [ 17.359568, 78.4231997, 0.0 ], [ 17.3641555, 78.4219122, 0.0 ], [ 17.3650157, 78.4207964, 0.0 ], [ 17.364729, 78.4201097, 0.0 ], [ 17.366183, 78.4122562, 0.0 ], [ 17.3683538, 78.4128356, 0.0 ], [ 17.3714871, 78.4122133, 0.0 ] ] ] } },
{ "type": "Feature", "id": 140, "properties": { "Name": "Ward 112 Ramachandrapuram", "tessellate": -1, "extrude": 0, "visibility": -1, "_id": "relation/7867250", "admin_level": "10", "boundary": "administrative", "type": "boundary", "_timestamp": "2018-01-03T13:15:24", "_version": "2", "_changeset": "55128738", "_user": "adivik2000", "_uid": "250196" }, "geometry": { "type": "Polygon", "coordinates": [ [ [ 17.52436, 78.2873298, 0.0 ], [ 17.5231528, 78.2874799, 0.0 ], [ 17.5222934, 78.2874584, 0.0 ], [ 17.5219558, 78.2879305, 0.0 ], [ 17.5203597, 78.2884562, 0.0 ], [ 17.5197254, 78.2884562, 0.0 ], [ 17.5195617, 78.2896042, 0.0 ], [ 17.5177098, 78.290484, 0.0 ], [ 17.5160114, 78.2898617, 0.0 ], [ 17.5143233, 78.2909131, 0.0 ], [ 17.5132285, 78.2938528, 0.0 ], [ 17.5129829, 78.2996035, 0.0 ], [ 17.5104762, 78.3015668, 0.0 ], [ 17.510732, 78.3059228, 0.0 ], [ 17.5082764, 78.3066201, 0.0 ], [ 17.5079899, 78.3081436, 0.0 ], [ 17.5070895, 78.308959, 0.0 ], [ 17.5059435, 78.3102035, 0.0 ], [ 17.5048385, 78.313036, 0.0 ], [ 17.5036106, 78.3141518, 0.0 ], [ 17.5015233, 78.3142376, 0.0 ], [ 17.5003363, 78.3156109, 0.0 ], [ 17.4994768, 78.3162975, 0.0 ], [ 17.4977782, 78.3166838, 0.0 ], [ 17.4969085, 78.3169627, 0.0 ], [ 17.4932784, 78.3160159, 0.0 ], [ 17.4941559, 78.3152461, 0.0 ], [ 17.4941559, 78.3149242, 0.0 ], [ 17.4960899, 78.3149296, 0.0 ], [ 17.4977885, 78.3138192, 0.0 ], [ 17.4986889, 78.3132559, 0.0 ], [ 17.4995791, 78.3127946, 0.0 ], [ 17.503406, 78.3107615, 0.0 ], [ 17.5057052, 78.3067922, 0.0 ], [ 17.5074578, 78.3037663, 0.0 ], [ 17.5081119, 78.3001264, 0.0 ], [ 17.5089926, 78.2952261, 0.0 ], [ 17.5074169, 78.2942176, 0.0 ], [ 17.5072327, 78.2931447, 0.0 ], [ 17.5103841, 78.2913637, 0.0 ], [ 17.5112845, 78.2891321, 0.0 ], [ 17.5105478, 78.2880163, 0.0 ], [ 17.5080103, 78.2890892, 0.0 ], [ 17.5092791, 78.2829094, 0.0 ], [ 17.5118613, 78.2827762, 0.0 ], [ 17.5130239, 78.2827163, 0.0 ], [ 17.5140879, 78.2831025, 0.0 ], [ 17.5153566, 78.2813645, 0.0 ], [ 17.5171777, 78.2811714, 0.0 ], [ 17.5239507, 78.2859136, 0.0 ], [ 17.52436, 78.2873298, 0.0 ] ] ] } },
{ "type": "Feature", "id": 141, "properties": { "Name": "Ward 111 Bharati Nagar", "tessellate": -1, "extrude": 0, "visibility": -1, "_id": "relation/7867251", "admin_level": "10", "boundary": "administrative", "type": "boundary", "_timestamp": "2018-01-03T13:15:24", "_version": "2", "_changeset": "55128738", "_user": "adivik2000", "_uid": "250196" }, "geometry": { "type": "MultiPolygon", "coordinates": [ [ [ [ 17.5080103, 78.2890892, 0.0 ], [ 17.5026282, 78.2909132, 0.0 ], [ 17.5026999, 78.2850982, 0.0 ], [ 17.5069359, 78.2850338, 0.0 ], [ 17.508, 78.2817293, 0.0 ], [ 17.5118613, 78.2827762, 0.0 ], [ 17.5092791, 78.2829094, 0.0 ], [ 17.5080103, 78.2890892, 0.0 ] ] ], [ [ [ 17.4845165, 78.2807423, 0.0 ], [ 17.4838513, 78.2839609, 0.0 ], [ 17.4804667, 78.2888077, 0.0 ], [ 17.4794996, 78.2889847, 0.0 ], [ 17.4794996, 78.2878394, 0.0 ], [ 17.480198, 78.2876623, 0.0 ], [ 17.4803208, 78.2839609, 0.0 ], [ 17.4812009, 78.2839502, 0.0 ], [ 17.4802697, 78.2837571, 0.0 ], [ 17.4812623, 78.2837678, 0.0 ], [ 17.4812214, 78.2807852, 0.0 ], [ 17.4845165, 78.2807423, 0.0 ] ] ], [ [ [ 17.5057052, 78.3067922, 0.0 ], [ 17.5023417, 78.3068066, 0.0 ], [ 17.5023417, 78.3054829, 0.0 ], [ 17.5040403, 78.3037234, 0.0 ], [ 17.5038561, 78.3026935, 0.0 ], [ 17.5057388, 78.2988525, 0.0 ], [ 17.5081119, 78.3001264, 0.0 ], [ 17.5074578, 78.3037663, 0.0 ], [ 17.5057052, 78.3067922, 0.0 ] ] ], [ [ [ 17.485724, 78.3128402, 0.0 ], [ 17.4846291, 78.31236, 0.0 ], [ 17.4826746, 78.3113301, 0.0 ], [ 17.4800947, 78.3107827, 0.0 ], [ 17.4806882, 78.310139, 0.0 ], [ 17.4807496, 78.30721, 0.0 ], [ 17.4803198, 78.3042811, 0.0 ], [ 17.4794602, 78.3016525, 0.0 ], [ 17.4780224, 78.2977365, 0.0 ], [ 17.4783766, 78.2964706, 0.0 ], [ 17.4787859, 78.2953334, 0.0 ], [ 17.4841482, 78.2950652, 0.0 ], [ 17.484885, 78.3034229, 0.0 ], [ 17.4854324, 78.3092862, 0.0 ], [ 17.4857036, 78.3122528, 0.0 ], [ 17.485724, 78.3128402, 0.0 ] ] ] ] } },
{ "type": "Feature", "id": 142, "properties": { "Name": "Ward 30 Dabeerpura", "tessellate": -1, "extrude": 0, "visibility": -1, "_id": "relation/7867252", "admin_level": "10", "boundary": "administrative", "type": "boundary", "_timestamp": "2018-01-02T13:04:47", "_version": "3", "_changeset": "55100180", "_user": "adivik2000", "_uid": "250196" }, "geometry": { "type": "Polygon", "coordinates": [ [ [ 17.361145, 78.4924221, 0.0 ], [ 17.3598547, 78.4925294, 0.0 ], [ 17.3599776, 78.4910703, 0.0 ], [ 17.3608173, 78.4906197, 0.0 ], [ 17.3611744, 78.488663, 0.0 ], [ 17.361488, 78.4877336, 0.0 ], [ 17.3617082, 78.4873528, 0.0 ], [ 17.3619232, 78.484397, 0.0 ], [ 17.3642375, 78.4845686, 0.0 ], [ 17.3644423, 78.4836889, 0.0 ], [ 17.367207, 78.483882, 0.0 ], [ 17.3677395, 78.4812641, 0.0 ], [ 17.3723166, 78.482616, 0.0 ], [ 17.3730205, 78.482793, 0.0 ], [ 17.3732458, 78.4823772, 0.0 ], [ 17.3736879, 78.4818241, 0.0 ], [ 17.3749509, 78.4802437, 0.0 ], [ 17.3755829, 78.4807062, 0.0 ], [ 17.3763611, 78.4810925, 0.0 ], [ 17.3768935, 78.480792, 0.0 ], [ 17.3786751, 78.4815216, 0.0 ], [ 17.3805591, 78.4841609, 0.0 ], [ 17.3807365, 78.4880124, 0.0 ], [ 17.3794226, 78.4880193, 0.0 ], [ 17.3786547, 78.4880233, 0.0 ], [ 17.3775693, 78.4879589, 0.0 ], [ 17.375972, 78.4880662, 0.0 ], [ 17.3744361, 78.4882379, 0.0 ], [ 17.3735146, 78.4878302, 0.0 ], [ 17.3714667, 78.4879589, 0.0 ], [ 17.3703403, 78.4881735, 0.0 ], [ 17.3684562, 78.4869933, 0.0 ], [ 17.3674528, 78.4870792, 0.0 ], [ 17.3669766, 78.4889674, 0.0 ], [ 17.3669331, 78.4898928, 0.0 ], [ 17.3626093, 78.4923041, 0.0 ], [ 17.361145, 78.4924221, 0.0 ] ] ] } },
{ "type": "Feature", "id": 143, "properties": { "Name": "Ward 42 Barkas", "tessellate": -1, "extrude": 0, "visibility": -1, "_id": "relation/7867584", "admin_level": "10", "boundary": "administrative", "type": "boundary", "_timestamp": "2018-01-03T13:15:24", "_version": "2", "_changeset": "55128738", "_user": "adivik2000", "_uid": "250196" }, "geometry": { "type": "Polygon", "coordinates": [ [ [ 17.3131845, 78.4831631, 0.0 ], [ 17.3143214, 78.4786677, 0.0 ], [ 17.3117608, 78.4770155, 0.0 ], [ 17.308483, 78.4709215, 0.0 ], [ 17.3099375, 78.470428, 0.0 ], [ 17.3109208, 78.4690332, 0.0 ], [ 17.3116993, 78.4681964, 0.0 ], [ 17.3140244, 78.4675098, 0.0 ], [ 17.3142447, 78.470825, 0.0 ], [ 17.3152638, 78.4705568, 0.0 ], [ 17.3161446, 78.4682179, 0.0 ], [ 17.318316, 78.4682393, 0.0 ], [ 17.3185414, 78.4668231, 0.0 ], [ 17.3203082, 78.4670431, 0.0 ], [ 17.3197705, 78.4697628, 0.0 ], [ 17.3206718, 78.4700418, 0.0 ], [ 17.3207537, 78.4728849, 0.0 ], [ 17.3215526, 78.4734321, 0.0 ], [ 17.3220033, 78.4758353, 0.0 ], [ 17.3228329, 78.4779167, 0.0 ], [ 17.3226486, 78.479966, 0.0 ], [ 17.32144, 78.4806419, 0.0 ], [ 17.3214297, 78.4809208, 0.0 ], [ 17.3207435, 78.480835, 0.0 ], [ 17.3199241, 78.4809315, 0.0 ], [ 17.3185619, 78.4821868, 0.0 ], [ 17.3184799, 78.4827662, 0.0 ], [ 17.3169231, 78.483088, 0.0 ], [ 17.3131845, 78.4831631, 0.0 ] ] ] } },
{ "type": "Feature", "id": 144, "properties": { "Name": "Ward 74 Ahmed Nagar", "tessellate": -1, "extrude": 0, "visibility": -1, "_id": "relation/7867585", "admin_level": "10", "boundary": "administrative", "type": "boundary", "_timestamp": "2018-01-02T04:08:41", "_version": "1", "_changeset": "55091137", "_user": "adivik2000", "_uid": "250196" }, "geometry": { "type": "Polygon", "coordinates": [ [ [ 17.4033958, 78.4530097, 0.0 ], [ 17.4029094, 78.4533289, 0.0 ], [ 17.4021826, 78.4534121, 0.0 ], [ 17.397596, 78.4540129, 0.0 ], [ 17.3965722, 78.4505797, 0.0 ], [ 17.398067, 78.4507943, 0.0 ], [ 17.3987017, 78.4499145, 0.0 ], [ 17.3990498, 78.4477258, 0.0 ], [ 17.3987631, 78.4453226, 0.0 ], [ 17.3981898, 78.4434772, 0.0 ], [ 17.3989474, 78.4380699, 0.0 ], [ 17.4002169, 78.4374047, 0.0 ], [ 17.4028788, 78.42762, 0.0 ], [ 17.4054417, 78.4281135, 0.0 ], [ 17.4055706, 78.4304758, 0.0 ], [ 17.4050222, 78.4309794, 0.0 ], [ 17.4051297, 78.4329562, 0.0 ], [ 17.4067172, 78.431892, 0.0 ], [ 17.4057894, 78.4335027, 0.0 ], [ 17.406627, 78.4344958, 0.0 ], [ 17.4044265, 78.4355331, 0.0 ], [ 17.403452, 78.4388423, 0.0 ], [ 17.4051233, 78.4442282, 0.0 ], [ 17.4052257, 78.4484848, 0.0 ], [ 17.4071835, 78.4513338, 0.0 ], [ 17.40509, 78.4516525, 0.0 ], [ 17.404527, 78.4517705, 0.0 ], [ 17.4040049, 78.4522426, 0.0 ], [ 17.4033958, 78.4530097, 0.0 ] ] ] } }
]
}
