# .PCD v0.7 - Point Cloud Data file format
VERSION 0.7
FIELDS x y z
SIZE 4 4 4
TYPE F F F
COUNT 1 1 1
WIDTH 18449
HEIGHT 1
VIEWPOINT 0 0 0 1 0 0 0
POINTS 18449
DATA ascii
1.1119962 3.3742156 -3.5337083
1.5433661 5.5879159 -3.6410353
2.5241077 7.6590939 -3.7174141
2.7011461 9.7797785 -3.8369405
3.9320805 11.931415 -3.9304404
3.803179 13.769803 -4.0259442
6.0626154 15.760758 -4.0422435
5.6451802 20.438957 -4.35219
5.8960485 17.890833 -4.1855769
4.9169641 21.925325 -4.4848928
9.007618 23.416775 -4.3001375
1.1226219 3.366874 -3.5305951
1.561825 5.5787849 -3.6377718
2.5533111 7.6576777 -3.7165585
2.7363355 9.7740955 -3.8343186
3.9774737 11.928907 -3.9281623
3.8490806 13.748783 -4.0197878
6.1190405 15.743211 -4.0367575
5.7175717 20.422968 -4.34547
5.9672956 17.896614 -4.1826706
4.9881506 21.884676 -4.4745011
9.0864153 23.377743 -4.2903414
1.1332083 3.3595002 -3.5274823
1.5823396 5.5770049 -3.6370847
2.5812776 7.6524348 -3.7147129
2.7693563 9.7606821 -3.8300266
4.0178189 11.911193 -3.9230595
3.8981323 13.739089 -4.015564
6.1593966 15.684686 -4.025209
5.7910018 20.410566 -4.339231
6.0284524 17.871901 -4.1755452
5.0654087 21.871021 -4.4675574
9.1708784 23.353317 -4.2821836
1.1460997 3.3589544 -3.5281086
1.602863 5.5751491 -3.6363907
2.6092427 7.64709 -3.7128594
2.8055971 9.7585526 -3.8282177
4.0670629 11.919626 -3.922858
3.9482682 13.733042 -4.0119715
6.2287993 15.700108 -4.024652
5.8677301 20.409399 -4.3344574
6.0908041 17.850746 -4.168932
5.1353278 21.826004 -4.4566646
9.2538185 23.324873 -4.2735953
1.1578153 3.3549342 -3.5268624
1.6233875 5.5732193 -3.6356909
2.634635 7.6342282 -3.7090456
2.8374262 9.7411118 -3.8230863
4.1099319 11.90911 -3.9191353
3.9972839 13.722997 -4.0077229
6.2909622 15.696757 -4.0213227
5.9366903 20.381134 -4.3262
6.1569672 17.840685 -4.1638718
5.2142515 21.819599 -4.4506745
9.3425941 23.31097 -4.2666268
1.1719093 3.3577178 -3.5293477
1.6417431 5.5638242 -3.6324148
2.6638546 7.6323919 -3.7081552
2.8714144 9.7311478 -3.8196056
4.1475582 11.883452 -3.9126086
4.0451655 13.70896 -4.0028191
6.3457198 15.674701 -4.0152397
6.0123205 20.375595 -4.320888
6.2244654 17.834141 -4.1593103
5.3007445 21.843933 -4.448566
9.4284086 23.289316 -4.2588139
1.177591 3.3365133 -3.5187664
1.6655679 5.5728211 -3.6355538
2.691788 7.6267452 -3.7062802
2.9042354 9.7172775 -3.8152931
4.1850548 11.857676 -3.9060824
4.0918584 13.690944 -3.9972663
6.3973856 15.645081 -4.008059
6.0879831 20.369774 -4.3155513
6.2959733 17.838621 -4.1562805
5.3769684 21.825296 -4.4410539
9.5262775 23.296921 -4.2542233
1.1892297 3.3323827 -3.5175176
1.6805458 5.552227 -3.6284237
2.7183924 7.6173034 -3.7034256
2.9427156 9.7222137 -3.8150964
4.2250843 11.839259 -3.900949
4.1384692 13.672772 -3.9917078
6.4565158 15.633698 -4.0035901
6.156734 20.340763 -4.307251
6.3555193 17.809025 -4.1485701
5.4550519 21.814142 -4.4344988
9.6166821 23.285673 -4.2475686
1.2033163 3.335031 -3.5199926
1.6987892 5.5426435 -3.6251416
2.744967 7.6077666 -3.7005661
2.9766374 9.7118816 -3.8115916
4.2650414 11.820704 -3.8958101
4.1885056 13.665846 -3.9880536
6.5156512 15.62209 -3.9991028
6.2277045 20.319145 -4.2999191
6.4244156 17.805481 -4.1444607
5.5341163 21.80657 -4.4284053
9.7163572 23.296185 -4.2432985
1.2137074 3.3274047 -3.5168753
1.7192669 5.5403595 -3.6244173
2.7755373 7.6091943 -3.7006116
3.0093465 9.6976576 -3.80726
4.3089948 11.8132 -3.8927453
4.2397161 13.662539 -3.9850211
6.5716863 15.602924 -3.9935195
6.2985897 20.297285 -4.2925744
6.4865255 17.782948 -4.1377573
5.6191554 21.821915 -4.4251885
9.8084612 23.287888 -4.2369752
1.2290766 3.3333521 -3.5212004
1.7385947 5.5343246 -3.6224089
2.8020799 7.5994596 -3.6977386
3.0431774 9.6870937 -3.8037443
4.347456 11.790641 -3.8869028
4.2885709 13.651452 -3.9807029
6.6323419 15.594551 -3.9895399
6.3705935 20.278982 -4.2857018
6.5485568 17.760197 -4.1310434
5.7023516 21.829203 -4.4209681
9.8881245 23.249836 -4.2274203
1.2370138 3.3226793 -3.5163457
1.7559743 5.5288348 -3.6205978
2.8259423 7.5906186 -3.6951489
3.0724015 9.6737185 -3.7997558
4.3803258 11.765768 -3.8808148
4.3302364 13.634119 -3.9756021
6.6813054 15.573637 -3.9840062
6.4415231 20.281685 -4.2819729
6.6057148 17.743271 -4.1255021
5.7780561 21.838194 -4.4174757
9.9469547 23.185627 -4.2155838
1.2479057 3.3147304 -3.5131633
1.7738664 5.515028 -3.6159308
2.8565066 7.5875525 -3.6940544
3.110255 9.6699181 -3.7976871
4.4262137 11.757063 -3.8775017
4.3777404 13.610585 -3.9691198
6.7510061 15.578278 -3.981828
6.515811 20.25794 -4.2742095
6.6706991 17.718943 -4.1184292
5.8632283 21.836145 -4.4118476
10.030274 23.145351 -4.2055635
1.2614672 3.3173513 -3.5156777
1.7933358 5.5127788 -3.6152892
2.8802562 7.5743713 -3.6903453
3.1410799 9.6557932 -3.7935123
4.4679956 11.74974 -3.8746231
4.4166965 13.577085 -3.9612398
6.8058171 15.563107 -3.9770298
6.5841837 20.240019 -4.2676544
6.7237492 17.681822 -4.1099863
5.9460831 21.855101 -4.4093456
10.111767 23.12294 -4.1980329
1.2704395 3.3061595 -3.5107
1.8161826 5.5174618 -3.6170857
2.9066803 7.564271 -3.6874528
3.1722968 9.6372604 -3.788343
4.5132561 11.745183 -3.8721931
4.4740143 13.591806 -3.9612937
6.860105 15.539254 -3.9708416
6.6560473 20.220701 -4.2607126
6.7882943 17.665684 -4.104248
6.0244637 21.841906 -4.4026051
10.215003 23.138645 -4.1943569
1.2838607 3.3048606 -3.5112247
1.8363916 5.5107679 -3.6149552
2.9343834 7.5535669 -3.6844113
3.2088451 9.6293192 -3.7854345
4.5562711 11.728562 -3.8674705
4.5250545 13.579089 -3.9566729
6.9299836 15.543106 -3.9685869
6.7313724 20.199959 -4.2533841
6.8529925 17.640686 -4.0971446
6.1066241 21.827372 -4.3954592
10.288355 23.075521 -4.181921
1.2934899 3.2972097 -3.5081658
1.8558872 5.5082979 -3.6142941
2.9594181 7.5437942 -3.6816549
3.2407622 9.6186256 -3.7820601
4.5980411 11.720776 -3.8645561
4.5700631 13.564009 -3.9519143
6.9765906 15.509141 -3.9610908
6.7996006 20.181305 -4.2467828
6.9187388 17.636419 -4.0932274
6.1800675 21.810841 -4.3885899
10.353358 23.015783 -4.1704149
1.3055654 3.2924469 -3.5068324
1.8760625 5.5014586 -3.6121547
2.988492 7.5365443 -3.6795628
3.2798193 9.6179047 -3.7807548
4.6438918 11.711223 -3.8611789
4.6197443 13.547167 -3.9466462
7.0300903 15.476215 -3.9535031
6.8799582 20.175131 -4.2413254
6.9906764 17.629475 -4.0886078
6.2610636 21.791878 -4.3809295
10.450851 23.006765 -4.1638403
1.3172504 3.2916946 -3.5075381
1.8920835 5.4918957 -3.6090503
3.0092416 7.5198345 -3.6750274
3.3061595 9.596343 -3.7751164
4.6791897 11.69289 -3.8564265
4.6635804 13.536345 -3.9427462
7.0803394 15.457674 -3.9484274
6.9459119 20.160961 -4.235538
7.0489936 17.614826 -4.0834804
6.3295007 21.7721 -4.3739438
10.513108 22.952038 -4.1531806
1.3306645 3.2902057 -3.5080481
1.9134665 5.4885616 -3.6081712
3.0353105 7.5051188 -3.6710131
3.3426082 9.5878935 -3.7721758
4.722012 11.675663 -3.8516712
4.7118502 13.515408 -3.9368372
7.1369429 15.43162 -3.9418814
7.0342031 20.176815 -4.2328711
7.1090193 17.577784 -4.0748172
6.4205346 21.787045 -4.3704762
10.607212 22.935097 -4.145782
1.3413427 3.2819507 -3.5048585
1.9322876 5.477879 -3.6047564
3.0642803 7.4975748 -3.668906
3.3816693 9.5867596 -3.7708375
4.7632699 11.654604 -3.846231
4.766644 13.51305 -3.9340246
7.1968222 15.412578 -3.9363751
7.1094313 20.154663 -4.2254381
7.1764107 17.558992 -4.0686431
6.5037684 21.774841 -4.3636861
10.694578 22.903305 -4.1368108
1.3516475 3.2777205 -3.5037074
1.9469033 5.4645243 -3.6003847
3.0908122 7.495163 -3.6681828
3.4104469 9.5723648 -3.7668037
4.8044019 11.650587 -3.8441708
4.806407 13.490515 -3.9282343
7.2587819 15.418716 -3.9349287
7.1753979 20.139744 -4.2195907
7.2391424 17.554789 -4.0649695
6.5709958 21.750483 -4.3561773
10.764784 22.865978 -4.1280627
1.3630799 3.2729826 -3.5024269
1.9646596 5.4540715 -3.5970726
3.1139388 7.4770865 -3.6633508
3.4438374 9.5604029 -3.763212
4.8465638 11.637409 -3.8402934
4.849422 13.462432 -3.921319
7.3176823 15.404078 -3.9302204
7.2470026 20.11833 -4.2125034
7.3003726 17.529413 -4.0581112
6.6433716 21.715961 -4.3469443
10.841103 22.821051 -4.1179957
1.3759028 3.2715461 -3.5029879
1.9850054 5.4507995 -3.5962806
3.141542 7.4697862 -3.6613712
3.485306 9.5706062 -3.7644255
4.8871598 11.62042 -3.8357332
4.8936672 13.437947 -3.9150193
7.3714123 15.37844 -3.9239349
7.3185549 20.096659 -4.2054
7.3707952 17.525871 -4.0542064
6.7120523 21.669758 -4.3363113
10.939691 22.822678 -4.1128755
1.3856187 3.2595658 -3.4978888
2.0045898 5.4395223 -3.5927582
3.1717374 7.461278 -3.6590908
3.5220311 9.5571518 -3.7604518
4.9364023 11.612522 -3.8327231
4.9507327 13.433982 -3.9118996
7.42694 15.342851 -3.9159758
7.4122291 20.113337 -4.2026505
7.4302416 17.479095 -4.044167
6.8023891 21.666676 -4.3304482
11.018548 22.762529 -4.1007042
1.3984176 3.2580409 -3.498445
2.026253 5.4397116 -3.5932143
3.1977613 7.4501615 -3.6561494
3.5581276 9.552207 -3.7584314
4.9800358 11.602514 -3.8294854
5.0003695 13.424074 -3.908041
7.4821954 15.320413 -3.9101946
7.4879599 20.102299 -4.1968951
7.4912066 17.453053 -4.0372767
6.888855 21.67704 -4.3267241
11.111951 22.752636 -4.0943847
1.4100857 3.2569585 -3.4991257
2.0433311 5.4333196 -3.5913556
3.2180324 7.4328799 -3.6516066
3.5922911 9.5520811 -3.7575605
5.0133057 11.57953 -3.8240201
5.0425158 13.408299 -3.9034541
7.5267682 15.289686 -3.9034882
7.5482626 20.071207 -4.1890993
7.553915 17.447725 -4.0335159
6.9495916 21.63249 -4.3168516
11.167499 22.685373 -4.0825658
1.4191093 3.2451248 -3.4940929
2.0618637 5.4221931 -3.5879285
3.2468266 7.4246278 -3.6494572
3.6258745 9.5351553 -3.7529459
5.0493565 11.546534 -3.8165319
5.0944557 13.397161 -3.8993154
7.579217 15.254861 -3.8958333
7.6388011 20.088161 -4.1866207
7.6210132 17.427227 -4.0272303
7.0362463 21.629648 -4.3112988
11.248798 22.640711 -4.0723581
1.4304276 3.2401519 -3.4928029
2.0849221 5.4257498 -3.5896192
3.2743068 7.4168391 -3.6474488
3.6562994 9.5150623 -3.7477155
5.088026 11.525209 -3.811276
5.1383338 13.371873 -3.8929813
7.6466923 15.256797 -3.8936172
7.7088714 20.061377 -4.1789503
7.6995063 17.440639 -4.0256562
7.1179404 21.623911 -4.305654
11.358173 22.661999 -4.0693359
1.4461571 3.2450724 -3.4970183
2.1038504 5.418438 -3.5875411
3.3001785 7.4053631 -3.6444912
3.6894934 9.5022402 -3.7440712
5.1395354 11.532747 -3.8113291
5.1821036 13.346438 -3.8866439
7.6963115 15.2229 -3.8862598
7.7759686 20.026903 -4.1703486
7.7489834 17.388161 -4.0153041
7.2022133 21.625443 -4.3008924
11.440819 22.629337 -4.0606694
1.4569094 3.2402594 -3.4957857
2.1189938 5.4042602 -3.5830624
3.3279324 7.4015336 -3.643559
3.7224245 9.4936342 -3.7413967
5.1777482 11.515642 -3.8069484
5.2335901 13.347696 -3.8848083
7.753983 15.211491 -3.8822761
7.8481598 20.015869 -4.1648741
7.8115029 17.37328 -4.0101509
7.2840743 21.63171 -4.2969527
11.504911 22.569929 -4.0494938
1.4697087 3.2384555 -3.4963198
2.1392627 5.4004121 -3.5822308
3.3537469 7.3898726 -3.6405911
3.75845 9.4879322 -3.7393219
5.2244706 11.511952 -3.8049765
5.2816124 13.333044 -3.8802733
7.7997451 15.170164 -3.8738923
7.9267936 20.010611 -4.1599045
7.8819818 17.367693 -4.0060797
7.3633943 21.617487 -4.2903123
11.590924 22.543842 -4.0415468
1.4815693 3.2330468 -3.4949522
2.1547477 5.3818073 -3.5762963
3.3840797 7.3846617 -3.6393454
3.7961402 9.481432 -3.7370524
5.2682848 11.496332 -3.8007748
5.3319254 13.317287 -3.8754694
7.8497972 15.13087 -3.8657014
8.0045366 19.992535 -4.1531534
7.9572153 17.364054 -4.0021119
7.446485 21.601675 -4.2832475
11.678996 22.511841 -4.0327353
1.4922833 3.2281156 -3.4937131
2.1740279 5.3782024 -3.5755622
3.403614 7.3627167 -3.633707
3.8290451 9.4724531 -3.7343504
5.3030534 11.471594 -3.7950523
5.3790436 13.306905 -3.8717728
7.8962431 15.097694 -3.8586526
8.0737877 19.973276 -4.1467023
8.0130854 17.33395 -3.994978
7.5259662 21.59948 -4.2783141
11.759143 22.483597 -4.0248494
1.5050743 3.2261724 -3.4942369
2.1927869 5.3705812 -3.5734732
3.4309506 7.3543463 -3.6316638
3.8620846 9.4590302 -3.7306709
5.3397059 11.445822 -3.7890985
5.4299674 13.299095 -3.8684065
7.9451747 15.062994 -3.8512859
8.1404371 19.937586 -4.1380396
8.0785952 17.316713 -3.9894016
7.6052909 21.584373 -4.2716036
11.846862 22.460075 -4.0172029
1.5153449 3.2173543 -3.4910347
2.2153962 5.3696294 -3.5737638
3.4595559 7.3452697 -3.6294641
3.8952231 9.4411583 -3.7260165
5.3866963 11.436942 -3.7861893
5.480195 13.28278 -3.8635652
8.0040779 15.040804 -3.8456078
8.2104197 19.90024 -4.1289821
8.140316 17.283379 -3.9815483
7.6883769 21.567629 -4.2644653
11.930986 22.420027 -4.0076017
1.5265656 3.2120457 -3.4897256
2.2326434 5.3583088 -3.5704234
3.4851727 7.3331499 -3.6264758
3.9251125 9.420208 -3.7207603
5.4299898 11.425239 -3.7828441
5.5249944 13.2599 -3.8577771
8.0527601 15.005754 -3.838233
8.27983 19.87146 -4.1212063
8.1954584 17.244059 -3.9730914
7.7757916 21.574463 -4.2603865
12.012946 22.385284 -3.9988251
1.5350819 3.2039645 -3.4867208
2.249465 5.3512678 -3.5685337
3.5098867 7.3257022 -3.6247132
3.9638753 9.4296913 -3.7221313
5.4692831 11.415279 -3.7799537
5.5712452 13.253475 -3.8548908
8.0960712 14.973376 -3.8314955
8.3391199 19.837992 -4.1133022
8.2564793 17.232609 -3.9686542
7.8476233 21.56118 -4.2544136
12.07561 22.333384 -3.9888222
1.5468156 3.1983166 -3.4853442
2.2690644 5.3429871 -3.5663257
3.5315921 7.3021951 -3.6187794
3.9953229 9.4078236 -3.7166793
5.5145445 11.402302 -3.7763519
5.6213422 13.236626 -3.8500178
8.1680641 14.975067 -3.8292742
8.4164591 19.818312 -4.1064563
8.3213253 17.20582 -3.9617226
7.9390135 21.565985 -4.2498593
12.176513 22.324028 -3.9824162
1.5558233 3.1899116 -3.4822748
2.2913213 5.346055 -3.5680408
3.5592251 7.2974954 -3.6177878
4.0249395 9.3908911 -3.712378
5.5540628 11.38752 -3.7725568
5.66677 13.221569 -3.8456562
8.2157574 14.944411 -3.8226976
8.4884157 19.804964 -4.1008167
8.3853235 17.192467 -3.9568989
8.000741 21.513353 -4.2390118
12.275479 22.32902 -3.9779973
1.5701491 3.1909671 -3.4846048
2.3114972 5.3415594 -3.5671654
3.5846746 7.285027 -3.614785
4.0576935 9.3767843 -3.708667
5.5955281 11.371624 -3.7685194
5.7128839 13.201708 -3.8404315
8.2601461 14.901711 -3.8143139
8.5479841 19.753242 -4.0903296
8.445281 17.163092 -3.9498246
8.0842094 21.507711 -4.23349
12.35915 22.296515 -3.9694946
1.5802207 3.1819441 -3.4814022
2.3279727 5.3259935 -3.5624714
3.6113498 7.2718406 -3.6116283
4.0951972 9.3690939 -3.7063179
5.6389313 11.354594 -3.7642386
5.7596364 13.177039 -3.834347
8.3127623 14.867863 -3.8070948
8.6315069 19.747377 -4.0852036
8.5098991 17.135595 -3.9428551
8.1700706 21.496597 -4.2270894
12.440784 22.25107 -3.9594309
1.5896953 3.1731672 -3.4782665
2.3465512 5.3178339 -3.560354
3.6349566 7.2556825 -3.6076946
4.1294746 9.3583555 -3.7033677
5.6732035 11.324197 -3.757602
5.8023906 13.149574 -3.8279293
8.3646135 14.838752 -3.8006833
8.6987801 19.713472 -4.0769124
8.5750237 17.116476 -3.93716
8.2507896 21.482851 -4.2206321
12.500735 22.176195 -3.9466608
1.6023979 3.1708336 -3.4787662
2.3635337 5.3060913 -3.5570009
3.6567254 7.2359476 -3.602839
4.1605105 9.3402729 -3.698863
5.7127004 11.304322 -3.7529004
5.8563504 13.147403 -3.8256261
8.4124279 14.802536 -3.7932851
8.7821589 19.715792 -4.0730042
8.6383209 17.093555 -3.9309833
8.3286228 21.461361 -4.2132778
12.583994 22.142838 -3.9381235
1.6134559 3.1652212 -3.4774461
2.3820398 5.2978091 -3.5548794
3.6855223 7.2301288 -3.6016667
4.186604 9.3112755 -3.6920407
5.7485189 11.277244 -3.7469091
5.9005742 13.123255 -3.8197832
8.460084 14.766171 -3.7858877
8.8672848 19.721409 -4.0694981
8.6943102 17.056192 -3.9229393
8.406395 21.43959 -4.2059064
12.681057 22.133427 -3.9320171
1.6222856 3.1566296 -3.4743757
2.4027762 5.2968974 -3.5553217
3.7112694 7.2213569 -3.5997174
4.2223549 9.3081408 -3.6908062
5.7822542 11.251061 -3.741154
5.9489861 13.114483 -3.81654
8.5149746 14.748384 -3.7812476
8.9227409 19.670095 -4.0593686
8.7526426 17.030819 -3.9166362
8.4862576 21.433867 -4.2006636
12.728423 22.046299 -3.9183431
1.6299585 3.14451 -3.4694276
2.4228561 5.2919793 -3.5544202
3.7364559 7.2083573 -3.5966935
4.261404 9.3077183 -3.6901398
5.8251476 11.237853 -3.7377212
5.9914203 13.086403 -3.8100989
8.5603991 14.708242 -3.7733562
8.996336 19.649712 -4.0527635
8.8175468 17.010778 -3.9108856
8.5684423 21.422644 -4.1945457
12.8033 21.998278 -3.9083779
1.6448337 3.1449392 -3.4716644
2.4390047 5.2760701 -3.5497251
3.7628524 7.194613 -3.5935147
4.2954926 9.2920361 -3.6861985
5.8662996 11.216426 -3.7327654
6.0393476 13.064354 -3.8045573
8.6082039 14.666462 -3.7651463
9.0716496 19.623848 -4.0453091
8.8761435 16.971279 -3.9024663
8.6409245 21.376291 -4.1841116
12.883846 21.951202 -3.8982713
1.6552532 3.1394677 -3.4704061
2.4581141 5.2714448 -3.5489237
3.7866888 7.182096 -3.5906358
4.3296208 9.2849054 -3.6841607
5.9034605 11.196912 -3.7282772
6.0826344 13.044256 -3.7995379
8.6608458 14.644693 -3.7599971
9.1400433 19.600893 -4.0386329
8.9342299 16.945278 -3.8961327
8.7147741 21.354912 -4.1770821
12.944368 21.887737 -3.8870571
1.6662027 3.1336703 -3.4690797
2.4781413 5.2663169 -3.5480099
3.809896 7.16537 -3.5866888
4.3620071 9.2697344 -3.6803944
5.944375 11.17974 -3.7241824
6.1315203 13.03014 -3.7954054
8.7200727 14.628053 -3.755476
9.2101116 19.572477 -4.0311127
8.9952011 16.917507 -3.8894303
8.8029604 21.357576 -4.1726117
13.03501 21.866425 -3.8798189
1.6771303 3.1278355 -3.4677522
2.4932039 5.2506757 -3.5434217
3.8330297 7.1485715 -3.582742
4.3909459 9.2473125 -3.6750975
5.977736 11.148433 -3.717546
6.1752582 13.005066 -3.7895277
8.7772322 14.607771 -3.7504587
9.2783728 19.540211 -4.0231519
9.041008 16.861412 -3.8790824
8.8728533 21.315664 -4.1629901
13.127707 21.848179 -3.8728938
1.6863149 3.1187727 -3.4646168
2.5148468 5.248888 -3.5437229
3.859827 7.138597 -3.5806143
4.4232006 9.2319279 -3.6713247
6.0241666 11.141458 -3.715337
6.2206202 12.983429 -3.7842219
8.8219833 14.566819 -3.7425563
9.3430805 19.500504 -4.0143247
9.1036062 16.83676 -3.8728235
8.9580374 21.310318 -4.1576118
13.193555 21.785139 -3.8615239
1.7006599 3.1192343 -3.4668982
2.5314736 5.2366109 -3.5403557
3.8865948 7.1285272 -3.5784817
4.4571133 9.2199926 -3.6683087
6.0630136 11.120366 -3.7105904
6.2693563 12.968801 -3.7800605
8.8727674 14.535941 -3.7360892
9.4058695 19.456999 -4.0050702
9.1604033 16.801386 -3.8651991
9.0385933 21.293619 -4.1509333
13.259101 21.721918 -3.8501639
1.714487 3.1199312 -3.4692395
2.5505142 5.2316489 -3.5395331
3.9083252 7.1121602 -3.5746801
4.4876657 9.2051601 -3.6647146
6.0960374 11.093242 -3.7048168
6.3123312 12.947938 -3.7750051
8.9188385 14.503044 -3.7294638
9.4703455 19.425697 -3.9974852
9.2199125 16.777901 -3.8592772
9.1123066 21.270868 -4.1438055
13.356168 21.718643 -3.8450081
1.7241539 3.1104553 -3.466033
2.5730751 5.229178 -3.5397074
3.9343684 7.0977869 -3.5714796
4.5161414 9.178009 -3.6584647
6.1366582 11.070823 -3.6998246
6.3544812 12.914009 -3.7676952
8.9782362 14.480411 -3.7240832
9.5573406 19.423077 -3.9928997
9.2813492 16.743994 -3.8517268
9.2076511 21.277622 -4.1396041
13.41675 21.638998 -3.8318105
1.7344598 3.1047204 -3.4647627
2.5904028 5.2206163 -3.5376573
3.9617116 7.0915489 -3.5703893
4.551825 9.173605 -3.6571348
6.1791453 11.060803 -3.6971817
6.4025774 12.903553 -3.7643435
9.0283194 14.453935 -3.7183919
9.6394386 19.427021 -3.9895008
9.3446054 16.727045 -3.8466771
9.2653856 21.217705 -4.1282406
13.488439 21.594385 -3.8226001
1.7435055 3.0954895 -3.4616249
2.6068823 5.2080989 -3.5342824
3.9845119 7.0742621 -3.5664301
4.5926585 9.1753359 -3.6571128
6.2177095 11.039171 -3.6924148
6.4511309 12.888241 -3.7601426
9.0808296 14.425708 -3.7123699
9.7161093 19.411102 -3.9835634
9.4068384 16.701279 -3.840359
9.3409891 21.18889 -4.1202269
13.582866 21.577593 -3.8158855
1.7530495 3.0859258 -3.4584212
2.6224813 5.1916318 -3.5295866
4.0123529 7.0630198 -3.5641196
4.6280413 9.1619663 -3.653867
6.2581315 11.016306 -3.6874027
6.4947424 12.857409 -3.7533903
9.1379128 14.39905 -3.7064819
9.7799978 19.361109 -3.9734287
9.4640541 16.659752 -3.8318884
9.4332056 21.187332 -4.1151032
13.668284 21.537775 -3.8066654
1.7686758 3.0895343 -3.4625409
2.6414301 5.1863399 -3.5287452
4.0338025 7.0462723 -3.5603101
4.6530147 9.1360035 -3.6479883
6.2965975 10.998938 -3.6834862
6.5463653 12.85352 -3.7511363
9.1941891 14.382093 -3.7021694
9.8314686 19.303684 -3.962852
9.5152836 16.621359 -3.8241403
9.5001364 21.148651 -4.1062279
13.737475 21.48897 -3.7970884
1.7830744 3.0896211 -3.4647884
2.6647995 5.1873665 -3.5302107
4.0603361 7.0355453 -3.5581439
4.6848793 9.1197052 -3.6441743
6.338922 10.983763 -3.6799428
6.5930138 12.834128 -3.7463348
9.2292423 14.326474 -3.6923864
9.902442 19.276346 -3.9556246
9.5712566 16.584589 -3.8164704
9.5837975 21.137173 -4.1002288
13.825384 21.461025 -3.789309
1.7920259 3.0802441 -3.4616466
2.6828918 5.1780319 -3.5280387
4.0848718 7.021328 -3.5550749
4.7185049 9.1068039 -3.6411045
6.3732357 10.954708 -3.6739144
6.6286278 12.793377 -3.7381454
9.2683554 14.277463 -3.6835487
9.9715099 19.245203 -3.9479675
9.6331024 16.557966 -3.8101153
9.6625109 21.114477 -4.0929656
13.908916 21.426027 -3.7808526
1.799099 3.0677161 -3.4567134
2.7009492 5.1686358 -3.5258646
4.1113391 7.0104094 -3.5528986
4.7539248 9.0972853 -3.6387756
6.4194641 10.946087 -3.671591
6.669559 12.763114 -3.7316506
9.3290348 14.261691 -3.6793535
10.031232 19.196135 -3.9382362
9.6928568 16.527679 -3.8033102
9.7210875 21.048006 -4.08076
13.979246 21.370667 -3.7704339
1.8097956 3.0614178 -3.4553676
2.7207696 5.1625853 -3.5248942
4.1337876 6.992641 -3.5489295
4.7893348 9.0876303 -3.6364367
6.4636893 10.933861 -3.6686358
6.7140675 12.739757 -3.7262762
9.3787584 14.229042 -3.6728301
10.103755 19.171595 -3.9313867
9.7586021 16.507475 -3.7978055
9.7911215 21.00671 -4.0714321
14.062544 21.335077 -3.7619491
1.8241817 3.0613108 -3.4576006
2.7351573 5.1462545 -3.5203049
4.1541538 6.9714308 -3.5440679
4.8173156 9.0638781 -3.63111
6.5038447 10.914641 -3.664439
6.7584939 12.716245 -3.720896
9.4283657 14.19622 -3.6663024
10.176229 19.146782 -3.9245193
9.8182011 16.476738 -3.790977
9.8575878 20.957956 -4.0612841
14.152391 21.309151 -3.7544086
1.8329906 3.0518162 -3.4544609
2.7531056 5.1366749 -3.5181248
4.1825042 6.9636116 -3.5427725
4.8451924 9.0400372 -3.6257844
6.5419068 10.89187 -3.6596212
6.8084788 12.703088 -3.7171807
9.4800816 14.16653 -3.6602275
10.24866 19.121691 -3.9176335
9.8695011 16.43211 -3.7824037
9.9460964 20.955875 -4.0564127
14.264448 21.316032 -3.7500331
1.8473879 3.0516009 -3.4566844
2.7728519 5.1304207 -3.5171442
4.2108512 6.9556785 -3.5414684
4.8842392 9.0369778 -3.6249099
6.5737247 10.858783 -3.652966
6.8508925 12.675744 -3.7112281
9.5339308 14.139953 -3.6546018
10.311557 19.078777 -3.9086962
9.9268045 16.397554 -3.7751293
10.03126 20.946228 -4.0506954
14.349936 21.28266 -3.7417831
1.8518322 3.0361745 -3.4500394
2.7861609 5.1144342 -3.5126677
4.2338891 6.94168 -3.5385354
4.9141736 9.0207348 -3.6212528
6.6096902 10.836928 -3.6483872
6.8928804 12.652961 -3.7060988
9.5829954 14.111559 -3.6488395
10.376663 19.047989 -3.901381
9.9790392 16.361151 -3.7677844
10.088498 20.887691 -4.0397358
14.436123 21.258093 -3.7346401
1.8662169 3.0358682 -3.4522569
2.8058527 5.1080532 -3.5116811
4.2539878 6.9201741 -3.5336716
4.9494395 9.0104523 -3.6188755
6.6454034 10.81041 -3.6429539
6.9331799 12.62185 -3.6995869
9.6254539 14.06816 -3.6409249
10.460383 19.043123 -3.8968768
10.034006 16.322819 -3.7600703
10.16485 20.859524 -4.0319705
14.514755 21.214159 -3.7253988
1.8748943 3.0262532 -3.4491179
2.8255334 5.1015968 -3.5106895
4.2801847 6.9086156 -3.531466
4.9770346 8.9862051 -3.6135404
6.6810112 10.783772 -3.6375196
6.9752727 12.594091 -3.6936266
9.6858082 14.050869 -3.6366348
10.517132 18.989038 -3.8867044
10.105623 16.311415 -3.7557738
10.25346 20.856155 -4.026989
14.593255 21.169935 -3.716145
1.8898137 3.0255108 -3.4512584
2.8479688 5.0979319 -3.5107791
4.3033981 6.8895564 -3.527334
5.0060797 8.9610023 -3.6080143
6.7267947 10.76931 -3.6342635
7.0175033 12.561498 -3.6868443
9.7372379 14.015275 -3.6297433
10.582763 18.943398 -3.8773346
10.156888 16.260742 -3.7463994
10.324503 20.807705 -4.0167584
14.686692 21.139265 -3.7079446
1.8940449 3.0100219 -3.4446254
2.8686392 5.0951719 -3.5110803
4.3262229 6.8752465 -3.5243933
5.0454655 8.9615707 -3.6080151
6.7603588 10.743583 -3.6290631
7.0649767 12.548553 -3.6833451
9.7790976 13.976378 -3.6226044
10.647486 18.911674 -3.8699758
10.212882 16.230343 -3.7398834
10.397025 20.780493 -4.0093718
14.759008 21.093714 -3.6988432
1.9064811 3.0064542 -3.4450486
2.8826034 5.0784283 -3.5064917
4.3522944 6.8634162 -3.522176
5.0786662 8.9473438 -3.6048739
6.8063183 10.733325 -3.6266315
7.1126595 12.530733 -3.6790144
9.8186445 13.929141 -3.6142447
10.711462 18.870924 -3.8614032
10.271606 16.197964 -3.7329941
10.480286 20.765457 -4.0031223
14.844048 21.058388 -3.6904738
1.9169649 2.9997802 -3.4436898
2.9003143 5.0683346 -3.5042899
4.3762279 6.8481803 -3.5190742
5.1098704 8.9295597 -3.6009946
6.8458829 10.712843 -3.6223814
7.1563606 12.505827 -3.6735814
9.8533735 13.875297 -3.6049998
10.785203 18.847271 -3.8548067
10.319503 16.148569 -3.7239873
10.558146 20.739418 -3.995662
14.924407 21.016211 -3.6814678
1.9293864 2.9961188 -3.4441066
2.9199121 5.0615172 -3.5032763
4.400104 6.8328638 -3.5159705
5.1429815 8.9150934 -3.5978417
6.8789358 10.68221 -3.6163278
7.1979804 12.477328 -3.6675999
9.9202833 13.866733 -3.6019969
10.848927 18.806057 -3.8462174
10.371489 16.105749 -3.7158287
10.634119 20.709539 -3.9877911
15.006965 20.976978 -3.6727531
1.9378592 2.9863253 -3.4409697
2.9414341 5.0579538 -3.5034463
4.4260631 6.8207555 -3.5137403
5.1720815 8.893671 -3.5932257
6.9118605 10.651478 -3.6102765
7.2374897 12.445252 -3.6610742
9.9686251 13.832022 -3.5954199
10.914503 18.768074 -3.8380163
10.436322 16.082827 -3.7101808
10.702669 20.665207 -3.9783401
15.080094 20.924469 -3.6628034
1.9477521 2.979882 -3.4396758
2.9620869 5.0548177 -3.5037191
4.4486585 6.8060389 -3.5107856
5.1975503 8.8696489 -3.5880766
6.9449754 10.625175 -3.6050661
7.2666588 12.400594 -3.6526573
10.033155 13.824672 -3.5927017
10.966598 18.71456 -3.8282578
10.493963 16.054802 -3.7040477
10.778533 20.643753 -3.9716566
15.177549 20.913126 -3.6569781
1.9546713 2.9666691 -3.4347005
2.9766736 5.0372953 -3.4990196
4.4735732 6.7896891 -3.5075176
5.234045 8.8573465 -3.5854421
6.9816875 10.596337 -3.59937
7.3100352 12.370455 -3.6464071
10.086106 13.791023 -3.5862155
11.053382 18.705158 -3.8231516
10.559315 16.02622 -3.6975853
10.854118 20.604111 -3.9625313
15.270594 20.879923 -3.6486082
1.967021 2.9628477 -3.4351106
2.9942403 5.0268731 -3.4968033
4.4950776 6.770762 -3.5035312
5.2669554 8.8424158 -3.5822685
7.0098572 10.558677 -3.5921364
7.3613148 12.358526 -3.643115
10.120014 13.73649 -3.5769811
11.118612 18.666456 -3.8149211
10.619607 15.995904 -3.6910608
10.92598 20.566095 -3.95383
15.345759 20.8297 -3.638911
1.9793676 2.9589763 -3.4355166
3.0097878 5.0130882 -3.493402
4.5165062 6.75177 -3.4995458
5.2998257 8.8273649 -3.5790882
7.0643229 10.560527 -3.5920103
7.4105539 12.342984 -3.6392701
10.175025 13.710673 -3.5716953
11.187815 18.634373 -3.8074579
10.670948 15.952107 -3.6828756
11.001478 20.534866 -3.9458897
15.442178 20.808071 -3.6318882
1.9896824 2.9520502 -3.4341512
3.0232763 4.9959621 -3.4888208
4.5422339 6.7392178 -3.4972987
5.3306007 8.808815 -3.575182
7.0900483 10.519357 -3.5841873
7.4515266 12.313643 -3.6332734
10.227582 13.681458 -3.5659633
11.252781 18.595213 -3.799212
10.728785 15.918074 -3.6759257
11.073077 20.496347 -3.9371693
15.524268 20.766846 -3.6230526
2.0020123 2.9480853 -3.4345512
3.0447102 4.9919548 -3.4889629
4.5701404 6.7298107 -3.495913
5.3613191 8.7901516 -3.5712714
7.1289563 10.497824 -3.5799057
7.4944673 12.287555 -3.6278067
10.25372 13.617038 -3.5554457
11.319706 18.559225 -3.7913413
10.779808 15.873927 -3.667738
11.138832 20.447048 -3.9272904
15.623091 20.747614 -3.6162617
2.01229 2.9410794 -3.4331825
3.0641327 4.9845786 -3.4879189
4.5958161 6.7170544 -3.4936538
5.3940382 8.7747526 -3.5680759
7.172276 10.482701 -3.576793
7.5373106 12.261322 -3.6223364
10.318034 13.603375 -3.551873
11.384417 18.519602 -3.7830789
10.821642 15.816463 -3.6579218
11.21782 20.422041 -3.920078
15.712306 20.715225 -3.6082597
2.0225449 2.934037 -3.4318128
3.0835435 4.9771266 -3.4868698
4.6236897 6.7074289 -3.4922531
5.4246373 8.7558689 -3.5641572
7.197566 10.441264 -3.5689833
7.5800676 12.234935 -3.6168609
10.375133 13.579934 -3.546982
11.457402 18.493313 -3.7763331
10.87679 15.778589 -3.6505551
11.302582 20.4072 -3.9139812
15.801496 20.682461 -3.6002297
2.0286393 2.9210033 -3.4269171
3.1008997 4.9663315 -3.4846406
4.642602 6.684804 -3.4873948
5.4530768 8.7335253 -3.5595205
7.2475533 10.435629 -3.5676088
7.6206274 12.205026 -3.610852
10.432191 13.556256 -3.5420754
11.504986 18.426126 -3.765012
10.938629 15.750347 -3.644398
11.369863 20.360649 -3.9044549
15.878472 20.633503 -3.5907218
2.042979 2.9198456 -3.4290707
3.1182151 4.9554777 -3.4824097
4.665906 6.6685586 -3.4842627
5.4814219 8.7110939 -3.5548847
7.2907581 10.420023 -3.5644667
7.6652985 12.181718 -3.6058967
10.479444 13.519762 -3.5354433
11.567104 18.382481 -3.7563572
10.998108 15.718604 -3.6378245
11.436941 20.313881 -3.8949275
15.979751 20.615829 -3.5840926
2.0563166 2.9193406 -3.4313555
3.1337671 4.9456573 -3.4804006
4.6890912 6.6570754 -3.4823017
5.5151067 8.7038469 -3.5534878
7.3166008 10.387335 -3.5583162
7.7077866 12.164296 -3.6020093
10.516965 13.480494 -3.5286188
11.61198 18.325829 -3.7466431
11.054319 15.693752 -3.6323814
11.520393 20.312576 -3.8907738
16.066542 20.593864 -3.5775728
2.0628066 2.9058719 -3.4263937
3.1539471 4.9373837 -3.4792254
4.7157311 6.6430416 -3.4798651
5.5469728 8.6835737 -3.5493588
7.3592196 10.36692 -3.5543349
7.7480397 12.12926 -3.59519
10.568767 13.444987 -3.5220764
11.685518 18.293232 -3.7390749
11.116386 15.659634 -3.6254151
11.596752 20.273678 -3.881902
16.144386 20.537975 -3.5672147
2.0750453 2.9016025 -3.4267771
3.1732471 4.9295845 -3.4781578
4.7388892 6.6265407 -3.4767244
5.5815277 8.6708069 -3.5468411
7.3907433 10.334713 -3.5482776
7.7924819 12.105486 -3.5902164
10.610687 13.401771 -3.5145905
11.753619 18.259045 -3.7315326
11.182571 15.636949 -3.6200047
11.681404 20.257282 -3.8756907
16.253157 20.52846 -3.5613356
2.0830431 2.8913999 -3.4236453
3.1883402 4.9152446 -3.4747486
4.7619929 6.6099572 -3.4735816
5.6203666 8.6645327 -3.5457282
7.4244566 10.305631 -3.5427995
7.8390231 12.084882 -3.5857556
10.659889 13.367761 -3.5083725
11.810774 18.207857 -3.7221155
11.22544 15.581643 -3.6106029
11.748038 20.20948 -3.8661165
16.339659 20.490328 -3.552861
2.0931242 2.8841105 -3.4222696
3.2054791 4.9040847 -3.4725075
4.7827358 6.5901194 -3.4695835
5.650579 8.6448593 -3.5417776
7.4650488 10.286072 -3.539046
7.8811617 12.057444 -3.5802457
10.728936 13.358412 -3.5055101
11.867713 18.156496 -3.712702
11.279766 15.542361 -3.6031897
11.796316 20.130459 -3.8532212
16.418592 20.442505 -3.5435205
2.1031766 2.8767881 -3.4208937
3.2246935 4.8960848 -3.4714308
4.8103352 6.5797205 -3.4681432
5.6807146 8.6250868 -3.5378253
7.5102692 10.272771 -3.536432
7.927568 12.036507 -3.5757694
10.77549 13.320888 -3.4988518
11.941981 18.13163 -3.7062466
11.338644 15.509337 -3.5965626
11.868527 20.092606 -3.8447607
16.504902 20.403709 -3.5350084
2.111057 2.8665094 -3.4177651
3.2396359 4.8815875 -3.4680209
4.8332758 6.5628877 -3.4649935
5.7086048 8.6019096 -3.5331662
7.5366731 10.233709 -3.5292273
7.960743 11.995503 -3.5681815
10.82696 13.289367 -3.4930234
12.007412 18.093155 -3.698297
11.378534 15.450399 -3.5867834
11.940639 20.05448 -3.8362868
16.60882 20.386213 -3.5284166
2.1232092 2.8620348 -3.418139
3.2523725 4.8638463 -3.4634507
4.8631635 6.5554271 -3.4643891
5.7451844 8.5917873 -3.5313125
7.5747108 10.210527 -3.5248845
7.9937205 11.95442 -3.5606031
10.880858 13.260731 -3.4876025
12.070491 18.051134 -3.6899741
11.449019 15.433002 -3.5821021
12.016729 20.022947 -3.8285313
16.705206 20.358986 -3.5209529
2.136529 2.8611593 -3.4203959
3.2654874 4.850409 -3.4602697
4.8813896 6.536973 -3.4606998
5.7677364 8.5671377 -3.5263448
7.6043792 10.183498 -3.5198894
8.0401249 11.942443 -3.5576932
10.922467 13.226479 -3.4815948
12.131602 18.019739 -3.6832061
11.485524 15.380981 -3.5734642
12.085773 19.995342 -3.821645
16.751287 20.284845 -3.5098045
2.1475 2.8529341 -3.4188755
3.2905786 4.8473945 -3.4612789
4.9088135 6.5213137 -3.4580727
5.8028111 8.5481968 -3.522682
7.6386552 10.147883 -3.5133443
8.0970926 11.927934 -3.5541747
10.965533 13.175257 -3.4730127
12.196227 17.966421 -3.6733081
11.544502 15.336765 -3.5652921
12.145842 19.921522 -3.8089952
16.811176 20.198887 -3.4966266
2.1618259 2.8511987 -3.4209845
3.309653 4.8390589 -3.4601865
4.9315462 6.5041404 -3.4549122
5.8370757 8.5344152 -3.520107
7.6740298 10.12116 -3.5084267
8.1431675 11.906163 -3.5496588
11.026804 13.155214 -3.4688041
12.267873 17.936914 -3.6664135
11.62687 15.334499 -3.5624952
12.206944 19.8654 -3.7986887
16.873882 20.130905 -3.4855795
2.1685722 2.8415115 -3.4179926
3.3270228 4.831811 -3.4593153
4.9519539 6.4886165 -3.4520669
5.8683405 8.5225477 -3.517921
7.7106004 10.103311 -3.5051272
8.1624861 11.85432 -3.540596
11.080915 13.135731 -3.4648347
12.326423 17.901575 -3.6592572
11.667728 15.288392 -3.5546319
12.279791 19.843927 -3.7924986
16.895842 20.028961 -3.4720464
2.178973 2.8335435 -3.416538
3.3403182 4.8132544 -3.4546361
4.9757037 6.4704218 -3.448745
5.899539 8.5009813 -3.5137424
7.7524195 10.081271 -3.5010803
8.2036142 11.821054 -3.5342762
11.134148 13.101097 -3.4586201
12.401057 17.869387 -3.6519139
11.721256 15.24236 -3.5464222
12.348219 19.792009 -3.7824566
16.943283 19.93647 -3.4586394
2.1910701 2.8287868 -3.4168937
3.3548913 4.798409 -3.4512281
5.0030627 6.4592175 -3.4472601
5.9291749 8.4803362 -3.5097606
7.7972789 10.066698 -3.4983938
8.2584972 11.811902 -3.5317755
11.190166 13.074256 -3.4535451
12.463353 17.825991 -3.643544
11.77683 15.204508 -3.5393491
12.4236 19.758926 -3.7746344
17.036135 19.90451 -3.4508481
2.2031617 2.8239789 -3.4172459
3.3804944 4.7992644 -3.4535816
5.030406 6.4478974 -3.4457672
5.9610195 8.4628181 -3.5064664
7.8226113 10.026903 -3.4912159
8.3065529 11.792755 -3.5277388
11.23574 13.035113 -3.4468362
12.530101 17.788897 -3.6358783
11.851907 15.191592 -3.5353098
12.496778 19.722183 -3.7664413
17.238482 19.999178 -3.4541812
2.2080348 2.810956 -3.4124479
3.3941615 4.7848873 -3.4502823
5.0541821 6.4342661 -3.4435894
5.9821882 8.4333344 -3.5006104
7.8607192 10.00715 -3.487644
8.3456106 11.765147 -3.5224593
11.289342 13.009817 -3.4420755
12.579785 17.734236 -3.6264989
11.909603 15.161614 -3.5293431
12.581433 19.710918 -3.7611475
17.249741 19.878569 -3.4388545
2.2138224 2.7971594 -3.407516
3.4049547 4.7630148 -3.4444606
5.0825973 6.4218497 -3.4419248
6.017653 8.4177837 -3.4978001
7.8998041 9.9813843 -3.4830134
8.3909864 11.737718 -3.5171223
11.355296 12.989345 -3.4378333
12.658619 17.707487 -3.619812
11.962615 15.114737 -3.521107
12.655748 19.668032 -3.7521219
17.440748 19.950506 -3.4398901
2.221314 2.7865796 -3.4043944
3.4170592 4.7448483 -3.4399068
5.10254 6.4010015 -3.4379098
6.0516219 8.4031401 -3.4951801
7.9271808 9.944438 -3.4764044
8.4295864 11.705127 -3.5110559
11.384781 12.931688 -3.4287019
12.720357 17.663191 -3.6114149
12.042644 15.107178 -3.517751
12.737361 19.643827 -3.7452772
17.570978 19.958437 -3.4355538
2.2350817 2.784852 -3.4065483
3.4395602 4.7428441 -3.441201
5.1163754 6.374867 -3.4323912
6.0748162 8.3766251 -3.4900138
7.9601173 9.9180937 -3.4717097
8.4660254 11.673886 -3.5052679
11.430246 12.89684 -3.4227135
12.806978 17.65967 -3.6076245
12.105157 15.082702 -3.5124893
12.817719 19.624872 -3.739203
17.645018 19.909016 -3.4264743
2.2447867 2.777035 -3.4051607
3.458364 4.733922 -3.4400837
5.1484547 6.369174 -3.4325378
6.1016817 8.3521814 -3.4853356
8.0121431 9.9118547 -3.4706311
8.4949846 11.628213 -3.4972157
11.504358 12.889557 -3.4203572
12.875592 17.624533 -3.6002455
12.145189 15.024863 -3.5031114
12.875155 19.563345 -3.7285028
17.733006 19.868172 -3.4178996
2.2516959 2.766763 -3.4021094
3.4717615 4.7193236 -3.4367883
5.1794519 6.364233 -3.4328296
6.1363735 8.3414516 -3.4835832
8.0324478 9.8698406 -3.4631708
8.5264311 11.590366 -3.490443
11.560352 12.866145 -3.4159276
12.933971 17.581736 -3.5922329
12.220116 15.015423 -3.4996848
12.931144 19.507231 -3.7186019
17.657347 19.651823 -3.3944328
2.2641194 2.7612956 -3.4023831
3.4936225 4.7127566 -3.4366937
5.195281 6.3361087 -3.4269955
6.1669035 8.3189058 -3.4793801
8.0635338 9.834198 -3.456876
8.5735893 11.565428 -3.4855902
11.623464 12.841404 -3.411201
13.010202 17.550241 -3.5850971
12.264953 14.958203 -3.4903009
12.989245 19.439793 -3.7071252
17.603304 19.44783 -3.3716276
2.2737448 2.7533748 -3.4009936
3.5077481 4.6974459 -3.4332843
5.2173681 6.317934 -3.4238069
6.1935415 8.2941608 -3.4746962
8.092761 9.7998705 -3.4508328
8.6139097 11.535428 -3.4800215
11.660172 12.791922 -3.4032602
13.069001 17.50152 -3.5763035
12.339941 14.942962 -3.4860845
13.054799 19.39102 -3.6978154
17.684538 19.401018 -3.3626504
2.2833431 2.7454207 -3.3996036
3.5241256 4.6851721 -3.4310153
5.2368841 6.2966661 -3.4197929
6.2248344 8.2756472 -3.4713666
8.1294603 9.7746105 -3.4464314
8.6469555 11.495752 -3.4729774
11.723609 12.771677 -3.3992355
13.156404 17.490868 -3.5716074
12.392032 14.899793 -3.4785407
13.142578 19.375059 -3.6919026
18.008692 19.618633 -3.3763061
2.2924328 2.7378352 -3.398283
3.544291 4.6796036 -3.431134
5.2703223 6.2943063 -3.4208803
6.2570105 8.2612648 -3.4689095
8.1618233 9.7476034 -3.4417298
8.682621 11.46385 -3.4671981
11.792918 12.761988 -3.3966973
13.231185 17.469418 -3.5659397
12.438804 14.85557 -3.471009
13.222506 19.354452 -3.6857319
18.087187 19.573481 -3.367677
2.3047915 2.7321837 -3.3985474
3.5614216 4.6665788 -3.4287457
5.2933607 6.2749429 -3.4175224
6.2824564 8.231988 -3.463346
8.2026186 9.7236824 -3.4376147
8.7245865 11.431943 -3.4613481
11.850477 12.73033 -3.3911192
13.292715 17.417624 -3.5566864
12.513744 14.834248 -3.4659896
13.302424 19.319002 -3.677619
18.186028 19.536272 -3.3592284
2.3072712 2.7158351 -3.3919847
3.5800343 4.6571751 -3.4276056
5.3203068 6.2624087 -3.4159648
6.3015132 8.1974773 -3.4566443
8.2493496 9.7101164 -3.4353652
8.764432 11.401424 -3.4557757
11.894835 12.688894 -3.384325
13.372877 17.396435 -3.5508924
12.555114 14.778332 -3.4569836
13.387968 19.298697 -3.671283
18.240444 19.458117 -3.3475668
2.3238084 2.716028 -3.395762
3.5891955 4.6355119 -3.4219296
5.3446865 6.2467794 -3.4135809
6.3373508 8.1848049 -3.4546473
8.2831964 9.6812601 -3.4303997
8.8114834 11.380194 -3.4516535
11.93359 12.641501 -3.3767593
13.44574 17.365421 -3.5440614
12.598852 14.725326 -3.4483457
13.446111 19.238754 -3.6609082
18.209578 19.289787 -3.3283088
2.3375349 2.7138 -3.3978794
3.6116536 4.6326971 -3.4231629
5.3576941 6.2201042 -3.4080849
6.3620291 8.1606264 -3.4501634
8.2945404 9.6296854 -3.4213762
8.8369503 11.335227 -3.4439337
11.972704 12.598969 -3.3699219
13.503257 17.320736 -3.5359678
12.660626 14.698565 -3.4429617
13.502948 19.184265 -3.6513247
18.171669 19.122189 -3.3094339
2.3446162 2.7028868 -3.3947637
3.6277997 4.6200643 -3.4208839
5.3793693 6.2013679 -3.4048846
6.390471 8.1383724 -3.4461486
8.3228979 9.5946836 -3.4153485
8.8789129 11.307445 -3.4388387
12.022109 12.562862 -3.3638933
13.583338 17.298609 -3.5301058
12.756258 14.705487 -3.4414694
13.592907 19.169582 -3.6455963
18.376339 19.202906 -3.3112457
2.3540375 2.6946857 -3.3933682
3.6415164 4.6043501 -3.417475
5.4087272 6.1914134 -3.4041247
6.4237466 8.1222143 -3.4434638
8.3641729 9.5745363 -3.4119997
8.9207993 11.279498 -3.433737
12.074183 12.529422 -3.3582366
13.648595 17.257345 -3.5222282
12.841614 14.6999 -3.4384983
13.645821 19.102526 -3.6345603
18.501453 19.19902 -3.3059137
2.3610353 2.6837296 -3.3902559
3.6647677 4.6006484 -3.4185755
5.4303074 6.1724944 -3.4009175
6.4545236 8.1028309 -3.4401062
8.4106493 9.560174 -3.4097068
8.9601202 11.248288 -3.4281516
12.134489 12.504343 -3.3537054
13.721186 17.225199 -3.5153289
12.906017 14.669946 -3.4326532
13.714756 19.058016 -3.6258323
18.568363 19.134319 -3.295491
2.3679845 2.6727588 -3.3871465
3.6783931 4.5848246 -3.4151649
5.444016 6.1446948 -3.395277
6.4753466 8.0710049 -3.434092
8.4492311 9.5366993 -3.4058027
8.9943495 11.210742 -3.4216106
12.183628 12.467609 -3.3476486
13.788717 17.186541 -3.5077567
12.957144 14.624808 -3.4250298
13.790564 19.022955 -3.6180756
18.579218 19.01227 -3.2803149
2.3797138 2.667181 -3.3874664
3.6967967 4.5749516 -3.4140041
5.4628215 6.122725 -3.3912635
6.5084505 8.0544996 -3.4313934
8.4771881 9.5012245 -3.3997693
9.0234318 11.166902 -3.4141221
12.227077 12.425002 -3.3408337
13.856153 17.147612 -3.5001705
13.005465 14.576513 -3.4170532
13.868658 18.990816 -3.6106253
18.690289 18.992836 -3.273701
2.3865862 2.656162 -3.3843589
3.7151744 4.5650082 -3.4128397
5.4972672 6.1182084 -3.3921001
6.5290403 8.0225363 -3.4253869
8.5102997 9.4715767 -3.3947992
9.0673752 11.141507 -3.409488
12.289997 12.402052 -3.3366358
13.943626 17.133184 -3.4951701
13.050936 14.525099 -3.4087296
13.934861 18.942293 -3.6015399
18.753658 18.924646 -3.2630498
2.4007089 2.6531909 -3.3863862
3.7359715 4.5579691 -3.4127917
5.5317502 6.113523 -3.3929207
6.5745459 8.0210934 -3.4259732
8.5459757 9.4447527 -3.3903546
9.1162987 11.122089 -3.4057894
12.350095 12.375986 -3.3320429
14.008412 17.090576 -3.4872234
13.109587 14.488317 -3.4021485
14.008032 18.903152 -3.5934131
18.813967 18.853409 -3.2521672
2.4075129 2.6421154 -3.3832798
3.7445011 4.5359893 -3.4071407
5.5530548 6.0941772 -3.3897016
6.6075344 8.0041924 -3.4232521
8.5842333 9.4207325 -3.3864329
9.1651907 11.102469 -3.4020774
12.404508 12.344041 -3.3266912
14.070518 17.044653 -3.4789474
13.173501 14.457206 -3.3962505
14.102581 18.89253 -3.5881543
18.823046 18.731291 -3.2371264
2.4118183 2.6283536 -3.378468
3.7603111 4.5228915 -3.4048514
5.5742922 6.0747571 -3.3864818
6.6379595 7.9841185 -3.419868
8.6224298 9.3965597 -3.382504
9.2038879 11.07041 -3.3964739
12.447519 12.300668 -3.31985
14.124825 16.9893 -3.4697051
13.237361 14.425824 -3.3903353
14.178036 18.855953 -3.5803056
18.893993 18.671089 -3.2272055
2.4258997 2.6252432 -3.3804877
3.7834959 4.5185966 -3.40591
5.592803 6.0523801 -3.3824594
6.665791 7.9608974 -3.4158249
8.6605654 9.3722296 -3.3785672
9.2450323 11.041263 -3.391336
12.498913 12.26551 -3.3141112
14.196857 16.955185 -3.4626942
13.298464 14.391238 -3.3840594
14.246181 18.809525 -3.5714881
19.055962 18.700113 -3.2245843
2.4350483 2.6167598 -3.3790913
3.8042109 4.5112529 -3.4058447
5.6219106 6.0414367 -3.3816409
6.6884418 7.9315405 -3.4104767
8.6986322 9.3477535 -3.3746245
9.283514 11.008926 -3.3857276
12.547351 12.227365 -3.3079982
14.25338 16.902479 -3.4537652
13.335035 14.330141 -3.3746977
14.299643 18.743816 -3.5607717
19.132557 18.644634 -3.2150552
2.4432578 2.6090965 -3.3778343
3.8158734 4.4963412 -3.4026618
5.6435456 6.026607 -3.3795378
6.7056561 7.9014459 -3.4048855
8.7279596 9.3203783 -3.3701341
9.3129101 10.973639 -3.3797483
12.568542 12.17126 -3.2996461
14.319324 16.872826 -3.4475899
13.377267 14.285263 -3.3674738
14.365758 18.708296 -3.5534904
19.191044 18.584429 -3.2056558
2.4523499 2.6005523 -3.3764377
3.8290417 4.4800668 -3.3992519
5.6699286 6.0125785 -3.3779063
6.7331944 7.8779922 -3.4008472
8.7631607 9.2927427 -3.3656631
9.3485718 10.938044 -3.373677
12.642525 12.157682 -3.2968018
14.414425 16.86521 -3.4433615
13.429784 14.241384 -3.3601654
14.467603 18.705402 -3.5490334
19.189592 18.453669 -3.1900666
2.4643626 2.5941744 -3.3766716
3.8429246 4.4630828 -3.3957291
5.6865268 5.9860682 -3.3729236
6.7620263 7.8532591 -3.3966053
8.797164 9.26056 -3.3604217
9.3911972 10.906717 -3.3682489
12.66684 12.09201 -3.2870729
14.476149 16.812262 -3.4342806
13.49837 14.209405 -3.3541541
14.548339 18.66799 -3.540956
19.24844 18.374933 -3.1784735
2.4729521 2.5859873 -3.3753431
3.8577046 4.4503131 -3.3935475
5.7036362 5.9643416 -3.3690636
6.7906218 7.833776 -3.3934126
8.833312 9.2370701 -3.356709
9.4299212 10.878516 -3.3633773
12.71843 12.060897 -3.2820106
14.531825 16.764158 -3.4260619
13.559194 14.178966 -3.3485541
14.620026 18.6322 -3.533468
19.387506 18.385189 -3.1745517
2.481962 2.5773411 -3.3739448
3.8757455 4.4397244 -3.3923585
5.7271376 5.9472251 -3.3666315
6.8205194 7.8130069 -3.3900151
8.8544855 9.1947536 -3.3496609
9.4704456 10.848536 -3.3582225
12.777842 12.032819 -3.2773128
14.603361 16.728369 -3.4189577
13.614126 14.137302 -3.3415554
14.675061 18.568537 -3.5230448
19.477716 18.342052 -3.1660848
2.4904962 2.5690956 -3.3726161
3.8904483 4.4268465 -3.3901744
5.7577505 5.9394641 -3.3667305
6.8463931 7.7903447 -3.3861713
8.8738823 9.1539402 -3.3428721
9.5194979 10.832006 -3.3551707
12.823495 11.995819 -3.2715108
14.674564 16.697832 -3.412575
13.674812 14.106387 -3.3359287
14.731591 18.513519 -3.5136993
19.576347 18.312817 -3.1589818
2.4973621 2.5573573 -3.3694522
3.9066463 4.412559 -3.3877602
5.7822194 5.9211283 -3.364125
6.8722782 7.7622414 -3.3812811
8.9184618 9.1327133 -3.3396811
9.5538597 10.791089 -3.3483524
12.881963 11.96229 -3.2660842
14.748888 16.658876 -3.4049993
13.723634 14.053322 -3.3275344
14.814323 18.47809 -3.5058768
19.634554 18.232798 -3.1473379
2.5088162 2.5512085 -3.3697486
3.9271531 4.4046445 -3.387666
5.8028545 5.900907 -3.3608897
6.8967032 7.7352538 -3.3765948
8.9363775 9.0873785 -3.3321469
9.5967655 10.763609 -3.3436351
12.911934 11.90645 -3.2578015
14.806952 16.607288 -3.3963156
13.783792 14.016701 -3.3211722
14.891278 18.44179 -3.4981871
19.671661 18.139782 -3.1349401
2.5232522 2.5471473 -3.3716648
3.94327 4.3902221 -3.3852475
5.8244424 5.8795996 -3.3574927
6.9276481 7.7128658 -3.3729861
8.9780006 9.0630217 -3.3284371
9.6334925 10.725406 -3.3372729
12.984861 11.885938 -3.2541196
14.857053 16.541033 -3.3859849
13.829458 13.960423 -3.312448
14.978921 18.411863 -3.4909232
19.69972 18.032511 -3.1211996
2.5261226 2.5340734 -3.3670211
3.9570413 4.3778129 -3.3831742
5.8484211 5.8668289 -3.3561513
6.949192 7.6881332 -3.3687065
9.0064259 9.0347738 -3.3239489
9.6804705 10.709842 -3.3344622
13.028028 11.85045 -3.2486346
14.930347 16.517963 -3.3805859
13.90139 13.945145 -3.3087962
15.04933 18.380159 -3.4841158
19.762178 17.975912 -3.1122365
2.5426586 2.5329151 -3.3706915
3.9774857 4.3696694 -3.3830669
5.8744249 5.8519144 -3.3544798
6.9839706 7.6725965 -3.3665667
9.0351 9.0004778 -3.3184571
9.7231531 10.681865 -3.3297231
13.066362 11.802226 -3.2414079
15.001348 16.480494 -3.3733912
13.961286 13.907786 -3.3023963
15.1261 18.342911 -3.4763656
19.922602 17.995144 -3.1087296
2.5437534 2.5163746 -3.3642232
3.9875104 4.3500786 -3.3785651
5.8976054 5.8341289 -3.35202
7.0160542 7.6539955 -3.3637826
9.0749283 8.9772539 -3.3149791
9.7576971 10.644925 -3.3236339
13.107482 11.756541 -3.2345335
15.06688 16.436852 -3.3655825
14.018253 13.867373 -3.295661
15.197692 18.299206 -3.4680023
19.970436 17.912155 -3.0972066
2.5551071 2.510021 -3.3645115
3.9974442 4.3304734 -3.3740692
5.917933 5.8135085 -3.3487773
7.0373654 7.6236525 -3.3584621
9.0977154 8.9371815 -3.308486
9.7920952 10.607881 -3.3175478
13.163307 11.723964 -3.2293916
15.137691 16.398821 -3.3583581
14.07226 13.823948 -3.2885962
15.274278 18.26136 -3.4602194
20.053709 17.860931 -3.0881834
2.5642903 2.5006387 -3.3630414
4.0132904 4.3157921 -3.3716516
5.9363947 5.7890401 -3.344593
7.0625706 7.5949116 -3.353575
9.1389351 8.9120855 -3.3047495
9.8390369 10.580654 -3.3129592
13.209177 11.678273 -3.2225125
15.21672 16.36368 -3.35127
14.134254 13.783408 -3.2817779
15.353971 18.220512 -3.4519527
20.101093 17.771437 -3.0759482
2.58342 2.5017607 -3.3683772
4.0309629 4.3045688 -3.3704414
5.9537473 5.7655554 -3.3405747
7.0836339 7.5644431 -3.3482645
9.1699867 8.8801327 -3.2997601
9.8786259 10.549149 -3.3077576
13.222923 11.608449 -3.2125485
15.268289 16.30464 -3.3419526
14.167957 13.720122 -3.2724698
15.407146 18.154636 -3.4415014
20.178005 17.714338 -3.0664985
2.5864763 2.4881539 -3.3636768
4.0557833 4.3023906 -3.3726168
5.9784856 5.7512193 -3.3390493
7.1032553 7.535161 -3.3431618
9.1993818 8.8496771 -3.2950203
9.9135523 10.516335 -3.302393
13.276351 11.577628 -3.2077355
15.256579 16.184238 -3.3266482
14.23636 13.695179 -3.2676814
15.508747 18.152006 -3.4373405
20.242651 17.652582 -3.0569537
2.592525 2.4766054 -3.3605926
4.0707779 4.2882061 -3.370306
6.0013628 5.7330241 -3.3365812
7.132237 7.5131841 -3.339741
9.2302189 8.8175087 -3.2900307
9.944726 10.475894 -3.2958651
13.328729 11.541638 -3.2022245
15.411881 16.235062 -3.3284192
14.289846 13.650906 -3.2605903
15.569417 18.09473 -3.4277444
20.316227 17.592266 -3.0472806
2.5989537 2.4645929 -3.3574417
4.0838041 4.270474 -3.366792
6.0223336 5.7109909 -3.3331757
7.1569934 7.484138 -3.3348656
9.2567139 8.7781601 -3.2838063
9.9775562 10.433628 -3.2890613
13.376981 11.497903 -3.1956835
15.471279 16.178469 -3.3192337
14.33978 13.598442 -3.2524812
15.680077 18.088823 -3.4228621
20.359367 17.499468 -3.0348873
2.6101809 2.4579906 -3.3577201
4.1040306 4.2617412 -3.3666551
6.0422344 5.6899333 -3.329932
7.205009 7.481884 -3.3358037
9.2901907 8.7485123 -3.2793124
10.041505 10.427381 -3.287786
13.441272 11.47182 -3.1915007
15.524896 16.121489 -3.3101964
14.378459 13.540102 -3.2438219
15.761505 18.055025 -3.4155278
20.420332 17.428289 -3.0244226
2.6240401 2.4538171 -3.359673
4.1188812 4.2473898 -3.3643425
6.0677867 5.6741657 -3.3282287
7.222827 7.4481778 -3.3298788
9.3090773 8.7051916 -3.2723658
10.080609 10.395123 -3.2825632
13.453886 11.401658 -3.1815994
15.572741 16.058607 -3.3005908
14.437278 13.500723 -3.2373469
15.83497 18.011894 -3.4073176
20.477995 17.354324 -3.0137663
2.6321635 2.4451013 -3.3583395
4.1248727 4.2254381 -3.3588948
6.0894451 5.6566811 -3.3259134
7.247488 7.4241838 -3.3260257
9.3437109 8.6796732 -3.2686124
10.101137 10.347405 -3.2750168
13.494672 11.359544 -3.1754062
15.64821 16.029716 -3.2945583
14.502419 13.471763 -3.232173
15.913138 17.980206 -3.4004087
20.547653 17.296602 -3.0046091
2.6353526 2.4309826 -3.3535879
4.1368957 4.2082677 -3.3555045
6.1120358 5.6380506 -3.3234334
7.2788987 7.4044776 -3.3232074
9.3885326 8.6604567 -3.2660663
10.131617 10.306413 -3.2684999
13.552576 11.327697 -3.1705294
15.723646 15.994918 -3.2877817
14.569865 13.43998 -3.226593
15.967833 17.915611 -3.3901944
20.586456 17.20685 -2.9928005
2.6442456 2.4213066 -3.3521173
4.1522932 4.1930757 -3.3530822
6.1326604 5.6156096 -3.3200228
7.3032093 7.3749394 -3.3183281
9.4202137 8.6259861 -3.2608275
10.174923 10.274858 -3.2634282
13.606265 11.288115 -3.1646299
15.776553 15.931506 -3.2780123
14.624913 13.391872 -3.219075
16.068062 17.895571 -3.383996
20.640171 17.123627 -2.9812584
2.65452 2.4154279 -3.3525288
4.1736021 4.1881967 -3.354243
6.1502705 5.5963168 -3.3171005
7.3207612 7.3463612 -3.3134451
9.4678078 8.6150446 -3.2597275
10.223994 10.259747 -3.2609158
13.647804 11.250382 -3.1590958
15.747657 15.802724 -3.262289
14.646266 13.32708 -3.2099748
16.113497 17.833162 -3.3744323
20.715427 17.076483 -2.9731932
2.6710055 2.4134378 -3.356137
4.1881971 4.1736016 -3.3519316
6.1726794 5.5774417 -3.3146155
7.3435626 7.3179703 -3.3087761
9.4889927 8.5739594 -3.2532809
10.271016 10.235223 -3.2569635
13.686996 11.202671 -3.1522138
15.777289 15.722306 -3.2510629
14.704534 13.286561 -3.2034535
16.186398 17.788612 -3.3661544
20.759466 16.991417 -2.9618063
2.6690381 2.3939502 -3.3479877
4.2089419 4.1636419 -3.3516564
6.1872401 5.5495443 -3.3096843
7.3731432 7.2937875 -3.3051336
9.5173988 8.5364761 -3.2475581
10.305632 10.194714 -3.2505858
13.718687 11.1449 -3.1440139
15.883031 15.712085 -3.246623
14.776874 13.253877 -3.1977401
16.254181 17.732113 -3.3565681
20.833994 16.925293 -2.9515979
2.6827929 2.3894408 -3.3499222
4.2207031 4.1462235 -3.3482673
6.2065749 5.5279117 -3.3064401
7.4013805 7.2707744 -3.3016899
9.5589924 8.5137568 -3.2444851
10.349669 10.167036 -3.2461917
13.760608 11.099442 -3.137466
16.031719 15.74882 -3.2469649
14.849845 13.226076 -3.1926889
16.332228 17.692862 -3.3488138
20.899166 16.857473 -2.9415312
2.685271 2.3757272 -3.345259
4.2344284 4.1322055 -3.3460703
6.2248712 5.5073009 -3.303359
7.4282775 7.2489519 -3.2984464
9.5693407 8.4662371 -3.2368722
10.383325 10.132662 -3.2408042
13.79423 11.051261 -3.1306159
16.103844 15.715082 -3.2405348
14.908548 13.18997 -3.1868079
16.401678 17.650305 -3.3409672
20.967417 16.798067 -2.9323518
2.6962709 2.3687329 -3.3455245
4.2460604 4.1147199 -3.3426862
6.2470031 5.4881287 -3.3008723
7.4563727 7.2257304 -3.2949975
9.6167192 8.4484978 -3.2347457
10.412918 10.090823 -3.2342906
13.829603 11.000567 -3.1234283
16.161465 15.661553 -3.2320116
14.957494 13.140485 -3.1793385
16.479549 17.610437 -3.333178
21.016548 16.717323 -2.9213693
2.7076662 2.3612177 -3.3457174
4.2583356 4.0964599 -3.3391898
6.2729874 5.4703522 -3.2989759
7.4771085 7.1928744 -3.2895236
9.6386452 8.4053717 -3.2280788
10.44983 10.052591 -3.2283399
13.879205 10.957211 -3.117182
16.227381 15.610516 -3.2235868
15.029591 13.10654 -3.1735444
16.39612 17.39307 -3.3087564
21.087076 16.647606 -2.9109604
2.7213736 2.356497 -3.3476388
4.2781801 4.0868907 -3.3390169
6.2950106 5.4509873 -3.2964826
7.502172 7.1667285 -3.2854683
9.6739292 8.3768673 -3.2240374
10.481983 10.013304 -3.222254
13.911102 10.903781 -3.1096814
16.290432 15.56204 -3.2155919
15.075253 13.053992 -3.165767
16.456739 17.335728 -3.2994146
21.145063 16.573895 -2.9005311
2.7291725 2.3474603 -3.3463056
4.2889147 4.0700312 -3.3357534
6.3100777 5.4275265 -3.2926471
7.5230274 7.139092 -3.281013
9.6986456 8.3421564 -3.2188263
10.520898 9.9839668 -3.2177055
13.95661 10.864931 -3.1041162
16.362206 15.527166 -3.2090995
15.130545 13.01433 -3.1595492
16.657541 17.431131 -3.3043711
21.212509 16.513498 -2.8913372
2.7294877 2.3303792 -3.3398569
4.3038049 4.0542827 -3.3333271
6.332912 5.4069071 -3.2899904
7.5491452 7.1114683 -3.2767572
9.7291574 8.30655 -3.2135904
10.569003 9.9562435 -3.2134142
14.002645 10.818572 -3.097543
16.44515 15.49171 -3.202234
15.184211 12.963961 -3.1519613
16.765615 17.41597 -3.2987051
21.266575 16.430752 -2.8800375
2.7454946 2.3283501 -3.3434997
4.3200369 4.0426216 -3.3321965
6.3478155 5.3833418 -3.2861595
7.5871139 7.0999002 -3.2759089
9.74757 8.2665453 -3.2074487
10.622286 9.9401655 -3.2109201
14.04476 10.77693 -3.0916536
16.502254 15.442547 -3.1943765
15.239277 12.923854 -3.1457262
16.809381 17.345947 -3.2884147
21.349453 16.382021 -2.8717082
2.7508328 2.3164165 -3.3404415
4.3256583 4.01965 -3.3266973
6.3695688 5.3636751 -3.2836637
7.6176434 7.078752 -3.2730463
9.7885084 8.2426901 -3.2043378
10.671488 9.9165592 -3.2072961
14.088633 10.732661 -3.085417
16.538527 15.368549 -3.18397
15.308699 12.891121 -3.14024
16.814075 17.230024 -3.2737463
21.40016 16.302553 -2.8609343
2.7561202 2.3044753 -3.3373866
4.3424931 4.0071387 -3.3254516
6.3822331 5.3363776 -3.2789302
7.6452107 7.0548005 -3.2695813
9.8385277 8.2262897 -3.2026136
10.714805 9.8873405 -3.202837
14.119655 10.678616 -3.0779366
16.515825 15.240371 -3.1683624
15.3536 12.837608 -3.1324465
16.988827 17.287964 -3.2749848
21.441008 16.215714 -2.8496597
2.7641482 2.2948399 -3.3359878
4.3621345 3.99716 -3.3252623
6.4008231 5.3140655 -3.275691
7.6756186 7.0334086 -3.2667089
9.8641329 8.1893597 -3.1971562
10.734593 9.8364429 -3.1950974
14.163217 10.634043 -3.0717006
16.607172 15.217669 -3.1629579
15.407523 12.791571 -3.1255066
17.071537 17.251251 -3.2675741
21.484711 16.131176 -2.8385737
2.7689457 2.283355 -3.3330081
4.3753648 3.9826729 -3.3230674
6.4123573 5.2878208 -3.2711303
7.6930537 7.0025969 -3.2616584
9.8912334 8.1566057 -3.1924162
10.749506 9.78473 -3.1872509
14.204787 10.591783 -3.0658054
16.698853 15.200119 -3.1582141
15.452929 12.742947 -3.1183858
17.117378 17.183237 -3.2575343
21.525278 16.050297 -2.8280258
2.7825086 2.2782695 -3.3349121
4.3835244 3.9622114 -3.3186443
6.4338102 5.2678919 -3.2686377
7.7115846 6.9704018 -3.2564113
9.9104338 8.1144905 -3.1860452
10.786544 9.7498178 -3.1819813
14.260878 10.556354 -3.0607886
16.80509 15.189903 -3.1540143
15.518907 12.70661 -3.1125612
17.05286 16.999384 -3.2368274
21.626104 16.008327 -2.8199735
2.7988834 2.2754028 -3.3384597
4.4030623 3.9520304 -3.3184474
6.4552031 5.2478738 -3.2661426
7.7329288 6.9407988 -3.2517619
9.926384 8.0698328 -3.1792252
10.823472 9.7147589 -3.1767087
14.29443 10.504148 -3.0536253
16.863953 15.136477 -3.14568
15.566262 12.654873 -3.1050394
17.268129 17.094206 -3.2413595
21.701162 15.946925 -2.8105621
2.8015616 2.2605765 -3.3336926
4.4203935 3.9384296 -3.3170762
6.4713421 5.2217178 -3.2620087
7.7583151 6.9124112 -3.2475035
9.9744215 8.0483484 -3.1767502
10.861975 9.6776724 -3.1711512
14.345705 10.461074 -3.0476408
16.928253 15.082533 -3.1371529
15.621847 12.605248 -3.0976839
17.342051 17.041998 -3.2323945
21.749781 15.860223 -2.7991481
2.8090432 2.2512732 -3.3323634
4.4305458 3.921195 -3.3138289
6.4978051 5.2075863 -3.2611475
7.7752771 6.8814049 -3.2424748
10.016541 8.0276337 -3.1742995
10.896987 9.6442327 -3.1661587
14.373868 10.40877 -3.040525
16.972202 15.021021 -3.1282432
15.663565 12.553372 -3.0902722
17.352772 16.939775 -3.2193568
21.763451 15.759901 -2.7873302
2.8197205 2.2437119 -3.3326094
4.4384189 3.9006209 -3.3094196
6.5128736 5.1824327 -3.2571778
7.8051867 6.8594418 -3.2395968
10.041393 7.9901514 -3.1688581
10.951494 9.6245155 -3.1632793
14.403643 10.353887 -3.033077
17.030523 14.966956 -3.1199012
15.726005 12.513518 -3.0841241
17.434721 16.901331 -3.2118692
21.847509 15.704821 -2.7784045
2.8275349 2.2338557 -3.3312101
4.4520063 3.8851047 -3.3071148
6.527844 5.1572351 -3.2532122
7.8439708 6.8451495 -3.2384682
10.069221 7.9550529 -3.1638746
10.994011 9.5940752 -3.158787
14.442937 10.305861 -3.0265338
17.085665 14.910042 -3.1113062
15.782098 12.468434 -3.0774133
17.507988 16.854214 -3.203615
21.908693 15.633105 -2.7683449
2.8385568 2.2257137 -3.331383
4.4633064 3.8662388 -3.3036478
6.5467038 5.1332736 -3.2498209
7.8719974 6.8189406 -3.2347882
10.101436 7.9205403 -3.1590955
11.038122 9.5615253 -3.1540012
14.503369 10.268963 -3.0214283
17.143221 14.849931 -3.102267
15.827695 12.410503 -3.0692146
17.60428 16.823021 -3.196589
21.962587 15.550386 -2.7572937
2.8402021 2.2118328 -3.3267725
4.4819431 3.8564401 -3.3035524
6.5667872 5.1139445 -3.2474844
7.9005589 6.7979517 -3.2320938
10.124516 7.8845582 -3.1539133
11.0758 9.5300541 -3.1493819
14.54386 10.225388 -3.0155146
17.204473 14.803405 -3.0948479
15.875057 12.362844 -3.0623407
17.665764 16.770042 -3.1880362
22.02384 15.484355 -2.7479115
2.8479052 2.201906 -3.3253763
4.4983048 3.8432741 -3.3022921
6.5876994 5.0933909 -3.2449851
7.9302502 6.7754688 -3.2291918
10.151976 7.8491712 -3.1489363
11.105973 9.4887524 -3.1432931
14.572933 10.170004 -3.0080829
17.289412 14.771775 -3.088686
15.921267 12.309795 -3.0548058
17.738714 16.72197 -3.1797311
22.090851 15.416528 -2.7381635
2.8469474 2.1853285 -3.319068
4.5087571 3.8250561 -3.2989435
6.5992169 5.0655861 -3.2403021
7.9568682 6.7503004 -3.2257056
10.176167 7.8112669 -3.1435137
11.151162 9.4602165 -3.1391683
14.614893 10.123602 -3.0018287
17.316532 14.690679 -3.0778837
15.979954 12.266278 -3.0483391
17.802809 16.6654 -3.1706872
22.177362 15.362055 -2.7293243
2.8689735 2.1863661 -3.3258581
4.5191326 3.8068159 -3.2955992
6.623095 5.0472794 -3.2385304
7.9803782 6.7224913 -3.2216415
10.212833 7.7829204 -3.1398802
11.187152 9.4238043 -3.1338632
14.676391 10.090589 -2.9973183
17.367697 14.630157 -3.0690391
16.035347 12.220099 -3.0415974
17.849169 16.592297 -3.1602035
2.870049 2.1729631 -3.3213305
4.5340266 3.7950687 -3.2945676
6.6389227 5.0264416 -3.2356267
8.0075245 6.7024541 -3.2191348
10.249894 7.7603703 -3.1371801
11.244156 9.4115772 -3.132236
14.708025 10.044419 -2.9911568
17.410522 14.572946 -3.060838
16.060955 12.160024 -3.03351
17.880693 16.517166 -3.1499662
2.877615 2.1629338 -3.3199372
4.5561309 3.7866082 -3.295382
6.656424 5.003242 -3.2324035
8.0247879 6.669415 -3.2139213
10.273742 7.7221675 -3.1317608
11.286108 9.3799038 -3.1276906
14.736397 9.9885597 -2.983743
17.479687 14.527398 -3.0534277
16.08736 12.091922 -3.0243986
17.938229 16.454662 -3.1404603
2.8822429 2.1507072 -3.3169119
4.5604091 3.7633252 -3.2899644
6.6801372 4.9846668 -3.2306235
8.0388756 6.6338129 -3.2081416
10.306998 7.6910024 -3.1276693
11.327987 9.3480425 -3.123136
14.777785 9.9415007 -2.9774821
17.511829 14.451052 -3.0431621
16.135864 12.040458 -3.0171328
17.954245 16.354307 -3.1276627
2.893019 2.1422865 -3.3170822
4.5711904 3.7441449 -3.2865136
6.6952085 4.9578156 -3.2265191
8.0631332 6.6043062 -3.2038839
10.341495 7.6578979 -3.1233261
11.36217 9.3064623 -3.1171362
14.810809 9.8850622 -2.9700255
17.580107 14.399416 -3.0350611
16.211926 12.004964 -3.011553
18.043674 16.315168 -3.1200395
2.8942671 2.1283853 -3.3125017
4.5895586 3.7338262 -3.2863982
6.7084541 4.9332614 -3.2227414
8.0972567 6.5875063 -3.2023108
10.376424 7.6306119 -3.1199143
11.426908 9.2963371 -3.1159201
14.86343 9.8490887 -2.9652402
17.643244 14.353625 -3.0278301
16.248436 11.948771 -3.0038862
18.103621 16.260574 -3.1114805
2.9075353 2.1225436 -3.3143692
4.6055617 3.7202024 -3.2851303
6.7319708 4.9144378 -3.2209573
8.1171284 6.5567164 -3.1976838
10.419023 7.60604 -3.1171203
11.480947 9.2738848 -3.1128612
14.901049 9.7993307 -2.9586923
17.711866 14.306992 -3.0203767
16.312592 11.908432 -2.9978893
18.148359 16.186649 -3.1010599
2.9178617 2.1145091 -3.3146055
4.6275334 3.711334 -3.285923
6.7459073 4.8886085 -3.2170236
8.1368818 6.5258713 -3.1930621
10.448721 7.5719547 -3.1125741
11.525657 9.2437067 -3.1086442
14.941832 9.7516127 -2.9524274
17.774147 14.255066 -3.0124485
16.325003 11.830364 -2.9877949
18.213709 16.131142 -3.0922563
2.9252245 2.1043117 -3.313215
4.6374454 3.6927595 -3.2825887
6.7692981 4.8696141 -3.2152359
8.1596107 6.4974303 -3.1890097
10.468645 7.5308046 -3.1067274
11.560962 9.2058973 -3.1032825
14.982466 9.7037306 -2.9461613
17.820675 14.190454 -3.0033681
16.405033 11.80125 -2.983057
18.248922 16.049017 -3.0811734
2.9325523 2.0940871 -3.311825
4.6472874 3.6741595 -3.2792583
6.7766795 4.8391147 -3.2098827
8.1853437 6.4713573 -3.1855221
10.491641 7.4919071 -3.101321
11.586789 9.1605511 -3.0967894
15.01625 9.65137 -2.9393394
17.866974 14.125684 -2.9942932
16.449373 11.746225 -2.9755135
18.307842 15.987841 -3.0719185
2.9487169 2.0901279 -3.3153026
4.6661434 3.662673 -3.279012
6.7871289 4.810895 -3.2052515
8.2047729 6.4403076 -3.1809096
10.520965 7.4575357 -3.0967817
11.621821 9.122508 -3.0914307
15.063276 9.6074629 -2.933625
17.897337 14.048451 -2.9840984
16.477264 11.679518 -2.9667201
18.342424 15.905534 -3.0608709
2.9500656 2.0756495 -3.3106685
4.6819391 3.6487291 -3.277735
6.8135061 4.7939444 -3.2041736
8.2272053 6.4116259 -3.1768618
10.543689 7.4184799 -3.0913842
11.669281 9.0941048 -3.0875649
15.120279 9.5697289 -2.928725
17.958858 13.995699 -2.9761648
16.527718 11.628808 -2.9596853
18.406914 15.849221 -3.0520718
2.9602644 2.0674152 -3.3108993
4.6946459 3.6323647 -3.2754328
6.8334131 4.7723784 -3.2016737
8.255785 6.3877068 -3.173934
10.559758 7.3748155 -3.0851386
11.716679 9.065486 -3.0836868
15.156964 9.5190134 -2.9221754
18.007599 13.932929 -2.967334
16.551863 11.559633 -2.9506676
18.474258 15.79525 -3.043488
2.9555464 2.0488071 -3.3030372
4.7072983 3.6159539 -3.2731314
6.8435841 4.7440248 -3.1970539
8.2843037 6.3636632 -3.1710014
10.598484 7.3469496 -3.0818853
11.741948 9.0196838 -3.0772018
15.179961 9.4597225 -2.9145434
18.113091 13.913735 -2.9624825
16.605223 11.510866 -2.943882
18.520157 15.722913 -3.0333571
2.9742684 2.0472176 -3.3081906
4.7192626 3.6003251 -3.270946
6.8657393 4.7257543 -3.1954215
8.2927904 6.3265696 -3.164932
10.635861 7.320766 -3.078872
11.774953 8.9831114 -3.0721202
15.221407 9.4156218 -2.9088843
18.140093 13.839076 -2.9527576
16.640017 11.453484 -2.9362569
18.578293 15.666561 -3.0248022
2.981396 2.0368235 -3.306803
4.7348709 3.5861566 -3.2696662
6.8757148 4.6973357 -3.1908121
8.327425 6.3071303 -3.1631095
10.671178 7.2903118 -3.0751789
11.803066 8.9395552 -3.0660162
15.250783 9.3603506 -2.901809
18.194647 13.780492 -2.944356
16.683184 11.39758 -2.9287367
18.617561 15.588805 -3.0142555
2.9854877 2.0243688 -3.3038023
4.7442827 3.5672908 -3.2663486
6.8985639 4.6777067 -3.1890171
8.3493919 6.2780213 -3.1590648
10.712983 7.2641492 -3.0723217
11.83738 8.9006872 -3.0606492
15.283365 9.3070545 -2.8950081
18.255402 13.726485 -2.936384
16.749268 11.357169 -2.9229066
18.662659 15.516063 -3.0041561
2.9835141 2.0078621 -3.29758
4.7659669 3.5576198 -3.2671003
6.9181061 4.655786 -3.186518
8.3680897 6.2464724 -3.1544707
10.734986 7.2244916 -3.0669334
11.874753 8.864068 -3.0556462
15.339626 9.2680626 -2.8900673
18.19129 13.579132 -2.9200258
16.778893 11.291953 -2.9144197
18.769043 15.494019 -2.9983346
2.9965332 2.0014632 -3.299423
4.7690716 3.5340827 -3.2617557
6.9310527 4.6294322 -3.1826212
8.389842 6.217226 -3.1504321
10.793134 7.2090173 -3.066154
11.915206 8.829669 -3.0510037
15.388963 9.2247019 -2.8845854
18.328344 13.582074 -2.917218
16.824833 11.237748 -2.9071398
18.832272 15.436005 -2.9895008
3.0095444 1.9949977 -3.3012617
4.7844806 3.5196974 -3.2604744
6.9471693 4.6052113 -3.1794267
8.4210434 6.1949306 -3.1480403
10.821538 7.1734924 -3.0615962
11.968378 8.8045235 -3.0478003
15.41422 9.1668606 -2.8772612
18.385281 13.52511 -2.909035
16.863955 11.178952 -2.8993855
18.861267 15.350019 -2.9783485
3.0164893 1.984481 -3.2998788
4.8060689 3.5097909 -3.2612152
6.9566474 4.576623 -3.1748433
8.4521914 6.172492 -3.1456413
10.846511 7.1356773 -3.0566239
12.011885 8.7720766 -3.043499
15.432402 9.104907 -2.8694277
18.387266 13.427909 -2.8972738
16.892879 11.113448 -2.8909311
18.933359 15.299147 -2.9701457
3.0210512 1.9709024 -3.2967517
4.8226304 3.4935696 -3.2596974
6.9774551 4.5520191 -3.1720314
8.4758301 6.1399903 -3.1411955
10.887124 7.1026468 -3.0528123
12.051921 8.7305517 -3.0378966
15.463813 9.0435696 -2.861711
18.471006 13.380611 -2.8896868
16.955463 11.061568 -2.8838191
18.926563 15.173893 -2.9553924
3.0333135 1.9653435 -3.2987213
4.8398356 3.4829006 -3.2596467
7.0015979 4.5364733 -3.1712418
8.495079 6.1133308 -3.1375599
10.906055 7.0662479 -3.0479255
12.088975 8.6996136 -3.0337973
15.505926 9.0029383 -2.8566453
18.509714 13.320183 -2.881557
17.000174 11.014747 -2.877547
19.080303 15.198917 -2.9538972
3.0493028 1.9606255 -3.3021529
4.851963 3.465986 -3.2573466
7.0173898 4.5120063 -3.1680536
8.5131493 6.0813437 -3.1329808
10.944004 7.0367217 -3.0446022
12.135448 8.6689224 -3.0298285
15.537257 8.948761 -2.8498738
18.565838 13.262453 -2.8733778
17.035162 10.953183 -2.8695755
19.161417 15.154512 -2.9462597
3.0377917 1.938269 -3.2911513
4.8640332 3.4490273 -3.2550478
7.0330982 4.4874821 -3.1648676
8.5246544 6.0447297 -3.1273253
10.975192 7.0027432 -3.0404518
12.17537 8.6334076 -3.0251396
15.561487 8.8905163 -2.8425989
18.605513 13.192945 -2.8641732
17.073294 10.893649 -2.861841
19.195366 15.072738 -2.9355602
3.047601 1.9295949 -3.291378
4.8602915 3.4209452 -3.2477288
7.0520301 4.4650073 -3.1623731
8.5392351 6.0103917 -3.1222215
10.989508 6.9580297 -3.0342619
12.202174 8.5885735 -3.019038
15.609743 8.8459711 -2.8371086
18.671021 13.141709 -2.8566022
17.104471 10.829732 -2.8536594
19.244703 15.003201 -2.9258904
3.0573881 1.9208727 -3.2916026
4.8848338 3.412782 -3.2494519
7.0609322 4.4361892 -3.1578169
8.5666437 5.9850726 -3.1192758
11.01373 6.9196239 -3.0293024
12.235341 8.5482025 -3.0136428
15.67872 8.812891 -2.8331161
18.726597 13.083308 -2.8484132
17.148926 10.774198 -2.8463919
19.306431 14.943256 -2.9170225
3.0545135 1.9049675 -3.2854993
4.8961253 3.3965631 -3.2472734
7.0822611 4.4168992 -3.1561692
8.5831985 5.9543767 -3.1149189
11.046719 6.889359 -3.0258083
12.283229 8.5211792 -3.0102808
15.711336 8.762785 -2.826937
18.769882 13.021132 -2.8400617
17.218391 10.738363 -2.8413076
19.330564 14.859684 -2.9064465
3.0642273 1.8962002 -3.2857261
4.9111247 3.3816347 -3.2459815
7.0943017 4.3900843 -3.1523075
8.6039314 5.9243765 -3.1109014
11.063952 6.8465772 -3.0200453
12.293247 8.4647141 -3.0024455
15.727891 8.7001734 -2.8191805
18.828367 12.964578 -2.8320675
17.26255 10.682384 -2.8340282
19.375975 14.787268 -2.8966038
3.0708265 1.8854947 -3.2843559
4.9197168 3.3623011 -3.2426918
7.1095805 4.3652987 -3.1491349
8.6245556 5.8943133 -3.1068871
11.094543 6.8120751 -3.0159006
12.339131 8.4329805 -2.9984407
15.775618 8.654809 -2.8136671
18.866913 12.894287 -2.8228905
17.265755 10.601214 -2.8240919
19.456097 14.741253 -2.8889172
3.07739 1.8747634 -3.2829862
4.928237 3.3429444 -3.2394059
7.1247759 4.3404541 -3.1459639
8.6516228 5.8686085 -3.1039379
11.135201 6.783627 -3.0129533
12.375078 8.3943195 -2.9933891
15.826726 8.6111059 -2.8083897
18.91181 12.828346 -2.8141129
17.282228 10.528432 -2.8150709
19.520201 14.682841 -2.8802383
3.0870175 1.8658859 -3.2832112
4.9398756 3.3257222 -3.2371204
7.1432385 4.3175874 -3.1434755
8.6720543 5.8383746 -3.0999258
11.162206 6.7467709 -3.0084012
12.414199 8.3577366 -2.9886792
15.87421 8.5652666 -2.8028581
18.979641 12.777856 -2.8066959
17.312048 10.463921 -2.8069496
19.536148 14.588345 -2.8686779
3.1059487 1.8625555 -3.2882102
4.9546576 3.3105969 -3.2358301
7.1649952 4.2966585 -3.141664
8.6858091 5.8036728 -3.0948584
11.195898 6.7138848 -3.0046439
12.453221 8.3209772 -2.983963
15.921575 8.5191946 -2.7973175
19.044039 12.724822 -2.7990704
17.399757 10.434175 -2.8025301
19.61261 14.539075 -2.8607674
3.0968537 1.8424339 -3.2788846
4.9726048 3.297538 -3.2355313
7.1866927 4.2756319 -3.1398497
8.7126045 5.7776856 -3.0919082
11.229498 6.6808476 -3.0008819
12.482192 8.2774534 -2.9782221
15.96177 8.469162 -2.7912874
19.088345 12.658264 -2.7902908
17.429224 10.369296 -2.7944076
19.682535 14.484717 -2.8524601
3.1126323 1.8371412 -3.2822874
4.974432 3.2738092 -3.2302728
7.2015734 4.2505202 -3.1366825
8.7261143 5.7428937 -3.0868533
11.259583 6.6456437 -2.9967217
12.520974 8.2403946 -2.9735012
15.973611 8.4041233 -2.7833402
19.149078 12.60253 -2.7824626
17.458447 10.304343 -2.7862988
19.726528 14.411217 -2.842644
4.9826045 3.2543175 -3.2270036
7.2163668 4.2253547 -3.1335182
8.7427998 5.7102356 -3.0823307
11.286139 6.6083031 -2.9921668
12.556323 8.200984 -2.9684377
15.971073 8.3317327 -2.7744625
19.182932 12.529058 -2.7731261
17.487429 10.239306 -2.7782023
19.792875 14.353986 -2.8341367
4.9944983 3.2360342 -3.2246137
7.2284126 4.196909 -3.1295269
8.76367 5.6781545 -3.0781374
11.313713 6.5688868 -2.9873667
12.589633 8.1570721 -2.9627507
16.054569 8.3005791 -2.7709596
19.245466 12.469517 -2.764854
17.535183 10.181151 -2.7707915
19.825907 14.267358 -2.8231256
5.0052009 3.2194552 -3.2224531
7.2490869 4.1768336 -3.1278689
8.7824488 5.6490641 -3.0743465
11.345748 6.5372791 -2.9838419
12.623302 8.119585 -2.9579723
16.08909 8.2509327 -2.765038
19.3102 12.420744 -2.7578182
17.586117 10.132902 -2.7645643
19.892595 14.215465 -2.8152699
5.0131626 3.1998901 -3.2191949
7.2704329 4.1553946 -3.1260495
8.7954531 5.6141171 -3.0693192
11.368499 6.4976315 -2.9789004
12.651569 8.0754681 -2.95224
16.092943 8.1820812 -2.7566776
19.383715 12.37258 -2.7506936
17.638687 10.08134 -2.7579451
19.981167 14.173647 -2.8080139
5.0308099 3.1864948 -3.2188933
7.2780695 4.1261234 -3.1215577
8.8250122 5.5897274 -3.0668917
11.401465 6.4637814 -2.9751244
12.676321 8.02913 -2.946182
16.135632 8.1330309 -2.7509
19.42341 12.30271 -2.7417376
17.649492 10.005948 -2.7488408
20.037046 14.108415 -2.7989345
5.0413485 3.1697958 -3.2167363
7.2985487 4.1058135 -3.1198967
8.8434992 5.5604339 -3.063108
11.433211 6.4317765 -2.971591
12.706242 7.9891701 -2.9410763
16.144699 8.0705776 -2.7433772
19.491123 12.255229 -2.7348475
17.679102 9.9454155 -2.7413766
20.096806 14.051044 -2.7906821
5.0589185 3.156255 -3.216429
7.3059869 4.0764875 -3.1154163
8.8729162 5.5358047 -3.0606728
11.455594 6.3918247 -2.9666545
12.737428 7.9468703 -2.9356852
16.172773 8.0141687 -2.7366867
19.571024 12.210345 -2.7280347
17.731119 9.8933506 -2.7347615
20.175247 14.001288 -2.7828324
5.0731797 3.1406057 -3.2151387
7.3373299 4.0604577 -3.1155868
8.9056263 5.5131226 -3.0587456
11.467419 6.3460374 -2.960577
12.765088 7.9023628 -2.92997
16.211374 7.9629383 -2.7306881
19.620312 12.146162 -2.7196069
17.786472 9.8429832 -2.7283421
20.266733 13.960219 -2.775661
5.0808301 3.1208606 -3.2118909
7.344584 4.031045 -3.1111143
8.924818 5.4820004 -3.0547612
11.524288 6.3250585 -2.9594626
12.819707 7.8744059 -2.9268579
16.239073 7.9062972 -2.7240093
19.672791 12.08386 -2.711354
17.81723 9.7789135 -2.7205067
20.328522 13.898396 -2.7668948
5.0949817 3.1051114 -3.2106013
7.3689437 4.0110097 -3.109952
8.9506493 5.4549294 -3.0518014
11.556749 6.2904859 -2.9556694
12.864093 7.8399587 -2.9227567
16.270159 7.8512979 -2.7175636
19.745516 12.033807 -2.7041423
17.851252 9.7166634 -2.7128828
20.380213 13.829597 -2.7576089
5.1057901 3.0873065 -3.2083354
7.3829007 3.9852607 -3.1068077
8.9865475 5.4338751 -3.0503659
11.58213 6.2519884 -2.9511156
12.864158 7.7785411 -2.9144609
16.304651 7.7978888 -2.7113459
19.794233 11.968934 -2.6957049
17.881556 9.6523933 -2.7050679
20.458166 13.778437 -2.7496867
5.1165352 3.0694661 -3.2060716
7.3863931 3.9539142 -3.1016953
8.998682 5.3984089 -3.0453665
11.61088 6.2152696 -2.9469411
12.88782 7.7315464 -2.908437
16.33897 7.7443428 -2.7051315
19.835892 11.899771 -2.6869287
17.925684 9.5955658 -2.6980495
20.526049 13.720255 -2.7412384
5.1305275 3.0535586 -3.204782
7.4174695 3.9373026 -3.101841
9.0106764 5.3629236 -3.0403767
11.621987 6.1691227 -2.940892
12.931815 7.6966853 -2.9043341
16.355085 7.6821852 -2.6978173
19.897879 11.842708 -2.6791751
17.962587 9.5348072 -2.6906409
20.593769 13.661766 -2.7327785
5.1444736 3.0375884 -3.2034912
7.4276996 3.9095585 -3.0980492
9.0293436 5.3314352 -3.0364046
11.653988 6.134059 -2.9370961
12.955181 7.6494722 -2.8983164
16.378193 7.6233635 -2.6909575
19.949408 11.779259 -2.6709065
17.971069 9.4590454 -2.6816912
20.651339 13.596375 -2.7238085
5.1550446 3.0196133 -3.2012308
7.4412999 3.8836086 -3.0949173
9.0513077 5.3018837 -3.0329399
11.678843 6.0951791 -2.932554
12.97837 7.6021957 -2.8923078
16.39747 7.5628142 -2.6838923
19.914654 11.665185 -2.6584866
18.018112 9.4036379 -2.6748796
20.752138 13.559147 -2.7169709
5.1655545 3.0015991 -3.1989717
7.4513288 3.8558052 -3.0911367
9.0697603 5.2702541 -3.0289738
11.693003 6.0507245 -2.9269021
13.011707 7.5608392 -2.8872492
16.431015 7.5088363 -2.6777048
19.975956 11.607623 -2.6507475
18.022505 9.3260231 -2.6657817
20.816092 13.497478 -2.7083018
5.179338 2.9854717 -3.1976814
7.4612532 3.8279796 -3.0873625
9.0881033 5.2385607 -3.0250113
11.721114 6.0134916 -2.9227374
13.034577 7.5133848 -2.8812518
16.475269 7.4596453 -2.6721635
20.075123 11.571694 -2.6447926
18.072687 9.2721519 -2.6591687
20.856371 13.420409 -2.6984971
5.1897254 2.9673779 -3.1954257
7.4815598 3.8054729 -3.0855412
9.1097612 5.2087736 -3.0215523
11.738494 5.9707499 -2.9174712
13.074528 7.4757447 -2.8768208
16.501202 7.402102 -2.6655529
20.111921 11.499581 -2.6358886
18.11915 9.2162514 -2.6523643
20.913172 13.353984 -2.6895061
5.2034039 2.9511433 -3.1941354
7.4983006 3.7810979 -3.0830696
9.1347656 5.1808395 -3.0185897
11.759266 5.9297352 -2.9125781
13.090169 7.4241714 -2.8702128
16.516024 7.3396001 -2.658314
20.186655 11.448988 -2.6287539
18.133415 9.1439676 -2.643883
20.946175 13.27235 -2.6794045
5.2069588 2.9291861 -3.1899583
7.5044365 3.7513952 -3.0786626
9.1665726 5.1566753 -3.0166168
11.779892 5.8886542 -2.9076915
13.129866 7.3862348 -2.8657782
16.552475 7.2867212 -2.6523552
20.233448 11.38237 -2.6203308
18.136694 9.0663576 -2.6348736
21.029547 13.222531 -2.6716709
5.2205157 2.9128678 -3.1886706
7.5210013 3.7269166 -3.0761967
9.1845179 5.1246438 -3.0126591
11.814598 5.8545427 -2.9042618
13.15557 7.3403544 -2.8601093
16.585114 7.2320771 -2.6461866
20.286997 11.319445 -2.6122229
18.186092 9.0118389 -2.6282713
21.089125 13.15749 -2.6628253
5.2340231 2.8964911 -3.1873825
7.5374851 3.7023675 -3.0737317
9.1954355 5.0887237 -3.00772
11.831402 5.8115139 -2.8990185
13.167196 7.2866826 -2.8532248
16.599291 7.1693978 -2.6389849
20.340353 11.256284 -2.6041119
18.231754 8.9553289 -2.6214819
21.145111 13.090094 -2.6538219
5.244101 2.8782043 -3.1851363
7.5503621 3.6760361 -3.0706265
9.2027464 5.0508909 -3.0023003
11.855182 5.7719188 -2.8945048
13.196035 7.2425919 -2.8478775
16.627876 7.1129823 -2.6326251
20.372522 11.181378 -2.5950744
18.270069 8.8951283 -2.6143312
21.207676 13.026652 -2.6451223
5.2574997 2.8617213 -3.1838479
7.563149 3.6496558 -3.0675249
9.2203226 5.018734 -2.9983618
11.871686 5.7287736 -2.889276
13.224732 7.1983833 -2.8425324
16.667273 7.0611067 -2.6268842
20.439468 11.125452 -2.5875759
18.311783 8.8364925 -2.6073608
21.273474 12.965003 -2.6365645
5.2538967 2.8360364 -3.1777861
7.5829177 3.6266232 -3.0657043
9.2516937 4.9940348 -2.996381
11.916665 5.6992908 -2.8869147
13.239275 7.1465182 -2.8359883
16.684471 6.9998136 -2.6199248
20.49222 11.061634 -2.5794606
18.356897 8.7794113 -2.6005692
21.33909 12.903075 -2.6279988
5.280745 2.8267679 -3.1803174
7.5919871 3.5984502 -3.0619707
9.2690716 4.9617076 -2.992445
11.925731 5.6525574 -2.8809805
13.264142 7.1002574 -2.8303556
16.71616 6.9445829 -2.613785
20.523672 10.986263 -2.5704432
18.373022 8.7084446 -2.5923707
21.404539 12.840824 -2.619421
5.2939839 2.8101218 -3.1790292
7.6045036 3.5719252 -3.0588789
9.2898273 4.9311724 -2.9889979
11.952574 5.614265 -2.8768325
13.316952 7.0688267 -2.8271115
16.755035 6.8922467 -2.6080489
20.561901 10.914549 -2.5617363
18.414139 8.6493378 -2.5854099
21.452669 12.768066 -2.6101034
5.2969422 2.788038 -3.1748893
7.6169243 3.5453603 -3.0557916
9.3209724 4.9060807 -2.9870043
11.957707 5.5658135 -2.8705688
13.345063 7.0241547 -2.8217759
16.782679 6.8352242 -2.6017158
20.624588 10.855722 -2.5540667
18.458673 8.5917416 -2.578624
21.459291 12.670784 -2.599061
5.3090906 2.7731657 -3.1738279
7.631587 3.5230553 -3.0536485
9.3363409 4.8767715 -2.9834661
11.967932 5.5248904 -2.8655081
13.36354 6.98035 -2.8164153
16.811457 6.7854428 -2.5962379
20.672741 10.79826 -2.5468187
18.471098 8.5270205 -2.5712128
21.540319 12.627523 -2.5922883
5.3187375 2.7546177 -3.1715951
7.6438365 3.4963961 -3.0505672
9.3603258 4.8477888 -2.9805012
12.001575 5.4896855 -2.862076
13.394887 6.9373212 -2.8113823
16.831341 6.725245 -2.5895243
20.752827 10.748058 -2.5398495
18.518875 8.470788 -2.5646033
21.618771 12.572329 -2.5842628
5.3317475 2.737793 -3.1703107
7.6559958 3.4696908 -3.0474894
9.3807077 4.8168888 -2.9770551
12.013437 5.4444795 -2.8565466
13.419022 6.8905182 -2.8057644
16.843605 6.6620522 -2.5824335
20.797318 10.679191 -2.5314302
18.530176 8.3978605 -2.5563056
21.683275 12.508752 -2.5756547
5.3447042 2.7209136 -3.1690261
7.671639 3.4445536 -3.0450442
9.3868961 4.7787371 -2.971699
12.035988 5.4041395 -2.8520713
13.432359 6.8382249 -2.7992818
16.87788 6.6075759 -2.5765202
20.852247 10.615586 -2.5234385
18.577562 8.3412952 -2.5497007
21.764914 12.454799 -2.5677311
5.3477635 2.697835 -3.1647997
7.691381 3.4195979 -3.0430737
9.414937 4.749639 -2.9690187
12.048464 5.3567624 -2.8463213
13.450232 6.7853608 -2.7928233
16.916842 6.5514197 -2.5704749
20.898142 10.542677 -2.5145881
18.593439 8.2666664 -2.5412316
21.834724 12.388727 -2.5587611
5.3601246 2.6818109 -3.16363
7.7134461 3.3988197 -3.0420341
9.4270992 4.7166247 -2.9648259
12.073422 5.3199806 -2.842442
13.476214 6.7425036 -2.7878001
16.94591 6.4981403 -2.564697
20.92585 10.469751 -2.5060608
18.606155 8.1985359 -2.5335276
21.88612 12.322133 -2.5501847
5.3699174 2.6621482 -3.1612976
7.715065 3.3658218 -3.0369394
9.4443226 4.6820436 -2.9607234
12.111023 5.2836294 -2.8391109
13.51865 6.7019005 -2.783366
16.965887 6.4345779 -2.5577097
21.02128 10.421346 -2.4991343
18.636076 8.1302891 -2.5257535
21.962502 12.259348 -2.5414662
5.3787169 2.6443248 -3.1591892
7.7189846 3.3371041 -3.0327857
9.4739866 4.6576715 -2.958904
12.132122 5.2450104 -2.8348868
13.522958 6.6482573 -2.7766347
16.983408 6.3768773 -2.5513809
20.733446 10.193131 -2.4787436
18.692215 8.0810976 -2.5200157
22.010025 12.190312 -2.5327475
5.3814454 2.6212204 -3.1549866
7.7239518 3.3057058 -3.028337
9.4874382 4.6211872 -2.9543345
12.147614 5.1989503 -2.8295074
13.575835 6.6125832 -2.7730494
17.006664 6.3145909 -2.5446067
21.089935 10.272587 -2.481638
18.692383 7.9999876 -2.5109756
22.093042 12.130698 -2.5242662
5.390563 2.6024182 -3.1527755
7.7498899 3.2848442 -3.0277686
9.5177507 4.594913 -2.9523129
12.151078 5.1503181 -2.8233614
13.616744 6.5737963 -2.7688799
17.051035 6.2634234 -2.5392714
21.161602 10.21625 -2.4742916
18.753233 7.9486871 -2.505023
22.152784 12.063044 -2.5154564
5.403089 2.5852499 -3.1515024
7.7649245 3.2592921 -3.0253389
9.5515575 4.5701938 -2.9507527
12.179956 5.1124816 -2.8195934
13.643194 6.5279446 -2.7635825
17.076536 6.2052302 -2.5330153
21.225927 10.156103 -2.4666662
18.791891 7.8878117 -2.4981172
22.233391 12.006513 -2.5074103
5.4116316 2.5673192 -3.149406
7.7793102 3.2350318 -3.0230629
9.5559464 4.5334139 -2.9456477
12.204168 5.0751123 -2.8157268
13.661172 6.4809637 -2.7580099
17.112007 6.1539617 -2.5276332
21.255882 10.083953 -2.4583013
18.806898 7.8208628 -2.4906504
22.304749 11.949688 -2.4995618
5.4310188 2.5533288 -3.1499977
7.7941842 3.2093489 -3.0206356
9.5717144 4.5000277 -2.9417551
12.225481 5.033989 -2.8112874
13.708907 6.4450798 -2.7543867
17.133387 6.0941882 -2.5212064
21.2729 10.001201 -2.4490054
18.863579 7.7673049 -2.484524
22.342802 11.869879 -2.4899724
5.4368482 2.531781 -3.1467512
7.8058939 3.1807623 -3.0174446
9.5881424 4.4649172 -2.9376736
12.251197 4.9921436 -2.8069472
13.732436 6.3947935 -2.7485411
17.15185 6.0300331 -2.514292
21.345585 9.9400139 -2.4411938
18.877151 7.6921015 -2.476192
22.449732 11.821392 -2.4822695
5.449151 2.5144 -3.145479
7.8060374 3.1490908 -3.0125716
9.6000824 4.4297628 -2.9333293
12.26119 4.9463768 -2.8015213
13.76551 6.3518147 -2.7438035
17.187843 5.9753523 -2.5085986
21.394648 9.8721247 -2.4330482
18.918676 7.6321216 -2.4694552
22.508556 11.752187 -2.4734097
5.4500175 2.4940639 -3.1416433
7.8158917 3.1245532 -3.0098481
9.6211376 4.4028726 -2.9307621
12.298776 4.9166722 -2.7992227
13.792627 6.3118501 -2.7393479
17.19523 5.9174404 -2.5023119
21.43281 9.8081875 -2.4255209
18.975878 7.5859728 -2.4642
22.555994 11.686931 -2.4652526
5.4621978 2.4766161 -3.1403751
7.8413386 3.1030262 -3.0092659
9.6292486 4.3659992 -2.9259698
12.312172 4.8722539 -2.7941391
13.80733 6.2603846 -2.7332511
17.245947 5.8676486 -2.4973269
21.499622 9.748148 -2.4179864
19.002241 7.5196924 -2.4568634
22.621506 11.620895 -2.4566259
5.4822102 2.4603548 -3.1407373
7.8422379 3.0686052 -3.0041153
9.6567602 4.3338461 -2.9230897
12.334485 4.8263855 -2.7892449
13.84941 6.2154608 -2.728503
17.268349 5.8013821 -2.4903049
21.544176 9.668786 -2.4087312
19.079239 7.4655538 -2.4507093
22.70154 11.552049 -2.4473941
5.487246 2.4396369 -3.1376197
7.860219 3.0440433 -3.0023153
9.6971121 4.3113489 -2.9224169
12.366061 4.7890301 -2.7858064
13.88556 6.1735382 -2.7240338
17.288498 5.7410636 -2.4839325
21.585093 9.5967607 -2.4003453
19.105185 7.3989048 -2.4433765
22.770243 11.487113 -2.4388576
5.4948826 2.4223871 -3.1356487
7.8624177 3.0165257 -2.9983931
9.7069902 4.2792706 -2.9184792
12.388452 4.7530017 -2.7821901
13.904884 6.1298876 -2.7190466
17.306448 5.6867251 -2.4782078
21.611481 9.5272961 -2.3924754
19.146942 7.3459902 -2.4375064
22.849049 11.436968 -2.4317157
5.5068359 2.4047318 -3.1343822
7.8839006 2.9932368 -2.9972007
9.7218695 4.245358 -2.9146152
12.404969 4.7097259 -2.7774549
13.940778 6.0876756 -2.7145751
17.356497 5.6361151 -2.4732106
21.615355 9.4390182 -2.3829455
19.191107 7.2861814 -2.4308999
22.913866 11.369553 -2.4230347
5.5054207 2.3789868 -3.1292207
7.9100237 2.9684572 -2.9963076
9.7526121 4.2142715 -2.9121788
12.430391 4.6648512 -2.7728982
13.971349 6.0372605 -2.7090182
17.40835 5.5791578 -2.4675677
21.680738 9.3686199 -2.3744247
19.218943 7.2124443 -2.4228561
22.982428 11.293816 -2.413398
5.5270295 2.3677478 -3.1309326
7.9119573 2.940861 -2.9924002
9.7585354 4.1805005 -2.9078052
12.456142 4.6299272 -2.7696085
13.993901 5.9949069 -2.7043066
17.433382 5.5268507 -2.4621866
21.743073 9.3146076 -2.3677225
19.245241 7.1534228 -2.4164248
23.035734 11.230309 -2.4054265
5.5356698 2.3474753 -3.128643
7.9300447 2.9145501 -2.990453
9.770153 4.1431646 -2.9033136
12.473027 4.5842447 -2.7646537
14.015778 5.9435792 -2.6985092
17.457323 5.4641113 -2.4556942
21.795431 9.2426462 -2.3592722
19.290037 7.0897183 -2.4094598
23.083925 11.149281 -2.395705
5.5505266 2.3320882 -3.1284046
7.9470396 2.8909173 -2.9888046
9.8020582 4.1183953 -2.9019001
12.495618 4.5455666 -2.7608116
14.046412 5.9016867 -2.6940508
17.467735 5.4038315 -2.449352
21.844357 9.1780424 -2.3516767
19.313444 7.0257063 -2.4025369
23.163977 11.093354 -2.3880067
5.5586343 2.3126976 -3.1262269
7.9460115 2.8591731 -2.9840188
9.8200254 4.0856709 -2.8985007
12.526347 4.5072918 -2.7573674
14.063257 5.8510885 -2.6882815
17.50173 5.3474751 -2.4436843
21.883633 9.1047945 -2.3433237
19.337854 6.9582419 -2.395261
23.278296 11.048367 -2.3807633
5.5702348 2.2947488 -3.1249652
7.9596372 2.8327351 -2.9816303
9.8415346 4.0543804 -2.8955491
12.542003 4.4635415 -2.7526629
14.087271 5.8034806 -2.683038
17.535543 5.2909555 -2.4380178
21.915279 9.0283556 -2.3347642
19.369534 6.8933744 -2.3882663
23.298656 10.958552 -2.370759
5.578609 2.2743161 -3.1226838
7.9625673 2.8009379 -2.9773116
9.8490105 4.0152955 -2.8906322
12.565765 4.4201732 -2.7483568
14.12318 5.7578115 -2.6782913
17.558636 5.2277813 -2.4315579
21.940836 8.9449539 -2.3255775
19.436043 6.8368835 -2.3821058
23.34952 10.878136 -2.36113
5.5793691 2.2519467 -3.1186955
7.9797039 2.7757046 -2.9755249
9.8702955 3.9838519 -2.887686
12.599855 4.3828039 -2.745223
14.161632 5.7159224 -2.6740708
17.584417 5.1687078 -2.4255815
22.027426 8.8907175 -2.3186107
19.482378 6.7768593 -2.3756356
23.419968 10.811628 -2.3525867
5.5971456 2.2386973 -3.1194735
7.9846773 2.7493434 -2.972259
9.8827629 3.952821 -2.8842413
12.594804 4.3367362 -2.7394495
14.175827 5.6699233 -2.6688755
17.612041 5.1167669 -2.4203959
22.058956 8.8229485 -2.3110259
19.529961 6.7247009 -2.3700149
23.461079 10.741315 -2.3442745
5.6017318 2.2167518 -3.1162941
7.9909868 2.7187979 -2.9685562
9.8898344 3.9136662 -2.8793509
12.61437 4.2918258 -2.7348487
14.196513 5.6179314 -2.66312
17.626848 5.0510883 -2.4136503
22.105986 8.7479172 -2.3024757
19.562023 6.6556473 -2.3626583
23.489384 10.650314 -2.334059
5.6058483 2.1957808 -3.113229
8.0004282 2.6908894 -2.9655981
9.892395 3.8747981 -2.8742254
12.640556 4.251565 -2.7311018
14.23455 5.5755973 -2.6588972
17.648203 4.9906163 -2.407542
22.154963 8.6779804 -2.2944539
19.592693 6.5898685 -2.3556714
23.551905 10.579711 -2.3253074
5.6206622 2.1789825 -3.1128821
8.0134954 2.6641812 -2.9632328
9.9132299 3.8430979 -2.8712947
12.677914 4.2149224 -2.728272
14.242804 5.5215592 -2.652679
17.700047 4.9386106 -2.4026639
22.25209 8.6265478 -2.2877114
19.619362 6.5226893 -2.3485649
23.482927 10.450361 -2.3131073
5.6350484 2.1630936 -3.1126411
8.0260105 2.6388195 -2.9610176
9.9296093 3.8116217 -2.86812
12.703128 4.1765785 -2.7247539
14.275885 5.4800014 -2.6484818
17.73168 4.8841219 -2.3973308
22.261946 8.5455647 -2.2791226
19.663607 6.4650688 -2.3424506
23.462667 10.348274 -2.3027897
5.6393375 2.1410599 -3.1094785
8.0356274 2.6093869 -2.9579251
9.9545975 3.7794139 -2.8654351
12.710803 4.1275434 -2.7192528
14.292154 5.4262328 -2.6425068
17.745619 4.8180594 -2.3906236
22.375183 8.4950771 -2.2722955
19.702335 6.3978844 -2.3353648
23.763828 10.377234 -2.2996533
5.6464076 2.1223457 -3.1074364
8.0367689 2.5803251 -2.9539645
9.9596777 3.7435977 -2.8609667
12.743312 4.0914311 -2.7163439
14.313795 5.3802037 -2.6375763
17.773041 4.7622738 -2.3851495
22.42938 8.4306517 -2.2648547
19.700672 6.3251958 -2.3277874
23.842075 10.31739 -2.2917876
5.6501708 2.101279 -3.1043918
8.0494661 2.5534396 -2.9516141
9.9800949 3.7115626 -2.8580427
12.765081 4.0493202 -2.7122951
14.354854 5.3385201 -2.633594
17.804958 4.7042704 -2.3795156
22.451195 8.3495216 -2.2561443
19.741632 6.2624111 -2.3211989
23.896294 10.24196 -2.2827995
5.6610856 2.0828774 -3.1031485
8.0583286 2.525332 -2.9486866
10.004114 3.6808035 -2.8555491
12.790494 4.008306 -2.70855
14.354736 5.2815237 -2.6269479
17.832832 4.6451154 -2.373739
22.472708 8.2683601 -2.2474551
19.782389 6.1994371 -2.3146117
23.97966 10.178777 -2.2745197
5.6719413 2.0644195 -3.1019053
8.0708418 2.4983451 -2.9463427
10.002047 3.64045 -2.8500576
12.8082 3.9648035 -2.7042079
14.376824 5.2327404 -2.6217637
17.868225 4.5877857 -2.3682551
22.501436 8.1898594 -2.2389634
19.819145 6.1350555 -2.3079042
23.974566 10.077988 -2.2641273
5.6754899 2.0433021 -3.0988739
8.0795135 2.470155 -2.9434235
10.022132 3.6081896 -2.8471422
12.829551 3.9223871 -2.7001679
14.391261 5.1811728 -2.6161084
17.87641 4.523427 -2.3617663
22.526134 8.1099072 -2.230397
19.86713 6.0739903 -2.3015463
23.913786 9.9543476 -2.2524977
5.6789584 2.0221875 -3.0958486
8.0993519 2.4453406 -2.942241
10.030943 3.5718603 -2.8429525
12.85456 3.8810239 -2.6964269
14.416753 5.1335783 -2.6111774
17.903685 4.4638939 -2.3560073
22.561823 8.0339088 -2.2221103
19.88439 6.0034571 -2.2942684
24.066483 9.9194946 -2.245832
5.6856332 2.0033424 -3.0938277
8.1074162 2.4184661 -2.9394741
10.04646 3.5398872 -2.8398066
12.871162 3.8395057 -2.6923294
14.444949 5.0897021 -2.6067548
17.906786 4.4016414 -2.3497164
22.629742 7.9736271 -2.2150271
19.927113 5.9443164 -2.2881544
24.162073 9.8652763 -2.2383173
5.6853161 1.9809501 -3.0899229
8.0969963 2.3846126 -2.933696
10.069951 3.5087004 -2.8373213
12.888291 3.7956769 -2.6880071
14.47765 5.0444865 -2.602298
17.925909 4.3400493 -2.3436961
22.683809 7.9037814 -2.2071671
19.970686 5.8814836 -2.2816806
24.259275 9.8063126 -2.2302992
5.7034655 1.96386 -3.0903671
8.1019163 2.3538234 -2.9300835
10.082745 3.4717662 -2.8333831
12.913549 3.7517316 -2.684042
14.488521 4.9887962 -2.5961702
17.957197 4.2780061 -2.3377922
22.708853 7.819283 -2.1982133
20.015079 5.8149161 -2.2748461
24.291351 9.7158451 -2.2203388
5.7099466 1.944937 -3.0883553
8.1172171 2.3291085 -2.9284837
10.09046 3.4370391 -2.829407
12.922105 3.7077961 -2.6793802
14.520043 4.9458556 -2.5919867
17.971283 4.2184377 -2.3319592
22.764875 7.7542324 -2.1908576
20.041916 5.7507148 -2.2682874
24.330856 9.6381826 -2.2115717
5.7130494 1.9237657 -3.0853546
8.1403923 2.3050365 -2.9278798
10.113632 3.405582 -2.8269255
12.946423 3.6659136 -2.6756527
14.52968 4.8926058 -2.5861499
17.989779 4.1565809 -2.3259678
22.810711 7.6810927 -2.1828306
20.046524 5.6763806 -2.2607341
24.356918 9.5502853 -2.2020354
5.7164083 1.9015962 -3.0822546
8.1374531 2.2720182 -2.9231443
10.126047 3.3684881 -2.823005
12.967415 3.6205683 -2.6714094
14.547516 4.8393154 -2.5805173
17.977709 4.0844364 -2.318608
22.853857 7.6024675 -2.1743035
20.086395 5.6082239 -2.2538064
24.425255 9.4739332 -2.1928797
5.7263417 1.8838314 -3.0811396
8.1298189 2.2408497 -2.9181428
10.144673 3.3373582 -2.8202944
12.990829 3.5807064 -2.6679137
14.57104 4.793529 -2.5758851
18.006702 4.0282707 -2.3133512
22.878944 7.5266333 -2.1663113
20.13179 5.5489936 -2.2477992
24.504982 9.4114828 -2.1849461
5.7328811 1.8638352 -3.0790381
8.1413746 2.2134926 -2.9158456
10.144981 3.2982671 -2.8153296
13.003245 3.5353475 -2.6633384
14.606591 4.7487955 -2.5716693
18.036209 3.9688268 -2.3077941
22.916458 7.4504423 -2.158144
20.170265 5.4839306 -2.2412269
24.552605 9.3315763 -2.1758702
5.7393527 1.8438107 -3.0769398
8.1566296 2.1870894 -2.9141157
10.16396 3.2652497 -2.8124418
13.011675 3.4889042 -2.6584878
14.638226 4.7026415 -2.5672226
18.065525 3.909209 -2.3022382
22.957521 7.3752785 -2.1500556
20.177736 5.4103861 -2.2338347
24.599976 9.2514286 -2.166795
5.7420826 1.8226014 -3.0739658
8.168005 2.1596088 -2.911823
10.171528 3.2285571 -2.8083217
13.031446 3.4454956 -2.6544945
14.650762 4.6503162 -2.5616577
18.07127 3.844471 -2.295913
22.967915 7.2902737 -2.1413848
20.24275 5.3521543 -2.2279804
24.632118 9.1655073 -2.1574452
5.7520847 1.8036977 -3.0727549
8.1716995 2.1300929 -2.9084086
10.190279 3.195395 -2.8054404
13.058753 3.4039869 -2.6510653
14.666904 4.5991435 -2.5563266
18.104069 3.7854378 -2.2904994
23.065563 7.2327347 -2.1343966
20.284456 5.2874894 -2.2215092
24.712664 9.0973911 -2.148998
5.7509871 1.7813272 -3.0689137
8.1866837 2.1035051 -2.9066854
10.201371 3.159802 -2.8017433
13.074399 3.3593659 -2.6467977
14.698066 4.5526209 -2.5518885
18.128878 3.7246196 -2.2848339
23.09067 7.1521702 -2.1260283
20.333681 5.2245822 -2.2152328
24.781778 9.024725 -2.1403286
5.7571702 1.761243 -3.0668335
8.1939754 2.0749171 -2.9038441
10.20478 3.1218629 -2.7972391
13.097586 3.3166323 -2.6430924
14.721475 4.5036178 -2.5470107
18.122248 3.6573796 -2.2781751
23.107864 7.0691957 -2.1175375
20.344065 5.1516194 -2.2079816
24.843174 8.9489937 -2.1315157
5.7666659 1.7432578 -3.0657356
8.2008114 2.0477352 -2.90115
10.222642 3.0902953 -2.7945545
13.120061 3.2760677 -2.6396155
14.732518 4.4536266 -2.5417488
18.134275 3.5972681 -2.2724624
23.154093 6.9994612 -2.1100285
20.361034 5.0841327 -2.2012935
24.850149 8.8585243 -2.1222639
5.7687249 1.7230209 -3.0628915
8.2151737 2.0224018 -2.8995752
10.232836 3.0563755 -2.7910609
13.142412 3.2353835 -2.6361387
14.75102 4.4058809 -2.5369308
18.153923 3.5386307 -2.2670062
23.203947 6.9306273 -2.1025825
20.42811 5.0289679 -2.1958437
24.871864 8.773406 -2.113292
5.7823906 1.7040449 -3.0624633
8.2110939 1.989509 -2.8949401
10.247759 3.0199692 -2.787611
13.158038 3.1881299 -2.6316643
14.774697 4.3540382 -2.5318069
18.123741 3.46385 -2.2593849
23.225363 6.8444118 -2.0937798
20.4774 4.9615765 -2.1892071
24.926466 8.6900787 -2.103904
5.7772079 1.6806209 -3.0577836
8.2179899 1.9608325 -2.892123
10.258239 2.9841769 -2.7839465
13.196105 3.1486232 -2.6290565
14.80508 4.3068776 -2.5273798
18.16704 3.4064329 -2.2543831
23.199305 6.7488027 -2.0846446
20.506229 4.8928366 -2.1824567
24.911366 8.5873976 -2.0938983
5.7867417 1.6615061 -3.0565932
8.2324228 1.9339265 -2.8904183
10.268594 2.948348 -2.7802892
13.191565 3.0989077 -2.6234586
14.804735 4.2507782 -2.521251
18.198404 3.3465934 -2.2490194
23.303265 6.6909003 -2.0776858
20.554235 4.8285155 -2.1761651
24.948746 8.5029564 -2.0847626
5.7887993 1.6402502 -3.0536685
8.2353001 1.9043001 -2.8870599
10.282624 2.9135706 -2.7770391
13.179103 3.0474868 -2.6173429
14.827133 4.2012525 -2.5164118
18.221731 3.285181 -2.2434239
23.349508 6.6160583 -2.0697711
20.602034 4.7639375 -2.1698694
25.023664 8.4311295 -2.0762115
5.7981997 1.6210691 -3.0524836
8.2457218 1.8764101 -2.8848102
10.300344 2.8797853 -2.7741899
13.19353 3.0023417 -2.6131303
14.85703 4.1537499 -2.511996
18.217402 3.2187786 -2.2370214
23.387835 6.5388045 -2.061734
20.630199 4.6946425 -2.1631277
25.109753 8.3626423 -2.0678077
5.8038225 1.600821 -3.0504348
8.244565 1.8459035 -2.8809171
10.317955 2.8459172 -2.771343
13.20393 2.9562724 -2.6086586
14.86377 4.0997519 -2.5063293
18.216753 3.1531348 -2.2307589
23.429747 6.4624357 -2.0537622
20.65424 4.6243477 -2.1563079
25.153955 8.2799406 -2.0587814
5.8056588 1.5795394 -3.0475256
8.2586212 1.8187985 -2.8792264
10.343081 2.8140311 -2.7692876
13.218044 2.9110141 -2.6044617
14.874153 4.0467954 -2.5008848
18.243355 3.0921845 -2.2253125
23.444462 6.37851 -2.0453925
20.685831 4.5556469 -2.1496675
25.296587 8.229125 -2.0511367
5.8111372 1.5592625 -3.045486
8.2649202 1.7899572 -2.8764436
10.349025 2.7768826 -2.7652605
13.220369 2.863173 -2.5994787
14.918919 4.0030909 -2.4973059
18.265823 3.0304348 -2.2197583
23.458879 6.29456 -2.0370445
20.717197 4.4867821 -2.1430318
25.351763 8.1493177 -2.042238
5.8165445 1.5389696 -3.0434508
8.2864628 1.7643654 -2.8758488
10.362475 2.7417541 -2.762028
13.230284 2.8170109 -2.5950379
14.944335 3.9540448 -2.4926941
18.256634 2.9634697 -2.2133241
23.542427 6.2289701 -2.0296986
20.736631 4.4152732 -2.1361551
25.380053 8.0607796 -2.0329862
5.8330626 1.5215747 -3.0440001
8.2925701 1.7354313 -2.8730736
10.364333 2.7035725 -2.7576272
13.236151 2.7700014 -2.5903456
14.96959 3.90487 -2.488085
18.266867 2.8997283 -2.2074659
23.591053 6.1538086 -2.0218487
20.755817 4.3436828 -2.1292918
25.377563 7.9625816 -2.0233598
5.8308768 1.4992871 -3.0402515
8.2908926 1.7048959 -2.8692193
10.373707 2.6673799 -2.7540188
13.265172 2.7277806 -2.587229
14.98698 3.8535862 -2.4830751
18.27294 2.8353405 -2.201514
23.620119 6.0734158 -2.0137384
20.805996 4.2784362 -2.12308
25.447144 7.8869543 -2.0146747
5.8430257 1.4828547 -3.0401447
8.3000526 1.6796165 -2.8672767
10.382035 2.6347737 -2.7507772
13.293123 2.6900246 -2.5845509
15.018288 3.8113711 -2.4793944
18.301449 2.7809069 -2.1968048
23.64682 6.0011373 -2.006458
20.823244 4.2138362 -2.116924
25.467983 7.8057938 -2.0063412
5.8444295 1.4615167 -3.0372655
8.3058643 1.6506355 -2.8645213
10.398838 2.6004379 -2.7479572
13.298539 2.6428361 -2.57988
15.039216 3.7608576 -2.4745936
18.330742 2.719933 -2.1915152
23.671494 5.9195313 -1.9983207
20.865196 4.1465678 -2.1105528
25.433945 7.698349 -1.9964349
5.8497477 1.4400845 -3.0351472
8.3195581 1.6216803 -2.8627126
10.415976 2.5641935 -2.7449598
13.292558 2.5910363 -2.5742311
15.045177 3.7038052 -2.4687467
18.34059 2.6527238 -2.1854129
23.71628 5.838448 -1.9900268
20.903734 4.0746365 -2.1037574
25.412268 7.590219 -1.9862627
5.8549867 1.418633 -3.0330334
8.3293009 1.5919111 -2.8603683
10.417622 2.5241358 -2.7404273
13.29807 2.5415514 -2.5693707
15.047055 3.6458237 -2.4627211
18.354134 2.5860357 -2.1794307
23.768543 5.7589955 -1.9818281
20.910698 3.9964907 -2.0963662
25.543303 7.5274878 -1.9778254
5.8524079 1.3964025 -3.0293205
8.3309498 1.5621095 -2.8570929
10.434056 2.489598 -2.7376206
13.322457 2.4980509 -2.5660148
15.075162 3.5969799 -2.4583406
18.351208 2.5203393 -2.1733444
23.827312 5.6852698 -1.9741259
20.940193 3.9264278 -2.0897839
25.504255 7.4193411 -1.968004
5.8609967 1.3768446 -3.0281699
8.3363514 1.5330173 -2.8543613
10.446532 2.4540622 -2.7344332
13.303779 2.4465046 -2.5598764
15.091499 3.5452416 -2.4533782
18.36779 2.4573174 -2.167784
23.889742 5.6120934 -1.9664563
20.969454 3.8561873 -2.0832059
25.622084 7.3567014 -1.9598523
5.8652935 1.3584261 -3.026371
8.3488464 1.5082165 -2.8529768
10.446488 2.4194496 -2.7304657
13.315304 2.4054055 -2.5562141
15.118059 3.5014048 -2.4495168
18.371471 2.3990891 -2.1625094
23.942242 5.5451217 -1.9595063
20.993235 3.7924213 -2.0772493
25.579784 7.2576537 -1.9510093
5.8702335 1.3369153 -3.0242763
8.3620443 1.4789665 -2.8511844
10.459142 2.3820152 -2.7271142
13.34357 2.3600321 -2.5529079
15.130793 3.4459596 -2.4441175
18.384092 2.332226 -2.1565869
23.942955 5.4528837 -1.9507502
21.006996 3.7154365 -2.0700629
25.49474 7.1326423 -1.940425
5.878623 1.3172626 -3.023134
8.3710203 1.4504439 -2.848999
10.475105 2.3472273 -2.7243249
13.359544 2.3148036 -2.5490713
15.138847 3.3922634 -2.4387989
18.39212 2.2680519 -2.1508689
23.985203 5.374526 -1.9428732
21.000195 3.6386967 -2.062897
25.573347 7.0584917 -1.9319094
5.8756618 1.2950745 -3.0194545
8.3721647 1.4205564 -2.8457572
10.490954 2.3123467 -2.7215374
13.367543 2.2681527 -2.5447433
15.15448 3.34025 -2.4338703
18.380152 2.2014644 -2.1446846
24.070063 5.3053637 -1.9354194
21.016699 3.5660317 -2.0561609
25.790409 7.0216055 -1.9245901
5.8761601 1.2747648 -3.0167284
8.369091 1.3914965 -2.8421302
10.483115 2.2741902 -2.7166767
13.371077 2.2231574 -2.540395
15.161588 3.2891304 -2.4288309
18.407133 2.1427991 -2.139761
24.12652 5.2339687 -1.9280847
21.052006 3.5002356 -2.050107
25.890657 6.9567528 -1.9166321
5.8883271 1.2548258 -3.0163426
8.3702641 1.3601857 -2.8387735
10.49138 2.2357545 -2.7129784
13.386969 2.1754107 -2.5363655
15.18132 3.2351995 -2.4238539
18.414864 2.0753233 -2.1338053
24.188471 5.1546588 -1.9199673
21.064692 3.4230573 -2.0429904
25.804071 6.8321881 -1.9062054
5.8926721 1.2342626 -3.01437
8.3904562 1.33342 -2.8381925
10.510726 2.2015474 -2.7105823
13.406239 2.1305332 -2.5328009
15.200307 3.1838138 -2.419138
18.414076 2.0101612 -2.1279635
24.23756 5.0767317 -1.9121407
21.084389 3.3507528 -2.0363555
25.889566 6.7581987 -1.8976688
5.9042768 1.2162733 -3.014183
8.3987074 1.3061974 -2.8361676
10.514096 2.16589 -2.7068765
13.41715 2.0866838 -2.5289693
15.210779 3.1334004 -2.4143162
18.424603 1.9495186 -2.1226995
24.281616 5.0019808 -1.9046853
21.1269 3.285732 -2.0304437
25.996874 6.6942253 -1.889733
5.9009361 1.1941266 -3.0105371
8.3993378 1.2762809 -2.8329642
10.540962 2.1330926 -2.7052264
13.424352 2.0398328 -2.5246887
15.237216 3.083437 -2.4099793
18.44714 1.8868085 -2.1174355
24.330217 4.9235168 -1.8968549
21.142181 3.2125585 -2.0237641
26.016216 6.6024499 -1.8806775
5.9126248 1.1750213 -3.0102551
8.4037418 1.2469518 -2.8302927
10.544467 2.0955114 -2.7013576
13.439242 1.994122 -2.5208998
15.251788 3.0310016 -2.4051013
18.461542 1.8231826 -2.1119998
24.33943 4.8369966 -1.8887156
21.176929 3.1422443 -2.0173969
26.035234 6.5106211 -1.8716434
5.9242516 1.1558515 -3.0099728
8.4080429 1.2176113 -2.8276286
10.555597 2.0594506 -2.6982355
13.461827 1.9494754 -2.5175958
15.273986 2.980032 -2.4005921
18.487617 1.7606204 -2.1068394
24.363998 4.7535396 -1.8807188
21.203548 3.0705931 -2.0109165
26.100435 6.4302101 -1.8629262
5.9169011 1.1329902 -3.0055096
8.4122419 1.188252 -2.8249712
10.562722 2.0225894 -2.6947522
13.452835 1.9002495 -2.5123894
15.26867 2.9237018 -2.3948388
18.497616 1.6964347 -2.1013362
24.403955 4.6729603 -1.8728474
21.233875 2.9993427 -2.0044997
26.107204 6.3352914 -1.85385
5.9244108 1.114076 -3.0044954
8.4161358 1.1603513 -2.8224533
10.573256 1.9882839 -2.6918161
13.466924 1.8567145 -2.508836
15.274373 2.8723214 -2.3898897
18.499174 1.6347382 -2.0959554
24.42716 4.5934882 -1.8652743
21.239756 2.9283721 -1.9980881
26.155247 6.2551866 -1.8454925
5.9246659 1.0916578 -3.0016215
8.4436569 1.1326274 -2.8227851
10.580471 1.9495198 -2.688175
13.497233 1.8105114 -2.5058074
15.288708 2.8170426 -2.3848052
18.497103 1.5662564 -2.0899527
24.459528 4.506825 -1.8569641
21.301714 2.8573997 -1.991792
26.193537 6.1629429 -1.8361785
5.9246502 1.0702838 -2.9988518
8.4358921 1.1016209 -2.8185911
10.591102 1.9132749 -2.6850777
13.503471 1.7633828 -2.5015812
15.302362 2.7643609 -2.3799803
18.490547 1.5007083 -2.0841653
24.482965 4.4228301 -1.8490143
21.319464 2.7840526 -1.9852288
26.179892 6.0633602 -1.8270706
5.9321432 1.0502692 -2.9977517
8.4280119 1.0706861 -2.8144119
10.570473 1.8714724 -2.6790965
13.50561 1.7157389 -2.4971335
15.315835 2.7116256 -2.3751657
18.515528 1.4377007 -2.0790565
24.545404 4.3456945 -1.8413094
21.321142 2.7086163 -1.9784709
26.208681 5.9737182 -1.8182033
5.939568 1.0302124 -2.9966536
8.4394846 1.0422196 -2.8128181
10.600307 1.8386132 -2.6778209
13.511517 1.6685815 -2.4929314
15.325208 2.6581428 -2.370188
18.548237 1.3751169 -2.0741124
24.564356 4.260664 -1.8333539
21.358166 2.6375899 -1.9721924
26.252745 5.8874307 -1.8094155
5.9391551 1.009866 -2.9939969
8.4506817 1.0151649 -2.8113577
10.61414 1.8047785 -2.675276
13.532733 1.6256622 -2.4898727
15.333939 2.607311 -2.3654711
18.564613 1.3144488 -2.0691264
24.590153 4.1811943 -1.8258548
21.354919 2.5653269 -1.9657506
26.361776 5.8201394 -1.8013363
5.9388428 0.98849708 -2.991251
8.4619656 0.98657054 -2.8097687
10.62817 1.7690171 -2.6725626
13.542266 1.5788766 -2.4859176
15.354713 2.5557318 -2.3610263
18.565115 1.2493749 -2.0635617
24.616402 4.0973034 -1.8179696
21.363743 2.4907734 -1.9591478
26.335119 5.7179265 -1.7922828
5.9422579 0.96775907 -2.9893382
8.4692564 0.95746511 -2.8076708
10.642083 1.7331749 -2.6698523
13.571353 1.5342665 -2.4831119
15.371392 2.5033925 -2.3564174
18.593212 1.1860793 -2.0585546
24.638435 4.0126276 -1.8100771
21.384193 2.4175224 -1.9527036
5.9530425 0.94925994 -2.9891758
8.4606876 0.92808926 -2.8036695
10.651676 1.6984944 -2.666961
13.576366 1.4892501 -2.4791501
15.391393 2.4542799 -2.3522294
18.593065 1.1241697 -2.0532916
24.671309 3.9340363 -1.8026451
21.37624 2.3448517 -1.9462767
26.349993 5.5336008 -1.7749729
5.9488688 0.92625076 -2.9855275
8.4601326 0.8966617 -2.8004403
10.66564 1.6606615 -2.664089
13.56595 1.4378105 -2.473881
15.408143 2.3990786 -2.347388
18.612965 1.0569226 -2.0478776
24.693445 3.8448186 -1.7943848
21.39262 2.2673335 -1.9394916
26.377914 5.4386044 -1.7657504
5.9596829 0.90663666 -2.9852746
8.471014 0.86792207 -2.7988713
10.671373 1.6234183 -2.6606855
13.574833 1.3908485 -2.4699636
15.412493 2.344677 -2.3423071
18.612568 0.99172801 -2.0423741
24.726442 3.7615926 -1.7865758
21.404369 2.1930461 -1.9330037
26.443687 5.3559971 -1.7570697
5.9551907 0.8847 -2.9817364
8.4739923 0.83835316 -2.796294
10.676974 1.5861657 -2.6572919
13.591451 1.3446362 -2.4665031
15.428451 2.2920425 -2.3377318
18.619892 0.92696255 -2.0370371
24.751263 3.6770346 -1.7787511
21.38809 2.1159773 -1.9262369
5.9580913 0.86494535 -2.9799423
8.4767256 0.81024551 -2.7938516
10.682175 1.5507479 -2.6540754
13.599786 1.2999319 -2.4628079
15.428094 2.2397203 -2.3327599
18.622862 0.86520672 -2.0319114
24.783064 3.5977957 -1.7713528
21.379116 2.0435169 -1.9199073
5.9650364 0.84363997 -2.9787834
8.4835443 0.77952802 -2.7916636
10.683874 1.511029 -2.6501803
13.612362 1.2508 -2.4589312
15.448013 2.1848252 -2.3281202
18.625908 0.79693985 -2.026264
24.800035 3.5074892 -1.763136
21.378521 1.9644097 -1.9130388
26.514006 5.0818 -1.7308102
5.9641285 0.82228804 -2.9760861
8.4823065 0.74956661 -2.7886043
10.700829 1.4753478 -2.6478567
13.600835 1.201882 -2.4539499
15.459485 2.1314347 -2.3234122
18.624598 0.7317661 -2.0208347
24.827938 3.4230847 -1.7553582
21.381277 1.8894262 -1.9065571
5.9668221 0.80250698 -2.9743061
8.4886532 0.7217682 -2.786685
10.697828 1.4388031 -2.6439705
13.624513 1.158457 -2.4511611
15.466468 2.0801606 -2.3187985
18.634882 0.67029047 -2.0158954
24.791698 3.3343563 -1.7478534
21.415232 1.8208816 -1.9007181
25.955236 4.7917886 -1.7134633
5.9772258 0.78267258 -2.9740682
8.4950314 0.69244927 -2.7846425
10.722381 1.4040147 -2.6423457
13.636385 1.1115327 -2.4475152
15.481522 2.0271883 -2.3142681
18.660992 0.6060093 -2.0109677
24.862532 3.2555609 -1.7401893
21.409538 1.7451401 -1.8941945
5.9837427 0.76229161 -2.9730165
8.4934855 0.66248876 -2.7816079
10.731136 1.3670801 -2.6393423
13.652049 1.0648547 -2.4440935
15.488503 1.9731388 -2.3094349
18.670954 0.54110134 -2.0057821
24.881659 3.1697686 -1.7324386
21.403574 1.6694709 -1.8876981
26.554037 4.7108798 -1.6964753
5.9787221 0.74045128 -2.969528
8.4918346 0.63254321 -2.7785823
10.724075 1.3281527 -2.634974
13.667554 1.0180743 -2.440676
15.491349 1.9185688 -2.3044598
18.676712 0.47602063 -2.0005441
24.908415 3.0848513 -1.7247111
21.42915 1.5962231 -1.8814993
5.9850941 0.72003847 -2.9684849
8.4979038 0.60317689 -2.7765608
10.740419 1.2921293 -2.6326716
13.663109 0.96980047 -2.4361949
15.501901 1.8649606 -2.2998071
18.686224 0.41100308 -1.9953854
24.930914 2.9993207 -1.716993
21.42664 1.5208519 -1.8750783
5.9875712 0.69914061 -2.9666338
8.4843044 0.57245147 -2.7720668
10.744864 1.2546275 -2.6293497
13.654532 0.92129624 -2.4315178
15.512267 1.8112947 -2.2951648
18.679581 0.34562108 -1.9899901
24.957088 2.9141221 -1.7092892
21.427837 1.4457753 -1.8687124
5.9898567 0.67928237 -2.9648802
8.4978981 0.54506826 -2.7711749
10.745039 1.2185459 -2.6258636
13.681273 0.87753785 -2.4289653
15.518188 1.7598472 -2.2906215
18.668676 0.28349775 -1.9848187
24.974545 2.8322494 -1.7019812
21.424557 1.3742042 -1.8626535
5.9920764 0.65941393 -2.963131
8.4918299 0.51640671 -2.7678168
10.756878 1.1837691 -2.6234019
13.69995 0.83312398 -2.4259892
15.5358 1.7096782 -2.2865391
18.681461 0.22172512 -1.9800296
24.975866 2.7485354 -1.6946889
21.397161 1.3012083 -1.8564386
5.998395 0.63680935 -2.9619188
8.4898338 0.48357561 -2.7645905
10.761344 1.1424596 -2.6197767
13.675318 0.77893752 -2.4201133
15.530384 1.6487566 -2.2808583
18.638369 0.14964463 -1.9736446
24.966394 2.6505144 -1.6862814
21.40996 1.2194979 -1.8496052
6.0005808 0.61586839 -2.9600875
8.4875526 0.45373005 -2.7616231
10.757401 1.1040837 -2.6158202
13.697765 0.73225904 -2.4171646
15.555824 1.5965688 -2.2768526
18.64674 0.084623799 -1.968576
24.99534 2.5653915 -1.6786432
21.465841 1.1475271 -1.8437113
6.0025907 0.59596759 -2.9583523
8.4929285 0.42577994 -2.7597685
10.764938 1.0687976 -2.6130438
13.712007 0.68743044 -2.4140019
15.549162 1.5437995 -2.2719162
18.654882 0.022802114 -1.9637789
25.051359 2.4872258 -1.6713651
21.485455 1.0771403 -1.8378859
5.9968657 0.57532161 -2.955014
8.4903755 0.39742818 -2.7569408
10.776292 1.0338457 -2.6106067
13.694392 0.64102435 -2.4091964
15.554196 1.4922237 -2.2674329
18.666805 -0.039090198 -1.9590487
25.063444 2.4045129 -1.6641369
21.476961 1.0053207 -1.8318944
5.9989333 0.55333662 -2.9531093
8.4878569 0.3661356 -2.7538779
10.787879 0.99506497 -2.6078477
13.708543 0.5913372 -2.4056561
15.5754 1.436662 -2.2630672
18.678486 -0.1075808 -1.953815
25.048246 2.3104293 -1.6562157
21.468554 0.92607617 -1.8253084
6.0084095 0.53412378 -2.9529939
8.4968624 0.33830065 -2.7525294
10.787184 0.95893788 -2.6044269
13.702497 0.54556185 -2.4014995
15.588003 1.3857117 -2.2588913
18.662096 -0.1693719 -1.9487325
25.039871 2.2259452 -1.6490723
21.479473 0.85520035 -1.8194817
6.0140748 0.51347327 -2.951988
8.4979916 0.30863672 -2.7500908
10.794403 0.92161101 -2.6015141
13.688458 0.49714816 -2.3967571
15.600671 1.3319634 -2.2544885
18.665373 -0.23456866 -1.9436818
25.031588 2.1371617 -1.6415813
21.299059 0.77355593 -1.8123324
6.01583 0.49247837 -2.9501865
8.5029373 0.27910176 -2.7481446
10.801493 0.88425064 -2.5986087
13.709939 0.45001721 -2.3938491
15.581441 1.2755551 -2.2489738
18.688335 -0.3001014 -1.9389043
25.038895 2.0497777 -1.6340824
21.245844 0.69737691 -1.8059576
6.0137548 0.47012424 -2.9475024
8.4999828 0.2478186 -2.7451167
10.79284 0.84372836 -2.5942402
13.703564 0.39952999 -2.3893456
15.605836 1.2199835 -2.2447829
18.639324 -0.36765778 -1.9329743
25.03828 1.9573632 -1.6262544
21.459465 0.62565482 -1.8006097
6.0228839 0.45180655 -2.9474852
8.5046406 0.22121751 -2.7434256
10.799379 0.81011528 -2.5916755
13.708717 0.35658279 -2.3860414
15.597693 1.1700608 -2.2401891
18.614187 -0.42566326 -1.9281406
25.056246 1.8795938 -1.6195101
21.493206 0.5590682 -1.7952683
6.0205827 0.4305037 -2.9449022
8.4896755 0.19117396 -2.7390938
10.802142 0.77241063 -2.5884707
13.705914 0.30863532 -2.3819613
15.617553 1.1167381 -2.2361073
18.612589 -0.49064115 -1.9231216
25.114395 1.7958128 -1.6118976
21.522928 0.48466206 -1.7893003
6.0220485 0.40948942 -2.9431219
8.4902906 0.16154413 -2.7366986
10.812657 0.73524302 -2.5859244
13.70294 0.26072481 -2.3778975
15.621355 1.0622265 -2.2314892
18.622707 -0.55595213 -1.9182636
25.092642 1.7062587 -1.6045752
21.524488 0.40954486 -1.783228
6.0197325 0.38611543 -2.940376
8.4908485 0.12894057 -2.7340724
10.807513 0.69321144 -2.5817735
13.711773 0.20822464 -2.3740506
15.621348 1.0019786 -2.2262902
18.616453 -0.62732422 -1.9127347
25.099009 1.6098912 -1.5964395
21.525902 0.32688865 -1.7765704
6.0248885 0.3653318 -2.9394
8.4912462 0.099298909 -2.7316935
10.809868 0.65547913 -2.578599
13.704482 0.1602639 -2.3698196
15.648569 0.94888401 -2.2225003
18.61813 -0.69245708 -1.9078159
25.116425 1.5229874 -1.5890152
21.530897 0.25178808 -1.7705528
6.0298519 0.34662449 -2.9386039
8.4797506 0.072523408 -2.7281301
10.807927 0.62129092 -2.5754302
13.70095 0.11717792 -2.3661823
15.663385 0.9004057 -2.2187731
18.635759 -0.75174308 -1.9035835
25.109137 1.4433922 -1.5824519
21.543545 0.18425202 -1.7651794
6.0348716 0.32578033 -2.937634
8.4799519 0.042920876 -2.7257698
10.817923 0.58398366 -2.5729141
13.705244 0.069368444 -2.3625612
15.662461 0.84550625 -2.2140701
18.664852 -0.8181898 -1.8989918
25.121988 1.3561597 -1.5750841
21.56399 0.10914512 -1.7592398
6.0399246 0.30279997 -2.9364922
8.4918213 0.010376297 -2.724606
10.81219 0.54204834 -2.5688171
13.697474 0.016737171 -2.3579984
15.661619 0.78516507 -2.2089298
18.645662 -0.88908839 -1.8934098
25.138966 1.2602936 -1.5669848
21.584183 0.02637407 -1.7527128
6.0369992 0.28364393 -2.9341288
8.4996567 -0.016315013 -2.7234406
10.805945 0.50770932 -2.5653627
13.713328 -0.026322613 -2.3553531
15.671955 0.73633522 -2.2051013
18.622889 -0.94664645 -1.8887962
25.170704 1.182627 -1.5602741
21.568213 -0.041399989 -1.7473087
6.0303016 0.2611804 -2.9307234
8.4956169 -0.047447968 -2.7205107
10.823528 0.46878144 -2.5633471
13.721077 -0.076632127 -2.3517654
15.670576 0.67871356 -2.2002189
18.603388 -1.0140343 -1.8835169
25.170883 1.0901846 -1.55266
21.57589 -0.12050121 -1.7410873
6.0311341 0.24118297 -2.9290738
8.4914913 -0.075583585 -2.7178249
10.832922 0.43320477 -2.5610154
13.720748 -0.12212971 -2.3481884
15.676714 0.62690634 -2.1960585
18.599922 -1.0757159 -1.8789067
25.178349 1.0068734 -1.5457504
21.591318 -0.19218642 -1.7354906
6.039638 0.22040829 -2.9289119
8.4911747 -0.1052262 -2.7155025
10.830417 0.39524117 -2.5575924
13.724204 -0.17007612 -2.3446229
15.702652 0.57304668 -2.1923094
18.584127 -1.1399086 -1.8739585
25.189682 0.91926283 -1.5384728
21.590513 -0.26755872 -1.7295854
6.0403705 0.19932593 -2.9271843
8.4986 -0.13498808 -2.7141263
10.83173 0.35743582 -2.5544946
13.715593 -0.21785255 -2.3405111
15.700582 0.51810282 -2.1876938
18.584009 -1.2050261 -1.8691828
25.176783 0.83080763 -1.5313731
21.589449 -0.34291747 -1.7237018
6.0372105 0.17707105 -2.9245939
8.4980478 -0.16613831 -2.7117031
10.832969 0.31773037 -2.5512521
13.706768 -0.26796967 -2.336231
15.718278 0.46101621 -2.1834853
18.583443 -1.273409 -1.864184
25.207581 0.73933697 -1.5236436
21.588047 -0.42205006 -1.7175461
6.030036 0.15790324 -2.9214876
8.5053272 -0.19301119 -2.7105677
10.833913 0.28369811 -2.5484822
13.721725 -0.31138682 -2.3336284
15.715672 0.41153243 -2.1793444
18.571404 -1.3312112 -1.8598164
25.229725 0.66066855 -1.5170553
21.590599 -0.48995501 -1.712292
6.0382514 0.13702711 -2.9213402
8.4928379 -0.2223928 -2.7068765
10.838788 0.24596654 -2.545723
13.712623 -0.35907766 -2.3295624
15.724964 0.3568494 -2.1751349
18.574585 -1.3966302 -1.8551273
25.195972 0.57177669 -1.5101774
21.576801 -0.5650084 -1.7064645
6.0464158 0.11504143 -2.9211092
8.4958868 -0.25363615 -2.7049451
10.831714 0.20608835 -2.5418956
13.707247 -0.40921608 -2.3255124
15.718214 0.29906079 -2.1702361
18.573315 -1.4650134 -1.8501844
25.221838 0.47988036 -1.5025257
21.578571 -0.64420658 -1.7003782
6.0467806 0.093934797 -2.9194088
8.4988699 -0.28342152 -2.7031348
10.820512 0.16809319 -2.5379291
13.713667 -0.45732531 -2.3222044
15.715186 0.24413037 -2.1656976
18.568089 -1.5298374 -1.8454648
25.251287 0.39227065 -1.4952087
21.604082 -0.720456 -1.6945976
6.0432329 0.071725905 -2.9168527
8.4938536 -0.31442443 -2.7002921
10.832911 0.12857363 -2.5356622
13.707933 -0.50743854 -2.3181849
15.735858 0.18676572 -2.1616597
18.538548 -1.5958331 -1.8403472
25.244574 0.29962274 -1.4878453
21.613249 -0.80007654 -1.6885427
6.0434284 0.052740213 -2.9153337
8.4967442 -0.34126449 -2.6987224
10.841166 0.094609447 -2.5335484
13.706273 -0.55050075 -2.3149061
15.740344 0.13736393 -2.1578205
18.533443 -1.6540656 -1.8361398
25.245392 0.22031324 -1.4814998
21.586729 -0.8670125 -1.6833893
6.0435758 0.031644382 -2.9136515
8.4915819 -0.37075049 -2.6960115
10.837478 0.056745425 -2.5302269
13.704268 -0.59834123 -2.3112762
15.760613 0.082523145 -2.1540143
18.51169 -1.7172778 -1.8313695
25.238028 0.13214722 -1.474543
21.58357 -0.94235897 -1.6776725
6.0436511 0.0094933584 -2.9118912
8.4980021 -0.40224209 -2.6945782
10.829709 0.01701129 -2.5264659
13.709909 -0.64894104 -2.3078325
15.756832 0.02475081 -2.1493101
18.560774 -1.7904687 -1.8268911
25.246321 0.039656885 -1.4671197
21.560059 -1.0205179 -1.6717176
6.0513535 -0.010561625 -2.9118497
8.4966221 -0.43042034 -2.692456
10.841563 -0.018922135 -2.5245261
13.695793 -0.69379896 -2.3038828
15.756828 -0.027500909 -2.1451726
18.530956 -1.8496354 -1.8223362
25.266266 -0.044098042 -1.4603026
21.560541 -1.0922099 -1.6663276
6.0474272 -0.031664535 -2.9094112
8.4989834 -0.46028849 -2.6906881
10.833526 -0.056724712 -2.5209394
13.693288 -0.74160194 -2.3002956
15.756636 -0.082502291 -2.1408322
18.512503 -1.913081 -1.8176578
25.269947 -0.13231431 -1.4533041
21.572519 -1.1683258 -1.6606529
6.0434194 -0.053794954 -2.9068978
8.5011559 -0.49166217 -2.6888158
10.84115 -0.096501522 -2.5184152
13.69444 -0.79201448 -2.2967172
15.760206 -0.14028805 -2.1364017
18.517246 -1.9821916 -1.8129245
25.269295 -0.22493234 -1.4460211
21.56809 -1.2473851 -1.6547427
6.0508981 -0.074985586 -2.9067838
8.4915581 -0.52085358 -2.6856954
10.836795 -0.13429467 -2.5151522
13.667828 -0.83835459 -2.2921245
15.771548 -0.19544847 -2.1324203
18.533966 -2.049443 -1.8085053
25.284313 -0.31333515 -1.4389471
21.507896 -1.3192472 -1.6492624
6.0544667 -0.095111161 -2.9059856
8.4936972 -0.54926276 -2.6840606
10.840241 -0.17029211 -2.5126433
13.688731 -0.88521057 -2.289789
15.754908 -0.24749786 -2.1279027
18.519156 -2.1099913 -1.8041397
25.283134 -0.39717919 -1.4324007
21.495447 -1.3900483 -1.6439905
6.0540981 -0.11624461 -2.9043412
8.4956417 -0.57917476 -2.6823223
10.847486 -0.20828235 -2.5102911
13.693475 -0.93352747 -2.286597
15.769854 -0.30279663 -2.1240535
18.503767 -2.1736929 -1.7995702
25.281597 -0.4854314 -1.4255335
21.454666 -1.4626323 -1.6385428
6.0651846 -0.13869742 -2.9049201
8.4934616 -0.61030895 -2.6800294
10.858503 -0.24831004 -2.5080936
13.693919 -0.98399472 -2.2830703
15.760686 -0.36041218 -2.11936
18.507534 -2.2429352 -1.7949038
25.303585 -0.57863724 -1.4180852
21.465067 -1.5424007 -1.632704
6.0569897 -0.15860787 -2.9018357
8.5031242 -0.6393531 -2.6793175
10.849717 -0.28410983 -2.5047243
13.682667 -1.0288049 -2.2794025
15.77133 -0.41298684 -2.1156387
18.519756 -2.3067575 -1.7907405
25.289555 -0.66223031 -1.4117392
21.455858 -1.613274 -1.6274952
6.0563993 -0.17974973 -2.9002082
8.4812908 -0.66749203 -2.674896
10.856561 -0.3222152 -2.5023947
13.667125 -1.075626 -2.2754104
15.761842 -0.46780053 -2.1111925
18.47999 -2.367341 -1.7861177
25.279112 -0.75026655 -1.4050364
21.438171 -1.6872207 -1.6220634
6.0519199 -0.19970541 -2.8979044
8.4829397 -0.69593406 -2.6732974
10.835682 -0.35756329 -2.4981742
13.667438 -1.1212664 -2.2722762
15.748281 -0.51967257 -2.1068733
18.499678 -2.4322441 -1.7820213
25.248571 -0.8331697 -1.3989365
21.436436 -1.7586292 -1.6168714
6.0588851 -0.22111033 -2.8978143
8.4843664 -0.7258752 -2.6715977
10.838318 -0.39552888 -2.4955738
13.659487 -1.1686296 -2.2686501
15.762268 -0.57522136 -2.1030803
18.483181 -2.495739 -1.7775556
25.273422 -0.92231733 -1.3918619
21.418247 -1.8324261 -1.6114912
3.6433771 -0.32516274 -3.0893044
6.0580339 -0.24331577 -2.8961232
8.4894629 -0.75766432 -2.6702456
10.840744 -0.43540925 -2.4928384
13.659063 -1.219039 -2.2651966
15.752106 -0.63266993 -2.0984788
18.473907 -2.5634661 -1.7729266
25.289808 -1.0157436 -1.3845608
21.435213 -1.9130417 -1.6057162
3.6422791 -0.33724284 -3.0884347
6.0533457 -0.26323622 -2.8938386
8.4790926 -0.78508902 -2.667326
10.843189 -0.4715277 -2.4903994
13.650997 -1.2639616 -2.2617729
15.74595 -0.68472946 -2.0944152
18.465305 -2.6247144 -1.7687573
25.266367 -1.0987351 -1.3784497
21.428753 -1.984113 -1.6005996
3.6302538 -0.34891421 -3.0833914
6.0562377 -0.28454554 -2.8930004
8.4723959 -0.8143065 -2.6647582
10.83753 -0.50918919 -2.4872501
13.65045 -1.3119843 -2.2585182
15.735518 -0.73931563 -2.0900617
18.467857 -2.690877 -1.7644311
25.262379 -1.1869246 -1.3717816
21.397884 -2.0566127 -1.5953499
6.0513606 -0.30548981 -2.8906496
8.4812107 -0.84504247 -2.6639795
10.827791 -0.54661757 -2.4838274
13.649736 -1.3600188 -2.2552757
15.736813 -0.7944389 -2.0860221
18.466228 -2.7565017 -1.7601067
25.278009 -1.2761055 -1.3648766
21.382641 -2.1305025 -1.5900548
3.6421535 -0.37573752 -3.0870867
6.0541029 -0.32681879 -2.8898218
8.474308 -0.87423974 -2.6614294
10.825816 -0.58441031 -2.4809909
13.6528 -1.4084715 -2.2522063
15.729972 -0.84915143 -2.0818028
18.44862 -2.8197401 -1.7557497
25.301289 -1.3658401 -1.3578799
21.398869 -2.2075834 -1.5846182
3.6372151 -0.38806415 -3.0848112
6.0490804 -0.34772852 -2.8874853
8.4673042 -0.90339917 -2.6588902
10.827658 -0.62242275 -2.4784498
13.651746 -1.4565409 -2.2489882
15.730883 -0.90428233 -2.0777929
18.450468 -2.8859673 -1.7514739
25.288401 -1.4536917 -1.3513854
21.398958 -2.2831118 -1.5792807
3.6358385 -0.400758 -3.083915
6.0478292 -0.36884159 -2.8859124
8.4679985 -0.93337977 -2.6572456
10.837254 -0.6609363 -2.4764845
13.634747 -1.5028814 -2.2451494
15.739538 -0.95991403 -2.0739872
18.420618 -2.9472075 -1.7471291
25.291138 -1.5424416 -1.3446983
21.402746 -2.3591044 -1.573939
3.6416211 -0.4142665 -3.0857682
6.046505 -0.38995022 -2.8843455
8.4724817 -0.9638195 -2.656049
10.838824 -0.69901574 -2.4739594
13.645187 -1.5522603 -2.2424324
15.728156 -1.0143377 -2.0697219
18.406288 -3.0108464 -1.7428524
25.253746 -1.6286604 -1.3385993
21.406267 -2.4351516 -1.5686144
3.6437538 -0.42739797 -3.0862501
6.0451074 -0.41105407 -2.8827851
8.4729624 -0.99384522 -2.6544178
10.832376 -0.73657787 -2.4708807
13.635745 -1.5994192 -2.2389405
15.712616 -1.0684235 -2.0653841
18.415308 -3.0783617 -1.7386504
25.247906 -1.7168024 -1.3320817
21.381796 -2.5080006 -1.5634813
3.6350412 -0.4392446 -3.0826206
6.0474772 -0.43242767 -2.881983
8.4694424 -1.0234152 -2.6523547
10.825795 -0.77410352 -2.4678152
13.641895 -1.6484349 -2.2360868
15.70879 -1.1232643 -2.0613444
18.404449 -3.1426239 -1.7344213
25.245739 -1.8052083 -1.3255314
21.384789 -2.5840566 -1.5581977
3.6298888 -0.45148319 -3.080369
6.0459313 -0.45353472 -2.880434
8.4580336 -1.0520047 -2.649425
10.826969 -0.81218368 -2.4653215
13.639998 -1.696534 -2.232933
15.692876 -1.177199 -2.0570481
18.393368 -3.2068486 -1.7302127
25.219387 -1.891829 -1.3193632
21.340031 -2.654259 -1.5532534
3.6320479 -0.46334332 -3.0809493
6.0367961 -0.47192582 -2.8775442
8.4507952 -1.0780748 -2.6471493
10.824365 -0.84619349 -2.4628344
13.650344 -1.7413856 -2.2305822
15.685135 -1.2261837 -2.0533535
18.359673 -3.2604387 -1.7264066
25.21332 -1.9710485 -1.3135701
21.339495 -2.7222967 -1.5485588
3.6268144 -0.47554734 -3.0787067
6.0389514 -0.4933089 -2.8767586
8.4430914 -1.1070569 -2.6446798
10.829223 -0.88461584 -2.4606366
13.648116 -1.789539 -2.2274504
15.688687 -1.281575 -2.0495424
18.336428 -3.3223765 -1.7222272
25.257988 -2.0632706 -1.3063568
21.341721 -2.7983232 -1.5433382
3.6286395 -0.48932159 -3.0791619
6.0371022 -0.51543951 -2.8751523
8.4312038 -1.1369468 -2.6416852
10.814093 -0.92329246 -2.4569273
13.645398 -1.8400803 -2.2241683
15.679921 -1.3387302 -2.0452821
18.324125 -3.3895605 -1.717881
25.258205 -2.1565111 -1.2995137
21.339222 -2.8775914 -1.5379094
3.6234062 -0.50085557 -3.0769725
6.0353603 -0.53545642 -2.8737051
8.4312716 -1.1654364 -2.640208
10.818847 -0.95984674 -2.4548857
13.635291 -1.8847767 -2.2209239
15.687281 -1.3917736 -2.0417838
18.320612 -3.4517813 -1.7139753
25.242968 -2.239553 -1.2935861
21.297972 -2.9439723 -1.5333158
3.618046 -0.51299161 -3.0747454
6.0372901 -0.55687433 -2.8729346
8.431036 -1.1954105 -2.6386375
10.81543 -0.9976058 -2.4521661
13.648272 -1.9351463 -2.2184324
15.682327 -1.4465241 -2.0378401
18.304541 -3.5149603 -1.709873
25.254864 -2.3294864 -1.2869172
21.311247 -3.021656 -1.5280652
3.6162336 -0.52561784 -3.073889
6.0314746 -0.57757777 -2.8706772
8.4229298 -1.2242689 -2.6362097
10.823685 -1.0364829 -2.4502785
13.657141 -1.985059 -2.2157977
15.661345 -1.4997401 -2.0335739
18.303883 -3.5811272 -1.7058003
25.234661 -2.416487 -1.2807902
21.320299 -3.0988953 -1.522859
3.6179626 -0.53877157 -3.0744009
6.0294223 -0.59862798 -2.8691728
8.4069672 -1.2519298 -2.6329298
10.80427 -1.0726962 -2.4464886
13.650128 -2.0327191 -2.2125788
15.659973 -1.5547923 -2.0297513
18.314709 -3.6496682 -1.7017459
25.214161 -2.5033748 -1.2746959
21.317238 -3.1744723 -1.5177671
3.6160598 -0.55139738 -3.0735519
6.031127 -0.62006491 -2.8684185
8.4064236 -1.2818593 -2.6313872
10.80439 -1.1108079 -2.4440758
13.646872 -2.0809526 -2.2095218
15.658405 -1.609853 -2.0259435
18.301857 -3.7135763 -1.6977025
25.237022 -2.5946381 -1.2678902
21.306026 -3.2488642 -1.5127636
3.6069498 -0.56289846 -3.0699816
6.0289264 -0.6411137 -2.866926
8.4057741 -1.3118001 -2.6298521
10.804377 -1.1489333 -2.4416723
13.655209 -2.1310239 -2.2069168
15.664557 -1.6657629 -2.0223138
18.280981 -3.7758279 -1.6936824
25.207973 -2.6806061 -1.2619874
21.28668 -3.3219869 -1.5078542
3.6013825 -0.5749141 -3.0677803
6.0266519 -0.66215456 -2.8654397
8.4011431 -1.3411337 -2.6278958
10.800301 -1.1866404 -2.4390092
13.647686 -2.1786764 -2.2037387
15.646787 -1.7191288 -2.0182097
18.271587 -3.8404362 -1.6896815
25.222261 -2.7711964 -1.2553561
21.286762 -3.3981559 -1.5027919
3.6065094 -0.58864975 -3.0696676
6.0166478 -0.68231952 -2.8624783
8.39641 -1.3704512 -2.6259489
10.803947 -1.2252245 -2.4368947
13.643914 -2.2269421 -2.2007203
15.644641 -1.7741845 -2.0144482
18.281437 -3.9091897 -1.6856874
25.224329 -2.8605714 -1.2489518
21.274771 -3.4724405 -1.4978588
3.6044328 -0.60123521 -3.0688353
6.0180559 -0.70376486 -2.8617468
8.3877068 -1.3991064 -2.6235845
10.791753 -1.2620115 -2.4337173
13.651713 -2.2771657 -2.1981456
15.638352 -1.8287836 -2.0106223
18.26379 -3.9721341 -1.6817286
25.174557 -2.9439685 -1.2434986
21.286116 -3.5506175 -1.4927222
3.6131406 -0.61500967 -3.0721262
6.0195136 -0.72417766 -2.8610933
8.3752871 -1.425597 -2.6209011
10.791434 -1.2982637 -2.4314866
13.663646 -2.3257532 -2.1958783
15.636152 -1.8811074 -2.0070813
18.262182 -4.0352545 -1.6779724
25.251812 -3.0379195 -1.236079
21.270294 -3.6205165 -1.4881141
3.6073997 -0.62699723 -3.069941
6.020772 -0.74565864 -2.8603706
8.3779888 -1.4561667 -2.6198354
10.798603 -1.337382 -2.4296656
13.651533 -2.3727546 -2.1926103
15.621596 -1.9346985 -2.0031331
18.267416 -4.1033411 -1.6740249
25.237095 -3.1255558 -1.2300253
21.265379 -3.6961067 -1.4831681
3.60162 -0.63895243 -3.0677617
6.0181322 -0.76667058 -2.8589158
8.380578 -1.4867728 -2.6187754
10.789948 -1.3745686 -2.4267912
13.635354 -2.4190066 -2.1892185
15.618692 -1.9897189 -1.9994344
18.264629 -4.1697412 -1.6701026
25.111242 -3.1990075 -1.2260833
21.118885 -3.7466371 -1.4797022
3.6029348 -0.65216613 -3.0683014
6.0154195 -0.787673 -2.8574674
8.3714781 -1.5153188 -2.616451
10.781166 -1.411711 -2.4239304
13.626827 -2.4665878 -2.1861258
15.615597 -2.0447423 -1.9957505
18.284882 -4.2415705 -1.6661565
25.119705 -3.2892325 -1.2196631
21.266521 -3.8494463 -1.4732127
3.5970716 -0.66408068 -3.0661318
6.0126328 -0.80866593 -2.8560255
8.3738518 -1.5459557 -2.6154056
10.768336 -1.4482819 -2.4208205
13.614232 -2.5134192 -2.1829095
15.608363 -2.0992386 -1.9920077
18.277716 -4.3071976 -1.6622704
25.127842 -3.3795559 -1.2132609
21.276476 -3.928 -1.4681562
3.5911686 -0.67596215 -3.0639679
6.0135894 -0.83017582 -2.8553247
8.3568401 -1.5729998 -2.612258
10.771048 -1.4869428 -2.4187739
13.601476 -2.5601923 -2.1797104
15.61276 -2.1553409 -1.9885019
18.289682 -4.3774619 -1.6583607
25.206806 -3.4797986 -1.2054868
21.282225 -4.0059323 -1.4631566
3.5923481 -0.68917662 -3.0645185
6.0144682 -0.85170209 -2.8546288
8.362855 -1.604378 -2.6116498
10.765792 -1.5245316 -2.4162135
13.608045 -2.6106451 -2.1772151
15.620892 -2.2120569 -1.9850799
18.270422 -4.4403377 -1.6545349
25.170801 -3.5644088 -1.1999635
21.260283 -4.0786943 -1.4584812
3.5826824 -0.70094645 -3.060971
6.0036831 -0.87263256 -2.8516686
8.3530693 -1.6342654 -2.6092734
10.764043 -1.5645486 -2.4137979
13.598385 -2.6605036 -2.1740317
15.612679 -2.2692955 -1.9811975
18.265625 -4.5101371 -1.6505028
25.173363 -3.6589365 -1.1933908
21.268665 -4.1611824 -1.4532377
3.5908794 -0.71557343 -3.0642347
5.992981 -0.8924492 -2.8487902
8.3396206 -1.6618801 -2.6065829
10.754607 -1.6015303 -2.4110014
13.596798 -2.7095056 -2.1712868
15.596794 -2.3226082 -1.9773766
18.276814 -4.580646 -1.6466353
25.030195 -3.7273903 -1.1900997
21.238371 -4.2322822 -1.4487044
3.5849342 -0.72675711 -3.0621295
5.9976048 -0.91347778 -2.8489153
8.3340635 -1.6895262 -2.6048336
10.749237 -1.6371851 -2.4086032
13.58385 -2.7537909 -2.1683004
15.596871 -2.3755143 -1.9740376
18.269241 -4.6431904 -1.6430254
24.938803 -3.7983568 -1.1861368
21.232035 -4.3042722 -1.4441561
3.5859256 -0.73999906 -3.0626929
5.9905734 -0.93381441 -2.8467834
8.3204327 -1.7170218 -2.6021667
10.739552 -1.6740882 -2.4058328
13.570268 -2.8003888 -2.1651804
15.592413 -2.4305553 -1.9704602
18.272205 -4.7119064 -1.6392078
24.980589 -3.8939905 -1.1791606
21.212975 -4.3775539 -1.4395366
3.5797727 -0.75176674 -3.0605578
5.987277 -0.95471978 -2.8453889
8.3182268 -1.7468611 -2.6007626
10.729738 -1.7109436 -2.4030764
13.544876 -2.8444786 -2.1616795
15.595616 -2.4868472 -1.9670337
18.263351 -4.7776756 -1.6354442
25.11264 -4.0044141 -1.1702824
21.220974 -4.45649 -1.4346048
3.5735817 -0.76350039 -3.0584283
5.9763041 -0.97437358 -2.8425448
8.3235855 -1.7783449 -2.6001985
10.735403 -1.7502948 -2.4013562
13.534865 -2.8917418 -2.1587293
15.571139 -2.5387106 -1.9631515
18.223467 -4.8352685 -1.6318111
25.067001 -4.0869112 -1.1651312
21.216986 -4.5330372 -1.4298351
3.5779798 -0.77750951 -3.0603516
5.9690676 -0.994596 -2.8404384
8.3249931 -1.8090549 -2.5992241
10.72533 -1.7871084 -2.3986237
13.516933 -2.9372845 -2.1555326
15.581797 -2.5963171 -1.9598874
18.194941 -4.8957472 -1.6281654
24.934507 -4.1547127 -1.1618838
21.216618 -4.6104569 -1.425035
3.5752439 -0.78999424 -3.0595794
5.9655595 -1.0154258 -2.8390665
8.3186274 -1.8381034 -2.5974276
10.707337 -1.822546 -2.3953974
13.514347 -2.9861617 -2.1528769
15.56872 -2.6500247 -1.9562414
18.21232 -4.9686627 -1.6243607
24.734968 -4.2102547 -1.1601729
21.215967 -4.6879296 -1.4202532
3.5726044 -0.80184585 -3.05885
5.9735441 -1.0371796 -2.8399463
8.3124866 -1.8656788 -2.5957303
10.712917 -1.8600714 -2.3938286
13.496626 -3.0292225 -2.1498601
15.559845 -2.701638 -1.9528569
18.184225 -5.0258474 -1.6209416
24.736593 -4.2949862 -1.1544503
21.192524 -4.7565126 -1.4160275
3.5662498 -0.81350553 -3.0567393
5.9774733 -1.0593691 -2.8400345
8.3059235 -1.8946835 -2.5939531
10.694683 -1.8953857 -2.3906312
13.489841 -3.0771987 -2.1471033
15.550321 -2.7559352 -1.9493111
18.162737 -5.0882168 -1.6173325
24.729311 -4.382699 -1.1486388
21.210773 -4.8384385 -1.4110235
26.729298 -3.4003966 -1.038711
3.573983 -0.82840478 -3.0600185
5.9737391 -1.0802279 -2.8386784
8.2916164 -1.9218935 -2.5913622
10.699671 -1.9348155 -2.3889585
13.486747 -3.12606 -2.1444888
15.540606 -2.810199 -1.9457833
18.144865 -5.1515851 -1.6137295
24.709934 -4.4682837 -1.1431166
21.20929 -4.9160495 -1.4062967
26.642061 -3.483844 -1.0341502
3.5568085 -0.83817238 -3.0538433
5.9545879 -1.0993183 -2.8343699
8.2845173 -1.9522709 -2.5895188
10.684733 -1.9725837 -2.3859205
13.490648 -3.179111 -2.141999
15.510647 -2.8635294 -1.9417905
18.129688 -5.2191567 -1.6099519
24.724783 -4.5646157 -1.1365441
21.198891 -4.9955807 -1.4014728
3.5575352 -0.85080588 -3.0544755
5.9509096 -1.1190584 -2.8330979
8.2703686 -1.9779083 -2.5870402
10.682018 -2.0087354 -2.3838875
13.464594 -3.2201385 -2.138793
15.501064 -2.9149489 -1.9384773
18.127577 -5.2837067 -1.6064945
24.96833 -4.6952519 -1.1253273
21.186083 -5.0667791 -1.3971742
3.5545437 -0.86321884 -3.0537295
5.9507504 -1.1405492 -2.8324871
8.2710361 -2.0086162 -2.5861242
10.678823 -2.0467541 -2.3817446
13.453272 -3.2671192 -2.1359692
15.502513 -2.9712856 -1.9351863
18.082283 -5.339056 -1.6030958
24.979219 -4.7876363 -1.1191022
21.21476 -5.1519914 -1.3920606
3.5585487 -0.87735671 -3.0556736
5.9429522 -1.1605759 -2.8304403
8.2715921 -2.0393531 -2.5852151
10.675492 -2.0847752 -2.3796124
13.434082 -3.31216 -2.1329119
15.488145 -3.0246191 -1.9316721
18.055906 -5.3998609 -1.5996258
24.915365 -4.865624 -1.1146348
21.165682 -5.2183785 -1.3880862
3.5519474 -0.88889295 -3.0535924
5.9313092 -1.1798106 -2.8276825
8.2682276 -2.0691662 -2.583905
10.672027 -2.1227977 -2.3774908
13.430136 -3.36096 -2.1303699
15.481393 -3.0794401 -1.9282938
18.033138 -5.4617009 -1.5961598
24.819956 -4.936996 -1.1109577
21.120262 -5.2854538 -1.384093
3.5453093 -0.9003939 -3.0515168
5.9309297 -1.2012724 -2.8270915
8.2571526 -2.0970497 -2.5817895
10.668425 -2.1608219 -2.3753798
13.402938 -3.4039128 -2.1271019
15.474446 -3.1342514 -1.9249319
18.006346 -5.5222788 -1.5927407
24.75955 -5.0148902 -1.1065035
21.113276 -5.3620892 -1.3795537
3.5491657 -0.91457301 -3.0534694
5.9267006 -1.2219678 -2.8257873
8.2497816 -2.1258597 -2.5800917
10.664688 -2.1988468 -2.3732791
13.390974 -3.4506769 -2.1243458
15.451727 -3.1858389 -1.9213605
17.990763 -5.5862803 -1.589278
24.722355 -5.0972581 -1.1015309
21.133038 -5.445704 -1.3746217
3.5494592 -0.92787337 -3.0540836
5.9186287 -1.2418574 -2.8237731
8.2385168 -2.153652 -2.5779982
10.637608 -2.2320023 -2.3697236
13.37501 -3.4963961 -2.1214845
15.444404 -3.2405729 -1.9180342
17.982552 -5.6526289 -1.5857893
24.817661 -5.2072868 -1.0933619
21.059898 -5.5053229 -1.3711358
3.5391903 -0.93839931 -3.0506821
5.914258 -1.2625097 -2.8224838
8.2309484 -2.1823967 -2.5763211
10.641347 -2.271596 -2.3681366
13.351216 -3.5400112 -2.1183996
15.432999 -3.2944641 -1.9146696
17.989279 -5.7238183 -1.5822214
24.779823 -5.2897196 -1.0884352
21.094505 -5.5931072 -1.3659999
3.5393941 -0.951689 -3.0513041
5.9098148 -1.2831466 -2.8212013
8.2270689 -2.2121332 -2.5750582
10.625628 -2.30705 -2.365344
13.346442 -3.5886548 -2.1159356
15.41363 -3.3466272 -1.9112159
17.988144 -5.7926812 -1.5787169
24.67152 -5.3567123 -1.085289
21.071001 -5.6656709 -1.3617893
3.5362186 -0.96342087 -3.0506265
5.9055276 -1.3027372 -2.8199894
8.2159033 -2.2383718 -2.5730798
10.629498 -2.3448274 -2.3638906
13.345953 -3.6360221 -2.1137383
15.398565 -3.3968656 -1.9080019
17.987768 -5.8584671 -1.5753956
24.653624 -5.4384966 -1.0802295
21.086716 -5.744945 -1.3571961
3.5363288 -0.97672385 -3.0512547
5.8971858 -1.3225006 -2.8180068
8.2118206 -2.2680814 -2.571835
10.632819 -2.3845119 -2.3623295
13.34083 -3.6846991 -2.1112995
15.378854 -3.4488559 -1.9045891
17.963425 -5.9199739 -1.5720809
24.708464 -5.5411105 -1.0730619
21.062693 -5.8174553 -1.3530309
3.5259154 -0.98710722 -3.0478761
5.8925338 -1.3430775 -2.8167455
8.2076311 -2.2977896 -2.5705986
10.616723 -2.4198558 -2.3595755
13.324066 -3.730175 -2.1085207
15.382232 -3.5060518 -1.9015056
17.950211 -5.9851618 -1.5687085
24.65007 -5.6184583 -1.0687706
21.049934 -5.8930917 -1.3487023
3.5224483 -0.99940902 -3.0471764
5.8878093 -1.3636383 -2.8154914
8.1957865 -2.3253551 -2.5685692
10.612062 -2.4577923 -2.3575552
13.291877 -3.7712469 -2.1052918
15.366024 -3.5588274 -1.8981813
17.944304 -6.052875 -1.5653009
24.603094 -5.6981668 -1.0642254
21.036905 -5.9687104 -1.3443965
3.5154545 -1.010697 -3.045146
5.8905129 -1.3859468 -2.8156672
8.1876192 -2.3539495 -2.5669515
10.603417 -2.4948204 -2.3553073
13.267191 -3.8143318 -2.1023195
15.345765 -3.6106217 -1.8948271
17.919296 -6.1141891 -1.5620539
24.602474 -5.7885823 -1.0585092
21.031271 -6.0465131 -1.3399832
3.511905 -1.022962 -3.0444558
5.8781462 -1.4047093 -2.8130043
8.1755867 -2.3814182 -2.5649445
10.5908 -2.5308993 -2.3528345
13.265225 -3.8639486 -2.1000612
15.340805 -3.6660147 -1.89169
17.897844 -6.1767015 -1.5588022
24.597643 -5.8781352 -1.0529162
21.036829 -6.1276932 -1.3353924
3.5150859 -1.0378799 -3.0464034
5.8692145 -1.425335 -2.8109996
8.1630421 -2.4102561 -2.5628698
10.581453 -2.5696993 -2.350502
13.262391 -3.9159126 -2.0976856
15.33886 -3.7250323 -1.8884554
17.878845 -6.2435718 -1.5553831
24.475117 -5.9437666 -1.0501671
21.018053 -6.205884 -1.3310126
3.5081508 -1.0484927 -3.0444217
5.8719358 -1.4466332 -2.8112543
8.1550035 -2.4373128 -2.5613637
10.572874 -2.6047747 -2.3484039
13.253133 -3.9610076 -2.0953526
15.338006 -3.7787316 -1.8855556
17.880575 -6.3107796 -1.5521544
24.385532 -6.0077157 -1.0471747
21.001175 -6.276691 -1.3270674
3.5044699 -1.0607319 -3.0437438
5.8705878 -1.4680558 -2.8107429
8.1577101 -2.4691732 -2.5609796
10.575221 -2.6445417 -2.3469133
13.231632 -4.0049467 -2.0925658
15.336298 -3.8351426 -1.8825088
17.858438 -6.3731556 -1.5489677
24.511515 -6.1295857 -1.0381497
20.982956 -6.3511147 -1.3229418
3.5007455 -1.0729584 -3.0430706
5.8654275 -1.4885392 -2.8095293
8.1527901 -2.4987831 -2.5598087
10.573587 -2.6833847 -2.3451965
13.213777 -4.0499463 -2.089911
15.311253 -3.8857183 -1.8792018
17.847322 -6.4395099 -1.5457088
24.493835 -6.2160916 -1.0329783
20.968281 -6.4266572 -1.3187726
3.4935169 -1.0840974 -3.0410705
5.8527355 -1.5070831 -2.8069093
8.1477652 -2.5283892 -2.5586469
10.552673 -2.7173202 -2.3423207
13.210928 -4.0995741 -2.0877216
15.301447 -3.9401324 -1.8760976
17.813511 -6.4976745 -1.5426648
24.410162 -6.2856321 -1.029633
20.964756 -6.5057182 -1.314418
3.4966285 -1.0984583 -3.0430677
5.8437119 -1.52653 -2.8050056
8.1314058 -2.5544634 -2.5563085
10.51253 -2.7461469 -2.3382974
13.207894 -4.1492314 -2.0855446
15.30684 -3.9985459 -1.8731866
17.801933 -6.5639496 -1.5394485
24.438261 -6.3839111 -1.0232522
20.926708 -6.57408 -1.3107156
3.4996824 -1.1128542 -3.0450668
5.8383474 -1.5469193 -2.8038156
8.1224394 -2.5828319 -2.5547719
10.518163 -2.7868757 -2.3370857
13.178205 -4.1905007 -2.0826073
15.292789 -4.0519533 -1.8700699
17.801304 -6.6343956 -1.5361502
24.5354 -6.5008612 -1.0149478
20.911232 -6.6495042 -1.3066189
3.4957767 -1.1250637 -3.0444093
5.8291922 -1.56629 -2.8019283
8.1096401 -2.6099672 -2.5528522
10.516005 -2.8256254 -2.3354177
13.152166 -4.2328291 -2.079802
15.290074 -4.1084065 -1.8670994
17.800398 -6.7049165 -1.5328678
24.558802 -6.5988913 -1.0086796
20.899279 -6.7261219 -1.3024745
3.4883814 -1.1361368 -3.0424275
5.8311229 -1.5886531 -2.8021612
8.1079388 -2.6406882 -2.5521228
10.502265 -2.8612764 -2.3330677
13.133537 -4.2774839 -2.0772359
15.271803 -4.1607075 -1.863976
17.75083 -6.757092 -1.5300589
24.423971 -6.6541586 -1.0068887
20.79986 -6.7743411 -1.3000201
3.4779074 -1.1448232 -3.0391881
5.818676 -1.604916 -2.7997022
8.1070547 -2.6686003 -2.5515516
10.508464 -2.8984604 -2.3320916
13.123803 -4.3199639 -2.0751479
15.266323 -4.2107801 -1.8613014
17.722078 -6.8099675 -1.5274049
24.452948 -6.7446489 -1.0010552
20.831488 -6.8571033 -1.2955176
3.4738901 -1.1569563 -3.0385454
5.8130383 -1.6252171 -2.7985408
8.0939684 -2.6956434 -2.5496619
10.509702 -2.9383166 -2.330682
13.119937 -4.3695092 -2.0730455
15.243872 -4.2619023 -1.8581741
17.720474 -6.8804364 -1.5241822
24.298599 -6.7934351 -0.99992812
20.822554 -6.9348149 -1.2913727
3.4764972 -1.1719973 -3.040529
5.8107491 -1.6475625 -2.7980311
8.0840349 -2.725291 -2.5481007
10.491257 -2.9746599 -2.3280349
13.107594 -4.4188342 -2.070622
15.251108 -4.324254 -1.8552337
17.702553 -6.9482489 -1.5209746
24.246666 -6.8748279 -0.99564189
20.808332 -7.0149078 -1.2871326
3.4689536 -1.1829554 -3.0385678
5.8049622 -1.6678361 -2.7968838
8.0744724 -2.7534933 -2.5466247
10.484609 -3.0123553 -2.3261912
13.09209 -4.4645619 -2.0682285
15.232097 -4.3763661 -1.8521839
17.67449 -7.0085325 -1.5180513
24.280046 -6.9759521 -0.98917562
20.768623 -7.0823531 -1.2836342
3.4611673 -1.194479 -3.0365813
5.8025084 -1.6901784 -2.7963872
8.0717402 -2.7856281 -2.5458648
10.477291 -3.051868 -2.3242564
13.075638 -4.5125165 -2.0657337
15.22359 -4.4343896 -1.8491194
17.65238 -7.0747466 -1.5149304
24.449697 -7.1218076 -0.97842032
20.806593 -7.1805367 -1.2783848
3.4608209 -1.2065401 -3.0373442
5.7971702 -1.7083989 -2.795367
8.0555429 -2.8083901 -2.5437763
10.475234 -3.0870028 -2.3228667
13.057651 -4.5522666 -2.0635052
15.228658 -4.4878144 -1.8466291
17.655912 -7.1406212 -1.5120362
24.50758 -7.2222691 -0.97174025
20.783932 -7.2458668 -1.2750057
3.4497507 -1.2162027 -3.0340748
5.7874804 -1.727523 -2.7935414
8.0493908 -2.8377964 -2.5427191
10.460608 -3.1224191 -2.3206053
13.026712 -4.5925417 -2.0607455
15.209089 -4.5398083 -1.8436328
17.60507 -7.1916661 -1.5094178
24.593103 -7.3408718 -0.96366668
20.747234 -7.3143959 -1.2715085
3.4520986 -1.2312742 -3.0360761
5.7811093 -1.7487235 -2.792367
8.0389347 -2.8672798 -2.5412123
10.430178 -3.1550169 -2.3173592
13.013529 -4.6415892 -2.0584104
15.180926 -4.5920677 -1.8404396
17.585957 -7.2591834 -1.5063282
24.451452 -7.3963017 -0.96212399
20.694 -7.3810139 -1.2681704
3.4479966 -1.242715 -3.035495
5.775279 -1.7678846 -2.7913115
8.0330715 -2.895252 -2.5402458
10.419659 -3.1895869 -2.3154545
12.986866 -4.6806817 -2.0559108
15.173223 -4.644712 -1.8377373
17.569139 -7.3205242 -1.5035458
24.415346 -7.4738402 -0.95800579
20.699413 -7.4604111 -1.2640578
3.4400125 -1.2541022 -3.033535
5.7687602 -1.7890399 -2.7901523
8.0297766 -2.9273615 -2.5395329
10.419223 -3.231267 -2.314033
12.984536 -4.733685 -2.0539184
15.137103 -4.6944022 -1.8345207
17.553204 -7.3895035 -1.5004604
24.361107 -7.5550013 -0.95392054
20.653204 -7.5293999 -1.2606266
3.4358351 -1.2655029 -3.032963
5.7591209 -1.8070071 -2.7884145
8.0237064 -2.9553289 -2.5385833
10.415992 -3.2681673 -2.3125966
12.957599 -4.7726035 -2.0514543
15.132837 -4.7481456 -1.8318877
17.532269 -7.4492292 -1.4977603
24.431105 -7.6656103 -0.94659364
20.523373 -7.5592647 -1.2594302
3.4277766 -1.2768221 -3.0310144
5.7634721 -1.8316028 -2.7893569
8.0017929 -2.9806099 -2.5359631
10.392644 -3.3027303 -2.3098636
12.951173 -4.8242183 -2.0493908
15.119123 -4.8047819 -1.8289169
17.497526 -7.5102963 -1.4949321
24.395239 -7.7526855 -0.94198024
20.536625 -7.649744 -1.2547956
3.4305348 -1.2901366 -3.0331223
5.7540226 -1.8485223 -2.7876873
7.9850478 -3.0029726 -2.5339494
10.370927 -3.331737 -2.3074415
12.947095 -4.869072 -2.0476768
15.088808 -4.8473916 -1.8262297
17.481155 -7.5683947 -1.4923711
24.34037 -7.8195243 -0.9388001
20.359497 -7.6566868 -1.2549292
3.4226215 -1.3008155 -3.0312128
5.7548614 -1.8709781 -2.7879992
7.9855161 -3.0350077 -2.5337288
10.362994 -3.3691401 -2.3057227
12.933729 -4.9156461 -2.0455523
15.071796 -4.9000311 -1.8234082
17.483826 -7.6421294 -1.4892946
24.343285 -7.914309 -0.93329531
20.541338 -7.8070245 -1.2468487
3.4142182 -1.312647 -3.0292511
5.7403178 -1.8906515 -2.7854362
7.9811249 -3.0684624 -2.5329962
10.34998 -3.4089065 -2.3036041
12.91476 -4.9652715 -2.0431244
15.056647 -4.9591112 -1.8203577
17.454355 -7.7092061 -1.4863166
24.350615 -8.0202055 -0.92711872
20.567028 -7.9073 -1.2417552
3.4168367 -1.3259897 -3.031368
5.7306943 -1.9074593 -2.7837889
7.9751019 -3.0949397 -2.5321605
10.33922 -3.4414051 -2.3018825
12.913894 -5.0115623 -2.0415475
15.05986 -5.0126686 -1.8180038
17.433687 -7.7656231 -1.4838573
24.351801 -8.1054869 -0.9222244
20.549519 -7.9747591 -1.2384505
3.4184692 -1.3417485 -3.0333714
5.7233281 -1.9294494 -2.7826309
7.9522071 -3.1212399 -2.5295377
10.33342 -3.4836042 -2.3002298
12.883473 -5.0567613 -2.0388618
15.036734 -5.0691862 -1.8149312
17.411003 -7.8357754 -1.4808416
24.271343 -8.1823597 -0.91888088
20.529879 -8.0579739 -1.2343922
3.4041259 -1.3484761 -3.0289032
5.7281775 -1.9511461 -2.7837636
7.9460082 -3.1476514 -2.5287216
10.333649 -3.5198734 -2.2991843
12.88228 -5.1030564 -2.0373104
15.039557 -5.1228118 -1.8126028
17.375422 -7.8854971 -1.4786066
24.109541 -8.2122526 -0.91928226
20.485931 -8.1150894 -1.2317221
3.4027636 -1.3616974 -3.0296545
5.7140479 -1.9686202 -2.781342
7.9422545 -3.1782835 -2.5281618
10.317562 -3.5546362 -2.2970903
12.864388 -5.1479931 -2.0351686
15.017823 -5.1739836 -1.8098431
17.355032 -7.9494181 -1.4759028
24.084499 -8.2976608 -0.91478062
20.450073 -8.1835871 -1.2284864
3.4013515 -1.3749256 -3.0304096
5.7107787 -1.989821 -2.7810004
7.9311132 -3.2059877 -2.52685
10.297627 -3.5880282 -2.2947948
12.846342 -5.1928668 -2.0330441
15.010939 -5.230299 -1.8072138
17.334408 -8.0132923 -1.4732212
24.021479 -8.3698635 -0.91154236
20.402906 -8.2474508 -1.2255369
3.3893349 -1.3852326 -3.0271637
5.6994638 -2.010453 -2.7791841
7.9187441 -3.2364173 -2.5254197
10.291228 -3.6301715 -2.2931941
12.822635 -5.240654 -2.0306323
14.994494 -5.2892218 -1.8042781
17.303511 -8.079792 -1.4704018
23.898849 -8.4301815 -0.9097802
20.352634 -8.3181906 -1.2222887
3.38783 -1.3984385 -3.0279276
5.6924114 -2.0303357 -2.7781682
7.911025 -3.2655363 -2.5245097
10.274773 -3.6647449 -2.2911444
12.822601 -5.2929511 -2.0290186
14.994672 -5.3482103 -1.8017347
17.267996 -8.1367483 -1.4679602
23.982031 -8.5537682 -0.90177667
20.297678 -8.3785353 -1.2195837
3.3800733 -1.4076809 -3.0261195
5.6860051 -2.0482087 -2.7772601
7.8934851 -3.2873573 -2.5226016
10.259489 -3.6956661 -2.2892909
12.80591 -5.3332086 -2.0271523
14.977796 -5.3952909 -1.7993428
17.24235 -8.190958 -1.4656982
24.045135 -8.6615219 -0.89494258
20.322781 -8.4637194 -1.2154063
3.3782327 -1.421466 -3.0268641
5.6820788 -2.070354 -2.7768955
7.8849978 -3.3177869 -2.5216484
10.253303 -3.7359507 -2.2878206
12.797249 -5.3847251 -2.0252738
14.961658 -5.4515133 -1.7965966
17.208622 -8.2523766 -1.4631336
24.065718 -8.7687197 -0.88872969
20.251202 -8.5211411 -1.2129474
3.37325 -1.4332496 -3.0263255
5.6712027 -2.0888441 -2.7752142
7.8733683 -3.3452907 -2.5203912
10.232781 -3.7689862 -2.2855995
12.778374 -5.4293633 -2.0232334
14.949999 -5.506454 -1.7940259
17.186878 -8.3158636 -1.4605714
23.99003 -8.8361216 -0.88603771
20.210325 -8.587101 -1.2099847
3.3618152 -1.4415705 -3.0231912
5.6642451 -2.1076391 -2.774277
7.8730464 -3.376019 -2.5203369
10.212819 -3.8001423 -2.2834833
12.763947 -5.4732718 -2.021404
14.939113 -5.5587745 -1.7916014
17.15563 -8.3710661 -1.4583026
23.897022 -8.8919706 -0.88423681
20.020519 -8.5849419 -1.2108667
3.3600895 -1.4547368 -3.0239756
5.6568532 -2.127398 -2.7732975
7.8540163 -3.4003637 -2.518347
10.20689 -3.8385508 -2.282141
12.737482 -5.5146399 -2.0192137
14.923341 -5.6122875 -1.7890409
17.126305 -8.4308996 -1.4558866
23.824753 -8.9598808 -0.88151276
20.184336 -8.7387247 -1.2029644
3.3613782 -1.4699475 -3.0260501
5.6598186 -2.1522243 -2.7743313
7.855875 -3.4354134 -2.5185621
10.192752 -3.8759348 -2.2803001
12.717184 -5.5612879 -2.0171268
14.913821 -5.6711864 -1.7864156
17.098854 -8.4953852 -1.4533255
23.44116 -8.913825 -0.88930917
20.093727 -8.7870874 -1.2011027
3.3562267 -1.481672 -3.0255296
5.6666546 -2.1774945 -2.7761021
7.8474236 -3.4643989 -2.5177202
10.179161 -3.9114909 -2.2785606
12.704954 -5.6088505 -2.0153389
14.897647 -5.7246375 -1.783892
17.065536 -8.553236 -1.4510108
23.637112 -9.0829039 -0.87742215
3.347723 -1.4919026 -3.0237021
5.6590185 -2.1972616 -2.7751415
7.8352828 -3.4917703 -2.5165143
10.187551 -3.9555826 -2.2780941
12.688923 -5.6547799 -2.0134761
14.884988 -5.7794847 -1.781408
17.042685 -8.6163473 -1.4485661
23.642458 -9.179801 -0.87211561
20.108364 -8.9612322 -1.1929873
3.3394506 -1.5015091 -3.0219059
5.6588736 -2.2188275 -2.7756016
7.8343921 -3.5225587 -2.5165
10.178058 -3.9907866 -2.2766728
12.680958 -5.7017083 -2.0119059
14.873146 -5.8317165 -1.7790661
17.02821 -8.6800499 -1.446155
23.589598 -9.2494116 -0.86911494
20.136713 -9.0540218 -1.1886014
3.3374901 -1.5146552 -3.0227108
5.6510935 -2.2385674 -2.7746546
7.8113332 -3.5450222 -2.5141938
10.160391 -4.0248351 -2.2747607
12.671817 -5.7508583 -2.0102527
14.860092 -5.8865275 -1.7766159
17.008432 -8.7449007 -1.4437007
23.794594 -9.4257517 -0.85677373
20.104986 -9.124258 -1.1855518
3.3288867 -1.5247861 -3.0208993
5.6360927 -2.2554173 -2.7723515
7.791779 -3.5690002 -2.5122745
10.153619 -4.0632138 -2.2734876
12.666096 -5.8016658 -2.0087025
14.846839 -5.941318 -1.7741834
16.977804 -8.8042173 -1.4414288
23.813414 -9.5295076 -0.85097307
20.025894 -9.1727982 -1.1837403
3.3268347 -1.5379183 -3.0217123
5.6281853 -2.2750776 -2.7714207
7.7828341 -3.5978231 -2.5114849
10.135709 -4.0971503 -2.2716033
12.645767 -5.8458438 -2.0068138
14.833384 -5.9960885 -1.7717682
16.943438 -8.8615818 -1.4392357
23.657921 -9.5632248 -0.8514089
20.00461 -9.2476654 -1.1804733
3.3178906 -1.5485679 -3.0198867
5.6162438 -2.2942336 -2.7697711
7.7695951 -3.6263239 -2.5102761
10.116966 -4.1327772 -2.2696514
12.617064 -5.8887963 -2.0046751
14.81499 -6.0519185 -1.769232
16.921415 -8.9291992 -1.4367404
23.556223 -9.6227083 -0.84972942
19.970581 -9.3209229 -1.1773667
3.3157446 -1.561685 -3.0207083
5.6082015 -2.3138242 -2.7688565
7.7568898 -3.6534231 -2.5091362
10.117093 -4.1740966 -2.2688289
12.600023 -5.934494 -2.0029109
14.801127 -6.1066294 -1.7668538
16.897175 -8.9919538 -1.4344338
23.526178 -9.706399 -0.84576017
19.981205 -9.4109621 -1.1733005
3.3042724 -1.568984 -3.017658
5.6044602 -2.3329115 -2.7687197
7.7453737 -3.677774 -2.5081198
10.096632 -4.2028222 -2.2669444
12.5849 -5.97575 -2.0013466
14.789213 -6.1561551 -1.7647322
16.889898 -9.0562849 -1.4321462
23.502934 -9.7833271 -0.84206676
19.947937 -9.4719772 -1.1707776
3.3050377 -1.584218 -3.0197718
5.6029735 -2.3564236 -2.7691321
7.7353792 -3.7078328 -2.5073154
10.077516 -4.2382669 -2.2650363
12.548601 -6.0149751 -1.9990945
14.76655 -6.210319 -1.7622377
16.849588 -9.1143389 -1.4299977
23.522093 -9.8926077 -0.83608091
19.859161 -9.5191784 -1.1691881
3.3062937 -1.5983249 -3.0219362
5.6022196 -2.3780012 -2.7696395
7.7159777 -3.7300496 -2.5055237
10.063406 -4.2716622 -2.263509
12.535729 -6.060009 -1.9975576
14.742214 -6.257699 -1.7599843
16.836754 -9.1796961 -1.4276969
23.709541 -10.064103 -0.82439685
19.845432 -9.5936575 -1.1660045
3.2873816 -1.6040732 -3.0162168
5.5899262 -2.3970003 -2.7680302
7.7057805 -3.7600248 -2.5047417
10.040418 -4.3054028 -2.2614279
12.545531 -6.1215739 -1.9964516
14.711869 -6.3085542 -1.7575032
16.806488 -9.2432642 -1.4254316
23.701834 -10.163515 -0.81936675
19.781475 -9.6523428 -1.1638184
3.2918024 -1.6197675 -3.0196953
5.5784116 -2.4139943 -2.7665179
7.7073464 -3.7924843 -2.5051849
10.036967 -4.3433833 -2.2605381
12.518042 -6.1596398 -1.994604
14.709119 -6.3652039 -1.7553767
16.765291 -9.2931528 -1.4236279
23.470249 -10.156484 -0.82319593
19.756512 -9.7214079 -1.1609768
3.2796335 -1.6280243 -3.016624
5.5699511 -2.4334519 -2.7656472
7.6905479 -3.8176212 -2.5037403
10.028987 -4.381557 -2.2593768
12.492908 -6.2015343 -1.9927715
14.697741 -6.4212852 -1.7531216
16.764038 -9.3691044 -1.4210583
23.383459 -10.215983 -0.82145077
19.722456 -9.7903118 -1.158217
3.2801275 -1.6432816 -3.0187578
5.5680428 -2.4569604 -2.766093
7.6905317 -3.8528101 -2.5040927
10.027327 -4.4246688 -2.2585537
12.466548 -6.2455034 -1.9908719
14.681385 -6.4783239 -1.7507567
16.733057 -9.4324417 -1.4188678
23.331257 -10.295176 -0.81819719
19.661491 -9.8500328 -1.1560373
3.2743711 -1.6547213 -3.0183077
5.5523953 -2.4732468 -2.763886
7.6700344 -3.8760936 -2.5023031
10.008209 -4.458035 -2.2568104
12.455296 -6.2943511 -1.9894098
14.665947 -6.5327673 -1.7485245
16.696568 -9.4888239 -1.4169205
23.302467 -10.3798 -0.81433356
19.644777 -9.9275951 -1.1528459
3.2685754 -1.666141 -3.0178623
5.5472417 -2.4941928 -2.7637136
7.6564584 -3.902844 -2.5012598
9.9889832 -4.4913225 -2.2550819
12.419108 -6.3305821 -1.9873861
14.628545 -6.5773978 -1.7462385
16.656433 -9.5430899 -1.4150579
23.266094 -10.461078 -0.81077743
19.578037 -9.9798136 -1.1510667
3.2630322 -1.6769707 -3.0174437
5.53894 -2.5125747 -2.7629154
7.6469617 -3.9300044 -2.5006454
9.9704342 -4.5227895 -2.2534442
12.408634 -6.3771715 -1.9860413
14.613898 -6.6291585 -1.7441562
16.631592 -9.602253 -1.4130834
23.205839 -10.526635 -0.80840427
19.491648 -10.017345 -1.150054
3.2571588 -1.6883506 -3.0170076
5.5301356 -2.5318937 -2.7620826
7.6297154 -3.9548686 -2.4992578
9.9509916 -4.5559196 -2.2517452
12.393344 -6.424099 -1.9845459
14.601517 -6.6850963 -1.741992
16.608299 -9.6662607 -1.4109744
23.299564 -10.667374 -0.79988164
19.537971 -10.127522 -1.145146
3.254458 -1.7013894 -3.0178792
5.5212641 -2.551182 -2.7612576
7.6054358 -3.9760256 -2.4971516
9.9278536 -4.5873117 -2.249862
12.367329 -6.4654827 -1.9828238
14.578094 -6.7360239 -1.7398138
16.557281 -9.7140999 -1.4093673
23.309278 -10.770397 -0.794581
19.509567 -10.199354 -1.1423577
3.2455909 -1.7104821 -3.016171
5.5197563 -2.5727317 -2.7618272
7.5956783 -4.0030527 -2.4965684
9.9233332 -4.6252179 -2.2490628
12.338798 -6.5027585 -1.9811212
14.548466 -6.7809696 -1.7377441
16.521549 -9.7669249 -1.4076419
23.255348 -10.839206 -0.79200763
19.465054 -10.258417 -1.1402291
3.2363994 -1.7200996 -3.0144467
5.5177131 -2.5952625 -2.7623613
7.5851221 -4.031383 -2.4959452
9.9178581 -4.6648755 -2.2482004
12.333545 -6.5551009 -1.9799175
14.535503 -6.8367901 -1.7356352
16.50104 -9.8326912 -1.4055452
23.246256 -10.933902 -0.78746068
19.43969 -10.331915 -1.1373937
3.2367656 -1.7348112 -3.0166335
5.4981813 -2.6095524 -2.7595415
7.5813751 -4.0633941 -2.4960604
9.9015141 -4.6994672 -2.2467554
12.310587 -6.5981126 -1.9783294
14.52233 -6.8926034 -1.7335436
16.463202 -9.8881798 -1.4037755
23.164692 -10.99445 -0.78577667
19.396479 -10.395942 -1.1350944
3.2275012 -1.7443755 -3.0149195
5.4959865 -2.632056 -2.7600896
7.5671449 -4.0898333 -2.4950936
9.8957424 -4.7391219 -2.2459166
12.29097 -6.6429305 -1.9768386
14.505354 -6.9466887 -1.7314616
16.449028 -9.957962 -1.4016023
23.126171 -11.075242 -0.78242904
19.25836 -10.408613 -1.1355904
3.2150257 -1.752161 -3.0119097
5.4902334 -2.6529002 -2.759973
7.5562658 -4.1180987 -2.4945011
9.8755817 -4.7719159 -2.2443013
12.264223 -6.6838946 -1.9752078
14.481018 -6.9972787 -1.7293825
16.397171 -10.004947 -1.4001294
23.116114 -11.169788 -0.77797049
19.200905 -10.464326 -1.1337756
3.2117593 -1.7656796 -3.0127885
5.4839363 -2.6746943 -2.759824
7.5514336 -4.1514359 -2.4945972
9.8580256 -4.8080802 -2.2428277
12.246598 -6.7326241 -1.9737545
14.469574 -7.0572824 -1.7272506
16.36039 -10.064979 -1.3982882
22.999704 -11.217705 -0.77753502
19.277714 -10.598012 -1.1278462
3.2090576 -1.7780775 -3.0137112
5.4784918 -2.6945646 -2.7597599
7.5376253 -4.1764545 -2.4937093
9.8455725 -4.8424883 -2.241704
12.234616 -6.7789674 -1.9725487
14.453225 -7.1087356 -1.7253274
16.320154 -10.114981 -1.396771
22.081549 -10.860683 -0.80987877
19.284309 -10.685068 -1.1243353
3.1993542 -1.7880586 -3.0119987
5.4651294 -2.7129138 -2.7582867
7.5291152 -4.20788 -2.4934638
9.8277578 -4.8785415 -2.2402596
12.209688 -6.8237638 -1.9709753
14.412827 -7.1545887 -1.7231817
16.289724 -10.178949 -1.3948587
23.042351 -11.438322 -0.76617348
19.238056 -10.751785 -1.1220638
3.1930933 -1.7992157 -3.0116107
5.4590697 -2.7336988 -2.7581987
7.5007124 -4.2264347 -2.4911058
9.8212709 -4.9181271 -2.2394831
12.192708 -6.8702383 -1.9696497
14.366426 -7.194171 -1.7211514
16.250723 -10.233626 -1.3932455
23.059368 -11.547273 -0.7606622
19.200407 -10.818874 -1.1197324
3.1902621 -1.8115845 -3.0125461
5.4465365 -2.7500505 -2.7568183
7.4866567 -4.2512841 -2.4902511
9.8049088 -4.9506679 -2.2382021
12.176761 -6.9145517 -1.9684136
14.374442 -7.2579045 -1.7193249
16.216698 -10.287459 -1.3916768
23.006701 -11.616481 -0.75823617
19.126293 -10.86083 -1.118699
3.1870649 -1.8245106 -3.0134659
5.443769 -2.772542 -2.7574127
7.4751744 -4.2793403 -2.4897227
9.7875681 -4.9848633 -2.2368672
12.14222 -6.9511008 -1.9667393
14.356108 -7.3116465 -1.7173777
16.167271 -10.335423 -1.3903056
22.930456 -11.67861 -0.75656378
18.92219 -10.832455 -1.1214876
3.174397 -1.8320005 -3.0104952
5.4237785 -2.786247 -2.7546756
7.4601908 -4.3054075 -2.4888451
9.7771397 -5.0226102 -2.2359338
12.124754 -6.9974089 -1.9654652
14.323423 -7.3580799 -1.715432
16.087568 -10.363756 -1.3895407
22.648197 -11.634597 -0.76342827
18.81175 -10.856592 -1.1214874
3.1711166 -1.8448929 -3.0114245
5.4242802 -2.8104787 -2.7559519
7.4485073 -4.3333941 -2.4883385
9.7665663 -5.0603447 -2.2350125
12.100254 -7.0396891 -1.9640572
14.304713 -7.4116917 -1.7135249
22.550758 -11.68421 -0.76275116
18.963266 -11.032454 -1.1134617
3.1615298 -1.8541169 -3.0097628
5.4144368 -2.8293962 -2.7552333
7.4231844 -4.3534155 -2.4864049
9.7418365 -5.090745 -2.2333336
12.079031 -7.0838919 -1.9627426
14.268182 -7.4560552 -1.7116196
15.948163 -10.432211 -1.3877238
22.60532 -11.812754 -0.75578433
19.003736 -11.144968 -1.1088322
3.1581597 -1.8669864 -3.0107009
5.3977122 -2.844687 -2.7531903
7.4146967 -4.3832927 -2.48628
9.7135181 -5.1191907 -2.2314789
12.047399 -7.1219735 -1.9612217
14.259658 -7.5150843 -1.7097619
16.018063 -10.557955 -1.3841271
22.585131 -11.902751 -0.75193024
18.961287 -11.209207 -1.1067811
3.1516235 -1.8779992 -3.0103464
5.397954 -2.8689344 -2.7544858
7.4027209 -4.4111562 -2.4858062
9.7025709 -5.156776 -2.2305992
12.032692 -7.1700773 -1.9600919
14.240364 -7.5685482 -1.7079127
15.991064 -10.620414 -1.3824344
22.554016 -11.987134 -0.74854898
18.860397 -11.238593 -1.1065854
3.1453784 -1.88844 -3.0100143
5.381619 -2.8831806 -2.7524946
7.3746014 -4.4276047 -2.4835927
9.702836 -5.1982551 -2.2303677
12.01225 -7.2119823 -1.9588974
14.215187 -7.6157289 -1.7061702
15.962375 -10.677812 -1.3809043
22.489519 -12.048669 -0.74683034
18.846952 -11.315439 -1.1038427
3.1418686 -1.9012845 -3.0109653
5.3715219 -2.9019485 -2.7518079
7.3624558 -4.4553499 -2.4831417
9.6846313 -5.2320924 -2.2291298
11.976817 -7.247705 -1.9573592
14.195514 -7.6690831 -1.7043597
15.918403 -10.729015 -1.3795881
22.370089 -12.085373 -0.74724305
18.810749 -11.383222 -1.1016674
3.132118 -1.9103526 -3.0093291
5.3647428 -2.9225235 -2.7517936
7.3435111 -4.4789805 -2.4819863
9.6489553 -5.256412 -2.2269547
11.948058 -7.2874022 -1.9559879
14.172151 -7.72049 -1.7025671
15.884149 -10.786752 -1.3781003
22.49596 -12.25501 -0.73723429
18.760689 -11.442586 -1.0999541
3.1223421 -1.9193753 -3.0076981
5.3511319 -2.9393771 -2.7504585
7.3378558 -4.5107484 -2.4822717
9.6270828 -5.2881575 -2.2255578
11.925927 -7.331141 -1.9547818
14.1486 -7.7718267 -1.7007951
15.843113 -10.839884 -1.3767706
22.515997 -12.368039 -0.73171902
18.703651 -11.497563 -1.09849
3.1128778 -1.9278102 -3.006089
5.3447256 -2.9589725 -2.7504923
7.3361964 -4.5433183 -2.4829617
9.6164103 -5.3238826 -2.2248037
11.898178 -7.3685608 -1.953511
14.12275 -7.8187041 -1.6991298
15.820198 -10.901401 -1.3752007
22.495808 -12.454236 -0.72816586
18.658642 -11.555326 -1.0968291
3.1057911 -1.9392064 -3.0057478
5.3338447 -2.9785416 -2.7498043
7.3194947 -4.5701756 -2.4821575
9.6106367 -5.3668008 -2.2243218
11.867725 -7.4100184 -1.9521344
14.090526 -7.8684745 -1.697312
15.780133 -10.959311 -1.3737875
22.547558 -12.591075 -0.72104371
18.6094 -11.619412 -1.0950027
3.0990031 -1.9500357 -3.0054278
5.3200579 -2.9952519 -2.7484944
7.3101373 -4.5998755 -2.4821155
9.6056194 -5.408071 -2.2239103
11.835071 -7.4471722 -1.9507679
14.073371 -7.9234653 -1.695601
15.735257 -11.00976 -1.3726026
22.538239 -12.689281 -0.71679485
18.548483 -11.67156 -1.0937444
3.0894578 -1.9583613 -3.003834
5.3134465 -3.0147789 -2.7485499
7.284904 -4.6177921 -2.4803414
9.5807581 -5.4359946 -2.2224381
11.81366 -7.488503 -1.9496955
14.043559 -7.9681287 -1.6939964
15.698658 -11.061881 -1.3713733
22.464802 -12.74623 -0.71558946
18.516409 -11.737276 -1.0917311
3.0883687 -1.9735755 -3.0060964
5.3023615 -3.0342333 -2.7478871
7.2712355 -4.6465735 -2.479929
9.5642004 -5.4730358 -2.221431
11.796165 -7.5381613 -1.9486635
14.014261 -8.0195475 -1.6922445
15.664507 -11.123957 -1.3699056
22.369446 -12.800734 -0.71491814
18.459829 -11.796475 -1.0902219
3.0845091 -1.9863067 -3.0070844
5.3017478 -3.0584979 -2.7492492
7.2681627 -4.6804209 -2.4806297
9.5450382 -5.5063882 -2.2203071
11.763109 -7.5749955 -1.9473542
13.979292 -8.0644426 -1.6906017
15.632058 -11.183203 -1.3685269
22.272785 -12.848832 -0.71457857
18.401781 -11.850048 -1.088949
3.0745153 -1.995088 -3.0054898
5.284379 -3.073113 -2.7473106
7.2452002 -4.7014928 -2.4792106
9.5325918 -5.5436468 -2.2195721
11.743251 -7.6203294 -1.9463469
13.940742 -8.107192 -1.688984
15.589695 -11.235373 -1.3673785
22.007034 -12.798118 -0.72178239
18.360304 -11.91421 -1.0871525
3.0614643 -2.0018401 -3.0026076
5.2736201 -3.0915399 -2.7467034
7.2353101 -4.7310476 -2.4792221
9.5200033 -5.5808854 -2.2188497
11.723223 -7.6656179 -1.9453566
13.919221 -8.1598263 -1.6873769
15.563274 -11.299081 -1.3659127
22.175655 -12.999974 -0.7097432
18.318604 -11.978227 -1.0853852
3.0612161 -2.0154352 -3.0049317
5.2638817 -3.1080925 -2.7461638
7.2204113 -4.7537551 -2.4786038
9.4990196 -5.608757 -2.2176895
11.695769 -7.7002287 -1.9442848
13.896941 -8.2055378 -1.6859496
15.527699 -11.347919 -1.3648622
22.210297 -13.114212 -0.70409161
18.250914 -12.015987 -1.0848264
3.044394 -2.0211592 -3.0007391
5.2519083 -3.1282816 -2.7455132
7.1988373 -4.7792745 -2.4775069
9.4842052 -5.6492348 -2.216887
11.679339 -7.753859 -1.943359
13.858499 -8.2547674 -1.6842386
15.474394 -11.400371 -1.3638147
22.122066 -13.176934 -0.70304233
18.188034 -12.074951 -1.0835092
3.04636 -2.0378208 -3.0043354
5.2442589 -3.1485777 -2.74559
7.1918912 -4.8109169 -2.4779046
9.4610386 -5.6802716 -2.2156487
11.652202 -7.7945805 -1.9422834
13.829599 -8.303093 -1.6827002
15.380134 -11.413967 -1.3638824
22.075937 -13.254075 -0.70058644
18.139147 -12.133934 -1.0820588
3.0362217 -2.0464156 -3.0027671
5.2332363 -3.1668637 -2.7450147
7.1718011 -4.8337994 -2.4768991
9.4546795 -5.7214465 -2.2153513
11.618341 -7.8307705 -1.9410887
13.810739 -8.3574915 -1.6811709
15.372098 -11.491431 -1.362102
22.053434 -13.345513 -0.69708067
18.090067 -12.192719 -1.0806391
3.0260613 -2.0549653 -3.0012043
5.2188621 -3.1831069 -2.7437885
7.1483951 -4.8543973 -2.4755526
9.4481478 -5.7626481 -2.2150655
11.594218 -7.8735075 -1.9401195
13.784879 -8.4077225 -1.6796695
15.315985 -11.533041 -1.3613917
21.996494 -13.416181 -0.6951564
18.0441 -12.253551 -1.0791366
3.0188694 -2.0655155 -3.0009382
5.2044373 -3.1992874 -2.7425711
7.1314058 -4.8793197 -2.4749241
9.4313421 -5.7976627 -2.2142382
11.566664 -7.9139304 -1.9391005
13.748669 -8.451623 -1.6782036
15.291499 -11.598469 -1.3600082
21.94953 -13.49288 -0.69280165
17.981474 -12.302954 -1.078231
3.011641 -2.0760407 -3.0006771
5.1997867 -3.2214921 -2.7433376
7.1078725 -4.8997316 -2.4736025
9.411047 -5.8305492 -2.2132411
11.535702 -7.9520063 -1.9380322
13.715703 -8.4974689 -1.6767552
15.260411 -11.659028 -1.3587897
21.87516 -13.552606 -0.69172913
3.0051043 -2.0854921 -3.0004463
5.1831045 -3.2337341 -2.7415326
7.0924444 -4.9220376 -2.473058
9.3893299 -5.8579941 -2.2121727
11.507403 -7.9859452 -1.9370804
13.699062 -8.5468321 -1.675449
15.233181 -11.714197 -1.3576925
21.825705 -13.617037 -0.68998516
17.804501 -12.356026 -1.0786047
2.9974401 -2.0964923 -3.0001822
5.1712174 -3.2527099 -2.7409711
7.0904269 -4.95924 -2.4741938
9.361105 -5.8881602 -2.210789
11.478056 -8.0280685 -1.9360687
13.664277 -8.5948668 -1.6739713
15.196441 -11.77483 -1.3565439
21.745251 -13.67782 -0.6890316
17.693754 -12.375499 -1.0793236
2.9871404 -2.1048541 -2.9986451
5.1533251 -3.2666156 -2.7391305
7.0666604 -4.9794407 -2.4729071
9.3404942 -5.9207993 -2.2098365
11.453207 -8.0703697 -1.9351916
13.624115 -8.6361227 -1.6725996
15.148968 -11.822901 -1.3557531
21.690634 -13.749368 -0.68713284
17.715628 -12.483112 -1.0755786
2.9856873 -2.1194651 -3.000984
5.1581221 -3.2949519 -2.7418981
7.0524349 -5.0063481 -2.4726875
9.3197699 -5.9533672 -2.2088985
11.428202 -8.1125965 -1.9343328
13.60059 -8.6879082 -1.6712183
15.104475 -11.873247 -1.3549178
21.635782 -13.820702 -0.68526953
17.730463 -12.586416 -1.0720811
2.9841683 -2.1340921 -3.0033271
5.1465893 -3.3129375 -2.7413869
7.0221543 -5.0218091 -2.4707232
9.2989321 -5.9858637 -2.2079754
11.406269 -8.1570559 -1.9335592
13.566837 -8.7331781 -1.6698779
15.059814 -11.923428 -1.3541089
21.604183 -13.90694 -0.68233746
17.647505 -12.6204 -1.0720539
2.9737592 -2.1423767 -3.0018048
5.1382241 -3.3329785 -2.7415407
7.0109463 -5.0508757 -2.4708776
9.2812958 -6.0204382 -2.2072487
11.374506 -8.1945028 -1.932604
13.559625 -8.7956343 -1.6685017
15.005646 -11.965993 -1.3535405
21.555504 -13.982269 -0.68022704
17.564526 -12.653961 -1.0720619
2.9633286 -2.1506145 -3.0002878
5.1330075 -3.3551087 -2.7423577
6.9932728 -5.0753179 -2.4703417
9.2635336 -6.0549607 -2.2065365
11.349044 -8.2364874 -1.9318006
13.525512 -8.8407354 -1.6672031
14.976206 -12.028275 -1.352427
21.486526 -14.044326 -0.67910093
17.510569 -12.708171 -1.0710655
2.9558036 -2.1609454 -3.0000656
5.1148305 -3.3687682 -2.7405589
6.9755144 -5.0996981 -2.4698174
9.2291374 -6.0785637 -2.2049315
11.323427 -8.2783947 -1.9310155
13.491247 -8.8857069 -1.6659269
14.931031 -12.077971 -1.351697
21.457365 -14.132411 -0.67610884
17.478977 -12.778628 -1.0692894
2.9490001 -2.1702209 -2.9998698
5.1074328 -3.3869493 -2.7407832
6.9531407 -5.1169381 -2.4686551
9.2165833 -6.111897 -2.2045157
11.300561 -8.3162804 -1.9303312
13.453321 -8.9214525 -1.6648142
14.874484 -12.109735 -1.3514291
21.396236 -14.188726 -0.67509502
17.44838 -12.840567 -1.067784
2.9377341 -2.1793683 -2.9983473
5.0975919 -3.4086764 -2.7409203
6.9397421 -5.1482716 -2.4688036
9.1897612 -6.1450434 -2.2034001
11.258986 -8.3525171 -1.9292387
13.412354 -8.9686222 -1.6634663
14.821717 -12.161706 -1.3507484
20.558784 -13.747323 -0.71052027
17.411753 -12.916969 -1.0659359
2.9330125 -2.1917794 -2.9994287
5.0920515 -3.4307544 -2.7417672
6.9185872 -5.1701164 -2.4679646
9.1485891 -6.1638341 -2.201483
11.22976 -8.3917665 -1.928445
13.397459 -9.0264969 -1.6622047
14.785317 -12.218443 -1.3498815
20.583475 -13.868053 -0.70514262
17.344202 -12.960962 -1.0655233
2.9224477 -2.1998243 -2.9979379
5.076858 -3.4463449 -2.7406573
6.9004979 -5.1942363 -2.4674869
9.1499081 -6.2112708 -2.2019262
11.197228 -8.4285288 -1.9276047
13.365869 -9.0732088 -1.6610072
14.742577 -12.269979 -1.3491851
21.079678 -14.309607 -0.67691886
17.279743 -13.007042 -1.0650259
2.9147513 -2.2100122 -2.9977405
5.0647969 -3.4640453 -2.7402108
6.8885756 -5.223031 -2.4677196
9.1249084 -6.2409401 -2.2009416
11.177225 -8.4747553 -1.9270433
13.334116 -9.1198092 -1.6598314
14.675237 -12.300898 -1.349095
21.115232 -14.441669 -0.67089957
17.240589 -13.072098 -1.0636256
2.9045248 -2.2174656 -2.9962697
5.0501099 -3.4786367 -2.7391403
6.8680992 -5.2434649 -2.4669385
9.1041622 -6.2711649 -2.200191
11.158522 -8.5189972 -1.9265361
13.307076 -9.1662321 -1.6587247
14.62219 -12.339222 -1.3487738
21.090231 -14.527455 -0.66803908
17.187639 -13.12194 -1.0628954
2.9025142 -2.2320104 -2.9986579
5.0347724 -3.4940472 -2.7380559
6.8435369 -5.2626252 -2.4657977
9.0822172 -6.3029056 -2.1994152
11.116136 -8.5482197 -1.9255583
13.281532 -9.2171593 -1.6575713
14.609377 -12.415977 -1.3474278
21.042671 -14.603259 -0.66608131
17.144892 -13.184285 -1.0616689
2.889364 -2.2371845 -2.9959087
5.0294724 -3.5151372 -2.7389622
6.8322496 -5.2900925 -2.466085
9.0742245 -6.3420463 -2.1994081
11.084591 -8.5826063 -1.9248282
13.247636 -9.2588758 -1.6565237
14.577204 -12.472125 -1.3466446
20.974504 -14.659244 -0.66537195
17.085314 -13.228863 -1.0612295
2.881145 -2.2477596 -2.9957221
5.0165548 -3.5335472 -2.7385273
6.8159075 -5.3175116 -2.4659922
9.0444555 -6.3707094 -2.1982658
11.056188 -8.6256161 -1.9241766
13.207108 -9.3027868 -1.6553991
14.534411 -12.528069 -1.3459749
20.715115 -14.591256 -0.67371911
17.036713 -13.291395 -1.0601262
2.8818326 -2.2645226 -2.9994116
5.0010486 -3.5488081 -2.7374685
6.7911367 -5.3364244 -2.4648874
9.0221634 -6.4022427 -2.1975341
11.022891 -8.661706 -1.9234502
13.174555 -9.3488331 -1.6543305
14.460513 -12.55262 -1.3461649
20.644531 -14.649624 -0.67301232
16.98081 -13.343394 -1.059459
2.8710675 -2.2723181 -2.9979563
4.9854965 -3.564003 -2.7364182
6.7755423 -5.3625307 -2.4648392
9.0061903 -6.438293 -2.1971738
10.992589 -8.7001295 -1.9228071
13.145076 -9.3970757 -1.6532729
14.428601 -12.613503 -1.3453578
20.531591 -14.677505 -0.67444688
16.868481 -13.350629 -1.0609472
2.868788 -2.2868462 -3.0003674
4.9855289 -3.5903881 -2.7386396
6.7659841 -5.3934851 -2.4654982
8.9612112 -6.4535236 -2.1952255
10.968358 -8.7433949 -1.9223098
13.121875 -9.4498749 -1.6522141
14.393454 -12.671687 -1.3446488
20.496424 -14.760744 -0.67203504
16.865421 -13.444222 -1.058334
2.8494802 -2.2877676 -2.9950614
4.9698472 -3.6055076 -2.7376058
6.753233 -5.4219809 -2.4658206
8.9546242 -6.4963703 -2.1954284
10.943959 -8.7865973 -1.9218309
13.092027 -9.4979582 -1.6511985
14.349132 -12.721853 -1.3441859
20.525517 -14.890781 -0.66640884
16.827713 -13.510498 -1.0570478
2.8386586 -2.2954209 -2.9936218
4.9603415 -3.6251061 -2.7378848
6.7373161 -5.4479876 -2.4658058
8.9350853 -6.5299201 -2.1949339
10.907051 -8.8197546 -1.9211177
13.058794 -9.5436001 -1.6502157
14.292753 -12.761253 -1.3440435
20.599058 -15.054159 -0.65852869
16.752554 -13.546596 -1.0572122
2.8334396 -2.3076046 -2.9947608
4.9321475 -3.63098 -2.7342608
6.7273817 -5.4789019 -2.4664979
8.9154205 -6.5634117 -2.1944537
10.876198 -8.8577728 -1.9205503
13.028605 -9.5914822 -1.649243
14.233315 -12.797752 -1.3440012
20.337515 -14.972202 -0.66759461
16.717529 -13.61506 -1.055866
2.8313782 -2.3215852 -2.9971979
4.9262686 -3.6519036 -2.7352259
6.6970444 -5.4912329 -2.4647861
8.8936062 -6.5929403 -2.1938429
10.846765 -8.8937912 -1.9200288
12.993531 -9.6322651 -1.6483625
14.170129 -12.826173 -1.344152
20.454441 -15.16313 -0.65772432
16.746277 -13.73109 -1.0522116
2.820462 -2.3291461 -2.9957731
4.9165773 -3.671382 -2.7355292
6.677835 -5.5145764 -2.4644585
8.8673725 -6.6215796 -2.1930375
10.818713 -8.9341259 -1.9195613
12.956642 -9.6751814 -1.6474566
14.145874 -12.894338 -1.343277
20.417372 -15.246372 -0.65546274
16.692097 -13.784384 -1.0516309
2.8127227 -2.3384862 -2.9956462
4.9043751 -3.6876662 -2.7352059
6.6655431 -5.5417051 -2.4648523
8.8485231 -6.6533246 -2.192631
10.789027 -8.9699535 -1.9190749
12.934022 -9.7252665 -1.6465669
14.094234 -12.9331 -1.3431816
20.325239 -15.282823 -0.65624505
16.664688 -13.854954 -1.0501655
2.7957954 -2.3417964 -2.9916532
4.8908262 -3.705617 -2.7348573
6.6451869 -5.5660992 -2.4645326
8.8272285 -6.6880984 -2.1921785
10.746953 -9.0017939 -1.9183701
12.882442 -9.7605991 -1.6457115
14.055511 -12.992781 -1.3426371
20.319977 -15.395773 -0.65218151
16.57712 -13.885221 -1.0507979
2.7931461 -2.3562162 -2.994102
4.8717375 -3.7179923 -2.7332325
6.6227198 -5.5867324 -2.4638934
8.7975454 -6.7140741 -2.1912425
10.715466 -9.0392532 -1.9178971
12.848293 -9.8055067 -1.6448596
13.998411 -13.030908 -1.3426526
20.37396 -15.548914 -0.64526564
16.540741 -13.953284 -1.0495906
2.7876668 -2.368299 -2.9952695
4.8617835 -3.7373233 -2.7335682
6.6031775 -5.6098161 -2.463613
8.7740555 -6.7447433 -2.1906738
10.689893 -9.0817394 -1.9175678
12.810834 -9.8478727 -1.6440426
13.952838 -13.079693 -1.3423982
20.208836 -15.534824 -0.64969218
16.473701 -13.995449 -1.0496076
2.7848923 -2.3827288 -2.9977274
4.8517542 -3.756629 -2.7339118
6.5805755 -5.6302814 -2.4629979
8.7504587 -6.7753286 -2.1901205
10.652099 -9.1138401 -1.9170086
12.779526 -9.8949652 -1.643221
13.889721 -13.111915 -1.3426142
20.129246 -15.585727 -0.6497317
16.391428 -14.024358 -1.0502536
2.7738116 -2.3900688 -2.9963331
4.8416491 -3.7759111 -2.7342634
6.5668244 -5.6583376 -2.4634337
8.7329884 -6.8106937 -2.1899331
10.617214 -9.1483765 -1.916531
12.751178 -9.9444046 -1.6424074
13.214601 -12.562121 -1.3585705
20.131357 -15.700068 -0.64553201
16.333313 -14.073683 -1.0499736
2.7658706 -2.3992541 -2.9962347
4.8321304 -3.7943246 -2.7346373
6.542099 -5.6749434 -2.462508
8.7010288 -6.832293 -2.1889088
10.592813 -9.188735 -1.9162776
12.70875 -9.9792671 -1.6417215
13.817414 -13.222676 -1.3417995
20.192163 -15.855455 -0.63845623
16.328714 -14.164342 -1.0477146
2.7547488 -2.4065092 -2.9948504
4.8067718 -3.8016107 -2.7317553
6.5311117 -5.7054858 -2.4633129
8.6802282 -6.8650746 -2.188575
10.557686 -9.2230434 -1.9158373
12.673838 -10.023567 -1.640978
13.765439 -13.265299 -1.3417966
20.064711 -15.868908 -0.64106655
16.393263 -14.32092 -1.0425704
2.7490532 -2.4185047 -2.996042
4.7994976 -3.8231668 -2.7327809
6.5082107 -5.7256579 -2.4627442
8.6654844 -6.9027214 -2.188606
10.528406 -9.2624617 -1.9155395
12.654324 -10.080136 -1.6401856
13.739058 -13.332685 -1.3411518
19.987347 -15.92145 -0.64107907
16.334194 -14.370158 -1.0423726
2.740171 -2.4285645 -2.9959488
4.7824488 -3.8383207 -2.7318528
6.490118 -5.7520757 -2.4628696
8.6370449 -6.9319606 -2.1879277
10.494388 -9.3009882 -1.9151825
12.620396 -10.128938 -1.639436
13.707187 -13.399654 -1.340603
19.984875 -16.039557 -0.63694417
16.239647 -14.392909 -1.0435019
2.7239873 -2.4303977 -2.9920139
4.7726903 -3.8565798 -2.7322578
6.4651537 -5.7683434 -2.4619892
8.6109362 -6.9580798 -2.1873119
10.463487 -9.3357382 -1.9148777
12.583645 -10.168233 -1.6388062
13.671194 -13.453418 -1.3403111
19.971924 -16.138342 -0.63377404
16.227528 -14.478534 -1.0415864
2.7181833 -2.4423139 -2.9932203
4.7562113 -3.870785 -2.7313595
6.4566488 -5.8013611 -2.4631858
8.5773983 -6.9806118 -2.1863389
10.436738 -9.3775091 -1.9146982
12.551158 -10.214607 -1.6381348
13.624148 -13.501058 -1.3402641
19.896896 -16.192848 -0.63372499
16.256956 -14.607032 -1.0378672
2.7042656 -2.446923 -2.9905765
4.7426715 -3.8873637 -2.7311189
6.4334507 -5.8212328 -2.4626648
8.5652075 -7.0205312 -2.1866024
10.400998 -9.4112215 -1.9143536
12.521578 -10.263398 -1.6374702
13.588214 -13.559784 -1.3399462
19.840254 -16.262201 -0.63271844
16.229521 -14.685091 -1.0364617
2.7010667 -2.461231 -2.9930778
4.7290726 -3.9038949 -2.7308867
6.4130917 -5.8436537 -2.4625015
8.5345526 -7.0453548 -2.1858346
10.359284 -9.4394522 -1.9139061
12.479541 -10.301981 -1.636887
13.529562 -13.595841 -1.3402483
19.783365 -16.331358 -0.63174689
16.189947 -14.752394 -1.0355676
2.6871169 -2.4657421 -2.9904442
4.7213402 -3.9253037 -2.7319603
6.3897648 -5.8633523 -2.4620047
8.5068674 -7.072576 -2.1852562
10.329196 -9.4782381 -1.9137225
12.443503 -10.34548 -1.6362962
13.493217 -13.654317 -1.3399829
19.689417 -16.369705 -0.63280183
16.135414 -14.806119 -1.0353061
2.6918061 -2.4874086 -2.9968092
4.7046566 -3.9392874 -2.7310956
6.3721395 -5.8882828 -2.4622104
8.4790974 -7.09969 -2.1846933
10.28439 -9.5034637 -1.9132528
12.413414 -10.393959 -1.6356965
13.470578 -13.726916 -1.3393722
19.665812 -16.466513 -0.63007408
16.098274 -14.875881 -1.0343499
2.6786687 -2.4909155 -2.9941912
4.686367 -3.9490838 -2.7296116
6.3564816 -5.910943 -2.4624403
8.459774 -7.1288395 -2.18453
10.251577 -9.5330238 -1.9130052
12.374618 -10.42778 -1.6352338
13.396803 -13.737803 -1.3402631
19.574316 -16.494785 -0.63145351
16.054379 -14.929096 -1.0339373
2.6726038 -2.5027285 -2.9954264
4.6725535 -3.9654181 -2.7294121
6.3358102 -5.9330955 -2.462323
8.4378519 -7.1608834 -2.1843436
10.218239 -9.5687504 -1.9128162
12.341175 -10.473485 -1.634691
13.340454 -13.7759 -1.3405931
19.559212 -16.599157 -0.62829047
16.016722 -14.998672 -1.0330371
2.6660497 -2.5149953 -2.9966645
4.6579876 -3.9825175 -2.7292113
6.3083153 -5.9508958 -2.4615219
8.4115496 -7.1917624 -2.1839812
10.168667 -9.5925245 -1.912334
12.302704 -10.518648 -1.6341611
13.295394 -13.830446 -1.3405855
19.504307 -16.675922 -0.62711734
15.967438 -15.062747 -1.0325165
2.6576951 -2.5238221 -2.9966271
4.6447558 -3.9979415 -2.7290378
6.2913904 -5.9744816 -2.4617789
8.3876543 -7.2196159 -2.1836677
10.131045 -9.6207266 -1.9120696
12.273784 -10.564574 -1.633671
13.287967 -13.914783 -1.3396999
15.905838 -15.104631 -1.0327761
2.6462491 -2.5305781 -2.9953079
4.6365933 -4.019177 -2.730159
6.2704978 -5.9964061 -2.4616971
8.362402 -7.2488508 -2.1833522
10.094535 -9.6532898 -1.9118772
12.224812 -10.596935 -1.6332731
13.285901 -14.010207 -1.3386265
19.411451 -16.826591 -0.62449217
15.861661 -15.168326 -1.0322068
2.6321769 -2.5347707 -2.9927094
4.6225357 -4.035337 -2.7299926
6.255178 -6.0236988 -2.4623177
8.3400259 -7.2805958 -2.1832252
10.057919 -9.6857157 -1.9117038
12.19374 -10.644774 -1.6328019
13.242376 -14.0623 -1.3386917
19.319534 -16.865383 -0.62563002
15.791386 -15.20701 -1.0327557
2.6306751 -2.5519738 -2.9965374
4.6019292 -4.0471644 -2.7285311
6.2246132 -6.038393 -2.4612215
8.3073483 -7.3058939 -2.1825798
10.02235 -9.7225142 -1.9116064
12.145682 -10.681516 -1.632413
13.185306 -14.10492 -1.3390924
19.251595 -16.930807 -0.62527114
15.48659 -15.023282 -1.0431281
2.6221983 -2.5606835 -2.9965189
4.5942516 -4.0675097 -2.7296846
6.2073612 -6.0617414 -2.4615231
8.2889948 -7.3386421 -2.1826696
9.9928951 -9.7584686 -1.9115969
12.116152 -10.727006 -1.6320059
13.146592 -14.157324 -1.3391236
19.222237 -17.018362 -0.62317377
15.536519 -15.172044 -1.0387845
2.6158285 -2.5723631 -2.9977891
4.5829 -4.0860853 -2.730191
6.1833677 -6.0806227 -2.4611435
8.2603779 -7.3649015 -2.1822414
9.9531116 -9.7877264 -1.9114203
12.075665 -10.766587 -1.6316493
13.115993 -14.223623 -1.3388989
19.162712 -17.085356 -0.62258226
15.543159 -15.284887 -1.0361571
2.6042573 -2.5789273 -2.996495
4.5657434 -4.0994844 -2.7294102
6.1537433 -6.0938892 -2.4600854
8.231678 -7.3910494 -2.1818285
9.9329824 -9.8363705 -1.9116876
12.043927 -10.813988 -1.6312655
13.036676 -14.237009 -1.3400306
19.085144 -17.136147 -0.62302864
15.537865 -15.386737 -1.0340433
2.5926721 -2.5854421 -2.9952061
4.5542622 -4.1179805 -2.729933
6.1352115 -6.1181021 -2.4604199
8.2087593 -7.42239 -2.1817768
9.8873472 -9.8597746 -1.9114276
12.020855 -10.869301 -1.6308544
12.973502 -14.267695 -1.3407444
18.980812 -17.162518 -0.62501711
15.515114 -15.471848 -1.0326849
2.580621 -2.5923584 -2.9939222
4.5362911 -4.132051 -2.7291634
6.1155124 -6.1433272 -2.4607668
8.1844215 -7.4550881 -2.1817293
9.856741 -9.9015722 -1.9115516
11.975057 -10.907929 -1.6305654
12.971824 -14.371323 -1.3397346
18.841084 -17.162107 -0.62886024
15.480802 -15.551212 -1.0317208
2.5775633 -2.6056073 -2.9964962
4.5232873 -4.1462817 -2.7290664
6.0934248 -6.1597214 -2.4604332
8.1580477 -7.4780931 -2.1813815
9.8311672 -9.9381313 -1.9116919
11.940729 -10.945498 -1.6303087
12.958524 -14.447582 -1.33921
18.790016 -17.223913 -0.62828892
15.35617 -15.523246 -1.0350181
2.5582905 -2.6042445 -2.9913685
4.5031257 -4.1568203 -2.7276719
6.0691371 -6.1781559 -2.4601123
8.1318941 -7.5065241 -2.181201
9.80476 -9.9808798 -1.9119129
11.90245 -10.987111 -1.6300448
12.926555 -14.513545 -1.3391205
18.71805 -17.278568 -0.62854367
15.279539 -15.554002 -1.0360473
2.5542474 -2.6183484 -2.9939525
4.4942307 -4.1777592 -2.7288747
6.0584908 -6.2105336 -2.4615293
8.1114311 -7.5402455 -2.1813807
9.7670898 -10.012203 -1.9119104
11.858198 -11.023175 -1.6298363
12.85207 -14.531732 -1.3402328
18.648855 -17.335653 -0.62866569
15.200098 -15.581557 -1.0372272
2.5416532 -2.6255322 -2.9926906
4.480967 -4.197618 -2.7294307
6.0373273 -6.2365694 -2.4619279
8.0795345 -7.5686336 -2.1810436
9.7313337 -10.052485 -1.9120572
11.815784 -11.068625 -1.6295958
12.78304 -14.566004 -1.3411264
18.532648 -17.360756 -0.63113701
15.273257 -15.777301 -1.0315541
2.5349853 -2.6370018 -2.9940009
4.4578819 -4.2053046 -2.7274151
6.0100846 -6.2519507 -2.4612982
8.0444412 -7.588654 -2.1803927
9.6961842 -10.086392 -1.9121555
11.768398 -11.101616 -1.6294508
12.711187 -14.586516 -1.342218
18.512571 -17.463673 -0.62848312
15.314793 -15.931112 -1.0274752
2.5291922 -2.6475737 -2.9953127
4.4502354 -4.2245922 -2.7286499
5.9877033 -6.2679639 -2.4610181
8.0205603 -7.6138887 -2.1802855
9.6671896 -10.119672 -1.9123213
11.742114 -11.146747 -1.6292434
12.649654 -14.608313 -1.3431343
18.451826 -17.516253 -0.62857175
15.278437 -15.993559 -1.0270363
2.5174403 -2.6537561 -2.9940634
4.4271088 -4.2321153 -2.7266507
5.963089 -6.2859817 -2.4607561
7.9939346 -7.6418395 -2.1801805
9.6318064 -10.153355 -1.9124559
11.69451 -11.179422 -1.6291404
12.655709 -14.718815 -1.3420827
18.430954 -17.619156 -0.62598175
15.22526 -16.049685 -1.0271283
2.509717 -2.6660421 -2.9953926
4.4136004 -4.2517552 -2.7272434
5.9362206 -6.3059754 -2.460516
7.9645333 -7.6724768 -2.1800826
9.5873108 -10.184484 -1.9125043
11.66582 -11.238039 -1.6289124
12.51897 -14.673378 -1.3449849
18.386154 -17.711941 -0.62441391
15.174455 -16.11964 -1.0269135
2.496376 -2.6686187 -2.9928641
4.4002213 -4.2656007 -2.7272065
5.9110212 -6.3188643 -2.4599218
7.9489036 -7.7057142 -2.1805329
9.5471354 -10.20586 -1.9124777
11.624745 -11.269096 -1.6288489
12.511439 -14.758204 -1.3444402
18.42783 -17.864048 -0.61855471
15.126461 -16.170143 -1.0270404
2.4944475 -2.6852846 -2.9967685
4.3797922 -4.2755527 -2.7258797
5.8889279 -6.3394594 -2.4600406
7.9191289 -7.7306528 -2.1803012
9.5222549 -10.250753 -1.9129132
11.571108 -11.295714 -1.6288465
12.55218 -14.911473 -1.34246
18.385347 -17.947773 -0.61724174
15.045503 -16.196556 -1.0284307
2.4776845 -2.6859818 -2.9929693
4.3730817 -4.2989163 -2.7277958
5.8667626 -6.3599772 -2.460171
7.8949142 -7.7610197 -2.1804287
9.4917936 -10.289762 -1.9132465
11.531608 -11.336037 -1.6287814
12.497499 -14.952144 -1.3431978
18.314051 -18.003452 -0.61764157
15.013203 -16.275352 -1.0276778
2.4702718 -2.6977184 -2.9943173
4.3518219 -4.309494 -2.726485
5.8460627 -6.3843298 -2.4606662
7.8607993 -7.7843409 -2.1800535
9.4486589 -10.31863 -1.9133662
11.495635 -11.383822 -1.6287029
12.452785 -15.01011 -1.3436356
18.264954 -18.087299 -0.6165638
14.953452 -16.330267 -1.0280607
2.4613125 -2.7058954 -2.9943793
4.3402357 -4.3266211 -2.7271245
5.8248596 -6.4036813 -2.4608128
7.8405404 -7.8159466 -2.1803849
9.4197292 -10.355776 -1.9137256
11.455006 -11.419074 -1.6287004
12.387744 -15.03288 -1.3447524
18.219004 -18.161854 -0.61569363
14.824104 -16.297188 -1.0318109
2.4469919 -2.7090902 -2.9918795
4.3278246 -4.3444748 -2.727772
5.8077288 -6.4297962 -2.4616704
7.804841 -7.834868 -2.1798689
9.3888416 -10.394484 -1.9141165
11.417881 -11.461808 -1.6286845
18.065378 -18.13488 -0.62106693
14.75109 -16.331085 -1.0329558
2.4394665 -2.7207396 -2.9932432
4.3064556 -4.3548288 -2.7264876
5.7841244 -6.4510398 -2.4618573
7.784411 -7.8718514 -2.1804028
9.3480339 -10.425872 -1.9143574
11.373001 -11.500751 -1.6287264
12.124192 -14.929458 -1.3507636
17.965124 -18.166922 -0.62312049
14.699121 -16.393944 -1.0330697
2.4333186 -2.7310967 -2.9946005
4.2981524 -4.3738317 -2.7277968
5.7638288 -6.4691792 -2.462028
7.7513309 -7.8878112 -2.1799138
9.317873 -10.45815 -1.9146948
11.334023 -11.533586 -1.6287842
12.109742 -15.007767 -1.3505396
17.53039 -17.839054 -0.64584404
14.682021 -16.478739 -1.0319399
2.4237707 -2.7395737 -2.9946852
4.280169 -4.3860517 -2.727175
5.7412124 -6.4892588 -2.462229
7.7237506 -7.9148202 -2.1799591
9.2707939 -10.478724 -1.9147736
11.296474 -11.575926 -1.6288334
12.18926 -15.214683 -1.3475606
17.821947 -18.262825 -0.624632
14.679887 -16.59259 -1.0299273
2.4161048 -2.7511628 -2.9960649
4.2694244 -4.4072433 -2.7285042
5.7147999 -6.5073109 -2.4621067
7.6946888 -7.9430761 -2.180023
9.2244682 -10.503689 -1.91495
11.245668 -11.608683 -1.6289775
12.143327 -15.271724 -1.3481679
17.713242 -18.285032 -0.62729639
14.597924 -16.62232 -1.03146
2.3988588 -2.7518024 -2.9923089
4.2479029 -4.4173093 -2.7272549
5.6806011 -6.5163865 -2.460958
7.6627846 -7.9683766 -2.1799309
9.183301 -10.534438 -1.9152697
11.200289 -11.646956 -1.6291118
12.114412 -15.350522 -1.3483071
17.643341 -18.346958 -0.62764901
14.505466 -16.639652 -1.0335039
2.3973224 -2.7675447 -2.9962552
4.2313428 -4.4278479 -2.7266533
5.6678061 -6.5430946 -2.4622097
7.6431751 -7.998126 -2.1803577
9.147563 -10.560236 -1.9155519
11.160896 -11.679212 -1.6292487
17.68486 -18.506149 -0.62179935
14.481833 -16.718287 -1.0327283
2.3852839 -2.7731478 -2.9950743
4.2185135 -4.4453845 -2.7273588
5.637259 -6.5539174 -2.4614184
7.6124902 -8.0218887 -2.1802909
9.1132336 -10.59511 -1.9160138
11.128273 -11.726749 -1.6293527
11.963409 -15.367674 -1.3514715
17.658609 -18.608286 -0.61969602
14.41819 -16.76269 -1.0336012
2.3755889 -2.7814572 -2.9951839
4.2056112 -4.4628863 -2.7280729
5.6219888 -6.5825028 -2.4627173
7.5790191 -8.0426598 -2.1800671
9.073616 -10.623838 -1.9163711
11.095452 -11.774208 -1.6294788
11.92187 -15.425097 -1.3520726
17.618172 -18.69595 -0.61846739
14.32075 -16.767443 -1.0360593
2.3606904 -2.784615 -2.992733
4.1839628 -4.4726443 -2.7268579
5.5952897 -6.6000724 -2.4626558
7.5548916 -8.0761566 -2.1805549
9.0371847 -10.66005 -1.9168936
11.046789 -11.808986 -1.6297214
11.833744 -15.427607 -1.3540196
17.560436 -18.772055 -0.61812878
14.287559 -16.85327 -1.0354711
2.3556247 -2.7983854 -2.9954245
4.1709466 -4.4900446 -2.7275891
5.5671644 -6.6135626 -2.4622457
7.5266542 -8.1024799 -2.1807063
9.0050287 -10.697604 -1.9174763
11.005501 -11.847475 -1.629943
11.777405 -15.465652 -1.3550965
17.557264 -18.90048 -0.61462718
14.226074 -16.899992 -1.0363146
2.3393559 -2.7978382 -2.9916847
4.1534219 -4.5010204 -2.7270293
5.5527506 -6.6410151 -2.4635668
7.5104656 -8.1390133 -2.1815548
8.9516888 -10.706099 -1.9174922
10.955367 -11.872217 -1.6302404
11.757285 -15.545918 -1.3551664
17.429546 -18.88822 -0.61901581
14.103465 -16.867554 -1.0401312
2.3290856 -2.8063936 -2.9918206
4.1368971 -4.5162129 -2.7271349
5.5283728 -6.6613226 -2.4638891
7.4805841 -8.1664858 -2.1817455
8.9022522 -10.726624 -1.9177614
10.909094 -11.909358 -1.6305354
11.695446 -15.582535 -1.3564203
17.368288 -18.960802 -0.61895615
13.977895 -16.842438 -1.0439279
2.3197663 -2.8141017 -2.9919481
4.1218977 -4.5299067 -2.7272384
5.5112424 -6.6856718 -2.4648864
7.4428215 -8.179554 -2.1812415
8.8565359 -10.743837 -1.9179983
10.877568 -11.954292 -1.6307586
11.717494 -15.720224 -1.3552955
17.377821 -19.097979 -0.61487156
13.896607 -16.857933 -1.0458837
2.3122253 -2.8249872 -2.9933739
4.103478 -4.541409 -2.7267079
5.4878716 -6.7048683 -2.4652169
7.4195237 -8.2113495 -2.1817985
8.8240051 -10.780828 -1.9186553
10.827776 -11.983336 -1.6311166
11.570157 -15.636171 -1.3591205
17.257547 -19.099306 -0.61871064
13.814951 -16.878571 -1.0477867
2.295984 -2.8242004 -2.989651
4.0909686 -4.557858 -2.7274742
5.4631329 -6.7199864 -2.4651945
7.3869739 -8.2300253 -2.1816673
8.7932129 -10.816188 -1.9193038
10.798603 -12.031013 -1.6313647
11.598426 -15.783568 -1.3578495
17.191454 -19.15346 -0.6193772
13.869559 -17.060404 -1.0433825
2.2906659 -2.8378394 -2.9923728
4.0699077 -4.5663595 -2.7263122
5.4421062 -6.7420673 -2.4658954
7.3529401 -8.2498598 -2.1815619
8.7554035 -10.846816 -1.9198725
10.75654 -12.068635 -1.6317164
11.505707 -15.772478 -1.3601221
17.201483 -19.299738 -0.61509061
13.995223 -17.338276 -1.0355095
2.2830133 -2.8486471 -2.9938135
4.0513911 -4.5776539 -2.7258058
5.41118 -6.7518411 -2.4652171
7.3293376 -8.2813959 -2.1821635
8.7125254 -10.871119 -1.9203334
10.714348 -12.106109 -1.63209
11.466932 -15.835126 -1.3608338
17.094343 -19.314844 -0.61819351
13.964536 -17.424356 -1.0350283
2.2748139 -2.8598325 -2.9952674
4.0396709 -4.5982599 -2.7272587
5.3863974 -6.7716284 -2.4656126
7.2989359 -8.3082027 -2.1824481
8.6701527 -10.899874 -1.9209067
10.677781 -12.154261 -1.6324579
11.404169 -15.870578 -1.3622531
17.028704 -19.383362 -0.61852354
13.900579 -17.47542 -1.0360492
2.2580764 -2.8592205 -2.99157
4.0261269 -4.6152358 -2.7280653
5.3700194 -6.7996235 -2.467046
7.2672915 -8.3306522 -2.1825614
8.6246729 -10.920729 -1.9213415
10.656204 -12.215436 -1.6327491
11.33251 -15.887591 -1.363978
16.924215 -19.400591 -0.62152755
13.799957 -17.473776 -1.0389405
2.2413719 -2.8585272 -2.9878764
4.0074706 -4.6263499 -2.7275844
5.3510928 -6.824501 -2.4681437
7.2433438 -8.3619442 -2.1832097
8.5962944 -10.96326 -1.9222411
10.603084 -12.240534 -1.6332545
11.265477 -15.910803 -1.3655896
16.730988 -19.314779 -0.63023204
13.70198 -17.474781 -1.0417382
2.2407897 -2.8773849 -2.993191
3.9895942 -4.6366935 -2.7271025
5.3260212 -6.8391128 -2.4681876
7.2181525 -8.3889141 -2.1836839
8.5574532 -10.988575 -1.9228071
10.562434 -12.275626 -1.6336946
11.164548 -15.879652 -1.3682419
16.791767 -19.515339 -0.62292928
13.594964 -17.457212 -1.0450952
3.9733846 -4.6505919 -2.7272854
5.3021164 -6.8576622 -2.4686117
7.1862578 -8.4110537 -2.1838412
8.5117626 -11.008961 -1.9232959
10.514353 -12.306375 -1.6342106
11.131844 -15.951189 -1.3688846
16.796122 -19.658781 -0.61903769
13.56077 -17.539257 -1.0448859
3.9621105 -4.6703076 -2.7287736
5.2757583 -6.8730173 -2.4686985
7.146626 -8.4240313 -2.1834924
8.4781132 -11.0449 -1.9241246
10.471332 -12.343002 -1.6347169
11.064756 -15.973578 -1.3705653
16.598326 -19.565151 -0.62816501
13.548014 -17.649734 -1.0436562
3.9457843 -4.6841097 -2.7289734
5.2541118 -6.8945103 -2.4694951
7.1222706 -8.4549723 -2.1842008
8.4419146 -11.077583 -1.9249082
10.435871 -12.388604 -1.6351991
11.011188 -16.015387 -1.3718685
16.527361 -19.619919 -0.62916863
13.524985 -17.747652 -1.0429329
3.9195247 -4.6860361 -2.7265873
5.2276473 -6.9096813 -2.469605
7.0977855 -8.4858456 -2.1849246
8.3936176 -11.094327 -1.9253867
10.407871 -12.44326 -1.6356583
11.013583 -16.139257 -1.3715353
16.512535 -19.741766 -0.626553
13.45333 -17.782038 -1.0445826
3.9056044 -4.7026525 -2.727452
5.2011404 -6.9247508 -2.4697263
7.0630703 -8.504488 -2.1849678
8.3476915 -11.11404 -1.9259472
10.364373 -12.479513 -1.636232
11.04875 -16.312801 -1.3702497
16.5404 -19.915932 -0.62115675
13.403148 -17.84483 -1.0452112
3.8891654 -4.7162571 -2.7276766
5.1769371 -6.9428649 -2.4702086
7.0283122 -8.5229931 -2.185025
8.3135891 -11.149474 -1.926852
10.313158 -12.506413 -1.6368724
10.971744 -16.321522 -1.3723117
16.493628 -20.001255 -0.62061495
13.376524 -17.939449 -1.0447084
3.8726788 -4.7298045 -2.7279093
5.1480026 -6.9545875 -2.4700027
6.9935112 -8.5413589 -2.1850967
8.2864237 -11.194372 -1.927973
10.261881 -12.533105 -1.6375344
10.932387 -16.386227 -1.3732784
16.423708 -20.058706 -0.6216023
13.325682 -18.002052 -1.0454043
3.8585746 -4.7462816 -2.7287996
5.126018 -6.9756756 -2.4708581
6.9586668 -8.5595846 -2.185183
8.2425985 -11.216833 -1.9286547
10.225595 -12.578106 -1.6381292
10.881719 -16.43425 -1.3746034
16.361143 -20.125202 -0.62212819
13.25804 -18.042034 -1.0469438
3.8419838 -4.7597218 -2.7290492
5.1016378 -6.9935255 -2.4713752
6.9287467 -8.5838223 -2.1856329
8.1963797 -11.235919 -1.9292883
10.181628 -12.613723 -1.6387905
10.808976 -16.448833 -1.3766066
16.275757 -20.163561 -0.62417829
13.140944 -18.014122 -1.0509419
3.8157103 -4.7610817 -2.7267089
5.084096 -7.020822 -2.4729562
6.9012122 -8.6110401 -2.1862729
8.1524544 -11.258036 -1.9300052
10.135049 -12.646085 -1.6394881
10.690576 -16.393057 -1.3799902
16.217749 -20.235819 -0.62444478
13.073305 -18.053427 -1.0525347
3.8038642 -4.7803998 -2.7282739
5.0618467 -7.0417113 -2.4738486
6.8760338 -8.641263 -2.1871033
8.1084728 -11.279979 -1.9307402
10.090843 -12.681385 -1.6401933
10.613815 -16.400183 -1.3821588
16.114714 -20.251717 -0.62771821
13.063725 -18.173405 -1.0512776
3.7895422 -4.7966714 -2.7291977
5.0372357 -7.0593381 -2.4744015
6.8335767 -8.6497049 -2.1867225
8.0667439 -11.304985 -1.9315596
10.053911 -12.725893 -1.6408784
10.633982 -16.557772 -1.3814659
16.053818 -20.320368 -0.62822008
12.98863 -18.202669 -1.0532798
3.7775304 -4.8159313 -2.7307804
5.0125642 -7.0768776 -2.4749663
6.7984643 -8.6672859 -2.1868811
8.0226479 -11.326597 -1.93233
10.009429 -12.760909 -1.6416281
10.499063 -16.473879 -1.3854102
16.004953 -20.404537 -0.62793535
12.915798 -18.234882 -1.0551947
3.7600141 -4.8247361 -2.730392
4.9925632 -7.0957975 -2.4758363
6.78092 -8.7010717 -2.1880546
7.9893074 -11.354991 -1.9332267
9.971734 -12.795428 -1.6423079
10.438736 -16.493319 -1.387161
15.948132 -20.464161 -0.62855065
12.835506 -18.242765 -1.0576743
3.7384357 -4.8317394 -2.7293894
4.9677639 -7.1131811 -2.4764237
6.7553439 -8.7309408 -2.1889443
7.9587107 -11.395823 -1.9344366
9.93431 -12.839595 -1.6430593
10.493363 -16.708414 -1.3855052
15.8473 -20.481834 -0.63178778
12.824251 -18.362633 -1.0565585
3.7238934 -4.8478146 -2.7303464
4.9406691 -7.1272564 -2.4766703
6.7224178 -8.7513332 -2.189322
7.9188824 -11.423534 -1.9353961
9.882163 -12.864733 -1.6439129
10.418124 -16.717899 -1.3877381
15.746537 -20.499054 -0.63505536
12.830483 -18.508858 -1.0545743
3.7046125 -4.8577213 -2.7300105
4.9157605 -7.1444592 -2.4772806
6.6870346 -8.7684603 -2.189538
7.867713 -11.434763 -1.9360337
9.8396082 -12.902314 -1.6447353
10.328286 -16.703352 -1.3904281
15.682145 -20.563416 -0.63589501
12.763538 -18.550249 -1.0562725
3.6899588 -4.8736939 -2.7309844
4.8930035 -7.1648135 -2.4782553
6.6563869 -8.791749 -2.1901207
7.8165612 -11.445772 -1.9366874
9.801712 -12.946093 -1.6455545
10.280334 -16.756279 -1.391893
15.648808 -20.668932 -0.63464326
12.709949 -18.611151 -1.0573207
3.6706097 -4.8834648 -2.7306645
4.8701653 -7.1850958 -2.4792421
6.6232824 -8.8117695 -2.190542
7.7743354 -11.469701 -1.9376311
9.7636309 -12.989762 -1.646397
10.238347 -16.819275 -1.3932035
15.545398 -20.681961 -0.6381734
12.591225 -18.576197 -1.0616798
3.6489339 -4.8900738 -2.7297013
4.842865 -7.1987977 -2.4795344
6.5901198 -8.8316689 -2.1909773
7.7298212 -11.490185 -1.9385241
9.7182293 -13.023766 -1.6472998
10.22693 -16.933321 -1.3936268
15.439702 -20.691328 -0.64189553
12.57081 -18.686193 -1.0610948
3.6318414 -4.902782 -2.7300484
4.8155293 -7.2123976 -2.4798379
6.5616031 -8.8577948 -2.1917815
7.6874614 -11.513798 -1.9395037
9.6750755 -13.060807 -1.6482123
10.167757 -16.968916 -1.395494
15.360253 -20.735479 -0.64385384
12.496652 -18.7167 -1.0632499
3.6192703 -4.9216352 -2.7317073
4.7903242 -7.2291627 -2.4805062
6.5306449 -8.8806448 -2.1924236
7.6472249 -11.540562 -1.9405706
9.6152916 -13.075276 -1.6492305
10.126781 -17.035116 -1.3968425
15.257052 -20.747179 -0.64747274
12.444456 -18.780148 -1.0643115
3.5997965 -4.9311275 -2.7314196
4.7650599 -7.2458396 -2.4811864
6.5019355 -8.90658 -2.1932583
7.6025329 -11.560555 -1.9415164
9.5742788 -13.115183 -1.6501749
10.065232 -17.066933 -1.3988254
15.163361 -20.771303 -0.65047055
12.32844 -18.746857 -1.06865
3.5825617 -4.9436631 -2.7317917
4.7397385 -7.2624288 -2.4818778
6.4731259 -8.9324217 -2.1941082
7.5599632 -11.583697 -1.9425497
9.5214405 -13.138864 -1.6511989
10.009619 -17.108835 -1.4006546
15.114178 -20.856417 -0.65041548
12.230243 -18.739698 -1.0721115
3.5652835 -4.9561381 -2.732172
4.7186232 -7.2855134 -2.4832907
6.4372902 -8.9485455 -2.1944394
7.5108557 -11.596696 -1.9433891
9.4778423 -13.175248 -1.6521984
9.9498348 -17.143671 -1.4026302
15.085558 -20.970592 -0.64894158
12.182094 -18.809046 -1.0730364
3.5457234 -4.9654193 -2.7319078
4.6910424 -7.2986407 -2.4836509
6.4083118 -8.9741783 -2.1953194
7.468184 -11.619505 -1.9444569
9.4410372 -13.221197 -1.6531878
9.8899326 -17.178299 -1.4046317
15.047048 -21.071835 -0.64815915
12.118519 -18.854811 -1.0747722
3.5283694 -4.977766 -2.7323043
4.6655369 -7.314971 -2.4843774
6.3632331 -8.9771452 -2.1949649
7.4318461 -11.652194 -1.9457561
9.381031 -13.234605 -1.6543076
9.820034 -17.195425 -1.4069521
14.980324 -21.133997 -0.64935738
12.001177 -18.816326 -1.0793015
3.5118425 -4.989439 -2.7326889
4.6370573 -7.3237743 -2.4843667
6.3311534 -8.9949656 -2.1954792
7.3889198 -11.67007 -1.9467297
9.3325119 -13.259137 -1.6553504
9.7629576 -17.227896 -1.4089007
14.891782 -21.157452 -0.65227956
11.876866 -18.758337 -1.0842998
3.4966109 -5.0048242 -2.7337549
4.6135516 -7.3432379 -2.4854715
6.3110352 -9.0332098 -2.1971183
7.3418064 -11.685711 -1.9477068
9.2861729 -13.291632 -1.6564468
9.7164221 -17.286171 -1.4105734
14.751567 -21.114445 -0.65869761
11.860096 -18.877325 -1.0836906
3.4747298 -5.0106683 -2.7328684
4.5858154 -7.355968 -2.4858751
6.2794657 -9.0551844 -2.1978781
7.2988715 -11.7079 -1.9488447
9.2510519 -13.340305 -1.6575156
9.6599016 -17.326941 -1.4125644
14.677775 -21.165808 -0.66047376
11.732965 -18.820496 -1.0888205
3.4506657 -5.0132489 -2.7313347
4.5559831 -7.3652601 -2.4859331
6.2455769 -9.0737944 -2.1984732
7.2516961 -11.723184 -1.949855
9.1999197 -13.365967 -1.658676
9.5858698 -17.336159 -1.4150947
14.655835 -21.292513 -0.65859473
11.717532 -18.942711 -1.0881752
3.4396644 -5.0348043 -2.7337339
4.5302467 -7.3811183 -2.4867153
6.2138662 -9.0955391 -2.1992624
7.2128077 -11.751807 -1.9511729
9.1397476 -13.378295 -1.6598945
9.4640169 -17.257767 -1.4190557
14.621941 -21.402847 -0.65756381
11.615888 -18.925734 -1.0920362
3.4220686 -5.0467811 -2.7341788
4.5044541 -7.3968868 -2.487509
6.1754241 -9.1073608 -2.1995258
7.1799965 -11.790468 -1.9527299
9.0952253 -13.41341 -1.6610678
9.3827868 -17.252211 -1.4218389
14.529226 -21.42734 -0.6607343
11.578783 -19.013836 -1.0925541
3.4022803 -5.0554991 -2.7339771
4.4765778 -7.4092078 -2.4879563
6.1435957 -9.1288605 -2.2003438
7.1387954 -11.815458 -1.9540137
9.0550089 -13.454972 -1.6622463
9.4170389 -17.460125 -1.4212501
14.452114 -21.474611 -0.66281843
11.532958 -19.088261 -1.0935439
3.3867519 -5.0705481 -2.7350934
4.4486713 -7.4214249 -2.4884143
6.1160827 -9.1568241 -2.2015378
7.0913887 -11.830096 -1.9550935
9.0146141 -13.496422 -1.663448
9.3729391 -17.524496 -1.4229907
14.38593 -21.538202 -0.66413987
11.460108 -19.118143 -1.0959702
3.3690314 -5.0823388 -2.735563
4.4207335 -7.433537 -2.4888833
6.0797143 -9.1715279 -2.2020237
7.0520787 -11.858189 -1.9564871
8.9608536 -13.51786 -1.6647224
9.3173065 -17.567663 -1.4250932
14.293021 -21.56168 -0.66740608
11.440172 -19.236841 -1.0956346
3.3555055 -5.1005039 -2.7373521
4.4027319 -7.4624357 -2.491158
6.0498371 -9.1959972 -2.2030668
7.0066118 -11.875897 -1.9576751
8.915802 -13.55238 -1.6659849
9.2318306 -17.554255 -1.4280909
14.16504 -21.531433 -0.67323977
11.484376 -19.465509 -1.0919253
3.3397861 -5.1154118 -2.7384949
4.3726931 -7.4709883 -2.4912906
6.0155373 -9.2137489 -2.2037625
6.9691224 -11.907131 -1.9591807
8.8814831 -13.603399 -1.6672328
9.1557665 -17.558121 -1.4308343
14.089791 -21.580748 -0.67529356
10.74374 -18.356276 -1.1297176
3.3198149 -5.1238055 -2.7383332
4.3544655 -7.4997754 -2.4935925
5.9897866 -9.2446432 -2.2051997
6.9195461 -11.91766 -1.9602526
8.8252954 -13.620971 -1.6685773
9.088933 -17.579363 -1.4333295
13.977489 -21.572872 -0.68006736
11.182051 -19.25905 -1.1052041
3.2998261 -5.1321235 -2.7381794
4.3282595 -7.5149293 -2.4944677
5.9596176 -9.2688198 -2.2062893
6.8739424 -11.934865 -1.9614915
8.7712421 -13.641657 -1.6699345
9.0184298 -17.59326 -1.4359534
13.880519 -21.587967 -0.68376094
11.088889 -19.253056 -1.1088256
3.2818921 -5.1436105 -2.7386899
4.296165 -7.5197749 -2.4942722
5.9272285 -9.289566 -2.2072113
6.8283048 -11.951896 -1.9627467
8.7257109 -13.675543 -1.671285
8.9912491 -17.692093 -1.4373428
13.843716 -21.696836 -0.68307638
3.2627556 -5.1512108 -2.7385252
4.2692699 -7.5305676 -2.4947627
5.8879299 -9.2958136 -2.2073691
6.7886324 -11.974472 -1.9641006
8.6994648 -13.734642 -1.6725389
8.9397001 -17.736038 -1.4394321
13.611553 -21.489803 -0.69693029
11.071621 -19.529238 -1.107198
3.2427049 -5.1593075 -2.7383935
4.2429571 -7.5454245 -2.4956698
5.8554454 -9.3163099 -2.2083185
6.7429028 -11.991179 -1.9653888
8.6451197 -13.754822 -1.6739594
8.863492 -17.738632 -1.4422873
13.538579 -21.540564 -0.69896853
11.017064 -19.592094 -1.1088191
3.2267144 -5.1738629 -2.7395854
4.2223248 -7.5704646 -2.4976742
5.8145242 -9.3232775 -2.2085478
6.7029386 -12.018108 -1.9669262
8.592845 -13.778165 -1.6753938
8.8068237 -17.78017 -1.4446009
13.649124 -21.885637 -0.68744123
10.868989 -19.487675 -1.1154709
3.2066081 -5.1818194 -2.7394693
4.1939754 -7.5817261 -2.4982431
5.7840252 -9.3468781 -2.2097089
6.6609473 -12.041433 -1.9684044
8.5405149 -13.801314 -1.6768479
8.7482166 -17.817953 -1.4469936
13.610444 -21.994226 -0.6869275
10.899317 -19.703415 -1.1125826
3.1945465 -5.2028289 -2.7419956
4.1674843 -7.5963202 -2.4991853
5.7492943 -9.3636436 -2.2105167
6.615056 -12.057654 -1.9697438
8.5026894 -13.847986 -1.6782892
8.6859665 -17.848381 -1.4495137
13.521057 -22.021198 -0.6901961
10.765274 -19.622501 -1.1185399
3.1763659 -5.2139482 -2.7425547
4.142817 -7.6142654 -2.5005021
5.7145176 -9.3802795 -2.2113383
6.5748229 -12.084157 -1.9713362
8.450161 -13.87079 -1.6797864
8.6184196 -17.867832 -1.4522073
13.444106 -22.068262 -0.69256294
3.1621315 -5.2315974 -2.744441
4.1124878 -7.6217771 -2.5007403
5.6796951 -9.3967876 -2.2121739
6.5194116 -12.082589 -1.9723132
8.4058056 -13.907008 -1.6812875
8.5525608 -17.890619 -1.4548745
13.34635 -22.080906 -0.69651282
3.1398885 -5.2359958 -2.7436974
4.087709 -7.639544 -2.50208
5.6570234 -9.4335032 -2.2141364
6.4734521 -12.098274 -1.9737004
8.3633471 -13.946498 -1.6828078
8.4934702 -17.927565 -1.457372
13.302028 -22.182114 -0.69647247
10.559201 -19.734156 -1.1260171
3.1255314 -5.2535458 -2.7456014
4.0610166 -7.6537666 -2.5030675
5.6179972 -9.4430037 -2.2146297
6.4590783 -12.173375 -1.9764674
8.3125801 -13.97219 -1.6843653
8.4240685 -17.94268 -1.4601837
13.200033 -22.18726 -0.70079374
10.540704 -19.865982 -1.1258297
3.0993423 -5.2511544 -2.7435515
4.0269699 -7.6540098 -2.5026066
5.5789733 -9.4523439 -2.2151358
6.4220886 -12.206381 -1.9782981
8.2536488 -13.983995 -1.6859553
8.3529854 -17.953922 -1.4630638
13.092083 -22.181658 -0.70560086
10.196564 -19.380476 -1.1433634
3.0800745 -5.2624788 -2.7441804
4.0025163 -7.675674 -2.5043962
5.5542731 -9.4897842 -2.2172012
6.3644633 -12.205209 -1.979419
8.2123842 -14.031314 -1.6876178
8.2954578 -18.002502 -1.4656312
12.98449 -22.184723 -0.71025133
9.7641678 -18.724863 -1.1657356
3.0626068 -5.2726636 -2.7447572
3.9770405 -7.6889048 -2.5053658
5.5227733 -9.5081511 -2.2182415
6.3221312 -12.222723 -1.9808793
8.1678066 -14.06191 -1.6891534
8.2290945 -18.015423 -1.4683764
12.930893 -22.262163 -0.71115339
9.7478085 -18.845663 -1.165601
3.0441835 -5.2833219 -2.7453723
3.9501779 -7.7027402 -2.5063975
5.4796844 -9.5102472 -2.2184131
6.2812395 -12.248247 -1.9826013
8.1127157 -14.079995 -1.6907988
8.1579504 -18.025896 -1.4713223
12.894941 -22.37977 -0.71054649
10.15315 -19.798368 -1.1423479
3.0257227 -5.2939162 -2.745995
3.9250438 -7.7199793 -2.5078075
5.4444928 -9.5258856 -2.2193465
6.2402449 -12.273637 -1.9843422
8.055625 -14.094419 -1.6924642
8.08846 -18.039726 -1.474243
12.836544 -22.459291 -0.7116639
10.152638 -19.968735 -1.1412642
3.0110242 -5.3111472 -2.747951
3.8998377 -7.7371349 -2.5092294
5.4131575 -9.5482712 -2.2206702
6.1973639 -12.295343 -1.986019
8.0063763 -14.122452 -1.6941444
8.0254402 -18.067848 -1.4770067
12.762002 -22.510902 -0.71403784
9.6378546 -19.121151 -1.1684395
2.9886904 -5.3149104 -2.7472653
3.8710525 -7.7471919 -2.5099282
5.3739824 -9.5567732 -2.2212546
6.1579537 -12.323999 -1.9878808
7.9609289 -14.157246 -1.6958447
7.9543023 -18.077526 -1.4800149
12.657921 -22.510099 -0.71871644
9.5389738 -19.090483 -1.1728405
2.9682431 -5.3219471 -2.7472489
3.8439858 -7.7606578 -2.5110052
5.34444 -9.5823774 -2.2227962
6.1201806 -12.356089 -1.9898461
7.9133987 -14.188422 -1.6975682
7.8927422 -18.108833 -1.4827824
12.57538 -22.547178 -0.72175866
10.006673 -20.202564 -1.1460224
2.9515131 -5.3356457 -2.7485673
3.813416 -7.7669864 -2.5113559
5.3109598 -9.6009741 -2.2239749
6.077014 -12.377377 -1.9915788
7.8715258 -14.229879 -1.6993146
7.8215914 -18.117992 -1.4858329
12.463766 -22.531576 -0.7270897
9.6971359 -19.750671 -1.1620595
2.9291646 -5.3391619 -2.7479022
3.7845643 -7.7767234 -2.5120852
5.279315 -9.62292 -2.225358
6.0372438 -12.405649 -1.9934995
7.821806 -14.25727 -1.7010829
7.7551675 -18.137859 -1.4887762
12.429183 -22.655409 -0.72643948
9.5792866 -19.684027 -1.1675571
2.9123504 -5.3527379 -2.7492368
3.7556913 -7.7863536 -2.5128245
5.2400255 -9.6308746 -2.2259948
5.9956274 -12.430222 -1.9953543
7.7757921 -14.291472 -1.702875
7.6887012 -18.157482 -1.4917424
12.371003 -22.737213 -0.72763801
9.8118906 -20.342154 -1.153648
2.892755 -5.3589759 -2.7492163
3.7349279 -7.809381 -2.5149987
5.2099376 -9.6516752 -2.227345
5.9543753 -12.450035 -1.9970521
7.7245808 -14.310179 -1.7045925
7.623827 -18.171865 -1.4946256
12.269003 -22.728952 -0.73246348
9.7615814 -20.410543 -1.1554706
2.8740308 -5.369041 -2.749902
3.7110047 -7.8294592 -2.5168722
5.1818113 -9.6802568 -2.2291539
5.9023819 -12.452815 -1.9984239
7.6689496 -14.326536 -1.7064174
7.5588193 -18.194685 -1.4975946
12.185821 -22.764605 -0.73566931
9.7090578 -20.484121 -1.1573834
2.8498538 -5.368834 -2.7485981
3.6836522 -7.8423657 -2.5180161
5.1516953 -9.7052689 -2.230788
5.8588772 -12.473343 -2.0002437
7.6282172 -14.370785 -1.7082809
7.4967775 -18.224646 -1.5005071
12.110025 -22.814054 -0.73831379
9.6307154 -20.503454 -1.1607546
2.8346837 -5.3855667 -2.7506309
3.6579094 -7.8587317 -2.5195432
5.1214671 -9.7301874 -2.2324381
5.8052545 -12.472135 -2.0015552
7.5780072 -14.397325 -1.7101554
7.4286075 -18.239637 -1.503603
12.037748 -22.87031 -0.74069864
9.584321 -20.591164 -1.1623647
2.8105204 -5.3851838 -2.7493401
3.6337404 -7.8785758 -2.5214546
5.0838141 -9.7409973 -2.2333341
5.7683306 -12.506736 -2.0037596
7.5240245 -14.416637 -1.7120442
7.3648934 -18.265457 -1.506604
11.972611 -22.940489 -0.74253154
9.5190649 -20.638975 -1.165048
2.7952461 -5.4018035 -2.75139
3.6045871 -7.8876457 -2.5222607
5.0406981 -9.7411318 -2.2336633
5.7213402 -12.519577 -2.0054538
7.4626884 -14.421619 -1.7139368
7.299614 -18.287355 -1.5096676
11.875957 -22.950245 -0.74690199
9.4453058 -20.668449 -1.1682296
2.7798901 -5.4183822 -2.7534499
3.5721788 -7.8894596 -2.52233
5.003057 -9.7516356 -2.2345827
5.6841512 -12.55393 -2.0076985
7.4141178 -14.45112 -1.7158753
7.2313452 -18.301611 -1.5128298
11.784845 -22.970259 -0.75085819
9.3731031 -20.701292 -1.1713465
2.7574675 -5.4211855 -2.752847
3.5430133 -7.8983016 -2.523155
4.9761553 -9.7831297 -2.2366786
5.641921 -12.577315 -2.009696
7.3546157 -14.459188 -1.7178065
7.1529131 -18.289648 -1.5162706
11.702786 -23.007696 -0.7541129
9.2958927 -20.722973 -1.1747677
2.7385263 -5.430779 -2.7535872
3.512234 -7.9034534 -2.5236156
4.9419742 -9.8004417 -2.2380145
5.594758 -12.589682 -2.0114415
7.3040967 -14.484774 -1.719781
7.0990868 -18.340508 -1.5191081
11.658332 -23.119669 -0.75434655
9.2024488 -20.707937 -1.1791276
2.7178311 -5.4368591 -2.7536664
3.4830451 -7.9120746 -2.5244598
4.9059677 -9.8140955 -2.2391696
5.5507793 -12.609134 -2.0133839
7.2481585 -14.499509 -1.721759
7.0378737 -18.372614 -1.5221565
11.604323 -23.213758 -0.75535774
9.1381416 -20.758175 -1.1818689
2.7022567 -5.4532161 -2.7557609
3.4585409 -7.931376 -2.5264409
4.8734345 -9.8347034 -2.2407291
5.5035591 -12.621159 -2.015161
7.2027979 -14.535412 -1.723793
6.9765224 -18.404516 -1.5252323
11.514362 -23.236248 -0.75930572
9.0704069 -20.800911 -1.1848251
2.6866012 -5.4695301 -2.7578654
3.4323893 -7.947 -2.528059
4.8373322 -9.8481073 -2.2419114
5.4578958 -12.636649 -2.0170453
7.1414957 -14.539049 -1.7257894
6.9122353 -18.428759 -1.5284035
11.396237 -23.201086 -0.76558536
8.9756107 -20.781204 -1.1893364
2.6674931 -5.4788747 -2.7586386
3.4077144 -7.966146 -2.5300658
4.8081183 -9.8755932 -2.2438931
5.4153142 -12.659272 -2.0191309
7.0785155 -14.538856 -1.7277933
6.8492522 -18.456507 -1.5315655
11.161474 -22.925013 -0.78148538
8.8983145 -20.801413 -1.1928809
2.6450038 -5.4812145 -2.7580776
3.376826 -7.9707694 -2.5305767
4.7770524 -9.899436 -2.2456951
5.3695436 -12.674445 -2.021049
7.0294509 -14.56706 -1.7298739
6.779294 -18.465347 -1.5349184
11.233989 -23.280081 -0.77217841
8.8614187 -20.916779 -1.1941522
2.6258547 -5.4904141 -2.7588656
3.3444297 -7.9716573 -2.5307186
4.7390571 -9.9089203 -2.2467229
5.329874 -12.704087 -2.0233583
6.9751272 -14.584332 -1.7319511
6.7147956 -18.488899 -1.538161
11.176761 -23.369551 -0.7735315
8.7235718 -20.793179 -1.2011875
2.610244 -5.5021162 -2.7602534
3.3253944 -7.9966111 -2.5333879
4.7079039 -9.9237595 -2.2480149
5.294508 -12.73176 -2.0254827
6.9360938 -14.620545 -1.7338881
6.6580267 -18.513651 -1.5410684
11.072503 -23.339657 -0.77913284
8.679637 -20.872015 -1.2029799
2.5926604 -5.5146804 -2.7617292
3.2959661 -8.0045443 -2.5343056
4.6782784 -9.9508629 -2.2500594
5.2515426 -12.753834 -2.0276423
6.8782463 -14.630272 -1.7359853
6.5866876 -18.518021 -1.5445131
10.899285 -23.183165 -0.79017586
8.6203861 -20.935366 -1.2055845
2.5756829 -5.5311303 -2.7639277
3.2651258 -8.0129385 -2.5352986
4.6401067 -9.9643612 -2.2513986
5.2137465 -12.795045 -2.0304022
6.8245769 -14.655384 -1.7382468
6.5068808 -18.508219 -1.5482633
10.807504 -23.20849 -0.79432261
8.5375776 -20.952053 -1.2095189
2.5531325 -5.5330915 -2.7634015
3.2356687 -8.020648 -2.5362365
4.6052971 -9.9804964 -2.2528775
5.170537 -12.816845 -2.0326028
6.7717142 -14.675508 -1.7404112
6.4291601 -18.4932 -1.5518898
10.739802 -23.275057 -0.79664469
8.4807987 -21.022396 -1.2120248
2.5363722 -5.5450301 -2.7648616
3.2075977 -8.0276918 -2.537117
4.577107 -10.006495 -2.2548957
5.1324224 -12.844974 -2.0349088
6.7230105 -14.697882 -1.7424964
6.3781614 -18.54455 -1.5548362
10.6526 -23.288771 -0.80079019
8.4228725 -21.080021 -1.2146523
2.5185916 -5.5573583 -2.7663717
3.1809995 -8.0424871 -2.5388365
4.5405197 -10.018811 -2.2562029
5.089015 -12.866501 -2.0371468
6.6683826 -14.714014 -1.7446882
6.3146725 -18.570469 -1.5581833
10.604186 -23.398499 -0.80151516
8.3536386 -21.120415 -1.2179127
2.496021 -5.5590887 -2.7658653
3.1529055 -8.0535421 -2.5401857
4.5006618 -10.023785 -2.2571206
5.0426226 -12.880492 -2.0392075
6.6137209 -14.729948 -1.7468983
6.2485394 -18.588627 -1.5616107
10.594358 -23.595545 -0.79896605
8.2696867 -21.123459 -1.2220416
2.4766014 -5.5677676 -2.766716
3.1261921 -8.0681562 -2.5419283
4.4704642 -10.050267 -2.2592597
4.9961982 -12.894316 -2.0412841
6.5622644 -14.752944 -1.7491522
6.1798491 -18.598984 -1.5651149
10.513554 -23.636028 -0.80243826
8.2088671 -21.185654 -1.2248619
2.4561779 -5.576807 -2.7676175
3.0965996 -8.0795603 -2.5433688
4.4320049 -10.062966 -2.2606847
4.9588447 -12.938478 -2.0442803
6.5049415 -14.769616 -1.7515144
6.0917678 -18.560965 -1.5691527
10.499228 -23.838732 -0.80007643
8.1268816 -21.204432 -1.228891
2.4366958 -5.5853467 -2.7684841
3.0642047 -8.0793171 -2.5436001
4.3905296 -10.063886 -2.2614367
4.9150577 -12.959418 -2.0465949
6.451755 -14.788587 -1.7537959
6.0429134 -18.631365 -1.5722796
10.385633 -23.805744 -0.80638295
8.0584698 -21.24758 -1.2321936
2.4181614 -5.5933962 -2.7693145
3.0360181 -8.085763 -2.5445373
4.3634067 -10.0929 -2.2637465
4.8748465 -12.983075 -2.0489159
6.3979464 -14.798949 -1.7559513
5.9823146 -18.655094 -1.5755709
10.365224 -23.975573 -0.80487412
7.9795594 -21.251791 -1.2361565
11.908949 -24.223515 -0.56640816
2.4001374 -5.6053443 -2.770874
3.0118716 -8.1073408 -2.5470941
4.3250365 -10.100805 -2.2649293
4.8308773 -13.003733 -2.0512671
6.3415499 -14.810225 -1.7582393
5.9087358 -18.649286 -1.5792555
10.262618 -23.96759 -0.8102836
7.9053254 -21.279516 -1.2398396
2.3780742 -5.6105571 -2.7711301
2.9834898 -8.1220074 -2.5489647
4.2879877 -10.116589 -2.2666135
4.7845535 -13.025076 -2.0537505
6.2825718 -14.822384 -1.7606618
5.8379679 -18.663216 -1.5830132
10.18405 -24.027086 -0.8134681
7.8300304 -21.315832 -1.2435772
2.3559599 -5.607347 -2.7699006
2.955277 -8.1239681 -2.5494745
4.2623072 -10.144585 -2.2688897
4.7449665 -13.043773 -2.0559099
6.2421355 -14.856712 -1.762859
5.7722435 -18.658634 -1.5863502
9.7344694 -23.168707 -0.84952408
7.7562118 -21.321596 -1.2473395
2.3373687 -5.6234655 -2.772253
2.9253879 -8.1389475 -2.55144
4.2248406 -10.164527 -2.2708924
4.698873 -13.073097 -2.058753
6.1850438 -14.880571 -1.7654908
5.6993942 -18.676853 -1.5903046
9.6500301 -23.216967 -0.85322618
7.656754 -21.302446 -1.2525012
2.3196902 -5.6307807 -2.7730737
2.8998039 -8.148097 -2.5527415
4.1928868 -10.177749 -2.2723758
4.6591096 -13.091533 -2.0609472
6.141294 -14.907284 -1.767697
5.6326375 -18.667976 -1.5936917
9.5010471 -23.062696 -0.86329031
7.5978127 -21.348932 -1.2554405
2.3000216 -5.6388435 -2.7739928
2.8726473 -8.16187 -2.5545857
4.1573348 -10.192323 -2.2740371
4.6133847 -13.107717 -2.0632865
6.0847154 -14.917582 -1.7700768
5.5503836 -18.630268 -1.5976151
9.8017673 -24.030485 -0.83342779
7.5060401 -21.326435 -1.2602587
2.2817671 -5.6504092 -2.7756009
2.8441403 -8.1718464 -2.5560532
4.118773 -10.199442 -2.2752974
4.5715165 -13.134982 -2.0659583
6.0266523 -14.923982 -1.7724546
5.4830732 -18.641888 -1.6012819
9.5968037 -23.764856 -0.84809387
7.4525208 -21.412746 -1.2628691
2.2567544 -5.6480036 -2.7745373
2.8116181 -8.174798 -2.5568259
4.0798955 -10.210798 -2.2768619
4.531086 -13.174163 -2.0690875
5.9733877 -14.949662 -1.7750673
5.4158192 -18.665682 -1.6050954
9.6029119 -24.033312 -0.84392929
7.3480554 -21.364519 -1.268452
2.2380121 -5.6554565 -2.7754314
2.7857571 -8.1877909 -2.5586295
4.0532842 -10.242649 -2.2795215
4.4848175 -13.181603 -2.0711522
5.9296317 -14.984179 -1.7775124
5.3527937 -18.679712 -1.6086036
9.5745487 -24.194885 -0.84314597
7.2771668 -21.388771 -1.2721453
2.2168522 -5.6596475 -2.7756968
2.7546585 -8.1900291 -2.5593462
4.0175056 -10.256736 -2.2812393
4.4387774 -13.197178 -2.073565
5.87149 -14.989977 -1.7799443
5.2962265 -18.728941 -1.6121589
9.5264177 -24.321047 -0.84394217
7.2177124 -21.459385 -1.2751671
2.2012599 -5.6781259 -2.7787032
2.7248156 -8.1958742 -2.5604622
3.9831071 -10.274382 -2.283181
4.3901796 -13.205062 -2.0757792
5.814816 -14.999255 -1.7824123
5.2329578 -18.75499 -1.6158502
9.3448267 -24.104879 -0.85674679
7.1389871 -21.473101 -1.2793388
2.180434 -5.6861553 -2.7797165
2.6935349 -8.2020788 -2.5616636
3.9383478 -10.270459 -2.2839615
4.3467045 -13.236142 -2.0787809
5.7598033 -15.020466 -1.7850891
5.1610155 -18.76252 -1.6198356
9.3021345 -24.25819 -0.85691547
7.0502872 -21.468819 -1.2840986
2.1574638 -5.6825519 -2.7785861
2.6651082 -8.2072353 -2.5627217
3.9000583 -10.272378 -2.2849972
4.3064623 -13.261806 -2.0814507
5.7029014 -15.020893 -1.7874196
5.0799813 -18.71035 -1.6236923
9.2442989 -24.348593 -0.85880089
6.9630451 -21.442787 -1.2888381
2.1379762 -5.6940269 -2.7802989
2.6350102 -8.2169485 -2.5643361
3.8609931 -10.282902 -2.2866423
4.2614632 -13.288837 -2.0843887
5.6520042 -15.052864 -1.7902037
4.9949017 -18.667284 -1.6278921
9.1563988 -24.386045 -0.86307502
6.892931 -21.49474 -1.2925546
2.1194284 -5.7050662 -2.7819717
2.6051264 -8.2223568 -2.56549
3.8250754 -10.296317 -2.2884245
4.216248 -13.307413 -2.0870035
5.5994248 -15.072502 -1.7928125
9.0712194 -24.41786 -0.86730111
6.8323064 -21.564274 -1.2957546
2.0981722 -5.7088141 -2.78228
2.5764089 -8.2314005 -2.5670481
3.7932012 -10.320736 -2.2908597
4.1756968 -13.340985 -2.0900817
5.5467777 -15.091957 -1.7954409
4.862452 -18.693993 -1.6355225
8.9735413 -24.415668 -0.87269872
6.695066 -21.39015 -1.3034884
2.0802269 -5.7153778 -2.7831814
2.5493767 -8.2357082 -2.5680633
3.7607584 -10.332602 -2.2924891
4.1384573 -13.369201 -2.0928164
5.5047779 -15.124258 -1.7979227
4.835393 -18.832619 -1.6385841
8.9240866 -24.518732 -0.87403387
6.6231174 -21.395844 -1.3074334
2.0602643 -5.7226038 -2.7841899
2.5229073 -8.252058 -2.5704334
3.7219918 -10.338229 -2.2938838
4.0940866 -13.391153 -2.095602
5.4506049 -15.139637 -1.8005663
4.7735353 -18.864826 -1.6424192
8.8181725 -24.493416 -0.88024086
6.5728717 -21.498896 -1.3100863
2.0418589 -5.7373748 -2.7866344
2.4926448 -8.2612486 -2.5721021
3.6840749 -10.351802 -2.2958117
4.0438313 -13.402268 -2.0981963
5.3950782 -15.159513 -1.8033895
4.6995454 -18.862871 -1.6465745
8.5330086 -23.976717 -0.90300441
6.4502678 -21.377802 -1.3170177
2.0205405 -5.7408338 -2.7869704
2.4615529 -8.2623825 -2.5729058
3.6466057 -10.360869 -2.2974458
3.998157 -13.420107 -2.1009059
5.3421288 -15.178253 -1.8060987
4.630825 -18.867558 -1.6505303
8.7062654 -24.736561 -0.88324112
6.3790202 -21.411648 -1.320956
2.0040259 -5.7547774 -2.7893305
2.4341409 -8.2704992 -2.5744338
3.6109285 -10.369173 -2.2989986
3.9491518 -13.418064 -2.1029282
5.295691 -15.20715 -1.8087729
4.5663605 -18.875069 -1.6542971
8.5677614 -24.603256 -0.89276809
6.3316216 -21.513002 -1.3235178
1.9804132 -5.7547998 -2.7890422
2.4005306 -8.2680645 -2.5749347
3.5728991 -10.382339 -2.3009677
3.9032648 -13.44388 -2.1060328
5.2399182 -15.22646 -1.8116605
4.4962268 -18.887804 -1.6584706
8.5398531 -24.815601 -0.89155525
6.2816315 -21.635607 -1.3262292
1.958836 -5.7540426 -2.7886543
2.3752611 -8.2835197 -2.5772808
3.5422714 -10.405354 -2.3034153
3.859755 -13.460566 -2.1086624
5.1919599 -15.25128 -1.8143497
4.4290204 -18.883224 -1.6622968
8.3945045 -24.658693 -0.90181953
6.2109485 -21.660151 -1.3302085
1.9387392 -5.7608452 -2.7897072
2.3441968 -8.2842131 -2.5781171
3.5021474 -10.406417 -2.3046639
3.8127465 -13.473956 -2.1113245
5.1361556 -15.261772 -1.8170813
4.364872 -18.90633 -1.6662905
8.2867441 -24.623554 -0.90839249
6.1135941 -21.604977 -1.3357785
1.9176106 -5.7679129 -2.7908206
2.3138165 -8.2927504 -2.5798471
3.4652276 -10.422935 -2.3068945
3.7601352 -13.476376 -2.1137841
5.0776725 -15.27295 -1.8199708
4.2973075 -18.929968 -1.6705127
8.2644129 -24.858234 -0.90664369
6.0665069 -21.742443 -1.3383847
1.8998708 -5.7818894 -2.7932751
2.2838154 -8.2969923 -2.5811024
3.4238894 -10.419946 -2.3079453
3.7130728 -13.489417 -2.1164782
5.0280547 -15.301912 -1.8228917
4.2346783 -18.960402 -1.6745496
8.1838217 -24.90588 -0.91064769
5.9651852 -21.671236 -1.3442369
1.8771156 -5.7771678 -2.7922163
2.2593739 -8.315877 -2.5838957
3.3917592 -10.438761 -2.3102295
3.6714404 -13.513144 -2.1194117
4.9760542 -15.314721 -1.8255669
4.1666479 -18.951002 -1.6784506
8.1184483 -24.986013 -0.91338521
5.882834 -21.652424 -1.3489935
1.8592931 -5.7910204 -2.7946873
2.2293167 -8.3199234 -2.5851712
3.3553002 -10.450537 -2.3121841
3.6201396 -13.510546 -2.1216595
4.9189186 -15.320638 -1.8283379
4.1055207 -18.988785 -1.68253
7.999465 -24.915419 -0.92114359
5.795866 -21.630468 -1.3540393
1.8390678 -5.7974749 -2.7957778
2.2002618 -8.3276548 -2.5868599
3.3188014 -10.462185 -2.3141522
3.5749855 -13.530772 -2.1246438
4.867816 -15.345297 -1.8312888
4.041698 -19.014687 -1.6866484
7.9281325 -24.992634 -0.92430502
5.7356043 -21.708384 -1.3575233
1.8198324 -5.8035417 -2.7968206
2.1736233 -8.3387012 -2.5888791
3.2793589 -10.458048 -2.3151436
3.5280933 -13.534874 -2.1270223
4.8157125 -15.35756 -1.8340156
3.9786198 -19.027987 -1.6905904
7.7998419 -24.874105 -0.93324834
5.6394491 -21.634697 -1.3631624
1.7995636 -5.8098583 -2.7979255
2.1415749 -8.3348398 -2.5893693
3.2404954 -10.46188 -2.3166881
3.4758904 -13.527891 -2.129184
4.7667823 -15.389469 -1.8370769
3.9145823 -19.053461 -1.6947597
7.4780264 -24.14267 -0.96113139
5.5926695 -21.766228 -1.365889
1.778145 -5.8124218 -2.7983406
2.1134298 -8.3460684 -2.5914936
3.2004867 -10.46179 -2.3180189
3.4305944 -13.547635 -2.1322176
4.7153587 -15.413622 -1.8400934
3.83938 -19.024067 -1.6989533
7.3668561 -24.080868 -0.96841192
5.5323129 -21.847454 -1.3694437
1.7546031 -5.8115244 -2.7981193
2.083775 -8.357563 -2.5937161
3.1632638 -10.477232 -2.3203588
3.3751583 -13.537017 -2.1344182
4.6576848 -15.426992 -1.8431734
3.7533839 -18.955967 -1.7033492
7.4353976 -24.627218 -0.95766479
5.2419457 -21.024292 -1.3866767
1.7364228 -5.821002 -2.7998867
2.0541763 -8.3568087 -2.5945508
3.1262431 -10.48009 -2.3218343
3.3330905 -13.559694 -2.1374688
4.6065016 -15.442354 -1.8460101
3.7057147 -19.046497 -1.7073904
7.4700346 -25.041763 -0.95055372
5.378705 -21.88167 -1.3785731
1.7171812 -5.8307233 -2.801719
2.0259159 -8.3677416 -2.5967078
3.0907578 -10.49473 -2.3241
3.2829366 -13.559677 -2.1399271
4.5548167 -15.465971 -1.8490899
3.6489174 -19.110174 -1.7116787
7.3724308 -25.033237 -0.95644706
5.301352 -21.896441 -1.3832036
1.6957986 -5.836978 -2.802917
1.9988686 -8.3903732 -2.6001952
3.0522714 -10.505988 -2.3262563
3.229537 -13.556179 -2.1424124
4.4958797 -15.474922 -1.8521914
3.5803149 -19.131247 -1.7161863
7.3062329 -25.148222 -0.95900118
5.219213 -21.907965 -1.3881449
1.67329 -5.8354568 -2.8026633
1.9668813 -8.3858433 -2.6007338
3.013401 -10.50898 -2.3278677
3.1767607 -13.544191 -2.144511
4.4385467 -15.479053 -1.8551196
3.5142317 -19.147545 -1.7205007
7.2140055 -25.158232 -0.96439612
5.1363354 -21.898882 -1.3931491
1.6539303 -5.8409734 -2.8037596
1.93818 -8.3884983 -2.6020119
2.9828439 -10.534127 -2.3307559
3.1354034 -13.570115 -2.1477535
4.392611 -15.51282 -1.8582252
3.4429529 -19.115978 -1.7245557
7.1533704 -25.26264 -0.96678913
5.0717673 -21.950754 -1.3970838
1.6335312 -5.8467107 -2.8049207
1.9062775 -8.3837376 -2.602562
2.9460542 -10.544474 -2.33285
3.0924141 -13.600323 -2.1512909
4.3362932 -15.520396 -1.8612282
3.3748195 -19.120035 -1.7288865
7.0329304 -25.172161 -0.97512138
4.9632916 -21.828371 -1.4036496
1.6131121 -5.8523774 -2.8060892
1.8778573 -8.3941689 -2.6047709
2.9092288 -10.554694 -2.3349569
3.0431886 -13.603291 -2.153944
4.281033 -15.531605 -1.8642884
3.3175573 -19.186642 -1.7333515
6.9227533 -25.115778 -0.98245215
4.8818431 -21.82222 -1.4086339
1.5916637 -5.8542557 -2.8065605
1.8460165 -8.3891802 -2.605334
2.8723695 -10.564785 -2.3370767
2.9939811 -13.606079 -2.15661
4.2215762 -15.527267 -1.8671985
3.2558837 -19.229521 -1.7378141
6.8455124 -25.178297 -0.98640835
4.8219204 -21.913107 -1.4123656
1.5712188 -5.859776 -2.8077424
1.8167214 -8.3955736 -2.6071477
2.8313792 -10.559477 -2.3382833
2.9439511 -13.604814 -2.1591568
4.1683807 -15.545752 -1.8703759
3.1874375 -19.23291 -1.7422225
6.7720494 -25.255995 -0.98997939
4.7453995 -21.929806 -1.4171031
1.5507545 -5.8652248 -2.8089316
1.7865882 -8.3980284 -2.6085553
2.7975328 -10.580759 -2.3411231
2.8947918 -13.607244 -2.1618474
4.1140895 -15.560206 -1.8735306
3.1177323 -19.228193 -1.746629
6.7001662 -25.3412 -0.99338877
4.653059 -21.872147 -1.422798
1.5322145 -5.8780565 -2.8115401
1.7564596 -8.4003744 -2.609971
2.7615788 -10.594285 -2.3435142
2.8480873 -13.621151 -2.1649499
4.0557361 -15.559078 -1.8765275
3.0487223 -19.227158 -1.7510607
6.619719 -25.395323 -0.99770552
4.5758657 -21.884354 -1.4276191
1.5127143 -5.8831048 -2.8126845
1.7278039 -8.4023094 -2.6113026
2.7215114 -10.584244 -2.3444078
2.8037028 -13.634406 -2.1679199
4.0100613 -15.59555 -1.8798267
2.9873908 -19.252905 -1.7553658
6.2940059 -24.47805 -1.028337
4.5024681 -21.895502 -1.4322232
1.4902767 -5.8808823 -2.8124809
1.6992403 -8.4121351 -2.6135709
2.6855195 -10.597511 -2.3468223
2.7505929 -13.616884 -2.1699779
3.9575515 -15.617164 -1.8831301
2.9243453 -19.290779 -1.7599616
6.4623919 -25.501684 -1.0062062
4.4173279 -21.868099 -1.4375557
1.4688063 -5.8823113 -2.8129897
1.6713921 -8.4257088 -2.6162703
2.6465957 -10.599153 -2.3485451
2.7007277 -13.614726 -2.1725826
3.898196 -15.611591 -1.8861299
2.8564065 -19.296932 -1.7644827
6.157764 -24.660767 -1.0347017
4.3471718 -21.914669 -1.4420272
1.448264 -5.8874021 -2.8142135
1.6404712 -8.4237928 -2.6173019
2.6095815 -10.608325 -2.35075
2.6562207 -13.639649 -2.1761537
3.8446276 -15.628965 -1.8894248
2.786752 -19.291016 -1.7689803
6.2775269 -25.519053 -1.0175174
4.2897005 -22.02754 -1.4457765
1.4267972 -5.8886781 -2.814734
1.6095836 -8.4217615 -2.6183398
2.5716043 -10.613527 -2.3527305
2.605613 -13.633248 -2.1786482
3.7891114 -15.638424 -1.8926436
2.7160618 -19.276962 -1.7734606
6.2015648 -25.595102 -1.0214169
4.2247577 -22.105036 -1.4499897
1.4072615 -5.8933773 -2.8159089
1.5823704 -8.4309082 -2.6205549
2.5363941 -10.621998 -2.3548481
2.5603888 -13.641815 -2.1815512
3.7400022 -15.662508 -1.8959106
2.6548345 -19.305592 -1.7779011
6.1092391 -25.58448 -1.0273373
4.1529012 -22.12676 -1.4546106
1.3847712 -5.8947453 -2.8165033
1.5514599 -8.4366512 -2.6225479
2.501966 -10.65046 -2.3583951
2.5089381 -13.643302 -2.1844978
3.6807539 -15.668369 -1.8992819
2.5814192 -19.295454 -1.7826589
6.0181661 -25.618351 -1.0327042
4.066009 -22.110466 -1.4601786
1.3650541 -5.9032969 -2.8184659
1.5240884 -8.4535961 -2.6257272
2.4647734 -10.659129 -2.3606539
2.4612982 -13.651977 -2.1875834
3.6269343 -15.684998 -1.9026554
2.5181646 -19.335945 -1.7874359
5.9161186 -25.584776 -1.0395381
3.9697046 -22.018589 -1.4662938
1.3454703 -5.9077911 -2.8196609
1.4933141 -8.4431543 -2.6258533
2.4276569 -10.659536 -2.3623312
2.4146304 -13.652249 -2.1902473
3.5784323 -15.712446 -1.906036
2.4525256 -19.332336 -1.7918044
5.8126349 -25.522551 -1.0468016
3.909858 -22.10622 -1.470277
1.3229671 -5.9089236 -2.8202748
1.4616904 -8.444706 -2.6274505
2.3877091 -10.664506 -2.3644862
2.3639011 -13.657098 -2.1933758
3.523428 -15.737101 -1.9097248
2.3836021 -19.357006 -1.7967961
5.7321315 -25.602093 -1.0510629
3.8240514 -22.092905 -1.4758486
1.3023329 -5.9135051 -2.8215461
1.4335147 -8.4574909 -2.6302381
2.3504684 -10.672776 -2.3667805
2.3128986 -13.645704 -2.1957917
3.4684734 -15.749304 -1.9131104
2.3164911 -19.369164 -1.8015198
5.6332874 -25.579077 -1.057644
3.7462425 -22.102188 -1.4809498
1.2824982 -5.9217806 -2.82354
1.4033418 -8.4585733 -2.6317573
2.3131988 -10.680916 -2.3690875
2.2652519 -13.653695 -2.1989322
3.4134767 -15.761314 -1.9165146
2.2497838 -19.385042 -1.8062885
5.5236945 -25.50499 -1.0654935
3.671026 -22.12693 -1.4859234
1.2626222 -5.9299884 -2.8255422
1.3731793 -8.459549 -2.6332843
2.2767253 -10.69279 -2.3716502
2.2188504 -13.669353 -2.2023771
3.359268 -15.777023 -1.9199919
2.1803243 -19.376949 -1.810943
5.405549 -25.387518 -1.0743866
3.5956841 -22.151413 -1.4909275
1.2395471 -5.9230494 -2.8246844
1.3442554 -8.4681644 -2.6356769
2.2410045 -10.70841 -2.3744719
2.1692536 -13.665258 -2.2051136
3.3049879 -15.792547 -1.9234895
2.1092176 -19.352764 -1.815515
5.3643003 -25.632761 -1.0744154
3.5139611 -22.136269 -1.4963204
1.2188648 -5.9273396 -2.8259826
1.312283 -8.4573021 -2.6359313
2.2020199 -10.708424 -2.3763282
2.1203241 -13.664904 -2.2080064
3.2546492 -15.827359 -1.9272892
2.0429058 -19.371893 -1.8203671
5.3093548 -25.819391 -1.0759852
3.4287245 -22.097185 -1.5019345
1.2010012 -5.9349146 -2.8278754
1.2857068 -8.4613829 -2.6377127
2.1699352 -10.723037 -2.3789418
2.0767875 -13.667576 -2.2107375
3.2033319 -15.829711 -1.9303104
1.9783895 -19.342558 -1.8244534
3.3622811 -22.127554 -1.5064187
1.1782038 -5.9394822 -2.829319
1.2532078 -8.4662571 -2.6399004
2.1272075 -10.723536 -2.3810561
2.0225492 -13.663672 -2.2138267
3.1471691 -15.865298 -1.93451
1.9048846 -19.357939 -1.8297999
5.1281953 -25.851915 -1.0874768
3.2761247 -22.132414 -1.5122058
1.1582009 -5.9473405 -2.8313591
1.2236482 -8.4705801 -2.6418989
2.090519 -10.734776 -2.3836865
1.9754103 -13.674577 -2.2172012
3.0917711 -15.876188 -1.9380347
1.8399361 -19.392223 -1.8348306
5.00284 -25.689493 -1.0974314
3.1914406 -22.092421 -1.5178484
1.1377485 -5.9473643 -2.8318985
1.194456 -8.4668236 -2.6429393
2.0571373 -10.753296 -2.3867083
1.930607 -13.684982 -2.2204304
3.0398538 -15.89026 -1.9414603
1.7741666 -19.382353 -1.8393335
4.9266195 -25.75297 -1.1017888
3.1042385 -22.004192 -1.5236046
1.1169813 -5.9513001 -2.8332314
1.163825 -8.463171 -2.6440854
2.0188594 -10.756526 -2.3888686
1.8828253 -13.691638 -2.2236872
2.9828999 -15.892956 -1.9449
1.7040536 -19.360657 -1.8440018
4.8241816 -25.703342 -1.1090878
2.9931927 -21.766071 -1.5307519
1.0955031 -5.9513745 -2.8338485
1.1337548 -8.4632921 -2.6456726
1.9805839 -10.759621 -2.3910398
1.8329132 -13.682394 -2.2263515
2.9274046 -15.903271 -1.948478
1.6384739 -19.390299 -1.8490783
4.7257614 -25.672932 -1.1159419
2.9145491 -21.756626 -1.5361006
1.0747226 -5.9551625 -2.8351941
1.1047137 -8.4710894 -2.6481395
1.9430146 -10.766468 -2.3934727
1.7820641 -13.665101 -2.2287176
2.8704629 -15.905566 -1.9519489
1.5707805 -19.395901 -1.8539956
4.5992684 -25.485077 -1.1263264
2.8370419 -21.75481 -1.541406
1.0539286 -5.958878 -2.8365464
1.0756305 -8.4787836 -2.6506178
1.9040438 -10.765401 -2.3954136
1.7353514 -13.679111 -2.2323174
2.8149242 -15.91549 -1.9555613
1.501528 -19.381409 -1.8587685
4.525569 -25.58742 -1.1301967
2.7645977 -21.792265 -1.5464551
1.0331217 -5.9625206 -2.8379059
1.0460273 -8.4824867 -2.652669
1.8664536 -10.771982 -2.3978693
1.6880772 -13.689023 -2.2357812
2.7668202 -15.968324 -1.9598991
1.430927 -19.346817 -1.8633813
4.4464431 -25.662039 -1.134739
2.7002218 -21.896746 -1.5510902
1.0129471 -5.9698873 -2.8399982
1.0164123 -8.4860868 -2.6547291
1.8301643 -10.786224 -2.4008451
1.6388688 -13.683014 -2.2386389
2.7097342 -15.970042 -1.9634269
1.3633869 -19.351694 -1.8683437
4.3955564 -25.905577 -1.135666
2.6351519 -22.001041 -1.5557947
0.99147016 -5.9695878 -2.8406446
0.9858771 -8.4817905 -2.6559184
1.7912054 -10.78475 -2.4028172
1.5897198 -13.676826 -2.2415061
2.6513627 -15.963711 -1.9668373
1.2955595 -19.352362 -1.8732905
4.3214426 -26.019171 -1.139515
2.5703022 -22.113066 -1.5605208
0.97166932 -5.9728427 -2.8419549
0.95774567 -8.485013 -2.657891
1.7560676 -10.794532 -2.4054401
1.543468 -13.674138 -2.2443714
2.5964959 -15.960637 -1.9701405
1.2301149 -19.336676 -1.8778565
4.2325754 -26.017603 -1.1455609
2.5170827 -22.29974 -1.564598
0.95037562 -5.9801674 -2.8441393
0.92749131 -8.4962645 -2.660965
1.7158713 -10.796991 -2.4078135
1.4907554 -13.656034 -2.2469492
2.5379796 -15.970046 -1.9740293
1.1578044 -19.317204 -1.8828942
4.1559753 -26.151165 -1.1494206
2.4340348 -22.296926 -1.5704211
0.9283126 -5.9758358 -2.8440731
0.8978281 -8.4994507 -2.6630616
1.6787791 -10.806822 -2.4105875
1.442661 -13.65721 -2.2501595
2.4797766 -15.963091 -1.977476
1.0896939 -19.309198 -1.8878068
3.9213364 -25.242859 -1.174641
2.3427875 -22.178419 -1.5766174
0.90686989 -5.9752321 -2.8447406
0.86656106 -8.4869251 -2.6633918
1.6398606 -10.8048 -2.4125998
1.3921595 -13.634531 -2.2524195
2.4228477 -15.963786 -1.9810724
1.0229189 -19.324814 -1.8929734
3.9349883 -25.927057 -1.1668111
2.2471344 -22.007984 -1.5830439
0.88657069 -5.9821711 -2.8468769
0.83731449 -8.4938021 -2.6659477
1.6027128 -10.814368 -2.4153988
1.3453341 -13.647203 -2.256134
2.3665235 -15.96821 -1.984754
0.95466721 -19.312355 -1.8978779
3.8292489 -25.838009 -1.1749821
2.2015846 -22.333094 -1.5869416
0.86672866 -5.9850783 -2.848218
0.80914402 -8.4965315 -2.6679626
1.5668429 -10.819624 -2.4178233
1.2981911 -13.63184 -2.258559
2.3118491 -15.964164 -1.9881191
0.89043796 -19.311438 -1.9026654
3.7298224 -25.755789 -1.1826705
2.1297824 -22.364084 -1.5921261
0.84583139 -5.9880676 -2.8496363
0.78019691 -8.5071163 -2.6709857
1.5279601 -10.817201 -2.4198647
1.2513236 -13.644191 -2.2623024
2.2538841 -15.956384 -1.991612
0.82336164 -19.322386 -1.9078538
3.6365459 -25.744946 -1.1892418
2.0495193 -22.347563 -1.597838
0.8238737 -5.9833512 -2.849592
0.75049758 -8.5097885 -2.673126
1.4891143 -10.814636 -2.4219141
1.2029929 -13.640571 -2.2654066
2.1976311 -15.960214 -1.9953352
0.75544363 -19.313202 -1.9128443
3.4503183 -25.057806 -1.2090181
1.9701004 -22.338697 -1.6035278
0.80247068 -5.9823732 -2.850286
0.71979523 -8.5006304 -2.6739292
1.4518805 -10.823686 -2.4247611
1.1553707 -13.644687 -2.2688518
2.1403201 -15.955965 -1.9989252
0.68773943 -19.307762 -1.9178932
3.3649511 -25.085518 -1.2147001
1.8904294 -22.325575 -1.609249
0.78208196 -5.9889574 -2.8524575
0.69043517 -8.5070009 -2.6765342
1.4125541 -10.816931 -2.4265656
1.1074135 -13.644681 -2.272145
2.0825498 -15.947564 -2.0024517
0.62021017 -19.306065 -1.9230038
3.2716811 -25.053587 -1.2215456
1.814099 -22.351906 -1.6148359
0.76214319 -5.9992933 -2.8553748
0.66104031 -8.5132694 -2.6791501
1.3747883 -10.821795 -2.4291711
1.0576288 -13.620771 -2.2744455
2.0253675 -15.942901 -2.0060644
0.55247527 -19.296169 -1.928036
3.3038943 -26.006964 -1.2099028
1.7360671 -22.358103 -1.6205246
0.74025214 -5.9942713 -2.8553493
0.63131821 -8.5155239 -2.6813252
1.3365189 -10.822605 -2.4315226
1.009195 -13.612509 -2.27742
1.9677521 -15.934084 -2.0096116
0.48511297 -19.297979 -1.9332272
3.2429221 -26.259911 -1.2117205
1.6588932 -22.375952 -1.626199
0.7199114 -5.9928689 -2.855993
0.60279995 -8.5136595 -2.6829469
1.3006234 -10.826979 -2.4340189
0.96376956 -13.611822 -2.2805669
1.9134803 -15.928678 -2.0130527
0.42068303 -19.279573 -1.9379282
3.1539216 -26.254673 -1.2180673
1.5756743 -22.254074 -1.6320263
0.69943386 -5.9991708 -2.8581939
0.57228768 -8.5039711 -2.6837771
1.2632797 -10.835378 -2.4369261
0.91678208 -13.623022 -2.2844112
1.8597088 -15.951058 -2.017252
0.35352758 -19.288889 -1.9432524
3.0608695 -26.25363 -1.2246819
1.4963766 -22.235571 -1.6378187
0.677441 -6.0016942 -2.8597357
0.54136401 -8.5099249 -2.6865389
1.2226707 -10.83208 -2.4391732
0.86608899 -13.614411 -2.2875922
1.8003403 -15.949864 -2.0211914
0.28282753 -19.290056 -1.948759
2.9632812 -26.252777 -1.2316405
1.417653 -22.284674 -1.6437445
0.65774375 -6.0155106 -2.8634365
0.51142108 -8.5078487 -2.6882901
1.1844237 -10.832355 -2.4415655
0.81975234 -13.637156 -2.291986
1.7424942 -15.936286 -2.0247056
0.21544831 -19.286945 -1.9539694
2.8724937 -26.270895 -1.2379534
1.3403369 -22.297445 -1.6495068
0.6369797 -6.0099974 -2.8633609
0.48342717 -8.5134125 -2.6908507
1.1501615 -10.851943 -2.4451871
0.77452475 -13.639797 -2.2953584
1.6887989 -15.934067 -2.0282769
0.1513634 -19.27162 -1.9587709
2.7811537 -26.240595 -1.2447962
1.2684218 -22.337587 -1.6549522
0.61481905 -6.000689 -2.862618
0.45391539 -8.5189667 -2.6935327
1.1110653 -10.844096 -2.4470599
0.72669673 -13.638456 -2.2987473
1.6323572 -15.931952 -2.0320573
0.084021911 -19.2561 -1.9638457
1.1900163 -22.333918 -1.6608009
0.59462726 -6.0104647 -2.8655994
0.42378563 -8.5126638 -2.6948488
1.0728163 -10.843976 -2.4494836
0.67869037 -13.632984 -2.3019719
1.5763423 -15.933595 -2.0359347
0.016811507 -19.264242 -1.9692671
2.5829642 -26.10848 -1.2603506
1.1124451 -22.3459 -1.666646
0.57364374 -6.0125036 -2.8670995
0.39388773 -8.5101728 -2.6966295
1.0338318 -10.835851 -2.4513698
0.62999874 -13.611488 -2.3045001
1.51996 -15.931083 -2.039742
-0.050400231 -19.252237 -1.9744251
2.490299 -26.101448 -1.2671297
1.0324111 -22.305841 -1.6725763
0.55335671 -6.0221405 -2.8700998
0.36434573 -8.5154152 -2.6993382
0.99563813 -10.835456 -2.4538107
0.58231032 -13.609639 -2.3079178
1.4650664 -15.94421 -2.0439062
-0.11775152 -19.275837 -1.9801204
2.3907716 -26.018591 -1.2751555
0.95505083 -22.321257 -1.6784582
0.53304428 -6.0201063 -2.8707912
0.33610621 -8.5165758 -2.7014825
0.95935321 -10.834763 -2.4561241
0.53717691 -13.611495 -2.3113451
1.4118359 -15.945021 -2.0476291
-0.18140766 -19.247465 -1.9848061
2.3090546 -26.078047 -1.2805459
0.88102728 -22.324301 -1.6840793
0.51137406 -6.0142536 -2.8708138
0.30665752 -8.5255375 -2.704674
0.92152673 -10.838045 -2.4588597
0.48980296 -13.617253 -2.315146
1.3558315 -15.945889 -2.0515671
-0.24838758 -19.230783 -1.9899441
2.2227435 -26.141611 -1.2862536
0.80166197 -22.287399 -1.6900321
0.49037716 -6.0160017 -2.8723383
0.27664113 -8.5187149 -2.7060225
0.88336796 -10.837256 -2.4613292
0.44200891 -13.610948 -2.3184199
1.2991921 -15.938632 -2.0553422
-0.31577587 -19.245728 -1.9955845
2.1337473 -26.177048 -1.2924483
0.72528231 -22.333893 -1.695979
0.4696745 -6.0215173 -2.8746195
0.24667712 -8.5117874 -2.7073748
0.84584177 -10.844214 -2.4643648
0.39403662 -13.596542 -2.3213396
1.2435493 -15.943071 -2.0593972
-0.38263547 -19.22858 -2.0007501
2.0383277 -26.132622 -1.2998956
0.64651167 -22.308392 -1.7019582
0.44865245 -6.0231199 -2.8761573
0.21716359 -8.5204382 -2.7105961
0.80827653 -10.851042 -2.4674139
0.34566319 -13.562135 -2.3233495
1.1872988 -15.939383 -2.0632868
-0.45012638 -19.243055 -2.0064356
1.9485769 -26.159475 -1.3062718
0.56894112 -22.32247 -1.7079628
0.42789769 -6.028492 -2.8784537
0.18759263 -8.5289879 -2.7138298
0.77039409 -10.853797 -2.4701958
0.29849446 -13.571193 -2.3273778
1.1310892 -15.935495 -2.0671895
-0.51729506 -19.241367 -2.0118885
1.8597933 -26.201939 -1.3124511
0.49075395 -22.312363 -1.7139785
0.40633291 -6.0222621 -2.8784981
0.15774697 -8.5256681 -2.7156715
0.73250234 -10.856421 -2.4729886
0.25089979 -13.560251 -2.330498
1.0749211 -15.931412 -2.071104
-0.58385259 -19.21954 -2.017029
1.7680509 -26.20429 -1.3192512
0.41286573 -22.31394 -1.7200217
0.38580117 -6.0313325 -2.8815625
0.12798662 -8.5261669 -2.717989
0.69359356 -10.843133 -2.4746625
0.20374404 -13.572947 -2.3347423
1.0187972 -15.927127 -2.075031
-0.65026188 -19.197481 -2.0221763
1.6783553 -26.238176 -1.325624
0.33485538 -22.307272 -1.7260767
0.36474538 -6.0326424 -2.8831263
0.098223738 -8.5265608 -2.7203147
0.65550101 -10.841543 -2.4771903
0.15636399 -13.573574 -2.3384447
0.96319449 -15.930586 -2.0791605
-0.71712136 -19.191113 -2.0276034
1.5879604 -26.26379 -1.3321494
0.25675616 -22.28837 -1.7321311
0.34601229 -6.0376039 -2.8852952
0.071436912 -8.5268278 -2.722415
0.62121272 -10.839603 -2.4794443
0.11372161 -13.573998 -2.3417881
0.91268849 -15.925594 -2.0826988
-0.77740711 -19.188765 -2.0325637
1.5063576 -26.284586 -1.338081
0.18636821 -22.245218 -1.7375426
0.017716071 -3.6251876 -3.0998781
0.32431322 -6.0272355 -2.8845997
0.041671053 -8.5270252 -2.7247565
0.58294529 -10.833812 -2.4817035
0.06633684 -13.574312 -2.3455157
0.85516673 -15.892941 -2.0859845
-0.84263533 -19.146147 -2.0373864
1.4156661 -26.309605 -1.3446767
0.10892784 -22.289583 -1.7437419
0.0050417711 -3.6107268 -3.0952652
0.30327281 -6.0283308 -2.8861792
0.011895731 -8.5192747 -2.7261593
0.54472846 -10.827887 -2.4839694
0.018948907 -13.570494 -2.3490658
0.7994864 -15.891859 -2.0900512
-0.9100281 -19.155025 -2.0431356
1.3220178 -26.278521 -1.3520434
0.031118423 -22.285843 -1.7498746
-0.0082005281 -3.6143463 -3.0977175
0.28117576 -6.0294018 -2.8878443
-0.019329205 -8.5192614 -2.7286332
0.50522262 -10.833758 -2.4872479
-0.030807817 -13.578409 -2.3533895
0.74160475 -15.902627 -2.0946391
-0.97880393 -19.12372 -2.0484588
1.223834 -26.243328 -1.3598155
-0.050500564 -22.2579 -1.7562728
-0.020226724 -3.6215498 -3.1014805
0.26117975 -6.0303016 -2.8893566
-0.047624134 -8.5269947 -2.7318304
0.46878028 -10.823528 -2.4890995
-0.075857967 -13.582199 -2.357162
0.68903708 -15.908973 -2.0987277
-1.0404818 -19.088554 -2.0531538
1.1390449 -26.299067 -1.3657434
-0.12442235 -22.277544 -1.7621984
-0.032834932 -3.6178317 -3.1010828
0.24012904 -6.0311766 -2.8909543
-0.077352226 -8.5228548 -2.7337282
0.43084002 -10.82115 -2.4916775
-0.12312293 -13.565981 -2.3601692
0.63286877 -15.895384 -2.1025383
-1.1068743 -19.080828 -2.0586519
1.0477158 -26.314846 -1.3725635
-0.20182085 -22.237108 -1.7682754
-0.044787131 -3.6140778 -3.1006362
0.22026786 -6.0357885 -2.8932402
-0.10551772 -8.5147066 -2.7350347
0.39495304 -10.822518 -2.494411
-0.16835503 -13.585336 -2.3647439
0.58000869 -15.89342 -2.1064517
-1.1696557 -19.069103 -2.0638087
0.95942724 -26.29026 -1.379549
-0.27526507 -22.212395 -1.774096
-0.057344865 -3.6102748 -3.1002414
0.19894345 -6.028821 -2.8933244
-0.13505231 -8.5025215 -2.7359855
0.35717267 -10.823831 -2.497299
-0.21546096 -13.564829 -2.3675728
0.52465743 -15.899322 -2.110796
-1.2351818 -19.049007 -2.0691018
0.86830842 -26.313389 -1.3863286
-0.3528631 -22.21529 -1.7803373
-0.069946826 -3.6100526 -3.1012571
0.17789756 -6.029479 -2.8949389
-0.16473107 -8.5019989 -2.7383771
0.31915483 -10.81711 -2.4996121
-0.26234889 -13.54019 -2.3702068
0.46868569 -15.885157 -2.1146369
-1.3016684 -19.04458 -2.0747178
0.77492177 -26.26441 -1.3939754
-0.43017566 -22.201962 -1.7865391
-0.083892055 -3.6133819 -3.1037881
0.15474473 -6.0301175 -2.8967218
-0.19746621 -8.5052252 -2.7414985
0.27741501 -10.810353 -2.5022228
-0.3137849 -13.515281 -2.3732221
0.40748361 -15.878888 -2.1191232
-1.3739241 -19.027525 -2.0806754
0.67417032 -26.271179 -1.4016972
-0.514404 -22.156307 -1.7932448
-0.095243581 -3.6131005 -3.1047094
0.13588624 -6.0344248 -2.8989522
-0.2240822 -8.5006418 -2.7431848
0.24345143 -10.811172 -2.5048475
-0.35582525 -13.498363 -2.3758709
0.35777497 -15.888042 -2.1231916
-1.4336951 -19.023115 -2.085758
0.59298003 -26.333008 -1.4074157
-0.58463883 -22.178492 -1.7990026
-0.10763838 -3.6054986 -3.1029119
0.11474861 -6.0310116 -2.8998184
-0.2539869 -8.5076475 -2.746567
0.20593846 -10.823811 -2.5086622
-0.40353197 -13.51687 -2.3807087
0.30216333 -15.881242 -2.1272774
-1.5013403 -19.033875 -2.0917499
0.50075579 -26.318958 -1.4147156
-0.66121787 -22.14842 -1.8051703
-0.12160379 -3.6086817 -3.1054564
0.091414899 -6.0198531 -2.8993149
-0.28665206 -8.5066099 -2.7492361
0.16419649 -10.812666 -2.5110056
-0.45502913 -13.503324 -2.3843443
0.24094 -15.866379 -2.1315892
-1.5737571 -19.020031 -2.0978374
0.39951289 -26.30872 -1.4227071
-0.74531698 -22.117828 -1.8119749
-0.13280688 -3.6046593 -3.1049716
0.072687805 -6.0355167 -2.9038706
-0.3132309 -8.501749 -2.7509415
0.13017862 -10.809175 -2.5133612
-0.49715719 -13.493896 -2.3874171
0.19094875 -15.855127 -2.135154
-1.6324806 -19.003088 -2.1027143
0.3166182 -26.289892 -1.4293675
-0.81465256 -22.111393 -1.8176498
-0.14679417 -3.6077452 -3.1075253
0.049449358 -6.028048 -2.904146
-0.34555402 -8.4926453 -2.7526531
0.088576145 -10.797739 -2.5157166
-0.54864371 -13.483959 -2.3912714
0.12990491 -15.835859 -2.1393721
-1.7032986 -18.972881 -2.108484
0.2156045 -26.282936 -1.4373598
-0.89873779 -22.088184 -1.8245194
-0.15796892 -3.6036444 -3.1070447
0.03053068 -6.0320263 -2.9064074
-0.37274843 -8.5032721 -2.7563186
0.054613136 -10.79006 -2.5177846
-0.58943874 -13.446491 -2.3929234
0.080093384 -15.824259 -2.1429503
-1.7628962 -18.967436 -2.1136348
0.13297144 -26.271513 -1.4439713
-0.96830112 -22.089235 -1.8302705
-0.17037527 -3.5994496 -3.1066689
0.0094693014 -6.0282431 -2.9072967
-0.40242732 -8.5019197 -2.7587759
0.016937049 -10.782279 -2.5201545
-0.63562047 -13.428497 -2.3959854
0.024826156 -15.804556 -2.1467454
-1.826798 -18.937382 -2.118845
0.041274637 -26.275808 -1.4511719
-1.043514 -22.045898 -1.8364041
-0.18275429 -3.5952125 -3.1062942
-0.011572712 -6.0282397 -2.9089632
-0.43210134 -8.5004625 -2.7612412
-0.020714443 -10.790178 -2.5237405
-0.6838997 -13.453937 -2.4013295
-0.030333143 -15.80057 -2.151001
-1.8920963 -18.922962 -2.1244142
-0.050435286 -26.271801 -1.4584728
-1.1196506 -22.026196 -1.842692
-0.19530335 -3.5945528 -3.1073403
-0.032636851 -6.0320148 -2.9114108
-0.46113375 -8.487154 -2.7622409
-0.058359262 -10.786088 -2.5264306
-0.73064524 -13.447505 -2.4050357
-0.085489549 -15.800368 -2.1553848
-1.9552705 -18.888514 -2.1295428
-0.14192863 -26.231564 -1.4661146
-1.1963165 -22.018171 -1.8490734
-0.20784914 -3.5938492 -3.1083894
-0.05365745 -6.0280123 -2.9123139
-0.49075583 -8.4854927 -2.7647183
-0.096008353 -10.785818 -2.5294335
-0.77712184 -13.436951 -2.4085419
-0.14064111 -15.799973 -2.1597838
-2.0203421 -18.873653 -2.1351292
-0.23313533 -26.191008 -1.4737589
-1.2722441 -21.997942 -1.8553865
-0.22146511 -3.6003001 -3.1123378
-0.0757026 -6.0239234 -2.9133053
-0.52161276 -8.479722 -2.7668345
-0.13563929 -10.793298 -2.5332096
-0.82660943 -13.437972 -2.4128852
-0.19840041 -15.787422 -2.1640666
-2.0886276 -18.858204 -2.141017
-0.32877824 -26.162046 -1.4816735
-1.3521281 -21.981192 -1.8620627
-0.23340304 -3.5995457 -3.113343
-0.095617265 -6.0197878 -2.9141316
-0.54973 -8.4779453 -2.769202
-0.1711797 -10.776981 -2.5348568
-0.87039703 -13.423277 -2.4160013
-0.25106865 -15.806559 -2.168864
-2.1525075 -18.863045 -2.1468077
-0.4141396 -26.073038 -1.4893436
-1.4250138 -21.976587 -1.8681993
-0.24634628 -3.5950491 -3.1130335
-0.11767966 -6.0193968 -2.9159098
-0.58026236 -8.4680471 -2.7708347
-0.21090886 -10.788136 -2.5389643
-0.92175883 -13.451668 -2.4218609
-0.30892161 -15.801557 -2.1734133
-2.2178993 -18.823385 -2.1521528
-0.50977474 -26.075335 -1.4970143
-1.5050052 -21.963263 -1.8749384
-0.25763935 -3.5942576 -3.1139905
-0.13650241 -6.0151463 -2.9166586
-0.60686296 -8.4661827 -2.7730889
-0.24497952 -10.795323 -2.5423229
-0.96344692 -13.44079 -2.4250135
-0.35847253 -15.796533 -2.1773067
-2.2755892 -18.804464 -2.1571043
-0.59223449 -26.09754 -1.5034602
-1.5717179 -21.926615 -1.8805201
-0.26991239 -3.5897212 -3.1136312
-0.15749854 -6.0146332 -2.9183619
-0.63641202 -8.4640121 -2.7756009
-0.2824541 -10.786499 -2.5447595
-1.0094661 -13.425473 -2.4283557
-0.41361099 -15.795184 -2.1817801
-2.3417079 -18.80036 -2.1630373
-0.68552256 -26.179077 -1.5102503
-1.6497416 -21.94087 -1.8871973
-0.28335273 -3.5923219 -3.1161802
-0.17977223 -6.0217166 -2.9217217
-0.66681331 -8.4538031 -2.7772481
-0.32151514 -10.769589 -2.5467324
-1.0571064 -13.401905 -2.4314697
-0.4717381 -15.801513 -2.186739
-2.4090788 -18.779799 -2.1688855
-0.78004068 -26.128529 -1.5183902
-1.7267002 -21.890959 -1.8936644
-0.29437229 -3.5805235 -3.1129158
-0.19961178 -6.0172367 -2.9225693
-0.69548547 -8.459363 -2.7806473
-0.35670164 -10.752664 -2.5483997
-1.1012166 -13.394371 -2.4350543
-0.52334285 -15.776012 -2.1902745
-2.4713402 -18.771706 -2.1744568
-0.86734122 -26.145739 -1.5253359
-1.7992817 -21.885111 -1.8998754
-0.30718338 -3.5758088 -3.1126134
-0.2216648 -6.0164647 -2.9243767
-0.7258147 -8.4489422 -2.7823055
-0.39640093 -10.759183 -2.5522573
-1.1509815 -13.398153 -2.4397058
-0.58057582 -15.75809 -2.1945128
-2.5411942 -18.770416 -2.1808343
-0.96287084 -26.134409 -1.5332403
-1.8777769 -21.858511 -1.9065708
-0.3209551 -3.5891578 -3.1194086
-0.24250975 -6.0118055 -2.925318
-0.75530291 -8.4463568 -2.7848454
-0.43427396 -10.765632 -2.5559754
-1.1966829 -13.382196 -2.4430737
-0.63589936 -15.763916 -2.1992896
-2.6034119 -18.737761 -2.1861169
-1.0528052 -26.098993 -1.5409348
-1.9519361 -21.827997 -1.9129072
-0.33381721 -3.5916255 -3.1219223
-0.26349351 -6.0109224 -2.9270499
-0.78441864 -8.4397621 -2.7868888
-0.47115827 -10.748257 -2.5578129
-1.2448574 -13.393742 -2.4479947
-0.6909222 -15.761601 -2.2038302
-2.6671178 -18.71673 -2.1917121
-1.143028 -26.075228 -1.5485667
-2.0295944 -21.836931 -1.9196516
-0.34600428 -3.5868297 -3.1215768
-0.28465629 -6.013814 -2.929575
-0.81349784 -8.4330702 -2.7889371
-0.50848734 -10.742598 -2.5606022
-1.2916031 -13.389315 -2.4520471
-0.74612486 -15.763065 -2.2085142
-2.7330112 -18.711248 -2.1977363
-1.2329097 -26.047163 -1.5562329
-2.1058078 -21.829714 -1.9262587
-0.35780087 -3.5783858 -3.1197987
-0.30545056 -6.0089364 -2.9305298
-0.84253877 -8.4262762 -2.7909906
-0.54598188 -10.740757 -2.5637174
-1.3418846 -13.42026 -2.4581239
-0.80033457 -15.744477 -2.2125657
-2.7988968 -18.705532 -2.2037785
-1.3242264 -26.050671 -1.5637448
-2.1784229 -21.786526 -1.9325001
-0.36929277 -3.5735734 -3.1193993
-0.32537547 -6.0078907 -2.9321904
-0.86926752 -8.4117308 -2.7919059
-0.58202446 -10.746781 -2.5673242
-1.3871968 -13.42363 -2.4624557
-0.85189617 -15.729823 -2.2165244
-2.8603096 -18.692211 -2.2093248
-1.407802 -25.994337 -1.5711972
-2.2486098 -21.759354 -1.9385831
-0.38253513 -3.5794721 -3.1233618
-0.34612334 -6.0028729 -2.9331527
-0.89779109 -8.4008446 -2.7934577
-0.61930686 -10.740739 -2.5701404
-1.4357324 -13.434488 -2.4674597
-0.90748537 -15.738666 -2.2215114
-2.9255402 -18.682114 -2.2152903
-1.4950857 -25.929514 -1.5790575
-2.3207378 -21.715694 -1.9448234
-0.39462981 -3.5745113 -3.1230221
-0.36778086 -6.0131626 -2.9372878
-0.92754084 -8.4015579 -2.7965419
-0.65679562 -10.738511 -2.5732856
-1.4843608 -13.445169 -2.4724851
-0.96241856 -15.735401 -2.2261202
-2.9901061 -18.667854 -2.2211609
-1.5846139 -25.908203 -1.5867189
-2.4004638 -21.743126 -1.9518939
-0.40669405 -3.5695105 -3.122683
-0.38827077 -6.0041542 -2.9374671
-0.95730537 -8.4021673 -2.7996352
-0.69453013 -10.740097 -2.5767632
-1.5321814 -13.447792 -2.4770746
-1.0168248 -15.724009 -2.2304742
-3.0571799 -18.669094 -2.2274897
-1.6765836 -25.926407 -1.5942347
-2.4713805 -21.691042 -1.9580545
-0.41957456 -3.5716693 -3.1252227
-0.40922695 -6.0027618 -2.9392369
-0.98571342 -8.3909817 -2.8012016
-0.73362905 -10.761267 -2.5818725
-1.579114 -13.442362 -2.4812214
-1.0703536 -15.700524 -2.234431
-3.1216719 -18.654381 -2.2333906
-1.7643601 -25.880587 -1.6020243
-2.5466168 -21.678324 -1.9646944
-0.431604 -3.5665841 -3.1248875
-0.42990279 -5.9974551 -2.9402163
-1.0140553 -8.3797026 -2.8027704
-0.77090615 -10.754699 -2.5847297
-1.6288874 -13.460402 -2.4867649
-1.1240152 -15.680826 -2.2385271
-3.1840851 -18.627668 -2.2389615
-1.851552 -25.83049 -1.6098273
-2.6208363 -21.657427 -1.9712504
-0.44432348 -3.5723283 -3.1288207
-0.45007631 -5.9998374 -2.9427035
-1.0432895 -8.3879719 -2.8067842
-0.80597347 -10.7442 -2.5871084
-1.674983 -13.466741 -2.4914284
-1.1763047 -15.680979 -2.2430842
-3.2472055 -18.624855 -2.2449265
-1.936898 -25.820229 -1.6171197
-2.6901786 -21.628839 -1.9773785
-0.45787486 -3.5742717 -3.1314304
-0.47206464 -5.998148 -2.9445786
-1.0730304 -8.3763103 -2.8084939
-0.84472889 -10.733294 -2.5898116
-1.7253401 -13.468383 -2.4962964
-1.2347088 -15.688456 -2.2484026
-3.3105614 -18.585381 -2.2504673
-2.030272 -25.797043 -1.6252341
-2.7699437 -21.622787 -1.9844999
-0.46877968 -3.5655448 -3.1296043
-0.49195218 -5.9965491 -2.9462802
-1.0997781 -8.3649273 -2.8099444
-0.88031632 -10.730433 -2.5928564
-1.7705095 -13.46652 -2.500526
-1.2883514 -15.704093 -2.2535541
-3.3700383 -18.562542 -2.2558706
-2.1161315 -25.794146 -1.632542
-2.843709 -21.629292 -1.9911283
-0.48025277 -3.5567019 -3.1278322
-0.51320952 -5.9986334 -2.9488769
-1.1300203 -8.3688126 -2.8136008
-0.91810429 -10.731233 -2.5964005
-1.8185679 -13.468124 -2.5052149
-1.3421444 -15.687613 -2.2578342
-3.4348135 -18.550667 -2.2619407
-2.2054772 -25.77865 -1.6402864
-2.9181256 -21.611334 -1.9977927
-0.49316278 -3.5585947 -3.1303952
-0.53414571 -5.9968052 -2.9506798
-1.1586878 -8.3609314 -2.8157108
-0.955558 -10.727962 -2.5996256
-1.8644803 -13.453833 -2.5089726
-1.3951325 -15.663026 -2.2618356
-3.5039799 -18.562048 -2.2687476
-2.2926166 -25.738998 -1.6480951
-2.9957352 -21.616812 -2.004807
-0.50609142 -3.5604405 -3.1329632
-0.55436438 -5.9872336 -2.9508822
-1.1862092 -8.3451862 -2.8167837
-0.99372762 -10.732433 -2.603524
-1.9114304 -13.447242 -2.5132127
-1.4508967 -15.669941 -2.2669892
-3.5679979 -18.545792 -2.2747331
-2.380239 -25.707001 -1.655894
-3.0678055 -21.582541 -2.0112755
-0.51799405 -3.5550649 -3.1326411
-0.57489198 -5.9814277 -2.9518893
-1.2125046 -8.3215876 -2.8168125
-1.0296724 -10.713162 -2.6054368
-1.9612194 -13.46012 -2.518661
-1.505967 -15.668739 -2.2718737
-3.626585 -18.501957 -2.2798698
-2.4688141 -25.686621 -1.6636854
-3.140825 -21.555918 -2.0178645
-0.53040045 -3.5532351 -3.1337686
-0.59614968 -5.9832172 -2.9545093
-1.2415452 -8.3173046 -2.8194513
-1.0658867 -10.697702 -2.6076844
-2.007021 -13.445344 -2.5224483
-1.5590754 -15.647558 -2.2760434
-3.6927071 -18.496996 -2.2862425
-2.554111 -25.634169 -1.6715248
-3.2148738 -21.536938 -2.0245807
-0.5438959 -3.5585291 -3.1377988
-0.61703157 -5.9810996 -2.9563308
-1.2711635 -8.3167982 -2.8226216
-1.1040338 -10.70178 -2.6116123
-2.053942 -13.438256 -2.5267253
-1.6136864 -15.642019 -2.2808068
-3.7572515 -18.483992 -2.2923839
-2.6427574 -25.617159 -1.6793339
-3.2900326 -21.525585 -2.0314319
-0.55575365 -3.5530276 -3.1374831
-0.63627058 -5.9635892 -2.9549277
-1.3026106 -8.3278112 -2.8273778
-1.1426402 -10.709653 -2.6158907
-2.0989969 -13.419244 -2.5302837
-1.6670103 -15.624429 -2.2851374
-3.820941 -18.466866 -2.2984121
-2.7283494 -25.572069 -1.6871715
-3.3620687 -21.494276 -2.0379887
-0.5663417 -3.547684 -3.1370544
-0.65542346 -5.9653897 -2.9573803
-1.3256754 -8.3043108 -2.827143
-1.1767119 -10.709938 -2.6191812
-2.1411448 -13.412583 -2.5341489
-1.7143507 -15.603302 -2.288846
-3.8772998 -18.446976 -2.3037069
-2.8056231 -25.535604 -1.6942255
-3.4276936 -21.471798 -2.0439894
-0.57930565 -3.5492635 -3.1396463
-0.67624205 -5.9630651 -2.959213
-1.3552861 -8.3035049 -2.8303363
-1.2131978 -10.697911 -2.6217935
-2.1885886 -13.408945 -2.5386994
-1.7688048 -15.597222 -2.2936399
-3.9424996 -18.437223 -2.3100142
-2.8920419 -25.501867 -1.7020668
-3.5026217 -21.459703 -2.0508809
-0.59169185 -3.5472198 -3.140789
-0.69750124 -5.9644938 -2.9618618
-1.3855542 -8.3064604 -2.8340681
-1.2523711 -10.709313 -2.6264522
-2.2347302 -13.397309 -2.5427697
-1.8218551 -15.579103 -2.2979906
-4.0068364 -18.423349 -2.3162079
-2.9801195 -25.483688 -1.7099235
-3.5761998 -21.43948 -2.0576582
-0.60285223 -3.5379853 -3.1390233
-0.71877712 -5.9658475 -2.9645176
-1.4158578 -8.3093061 -2.8378115
-1.291636 -10.720573 -2.6311297
-2.2794812 -13.377691 -2.5463519
-1.8781264 -15.588442 -2.303421
-4.0745597 -18.424809 -2.3229427
-3.0685763 -25.469172 -1.7177992
-3.6510136 -21.426865 -2.0645819
-0.61519891 -3.5358596 -3.1401694
-0.73817605 -5.9518342 -2.9639287
-1.4441826 -8.3004484 -2.8399713
-1.3271055 -10.70031 -2.6330836
-2.3268464 -13.373563 -2.550935
-1.9364469 -15.613364 -2.3094928
-4.1327381 -18.383272 -2.3282368
-3.1550097 -25.438505 -1.7256774
-3.7257881 -21.41399 -2.0715232
-0.62943888 -3.5443983 -3.1456923
-0.75943416 -5.953042 -2.9665949
-1.473147 -8.2953568 -2.8426683
-1.365948 -10.707375 -2.637445
-2.374207 -13.369266 -2.555531
-1.9904312 -15.602565 -2.3141949
-4.1968803 -18.368734 -2.3344676
-3.2392404 -25.391714 -1.7335422
-3.7984211 -21.389078 -2.0782716
-0.64051431 -3.5350454 -3.143929
-0.780209 -5.9503551 -2.9684529
-1.5013943 -8.2863054 -2.8448377
-1.4022868 -10.694703 -2.6400962
-2.4194438 -13.353088 -2.5593843
-2.0433297 -15.583693 -2.3185935
-4.2546673 -18.326817 -2.3397613
-3.3226643 -25.340687 -1.7413993
-3.8716359 -21.367844 -2.0851002
-0.65219182 -3.5292232 -3.1436245
-0.80097574 -5.9475956 -2.9703162
-1.5317366 -8.2887287 -2.8486178
-1.4401387 -10.693661 -2.6437912
-2.4646001 -13.336758 -2.5632434
-2.0940013 -15.548876 -2.3223648
-4.3204446 -18.319605 -2.3462849
-3.4111032 -25.328936 -1.7493336
-3.9375098 -21.307156 -2.0912175
-0.66316432 -3.5197999 -3.1418588
-0.82225865 -5.9485779 -2.973002
-1.5599332 -8.2794752 -2.8507988
-1.4758332 -10.676822 -2.646107
-2.5118725 -13.331973 -2.5678711
-2.1488073 -15.54541 -2.3274078
-4.3871469 -18.316031 -2.3529654
-3.4956701 -25.289204 -1.7572238
-4.0081692 -21.273691 -2.097836
-0.67749774 -3.5281441 -3.1474044
-0.84193689 -5.9380445 -2.9732378
-1.5888247 -8.2739792 -2.8535221
-1.5142034 -10.679432 -2.6501687
-2.5568984 -13.315329 -2.5717447
-2.2058499 -15.557503 -2.3331094
-4.4491735 -18.292866 -2.3589685
-3.5822451 -25.264996 -1.7651601
-4.0854115 -21.27523 -2.1051331
-0.6897279 -3.5220799 -3.1471629
-0.86480474 -5.9425421 -2.9768493
-1.6198938 -8.2719517 -2.8569276
-1.5533357 -10.673811 -2.6537127
-2.6033967 -13.294187 -2.5755861
-2.2657201 -15.56899 -2.339083
-4.5171461 -18.280302 -2.3657181
-3.6708002 -25.224056 -1.7734618
-4.1610637 -21.248377 -2.1122742
-0.70282036 -3.5268836 -3.1512001
-0.88450563 -5.9396415 -2.9786391
-1.6473149 -8.2665339 -2.8595283
-1.586393 -10.652964 -2.6555219
-2.6451399 -13.273806 -2.5789907
-2.3167493 -15.557459 -2.3436089
-4.5767708 -18.26136 -2.3715682
-3.7544236 -25.211746 -1.7810589
-4.2252679 -21.203184 -2.1183341
-0.71440637 -3.5208561 -3.1509044
-0.90581429 -5.9403262 -2.9813507
-1.6738206 -8.2492008 -2.8606465
-1.6259527 -10.662991 -2.6603203
-2.6906693 -13.260603 -2.5831366
-2.3710411 -15.549277 -2.348556
-4.6434326 -18.256851 -2.3783195
-3.8375945 -25.166929 -1.7889622
-4.2960839 -21.172676 -2.125056
-0.72657239 -3.5146639 -3.1506679
-0.92758071 -5.9369664 -2.9833405
-1.7032506 -8.2391701 -2.8629873
-1.6638036 -10.649149 -2.6631842
-2.7400575 -13.254538 -2.5880332
-2.4255607 -15.524765 -2.3531013
-4.7113128 -18.243567 -2.385119
-3.9328904 -25.172405 -1.7974706
-4.3720436 -21.148979 -2.1322973
-0.73835564 -3.5159116 -3.1531925
-0.94501489 -5.9264154 -2.9834001
-1.7299325 -8.2376156 -2.8660076
-1.698496 -10.651676 -2.6669612
-2.7841313 -13.257513 -2.5928032
-2.4699383 -15.489576 -2.3564036
-4.7665882 -18.220968 -2.3905425
-4.0125823 -25.163866 -1.8047367
-4.4368258 -21.127337 -2.1384907
-0.75062364 -3.5133131 -3.1543698
-0.9656955 -5.9230804 -2.985302
-1.7603148 -8.2391987 -2.8698571
-1.7356657 -10.645682 -2.6703794
-2.8270743 -13.232193 -2.5961888
-2.5220704 -15.469085 -2.3608699
-4.8322034 -18.21192 -2.3971989
-4.0978251 -25.133955 -1.8127401
-4.5030479 -21.076632 -2.1448212
-0.76211351 -3.507129 -3.1540792
-0.98699898 -5.9234724 -2.9880362
-1.7907313 -8.2406702 -2.8737183
-1.7715179 -10.631762 -2.6730914
-2.8724053 -13.218367 -2.6003685
-2.5780158 -15.471956 -2.366358
-4.9019566 -18.218014 -2.4044707
-4.184226 -25.111626 -1.8207924
-4.5833673 -21.091949 -2.1525724
-0.77591509 -3.5115268 -3.1582048
-1.0076692 -5.9199915 -2.9899487
-1.8194851 -8.2343683 -2.8764944
-1.8079547 -10.621616 -2.6761651
-2.9185274 -13.20826 -2.6048214
-2.6326733 -15.466784 -2.3715246
-4.9665666 -18.204636 -2.4110186
-4.2711849 -25.092934 -1.8288802
-4.6543822 -21.064146 -2.1594217
-0.78578395 -3.4981859 -3.1549714
-1.0289869 -5.9202328 -2.9926963
-1.847357 -8.2241411 -2.8787272
-1.8470497 -10.626923 -2.6806858
-2.9628744 -13.190248 -2.6087496
-2.6852829 -15.449661 -2.3761897
-5.034327 -18.202541 -2.4180377
-4.3539643 -25.05035 -1.8368548
-4.7305002 -21.059439 -2.1667988
-0.79960436 -3.5024903 -3.159106
-1.0489739 -5.9128118 -2.9937885
-1.8778005 -8.2252893 -2.882616
-1.8862059 -10.632085 -2.6852226
-3.0097842 -13.183695 -2.6134887
-2.7385032 -15.436278 -2.381036
-5.0967622 -18.181023 -2.4243145
-4.4385953 -25.019285 -1.844901
-4.8057604 -21.050571 -2.1741118
-0.81182516 -3.4996777 -3.1602964
-1.0682346 -5.9015341 -2.9940503
-1.9064999 -8.2186852 -2.8854117
-1.9226024 -10.621548 -2.6883245
-3.0539911 -13.165378 -2.6174297
-2.7909513 -15.418799 -2.3857169
-5.1601934 -18.163122 -2.4307551
-4.5294533 -25.023272 -1.8531755
-4.8792095 -21.033669 -2.181267
-0.82320493 -3.4932942 -3.1600127
-1.0888286 -5.8977699 -2.9959793
-1.9360768 -8.2157984 -2.8887672
-1.9546444 -10.587565 -2.6892488
-3.0990186 -13.150775 -2.6216469
-2.8425906 -15.397231 -2.3902292
-5.2257671 -18.152653 -2.4375207
-4.6117029 -24.979839 -1.8611754
-4.9516873 -21.012629 -2.1883476
-0.83539391 -3.4903994 -3.1612072
-1.1115466 -5.9052896 -3.0004177
-1.9629176 -8.2013607 -2.8904672
-1.9901279 -10.572909 -2.6919897
-3.1467516 -13.147594 -2.626689
-2.8970556 -15.391124 -2.3954544
-5.2891002 -18.1343 -2.4439895
-5.0250053 -20.995216 -2.1955328
-0.84646738 -3.480269 -3.1595054
-1.1317297 -5.89361 -3.0007844
-1.9948171 -8.2017336 -2.8945329
-2.0281196 -10.561661 -2.6952741
-3.1949177 -13.135972 -2.6314237
-2.9504457 -15.364779 -2.4000552
-5.356658 -18.118614 -2.4509537
-4.7662535 -24.820803 -1.8770802
-5.1056895 -20.992151 -2.2034667
-0.85974121 -3.4844823 -3.163604
-1.1483126 -5.8747029 -2.9992816
-2.0220056 -8.1950731 -2.8972135
-2.0623755 -10.550999 -2.6982162
-3.2394135 -13.129159 -2.6359923
-3.0013833 -15.35491 -2.4048707
-5.4167151 -18.100752 -2.4571242
-4.8730354 -24.930178 -1.8858038
-5.1666827 -20.940271 -2.2094765
-0.87189871 -3.4814599 -3.1648061
-1.1695638 -5.8744373 -3.002064
-2.0467868 -8.1727457 -2.8978059
-2.0991919 -10.543736 -2.7017069
-3.2842577 -13.113921 -2.640245
-3.0565155 -15.352141 -2.4103127
-5.4833288 -18.093166 -2.4641156
-4.9584684 -24.905191 -1.8939902
-5.2426496 -20.933708 -2.2169883
-0.88493896 -3.4819088 -3.1674936
-1.1900623 -5.8703184 -3.0040135
-2.0762691 -8.1693535 -2.9011941
-2.1399105 -10.555713 -2.7070577
-3.3261044 -13.086995 -2.643671
-3.1085057 -15.333583 -2.4150429
-5.5499578 -18.085337 -2.4711275
-5.0485449 -24.903374 -1.9023836
-5.3215818 -20.938465 -2.2248154
-0.89738488 -3.4824655 -3.1701257
-1.2095221 -5.8663402 -3.0058696
-2.1023686 -8.1586246 -2.903326
-2.1764982 -10.5563 -2.7111385
-3.3605719 -13.041311 -2.6454728
-3.1561234 -15.307611 -2.419157
-5.6098986 -18.066835 -2.4773395
-5.1302919 -24.882586 -1.9102243
-5.3919806 -20.924562 -2.2318168
-0.90678543 -3.4687896 -3.1668816
-1.2315749 -5.8696213 -3.0095127
-2.130836 -8.1512356 -2.9061656
-2.2117116 -10.540901 -2.7139168
-3.411094 -13.048696 -2.6514144
-3.2095401 -15.296499 -2.4242671
-5.680099 -18.069937 -2.4848838
-5.214663 -24.85281 -1.918427
-5.4579334 -20.878614 -2.2384002
-0.92074615 -3.4726117 -3.1710656
-1.2520558 -5.8652868 -3.0114779
-2.1632965 -8.1589136 -2.9112661
-2.2451913 -10.517655 -2.7159493
-3.459671 -13.048216 -2.6568143
-3.2720466 -15.327985 -2.4314361
-5.7443461 -18.053799 -2.4916215
-5.3022141 -24.838356 -1.9267839
-5.5215826 -20.824755 -2.244777
-0.93380326 -3.4728773 -3.173769
-1.2717038 -5.8571162 -3.0126028
-2.1866703 -8.1323738 -2.9112964
-2.2844059 -10.521342 -2.7206078
-3.5000441 -13.0169 -2.6599662
-3.3272173 -15.324243 -2.4369583
-5.8109908 -18.045008 -2.4987109
-5.3914218 -24.831396 -1.9352368
-5.6035557 -20.840002 -2.2529902
-0.9440136 -3.4626017 -3.1720104
-1.2929726 -5.8564029 -3.0154219
-2.2160769 -8.1284752 -2.9147184
-2.3168592 -10.494006 -2.7222679
-3.5475497 -13.01226 -2.6651061
-3.3832631 -15.324187 -2.4426861
-5.8727126 -18.020826 -2.505142
-5.4737692 -24.792946 -1.9434078
-5.67627 -20.820316 -2.2603076
-0.95705992 -3.4627793 -3.17472
-1.3125633 -5.8480959 -3.0165529
-2.247571 -8.1320324 -2.9192841
-2.3534751 -10.485855 -2.7258132
-3.5929477 -12.999798 -2.669688
-3.4384744 -15.320045 -2.4482431
-5.9280963 -17.977524 -2.5107265
-5.5532861 -24.74254 -1.9514645
-5.7510338 -20.808062 -2.2678499
-0.96718568 -3.452436 -3.17296
-1.3355389 -5.8547444 -3.0210807
-2.2759438 -8.1241379 -2.9221563
-2.3891845 -10.473723 -2.7289867
-3.6415153 -12.99864 -2.6751411
-3.4883928 -15.292439 -2.4526691
-6.0122418 -18.020948 -2.5202715
-5.5952487 -24.528488 -1.9577875
-5.8236332 -20.787861 -2.2751989
-0.97824097 -3.4455514 -3.1726902
-1.3550981 -5.8462944 -3.0222206
-2.3021462 -8.1085978 -2.9238932
-2.4248378 -10.461469 -2.7321658
-3.6879508 -12.989666 -2.6800342
-3.5381603 -15.264671 -2.4570959
-6.0776577 -18.007397 -2.5272686
-5.7069645 -24.621534 -1.9673578
-5.8983388 -20.775074 -2.2827783
-0.99166501 -3.4492567 -3.176841
-1.3753601 -5.8455176 -3.0249648
-2.3279388 -8.0971479 -2.9260578
-2.4577062 -10.445676 -2.7347896
-3.7310064 -12.977365 -2.684418
-3.5905828 -15.260597 -2.4624267
-6.1399112 -17.994682 -2.5339489
-5.8150854 -24.715118 -1.9766008
-5.9671998 -20.7554 -2.2897897
-1.0043005 -3.4455988 -3.1781311
-1.3967757 -5.8404374 -3.0270631
-2.3586986 -8.0923281 -2.9296601
-2.4968941 -10.440441 -2.7389224
-3.7741044 -12.948365 -2.6881073
-3.6464915 -15.247334 -2.4679046
-6.213624 -17.994646 -2.5420198
-5.9084158 -24.705278 -1.9856081
-6.0443478 -20.737217 -2.2976646
-1.0183747 -3.4490259 -3.1823554
-1.4144268 -5.8242974 -3.0265043
-2.3858202 -8.0802832 -2.9319773
-2.5333221 -10.431662 -2.7425025
-3.811413 -12.908474 -2.6906855
-3.6987529 -15.230649 -2.4729362
-6.2685189 -17.950285 -2.5476496
-5.9983826 -24.700016 -1.9942657
-6.1133089 -20.704523 -2.3047388
-1.0272917 -3.43503 -3.1790984
-1.4365931 -5.8268046 -3.0302176
-2.4185066 -8.086937 -2.9371767
-2.5716126 -10.43043 -2.7468622
-3.8530383 -12.883685 -2.6944296
-3.7547517 -15.229229 -2.4787683
-6.3298135 -17.92454 -2.5541708
-6.0826554 -24.671179 -2.002665
-6.180975 -20.667776 -2.3117054
-1.0392761 -3.4314234 -3.1803329
-1.4550537 -5.814281 -3.0305147
-2.4478581 -8.0822001 -2.9406607
-2.6099253 -10.429058 -2.7512348
-3.9060397 -12.896741 -2.7011285
-3.8059583 -15.208313 -2.4836233
-6.3869867 -17.887333 -2.5601578
-6.1658311 -24.638182 -2.0110278
-6.2588611 -20.665155 -2.3197081
-1.0538365 -3.4383564 -3.1860085
-1.4752742 -5.8131576 -3.0332832
-2.4723475 -8.0665369 -2.9422715
-2.6454675 -10.424177 -2.7550509
-3.9522736 -12.895098 -2.7064354
-3.854414 -15.1879 -2.4882202
-6.442214 -17.854815 -2.5659912
-6.2406306 -24.590527 -2.0187721
-6.3355331 -20.670969 -2.3275979
-1.0658319 -3.4346569 -3.1872513
-1.4945958 -5.8042421 -3.0344412
-2.5016515 -8.0616045 -2.9457674
-2.6778951 -10.39957 -2.757108
-4.0031404 -12.900171 -2.7125871
-3.9083962 -15.178204 -2.4936917
-6.4894853 -17.791061 -2.570694
-6.3323975 -24.59178 -2.0276144
-6.4100108 -20.656342 -2.3353052
-1.0789012 -3.4343741 -3.1899991
-1.515821 -5.8027167 -3.0373211
-2.5321279 -8.0603065 -2.9498525
-2.7141805 -10.390159 -2.7607267
-4.0469575 -12.882335 -2.7169645
-3.9593446 -15.156774 -2.4985664
-6.5570602 -17.783249 -2.5781512
-6.4020648 -24.507755 -2.0353212
-6.4677377 -20.588198 -2.3413675
-1.0875872 -3.420223 -3.1867363
-1.5350808 -5.7936668 -3.0384848
-2.5602481 -8.0514183 -2.9527833
-2.7494204 -10.3768 -2.7639604
-4.0882931 -12.856785 -2.720746
-4.010191 -15.135172 -2.5034471
-6.6218772 -17.767715 -2.5852578
-6.4804206 -24.458256 -2.043493
-6.5299006 -20.535103 -2.3478916
-1.0984083 -3.4129548 -3.1864784
-1.5552944 -5.7882729 -3.0405128
-2.5883365 -8.0424328 -2.9557192
-2.7887013 -10.378591 -2.768774
-4.1294985 -12.831104 -2.7245278
-4.0660925 -15.132603 -2.5093627
-6.6824522 -17.740765 -2.5918174
-6.5843916 -24.50485 -2.0530593
-6.6149745 -20.55393 -2.3567178
-1.1125607 -3.4159939 -3.1907394
-1.5724524 -5.7716594 -3.0399523
-2.6151803 -8.0296202 -2.9580753
-2.8238738 -10.36498 -2.7720225
-4.1742635 -12.816611 -2.7292206
-4.1199365 -15.122155 -2.5148826
-6.7485895 -17.728497 -2.5991418
-6.6803799 -24.520218 -2.0622342
-6.6990285 -20.568623 -2.3654652
-1.1267473 -3.4189756 -3.1950078
-1.5915643 -5.7624221 -3.0411191
-2.6419652 -8.016717 -2.960434
-2.8579328 -10.34744 -2.7748787
-4.2251859 -12.820807 -2.7354462
-4.1779919 -15.126849 -2.5212502
-6.8132935 -17.712267 -2.6062946
-6.7691183 -24.508289 -2.0710433
-6.7895026 -20.60191 -2.374876
-1.1375284 -3.4115825 -3.1947565
-1.6116693 -5.7568312 -3.043154
-2.6699331 -8.0074453 -2.963383
-2.8951008 -10.341208 -2.7789307
-4.2761898 -12.8248 -2.7416945
-4.2329135 -15.119832 -2.5270119
-6.877965 -17.695801 -2.6134636
-6.8632331 -24.515249 -2.0801773
-6.8601155 -20.574299 -2.382329
-1.1471128 -3.4007211 -3.1929948
-1.6349093 -5.7622876 -3.047797
-2.699122 -8.0017939 -2.9669263
-2.9301023 -10.327235 -2.7821941
-4.3196626 -12.806036 -2.7461183
-4.2845812 -15.101139 -2.5321558
-6.8712716 -17.49745 -2.6111679
-6.9433212 -24.471949 -2.0885537
-6.9191499 -20.512453 -2.3886471
-1.1601468 -3.4001269 -3.1957645
-1.6528841 -5.7491422 -3.048105
-2.727036 -7.9923234 -2.969887
-2.9661322 -10.316945 -2.7858624
-4.3604922 -12.779613 -2.749929
-4.3405628 -15.097557 -2.5381579
-6.9646177 -17.554802 -2.6221976
-6.9934182 -24.324848 -2.0952415
-6.9907074 -20.488176 -2.3962364
-1.1720086 -3.3960564 -3.1970263
-1.6740196 -5.7470345 -3.051024
-2.7549181 -7.9827552 -2.9728527
-3.0032325 -10.310323 -2.7899399
-4.4037809 -12.760563 -2.7543604
-4.3921247 -15.078493 -2.5433223
-7.045114 -17.578444 -2.6315331
-7.0637784 -24.250483 -2.1030753
-7.0699859 -20.486259 -2.4046192
-1.1814666 -3.3850994 -3.195262
-1.6951605 -5.7448516 -3.0539494
-2.7827663 -7.9730906 -2.9758234
-3.0358481 -10.288404 -2.7924137
-4.4482965 -12.745113 -2.7591093
-4.4458575 -15.066886 -2.5489254
-7.0989585 -17.535284 -2.637356
-7.1958156 -24.386417 -2.1144857
-7.1375117 -20.450165 -2.4118488
-1.194506 -3.3882091 -3.1994293
-1.7132 -5.7394977 -3.0558019
-2.8091044 -7.9680076 -2.9790962
-3.0681548 -10.278816 -2.7957315
-4.4869952 -12.727335 -2.7630768
-4.4999938 -15.075709 -2.555084
-7.1540117 -17.512897 -2.6434886
-7.2723918 -24.363691 -2.1223497
-7.175211 -20.352442 -2.416064
-1.2032627 -3.3735645 -3.1962111
-1.7331094 -5.7294927 -3.0570924
-2.8382897 -7.9576578 -2.9822271
-3.1046634 -10.263718 -2.7992034
-4.5362787 -12.718278 -2.768707
-4.5529165 -15.051502 -2.5603354
-7.2105536 -17.468153 -2.6496511
-7.303875 -24.145906 -2.1281383
-7.2082396 -20.209602 -2.4199023
-1.2181309 -3.3797872 -3.201967
-1.7509722 -5.7200313 -3.0581782
-2.8673232 -7.9555831 -2.9862597
-3.1398392 -10.257146 -2.8031244
-4.5703573 -12.680766 -2.7713461
-4.6016397 -15.032518 -2.5652688
-7.2638459 -17.433115 -2.6555307
-7.3874092 -24.132999 -2.1366129
-7.2306099 -20.061817 -2.4226372
-1.2305104 -3.3752997 -3.2033029
-1.7742075 -5.720933 -3.0621033
-2.8924322 -7.9339643 -2.9876068
-3.1785836 -10.249344 -2.8074255
-4.6154451 -12.660202 -2.7760401
-4.6578846 -15.01935 -2.5711942
-7.3307843 -17.413717 -2.6631114
-7.4899955 -24.151493 -2.1466208
-7.3218436 -20.083874 -2.4323463
-1.2422845 -3.3709843 -3.204577
-1.7918583 -5.7073555 -3.0624199
-2.9228213 -7.9311814 -2.9918027
-3.211972 -10.230644 -2.8103206
-4.6596079 -12.644015 -2.7808192
-4.7102818 -15.003001 -2.5766382
-7.3884063 -17.380692 -2.6695466
-7.5348091 -23.999571 -2.1529927
-7.3009171 -19.811304 -2.4307945
-1.2534565 -3.3668458 -3.2057896
-1.8107752 -5.7013817 -3.0643911
-2.9477375 -7.917768 -2.9940534
-3.2446847 -10.216169 -2.8134425
-4.7042809 -12.635931 -2.7860074
-4.7527852 -14.964554 -2.5804787
-7.4428625 -17.348776 -2.675643
-7.6022758 -23.93642 -2.1605463
-1.2652019 -3.3624499 -3.2070677
-1.8306665 -5.6950259 -3.0664697
-2.978122 -7.914773 -2.998266
-3.2779086 -10.197255 -2.8163416
-4.7525544 -12.630573 -2.7917697
-4.8086462 -14.959231 -2.5866091
-7.5017953 -17.319035 -2.6822937
-7.6943345 -23.936329 -2.1697972
-7.5563469 -20.082041 -2.4575715
-1.2749387 -3.3510134 -3.2053635
-1.8515267 -5.6882782 -3.068656
-3.0057154 -7.9001384 -3.0008256
-3.3140366 -10.181415 -2.8198423
-4.7861152 -12.579692 -2.7939112
-4.8720565 -14.967978 -2.5939367
-7.5588346 -17.276827 -2.6886659
-7.76472 -23.854847 -2.1779175
-7.597291 -19.968508 -2.4623194
-1.2854601 -3.3469918 -3.2065151
-1.8693882 -5.6824331 -3.0705333
-3.03052 -7.8906569 -3.0035408
-3.3460069 -10.170953 -2.8232026
-4.8256125 -12.564594 -2.7982347
-4.9165707 -14.945042 -2.5984216
-7.6162906 -17.260283 -2.6952696
-7.9044676 -24.027437 -2.189826
-7.6471229 -19.911047 -2.4678869
-1.2996145 -3.3454108 -3.2094519
-1.8924103 -5.6788678 -3.0737169
-3.0622151 -7.8826194 -3.0074718
-3.3850346 -10.158031 -2.8273165
-4.8766932 -12.55337 -2.804179
-4.9701457 -14.914737 -2.6037788
-7.6808848 -17.227274 -2.7026274
-8.0319872 -24.102907 -2.2017605
-7.8664389 -20.249441 -2.4906774
-1.3101181 -3.3413112 -3.2106085
-1.9139298 -5.6838465 -3.0782619
-3.0841 -7.8656554 -3.0089791
-3.4169307 -10.147346 -2.8306887
-4.9204526 -12.549069 -2.8095002
-5.0144401 -14.891511 -2.6082692
-7.7366018 -17.20669 -2.7090416
-7.8517194 -23.317451 -2.1936026
-7.595293 -19.370953 -2.4639189
-1.3191035 -3.3299768 -3.2088366
-1.9300325 -5.6661916 -3.0777001
-3.1144276 -7.8621364 -3.0132287
-3.4536052 -10.139098 -2.834861
-4.9656897 -12.535507 -2.8146617
-5.0702376 -14.885209 -2.6144722
-7.7933269 -17.172325 -2.7155116
-8.2109671 -24.105764 -2.2198937
-7.8684225 -19.863235 -2.4921277
-1.3318799 -3.3248873 -3.2102513
-1.9480073 -5.6478152 -3.0773442
-3.1431344 -7.8464785 -3.0159576
-3.4938004 -10.129499 -2.8394194
-5.01231 -12.512664 -2.8196576
-5.1260591 -14.861871 -2.6203127
-7.8376284 -17.095211 -2.7202938
-7.9990144 -23.191368 -2.2102296
-7.9520459 -19.851381 -2.5013161
-1.3436775 -3.3240476 -3.2129426
-1.9670081 -5.6453047 -3.080126
-3.1677694 -7.8365655 -3.0186934
-3.5230048 -10.111009 -2.8419666
-5.0515952 -12.496856 -2.8240206
-5.1701064 -14.838183 -2.62482
-7.8879547 -17.063274 -2.7260647
-8.0481997 -23.098299 -2.2164724
-7.9635725 -19.70063 -2.5031016
-1.3558513 -3.3191006 -3.2142982
-1.9902468 -5.6453228 -3.0841215
-3.1994362 -7.8321643 -3.0231185
-3.5639813 -10.10921 -2.8471987
-5.0883603 -12.456219 -2.8271198
-5.2284222 -14.830386 -2.6313407
-7.9538083 -17.041468 -2.7337503
-8.4100876 -23.855162 -2.24351
-7.9844642 -19.54583 -2.5059495
-1.3688116 -3.3176987 -3.2171264
-2.0138211 -5.6492262 -3.0889142
-3.229748 -7.8281999 -3.0274019
-3.5965931 -10.089262 -2.850131
-5.1333232 -12.442047 -2.8323078
-5.2801585 -14.812046 -2.6368902
-8.0166407 -17.020805 -2.741106
-8.4906273 -23.818142 -2.2522619
-8.1165047 -19.672625 -2.5200341
-1.3762014 -3.3028615 -3.213815
-2.0322225 -5.6385388 -3.0901394
-3.258563 -7.8204994 -3.0310781
-3.63447 -10.084084 -2.8547707
-5.176723 -12.424053 -2.8371696
-5.3318305 -14.793525 -2.6424491
-8.0674591 -16.974733 -2.7469201
-8.5480108 -23.717037 -2.2595112
-8.2924623 -19.901777 -2.5386035
-1.3913625 -3.3083048 -3.2196562
-2.0469546 -5.6209106 -3.0894673
-3.2829576 -7.806035 -3.0333712
-3.6665368 -10.068262 -2.8579483
-5.2194314 -12.410476 -2.8421321
-5.3740525 -14.757077 -2.6465371
-8.1150951 -16.92993 -2.7523818
-8.617053 -23.662315 -2.2673593
-8.2965889 -19.727169 -2.5397396
-1.4020611 -3.2998462 -3.2194827
-2.0715368 -5.6242142 -3.0943873
-3.3130803 -7.7975597 -3.0372121
-3.7034147 -10.054756 -2.8619382
-5.2617807 -12.383959 -2.8465757
-5.4281039 -14.737281 -2.6523852
-8.1770926 -16.900074 -2.7596557
-8.6292496 -23.428379 -2.2717838
-8.3891048 -19.744329 -2.5499382
-1.4124206 -3.2954254 -3.2206531
-2.0865095 -5.6104574 -3.0945058
-3.3391047 -7.7907176 -3.0405993
-3.732228 -10.035663 -2.8645022
-5.2990952 -12.36372 -2.8506284
-5.4771476 -14.727612 -2.6578918
-8.2336349 -16.88146 -2.766351
-8.7083712 -23.416113 -2.2801371
-8.3725634 -19.53466 -2.5489595
-1.4210362 -3.2838209 -3.2188735
-2.1101477 -5.6139569 -3.0993354
-3.3631651 -7.7718153 -3.0424328
-3.7672377 -10.022573 -2.8683114
-5.3422222 -12.345147 -2.8555145
-5.5285249 -14.708403 -2.6634815
-8.2907572 -16.849043 -2.7730701
-8.8012905 -23.415455 -2.2897799
-8.4312038 -19.483362 -2.5557132
-1.4336346 -3.2783403 -3.2203052
-2.1303189 -5.6022129 -3.1007848
-3.3976965 -7.7696261 -3.0476942
-3.8070984 -10.011728 -2.8729415
-5.3911748 -12.328179 -2.8612401
-5.5821328 -14.67963 -2.6691487
-8.3429861 -16.792116 -2.7791121
-8.8684416 -23.321812 -2.298049
-8.5315094 -19.509289 -2.5668104
-1.4453895 -3.2771373 -3.223022
-2.1465278 -5.5918965 -3.1018069
-3.4236708 -7.7625017 -3.0510998
-3.8399487 -10.003409 -2.876817
-5.4330797 -12.318442 -2.8663397
-5.6239467 -14.650884 -2.6734512
-8.3885651 -16.751579 -2.7844446
-8.9416647 -23.293837 -2.3060632
-8.5959749 -19.489687 -2.5741189
-8.3260088 -25.323704 -2.0602434
-1.4588662 -3.2751291 -3.2259386
-2.1670086 -5.5839915 -3.1040549
-3.4505031 -7.7463193 -3.0537219
-3.8751569 -9.9855824 -2.8804018
-5.47012 -12.280324 -2.8697665
-5.6804848 -14.637588 -2.6798384
-8.4534998 -16.727833 -2.7922111
-9.1034927 -23.458063 -2.3206615
-8.7306156 -19.60008 -2.588732
-1.4697188 -3.2702732 -3.2271826
-2.186919 -5.5803609 -3.1069975
-3.4745631 -7.7312555 -3.0560355
-3.9125748 -9.983717 -2.8853576
-5.5140653 -12.269355 -2.8751254
-5.7318945 -14.626076 -2.6856782
-8.4944592 -16.671318 -2.7969561
-8.7590046 -22.350351 -2.3001854
-8.8119049 -19.607382 -2.5978458
-8.5929937 -25.533575 -2.0829303
-1.479628 -3.2618217 -3.2269461
-2.2049675 -5.5691118 -3.1082392
-3.5031507 -7.7226529 -3.0597653
-3.9459469 -9.9663239 -2.888763
-5.5535827 -12.242805 -2.8793473
-5.7814517 -14.60228 -2.6910586
-8.5562439 -16.648649 -2.8043876
-9.2321091 -23.317644 -2.3361075
-8.8654737 -19.543829 -2.604192
-8.6447668 -25.393837 -2.0906773
-1.4894954 -3.2533407 -3.2267087
-2.2258239 -5.5649576 -3.1112983
-3.5284524 -7.70681 -3.0622389
-3.9836466 -9.9598284 -2.8934927
-5.6012387 -12.234169 -2.8853204
-5.8338642 -14.585703 -2.6969507
-8.6069727 -16.604536 -2.8104112
-9.2852888 -23.214882 -2.3431554
-8.8655949 -19.364143 -2.6050875
-1.5029309 -3.2511504 -3.2296367
-2.2447619 -5.5531912 -3.1126516
-3.5550306 -7.6902666 -3.0648696
-4.021606 -9.9488258 -2.897985
-5.6443772 -12.209955 -2.8901491
-5.8843036 -14.556849 -2.702373
-8.6603928 -16.558765 -2.8167794
-9.3493786 -23.128902 -2.3511333
-8.8946877 -19.241051 -2.6090028
-8.7133017 -25.007145 -2.1047263
-1.516768 -3.2527194 -3.2339892
-2.263165 -5.5457168 -3.1147008
-3.5788553 -7.67488 -3.0671904
-4.0545759 -9.9354353 -2.9016564
-5.6898661 -12.201958 -2.8959
-5.9295387 -14.529891 -2.7072334
-8.7096825 -16.519382 -2.8226862
-9.1455975 -22.410603 -2.3399806
-8.9483347 -19.189766 -2.61536
-8.7842493 -24.944225 -2.1130252
-1.5296561 -3.2506857 -3.2368612
-2.2839766 -5.5413446 -3.1177735
-3.6089628 -7.6694388 -3.0715742
-4.0862188 -9.9139128 -2.9046369
-5.7290449 -12.174844 -2.9001398
-5.9756732 -14.498075 -2.7121215
-8.7691612 -16.492399 -2.829905
-9.2055197 -22.334272 -2.3474224
-9.0865564 -19.309921 -2.6304598
-1.5404276 -3.2455952 -3.2381175
-2.3052995 -5.540853 -3.1216576
-3.6343763 -7.6574287 -3.074538
-4.1190724 -9.9003086 -2.9083159
-5.7659845 -12.148609 -2.9041324
-6.0191355 -14.467164 -2.7167261
-8.8200426 -16.456207 -2.8360569
-9.2795334 -22.303623 -2.3557107
-9.1966972 -19.37693 -2.6426628
-8.9754562 -24.943954 -2.132282
-1.5486153 -3.233659 -3.23633
-2.3216419 -5.5256696 -3.1219976
-3.6678598 -7.6588464 -3.0802155
-4.1566672 -9.893158 -2.9130893
-5.8169241 -12.146301 -2.9108746
-6.0665164 -14.438732 -2.721873
-8.879323 -16.428822 -2.843292
-9.6339998 -22.92959 -2.3841558
-9.2573891 -19.330326 -2.6498582
-1.560457 -3.2279613 -3.2377191
-2.340374 -5.5135775 -3.1233604
-3.692492 -7.6382885 -3.0822251
-4.1928997 -9.8778563 -2.9171703
-5.8631306 -12.128471 -2.916451
-6.1131806 -14.401755 -2.7267833
-8.9261322 -16.371689 -2.8489211
-9.7148581 -22.886778 -2.3933914
-9.3021498 -19.242426 -2.6554818
-1.5748942 -3.2290113 -3.2421603
-2.3596065 -5.505374 -3.1255331
-3.7156942 -7.6183019 -3.0840762
-4.2257986 -9.8595266 -2.9206123
-5.9106517 -12.118631 -2.9225087
-6.1665506 -14.387639 -2.7329843
-8.9793921 -16.333452 -2.8554232
-9.4488678 -22.045858 -2.3775356
-9.3692646 -19.209837 -2.6633775
-1.5855933 -3.2237706 -3.2434225
-2.3778503 -5.4975185 -3.1276
-3.7426689 -7.609458 -3.0876975
-4.2553329 -9.8382025 -2.9234099
-5.9402986 -12.077599 -2.9250755
-6.2158074 -14.370761 -2.7386501
-9.0277157 -16.293133 -2.8613276
-9.4949942 -21.952143 -2.3838665
-9.4575491 -19.228745 -2.6734283
-1.5952247 -3.2149694 -3.243192
-2.398566 -5.4927158 -3.1306992
-3.7709496 -7.5998616 -3.0914814
-4.2959738 -9.837779 -2.9291217
-5.9806552 -12.053238 -2.9296956
-6.2643375 -14.345333 -2.7440786
-9.0981264 -16.285862 -2.8700819
-9.8845415 -22.635599 -2.4152803
-9.4732199 -19.092051 -2.6760559
-1.6021278 -3.1993766 -3.2399018
-2.4155726 -5.4768391 -3.1311464
-3.8005352 -7.5894966 -3.0954297
-4.3351922 -9.8292007 -2.9341366
-6.0265684 -12.034784 -2.935298
-6.3152695 -14.318639 -2.7497976
-9.1499376 -16.238529 -2.8764465
-9.9964237 -22.664936 -2.4268396
-9.5145702 -19.000166 -2.6814001
-1.6159965 -3.2005181 -3.2442906
-2.4305892 -5.46176 -3.1313734
-3.8221469 -7.5698495 -3.0971282
-4.3613353 -9.8003263 -2.936034
-6.0628676 -12.007648 -2.9393113
-6.3659511 -14.304885 -2.7557573
-9.1978359 -16.197706 -2.8823569
-10.087752 -22.668119 -2.4366105
-9.5236187 -18.861744 -2.6833146
-1.6304492 -3.2013185 -3.2487528
-2.4512184 -5.4567561 -3.1344817
-3.8396468 -7.5389853 -3.0970359
-4.3987584 -9.7922535 -2.9408667
-6.1065469 -11.989948 -2.9446771
-6.4109578 -14.271691 -2.7606649
-9.2523422 -16.162045 -2.8891258
-9.6093035 -18.867462 -2.6932275
-1.6399575 -3.1923831 -3.248523
-2.4702511 -5.4481668 -3.1366692
-3.867732 -7.5290251 -3.1008332
-4.4312806 -9.7732401 -2.9443331
-6.1501756 -11.972088 -2.9500518
-6.4590936 -14.245604 -2.7661145
-9.2927761 -16.102053 -2.8941047
-10.267181 -22.644384 -2.4563267
-9.7042522 -18.890543 -2.7041261
-1.6577622 -3.1995139 -3.2561302
-2.4940627 -5.4500179 -3.141643
-3.89399 -7.5154781 -3.1039853
-4.4637246 -9.754117 -2.9478018
-6.1882782 -11.9435 -2.9543231
-6.5021625 -14.208505 -2.7707496
-9.3469248 -16.066074 -2.9008701
-9.7572956 -18.831774 -2.7107027
-1.6571677 -3.1712172 -3.2464905
-2.5130715 -5.4412789 -3.1438406
-3.9220171 -7.5053163 -3.1077943
-4.496088 -9.7348881 -2.9512725
-6.2336068 -11.92886 -2.9600823
-6.5483847 -14.178501 -2.7759295
-9.4049635 -16.036785 -2.9081576
-10.376499 -22.467098 -2.4709318
-9.845129 -18.840002 -2.7209122
-1.6732979 -3.1750345 -3.2525373
-2.5304227 -5.4289823 -3.1451099
-3.9555063 -7.5054593 -3.1135728
-4.5317121 -9.7227173 -2.9556725
-6.2733588 -11.903518 -2.9647322
-6.5927968 -14.144742 -2.7808347
-9.4568319 -15.997001 -2.9146724
-10.422832 -22.362022 -2.4776206
-9.938714 -18.858423 -2.7317464
-9.6608534 -23.685013 -2.22665
-1.6838168 -3.1694686 -3.2538109
-2.5500495 -5.4240475 -3.1481335
-3.9730113 -7.478447 -3.1139605
-4.5622449 -9.7040586 -2.9589531
-6.3146567 -11.886154 -2.9698827
-6.6362791 -14.115604 -2.7857287
-9.5016727 -15.951867 -2.9203105
-10.495228 -22.323727 -2.4861076
-10.004933 -18.832407 -2.7397017
-9.7423782 -23.660233 -2.2355802
-1.6977408 -3.170259 -3.2582319
-2.5663724 -5.4120812 -3.1492953
-4.0014925 -7.472146 -3.1182837
-4.5859332 -9.6710215 -2.960371
-6.3615313 -11.879141 -2.9761703
-6.6796446 -14.086334 -2.7906241
-9.5524702 -15.916856 -2.9267342
-10.582877 -22.317644 -2.4957626
-10.020278 -18.711264 -2.7423742
-1.7007334 -3.1480675 -3.2517738
-2.5878546 -5.4061127 -3.1525476
-4.0269885 -7.4539785 -3.1209571
-4.6247616 -9.6612768 -2.9654472
-6.3993697 -11.84527 -2.980334
-6.7329464 -14.065344 -2.796936
-9.604557 -15.871513 -2.9333344
-10.606027 -22.156334 -2.5008833
-10.113426 -18.720009 -2.7532892
-1.7111636 -3.1424103 -3.2530479
-2.6057677 -5.397501 -3.1546481
-4.0535603 -7.4440279 -3.1246338
-4.6584926 -9.6494474 -2.9696703
-6.4348207 -11.817016 -2.9843688
-6.7778225 -14.039357 -2.8021193
-9.6384792 -15.808972 -2.9376276
-10.365443 -21.470636 -2.4856293
-10.171635 -18.679365 -2.7604663
-1.7226697 -3.1361175 -3.2544575
-2.6221583 -5.3809886 -3.155097
-4.082706 -7.4325595 -3.1286347
-4.6938286 -9.632309 -2.9738259
-6.48382 -11.803783 -2.9908123
-6.8344603 -14.025146 -2.8090153
-9.6942711 -15.770146 -2.9447489
-10.625855 -21.805552 -2.5087481
-10.24195 -18.645452 -2.7690461
-1.7388757 -3.1395988 -3.2605367
-2.644325 -5.3787165 -3.1591892
-4.1029243 -7.4079685 -3.1298299
-4.732655 -9.6265059 -2.9792049
-6.5230613 -11.777608 -2.9954877
-6.8781128 -13.990497 -2.813931
-9.751359 -15.739596 -2.9520607
-10.758243 -21.882914 -2.5220344
-10.272204 -18.546814 -2.7733951
-1.7498244 -3.1335099 -3.2618859
-2.663084 -5.369453 -3.1614084
-4.1249332 -7.3867521 -3.1316838
-4.7592039 -9.5957632 -2.9812822
-6.5544605 -11.737444 -2.9986298
-6.9198384 -13.952149 -2.8185585
-9.7999134 -15.695328 -2.9582963
-10.999449 -22.177679 -2.5437424
-10.32522 -18.489956 -2.7801435
-10.155906 -23.268085 -2.286592
-1.7589732 -3.1242237 -3.2616553
-2.6800873 -5.3566799 -3.162688
-4.1487694 -7.3688912 -3.1342015
-4.797976 -9.5896959 -2.9866779
-6.5934453 -11.711036 -3.0033031
-6.961381 -13.913685 -2.8231809
-9.8482771 -15.650911 -2.9645283
-11.044659 -22.074915 -2.5504382
-10.383831 -18.44338 -2.787497
-1.7693241 -3.1183736 -3.2629383
-2.6943665 -5.3408847 -3.1629131
-4.173183 -7.355093 -3.1372278
-4.827971 -9.5702038 -2.9899819
-6.6263704 -11.678753 -3.0069518
-7.005692 -13.886972 -2.828377
-9.9086533 -15.631621 -2.9723244
-11.051304 -21.906351 -2.5539894
-10.431164 -18.384573 -2.7936242
-1.7861425 -3.1213076 -3.2691092
-2.7121747 -5.3275409 -3.1643019
-4.2020583 -7.343153 -3.1412444
-4.8630128 -9.5524454 -2.9941633
-6.6730695 -11.661277 -3.0130444
-7.0547352 -13.857658 -2.8341539
-9.961587 -15.58849 -2.9791887
-10.691613 -21.0016 -2.5293508
-10.500453 -18.349682 -2.8022001
-1.793404 -3.1087732 -3.2672961
-2.7342739 -5.324894 -3.1684179
-4.2335453 -7.3386326 -3.1464493
-4.8927169 -9.5283794 -2.9971917
-6.7117515 -11.634475 -3.017725
-7.0976148 -13.822334 -2.839062
-10.003003 -15.533532 -2.9845901
-11.153092 -21.720222 -2.5684197
-10.478778 -18.164421 -2.8011601
-1.8013403 -3.0999892 -3.2669296
-2.7527597 -5.3196993 -3.1713717
-4.2546091 -7.3219047 -3.1486578
-4.9226274 -9.5129614 -3.0007813
-6.7402949 -11.599608 -3.0207262
-7.1391773 -13.796437 -2.8439758
-10.030087 -15.468613 -2.9881582
-10.425628 -17.941826 -2.7966785
-1.8132302 -3.09305 -3.2684207
-2.7749491 -5.3125048 -3.174777
-4.2846756 -7.3088984 -3.152853
-4.9609485 -9.4974937 -3.005656
-6.7908053 -11.583913 -3.0274844
-7.1957817 -13.775973 -2.8509357
-10.045815 -15.36332 -2.9903066
-11.326627 -21.684275 -2.5883572
-10.440004 -17.808802 -2.7995644
-1.824016 -3.0867016 -3.2697775
-2.7898858 -5.29597 -3.1751125
-4.3041759 -7.2837667 -3.1540341
-4.992229 -9.4766226 -3.009171
-6.835237 -11.566969 -3.0333552
-7.2364116 -13.736698 -2.8555501
-10.110339 -15.344788 -2.9987428
-11.413408 -21.665787 -2.5983677
-1.8347796 -3.0803156 -3.2711356
-2.7975121 -5.2657886 -3.1716371
-4.3315825 -7.2720671 -3.1579156
-5.0308409 -9.4696083 -3.0146289
-6.8755722 -11.543038 -3.0384445
-7.2824512 -13.70784 -2.861053
-10.205695 -15.372444 -3.011168
-11.477736 -21.604671 -2.6066279
-10.768098 -18.077997 -2.8367743
-1.8431188 -3.071106 -3.2708349
-2.8149588 -5.2564826 -3.1737556
-4.3536553 -7.2543001 -3.1602862
-5.0603499 -9.4493895 -3.0179522
-6.9178963 -11.526979 -3.0440781
-7.3278685 -13.683615 -2.8665681
-10.263257 -15.348448 -3.0187418
-11.596409 -21.654428 -2.619061
-10.846451 -18.072952 -2.8463078
-1.8581165 -3.0705333 -3.275449
-2.8378677 -5.2529078 -3.1780095
-4.3802147 -7.2382946 -3.1636569
-5.0949502 -9.4307785 -3.022166
-6.9559898 -11.494757 -3.0486364
-7.3798633 -13.660165 -2.8729713
-10.297185 -15.277704 -3.0233133
-11.654838 -21.573162 -2.6270547
-10.910556 -18.029667 -2.8544869
-1.8677539 -3.0646803 -3.2766757
-2.8561983 -5.2473497 -3.1809797
-4.4049745 -7.2278471 -3.1672294
-5.1245532 -9.4147253 -3.0257816
-6.9879384 -11.46607 -3.052428
-7.4303474 -13.650884 -2.8794177
-10.340658 -15.238686 -3.0291026
-11.68631 -21.469851 -2.632427
-10.967144 -17.9953 -2.8616898
-1.8751774 -3.0516372 -3.2749157
-2.8791182 -5.2435994 -3.1852484
-4.4314346 -7.2116547 -3.1706073
-5.1590233 -9.3958807 -3.0300038
-7.0278368 -11.437002 -3.0573847
-7.4822412 -13.627046 -2.8858435
-10.387444 -15.187536 -3.0353711
-11.761076 -21.419882 -2.6417468
-11.010064 -17.917624 -2.86766
-1.8871948 -3.0484843 -3.2778072
-2.8927608 -5.2272825 -3.1854644
-4.4615188 -7.206924 -3.1757178
-5.1901531 -9.3787212 -3.0338278
-7.0678134 -11.417008 -3.0626388
-7.5254641 -13.59868 -2.8910844
-10.424196 -15.133328 -3.0403438
-11.806926 -21.335375 -2.6484427
-11.065224 -17.874235 -2.8748133
-1.896436 -3.0384715 -3.2776418
-2.9137774 -5.2200079 -3.1887829
-4.4816732 -7.1805415 -3.1770496
-5.2244925 -9.3596354 -3.0380588
-7.1075106 -11.38766 -3.0676017
-7.5713782 -13.56406 -2.8966053
-10.493219 -15.114648 -3.04952
-11.892824 -21.305895 -2.6586959
-11.117996 -17.813265 -2.8818681
-1.9070307 -3.0318332 -3.2790065
-2.9338706 -5.2131624 -3.1919947
-4.5087996 -7.1681738 -3.1809618
-5.2571325 -9.341341 -3.0420923
-7.142992 -11.356062 -3.0719037
-7.6245313 -13.547946 -2.9033759
-10.543634 -15.074664 -3.0563071
-12.004306 -21.33032 -2.6708915
-11.190722 -17.79122 -2.8910007
-1.9184859 -3.0288897 -3.281837
-2.9464343 -5.1972175 -3.1920958
-4.5291977 -7.15066 -3.1831796
-5.2786565 -9.3110266 -3.0437381
-7.1786327 -11.333566 -3.0765078
-7.6592107 -13.510087 -2.9074068
-10.584063 -15.031696 -3.0617959
-12.120458 -21.379284 -2.683188
-11.257227 -17.772816 -2.8993521
-1.9256728 -3.015727 -3.2800677
-2.9635518 -5.1830397 -3.1934958
-4.5574875 -7.1373181 -3.1872611
-5.3166723 -9.2984781 -3.0489719
-7.2222614 -11.310525 -3.0822926
-7.702755 -13.471567 -2.9126203
-10.616037 -14.960322 -3.0662627
-12.210621 -21.355501 -2.6938858
-11.333021 -17.748238 -2.9089279
-1.9337016 -3.0062752 -3.2797616
-2.9788001 -5.1698461 -3.1946697
-4.581131 -7.1221642 -3.1903336
-5.3514247 -9.2876463 -3.0538118
-7.2618756 -11.289847 -3.0875723
-7.749372 -13.449395 -2.9184964
-10.654012 -14.908834 -3.0714886
-12.267427 -21.290689 -2.7015641
-11.385345 -17.700497 -2.9158762
-1.9447063 -2.9991682 -3.2811959
-2.9977272 -5.1588941 -3.1970358
-4.600801 -7.0954547 -3.191653
-5.3834414 -9.264554 -3.0575612
-7.3032031 -11.263158 -3.0929587
-7.7826266 -13.393395 -2.9221375
-10.699269 -14.856759 -3.0777094
-12.15893 -20.924728 -2.6960034
-11.421942 -17.615166 -2.9213006
-1.9611125 -3.001466 -3.2873845
-3.0157173 -5.1483984 -3.1992917
-4.627686 -7.0826344 -3.1955819
-5.4117532 -9.238884 -3.0606062
-7.3381343 -11.230952 -3.0972652
-7.8273215 -13.362715 -2.9276783
-10.755743 -14.825769 -3.0853794
-12.377107 -21.130058 -2.7171106
-11.492085 -17.588539 -2.9302661
-12.248771 -23.469639 -2.505955
-1.9710552 -2.9949462 -3.2886882
-3.0366893 -5.1450047 -3.203378
-4.6533041 -7.0705256 -3.1993539
-5.4524055 -9.2379065 -3.0669775
-7.3731565 -11.203241 -3.101728
-7.8655262 -13.32641 -2.9322937
-10.804849 -14.790021 -3.0920992
-12.36801 -20.954882 -2.7193811
-11.545964 -17.543671 -2.9374352
-12.545852 -23.845749 -2.5298843
-1.9820187 -2.9877017 -3.2901301
-3.0535562 -5.1305289 -3.2047818
-4.6748509 -7.046886 -3.2013636
-5.4902711 -9.2246523 -3.0722556
-7.4053941 -11.162916 -3.1054542
-7.9041476 -13.280404 -2.9368534
-10.85426 -14.743902 -3.0989208
-12.505954 -21.012274 -2.7341309
-11.588148 -17.468014 -2.9435127
-12.569532 -23.679726 -2.5362091
-1.9944508 -2.9837792 -3.2931159
-3.0674837 -5.1132331 -3.2050979
-4.701601 -7.0337853 -3.2053037
-5.5204048 -9.2020435 -3.0758176
-7.4465218 -11.140298 -3.1110075
-7.9361358 -13.22886 -2.94047
-10.896173 -14.693129 -3.1047738
-12.53817 -20.900059 -2.7399881
-11.677856 -17.470545 -2.9546473
-12.620089 -23.575876 -2.5440879
-2.0043344 -2.9771488 -3.2944238
-3.0864155 -5.1063294 -3.2082219
-4.7205195 -7.0116491 -3.2069862
-5.5529342 -9.1870689 -3.0801942
-7.4789915 -11.10896 -3.1150503
-7.9779043 -13.199067 -2.9457088
-10.935305 -14.644151 -3.1102643
-12.607409 -20.858366 -2.7487731
-11.709008 -17.392038 -2.9594262
-12.705783 -23.547949 -2.5541091
-2.0147145 -2.970134 -3.2958012
-3.1042213 -5.0955243 -3.2104878
-4.744966 -6.9951282 -3.2102306
-5.5849695 -9.1676283 -3.0842707
-7.5221782 -11.089352 -3.1210334
-8.0156527 -13.157552 -2.9502721
-10.969598 -14.58361 -3.1151719
-12.673916 -20.804008 -2.7575076
-11.774122 -17.357656 -2.9679561
-2.0230243 -2.9600902 -3.2955642
-3.1260202 -5.0912228 -3.2147114
-4.7671409 -6.9752831 -3.2127736
-5.6148686 -9.1447096 -3.0878386
-7.5586023 -11.059751 -3.125757
-8.0552893 -13.119325 -2.9551532
-11.025249 -14.551578 -3.1228592
-12.729753 -20.732433 -2.7653654
-11.830142 -17.30987 -2.9755261
-12.785389 -23.304682 -2.5684216
-2.037456 -2.9589827 -3.3001757
-3.1478255 -5.0868316 -3.2189426
-4.7981324 -6.9682932 -3.2181349
-5.6509128 -9.1317778 -3.092947
-7.6016607 -11.039838 -3.1317539
-8.1031256 -13.09451 -2.9613349
-11.095303 -14.538334 -3.1324301
-12.734849 -20.579296 -2.7689674
-11.908576 -17.294741 -2.985539
-12.864722 -23.256422 -2.5782702
-2.045706 -2.948874 -3.2999392
-3.1594479 -5.0660067 -3.2182772
-4.817956 -6.9450574 -3.2199759
-5.6806631 -9.1086416 -3.0965204
-7.6378894 -11.009975 -3.136483
-8.1529942 -13.072893 -2.9678528
-11.138701 -14.490044 -3.1385758
-12.717924 -20.392515 -2.7706997
-11.966602 -17.24979 -2.9933686
-12.889437 -23.110271 -2.5843823
-2.0559871 -2.941715 -3.3013203
-3.179162 -5.0582085 -3.2215343
-4.8421702 -6.9281969 -3.2232287
-5.7145271 -9.092103 -3.1011269
-7.6671829 -10.970237 -3.1399293
-8.2028093 -13.051087 -2.9743814
-11.172146 -14.429029 -3.1434538
-12.791151 -20.351372 -2.7800357
-12.013041 -17.188307 -2.9999623
-12.913288 -22.964233 -2.5904171
-2.0719905 -2.9437742 -3.3074958
-3.1938577 -5.044384 -3.2227147
-4.8718901 -6.9217234 -3.2284482
-5.7446465 -9.0731039 -3.1050167
-7.708087 -10.951241 -3.1456831
-8.2460442 -13.023815 -2.9799652
-11.215036 -14.38562 -3.1495445
-12.916203 -20.39987 -2.793632
-12.069972 -17.148376 -3.007633
-12.879158 -22.726801 -2.5921905
-2.0696726 -2.9187806 -3.2991488
-3.2114465 -5.0332041 -3.2249928
-4.9028287 -6.9142737 -3.2338417
-5.78266 -9.0629902 -3.1106725
-7.7370868 -10.91132 -3.1491208
-8.2743425 -12.96813 -2.9831889
-11.257805 -14.336988 -3.1556673
-12.961579 -20.314295 -2.8006542
-12.879202 -22.543066 -2.5965111
-2.0777409 -2.9085882 -3.2989044
-3.226913 -5.0187235 -3.2262859
-4.929215 -6.9003096 -3.2378218
-5.8142605 -9.0427494 -3.114778
-7.7751274 -10.884246 -3.1542773
-8.3131075 -12.929132 -2.9880617
-11.312722 -14.303849 -3.1633842
-13.0432 -20.285707 -2.8107767
-12.143049 -16.998812 -3.0187554
-12.983715 -22.542938 -2.6081238
-2.094234 -2.9101453 -3.3051586
-3.2423177 -5.0041966 -3.2275782
-4.9555621 -6.8862443 -3.2418065
-5.8436418 -9.019083 -3.1183641
-7.8084383 -10.850598 -3.1585698
-8.3560247 -12.896698 -2.9936006
-11.360103 -14.261157 -3.1701455
-13.122611 -20.25345 -2.8207362
-12.22327 -16.985445 -3.0290959
-13.11043 -22.580332 -2.6213372
-2.1022518 -2.8998823 -3.3049159
-3.2618723 -4.9960732 -3.2308483
-4.9795694 -6.8689041 -3.2450809
-5.8750896 -8.9986296 -3.1224742
-7.8392797 -10.813638 -3.1624238
-8.4009933 -12.867451 -2.9994779
-11.399846 -14.208992 -3.1759369
-13.210682 -20.234249 -2.8314636
-12.287168 -16.949129 -3.037683
-13.449286 -22.978849 -2.6496148
-2.1123614 -2.8925264 -3.306299
-3.2835259 -4.9910927 -3.2351143
-5.0012035 -6.8483133 -3.2476404
-5.9021206 -8.9714632 -3.1255364
-7.8722982 -10.779798 -3.1667085
-8.4436722 -12.834724 -3.0050211
-11.449376 -14.169111 -3.1830175
-13.285618 -20.194677 -2.8410897
-12.339202 -16.896477 -3.044997
-13.172418 -22.326664 -2.6343107
-2.1160002 -2.8763752 -3.3027949
-3.3009272 -4.9796014 -3.2374022
-5.0250769 -6.8308153 -3.2509167
-5.9399495 -8.9606895 -3.1312301
-7.9004717 -10.73947 -3.1701131
-8.4774323 -12.7886 -3.0092056
-11.496249 -14.125974 -3.189774
-13.360435 -20.154835 -2.850728
-12.386292 -16.837248 -3.0517893
-13.391053 -22.517286 -2.6541815
-2.1303446 -2.8747966 -3.3074367
-3.3182893 -4.9680486 -3.2396922
-5.0512252 -6.8163829 -3.2549148
-5.9668026 -8.9333277 -3.1342938
-7.9402738 -10.715014 -3.1757069
-8.5198135 -12.755623 -3.0147448
-11.542962 -14.082677 -3.1965301
-13.412977 -20.08153 -2.8584619
-12.41888 -16.758675 -3.0570126
-13.701488 -22.857294 -2.6807482
-2.1403666 -2.8673427 -3.3088207
-3.3356106 -4.9564357 -3.2419834
-5.0773349 -6.8018527 -3.2589176
-6.0023618 -8.9190025 -3.1394739
-7.9752545 -10.684052 -3.1804237
-8.5598459 -12.719208 -3.019942
-11.581907 -14.030012 -3.2022979
-13.494132 -20.05114 -2.8686903
-12.462994 -16.696053 -3.0635123
-13.843121 -22.911827 -2.6953206
-2.1547198 -2.8656487 -3.3134725
-3.3528917 -4.9447613 -3.2442765
-5.0916181 -6.7715483 -3.2593107
-6.0312409 -8.8947239 -3.1430688
-8.0244236 -10.672005 -3.1877971
-8.6019602 -12.685957 -3.0254819
-11.618081 -13.974186 -3.2077248
-13.557323 -19.994003 -2.8773825
-12.530782 -16.665194 -3.0726261
-13.879413 -22.791767 -2.7023301
-2.1615243 -2.8559749 -3.313087
-3.3705812 -4.9373846 -3.2473397
-5.1104994 -6.7523913 -3.2615385
-6.0569267 -8.8724689 -3.1462505
-8.0459385 -10.630923 -3.1902289
-8.6305609 -12.642448 -3.0290506
-11.656814 -13.931509 -3.2134283
-13.62682 -19.961201 -2.8863206
-12.5518 -16.584419 -3.0764565
-13.892515 -22.652773 -2.707212
-2.1741755 -2.8509159 -3.3161798
-3.3908389 -4.9281712 -3.250752
-5.1328349 -6.7304964 -3.2642567
-6.0894055 -8.8502102 -3.1505852
-8.0704107 -10.582431 -3.1929767
-8.6745863 -12.607455 -3.0348799
-11.707797 -13.888692 -3.2208564
-13.641083 -19.825653 -2.8909299
-12.5714 -16.484411 -3.0803957
-2.1747856 -2.8321896 -3.3109493
-3.4027739 -4.9105682 -3.2509346
-5.1575136 -6.7165499 -3.2681
-6.1187191 -8.8299685 -3.1545095
-8.1078749 -10.55876 -3.1983232
-8.7208738 -12.585157 -3.041168
-11.753787 -13.849792 -3.2275791
-13.624931 -19.662239 -2.8925471
-12.635706 -16.455282 -3.0890968
-13.005566 -20.878075 -2.6508787
-2.1890953 -2.8303154 -3.3156118
-3.4265103 -4.9081345 -3.2562418
-5.1809292 -6.6985044 -3.2713835
-6.1472445 -8.805315 -3.1581061
-8.1422567 -10.527251 -3.2030361
-8.7693081 -12.561159 -3.047761
-11.791714 -13.796565 -3.2333105
-13.679783 -19.594925 -2.9005475
-12.61746 -16.313313 -3.0888057
-14.005869 -22.309961 -2.7284985
-2.198961 -2.8226571 -3.3169997
-3.4391892 -4.889843 -3.2565379
-5.1970477 -6.6710978 -3.2724769
-6.1756673 -8.780571 -3.1617014
-8.1813917 -10.501898 -3.2086482
-8.8199635 -12.540233 -3.0547149
-11.842396 -13.758342 -3.2407229
-13.741208 -19.537264 -2.9091411
-12.791929 -16.420132 -3.1097848
-14.179697 -22.412743 -2.7456372
-2.2020867 -2.8064077 -3.3134627
-3.4540105 -4.8746657 -3.2578354
-5.2275658 -6.6621723 -3.2779539
-6.2039957 -8.7557354 -3.1652968
-8.2204504 -10.476397 -3.2142658
-8.8751793 -12.525594 -3.0623887
-11.879916 -13.704882 -3.2464409
-13.86469 -19.56732 -2.9232361
-12.876241 -16.409882 -3.1208537
-12.871547 -20.18873 -2.6529
-2.2168546 -2.8040059 -3.3182034
-3.4718535 -4.8619733 -3.2602537
-5.2543817 -6.6460452 -3.2821391
-6.2360444 -8.7329378 -3.1696401
-8.25387 -10.439972 -3.218787
-8.9187164 -12.489744 -3.0682471
-11.919589 -13.64925 -3.252501
-13.94095 -19.522865 -2.9333539
-12.901684 -16.318794 -3.1255255
-14.080718 -21.907736 -2.7470918
-2.2216253 -2.7909663 -3.3162327
-3.4947038 -4.8598146 -3.2654688
-5.276392 -6.6285844 -3.285265
-6.2672777 -8.7154188 -3.1741159
-8.2785606 -10.400126 -3.2218773
-8.9461546 -12.440726 -3.0717316
-11.964785 -13.609647 -3.2592165
-13.898454 -19.327505 -2.9326243
-12.943314 -16.260324 -3.1318252
-14.246575 -22.005011 -2.7635236
-2.2336221 -2.7860224 -3.3192649
-3.507127 -4.8413472 -3.2657585
-5.3019514 -6.6131849 -3.2892931
-6.2953434 -8.6902885 -3.1777136
-8.3297071 -10.389739 -3.2297809
-8.9778614 -12.393319 -3.0758548
-12.00694 -13.561835 -3.2655976
-13.944767 -19.24979 -2.9399352
-12.965082 -16.171495 -3.1360273
-13.819467 -21.182856 -2.7357116
-2.2506523 -2.7862775 -3.3256648
-3.524848 -4.8284602 -3.2681825
-5.3236899 -6.5906572 -3.2920141
-6.3318138 -8.6735411 -3.1831579
-8.3577576 -10.346792 -3.2333829
-9.0185347 -12.353906 -3.0813403
-12.053916 -13.514764 -3.2726736
-13.554091 -18.56687 -2.9083896
-13.06936 -16.179693 -3.1494944
-13.88824 -21.118721 -2.7452133
-2.2548211 -2.7735672 -3.3236206
-3.5422812 -4.8204675 -3.2712743
-5.356741 -6.5891171 -3.298676
-6.3520103 -8.6440506 -3.1852479
-8.3902225 -10.320484 -3.2380373
-9.0525923 -12.319102 -3.0859368
-12.090993 -13.4709 -3.2783399
-13.595816 -18.50169 -2.9149024
-13.120127 -16.138554 -3.1567726
-14.011819 -21.161518 -2.7582624
-2.2690816 -2.7712901 -3.328311
-3.5522096 -4.7987857 -3.2705426
-5.3821917 -6.5734143 -3.3027194
-6.3774395 -8.6154728 -3.1882951
-8.4161386 -10.278855 -3.2413659
-9.0884371 -12.277841 -3.0907578
-12.132598 -13.422706 -3.2847078
-13.643692 -18.431669 -2.9222858
-13.176377 -16.092661 -3.1648617
-14.07452 -21.095882 -2.7671463
-2.2750912 -2.7569647 -3.3265405
-3.5706098 -4.7851105 -3.273083
-5.4123855 -6.5587506 -3.3078408
-6.4057465 -8.5845861 -3.1917529
-8.4631214 -10.255645 -3.24844
-9.1307583 -12.236478 -3.0965281
-12.165275 -13.355411 -3.2900224
-13.733457 -18.40473 -2.9337599
-13.197471 -15.992748 -3.1692369
-14.155417 -21.041681 -2.7778451
-2.2800672 -2.7434294 -3.3246255
-3.5919209 -4.7787747 -3.2774289
-5.4352484 -6.5398159 -3.3111508
-6.4356751 -8.562171 -3.1958981
-8.5039444 -10.232141 -3.2545443
-9.1710291 -12.201349 -3.1020708
-12.217208 -13.318731 -3.2977834
-13.742479 -18.283312 -2.9376724
-13.273605 -15.971107 -3.1795838
-14.237744 -21.005356 -2.788265
-2.2933261 -2.7418149 -3.3291843
-3.602267 -4.7613239 -3.2774737
-5.4456997 -6.510675 -3.3111482
-6.4577718 -8.5356092 -3.1985219
-8.5258627 -10.193203 -3.2573435
-9.2093124 -12.17248 -3.1073887
-12.253584 -13.274434 -3.3034284
-14.370425 -18.994221 -2.9972315
-13.328829 -15.935449 -3.1874318
-14.312661 -20.973717 -2.7977266
-2.3005474 -2.7310205 -3.3289206
-3.6235349 -4.754848 -3.2818272
-5.4582853 -6.4796267 -3.3114657
-6.4875274 -8.5130148 -3.2026675
-8.5613918 -10.16338 -3.2625189
-9.2517471 -12.140259 -3.113301
-12.30527 -13.237413 -3.3111968
-14.451154 -18.962984 -3.0077724
-13.340708 -15.836989 -3.1906369
-14.397094 -20.940073 -2.8083565
-2.3100662 -2.7229733 -3.3303115
-3.6330738 -4.7330041 -3.2810776
-5.4757948 -6.4545522 -3.3132691
-6.5172038 -8.4903173 -3.2068152
-8.5968161 -10.133433 -3.2676957
-9.2964888 -12.111045 -3.119586
-12.348679 -13.191471 -3.3179011
-14.497821 -18.887104 -3.0152452
-13.390749 -15.784245 -3.1981258
-14.472373 -20.892969 -2.8183041
-2.3172023 -2.7121365 -3.3300445
-3.6589983 -4.7324829 -3.2874851
-5.5033884 -6.4413629 -3.3180678
-6.5492191 -8.4706421 -3.2115235
-8.6295586 -10.100344 -3.272404
-9.3411417 -12.081666 -3.1258771
-12.375528 -13.127998 -3.3224514
-14.610036 -18.896358 -3.0287001
-13.469072 -15.764685 -3.2088065
-14.588621 -20.904522 -2.8314559
-2.3271267 -2.7036262 -3.3315043
-3.6715832 -4.7129641 -3.2878709
-5.5218415 -6.4152045 -3.3200316
-6.5777903 -8.4434662 -3.2153234
-8.6716957 -10.074665 -3.2787845
-9.3780251 -12.037938 -3.1309757
-12.415331 -13.073892 -3.328773
-14.664477 -18.823801 -3.0370834
-13.534563 -15.724281 -3.218169
-14.561795 -20.703985 -2.8336999
-2.3403571 -2.7017815 -3.3360791
-3.6887496 -4.7044358 -3.2909839
-5.5394015 -6.3948593 -3.3222489
-6.6018472 -8.4196463 -3.2184999
-8.7007093 -10.044372 -3.2829762
-9.4084387 -11.999025 -3.1351807
-12.46185 -13.04058 -3.3358386
-14.610291 -18.633192 -3.0350518
-13.578678 -15.675653 -3.2248626
-14.961247 -21.130524 -2.8686504
-2.3573937 -2.70138 -3.3425314
-3.7083542 -4.6939073 -3.2944486
-5.5602226 -6.3715591 -3.3249588
-6.6277604 -8.3891907 -3.221734
-8.7322435 -10.006435 -3.2874675
-9.4572821 -11.970702 -3.1421485
-12.504036 -12.989079 -3.3425143
-14.750216 -18.670317 -3.0512846
-13.625552 -15.613767 -3.2321737
-15.031632 -21.065798 -2.8785827
-18.466476 -19.18281 -3.1918507
-2.3639467 -2.6908245 -3.3421957
-3.7286956 -4.6876135 -3.2987144
-5.5761433 -6.3471918 -3.32658
-6.6580043 -8.3702602 -3.226243
-8.7575216 -9.9684801 -3.2909598
-9.4969273 -11.939277 -3.1477766
-12.558126 -12.958984 -3.3506682
-14.797147 -18.602566 -3.0586922
-13.690412 -15.58347 -3.2413366
-15.09442 -21.006113 -2.8875141
-2.3709226 -2.679841 -3.3419275
-3.7402186 -4.6685567 -3.2989798
-5.6060619 -6.3365011 -3.3321495
-6.687181 -8.3469677 -3.2303982
-8.7975235 -9.9437923 -3.2970929
-9.5236254 -11.887429 -3.1514266
-12.586596 -12.897966 -3.3555241
-14.85201 -18.538342 -3.0670068
-13.718307 -15.505729 -3.2464476
-15.15595 -20.937126 -2.8965709
-2.3831408 -2.6738396 -3.3450611
-3.7524662 -4.6488223 -3.2993557
-5.6292486 -6.3159118 -3.3356164
-6.7152472 -8.3193264 -3.234195
-8.8365507 -9.914444 -3.3030128
-9.5721283 -11.858634 -3.1584048
-12.630993 -12.848907 -3.3625534
-14.882264 -18.437208 -3.0732265
-13.772394 -15.45237 -3.254631
-15.199651 -20.836287 -2.9044356
-2.3895738 -2.6632237 -3.3447206
-3.7630031 -4.630374 -3.2994945
-5.6396852 -6.285532 -3.3357108
-6.7403069 -8.2939444 -3.2375748
-8.86938 -9.8850861 -3.3079376
-9.6063843 -11.820652 -3.1632688
-12.684738 -12.818273 -3.3707228
-14.938291 -18.381561 -3.081512
-13.815575 -15.39771 -3.2614028
-15.245031 -20.753595 -2.9120197
-2.3988557 -2.654866 -3.3461175
-3.7815828 -4.6201911 -3.3028507
-5.6694803 -6.274538 -3.3412943
-6.7717199 -8.2734241 -3.2423024
-8.9038315 -9.8540649 -3.3131225
-9.6450682 -11.78397 -3.1688087
-12.729405 -12.773916 -3.3777728
-15.025108 -18.357094 -3.0928361
-13.861219 -15.340514 -3.2685707
-15.326881 -20.713091 -2.9227326
-2.4134505 -2.6514177 -3.3509274
-3.8009419 -4.609272 -3.3063269
-5.6897988 -6.2508154 -3.3439977
-6.8019977 -8.2485495 -3.24667
-8.929204 -9.8096275 -3.3166306
-9.6983147 -11.760814 -3.1765728
-12.773317 -12.724363 -3.3848028
-15.160832 -18.385021 -3.1089065
-13.879781 -15.248333 -3.2727842
-15.364514 -20.605572 -2.9301341
-2.4173312 -2.6380548 -3.348912
-3.816205 -4.5966434 -3.3085356
-5.7104959 -6.2319145 -3.3471336
-6.8242621 -8.2198677 -3.2494745
-8.9536419 -9.7711887 -3.3200948
-9.7347193 -11.725531 -3.1818216
-12.804116 -12.670733 -3.3900015
-15.313472 -18.445173 -3.1262758
-13.924881 -15.196346 -3.2798219
-15.578961 -20.749237 -2.9513452
-2.4236078 -2.6273594 -3.3485656
-3.8264866 -4.5780516 -3.3086653
-5.7337894 -6.2158265 -3.3510365
-6.8540187 -8.2002249 -3.2540016
-8.9886847 -9.74436 -3.3254995
-9.7684488 -11.687081 -3.1866808
-12.843225 -12.625412 -3.3963161
-15.343847 -18.357552 -3.132272
-13.996823 -15.17353 -3.2899299
-15.695831 -20.761147 -2.9647739
-2.4376988 -2.6241956 -3.353313
-3.8449244 -4.5676136 -3.3120306
-5.7421041 -6.1814046 -3.3504987
-6.8800554 -8.1732254 -3.2575867
-9.0334473 -9.7245531 -3.3326333
-9.8040619 -11.646826 -3.1918321
-12.892918 -12.586068 -3.4041107
-15.227956 -18.090191 -3.1247354
-14.05513 -15.13042 -3.2986121
-15.826247 -20.782448 -2.9795547
-2.4423468 -2.6099494 -3.3514283
-3.8641315 -4.556428 -3.3155158
-5.7593622 -6.1545901 -3.3524201
-6.9022961 -8.1389093 -3.2602208
-9.0690298 -9.6913786 -3.3380783
-9.8466845 -11.610813 -3.1980593
-12.930381 -12.530413 -3.4103696
-15.317386 -18.061644 -3.1365895
-14.113216 -15.081715 -3.3073945
-15.936332 -20.768637 -2.9929478
-2.4514422 -2.6014078 -3.3528252
-3.8800128 -4.5429115 -3.3178439
-5.7781196 -6.1315928 -3.3549421
-6.9280977 -8.1117611 -3.2637992
-9.0891962 -9.6452227 -3.3408051
-9.8819876 -11.570322 -3.2032051
-12.97117 -12.482437 -3.4170272
-14.130231 -14.994638 -3.3114069
-15.383813 -19.904329 -2.9521468
-2.4625506 -2.5958946 -3.3558316
-3.8950565 -4.5300202 -3.320056
-5.8038206 -6.1180897 -3.3596158
-6.9575357 -8.0917387 -3.2683308
-9.1211329 -9.6150293 -3.3457253
-9.9177103 -11.534474 -3.2084444
-13.009614 -12.436603 -3.4233296
-15.426965 -17.941835 -3.1533599
-14.185366 -14.953484 -3.3196831
-16.038107 -20.609276 -3.0095346
-2.4690928 -2.584661 -3.3555491
-3.9083238 -4.513484 -3.3213379
-5.8332701 -6.1063013 -3.3652349
-6.9857388 -8.0674028 -3.2724917
-9.1491575 -9.5773916 -3.349915
-9.9579124 -11.499784 -3.2143753
-13.02984 -12.36918 -3.4272966
-15.460767 -17.854694 -3.1598682
-14.237476 -14.903874 -3.3277385
-15.427827 -19.682909 -2.9637012
-19.542948 -18.55205 -3.3456545
-2.4810636 -2.5782063 -3.3586986
-3.9248407 -4.4991293 -3.3237827
-5.8447332 -6.0735765 -3.3655963
-7.0100656 -8.0357885 -3.275692
-9.1924534 -9.5523729 -3.3568404
-10.002609 -11.466207 -3.2210026
-13.080886 -12.326802 -3.4354386
-15.499874 -17.767839 -3.1670535
-14.280951 -14.840103 -3.3349297
-15.895711 -20.127459 -3.0064819
-19.610815 -18.480295 -3.3567114
-2.4921219 -2.5725682 -3.3617113
-3.9397388 -4.4860892 -3.3259952
-5.862112 -6.0513425 -3.3679488
-7.0314579 -8.0065584 -3.278471
-9.2185583 -9.5161362 -3.3607671
-10.040578 -11.432973 -3.2266412
-13.124599 -12.286077 -3.4424975
-15.574508 -17.734331 -3.1772916
-14.346727 -14.809844 -3.3444877
-15.96734 -20.080887 -3.0163543
-2.501087 -2.5638535 -3.3631115
-3.9630303 -4.4809661 -3.3314803
-5.8886781 -6.0364585 -3.3728004
-7.056746 -7.9790049 -3.2820408
-9.2461786 -9.4782181 -3.3649471
-10.072522 -11.388919 -3.2313745
-13.167406 -12.24019 -3.4495213
-15.710337 -17.763548 -3.1935472
-14.412255 -14.773942 -3.3541472
-16.11968 -20.127848 -3.0331419
-2.502399 -2.5473495 -3.3594508
-3.9735229 -4.4613528 -3.331708
-5.9069633 -6.0130701 -3.3753161
-7.0819249 -7.9513731 -3.2856081
-9.2847672 -9.4515495 -3.3711252
-10.112213 -11.35369 -3.2373075
-13.204196 -12.188752 -3.4557645
-15.899632 -17.851631 -3.2149556
-14.455354 -14.715015 -3.3612506
-15.630964 -19.37859 -2.9967246
-2.5189242 -2.5463307 -3.3659117
-3.9839275 -4.4417205 -3.3319299
-5.925158 -5.989625 -3.3778291
-7.1201925 -7.9383736 -3.2921276
-9.3121204 -9.4134388 -3.3752992
-10.149128 -11.315364 -3.2428377
-13.249599 -12.145278 -3.4631746
-15.956519 -17.790081 -3.2237768
-14.49822 -14.655964 -3.3683455
-15.708578 -19.3363 -3.0072434
-2.5252388 -2.5349543 -3.365622
-4.0019894 -4.430645 -3.3353157
-5.9432616 -5.9661279 -3.3803391
-7.1505084 -7.9164033 -3.2968831
-9.3505239 -9.3864994 -3.381484
-10.188564 -11.279866 -3.2487719
-13.294857 -12.101635 -3.4705868
-16.007822 -17.722429 -3.2320809
-14.557731 -14.61374 -3.3773785
-16.483765 -20.1464 -3.0761111
-2.5357568 -2.5295687 -3.368572
-4.0210714 -4.4237509 -3.3395295
-5.9647527 -5.9501963 -3.3840871
-7.1700273 -7.8880506 -3.2994444
-9.3799677 -9.3570776 -3.3861458
-10.221276 -11.244859 -3.2537062
-13.318045 -12.04645 -3.4749343
-16.05537 -17.663193 -3.2397006
-14.603571 -14.567933 -3.3846362
-16.453091 -19.980501 -3.077354
-2.5445714 -2.5207016 -3.3699722
-4.0338879 -4.4068465 -3.3408048
-5.9854865 -5.9293389 -3.3873808
-7.1921802 -7.8571434 -3.3024166
-9.4069347 -9.3186922 -3.390311
-10.260465 -11.20911 -3.2596405
-13.377789 -12.015853 -3.4843192
-14.654334 -14.516868 -3.3927002
-16.487059 -19.879927 -3.0844271
-19.978722 -17.944771 -3.4229074
-2.5430167 -2.5016351 -3.3645973
-4.044024 -4.3870749 -3.3410165
-6.0033507 -5.9056606 -3.3898861
-7.2195625 -7.8319917 -3.306577
-9.4394035 -9.2858009 -3.3954871
-10.291442 -11.164456 -3.2643449
-13.416677 -11.966435 -3.4909408
-15.991676 -17.348238 -3.2403455
-14.690704 -14.45165 -3.3991179
-16.561466 -19.828388 -3.0949125
-2.551734 -2.4927423 -3.3659918
-4.0540729 -4.3672848 -3.341223
-6.0211239 -5.8819261 -3.3923888
-7.2441697 -7.8038445 -3.3101399
-9.4689236 -9.2500191 -3.4001534
-10.324942 -11.122633 -3.269453
-13.434516 -11.8984 -3.494767
-16.076572 -17.318626 -3.251925
-14.73536 -14.394704 -3.406513
-16.574053 -19.703245 -3.1001916
-19.909201 -17.632765 -3.4269941
-2.5656242 -2.4888685 -3.3707795
-4.0771842 -4.3615479 -3.3467424
-6.0275426 -5.8472166 -3.3917234
-7.2740655 -7.7813964 -3.3148999
-9.5182447 -9.2334871 -3.4083989
-10.363705 -11.086523 -3.2753825
-13.487932 -11.861955 -3.5033705
-16.068806 -17.189528 -3.2545578
-14.794104 -14.351508 -3.4155622
-2.566463 -2.4723525 -3.3670824
-4.0871029 -4.341681 -3.3469446
-6.047915 -5.8261418 -3.3950057
-7.2930541 -7.7473259 -3.3172569
-9.5304108 -9.1809378 -3.4099884
-10.391435 -11.038699 -3.2796524
-13.517253 -11.804324 -3.508769
-15.693831 -16.671373 -3.2215314
-14.815392 -14.272122 -3.4202802
-16.682699 -19.553658 -3.1178274
-2.5724583 -2.4608734 -3.366776
-4.1101837 -4.3357749 -3.3524752
-6.0710506 -5.8077083 -3.3990824
-7.322772 -7.724689 -3.3220179
-9.5624018 -9.1476154 -3.4151607
-10.427167 -10.999473 -3.2851601
-13.573422 -11.770114 -3.5177855
-15.655848 -16.515133 -3.2211304
-14.879528 -14.234101 -3.4299977
-16.813288 -19.56797 -3.1331756
-2.5810325 -2.4518783 -3.3681672
-4.1146536 -4.310256 -3.3505368
-6.0912862 -5.7864799 -3.4023659
-7.344233 -7.6933632 -3.3249686
-9.5913963 -9.1114454 -3.419816
-10.460007 -10.957254 -3.2902472
-13.614424 -11.722662 -3.5247903
-15.732686 -16.480587 -3.2319045
-14.92623 -14.179326 -3.4377081
-16.907612 -19.539347 -3.1454704
-2.5895755 -2.4428542 -3.3695583
-4.1296744 -4.295867 -3.3528659
-6.1114478 -5.765183 -3.4056492
-7.3765211 -7.6733785 -3.3303378
-9.6231432 -9.0779114 -3.4249859
-10.500947 -10.923542 -3.2965875
-13.643154 -11.664715 -3.5301673
-16.268526 -16.923229 -3.2875566
-14.981438 -14.132613 -3.4464304
-16.933752 -19.432058 -3.1519437
-2.5954413 -2.4313211 -3.3692458
-4.1473241 -4.284193 -3.3562663
-6.1229472 -5.7357688 -3.4065359
-7.4060125 -7.6504235 -3.3351061
-9.6460848 -9.0361252 -3.4285965
-10.527951 -10.875391 -3.3008256
-13.677714 -11.611864 -3.5363462
-16.291422 -16.829065 -3.2931993
-15.019039 -14.069325 -3.4531183
-16.893528 -19.249817 -3.1527011
-2.6061435 -2.4251709 -3.3722708
-4.1641965 -4.2731748 -3.3595533
-6.1390629 -5.7127614 -3.4088495
-7.4203067 -7.6144981 -3.3366234
-9.6789026 -9.0067921 -3.4340236
-10.566732 -10.843266 -3.3068693
-13.710058 -11.561309 -3.5421677
-16.369417 -16.79781 -3.3040833
-15.071449 -14.024876 -3.4614396
-16.922913 -19.1548 -3.1592271
-2.6225808 -2.4234395 -3.3787811
-4.1736917 -4.2531142 -3.3597374
-6.158967 -5.6912961 -3.4121256
-7.4468412 -7.5885501 -3.3407798
-9.7102833 -8.97295 -3.4391887
-10.587805 -10.789285 -3.3102427
-13.744225 -11.508266 -3.5483303
-16.455902 -16.769049 -3.3160002
-15.105676 -13.958652 -3.4677675
-17.037434 -19.149292 -3.1733375
-2.6230102 -2.406918 -3.375052
-4.1885114 -4.2385201 -3.3620667
-6.1730146 -5.6644611 -3.4137943
-7.4649491 -7.5540771 -3.3430989
-9.7503147 -8.947051 -3.445925
-10.617014 -10.743775 -3.3148744
-13.781247 -11.457676 -3.5548966
-16.531162 -16.728537 -3.3268425
-15.148429 -13.900451 -3.4751112
-17.224037 -19.223492 -3.1937513
-2.6313961 -2.3977473 -3.3764424
-4.2032814 -4.2238736 -3.3643963
-6.184052 -5.634953 -3.4146519
-7.4996362 -7.5363779 -3.3490922
-9.772687 -8.9049435 -3.4495161
-10.654452 -10.70665 -3.3207793
-13.815015 -11.40443 -3.561044
-16.617601 -16.699013 -3.3388164
-15.199806 -13.850174 -3.4834869
-17.371262 -19.252165 -3.2108145
-2.6478145 -2.395844 -3.3829648
-4.2125468 -4.2037339 -3.3645682
-6.2036848 -5.6133318 -3.4179187
-7.5203028 -7.50457 -3.3520181
-9.8007708 -8.8681126 -3.4541516
-10.705836 -10.683439 -3.3288286
-13.85782 -11.358662 -3.5684299
-16.709684 -16.674728 -3.3513801
-15.256929 -13.805055 -3.4925601
-17.454466 -19.209135 -3.2223463
-2.656162 -2.3865862 -3.3843589
-4.221724 -4.1835804 -3.3647344
-6.2319956 -5.5995059 -3.423609
-7.549262 -7.4810538 -3.3567886
-9.8346205 -8.8364973 -3.4598413
-10.745891 -10.648801 -3.3351722
-13.891211 -11.305188 -3.5745654
-16.747953 -16.596634 -3.3586419
-15.293166 -13.741052 -3.4991965
-17.489079 -19.112745 -3.2296505
-2.659066 -2.3724735 -3.3823254
-4.2445374 -4.1769247 -3.3703032
-6.2515025 -5.5777197 -3.4268792
-7.5696936 -7.4491134 -3.3597062
-9.8594818 -8.796833 -3.4639409
-10.777325 -10.60565 -3.3402219
-13.927487 -11.25413 -3.58111
-16.765963 -16.498894 -3.3639021
-15.349961 -13.695552 -3.5082738
-17.51511 -19.007551 -3.2362053
-2.6781852 -2.3727934 -3.3905761
-4.2618465 -4.1647744 -3.3737144
-6.2650614 -5.5506606 -3.4285269
-7.6013036 -7.4281688 -3.365098
-9.8841887 -8.7571011 -3.4680338
-10.805747 -10.559626 -3.3448324
-13.969793 -11.207938 -3.58849
-16.857698 -16.473732 -3.3765075
-15.400657 -13.64453 -3.5166545
-17.586782 -18.952147 -3.2467804
-2.6759746 -2.353385 -3.3851762
-4.2687883 -4.1410804 -3.3729055
-6.2824187 -5.5250711 -3.4311435
-7.6256413 -7.3975077 -3.3688385
-9.9102592 -8.7155743 -3.4723768
-10.835814 -10.511642 -3.3497281
-14.007665 -11.154181 -3.5953746
-16.834908 -16.331263 -3.3778934
-15.444576 -13.582727 -3.5243759
-17.519831 -18.741758 -3.245348
-2.6864936 -2.3468838 -3.3882146
-4.2797227 -4.1242294 -3.3740277
-6.2947969 -5.4990473 -3.4326155
-7.6415911 -7.3639517 -3.3709142
-9.9420929 -8.6852741 -3.4778025
-10.882066 -10.486691 -3.3570805
-14.032076 -11.097786 -3.6002867
-16.797026 -16.186745 -3.3774095
-15.471517 -13.515702 -3.5298645
-17.480661 -18.575998 -3.2459073
-2.6891932 -2.3327401 -3.3861675
-4.2996597 -4.1145906 -3.3785264
-6.3169184 -5.4796095 -3.4366913
-7.6643953 -7.3344984 -3.3744376
-9.9543676 -8.6349144 -3.479732
-10.901367 -10.432141 -3.3603585
-14.070733 -11.048733 -3.6072326
-17.017756 -16.285263 -3.402992
-15.512581 -13.456385 -3.537163
-17.506962 -18.474298 -3.2524624
-2.6886747 -2.3167109 -3.3823245
-4.3104882 -4.0976567 -3.3796465
-6.3380251 -5.4611931 -3.4406056
-7.6915383 -7.3117671 -3.3790023
-9.9799395 -8.599268 -3.4840751
-10.935899 -10.395936 -3.3659604
-14.107293 -11.002016 -3.6138275
-17.115042 -16.269981 -3.4160922
-15.508792 -13.363234 -3.5390325
-17.796816 -18.655878 -3.2822707
-2.7077639 -2.3167379 -3.3905959
-4.3191648 -4.0772953 -3.3797896
-6.3570509 -5.4390345 -3.4438672
-7.7170167 -7.2848711 -3.3831499
-10.012913 -8.5669565 -3.4897501
-10.966341 -10.352236 -3.370975
-14.139317 -10.947824 -3.6199117
-17.206554 -16.243004 -3.4288239
-15.585642 -13.334931 -3.5506144
-17.820354 -18.550455 -3.288646
-2.7158341 -2.3072727 -3.3919845
-4.3277493 -4.0569267 -3.379926
-6.370019 -5.4117332 -3.4454873
-7.7308631 -7.2470798 -3.3847797
-10.042755 -8.5319548 -3.4948852
-11.011111 -10.322056 -3.3781958
-14.174286 -10.895979 -3.6264148
-17.292255 -16.210138 -3.4410036
-15.613862 -13.264962 -3.5564375
-17.871117 -18.473797 -3.2974575
-2.7266421 -2.3001156 -3.3950977
-4.3447037 -4.0444193 -3.3833375
-6.3858714 -5.3869348 -3.447922
-7.7618985 -7.2254348 -3.3901813
-10.078541 -8.5019627 -3.5011046
-11.041254 -10.278137 -3.3832042
-14.199569 -10.836769 -3.6316187
-17.328289 -16.130644 -3.4481993
-15.663116 -13.212947 -3.5647826
-17.86586 -18.339821 -3.3012555
-2.7374341 -2.292912 -3.3982134
-4.3616238 -4.0318437 -3.3867514
-6.3956175 -5.3570561 -3.4487066
-7.7841716 -7.1956139 -3.3936918
-10.095991 -8.4565392 -3.5040634
-11.074145 -10.236834 -3.3886514
-14.230962 -10.782328 -3.6376727
-17.279007 -15.97255 -3.4467714
-15.721368 -13.168431 -3.5742228
-17.971701 -18.320087 -3.3150373
-2.7426331 -2.2810252 -3.3978758
-4.3785076 -4.0191998 -3.3901682
-6.4142766 -5.3347001 -3.4519546
-7.8150625 -7.1737452 -3.3990998
-10.122395 -8.4187117 -3.5086448
-11.112738 -10.200808 -3.394989
-14.271693 -10.734983 -3.6450193
-17.317017 -15.895952 -3.4541733
-15.767235 -13.113478 -3.582207
-18.086031 -18.308365 -3.3296247
-2.7477839 -2.2691286 -3.3975353
-4.3982053 -4.0090799 -3.394686
-6.4328604 -5.3122759 -3.4552021
-7.8400578 -7.14642 -3.4032431
-10.151722 -8.3833237 -3.5137699
-11.139462 -10.153914 -3.3995337
-14.30908 -10.685097 -3.6519308
-17.528696 -15.977871 -3.4792378
-15.797548 -13.045664 -3.5883508
-18.225845 -18.321526 -3.3465621
-2.7584913 -2.2618215 -3.4006524
-4.4121723 -3.9937031 -3.3970098
-6.4513645 -5.2897882 -3.4584484
-7.8766775 -7.1296196 -3.4099333
-10.174788 -8.342804 -3.5177953
-11.183683 -10.122975 -3.4067709
-14.346292 -10.635083 -3.6588383
-17.566614 -15.90052 -3.486692
-15.82141 -12.972746 -3.5937366
-18.292515 -18.260614 -3.3569212
-2.7663693 -2.2521794 -3.40204
-4.4318151 -3.983428 -3.4015357
-6.469789 -5.2672377 -3.4616933
-7.8956356 -7.0967975 -3.4128041
-10.203845 -8.3072386 -3.522913
-11.227823 -10.091852 -3.4140162
-14.38974 -10.589665 -3.6666193
-15.869686 -12.919959 -3.6020656
-17.519838 -17.367617 -3.2909799
-2.774214 -2.2425091 -3.4034271
-4.445693 -3.9679337 -3.4038618
-6.485085 -5.242156 -3.4641066
-7.908566 -7.0586662 -3.4143882
-10.220438 -8.2615929 -3.5258214
-11.251115 -10.042006 -3.4180949
-14.423403 -10.53702 -3.6730826
-17.635511 -15.740298 -3.5009301
-15.905386 -12.856966 -3.6089048
-17.614494 -17.339958 -3.3037362
-2.7820249 -2.2328115 -3.4048135
-4.4537516 -3.9472811 -3.4039788
-6.5033441 -5.2194867 -3.4673476
-7.9361148 -7.0336385 -3.4191666
-10.249214 -8.2258654 -3.5309296
-11.280146 -9.9973946 -3.42307
-14.456872 -10.48427 -3.6795387
-17.600761 -15.599244 -3.5009778
-15.956388 -12.806357 -3.6176026
-17.68062 -17.283945 -3.3139203
-2.7841318 -2.2185686 -3.4027274
-4.4675026 -3.9317105 -3.406301
-6.5184565 -5.1943097 -3.4697537
-7.9635849 -7.0085039 -3.4239473
-10.284072 -8.1949844 -3.5371456
-11.306018 -9.9500751 -3.4275808
-14.470755 -10.417455 -3.683327
-17.208786 -15.144918 -3.4643407
-16.000994 -12.750582 -3.6255519
-18.499857 -17.958944 -3.3931377
-2.7947025 -2.2110858 -3.4058475
-4.4782996 -3.9135575 -3.4075153
-6.533473 -5.1690907 -3.4721556
-7.9909773 -6.9832644 -3.4287305
-10.315727 -8.1614981 -3.5428095
-11.340681 -9.9105492 -3.4334562
-14.500551 -10.362248 -3.6893151
-17.213472 -15.042744 -3.4683387
-16.048532 -12.697124 -3.6338756
-2.7995527 -2.1990776 -3.4054923
-4.4890242 -3.8953764 -3.408726
-6.5422225 -5.1389837 -3.4728794
-8.0123196 -6.9527369 -3.4322231
-10.344153 -8.1254396 -3.5479162
-11.381215 -9.8761148 -3.4402497
-14.536634 -10.311569 -3.6961858
-17.72397 -15.380077 -3.5244639
-16.092754 -12.641026 -3.6418202
-18.616137 -17.821074 -3.412497
-2.8011131 -2.1853218 -3.4033241
-4.4989996 -3.877954 -3.4098175
-6.5623217 -5.1196737 -3.4767849
-8.0293455 -6.9209681 -3.4348574
-10.361657 -8.0837698 -3.5510871
-11.428966 -9.8513012 -3.4481382
-14.564237 -10.258718 -3.7018135
-17.838348 -15.375928 -3.53971
-16.11887 -12.575328 -3.6474638
-18.666452 -17.750988 -3.4212644
-2.8259203 -2.1888509 -3.4151521
-4.5154343 -3.8647318 -3.4132442
-6.580152 -5.0967369 -3.4800134
-8.0594578 -6.8980398 -3.4402876
-10.380399 -8.0402641 -3.5545013
-11.445151 -9.7958336 -3.4512422
-14.616274 -10.21923 -3.7109206
-17.973759 -15.383627 -3.5573573
-16.159515 -12.516548 -3.6550119
-18.687666 -17.647356 -3.4275694
-2.8163006 -2.1657138 -3.4060795
-4.537703 -3.8564296 -3.4189003
-6.5916839 -5.0689545 -3.4815576
-8.0925245 -6.8775434 -3.4463742
-10.411546 -8.0063992 -3.5601547
-11.473216 -9.7506714 -3.4561846
-14.67149 -10.181772 -3.7204902
-18.051672 -15.341463 -3.5690987
-16.206266 -12.462495 -3.6633203
-18.754978 -17.587477 -3.4381537
-2.826725 -2.1580696 -3.4092011
-4.5481925 -3.8380821 -3.4201057
-6.6093378 -5.0459142 -3.4847803
-8.1164818 -6.8492532 -3.4505117
-10.43943 -7.9700074 -3.5652449
-11.507182 -9.7105627 -3.4620507
-14.71022 -10.132755 -3.7278109
-18.102064 -15.275784 -3.5780118
-16.240164 -12.398591 -3.670089
-17.779184 -16.55617 -3.3517303
-2.8342414 -2.1481886 -3.4105787
-4.5645161 -3.8246555 -3.4235399
-6.6237864 -5.0204415 -3.4871573
-8.1373119 -6.8183389 -3.4539948
-10.473515 -7.9383097 -3.5714648
-11.547107 -9.6754417 -3.4688504
-14.719202 -10.063359 -3.7310436
-18.155279 -15.212499 -3.5872376
-16.264282 -12.327373 -3.6756864
-17.810493 -16.469614 -3.3587618
-2.8359289 -2.1339233 -3.4084611
-4.5748763 -3.8062365 -3.4247408
-6.6444039 -4.999649 -3.4912212
-8.1489086 -6.7797837 -3.4555066
-10.491647 -7.894546 -3.574851
-11.547178 -9.6070986 -3.4695561
-14.757533 -10.014156 -3.7383473
-18.100908 -15.059715 -3.5852652
-16.30084 -12.265733 -3.6828117
-17.81789 -16.36145 -3.3635643
-2.8404558 -2.1218417 -3.4080861
-4.579226 -3.7828841 -3.4236994
-6.6681004 -4.9811206 -3.496134
-8.1633825 -6.7437453 -3.4576621
-10.525496 -7.8626246 -3.5810697
-11.595974 -9.5793982 -3.477756
-14.812221 -9.9759312 -3.747936
-18.091839 -14.945611 -3.5880027
-16.349945 -12.21353 -3.6914856
-2.8507569 -2.1140728 -3.4112074
-4.5864468 -3.7619908 -3.4237695
-6.6854467 -4.9578137 -3.4993534
-8.18993 -6.7177148 -3.4624407
-10.552878 -7.8258352 -3.5861516
-11.623193 -9.5338173 -3.4826643
-14.866818 -9.9374447 -3.7575383
-18.100706 -14.846938 -3.5926125
-16.386072 -12.151632 -3.6985974
-18.902239 -17.115473 -3.4736359
-2.8551996 -2.1019604 -3.4108281
-4.5935764 -3.7410941 -3.4238322
-6.7058702 -4.9367733 -3.5034215
-8.2163935 -6.6915836 -3.467221
-10.583327 -7.7913065 -3.5918026
-11.665651 -9.5007229 -3.4899328
-14.881503 -9.8722839 -3.7616305
-18.22049 -14.839105 -3.6088576
-16.434811 -12.099092 -3.707269
-19.101379 -17.174835 -3.4967291
-2.8654466 -2.0941193 -3.4139509
-4.6096029 -3.727457 -3.4272597
-6.7103958 -4.9040761 -3.5032313
-8.2366295 -6.6603742 -3.47068
-10.613665 -7.7566543 -3.5974541
-11.698746 -9.4599409 -3.4957833
-14.889262 -9.8027506 -3.7647774
-18.346643 -14.835622 -3.6258202
-16.470509 -12.03694 -3.7143669
-19.188013 -17.131973 -3.5092866
-2.8727391 -2.0841043 -3.4153214
-4.6165795 -3.7065208 -3.4273136
-6.730648 -4.882926 -3.5072944
-8.253664 -6.6266332 -3.4734712
-10.627828 -7.710238 -3.6002314
-11.7441 -9.4290056 -3.5035381
-14.940062 -9.761611 -3.7739172
-18.382763 -14.758999 -3.6333535
-16.48661 -11.960646 -3.7190802
-19.238741 -17.056946 -3.5184779
-2.8829379 -2.0761828 -3.418447
-4.6325006 -3.692786 -3.4307404
-6.7508335 -4.8616948 -3.5113587
-8.2767429 -6.5977845 -3.4775836
-10.670776 -7.6846895 -3.608181
-11.786269 -9.3953943 -3.5108247
-14.9707 -9.7072363 -3.7802777
-18.427923 -14.689772 -3.641854
-16.531494 -11.905356 -3.7273386
-19.283176 -16.976501 -3.5270884
-2.8872185 -2.0639985 -3.4180603
-4.6544237 -3.683764 -3.4364259
-6.7645726 -4.8358197 -3.5137115
-8.2935247 -6.5639467 -3.4803624
-10.69108 -7.6427794 -3.612098
-11.812757 -9.3492575 -3.5157192
-14.98775 -9.644145 -3.7847655
-18.469704 -14.617928 -3.6500151
-16.566463 -11.842941 -3.7343998
-19.345325 -16.911715 -3.5373964
-2.9003186 -2.0581038 -3.4229455
-4.6702828 -3.6698742 -3.4398599
-6.7782125 -4.8099074 -3.5160594
-8.3101721 -6.5300722 -3.4831333
-10.711221 -7.600821 -3.6160054
-11.835938 -9.3005943 -3.5201235
-15.01125 -9.5853376 -3.7901683
-18.476692 -14.51885 -3.6545084
-16.601202 -11.780427 -3.7414508
-19.398212 -16.838852 -3.5468433
-2.9067702 -2.0489819 -3.4241788
-4.6848254 -3.6575546 -3.4430656
-6.7836728 -4.7818103 -3.5163634
-8.3337622 -6.5063658 -3.487494
-10.73829 -7.5694194 -3.621141
-11.865099 -9.2633648 -3.5253811
-15.048018 -9.5423965 -3.797224
-18.52536 -14.463188 -3.6630495
-16.641388 -11.730513 -3.7489114
-18.689301 -16.12079 -3.4830985
-2.9083188 -2.0341592 -3.4220943
-4.6981993 -3.6403599 -3.4454863
-6.8011532 -4.7569156 -3.5197191
-8.3606758 -6.4781985 -3.4924707
-10.759457 -7.5254636 -3.625288
-11.898971 -9.2198162 -3.531512
-15.086263 -9.4893036 -3.8048291
-18.543547 -14.368309 -3.6689341
-16.681002 -11.667157 -3.7567403
-19.409283 -16.618155 -3.5564992
-2.9090929 -2.0203676 -3.419867
-4.7010875 -3.6177127 -3.4442737
-6.8201108 -4.7365727 -3.5236158
-8.372716 -6.4432073 -3.4943504
-10.768057 -7.4784245 -3.6271687
-11.920024 -9.1730318 -3.5355992
-15.093998 -9.4244566 -3.8079748
-18.572119 -14.292138 -3.6755548
-16.713049 -11.607227 -3.7633731
-18.621975 -15.837344 -3.4851196
-2.9191132 -2.0122576 -3.4229932
-4.7075658 -3.5966024 -3.4443018
-6.8398337 -4.714962 -3.5276737
-8.3920155 -6.4115396 -3.4977717
-10.790832 -7.4385381 -3.6316261
-11.942492 -9.1241207 -3.5399668
-15.116649 -9.3654137 -3.8133287
-18.640921 -14.241751 -3.6866679
-16.74362 -11.542025 -3.7699814
-19.488405 -16.457319 -3.5726879
-2.9294605 -2.003592 -3.4261894
-4.7145772 -3.5746708 -3.4444373
-6.8538303 -4.6876478 -3.5301607
-8.4123087 -6.3783526 -3.5013921
-10.81147 -7.3944588 -3.635741
-11.979022 -9.0826931 -3.5465689
-15.140694 -9.3036947 -3.8190055
-18.72797 -14.199858 -3.6999483
-16.789101 -11.482833 -3.7785959
-19.530233 -16.370398 -3.5813489
-2.9304376 -1.9892819 -3.4240191
-4.733181 -3.5628252 -3.4490054
-6.8733964 -4.6658983 -3.5342171
-8.4282055 -6.3441949 -3.5041263
-10.837215 -7.3566751 -3.6407719
-11.997943 -9.0312567 -3.550427
-15.176476 -9.2528601 -3.8262365
-18.758293 -14.12 -3.7069998
-16.825779 -11.421919 -3.7859991
-19.550438 -16.271482 -3.5877123
-2.9460371 -1.9856316 -3.4306149
-4.7449703 -3.5471096 -3.4511836
-6.8920851 -4.6452713 -3.538115
-8.4428673 -6.3114777 -3.5066483
-10.854973 -7.3162613 -3.6443686
-12.021457 -8.9866571 -3.5549643
-15.19004 -9.1921721 -3.8302579
-18.805016 -14.057716 -3.7156322
-16.863565 -11.366058 -3.7934153
-19.622751 -16.221821 -3.5989068
-2.9499371 -1.9733202 -3.4302082
-4.75423 -3.528229 -3.4523337
-6.9049978 -4.6190042 -3.5404334
-8.4553251 -6.2749009 -3.508687
-10.873849 -7.2739129 -3.6482069
-12.04956 -8.9422684 -3.5602767
-15.235695 -9.1472931 -3.8389146
-18.834745 -13.977719 -3.7226474
-16.896511 -11.302691 -3.8003917
-19.642231 -16.122831 -3.6052186
-2.9511085 -1.9584855 -3.4280949
-4.7702312 -3.5130646 -3.4558802
-6.9022713 -4.5806508 -3.5385478
-8.4814501 -6.246213 -3.5136425
-10.900434 -7.2340083 -3.6534724
-12.07905 -8.8956861 -3.5658727
-15.269118 -9.0913897 -3.8459885
-18.901915 -13.920424 -3.7338994
-16.944466 -11.245094 -3.8094013
-19.611444 -15.977612 -3.6068618
-2.957587 -1.9486885 -3.4293838
-4.7756367 -3.4926784 -3.455766
-6.9272499 -4.5642114 -3.5441813
-8.5053072 -6.220386 -3.5181921
-10.921052 -7.1956387 -3.6576388
-12.105274 -8.8532343 -3.5708828
-15.27518 -9.0265217 -3.8490031
-18.928648 -13.843533 -3.7404313
-16.971678 -11.182261 -3.8155556
-19.679836 -15.925049 -3.6177197
-2.9768472 -1.9457695 -3.437902
-4.7915225 -3.4774148 -3.459311
-6.9406486 -4.5366464 -3.5466406
-8.5312462 -6.1914935 -3.523149
-10.944028 -7.1533928 -3.6622987
-12.124764 -8.7994652 -3.5749707
-15.32534 -8.980545 -3.8584752
-18.979256 -13.774066 -3.7499404
-16.992523 -11.106897 -3.8212221
-19.762966 -15.872811 -3.6304862
-2.9988277 -1.9452311 -3.4481378
-4.8005061 -3.4584162 -3.4604487
-6.9630232 -4.5166612 -3.5515642
-8.539978 -6.1524348 -3.5244741
-10.978918 -7.1216269 -3.6690924
-12.165086 -8.7640619 -3.5822527
-15.370366 -8.9350014 -3.8671348
-19.014271 -13.698402 -3.7575891
-17.001087 -11.02799 -3.8252199
-19.677809 -15.691732 -3.6265702
-2.9927344 -1.9279462 -3.4422622
-4.8144813 -3.4455588 -3.4636519
-6.9870715 -4.5011339 -3.5570519
-8.5689096 -6.1324739 -3.5301909
-10.987897 -7.0785012 -3.6711986
-12.18286 -8.718854 -3.5859554
-15.374219 -8.8727293 -3.8697689
-19.047482 -13.631628 -3.7646701
-17.039005 -10.976679 -3.8326118
-19.742659 -15.642225 -3.6369054
-4.8213944 -3.4225879 -3.4638619
-7.000998 -4.4721608 -3.5596647
-8.5923939 -6.0995269 -3.5346599
-11.004964 -7.0298505 -3.6748877
-12.213007 -8.6697092 -3.5918062
-15.415089 -8.8175879 -3.8781159
-19.102938 -13.5607 -3.7749577
-17.097826 -10.921904 -3.843235
-19.937521 -15.672383 -3.6609495
-4.830162 -3.4035187 -3.4649882
-7.0165648 -4.4476967 -3.5628347
-8.6136312 -6.0694976 -3.5387197
-11.042839 -6.9998922 -3.6822798
-12.236691 -8.6224451 -3.5965681
-15.43538 -8.7578306 -3.8833399
-19.137106 -13.484744 -3.7825625
-17.132477 -10.860023 -3.850554
-20.149446 -15.725492 -3.6863182
-4.843987 -3.3905351 -3.4681895
-7.0172272 -4.4172716 -3.5621586
-8.632658 -6.0424047 -3.542372
-11.061419 -6.9630489 -3.6861639
-12.257203 -8.5793943 -3.600745
-15.46629 -8.7112465 -3.8898485
-19.159763 -13.410822 -3.7885368
-17.142897 -10.791276 -3.8545454
-20.173517 -15.64254 -3.6927466
-4.8690352 -3.3815482 -3.475198
-7.0400233 -4.3956795 -3.5672429
-8.6450052 -6.003962 -3.5445495
-11.080132 -6.9182596 -3.6901824
-12.291831 -8.536685 -3.6072979
-15.498112 -8.6545048 -3.896862
-19.1924 -13.329134 -3.7961953
-17.192474 -10.73471 -3.8639274
-20.230709 -15.5685 -3.7031393
-4.8776388 -3.3623455 -3.4763217
-7.0586581 -4.3731432 -3.5712879
-8.6691647 -5.9759912 -3.5492926
-11.094097 -6.8732715 -3.693336
-12.321555 -8.4937258 -3.6130538
-15.521259 -8.5964947 -3.9025455
-19.219097 -13.248468 -3.8030236
-17.229843 -10.67463 -3.8716445
-20.272243 -15.488092 -3.7117729
-4.888762 -3.3461521 -3.4784851
-7.0697808 -4.3476577 -3.5734024
-8.6824121 -5.9427457 -3.5517447
-11.116828 -6.8364439 -3.6980526
-12.346371 -8.450572 -3.6180079
-15.560153 -8.5507298 -3.9103651
-19.259632 -13.182409 -3.8111858
-17.258354 -10.613259 -3.8781116
-20.317135 -15.415956 -3.7205288
-4.8946199 -3.3238833 -3.4785557
-7.089016 -4.3237581 -3.5776029
-8.7074041 -5.9131036 -3.5566862
-11.158747 -6.8059835 -3.7063098
-12.380552 -8.4074984 -3.6245544
-15.584394 -8.489831 -3.9163642
-19.294615 -13.102764 -3.8191473
-17.293734 -10.547856 -3.8857672
-20.367123 -15.336582 -3.7302616
-4.9093871 -3.3089304 -3.4819877
-7.1007113 -4.2969556 -3.5798671
-8.7247152 -5.8804641 -3.5600271
-11.179044 -6.7649355 -3.7106628
-12.409825 -8.3642311 -3.6302991
-15.613935 -8.435379 -3.9230156
-19.320383 -13.021951 -3.8259137
-17.309982 -10.475039 -3.8908679
-20.410942 -15.258224 -3.7391696
-4.9267354 -3.296916 -3.4864695
-7.1182833 -4.275404 -3.5837498
-8.7408829 -5.8493004 -3.5631604
-11.194612 -6.7237401 -3.7141478
-12.444104 -8.3274546 -3.6367829
-15.648843 -8.3873167 -3.9303298
-19.346878 -12.946714 -3.8325748
-17.33437 -10.41142 -3.8968608
-20.455019 -15.185696 -3.7478921
-4.9419947 -3.2809684 -3.4900193
-7.1372743 -4.2512946 -3.5879476
-8.7688465 -5.8215985 -3.5687985
-11.21236 -6.678607 -3.7181175
-12.467914 -8.2773924 -3.6417761
-15.682993 -8.3317766 -3.9378042
-19.397522 -12.87793 -3.8423116
-17.362137 -10.341702 -3.9036045
-20.500895 -15.103523 -3.7572651
-4.9554935 -3.2675464 -3.4932296
-7.1505952 -4.2288508 -3.5907798
-8.7738943 -5.7853184 -3.5696118
-11.226456 -6.6393089 -3.7213356
-12.483896 -8.2316141 -3.6453819
-15.705567 -8.2806082 -3.9432724
-19.444548 -12.821319 -3.8510768
-17.384247 -10.281017 -3.9091849
-20.5418 -15.034328 -3.7654724
-4.9642129 -3.2472532 -3.4944487
-7.1558957 -4.1966615 -3.5913954
-8.7983475 -5.7552853 -3.5745416
-11.264405 -6.6061463 -3.7289875
-12.51731 -8.1879797 -3.651912
-15.714633 -8.2119207 -3.9471991
-19.461355 -12.730305 -3.8571043
-17.42181 -10.217231 -3.9172111
-20.596766 -14.958937 -3.7757959
-4.9722867 -3.2278075 -3.4955497
-7.1671119 -4.1696849 -3.5936353
-8.8150682 -5.7223864 -3.5778561
-11.283967 -6.5647902 -3.7333066
-12.539145 -8.1399059 -3.6565914
-15.746737 -8.1588478 -3.9543161
-19.49898 -12.657949 -3.8652558
-17.453924 -10.154349 -3.9244084
-20.64238 -14.882279 -3.7849672
-4.9797254 -3.2092159 -3.4965329
-7.1842952 -4.1478572 -3.5975091
-8.8173828 -5.6824193 -3.5781298
-11.295364 -6.5213861 -3.7361312
-12.562724 -8.0961285 -3.6614971
-15.773705 -8.1065884 -3.9605904
-19.56097 -12.606193 -3.8759379
-17.470238 -10.086452 -3.92945
-20.668896 -14.797484 -3.7919912
-4.9908981 -3.1918125 -3.498796
-7.1953278 -4.1208034 -3.5997407
-8.840497 -5.6537337 -3.5828469
-11.304288 -6.4740272 -3.7385681
-12.58421 -8.0479383 -3.6661582
-15.812556 -8.0569 -3.9687176
-19.571243 -12.516332 -3.8810775
-17.508801 -10.027386 -3.9375069
-20.717171 -14.722927 -3.8014627
-5.0052609 -3.1764348 -3.5022295
-7.2096686 -4.0956616 -3.6028676
-8.8635149 -5.6249571 -3.5875635
-11.333717 -6.4384475 -3.7447264
-12.602152 -7.9975677 -3.6702828
-15.822807 -7.9926739 -3.9727566
-19.604706 -12.441524 -3.8888144
-17.543695 -9.9662066 -3.9451153
-20.755392 -14.641316 -3.8099291
-5.0130587 -3.1568928 -3.5033162
-7.2239199 -4.0704718 -3.6059909
-8.8764057 -5.5897732 -3.5901408
-11.356121 -6.3988485 -3.7496367
-12.626625 -7.9514132 -3.6754475
-15.864856 -7.944531 -3.9813862
-19.621002 -12.356009 -3.8946452
-17.43597 -9.8246689 -3.9344492
-20.780212 -14.550465 -3.8170431
-5.0235 -3.1402512 -3.505461
-7.2373796 -4.0464935 -3.6089559
-8.8982449 -5.5624018 -3.5946529
-11.380744 -6.3630919 -3.7549231
-12.66304 -7.9158216 -3.682435
-15.926783 -7.9095912 -3.992775
-19.661869 -12.290874 -3.9030397
-17.545012 -9.809597 -3.951438
-20.818516 -14.47464 -3.8253136
-5.0382495 -3.1238475 -3.5090063
-7.252162 -4.0199399 -3.6122293
-8.9152136 -5.527668 -3.5981324
-11.397048 -6.3174887 -3.7588155
-12.705489 -7.877739 -3.690526
-15.941374 -7.8441305 -3.9976273
-19.69322 -12.210316 -3.9107857
-17.647097 -9.7819481 -3.9678957
-20.858288 -14.389171 -3.8342085
-5.0458431 -3.1042225 -3.5100834
-7.2695875 -3.9964881 -3.616251
-8.9378223 -5.4985833 -3.6028411
-11.4086 -6.2719288 -3.7618232
-12.72275 -7.827086 -3.6946192
-15.979397 -7.7936697 -4.0057497
-19.72213 -12.133131 -3.9180715
-17.670654 -9.7145214 -3.9741244
-20.898508 -14.309503 -3.8429351
-5.0467844 -3.0805705 -3.5087962
-7.2766056 -3.967335 -3.6175466
-8.9535866 -5.4652929 -3.6061108
-11.430423 -6.23207 -3.7667079
-12.746598 -7.7805572 -3.6997643
-16.002918 -7.736114 -4.0117989
-19.767765 -12.066297 -3.9272573
-17.697456 -9.6489677 -3.9807875
-20.948326 -14.236471 -3.8526638
-5.063561 -3.0678096 -3.5132918
-7.2931724 -3.9450488 -3.6214077
-8.9615192 -5.4294271 -3.6077344
-11.444047 -6.1903543 -3.7700801
-12.772329 -7.738245 -3.7051528
-16.057217 -7.696775 -4.0221882
-19.814495 -12.004813 -3.9363849
-17.739878 -9.5959167 -3.9893246
-20.995424 -14.166925 -3.861901
-5.0775404 -3.0521002 -3.5167215
-7.3068986 -3.9195664 -3.6245129
-8.9770298 -5.3960762 -3.6109893
-11.469082 -6.152245 -3.7755859
-12.785629 -7.6854186 -3.7086759
-16.10557 -7.6509309 -4.0318789
-19.83918 -11.925296 -3.9432418
-17.597605 -9.4397068 -3.9741554
-21.048065 -14.095771 -3.8719606
-5.0820746 -3.0295255 -3.5167115
-7.3142872 -3.8890772 -3.6259434
-8.9933519 -5.3611155 -3.6144357
-11.495056 -6.1120324 -3.7813323
-12.820543 -7.6425796 -3.7156901
-16.119087 -7.5850706 -4.0366774
-19.869045 -11.844332 -3.9509027
-17.776405 -9.4518862 -4.0006943
-21.05636 -13.989818 -3.8776822
-5.0926189 -3.0117662 -3.5189528
-7.3278189 -3.8635201 -3.629039
-9.0120115 -5.3296881 -3.618402
-11.512814 -6.0700169 -3.7855608
-12.847143 -7.5977783 -3.7213445
-16.156296 -7.5338035 -4.0447998
-19.906836 -11.772868 -3.9592757
-17.830452 -9.4009295 -4.0109625
-21.111736 -13.920622 -3.8880591
-5.1092224 -2.9987626 -3.5234542
-7.3336391 -3.8355649 -3.6301448
-9.0296345 -5.2997756 -3.6221664
-11.539909 -6.0354853 -3.7914515
-12.865407 -7.5511103 -3.7256298
-16.163113 -7.4718332 -4.048388
-19.921675 -11.692656 -3.9648499
-17.843863 -9.3325148 -4.0158148
-21.161119 -13.852727 -3.8976026
-5.1130018 -2.9770319 -3.5233178
-7.3469839 -3.8099406 -3.6332309
-9.0549116 -5.2721987 -3.6275818
-11.553864 -5.9915109 -3.7950289
-12.898563 -7.5101542 -3.7323556
-16.196341 -7.4186807 -4.0559721
-19.962374 -11.623039 -3.9735861
-17.865717 -9.2646618 -4.0219426
-21.195959 -13.770072 -3.9058838
-5.1200261 -2.9572408 -3.524363
-7.3602371 -3.7842729 -3.6363132
-9.0732574 -5.240561 -3.6315401
-11.578234 -5.95296 -3.8005166
-12.92814 -7.4670763 -3.7385378
-16.229391 -7.3653951 -4.0635533
-19.988995 -11.545307 -3.9807339
-17.905035 -9.2058907 -4.0303617
-21.237181 -13.691678 -3.9148448
-5.1336598 -2.9412651 -3.5277863
-7.3734021 -3.7585578 -3.6393921
-9.0777798 -5.2009983 -3.6325717
-11.595409 -5.9107065 -3.804718
-12.954128 -7.4219027 -3.7441733
-16.280428 -7.3201318 -4.073782
-20.018791 -11.469511 -3.9882586
-17.940613 -9.1451445 -4.0383153
-21.264671 -13.604556 -3.9223862
-5.1505938 -2.9271338 -3.532403
-7.3759756 -3.7274895 -3.6397028
-9.0924435 -5.167326 -3.6357846
-11.605347 -5.8648252 -3.8076231
-12.973042 -7.3727088 -3.7487099
-16.309519 -7.2648778 -4.080833
-20.037891 -11.387733 -3.9945736
-17.979544 -9.0860605 -4.0467281
-21.308661 -13.528105 -3.9316683
-5.16078 -2.909138 -3.5346348
-7.3994617 -3.7069919 -3.6455395
-9.110425 -5.1355577 -3.6397245
-11.632842 -5.827836 -3.81374
-12.991769 -7.3234763 -3.7532351
-16.30563 -7.1950436 -4.0830812
-20.042757 -11.298127 -3.9992645
-18.018278 -9.0268202 -4.0551376
-21.328732 -13.436625 -3.9384558
-5.167541 -2.8892248 -3.5356688
-7.4053307 -3.677649 -3.646759
-9.1282959 -5.103723 -3.6436608
-11.663776 -5.7924862 -3.8205044
-13.013782 -7.2761378 -3.7582986
-16.326996 -7.1364827 -4.0890388
-19.939278 -11.148252 -3.9914987
-18.05682 -8.967411 -4.0635457
-21.35181 -13.347274 -3.9455683
-5.1708584 -2.8674328 -3.5355008
-7.4181232 -3.651777 -3.649821
-9.1460562 -5.0718279 -3.647593
-11.691046 -5.7552419 -3.8266234
-13.035625 -7.2287374 -3.7633541
-16.355465 -7.0810294 -4.0960569
-20.005989 -11.094064 -4.0033054
-18.073706 -8.8972836 -4.0691347
-21.398273 -13.272661 -3.9551566
-5.183713 -2.8521264 -3.5388091
-7.4231439 -3.6237164 -3.650872
-9.1558981 -5.0376592 -3.6498485
-11.695805 -5.7094779 -3.8286042
-13.073462 -7.1931386 -3.7708831
-16.364214 -7.020472 -4.1000581
-20.105597 -11.062284 -4.0187325
-18.092363 -8.8320522 -4.0748014
-21.452368 -13.207907 -3.9653361
-5.2003994 -2.8377061 -3.5434291
-7.4534006 -3.6063256 -3.6585677
-9.1803656 -5.0094576 -3.6552494
-11.697803 -5.6599784 -3.830157
-13.098489 -7.1474628 -3.7764821
-16.417942 -6.97577 -4.110827
-20.165102 -11.003507 -4.0297737
-18.115906 -8.7653751 -4.0812955
-21.494932 -13.130867 -3.9745519
-5.2068858 -2.8177025 -3.5444486
-7.4659438 -3.5802865 -3.661623
-9.1943207 -4.9755001 -3.6584289
-11.728222 -5.624258 -3.83691
-13.109368 -7.0941253 -3.7798541
-16.442192 -6.9184175 -4.1172895
-20.006865 -10.8267 -4.0156188
-18.15358 -8.705533 -4.0896688
-21.550877 -13.061961 -3.9852066
-5.2166896 -2.7995098 -3.5466657
-7.4748526 -3.5525196 -3.6637428
-9.2151146 -4.9452443 -3.6630864
-11.751366 -5.5849872 -3.8423579
-13.123538 -7.0426793 -3.7837651
-16.466242 -6.860981 -4.1237426
-19.851158 -10.653022 -4.0016956
-18.169453 -8.6352654 -4.0951886
-21.610025 -12.994884 -3.9962261
-5.2332301 -2.7849028 -3.5512891
-7.4801102 -3.5230649 -3.664923
-9.2358093 -4.9149055 -3.6677427
-11.767199 -5.5422454 -3.8464916
-13.148041 -6.9968295 -3.7893364
-16.482727 -6.800427 -4.1290998
-20.247519 -10.77487 -4.0518956
-18.192272 -8.5683966 -4.1016402
-21.668964 -12.927556 -4.0072484
-5.2361069 -2.7630219 -3.5510931
-7.4888096 -3.4952722 -3.6670282
-9.2494144 -4.8807898 -3.670907
-11.775688 -5.4960985 -3.849303
-13.168869 -6.9490323 -3.7943428
-16.491619 -6.7368212 -4.1333542
-20.288538 -10.705984 -4.0608783
-18.207623 -8.4980927 -4.1071219
-21.655563 -12.817269 -4.0105724
-3.211144 -1.4857982 -3.4844303
-5.2315893 -2.7384989 -3.5483642
-7.5039182 -3.4720674 -3.6708469
-9.258544 -4.8464265 -3.6731215
-11.790247 -5.4553542 -3.8531775
-13.181269 -6.8997941 -3.7979388
-16.539711 -6.6925564 -4.1432705
-20.338068 -10.646053 -4.0706625
-18.174192 -8.4092102 -4.1059804
-21.680735 -12.735281 -4.0177794
-3.2393787 -1.4851553 -3.4985504
-5.2445354 -2.7219937 -3.5517747
-7.5159922 -3.4458511 -3.6738791
-9.2718973 -4.8122554 -3.67627
-11.809218 -5.4141631 -3.8579419
-13.198214 -6.8500733 -3.8023615
-16.559275 -6.633296 -4.1491408
-20.375109 -10.57499 -4.0792236
-18.250547 -8.3673143 -4.119576
-21.725058 -12.659517 -4.0272889
-3.2448001 -1.4732732 -3.4999208
-5.2510519 -2.7009926 -3.5528758
-7.5250006 -3.4166605 -3.6761198
-9.2965031 -4.7818584 -3.6818557
-11.828982 -5.3708458 -3.8629375
-13.230305 -6.805295 -3.8093057
-16.550154 -6.5593557 -4.150928
-20.403084 -10.49477 -4.0869551
-18.299244 -8.3086119 -4.1297083
-21.750572 -12.567828 -4.0350356
-3.2598414 -1.4663992 -3.5067279
-5.260448 -2.6826465 -3.5550725
-7.5261493 -3.385545 -3.6763215
-9.316658 -4.7511735 -3.6864967
-11.858515 -5.3344059 -3.8696773
-13.261065 -6.7626843 -3.815973
-16.569242 -6.5000906 -4.1567616
-20.428926 -10.418046 -4.0942402
-18.324499 -8.2430487 -4.1365747
-21.756214 -12.469993 -4.0404162
-3.2514422 -1.449676 -3.5006251
-5.2693152 -2.6651871 -3.5571575
-7.5409174 -3.3621657 -3.6801269
-9.3253088 -4.7166834 -3.6886833
-11.865266 -5.290204 -3.8721969
-13.283419 -6.7186708 -3.8212287
-16.605555 -6.4508767 -4.1650214
-20.459805 -10.348443 -4.1019187
-18.355375 -8.1838598 -4.144033
-21.797445 -12.397776 -4.0494003
-25.162277 -9.7749672 -4.4885292
-3.2534173 -1.4362851 -3.5001514
-5.2721605 -2.6424041 -3.5570304
-7.556778 -3.3360884 -3.6842325
-9.3354673 -4.6789312 -3.6912477
-11.880946 -5.2450781 -3.8765075
-13.297288 -6.6645937 -3.8253243
-16.617935 -6.3856854 -4.1700492
-20.490461 -10.269808 -4.1100154
-18.39254 -8.1197491 -4.1527038
-21.797541 -12.292312 -4.0544343
-25.183027 -9.6769485 -4.4970045
-3.2550895 -1.423467 -3.4996085
-5.281352 -2.6239843 -3.559217
-7.5611897 -3.3065464 -3.6853523
-9.3552818 -4.6480737 -3.6958754
-11.906454 -5.2067528 -3.8825727
-13.320471 -6.6181359 -3.8308394
-16.640123 -6.3276381 -4.176403
-20.526184 -10.198219 -4.1185141
-18.41712 -8.0538998 -4.1595397
-21.850765 -12.221993 -4.0649853
-25.18679 -9.5776272 -4.5033073
-3.2666917 -1.4149779 -3.5045805
-5.287024 -2.6038313 -3.5601838
-7.5690861 -3.2785738 -3.6874084
-9.3820877 -4.6206288 -3.7020164
-11.924557 -5.1651597 -3.8873
-13.347059 -6.5733562 -3.8369195
-16.699385 -6.2835402 -4.1883063
-20.547338 -10.119455 -4.1253104
-18.448778 -7.991147 -4.1673417
-21.896788 -12.147582 -4.0747786
-25.160271 -9.4671507 -4.5062351
-3.2711208 -1.404708 -3.5057447
-5.2951784 -2.5872083 -3.5621459
-7.5721402 -3.2516825 -3.6882112
-9.3965578 -4.5911303 -3.7054985
-11.937078 -5.1261053 -3.8908794
-13.367644 -6.5313911 -3.8418729
-16.696651 -6.2227006 -4.1906772
-20.56469 -10.047846 -4.1312394
-18.488445 -7.9394403 -4.17588
-21.885889 -12.051773 -4.0779214
-25.122538 -9.362956 -4.5073128
-3.276247 -1.3927102 -3.5071008
-5.2976909 -2.5644281 -3.5619924
-7.5948362 -3.2285128 -3.6941967
-9.3919744 -4.546329 -3.7049937
-11.959437 -5.0838747 -3.8964994
-13.398651 -6.4858217 -3.848794
-16.719345 -6.1614656 -4.1973238
-20.583416 -9.9637175 -4.1379895
-18.502743 -7.8653889 -4.1815743
-21.922905 -11.967656 -4.0870023
-25.269091 -9.3122454 -4.529911
-3.2775068 -1.3804308 -3.5064824
-5.320056 -2.5535128 -3.5689411
-7.6055012 -3.2033095 -3.697037
-9.4105635 -4.5168686 -3.7094138
-11.957947 -5.0364866 -3.8976088
-13.4165 -6.4396329 -3.8534369
-16.743427 -6.1073542 -4.2038879
-20.616346 -9.8954048 -4.1460071
-18.517704 -7.799346 -4.1870131
-21.948429 -11.887286 -4.0943651
-25.288576 -9.2242928 -4.5377216
-3.2725062 -1.3642232 -3.5022986
-5.332859 -2.5356495 -3.572448
-7.6316724 -3.181447 -3.703979
-9.4234867 -4.4806476 -3.7126908
-11.969002 -4.9895673 -3.9011898
-13.436422 -6.3887043 -3.8586195
-16.761953 -6.044589 -4.2099538
-20.638063 -9.8129158 -4.1531434
-18.538805 -7.7283487 -4.1936555
-22.002407 -11.81242 -4.1053357
-25.284655 -9.1179914 -4.5435038
-3.2906518 -1.3583252 -3.5109644
-5.3312235 -2.5120943 -3.5709488
-7.6282287 -3.1488032 -3.7031534
-9.4462204 -4.4510975 -3.7180612
-11.986344 -4.9477596 -3.905874
-13.444249 -6.3349853 -3.8617797
-16.745438 -5.9726658 -4.2106237
-20.668581 -9.7391195 -4.1611252
-18.591463 -7.6742406 -4.2043886
-22.047026 -11.737426 -4.1150641
-25.301281 -9.0243149 -4.5513086
-3.2886615 -1.3440874 -3.5085533
-5.3434501 -2.4950988 -3.5743413
-7.6355429 -3.1206727 -3.7051759
-9.4652805 -4.4197683 -3.7226665
-12.003543 -4.905889 -3.9105518
-13.491507 -6.2997956 -3.8713076
-16.788721 -5.9221258 -4.2202845
-20.680758 -9.6567822 -4.1669359
-18.618139 -7.6092973 -4.2116442
-22.073742 -11.652941 -4.1228471
-25.313801 -8.9292984 -4.5586619
-3.3067753 -1.3380387 -3.5172288
-5.3591189 -2.4796669 -3.5789609
-7.6391168 -3.0910578 -3.7062354
-9.4734764 -4.3833823 -3.7249672
-12.016915 -4.8624706 -3.9145443
-13.498977 -6.2459831 -3.8744473
-16.80929 -5.8634863 -4.2265573
-20.674505 -9.566103 -4.1705523
-18.629805 -7.5382805 -4.2168903
-22.089527 -11.562859 -4.1294403
-25.276945 -8.8172092 -4.5604339
-3.2943692 -1.3203223 -3.509197
-5.3673124 -2.4618816 -3.5810182
-7.6456852 -3.0642495 -3.7080939
-9.4879608 -4.3519425 -3.7286041
-12.007192 -4.8122606 -3.9142148
-13.519615 -6.2011838 -3.8796294
-16.824879 -5.8064113 -4.2319398
-20.764145 -9.5241089 -4.1854415
-18.647299 -7.4734926 -4.2227554
-22.110037 -11.480345 -4.1363196
-25.366444 -8.75418 -4.5762339
-3.3092964 -1.3122479 -3.5160899
-5.3692851 -2.4390063 -3.5808294
-7.6641569 -3.0390973 -3.7131176
-9.5038471 -4.3171377 -3.7326183
-12.039504 -4.7740703 -3.9218185
-13.53501 -6.1483002 -3.8841796
-16.812119 -5.7331371 -4.233386
-20.773481 -9.436388 -4.191174
-18.681978 -7.4080362 -4.2313366
-22.137772 -11.391925 -4.144495
-25.368122 -8.6508379 -4.5826898
-3.3136299 -1.3012664 -3.5173028
-5.3738317 -2.4196062 -3.5816474
-7.6778445 -3.0150988 -3.7168865
-9.5181122 -4.2855983 -3.7362456
-12.05527 -4.7341189 -3.9262309
-13.566205 -6.1082807 -3.8911045
-16.823492 -5.674808 -4.2381625
-20.062418 -9.033247 -4.109868
-18.706442 -7.3460426 -4.238183
-22.186092 -11.323894 -4.1544766
-25.385321 -8.5628366 -4.5903234
-3.3316677 -1.294945 -3.5259938
-5.3857627 -2.4024022 -3.5850329
-7.6846662 -2.9868584 -3.7188787
-9.536624 -4.2539573 -3.7408323
-12.053228 -4.6848211 -3.9274478
-13.576548 -6.0560274 -3.8947763
-16.846977 -5.6173077 -4.2449474
-20.815369 -9.2850142 -4.2048049
-18.702242 -7.2691445 -4.2413368
-22.13644 -11.201322 -4.1538553
-25.40369 -8.4703827 -4.598402
-3.3291771 -1.2812854 -3.5234973
-5.397223 -2.3860865 -3.588311
-7.6908684 -2.9599497 -3.7207165
-9.5506783 -4.2223091 -3.7444518
-12.068698 -4.6448255 -3.9318402
-13.589281 -6.0077562 -3.8987508
-16.8466 -5.5551734 -4.2479792
-20.831446 -9.2094822 -4.2109432
-18.741127 -7.2128134 -4.2501788
-22.080702 -11.0813 -4.1522946
-25.393717 -8.3735886 -4.602952
-3.3270745 -1.2664959 -3.521121
-5.4059319 -2.3662899 -3.5905685
-7.694334 -2.9289525 -3.7218766
-9.5624676 -4.1856928 -3.7476699
-12.078224 -4.5977397 -3.9353132
-13.596636 -5.9515328 -3.9020722
-16.859272 -5.4909277 -4.2533269
-20.912579 -9.1538754 -4.2253995
-18.767437 -7.1440787 -4.2577057
-22.235542 -11.057177 -4.1746535
-25.409048 -8.2755194 -4.6110024
-3.3280828 -1.2535968 -3.5205319
-5.4106245 -2.3458729 -3.5914786
-7.7045107 -2.9020762 -3.7248111
-9.5770197 -4.152288 -3.7514679
-12.11648 -4.5639429 -3.9440496
-13.613678 -5.9024529 -3.9068801
-16.866966 -5.4283834 -4.2577744
-20.9261 -9.0728836 -4.2314892
-18.799723 -7.0813355 -4.265882
-22.288328 -10.986553 -4.1854501
-25.403568 -8.1757631 -4.616375
-3.339015 -1.2450866 -3.5254524
-5.4077573 -2.3233562 -3.5897999
-7.7140923 -2.8765109 -3.7275944
-9.5834751 -4.1173859 -3.7535133
-12.10924 -4.515419 -3.9442885
-13.640486 -5.8604155 -3.9131889
-16.877281 -5.3700047 -4.2624707
-20.926743 -8.990839 -4.235805
-18.81563 -7.0161672 -4.2716517
-22.313879 -10.907321 -4.1929808
-25.403904 -8.0830002 -4.6221199
-3.3433404 -1.2334244 -3.5267186
-5.4193778 -2.3059745 -3.5931747
-7.7204051 -2.8482103 -3.7295508
-9.5905132 -4.0808148 -3.7557368
-12.121203 -4.4717522 -3.948189
-13.649879 -5.8080969 -3.916791
-16.884525 -5.3074803 -4.2668805
-20.998384 -8.934926 -4.2489758
-18.840004 -6.9504504 -4.2787862
-22.341036 -10.824148 -4.2009506
-25.45101 -8.000268 -4.6335649
-3.347626 -1.2217455 -3.5279827
-5.4309444 -2.2885375 -3.59655
-7.7339859 -2.8225861 -3.7334402
-9.6083431 -4.0488453 -3.7602954
-12.136741 -4.42941 -3.9527726
-13.684731 -5.7665887 -3.9245515
-16.895344 -5.2461429 -4.2718511
-21.033125 -8.8631172 -4.2576928
-18.871645 -6.887372 -4.2869382
-22.159185 -10.640688 -4.185472
-25.471157 -7.9090033 -4.641923
-3.3552802 -1.2112836 -3.5311079
-5.4353452 -2.2680826 -3.59744
-7.7364135 -2.7929084 -3.7344136
-9.6187696 -4.0137587 -3.7632849
-12.144665 -4.3843236 -3.9559605
-13.690096 -5.7126579 -3.9275336
-16.921167 -5.1894703 -4.2791276
-21.038158 -8.7788868 -4.2628083
-18.876823 -6.8146873 -4.2914772
-22.15654 -10.544403 -4.1900735
-25.460432 -7.8083353 -4.6467199
-3.3629017 -1.2007838 -3.5342336
-5.4467888 -2.2505679 -3.6008117
-7.7461143 -2.765888 -3.7373216
-9.6436806 -3.984689 -3.7694044
-12.152419 -4.3392372 -3.9591348
-13.717303 -5.6678762 -3.9340913
-16.927742 -5.1269126 -4.2834868
-21.053921 -8.6993055 -4.2692428
-18.870455 -6.7380319 -4.2944393
-22.35207 -10.541925 -4.217011
-25.487532 -7.7194195 -4.6559076
-3.3566108 -1.1860021 -3.5298345
-5.4470925 -2.2295749 -3.6003418
-7.7515459 -2.7388787 -3.7391064
-9.6604977 -3.9541838 -3.773767
-12.166741 -4.298914 -3.9634624
-13.732342 -5.6208496 -3.9385781
-16.933203 -5.0673242 -4.2875233
-21.093731 -8.6339741 -4.2784061
-18.91901 -6.6847148 -4.3047853
-22.379673 -10.464362 -4.2248273
-25.497686 -7.6302772 -4.6628408
-3.3607302 -1.1742781 -3.5310893
-5.4584112 -2.2119939 -3.6037085
-7.7647614 -2.7130978 -3.742979
-9.670579 -3.9189539 -3.7767403
-12.155453 -4.2472563 -3.9631238
-13.762937 -5.5773616 -3.94573
-16.924055 -5.0002861 -4.289505
-21.105249 -8.5527973 -4.2843518
-18.968575 -6.62784 -4.3154926
-22.408819 -10.382822 -4.2330813
-25.550974 -7.5491471 -4.6751137
-3.3682351 -1.1637236 -3.5342097
-5.4660997 -2.1929269 -3.6058273
-7.759356 -2.6808536 -3.7419665
-9.6695271 -3.8792863 -3.777339
-12.155202 -4.1996164 -3.9648564
-13.767558 -5.5233622 -3.9486589
-16.952875 -4.9445243 -4.2973185
-21.116459 -8.4716434 -4.2902713
-18.976521 -6.5563779 -4.3204794
-22.434044 -10.29954 -4.2409067
-25.592503 -7.4643826 -4.6860452
-3.3791378 -1.1543036 -3.5392003
-5.4737206 -2.1738346 -3.6079428
-7.7835126 -2.6588252 -3.7487619
-9.6830082 -3.8455119 -3.7810812
-12.173542 -4.1584463 -3.9700742
-13.775664 -5.47087 -3.9521725
-16.958549 -4.8820162 -4.3016028
-21.186695 -8.4140882 -4.3034606
-18.984198 -6.4849463 -4.3254423
-22.437155 -10.206296 -4.2462349
-25.583866 -7.3650665 -4.6911335
-3.3797121 -1.1413403 -3.5385818
-5.4812756 -2.1547127 -3.6100554
-7.7890315 -2.6303825 -3.7506669
-9.685339 -3.8073478 -3.7824433
-12.199263 -4.1197329 -3.976692
-13.783575 -5.4183817 -3.9556706
-16.979319 -4.8238735 -4.3082237
-21.223366 -8.3429947 -4.3125529
-18.999168 -6.4160838 -4.3314304
-22.479927 -10.131188 -4.2560816
-25.578688 -7.2669797 -4.6966305
-3.3767984 -1.1272401 -3.5360868
-5.4851747 -2.1341698 -3.6109128
-7.7981663 -2.6031775 -3.7535448
-9.6912031 -3.7706499 -3.784584
-12.21357 -4.0771241 -3.9811993
-13.798698 -5.368793 -3.960367
-16.996056 -4.764575 -4.3142452
-21.263517 -8.2732019 -4.3220963
-19.017668 -6.3484626 -4.337925
-22.526089 -10.05754 -4.2663369
-25.619282 -7.1819596 -4.7075081
-3.3772697 -1.11431 -3.5354576
-5.4925909 -2.11501 -3.6130176
-7.8034792 -2.5747113 -3.7554352
-9.7153711 -3.7410591 -3.7906861
-12.212654 -4.0294924 -3.9828787
-13.821067 -5.3220229 -3.9662704
-17.001066 -4.702034 -4.3184795
-21.284817 -8.1960592 -4.3293343
-19.032141 -6.279541 -4.3438783
-22.528206 -9.9643145 -4.271585
-25.628799 -7.0882306 -4.7147546
-3.377692 -1.1013912 -3.5348237
-5.4999399 -2.0958254 -3.6151187
-7.8198771 -2.5498903 -3.7602684
-9.7062092 -3.6986809 -3.7896271
-12.226645 -3.9868402 -3.9873643
-13.846991 -5.2765808 -3.9727788
-16.994324 -4.636374 -4.3209147
-21.320755 -8.1245584 -4.3384008
-19.057734 -6.2143083 -4.3513966
-22.540911 -9.8760099 -4.2780495
-25.657236 -6.9997811 -4.7242436
-3.3918676 -1.0929296 -3.5416877
-5.5108256 -2.0779729 -3.6184726
-7.8287301 -2.5225782 -3.7631326
-9.7190609 -3.6647768 -3.7933297
-12.240486 -3.9441369 -3.9918423
-13.857883 -5.2254066 -3.9768374
-17.006557 -4.5759897 -4.3262939
-21.31538 -8.0374136 -4.3423653
-19.067924 -6.1440778 -4.3567886
-22.571585 -9.7956762 -4.2865844
-25.662233 -6.9049902 -4.7309833
-3.3883767 -1.0800662 -3.5390489
-5.5209351 -2.0619974 -3.6216168
-7.836617 -2.4979706 -3.7657058
-9.7416353 -3.6383739 -3.799053
-12.245255 -3.9032516 -3.9944475
-13.863053 -5.17767 -3.9797421
-17.0093 -4.5194697 -4.3298717
-21.355478 -7.9759927 -4.3515205
-19.083336 -6.082932 -4.3625259
-22.613247 -9.7294483 -4.2958961
-25.672222 -6.8212581 -4.7377076
-3.3955839 -1.0693207 -3.5421612
-5.5208735 -2.0400431 -3.6211941
-7.8415484 -2.4694221 -3.7675726
-9.7691059 -3.6098268 -3.805949
-12.273946 -3.8652513 -4.001749
-13.884772 -5.1306252 -3.985616
-17.001856 -4.4540124 -4.3322349
-21.409388 -7.9110804 -4.3628836
-19.093044 -6.0126886 -4.3678813
-22.617695 -9.6379356 -4.3014488
-25.703602 -6.7336273 -4.7475972
-3.3994803 -1.0568681 -3.5434558
-5.5319314 -2.021116 -3.6246467
-7.8355632 -2.4360065 -3.766607
-9.7785587 -3.5726402 -3.8090274
-12.284241 -3.8190608 -4.0057173
-13.89975 -5.0783358 -3.9905145
-17.025782 -4.3936582 -4.339653
-21.453236 -7.8380356 -4.3732567
-19.095917 -5.9367504 -4.3724952
-22.656544 -9.5565233 -4.3112283
-25.716509 -6.6363797 -4.7556229
-3.4029663 -1.0455898 -3.544625
-5.5349808 -2.0014515 -3.6253674
-7.8623452 -2.4157712 -3.7742529
-9.7792006 -3.5361636 -3.8101223
-12.304423 -3.7806368 -4.0113688
-13.909033 -5.0295124 -3.9942594
-17.013239 -4.3303003 -4.3410745
-21.482859 -7.7682118 -4.3814111
-19.088823 -5.8652005 -4.3753214
-22.717573 -9.4936571 -4.3230863
-25.715157 -6.5451593 -4.7613444
-3.3998373 -1.0310054 -3.5421512
-5.5459061 -1.9824464 -3.6288157
-7.8711467 -2.3869362 -3.7772334
-9.7809305 -3.4963033 -3.8115711
-12.306806 -3.7320559 -4.0138893
-13.927374 -4.9784961 -3.9997518
-17.009682 -4.2630692 -4.3442583
-21.499914 -7.6853852 -4.388484
-19.144529 -5.8056049 -4.3873816
-22.752218 -9.4103231 -4.3324294
-25.7351 -6.4498868 -4.7702365
-3.3997648 -1.0186849 -3.5414307
-5.545187 -1.9614755 -3.628263
-7.8865337 -2.3630729 -3.7819107
-9.7850199 -3.4612134 -3.8134439
-12.334318 -3.69578 -4.0209613
-13.932559 -4.9283047 -4.002852
-17.023726 -4.2066393 -4.3498392
-21.521521 -7.6127162 -4.3956709
-19.148399 -5.7375102 -4.3917789
-22.772219 -9.3302813 -4.3395848
-25.748594 -6.3625937 -4.7777524
-3.4033 -1.006812 -3.5426509
-5.5483642 -1.9408365 -3.6290708
-7.8759289 -2.3299677 -3.7797701
-9.7933102 -3.4257333 -3.8162954
-12.33573 -3.6493287 -4.0232363
-13.953431 -4.8809571 -4.0086832
-17.038303 -4.1471934 -4.3557014
-21.529129 -7.5309625 -4.4013524
-19.164486 -5.6695075 -4.3981123
-22.775053 -9.2387352 -4.3450122
-25.778406 -6.2745705 -4.7875495
-3.4104474 -0.99534619 -3.5458155
-5.5554404 -1.9204863 -3.6312428
-7.876884 -2.2988851 -3.7807384
-9.7983294 -3.3872304 -3.8185122
-12.352832 -3.6051996 -4.0285907
-13.974986 -4.8310785 -4.0147686
-17.037897 -4.0810018 -4.3594236
-21.571672 -7.4572129 -4.4116778
-19.177485 -5.5969892 -4.4042339
-22.84581 -9.1700621 -4.3586121
-25.808998 -6.1818995 -4.7977757
-3.4173846 -0.98443967 -3.548919
-5.5621104 -1.9010837 -3.6333075
-7.8848605 -2.2713771 -3.7835484
-9.8063536 -3.3517313 -3.8213441
-12.357714 -3.5598638 -4.0315571
-13.988001 -4.7809839 -4.0193377
-17.05979 -4.0233355 -4.366468
-21.593796 -7.3805823 -4.4192195
-19.166258 -5.5211887 -4.406744
-22.892517 -9.0961609 -4.3691869
-25.810986 -6.087194 -4.8042707
-3.4239471 -0.97469121 -3.5519013
-5.5753531 -1.8860689 -3.637702
-7.8957305 -2.247669 -3.7870712
-9.8130903 -3.3196399 -3.8238039
-12.357388 -3.5177639 -4.03335
-14.006719 -4.7382894 -4.0246296
-17.087864 -3.9733284 -4.3741384
-21.616875 -7.312706 -4.4264226
-19.198847 -5.4653144 -4.4150515
-22.946981 -9.0344334 -4.3801789
-25.791088 -5.9970317 -4.8075094
-3.4206834 -0.95957863 -3.5494585
-5.5789003 -1.8634268 -3.6386976
-7.9005256 -2.216275 -3.7891526
-9.8220158 -3.2806838 -3.8269808
-12.374623 -3.4713602 -4.0388947
-14.005948 -4.6781726 -4.0271873
-17.091347 -3.9050248 -4.3787079
-21.663721 -7.2359705 -4.4376044
-19.235043 -5.3958621 -4.4247198
-22.981503 -8.9462557 -4.3898959
-25.821709 -5.899735 -4.8181047
-3.4236813 -0.94882739 -3.5505474
-5.5810695 -1.8446819 -3.6392753
-7.9112301 -2.1924915 -3.7926683
-9.8397799 -3.2522912 -3.831866
-12.381645 -3.4314072 -4.04211
-14.0168 -4.6328998 -4.0312037
-17.091873 -3.8486857 -4.3820958
-21.663614 -7.1603618 -4.4419093
-19.244217 -5.3332772 -4.4297514
-22.998323 -8.8697023 -4.396523
-25.836224 -5.8177066 -4.8255177
-3.4339662 -0.93878251 -3.5555384
-5.5984592 -1.8287771 -3.6451468
-7.9037008 -2.1607249 -3.7914498
-9.8398018 -3.214242 -3.8330362
-12.38972 -3.3871191 -4.0457516
-14.032887 -4.5839434 -4.0363545
-17.105204 -3.7889998 -4.3878784
-21.688477 -7.0846972 -4.4498706
-19.235798 -5.2587094 -4.4327116
-23.044062 -8.7950621 -4.4070792
-25.848574 -5.7257571 -4.833312
-3.4338834 -0.92524785 -3.554913
-5.5977926 -1.8058814 -3.6447508
-7.9153543 -2.1327643 -3.7953713
-9.8439922 -3.1757309 -3.8351879
-12.402051 -3.3416891 -4.0503259
-14.060947 -4.5361457 -4.0436468
-17.111195 -3.724591 -4.3927097
-21.710501 -7.0039372 -4.4577312
-19.239544 -5.1840277 -4.4376206
-23.076139 -8.7105474 -4.4163122
-25.857681 -5.6284375 -4.8410425
-3.4439397 -0.91571856 -3.559845
-5.6147594 -1.7908196 -3.6505222
-7.9223828 -2.1065042 -3.7980075
-9.8620005 -3.1454713 -3.8402402
-12.40156 -3.2974846 -4.0522723
-14.08349 -4.49191 -4.0497923
-17.119558 -3.6669931 -4.397562
-21.642366 -6.9028025 -4.4536476
-19.245071 -5.1171246 -4.4423804
-23.116116 -8.6381674 -4.4259777
-25.872297 -5.541822 -4.8488269
-3.4365954 -0.90093249 -3.5553629
-5.6099553 -1.7677352 -3.6487348
-7.9258943 -2.0778401 -3.7997711
-9.8691511 -3.1098368 -3.8430135
-12.416835 -3.255178 -4.0573373
-14.095292 -4.4415226 -4.0542884
-17.120562 -3.6047461 -4.4014554
-19.255102 -5.0478878 -4.4480066
-23.146132 -8.5574188 -4.4347491
-25.903208 -5.4539385 -4.858932
-3.4363639 -0.88742501 -3.5547237
-5.6090407 -1.7448746 -3.6483161
-7.9296584 -2.0477974 -3.8016639
-9.8616123 -3.0677755 -3.8426728
-12.436364 -3.2116332 -4.0633426
-14.100083 -4.3862896 -4.0577569
-17.106354 -3.5363312 -4.4031458
-21.630247 -6.7287917 -4.4620037
-19.254173 -4.972301 -4.452292
-23.166092 -8.468421 -4.4426103
-25.883919 -5.350883 -4.8632402
-3.4426479 -0.87751943 -3.5576963
-5.6218581 -1.7295084 -3.6527047
-7.9246511 -2.0199668 -3.8011179
-9.8900909 -3.0425873 -3.8499975
-12.434858 -3.1696036 -4.0650363
-14.113794 -4.3419676 -4.0623527
-17.121283 -3.483362 -4.4088945
-21.739 -6.6877856 -4.4802814
-19.261974 -4.9098125 -4.4572072
-23.177568 -8.3901587 -4.4486938
-25.920168 -5.2735138 -4.8734007
-3.4495082 -0.86517781 -3.5609076
-5.6284571 -1.7079121 -3.6549377
-7.9323483 -1.9895276 -3.8041382
-9.8865709 -3.0000038 -3.8506312
-12.423843 -3.1160483 -4.0653749
-14.122751 -4.2854404 -4.0666819
-17.138437 -3.4183824 -4.4157705
-21.791245 -6.6123857 -4.4923429
-19.261349 -4.830976 -4.4617739
-23.198334 -8.29708 -4.4569421
-25.920643 -5.1700559 -4.8804684
-3.4560268 -0.85400015 -3.5639994
-5.6343842 -1.688253 -3.6569638
-7.9468608 -1.963706 -3.8089011
-9.9007683 -2.9666066 -3.8550153
-12.426941 -3.0707545 -4.0681968
-14.130004 -4.2338295 -4.0704865
-17.154177 -3.3592985 -4.4220681
-21.798903 -6.531692 -4.4982233
-19.285835 -4.7656193 -4.4695396
-23.223394 -8.2147141 -4.4651933
-25.930695 -5.0780025 -4.8880892
-3.4622147 -0.843997 -3.566972
-5.6359673 -1.6694497 -3.6575
-7.9377484 -1.9350146 -3.8073139
-9.9100399 -2.9354875 -3.8582139
-12.467368 -3.0392168 -4.0779366
-14.131796 -4.186029 -4.0731287
-17.137272 -3.300118 -4.4228134
-21.815491 -6.4620428 -4.5047736
-19.285219 -4.70123 -4.4732881
-23.234016 -8.1364365 -4.47121
-25.922995 -4.9919815 -4.8928962
-3.4580894 -0.83021462 -3.5643561
-5.6417599 -1.6497674 -3.6595173
-7.9558949 -1.9100432 -3.8130817
-9.9088449 -2.8975515 -3.8592789
-12.485616 -2.997534 -4.0836926
-14.16159 -4.1411424 -4.0807567
-17.148684 -3.2402811 -4.4284558
-21.845573 -6.3880978 -4.5135703
-19.30151 -4.6338873 -4.4799113
-23.269817 -8.0579023 -4.4807763
-25.944183 -4.9022098 -4.901916
-3.4715502 -0.82063949 -3.5712516
-5.643784 -1.6289942 -3.6602445
-7.943428 -1.8777463 -3.81073
-9.915103 -2.8618467 -3.8619871
-12.484419 -2.9511907 -4.085753
-14.164497 -4.0883713 -4.0838804
-17.152058 -3.1789451 -4.4328365
-21.825569 -6.2996254 -4.515923
-19.325331 -4.5683131 -4.4876413
-23.30158 -7.9779124 -4.489882
-25.925802 -4.8050618 -4.9060607
-3.4708631 -0.80769479 -3.5705318
-5.649436 -1.6092837 -3.6622529
-7.9575763 -1.8517852 -3.8154752
-9.917429 -2.825053 -3.8638554
-12.49851 -2.9084933 -4.090755
-14.186331 -4.0410814 -4.0902114
-17.155212 -3.1176293 -4.4371986
-21.613333 -6.1567178 -4.493412
-19.345043 -4.5017304 -4.494801
-23.291477 -7.8837285 -4.4939823
-25.942415 -4.7145338 -4.9145455
-3.4736612 -0.79557502 -3.5717132
-5.6550188 -1.5895548 -3.6642575
-7.9639916 -1.8239986 -3.8181837
-9.9272299 -2.7904196 -3.8673742
-12.512454 -2.8657362 -4.0957503
-14.196522 -3.990464 -4.0945983
-17.162071 -3.0570326 -4.4421687
-21.819078 -6.133069 -4.5249715
-19.32955 -4.4270601 -4.4968834
-23.277212 -7.7884493 -4.4975839
-25.942989 -4.6211538 -4.9210558
-3.4659438 -0.78044808 -3.5672286
-5.6645193 -1.5698447 -3.667649
-7.9667959 -1.7939329 -3.8200023
-9.9373913 -2.7540133 -3.8710618
-12.51126 -2.8172381 -4.0979815
-14.122906 -3.9139717 -4.0849733
-17.169237 -2.9934213 -4.447402
-21.891401 -6.066905 -4.539566
-19.337866 -4.3544269 -4.5026431
-23.290445 -7.6980662 -4.5047665
-25.95582 -4.5253439 -4.9294267
-3.4614344 -0.76738173 -3.5645254
-5.6622629 -1.5490202 -3.6669629
-7.9727006 -1.7675058 -3.8225627
-9.9464693 -2.7210464 -3.8743916
-12.512786 -2.7740188 -4.1005149
-14.18951 -3.8818114 -4.0987921
-17.151588 -2.9317758 -4.4482837
-21.915247 -5.9953341 -4.5474014
-19.332737 -4.2859659 -4.506031
-23.300667 -7.6158333 -4.5110645
-25.962809 -4.4379058 -4.9364395
-3.4818017 -0.75915569 -3.575242
-5.6639161 -1.5282422 -3.667661
-7.9788218 -1.7396649 -3.8252521
-9.9597225 -2.6873398 -3.8787253
-12.52627 -2.731169 -4.1054811
-14.210652 -3.8343291 -4.1050835
-17.142076 -2.8686006 -4.4506745
-21.924484 -5.9156809 -4.5536036
-19.343683 -4.2176061 -4.5119863
-23.311913 -7.5295434 -4.517765
-25.993896 -4.3498874 -4.9468021
-3.4737964 -0.74471748 -3.5706801
-5.6692166 -1.5084621 -3.6696472
-7.9810104 -1.7109805 -3.8269126
-9.9728613 -2.6535738 -3.8830547
-12.520207 -2.6841002 -4.106708
-14.21242 -3.7816334 -4.1081114
-17.151985 -2.8087459 -4.4561996
-21.921864 -5.8329577 -4.5582728
-19.342697 -4.1467156 -4.5162201
-23.315239 -7.4408426 -4.5235181
-25.977398 -4.2539625 -4.9512315
-3.4762471 -0.73319376 -3.5717866
-5.6779132 -1.4906317 -3.6728261
-7.9866409 -1.6845049 -3.8294551
-9.9739609 -2.61848 -3.884691
-12.521275 -2.6409285 -4.1092014
-14.221037 -3.7334716 -4.1121793
-17.149406 -2.7499597 -4.4595351
-21.925648 -5.7561755 -4.5635371
-19.352442 -4.0817266 -4.5218134
-23.335978 -7.3622823 -4.531126
-25.99136 -4.1677942 -4.9591613
-3.4789104 -0.72044849 -3.5730069
-5.6796088 -1.468848 -3.6736073
-7.9966011 -1.6560183 -3.8332844
-9.9987965 -2.5858667 -3.8917003
-12.530869 -2.5950208 -4.1135964
-14.230773 -3.680331 -4.1167302
-17.143633 -2.6846247 -4.4627647
-21.969774 -5.6817746 -4.5745978
-19.363365 -4.0099645 -4.5280356
-23.362803 -7.2767076 -4.5400271
-25.98279 -4.0688014 -4.9649267
-3.5062716 -0.71335959 -3.5875685
-5.6772361 -1.4471104 -3.6729841
-8.0023327 -1.6280944 -3.8359497
-9.9924421 -2.5470433 -3.8918118
-12.535963 -2.5504727 -4.117023
-14.243533 -3.6306336 -4.1216764
-17.145025 -2.6235602 -4.4669671
-21.97014 -5.6001229 -4.5796976
-19.357714 -3.9383745 -4.5316305
-23.384245 -7.1939373 -4.5480242
-25.996834 -3.9780788 -4.9732232
-3.4909658 -0.69756341 -3.579155
-5.6822534 -1.4272828 -3.6749518
-7.9964294 -1.5978433 -3.8355243
-9.9936056 -2.5102191 -3.8935905
-12.537008 -2.5051401 -4.1196856
-14.256121 -3.5808885 -4.1266127
-17.154079 -2.5636923 -4.4724255
-21.962467 -5.5165877 -4.5837522
-19.363525 -3.8692119 -4.5369167
-23.401579 -7.1099405 -4.5555372
-25.939474 -3.8766775 -4.9725251
-3.4968169 -0.6866824 -3.5821705
-5.6906948 -1.4093591 -3.678118
-7.9978356 -1.5705634 -3.8370116
-9.990366 -2.4742169 -3.8943403
-12.545246 -2.4635546 -4.123631
-14.244755 -3.5278604 -4.1273417
-17.13884 -2.5033431 -4.4737673
-22.007753 -5.4504466 -4.5945296
-19.372337 -3.8042147 -4.5424361
-23.417381 -7.0300093 -4.5626068
-25.964041 -3.7923744 -4.9818444
-3.4885132 -0.67241347 -3.5775714
-5.6993213 -1.390399 -3.6813807
-8.0032692 -1.5426359 -3.8396535
-10.00662 -2.4412022 -3.8994718
-12.545977 -2.4182463 -4.126267
-14.253119 -3.4771721 -4.1315899
-17.14353 -2.4429398 -4.4785504
-22.026644 -5.3735914 -4.6021118
-19.397242 -3.7388327 -4.5505629
-23.445604 -6.949357 -4.5714846
-25.969212 -3.7005928 -4.9890571
-3.490839 -0.66023219 -3.5787203
-5.7003946 -1.3695964 -3.682035
-8.0008974 -1.5132321 -3.8402255
-10.022766 -2.4081042 -3.9046013
-12.566036 -2.3766496 -4.1326647
-14.253569 -3.4246113 -4.1345029
-17.136177 -2.3808906 -4.4813948
-22.045267 -5.2966714 -4.6096783
-19.421925 -3.6733229 -4.5586815
-23.485043 -6.8719578 -4.5817604
-25.970108 -3.6082716 -4.9957414
-3.5038161 -0.6500265 -3.5856276
-5.7013922 -1.3488028 -3.6826823
-8.0099869 -1.4860095 -3.8438854
-10.027267 -2.3721933 -3.9071867
-12.562554 -2.3305998 -4.1345205
-14.284788 -3.3794136 -4.1426964
-17.144384 -2.3210588 -4.486783
-22.055857 -5.2178483 -4.6162009
-19.422873 -3.6033232 -4.563324
-23.512726 -6.7910452 -4.5906167
-25.939016 -3.5117028 -4.9983687
-3.4917967 -0.6351974 -3.5790882
-5.6985626 -1.3271468 -3.6820166
-8.0189838 -1.458744 -3.8475416
-10.031636 -2.3362827 -3.9097617
-12.5589 -2.2846062 -4.1363583
-14.26551 -3.3223159 -4.1422644
-17.152382 -2.2612035 -4.4921565
-22.07782 -5.141737 -4.6242466
-19.415716 -3.531939 -4.566783
-23.540123 -6.7100282 -4.5994577
-25.990705 -3.4263623 -5.0115461
-3.5011308 -0.62427753 -3.5840731
-5.7144246 -1.3098288 -3.6878793
-8.016305 -1.4293666 -3.8480871
-10.043582 -2.3021345 -3.9140267
-12.55508 -2.2386637 -4.1381788
-14.280897 -3.2733884 -4.1477857
-17.144367 -2.1992888 -4.4949379
-22.083967 -5.061965 -4.6302137
-19.372982 -3.4543462 -4.5649872
-23.571089 -6.6299782 -4.6087613
-26.006468 -3.3361242 -5.0201726
-3.5032885 -0.61205161 -3.5852122
-5.7152038 -1.2890246 -3.6885102
-8.021246 -1.4013736 -3.8506951
-10.055412 -2.2679284 -3.9182873
-12.562818 -2.1948214 -4.1422634
-14.323273 -3.2305145 -4.1579642
-17.140085 -2.1379473 -4.4983411
-22.097609 -4.9839621 -4.6371922
-19.388849 -3.3873816 -4.5718722
-23.59024 -6.5465851 -4.6166263
-25.962482 -3.2383981 -5.021173
-3.4982572 -0.5985961 -3.5824983
-5.7196684 -1.2690668 -3.6904442
-8.0028915 -1.369396 -3.8470671
-10.067126 -2.2336707 -3.922543
-12.566491 -2.1502857 -4.1455765
-14.315049 -3.1761899 -4.1594729
-17.127674 -2.0757077 -4.5004282
-22.107079 -4.9050674 -4.6436319
-19.380907 -3.3163185 -4.5752435
-23.5937 -6.4589291 -4.6225624
-25.953802 -3.145349 -5.0266914
-3.4967499 -0.58578306 -3.5817032
-5.7127743 -1.2466314 -3.6884401
-8.0037537 -1.340806 -3.8486149
-10.06714 -2.1968331 -3.9242313
-12.577834 -2.1070659 -4.1504025
-14.314392 -3.1236613 -4.1622958
-17.115038 -2.0135853 -4.5024881
-22.104574 -4.8236208 -4.6484885
-19.408092 -3.2512856 -4.5838485
-23.627661 -6.3796597 -4.632297
-25.956692 -3.0538065 -5.0337043
-3.5059283 -0.57474637 -3.5866849
-5.7321553 -1.2299145 -3.695612
-8.0045147 -1.3122247 -3.8501542
-10.074746 -2.1616786 -3.9276178
-12.592943 -2.0644314 -4.1559854
-14.313542 -3.0711718 -4.1651001
-17.133835 -1.9551846 -4.509717
-22.043247 -4.7296886 -4.6454902
-19.399652 -3.1802933 -4.5871749
-23.638214 -6.2940626 -4.6391439
-25.975132 -2.9640868 -5.0427351
-3.5114927 -0.56307882 -3.5897403
-5.7326446 -1.209103 -3.6962204
-8.0167923 -1.2855177 -3.8548105
-10.074495 -2.1248662 -3.9292831
-12.584401 -2.0179482 -4.1569695
-14.328068 -3.0220098 -4.1705718
-17.144514 -1.8958017 -4.5156374
-21.87612 -4.6140103 -4.6283011
-19.367332 -3.1056123 -4.5869493
-23.6639 -6.2125244 -4.647891
-25.945629 -2.8690093 -5.0456028
-3.5134368 -0.55081791 -3.5908651
-5.7330589 -1.1883031 -3.6968222
-8.0251064 -1.2581333 -3.858422
-10.085722 -2.0904887 -3.9335098
-12.583529 -1.9727786 -4.1594677
-14.322952 -2.9687483 -4.1726713
-17.123304 -1.8329768 -4.5163302
-22.036659 -4.5675845 -4.6550155
-19.318977 -3.0287261 -4.5843267
-23.700901 -6.133884 -4.6580725
-25.876074 -2.7699234 -5.0432901
-3.5044005 -0.53812653 -3.5860832
-5.7405372 -1.1710559 -3.6998584
-8.0251417 -1.2323198 -3.8596845
-10.099984 -2.0603726 -3.9382539
-12.597508 -1.9344405 -4.1646209
-14.312723 -2.9197614 -4.1735983
-17.117096 -1.777938 -4.5190821
-22.07045 -4.5023189 -4.6642551
-19.383564 -2.9764895 -4.5981345
-23.69685 -6.0534663 -4.6625848
-25.936283 -2.6939795 -5.0570955
-3.5205977 -0.52804226 -3.5949264
-5.7370362 -1.1494982 -3.6991317
-8.0255156 -1.2037191 -3.8611946
-10.095489 -2.0227773 -3.9390304
-12.608108 -1.8910463 -4.1694016
-14.326728 -2.8705673 -4.1790318
-17.115273 -1.7173856 -4.5229893
-22.070379 -4.4221201 -4.6694846
-19.389893 -2.9082227 -4.6037169
-23.706221 -5.967793 -4.6693439
-25.925661 -2.6014402 -5.0624199
-3.5116584 -0.5141741 -3.5902452
-5.7372346 -1.1287216 -3.6997147
-8.0296679 -1.1756973 -3.8637426
-10.102488 -1.9875247 -3.9423764
-12.618559 -1.8475989 -4.1741753
-14.324955 -2.8182368 -4.1817503
-17.125126 -1.6580153 -4.5288429
-21.940817 -4.3165522 -4.6572604
-19.407816 -2.8416762 -4.6110568
-23.703663 -5.879241 -4.6746192
-25.906761 -2.5082328 -5.0666766
-3.5170207 -0.50242472 -3.5932908
-5.7487044 -1.1101472 -3.7042506
-8.0298405 -1.1471045 -3.865236
-10.109365 -1.9522457 -3.945715
-12.613147 -1.8018535 -4.1758542
-14.33861 -2.7689662 -4.1871619
-17.122879 -1.5974827 -4.5327153
-21.904819 -4.2300968 -4.657629
-19.401833 -2.7716525 -4.6148267
-23.747309 -5.8021417 -4.6857162
-25.919338 -2.4181502 -5.0750389
-3.5259342 -0.49114606 -3.5982709
-5.7487588 -1.0893577 -3.7048228
-8.0415649 -1.1201522 -3.8698678
-10.120001 -1.9176837 -3.9499092
-12.619359 -1.7578174 -4.1798334
-14.352094 -2.7196417 -4.192564
-17.104549 -1.53557 -4.533936
-21.923372 -4.1543565 -4.6653752
-19.391644 -2.701165 -4.6179743
-23.755772 -5.7164164 -4.6924076
-25.907732 -2.3258805 -5.0802641
-3.5276272 -0.47883517 -3.5993798
-5.7525263 -1.069284 -3.7067108
-8.0454264 -1.0920749 -3.8723972
-10.130518 -1.8830686 -3.9540982
-12.633282 -1.7148238 -4.1853509
-14.3615 -2.6695266 -4.1972775
-17.121708 -1.4768809 -4.5410581
-22.071125 -4.1025977 -4.6906619
-19.397005 -2.6329222 -4.6234779
-23.787235 -5.6362185 -4.7020178
-25.875908 -2.2319989 -5.0828533
-3.5400591 -0.46794361 -3.6062982
-5.7486463 -1.0478158 -3.7059472
-8.0569658 -1.0650121 -3.8770232
-10.140919 -1.8484032 -3.958282
-12.631324 -1.6696748 -4.1877613
-14.358995 -2.6172395 -4.199935
-17.110884 -1.4157916 -4.5435514
-22.101013 -4.0283909 -4.7000213
-19.398172 -2.5641525 -4.6283655
-23.798988 -5.5513368 -4.7091589
-25.875584 -2.1410019 -5.0895686
-3.541671 -0.45558447 -3.6074047
-5.7522678 -1.0277443 -3.7078235
-8.0489645 -1.0353822 -3.8763826
-10.151199 -1.8136913 -3.96246
-12.637074 -1.6255759 -4.191709
-14.368042 -2.5671046 -4.2046218
-17.107779 -1.3554296 -4.5473423
-22.114939 -3.9512246 -4.7072353
-19.395142 -2.4949028 -4.6326332
-23.814331 -5.4673414 -4.7167702
-25.874937 -2.0500414 -5.0962558
-3.5359681 -0.44293594 -3.6045737
-5.7518501 -1.0079981 -3.7082758
-8.0562458 -1.0091722 -3.8798194
-10.157159 -1.780018 -3.9655986
-12.630585 -1.5821805 -4.1931162
-14.384311 -2.5208163 -4.2104325
-17.10424 -1.2980874 -4.5508595
-22.088617 -3.8709779 -4.7087154
-19.38353 -2.4280937 -4.6353769
-23.824543 -5.3865781 -4.7234631
-25.861685 -1.9627136 -5.1009593
-3.541091 -0.43102747 -3.6076131
-5.7591305 -0.98856443 -3.7114697
-8.0636129 -0.98151624 -3.8833773
-10.16331 -1.7445493 -3.9688947
-12.628152 -1.5371195 -4.1954818
-14.373425 -2.4672225 -4.2116728
-17.104694 -1.2380822 -4.5552754
-21.842434 -3.7492905 -4.6804409
-19.391886 -2.3604126 -4.6413984
-23.80813 -5.2955756 -4.7270675
-25.812618 -1.8683842 -5.1012878
-3.5318465 -0.41677219 -3.6029384
-5.7589154 -0.96681315 -3.7120967
-8.0632601 -0.95149732 -3.8849421
-10.173533 -1.7079442 -3.973218
-12.629761 -1.4903629 -4.1988068
-14.370603 -2.4125528 -4.2144938
-17.105145 -1.1751132 -4.559926
-21.950472 -3.6850696 -4.700779
-19.404366 -2.2897937 -4.6483045
-23.842979 -5.2116938 -4.737493
-25.771486 -1.7704858 -5.1029925
-3.5333505 -0.40382361 -3.6040828
-5.7624207 -0.94569772 -3.7140465
-8.0550032 -0.92059952 -3.8843818
-10.175825 -1.6700021 -3.9757893
-12.65485 -1.4463121 -4.2068076
-14.387198 -2.3611503 -4.2207351
-17.081514 -1.1105986 -4.5605612
-22.03471 -3.6162188 -4.7179246
-19.412628 -2.218653 -4.654593
-23.850214 -5.1217494 -4.7444215
-25.813665 -1.6783416 -5.1157227
-3.5382047 -0.39312223 -3.6070054
-5.7615609 -0.92697912 -3.7143826
-8.0500593 -0.89442456 -3.8844941
-10.184925 -1.6386553 -3.9796071
-12.667219 -1.4074272 -4.2118769
-14.394547 -2.3159425 -4.2248974
-17.076967 -1.0564412 -4.5637465
-22.108997 -3.5571225 -4.7329521
-19.427429 -2.1585393 -4.6611767
-23.838848 -5.0410199 -4.7481236
-25.834753 -1.5982285 -5.1246676
-3.5323465 -0.37999359 -3.6042001
-5.7761769 -0.90865749 -3.720226
-8.0570307 -0.86673838 -3.8880231
-10.186677 -1.6024787 -3.9819961
-12.660218 -1.3619281 -4.2134104
-14.4104 -2.2669177 -4.2308922
-17.092482 -0.99752063 -4.5707564
-22.121277 -3.4799254 -4.7400379
-19.426916 -2.0898583 -4.6659241
-23.840668 -4.9545269 -4.7540941
-25.836189 -1.5078051 -5.1317096
-3.548203 -0.36792323 -3.6131735
-5.7720079 -0.88530391 -3.7195885
-8.0602999 -0.83579534 -3.8907325
-10.188848 -1.5627538 -3.9846988
-12.665354 -1.3133066 -4.2176671
-14.407205 -2.2097604 -4.23388
-17.096186 -0.93188292 -4.5762482
-22.106869 -3.3907261 -4.7440076
-19.422903 -2.0140159 -4.6706357
-23.8204 -4.8549767 -4.7578144
-25.742105 -1.4031568 -5.1267323
-3.5349131 -0.35532394 -3.6063569
-5.7747607 -0.86716592 -3.7212429
-8.0667896 -0.81086099 -3.8940055
-10.189798 -1.5301493 -3.9867413
-12.673366 -1.2739068 -4.2219272
-14.414075 -2.1644871 -4.2380095
-17.091072 -0.87775981 -4.5793858
-22.121357 -3.3218496 -4.7508883
-19.4093 -1.9509925 -4.6729221
-23.823793 -4.7777634 -4.7634301
-25.766325 -1.3233016 -5.136137
-3.5397406 -0.3433325 -3.6093793
-5.7625079 -0.84476799 -3.7177331
-8.0773783 -0.78345478 -3.8985834
-10.195078 -1.4945707 -3.9899769
-12.661938 -1.2281281 -4.2226272
-14.421543 -2.1141591 -4.2425866
-17.086079 -0.81771415 -4.5830016
-22.089388 -3.2382443 -4.7519083
-19.415993 -1.8832289 -4.6788187
-23.840326 -4.6945729 -4.7713275
-25.73489 -1.2316333 -5.138814
-3.5373077 -0.33063775 -3.6085014
-5.7844877 -0.82737625 -3.7262425
-8.0800638 -0.75525635 -3.9010291
-10.192408 -1.4578571 -3.9914429
-12.689853 -1.1861407 -4.2311931
-14.424899 -2.0632455 -4.2464557
-17.068935 -0.7571888 -4.5845785
-22.037359 -3.1520834 -4.7501469
-19.402601 -1.8135918 -4.6816454
-23.85265 -4.6105733 -4.7786999
-25.719086 -1.140915 -5.1435838
-3.5492721 -0.3192625 -3.6154213
-5.7911553 -0.80771154 -3.7294064
-8.0748377 -0.72634417 -3.901336
-10.189606 -1.421178 -3.9928961
-12.686011 -1.1411263 -4.2334437
-14.40838 -2.0095842 -4.2468266
-17.063513 -0.69727671 -4.58815
-21.996849 -3.0679731 -4.7499723
-19.38896 -1.7440667 -4.684444
-23.848986 -4.5235634 -4.7840209
-25.762812 -1.0527614 -5.156353
-3.5466995 -0.30717799 -3.6144841
-5.7938018 -0.78850263 -3.731137
-8.0772018 -0.69956267 -3.9036441
-10.190346 -1.3868467 -3.9950585
-12.666006 -1.0969969 -4.2323236
-14.430727 -1.9639378 -4.2539248
-17.081652 -0.6412853 -4.5955076
-21.979225 -2.9912443 -4.7526999
-19.382719 -1.6787282 -4.6881475
-23.859932 -4.4437213 -4.7909551
-25.706303 -0.96507496 -5.1553335
-3.5441377 -0.29449552 -3.613595
-5.8003368 -0.76877964 -3.7342947
-8.0717773 -0.6707139 -3.9039302
-10.202961 -1.3523058 -4.0000229
-12.646033 -1.0508058 -4.2313695
-14.429609 -1.9125078 -4.2570524
-17.067863 -0.5811128 -4.5976939
-22.12007 -2.9318054 -4.7777686
-19.4123 -1.61304 -4.6976447
-23.859591 -4.3575377 -4.7967296
-25.793324 -0.87819022 -5.1739893
-3.5415301 -0.28183386 -3.6127007
-5.7877049 -0.74655539 -3.7307413
-8.070159 -0.64222074 -3.9052742
-10.20762 -1.3166797 -4.0032129
-12.657535 -1.0072826 -4.2367373
-14.424364 -1.860597 -4.2594628
-17.06979 -0.52152669 -4.6025653
-22.122252 -2.8535469 -4.7835808
-19.386021 -1.5427334 -4.6985278
-23.870728 -4.2735162 -4.8040094
-25.804216 -0.78838629 -5.1824288
-3.5461073 -0.26974562 -3.6157112
-5.7902751 -0.72634917 -3.7325449
-8.0606184 -0.61315584 -3.9044669
-10.216075 -1.2815346 -4.0072803
-12.680757 -0.96460098 -4.2444816
-14.438663 -1.8112284 -4.2653618
-17.047619 -0.46129602 -4.6033483
-22.116243 -2.7743266 -4.7882628
-19.367435 -1.4732438 -4.7006063
-23.865843 -4.1867218 -4.809217
-25.77887 -0.69755721 -5.1859865
-3.5506427 -0.25762799 -3.6187203
-5.7927752 -0.70613277 -3.734344
-8.0587978 -0.58473128 -3.9057891
-10.212639 -1.2449092 -4.0086794
-12.680088 -0.92004341 -4.2474523
-14.448844 -1.7612978 -4.2705503
-17.053104 -0.40187919 -4.60886
-22.125792 -2.697109 -4.7951336
-19.3486 -1.4038981 -4.7026539
-23.87244 -4.102036 -4.8159342
-25.673359 -0.60502702 -5.1786799
-3.5515206 -0.24523225 -3.6197715
-5.7875552 -0.68500221 -3.7334473
-8.0686159 -0.55713737 -3.9103208
-10.212998 -1.2087879 -4.0109534
-12.683223 -0.87577569 -4.2512064
-14.470704 -1.7127205 -4.277842
-17.066351 -0.34258956 -4.6157198
-22.119223 -2.6179821 -4.7997637
-19.34543 -1.3358005 -4.7071447
-23.878744 -4.0173564 -4.822628
-25.647367 -0.51484472 -5.1821351
-3.5451198 -0.23236018 -3.6169031
-5.7899108 -0.66479701 -3.735234
-8.0705109 -0.52897096 -3.9127014
-10.209302 -1.1722311 -4.0123258
-12.686202 -0.83150035 -4.2549486
-14.468692 -1.6612939 -4.2808986
-17.051516 -0.28275439 -4.6177959
-22.120298 -2.5398507 -4.8054781
-19.334061 -1.2672254 -4.7103729
-23.876863 -3.9313898 -4.8282633
-25.641026 -0.42518875 -5.1882682
-3.5459094 -0.21998306 -3.6179457
-5.7845392 -0.64372873 -3.7343202
-8.0801382 -0.50128001 -3.9172258
-10.201547 -1.1352726 -4.0127935
-12.692988 -0.78745455 -4.259479
-14.458592 -1.6090152 -4.2825251
-17.028503 -0.22291446 -4.6184816
-22.1092 -2.460408 -4.8094954
-19.33041 -1.1992304 -4.7148175
-23.894382 -3.8486483 -4.8364592
-25.622385 -0.33541411 -5.1927385
-3.5466557 -0.20760408 -3.6189852
-5.7905807 -0.62394547 -3.7374437
-8.0700912 -0.47238415 -3.9163649
-10.221166 -1.101349 -4.0194936
-12.683775 -0.7424469 -4.2607985
-14.472029 -1.5593872 -4.2883763
-17.029179 -0.16347201 -4.6232429
-22.081947 -2.3793697 -4.8112435
-19.342436 -1.1322128 -4.7217278
-23.90373 -3.7645967 -4.8435998
-25.675312 -0.24647078 -5.2069969
-3.5509787 -0.19542265 -3.6219826
-5.796555 -0.60412937 -3.7405646
-8.0834408 -0.44485974 -3.9219553
-10.22888 -1.0660758 -4.0235128
-12.682328 -0.69795245 -4.2637024
-14.449695 -1.5059782 -4.2878385
-17.017696 -0.10395873 -4.6259313
-22.078211 -2.3010385 -4.8163137
-19.155197 -1.0541768 -4.6974583
-23.908834 -3.6799247 -4.8501978
-25.616119 -0.15648529 -5.2059469
-3.5443981 -0.18265298 -3.6190917
-5.8024602 -0.58427763 -3.7436824
-8.0927782 -0.41704401 -3.9264665
-10.232538 -1.0303636 -4.0266304
-12.672799 -0.65306562 -4.264987
-14.442991 -1.4543344 -4.290112
-17.009991 -0.044533957 -4.6292834
-22.054346 -2.2207582 -4.8185492
-19.15876 -0.98730576 -4.7030358
-23.909691 -3.5946634 -4.8562503
-25.61651 -0.067066729 -5.2130589
-3.548635 -0.17045344 -3.6220839
-5.8082986 -0.56439209 -3.746798
-8.0863495 -0.38841587 -3.9266555
-10.228205 -0.99387419 -4.0279474
-12.678965 -0.60901535 -4.2694688
-14.447981 -1.4039096 -4.2945004
-17.025972 0.014856694 -4.6367393
-21.954733 -2.1333404 -4.81005
-19.281553 -0.92616093 -4.727366
-23.949736 -3.5152383 -4.8675022
-25.668497 0.022398075 -5.2272844
-3.5491807 -0.15868467 -3.623059
-5.7986326 -0.54404825 -3.7444086
-8.0797558 -0.36124772 -3.9267159
-10.219639 -0.95884275 -4.0281982
-12.665058 -0.5662576 -4.2697334
-14.464436 -1.3571047 -4.3007956
-17.013882 0.071267337 -4.6391339
-22.041143 -2.0679781 -4.8276496
-19.292484 -0.86257136 -4.7339187
-23.969168 -3.4369314 -4.8757539
-25.700228 0.10765249 -5.238409
-3.5533354 -0.1464448 -3.6260481
-5.8004966 -0.5238052 -3.7461593
-8.0692101 -0.33255905 -3.9257991
-10.222924 -0.92316598 -4.0312839
-12.678852 -0.52253777 -4.2758031
-14.457203 -1.3055362 -4.3030214
-17.009548 0.13062221 -4.6431193
-21.925032 -1.9799073 -4.8167791
-19.291395 -0.79506266 -4.738853
-23.953346 -3.3493779 -4.8796439
-25.615843 0.19671293 -5.2338958
-3.5502021 -0.13390285 -3.6251025
-5.80229 -0.50355297 -3.7479053
-8.0781612 -0.30468374 -3.9302847
-10.218208 -0.88678938 -4.0325613
-12.672668 -0.47797459 -4.2778325
-14.469597 -1.2557471 -4.3088026
-17.01297 0.19004484 -4.648468
-21.856277 -1.8968017 -4.812614
-19.270149 -0.72681159 -4.7406225
-23.960934 -3.2651987 -4.8866549
-25.694859 0.28702661 -5.2519565
-3.547025 -0.12138542 -3.6241517
-5.7963352 -0.48265666 -3.7469318
-8.0752563 -0.27634946 -3.931514
-10.233059 -0.85209942 -4.0383291
-12.67426 -0.4337354 -4.2814617
-14.462002 -1.2042404 -4.3109946
-16.984327 0.24902184 -4.6482677
-21.930368 -1.826126 -4.8288221
-19.240694 -0.65845031 -4.7410998
-23.952402 -3.1789136 -4.8915334
-25.729633 0.37724429 -5.263948
-3.5438037 -0.10889266 -3.6231956
-5.8056636 -0.46303442 -3.7513812
-8.0722504 -0.24804106 -3.9327333
-10.239911 -0.81669062 -4.0422912
-12.675696 -0.389494 -4.285079
-14.454224 -1.1528059 -4.3131671
-16.983356 0.30830324 -4.6528854
-21.944561 -1.7502025 -4.8365164
-23.959394 -3.0947783 -4.8984942
-25.704205 0.46661505 -5.2676163
-3.5441623 -0.096521713 -3.6242037
-5.8034039 -0.44247308 -3.7517521
-8.0691471 -0.21975516 -3.933943
-10.242699 -0.78094143 -4.0453429
-12.669046 -0.34502882 -4.2870636
-14.454194 -1.1020415 -4.3167562
-16.966248 0.36723989 -4.6547108
-21.958494 -1.6741972 -4.8441968
-19.153162 -0.52161723 -4.7375188
-23.938362 -3.0071442 -4.901722
-25.726374 0.55685562 -5.2779136
-3.5444775 -0.084149599 -3.6252084
-5.7972293 -0.42165369 -3.7507553
-8.0659437 -0.19149393 -3.935143
-10.24142 -0.74489588 -4.0474811
-12.674139 -0.3008973 -4.2914672
-14.477785 -1.0530221 -4.3246484
-16.980789 0.42686182 -4.6620712
-21.852772 -1.5894319 -4.8347244
-19.238564 -0.4567436 -4.7562537
-23.928904 -2.9211464 -4.9065042
-25.73625 0.64695591 -5.2865286
-3.5411251 -0.071702205 -3.624238
-5.798666 -0.40141344 -3.7524719
-8.0665627 -0.1633352 -3.937422
-10.240015 -0.70886648 -4.0496082
-12.667179 -0.25649041 -4.2934222
-14.473437 -1.0019257 -4.3274937
-16.979197 0.48613781 -4.6666393
-21.798475 -1.5090026 -4.8326087
-19.184237 -0.38845059 -4.7528033
-23.942919 -2.8380649 -4.9144492
-25.713877 0.73622376 -5.2906632
-3.5449786 -0.059402414 -3.6272078
-5.8000317 -0.38117111 -3.7541831
-8.0670834 -0.13517831 -3.939693
-10.24637 -0.67337912 -4.0535364
-12.664029 -0.2122083 -4.2961745
-14.472878 -0.95114017 -4.3310428
-16.977396 0.54539979 -4.6711898
-21.84741 -1.4357855 -4.8453517
-19.225338 -0.3221547 -4.7645631
-23.928885 -2.75174 -4.9186392
-25.723122 0.82635671 -5.2992306
-3.548789 -0.047075771 -3.6301761
-5.797483 -0.36068359 -3.7545254
-8.0675068 -0.10701793 -3.9419568
-10.244715 -0.6373629 -4.0556426
-12.680563 -0.16821153 -4.3029885
-14.476111 -0.90061426 -4.3353
-16.987328 0.60508424 -4.6778178
-21.95982 -1.3662044 -4.8672976
-19.21837 -0.25493756 -4.7686834
-23.906609 -2.6646576 -4.9217248
-25.724072 0.9162848 -5.3066602
-3.5416818 -0.03461777 -3.627219
-5.7987061 -0.34044561 -3.7562249
-8.075675 -0.078934774 -3.9463964
-10.242931 -0.60136878 -4.0577374
-12.68901 -0.1240273 -4.3081665
-14.491076 -0.85078001 -4.3417168
-17.00103 0.6649965 -4.6851349
-22.000301 -1.2916514 -4.8789186
-18.920155 -0.18493293 -4.7262015
-23.911791 -2.5807683 -4.9285226
-25.732687 1.0065359 -5.3151875
-3.549031 -0.022300247 -3.6321573
-5.8113976 -0.32083911 -3.7620175
-8.0798235 -0.050769366 -3.9497399
-10.24102 -0.56539237 -4.0598197
-12.6973 -0.079783157 -4.3133368
-14.482045 -0.79953343 -4.3437748
-16.994627 0.72416812 -4.688942
-22.052486 -1.217487 -4.8922729
-18.992445 -0.11933854 -4.7429795
-23.928596 -2.4981132 -4.9369106
-25.760935 1.0977144 -5.3265052
-3.5418334 -0.011126745 -3.6290913
-5.8085299 -0.30237859 -3.7621741
-8.0760202 -0.025370989 -3.9506655
-10.238799 -0.5330081 -4.0615935
-12.69352 -0.03987696 -4.3156929
-14.476542 -0.7536152 -4.3461189
-16.988287 0.77737737 -4.6922817
-22.028309 -1.1467427 -4.8940072
-19.140232 -0.060129445 -4.7714138
-23.908525 -2.4201062 -4.9397078
-25.7055 1.1762736 -5.3253136
-3.545476 0.0012371537 -3.6320493
-5.8057027 -0.28191561 -3.7624924
-8.0721378 0.0028166811 -3.9518058
-10.23665 -0.49707529 -4.0636544
-12.693582 0.0044292812 -4.3192067
-14.475113 -0.70288825 -4.3495941
-16.98945 0.83686525 -4.6974568
-22.016235 -1.0690731 -4.8980861
-19.22006 0.006706622 -4.7895374
-23.889017 -2.3339231 -4.9431973
-25.729158 1.2673652 -5.3360286
-3.5418246 0.01359934 -3.6310487
-5.8104997 -0.26182145 -3.765542
-8.0760002 0.031008953 -3.9551287
-10.234374 -0.46116146 -4.0657029
-12.689522 0.048723225 -4.3218875
-14.473505 -0.65217692 -4.3530545
-16.966541 0.89511573 -4.6983967
-21.999903 -0.9913168 -4.9015551
-19.203976 0.073736392 -4.7922702
-23.89702 -2.2505198 -4.9504361
-25.712616 1.3565385 -5.3410826
-3.5490015 0.026635159 -3.6360304
-5.7998748 -0.24004516 -3.7631903
-8.0797567 0.06063835 -3.9585571
-10.255742 -0.42446458 -4.0733762
-12.689259 0.095232531 -4.3255501
-14.463878 -0.59863085 -4.3552475
-16.939287 0.95594901 -4.6988254
-21.995415 -0.91034609 -4.9070539
-19.21155 0.14418215 -4.7990994
-23.905107 -2.1629174 -4.958014
-25.683548 1.4494213 -5.3447409
-3.5488935 0.038404059 -3.6369538
-5.8083363 -0.22110359 -3.7675169
-8.0677433 0.087304421 -3.9573643
-10.245243 -0.39000151 -4.0734291
-12.680936 0.1372257 -4.3272061
-14.465781 -0.55066305 -4.3591967
-16.928072 1.011642 -4.7016039
-21.994326 -0.8372491 -4.9124775
-19.051504 0.20616429 -4.7783155
-23.872379 -2.0801671 -4.9594169
-25.670628 1.5341077 -5.3499594
-3.5487289 0.051411215 -3.6379709
-5.8091078 -0.1998134 -3.769264
-8.0752134 0.11698738 -3.9618752
-10.230804 -0.35190457 -4.0728431
-12.680348 0.18370299 -4.3308406
-14.483603 -0.49818629 -4.3664775
-16.912329 1.0729237 -4.7040949
-22.017185 -0.7573157 -4.9220128
-19.010757 0.27541301 -4.777318
-23.863932 -1.9913284 -4.9647598
-25.676788 1.6289439 -5.358655
-3.5376539 0.06360203 -3.632988
-5.8020701 -0.17929786 -3.7681746
-8.0708342 0.14510222 -3.9629705
-10.23987 -0.31643653 -4.0775995
-12.675662 0.22789052 -4.3334637
-14.461403 -0.44689202 -4.3662114
-16.936295 1.1338106 -4.7134171
-22.019695 -0.68046135 -4.928298
-19.189054 0.34499213 -4.8115935
-23.866758 -1.9077026 -4.9713502
-25.678913 1.7190906 -5.3664274
-3.5337989 0.075255908 -3.6319149
-5.7987819 -0.15995009 -3.7683682
-8.0820732 0.1721161 -3.9683533
-10.232963 -0.28225985 -4.0785294
-12.674837 0.26992378 -4.3367271
-14.458829 -0.39882359 -4.3693857
-10.536095 0.74044931 -3.57686
-22.017841 -0.60732681 -4.9336638
-19.191792 0.40870905 -4.8171816
-23.837132 -1.8258022 -4.9731874
-25.661121 1.8033967 -5.370997
-3.5298908 0.087500975 -3.6308846
-5.7916036 -0.1395219 -3.7672608
-8.0892658 0.20052141 -3.9727414
-10.241787 -0.24672849 -4.0832715
-12.665884 0.31396925 -4.3384957
-14.468085 -0.34854159 -4.3749576
-10.473867 0.77282679 -3.5689194
-21.999884 -0.52998543 -4.9369712
-19.198219 0.47589657 -4.8236623
-23.827436 -1.7414196 -4.9780788
-25.646708 1.8923728 -5.3764367
-3.5404351 0.10013047 -3.6377914
-5.8074598 -0.11962032 -3.7744057
-8.0845947 0.22864825 -3.9738142
-10.242586 -0.21097374 -4.0861664
-12.688509 0.35885599 -4.3468728
-14.469213 -0.29803255 -4.3790464
-10.431397 0.80631614 -3.5644903
-22.005589 -0.45326453 -4.943778
-19.200426 0.54302579 -4.8294787
-23.797529 -1.6557357 -4.9801936
-25.651886 1.9828148 -5.384707
-3.5400445 0.11310536 -3.638788
-5.8078589 -0.098335415 -3.776123
-8.0797825 0.2581512 -3.9749851
-10.235388 -0.17329985 -4.0873499
-12.687109 0.4053565 -4.3504443
-14.470209 -0.24500147 -4.3833251
-10.408525 0.84293407 -3.5637202
-21.979174 -0.37213904 -4.9461575
-19.106659 0.61046278 -4.8199081
-23.811405 -1.5690325 -4.9886703
-25.63649 2.0761702 -5.3904157
-3.543251 0.12559025 -3.641721
-5.808167 -0.078061432 -3.7777529
-8.0788317 0.28635356 -3.9771433
-10.23593 -0.13757032 -4.0902224
-12.697513 0.4500623 -4.3563237
-14.463022 -0.19438221 -4.3859076
-22.012257 -0.29584348 -4.9570513
-23.812754 -1.4856565 -4.9951239
-25.629086 2.1656466 -5.396915
-3.5319476 0.13691825 -3.6366515
-5.8006907 -0.058722228 -3.7765357
-8.0856781 0.31344658 -3.9814
-10.248187 -0.10374564 -4.0957165
-12.691987 0.4920131 -4.3587031
-14.483472 -0.14662078 -4.3934517
-21.965237 -0.22236106 -4.9557986
-19.137917 0.74189377 -4.835721
-23.694017 -1.3993855 -4.984622
-10.171534 0.89347106 -3.1688027
-3.5350442 0.15001632 -3.6396246
-5.7970147 -0.037436258 -3.7768521
-8.080555 0.34291372 -3.9825432
-10.240593 -0.066132225 -4.0968637
-12.709919 0.53936958 -4.3663988
-14.47198 -0.093457893 -4.3954663
-10.149261 0.92901307 -3.5265832
-21.953934 -0.14177524 -4.9604483
-19.190832 0.81439942 -4.8502097
-23.746817 -1.3151819 -4.9985418
-3.5344987 0.16235511 -3.6405585
-5.800962 -0.017211931 -3.7798445
-8.0832281 0.37129828 -3.9857874
-10.23681 -0.030373452 -4.0987816
-12.692103 0.58300424 -4.3664231
-14.460288 -0.042904861 -4.3972588
-10.130097 0.96292776 -3.5262642
-21.958284 -0.065152034 -4.9671397
-19.199818 0.88193226 -4.8572454
-23.751263 -1.2322813 -5.0054588
-3.5375922 0.1736353 -3.6433871
-5.8048396 0.0010119501 -3.7826731
-8.0702686 0.39611223 -3.9843726
-10.228949 0.0017831991 -4.0994754
-12.682284 0.62248331 -4.3677621
-14.464329 0.0025215475 -4.4016047
-10.123059 0.99435639 -3.5278242
-21.938429 0.0038244973 -4.9696345
-19.165098 0.94067872 -4.8565445
-23.735081 -1.1566916 -5.0088844
-10.141923 0.99620932 -3.1734312
-10.156898 0.99768025 -2.937644
-3.5332792 0.18702579 -3.6424158
-5.8086448 0.023316381 -3.7858191
-8.0726042 0.42730421 -3.9878123
-10.224915 0.041043654 -4.1016502
-12.663949 0.67033625 -4.3680792
-14.460236 0.058044583 -4.4052491
-10.111242 1.0324097 -3.5291581
-21.894363 0.08788579 -4.9697328
-19.173288 1.0148927 -4.8640471
-10.122133 1.0335217 -3.1738887
-3.5290544 0.19792211 -3.6412535
-5.8046908 0.041537344 -3.7858708
-8.0673056 0.45244363 -3.9885991
-10.228686 0.073194675 -4.1051102
-10.637322 0.59657949 -3.9436531
-14.44805 0.1033877 -4.4065895
-21.897968 0.15669799 -4.9757466
-19.162043 1.0746765 -4.8672395
-23.555124 -0.98313737 -4.9963536
-10.575534 1.113398 -3.2428639
-3.5247233 0.2100241 -3.6401784
-5.7968073 0.061717402 -3.784688
-8.0656776 0.48060131 -3.9907
-10.334297 1.1244878 -2.726362
-10.248131 0.10910971 -4.1125684
-10.627254 0.63323534 -3.9447484
-14.443624 0.15377827 -4.4098015
-11.078164 1.2054288 -3.7108896
-21.913246 0.23330577 -4.9841394
-19.150217 1.1410844 -4.8709111
-23.72196 -0.90716231 -5.0260711
-10.559673 1.1490111 -3.2437305
-10.153841 1.1048521 -2.9461684
-3.531127 0.22401555 -3.6451745
-5.8042307 0.084086657 -3.7892039
-8.0637732 0.51156771 -3.9930015
-10.373623 1.1690873 -2.7335203
-10.231829 0.14822987 -4.1119161
-10.628703 0.6742875 -3.9486191
-14.430999 0.2090638 -4.4118943
-21.900219 0.31727138 -4.9889202
-19.16161 1.2156172 -4.8790178
-23.749203 -0.81689304 -5.036912
-10.575025 1.1917847 -3.2494965
-3.5267065 0.23609807 -3.6440907
-5.7961988 0.10420838 -3.7880046
-8.0619383 0.53971267 -3.995085
-10.087398 1.1725036 -2.707818
-10.227296 0.18387394 -4.1137648
-10.650041 0.71297514 -3.9564033
-14.430182 0.25943652 -4.4158192
-16.821129 1.9551955 -4.7656264
-21.910946 0.3939313 -4.9966774
-19.137362 1.2811654 -4.880661
-23.739941 -0.73361731 -5.042006
-10.566833 1.2282306 -3.2515013
-3.5331798 0.24768355 -3.6489017
-5.7958431 0.12241741 -3.7894185
-8.0680275 0.56558621 -3.9991851
-9.8612595 1.1776292 -2.6877079
-10.23062 0.21608694 -4.1171942
-10.627956 0.7450428 -3.9546685
-14.425319 0.30468562 -4.4185891
-16.830723 2.0099208 -4.7722068
-21.917582 0.46293411 -5.0032258
-19.121309 1.3404452 -4.8831081
-23.718187 -0.65836704 -5.0447073
-10.396391 1.2415345 -3.2292898
-3.5214021 0.2598314 -3.6438596
-5.7953558 0.14365952 -3.7910621
-8.0698128 0.595442 -4.0024753
-9.9203939 1.2215862 -2.6966169
-10.237661 0.25377864 -4.1219664
-14.408201 0.35716105 -4.4196754
-16.807432 2.0696483 -4.7736053
-21.907759 0.54306555 -5.0082355
-19.092411 1.4087592 -4.8842764
-23.716452 -0.57133448 -5.0512066
-10.28476 1.2664539 -3.2161441
-10.565708 1.3010495 -3.0093989
-3.5241356 0.27178624 -3.6467133
-5.7986979 0.16298525 -3.7939355
-8.0677948 0.62219954 -4.0044346
-10.928154 1.3824849 -2.8010397
-10.248616 0.28806007 -4.1273932
-10.634365 0.82013702 -3.9626381
-14.406938 0.40493891 -4.4233589
-21.929768 0.61638474 -5.0174589
-19.091614 1.4723717 -4.8895769
-23.65835 -0.49144036 -5.0490952
-10.280504 1.3005528 -3.2185073
-10.62479 1.3441074 -3.0197213
-3.5231655 0.28408539 -3.6476104
-5.7942438 0.18310261 -3.7940977
-8.0460243 0.64877963 -4.0008931
-10.239648 0.32358083 -4.1282663
-10.623527 0.85661286 -3.9636581
-14.397489 0.45497182 -4.4257159
-21.700155 0.68574178 -4.9888635
-19.078407 1.5383599 -4.8931055
-23.620008 -0.40816957 -5.0500946
-25.402666 3.3037336 -5.4630656
-3.5184882 0.29669279 -3.646548
-5.7935338 0.20433982 -3.7957232
-8.059226 0.6795857 -4.0075159
-10.226544 0.36069354 -4.1283231
-10.624269 0.89588028 -3.9673316
-14.399697 0.507882 -4.4305096
-10.172748 1.3609494 -3.5693412
-21.713446 0.76584029 -4.997375
-19.080587 1.6089504 -4.8995194
-23.637312 -0.32180661 -5.0593276
-25.390385 3.3968234 -5.4694648
-3.5210423 0.30928928 -3.6494384
-5.7927847 0.22456056 -3.7972653
-8.0607128 0.70805514 -4.010673
-10.23312 0.39669266 -4.1329241
-10.621077 0.93295819 -3.970015
-14.381941 0.55752403 -4.4313211
-10.179771 1.398074 -3.5739527
-10.488825 1.440519 -2.5193501
-21.786398 0.84456193 -5.014688
-23.6343 -0.23925945 -5.0653706
-25.295294 3.4740164 -5.4631639
-10.483146 1.439739 -3.0116103
-3.5200534 0.32035044 -3.6502359
-5.7958994 0.24292096 -3.8000441
-8.04673 0.73231089 -4.0091329
-10.239722 0.42917293 -4.137249
-10.598336 0.96452564 -3.9681888
-14.368197 0.6022079 -4.4324861
-10.333737 1.4523135 -2.5097718
-21.823505 0.91467893 -5.02597
-23.626951 -0.16494659 -5.0701618
-10.320225 1.4504145 -2.9939697
-3.5225232 0.33297619 -3.6531219
-5.7950158 0.26314971 -3.8015761
-8.0519342 0.76113123 -4.0133963
-10.230265 0.46455285 -4.138072
-10.587004 1.0007657 -3.9691513
-14.369981 0.65253597 -4.4370413
-16.710001 2.4079463 -4.787847
-10.265265 1.4792463 -2.5072272
-21.804235 0.99012291 -5.0293021
-10.156785 0.96009803 -3.4111121
-23.687262 -0.082686193 -5.0852895
-10.78217 1.5537336 -3.3092153
-3.5140631 0.34517595 -3.6500371
-5.794013 0.28438789 -3.8031785
-8.0490904 0.79063815 -4.0155077
-10.220599 0.50165826 -4.1390157
-10.591164 1.0403384 -3.9736247
-14.371466 0.70539552 -4.4417734
-10.196465 1.507501 -2.5047612
-21.80843 1.0704244 -5.0365515
-10.137328 0.99575949 -3.4110935
-23.695389 0.0041344934 -5.0933204
-10.46038 1.5465195 -3.2645562
-10.125308 0.99457884 -3.111702
-10.210718 1.5096081 -2.9864953
-3.5199876 0.35878858 -3.6549654
-9.9561768 1.0148225 -2.8579669
-5.7929316 0.30562213 -3.8047745
-8.0461378 0.82013434 -4.0176101
-10.210796 0.53869885 -4.1399426
-12.600519 1.2843575 -4.4096618
-14.364811 0.75785542 -4.4449725
-10.147372 1.5382688 -2.5038223
-21.81233 1.1507698 -5.0437813
-10.125678 1.0320996 -3.4123979
-23.683237 0.090936705 -5.0984645
-10.387522 1.5746737 -3.2570624
-10.121594 1.0316834 -3.1143463
-10.220926 1.549419 -2.9910147
-3.5116322 0.36908662 -3.6517382
-9.9648695 1.0473477 -2.8615801
-5.7919426 0.32381853 -3.8061373
-8.0396214 0.84499639 -4.0182781
-10.224839 0.57165492 -4.1461244
-12.58853 1.3231049 -4.4107704
-14.370302 0.80342132 -4.4498725
-16.613024 2.5718279 -4.7864532
-10.095057 1.562795 -2.5021803
-21.824543 1.2201763 -5.0513611
-10.146173 1.0664035 -3.4186902
-23.658886 0.1651676 -5.1008797
-10.331223 1.5993553 -3.2515354
-10.255513 1.5876349 -2.9981761
-3.5103223 0.38134322 -3.6526051
-5.7984676 0.3444927 -3.8104479
-8.0327234 0.87263346 -4.019136
-10.226727 0.60757995 -4.1497335
-10.224859 1.1107756 -3.9047375
-14.363441 0.85334623 -4.4528546
-16.623613 2.6329224 -4.7939892
-10.065838 1.5942725 -2.5026386
-21.800234 1.2951735 -5.0539799
-23.638206 0.24754882 -5.1044869
-10.294024 1.6304138 -3.2491887
-10.29334 1.6303054 -3.0060866
-3.5052984 0.39380109 -3.6515033
-5.7817888 0.3647714 -3.8064196
-8.0216751 0.90119129 -4.0189538
-10.212598 0.64430988 -4.1496787
-10.497782 1.1793683 -2.684031
-14.368154 0.9064827 -4.4582925
-16.598125 2.6912796 -4.795105
-10.03229 1.6266714 -2.5028737
-21.783394 1.3743081 -5.0580759
-18.953321 2.129302 -4.9244652
-23.68504 0.3348574 -5.1181798
-10.287979 1.6681299 -3.2516968
-10.326756 1.6744173 -3.013622
-3.5111756 0.40625638 -3.6563361
-10.183721 1.1782951 -2.8960304
-5.7843909 0.38419801 -3.8092425
-8.0225382 0.92823821 -4.0219483
-10.210406 0.67817295 -4.1521869
-10.149846 1.1743758 -3.8952477
-10.623008 0.70557791 -3.7418258
-16.553747 2.7404528 -4.7921386
-9.9992189 1.6553584 -2.5028524
-21.762791 1.4454799 -5.0609646
-18.954079 2.1930587 -4.9302249
-23.69577 0.41360798 -5.1260338
-10.290272 1.7035419 -3.2551479
-10.407912 1.7230171 -3.026969
-3.5097363 0.41851032 -3.6571925
-5.790699 0.40492451 -3.8135402
-8.019249 0.95623672 -4.0239053
-10.211918 0.71408576 -4.1557655
-10.612545 0.7421003 -3.7430327
-9.9854908 1.6889184 -2.5045161
-21.749649 1.5208814 -5.0653372
-18.934429 2.257792 -4.9328189
-23.694183 0.49631974 -5.1324582
-10.307885 1.7434472 -3.2610981
-3.5082538 0.4307591 -3.6580451
-5.7815676 0.42457128 -3.8122163
-8.0197563 0.98470163 -4.0269842
-10.221189 0.75059628 -4.1612358
-10.216229 1.2543944 -3.9164379
-10.590059 0.77768439 -3.7419281
-10.046899 1.7353998 -3.5827084
-9.9795351 1.7237641 -2.506804
-21.744209 1.5967931 -5.0709181
-10.256598 1.2593511 -3.453455
-23.680334 0.57873291 -5.1371202
-10.345022 1.7868946 -3.2700379
-3.5031326 0.44254833 -3.6568828
-10.504034 1.3269674 -2.9429448
-5.7915721 0.44563684 -3.8179116
-8.0201616 1.0131816 -4.030056
-10.222446 0.78657383 -4.1647992
-10.203917 1.2890537 -3.9171972
-10.615037 0.81678194 -3.750001
-10.009403 1.7649271 -3.579103
-9.9852743 1.7606726 -2.5100417
-21.718611 1.6711547 -5.0733843
-23.706102 0.66216999 -5.1475592
-3.5015662 0.45477393 -3.6577268
-10.467616 1.3595057 -2.9417067
-5.7784629 0.46492392 -3.815166
-8.0010176 1.0391505 -4.0274587
-9.975131 1.7948092 -2.7479763
-10.215699 0.82193536 -4.1664505
-10.207223 1.3256865 -3.9213703
-10.154542 1.3188444 -2.6660116
-10.600227 0.8528738 -3.7504013
-9.9953413 1.7984456 -3.5799003
-9.9711952 1.7941009 -2.511667
-21.748444 1.7498376 -5.0844893
-10.22779 1.3283577 -3.4550111
-23.715616 0.7452926 -5.155663
-10.255672 1.331979 -3.1575377
-9.9775991 1.7952532 -2.9842334
-3.5072258 0.46734089 -3.6625512
-5.7768888 0.48408362 -3.8165586
-7.9897513 1.0646412 -4.0270162
-9.9337168 1.8213861 -2.7463822
-10.201101 0.85481763 -4.1660538
-10.246037 1.3652931 -3.9331365
-10.134254 1.3503981 -2.6668108
-10.597341 0.88802111 -3.7529559
-9.9533882 1.8249929 -2.5128429
-21.714684 1.8196167 -5.0853887
-10.231233 1.3633206 -3.4587035
-23.693064 0.82324004 -5.1587706
-3.5019813 0.47908923 -3.6613755
-5.7790012 0.50458097 -3.8194275
-7.9898729 1.0930561 -4.0300608
-9.9390936 1.8582556 -2.7498674
-10.198055 0.89042115 -4.168632
-10.18617 1.3935208 -3.9235599
-10.117589 1.3841387 -2.6680932
-10.598139 0.92535359 -3.7564042
-9.9789524 1.8657079 -3.5835574
-9.9272985 1.8560504 -2.5134692
-10.220066 0.89234298 -3.2952864
-10.265911 1.4044299 -3.4679599
-23.650158 0.90441471 -5.1592431
-10.1593 1.389845 -3.1498826
-3.510972 0.49343431 -3.6682951
-10.464684 1.4707136 -2.9506304
-5.7847853 0.52645564 -3.8237743
-7.9819288 1.1217855 -4.0309224
-9.9872198 1.9051622 -2.7580452
-10.19866 0.92814887 -4.1722827
-10.224217 1.4369183 -3.9355657
-10.116408 1.4217666 -2.6710029
-10.289708 0.93643498 -3.6998703
-9.9642239 1.9007754 -3.5844245
-9.9243584 1.8931707 -2.5161295
-10.149173 0.92364526 -3.2874076
-10.296226 1.4470383 -3.4766638
-23.578884 0.98824364 -5.1558881
-10.142271 1.4254013 -3.1507218
-3.487699 0.50258541 -3.6570339
-10.392211 1.4975412 -2.9450374
-5.7790775 0.54628414 -3.8238144
-7.9857287 1.1507617 -4.0350866
-10.191423 0.96337396 -4.1738844
-10.107425 1.456503 -2.6730189
-9.9614372 1.936308 -3.5873895
-9.8941326 1.9232253 -2.5163953
-10.157804 0.96019602 -3.2918229
-10.32268 1.4875218 -3.4845686
-23.607193 1.0719982 -5.1668091
-9.9878216 1.9414366 -3.235152
-10.129326 1.459659 -3.1519909
-3.4967723 0.51573437 -3.6638651
-10.280389 1.5162412 -2.9345212
-5.7734008 0.5650689 -3.8237741
-7.9702282 1.1755186 -4.0334663
-10.188172 0.99716264 -4.1763024
-10.33589 1.5244269 -3.9669964
-10.086711 1.4876759 -2.6737542
-9.9471464 1.9677829 -3.5880067
-9.8955469 1.9575751 -2.5191343
-10.142651 0.99270719 -3.2923603
-23.659328 1.1529922 -5.1809335
-9.9774113 1.9737699 -3.2366555
-10.140238 1.4955704 -3.1565363
-3.4948585 0.52854729 -3.6647282
-10.282668 1.5551063 -2.9380121
-5.7751231 0.58661497 -3.8266952
-7.9736218 1.2058961 -4.0377097
-10.184449 1.0344975 -4.1789641
-10.393007 1.5717936 -3.9833519
-10.08119 1.5246357 -2.676244
-10.148769 1.0308732 -3.6820512
-9.9476767 2.0058024 -3.5918031
-9.8804646 1.9922501 -2.5207791
-10.127034 1.0286655 -3.2931342
-23.674873 1.2407451 -5.190393
-9.9701099 2.0103257 -3.2389722
-10.124867 1.0284454 -3.0552094
-10.292671 1.5566192 -3.1818163
-10.515034 1.068077 -2.8611248
-3.4930866 0.54013389 -3.6655054
-10.297212 1.5922517 -2.9426873
-5.7769771 0.60616499 -3.8294685
-7.965703 1.2317319 -4.0383439
-10.165239 1.0666152 -4.177527
-10.219119 1.5801762 -3.9485271
-10.091891 1.560503 -2.6800249
-10.145295 1.0645225 -3.6844406
-9.9448709 2.0395794 -3.5946276
-9.8777208 2.0258076 -2.5231729
-10.139441 1.0639085 -3.2980237
-23.650702 1.3181375 -5.1933289
-9.9516525 2.0409703 -3.2392397
-10.117427 1.0615984 -3.0570593
-10.303244 1.5931844 -3.1863866
-10.372235 1.0883349 -2.8481636
-3.4911799 0.55232382 -3.6663198
-10.335032 1.6350589 -2.9503524
-5.7709961 0.62591153 -3.8294802
-7.9652295 1.260143 -4.0413408
-10.169312 1.1029446 -4.1819563
-10.127317 1.6021972 -3.9318893
-10.066628 1.5925959 -2.6804495
-10.560621 1.1453854 -3.7691443
-9.9337931 2.0734677 -3.5960622
-9.854929 2.0570066 -2.5240247
-10.286411 1.1156451 -3.324363
-10.214559 1.6159993 -3.4790206
-23.64994 1.4009222 -5.2000804
-24.7869 5.1737375 -5.5451822
-10.309457 1.6310126 -3.1905024
-3.4820735 0.56334919 -3.6630909
-5.7687759 0.64605242 -3.8308995
-7.9530387 1.2866868 -4.0409088
-10.161472 1.137996 -4.1834965
-10.102078 1.6343703 -3.929913
-10.053111 1.626448 -2.6820133
-10.544702 1.1809143 -3.769412
-9.9303904 2.1089582 -3.5989752
-9.8476887 2.0913944 -2.5261745
-10.208856 1.6516453 -3.4813919
-23.632954 1.4827183 -5.2044449
-10.311586 1.6682656 -3.1940398
-3.4729328 0.5743168 -3.6598547
-5.7588334 0.66529995 -3.8294797
-7.9523683 1.3150783 -4.0438886
-10.165293 1.1743643 -4.1879086
-10.047372 1.6615279 -2.6843369
-10.935588 1.2633541 -3.8497345
-9.9229689 2.1436067 -3.6011312
-9.8403282 2.1257546 -2.5283129
-10.203029 1.6872686 -3.4837515
-23.615685 1.5644071 -5.2087793
-24.761885 5.3491802 -5.5577927
-10.317523 1.7062025 -3.1981423
-10.157674 1.1734841 -2.8331695
-3.4852047 0.58885276 -3.6687396
-5.7603006 0.68585491 -3.8323019
-7.9322591 1.3402176 -4.0411491
-10.157205 1.2093759 -4.1894259
-10.063034 1.7002287 -3.9285009
-10.037567 1.695926 -2.6862612
-14.2681 1.698843 -4.510119
-9.9232054 2.1799431 -3.6047711
-9.8211279 2.1575186 -2.5294476
-21.538897 2.5645463 -5.1234846
-10.204939 1.7242047 -3.4874787
-23.594152 1.645727 -5.2124906
-24.711863 5.4287348 -5.5582709
-10.335137 1.7462027 -3.2039609
-3.4724109 0.59916562 -3.6634717
-5.7540483 0.70548934 -3.8322835
-7.9313984 1.3685653 -4.0441103
-10.152921 1.2448241 -4.1918941
-10.027645 1.7302734 -2.6881723
-14.28182 1.751058 -4.5174823
-9.9155359 2.2145684 -3.6069057
-9.8213434 2.1935313 -2.5322232
-10.183142 1.7571044 -3.487056
-23.592243 1.728368 -5.2191396
-24.67717 5.5114808 -5.5611463
-10.407705 1.795853 -3.2178266
-3.481009 0.6131689 -3.6703329
-5.7515502 0.72556925 -3.8336759
-7.9227095 1.3955606 -4.0447755
-10.23885 1.2916508 -2.6110206
-10.152436 1.2807496 -4.1953154
-10.015749 1.764243 -3.9252801
-10.021544 1.7652637 -2.6904602
-10.85468 1.369339 -3.8444378
-9.8136272 2.2277987 -2.5343261
-10.180873 1.7933291 -3.4900706
-23.562187 1.8088716 -5.2215996
-24.630524 5.5913935 -5.5621529
-10.505868 1.3253356 -2.881237
-3.4753883 0.62406832 -3.6690605
-5.756753 0.74562782 -3.8378329
-7.9257598 1.4232124 -4.0487757
-10.198809 1.320973 -2.6101716
-10.144213 1.3139017 -4.1966748
-10.005938 1.7967457 -3.9265721
-10.027446 1.8006079 -2.6937962
-16.245541 3.7446041 -4.8372145
-9.8100834 2.2612286 -2.5366461
-10.549899 1.3664471 -3.3854594
-10.17487 1.8270806 -3.4922681
-23.548101 1.8863599 -5.226109
-24.572935 5.664072 -5.5610223
-3.4696229 0.63554287 -3.6678221
-5.7541151 0.76571816 -3.839215
-7.9323168 1.4529901 -4.0540066
-10.174311 1.3539275 -2.6108413
-10.135647 1.3487824 -4.1981435
-10.003508 1.8323773 -3.9297066
-10.005362 1.8327168 -2.6944971
-10.222234 1.3603048 -3.7259524
-16.228493 3.8003814 -4.8399096
-9.8021317 2.2954588 -2.5387273
-10.276098 1.3674728 -3.3448842
-23.50955 1.9658866 -5.2273073
-24.518021 5.7416196 -5.5607214
-10.007534 1.8331147 -3.1687806
-3.4709468 0.64831603 -3.670629
-5.7514071 0.78579932 -3.8405907
-7.919486 1.4792303 -4.0534997
-10.153669 1.3872685 -2.6118472
-10.126962 1.3836197 -4.1995997
-10.004851 1.8687423 -3.9337027
-10.014631 1.870569 -2.6983218
-10.17802 1.3905956 -3.7205658
-16.207376 3.8551633 -4.8418317
-9.7940588 2.3296611 -2.5407965
-10.267309 1.4027948 -3.3467062
-10.349977 1.9332061 -3.5301614
-24.48229 5.8234735 -5.5634437
-10.475815 1.4312824 -2.8868749
-3.4651015 0.65974915 -3.6693809
-5.7524438 0.80640423 -3.8433828
-7.9104214 1.5061301 -4.0541277
-10.148765 1.4227009 -2.6142647
-10.110328 1.4173126 -4.1991062
-9.9943705 1.9029102 -3.9350736
-10.00411 1.9047648 -2.7001734
-10.243996 1.4360508 -3.7371011
-16.182207 3.9089053 -4.8429794
-9.7975302 2.3666499 -2.5438609
-10.258399 1.4380699 -3.3485153
-10.29617 1.9603723 -3.5241463
-10.161399 0.92118102 -3.2294507
-24.442406 5.9042034 -5.5655155
-10.486597 1.4700598 -2.8911719
-3.4698949 0.67322236 -3.6742084
-5.7495937 0.82648063 -3.8447471
-7.912816 1.5352294 -4.0581903
-10.119982 1.4547061 -2.6145198
-10.779783 2.6437795 -2.8901525
-10.101406 1.4520359 -4.2005343
-9.9915609 1.9385437 -3.9381781
-9.9856215 1.9373912 -2.7012231
-16.176199 3.9672694 -4.8478689
-9.7775555 2.3979797 -2.5448997
-10.265165 1.4755756 -3.3528583
-10.261868 1.9909879 -3.5215762
-10.142223 0.95515066 -3.2295988
-24.425526 5.9904451 -5.5712414
-10.144614 1.4582469 -3.0941603
-3.4605308 0.68332005 -3.6708856
-5.7544436 0.84666276 -3.848886
-7.9192266 1.5637389 -4.0633092
-10.10323 1.4865084 -2.6157117
-10.763195 2.6775787 -2.8914223
-10.092626 1.484948 -4.2018304
-9.977294 1.970127 -3.9385393
-9.9830666 1.9712669 -2.7037268
-10.489736 1.5433756 -3.7929065
-16.151363 4.0180025 -4.8488045
-9.7734308 2.4313533 -2.5471694
-10.272059 1.5113486 -3.3570743
-10.266943 2.0273216 -3.5258317
-10.135028 0.98838884 -3.2314055
-24.370651 6.0627294 -5.5705271
-10.131818 1.4907146 -3.0953457
-10.385352 1.5280175 -2.8856037
-3.4580028 0.69599903 -3.6716895
-5.7474928 0.86717349 -3.8488817
-7.9095964 1.5919801 -4.0639987
-10.097714 1.5235287 -2.6182067
-9.8458891 2.4877346 -2.7928483
-10.091023 1.5225192 -4.2052937
-9.970005 2.0066826 -3.9408569
-9.9836159 2.0094221 -2.7068384
-10.491874 1.5829989 -3.7970703
-16.144249 4.0791245 -4.8538251
-9.7644539 2.4671586 -2.5492942
-10.282233 1.5513686 -3.3621652
-10.228177 2.0586452 -3.5226388
-10.115452 1.0239211 -3.2316458
-24.36375 6.1559243 -5.5782909
-10.26852 1.5492997 -3.1175115
-10.367819 1.5642817 -2.8868079
-3.4591036 0.70879328 -3.6744804
-5.7177835 0.88311529 -3.8402433
-7.8924642 1.6172184 -4.0622873
-10.072568 1.5557145 -2.6187642
-9.813899 2.5161285 -2.7922843
-10.085648 1.5577346 -4.2076569
-9.9707136 2.0430655 -3.9448044
-9.9569483 2.0402448 -2.7070513
-10.486284 1.6196132 -3.7995272
-16.122196 4.1334763 -4.8556395
-9.7635317 2.5032151 -2.5519834
-10.288587 1.5890787 -3.3664918
-10.197495 2.0895343 -3.5207024
-24.318907 6.234983 -5.5796051
-10.342027 1.5973326 -3.1308591
-10.128138 1.0609344 -2.9988706
-10.393911 1.6053462 -2.8928707
-3.4566083 0.72086358 -3.6752386
-10.508962 1.1379259 -2.8047442
-5.7336893 0.90607494 -3.8487127
-7.8714118 1.6415553 -4.0594096
-10.063126 1.5902407 -2.6207504
-10.068437 1.59108 -4.2070899
-9.963522 2.0778575 -3.94699
-9.9615135 2.0774388 -2.710428
-10.488422 1.6574489 -3.8035498
-10.800117 2.8091931 -3.8173633
-9.758605 2.5382876 -2.5543242
-10.298742 1.6274742 -3.3714528
-10.221361 2.131629 -3.5285296
-24.281536 6.3158135 -5.5821166
-10.312708 1.6296812 -3.1299822
-11.078003 1.1995424 -3.1241484
-3.4505246 0.73217261 -3.6739621
-10.230677 1.1439373 -2.7783656
-5.7457018 0.9285419 -3.8557563
-7.8733072 1.6706502 -4.0634327
-10.06541 1.6266342 -2.6238134
-10.716532 2.8274271 -2.8995006
-10.074526 1.6281075 -4.2123489
-9.9484444 2.1109772 -3.9474089
-9.9698515 2.1155195 -2.7141969
-9.74195 2.5702956 -2.5556331
-10.304814 1.6653236 -3.3757682
-10.159258 2.15571 -3.520962
-23.385986 2.6148911 -5.2650809
-24.247757 6.3974767 -5.5852108
-10.306955 1.6656696 -3.1323767
-10.822824 2.8554709 -3.1719835
-3.4517512 0.74377292 -3.6766684
-5.7465568 0.94721478 -3.858381
-7.8603511 1.6937246 -4.062665
-10.056303 1.6575977 -2.6255443
-10.715325 2.8631463 -2.9023268
-10.069362 1.6597501 -4.2144461
-9.9495211 2.1438928 -3.9511108
-10.461502 1.7243873 -3.8050053
-10.79279 2.8838451 -3.8238101
-9.7415552 2.6029539 -2.558095
-10.311344 1.6996365 -3.3798397
-9.9614697 2.1464672 -3.4886196
-23.385586 2.6892605 -5.27145
-10.813661 2.8894217 -3.4349267
-10.317441 1.7006415 -3.1367211
-3.4524109 0.75779837 -3.6795216
-5.7352815 0.96799093 -3.8569767
-7.8537898 1.7238936 -4.0645347
-10.038033 1.6942019 -2.6269963
-9.7662315 2.6497655 -2.7989528
-10.059017 1.6977437 -4.2160206
-9.9489679 2.1837816 -3.9552362
-9.9587469 2.1859281 -2.7189167
-10.458726 1.7652059 -3.8084462
-10.670171 2.8950217 -3.8042033
-9.7469301 2.6445286 -2.5616267
-10.324415 1.742537 -3.3856673
-10.116703 2.2205992 -3.5204525
-10.391008 2.2808087 -2.5157104
-23.379053 2.7795057 -5.2783351
-10.338415 1.7449 -3.1431899
-3.4532831 0.77063388 -3.6822977
-5.7318673 0.98800361 -3.8582914
-7.8592095 1.7538594 -4.0696902
-10.020232 1.7271903 -2.6281991
-9.7376404 2.6785338 -2.7987339
-10.04524 1.731501 -4.2163734
-9.9374123 2.2176304 -3.9564965
-10.323167 1.7794073 -3.784699
-9.7260704 2.6753514 -2.5625556
-10.341863 1.7826298 -3.3918982
-10.089436 2.2515559 -3.5191176
-23.337513 2.8572118 -5.2791529
-10.391326 1.7911558 -3.1538348
-9.8634176 2.7131314 -3.0510907
-3.4399657 0.78027761 -3.6769354
-5.7321768 1.0086733 -3.8610308
-7.8568645 1.7821503 -4.0725293
-10.010201 1.761464 -2.6301188
-9.739789 2.7157311 -2.8019896
-10.035241 1.7658701 -4.2176881
-9.9334803 2.2531829 -3.9595056
-10.027048 1.7644284 -3.7283616
-9.8210497 2.738389 -3.6442518
-9.739789 2.7157311 -2.5665603
-10.378805 1.826326 -3.4013534
-23.319473 2.9376605 -5.2835836
-9.8393688 2.7434969 -3.2892382
-9.8538866 2.747545 -3.0530612
-3.4407537 0.79309577 -3.6797035
-10.530421 1.3639261 -2.8251789
-5.7248297 1.0279969 -3.8609011
-7.8467736 1.8086861 -4.0730472
-10.011867 1.7978121 -2.6331294
-9.7610407 2.7584171 -2.8074255
-10.021236 1.7994946 -4.2180123
-9.9178209 2.2860637 -3.9598594
-10.222437 1.3240352 -2.552376
-9.9664927 2.2972825 -2.7285345
-10.016913 1.7987183 -3.729846
-9.7148542 2.7453649 -2.5671186
-18.309397 4.2203269 -5.0159569
-23.328871 3.0216126 -5.2922549
-9.8374166 2.7800004 -3.2924395
-10.280249 1.846005 -3.1447289
-9.8365421 2.7797532 -3.0539591
-3.4414935 0.80592805 -3.6824687
-10.509738 1.3985655 -2.826005
-5.7212067 1.0479742 -3.8621962
-7.8327737 1.8342768 -4.0723963
-10.013398 1.8341906 -2.6361315
-9.747508 2.7913718 -2.8089168
-10.022669 1.8358886 -4.2222376
-9.9213696 2.3233838 -3.9646111
-10.209823 1.3586549 -2.5541654
-9.9155712 2.3220258 -2.7262056
-10.006662 1.8329567 -3.7313173
-9.8093491 2.8090813 -3.649667
-9.7167473 2.782563 -2.5700746
-18.279024 4.2805772 -5.0170207
-9.8161364 2.8110249 -3.2925136
-10.033996 1.8379635 -3.1132371
-9.8190928 2.8118713 -3.0548415
-10.026423 1.8365762 -2.874543
-3.435133 0.81709665 -3.681159
-10.508755 1.4357821 -2.8289442
-5.7061548 1.0658157 -3.8591824
-7.8301396 1.8625133 -4.0752082
-10.006936 1.8691306 -2.6383867
-9.745389 2.8276074 -2.8117118
-10.012315 1.8701354 -4.2235146
-9.9247818 2.3607545 -3.9693561
-10.205018 1.3942834 -2.5566063
-9.9307537 2.362175 -2.730727
-10.004113 1.8686035 -3.7343669
-9.8071346 2.8455229 -3.653121
-9.7108164 2.8175762 -2.5723312
-18.263973 4.3443532 -5.0208793
-10.615398 1.4503525 -3.3400564
-9.8139343 2.8474958 -3.2956924
-9.8168964 2.8483553 -3.0578361
-3.4357839 0.82993376 -3.6839175
-10.539324 1.477453 -2.8352933
-5.7099676 1.0871685 -3.8633318
-7.8235908 1.8898344 -4.0768533
-9.9964218 1.9033022 -2.6402602
-9.7431326 2.8638637 -2.8144975
-9.997961 1.9035952 -4.2237978
-9.9357672 2.4000428 -3.9758625
-10.188205 1.4282315 -2.558033
-9.99753 1.9035132 -3.7366099
-9.7780361 2.8741229 -3.6512227
-9.7047596 2.8525841 -2.5745773
-21.194569 4.0354109 -5.2046056
-18.248697 4.4080801 -5.0247164
-9.8154278 2.8851137 -3.2994874
-9.8068943 2.8826053 -3.0597563
-3.4366808 0.84158599 -3.6866019
-5.6989603 1.103637 -3.8616078
-7.817615 1.9144039 -4.0783257
-9.9825373 1.9331766 -2.6415265
-9.7417555 2.896739 -2.817085
-9.984169 1.9334927 -4.2238436
-9.9590092 2.4387958 -3.9848127
-10.171789 1.4585288 -2.559202
-9.9032145 2.4251325 -2.7334621
-9.9954033 1.9356683 -3.7394166
-9.7842293 2.9093685 -3.6559916
-9.6957493 2.8830588 -2.576277
-21.126942 4.0913558 -5.1997743
-18.230886 4.4644413 -5.0274439
-10.324997 1.4804972 -3.3012822
-9.7986603 2.9136598 -3.2999551
-10.183311 1.4601809 -3.0390909
-9.8054523 2.9156792 -3.0625405
-3.4265368 0.85242599 -3.6832759
-5.6986556 1.1252636 -3.8643744
-7.8105454 1.9430441 -4.0800338
-9.9832335 1.9713017 -2.6446009
-9.7463913 2.9370413 -2.8208301
-9.9847708 1.9716052 -4.2281394
-9.9962111 2.4867764 -3.9976194
-10.150547 1.4934717 -2.56038
-9.9059029 2.4643102 -2.7368472
-9.9882421 1.9722906 -3.7417495
-9.7925653 2.9509559 -3.6618037
-9.7004366 2.923193 -2.5796404
-21.111803 4.1687627 -5.2047052
-18.206663 4.5293059 -5.0300117
-10.327399 1.5194924 -3.3050721
-9.799386 2.953011 -3.3038266
-10.173937 1.4969132 -3.0410945
-9.7870455 2.9492922 -3.0634656
-3.4270556 0.86526841 -3.6860244
-5.6946936 1.1451476 -3.8656354
-7.7961097 1.9683741 -4.0793276
-9.9802132 2.0069239 -2.6471827
-9.732255 2.9698753 -2.8222642
-9.9894524 2.0087819 -4.2332988
-10.025944 2.5313661 -4.0085559
-10.129451 1.5265082 -2.5614185
-9.8894863 2.4969132 -2.7380826
-9.9812975 2.0071418 -3.7439597
-9.7860155 2.9862807 -3.6644545
-9.6786976 2.9535317 -2.580461
-21.101036 4.2432137 -5.2100277
-18.074781 4.563549 -5.0125155
-10.329927 1.5567201 -3.3087323
-9.7966576 2.9895282 -3.3069675
-10.196315 1.5365846 -3.0471482
-9.799633 2.9904361 -3.0685582
-3.4206557 0.87572926 -3.6846557
-5.690865 1.1640258 -3.8668272
-7.8047395 1.9981078 -4.0855036
-9.9813414 2.0416121 -2.6500189
-9.7185316 3.0009527 -2.8235919
-9.9827366 2.0418975 -4.2353892
-10.03287 2.5685363 -4.0140681
-10.128286 1.5606998 -2.5640109
-9.8889008 2.5316784 -2.7408359
-9.9745865 2.0402305 -3.7460485
-9.772254 3.0175412 -3.6654685
-9.7376404 3.0068531 -2.5885134
-21.082941 4.3123651 -5.2137918
-10.332601 1.5921832 -3.312264
-9.794322 3.0243554 -3.3100057
-9.7896624 3.0229168 -3.0703409
-3.413914 0.88734961 -3.6833515
-5.6865602 1.1848775 -3.8681376
-7.7707896 2.0197952 -4.0790415
-9.9620438 2.0757368 -2.6511931
-9.7189169 3.0401371 -2.8268652
-9.9674473 2.0768626 -4.2357178
-10.027227 2.606292 -4.0171165
-10.110644 1.5959431 -2.5654745
-9.8834267 2.5689149 -2.7433743
-9.9709339 2.0775893 -3.7491462
-9.7725306 3.0569077 -3.669723
-9.7456398 3.0484958 -2.5922117
-21.066992 4.3896141 -5.2186465
-17.957592 4.6675644 -5.004312
-10.338523 1.6319133 -3.3166468
-9.7946024 3.0638118 -3.3138502
-10.315617 1.6282974 -3.0692322
-9.7861452 3.0611663 -3.0733705
-3.4143012 0.90018451 -3.686089
-10.782808 2.8428998 -3.1014786
-5.6823897 1.2047189 -3.8693786
-7.7712765 2.0489061 -4.0829539
-9.9625635 2.1121552 -2.6541183
-9.7463789 3.0861158 -2.8331468
-9.9408045 2.107542 -4.2329631
-10.014232 2.640264 -4.0182724
-10.093165 1.6293117 -2.5668025
-9.8743992 2.6033969 -2.7453902
-9.9636221 2.1123796 -3.7513223
-9.7693949 3.0934036 -3.6731086
-17.937336 4.7291994 -5.0072637
-10.332764 1.6679894 -3.3190477
-9.799077 3.1028023 -3.3182225
-10.826665 2.8544629 -3.3681242
-10.30987 1.6642935 -3.0716276
-9.8058901 3.1049597 -3.079519
-3.4112976 0.91150188 -3.6867476
-5.6745977 1.2227446 -3.8691108
-7.7682295 2.0756781 -4.0856175
-9.9515934 2.1443384 -2.6557982
-9.7856092 3.1342802 -2.840673
-9.9414883 2.1421607 -4.2369885
-10.013089 2.6755071 -4.0219831
-10.071919 1.6601709 -2.5676568
-9.8657122 2.6361275 -2.7472942
-9.9487867 2.1437335 -3.7517736
-9.7742548 3.1306434 -3.6779296
-9.942955 2.1424768 -3.3662038
-10.323236 1.7015959 -3.3206985
-9.8343687 3.1498976 -3.3275375
-10.339786 1.7043236 -3.0786324
-3.4080949 0.9234041 -3.6874363
-5.6665325 1.2417208 -3.8688965
-7.772294 2.1058593 -4.090683
-9.9557705 2.1816316 -2.6590824
-9.922368 2.1743121 -4.2361755
-10.054232 1.6933259 -2.5689514
-9.8603106 2.6715956 -2.7496986
-9.9451284 2.1792996 -3.7547288
-9.9239845 2.6888475 -3.5360887
-10.329043 1.7396096 -3.3249364
-9.8739519 2.6752915 -3.2278266
-10.39289 1.7503626 -3.0889261
-3.4048507 0.93529499 -3.6881213
-5.6659231 1.2623309 -3.8715587
-7.7535491 2.1298599 -4.0887456
-9.94419 2.2155008 -2.6608474
-9.9108591 2.208075 -4.2373233
-9.8602476 2.7085593 -3.9948192
-10.040376 1.7270555 -2.5705719
-9.8624964 2.709177 -2.7529175
-9.9335785 2.2131367 -3.7560654
-15.746504 5.1650071 -4.9008846
-20.918783 4.6605687 -5.2222285
-10.358315 1.7817447 -3.3328938
-23.593147 7.7387829 -5.6251736
-9.8529978 2.7065678 -3.2280159
-3.398073 0.94620138 -3.6867576
-9.8412724 2.7403252 -2.9915645
-5.6577253 1.2812492 -3.8713293
-7.7422886 2.1558583 -4.089128
-9.9324942 2.2493136 -2.6625991
-9.9146557 2.2452738 -4.2424145
-9.8660231 2.7472174 -4.0003581
-10.030345 1.7613984 -2.5725205
-9.8568325 2.744658 -2.7553022
-15.728379 5.2199378 -4.9037995
-20.871254 4.7265062 -5.2214541
-9.8588829 2.745229 -3.5314927
-23.497772 7.7984457 -5.6181593
-9.8434896 2.7409427 -3.2299852
-3.3982382 0.95904255 -3.6894782
-10.054272 1.8018035 -2.8150973
-9.8239498 2.7724915 -2.9925072
-5.6532183 1.3009919 -3.8725359
-7.7384906 2.183938 -4.0918355
-9.9245815 2.2839735 -2.6647172
-9.8913507 2.2763259 -4.2405682
-9.8792858 2.7881081 -4.0076771
-10.020199 1.7956972 -2.5744565
-9.8548908 2.7812235 -2.7580905
-13.871088 3.1921945 -4.582375
-15.710062 5.2748122 -4.9066944
-20.839073 4.7957578 -5.2232738
-9.8338928 2.7752974 -3.5305929
-23.371984 7.8473802 -5.6060266
-9.8223286 2.7720337 -3.2301435
-10.035666 1.7984691 -3.0504432
-3.3983552 0.97189575 -3.6921957
-9.8103685 2.8056676 -2.9939427
-5.6486425 1.3207176 -3.8737357
-7.7345915 2.2120161 -4.0945349
-9.9282331 2.3213351 -2.6679652
-9.8794956 2.3099396 -4.2416763
-9.8542337 2.8182127 -4.0060573
-10.006001 1.8292251 -2.5760336
-9.8412762 2.814507 -2.759625
-13.84437 3.2369728 -4.5820918
-15.695323 5.3308997 -4.9103408
-20.795006 4.8621116 -5.2230854
-9.8241453 2.8096077 -3.5325382
-10.040657 1.8355607 -3.2925563
-23.45788 7.9674435 -5.6293139
-9.8087521 2.8052056 -3.2314861
-10.253424 1.8744572 -3.0829868
-3.3846672 0.98013484 -3.686693
-10.022115 1.8665377 -2.8173282
-9.7971697 2.8370728 -2.9952681
-5.6479793 1.3403316 -3.8763149
-7.7309809 2.238744 -4.0971498
-9.9243736 2.3551698 -2.6703389
-9.8679352 2.3417764 -4.2426672
-9.8410215 2.8497715 -4.0070047
-9.9998789 1.8623965 -2.5781758
-9.8242054 2.8449018 -2.7606335
-13.829689 3.2819469 -4.5840626
-15.662491 5.3777452 -4.9099631
-20.774885 4.9301229 -5.2265987
-9.8224325 2.8443885 -3.5358078
-23.401112 8.0348158 -5.628293
-9.8070698 2.8399396 -3.2345221
-3.3845308 0.99355394 -3.6894352
-10.015207 1.9032558 -2.8196888
-9.7790337 2.8707073 -2.9962628
-5.6392846 1.3601189 -3.8761148
-7.7151971 2.264853 -4.0963988
-9.9156752 2.391526 -2.6725292
-9.8708134 2.3807058 -4.2478228
-9.8419342 2.8891723 -4.0117126
-9.9969158 1.8997798 -2.5808783
-9.8329029 2.8865209 -2.7647345
-13.813703 3.3316772 -4.5863066
-15.63139 5.4311895 -4.9106174
-20.768314 5.0090351 -5.2331648
-9.8157682 2.8814909 -3.5385437
-22.953276 4.3619623 -5.3584232
-23.386597 8.1257677 -5.6352763
-9.8119268 2.8803632 -3.2389455
-3.3775673 1.0043291 -3.6880467
-9.776618 2.907105 -2.9991865
-5.6307616 1.3788795 -3.8758473
-7.6997247 2.2895348 -4.0955591
-9.8956108 2.4232702 -2.673454
-9.8547649 2.4132676 -4.247901
-9.8279848 2.922379 -4.0127325
-9.9862967 1.9339039 -2.582763
-9.826601 2.9219675 -2.7670658
-13.809714 3.3817687 -4.5908141
-15.608582 5.4844017 -4.9126534
-20.742952 5.0796027 -5.2361865
-9.8247557 2.9214187 -3.5440447
-22.930073 4.4405408 -5.3622966
-23.354326 8.2060308 -5.6388445
-9.7979832 2.9134576 -3.2402527
-3.377512 1.0171583 -3.6907487
-9.7778969 2.9446731 -3.0026121
-5.6259146 1.3985262 -3.8770194
-7.6991973 2.3186603 -4.0993929
-9.8948555 2.4597273 -2.6762815
-9.834775 2.444792 -4.2469692
-9.9279079 2.98985 -4.0406361
-9.9794846 1.9687511 -2.5849831
-9.8201714 2.9574044 -2.7693861
-10.849144 2.6969507 -3.9748392
-20.709606 5.148128 -5.2378564
-9.7992287 2.9510975 -3.5430717
-22.898766 4.5174646 -5.3648858
-23.321774 8.2861662 -5.6423802
-9.7877531 2.9476416 -3.2421496
-3.3810554 1.0304675 -3.6954641
-9.7719011 2.9782495 -3.0049126
-5.62498 1.4181179 -3.879575
-7.6952171 2.3453245 -4.101974
-9.8866434 2.4925292 -2.6782289
-9.8304443 2.4783607 -4.2498999
-9.9729013 2.0018363 -2.5870819
-9.8179617 2.9922876 -2.7720201
-15.454685 5.5488019 -4.8940411
-20.680811 5.2138548 -5.239944
-9.7932014 2.9847414 -3.5455842
-22.864094 4.5894537 -5.3665619
-23.188932 8.3256817 -5.6284781
-9.7893867 2.9835789 -3.245753
-3.3601182 1.0369177 -3.6858644
-9.7690878 3.0146976 -3.0078089
-5.6199961 1.4377429 -3.8807347
-7.6832366 2.3710132 -4.1022749
-9.8856335 2.5290055 -2.6810374
-9.8255634 2.5136378 -4.2529221
-9.8201218 3.0304465 -4.0236983
-9.9619341 2.0358329 -2.5889289
-9.8074579 3.0265384 -2.7739007
-10.818975 2.7677789 -3.976774
-15.513841 5.631248 -4.9130621
-20.643158 5.2810631 -5.2408895
-9.7979612 3.023608 -3.5503409
-22.828381 4.665235 -5.3684559
-23.110933 8.3888578 -5.6242809
-9.7941828 3.0224416 -3.2500479
-3.3599386 1.0497217 -3.6885548
-9.7661371 3.0511651 -3.0106959
-5.6000299 1.4534811 -3.8760867
-7.6711693 2.3966491 -4.1025648
-9.888361 2.5665126 -2.6842237
-9.8167295 2.5479207 -4.2549372
-9.8019075 3.0623405 -4.0237718
-9.958684 2.071409 -2.5914655
-9.796833 3.060755 -2.775769
-15.527741 5.6977162 -4.9227729
-20.616875 5.3510852 -5.2437954
-9.7873468 3.0577915 -3.5522072
-9.9658203 2.0728934 -3.3036339
-23.163986 8.4997435 -5.6423798
-9.7835722 3.056612 -3.2519135
-3.3597105 1.062536 -3.691242
-9.7783012 3.092468 -3.0156283
-5.6135468 1.4779221 -3.8844841
-7.6590171 2.4222271 -4.1028438
-9.8677378 2.5979559 -2.6850805
-9.7963104 2.5791507 -4.2539487
-9.8857422 3.1264472 -4.0481143
-9.9553051 2.1069846 -2.593992
-9.8204136 3.1057866 -2.7814119
-9.8763647 2.6002274 -3.7860446
-15.507759 5.7518802 -4.9254799
-20.609646 5.4260616 -5.2499971
-9.7956209 3.0979457 -3.5576699
-22.764009 4.8178754 -5.3733993
-23.06304 8.5541592 -5.6342764
-10.826913 2.8504853 -3.3025589
-9.7918854 3.0967643 -3.2567985
-3.3594334 1.0753624 -3.6939263
-9.8131428 3.1412096 -3.0236437
-5.6120753 1.4985019 -3.8870757
-7.6579866 2.4513392 -4.1066365
-9.870203 2.6354811 -2.6882474
-9.7948837 2.6153698 -4.2579336
-9.9557095 2.1434064 -2.5968618
-9.8476067 3.1522417 -2.7874765
-9.8557014 2.631609 -3.7856083
-15.483857 5.8045797 -4.9273887
-20.594435 5.4989996 -5.254848
-9.8265133 3.1454895 -3.5674613
-23.051735 8.6416206 -5.6414704
-9.8380823 3.1491928 -3.2677488
-3.355849 1.0864969 -3.694524
-5.5996385 1.5150924 -3.8852479
-7.6460838 2.4755127 -4.1068239
-9.8652697 2.6692429 -2.6905305
-9.8014174 2.6519663 -4.2638087
-11.891438 3.8499978 -4.5354733
-9.940733 2.1746998 -2.5982006
-9.854598 2.6663554 -3.7891293
-15.445899 5.8488426 -4.9260287
-10.827289 2.9295359 -3.5716698
-22.707291 4.9675961 -5.3792295
-22.996809 8.7081184 -5.6407585
-9.8931541 2.6767874 -3.1707456
-3.3415091 1.0954024 -3.6890223
-5.5940475 1.5356072 -3.8864298
-7.6332307 2.5023 -4.1071429
-9.8631344 2.7075028 -2.6933913
-9.7763853 2.6836896 -4.261879
-11.869705 3.8910868 -4.5359964
-9.9365988 2.2119911 -2.6008031
-9.9904928 2.7424636 -3.822197
-15.435515 5.9096909 -4.9311404
-10.88574 2.9882159 -3.5859683
-17.695496 5.800878 -5.0788383
-22.673344 5.0473242 -5.3818316
-22.942364 8.7837868 -5.6410441
-9.8527527 2.704653 -2.9300928
-3.3411067 1.1082004 -3.6916945
-5.5775204 1.5520257 -3.8831863
-7.6281738 2.5301633 -4.1097331
-9.861331 2.7440577 -2.6961434
-9.7555361 2.7146187 -4.2608328
-11.852285 3.9312449 -4.537292
-9.9366207 2.2484267 -2.6036437
-10.011512 2.7858477 -3.8307242
-15.414792 5.9635315 -4.933763
-9.8449974 2.7395129 -3.4090753
-17.675142 5.8626084 -5.0821152
-22.659481 5.127315 -5.3873243
-22.933907 8.8724566 -5.6487918
-9.8583488 2.7432277 -3.1725063
-9.847106 2.7400994 -2.9325457
-3.3406549 1.1210098 -3.6943636
-5.5757766 1.5725312 -3.8857503
-7.608139 2.5530319 -4.107604
-9.8439932 2.7762926 -2.6973231
-9.7536087 2.7508013 -4.2647753
-11.830967 3.9700689 -4.5376682
-9.9209146 2.2813056 -2.6050503
-10.001726 2.8207777 -3.8327155
-15.379045 6.0115037 -4.9332442
-9.8353748 2.7738619 -3.4110334
-17.635674 5.9179301 -5.0817432
-22.625885 5.2028022 -5.3896184
-22.880482 8.9437342 -5.6488099
-9.8448677 2.7765391 -3.1738906
-9.8451777 2.7766266 -2.9354718
-3.3437848 1.1344111 -3.6990538
-5.5705309 1.5910127 -3.8867984
-7.6033468 2.5795083 -4.110106
-9.8501167 2.8133154 -2.7007399
-9.740633 2.7820454 -4.2656069
-11.82901 4.0131049 -4.5424366
-9.9288759 2.3178296 -2.6084802
-9.9923172 2.8539295 -3.8345959
-15.35532 6.0610075 -4.9349136
-9.8222857 2.8053665 -3.4122126
-17.597075 5.9699759 -5.081181
-22.627945 5.2823424 -5.3973598
-22.820982 9.0078325 -5.6473136
-9.839447 2.8102682 -3.1763184
-9.8282261 2.8070631 -2.9363534
-3.3363757 1.1448995 -3.697607
-5.5686436 1.6115187 -3.8893514
-7.6017151 2.6085792 -4.1138477
-9.8402367 2.847682 -2.7026789
-9.7308617 2.81603 -4.2675247
-11.80367 4.0505075 -4.5418763
-9.9090481 2.3497055 -2.609504
-9.9937544 2.8921089 -3.8390183
-15.33777 6.1160469 -4.9382548
-9.8200989 2.8418543 -3.4154871
-17.576128 6.0313649 -5.0843835
-22.582178 5.3548503 -5.3976865
-22.707796 9.0548983 -5.6369615
-9.8295774 2.8445973 -3.1782556
-9.818367 2.8413532 -2.9382882
-3.3323593 1.1565379 -3.6982107
-5.5629849 1.6309458 -3.8904417
-7.5999751 2.6376686 -4.1175828
-9.8455906 2.8865125 -2.7061782
-9.720974 2.8499775 -4.2694302
-11.789459 4.0916829 -4.5440121
-9.9085646 2.3861508 -2.6123054
-9.9759665 2.9247358 -3.8393366
-15.312634 6.168056 -4.940011
-9.8216076 2.8794811 -3.4194233
-17.551203 6.0913696 -5.0868363
-22.56723 5.4345732 -5.4030719
-22.64642 9.1221666 -5.6355677
-9.8234234 2.8800135 -3.180759
-9.8083906 2.8756061 -2.9402108
-3.3283014 1.1681639 -3.6988101
-5.5424867 1.6459695 -3.885695
-7.5944219 2.6654825 -4.1201301
-9.8316193 2.9197266 -2.7077019
-9.7109652 2.8838956 -4.2713232
-11.786336 4.1367564 -4.5488491
-9.9040594 2.4216764 -2.6147387
-9.973321 2.961808 -3.8429198
-15.279942 6.2169714 -4.9401803
-9.8229713 2.9171584 -3.4233522
-17.529831 6.1526027 -5.089993
-22.548122 5.5133209 -5.407795
-22.718006 9.2433062 -5.6573415
-9.8133097 2.914289 -3.1826723
-9.7982922 2.9098291 -2.9421213
-3.3278263 1.1804057 -3.7014322
-5.5443764 1.6665564 -3.8896315
-7.570755 2.6854053 -4.1166959
-9.8333759 2.9557655 -2.710695
-9.6975632 2.9149423 -4.2721057
-11.768815 4.1744895 -4.5499449
-9.8998585 2.455467 -2.6170588
-9.9710608 2.9971514 -3.8463964
-15.244506 6.2615509 -4.9394174
-9.8056011 2.9474168 -3.4238148
-17.520605 6.214694 -5.0951557
-22.506472 5.5822921 -5.4084239
-22.746328 9.3428612 -5.6711893
-9.8074188 2.947963 -3.1850586
-9.8000774 2.9457564 -2.9453869
-3.3170683 1.1889886 -3.6978791
-5.5461903 1.6871755 -3.8935647
-7.5728846 2.714467 -4.1215191
-9.8311739 2.9906864 -2.7132862
-9.6916265 2.9482353 -4.2748871
-11.747436 4.2108164 -4.5501184
-9.8877811 2.4873073 -2.6186471
-9.9648733 3.0313582 -3.8490438
-15.227339 6.3135967 -4.9425511
-9.7995911 2.9810789 -3.4262836
-17.484888 6.2673812 -5.0951982
-22.449123 5.6471581 -5.4064608
-22.722599 9.4212999 -5.6759868
-9.8128805 2.9851215 -3.1891785
-9.7979069 2.9805665 -2.9481578
-3.3163061 1.2017951 -3.7005234
-5.5402665 1.7065253 -3.8946278
-7.5559878 2.7382121 -4.1204925
-9.8321419 3.0285184 -2.7163589
-9.6774979 2.9808843 -4.2757387
-11.740127 4.2545009 -4.554009
-9.8906641 2.5247748 -2.6217728
-9.9580307 3.0672948 -3.8517761
-15.168468 6.3513284 -4.9371595
-9.8043785 3.0199666 -3.4308586
-17.462904 6.3283768 -5.0982876
-22.413799 5.7215366 -5.4085302
-22.689573 9.5005589 -5.6796484
-9.8100367 3.0217094 -3.1922228
-9.7989082 3.0182817 -2.951503
-3.3050714 1.2114469 -3.6970172
-5.5266204 1.724525 -3.8928161
-7.5385361 2.7631886 -4.1195197
-9.8286133 3.0669177 -2.7191203
-9.6665068 3.0163341 -4.2776756
-11.720728 4.2961369 -4.5552649
-9.8813448 2.5610092 -2.6239042
-9.946722 3.1037722 -3.8537693
-15.119412 6.3960195 -4.9342113
-9.8008633 3.0582585 -3.4341707
-17.432104 6.389595 -5.1000452
-22.412001 5.8086572 -5.4165664
-22.661955 9.5867682 -5.6847534
-9.810338 3.0612152 -3.1959336
-9.7877798 3.0541761 -2.9534643
-3.3042221 1.2242359 -3.6996531
-5.5095482 1.7403258 -3.8894804
-7.5325222 2.7908487 -4.1220183
-9.8369198 3.1072321 -2.7229707
-9.6634569 3.0524397 -4.2815232
-11.720544 4.3425384 -4.5609455
-9.8800821 2.5975208 -2.6266491
-9.9434118 3.1408703 -3.857302
-15.082343 6.4424996 -4.9334693
-9.793932 3.0936534 -3.4367037
-17.398481 6.4462514 -5.100893
-22.345261 5.8746758 -5.4134393
-22.63937 9.6705217 -5.6902952
-9.8148346 3.100256 -3.2001259
-10.811336 2.8423519 -3.2345936
-9.8037519 3.0967553 -2.9587526
-3.2999289 1.2357616 -3.7002258
-5.5071092 1.7607188 -3.8919804
-7.5227351 2.8171237 -4.1233239
-9.852685 3.1500752 -2.727612
-9.6527443 3.0861509 -4.2833447
-11.705316 4.3834219 -4.5629773
-9.8709555 2.6319904 -2.6286561
-9.7770767 3.1259019 -3.8253801
-15.096337 6.5108781 -4.9437108
-9.8058796 3.1351109 -3.4426072
-17.372141 6.5055423 -5.1031771
-10.84989 2.8930132 -3.5058758
-22.447807 9.6814833 -5.6659927
-9.8344011 3.1442294 -3.2066469
-10.820657 2.8852189 -3.2395406
-9.8385916 3.1455693 -2.9664938
-3.289031 1.2441326 -3.6966448
-5.5122352 1.7825272 -3.8973484
-7.5096836 2.8406672 -4.1233706
-9.6386967 3.1169276 -4.2840548
-11.687004 4.4208107 -4.563983
-9.8621721 2.66471 -2.6305516
-9.7855768 3.1644254 -3.8312461
-15.067359 6.5577254 -4.9443822
-17.346743 6.5617042 -5.105288
-22.302073 9.7064695 -5.6492214
-9.8657398 2.665674 -3.1066391
-3.2880545 1.2569004 -3.6992691
-9.8707628 2.704037 -2.8723638
-5.5096402 1.8029559 -3.8998389
-7.4887304 2.8626621 -4.1210995
-9.6240005 3.1493251 -4.2848415
-11.66038 4.4573283 -4.563251
-9.8566694 2.700176 -2.6329012
-15.026144 6.6022696 -4.9427867
-19.99337 6.542562 -5.2703586
-17.331181 6.6250629 -5.109724
-9.8636045 2.7020757 -3.3484356
-22.315582 9.8051424 -5.6611285
-9.8640842 2.7022073 -3.1097269
-3.2800438 1.2676365 -3.6977944
-9.8646402 2.7412682 -2.874897
-5.488369 1.818292 -3.8950558
-7.4818463 2.8915045 -4.1236229
-9.6198969 3.1870639 -4.2887349
-11.643966 4.5000362 -4.5653334
-9.8467064 2.7362845 -2.6349719
-13.47371 4.463829 -4.647326
-15.005485 6.6589146 -4.9460082
-19.969255 6.615798 -5.2742486
-17.299343 6.6856666 -5.111351
-9.8536339 2.7382097 -3.3505075
-22.385344 9.9338408 -5.683589
-9.8618155 2.7404833 -3.1129041
-3.2791996 1.2798247 -3.7003832
-9.8631945 2.7761328 -2.8776832
-5.4859614 1.8377059 -3.897481
-7.4795251 2.9191518 -4.1271977
-9.598031 3.2151806 -4.2873855
-11.621587 4.5357394 -4.5653782
-9.8491297 2.7721739 -2.6379361
-13.458833 4.5084848 -4.649684
-14.99059 6.7118931 -4.9497676
-19.954773 6.6845169 -5.2791018
-17.273363 6.7415466 -5.1133933
-9.8444996 2.7708709 -3.3523707
-22.465261 10.058606 -5.7070079
-9.8449793 2.7710059 -3.1136622
-3.2747121 1.2912637 -3.7009337
-9.8495979 2.8094482 -2.8791749
-5.4722176 1.854372 -3.8955557
-7.4656396 2.9438033 -4.1272655
-9.58675 3.2486651 -4.2891436
-11.605682 4.5762787 -4.5673294
-9.8393927 2.8065374 -2.6398864
-13.443013 4.5554385 -4.6521497
-14.952553 6.7576194 -4.9488897
-19.946436 6.7592549 -5.2854762
-17.242308 6.7988768 -5.1148233
-9.8347683 2.8052182 -3.35432
-22.440929 10.141896 -5.7123742
-9.8314028 2.8042583 -3.1150575
-3.2665894 1.3019161 -3.6994436
-9.8430767 2.8466439 -2.8816741
-5.458096 1.8719182 -3.8936703
-7.4475126 2.9682446 -4.1261969
-9.5635624 3.2799361 -4.2879391
-11.585145 4.6173191 -4.5684481
-9.8367252 2.8448069 -2.6426592
-13.426226 4.604682 -4.6547198
-14.953047 6.8239565 -4.9567847
-19.872459 6.8154936 -5.2804441
-17.191347 6.8517003 -5.1126924
-9.8282557 2.8423576 -3.3570013
-22.396339 10.220769 -5.7146244
-9.8210583 2.840276 -3.1170907
-3.2653883 1.3146639 -3.7020485
-9.8330803 2.8809831 -2.8836017
-5.4551682 1.8922204 -3.8961246
-7.4480224 2.9986162 -4.1309958
-9.5483208 3.3120019 -4.2886567
-11.572639 4.6592102 -4.57128
-9.8267355 2.8791239 -2.6445858
-13.406312 4.6502137 -4.6563201
-14.914666 6.8694425 -4.9558601
-19.807077 6.8704309 -5.2765479
-17.171024 6.9131527 -5.1162753
-9.8221045 2.8777673 -3.3595743
-22.349646 10.293868 -5.7160177
-9.8149195 2.8756623 -3.1195698
-3.2578835 1.3235508 -3.7004676
-9.8239813 2.9118581 -2.8853261
-5.4528327 1.9106216 -3.8984752
-7.4458332 3.0249512 -4.1344767
-9.5416002 3.3432877 -4.2912169
-11.557945 4.6955414 -4.5729933
-9.8253117 2.9122524 -2.6470501
-13.365367 4.6830997 -4.6526833
-14.896624 6.9179392 -4.9586434
-19.774101 6.9286609 -5.2777104
-17.149223 6.9670596 -5.1188178
-9.8283243 2.9131455 -3.3638918
-22.32082 10.365709 -5.7196565
-9.8173332 2.9098876 -3.1229596
-3.2532437 1.3349149 -3.701
-9.8214178 2.9484327 -2.8881593
-5.438868 1.9270711 -3.8965151
-7.4388576 3.0524125 -4.1368833
-9.5261459 3.3752542 -4.2919097
-11.537813 4.7343516 -4.5739675
-9.8150864 2.946532 -2.6489549
-13.352687 4.7310538 -4.6559052
-14.84714 6.958065 -4.9553003
-19.813732 7.020298 -5.2928495
-17.102671 7.0177989 -5.1171966
-9.8142729 2.9462879 -3.3651478
-22.306194 10.453728 -5.7268639
-9.8109446 2.9452887 -3.1254201
-3.2547913 1.3501748 -3.7057121
-9.8215027 2.9896164 -2.8916368
-5.4314284 1.9479406 -3.8975787
-7.4234595 3.0794501 -4.1370206
-9.5131159 3.4118068 -4.2937722
-11.52688 4.7816596 -4.5778584
-9.8228331 2.9900212 -2.6528962
-13.341909 4.7849746 -4.6601782
-14.813116 7.0116158 -4.9561033
-19.745317 7.0815082 -5.2892098
-17.086647 7.0879993 -5.1224632
-9.8067064 2.9851124 -3.3678789
-22.247847 10.530758 -5.727181
-9.80721 2.9852657 -3.1286159
-3.2471888 1.3589947 -3.704118
-9.8158846 3.0216362 -2.8937974
-5.4216604 1.9636843 -3.8969738
-7.4137473 3.1027586 -4.1380973
-9.4949169 3.438987 -4.2932539
-11.515459 4.8193836 -4.5804462
-9.8325052 3.0267525 -2.6564548
-13.315591 4.8228064 -4.6598048
-14.823363 7.0735588 -4.9651661
-19.749231 7.1530223 -5.2971363
-17.056934 7.1385703 -5.1234641
-9.8049107 3.0182581 -3.3708735
-22.203838 10.595447 -5.7281208
-9.8016024 3.0172398 -3.1308668
-3.2424254 1.3703206 -3.7046375
-9.8090954 3.0570695 -2.8961356
-5.414773 1.9825964 -3.8979261
-7.3992591 3.12709 -4.1380925
-9.4902782 3.4748254 -4.2969542
-11.487603 4.8549142 -4.5795388
-9.8256998 3.0622444 -2.6587033
-13.287473 4.8651519 -4.6596465
-14.784228 7.1183443 -4.9641261
-19.735386 7.2260284 -5.3026581
-17.039261 7.2011671 -5.1276727
-9.805748 3.0560265 -3.3746982
-22.177513 10.678081 -5.7332778
-9.7948265 3.0526228 -3.1332951
-3.234288 1.3802075 -3.7030857
-9.8098059 3.0949013 -2.8993974
-5.4042068 2.0001483 -3.8974009
-7.3955135 3.1559784 -4.1416526
-9.4817972 3.5093036 -4.2996278
-11.481534 4.8996563 -4.5841169
-9.8492804 3.1073551 -2.6639338
-13.25549 4.9059834 -4.6586337
-14.748544 7.1646867 -4.9638548
-19.623972 7.2630191 -5.2903471
-17.028685 7.2668605 -5.1333394
-9.8102484 3.0950408 -3.3791676
-22.118555 10.744961 -5.7325101
-9.8222256 3.0988197 -3.1407516
-3.2294505 1.391489 -3.7035959
-9.8560905 3.1473746 -2.9082654
-5.389976 2.0163014 -3.8953965
-7.3916569 3.1848791 -4.145205
-9.4768934 3.54515 -4.3033085
-11.457074 4.9365649 -4.5840926
-13.245734 4.9550114 -4.6626005
-14.719867 7.2143731 -4.965147
-19.594759 7.3300772 -5.2930651
-16.959282 7.3073282 -5.1271424
-9.8488178 3.1450522 -3.3895082
-22.019955 10.792228 -5.7244911
-9.8532286 3.1464605 -3.1487706
-3.2278979 1.4041997 -3.7061701
-5.3973169 2.0405524 -3.9022114
-7.3733001 3.2075322 -4.1439762
-9.4570665 3.5754135 -4.3029051
-11.436132 4.9749451 -4.5849686
-13.239516 5.0054364 -4.6673865
-14.676744 7.2568855 -4.9632397
-19.613842 7.4153647 -5.3046784
-16.875175 7.3410373 -5.1179438
-21.989304 10.872566 -5.7288909
-3.2229767 1.4154587 -3.706672
-5.3829651 2.0566308 -3.9001918
-7.3476934 3.2269413 -4.1403475
-9.4408369 3.6069927 -4.3035054
-11.41143 5.0116429 -4.584908
-13.210819 5.0473633 -4.6671491
-14.629939 7.2974067 -4.9605112
-19.572929 7.4780889 -5.3052897
-16.882299 7.4143252 -5.1272411
-21.75136 7.1136417 -5.4504528
-21.944075 10.945694 -5.7306356
-3.2213302 1.4281697 -3.7092388
-5.3829403 2.0781832 -3.904053
-7.3363848 3.2525702 -4.1414814
-9.4429369 3.6456196 -4.3091903
-11.397496 5.0530548 -4.5875893
-13.204251 5.097744 -4.6719041
-14.611494 7.3520117 -4.9641185
-19.613712 7.5722342 -5.3209977
-16.874538 7.4812899 -5.1335568
-21.718817 7.187017 -5.4531746
-21.912865 11.025816 -5.7349739
-3.2094567 1.437004 -3.705617
-5.3645225 2.0936975 -3.9005883
-7.3244147 3.2794375 -4.1426611
-9.4184656 3.6758947 -4.3078055
-11.3789 5.0947948 -4.5894222
-13.174363 5.1417685 -4.6717381
-14.588 7.4073191 -4.96701
-19.533785 7.6237617 -5.3148422
-16.839729 7.5398302 -5.1347852
-21.703682 7.2703757 -5.4593449
-21.82246 11.080746 -5.728909
-3.2115347 1.4500629 -3.7101967
-5.3507509 2.1077158 -3.8984511
-7.3212261 3.3056588 -4.1460543
-9.4105492 3.706912 -4.3102498
-11.362839 5.1305156 -4.5909791
-13.154445 5.1816711 -4.6728926
-14.564659 7.4531093 -4.9687877
-19.502314 7.6821623 -5.3164167
-16.819593 7.5943341 -5.1378326
-21.291286 7.2066984 -5.3952928
-21.759106 11.134692 -5.7263036
-3.1998558 1.4582577 -3.7065399
-5.3433609 2.1263804 -3.899344
-7.2989359 3.3263152 -4.1435714
-9.3938799 3.7382772 -4.3107986
-11.334027 5.1652117 -4.5899301
-13.128887 5.2246165 -4.6734128
-14.535016 7.5020781 -4.9699464
-19.445721 7.7383885 -5.3141556
-16.76396 7.6397734 -5.1344213
-21.713011 11.206916 -5.7279077
-3.1947453 1.4694192 -3.7070191
-5.3502011 2.1507676 -3.9061303
-7.2944059 3.3550529 -4.1470575
-9.3807726 3.7710474 -4.3123555
-11.308717 5.2014303 -4.5897837
-13.121639 5.2748661 -4.6781034
-14.498137 7.547255 -4.9694881
-19.392672 7.7958064 -5.3125482
-16.715456 7.6882529 -5.1324668
-21.236681 7.3538628 -5.4023671
-21.68792 11.29002 -5.7334318
-3.1893389 1.481118 -3.7075174
-5.3422828 2.1703618 -3.9070549
-7.2785029 3.3801117 -4.1469979
-9.366889 3.8054028 -4.3139768
-11.285979 5.2411699 -4.5906248
-13.098534 5.321425 -4.6795321
-14.459805 7.5947852 -4.969101
-19.393545 7.8788433 -5.3214254
-16.690783 7.7511425 -5.1358185
-21.47706 7.5253663 -5.4531488
-21.621649 11.356432 -5.7318153
-3.1811266 1.4901483 -3.7058916
-5.3350563 2.1880655 -3.9078846
-7.2637024 3.402566 -4.1468196
-9.3505611 3.834944 -4.3144083
-11.261349 5.2752004 -4.5903592
-13.088174 5.3678503 -4.6832452
-14.427499 7.6389661 -4.9692979
-19.378384 7.9476528 -5.3265109
-16.668596 7.8081393 -5.1389008
-21.395544 7.5765581 -5.4469099
-21.555641 11.413122 -5.7292171
-3.1824605 1.5043422 -3.7105024
-5.3238263 2.2052009 -3.907274
-7.2517805 3.4279008 -4.147882
-9.329814 3.8645353 -4.313879
-11.246454 5.3161745 -4.5929294
-13.058333 5.4089384 -4.6828504
-14.386692 7.681778 -4.9679699
-19.339464 8.0106678 -5.3275824
-16.630426 7.8611665 -5.139101
-21.346416 7.6431236 -5.4467559
-21.501577 11.480773 -5.7293625
-3.1769254 1.5159965 -3.7109869
-5.3228149 2.2276733 -3.91113
-7.2320876 3.4510784 -4.1465888
-9.3192339 3.9002314 -4.316483
-11.223311 5.3556499 -4.5937181
-13.042089 5.4582992 -4.6859016
-14.372466 7.7420111 -4.9731002
-19.317337 8.0845785 -5.3322411
-16.579912 7.9117651 -5.1371551
-21.235691 7.6914048 -5.436183
-21.374981 11.514053 -5.7163916
-3.171881 1.5265232 -3.711421
-5.3189468 2.2468112 -3.9134176
-7.2276731 3.4784441 -4.1499753
-9.3171701 3.9357271 -4.3209753
-11.194764 5.3876762 -4.5924783
-13.042234 5.5092559 -4.6920905
-14.336213 7.7839293 -4.9724336
-19.283068 8.1454868 -5.3337927
-16.528439 7.9546008 -5.1341929
-21.157585 7.7425771 -5.4304681
-21.413885 11.626792 -5.7335167
-3.1697941 1.5391694 -3.7139478
-5.3039856 2.262342 -3.9113061
-7.2154865 3.5036523 -4.1510067
-9.3142824 3.9728789 -4.3255334
-11.161612 5.4197879 -4.5903754
-13.026582 5.5563092 -4.6950054
-14.287993 7.8224487 -4.9694347
-19.269199 8.2190113 -5.339633
-16.500572 8.012248 -5.1365509
-21.119198 7.8122301 -5.4321766
-21.355656 11.691881 -5.7328968
-3.1641319 1.5507762 -3.7144186
-5.2921205 2.2802413 -3.9107058
-7.1955533 3.5266206 -4.1496778
-9.2996597 4.0069885 -4.3270764
-11.141673 5.4606581 -4.5920329
-13.00248 5.6024399 -4.6963215
-14.252257 7.8709116 -4.9696989
-19.220625 8.281682 -5.339354
-16.438877 8.0568762 -5.1322703
-21.165201 7.9175506 -5.4492769
-21.305672 11.76621 -5.7343597
-3.1586993 1.5618118 -3.7148623
-5.2841287 2.2987003 -3.9115348
-7.1726513 3.5465016 -4.1470852
-9.2892408 4.0410032 -4.3295598
-11.126101 5.5012765 -4.5945215
-12.97555 5.6446199 -4.6966724
-14.210776 7.9128623 -4.9682488
-18.865946 8.2070589 -5.2805233
-16.410652 8.1142111 -5.1345758
-21.163572 8.0012655 -5.4575682
-21.212137 11.811369 -5.7270403
-3.1532276 1.5728292 -3.7153015
-5.2725458 2.3155842 -3.9108763
-7.1707559 3.5767715 -4.1516857
-9.2714577 4.0718174 -4.329977
-11.099728 5.5365415 -4.5942154
-12.9412 5.6834865 -4.6953168
-14.172648 7.9565744 -4.967576
-18.789684 8.2520094 -5.2744164
-16.289469 8.1251822 -5.1173859
-21.183987 8.0936184 -5.4698243
-21.128992 11.86189 -5.7216663
-3.1512337 1.5849044 -3.7177901
-5.2754035 2.3377352 -3.9160914
-7.1518483 3.5970027 -4.1502218
-9.257906 4.1025362 -4.3313365
-11.084852 5.5750961 -4.5965958
-12.929558 5.7295866 -4.6989021
-14.11846 7.9878345 -4.9627862
-19.024883 8.4306612 -5.32728
-16.255314 8.1755657 -5.1180201
-21.123518 8.1508799 -5.467268
-21.079117 11.925982 -5.7220945
-3.1424494 1.5942553 -3.7161448
-5.2672105 2.3561368 -3.9168999
-7.1357517 3.620173 -4.1499972
-9.2471371 4.1364436 -4.3337836
-11.044093 5.6029873 -4.5925465
-12.894956 5.7681918 -4.697506
-14.093948 8.0390453 -4.9652724
-19.097326 8.5426455 -5.3496981
-16.283564 8.2611227 -5.1322403
-21.083775 8.2202196 -5.4688444
-21.037355 11.999495 -5.7246089
-3.1304102 1.6019119 -3.7124166
-5.2554436 2.3729236 -3.9162192
-7.116087 3.6414857 -4.1485591
-9.2290392 4.1670704 -4.3341613
-11.020933 5.6396966 -4.5931144
-12.871117 5.811532 -4.6986217
-14.069253 8.0901785 -4.9677377
-19.05648 8.6043301 -5.3505116
-16.275921 8.3288097 -5.138948
-21.073524 8.3010817 -5.4757152
-20.984957 12.066885 -5.7250986
-3.1250813 1.6122841 -3.712816
-5.2405353 2.387145 -3.9140084
-7.1004877 3.6632657 -4.1482639
-9.2043781 4.1927371 -4.332396
-10.998647 5.6743941 -4.5935922
-12.833679 5.8459401 -4.6962399
-14.018224 8.1228113 -4.9636784
-19.016951 8.6625156 -5.3511515
-16.241127 8.3790808 -5.1395226
-21.001369 8.3532143 -5.4710598
-20.910275 12.116386 -5.7207789
-3.1226499 1.6248564 -3.7153096
-5.2356696 2.4070323 -3.9162762
-7.0806966 3.6844075 -4.1468019
-9.1753225 4.2182374 -4.3296547
-10.975249 5.7109199 -4.5941267
-12.824035 5.8956861 -4.7007008
-13.982905 8.1676779 -4.9636908
-18.990221 8.7305117 -5.3546987
-16.197632 8.4283619 -5.138679
-20.8943 8.3952198 -5.4605346
-20.850613 12.179235 -5.7198682
-3.1169598 1.6357459 -3.7157214
-5.2377191 2.4301562 -3.9215045
-7.0677938 3.7090998 -4.1477356
-9.171299 4.255228 -4.3341103
-10.965792 5.7547255 -4.598362
-12.821416 5.948781 -4.70684
-13.947449 8.2123938 -4.9636807
-18.952391 8.7933836 -5.3561234
-16.153996 8.477437 -5.1378078
-20.949942 8.5026264 -5.479331
-20.787327 12.23978 -5.718256
-3.1112309 1.6466161 -3.7161286
-5.2292042 2.4484246 -3.922277
-7.0686703 3.7410874 -4.1534762
-9.149231 4.2838645 -4.3334007
-10.945637 5.7929683 -4.5997944
-12.77536 5.9816952 -4.7028008
-13.898147 8.2488337 -4.9604311
-18.889057 8.8442583 -5.3526258
-16.141922 8.5430984 -5.1436791
-20.920134 8.5757036 -5.4827576
-20.754776 12.318383 -5.7226005
-3.1022654 1.6557602 -3.714452
-5.2101765 2.4617276 -3.9185886
-7.0486474 3.7620475 -4.1519814
-9.1270733 4.3124003 -4.3326759
-10.921846 5.8292751 -4.6002808
-12.740018 6.0194607 -4.7012787
-13.896607 8.3136578 -4.9684172
-18.717363 8.8436632 -5.3280997
-16.097931 8.5918875 -5.1427569
-20.867943 8.6395216 -5.4821434
-20.711649 12.390761 -5.7249169
-3.0996592 1.6682965 -3.716929
-5.1980758 2.478241 -3.91786
-7.0354729 3.7866273 -4.1528845
-9.1155329 4.3459325 -4.3350325
-10.897939 5.8654809 -4.6007495
-12.733289 6.0707383 -4.7065206
-13.840221 8.3456593 -4.9635119
-16.050291 8.6385765 -5.1410542
-20.856071 8.7200041 -5.4888558
-20.6033 12.423799 -5.7145343
-3.0967097 1.681376 -3.7194219
-5.1924281 2.4989464 -3.9201307
-7.0043116 3.8030305 -4.1477933
-9.1066666 4.3827415 -4.3384752
-10.87288 5.9034915 -4.6012702
-12.700202 6.1121931 -4.7058978
-13.812943 8.3983994 -4.9658999
-18.653603 8.9773703 -5.3336391
-16.008011 8.6916399 -5.1409321
-20.790878 8.7824087 -5.4863329
-20.537153 12.486782 -5.7128887
-3.0942969 1.6933762 -3.7218714
-5.1841125 2.5161517 -3.9208345
-6.981339 3.8205879 -4.1450114
-9.0849705 4.4094653 -4.3376436
-10.83932 5.9318957 -4.5988417
-12.672707 6.1508021 -4.7059212
-13.805392 8.4566412 -4.9721451
-18.738602 9.0949345 -5.3586092
-15.958115 8.7331924 -5.1383185
-20.787342 8.8622646 -5.4941673
-20.495632 12.554819 -5.7149882
-3.0851936 1.7024151 -3.720176
-5.1718392 2.5325375 -3.9200821
-6.9679613 3.8449328 -4.1458797
-9.0659742 4.4394107 -4.3378959
-10.832445 5.9773617 -4.6039176
-12.64759 6.1932497 -4.7068653
-13.775791 8.504777 -4.9736128
-18.717491 9.1655493 -5.3633666
-15.962442 8.8081036 -5.1478481
-20.737947 8.9268761 -5.4940934
-20.455086 12.628381 -5.7178354
-3.079232 1.7131747 -3.7205558
-5.1629672 2.5505764 -3.9208081
-6.9544969 3.8692336 -4.1467381
-9.0468788 4.4692817 -4.3381343
-10.80458 6.0112824 -4.6033874
-12.608065 6.2285562 -4.7043891
-13.735875 8.5465031 -4.972641
-18.656763 9.2166958 -5.3603759
-15.938565 8.8676491 -5.1513238
-20.695679 8.9944429 -5.4953294
-20.383751 12.682832 -5.7146378
-3.0700712 1.7221395 -3.7188499
-5.1505847 2.5668647 -3.9200389
-6.940948 3.8934863 -4.1475854
-9.024147 4.4973083 -4.3373237
-10.773148 6.0431371 -4.6019053
-12.589805 6.274303 -4.7069945
-13.719452 8.6028614 -4.9772906
-18.613762 9.2764254 -5.3608637
-15.869265 8.9017754 -5.144958
-20.64953 9.060214 -5.4958601
-20.329205 12.747545 -5.7147455
-3.0671971 1.7346294 -3.7213018
-5.1450353 2.5865571 -3.9222374
-6.923902 3.9157586 -4.1472149
-9.0083942 4.528779 -4.3385682
-10.748535 6.0787501 -4.6022716
-12.550061 6.3092771 -4.7044744
-13.706176 8.661334 -4.9827285
-18.567009 9.3341694 -5.3606176
-15.820746 8.947299 -5.1430936
-20.632381 9.1387014 -5.5017409
-20.254208 12.799227 -5.7108059
-3.0611234 1.7453253 -3.7216678
-5.1359754 2.6045012 -3.922941
-6.9101906 3.9399037 -4.1480412
-8.9784307 4.5530462 -4.3356576
-10.710015 6.1064057 -4.598886
-12.513774 6.3458519 -4.7027841
-13.652344 8.6941509 -4.9784617
-18.527197 9.3953152 -5.3617492
-15.810197 9.0143175 -5.1495185
-20.578491 9.2008905 -5.5008631
-20.15888 12.837674 -5.7028131
-3.0487261 1.7523868 -3.7178643
-5.1371398 2.6276755 -3.928103
-6.899796 3.9659553 -4.1500654
-8.9624815 4.5843592 -4.3368745
-10.681754 6.1397986 -4.5982823
-12.477383 6.3822508 -4.7010708
-13.611856 8.7353001 -4.9773993
-18.504944 9.4653816 -5.3663726
-15.778634 9.0694504 -5.1513848
-20.528055 9.2644567 -5.5006237
-20.100502 12.899337 -5.7021432
-3.0457273 1.7648361 -3.7203033
-5.1279364 2.6455917 -3.928793
-6.88591 3.9900167 -4.1508713
-8.9534512 4.6192412 -4.3401513
-10.670556 6.1830163 -4.6023331
-12.458564 6.4275899 -4.7035995
-13.584627 8.7849245 -4.9795442
-18.475338 9.5317488 -5.3695626
-15.733083 9.1164799 -5.1502004
-20.481064 9.3294401 -5.5010252
-20.058708 12.971592 -5.7047882
-3.0432987 1.7762232 -3.7227032
-5.1161823 2.6599121 -3.9279182
-6.876729 4.013607 -4.1527972
-8.9388943 4.6473465 -4.3412242
-10.630518 6.2045083 -4.5978341
-12.431252 6.4630294 -4.7033863
-13.563635 8.8319054 -4.9823461
-18.473625 9.6044703 -5.3774185
-15.72158 9.175909 -5.1556225
-20.419004 9.3787413 -5.4977121
-20.001123 13.02365 -5.7031875
-3.0370805 1.7868348 -3.7230511
-5.0966325 2.6723871 -3.9241228
-6.8525362 4.0316186 -4.1499543
-8.912117 4.6730123 -4.3392916
-10.615635 6.2455988 -4.6009192
-12.419184 6.5119205 -4.7075877
-13.539383 8.883564 -4.98526
-18.454123 9.6763029 -5.3826785
-15.672276 9.2206211 -5.1536322
-20.415115 9.4633865 -5.5061541
-19.928833 13.075859 -5.6997366
-3.0333145 1.8003335 -3.7255123
-5.0863333 2.6919372 -3.9248555
-6.833632 4.0558987 -4.1495953
-8.8871222 4.7035007 -4.3384967
-10.577928 6.278214 -4.598496
-12.383543 6.5539784 -4.706811
-13.505173 8.9354858 -4.9866624
-18.395672 9.7358913 -5.3810945
-15.623042 9.2725916 -5.1525469
-20.375013 9.5400124 -5.508791
-19.858498 13.139063 -5.6977768
-3.0239007 1.8090497 -3.7237666
-5.0803046 2.7114894 -3.9270048
-6.8261647 4.0837555 -4.1527791
-8.8706493 4.7344942 -4.3396468
-10.552543 6.3130622 -4.5987401
-12.350064 6.591547 -4.7058496
-13.480529 8.9869928 -4.9895334
-18.322855 9.7793789 -5.3757029
-15.614528 9.3413963 -5.1595998
-20.319933 9.6008444 -5.5077114
-19.78261 13.188368 -5.6935787
-3.0150974 1.8166699 -3.7219825
-5.0683684 2.7256119 -3.9260995
-6.8099418 4.1031566 -4.1522465
-8.8592129 4.7642107 -4.3417091
-10.529259 6.3441353 -4.5988522
-12.343307 6.6378489 -4.7106943
-13.465455 9.0381765 -4.9938803
-18.323669 9.8539028 -5.3841801
-15.588518 9.3924627 -5.1619091
-20.282461 9.6612015 -5.5090122
-19.744394 13.252676 -5.6958776
-3.0087376 1.8271837 -3.7223113
-5.0520506 2.739615 -3.9237597
-6.7888718 4.1228309 -4.1505666
-8.8460016 4.7969904 -4.3438735
-10.51044 6.3829112 -4.6009374
-12.309571 6.6752071 -4.7096963
-13.443723 9.0918198 -4.9975228
-18.268114 9.9063921 -5.3822632
-15.552229 9.4447517 -5.1628509
-20.252211 9.7336721 -5.5126114
-19.658319 13.294673 -5.6895962
-2.9992492 1.8357826 -3.7205505
-5.0492163 2.7609296 -3.9273798
-6.7677484 4.1424084 -4.1488752
-8.825736 4.8259444 -4.3439469
-10.494864 6.4237041 -4.6039448
-12.279216 6.7143197 -4.7095332
-13.395447 9.1274786 -4.9946647
-18.250927 9.9796724 -5.3881006
-15.53277 9.507309 -5.1675658
-20.21093 9.8008251 -5.5141487
-19.568893 13.333982 -5.6826038
-2.9928231 1.84624 -3.7208698
-5.0395484 2.7785368 -3.9280086
-6.756587 4.1680651 -4.1508079
-8.8019152 4.8529043 -4.3429656
-10.472379 6.4602966 -4.605062
-12.262671 6.7609792 -4.7127748
-13.363505 9.1741781 -4.9958334
-18.093681 9.9758854 -5.365582
-15.526634 9.5782118 -5.1752987
-20.162254 9.8642912 -5.5142965
-19.51894 13.399944 -5.6836395
-2.9925172 1.8605046 -3.7253561
-5.0298185 2.7961123 -3.9286299
-6.7419953 4.1916261 -4.1515183
-8.7814665 4.8816805 -4.3430104
-10.446393 6.4947205 -4.6052251
-12.228566 6.7979484 -4.7117162
-13.324846 9.2162437 -4.9953594
-18.149424 10.089396 -5.3862405
-15.499873 9.6365643 -5.1784511
-20.106218 9.924016 -5.5130539
-19.501598 13.488447 -5.6913676
-2.9829326 1.8690141 -3.7235804
-5.0233879 2.815536 -3.9307373
-6.7239981 4.2130513 -4.1510048
-8.7678204 4.9142361 -4.3451228
-10.430384 6.5353589 -4.6081858
-12.204762 6.8405919 -4.7132082
-13.276257 9.2513142 -4.9924302
-18.124537 10.15854 -5.3905821
-15.44925 9.680027 -5.1762571
-20.060736 9.988802 -5.5138149
-19.415079 13.52904 -5.6849399
-2.9794555 1.8813508 -3.7259727
-5.0101748 2.8311586 -3.9298496
-6.7026181 4.2323089 -4.1492682
-8.7506123 4.9448118 -4.3461814
-10.404151 6.5696092 -4.6083155
-12.163497 6.8733711 -4.7103944
-13.243883 9.2976017 -4.9935322
-18.061172 10.20604 -5.3870935
-15.401881 9.7253819 -5.1747956
-19.990074 10.040849 -5.5097823
-19.387348 13.610497 -5.6905899
-2.9728706 1.8917389 -3.7262738
-5.0002623 2.848629 -3.9304481
-6.6745687 4.2472553 -4.1450925
-8.7367334 4.9772816 -4.3482685
-10.364419 6.595233 -4.6046729
-12.129066 6.9098787 -4.7092738
-13.198343 9.3345718 -4.9913659
-18.004639 10.257169 -5.3849912
-15.367842 9.7790813 -5.1763525
-19.969147 10.117778 -5.5152407
-19.339724 13.678083 -5.6921706
-2.9662495 1.902105 -3.7265704
-4.9902887 2.8660662 -3.9310391
-6.666306 4.2747631 -4.1481853
-8.7193069 5.0077486 -4.3493013
-10.334655 6.6270885 -4.6038284
-12.101424 6.9501953 -4.7098489
-13.181897 9.3921432 -4.9964819
-17.958344 10.313993 -5.3849878
-15.316833 9.8219061 -5.174077
-19.933708 10.187424 -5.5179496
-19.272346 13.731607 -5.6896787
-2.9565463 1.910481 -3.7247748
-4.9802527 2.8834696 -3.9316227
-6.6546359 4.3001375 -4.1500549
-8.694931 5.0341959 -4.3482351
-10.314789 6.6652799 -4.6057844
-12.08397 6.9963841 -4.7129812
-13.119909 9.417201 -4.9902115
-17.932589 10.382621 -5.3892202
-15.279103 9.8731537 -5.1748223
-19.908667 10.262434 -5.5226741
-19.237268 13.808116 -5.6938896
-2.9495244 1.9213036 -3.7250757
-4.9663253 2.8997605 -3.9307315
-6.642118 4.3266387 -4.151947
-8.6661816 5.0600495 -4.3461614
-10.293616 6.705204 -4.6077747
-12.034206 7.0265875 -4.7084336
-13.088535 9.467556 -4.9920864
-17.894417 10.448274 -5.3913965
-15.236135 9.9247322 -5.1748533
-19.853216 10.326122 -5.5220475
-19.131531 13.83874 -5.6839876
-2.9431367 1.931074 -3.7253437
-4.9434023 2.9084008 -3.9252872
-6.6310129 4.3507924 -4.1537647
-8.6425419 5.0847521 -4.3450155
-10.261372 6.7327719 -4.6058888
-12.014267 7.0684724 -4.7105999
-13.060286 9.5132523 -4.9938397
-17.849352 10.501486 -5.3912048
-15.206471 9.9773893 -5.1769996
-19.794117 10.378925 -5.5197582
-19.075851 13.895054 -5.6833405
-2.9394023 1.9433352 -3.7277093
-4.9497852 2.9354625 -3.9333272
-6.6026983 4.3652601 -4.1495304
-8.6451378 5.126986 -4.3522553
-10.234497 6.7663612 -4.605916
-11.986099 7.1083379 -4.7110977
-13.059109 9.5823441 -5.0029359
-17.778265 10.543373 -5.3861022
-15.171552 10.03041 -5.1784329
-19.75071 10.444223 -5.5209799
-19.027231 13.961555 -5.6847563
-2.9326012 1.9535831 -3.7279823
-4.9461217 2.9566746 -3.9368737
-6.5808926 4.3839307 -4.1477132
-8.6136198 5.1490178 -4.3490443
-10.220724 6.8086429 -4.6096888
-11.947562 7.1419702 -4.7089958
-13.035191 9.6349707 -5.0063248
-17.744781 10.60741 -5.3888006
-15.143084 10.087725 -5.1813684
-19.714132 10.513099 -5.5235376
-18.955906 14.011271 -5.6814175
-2.9230962 1.9612775 -3.7261484
-4.9362893 2.9730606 -3.9373927
-6.5695758 4.4079156 -4.1495008
-8.6032686 5.1816325 -4.3520374
-10.191499 6.8380771 -4.608695
-11.879522 7.1548762 -4.6990604
-12.996778 9.6733885 -5.0055814
-17.712925 10.668256 -5.3913755
-15.112857 10.140106 -5.1834483
-19.636969 10.555736 -5.5177336
-18.8741 14.047829 -5.6752758
-2.9102256 1.9674082 -3.7222338
-4.9258814 2.9902732 -3.9379315
-6.5541492 4.4308205 -4.1500931
-8.5817499 5.2095809 -4.3519316
-10.160993 6.8691654 -4.6077309
-11.823878 7.1777258 -4.6926079
-12.947001 9.7067509 -5.0024228
-17.665346 10.723808 -5.39117
-15.070765 10.188333 -5.1832829
-19.596493 10.622314 -5.5195446
-18.853704 14.135183 -5.6826715
-2.9093323 1.9816376 -3.7266707
-4.9088411 3.0034304 -3.9354672
-6.545125 4.4580903 -4.1531072
-8.5567684 5.2353821 -4.3507667
-10.133672 6.9023619 -4.6076913
-11.832673 7.2397151 -4.7024975
-12.909858 9.7494898 -5.0024939
-17.610783 10.775 -5.3895078
-15.041697 10.245372 -5.1861491
-19.548784 10.684917 -5.5199566
-18.791498 14.191288 -5.6812582
-2.8994088 1.9897287 -3.7248352
-4.8950491 3.0185242 -3.9344921
-6.5295248 4.4809074 -4.1536784
-8.5317135 5.2610674 -4.3495865
-10.106247 6.9354448 -4.6076341
-11.797175 7.2747092 -4.7011724
-12.87258 9.7920799 -5.002543
-17.562878 10.83012 -5.3892422
-15.009131 10.300065 -5.1882267
-19.500883 10.747304 -5.5203362
-18.732315 14.249538 -5.6804862
-2.8894637 1.9977759 -3.7229943
-4.8779397 3.0315263 -3.9320102
-6.5106173 4.5014424 -4.1530228
-8.5065842 5.2866445 -4.3483925
-10.088503 6.9751935 -4.6103868
-11.768333 7.313746 -4.7015514
-12.819352 9.8224211 -4.9984999
-17.524965 10.891359 -5.3910894
-14.966527 10.347861 -5.1879873
-19.452782 10.809495 -5.5206847
-18.634914 14.278411 -5.6715713
-2.888422 2.0119944 -3.7274189
-4.8640633 3.0464909 -3.9310184
-6.4948649 4.5241418 -4.153573
-8.4813776 5.3121104 -4.3471832
-10.060838 7.0080996 -4.6102967
-11.752843 7.361115 -4.7053614
-12.788138 9.8695421 -5.0001311
-17.493605 10.956705 -5.3943386
-14.923774 10.395485 -5.1877222
-19.390553 10.863675 -5.5182567
-18.613411 14.365331 -5.6788449
-2.8754466 2.0178988 -3.7234778
-4.8664298 3.0716739 -3.9375131
-6.482244 4.549037 -4.1553297
-8.4627848 5.341681 -4.3480525
-10.036314 7.0431728 -4.6111321
-11.740531 7.410583 -4.7100172
-12.756756 9.9165621 -5.0017414
-17.451881 11.015568 -5.3954172
-14.903715 10.458963 -5.1927876
-19.352516 10.93129 -5.5205989
-18.534781 14.408154 -5.6739159
-2.8798697 2.0367982 -3.7320867
-4.8421388 3.0812192 -3.9320321
-6.4655261 4.5727668 -4.1558847
-8.4431486 5.3726654 -4.3489509
-10.01367 7.0822048 -4.6129351
-11.716643 7.4557028 -4.7121267
-12.710916 9.9558878 -5.0001101
-17.404652 11.075177 -5.3958392
-14.855511 10.506614 -5.1917677
-19.319254 11.006104 -5.5244012
-18.450407 14.451372 -5.6683311
-2.8730996 2.0463371 -3.732306
-4.8448658 3.1055739 -3.9384899
-6.4471316 4.591907 -4.1551595
-8.431941 5.4049006 -4.3518462
-9.9901295 7.1153727 -4.6136975
-11.681809 7.4880762 -4.7106471
-12.65594 9.9807215 -4.995121
-17.35775 11.126372 -5.3953424
-14.810847 10.548882 -5.1906013
-19.279186 11.068122 -5.5258837
-18.41806 14.524841 -5.6727505
-2.8629942 2.0542397 -3.7304411
-4.830761 3.1203761 -3.9374669
-6.4278789 4.6120958 -4.1544495
-8.4130249 5.4342995 -4.3526764
-9.9652338 7.1501989 -4.6144838
-11.64224 7.5201745 -4.7083416
-12.633501 10.034744 -4.9991088
-17.312107 11.182563 -5.3956194
-14.777176 10.602838 -5.1925335
-19.209345 11.117351 -5.5219488
-18.389139 14.606426 -5.6785493
-2.8558061 2.0642211 -3.7306623
-4.8166108 3.1351182 -3.9364355
-6.4085608 4.6322074 -4.1537275
-8.3940039 5.4636326 -4.3534932
-9.9402142 7.1849408 -4.6152539
-11.615918 7.5607672 -4.7094717
-12.582845 10.066341 -4.9957409
-17.266277 11.23857 -5.3958673
-14.733614 10.649685 -5.1921425
-19.17042 11.184337 -5.5241709
-18.325567 14.660549 -5.6768708
-2.8456523 2.0720434 -3.7287872
-4.7991962 3.1476877 -3.9338953
-6.3923516 4.6545496 -4.154213
-8.3715754 5.4907331 -4.3532481
-9.8958254 7.2055812 -4.610343
-11.576154 7.5925455 -4.7071257
-12.544529 10.107704 -4.9956102
-17.236952 11.30534 -5.3996701
-14.696348 10.701052 -5.1932592
-19.117498 11.243093 -5.5236096
-18.268063 14.719419 -5.6765137
-2.8351159 2.0803146 -3.7269173
-4.7908401 3.1673808 -3.9358711
-6.3752489 4.6779475 -4.1547117
-8.364583 5.5300989 -4.3582716
-9.8693495 7.2418027 -4.6111145
-11.54493 7.6327305 -4.707407
-12.507398 10.153615 -4.9963055
-17.1721 11.353036 -5.396358
-14.647385 10.747767 -5.1921048
-19.09333 11.323268 -5.5293241
-18.22019 14.791309 -5.6788807
-2.8285668 2.0892105 -3.7271032
-4.7808661 3.1824152 -3.9362719
-6.357367 4.695621 -4.1539106
-8.3504591 5.5585384 -4.3600202
-9.8529348 7.2774858 -4.6136508
-11.517584 7.6667562 -4.7075076
-12.466187 10.185296 -4.9944358
-17.156281 11.420192 -5.4020977
-14.616756 10.796096 -5.1938319
-19.013113 11.356582 -5.522284
-18.151989 14.830788 -5.6749783
-2.8270733 2.1034002 -3.7314897
-4.7697277 3.1990852 -3.9367101
-6.3440833 4.7201276 -4.1555839
-8.3211565 5.5810504 -4.3576374
-9.8242865 7.3094697 -4.61341
-11.503962 7.7157774 -4.7120247
-12.43363 10.231282 -4.9958711
-17.10968 11.475567 -5.4022346
-14.594971 10.858956 -5.1987119
-18.973351 11.422886 -5.5243859
-18.093937 14.888988 -5.6745248
-2.8226149 2.1154296 -3.7337797
-4.7585316 3.2157149 -3.9371402
-6.318152 4.7351861 -4.1523695
-8.3048983 5.6122746 -4.3594375
-9.7891855 7.3365779 -4.6112618
-11.480254 7.7581129 -4.7139282
-12.385573 10.264456 -4.9932051
-17.039764 11.515112 -5.3973184
-14.560167 10.912226 -5.2005
-18.947012 11.497328 -5.5292187
-18.054152 14.96225 -5.6781063
-21.534462 16.139162 -6.091702
-2.8065336 2.1187172 -3.727695
-4.7409096 3.2279706 -3.9345589
-6.3047156 4.7595758 -4.1540217
-8.2852573 5.6412311 -4.3601751
-9.7666845 7.373096 -4.6128769
-11.430091 7.7824721 -4.7088861
-12.358843 10.315285 -4.9962292
-16.979673 11.561049 -5.3945231
-14.506079 10.950974 -5.1976576
-18.906763 11.563397 -5.5312634
-17.986486 15.012387 -5.6755552
-21.487558 16.221455 -6.0951324
-2.8048928 2.1328888 -3.7320685
-4.7232614 3.2401407 -3.9319685
-6.2911863 4.7839265 -4.155663
-8.2687769 5.6723518 -4.3619499
-9.7503653 7.4143457 -4.6163664
-11.396298 7.817821 -4.7081523
-12.322762 10.358358 -4.9967828
-16.939219 11.620244 -5.3960071
-14.464595 10.999127 -5.1978602
-18.849298 11.618846 -5.5298247
-17.961489 15.0982 -5.6824646
-21.456245 16.315699 -6.1017909
-2.7945521 2.1404626 -3.7301588
-4.7182598 3.2609887 -3.93538
-6.2744484 4.8058586 -4.156074
-8.2554283 5.7056751 -4.3647614
-9.7118235 7.4386854 -4.6132212
-11.372211 7.8598161 -4.7099991
-12.280449 10.396163 -4.9956818
-16.914967 11.690648 -5.4010572
-14.419781 11.044704 -5.1972699
-18.774715 11.663508 -5.5248966
-17.890388 15.145327 -5.6791706
-21.329395 16.337063 -6.0888319
-2.7866881 2.1506908 -3.730346
-4.7062755 3.27826 -3.9357986
-6.2567916 4.8288236 -4.1564946
-8.2312174 5.7336354 -4.3644433
-9.6813526 7.4718075 -4.612926
-11.330274 7.8923516 -4.707541
-12.251353 10.448858 -4.9986663
-16.872004 11.752565 -5.4025583
-14.360267 11.082868 -5.1936264
-18.714924 11.721649 -5.5234871
-17.81349 15.192658 -5.6752009
-21.250399 16.400486 -6.0863423
-2.7852657 2.1643689 -3.7346976
-4.6922255 3.2916367 -3.9346669
-6.2407441 4.8495455 -4.1568646
-8.2056875 5.7563605 -4.3629913
-9.6502552 7.4990015 -4.6116071
-11.300784 7.9275975 -4.7075682
-12.219658 10.492023 -4.9999466
-16.803537 11.787827 -5.3974175
-14.31714 11.125535 -5.1929393
-18.669199 11.779385 -5.5239263
-17.747862 15.238639 -5.6724825
-21.255825 16.517435 -6.1000109
-2.7691295 2.1673748 -3.7285862
-4.6807065 3.3079956 -3.9350502
-6.2114234 4.8616304 -4.1523619
-8.1823158 5.7826877 -4.3626103
-9.6208954 7.5301962 -4.6112471
-11.276289 7.9692912 -4.7093587
-12.176934 10.529404 -4.9987798
-16.75577 11.841805 -5.3973513
-14.290774 11.185271 -5.1968837
-18.607758 11.831629 -5.5216632
-17.69154 15.297887 -5.6724815
-21.194893 16.589069 -6.1006494
-2.7615473 2.1770279 -3.7287502
-4.6691313 3.3243144 -3.9354258
-6.2005758 4.8881392 -4.1551709
-8.1459818 5.7997527 -4.3580103
-9.5976686 7.5661902 -4.6127634
-11.245163 8.0062981 -4.7093959
-12.122087 10.556152 -4.9943237
-16.707832 11.895594 -5.3972564
-14.254776 11.237557 -5.1984992
-18.573067 11.90082 -5.5249071
-17.625988 15.349058 -5.6704125
-21.130587 16.658009 -6.1005974
-2.7539313 2.1866539 -3.7289095
-4.6574993 3.3405914 -3.9357936
-6.1834755 4.9097524 -4.1555285
-8.1224766 5.8258462 -4.3576002
-9.5805216 7.6070466 -4.6161561
-11.223612 8.0501356 -4.7120175
-12.10313 10.614155 -4.9996467
-16.679178 11.963141 -5.4014525
-14.21234 11.284764 -5.1985512
-18.521353 11.959079 -5.5246577
-17.578308 15.415754 -5.6723838
-21.031643 16.699371 -6.0933161
-2.7434502 2.1939898 -3.72697
-4.6489315 3.3590863 -3.9376583
-6.1724257 4.9362073 -4.1583176
-8.0988855 5.8518515 -4.3571763
-9.5446119 7.6330099 -4.613853
-11.182547 8.0799513 -4.7094135
-12.057047 10.648432 -4.9975963
-16.630846 12.016621 -5.4013023
-14.172861 11.334309 -5.1993484
-18.482838 12.02584 -5.5271502
-17.52738 15.47967 -5.6736445
-20.926424 16.735264 -6.0846858
-2.7329514 2.2012789 -3.7250252
-4.6371775 3.3752935 -3.9380109
-6.1459928 4.9503422 -4.1549902
-8.0848007 5.8847384 -4.3598952
-9.5240898 7.6712589 -4.6162672
-11.151059 8.1165972 -4.7093935
-12.025758 10.695748 -4.999609
-16.579119 12.067555 -5.4004025
-14.136314 11.386214 -5.2008901
-18.434071 12.085907 -5.5275335
-17.470255 15.538103 -5.6735158
-20.818104 16.768118 -6.0753598
-2.7228205 2.2080462 -3.7230685
-4.6259589 3.3906524 -3.9383388
-6.1356359 4.9756374 -4.157742
-8.0556784 5.9045067 -4.3573098
-9.4924335 7.6978011 -4.614852
-11.117666 8.1488276 -4.7084446
-11.97242 10.719629 -4.9950457
-16.535791 12.120109 -5.4008541
-14.089188 11.425496 -5.1992927
-18.39056 12.14477 -5.5284939
-17.442432 15.617261 -5.6794415
-20.7841 16.854675 -6.080987
-2.7207127 2.2221231 -3.7273972
-4.6078982 3.4022026 -3.9356666
-6.1182318 4.9970226 -4.1580572
-8.0350199 5.9325886 -4.3578978
-9.4716539 7.7359071 -4.6172342
-11.082757 8.1828594 -4.7075186
-11.92014 10.748017 -4.9912949
-16.480547 12.168272 -5.3991771
-14.043048 11.469561 -5.1984773
-18.34141 12.204463 -5.5288167
-17.361122 15.65398 -5.6738172
-20.734426 16.934698 -6.0840187
-2.7129397 2.2316067 -3.7275326
-4.6021757 3.4228637 -3.9390063
-6.1037807 5.0208411 -4.1595836
-8.0110893 5.95824 -4.357419
-9.4231415 7.7512774 -4.611074
-11.070081 8.2333622 -4.712656
-11.885499 10.792239 -4.9924254
-16.41876 12.211437 -5.3960285
-14.006005 11.521044 -5.1999464
-18.31859 12.281752 -5.5346651
-17.270899 15.682276 -5.6661224
-20.678274 17.009512 -6.0857058
-2.7135084 2.2480013 -3.7339475
-4.5901999 3.4389079 -3.9393284
-6.0831971 5.0396147 -4.1586556
-7.9934077 5.9885387 -4.3590331
-9.392972 7.7815919 -4.6105804
-11.038093 8.2695704 -4.7125616
-11.853632 10.839036 -4.9943509
-16.376036 12.268676 -5.3971777
-13.953422 11.559689 -5.1975408
-18.249146 12.327744 -5.5307612
-17.227839 15.753245 -5.6692629
-20.615696 17.079039 -6.0860467
-2.7056439 2.2574604 -3.7340739
-4.5781665 3.454911 -3.9396427
-6.0565314 5.0532813 -4.155273
-7.9598317 6.0068831 -4.3553672
-9.3809834 7.827045 -4.615756
-11.012329 8.3104486 -4.7141871
-11.786425 10.853373 -4.9864464
-16.320364 12.316154 -5.3954124
-13.909921 11.605775 -5.1974201
-18.179596 12.373407 -5.5268235
-17.163927 15.805176 -5.6676164
-20.540611 17.138107 -6.0837317
-2.6921971 2.2622261 -3.7300053
-4.5660796 3.4708695 -3.9399493
-6.0358534 5.071867 -4.1543226
-7.9388165 6.0346293 -4.3559003
-9.344492 7.8520827 -4.6133337
-10.973757 8.3416157 -4.7123156
-11.748469 10.894446 -4.9866934
-16.274099 12.370628 -5.3957839
-13.851014 11.638867 -5.1934228
-18.142883 12.441302 -5.5298042
-17.08816 15.845984 -5.6632199
-20.450087 17.184002 -6.078104
-2.6925857 2.2786353 -3.736407
-4.5508776 3.4844456 -3.9387422
-6.0241008 5.0979724 -4.1570282
-7.9208417 6.0647078 -4.3574739
-9.320055 7.8872166 -4.614686
-10.94773 8.3822889 -4.7139039
-11.7191 10.943543 -4.9893708
-16.208641 12.410381 -5.3917952
-13.801172 11.67942 -5.1917109
-18.056648 12.47506 -5.5223227
-17.041498 15.913712 -5.665586
-20.359486 17.229475 -6.0724368
-2.6818569 2.2856684 -3.7344239
-4.5356374 3.4979568 -3.9375272
-6.000299 5.1138802 -4.1548343
-7.8964949 6.0899043 -4.356926
-9.292469 7.9197001 -4.6150737
-10.924704 8.4253073 -4.7163439
-11.689537 10.992568 -4.9920278
-16.155745 12.459571 -5.3906646
-13.757289 11.724936 -5.191515
-18.016272 12.540291 -5.5245466
-16.985849 15.973097 -5.6658816
-20.287062 17.290071 -6.0706625
-2.6711111 2.292655 -3.7324357
-4.5264416 3.5161307 -3.9393163
-5.9913402 5.142458 -4.1587415
-7.868947 6.1125822 -4.3553104
-9.261755 7.9495044 -4.6144967
-10.895226 8.4633904 -4.7170253
-11.66266 11.044259 -4.9954796
-16.074341 12.486516 -5.3830032
-13.70115 11.759904 -5.188211
-17.952778 12.589352 -5.5218687
-16.91259 16.015818 -5.6620679
-20.24477 17.376392 -6.0754056
-2.6630914 2.3019657 -3.732538
-4.5202069 3.536658 -3.942605
-5.9822545 5.1710372 -4.1626387
-7.8382215 6.1327081 -4.3526263
-9.2249422 7.9740038 -4.6120062
-10.868749 8.5038242 -4.7185588
-11.632683 11.093152 -4.9980931
-16.024368 12.537637 -5.3825364
-13.650965 11.79984 -5.1864228
-17.925022 12.663463 -5.5268188
-16.839239 16.058224 -5.6582222
-20.183989 17.44696 -6.0761805
-2.6523054 2.3088672 -3.7305398
-4.507834 3.5524147 -3.9428728
-5.9671264 5.1944633 -4.1640801
-7.8291836 6.1698165 -4.3573089
-9.1880732 7.9983401 -4.6094985
-10.842121 8.5441732 -4.7200737
-11.58527 11.125413 -4.9957776
-15.986773 12.598434 -5.3849316
-13.594657 11.834331 -5.1830678
-17.861195 12.712068 -5.5240784
-16.771563 16.105844 -5.6557035
-20.101873 17.498949 -6.0723295
-2.6442304 2.3181107 -3.7306323
-4.4803214 3.556154 -3.9355986
-5.9401107 5.2075024 -4.1606197
-7.8106961 6.199564 -4.3588157
-9.1541319 8.0251303 -4.6079221
-10.809117 8.5794926 -4.7198286
-11.5206 11.140866 -4.9885345
-15.923949 12.639275 -5.3815165
-13.568257 11.894851 -5.187397
-17.810226 12.769683 -5.5240932
-16.735336 16.183718 -5.6606297
-19.989609 17.52424 -6.061883
-2.6388402 2.3297262 -3.7328157
-4.4648724 3.5693662 -3.9343433
-5.9160161 5.2230134 -4.158371
-7.7890081 6.22679 -4.3592539
-9.1349869 8.0649137 -4.6110716
-10.785316 8.6221371 -4.722178
-11.46452 11.164341 -4.9837217
-15.873499 12.689798 -5.3809643
-13.544585 11.957972 -5.1924739
-17.772013 12.836448 -5.526866
-16.704491 16.267109 -5.6668839
-19.892382 17.562185 -6.0546761
-2.6334009 2.3413322 -3.7349946
-4.4643865 3.5945933 -3.9406157
-5.9006786 5.2462387 -4.15978
-7.7641463 6.2514634 -4.3586245
-9.1216059 8.1099348 -4.6161027
-10.761349 8.6647224 -4.7245088
-11.419794 11.198716 -4.9821582
-15.819781 12.737625 -5.3796611
-13.464027 11.970741 -5.1828747
-17.707731 12.884315 -5.5240312
-16.630499 16.308546 -5.6629105
-19.813044 17.615593 -6.0513663
-2.625212 2.3505104 -3.7350731
-4.4458284 3.6053028 -3.9378376
-5.8764863 5.2615719 -4.1575098
-7.7392082 6.2760382 -4.3579807
-9.0814161 8.1311388 -4.6125789
-10.715592 8.6897087 -4.7207222
-11.386301 11.244105 -4.9838438
-15.756627 12.777688 -5.3761582
-13.425129 12.020327 -5.1840463
-17.633675 12.924811 -5.5190711
-16.579155 16.372108 -5.6643434
-19.718699 17.655336 -6.0447397
-2.6151216 2.3563197 -3.7330434
-4.4374647 3.6216879 -3.9395511
-5.868669 5.2878842 -4.1613278
-7.716392 6.297822 -4.3572841
-9.0646706 8.1675978 -4.6156554
-10.700565 8.7333899 -4.7247047
-11.35092 11.279823 -4.9838705
-15.728774 12.83722 -5.3797832
-13.384338 12.059776 -5.1836147
-17.586557 12.975407 -5.5188346
-16.504976 16.401596 -5.6589437
-19.639395 17.695808 -6.0399899
-2.6015112 2.3605609 -3.7289205
-4.4218202 3.6347082 -3.9382648
-5.8443666 5.3030648 -4.1590366
-7.6882544 6.3196964 -4.3555579
-9.0478611 8.2098532 -4.6196909
-10.670015 8.7706852 -4.7252393
-11.300218 11.308106 -4.980608
-15.677704 12.886973 -5.3791208
-13.351021 12.114457 -5.1862831
-17.528345 13.027188 -5.517302
-16.47303 16.484529 -5.6650743
-19.544968 17.734724 -6.0332909
-2.5928414 2.3700807 -3.7289879
-4.4114342 3.6533482 -3.939997
-5.8190989 5.3191581 -4.1567411
-7.6589499 6.3427925 -4.3538365
-9.026494 8.2509937 -4.6227722
-10.646984 8.8173456 -4.7283955
-11.269911 11.360759 -4.9838648
-15.61807 12.934172 -5.3770194
-13.291813 12.149863 -5.1827707
-17.461304 13.076992 -5.5144019
-16.432182 16.564644 -5.6698117
-19.476883 17.803551 -6.0331407
-2.5822999 2.3762112 -3.726948
-4.4022532 3.670424 -3.9417005
-5.7985415 5.3357706 -4.1556439
-7.6378741 6.368156 -4.354176
-8.9990826 8.2808819 -4.6229682
-10.620741 8.8551512 -4.7297397
-11.226586 11.392396 -4.9821959
-15.568963 12.980783 -5.3762641
-13.233848 12.177677 -5.1784301
-17.417843 13.134824 -5.5155401
-16.368752 16.610508 -5.6677232
-19.391279 17.843697 -6.0276561
-2.5793083 2.3901381 -3.731195
-4.3864655 3.6832907 -3.9403908
-5.7712512 5.3479795 -4.1520963
-7.6095476 6.3896947 -4.3524089
-8.9613924 8.3041515 -4.6203108
-10.57454 8.8793821 -4.7258577
-11.178395 11.422973 -4.9796853
-15.517447 13.029914 -5.3755169
-13.191261 12.223796 -5.17871
-17.368713 13.193126 -5.5160108
-16.302296 16.658981 -5.6656013
-19.32888 17.911272 -6.0280662
-2.5705307 2.3995757 -3.7312472
-4.3729358 3.6993432 -3.9405906
-5.7630801 5.3798022 -4.1571074
-7.5800405 6.412436 -4.3506432
-8.9192934 8.3261089 -4.6166954
-10.529778 8.9078064 -4.7228503
-11.130902 11.458155 -4.9779668
-15.463492 13.081547 -5.3747749
-13.140543 12.266622 -5.177434
-17.313902 13.251846 -5.5158086
-16.207739 16.684252 -5.6573238
-19.233904 17.954739 -6.021894
-2.5594976 2.4060507 -3.7291958
-4.36586 3.7195811 -3.9437895
-5.7385502 5.3945131 -4.1547608
-7.5546021 6.4362931 -4.3499031
-8.8959579 8.362628 -4.6187496
-10.501647 8.9470863 -4.7241616
-11.074247 11.479739 -4.972959
-15.426847 13.143209 -5.3775935
-13.091834 12.306954 -5.1761198
-17.251732 13.300015 -5.5134206
-16.182671 16.775211 -5.6653323
-19.150738 18.002615 -6.0176334
-2.5541382 2.4170167 -3.7313304
-4.3622737 3.7415612 -3.9484811
-5.717782 5.4108171 -4.1536231
-7.5242186 6.4535894 -4.3470221
-8.8681784 8.3920813 -4.6188822
-10.47796 8.9870396 -4.7263064
-11.041632 11.522149 -4.9744782
-15.355922 13.170911 -5.3716593
-13.030681 12.331116 -5.1709123
-17.198074 13.349806 -5.5123467
-16.118666 16.820131 -5.6631231
-19.128654 18.101713 -6.026454
-2.5426376 2.423861 -3.7292712
-4.342701 3.7524881 -3.9456398
-5.7007494 5.4344449 -4.1549296
-7.5005126 6.4811249 -4.3473253
-8.828742 8.416317 -4.6161633
-10.447956 9.0279837 -4.7276015
-11.002069 11.565431 -4.9751444
-15.31056 13.229715 -5.3730025
-12.982509 12.376045 -5.17033
-17.155313 13.41767 -5.5148468
-16.037638 16.858845 -5.6581445
-19.018806 18.130363 -6.0168839
-2.5393925 2.4377422 -3.7334943
-4.3208594 3.7600377 -3.941273
-5.681746 5.4543095 -4.1549978
-7.4808269 6.50986 -4.3486567
-8.7907238 8.4388371 -4.6134205
-10.410382 9.0591764 -4.7262392
-10.972573 11.615341 -4.9782481
-15.270312 13.288316 -5.3750143
-12.947861 12.429566 -5.172801
-17.120918 13.487349 -5.5186639
-15.934822 16.868277 -5.6470284
-18.926592 18.168974 -6.0105453
-2.523474 2.4385922 -3.7272296
-4.311264 3.7768841 -3.9429255
-5.6664481 5.4758468 -4.1562762
-7.4591975 6.5346322 -4.3489056
-8.7655449 8.4707003 -4.6144552
-10.371308 9.0857878 -4.7239671
-10.917643 11.63424 -4.9731641
-15.232162 13.34414 -5.3769717
-12.892238 12.458584 -5.1690669
-17.038568 13.514284 -5.5112057
-15.933447 16.979265 -5.6603599
-18.863365 18.228861 -6.0100713
-2.514946 2.4473863 -3.7272508
-4.2865 3.7817168 -3.9370341
-5.633244 5.4819164 -4.1502051
-7.4393063 6.5632448 -4.3502111
-8.7387667 8.504014 -4.6154776
-10.33953 9.1219349 -4.7243133
-10.86882 11.663539 -4.9705029
-15.18549 13.397228 -5.37748
-12.85724 12.511852 -5.1714897
-16.953865 13.543781 -5.5037637
-15.841413 16.999723 -5.6519012
-18.773851 18.269524 -6.0043187
-2.5089772 2.4586873 -3.7293634
-4.2646341 3.7889814 -3.9326427
-5.6084719 5.4960556 -4.1477942
-7.4104414 6.5839229 -4.3483334
-8.7090292 8.5344658 -4.6155343
-10.31357 9.1632538 -4.7263861
-10.814515 11.68679 -4.9661846
-15.1267 13.439554 -5.3750601
-12.8021 12.545495 -5.1684856
-16.925146 13.617893 -5.5088935
-15.817235 17.093018 -5.660398
-18.68429 18.309784 -5.9985304
-2.5025282 2.4704134 -3.7314718
-4.2535887 3.8071558 -3.9342856
-5.596663 5.5248413 -4.1514921
-7.3803692 6.6057673 -4.3464518
-8.6692181 8.5579662 -4.6127272
-10.285843 9.2062988 -4.728456
-10.774302 11.729281 -4.9667368
-15.071393 13.489584 -5.374084
-12.744681 12.581129 -5.1654587
-16.893724 13.694919 -5.51404
-15.746374 17.142054 -5.6579719
-18.605682 18.366917 -5.9959922
-2.4921837 2.4757078 -3.7293813
-4.2444696 3.8230765 -3.9359026
-5.5820627 5.5451598 -4.1527295
-7.3566451 6.6262732 -4.345582
-8.642292 8.5851574 -4.6127481
-10.245052 9.2279177 -4.7252245
-10.737402 11.76307 -4.9664903
-15.023014 13.531521 -5.3730159
-12.702269 12.618294 -5.1647177
-16.856808 13.752968 -5.5162253
-15.689754 17.188484 -5.6569324
-18.553562 18.430904 -5.9973507
-2.4784 2.4792652 -3.7251906
-4.2310977 3.8378706 -3.9360151
-5.5654445 5.5673876 -4.1539583
-7.3276134 6.6466041 -4.3436632
-8.6122684 8.6152754 -4.6127558
-10.206884 9.2582827 -4.7237496
-10.693598 11.797532 -4.9653788
-14.960908 13.570479 -5.3697877
-12.652505 12.656922 -5.1631851
-16.796358 13.801592 -5.5142655
-15.632336 17.246113 -5.6571817
-18.514524 18.520988 -6.0032773
-2.4722846 2.4904742 -3.7272844
-4.2205191 3.8552148 -3.9376292
-5.5432124 5.5839963 -4.1527281
-7.3102036 6.6774731 -4.3459587
-8.570961 8.6340208 -4.6089487
-10.186249 9.3045835 -4.7274957
-10.647023 11.828868 -4.9634285
-14.869252 13.582253 -5.3592763
-12.608246 12.701011 -5.1631713
-16.766529 13.875409 -5.5192838
-15.574712 17.303543 -5.6573987
-18.427246 18.562824 -5.998004
-2.4652476 2.5025311 -3.7293725
-4.2028508 3.8687828 -3.9362264
-5.5244837 5.6080341 -4.153933
-7.2845101 6.705493 -4.3461428
-8.5405302 8.6696939 -4.609869
-10.141669 9.3355474 -4.725132
-10.620097 11.890456 -4.9687757
-14.793503 13.617626 -5.3538465
-12.559384 12.749329 -5.1631284
-16.703932 13.932015 -5.5180421
-15.510817 17.366196 -5.6575327
-18.324997 18.602139 -5.9907169
-2.4573741 2.5102632 -3.7293613
-4.1906767 3.8819664 -3.9363062
-5.5013514 5.6197548 -4.1514606
-7.2605104 6.7256575 -4.3452244
-8.5077019 8.6908092 -4.6079311
-10.106458 9.3619547 -4.7235785
-10.580049 11.920779 -4.9676337
-14.768217 13.680302 -5.3584814
-12.483017 12.751683 -5.1530361
-16.638681 13.966455 -5.5138111
-15.453536 17.411848 -5.6563792
-18.255295 18.648197 -5.9880075
-2.4451914 2.5170798 -3.7272458
-4.1701088 3.892772 -3.9333766
-5.479733 5.6408367 -4.1514182
-7.2375212 6.7561831 -4.346436
-8.4632092 8.7120275 -4.6040678
-10.067529 9.3979778 -4.7229195
-10.534197 11.961316 -4.9672132
-14.70683 13.728738 -5.3566189
-12.428406 12.7938 -5.1513958
-16.572741 14.019926 -5.5118003
-15.386564 17.471058 -5.6557646
-18.205824 18.741074 -5.9931197
-2.4363902 2.5256004 -3.7272236
-4.1536884 3.9046667 -3.9319398
-5.4627323 5.6627541 -4.1525917
-7.2052541 6.7732849 -4.3433905
-8.4382572 8.7472296 -4.6058898
-10.034661 9.4330635 -4.7230954
-10.497622 12.00401 -4.968441
-14.661724 13.782724 -5.3576012
-12.3726 12.825631 -5.1481953
-16.514587 14.069926 -5.5103874
-15.320227 17.518648 -5.6538148
-18.140293 18.804512 -5.9929538
-2.4300663 2.5367076 -3.7292929
-4.1400323 3.9191427 -3.9320047
-5.440217 5.6789565 -4.1513076
-7.1786957 6.7956791 -4.3424459
-8.4049234 8.7737665 -4.6048465
-9.9987822 9.4653015 -4.7223787
-10.442597 12.025547 -4.9639301
-14.601929 13.822848 -5.3549271
-12.336023 12.877379 -5.150373
-16.486574 14.145687 -5.5159593
-15.258977 17.572021 -5.6531911
-18.080065 18.873493 -5.9940658
-2.4220855 2.5443292 -3.7292645
-4.1249113 3.9294729 -3.930547
-5.4115329 5.6846552 -4.1463494
-7.1515875 6.8127451 -4.3404207
-8.3663769 8.7886314 -4.6009507
-9.9603586 9.4884367 -4.7198825
-10.402166 12.055278 -4.9627109
-14.552653 13.863149 -5.3536587
-12.295509 12.916069 -5.1502285
-16.436012 14.19219 -5.5151262
-15.177613 17.589638 -5.6458173
-17.993143 18.901264 -5.987288
-2.4102538 2.5505548 -3.7271302
-4.1243777 3.9579 -3.9381475
-5.4014368 5.7158546 -4.1511583
-7.1237183 6.836174 -4.3394542
-8.3286581 8.8134699 -4.5989208
-9.9197779 9.5193729 -4.7182622
-10.352732 12.087275 -4.9605865
-14.498868 13.913631 -5.3531179
-12.248087 12.961048 -5.1500354
-16.365814 14.236618 -5.5115504
-15.092262 17.620888 -5.6396728
-17.923746 18.967087 -5.9870048
-2.4042645 2.5611758 -3.7291873
-4.1112304 3.971555 -3.9381878
-5.3797698 5.7308745 -4.1498475
-7.1010098 6.8597589 -4.3395238
-8.2803774 8.8207874 -4.5921412
-9.8881569 9.5522146 -4.718359
-10.310012 12.118502 -4.9593048
-14.446911 13.956089 -5.3518076
-12.196857 12.992871 -5.147522
-16.306503 14.280287 -5.5092883
-15.025985 17.661709 -5.6369591
-17.841616 19.006029 -5.9821196
-2.395309 2.5695534 -3.7291415
-4.0945802 3.9831958 -3.9367127
-5.3597317 5.7496195 -4.149745
-7.0741878 6.8817492 -4.3385262
-8.2522411 8.852541 -4.5929327
-9.8576021 9.5894461 -4.719316
-10.257365 12.142249 -4.9555287
-14.389524 13.998086 -5.3497519
-12.148709 13.032454 -5.1465182
-16.247572 14.329202 -5.5077276
-14.948779 17.695753 -5.6321454
-17.769712 19.062351 -5.9804668
-2.3838623 2.5752385 -3.7269948
-4.0751481 3.9920738 -3.9337204
-5.3289704 5.7567797 -4.1447382
-7.0444756 6.9008698 -4.3364573
-8.2158976 8.8754692 -4.5908599
-9.8183851 9.6182318 -4.7176332
-10.20468 12.165776 -4.9517331
-14.337722 14.04544 -5.3491206
-12.100434 13.071856 -5.1454902
-16.209393 14.396433 -5.5110517
-14.917712 17.78454 -5.6395073
-17.722057 19.144783 -5.9846859
-2.3719547 2.5812883 -3.7248404
-4.0632319 4.0096879 -3.9352498
-5.3051815 5.7733831 -4.1433845
-7.0106974 6.9183125 -4.3333192
-8.172574 8.8938332 -4.586863
-9.7774076 9.6485643 -4.7159333
-10.177862 12.224519 -4.9568634
-14.277631 14.089484 -5.3470125
-12.049745 13.113178 -5.144423
-16.150572 14.450421 -5.5101571
-14.867763 17.857508 -5.6427255
-17.613934 19.168427 -5.9750652
-2.3638339 2.5887277 -3.7247865
-4.0478811 4.0197191 -3.9337502
-5.2949529 5.7987113 -4.146934
-6.9777093 6.9291635 -4.3291063
-8.1365662 8.9106741 -4.5838299
-9.7414036 9.6736298 -4.7142105
-10.136868 12.253365 -4.9555297
-14.230463 14.131458 -5.3463221
-12.005802 13.148026 -5.1433773
-16.093227 14.490404 -5.5077591
-14.803951 17.894897 -5.6399355
-17.56171 19.232521 -5.9766335
-2.3547828 2.5969632 -3.7247219
-4.0365491 4.0365481 -3.9352639
-5.2773128 5.8200641 -4.1480122
-6.9450951 6.9450932 -4.3259401
-8.0974159 8.9302034 -4.580761
-9.7047644 9.7047615 -4.713346
-10.081393 12.273287 -4.9508553
-14.178226 14.178223 -5.3456097
-11.954476 13.183949 -5.1415067
-16.012978 14.519679 -5.501164
-14.726187 17.92795 -5.6349993
-17.534714 19.338093 -5.9859962
-2.3476744 2.6082714 -3.7267449
-4.0162997 4.0458484 -3.93224
-5.2611947 5.8451991 -4.1502953
-6.9112396 6.9620872 -4.3227601
-8.0672855 8.9627714 -4.581459
-9.652318 9.7233324 -4.7080927
-10.043891 12.319415 -4.9526534
-14.112111 14.215937 -5.3419657
-11.892739 13.212859 -5.1372795
-15.959654 14.578273 -5.5015812
-14.650285 17.969423 -5.6313424
-17.445013 19.381449 -5.9808602
-2.3405139 2.6195614 -3.7287624
-3.9906292 4.0495672 -3.9261885
-5.2397356 5.8644423 -4.1501198
-6.8773532 6.9789257 -4.3195653
-8.0290937 8.9863615 -4.5792928
-9.6194067 9.7614765 -4.7089357
-9.9936619 12.349954 -4.9503508
-14.05711 14.26472 -5.3411942
-11.841576 13.253386 -5.1361117
-15.93255 14.660995 -5.5082884
-14.576793 18.013687 -5.6283302
-17.363213 19.43334 -5.9776545
-2.3298659 2.624191 -3.7265954
-3.9886675 4.0730925 -3.9322093
-5.2134733 5.872076 -4.1462913
-6.8526292 6.9976735 -4.3184772
-8.0034561 9.0145092 -4.5799966
-9.5803452 9.7831249 -4.7062716
-9.9448299 12.368874 -4.9464951
-14.009436 14.305963 -5.3404059
-11.789291 13.278598 -5.1326661
-15.886411 14.710978 -5.5085926
-14.507615 18.043833 -5.6240764
-17.310032 19.496758 -5.9790931
-2.3230889 2.6350269 -3.7286072
-3.9717402 4.0842295 -3.9306726
-5.1981316 5.8961229 -4.1485496
-6.8171387 7.0102162 -4.3142004
-7.9771891 9.0483446 -4.5816059
-9.5184107 9.7879953 -4.6974683
-9.8966255 12.397287 -4.9441843
-13.976103 14.371941 -5.3446651
-11.748142 13.325651 -5.1337843
-15.826206 14.758175 -5.5067949
-14.432085 18.07876 -5.619698
-17.247152 19.563053 -5.9797826
-2.3158033 2.6462514 -3.7306097
-3.9674451 4.1098433 -3.9366741
-5.1764879 5.9151349 -4.1483412
-6.7968893 7.0408411 -4.3162518
-7.9387474 9.0715485 -4.5793891
-9.4962845 9.837121 -4.7017484
-9.8511219 12.433475 -4.9434462
-13.898394 14.397229 -5.3380027
-11.707101 13.377618 -5.1356258
-15.742916 14.788748 -5.500062
-14.373168 18.140921 -5.6206527
-17.177969 19.629139 -5.9797463
-2.3017957 2.6488469 -3.726325
-3.9477432 4.1181073 -3.9336116
-5.1558075 5.9331694 -4.1481318
-6.7667999 7.0588202 -4.3140631
-7.9018259 9.0932159 -4.5771708
-9.4591351 9.867342 -4.7007718
-9.7904215 12.445877 -4.9370189
-13.878425 14.477346 -5.3458352
-11.6551 13.412387 -5.1336102
-15.667996 14.821671 -5.4946895
-14.304815 18.184711 -5.6182423
-17.130302 19.713106 -5.9842958
-2.2953682 2.659209 -3.728327
-3.9287536 4.1255965 -3.9305444
-5.1386671 5.9532018 -4.1491451
-6.7379045 7.0754948 -4.3118653
-7.8768144 9.1253748 -4.5787473
-9.426363 9.898653 -4.7006559
-9.7417421 12.468857 -4.9338684
-13.827591 14.520396 -5.3449397
-11.61056 13.45096 -5.1331382
-15.621653 14.876294 -5.4956012
-14.241979 18.228895 -5.6165328
-17.101381 19.812136 -5.9927788
-2.2860713 2.6672056 -3.728224
-3.9196203 4.1448832 -3.9335051
-5.1076441 5.9591913 -4.1440248
-6.7023005 7.0874858 -4.3075356
-7.8397465 9.1467905 -4.5764976
-9.3917494 9.9314995 -4.7005157
-9.6932735 12.496495 -4.9314752
-13.757626 14.548284 -5.3396544
-11.545373 13.470221 -5.1272225
-15.555221 14.916923 -5.4922786
-14.188047 18.291124 -5.6181202
-17.032116 19.871714 -5.9920115
-2.2743979 2.6724083 -3.7260213
-3.8945823 4.1473083 -3.9274011
-5.0893545 5.9799705 -4.1450062
-6.6775217 7.1108375 -4.3074226
-7.8077722 9.1740999 -4.576128
-9.357028 9.964221 -4.7003574
-9.6495962 12.530254 -4.9306898
-13.695836 14.584582 -5.3365197
-11.493118 13.504367 -5.1251378
-15.523159 14.990538 -5.4973598
-14.128989 18.346865 -5.6183224
-16.952293 19.918875 -5.9885879
-2.2692676 2.6862643 -3.730093
-3.8846097 4.1671882 -3.9303422
-5.0699353 6.0015783 -4.1459641
-6.656806 7.1410427 -4.3094039
-7.7740979 9.2026539 -4.5757227
-9.3068876 9.9839001 -4.6958032
-9.598772 12.559205 -4.9282141
-13.674943 14.669701 -5.344954
-11.446122 13.549442 -5.1253109
-15.419474 15.00001 -5.4855499
-14.068929 18.408039 -5.6191082
-16.886913 19.990025 -5.9896727
-2.2552166 2.6886151 -3.7257857
-3.8726549 4.1835504 -3.9317694
-5.0464325 6.0162358 -4.1444793
-6.6103568 7.1410346 -4.3008056
-7.7419243 9.2297363 -4.5753193
-9.2584696 10.001737 -4.6912394
-9.5765362 12.621192 -4.9347081
-13.62636 14.720281 -5.3453913
-11.401313 13.592372 -5.1254878
-15.367017 15.053747 -5.4856515
-13.9901 18.437954 -5.6138396
-16.819593 20.051916 -5.9894524
-2.2481377 2.6992564 -3.7277582
-3.8580277 4.1970429 -3.9316797
-5.0254011 6.0338149 -4.144206
-6.5880637 7.166975 -4.3017097
-7.6969619 9.2414598 -4.5701618
-9.2181177 10.028139 -4.6892781
-9.5324211 12.654544 -4.9338555
-13.56949 14.761879 -5.3436236
-11.356348 13.635151 -5.1256399
-15.305848 15.098887 -5.4836144
-13.918445 18.477108 -5.610568
-16.746939 20.107435 -5.987886
-2.2368636 2.7039034 -3.725543
-3.8492832 4.2155032 -3.9346058
-5.0028648 6.0474243 -4.1427145
-6.5669265 7.1917028 -4.302609
-7.6662736 9.2669325 -4.5697489
-9.1821299 10.055716 -4.6881838
-9.5047188 12.705219 -4.9379058
-13.504317 14.789116 -5.3389454
-11.308529 13.669663 -5.1242609
-15.261361 15.155187 -5.4850616
-13.861879 18.529556 -5.6107068
-16.675076 20.156702 -5.9856777
-2.2274115 2.7116954 -3.7254114
-3.8319573 4.2260604 -3.9329913
-4.9891934 6.0739441 -4.1460853
-6.5364723 7.208725 -4.3003154
-7.6288419 9.2875051 -4.5674033
-9.1496439 10.090652 -4.6888061
-9.4436884 12.715939 -4.9313192
-13.452612 14.836164 -5.3385763
-11.250622 13.696732 -5.1205168
-15.23659 15.236592 -5.492105
-13.804255 18.587448 -5.6114259
-16.607149 20.217875 -5.985352
-2.2202241 2.7222629 -3.7273695
-3.817183 4.2394099 -3.9328785
-4.9704413 6.0943608 -4.1470017
-6.5059814 7.2256222 -4.2980089
-7.5938706 9.3110018 -4.56599
-9.1170292 10.125484 -4.6894102
-9.3897934 12.736001 -4.9271526
-13.371377 14.850414 -5.3302026
-11.197706 13.72974 -5.1182895
-15.163627 15.269854 -5.4871702
-13.734555 18.629091 -5.6087389
-16.528906 20.266432 -5.9823732
-2.2084272 2.7271783 -3.7251341
-3.7972276 4.2469649 -3.92974
-4.9516072 6.1147208 -4.1479068
-6.4649143 7.2306085 -4.2914619
-7.5563302 9.3312836 -4.5636129
-9.0763283 10.151315 -4.6873755
-9.3335199 12.752629 -4.9221544
-13.32212 14.89997 -5.3305054
-11.142187 13.759445 -5.1152687
-15.121447 15.334059 -5.4899373
-13.671805 18.680141 -5.6080446
-16.445494 20.308479 -5.9780507
-2.1988935 2.7348714 -3.7249885
-3.7747068 4.2515535 -3.9250851
-4.9376044 6.14114 -4.1512437
-6.4291382 7.2413101 -4.2870169
-7.5162511 9.3483286 -4.5602736
-9.043478 10.185911 -4.6879425
-9.2842636 12.778688 -4.9195733
-13.270026 14.946385 -5.3300557
-11.11657 13.826221 -5.1214576
-15.042688 15.361084 -5.4835382
-13.613554 18.737444 -5.6086674
-16.377005 20.368879 -5.9776196
-2.1915946 2.745364 -3.7269318
-3.7598419 4.2647047 -3.9249492
-4.9087949 6.1491432 -4.1472425
-6.4064341 7.2666755 -4.2878423
-7.4687171 9.3559036 -4.5540786
-9.0104942 10.220403 -4.6884899
-9.2349396 12.804563 -4.9169731
-13.167631 14.93575 -5.3158031
-11.058287 13.852481 -5.1176195
-15.008452 15.433535 -5.4883552
-13.545726 18.781616 -5.6065617
-16.305798 20.425926 -5.9764981
-2.1824791 2.7526159 -3.7267842
-3.7558308 4.2887402 -3.9308481
-4.8883777 6.1653862 -4.1469121
-6.3875108 7.2938247 -4.2897239
-7.4277916 9.3681803 -4.5497899
-8.9765549 10.250225 -4.6881642
-9.1901102 12.831877 -4.9152141
-10.99 13.860957 -5.1099539
-14.954421 15.480347 -5.4875278
-13.481046 18.823183 -5.6044984
-16.210678 20.445452 -5.9682088
-2.1728566 2.7602181 -3.7266243
-3.7433634 4.3047314 -3.9322054
-4.8643985 6.1793318 -4.1453328
-6.364603 7.3190613 -4.2905231
-7.3827701 9.3784637 -4.5445132
-8.9459362 10.287499 -4.689548
-9.1637192 12.889849 -4.9206891
-13.063042 15.022022 -5.3140736
-10.948943 13.908637 -5.1114545
-14.894762 15.526696 -5.4859619
-13.40137 18.850603 -5.5989647
-16.131792 20.492502 -5.9650598
-2.1604939 2.7653062 -3.7243576
-3.7275617 4.3184214 -3.9320383
-4.846549 6.2033005 -4.1473866
-6.3429008 7.348321 -4.2923512
-7.3630066 9.4242201 -4.549602
-8.9055738 10.317206 -4.6882758
-9.1278973 12.939618 -4.9236526
-13.01572 15.078856 -5.3156638
-10.892985 13.942387 -5.109045
-14.82124 15.563836 -5.4815459
-13.32529 18.889801 -5.5953465
-16.063957 20.56093 -5.965735
-2.1535349 2.7753191 -3.72629
-3.7082078 4.3249102 -3.9288628
-4.8283572 6.2224355 -4.1482458
-6.313355 7.3633132 -4.289969
-7.3414464 9.4611225 -4.5528374
-8.8687258 10.343661 -4.6870241
-9.0666599 12.943718 -4.9161539
-12.944871 15.097699 -5.3093128
-10.851583 13.984731 -5.1097703
-14.76955 15.612895 -5.4813375
-13.274035 18.950237 -5.5972362
-16.000587 20.620396 -5.9658442
-2.1438336 2.78282 -3.7261157
-3.6930871 4.3378291 -3.9286885
-4.8018188 6.2330379 -4.1454148
-6.285049 7.382298 -4.2886157
-7.2914233 9.4646883 -4.5456228
-8.8325624 10.374558 -4.6866074
-9.019146 12.972019 -4.9142604
-12.886913 15.136721 -5.3072553
-10.802698 14.022527 -5.1088924
-14.709492 15.658543 -5.4796848
-13.226035 19.022686 -5.6010327
-15.930947 20.679291 -5.9652028
-2.1341069 2.7902861 -3.7259367
-3.6754365 4.3477511 -3.9269981
-4.7824159 6.2528768 -4.1462336
-6.2490363 7.392117 -4.2840819
-7.2559314 9.4869308 -4.5440683
-8.7937288 10.402288 -4.6852994
-8.9783363 13.009977 -4.9147782
-12.839152 15.187704 -5.3080688
-10.743998 14.047481 -5.104918
-14.6493 15.70395 -5.4780021
-13.150484 19.05559 -5.5967255
-15.880507 20.763327 -5.9697475
-2.1243534 2.797719 -3.7257528
-3.6627133 4.3635058 -3.9283166
-4.7605586 6.2695341 -4.145822
-6.2181106 7.4078317 -4.2816472
-7.2323675 9.5248442 -4.547225
-8.7599192 10.435968 -4.6857176
-8.9351158 13.044528 -4.9144635
-12.798883 15.247714 -5.3110271
-10.690071 14.078551 -5.102457
-14.605239 15.766708 -5.4805064
-13.090652 19.111265 -5.5970941
-15.853825 20.879084 -5.9807787
-2.1145751 2.8051169 -3.7255642
-3.6474607 4.3762636 -3.9281189
-4.7362847 6.282979 -4.1441798
-6.1947474 7.4325266 -4.2823677
-7.1966891 9.5468607 -4.5456381
-8.7310781 10.475645 -4.687861
-8.8917694 13.078929 -4.9141269
-12.732811 15.276967 -5.306716
-10.650466 14.128511 -5.104579
-14.531201 15.797025 -5.4752531
-13.00815 19.133724 -5.5907111
-15.802493 20.962999 -5.9852433
-2.1047711 2.8124804 -3.7253711
-3.632163 4.3889685 -3.9279137
-4.7143254 6.2994728 -4.1437469
-6.1763268 7.4632397 -4.2851863
-7.1609445 9.5687447 -4.5440354
-8.6995316 10.512185 -4.6891131
-8.8393822 13.099981 -4.9105301
-12.674321 15.31517 -5.3045516
-10.605864 14.171986 -5.1051407
-14.467896 15.838806 -5.4727812
-15.748372 21.043613 -5.9890161
-2.0927782 2.8169007 -3.7230811
-3.6143737 4.3986449 -3.926193
-4.6946454 6.3190403 -4.1445227
-6.1427073 7.4755931 -4.2816572
-7.1109328 9.5713882 -4.5367489
-8.6653061 10.545563 -4.6894746
-8.7935963 13.130758 -4.9093413
-12.625846 15.365487 -5.3052554
-10.539682 14.18652 -5.0987725
-14.401791 15.87739 -5.4695783
-12.90314 19.267204 -5.5959888
-15.674815 21.098461 -5.9875345
-2.0850852 2.827106 -3.7249703
-3.601434 4.4142184 -3.9274797
-4.6748886 6.3385448 -4.145287
-6.1290698 7.5123005 -4.2865586
-7.0774817 9.5961514 -4.5360608
-8.6284456 10.575744 -4.6889453
-8.7565289 13.17464 -4.9113679
-12.582229 15.421831 -5.3073792
-10.48537 14.216806 -5.0962186
-14.35697 15.939426 -5.4719648
-12.831391 19.305475 -5.5928726
-15.627159 21.188408 -5.9931865
-2.0752034 2.834368 -3.7247629
-3.5860023 4.426764 -3.9272511
-4.6480989 6.3484964 -4.1423845
-6.1052961 7.5367227 -4.2872252
-7.0345635 9.6079931 -4.5315795
-8.5889702 10.602711 -4.6875262
-8.7082911 13.201803 -4.9093275
-12.518268 15.453258 -5.3036866
-10.428611 14.243673 -5.092875
-14.295918 15.983499 -5.4701085
-12.757321 19.340149 -5.5890551
-15.543658 21.229942 -5.9890256
-2.0652976 2.841594 -3.7245507
-3.570529 4.4392538 -3.9270148
-4.6236053 6.3615088 -4.1406908
-6.0715208 7.5487475 -4.283658
-6.9939857 9.622859 -4.528028
-8.5469246 10.626427 -4.6852179
-8.6643391 13.23545 -4.9088831
-12.456751 15.487531 -5.3006926
-10.385862 14.289661 -5.0941081
-14.232088 16.024347 -5.4675212
-12.665681 19.347811 -5.5798464
-15.453022 21.261446 -5.9828773
-2.0553648 2.8487866 -3.7243338
-3.5526061 4.4486809 -3.9252639
-4.6036639 6.3807921 -4.1414232
-6.042665 7.5668082 -4.2821879
-6.9626708 9.6504335 -4.5282369
-8.5072947 10.653091 -4.683763
-8.6137438 13.258938 -4.9059925
-12.405098 15.534039 -5.3005638
-10.331248 14.319366 -5.0914845
-14.17078 16.067942 -5.4656067
-12.587185 19.375164 -5.5746336
-15.378704 21.315264 -5.9812541
-2.0475197 2.8588905 -3.726203
-3.5418429 4.4670906 -3.928026
-4.5767965 6.3904443 -4.1384912
-6.0113053 7.5816593 -4.2796507
-6.9358764 9.6843567 -4.5303168
-8.4725294 10.685837 -4.6840315
-8.5652523 13.285574 -4.9038901
-12.345844 15.570991 -5.2982397
-10.276562 14.348856 -5.0888381
-14.119871 16.123316 -5.4664721
-12.523807 19.425692 -5.5740809
-15.315842 21.38505 -5.9828491
-2.0422311 2.8715727 -3.7301695
-3.5246284 4.4757848 -3.9262729
-4.5578551 6.4087811 -4.1392279
-5.9812417 7.5953398 -4.2771235
-6.9060264 9.710535 -4.5305309
-8.4345894 10.710748 -4.6825714
-8.5168591 13.307195 -4.9010262
-12.24477 15.549145 -5.2829247
-10.228928 14.382853 -5.0877581
-14.074189 16.179081 -5.4680381
-12.476546 19.494022 -5.57761
-15.235587 21.422695 -5.9786372
-2.0301032 2.8757231 -3.7278473
-3.5137269 4.4941301 -3.929019
-4.5422406 6.4342666 -4.1423626
-5.9546905 7.6161737 -4.2766709
-6.8606424 9.7183762 -4.5250325
-8.3971472 10.740128 -4.6819329
-8.4810266 13.353654 -4.9037271
-12.16338 15.557218 -5.2740493
-10.174056 14.411961 -5.0850673
-14.022841 16.234156 -5.4688449
-12.372023 19.480152 -5.5642805
-15.179136 21.501858 -5.9821105
-2.0158913 2.8768544 -3.7234304
-3.4980166 4.5063691 -3.9287441
-4.5175009 6.4468718 -4.1406174
-5.925643 7.6337924 -4.2751508
-6.8312297 9.7487659 -4.5261202
-8.3669195 10.778801 -4.6838865
-8.427989 13.373071 -4.8999491
-12.096763 15.583823 -5.269486
-10.132835 14.460449 -5.0869446
-13.958286 16.27392 -5.466114
-12.329493 19.563763 -5.5703249
-15.0994 21.548174 -5.9790454
-2.0058374 2.8838735 -3.7231901
-3.4775641 4.5124497 -3.9254494
-4.4949708 6.4626012 -4.140079
-5.9086123 7.6669517 -4.2788877
-6.803957 9.7823238 -4.5281329
-8.343812 10.82684 -4.6884317
-8.377037 13.395655 -4.8969588
-12.05691 15.644916 -5.2728419
-10.093681 14.512093 -5.089561
-13.903987 16.325581 -5.4661608
-12.269601 19.620222 -5.5709829
-15.030937 21.610584 -5.9791942
-1.9978187 2.8938401 -3.725035
-3.4641325 4.5276194 -3.9266653
-4.4634719 6.4653387 -4.1346631
-5.8794136 7.6843896 -4.2773414
-6.7832966 9.8256044 -4.5329547
-8.301137 10.849581 -4.6859961
-8.3449278 13.448501 -4.9012036
-11.98283 15.661552 -5.2660608
-10.033907 14.534112 -5.085269
-13.823721 16.346581 -5.4591651
-12.198936 19.659536 -5.5682678
-14.978109 21.695789 -5.9838514
-1.9877044 2.9007967 -3.7247849
-3.4483063 4.5396848 -3.9263675
-4.4453092 6.4873519 -4.1365371
-5.8501616 7.7017198 -4.2757826
-6.7511978 9.8524981 -4.5330477
-8.2632122 10.878493 -4.6852822
-8.2895775 13.463985 -4.8965592
-11.918429 15.690577 -5.2621431
-9.9876146 14.575628 -5.0855417
-13.774272 16.403908 -5.4605565
-12.144888 19.725805 -5.5708632
-14.895505 21.738056 -5.9800291
-1.9755285 2.9047196 -3.7224407
-3.4301205 4.5486178 -3.9245565
-4.4226384 6.5028291 -4.1359673
-5.8208632 7.7189369 -4.2742109
-6.7011466 9.8530359 -4.5255909
-8.2227955 10.904095 -4.6836805
-8.2383795 13.48604 -4.893508
-11.856383 15.722526 -5.2589226
-9.9120159 14.57414 -5.0758572
-13.724602 16.461086 -5.4619184
-12.098861 19.805561 -5.5760927
-14.812799 21.78001 -5.9761739
-1.9633484 2.9085937 -3.7200925
-3.4165292 4.5636477 -3.9257486
-4.4043002 6.5247312 -4.1378188
-5.7891445 7.732882 -4.2715735
-6.6667109 9.8763685 -4.5247116
-8.1822968 10.929549 -4.6820607
-8.1850576 13.504498 -4.8896317
-11.796641 15.757429 -5.2563972
-9.8744631 14.628478 -5.0791392
-13.649235 16.487373 -5.4562411
-12.021368 19.834015 -5.571279
-14.750089 21.851452 -5.9781213
-1.9592375 2.9244645 -3.7260952
-3.400579 4.5755453 -3.9254277
-4.3814993 6.5400643 -4.1372275
-5.7644758 7.7562141 -4.2720823
-6.6344056 9.9028749 -4.5247579
-8.1440983 10.958042 -4.6812921
-8.1399221 13.536399 -4.8889556
-11.75109 15.811319 -5.2581739
-9.8344374 14.679417 -5.0816307
-13.589067 16.53183 -5.454741
-11.943833 19.862167 -5.5664382
-14.675951 21.906122 -5.976789
-1.9490161 2.9312859 -3.725826
-3.3891594 4.5935879 -3.9281089
-4.3608127 6.5585856 -4.1378403
-5.7350178 7.7731094 -4.2704725
-6.6195669 9.9557123 -4.5323124
-8.1010733 10.980005 -4.6787677
-8.1109838 13.595513 -4.894691
-11.70056 15.858666 -5.2584796
-9.7743015 14.700377 -5.0772262
-13.541369 16.591537 -5.4567151
-11.87647 19.907167 -5.5648994
-14.614869 21.980505 -5.9793077
-1.9407694 2.9410968 -3.7276404
-3.3776574 4.6116047 -3.9307814
-4.3422141 6.5803137 -4.139657
-5.7078514 7.7930799 -4.2699027
-6.5913334 9.9886923 -4.5342035
-8.0462484 10.985756 -4.6718826
-8.0594234 13.616888 -4.8915572
-11.656925 15.915507 -5.260921
-9.7185402 14.727751 -5.0743275
-13.46327 16.61389 -5.450254
-11.798779 19.934755 -5.5600014
-14.538058 22.031384 -5.9772539
-1.9245337 2.9387548 -3.7210977
-3.3615406 4.6233664 -3.9304366
-4.3192196 6.5954299 -4.1390328
-5.6806159 7.8129554 -4.26932
-6.5586028 10.014958 -4.5341969
-8.0008392 11.004124 -4.6684561
-8.0118456 13.644938 -4.8900108
-11.601303 15.956099 -5.2597303
-9.6779966 14.778259 -5.0767436
-13.392687 16.645233 -5.4458671
-11.743278 19.999924 -5.5623951
-14.46326 22.085335 -5.9758124
-1.9133145 2.9417479 -3.7187557
-3.3469977 4.6339049 -3.9301195
-4.3006153 6.6122565 -4.139677
-5.6629829 7.8403764 -4.2719398
-6.5206141 10.025537 -4.5305109
-7.9708824 11.035655 -4.6694374
-7.9649239 13.663159 -4.8869944
-11.551113 15.992469 -5.258636
-9.6423855 14.825303 -5.0792766
-13.317889 16.659166 -5.438745
-11.684406 20.043619 -5.5616584
-14.398154 22.137365 -5.9751959
-1.9039705 2.9521189 -3.7205274
-3.3246944 4.6404586 -3.9267156
-4.2688184 6.6188316 -4.1353259
-5.6351399 7.8652744 -4.2723217
-6.4863749 10.057167 -4.5313144
-7.930769 11.06941 -4.6693621
-7.9044352 13.679847 -4.8820386
-11.489624 16.036701 -5.2572694
-9.5702677 14.838764 -5.0723534
-13.243906 16.697668 -5.4349117
-11.611358 20.095249 -5.5604272
-14.319549 22.202557 -5.9747615
-1.8936532 2.9587474 -3.7202353
-3.3151717 4.6614532 -3.9308589
-4.2414575 6.6270852 -4.1322436
-5.6030674 7.8784566 -4.2695956
-6.4597821 10.093117 -4.5340757
-7.896688 11.10351 -4.6702204
-7.8586121 13.710812 -4.8812337
-11.431259 16.07346 -5.2552795
-9.5141096 14.865365 -5.0693612
-13.183066 16.740664 -5.4332428
-11.529222 20.114874 -5.5540814
-14.239799 22.249043 -5.9719176
-1.890183 2.9738603 -3.726229
-3.2982895 4.6686988 -3.9290175
-4.2227221 6.6436877 -4.1328597
-5.5828514 7.9024754 -4.2711267
-6.430172 10.11671 -4.5341043
-7.8640628 11.13151 -4.6702824
-7.8095922 13.725047 -4.8773637
-11.38071 16.109291 -5.2541137
-9.480195 14.915368 -5.0725884
-13.123033 16.772562 -5.4302473
-11.4561 20.13364 -5.548614
-14.174121 22.300409 -5.9712033
-1.8773364 2.9777019 -3.7238252
-3.2855763 4.6870656 -3.9316218
-4.2025251 6.6657567 -4.1345768
-5.5606537 7.9325962 -4.2735991
-6.3909302 10.136854 -4.5320868
-7.8140764 11.147234 -4.6658559
-7.7670598 13.767455 -4.8788409
-11.307841 16.131294 -5.2484117
-9.4127026 14.929782 -5.066432
-13.034535 16.785872 -5.4214787
-11.403809 20.213753 -5.5533757
-14.107198 22.375866 -5.9733443
-1.8644885 2.9814885 -3.7214172
-3.2705762 4.7022376 -3.9327137
-4.1801472 6.6844392 -4.1350684
-5.5360579 7.9594107 -4.2750044
-6.3642554 10.17703 -4.5356812
-7.7708998 11.172532 -4.6640115
-7.7243271 13.809732 -4.8802919
-11.253202 16.179178 -5.2484345
-9.3642645 14.97432 -5.0670996
-12.958307 16.814558 -5.4161787
-11.32575 20.248442 -5.5494761
-14.029333 22.434193 -5.9722157
-1.8559805 2.9910595 -3.723192
-3.249764 4.7072864 -3.9293087
-4.1505828 6.6889935 -4.1307344
-5.5015016 7.9689312 -4.2711768
-6.3286896 10.199184 -4.5346193
-7.7295904 11.19632 -4.6621957
-7.6722083 13.829649 -4.8769979
-11.194386 16.21508 -5.2463408
-9.3182392 15.01708 -5.0678172
-12.899531 16.859692 -5.4150982
-11.272431 20.319283 -5.5529566
-13.946718 22.476242 -5.9685845
-1.8446738 2.9937887 -3.7208221
-3.2327824 4.7142954 -3.9274409
-4.1274924 6.6986589 -4.1288867
-5.4786768 7.9894338 -4.2716084
-6.3049459 10.232528 -4.5373998
-7.687633 11.210707 -4.6587272
-7.6268048 13.850192 -4.8746576
-11.136624 16.240295 -5.2429266
-9.2710199 15.046279 -5.0663905
-12.822346 16.868349 -5.4071131
-11.206618 20.351093 -5.5500312
-13.867664 22.50634 -5.9638705
-1.8342127 3.0002091 -3.7205021
-3.2184744 4.7287345 -3.9285293
-4.1081777 6.719718 -4.1305938
-5.4440842 7.9987054 -4.2677584
-6.2629824 10.244317 -4.5334949
-7.6462173 11.234183 -4.656878
-7.5726876 13.866242 -4.8705277
-11.102321 16.312054 -5.248683
-9.2205238 15.081947 -5.0655417
-12.76339 16.913002 -5.4059806
-11.143171 20.404106 -5.5501351
-13.797356 22.568239 -5.9640417
-1.8213238 3.0038123 -3.7180762
-3.2011204 4.7405 -3.9280868
-4.0855532 6.7380848 -4.131041
-5.4147296 8.0186062 -4.2670093
-6.2274475 10.270597 -4.533267
-7.6049886 11.262135 -4.6558266
-7.5142269 13.879897 -4.8654923
-11.042457 16.352638 -5.2471561
-9.1837845 15.146327 -5.0706596
-12.686953 16.940502 -5.4005699
-11.081614 20.469393 -5.5520582
-13.729037 22.642569 -5.9659834
-1.8126966 3.0132577 -3.7198315
-3.1866987 4.7548442 -3.9291589
-4.0640306 6.7556648 -4.1315131
-5.3933091 8.047308 -4.2694306
-6.1854239 10.282071 -4.5293326
-7.5678458 11.291915 -4.6556721
-7.4732695 13.920076 -4.8669176
-10.98531 16.391081 -5.2456746
-9.1308603 15.17829 -5.0689998
-12.61822 16.971869 -5.3965878
-10.972323 20.437584 -5.5362334
-13.664333 22.714312 -5.9680061
-1.8003103 3.0164537 -3.7174132
-3.1679492 4.7627311 -3.9272203
-4.0384159 6.7664418 -4.1295538
-5.3586202 8.0562105 -4.2655439
-6.1555982 10.313821 -4.5310001
-7.5283861 11.318261 -4.6546335
-7.4227653 13.942561 -4.864327
-10.941291 16.449263 -5.2484708
-9.0778265 15.21007 -5.0673165
-12.558904 17.01581 -5.39537
-10.919686 20.511007 -5.540205
-13.595204 22.77902 -5.9687028
-1.7916161 3.0258393 -3.7191584
-3.1513038 4.7737608 -3.9267757
-4.0207653 6.7906232 -4.1324244
-5.3304639 8.0748682 -4.264792
-6.1235991 10.342074 -4.5317135
-7.4866376 11.341153 -4.6527119
-7.3759069 13.971911 -4.8633122
-10.888198 16.494017 -5.2483683
-9.0185804 15.231374 -5.0633354
-12.511224 17.075647 -5.3976121
-10.82751 20.510157 -5.5302796
-13.519671 22.833214 -5.9674315
-1.7792062 3.0289495 -3.7167315
-3.1325092 4.7815108 -3.9248228
-3.995049 6.8012362 -4.130444
-5.3022432 8.0934267 -4.2640266
-6.0934877 10.373652 -4.5333452
-7.4404635 11.35724 -4.649044
-7.3289342 14.001103 -4.8622761
-10.84586 16.555288 -5.2518206
-8.963335 15.259327 -5.0608487
-12.430405 17.090164 -5.390059
-10.742881 20.523064 -5.5229721
-13.445951 22.890606 -5.9667664
-1.7704481 3.0382733 -3.7184668
-3.1220996 4.802104 -3.9288642
-3.9732599 6.8185282 -4.1308722
-5.2761159 8.1151981 -4.2642965
-6.0572419 10.394858 -4.5321541
-7.3942742 11.373139 -4.64536
-7.2873583 14.040738 -4.8636093
-10.801059 16.613117 -5.2545266
-8.9140329 15.297409 -5.0606108
-12.356657 17.114029 -5.3845735
-10.682219 20.581701 -5.5242071
-13.353904 22.916691 -5.9602866
-1.7585487 3.0409892 -3.7160492
-3.0998924 4.8027215 -3.9239197
-3.9506278 6.8316655 -4.1301203
-5.2320304 8.1060829 -4.2551641
-6.0247264 10.418322 -4.5319424
-7.3608332 11.404278 -4.6460342
-7.2407603 14.064825 -4.8618264
-10.741583 16.642138 -5.2515569
-8.8652544 15.330335 -5.0596809
-12.330078 17.197083 -5.3923717
-10.623053 20.634764 -5.5248866
-13.285838 22.974676 -5.9603257
-1.7515301 3.0533988 -3.719857
-3.0831077 4.8135138 -3.923445
-3.9267554 6.8454151 -4.1293187
-5.205833 8.1276264 -4.2554107
-5.9962182 10.453058 -4.5344558
-7.3145428 11.419858 -4.6423173
-7.1807537 14.068732 -4.8551536
-10.679119 16.672815 -5.2484813
-8.8156509 15.368105 -5.0593948
-12.263026 17.230265 -5.3889222
-10.556399 20.68239 -5.5240774
-13.197605 23.007057 -5.9550653
-1.7372761 3.0531919 -3.7153308
-3.0662878 4.8242459 -3.9229629
-3.8970189 6.8488522 -4.1248827
-5.1837931 8.155755 -4.2577376
-5.9577336 10.470474 -4.5322824
-7.2767715 11.448676 -4.6420364
-7.1441908 14.118587 -4.8588085
-10.625138 16.716722 -5.2482419
-8.7501259 15.37799 -5.0530357
-12.202808 17.272963 -5.3875346
-13.107343 23.035622 -5.9491324
-1.7278541 3.0626969 -3.7170279
-3.0465293 4.8321939 -3.9209492
-3.8718884 6.863091 -4.1240201
-5.1454315 8.1613274 -4.2526813
-5.9232135 10.499154 -4.5328298
-7.2368779 11.478635 -4.6416783
-7.1102443 14.180282 -4.8647237
-10.551023 16.735302 -5.2421694
-8.69174 15.406489 -5.0503435
-12.157745 17.343725 -5.3916163
-10.311476 20.564642 -5.4827986
-13.022818 23.083513 -5.9462314
-1.7189237 3.0718729 -3.7187378
-3.0337298 4.8493295 -3.923449
-3.8498244 6.8799863 -4.1243954
-5.1273937 8.1959915 -4.2570724
-5.884593 10.516303 -4.5306244
-7.2030954 11.51394 -4.643084
-7.039432 14.162215 -4.8532238
-10.498894 16.782179 -5.2425909
-8.6418056 15.443692 -5.0499864
-12.097133 17.386055 -5.3901687
-10.22719 20.575476 -5.4753537
-12.940216 23.125341 -5.9427934
-1.7087269 3.0775564 -3.7183805
-3.0155995 4.8560915 -3.9214706
-3.8326988 6.9030027 -4.1272149
-5.1064405 8.2230225 -4.2593985
-5.8670201 10.566981 -4.5377917
-7.1564808 11.524251 -4.6384954
-6.9994698 14.199772 -4.8545203
-10.430551 16.796564 -5.2366438
-8.5847359 15.461808 -5.0459251
-12.055292 17.449068 -5.3936362
-10.217161 20.727478 -5.4942713
-12.865393 23.171619 -5.940742
-1.6962258 3.0803261 -3.7159193
-2.9966104 4.863308 -3.9194601
-3.8085809 6.9163389 -4.1263614
-5.0652676 8.2206078 -4.2522573
-5.830101 10.587396 -4.5364847
-7.1057806 11.53223 -4.6329703
-6.9498644 14.224116 -4.85252
-10.380233 16.846458 -5.2377262
-8.5460997 15.519618 -5.0500474
-11.992056 17.487747 -5.3914356
-10.185072 20.845537 -5.5064282
-12.836459 23.31086 -5.9551296
-1.6854635 3.0862284 -3.7155344
-2.9836349 4.880311 -3.9219356
-3.7825367 6.9261489 -4.1242914
-5.0406661 8.2449818 -4.253469
-5.7912083 10.604199 -4.5342302
-7.0571866 11.543391 -4.6282926
-6.8967013 14.241119 -4.8489127
-10.340099 16.913229 -5.2423468
-8.4918766 15.549355 -5.0481081
-11.939927 17.5427 -5.3926826
-10.127913 20.913305 -5.5093617
-12.756929 23.359032 -5.9528556
-1.6764061 3.0952811 -3.7172246
-2.9685779 4.8939905 -3.9229047
-3.7564671 6.9358625 -4.1222115
-5.018002 8.272666 -4.2557111
-5.7560444 10.62784 -4.533823
-7.0168467 11.567956 -4.6270432
-6.8555608 14.283061 -4.8508348
-10.285132 16.956045 -5.2419424
-8.4394417 15.582409 -5.0468988
-11.883082 17.590891 -5.392509
-10.044477 20.926933 -5.5024381
-12.658187 23.371811 -5.9441638
-1.6655906 3.101114 -3.71683
-2.9514756 4.9043236 -3.9223688
-3.7359436 6.9558434 -4.1237373
-4.9870543 8.286746 -4.2537603
-5.7189088 10.647868 -4.5324683
-6.9846239 11.60601 -4.6292186
-6.8073692 14.310502 -4.8495636
-10.240281 17.015778 -5.2450743
-8.3831081 15.608262 -5.0441594
-11.832717 17.648844 -5.3943892
-9.9439163 20.904173 -5.4889512
-12.57463 23.412334 -5.940547
-1.6547561 3.1069093 -3.7164309
-2.940263 4.9245176 -3.9263151
-3.7116416 6.9688416 -4.1228423
-4.9580994 8.3041029 -4.2528419
-5.6779776 10.660762 -4.5292377
-6.9583421 11.654222 -4.6339536
-6.7607746 14.341381 -4.8490624
-10.191052 17.068546 -5.2467499
-8.3304501 15.640947 -5.0429029
-11.777677 17.700006 -5.3948493
-9.8657818 20.927919 -5.4839463
-12.492833 23.456085 -5.9375339
-1.6444448 3.1123791 -3.7160475
-2.9160631 4.9209847 -3.9198053
-3.6903458 6.9845791 -4.1231866
-4.9244919 8.310297 -4.2488265
-5.6481571 10.690056 -4.5307112
-6.9115505 11.663546 -4.6292729
-6.7165551 14.370936 -4.8486447
-10.136434 17.105679 -5.2456441
-8.2822657 15.675533 -5.0424771
-11.725521 17.748957 -5.3953629
-9.7861881 20.93881 -5.4771099
-12.407522 23.483253 -5.9320922
-1.6318873 3.1148894 -3.7135613
-2.9027708 4.9377761 -3.9222393
-3.6677608 7.0008936 -4.1234746
-4.8854365 8.310401 -4.2426672
-5.6034393 10.695648 -4.5255923
-6.8748231 11.69446 -4.6296697
-6.6629992 14.387068 -4.8449378
-10.072614 17.134081 -5.2422814
-8.2293444 15.707884 -5.0411735
-11.656923 17.779766 -5.391603
-9.7046432 20.954731 -5.4707503
-12.318054 23.51227 -5.9264674
-1.6243473 3.1270006 -3.7173042
-2.8893991 4.9545326 -3.9246638
-3.6414943 7.0101724 -4.121345
-4.8603816 8.3342314 -4.2438002
-5.560585 10.704578 -4.5213909
-6.8199368 11.694335 -4.6223145
-6.6077576 14.399376 -4.8404222
-10.026817 17.193262 -5.2452946
-8.1744661 15.736511 -5.0390949
-11.594792 17.820345 -5.3898964
-9.6547585 21.039286 -5.4767518
-12.23407 23.551579 -5.92272
-1.610647 3.1259251 -3.7127533
-2.8710225 4.9607544 -3.9226229
-3.6164289 7.0187235 -4.1192522
-4.8327155 8.3503056 -4.2428823
-5.5268707 10.726487 -4.5209608
-6.7811165 11.716889 -4.621026
-6.5698619 14.442964 -4.8431039
-9.9697428 17.226421 -5.2434006
-8.1258841 15.770622 -5.0385995
-11.529132 17.84864 -5.3861699
-9.5783167 21.05665 -5.4711432
-12.154065 23.58847 -5.9190965
-1.5958825 3.1253498 -3.7081575
-2.8509047 4.9679017 -3.9205174
-3.5924652 7.0354238 -4.119462
-4.8079805 8.3782444 -4.2449803
-5.4875216 10.746671 -4.519443
-6.746047 11.755461 -4.6230173
-6.5217924 14.477838 -4.843174
-9.918457 17.283609 -5.245542
-8.0625916 15.789645 -5.0341177
-11.459332 17.884052 -5.3829346
-9.4912395 21.069765 -5.4638906
-12.082066 23.661318 -5.9208384
-1.5849625 3.1309021 -3.7077324
-2.8316393 4.9744763 -3.9184341
-3.5661113 7.0444221 -4.1173029
-4.7806592 8.3984127 -4.245029
-5.4607258 10.787004 -4.5235457
-6.7128377 11.792763 -4.6250548
-6.466342 14.489607 -4.8385997
-9.8580618 17.318127 -5.2434926
-8.0074215 15.817695 -5.0319695
-11.403256 17.934055 -5.3832211
-9.4257669 21.121006 -5.4639263
-11.995784 23.696222 -5.9163508
-1.5827051 3.1523392 -3.7177036
-2.8170235 4.9871926 -3.9193621
-3.5409734 7.0527034 -4.1151834
-4.7547288 8.4176598 -4.2451148
-5.4284883 10.812144 -4.523994
-6.66783 11.80457 -4.6211405
-6.427927 14.532824 -4.8412104
-9.8025455 17.354197 -5.2422318
-7.9531398 15.840597 -5.0291591
-11.35225 17.985268 -5.3842607
-9.3653717 21.174055 -5.4647398
-11.91356 23.728731 -5.9119954
-1.5716923 3.1578441 -3.7172675
-2.8052468 5.0070758 -3.923239
-3.51983 7.0720425 -4.1166096
-4.7156591 8.4169636 -4.2388911
-5.388947 10.827472 -4.5215712
-6.6188107 11.813893 -4.6162834
-6.3691697 14.53693 -4.8350234
-9.7380095 17.381342 -5.2387123
-7.8906951 15.853984 -5.0239725
-11.291523 18.028166 -5.3831048
-9.2882023 21.199301 -5.4601631
-11.816424 23.74156 -5.9036441
-1.5569001 3.1570814 -3.7126546
-2.7906156 5.0240593 -3.9255819
-3.4938843 7.084897 -4.1155729
-4.6905327 8.4445572 -4.240931
-5.3492236 10.847153 -4.5199838
-6.5716009 11.831121 -4.6130524
-6.3269367 14.585753 -4.8381481
-9.6684227 17.406456 -5.2343535
-7.8466363 15.911406 -5.0276346
-11.231684 18.079605 -5.3832073
-9.2040787 21.21855 -5.4540949
-11.736388 23.799042 -5.9026952
-1.5474632 3.1657534 -3.7142847
-2.7674866 5.0236483 -3.9204829
-3.4725788 7.1040969 -4.1169748
-4.6629362 8.4643412 -4.2409272
-5.3130727 10.869324 -4.519382
-6.5302649 11.853988 -4.6115894
-6.274416 14.604092 -4.8350692
-9.6056814 17.436604 -5.2314935
-7.7998052 15.956606 -5.0291324
-11.1727 18.125496 -5.3826818
-9.1252317 21.239542 -5.4488158
-11.655003 23.843452 -5.8999767
-1.5369571 3.1708672 -3.7138577
-2.7526608 5.0361772 -3.9213793
-3.4507139 7.1191025 -4.1172166
-4.6348438 8.4797564 -4.2399235
-5.2804627 10.894023 -4.5197654
-6.4890151 11.872087 -4.6093278
-6.2275152 14.62848 -4.8336582
-9.5420685 17.457851 -5.2273011
-7.7416334 15.971618 -5.0247383
-11.116703 18.169254 -5.3822246
-9.0484953 21.254986 -5.4430318
-11.582844 23.896347 -5.8992882
-1.5274484 3.179481 -3.7154772
-2.7313919 5.0389829 -3.9177604
-3.4241419 7.1275697 -4.1149979
-4.6070967 8.4993591 -4.2398934
-5.2492733 10.926696 -4.521903
-6.4626923 11.922637 -4.6146736
-6.177958 14.653801 -4.8321104
-9.4753618 17.480532 -5.2229776
-7.6823783 15.99136 -5.0209584
-11.038708 18.184065 -5.3754301
-8.9726906 21.282764 -5.4389958
-11.509732 23.958241 -5.8996558
-1.5132231 3.1782475 -3.7108719
-2.7156086 5.0518804 -3.9186103
-3.3992393 7.1394792 -4.1139688
-4.581141 8.5223532 -4.2408886
-5.2076855 10.937789 -4.5184784
-6.4191494 11.941623 -4.6123004
-6.1313682 14.686305 -4.8321104
-9.4161711 17.517019 -5.2214589
-7.6213655 16.00728 -5.0164108
-10.973102 18.21907 -5.3727508
-8.9137239 21.350807 -5.44204
-11.422591 23.991058 -5.8949356
-1.5021203 3.1835098 -3.7104094
-2.6943347 5.0545292 -3.9149787
-3.3759727 7.1548481 -4.1141281
-4.5588031 8.5522423 -4.2439461
-5.1627035 10.941545 -4.5131931
-6.3680739 11.946406 -4.6064925
-6.0800691 14.707617 -4.8297358
-9.3681097 17.574425 -5.2241521
-7.556941 16.015759 -5.0103531
-10.903297 18.246977 -5.3686652
-8.8406706 21.385479 -5.4392328
-11.337077 24.02717 -5.8908138
-1.4909993 3.1887338 -3.7099426
-2.6766756 5.0639033 -3.9143226
-3.3559623 7.177247 -4.1166706
-4.528924 8.5681038 -4.242836
-5.1278424 10.966688 -4.5134335
-6.3244786 11.965047 -4.6040878
-6.0332217 14.739806 -4.8296905
-9.301116 17.596437 -5.2197528
-7.4976153 16.034817 -5.0065131
-10.829364 18.267757 -5.3631768
-8.753871 21.386642 -5.4305911
-11.251451 24.062977 -5.8866591
-1.4829066 3.2004976 -3.713614
-2.6625581 5.0800395 -3.9166391
-3.3325357 7.1924777 -4.116806
-4.5044904 8.5943623 -4.2448254
-5.0945315 10.995323 -4.5145783
-6.2863636 11.994097 -4.6042266
-5.9832253 14.764468 -4.8280559
-9.2470407 17.642933 -5.2202687
-7.4449458 16.068127 -5.005631
-10.727077 18.240072 -5.3480234
-8.6821585 21.424473 -5.4283729
-11.16906 24.105732 -5.8837295
-1.4747515 3.2122433 -3.7172794
-2.641258 5.0824661 -3.9129877
-3.3057737 7.200501 -4.1145377
-4.4744649 8.610033 -4.2436886
-5.0660553 11.034675 -4.5184703
-6.246295 12.019494 -4.6034932
-5.9301715 14.781567 -4.8248367
-9.1982841 17.699888 -5.2228708
-7.3904786 16.097637 -5.0039802
-10.741798 18.411873 -5.3727717
-8.5984039 21.432413 -5.4209738
-11.066519 24.104639 -5.87322
-1.4620279 3.214072 -3.7147262
-2.6217349 5.0882316 -3.91082
-3.2806175 7.211997 -4.1134558
-4.4425702 8.6220875 -4.2415028
-5.0258608 11.04868 -4.5158911
-6.2042971 12.041226 -4.6018887
-5.8829446 14.813284 -4.8247237
-9.1364384 17.731892 -5.2205076
-7.3243332 16.101564 -4.9971004
-10.681458 18.456169 -5.3720131
-8.5161629 21.443739 -5.4141951
-10.982305 24.143124 -5.8695984
-1.4493109 3.2158508 -3.7121694
-2.6057112 5.1007819 -3.9116232
-3.2554243 7.2234044 -4.1123638
-4.4214387 8.6551399 -4.2455211
-4.9742227 11.037215 -4.5068536
-6.171277 12.080518 -4.604527
-5.8312035 14.833727 -4.8222451
-9.059968 17.735245 -5.2124853
-7.2631726 16.116127 -4.9924335
-10.624923 18.507187 -5.3725991
-8.4383402 21.4659 -5.4093218
-10.916021 24.221369 -5.8728485
-1.4365978 3.2175803 -3.7096093
-2.5896292 5.1132836 -3.9124179
-3.2349854 7.2454691 -4.1148462
-4.3965545 8.6810999 -4.2474508
-4.9453683 11.076252 -4.5106902
-6.1254735 12.094892 -4.601181
-5.7822728 14.861417 -4.8213067
-9.0034103 17.777445 -5.2121854
-7.2084937 16.145025 -4.9907174
-10.55235 18.530291 -5.3676581
-8.3488741 21.458015 -5.3992867
-10.826514 24.248386 -5.8672719
-1.4253584 3.2225749 -3.7091148
-2.5700376 5.1188488 -3.910229
-3.2096763 7.2567167 -4.1137328
-4.3733211 8.7105227 -4.2504005
-4.9098883 11.100704 -4.5108271
-6.0778661 12.105536 -4.5969691
-5.7275028 14.874075 -4.8172278
-8.9502563 17.826591 -5.213263
-7.1666117 16.202902 -4.9949131
-10.49546 18.580912 -5.368185
-8.2681856 21.472116 -5.3930836
-10.74989 24.304293 -5.8666778
-1.4155563 3.2308509 -3.7106843
-2.5521548 5.1277885 -3.9095206
-3.1827533 7.2642832 -4.1114154
-4.3446517 8.7292719 -4.2502298
-4.8727036 11.121408 -4.5100269
-6.0338035 12.123116 -4.5944433
-5.6812224 14.908861 -4.8178048
-8.8755331 17.832716 -5.2058773
-7.1164122 16.242424 -4.9953694
-10.436393 18.62788 -5.3679948
-8.1718578 21.444874 -5.3798094
-10.664991 24.341665 -5.8629141
-1.4077214 3.2421784 -3.7143416
-2.5419545 5.1500401 -3.9147882
-3.1586447 7.2747989 -4.1103387
-4.3139286 8.7400885 -4.2480388
-4.8389544 11.144786 -4.5102158
-5.9935656 12.143059 -4.5928359
-5.6345606 14.935075 -4.8169293
-8.8198767 17.869211 -5.2049179
-7.0482168 16.233025 -4.9862952
-10.376498 18.665878 -5.3665161
-8.1204281 21.524164 -5.3852715
-10.585798 24.380568 -5.8599324
-1.3926646 3.2368383 -3.7076552
-2.52317 5.1549816 -3.9126139
-3.1376052 7.2924385 -4.1116385
-4.2901363 8.7649956 -4.2499719
-4.7941313 11.142546 -4.5039635
-5.9585128 12.173584 -4.5937629
-5.5780387 14.935022 -4.8105898
-8.7693472 17.916279 -5.206039
-6.9959259 16.259968 -4.9846134
-10.306834 18.686201 -5.3615856
-8.0420256 21.532269 -5.3785415
-10.519104 24.448557 -5.8619194
-1.3813565 3.2416804 -3.7071431
-2.5034776 5.1602926 -3.9103966
-3.1105907 7.2997384 -4.109293
-4.2681384 8.7976999 -4.2538943
-4.7567601 11.162865 -4.503118
-5.9211869 12.205045 -4.5945835
-5.5300083 14.96561 -4.8103237
-8.7084904 17.950373 -5.2041984
-6.9359946 16.276955 -4.9805617
-10.233876 18.708059 -5.3565154
-7.9723454 21.575193 -5.3773527
-10.435258 24.488806 -5.8586764
-1.3708755 3.2500613 -3.7086673
-2.4795427 5.159018 -3.9051652
-3.0853412 7.3147044 -4.1092629
-4.241003 8.8239698 -4.2556705
-4.7173591 11.18388 -4.5021672
-5.8781385 12.230247 -4.5935984
-5.4778571 14.993258 -4.8091273
-8.6443729 17.985765 -5.2022028
-6.894887 16.346348 -4.9867072
-10.176661 18.766495 -5.3581471
-7.8945904 21.608019 -5.3740273
-10.343884 24.523205 -5.8539548
-1.3600893 3.2545898 -3.7081716
-2.4624197 5.1672125 -3.904458
-3.0625777 7.3285151 -4.1093383
-4.2168164 8.8486891 -4.2575574
-4.6833019 11.206784 -4.5022941
-5.8307023 12.235314 -4.5885296
-5.4226851 14.99636 -4.8035164
-8.5812435 18.00713 -5.1983371
-6.8421745 16.372801 -4.9849534
-10.089782 18.754442 -5.3469868
-7.8323908 21.660366 -5.3748751
-10.28252 24.605288 -5.8583169
-1.3514934 3.2660167 -3.7117767
-2.4460137 5.1792593 -3.9051912
-3.0384793 7.3427844 -4.1093445
-4.184217 8.8597813 -4.255239
-4.6487088 11.234062 -4.5032301
-5.7811661 12.241206 -4.5833597
-5.3823795 15.048947 -4.8078351
-8.5115223 18.022541 -5.1929202
-6.7682171 16.356062 -4.9741907
-10.035533 18.810677 -5.3486791
-7.763463 21.706375 -5.3742228
-10.18283 24.607809 -5.8487382
-1.3381391 3.2675936 -3.7091537
-2.4286454 5.191679 -3.9058776
-3.0130312 7.3575025 -4.1092796
-4.1550641 8.8822184 -4.2559371
-4.6059966 11.247355 -4.5003948
-5.7328887 12.255111 -4.5797811
-5.3258548 15.064819 -4.8042436
-8.4369516 18.035547 -5.1866498
-6.7036867 16.369692 -4.9691834
-9.9721146 18.857924 -5.348166
-7.6785231 21.719624 -5.3676152
-10.104673 24.67454 -5.8495078
-1.3259341 3.2686539 -3.7065806
-2.4114168 5.1997037 -3.9051487
-2.9915664 7.3747225 -4.1105123
-4.1305771 8.9067039 -4.257782
-4.5716591 11.26992 -4.500473
-5.693893 12.277661 -4.578907
-5.2692971 15.063601 -4.7978096
-8.3687067 18.045322 -5.180624
-6.6568632 16.410305 -4.9703188
-9.9095287 18.890886 -5.34582
-7.5959129 21.714815 -5.3588319
-10.030307 24.726421 -5.848774
-1.3172171 3.2799904 -3.7101688
-2.3932502 5.2080903 -3.9043741
-2.9701884 7.3960395 -4.1128607
-4.1077108 8.9390268 -4.2616053
-4.5293312 11.278446 -4.4967861
-5.65764 12.311917 -4.5804625
-5.2179813 15.085669 -4.7958651
-8.3156567 18.096182 -5.1821251
-6.599535 16.433443 -4.9676113
-9.8490467 18.935987 -5.3453693
-7.4887342 21.650625 -5.3396797
-9.9305305 24.727924 -5.8391075
-1.3025101 3.2780583 -3.7054703
-2.36936 5.2063084 -3.8991063
-2.9401662 7.3995862 -4.1091952
-4.0749221 8.9540215 -4.2601962
-4.4923615 11.306033 -4.4975581
-5.6174216 12.34343 -4.581058
-5.157505 15.089615 -4.7899013
-8.2393627 18.104746 -5.175087
-6.5348468 16.446404 -4.9625382
-9.7960424 19.003889 -5.3488517
-7.4145007 21.693041 -5.3380899
-9.8442621 24.775288 -5.8366542
-1.2929606 3.2857325 -3.7070124
-2.3520834 5.2141361 -3.8983579
-2.9170499 7.4129443 -4.1092067
-4.046834 8.9710855 -4.2599378
-4.451941 11.313482 -4.493937
-5.5748258 12.358363 -4.5784392
-5.1112676 15.117953 -4.7895989
-8.1891279 18.15379 -5.1766667
-6.4700565 16.442013 -4.9547815
-9.7257042 19.022053 -5.3436966
-7.3438063 21.721289 -5.3349609
-9.773757 24.837532 -5.8376751
-1.2822233 3.293828 -3.7084935
-2.3345268 5.2262402 -3.8990045
-2.8927038 7.4308963 -4.1102691
-4.0203724 9.0002956 -4.2626152
-4.4075627 11.322329 -4.4901128
-5.5165138 12.349666 -4.5697055
-5.0520339 15.125254 -4.7843709
-8.1225319 18.183685 -5.1737604
-6.4082994 16.461903 -4.9511409
-9.6450891 19.036207 -5.3368983
-7.2641392 21.748062 -5.3307724
-9.681201 24.869467 -5.832665
-1.2744788 3.3046045 -3.7121146
-2.3196573 5.2370701 -3.8997629
-2.8665237 7.4326282 -4.1067643
-3.998481 9.0273361 -4.2654829
-4.3776851 11.350928 -4.4920321
-5.4760799 12.363297 -4.5671544
-5.0007448 15.129707 -4.7795467
-8.0572891 18.19087 -5.1677675
-6.3622932 16.496832 -4.9515653
-9.590621 19.077114 -5.3365917
-7.209568 21.812481 -5.3341103
-9.6030293 24.899757 -5.8288732
-1.2616439 3.3056462 -3.7094903
-2.2982681 5.2380791 -3.8959923
-2.8405631 7.4425883 -4.1054974
-3.9701235 9.0484753 -4.2661405
-4.340868 11.373553 -4.4919181
-5.4392848 12.396902 -4.5686154
-4.9429584 15.131925 -4.7736592
-7.9937463 18.218882 -5.1649537
-6.3075161 16.526388 -4.9502192
-9.54 19.142628 -5.3400736
-7.1346292 21.841307 -5.3306909
-9.5089369 24.914463 -5.8215394
-1.2502207 3.3138583 -3.7109263
-2.2796714 5.2503996 -3.8965735
-2.8147316 7.4607801 -4.106461
-3.9337747 9.060029 -4.2635622
-4.2943606 11.382713 -4.4879503
-5.3916411 12.417698 -4.5664892
-4.8909268 15.169747 -4.7743926
-7.9269066 18.256765 -5.163219
-6.2397866 16.539295 -4.944901
-9.4540539 19.154062 -5.3323822
-7.0556087 21.883745 -5.3287244
-9.4272966 24.988169 -5.8230047
-1.2372648 3.3109779 -3.7062912
-2.2646871 5.2610741 -3.8973107
-2.7912769 7.4695868 -4.1053009
-3.9068522 9.0759735 -4.2633076
-4.2585764 11.39615 -4.4861808
-5.3557448 12.441882 -4.5664186
-4.8444514 15.188833 -4.7725954
-7.8647733 18.270584 -5.1585555
-6.1863961 16.555084 -4.9415979
-9.3955841 19.187256 -5.330636
-6.9892449 21.913412 -5.3262835
-9.3221731 24.946569 -5.8074079
-1.2231861 3.308476 -3.7015972
-2.2463098 5.2689471 -3.8964789
-2.7706285 7.4940009 -4.1087375
-3.8782494 9.0968275 -4.2639241
-4.220149 11.414666 -4.4851089
-5.3169632 12.471477 -4.5669761
-4.7878151 15.194253 -4.7674241
-7.7993879 18.294254 -5.154973
-6.136869 16.599014 -4.9431071
-9.3302965 19.223524 -5.3285937
-6.9091148 21.926252 -5.3202567
-9.2599754 25.046396 -5.8141561
-1.2122971 3.3163414 -3.7030485
-2.2284815 5.2806931 -3.8970754
-2.7377577 7.489368 -4.1026292
-3.8494937 9.1219034 -4.2654772
-4.1810107 11.43751 -4.4848289
-5.2727661 12.494543 -4.565731
-4.7309136 15.207894 -4.7636266
-7.7384934 18.337423 -5.1546855
-6.0746236 16.617647 -4.9393282
-9.2580509 19.253994 -5.3250299
-6.8227782 21.932358 -5.3127403
-9.166748 25.076414 -5.8089409
-1.1988255 3.3135257 -3.6983776
-2.2094707 5.2845006 -3.894793
-2.7129049 7.4984064 -4.101377
-3.8222706 9.1419144 -4.2661362
-4.1471062 11.462505 -4.4856381
-5.2374372 12.526638 -4.5671887
-4.6792817 15.219695 -4.7601004
-7.6776376 18.362986 -5.1518908
-6.0249057 16.6527 -4.9394689
-9.1889925 19.273781 -5.3203607
-6.7593923 21.985401 -5.3137817
-9.0862522 25.114189 -5.8059764
-1.1884741 3.3211033 -3.6998484
-2.1910121 5.2921805 -3.8939395
-2.6880376 7.5115232 -4.1012311
-3.788826 9.1515474 -4.2636352
-4.1070724 11.476911 -4.4836087
-5.1967244 12.552192 -4.5668449
-4.6249728 15.232124 -4.756412
-7.6028118 18.363865 -5.1440816
-5.9694304 16.681135 -4.9379783
-9.1267796 19.316566 -5.3195896
-6.6895738 22.031788 -5.3133216
-9.0066128 25.168316 -5.805212
-1.1762927 3.3254375 -3.6992269
-2.1745198 5.3073044 -3.8959877
-2.6604865 7.5213265 -4.0998254
-3.753757 9.1617155 -4.2610483
-4.0623302 11.484407 -4.4796491
-5.1491718 12.567475 -4.5638609
-4.5668225 15.241344 -4.7517934
-7.5324221 18.384222 -5.1395612
-5.900269 16.680351 -4.9304862
-9.0559139 19.34989 -5.3166165
-6.6145029 22.075287 -5.3119841
-8.9103022 25.189865 -5.7986636
-1.1676545 3.3361628 -3.7027731
-2.1583581 5.3180547 -3.8966377
-2.6394191 7.541213 -4.1020856
-3.7233572 9.1741123 -4.2596231
-4.0189834 11.482833 -4.4740715
-5.1074715 12.58448 -4.5619054
-4.5173898 15.260223 -4.7497458
-7.4759221 18.420191 -5.1387725
-5.8475604 16.70735 -4.929101
-8.9732208 19.339979 -5.3064685
-6.539 22.089437 -5.3066602
-1.1536299 3.3333671 -3.6980603
-2.141216 5.3291316 -3.8972354
-2.6156428 7.5577941 -4.1030846
-3.6957293 9.1980581 -4.2611761
-3.9814684 11.504292 -4.4738097
-5.066474 12.609614 -4.5615058
-4.4663234 15.283545 -4.748292
-7.402647 18.423962 -5.1315937
-5.7905045 16.73143 -4.926815
-8.895648 19.349426 -5.2995386
-6.458487 22.100634 -5.3004732
-8.6497974 24.99324 -5.7482271
-1.1431617 3.3408034 -3.6995106
-2.1211784 5.3329935 -3.8948762
-2.5867074 7.5594559 -4.0993557
-3.6665232 9.2182465 -4.2616916
-3.9438589 11.525628 -4.4735312
-5.0224304 12.627221 -4.5594125
-4.417366 15.314349 -4.7483416
-7.3294463 18.427443 -5.1243987
-5.7294884 16.743996 -4.9223275
-8.8214369 19.365828 -5.2939372
-6.390161 22.153734 -5.3011279
-8.572854 25.053514 -5.7485819
-1.1326554 3.348207 -3.7009552
-2.102551 5.3403649 -3.893985
-2.5577915 7.561007 -4.0956197
-3.6386688 9.2420206 -4.2632132
-3.9048762 11.543082 -4.4723315
-4.9841528 12.659477 -4.5606489
-4.3617039 15.322011 -4.7437968
-7.2533879 18.42321 -5.115808
-5.6786742 16.786551 -4.9236259
-8.7570705 19.403774 -5.292357
-6.3040495 22.14518 -5.2917705
-8.5339947 25.227072 -5.7672038
-1.1198106 3.3487027 -3.698287
-2.0866926 5.3548503 -3.8960326
-2.5338693 7.5773306 -4.0965867
-3.6078186 9.2583494 -4.2626781
-3.8645566 11.556643 -4.4702125
-4.9384847 12.673093 -4.557682
-4.314652 15.36015 -4.7453218
-7.1788874 18.422392 -5.1078901
-5.6187749 16.802492 -4.9198194
-8.6778755 19.408718 -5.2846861
-6.224545 22.159365 -5.2861328
-8.464879 25.313536 -5.771718
-1.1086673 3.3562264 -3.6996906
-2.0670531 5.362462 -3.8950801
-2.5060816 7.5865664 -4.0951176
-3.5767057 9.2788858 -4.2630706
-3.8283992 11.589568 -4.4724822
-4.8977275 12.705952 -4.5587702
-4.2562022 15.368185 -4.7405858
-7.1170621 18.46347 -5.1073632
-5.552155 16.807829 -4.9136643
-8.6034536 19.433092 -5.280211
-6.1454201 22.189724 -5.2827358
-8.3707962 25.340597 -5.766201
-1.098117 3.3596933 -3.6991298
-2.050195 5.3689299 -3.8942573
-2.4810145 7.5906734 -4.0926733
-3.5531759 9.3048477 -4.2657228
-3.7944329 11.609082 -4.4723477
-4.8648767 12.739852 -4.5609956
-4.2089477 15.385322 -4.7385726
-7.0604415 18.489468 -5.105217
-5.5092287 16.855507 -4.9166446
-8.553586 19.485615 -5.2822118
-6.0588145 22.147295 -5.2687969
-8.2886572 25.359179 -5.7607489
-1.0852692 3.3600557 -3.6964505
-2.0287192 5.3688469 -3.8903935
-2.4520936 7.5918221 -4.0889049
-3.5206759 9.317193 -4.2641268
-3.7563281 11.629807 -4.4719815
-4.8260021 12.771637 -4.5621476
-4.1624827 15.426835 -4.7407827
-6.9930406 18.506535 -5.1006727
-5.4552627 16.889807 -4.916389
-8.4839287 19.51169 -5.2785048
-6.0033178 22.249269 -5.2773609
-8.1878138 25.349939 -5.749938
-1.0707443 3.3571033 -3.6916857
-2.0090289 5.376246 -3.8894203
-2.4266367 7.6082311 -4.0897574
-3.4878883 9.3337364 -4.2634549
-3.7160916 11.651058 -4.471488
-4.7722011 12.770612 -4.5556636
-4.1181974 15.488176 -4.7465949
-6.9112 18.494663 -5.0904617
-5.3945365 16.913485 -4.9137802
-8.3981571 19.509655 -5.2692485
-5.9340491 22.317434 -5.2800641
-8.0972795 25.387392 -5.7461529
-1.0617852 3.3675508 -3.6951845
-1.989852 5.3792667 -3.8870623
-2.4025714 7.6199794 -4.0895667
-3.452801 9.3341303 -4.258863
-3.6738524 11.651965 -4.4666996
-4.7325821 12.793828 -4.5552216
-4.0637779 15.490191 -4.7413297
-6.8442898 18.502512 -5.0846682
-5.3336205 16.916075 -4.9078598
-8.319314 19.504353 -5.2602825
-5.8610163 22.340853 -5.2763677
-7.9986267 25.368391 -5.7343235
-1.0478684 3.3643141 -3.6904449
-1.9737111 5.3934135 -3.889061
-2.3759596 7.6283193 -4.0881195
-3.4174829 9.3387012 -4.255198
-3.6343391 11.668506 -4.4653854
-4.6988311 12.840146 -4.5596437
-4.0086875 15.500424 -4.7374053
-6.7824073 18.533781 -5.0828018
-5.2769141 16.942202 -4.9060888
-8.2496319 19.529596 -5.2565074
-5.7839999 22.36504 -5.2724166
-7.900528 25.365644 -5.7246628
-1.0355296 3.3681324 -3.6897702
-1.9552393 5.4042344 -3.8895335
-2.3502877 7.6444745 -4.0889349
-3.3872638 9.3623152 -4.2565198
-3.5938766 11.689335 -4.4648409
-4.6530881 12.861023 -4.5581031
-3.9528286 15.518874 -4.7348146
-6.717144 18.566023 -5.0807447
-5.20892 16.942375 -4.8990908
-8.1702919 19.541288 -5.2498713
-5.7039552 22.393827 -5.2688227
-7.8415408 25.505159 -5.7371106
-1.0243555 3.3715475 -3.6891558
-1.9334129 5.3998084 -3.8842196
-2.3249261 7.6522255 -4.0875401
-3.3628621 9.3921022 -4.2600207
-3.5574028 11.70878 -4.4645023
-4.6144381 12.887615 -4.5584331
-3.9042575 15.543485 -4.7340322
-6.6501622 18.573168 -5.0748901
-5.1538706 16.963369 -4.896719
-8.0993385 19.55352 -5.2441974
-5.6355038 22.435858 -5.2681255
-7.7093153 25.374319 -5.707695
-1.0115377 3.3716307 -3.6864569
-1.9145509 5.4065256 -3.8832579
-2.2981987 7.660295 -4.0860624
-3.3313737 9.4075098 -4.2593622
-3.5142264 11.713527 -4.4604487
-4.5747299 12.918641 -4.5594592
-3.8576267 15.587947 -4.7368345
-6.5799561 18.581224 -5.0688524
-5.0980582 16.992714 -4.8955998
-8.0280008 19.574289 -5.2396812
-5.5504332 22.428261 -5.2591591
-7.6183915 25.393421 -5.7015882
-1.0002013 3.3787918 -3.6878166
-1.8972659 5.4207778 -3.885174
-2.2701049 7.6686678 -4.0845008
-3.2942576 9.4121962 -4.2555642
-3.4701412 11.722525 -4.4571652
-4.5326028 12.950336 -4.5603466
-3.8061199 15.625201 -4.7379365
-6.5052142 18.586388 -5.0619469
-5.0402646 17.026577 -4.8950062
-7.9546976 19.599884 -5.2356472
-5.4719672 22.463976 -5.2567039
-7.567215 25.562897 -5.7187023
-0.98840177 3.3822625 -3.6871572
-1.8808528 5.4346476 -3.8871293
-2.2444243 7.6803102 -4.0841737
-3.2575071 9.4124336 -4.2508278
-3.4280901 11.730757 -4.4539819
-4.4873724 12.96608 -4.5580115
-3.7487707 15.626772 -4.7324042
-6.4363837 18.597668 -5.0565524
-4.9830403 17.05172 -4.8931165
-7.8713541 19.59049 -5.2257447
-5.4009762 22.514 -5.2569036
-7.4700994 25.562315 -5.7095003
-0.97315979 3.3715892 -3.6783431
-1.8603264 5.4335651 -3.8832614
-2.2211201 7.6952462 -4.0850797
-3.2275586 9.4269218 -4.2502184
-3.3935747 11.757308 -4.4553714
-4.445642 12.98465 -4.5566058
-3.6932683 15.623611 -4.7262716
-6.3720956 18.611357 -5.0519872
-4.9297876 17.079639 -4.892087
-7.8048749 19.612772 -5.2219887
-5.326293 22.531784 -5.252398
-7.3886199 25.598459 -5.7065382
-0.96535659 3.388912 -3.6858587
-1.8388768 5.4327297 -3.8793402
-2.1920941 7.6954098 -4.0812254
-3.2009656 9.4568501 -4.2535572
-3.3546846 11.776717 -4.4548388
-4.4092116 13.026461 -4.5600309
-3.6387053 15.63641 -4.7229638
-6.3109231 18.644827 -5.0506306
-4.86795 17.089077 -4.8872862
-7.7290459 19.621332 -5.2153826
-5.2421737 22.526907 -5.2439547
-7.3003073 25.627939 -5.7020884
-0.95254093 3.3887706 -3.6831422
-1.8223476 5.4464207 -3.8812718
-2.1652205 7.7030134 -4.079699
-3.1704466 9.475462 -4.2538443
-3.3124843 11.784532 -4.4516106
-4.3637176 13.04177 -4.5576401
-3.5876615 15.664545 -4.7226372
-6.2470732 18.670525 -5.0478883
-4.8104291 17.113638 -4.8853269
-7.6561613 19.637032 -5.2100863
-5.159946 22.529497 -5.2367177
-7.2097292 25.649416 -5.6964068
-0.94420534 3.4023907 -3.688632
-1.8042752 5.452435 -3.880317
-2.1386132 7.7063723 -4.0770736
-3.1352797 9.4746675 -4.2491517
-3.2733839 11.795454 -4.4493794
-4.321691 13.059947 -4.55618
-3.5374446 15.684127 -4.7209544
-6.1788521 18.672201 -5.0412235
-4.7600441 17.15255 -4.8863711
-7.5852437 19.647419 -5.2042694
-5.0948658 22.589336 -5.2388611
-7.1235571 25.669336 -5.6909509
-0.92945224 3.3951759 -3.6818209
-1.7852327 5.4586987 -3.8793051
-2.1127377 7.7175736 -4.0766959
-3.0985038 9.4742823 -4.2443638
-3.2321928 11.806807 -4.4470162
-4.2760792 13.07495 -4.5537558
-3.4818158 15.692492 -4.7168398
-6.1099186 18.682274 -5.0357251
-4.6969876 17.157524 -4.880795
-7.5194693 19.681232 -5.2022505
-5.0125279 22.591387 -5.2315726
-7.0254788 25.663221 -5.6810246
-0.91570592 3.3913996 -3.6770523
-1.764984 5.4612317 -3.8768239
-2.0878317 7.7324739 -4.0774727
-3.0654156 9.4850397 -4.2425957
-3.1909621 11.818017 -4.4446387
-4.2340851 13.101149 -4.5537901
-3.4363613 15.747352 -4.721674
-6.0422182 18.695892 -5.0308843
-4.6349931 17.166117 -4.8759151
-7.4549623 19.718561 -5.2008653
-4.9379005 22.628252 -5.2297449
-6.9483562 25.733866 -5.6830239
-0.90759218 3.4085884 -3.6845329
-1.7447367 5.4636908 -3.874337
-2.0598159 7.7359252 -4.0747428
-3.0358922 9.506979 -4.2438397
-3.1496863 11.829084 -4.4422464
-4.1895337 13.119639 -4.552155
-3.3838735 15.770932 -4.7205
-5.9769154 18.716873 -5.0273743
-4.5832448 17.213013 -4.8781347
-7.3832836 19.736988 -5.1961365
-4.8672538 22.684397 -5.2309217
-6.8543658 25.742523 -5.6754289
-0.89601368 3.4153979 -3.6858456
-1.7223841 5.4627008 -3.8703318
-2.0294597 7.7358336 -4.0707626
-3.0010288 9.5180416 -4.2419548
-3.1083262 11.848224 -4.4414973
-4.14501 13.146284 -4.5520239
-3.3260515 15.783228 -4.7168951
-5.9058781 18.731041 -5.0223126
-4.5201292 17.229692 -4.8744574
-7.3178229 19.782633 -5.1958466
-4.7865543 22.713804 -5.2275577
-6.7630162 25.779062 -5.6717162
-0.8855902 3.4218607 -3.6872225
-1.7076966 5.4794154 -3.8737273
-2.0067418 7.7539139 -4.0727487
-2.9753273 9.5468102 -4.2452722
-3.0700099 11.86231 -4.4400835
-4.104939 13.171349 -4.5521207
-3.2696481 15.774673 -4.7098918
-5.8425388 18.746714 -5.0182586
-4.4599671 17.233011 -4.8689795
-7.2521758 19.806795 -5.1925611
-4.7120109 22.733465 -5.223444
-6.6744823 25.789749 -5.6649232
-0.87364107 3.4249306 -3.6865191
-1.6874273 5.4816608 -3.8712215
-1.9786955 7.7570701 -4.069993
-2.9431493 9.560914 -4.2444558
-3.0295677 11.876799 -4.4385333
-4.0566006 13.177996 -4.5479627
-3.216157 15.793795 -4.7079134
-5.7723742 18.75174 -5.0119839
-4.3997893 17.248472 -4.865438
-7.1639662 19.779444 -5.1798282
-4.635819 22.765423 -5.220871
-6.584425 25.812887 -5.6596236
-0.86019808 3.4245942 -3.6837378
-1.6662035 5.4841237 -3.8686574
-1.9483379 7.7566628 -4.0659881
-2.9046376 9.5602922 -4.239512
-2.9860132 11.887823 -4.435957
-4.0071139 13.188971 -4.5444841
-3.1590247 15.809383 -4.7049956
-5.7024417 18.768953 -5.0075302
-4.3433347 17.29155 -4.8666568
-7.0819988 19.779264 -5.1715322
-4.5562553 22.801844 -5.2186174
-6.4829526 25.809732 -5.6498728
-0.84796625 3.4239089 -3.6810243
-1.649117 5.4933081 -3.8691101
-1.9235499 7.7668886 -4.065619
-2.8683748 9.5547295 -4.2337403
-2.9503934 11.913067 -4.4371557
-3.9679325 13.217422 -4.5453482
-3.1127241 15.851034 -4.7076015
-5.6482053 18.814512 -5.0087962
-4.2898073 17.321337 -4.8660789
-7.0230389 19.821449 -5.1714826
-4.4852381 22.840336 -5.2174373
-6.4040561 25.858227 -5.6489305
-0.83858609 3.4374139 -3.6864223
-1.631025 5.5027246 -3.8695014
-1.8954948 7.7697453 -4.062839
-2.8372488 9.5722628 -4.2338934
-2.9125495 11.938712 -4.4382095
-3.9217672 13.231193 -4.5427828
-3.0588777 15.869626 -4.7055531
-5.5836248 18.83794 -5.005816
-4.2293139 17.336206 -4.8624659
-6.9590807 19.860914 -5.1705661
-4.4107676 22.883303 -5.2165699
-6.3241625 25.923115 -5.6500449
-0.82488912 3.4332702 -3.6816285
-1.6139716 5.5157781 -3.871341
-1.8683635 7.7763138 -4.0612106
-2.8071501 9.5934887 -4.2350354
-2.8708603 11.948806 -4.4357076
-3.8766775 13.248618 -4.5410204
-3.002727 15.876292 -4.7012625
-5.525682 18.884121 -5.0068378
-4.1678457 17.346987 -4.8581262
-6.8871017 19.877541 -5.1656713
-4.3382883 22.937794 -5.2174711
-6.2364402 25.956682 -5.6463842
-0.81373507 3.4396563 -3.6829414
-1.5947092 5.5213776 -3.870259
-1.8394035 7.7751546 -4.0572567
-2.7703571 9.591835 -4.2301459
-2.828223 11.954893 -4.4323082
-3.8381352 13.288814 -4.5441499
-2.9494729 15.898426 -4.6999135
-5.4630561 18.914793 -5.0051441
-4.1081896 17.365309 -4.8551784
-6.8254399 19.924116 -5.1660113
-4.2618403 22.972427 -5.2153225
-6.145802 25.978292 -5.6409178
-0.7984336 3.4283533 -3.6740727
-1.5764809 5.5306153 -3.8706253
-1.8131397 7.7853484 -4.0567684
-2.7422738 9.6204548 -4.2332635
-2.7864726 11.964693 -4.4297781
-3.7917218 13.302132 -4.5415292
-2.8939552 15.908626 -4.6963243
-5.4013686 18.9491 -5.0040922
-4.0466399 17.375662 -4.8507986
-6.7571263 19.951603 -5.163034
-4.1866231 23.014668 -5.2143388
-6.0559835 26.003479 -5.6360087
-0.788082 3.4381862 -3.6774125
-1.5561239 5.5323763 -3.8680744
-1.7877069 7.7992759 -4.0574265
-2.7097473 9.6337719 -4.232357
-2.7464662 11.98208 -4.4289966
-3.7409611 13.299972 -4.5356245
-2.8391082 15.92255 -4.6934557
-5.3330336 18.960154 -4.9989977
-3.9877474 17.397449 -4.8485107
-6.6785741 19.94857 -5.1547823
-4.1104717 23.052729 -5.2127175
-5.9678597 26.036139 -5.6322446
-0.7768724 3.4444528 -3.6787117
-1.5368013 5.537775 -3.8669717
-1.7587433 7.7978163 -4.0534482
-2.6782143 9.6507902 -4.2324371
-2.7072401 12.003207 -4.4290786
-3.6976995 13.324447 -4.5354218
-2.7841923 15.936287 -4.6905661
-5.264679 18.970966 -4.9938831
-3.925236 17.403488 -4.8433881
-6.6088948 19.971762 -5.1511011
-4.0347824 23.094471 -5.2116575
-5.8822064 26.080193 -5.6302061
-0.76484501 3.4471436 -3.6779721
-1.5174626 5.5431051 -3.8658624
-1.7289659 7.7924199 -4.0483093
-2.6424248 9.6524544 -4.2285047
-2.6661868 12.016459 -4.427382
-3.6511686 13.337272 -4.532753
-2.7319093 15.965535 -4.6906009
-5.2015905 19.000772 -4.9920845
-3.8627388 17.409298 -4.8382478
-6.5354209 19.983324 -5.1454306
-3.9615567 23.151711 -5.2129493
-5.7946005 26.116165 -5.6269546
-0.75246412 3.442446 -3.6732388
-1.5010474 5.5515628 -3.8663106
-1.7053157 7.8016443 -4.0479512
-2.6151845 9.6721544 -4.2297525
-2.6267304 12.017021 -4.4232917
-3.6082149 13.344836 -4.5295219
-2.6830604 15.981893 -4.6887712
-5.1439586 19.024721 -4.989975
-3.8063276 17.413557 -4.8334665
-6.4701557 19.996161 -5.1407666
-3.8947582 23.199482 -5.2135358
-5.7116771 26.130337 -5.6213007
-0.73923975 3.4453101 -3.6724184
-1.4777365 5.5498419 -3.8621716
-1.6745224 7.8043008 -4.0449386
-2.5790417 9.6859446 -4.2285972
-2.5855608 12.050298 -4.4256973
-3.5600147 13.370123 -4.5289927
-2.6223149 15.99601 -4.6854506
-5.0626535 19.013489 -4.9804144
-3.7436142 17.447536 -4.8328185
-6.3908954 20.013254 -5.1353321
-3.8095207 23.237913 -5.2112241
-5.6154857 26.171604 -5.6179981
-0.72496343 3.4372282 -3.6655762
-1.4583534 5.5549669 -3.8610425
-1.648887 7.8177752 -4.0455446
-2.5492277 9.7101803 -4.2306151
-2.5426595 12.055368 -4.4221964
-3.5112991 13.374776 -4.5246463
-2.5670886 16.008997 -4.6824775
-4.9992876 19.042625 -4.9785409
-3.6917334 17.503408 -4.8367147
-6.3101816 20.001179 -5.1256814
-3.7321692 23.274727 -5.2094092
-5.5331564 26.234043 -5.6187258
-0.71517056 3.4503865 -3.6709142
-1.440888 5.5674806 -3.8628068
-1.6200011 7.8157997 -4.0415316
-2.5163145 9.7228451 -4.2296267
-2.5005713 12.064168 -4.41956
-3.4646003 13.386949 -4.5219121
-2.5124362 16.02573 -4.6802182
-4.9278007 19.040642 -4.9713273
-3.6298158 17.512281 -4.8321886
-6.2332134 20.000214 -5.1179748
-3.6496816 23.27972 -5.2028074
-5.4342709 26.217993 -5.6077394
-0.70384449 3.4564145 -3.6721852
-1.4214436 5.5724764 -3.8616626
-1.5927067 7.8214073 -4.039814
-2.4784496 9.7162504 -4.2236462
-2.4600244 12.0806 -4.4186606
-3.4198122 13.406669 -4.5207834
-2.4582856 16.046213 -4.6786671
-4.8603144 19.053862 -4.9667511
-3.5694549 17.528753 -4.8290381
-6.1610074 20.014223 -5.1128545
-3.5720198 23.316002 -5.2009254
-5.3522768 26.283772 -5.6089673
-0.69298309 3.4586084 -3.6714988
-1.4039314 5.5769148 -3.8606274
-1.5673583 7.8225265 -4.0371108
-2.4498444 9.7316532 -4.2238302
-2.4205034 12.080487 -4.4145117
-3.3815637 13.432774 -4.5215354
-2.4131825 16.089304 -4.6818538
-4.8092022 19.103861 -4.9691739
-3.5175059 17.555515 -4.8283453
-6.0934548 20.018204 -5.1067967
-3.5076423 23.386345 -5.2048864
-5.2712531 26.30829 -5.6049113
-0.6802054 3.4574494 -3.6687045
-1.3853815 5.5855198 -3.860918
-1.5415552 7.8356466 -4.0376754
-2.4168086 9.7439833 -4.2228055
-2.3790827 12.092756 -4.4127083
-3.3336926 13.440636 -4.5179386
-2.3610404 16.125214 -4.6831708
-4.7415218 19.116659 -4.9645486
-3.4608171 17.591158 -4.8286314
-6.0212374 20.031706 -5.101635
-3.4259813 23.398447 -5.199378
-5.1832361 26.346127 -5.601984
-0.66684103 3.4563599 -3.6658695
-1.3621579 5.5793343 -3.8553543
-1.5143099 7.848948 -4.0381403
-2.3810763 9.7527752 -4.2206721
-2.3317347 12.085812 -4.4063883
-3.2834611 13.4489 -4.5141869
-2.3007932 16.125874 -4.6777081
-4.6723652 19.137787 -4.9610243
-3.3970697 17.607639 -4.8252139
-5.9386921 20.023027 -5.0923643
-3.3475246 23.462238 -5.2012396
-5.0866313 26.364946 -5.5958242
-0.65537626 3.4585524 -3.6651351
-1.3427488 5.5800762 -3.8527977
-1.4868144 7.8462181 -4.0341773
-2.3496487 9.7644615 -4.2197237
-2.294601 12.109071 -4.40731
-3.2388477 13.459716 -4.5115104
-2.2478578 16.13736 -4.6747975
-4.6107478 19.160934 -4.9585357
-3.3356965 17.60314 -4.8186955
-5.8722644 20.04261 -5.0886545
-3.2702582 23.477167 -5.1965356
-5.00141 26.393446 -5.5919604
-0.64329875 3.4608192 -3.6643581
-1.3232609 5.5847292 -3.8516231
-1.4615653 7.8629298 -4.0358548
-2.3173702 9.7802963 -4.2196512
-2.2537653 12.124809 -4.4063325
-3.1918411 13.47094 -4.5086765
-2.19151 16.145107 -4.670949
-4.5419903 19.169147 -4.9531832
-3.2713106 17.598999 -4.8119669
-5.8011522 20.059153 -5.0840774
-3.1855962 23.468655 -5.187994
-4.9172721 26.453945 -5.592391
-0.63121504 3.4630435 -3.6635776
-1.3081348 5.6080709 -3.8576651
-1.4327047 7.8602667 -4.0317898
-2.2823205 9.7844763 -4.2165918
-2.2121427 12.136507 -4.4044676
-3.1457057 13.485872 -4.5066342
-2.1356649 16.156607 -4.6678085
-4.4768667 19.192657 -4.9504457
-3.2141519 17.633842 -4.8121524
-5.7376752 20.10231 -5.084003
-3.1062772 23.499424 -5.1853123
-4.8227577 26.459158 -5.584691
-0.61848438 3.461657 -3.660769
-1.2859638 5.6013398 -3.8521411
-1.4052565 7.8652201 -4.0300083
-2.250803 9.8039398 -4.2174821
-2.1704595 12.148061 -4.4025869
-3.0994985 13.500648 -4.5045733
-2.0777268 16.152117 -4.6617498
-4.4151964 19.231503 -4.9503121
-3.15608 17.664579 -4.811615
-5.6717939 20.137585 -5.0826025
-3.0288091 23.545771 -5.1849403
-4.7261462 26.452238 -5.5752363
-0.60827506 3.4745073 -3.6660495
-1.2672564 5.609551 -3.8523884
-1.3777987 7.8700767 -4.0282183
-2.216574 9.8117352 -4.2153888
-2.1259973 12.143837 -4.3972158
-3.0532393 13.515262 -4.5024958
-2.0228264 16.171122 -4.6600223
-4.3524494 19.266256 -4.9494905
-3.0957873 17.683342 -4.8089771
-5.6046863 20.168795 -5.0805273
-2.9481037 23.568085 -5.1810141
-4.6386223 26.496115 -5.573245
-0.59430408 3.4658899 -3.6591892
-1.2459947 5.60642 -3.8483
-1.3476647 7.8593736 -4.0218463
-2.1797359 9.8078384 -4.2103181
-2.0822499 12.143362 -4.392704
-3.0077651 13.533601 -4.5012035
-1.9711676 16.217623 -4.6633315
-4.2860308 19.285229 -4.946012
-3.0360584 17.705828 -4.807004
-5.538465 20.203636 -5.0790653
-2.8648474 23.570303 -5.1741314
-4.5487981 26.527893 -5.5694857
-0.58520234 3.4858196 -3.668499
-1.2280606 5.6182613 -3.8499742
-1.321519 7.871767 -4.022326
-2.1446402 9.8115273 -4.2072158
-2.0398459 12.150558 -4.3899159
-2.9622009 13.551789 -4.4998922
-1.9122075 16.204628 -4.6557746
-4.2195339 19.30397 -4.9425092
-2.9755509 17.724182 -4.804317
-5.4762383 20.253675 -5.0801468
-2.7816124 23.572227 -5.1672273
-4.4627771 26.583004 -5.5691314
-0.57244396 3.4842637 -3.6656752
-1.2092524 5.6262798 -3.850198
-1.2940348 7.8763313 -4.0205112
-2.1112111 9.8228178 -4.2060776
-1.9980656 12.161518 -4.38798
-2.9173882 13.573711 -4.4993649
-1.8560874 16.21516 -4.6525359
-4.1554828 19.334187 -4.9409461
-2.915606 17.746262 -4.8022943
-5.4044814 20.268808 -5.075407
-2.6997721 23.585762 -5.1620502
-4.3699632 26.598417 -5.5630016
-0.56027722 3.4862406 -3.6648681
-1.1911967 5.6380043 -3.8518531
-1.2671536 7.8846731 -4.0198274
-2.0777249 9.8339949 -4.204926
-1.9562284 12.172337 -4.3860288
-2.8691638 13.579922 -4.4956093
-1.7999095 16.2255 -4.6492777
-4.0995116 19.403231 -4.9458876
-2.8536377 17.75633 -4.7981844
-5.3407969 20.314577 -5.075779
-2.622263 23.638702 -5.162663
-4.2770839 26.61351 -5.5568414
-0.54693443 3.4846895 -3.6619983
-1.1666133 5.6234741 -3.843364
-1.23764 7.8853898 -4.0167623
-2.0432751 9.8492823 -4.204638
-1.911604 12.179424 -4.3830562
-2.8201823 13.594239 -4.4932923
-1.741281 16.239908 -4.6465197
-4.0316138 19.433752 -4.9440436
-2.7959599 17.813932 -4.802084
-5.2703123 20.349472 -5.0739837
-2.5351846 23.644182 -5.1559682
-4.1751823 26.601387 -5.5463462
-0.53598487 3.4863904 -3.6612659
-1.148942 5.6271114 -3.8422527
-1.2134587 7.8931155 -4.0162439
-2.0123246 9.8556538 -4.2026916
-1.8727311 12.181447 -4.3796325
-2.778259 13.60693 -4.4914055
-1.6906683 16.24926 -4.6436238
-3.9753342 19.46978 -4.9441142
-2.740591 17.826567 -4.7990251
-5.2113037 20.385265 -5.0734248
-2.4633756 23.675863 -5.1541858
-4.0982723 26.657801 -5.5470262
-0.52327257 3.4846551 -3.6584313
-1.1285338 5.6273112 -3.8395743
-1.1841496 7.8856668 -4.0109792
-1.9747986 9.8471174 -4.1965842
-1.8307846 12.191834 -4.3776383
-2.7354333 13.63994 -4.4931989
-1.6339333 16.255062 -4.6395903
-3.91362 19.514839 -4.9450274
-2.6777515 17.832083 -4.7941599
-5.1362076 20.387848 -5.066659
-2.3819082 23.696234 -5.1500449
-4.0069666 26.683792 -5.5424814
-0.51163226 3.4900475 -3.6596267
-1.1073967 5.6236572 -3.8354542
-1.156618 7.8897524 -4.0091224
-1.9404157 9.8539505 -4.1944022
-1.787643 12.194225 -4.3739061
-2.6878073 13.649405 -4.4901767
-1.5791084 16.280485 -4.6391206
-3.8431675 19.516632 -4.9387531
-2.6201196 17.872879 -4.7954307
-5.0650139 20.405651 -5.0624309
-2.3034239 23.748125 -5.1504974
-0.49841908 3.4846346 -3.6547709
-1.0906823 5.6426163 -3.8399453
-1.1290685 7.8937416 -4.007257
-1.9060044 9.8606634 -4.1922088
-1.7445014 12.196464 -4.370162
-2.6393871 13.6548 -4.486341
-1.5230061 16.293829 -4.6364779
-3.7810709 19.561272 -4.9396029
-2.5582755 17.885862 -4.7918863
-4.997541 20.438719 -5.0607295
-2.2197638 23.748068 -5.1434026
-0.48675394 3.4899435 -3.6559579
-1.0716983 5.6501732 -3.8401186
-1.1031345 7.9092884 -4.0087876
-1.8701017 9.8594894 -4.1880431
-1.7019198 12.202477 -4.3672662
-2.5917101 13.66393 -4.4832883
-1.464697 16.283178 -4.62953
-3.7187197 19.605715 -4.9404168
-2.4996853 17.922321 -4.7924123
-4.9289746 20.46768 -5.0583606
-2.1382904 23.771582 -5.1397429
-0.4745695 3.4916215 -3.6551261
-1.0526748 5.6576667 -3.8402839
-1.0739361 7.9014311 -4.0034995
-1.8378453 9.877615 -4.1887684
-1.6609204 12.220139 -4.3669329
-2.5461836 13.684624 -4.4826069
-1.4081957 16.292162 -4.6261387
-3.6582932 19.661728 -4.9431367
-2.4408717 17.958591 -4.7929049
-4.8667135 20.523602 -5.0604167
-2.0566795 23.794813 -5.1360497
-0.46237764 3.493257 -3.65429
-1.0329179 5.6613073 -3.8390076
-1.0478903 7.9167976 -4.0050073
-1.8026428 9.8800831 -4.1855612
-1.6218956 12.2534 -4.3700123
-2.4991097 13.69734 -4.4803147
-1.350325 16.28507 -4.6198788
-3.5946467 19.701857 -4.9432273
-2.3792114 17.974911 -4.7899652
-4.79776 20.55213 -5.0579829
-1.9739311 23.80583 -5.1306019
-0.45064494 3.4984448 -3.655462
-1.0138295 5.6686702 -3.8391573
-1.0197498 7.9165168 -4.0019722
-1.7709293 9.9018764 -4.1872354
-1.5786089 12.25505 -4.36621
-2.4505849 13.702065 -4.4764175
-1.2944207 16.301596 -4.6178756
-3.5279646 19.726068 -4.940701
-2.3179843 17.994965 -4.7876811
-4.7233133 20.557077 -5.0517116
-1.8927228 23.836456 -5.1279912
-0.43752822 3.4928029 -3.6505957
-0.99137455 5.6569977 -3.8321414
-0.9930827 7.9278131 -4.0023241
-1.7336227 9.8924265 -4.1810732
-1.5333519 12.240801 -4.3589721
-2.4013638 13.702702 -4.4717131
-1.240519 16.345728 -4.6208196
-3.4570141 19.726471 -4.9342771
-2.2581241 18.026682 -4.787405
-4.6559224 20.592909 -5.0504913
-1.809198 23.83894 -5.1213408
-0.42533252 3.4943089 -3.649749
-0.97162056 5.6604247 -3.8308485
-0.96634918 7.9390182 -4.0026631
-1.7010847 9.9101048 -4.1817412
-1.4891727 12.234262 -4.3534403
-2.3568785 13.7306 -4.4725418
-1.1834499 16.349958 -4.6166353
-3.3935308 19.769884 -4.9349203
-2.1951809 18.034456 -4.7830362
-4.5848737 20.612934 -5.0467067
-1.7256788 23.841125 -5.1146674
-0.41398588 3.5029719 -3.6529176
-0.95249838 5.6675792 -3.8309791
-0.93679512 7.9267607 -3.9962142
-1.6658335 9.9120836 -4.1784911
-1.4473979 12.247264 -4.3521719
-2.3082857 13.734818 -4.4685993
-1.1269293 16.361935 -4.6138511
-3.3284822 19.805216 -4.9342408
-2.1331639 18.049923 -4.7800007
-4.505229 20.593712 -5.0365748
-1.6435614 23.862938 -5.1108222
-0.40134189 3.5007944 -3.6500533
-0.93395776 5.6784716 -3.83253
-0.90822423 7.9221897 -3.9920206
-1.6318624 9.9217377 -4.1771803
-1.4068947 12.271955 -4.3534451
-2.2577429 13.727097 -4.4622717
-1.0687653 16.349874 -4.6068029
-3.2632084 19.840336 -4.933527
-2.0710485 18.065184 -4.7769413
-4.4408665 20.64444 -5.0377975
-1.5623317 23.90041 -5.1092172
-0.39072135 3.5165861 -3.6572249
-0.9147436 5.6855006 -3.8326433
-0.88099986 7.9292102 -3.9912052
-1.5972211 9.9273739 -4.1748834
-1.3636132 12.272847 -4.3495831
-2.2091837 13.730968 -4.4583044
-1.012182 16.361454 -4.6039824
-3.198374 19.879185 -4.9334221
-2.0110619 18.10004 -4.7772293
-4.3778648 20.70277 -5.0402417
-1.4781592 23.893759 -5.1013269
-0.37727961 3.5071151 -3.6503386
-0.89429176 5.6848531 -3.8298941
-0.85373372 7.9361362 -3.9903789
-1.563784 9.9406967 -4.17452
-1.3207614 12.277532 -4.3465605
-2.1630907 13.750381 -4.4574766
-0.95552337 16.372839 -4.601141
-3.130198 19.898111 -4.9300804
-1.9482902 18.110912 -4.7734447
-4.3136892 20.757013 -5.0420132
-1.3959023 23.918707 -5.0979514
-0.36564654 3.5083473 -3.6495152
-0.8754335 5.687788 -3.8286331
-0.82659644 7.9311218 -3.9862635
-1.530808 9.9458284 -4.1723151
-1.2820935 12.301578 -4.347928
-2.1192918 13.769272 -4.456789
-0.90078163 16.367964 -4.5956759
-3.0714748 19.955709 -4.9333396
-1.8878033 18.11331 -4.7685189
-4.243228 20.76338 -5.0364256
-1.3170096 23.931179 -5.0931563
-0.35303548 3.5059953 -3.6466398
-0.85557538 5.6908088 -3.8272996
-0.79930139 7.9378619 -3.9854205
-1.4966712 9.95502 -4.1709547
-1.2403405 12.317822 -4.3474231
-2.0718093 13.780518 -4.4543481
-0.84446466 16.386919 -4.5942044
-3.0000222 19.95447 -4.9267459
-1.8253673 18.127722 -4.7653666
-4.1754422 20.801548 -5.0356154
-1.2336767 23.939615 -5.0874577
-0.34114644 3.5108142 -3.6477702
-0.83682549 5.7013826 -3.8288088
-0.77121043 7.9366989 -3.9823191
-1.4619147 9.9601831 -4.168611
-1.1958033 12.306279 -4.3409619
-2.0248518 13.795535 -4.4526753
-0.78668869 16.377831 -4.5877938
-2.9344103 19.992456 -4.9265113
-1.7616968 18.130016 -4.760181
-4.1089859 20.847328 -5.0360246
-1.1508758 23.959732 -5.0834241
-0.32855043 3.5083745 -3.6448891
-0.81637132 5.7004571 -3.8260374
-0.7434994 7.939343 -3.980334
-1.4288167 9.976964 -4.1691637
-1.1520959 12.302477 -4.3361893
-1.9755528 13.794646 -4.447844
-0.72897869 16.368544 -4.5813732
-2.8685603 20.030228 -4.9262409
-1.7021129 18.175747 -4.7623382
-4.0323935 20.841949 -5.028254
-1.0672272 23.963604 -5.0771065
-0.31695345 3.516721 -3.6480126
-0.79487091 5.6918263 -3.8204165
-0.7161352 7.9457965 -3.9794626
-1.3923439 9.9701462 -4.1638908
-1.1073669 12.286664 -4.3288693
-1.9268413 13.797519 -4.4437857
-0.67249399 16.386904 -4.5798411
-2.7997324 20.048023 -4.9227576
-1.6393769 18.18952 -4.7591119
-3.9655776 20.88727 -5.0285983
-0.98324978 23.959202 -5.0696421
-0.30406103 3.517859 -3.6470819
-0.77452129 5.6985188 -3.8204131
-0.6859923 7.936645 -3.9739974
-1.3568541 9.983016 -4.1633291
-1.0643736 12.31436 -4.3306885
-1.8773255 13.81237 -4.4418974
-0.61242431 16.389259 -4.5752702
-2.7310653 20.093737 -4.9234509
-1.5740665 18.211292 -4.7569656
-3.8992124 20.956608 -5.0324154
-0.89736068 24.014523 -5.0702443
-0.29178029 3.518899 -3.6461916
-0.75664806 5.7164621 -3.8247321
-0.65796167 7.9350824 -3.9708695
-1.3209635 9.9798546 -4.1590066
-1.023352 12.341725 -4.3326373
-1.8275373 13.80701 -4.4362445
-0.5561586 16.419159 -4.5757847
-2.663007 20.118969 -4.9211755
-1.5101621 18.212704 -4.7516913
-3.846103 21.080046 -5.0451479
-0.81393945 24.029478 -5.0655203
-0.28039789 3.5234609 -3.6473417
-0.7376886 5.7189398 -3.8234267
-0.63226825 7.9450397 -3.9711921
-1.2883695 9.988101 -4.1576934
-0.98179269 12.33714 -4.3279729
-1.7807269 13.805107 -4.43153
-0.50195426 16.428879 -4.5730057
-2.5983214 20.143518 -4.9191132
-1.4478644 18.193766 -4.7433052
-3.7761819 21.092684 -5.0406117
-0.73474294 24.048014 -5.0616465
-0.26809603 3.5244184 -3.6464434
-0.71676087 5.7138362 -3.8192086
-0.60452884 7.9471989 -3.9691663
-1.253002 9.988615 -4.1543183
-0.93751484 12.324667 -4.3214583
-1.7335134 13.81913 -4.4297585
-0.44470701 16.434513 -4.5692902
-2.5289795 20.160383 -4.9155154
-1.3831331 18.182812 -4.7360096
-3.7032161 21.109673 -5.0364347
-0.65014064 24.026482 -5.051846
-0.2550056 3.5144856 -3.639549
-0.6982109 5.7277732 -3.822078
-0.57735366 7.9570847 -3.9693663
-1.2176514 9.9890032 -4.1509347
-0.89506483 12.335778 -4.3199868
-1.6862305 13.832993 -4.4279685
-0.38734058 16.435963 -4.5648618
-2.4600439 20.180971 -4.9125237
-1.321101 18.207407 -4.7346721
-3.6328909 21.142136 -5.0347152
-0.56664997 24.044573 -5.0475974
-0.24248555 3.5117376 -3.6366494
-0.6768533 5.7187009 -3.8164334
-0.5493024 7.9551377 -3.9662058
-1.1832378 9.9971189 -4.149467
-0.85226953 12.342785 -4.3176575
-1.6383978 13.842744 -4.4253812
-0.33020151 16.449158 -4.5624971
-2.3909857 20.201323 -4.9095035
-1.2578073 18.215885 -4.7306571
-3.5584011 21.150753 -5.029243
-0.48238853 24.030432 -5.0388741
-0.23069906 3.5197978 -3.639735
-0.65732503 5.7248554 -3.8164527
-0.52127177 7.9530935 -3.9630399
-1.1478806 9.997262 -4.1460633
-0.80969572 12.353605 -4.316153
-1.5914251 13.860233 -4.4243317
-0.27264467 16.442247 -4.5566483
-2.3222709 20.225405 -4.9070849
-1.1952522 18.236078 -4.7286038
-3.4890838 21.190619 -5.0287013
-0.39876202 24.047943 -5.0345688
-0.21886095 3.527818 -3.6428137
-0.63776481 5.7309432 -3.8164642
-0.49399456 7.9626946 -3.9632092
-1.1107931 9.9815674 -4.1388092
-0.76730841 12.368237 -4.3154702
-1.5421573 13.857799 -4.4193807
-0.21556516 16.466993 -4.5563183
-2.2538679 20.253216 -4.9052658
-1.1310993 18.232182 -4.7225637
-3.4157326 21.206608 -5.0244145
-0.3146126 24.033215 -5.0258083
-0.20612229 3.5213225 -3.6379097
-0.61775738 5.7331343 -3.8150532
-0.4666566 7.9722009 -3.9633658
-1.0767932 9.9932432 -4.1382709
-0.72274184 12.347073 -4.3072343
-1.4946302 13.871004 -4.4175191
-0.15785745 16.443748 -4.547677
-2.184444 20.27286 -4.9021606
-1.0655904 18.20418 -4.7125549
-3.3454175 21.242062 -5.0231886
-0.23076263 24.038162 -5.0197926
-0.19383009 3.5220203 -3.6369913
-0.5977425 5.7352562 -3.8136363
-0.4392584 7.9816146 -3.9635105
-1.0435447 10.012666 -4.1396356
-0.6813851 12.381217 -4.3107038
-1.4466174 13.880094 -4.414865
-0.10053346 16.456148 -4.5452347
-2.1132557 20.276396 -4.896524
-1.0033578 18.231672 -4.7117567
-3.2748964 21.277281 -5.0219283
-0.14685732 24.038822 -5.0132003
-0.18233578 3.5262642 -3.6381078
-0.57833219 5.7333736 -3.8108716
-0.41298825 7.9869442 -3.9626367
-1.0099361 10.012137 -4.1363173
-0.63991046 12.375484 -4.3059554
-1.3997793 13.8769 -4.4100461
-0.046013452 16.476305 -4.5443721
-2.045599 20.279322 -4.891119
-0.94330037 18.242861 -4.7085376
-3.2132275 21.347237 -5.026422
-0.06723468 24.075113 -5.0118613
-0.16985025 3.5232582 -3.6351905
-0.55831397 5.7353578 -3.8094435
-0.3849152 7.9844193 -3.959429
-0.97574449 10.023471 -4.1357369
-0.59708703 12.385568 -4.3043728
-1.3528689 13.897534 -4.4096789
0.011495973 16.464418 -4.5377612
-1.9744066 20.282368 -4.8854432
-0.87845868 18.222151 -4.6998096
-3.1427486 21.385969 -5.0256987
0.016812848 24.079195 -5.0057611
-0.1577117 3.5274513 -3.6362517
-0.53900844 5.7449417 -3.8108301
-0.35703987 7.9857149 -3.9573243
-0.93963963 10.01501 -4.130363
-0.55278295 12.363793 -4.2961092
-1.30546 13.914052 -4.4085178
0.068888366 16.444363 -4.5297689
-1.9039631 20.293108 -4.8809943
-0.81484121 18.225107 -4.6950059
-3.0709062 21.416567 -5.0237117
0.10095482 24.098957 -5.0018258
-0.14569865 3.5352249 -3.639297
-0.51895559 5.746788 -3.8093882
-0.32916787 7.9869127 -3.9552119
-0.9050374 10.022164 -4.1288042
-0.50995719 12.373577 -4.2945027
-1.2572503 13.922484 -4.4057961
0.12624756 16.440042 -4.5245128
-1.8320527 20.287706 -4.8740344
-0.75106722 18.223858 -4.6895308
-2.9972498 21.435062 -5.019855
0.18527326 24.12641 -4.9989505
-0.13321994 3.5320888 -3.6363697
-0.49889085 5.7485647 -3.80794
-0.30128419 7.9880123 -3.9530907
-0.87107056 10.037077 -4.1291399
-0.46720761 12.387176 -4.2937093
-1.2082965 13.922827 -4.4015179
0.18341517 16.419588 -4.5165067
-1.7625989 20.309881 -4.8714066
-0.68729436 18.222383 -4.6840386
-2.9213254 21.437481 -5.0135221
0.26904938 24.085684 -4.9867649
-0.12101456 3.5361557 -3.6374159
-0.47882277 5.7502713 -3.8064859
-0.27353477 7.9929357 -3.9520674
-0.83603144 10.040056 -4.1266012
-0.42478231 12.412526 -4.2953877
-1.1593623 13.922997 -4.3972282
0.24113445 16.446722 -4.5166869
-1.6913666 20.311934 -4.8656492
-0.62423134 18.240608 -4.6817894
-2.8470066 21.451506 -5.0090032
0.35270777 24.056648 -4.9762125
-0.10855804 3.532933 -3.6344836
-0.45843992 5.7480683 -3.8036191
-0.24563043 7.9938416 -3.9499295
-0.80223423 10.058673 -4.1278586
-0.38120487 12.406002 -4.29041
-1.112016 13.942816 -4.3967614
0.29818574 16.425871 -4.5086589
-1.6207662 20.321692 -4.8611097
-0.56116325 18.2626 -4.6801639
-2.7741492 21.47715 -5.0062876
0.43639556 24.039301 -4.9672813
-0.096125521 3.5296667 -3.6315501
-0.43837109 5.7496338 -3.8021538
-0.2177231 7.9946508 -3.9477835
-0.76621395 10.04959 -4.1224422
-0.33767819 12.399323 -4.2854238
-1.0636382 13.950578 -4.3939734
0.35561153 16.428713 -4.5047083
-1.5510284 20.34314 -4.8584018
-0.49718958 18.256479 -4.6739621
-2.7036355 21.522348 -5.0065851
0.52100348 24.069571 -4.9648385
-0.083976932 3.5372291 -3.6345677
-0.41857904 5.7549696 -3.8020871
-0.19000311 8.0032034 -3.9478345
-0.73170513 10.060085 -4.1217704
-0.2941145 12.388526 -4.279604
-1.0143611 13.946273 -4.3888736
0.41325292 16.439312 -4.5020981
-1.4797229 20.34445 -4.8525796
-0.43346342 18.258102 -4.669044
-2.6323657 21.563354 -5.0062351
0.60511392 24.071594 -4.9585705
-0.071629934 3.5375006 -3.6336114
-0.39822316 5.7525535 -3.7992055
-0.16206725 8.0038185 -3.9456708
-0.69604075 10.054693 -4.1172891
-0.25119263 12.405345 -4.2795568
-0.96595103 13.953695 -4.3860559
0.47120079 16.457678 -4.5008225
-1.4098051 20.365414 -4.8498187
-0.3705391 18.299364 -4.6705828
-2.5589638 21.588266 -5.0034184
0.68867362 24.053373 -4.9495802
-0.059282042 3.537729 -3.6326518
-0.37839431 5.7577519 -3.7991252
-0.13406366 8.0004139 -3.9423993
-0.66094112 10.057062 -4.114697
-0.2078909 12.406146 -4.2761912
-0.91645807 13.945077 -4.3801689
0.52813101 16.440008 -4.4934273
-1.3376654 20.354284 -4.8421087
-0.30626306 18.276627 -4.6617393
-2.4858758 21.616896 -5.0011768
0.77224171 24.038847 -4.9411139
-0.046931777 3.5379143 -3.6316884
-0.35829219 5.759038 -3.7976351
-0.10603004 7.9929891 -3.9380221
-0.62509251 10.047473 -4.1092539
-0.16463351 12.410765 -4.2736363
-0.86826533 13.956131 -4.3780847
0.58480954 16.418165 -4.4853506
-1.265859 20.346884 -4.8349991
-0.24272352 18.297518 -4.6599894
-2.4121666 21.64131 -4.9982963
0.8562966 24.039995 -4.9347811
-0.034651779 3.5453069 -3.6346822
-0.33818567 5.7602534 -3.796139
-0.078088172 7.9893889 -3.9347398
-0.59024543 10.05354 -4.1075897
-0.12138508 12.419199 -4.2718897
-0.82070571 13.978927 -4.3782654
0.64258754 16.427965 -4.4826665
-1.1957574 20.367111 -4.8321657
-0.17911962 18.326159 -4.6594987
-2.3396022 21.67738 -4.9971972
0.9406814 24.048832 -4.9294958
-0.022231331 3.5381556 -3.6297514
-0.31829017 5.765245 -3.7960372
-0.0502505 7.9974561 -3.9347432
-0.55558634 10.063432 -4.1068583
-0.078010939 12.415578 -4.267663
-0.77256584 13.993619 -4.3769016
0.69992453 16.425621 -4.4779401
-1.1270794 20.414986 -4.8335872
-0.11515217 18.326672 -4.6544738
-2.2664113 21.709236 -4.9954586
1.0251267 24.057367 -4.9241819
-0.011116463 3.5382082 -3.6288753
-0.30037791 5.7700634 -3.7960787
-0.025164023 8.0093412 -3.9360511
-0.52438122 10.073021 -4.1063762
-0.039045665 12.427667 -4.2670498
-0.7283957 13.992005 -4.3728476
0.75133842 16.419363 -4.473001
-1.0627347 20.41444 -4.8281693
-0.057542641 18.314983 -4.6480093
-2.199811 21.732134 -4.993021
1.0999653 24.038076 -4.9157977
0.0012377282 3.545476 -3.6318533
-0.2796728 5.7595344 -3.7903702
0.0027933421 8.0015364 -3.9316499
-0.48883063 10.066895 -4.1018457
0.0043426841 12.439631 -4.2660761
-0.67935348 13.99049 -4.3684154
0.80904424 16.424593 -4.4695888
-0.99126971 20.41404 -4.8221993
0.0063951965 18.319059 -4.6435943
-2.1254849 21.755573 -4.9900146
1.18407 24.038078 -4.9093699
0.014173539 3.5309467 -3.6229165
-0.25856248 5.7605209 -3.7887766
0.032087144 7.993628 -3.927135
-0.45210978 10.072567 -4.1000018
0.049917474 12.435563 -4.2616401
-0.62825269 13.99686 -4.3653016
0.86923438 16.421518 -4.4645786
-0.91769892 20.44544 -4.8208127
0.073549777 18.322901 -4.6389055
-2.0476055 21.783089 -4.9873056
1.2721608 24.033575 -4.9020371
0.027143758 3.5344961 -3.6238608
-0.23760447 5.7652779 -3.7885716
0.061356977 7.9895353 -3.9237084
-0.41486081 10.066258 -4.0953226
0.095559902 12.443233 -4.2596431
-0.57661623 13.99112 -4.359901
0.93099624 16.446056 -4.4642334
-0.84307969 20.456638 -4.8163486
0.14049648 18.294603 -4.6290851
-1.9681058 21.794422 -4.982163
1.36002 24.024767 -4.8941493
0.038286109 3.5380182 -3.624948
-0.21963879 5.7698455 -3.788589
0.086497411 7.9932241 -3.9227941
-0.38323665 10.067512 -4.0929174
0.13456269 12.434935 -4.2548866
-0.53281295 13.996837 -4.3573132
0.98384327 16.462929 -4.4632435
-0.77896494 20.463175 -4.8120675
0.19809578 18.306028 -4.6264048
-1.9006706 21.812428 -4.9790158
1.4364375 24.036316 -4.8899422
0.050479483 3.5269885 -3.6180375
-0.19949816 5.770577 -3.7870519
0.11450905 8.0007172 -3.9227381
-0.34836736 10.076689 -4.092113
0.17785172 12.426455 -4.2497768
-0.48436683 14.010535 -4.3558464
1.0407972 16.451447 -4.4570804
-0.70698327 20.44982 -4.8041935
0.26210484 18.313198 -4.6225543
-1.8248566 21.822905 -4.9740977
1.5208303 24.039127 -4.8839469
0.063537441 3.534029 -3.6209416
-0.17798817 5.7597189 -3.7812538
0.14390491 8.0041656 -3.9214678
-0.3115516 10.081848 -4.0902209
0.22339894 12.425719 -4.2461119
-0.43313161 14.016191 -4.3526654
1.1013581 16.451494 -4.4526601
-0.63177443 20.444296 -4.7972422
0.32937232 18.320087 -4.6184239
-1.7445359 21.82547 -4.9676843
1.6081338 24.021439 -4.8749347
0.076028004 3.5410347 -3.6238885
-0.1579887 5.7641559 -3.7810998
0.17192629 8.0075359 -3.9203
-0.27635965 10.082874 -4.0875149
0.26693916 12.432797 -4.2442346
-0.38442424 14.025569 -4.3504076
1.1607336 16.475359 -4.4524503
-0.55975497 20.422443 -4.7881341
0.39297315 18.302881 -4.6107225
-1.6701699 21.855309 -4.965693
1.6933728 24.035597 -4.8704686
0.088298529 3.5371237 -3.6209166
-0.13777344 5.7608213 -3.7781565
0.19997677 8.010808 -3.9191222
-0.24106498 10.079826 -4.0838637
0.31053746 12.439724 -4.2423406
-0.33574507 14.038754 -4.3488817
1.2188282 16.479151 -4.4488935
-0.48874471 20.436241 -4.7844405
0.45706362 18.30937 -4.606812
-1.5950258 21.876932 -4.9624782
1.7778578 24.037504 -4.8643942
0.10002855 3.5368114 -3.6199629
-0.11882614 5.7689486 -3.7794561
0.2265427 8.0101004 -3.9169624
-0.20779774 10.088473 -4.0831437
0.35167867 12.43466 -4.2381763
-0.28910324 14.035813 -4.3445272
1.2725519 16.463104 -4.4422526
-0.42063871 20.421793 -4.7767868
0.51834577 18.327681 -4.6050363
-1.5221874 21.878119 -4.9565477
1.8575658 24.031475 -4.8576045
0.11299016 3.5364213 -3.6189055
-0.097682379 5.7693453 -3.777813
0.25577262 8.0052967 -3.9134827
-0.17088938 10.093119 -4.0812039
0.39762899 12.445187 -4.2368865
-0.23759325 14.032803 -4.3397808
1.3328801 16.458332 -4.4370971
-0.34552056 20.407238 -4.768569
0.58563989 18.329643 -4.6001883
-1.4422572 21.887533 -4.9512196
1.9456278 24.024508 -4.8500786
0.12458824 3.5324039 -3.6159782
-0.078551151 5.7696371 -3.7763212
0.28217787 8.0004845 -3.9102261
-0.13747428 10.097583 -4.0795259
0.43959332 12.463626 -4.2375488
-0.19116858 14.041466 -4.3376474
1.3864433 16.441914 -4.4304399
-0.27768692 20.396301 -4.7614942
0.64585412 18.311663 -4.5926938
-1.368924 21.880243 -4.944067
2.0256159 24.0219 -4.8437705
0.13691881 3.5319476 -3.6149657
-0.058448344 5.7737288 -3.7761316
0.30980134 7.9916124 -3.905767
-0.10222362 10.098001 -4.0767674
0.48279274 12.454085 -4.2323618
-0.14235111 14.061933 -4.337544
1.4448777 16.448877 -4.4274793
-0.20648345 20.397146 -4.7559223
0.7102381 18.321249 -4.5893307
-1.2925335 21.884888 -4.9383855
2.1105103 24.026619 -4.8381186
0.15001605 3.5350442 -3.6158643
-0.037262563 5.770052 -3.7730842
0.3390882 7.9904227 -3.9033535
-0.06521412 10.098308 -4.0738611
0.5280968 12.444304 -4.2269893
-0.090865031 14.070312 -4.3349872
1.5040634 16.431572 -4.4203062
-0.13162418 20.381805 -4.747663
0.77788699 18.330471 -4.58568
-1.2118762 21.881506 -4.9312186
2.199281 24.026674 -4.8315582
0.16079013 3.5273123 -3.6110177
-0.01912358 5.7662892 -3.7702718
0.36472344 8.0010729 -3.9045203
-0.033464778 10.090558 -4.0695033
0.56718665 12.442583 -4.2237577
-0.046637755 14.062575 -4.3300152
1.5564251 16.434694 -4.4171505
-0.067635864 20.394087 -4.7444053
0.83546644 18.327936 -4.5809193
-1.1441728 21.90514 -4.9290075
2.273618 24.007721 -4.823473
0.17328043 3.5303504 -3.6119597
0.0010048361 5.7586169 -3.7659135
0.39246005 7.9958334 -3.9011242
0.0017628064 10.102471 -4.0695014
0.6108138 12.444491 -4.2209587
0.0024545228 14.066629 -4.3268771
1.6145666 16.43709 -4.4134793
0.0035593335 20.398191 -4.7393713
0.89963812 18.32889 -4.5762386
-1.0690569 21.936909 -4.9273658
2.3566322 23.991688 -4.8151636
0.18560185 3.5297239 -3.6109343
0.021133158 5.7662821 -3.7670832
0.42036662 7.9944143 -3.898802
0.037024844 10.102404 -4.0667038
0.65466356 12.450208 -4.2189488
0.051596932 14.078466 -4.3252077
1.6747516 16.459091 -4.4130578
0.074757934 20.398056 -4.7337222
0.96423662 18.337582 -4.5727878
-0.99374366 21.96842 -4.9256878
2.4407637 23.987289 -4.8083854
0.19935876 3.5326049 -3.6117637
0.043333128 5.7738619 -3.7680817
0.45106176 7.9927416 -3.8962388
0.075847082 10.106139 -4.0645399
0.70224345 12.44364 -4.2141557
0.10565734 14.078165 -4.3209028
1.738778 16.460459 -4.4088392
0.15299532 20.385647 -4.7257066
1.035319 18.345684 -4.5687761
-0.90921319 21.968086 -4.9187112
2.5349531 23.997597 -4.8029056
0.21023946 3.528342 -3.6088738
0.061470922 5.7736974 -3.7666323
0.47686788 8.0030317 -3.8973634
0.10750998 10.097946 -4.060154
0.74156648 12.445333 -4.2116809
0.14988196 14.077763 -4.317369
1.7896169 16.446999 -4.4030037
0.21686409 20.369104 -4.7182226
1.0934193 18.350302 -4.5651917
-0.84065598 21.9828 -4.9152145
2.6085992 23.973637 -4.7942457
0.22401445 3.5311272 -3.609694
0.083582662 5.769567 -3.7634759
0.50709516 7.9933128 -3.8926308
0.14610828 10.085603 -4.054275
0.78783727 12.418635 -4.2028718
0.20410496 14.089014 -4.3152509
1.8540896 16.451876 -4.3993998
0.29547387 20.396053 -4.7160845
1.1641192 18.349947 -4.5598903
-0.75473768 21.941984 -4.9023647
2.702415 23.979315 -4.7881961
0.23633997 3.5303237 -3.6086543
0.1037925 5.7730913 -3.7632329
0.53525811 7.9954076 -3.891351
0.18145753 10.092935 -4.0532861
0.83118498 12.415809 -4.1992154
0.25328735 14.088215 -4.3112926
1.9096713 16.429482 -4.3917375
0.36638618 20.378937 -4.7079973
1.2292356 18.361683 -4.5569649
-0.67776537 21.932514 -4.8947515
2.7810366 23.926102 -4.7751975
0.24717543 3.5259471 -3.6057591
0.12176488 5.7650352 -3.7590151
0.55982357 7.9858603 -3.8870807
0.21307908 10.088364 -4.0498052
0.87157118 12.432927 -4.1998982
0.29737481 14.079397 -4.3062463
1.9603288 16.415491 -4.3858743
0.4297286 20.345772 -4.6981225
1.2877473 18.369661 -4.5539393
-0.60908484 21.942514 -4.8906159
2.8604462 23.952934 -4.7731271
0.25948271 3.5250628 -3.6047144
0.14188939 5.7645745 -3.757385
0.58741027 7.9799466 -3.8836432
0.24829543 10.087558 -4.0469522
0.91584218 12.441682 -4.1986008
0.34642515 14.074298 -4.3015299
2.0190804 16.420408 -4.3827267
0.50222415 20.403982 -4.7011766
1.3504031 18.345175 -4.5454111
-0.53364378 21.992393 -4.8916616
2.9479454 23.97451 -4.7697668
0.27267957 3.5277028 -3.6055689
0.16312429 5.7678657 -3.7570419
0.61725706 7.9855609 -3.8832932
0.28492913 10.074728 -4.0411906
0.96112847 12.434285 -4.1939235
0.39744246 14.053056 -4.2936654
2.0822499 16.436604 -4.381237
0.57824159 20.445881 -4.7015438
1.41855 18.352026 -4.5415335
-0.45320317 22.002186 -4.8865786
3.0327797 23.939775 -4.7589025
0.28499281 3.5267293 -3.6045167
0.18338078 5.7711115 -3.7567732
0.64544612 7.987267 -3.8819802
0.32022291 10.077621 -4.0392394
1.0032512 12.415033 -4.1870427
0.446877 14.063508 -4.2918634
2.1396163 16.429234 -4.3761106
0.65088016 20.483618 -4.70157
1.4816434 18.335041 -4.5342155
-0.37652931 22.011616 -4.8817649
3.1158175 23.925083 -4.7509303
0.2969963 3.5221004 -3.6015091
0.20338759 5.7665868 -3.7537522
0.67266208 7.9771485 -3.8774548
0.3555356 10.080393 -4.0372772
1.0472457 12.419363 -4.1849117
0.4961023 14.065839 -4.288578
2.1943076 16.401926 -4.3677578
0.72209173 20.473248 -4.6945515
1.5439566 18.309893 -4.5256619
-0.2994794 21.99683 -4.8734689
3.199837 23.918018 -4.7439499
0.30928987 3.5210423 -3.6004517
0.22306941 5.7542949 -3.7479854
0.70084882 7.9786592 -3.8761268
0.39087635 10.08304 -4.0353031
1.0899 12.407726 -4.1796021
0.54535598 14.067994 -4.2852769
2.2537198 16.40995 -4.3651757
0.79402143 20.482563 -4.6904297
1.612052 18.352051 -4.5275135
-0.22272873 22.001734 -4.8680348
3.2860301 23.926483 -4.7389574
0.32096368 3.5199976 -3.5994444
0.24231096 5.7573714 -3.7477834
0.72765779 7.9801979 -3.8749099
0.42430884 10.081689 -4.0325489
1.1313975 12.407997 -4.1768427
0.59267032 14.082002 -4.2843528
2.3086765 16.406332 -4.3609085
0.8624391 20.491777 -4.6865788
1.6721731 18.338665 -4.5210414
-0.14971715 21.994368 -4.8611584
3.3614552 23.887777 -4.728291
0.33420458 3.5224063 -3.6002772
0.26358593 5.760293 -3.7474084
0.75652951 7.9735718 -3.8713143
0.46107417 10.076117 -4.0285807
1.1772394 12.407716 -4.1736951
0.6442762 14.079735 -4.2800865
2.3682201 16.393818 -4.3548303
0.93862915 20.512396 -4.6838517
1.7401254 18.340349 -4.5164442
-0.069170438 22.014727 -4.8576708
3.4489803 23.875296 -4.7203712
0.34623885 3.5248868 -3.6012111
0.28287676 5.7632346 -3.7471919
0.78296888 7.9710197 -3.8690186
0.49448815 10.074533 -4.0258093
1.2183819 12.403744 -4.1701221
0.69135678 14.085466 -4.2776685
2.4243228 16.397694 -4.35181
1.0078251 20.533085 -4.681685
1.8017192 18.342413 -4.5123806
0.0038437992 22.038788 -4.855329
3.5298934 23.875578 -4.7146835
0.35817483 3.5200498 -3.5981925
0.30299392 5.7622113 -3.7455177
0.81118733 7.9721398 -3.8676569
0.52944684 10.068798 -4.0219717
1.2604699 12.387573 -4.1639934
0.74156773 14.102823 -4.2772088
2.4827435 16.397005 -4.3478723
1.0809647 20.557333 -4.6797662
1.8661435 18.339977 -4.5074115
0.080808483 22.046619 -4.8503661
3.613817 23.867056 -4.7075949
0.3704592 3.5187783 -3.5971189
0.32267341 5.753427 -3.741107
0.83941942 7.9731607 -3.8662865
0.56503093 10.074781 -4.0208578
1.3041158 12.387044 -4.1610003
0.79056573 14.096179 -4.2723737
2.5381315 16.376434 -4.3407416
1.1540532 20.577341 -4.6772366
1.9309819 18.341284 -4.5030313
0.15776061 22.046206 -4.8442392
3.6989369 23.866137 -4.701479
0.38414013 3.5246048 -3.5998776
0.34444946 5.7637415 -3.7434342
0.86736393 7.9583325 -3.8605459
0.60195559 10.072643 -4.0177641
1.3512306 12.397959 -4.1601539
0.84270358 14.101128 -4.2694936
2.6000144 16.37882 -4.3371453
1.2299463 20.580938 -4.6720695
1.9973336 18.326155 -4.4959273
0.23843868 22.033504 -4.8360767
3.7807574 23.816925 -4.6890097
0.39440221 3.5161753 -3.5950165
0.36255395 5.7626309 -3.7419126
0.89279711 7.9594665 -3.859406
0.63334656 10.066756 -4.0141969
1.3888439 12.381824 -4.1543818
0.88724637 14.102379 -4.2664938
2.6527276 16.378435 -4.333684
1.2945931 20.576971 -4.6666355
2.0540047 18.311867 -4.4896574
0.30793226 22.052603 -4.833365
3.8600264 23.832523 -4.685595
0.40667281 3.5147772 -3.5939341
0.38317642 5.7690167 -3.7429419
0.92237693 7.9718866 -3.8611848
0.66874218 10.06843 -4.0121417
1.4320534 12.376901 -4.1505704
0.93672812 14.103165 -4.2630658
2.7118304 16.380861 -4.3303108
1.3672013 20.584272 -4.6623011
2.1211162 18.332306 -4.4882393
0.38427687 22.015472 -4.8220763
3.9431889 23.818905 -4.6779308
0.41869354 3.5060632 -3.5889111
0.40405053 5.7637315 -3.7397919
0.95205653 7.9723473 -3.8596556
0.70564294 10.06591 -4.0090199
1.4778812 12.375506 -4.1473355
0.98813808 14.095669 -4.2579722
2.7738502 16.382593 -4.3266521
1.4432008 20.587084 -4.657063
2.1887708 18.328365 -4.4828949
0.46480209 22.005938 -4.8144326
4.0311356 23.808228 -4.6703534
0.43137112 3.5081787 -3.5897651
0.42331767 5.7507615 -3.734004
0.97939885 7.9650817 -3.8561304
0.74106318 10.067327 -4.0069418
1.5210681 12.370273 -4.1435013
1.0373321 14.092134 -4.2537966
2.8303368 16.368885 -4.3207211
1.5171005 20.609777 -4.6549611
2.2512717 18.308744 -4.4754152
0.54160976 22.004181 -4.8082108
4.1135321 23.790079 -4.6621585
0.44300157 3.5067291 -3.5887291
0.44267985 5.7531662 -3.7337394
1.0053135 7.9579 -3.852725
0.77535123 10.076637 -4.0068083
1.5630732 12.373036 -4.1414037
1.0852752 14.104478 -4.2526913
2.8839076 16.355488 -4.3150463
1.5854324 20.604633 -4.6491423
2.3139682 18.316999 -4.4724059
0.61546248 22.034185 -4.8067851
4.1923957 23.776308 -4.6548223
0.45524058 3.505161 -3.5876358
0.46337891 5.7592654 -3.7347398
1.0335928 7.9582305 -3.8512959
0.8092553 10.05811 -4.0001965
1.6057459 12.363569 -4.1367698
1.1361009 14.120424 -4.2520709
2.9416909 16.349241 -4.3103471
1.659272 20.622837 -4.6464109
2.3820055 18.340441 -4.471478
0.69212741 22.023922 -4.7993894
4.2767849 23.769386 -4.648056
0.46904397 3.5106561 -3.5903587
0.48545218 5.7690425 -3.7370009
1.0653498 7.9738293 -3.8539388
0.84644389 10.059015 -3.9979382
1.6515726 12.361534 -4.1334844
1.1888444 14.128054 -4.2497835
3.0044694 16.354019 -4.307241
1.7365156 20.636497 -4.6427703
2.4502623 18.339491 -4.4666481
0.77325946 22.033205 -4.794467
4.3681993 23.777119 -4.6428246
0.48019212 3.5054893 -3.5873764
0.50491768 5.7712388 -3.7367115
1.0912559 7.9663653 -3.8505118
0.87945437 10.052216 -3.9941707
1.6925591 12.355988 -4.1297994
1.2353455 14.120072 -4.2450404
3.0623522 16.363539 -4.3052702
1.8066837 20.650501 -4.6397181
2.515398 18.36286 -4.4659443
0.84617293 22.026533 -4.7879086
4.4462953 23.758575 -4.6349392
0.4924266 3.5037918 -3.5862732
0.52401417 5.7579322 -3.7309108
1.1179674 7.9547391 -3.8459067
0.91525698 10.056956 -3.9929407
1.734026 12.338217 -4.1235929
1.2839092 14.107753 -4.2393622
3.1194572 16.352749 -4.2998934
1.8809319 20.667912 -4.6368909
2.5767119 18.334229 -4.4571939
0.92239189 22.00749 -4.7793412
4.5299559 23.746832 -4.6276164
0.50526452 3.5019636 -3.5851116
0.54583961 5.7636428 -3.731791
1.1465538 7.9467072 -3.8422225
0.95173651 10.0496 -3.9888542
1.7809333 12.34356 -4.1218166
1.3356049 14.102952 -4.2348881
3.1801293 16.345116 -4.2948561
1.9559139 20.652935 -4.629209
2.6444583 18.328609 -4.4517093
1.0034059 22.011938 -4.7737894
4.6222949 23.757507 -4.622777
0.51748484 3.5001786 -3.5840025
0.56633043 5.7655363 -3.7313967
1.1742842 7.9426565 -3.8397057
0.98680818 10.046217 -3.9858088
1.8245872 12.341194 -4.1186771
1.385211 14.102163 -4.2313256
3.2379358 16.337824 -4.2900724
2.0264292 20.630096 -4.6206999
2.7124984 18.346874 -4.4500461
1.0804268 22.012289 -4.7679739
4.7098489 23.764734 -4.6178112
0.52908832 3.4984436 -3.5829463
0.5854454 5.7636266 -3.7297316
1.2041341 7.9619884 -3.8435795
1.0205146 10.046822 -3.9838023
1.8613461 12.307613 -4.1095715
1.431563 14.093535 -4.2265434
3.2936671 16.334803 -4.2861629
2.0952291 20.627232 -4.6153035
2.7745128 18.345663 -4.4456897
1.1534119 22.008585 -4.7619004
4.7854676 23.733324 -4.6084051
0.54129791 3.4965751 -3.5818315
0.60515946 5.7577171 -3.7266243
1.2307214 7.9499841 -3.8389544
1.0564073 10.05106 -3.9825256
1.9049069 12.304962 -4.1064167
1.4799223 14.080542 -4.2208276
3.3498695 16.319305 -4.2801132
2.1676414 20.623762 -4.6095734
2.8373194 18.327986 -4.4386654
1.2317947 22.032322 -4.7593637
4.858654 23.669535 -4.5947671
0.55350089 3.4946642 -3.5807137
0.62483966 5.75174 -3.7235141
1.257853 7.9417653 -3.8353703
1.0914885 10.04731 -3.9794505
1.9490924 12.306075 -4.1040158
1.530356 14.087151 -4.2186422
3.4060042 16.303614 -4.2740536
2.2409174 20.62797 -4.6049409
2.8994126 18.306156 -4.4310427
1.3075165 22.007963 -4.7501588
4.9453359 23.671974 -4.5892582
0.56682283 3.5035458 -3.5854332
0.64347976 5.7458081 -3.7204897
1.2829275 7.9298062 -3.8308687
1.1252384 10.047564 -3.9774127
1.9905212 12.303461 -4.1010332
1.5761741 14.074093 -4.2131228
3.4608741 16.296125 -4.2694869
2.3097498 20.624392 -4.5994854
2.9626455 18.312185 -4.4278145
1.3802363 21.999525 -4.7434759
5.0320988 23.694508 -4.5864973
0.57845682 3.4979694 -3.5823801
0.66397333 5.747354 -3.7200677
1.312518 7.9368892 -3.8314397
1.1589411 10.031796 -3.9716501
2.034101 12.300354 -4.0978413
1.6243765 14.060605 -4.2073808
3.5236206 16.311195 -4.2683134
2.3849292 20.643951 -4.597034
3.026545 18.301731 -4.4219265
1.4588628 22.022453 -4.7408562
5.1189876 23.696312 -4.5809221
0.59006035 3.4923539 -3.5793259
0.68448818 5.7488256 -3.7196379
1.3434842 7.9515967 -3.8340743
1.1944215 10.031614 -3.9694409
2.0750449 12.28144 -4.0915856
1.6753318 14.070645 -4.2058544
3.5822499 16.306578 -4.2640486
2.4574528 20.639462 -4.5912142
3.0917444 18.298916 -4.417191
1.5365658 22.029173 -4.7360024
5.203393 23.686102 -4.5738945
0.60100466 3.4794509 -3.572366
0.70508349 5.7424555 -3.7164242
1.3719498 7.9427543 -3.8303354
1.2321424 10.035015 -3.967953
2.123419 12.293303 -4.0912194
1.7273738 14.068358 -4.2019801
3.6402507 16.285564 -4.2570477
2.5345383 20.642199 -4.5861635
3.1594672 18.291391 -4.4115572
1.616122 22.007469 -4.7269597
5.2919083 23.674665 -4.5664444
0.61379838 3.4845793 -3.57514
0.72364169 5.7362633 -3.7133858
1.3982836 7.9381604 -3.8278861
1.2649211 10.026952 -3.9641037
2.1662419 12.297916 -4.0897088
1.7735227 14.058606 -4.197125
3.6933587 16.269518 -4.2511992
2.6014838 20.621801 -4.5784097
3.2221861 18.292593 -4.4076619
1.6903208 22.017908 -4.7229338
5.3756981 23.680349 -4.5616541
0.62531763 3.478847 -3.5720832
0.74415749 5.7375231 -3.7129393
1.4239049 7.9216499 -3.8221962
1.2994082 10.018557 -3.9600928
2.2070537 12.278563 -4.0834289
1.8220776 14.048386 -4.1920419
3.7474458 16.244884 -4.2438502
2.6739697 20.616552 -4.5725322
3.2846138 18.273384 -4.4005461
1.7674927 22.015852 -4.7169156
5.4547405 23.645876 -4.5517344
0.63871771 3.4800978 -3.5728116
0.76518035 5.7347569 -3.7110553
1.4550519 7.9279513 -3.8225822
1.3350716 10.00589 -3.9550357
2.2520392 12.270392 -4.0792193
1.8735523 14.041614 -4.1874294
3.8078671 16.234919 -4.2386479
2.7489831 20.602659 -4.5652127
3.3537219 18.272987 -4.396018
1.8498383 22.029116 -4.7127237
5.5441012 23.637388 -4.5446835
0.65152776 3.4814105 -3.5735915
0.78466976 5.7282343 -3.707917
1.4827151 7.9228239 -3.8199854
1.3705249 10.005086 -3.9527791
2.2970443 12.274158 -4.0774689
1.9236318 14.042869 -4.1844196
3.8663571 16.229279 -4.2343125
2.8225033 20.604797 -4.5603971
3.416749 18.257252 -4.3894553
1.9267184 22.022526 -4.7061138
5.6367521 23.660624 -4.5417442
0.66171092 3.4721086 -3.5686674
0.80419528 5.7294159 -3.7075427
1.5111815 7.9294233 -3.8206072
1.4036934 10.000485 -3.9497881
2.3407035 12.282065 -4.0766578
1.9696336 14.032475 -4.1795249
3.9229586 16.227982 -4.2308431
2.8902574 20.591375 -4.5536895
3.4765234 18.241903 -4.3831806
1.9982884 22.000114 -4.697648
5.7208076 23.665091 -4.5368366
0.67451888 3.4733362 -3.5694411
0.82364255 5.7227612 -3.7043972
1.5366099 7.9125481 -3.8149035
1.4391589 9.9994383 -3.9475117
2.3828082 12.269923 -4.071857
2.0203073 14.037323 -4.1771812
3.9833817 16.229658 -4.2276778
2.9621227 20.581161 -4.5471892
3.5409434 18.23357 -4.3777447
2.0750768 21.993006 -4.6910038
5.8033857 23.644976 -4.5287042
0.68663985 3.4709606 -3.5682931
0.84305316 5.7160406 -3.7012496
1.5649837 7.910984 -3.8133171
1.4746339 9.9982624 -3.945224
2.4248571 12.257639 -4.067049
2.069298 14.030184 -4.1727362
4.0429025 16.227249 -4.2238889
3.0333691 20.566746 -4.5401263
3.6092157 18.244564 -4.3751616
2.1526172 21.99357 -4.6854196
5.8984423 23.674944 -4.5265732
0.69875085 3.4685426 -3.5671425
0.86415023 5.7206807 -3.7021029
1.5918124 7.901628 -3.8096671
1.5095233 9.9930544 -3.9420485
2.4684103 12.252989 -4.0637369
2.118257 14.022876 -4.1682801
4.0975652 16.205315 -4.2170792
3.1045415 20.552088 -4.5330505
3.6728754 18.231855 -4.3691139
2.2325931 22.017694 -4.683043
5.9839792 23.665827 -4.5197749
0.71158332 3.4696336 -3.567903
0.88176084 5.7024016 -3.6949472
1.6170226 7.8844967 -3.8039606
1.5437951 9.9838181 -3.9379883
2.5095751 12.236524 -4.0581627
2.1671968 14.015395 -4.1638122
4.1541119 16.190912 -4.2114606
3.1732197 20.521408 -4.523787
3.7356975 18.215015 -4.3624797
2.3098583 22.013737 -4.6768665
6.0764823 23.683472 -4.5161724
0.72160423 3.4601569 -3.5629778
0.90186727 5.7070565 -3.6958804
1.6447597 7.8867707 -3.8035131
1.5775092 9.9825478 -3.9358327
2.5477064 12.216481 -4.0520406
2.2124174 14.000277 -4.1581769
4.2117867 16.192467 -4.2085032
3.2431183 20.522596 -4.5191827
3.7960765 18.202528 -4.356709
2.3832712 22.009928 -4.6710072
6.1559863 23.667055 -4.5088086
0.73457927 3.4648376 -3.565702
0.91956133 5.6964283 -3.6914809
1.6741602 7.8966198 -3.8051026
1.6106064 9.9772615 -3.9327929
2.5914991 12.223492 -4.0511479
2.2607369 14.00464 -4.1559811
4.2624187 16.166857 -4.2013502
3.30671 20.484154 -4.5091491
3.854769 18.182039 -4.3497877
2.4580231 22.017769 -4.6667318
6.2364783 23.654234 -4.501884
0.74727279 3.462122 -3.5644817
0.94168794 5.7006207 -3.6922174
1.7030898 7.8904309 -3.8023217
1.6478059 9.9751902 -3.9302979
2.6362803 12.213911 -4.0468431
2.3107517 13.988412 -4.1498785
4.3298764 16.181904 -4.2001739
3.3843625 20.487644 -4.5043921
3.9213796 18.167789 -4.3433843
2.5400732 22.020508 -4.6612186
6.3272567 23.646648 -4.4950247
0.75935102 3.4594934 -3.5633171
0.96029508 5.6897035 -3.6877224
1.7289349 7.8767776 -3.7976246
1.6812936 9.961586 -3.9253387
2.6797409 12.208512 -4.043479
2.3582332 13.972422 -4.1439953
4.3863239 16.166695 -4.1944995
3.4571714 20.48358 -4.4988623
3.9873252 18.165676 -4.3389707
2.6173797 22.015476 -4.654954
6.4149723 23.643692 -4.489007
0.77300233 3.4638977 -3.5659657
0.98211437 5.6977038 -3.6898632
1.7572758 7.8745222 -3.7959862
1.7153869 9.9517593 -3.9212458
2.7206151 12.191339 -4.0378718
2.4117241 13.991537 -4.1442719
4.4406219 16.143604 -4.1876273
3.5313678 20.487112 -4.4943824
4.0533204 18.163319 -4.3345342
2.6961582 22.022051 -4.650259
6.4985309 23.625002 -4.481142
0.78208184 3.4507084 -3.5591309
1.0003381 5.6906219 -3.6867809
1.7825143 7.8648252 -3.7924349
1.7483815 9.9460154 -3.9181778
2.7654169 12.201596 -4.0376616
2.4601781 13.995213 -4.1420107
4.4919982 16.121115 -4.1810341
3.5972195 20.463497 -4.4864607
4.1144161 18.153664 -4.3292565
2.7711706 22.028831 -4.6458788
6.578989 23.611015 -4.4741278
0.79553747 3.4513516 -3.5598066
1.021868 5.6907082 -3.6861608
1.8122075 7.8620625 -3.7906494
1.7855202 9.9434319 -3.9156473
2.8092253 12.187514 -4.0325718
2.5121565 13.990017 -4.1379113
4.552134 16.108376 -4.1756349
3.6771297 20.477669 -4.4832077
4.1827116 18.146233 -4.3239107
2.8503485 22.006653 -4.637085
6.6665645 23.59059 -4.4658074
0.80758101 3.4485531 -3.5586312
1.0424216 5.6908956 -3.6856265
1.8369592 7.8442311 -3.7849236
1.820933 9.9410257 -3.9132671
2.8526583 12.181495 -4.0291605
2.5602624 13.97725 -4.1326623
4.6105323 16.100046 -4.1710939
3.7493122 20.468632 -4.4770546
4.2496696 18.147047 -4.3199744
2.9271543 21.996569 -4.6302037
6.7565713 23.594046 -4.4605813
0.81985003 3.4493835 -3.5594158
1.0584601 5.6722612 -3.6785672
1.861146 7.8304644 -3.780349
1.8560618 9.9465895 -3.9127705
2.8939531 12.17583 -4.0259471
2.606596 13.968683 -4.1283145
4.6638937 16.084669 -4.1656504
3.8230195 20.487467 -4.4749413
4.3144298 18.15225 -4.3168855
3.0038555 22.014427 -4.6273346
6.8381062 23.583015 -4.4539485
0.83163679 3.4428315 -3.5562732
1.0806853 5.6759119 -3.6792531
1.8907567 7.8274031 -3.7785461
1.8939865 9.947485 -3.9110677
2.9357688 12.153571 -4.0193577
2.6600113 13.970756 -4.1255341
4.7250652 16.075106 -4.1607924
3.8921189 20.441959 -4.4636331
4.3762565 18.11694 -4.3075657
3.0867441 22.019081 -4.6221623
6.9335113 23.588442 -4.4486833
0.84192169 3.4328656 -3.5512884
1.0997565 5.6683235 -3.6760635
1.9180663 7.8207555 -3.775857
1.9279431 9.9369326 -3.9069283
2.9791172 12.147102 -4.0159178
2.7095168 13.965289 -4.1216087
4.7856917 16.073784 -4.1573734
3.967247 20.447836 -4.4595442
4.4404154 18.105425 -4.301898
3.1641493 22.012123 -4.6157374
7.0158033 23.564098 -4.4402385
0.8565262 3.44046 -3.5558047
1.1187878 5.6606712 -3.6728718
1.9491426 7.8292375 -3.7772057
1.9626157 9.9301424 -3.9036448
3.0253322 12.152032 -4.0146685
2.7559321 13.944043 -4.1149654
4.8394675 16.049356 -4.1504369
4.0432367 20.457352 -4.4559541
4.5093627 18.113026 -4.2989926
3.2403805 21.996998 -4.6082468
7.1049271 23.562405 -4.434442
0.8673299 3.4377522 -3.5547347
1.1395996 5.672235 -3.6764529
1.9756467 7.8306818 -3.7767899
1.9945791 9.927804 -3.9015431
3.0605795 12.130926 -4.0086904
2.8012886 13.943114 -4.1121569
4.8886991 16.030264 -4.1446543
4.1066952 20.440636 -4.449326
4.5603895 18.075579 -4.2900338
3.3094656 21.98671 -4.6019611
7.1928883 23.585804 -4.4321198
0.88052428 3.4343965 -3.5534241
1.163692 5.6791382 -3.6783266
2.0047276 7.8192387 -3.7727964
2.0318933 9.9161997 -3.8970544
3.102212 12.099866 -4.0004082
2.8603973 13.959528 -4.1117744
4.951395 16.015179 -4.1388664
4.1883602 20.440353 -4.4439526
4.6307549 18.061794 -4.2836952
3.3969162 21.993563 -4.5968575
7.2881222 23.573273 -4.4245162
0.89250809 3.4313016 -3.5522301
1.1858695 5.6863532 -3.6803765
2.0310242 7.8083963 -3.7690709
2.0673044 9.9129152 -3.8946047
3.1434338 12.085122 -3.9954712
2.9091113 13.949457 -4.1071191
5.0084624 16.001596 -4.1336436
4.2629485 20.441233 -4.4392314
4.6907687 18.033945 -4.2757607
3.4761658 21.997343 -4.5919042
7.3811054 23.581982 -4.4199352
0.90263134 3.4211545 -3.5472438
1.2025146 5.6671066 -3.6732209
2.0572698 7.7974663 -3.7653422
2.1010764 9.9017706 -3.8904328
3.1886394 12.085585 -3.993443
2.9520116 13.911983 -4.0977554
5.0630894 15.980219 -4.1272526
4.3400788 20.453547 -4.4360518
4.7608142 18.044443 -4.2733231
3.5573933 22.012657 -4.5884752
7.4633832 23.556072 -4.4113674
0.91430992 3.4218044 -3.5480609
1.2203114 5.6633015 -3.6715102
2.0837796 7.7985439 -3.7648971
2.133837 9.9028511 -3.889154
3.2265894 12.075509 -3.9896398
2.9940248 13.894868 -4.092216
5.1120496 15.960443 -4.1214375
4.4068322 20.451517 -4.4314413
4.8185043 18.033251 -4.2681937
3.6200337 21.961988 -4.5769439
7.5312552 23.513496 -4.4014583
0.92684466 3.4184303 -3.5468011
1.2418841 5.6625528 -3.670821
2.1123471 7.7908545 -3.7620258
2.1709628 9.8988237 -3.8865097
3.2729011 12.071262 -3.9866462
3.0466328 13.891569 -4.0886455
5.1766539 15.960542 -4.1181884
4.4851761 20.450819 -4.4262981
4.88978 18.034708 -4.2642918
3.7031541 21.964319 -4.5715694
7.6210766 23.497131 -4.3937469
0.93936676 3.4150105 -3.5455387
1.2634678 5.6617231 -3.6701243
2.1398458 7.7792783 -3.758147
2.2063663 9.8869429 -3.8821504
3.3192241 12.066836 -3.9836373
3.0983903 13.884192 -4.0843911
5.2351136 15.941463 -4.1120477
4.5609665 20.438137 -4.4195709
4.9611301 18.035885 -4.2603621
3.7856619 21.9624 -4.5656509
7.7096329 23.476629 -4.3855753
0.95106423 3.415535 -3.5463443
1.2786977 5.6464548 -3.664474
2.1663809 7.7800736 -3.7576776
2.236546 9.8761072 -3.8782871
3.3549919 12.048704 -3.9783587
3.14639 13.893784 -4.0834913
5.2901921 15.940056 -4.1090617
4.6269212 20.43149 -4.4143796
5.0156331 18.012527 -4.2535453
3.8525755 21.938602 -4.5576997
7.7921605 23.478823 -4.3808413
0.96259189 3.4085371 -3.5431867
1.3002504 5.645484 -3.6637685
2.1916857 7.7607574 -3.7517903
2.2736182 9.8716955 -3.875617
3.396976 12.028688 -3.9724388
3.1955101 13.874406 -4.0772099
5.3523884 15.931884 -4.1046042
4.6937194 20.379396 -4.4024529
5.0805397 17.990187 -4.2463102
3.9322586 21.920406 -4.5496926
7.8819838 23.46146 -4.3730507
0.97448337 3.4051564 -3.5419772
1.3208252 5.6446614 -3.6631525
2.218761 7.7530599 -3.7490366
2.3071604 9.8598499 -3.8714077
3.4422159 12.028202 -3.9703326
3.2457306 13.870912 -4.073813
5.4092464 15.916875 -4.0992846
4.7620969 20.351234 -4.3939705
5.1422057 17.96851 -4.2393847
4.0130572 21.930103 -4.5455966
7.9753895 23.467831 -4.3682513
0.98737264 3.405216 -3.5426517
1.3396289 5.6362696 -3.6599205
2.2458091 7.7452679 -3.7462776
2.3406475 9.8478909 -3.8671939
3.4830739 12.012303 -3.965333
3.2950461 13.863367 -4.0697384
5.46736 15.90543 -4.0945196
4.84233 20.37331 -4.3921552
5.2137752 17.981085 -4.2373166
4.0925083 21.931662 -4.5404515
8.0637455 23.458735 -4.3616962
1.0002756 3.4052267 -3.5433211
1.3592966 5.6315589 -3.65799
2.2728336 7.737381 -3.7435129
2.3750114 9.8396606 -3.8638208
3.5283418 12.011493 -3.9631991
3.3387561 13.832451 -4.0616865
5.524159 15.890008 -4.0891724
4.9284019 20.418344 -4.3933697
5.2731428 17.951298 -4.22928
4.1690445 21.91724 -4.5332484
8.1600132 23.471931 -4.357676
1.01053 3.398416 -3.5402794
1.3797981 5.6345024 -3.658756
2.2984815 7.7298007 -3.7408814
2.4057505 9.8240509 -3.8589203
3.5692883 12.003529 -3.959831
3.3846118 13.821301 -4.0571723
5.5807872 15.882874 -4.085238
5.0017848 20.42514 -4.389771
5.3394656 17.956642 -4.2264037
4.2432261 21.911131 -4.5274019
8.2232485 23.403297 -4.3446751
1.0208862 3.3877473 -3.5352335
1.4013687 5.6331458 -3.6580188
2.3267951 7.7213249 -3.737968
2.4426932 9.819005 -3.8562102
3.6144013 11.994165 -3.956022
3.4333234 13.801085 -4.0508571
5.6376262 15.858562 -4.0784397
5.0775714 20.410545 -4.3828926
5.4040899 17.933134 -4.2190986
4.3258209 21.907179 -4.5213156
8.3076286 23.36924 -4.335063
1.0348226 3.3910978 -3.537776
1.4191393 5.62075 -3.6534731
2.3560252 7.7206588 -3.7371695
2.4769559 9.8104181 -3.8528168
3.6597242 11.99286 -3.9538445
3.4844019 13.800585 -4.0480576
5.688911 15.827539 -4.0708065
5.1556301 20.419777 -4.379395
5.471314 17.929411 -4.2147822
4.4030576 21.895859 -4.5145583
8.4013138 23.373915 -4.3301072
1.0477213 3.390929 -3.5384316
1.4387467 5.6157627 -3.6515255
2.3829558 7.712389 -3.7343819
2.5121593 9.805541 -3.8502576
3.7038994 11.987597 -3.9509397
3.5305698 13.780633 -4.0419645
5.7413931 15.800103 -4.0637341
5.2337952 20.428717 -4.3758659
5.5350304 17.914017 -4.2088428
4.4794464 21.88036 -4.5072813
8.497838 23.385738 -4.3259578
1.0589613 3.3874359 -3.5372648
1.4563946 5.6072326 -3.6483741
2.4085202 7.7044439 -3.7317283
2.5446646 9.7971563 -3.8470194
3.7388995 11.9601 -3.94397
3.5802517 13.784247 -4.04003
5.7951336 15.784714 -4.0586309
5.2995095 20.403524 -4.3681087
5.5955997 17.899366 -4.2032113
4.5544267 21.877108 -4.5018535
8.5877342 23.391165 -4.3213611
1.0718737 3.3871748 -3.5379121
1.47596 5.6021142 -3.6464193
2.436584 7.699728 -3.7299168
2.583885 9.8073244 -3.8477933
3.7806282 11.946976 -3.939626
3.6313889 13.783202 -4.0371828
5.8488159 15.760653 -4.0521026
5.37782 20.411911 -4.3645248
5.6628618 17.894928 -4.1988349
4.6291156 21.853266 -4.4935389
8.6707277 23.364786 -4.3129325
1.0820675 3.3763192 -3.5328643
1.4964818 5.5966668 -3.6443627
2.4611957 7.6795411 -3.7240157
2.6177695 9.7901516 -3.8425202
3.8292315 11.948153 -3.9378905
3.6798253 13.762117 -4.0308204
5.9051399 15.735383 -4.0452695
5.4598083 20.419046 -4.3605499
5.727191 17.870258 -4.1914616
4.7125421 21.851763 -4.4878364
8.7534952 23.325375 -4.3027916
1.0921392 3.3692639 -3.5298173
1.514024 5.5879555 -3.6412053
2.4878564 7.6750693 -3.7223349
2.650218 9.7814178 -3.8392589
3.8725004 11.946714 -3.9358654
3.7264786 13.753676 -4.0268855
5.9530492 15.704544 -4.0379176
5.5316596 20.416233 -4.3557534
5.7851868 17.847376 -4.184731
4.7892466 21.855513 -4.4833384
8.8392839 23.318626 -4.2968588
1.1050228 3.3688762 -3.530457
1.5335195 5.5826373 -3.6392403
2.5121856 7.658885 -3.7175574
2.6832969 9.7682972 -3.8349853
3.9117029 11.925584 -3.9300773
3.7744629 13.740586 -4.022049
6.016377 15.705984 -4.0352473
5.6050029 20.404501 -4.3495741
5.8536596 17.846016 -4.1808281
4.8689752 21.854248 -4.4779477
8.9334784 23.321192 -4.2916951
1.1156346 3.3615572 -3.5273464
1.554032 5.5809612 -3.6385615
2.5376716 7.6463461 -3.7137618
2.7163205 9.7550621 -3.8307071
3.9508104 11.904324 -3.9242866
3.8224068 13.727326 -4.0172019
6.0841079 15.718314 -4.0342059
5.6697764 20.361744 -4.3393841
5.9222012 17.844389 -4.1768985
4.9452372 21.837118 -4.4705515
9.0119543 23.282415 -4.2819448
1.1267768 3.3578389 -3.5261695
1.5725321 5.5757761 -3.6366858
2.5655115 7.6453247 -3.7130449
2.7497301 9.7498045 -3.8282597
3.9890058 11.887393 -3.9194157
3.8679111 13.714574 -4.0125885
6.1246018 15.668373 -4.0240698
5.739439 20.350508 -4.3335357
5.981348 17.824652 -4.1706514
5.0176306 21.820595 -4.46351
9.096386 23.270994 -4.275517
1.1379097 3.3502541 -3.5229969
1.5950748 5.5773826 -3.6371844
2.5947757 7.6395845 -3.7110574
2.7854443 9.7396612 -3.8246284
4.0350981 11.880208 -3.9162068
3.9170551 13.696483 -4.0068359
6.1907673 15.668046 -4.0210352
5.8172755 20.340845 -4.3274436
6.051764 17.817711 -4.1658273
5.091207 21.774851 -4.45227
9.1742764 23.218929 -4.2640624
