# .PCD v0.7 - Point Cloud Data file format
VERSION 0.7
FIELDS x y z
SIZE 4 4 4
TYPE F F F
COUNT 1 1 1
WIDTH 18449
HEIGHT 1
VIEWPOINT 0 0 0 1 0 0 0
POINTS 18449
DATA ascii
1.1119962 3.3742156 -3.5267229
1.5433661 5.5879159 -3.5865681
2.5241077 7.6590939 -3.6338978
2.7011461 9.7797785 -3.7016454
3.9320805 11.931415 -3.7706175
3.803179 13.769803 -3.8137124
6.0626154 15.760758 -3.8371642
5.6451802 20.438957 -4.0113626
5.8960485 17.890833 -3.9193146
4.9169641 21.925325 -4.0850682
9.007618 23.416775 -3.9695563
1.1226219 3.366874 -3.5240881
1.561825 5.5787849 -3.5840399
2.5533111 7.6576777 -3.6338577
2.7363355 9.7740955 -3.7001123
3.9774737 11.928907 -3.7696154
3.8490806 13.748783 -3.8093386
6.1190405 15.743211 -3.8336484
5.7175717 20.422968 -4.0069971
5.9672956 17.896614 -3.9181526
4.9881506 21.884676 -4.0776558
9.0864153 23.377743 -3.962899
1.1332083 3.3595002 -3.5214539
1.5823396 5.5770049 -3.5839467
2.5812776 7.6524348 -3.6328969
2.7693563 9.7606821 -3.6970572
4.0178189 11.911193 -3.7660594
3.8981323 13.739089 -3.80668
6.1593966 15.684686 -3.8247344
5.7910018 20.410566 -4.0030446
6.0284524 17.871901 -3.9133143
5.0654087 21.871021 -4.0731339
9.1708784 23.353317 -3.9576418
1.1460997 3.3589544 -3.522438
1.602863 5.5751491 -3.5838487
2.6092427 7.64709 -3.6319308
2.8055971 9.7585526 -3.6962705
4.0670629 11.919626 -3.7669451
3.9482682 13.733042 -3.804584
6.2287993 15.700108 -3.8256154
5.8677301 20.409399 -4.0003457
6.0908041 17.850746 -3.908926
5.1353278 21.826004 -4.0653033
9.2538185 23.324873 -3.9520209
1.1578153 3.3549342 -3.5216112
1.6233875 5.5732193 -3.5837471
2.634635 7.6342282 -3.6291361
2.8374262 9.7411118 -3.6924515
4.1099319 11.90911 -3.7646446
3.9972839 13.722997 -3.8019087
6.2909622 15.696757 -3.8240314
5.9366903 20.381134 -3.9946785
6.1569672 17.840685 -3.9058964
5.2142515 21.819599 -4.0615864
9.3425941 23.31097 -3.9477878
1.1719093 3.3577178 -3.5243979
1.6417431 5.5638242 -3.5812104
2.6638546 7.6323919 -3.6290731
2.8714144 9.7311478 -3.6901417
4.1475582 11.883452 -3.7598035
4.0451655 13.70896 -3.7986548
6.3457198 15.674701 -3.8199947
6.0123205 20.375595 -3.991529
6.2244654 17.834141 -3.9033072
5.3007445 21.843933 -4.0611339
9.4284086 23.289316 -3.9428377
1.177591 3.3365133 -3.5145326
1.6655679 5.5728211 -3.5847445
2.691788 7.6267452 -3.6280928
2.9042354 9.7172775 -3.687073
4.1850548 11.857676 -3.7549632
4.0918584 13.690944 -3.7948258
6.3973856 15.645081 -3.8149793
6.0879831 20.369774 -3.9883628
6.2959733 17.838621 -3.9020631
5.3769684 21.825296 -4.0561485
9.5262775 23.296921 -3.9406521
1.1892297 3.3323827 -3.5137038
1.6805458 5.552227 -3.5785618
2.7183924 7.6173034 -3.6261985
2.9427156 9.7222137 -3.6877699
4.2250843 11.839259 -3.7513869
4.1384692 13.672772 -3.790993
6.4565158 15.633698 -3.8123891
6.156734 20.340763 -3.9826672
6.3555193 17.809025 -3.8967273
5.4550519 21.814142 -4.051971
9.6166821 23.285673 -3.9367056
1.2033163 3.335031 -3.5164835
1.6987892 5.5426435 -3.5760212
2.744967 7.6077666 -3.6243007
2.9766374 9.7118816 -3.6854444
4.2650414 11.820704 -3.7478065
4.1885056 13.665846 -3.7888563
6.5156512 15.62209 -3.8097866
6.2277045 20.319145 -3.9778016
6.4244156 17.805481 -3.8945479
5.5341163 21.80657 -4.0481853
9.7163572 23.296185 -3.9348104
1.2137074 3.3274047 -3.5138464
1.7192669 5.5403595 -3.5759032
2.7755373 7.6091943 -3.6251225
3.0093465 9.6976576 -3.6823628
4.3089948 11.8132 -3.7461126
4.2397161 13.662539 -3.7872763
6.5716863 15.602924 -3.8062065
6.2985897 20.297285 -3.9729276
6.4865255 17.782948 -3.8900998
5.6191554 21.821915 -4.0468254
9.8084612 23.287888 -3.9311619
1.2290766 3.3333521 -3.5184226
1.7385947 5.5343246 -3.5745704
2.8020799 7.5994596 -3.6232162
3.0431774 9.6870937 -3.6800299
4.347456 11.790641 -3.7418957
4.2885709 13.651452 -3.784555
6.6323419 15.594551 -3.8040659
6.3705935 20.278982 -3.9684608
6.5485568 17.760197 -3.8856442
5.7023516 21.829203 -4.0446267
9.8881245 23.249836 -3.9247432
1.2370138 3.3226793 -3.5140636
1.7559743 5.5288348 -3.5733685
2.8259423 7.5906186 -3.6214976
3.0724015 9.6737185 -3.6771762
4.3803258 11.765768 -3.7373459
4.3302364 13.634119 -3.7810259
6.6813054 15.573637 -3.8003936
6.4415231 20.281685 -3.9665496
6.6057148 17.743271 -3.8820765
5.7780561 21.838194 -4.042912
9.9469547 23.185627 -3.9161844
1.2479057 3.3147304 -3.5113831
1.7738664 5.515028 -3.569546
2.8565066 7.5875525 -3.621299
3.110255 9.6699181 -3.6762171
4.4262137 11.757063 -3.7354872
4.3777404 13.610585 -3.7764361
6.7510061 15.578278 -3.7999487
6.515811 20.25794 -3.9613976
6.6706991 17.718943 -3.8773828
5.8632283 21.836145 -4.039607
10.030274 23.145351 -3.9094567
1.2614672 3.3173513 -3.514189
1.7933358 5.5127788 -3.569483
2.8802562 7.5743713 -3.6185739
3.1410799 9.6557932 -3.6732399
4.4679956 11.74974 -3.7339168
4.4166965 13.577085 -3.7704861
6.8058171 15.563107 -3.7970147
6.5841837 20.240019 -3.9571416
6.7237492 17.681822 -3.8713424
5.9460831 21.855101 -4.0388074
10.111767 23.12294 -3.9046938
1.2704395 3.3061595 -3.5097485
1.8161826 5.5174618 -3.5717635
2.9066803 7.564271 -3.6166544
3.1722968 9.6372604 -3.6693957
4.5132561 11.745183 -3.7328141
4.4740143 13.591806 -3.7716749
6.860105 15.539254 -3.7929084
6.6560473 20.220701 -3.9526291
6.7882943 17.665684 -3.8677533
6.0244637 21.841906 -4.0345068
10.215003 23.138645 -3.9033496
1.2838607 3.3048606 -3.5106654
1.8363916 5.5107679 -3.5703497
2.9343834 7.5535669 -3.6146359
3.2088451 9.6293192 -3.6676726
4.5562711 11.728562 -3.7296801
4.5250545 13.579089 -3.7687526
6.9299836 15.543106 -3.7924128
6.7313724 20.199959 -3.9478595
6.8529925 17.640686 -3.8630395
6.1066241 21.827372 -4.0299368
10.288355 23.075521 -3.8945496
1.2934899 3.2972097 -3.5080667
1.8558872 5.5082979 -3.5702736
2.9594181 7.5437942 -3.6128068
3.2407622 9.6186256 -3.6654332
4.5980411 11.720776 -3.7280858
4.5700631 13.564009 -3.7655947
6.9765906 15.509141 -3.7870629
6.7996006 20.181305 -3.9435728
6.9187388 17.636419 -3.8609874
6.1800675 21.810841 -4.0254645
10.353358 23.015783 -3.8863664
1.3055654 3.2924469 -3.5071819
1.8760625 5.5014586 -3.5688541
2.988492 7.5365443 -3.6116824
3.2798193 9.6179047 -3.6651876
4.6438918 11.711223 -3.7261846
4.6197443 13.547167 -3.762099
7.0300903 15.476215 -3.7817776
6.8799582 20.175131 -3.9404204
6.9906764 17.629475 -3.8584695
6.2610636 21.791878 -4.0204673
10.450851 23.006765 -3.8826294
1.3172504 3.2916946 -3.5082188
1.8920835 5.4918957 -3.566431
3.0092416 7.5198345 -3.608145
3.3061595 9.596343 -3.6608255
4.6791897 11.69289 -3.7228611
4.6635804 13.536345 -3.7596548
7.0803394 15.457674 -3.7785344
6.9459119 20.160961 -3.9367678
7.0489936 17.614826 -3.8552859
6.3295007 21.7721 -4.0158315
10.513108 22.952038 -3.8750865
1.3306645 3.2902057 -3.5091259
1.9134665 5.4885616 -3.5662105
3.0353105 7.5051188 -3.6052172
3.3426082 9.5878935 -3.659081
4.722012 11.675663 -3.7197053
4.7118502 13.515408 -3.7555895
7.1369429 15.43162 -3.7741907
7.0342031 20.176815 -3.9360304
7.1090193 17.577784 -3.8492081
6.4205346 21.787045 -4.0143909
10.607212 22.935097 -3.870646
1.3413427 3.2819507 -3.5064406
1.9322876 5.477879 -3.5635817
3.0642803 7.4975748 -3.6040828
3.3816693 9.5867596 -3.6588132
4.7632699 11.654604 -3.7159252
4.766644 13.51305 -3.7542996
7.1968222 15.412578 -3.7707868
7.1094313 20.154663 -3.9311919
7.1764107 17.558992 -3.84533
6.5037684 21.774841 -4.0101433
10.694578 22.903305 -3.8648491
1.3516475 3.2777205 -3.5056767
1.9469033 5.4645243 -3.5599551
3.0908122 7.495163 -3.6041305
3.4104469 9.5723648 -3.6559296
4.8044019 11.650587 -3.7150679
4.806407 13.490515 -3.750169
7.2587819 15.418716 -3.7708273
7.1753979 20.139744 -3.9274993
7.2391424 17.554789 -3.8434398
6.5709958 21.750483 -4.005074
10.764784 22.865978 -3.8589656
1.3630799 3.2729826 -3.504827
1.9646596 5.4540715 -3.5573945
3.1139388 7.4770865 -3.6003964
3.4438374 9.5604029 -3.6535463
4.8465638 11.637409 -3.7126646
4.849422 13.462432 -3.7451475
7.3176823 15.404078 -3.7680781
7.2470026 20.11833 -3.9228899
7.3003726 17.529413 -3.8388884
6.6433716 21.715961 -3.9986889
10.841103 22.821051 -3.8521287
1.3759028 3.2715461 -3.5057681
1.9850054 5.4507995 -3.5572317
3.141542 7.4697862 -3.5993464
3.485306 9.5706062 -3.6555927
4.8871598 11.62042 -3.7096384
4.8936672 13.437947 -3.7406788
7.3714123 15.37844 -3.7639072
7.3185549 20.096659 -3.9182699
7.3707952 17.525871 -3.8369541
6.7120523 21.669758 -3.9911165
10.939691 22.822678 -3.8495915
1.3856187 3.2595658 -3.5012469
2.0045898 5.4395223 -3.5545316
3.1717374 7.461278 -3.5980971
3.5220311 9.5571518 -3.6529555
4.9364023 11.612522 -3.7081506
4.9507327 13.433982 -3.7391851
7.42694 15.342851 -3.7583752
7.4122291 20.113337 -3.9175718
7.4302416 17.479095 -3.8297448
6.8023891 21.666676 -3.9877422
11.018548 22.762529 -3.8411233
1.3984176 3.2580409 -3.5021846
2.026253 5.4397116 -3.5555596
3.1977613 7.4501615 -3.5961452
3.5581276 9.552207 -3.6520286
4.9800358 11.602514 -3.706342
5.0003695 13.424074 -3.7369127
7.4821954 15.320413 -3.7546639
7.4879599 20.102299 -3.9141281
7.4912066 17.453053 -3.8251724
6.888855 21.67704 -3.9860454
11.111951 22.752636 -3.8375554
1.4100857 3.2569585 -3.5032051
2.0433311 5.4333196 -3.5543263
3.2180324 7.4328799 -3.592603
3.5922911 9.5520811 -3.6520712
5.0133057 11.57953 -3.7023754
5.0425158 13.408299 -3.7338688
7.5267682 15.289686 -3.7499633
7.5482626 20.071207 -3.908767
7.553915 17.447725 -3.8232241
6.9495916 21.63249 -3.9789774
11.167499 22.685373 -3.8290086
1.4191093 3.2451248 -3.498728
2.0618637 5.4221931 -3.5516891
3.2468266 7.4246278 -3.5914404
3.6258745 9.5351553 -3.648802
5.0493565 11.546534 -3.6967268
5.0944557 13.397161 -3.7314105
7.579217 15.254861 -3.7446334
7.6388011 20.088161 -3.9082484
7.6210132 17.427227 -3.8192718
7.0362463 21.629648 -3.9758091
11.248798 22.640711 -3.8221564
1.4304276 3.2401519 -3.4978719
2.0849221 5.4257498 -3.5538993
3.2743068 7.4168391 -3.5903714
3.6562994 9.5150623 -3.6449175
5.088026 11.525209 -3.693069
5.1383338 13.371873 -3.7269192
7.6466923 15.256797 -3.7441633
7.7088714 20.061377 -3.9031584
7.6995063 17.440639 -3.8194315
7.1179404 21.623911 -3.9724936
11.358173 22.661999 -3.8214808
1.4461571 3.2450724 -3.5023754
2.1038504 5.418438 -3.5525203
3.3001785 7.4053631 -3.5884087
3.6894934 9.5022402 -3.6424992
5.1395354 11.532747 -3.6942935
5.1821036 13.346438 -3.7224255
7.6963115 15.2229 -3.7390306
7.7759686 20.026903 -3.8972626
7.7489834 17.388161 -3.8117955
7.2022133 21.625443 -3.9699361
11.440819 22.629337 -3.8158863
1.4569094 3.2402594 -3.5015574
2.1189938 5.4042602 -3.5488229
3.3279324 7.4015336 -3.5883179
3.7224245 9.4936342 -3.6409314
5.1777482 11.515642 -3.6913865
5.2335901 13.347696 -3.7219279
7.753983 15.211491 -3.7368875
7.8481598 20.015869 -3.8940051
7.8115029 17.37328 -3.8087044
7.2840743 21.63171 -3.9680102
11.504911 22.569929 -3.8080008
1.4697087 3.2384555 -3.5024803
2.1392627 5.4004121 -3.5486336
3.3537469 7.3898726 -3.5863485
3.75845 9.4879322 -3.6399682
5.2244706 11.511952 -3.6907575
5.2816124 13.333044 -3.7190626
7.7997451 15.170164 -3.7308238
7.9267936 20.010611 -3.8912704
7.8819818 17.367693 -3.8066597
7.3633943 21.617487 -3.9638617
11.590924 22.543842 -3.8030398
1.4815693 3.2330468 -3.5015728
2.1547477 5.3818073 -3.5436072
3.3840797 7.3846617 -3.5860496
3.7961402 9.481432 -3.6388757
5.2682848 11.496332 -3.6881392
5.3319254 13.317287 -3.7160187
7.8497972 15.13087 -3.725013
8.0045366 19.992535 -3.8870721
7.9572153 17.364054 -3.8047929
7.446485 21.601675 -3.9594319
11.678996 22.511841 -3.7974274
1.4922833 3.2281156 -3.5007505
2.1740279 5.3782024 -3.543483
3.403614 7.3627167 -3.5815163
3.8290451 9.4724531 -3.6372895
5.3030534 11.471594 -3.6840019
5.3790436 13.306905 -3.7138538
7.8962431 15.097694 -3.7200854
8.0737877 19.973276 -3.8829787
8.0130854 17.33395 -3.7999494
7.5259662 21.59948 -3.9566746
11.759143 22.483597 -3.7924287
1.5050743 3.2261724 -3.5016668
2.1927869 5.3705812 -3.5420966
3.4309506 7.3543463 -3.5804243
3.8620846 9.4590302 -3.6348479
5.3397059 11.445822 -3.6797111
5.4299674 13.299095 -3.7120523
7.9451747 15.062994 -3.7149465
8.1404371 19.937586 -3.8770425
8.0785952 17.316713 -3.7965772
7.6052909 21.584373 -3.9524794
11.846862 22.460075 -3.7877457
1.5153449 3.2173543 -3.4989731
2.2153962 5.3696294 -3.543015
3.4595559 7.3452697 -3.5792286
3.8952231 9.4411583 -3.6315522
5.3866963 11.436942 -3.6782904
5.480195 13.28278 -3.7089837
8.0040779 15.040804 -3.7114286
8.2104197 19.90024 -3.8708441
8.140316 17.283379 -3.7912564
7.6883769 21.567629 -3.9480007
11.930986 22.420027 -3.7814527
1.5265656 3.2120457 -3.4981046
2.2326434 5.3583088 -3.5404356
3.4851727 7.3331499 -3.5772455
3.9251125 9.420208 -3.6276507
5.4299898 11.425239 -3.6764102
5.5249944 13.2599 -3.7049987
8.0527601 15.005754 -3.7062848
8.27983 19.87146 -3.865684
8.1954584 17.244059 -3.7853158
7.7757916 21.574463 -3.9460685
12.012946 22.385284 -3.775785
1.5350819 3.2039645 -3.4955418
2.249465 5.3512678 -3.5391815
3.5098867 7.3257022 -3.5763397
3.9638753 9.4296913 -3.6298015
5.4692831 11.415279 -3.6748321
5.5712452 13.253475 -3.7035155
8.0960712 14.973376 -3.7015636
8.3391199 19.837992 -3.8602514
8.2564793 17.232609 -3.782809
7.8476233 21.56118 -3.9423628
12.07561 22.333384 -3.7688341
1.5468156 3.1983166 -3.4946284
2.2690644 5.3429871 -3.5377162
3.5315921 7.3021951 -3.5716102
3.9953229 9.4078236 -3.6257699
5.5145445 11.402302 -3.6727817
5.6213422 13.236626 -3.7004259
8.1680641 14.975067 -3.701215
8.4164591 19.818312 -3.8559899
8.3213253 17.20582 -3.7783189
7.9390135 21.565985 -3.9401152
12.176513 22.324028 -3.7653654
1.5558233 3.1899116 -3.4920228
2.2913213 5.346055 -3.5399427
3.5592251 7.2974954 -3.57148
4.0249395 9.3908911 -3.6227086
5.5540628 11.38752 -3.670433
5.66677 13.221569 -3.6976757
8.2157574 14.944411 -3.6967258
8.4884157 19.804964 -3.852623
8.3853235 17.192467 -3.7755558
8.000741 21.513353 -3.9323146
12.275479 22.32902 -3.7634499
1.5701491 3.1909671 -3.4947064
2.3114972 5.3415594 -3.5397243
3.5846746 7.285027 -3.5694873
4.0576935 9.3767843 -3.6202459
5.5955281 11.371624 -3.6679237
5.7128839 13.201708 -3.6942084
8.2601461 14.901711 -3.6906621
8.5479841 19.753242 -3.8451004
8.445281 17.163092 -3.7708611
8.0842094 21.507711 -3.9291666
12.35915 22.296515 -3.7580423
1.5802207 3.1819441 -3.4920125
2.3279727 5.3259935 -3.5358841
3.6113498 7.2718406 -3.5673926
4.0951972 9.3690939 -3.6191008
5.6389313 11.354594 -3.6652529
5.7596364 13.177039 -3.6900268
8.3127623 14.867863 -3.6857464
8.6315069 19.747377 -3.842356
8.5098991 17.135595 -3.766346
8.1700706 21.496597 -3.9253495
12.440784 22.25107 -3.751364
1.5896953 3.1731672 -3.4893627
2.3465512 5.3178339 -3.5344789
3.6349566 7.2556825 -3.5645185
4.1294746 9.3583555 -3.6173501
5.6732035 11.324197 -3.6603391
5.8023906 13.149574 -3.6854799
8.3646135 14.838752 -3.6814916
8.6987801 19.713472 -3.8367598
8.5750237 17.116476 -3.7628949
8.2507896 21.482851 -3.9214084
12.500735 22.176195 -3.7421858
1.6023979 3.1708336 -3.490263
2.3635337 5.3060913 -3.5318911
3.6567254 7.2359476 -3.5607684
4.1605105 9.3402729 -3.6141539
5.7127004 11.304322 -3.6572189
5.8563504 13.147403 -3.6846719
8.4124279 14.802536 -3.676332
8.7821589 19.715792 -3.8350112
8.6383209 17.093555 -3.7590151
8.3286228 21.461361 -3.9167006
12.583994 22.142838 -3.7367549
1.6134559 3.1652212 -3.489387
2.3820398 5.2978091 -3.5304832
3.6855223 7.2301288 -3.560518
4.186604 9.3112755 -3.6087992
5.7485189 11.277244 -3.6529036
5.9005742 13.123255 -3.6806505
8.460084 14.766171 -3.6711731
8.8672848 19.721409 -3.8336232
8.6943102 17.056192 -3.753458
8.406395 21.43959 -3.9119809
12.681057 22.133427 -3.7334852
1.6222856 3.1566296 -3.4867809
2.4027762 5.2968974 -3.5315022
3.7112694 7.2213569 -3.5594885
4.2223549 9.3081408 -3.6086004
5.7822542 11.251061 -3.6487446
5.9489861 13.114483 -3.6789305
8.5149746 14.748384 -3.668469
8.9227409 19.670095 -3.8263381
8.7526426 17.030819 -3.7493849
8.4862576 21.433867 -3.909018
12.728423 22.046299 -3.7233939
1.6299585 3.14451 -3.4823599
2.4228561 5.2919793 -3.5312667
3.7364559 7.2083573 -3.5574818
4.261404 9.3077183 -3.6089857
5.8251476 11.237853 -3.6468065
5.9914203 13.086403 -3.6743681
8.5603991 14.708242 -3.6628571
8.996336 19.649712 -3.8222363
8.8175468 17.010778 -3.7458971
8.5684423 21.422644 -3.9053886
12.8033 21.998278 -3.7167027
1.6448337 3.1449392 -3.4849818
2.4390047 5.2760701 -3.5274255
3.7628524 7.194613 -3.5553722
4.2954926 9.2920361 -3.6063702
5.8662996 11.216426 -3.6435177
6.0393476 13.064354 -3.6706905
8.6082039 14.666462 -3.6570337
9.0716496 19.623848 -3.8174772
8.8761435 16.971279 -3.7400911
8.6409245 21.376291 -3.8981204
12.883846 21.951202 -3.709996
1.6552532 3.1394677 -3.4841466
2.4581141 5.2714448 -3.5272565
3.7866888 7.182096 -3.5534618
4.3296208 9.2849054 -3.6054316
5.9034605 11.196912 -3.6405394
6.0826344 13.044256 -3.6673596
8.6608458 14.644693 -3.653867
9.1400433 19.600893 -3.8132348
8.9342299 16.945278 -3.7359977
8.7147741 21.354912 -3.8936274
12.944368 21.887737 -3.702085
1.6662027 3.1336703 -3.4832664
2.4781413 5.2663169 -3.5270128
3.809896 7.16537 -3.5505788
4.3620071 9.2697344 -3.6029322
5.944375 11.17974 -3.6379919
6.1315203 13.03014 -3.6649055
8.7200727 14.628053 -3.6513669
9.2101116 19.572477 -3.8083384
8.9952011 16.917507 -3.7316594
8.8029604 21.357576 -3.8914356
13.03501 21.866425 -3.6978292
1.6771303 3.1278355 -3.4823856
2.4932039 5.2506757 -3.5232427
3.8330297 7.1485715 -3.5476959
4.3909459 9.2473125 -3.5990036
5.977736 11.148433 -3.6330783
6.1752582 13.005066 -3.660861
8.7772322 14.607771 -3.6484127
9.2783728 19.540211 -3.8030555
9.041008 16.861412 -3.7240262
8.8728533 21.315664 -3.8847926
13.127707 21.848179 -3.6938596
1.6863149 3.1187727 -3.4797363
2.5148468 5.248888 -3.5241678
3.859827 7.138597 -3.5465479
4.4232006 9.2319279 -3.5964999
6.0241666 11.141458 -3.632292
6.2206202 12.983429 -3.65734
8.8219833 14.566819 -3.6427934
9.3430805 19.500504 -3.7970102
9.1036062 16.83676 -3.7200916
8.9580374 21.310318 -3.8818257
13.193555 21.785139 -3.6859233
1.7006599 3.1192343 -3.4823875
2.5314736 5.2366109 -3.5215707
3.8865948 7.1285272 -3.5453966
4.4571133 9.2199926 -3.5947053
6.0630136 11.120366 -3.629142
6.2693563 12.968801 -3.6548669
8.8727674 14.535941 -3.6385019
9.4058695 19.456999 -3.7905869
9.1604033 16.801386 -3.7149227
9.0385933 21.293619 -3.877738
13.259101 21.721918 -3.6779935
1.714487 3.1199312 -3.4850786
2.5505142 5.2316489 -3.5213876
3.9083252 7.1121602 -3.5426099
4.4876657 9.2051601 -3.5923202
6.0960374 11.093242 -3.6249709
6.3123312 12.947938 -3.6515121
8.9188385 14.503044 -3.6339803
9.4703455 19.425697 -3.7855537
9.2199125 16.777901 -3.7112117
9.1123066 21.270868 -3.8731804
13.356168 21.718643 -3.6755111
1.7241539 3.1104553 -3.4823821
2.5730751 5.229178 -3.5222287
3.9343684 7.0977869 -3.5404859
4.5161414 9.178009 -3.5875523
6.1366582 11.070823 -3.6216581
6.3544812 12.914009 -3.6462288
8.9782362 14.480411 -3.6307847
9.5573406 19.423077 -3.7833555
9.2813492 16.743994 -3.7062013
9.2076511 21.277622 -3.8713388
13.41675 21.638998 -3.666049
1.7344598 3.1047204 -3.481539
2.5904028 5.2206163 -3.5208683
3.9617116 7.0915489 -3.5402901
4.551825 9.173605 -3.5872903
6.1791453 11.060803 -3.620414
6.4025774 12.903553 -3.6444368
9.0283194 14.453935 -3.6271331
9.6394386 19.427021 -3.7820387
9.3446054 16.727045 -3.7032883
9.2653856 21.217705 -3.8631094
13.488439 21.594385 -3.6599371
1.7435055 3.0954895 -3.478888
2.6068823 5.2080989 -3.518266
3.9845119 7.0742621 -3.5373991
4.5926585 9.1753359 -3.58831
6.2177095 11.039171 -3.6172507
6.4511309 12.888241 -3.6419375
9.0808296 14.425708 -3.6232619
9.7161093 19.411102 -3.778568
9.4068384 16.701279 -3.6993146
9.3409891 21.18889 -3.8578777
13.582866 21.577593 -3.6561852
1.7530495 3.0859258 -3.4761934
2.6224813 5.1916318 -3.5144243
4.0123529 7.0630198 -3.5361295
4.6280413 9.1619663 -3.5863628
6.2581315 11.016306 -3.6139247
6.4947424 12.857409 -3.6371684
9.1379128 14.39905 -3.6196048
9.7799978 19.361109 -3.7714672
9.4640541 16.659752 -3.6934745
9.4332056 21.187332 -3.8552523
13.668284 21.537775 -3.6503015
1.7686758 3.0895343 -3.4806333
2.6414301 5.1863399 -3.5142286
4.0338025 7.0462723 -3.5333378
4.6530147 9.1360035 -3.5818412
6.2965975 10.998938 -3.6114955
6.5463653 12.85352 -3.6363931
9.1941891 14.382093 -3.6172433
9.8314686 19.303684 -3.7637913
9.5152836 16.621359 -3.6881139
9.5001364 21.148651 -3.8491905
13.737475 21.48897 -3.643868
1.7830744 3.0896211 -3.4832621
2.6647995 5.1873665 -3.5162895
4.0603361 7.0355453 -3.5321641
4.6848793 9.1197052 -3.5793102
6.338922 10.983763 -3.609484
6.5930138 12.834128 -3.6333511
9.2292423 14.326474 -3.6098759
9.902442 19.276346 -3.7591829
9.5712566 16.584589 -3.6829147
9.5837975 21.137173 -3.8457255
13.825384 21.461025 -3.6391749
1.7920259 3.0802441 -3.4806085
2.6828918 5.1780319 -3.5148482
4.0848718 7.021328 -3.5301275
4.7185049 9.1068039 -3.5774801
6.3732357 10.954708 -3.6051438
6.6286278 12.793377 -3.6271958
9.2683554 14.277463 -3.6033857
9.9715099 19.245203 -3.7541955
9.6331024 16.557966 -3.6789165
9.6625109 21.114477 -3.8411639
13.908916 21.426027 -3.6338761
1.799099 3.0677161 -3.4761975
2.7009492 5.1686358 -3.5134053
4.1113391 7.0104094 -3.5289474
4.7539248 9.0972853 -3.5763483
6.4194641 10.946087 -3.6042814
6.669559 12.763114 -3.6225977
9.3290348 14.261691 -3.601227
10.031232 19.196135 -3.7473624
9.6928568 16.527679 -3.6745098
9.7210875 21.048006 -3.8322899
13.979246 21.370667 -3.6268058
1.8097956 3.0614178 -3.4753044
2.7207696 5.1625853 -3.5131242
4.1337876 6.992641 -3.5260494
4.7893348 9.0876303 -3.5752099
6.4636893 10.933861 -3.6028302
6.7140675 12.739757 -3.6190312
9.3787584 14.229042 -3.5968983
10.103755 19.171595 -3.7430985
9.7586021 16.507475 -3.6712949
9.7911215 21.00671 -3.8259275
14.062544 21.335077 -3.6214883
1.8241817 3.0613108 -3.4779236
2.7351573 5.1462545 -3.5093532
4.1541538 6.9714308 -3.5222955
4.8173156 9.0638781 -3.5712614
6.5038447 10.914641 -3.600215
6.7584939 12.716245 -3.6154609
9.4283657 14.19622 -3.5925665
10.176229 19.146782 -3.7388229
9.8182011 16.476738 -3.666873
9.8575878 20.957956 -3.8188491
14.152391 21.309151 -3.6170318
1.8329906 3.0518162 -3.4752712
2.7531056 5.1366749 -3.5079067
4.1825042 6.9636116 -3.5219636
4.8451924 9.0400372 -3.5673137
6.5419068 10.89187 -3.597018
6.8084788 12.703088 -3.6134279
9.4800816 14.16653 -3.5886602
10.24866 19.121691 -3.734535
9.8695011 16.43211 -3.6608553
9.9460964 20.955875 -3.816391
14.264448 21.316032 -3.6154583
1.8473879 3.0516009 -3.4778843
2.7728519 5.1304207 -3.5076184
4.2108512 6.9556785 -3.521626
4.8842392 9.0369778 -3.5675607
6.5737247 10.858783 -3.5920918
6.8508925 12.675744 -3.6093335
9.5339308 14.139953 -3.5851772
10.311557 19.078777 -3.7284164
9.9268045 16.397554 -3.6560278
10.03126 20.946228 -3.8131993
14.349936 21.28266 -3.6103747
1.8518322 3.0361745 -3.4717686
2.7861609 5.1144342 -3.5039222
4.2338891 6.94168 -3.5196795
4.9141736 9.0207348 -3.5651338
6.6096902 10.836928 -3.5890534
6.8928804 12.652961 -3.6059299
9.5829954 14.111559 -3.5814781
10.376663 19.047989 -3.7236559
9.9790392 16.361151 -3.6510444
10.088498 20.887691 -3.8053243
14.436123 21.258093 -3.6061823
1.8662169 3.0358682 -3.4743774
2.8058527 5.1080532 -3.5036304
4.2539878 6.9201741 -3.5159242
4.9494395 9.0104523 -3.5639699
6.6454034 10.81041 -3.5852778
6.9331799 12.62185 -3.6013203
9.6254539 14.06816 -3.575851
10.460383 19.043123 -3.7215118
10.034006 16.322819 -3.6458158
10.16485 20.859524 -3.8003433
14.514755 21.214159 -3.6002061
1.8748943 3.0262532 -3.4717257
2.8255334 5.1015968 -3.5033352
4.2801847 6.9086156 -3.5147245
4.9770346 8.9862051 -3.5600157
6.6810112 10.783772 -3.5815017
6.9752727 12.594091 -3.5972209
9.6858082 14.050869 -3.5736294
10.517132 18.989038 -3.714292
10.105623 16.311415 -3.6437311
10.25346 20.856155 -3.7978122
14.593255 21.169935 -3.5942218
1.8898137 3.0255108 -3.4742837
2.8479688 5.0979319 -3.5041201
4.3033981 6.8895564 -3.5117188
5.0060797 8.9610023 -3.5559351
6.7267947 10.76931 -3.5798507
7.0175033 12.561498 -3.592432
9.7372379 14.015275 -3.569056
10.582763 18.943398 -3.7078865
10.156888 16.260742 -3.6370721
10.324503 20.807705 -3.790765
14.686692 21.139265 -3.5893276
1.8940449 3.0100219 -3.4681759
2.8686392 5.0951719 -3.5050454
4.3262229 6.8752465 -3.5097673
5.0454655 8.9615707 -3.5569696
6.7603588 10.743583 -3.5762298
7.0649767 12.548553 -3.5905421
9.7790976 13.976378 -3.5640686
10.647486 18.911674 -3.7030971
10.212882 16.230343 -3.6328578
10.397025 20.780493 -3.7860353
14.759008 21.093714 -3.5833662
1.9064811 3.0064542 -3.4690254
2.8826034 5.0784283 -3.5012751
4.3522944 6.8634162 -3.5085597
5.0786662 8.9473438 -3.5550921
6.8063183 10.733325 -3.5752957
7.1126595 12.530733 -3.5879567
9.8186445 13.929141 -3.5580208
10.711462 18.870924 -3.6973145
10.271606 16.197964 -3.6283953
10.480286 20.765457 -3.7824047
14.844048 21.058388 -3.5782034
1.9169649 2.9997802 -3.4681237
2.9003143 5.0683346 -3.4998138
4.3762279 6.8481803 -3.5065014
5.1098704 8.9295597 -3.5525177
6.8458829 10.712843 -3.5726454
7.1563606 12.505827 -3.5843511
9.8533735 13.875297 -3.5511355
10.785203 18.847271 -3.6933124
10.319503 16.148569 -3.6219807
10.558146 20.739418 -3.7777121
14.924407 21.016211 -3.5724616
1.9293864 2.9961188 -3.4689689
2.9199121 5.0615172 -3.4995041
4.400104 6.8328638 -3.5044417
5.1429815 8.9150934 -3.5506325
6.8789358 10.68221 -3.5682883
7.1979804 12.477328 -3.5802379
9.9202833 13.866733 -3.5501432
10.848927 18.806057 -3.6875188
10.371489 16.105749 -3.6163476
10.634119 20.709539 -3.772661
15.006965 20.976978 -3.5669913
1.9378592 2.9863253 -3.4663186
2.9414341 5.0579538 -3.5003424
4.4260631 6.8207555 -3.5032256
5.1720815 8.893671 -3.5473623
6.9118605 10.651478 -3.5639329
7.2374897 12.445252 -3.575619
9.9686251 13.832022 -3.5457788
10.914503 18.768074 -3.6820765
10.436322 16.082827 -3.6130376
10.702669 20.665207 -3.7662172
15.080094 20.924469 -3.5603888
1.9477521 2.979882 -3.4654601
2.9620869 5.0548177 -3.5012488
4.4486585 6.8060389 -3.5012648
5.1975503 8.8696489 -3.5435317
6.9449754 10.625175 -3.5603054
7.2666588 12.400594 -3.5691688
10.033155 13.824672 -3.5449755
10.966598 18.71456 -3.6751313
10.493963 16.054802 -3.6091866
10.778533 20.643753 -3.762126
15.177549 20.913126 -3.557462
1.9546713 2.9666691 -3.4610212
2.9766736 5.0372953 -3.4974048
4.4735732 6.7896891 -3.4990964
5.234045 8.8573465 -3.5421972
6.9816875 10.596337 -3.5563555
7.3100352 12.370455 -3.5648773
10.086106 13.791023 -3.5407963
11.053382 18.705158 -3.6725876
10.559315 16.02622 -3.6052265
10.854118 20.604111 -3.7560706
15.270594 20.879923 -3.5524552
1.967021 2.9628477 -3.4618618
2.9942403 5.0268731 -3.4959338
4.4950776 6.770762 -3.496187
5.2669554 8.8424158 -3.540298
7.0098572 10.558677 -3.5508757
7.3613148 12.358526 -3.5632689
10.120014 13.73649 -3.5339179
11.118612 18.666456 -3.6671257
10.619607 15.995904 -3.6011159
10.92598 20.566095 -3.7502964
15.345759 20.8297 -3.5460985
1.9793676 2.9589763 -3.4626999
3.0097878 5.0130882 -3.493314
4.5165062 6.75177 -3.4932785
5.2998257 8.8273649 -3.5383942
7.0643229 10.560527 -3.5521512
7.4105539 12.342984 -3.5611498
10.175025 13.710673 -3.5307856
11.187815 18.634373 -3.6623611
10.670948 15.952107 -3.5954652
11.001478 20.534866 -3.7451994
15.442178 20.808071 -3.5422204
1.9896824 2.9520502 -3.4617939
3.0232763 4.9959621 -3.4895484
4.5422339 6.7392178 -3.4920511
5.3306007 8.808815 -3.5358021
7.0900483 10.519357 -3.5461104
7.4515266 12.313643 -3.5570261
10.227582 13.681458 -3.5272317
11.252781 18.595213 -3.656889
10.728785 15.918074 -3.5909626
11.073077 20.496347 -3.7394125
15.524268 20.766846 -3.53667
2.0020123 2.9480853 -3.4626279
3.0447102 4.9919548 -3.4903684
4.5701404 6.7298107 -3.4916592
5.3613191 8.7901516 -3.5332072
7.1289563 10.497824 -3.5434391
7.4944673 12.287555 -3.5533986
10.25372 13.617038 -3.5191269
11.319706 18.559225 -3.6517599
10.779808 15.873927 -3.5853105
11.138832 20.447048 -3.7325985
15.623091 20.747614 -3.5330241
2.01229 2.9410794 -3.4617198
3.0641327 4.9845786 -3.4900382
4.5958161 6.7170544 -3.4904239
5.3940382 8.7747526 -3.5312934
7.172276 10.482701 -3.541883
7.5373106 12.261322 -3.5497684
10.318034 13.603375 -3.5176313
11.384417 18.519602 -3.646277
10.821642 15.816463 -3.5781393
11.21782 20.422041 -3.7281568
15.712306 20.715225 -3.5282614
2.0225449 2.934037 -3.4608107
3.0835435 4.9771266 -3.4897048
4.6236897 6.7074289 -3.4900222
5.4246373 8.7558689 -3.528693
7.197566 10.441264 -3.535851
7.5800676 12.234935 -3.5461347
10.375133 13.579934 -3.5148861
11.457402 18.493313 -3.6421759
10.87679 15.778589 -3.5732508
11.302582 20.4072 -3.7247133
15.801496 20.682461 -3.5234804
2.0286393 2.9210033 -3.4564245
3.1008997 4.9663315 -3.4882255
4.642602 6.684804 -3.4862704
5.4530768 8.7335253 -3.5254092
7.2475533 10.435629 -3.5359585
7.6206274 12.205026 -3.5420032
10.432191 13.556256 -3.51213
11.504986 18.426126 -3.6339123
10.938629 15.750347 -3.5694933
11.369863 20.360649 -3.7182195
15.878472 20.633503 -3.5173275
2.042979 2.9198456 -3.4589911
3.1182151 4.9554777 -3.4867451
4.665906 6.6685586 -3.4841921
5.4814219 8.7110939 -3.522126
7.2907581 10.420023 -3.5343828
7.6652985 12.181718 -3.5388591
10.479444 13.519762 -3.5077291
11.567104 18.382481 -3.6280751
10.998108 15.718604 -3.5653503
11.436941 20.313881 -3.711725
15.979751 20.615829 -3.5138671
2.0563166 2.9193406 -3.4616446
3.1337671 4.9456573 -3.4854116
4.6890912 6.6570754 -3.4831548
5.5151067 8.7038469 -3.5218196
7.3166008 10.387335 -3.5297918
7.7077866 12.164296 -3.5365677
10.516965 13.480494 -3.5029502
11.61198 18.325829 -3.6210656
11.054319 15.693752 -3.5620666
11.520393 20.312576 -3.7098291
16.066542 20.593864 -3.5102446
2.0628066 2.9058719 -3.4572148
3.1539471 4.9373837 -3.4849946
4.7157311 6.6430416 -3.4818015
5.5469728 8.6835737 -3.5190797
7.3592196 10.36692 -3.5274894
7.7480397 12.12926 -3.531754
10.568767 13.444987 -3.4987338
11.685518 18.293232 -3.6163249
11.116386 15.659634 -3.5576627
11.596752 20.273678 -3.7040279
16.144386 20.537975 -3.5034492
2.0750453 2.9016025 -3.4580376
3.1732471 4.9295845 -3.4846489
4.7388892 6.6265407 -3.4797175
5.5815277 8.6708069 -3.5178225
7.3907433 10.334713 -3.5231302
7.7924819 12.105486 -3.5285976
10.610687 13.401771 -3.493516
11.753619 18.259045 -3.6115077
11.182571 15.636949 -3.5546198
11.681404 20.257282 -3.7005084
16.253157 20.52846 -3.5007212
2.0830431 2.8913999 -3.4553907
3.1883402 4.9152446 -3.4820237
4.7619929 6.6099572 -3.4776318
5.6203666 8.6645327 -3.5179114
7.4244566 10.305631 -3.519325
7.8390231 12.084882 -3.5259259
10.659889 13.367761 -3.4895148
11.810774 18.207857 -3.6049767
11.22544 15.581643 -3.5478332
11.748038 20.20948 -3.6939828
16.339659 20.490328 -3.4955668
2.0931242 2.8841105 -3.4544778
3.2054791 4.9040847 -3.4805367
4.7827358 6.5901194 -3.4747148
5.650579 8.6448593 -3.5152898
7.4650488 10.286072 -3.517174
7.8811617 12.057444 -3.5222692
10.728936 13.358412 -3.4887409
11.867713 18.156496 -3.5984483
11.279766 15.542361 -3.5429139
11.796316 20.130459 -3.684479
16.418592 20.442505 -3.4896033
2.1031766 2.8767881 -3.4535649
3.2246935 4.8960848 -3.4801848
4.8103352 6.5797205 -3.4742868
5.6807146 8.6250868 -3.5126672
7.5102692 10.272771 -3.516119
7.927568 12.036507 -3.519587
10.77549 13.320888 -3.4843223
11.941981 18.13163 -3.5946338
11.338644 15.509337 -3.5387352
11.868527 20.092606 -3.6789505
16.504902 20.403709 -3.4844241
2.111057 2.8665094 -3.4509201
3.2396359 4.8815875 -3.4775593
4.8332758 6.5628877 -3.4721966
5.7086048 8.6019096 -3.5093684
7.5366731 10.233709 -3.5106583
7.960743 11.995503 -3.5139754
10.82696 13.289367 -3.4807048
12.007412 18.093155 -3.5894523
11.378534 15.450399 -3.5315888
11.940639 20.05448 -3.6734133
16.60882 20.386213 -3.4810667
2.1232092 2.8620348 -3.4517367
3.2523725 4.8638463 -3.4738011
4.8631635 6.5554271 -3.4725873
5.7451844 8.5917873 -3.5087588
7.5747108 10.210527 -3.5079463
7.9937205 11.95442 -3.5083697
10.880858 13.260731 -3.4774826
12.070491 18.051134 -3.5839291
11.449019 15.433002 -3.5292487
12.016729 20.022947 -3.668525
16.705206 20.358986 -3.476896
2.136529 2.8611593 -3.4543717
3.2654874 4.850409 -3.4713275
4.8813896 6.536973 -3.4698751
5.7677364 8.5671377 -3.5050485
7.6043792 10.183498 -3.5044615
8.0401249 11.942443 -3.5070152
10.922467 13.226479 -3.473496
12.131602 18.019739 -3.5796258
11.485524 15.380981 -3.522969
12.085773 19.995342 -3.6642134
16.751287 20.284845 -3.4689503
2.1475 2.8529341 -3.4533629
3.2905786 4.8473945 -3.4730854
4.9088135 6.5213137 -3.4683955
5.8028111 8.5481968 -3.5028248
7.6386552 10.147883 -3.4997785
8.0970926 11.927934 -3.5054009
10.965533 13.175257 -3.4674258
12.196227 17.966421 -3.5728695
11.544502 15.336765 -3.5175459
12.145842 19.921522 -3.6551306
16.811176 20.198887 -3.4596577
2.1618259 2.8511987 -3.4558997
3.309653 4.8390589 -3.4727232
4.9315462 6.5041404 -3.4662983
5.8370757 8.5344152 -3.5015297
7.6740298 10.12116 -3.496515
8.1431675 11.906163 -3.5026922
11.026804 13.155214 -3.4653833
12.267873 17.936914 -3.5686698
11.62687 15.334499 -3.5170038
12.206944 19.8654 -3.6479468
16.873882 20.130905 -3.4520922
2.1685722 2.8415115 -3.4533458
3.3270228 4.831811 -3.4725077
4.9519539 6.4886165 -3.4644101
5.8683405 8.5225477 -3.5004928
7.7106004 10.103311 -3.4946651
8.1624861 11.85432 -3.4955254
11.080915 13.135731 -3.4633744
12.326423 17.901575 -3.5640147
11.667728 15.288392 -3.5114572
12.279791 19.843927 -3.6442692
16.895842 20.028961 -3.44186
2.178973 2.8335435 -3.4523804
3.3403182 4.8132544 -3.4686773
4.9757037 6.4704218 -3.4622059
5.899539 8.5009813 -3.49772
7.7524195 10.081271 -3.4923196
8.2036142 11.821054 -3.4911876
11.134148 13.101097 -3.4595006
12.401057 17.869387 -3.5595171
11.721256 15.24236 -3.5058997
12.348219 19.792009 -3.6374333
16.943283 19.93647 -3.4321806
2.1910701 2.8287868 -3.4531851
3.3548913 4.798409 -3.466053
5.0030627 6.4592175 -3.4617481
5.9291749 8.4803362 -3.4950776
7.7972789 10.066698 -3.4912164
8.2584972 11.811902 -3.4903927
11.190166 13.074256 -3.4566331
12.463353 17.825991 -3.5539627
11.77683 15.204508 -3.5013156
12.4236 19.758926 -3.6325006
17.036135 19.90451 -3.4277146
2.2031617 2.8239789 -3.4539876
3.3804944 4.7992644 -3.4690657
5.030406 6.4478974 -3.4612854
5.9610195 8.4628181 -3.4930985
7.8226113 10.026903 -3.4857736
8.3065529 11.792755 -3.4881461
11.23574 13.035113 -3.4521811
12.530101 17.788897 -3.5490637
11.851907 15.191592 -3.4996204
12.496778 19.722183 -3.6272359
17.238482 19.999178 -3.4339161
2.2080348 2.810956 -3.4496663
3.3941615 4.7848873 -3.4665136
5.0541821 6.4342661 -3.460104
5.9821882 8.4333344 -3.4885917
7.8607192 10.00715 -3.4837432
8.3456106 11.765147 -3.4846427
11.289342 13.009817 -3.449522
12.579785 17.734236 -3.542464
11.909603 15.161614 -3.4959893
12.581433 19.710918 -3.6244974
17.249741 19.878569 -3.4221025
2.2138224 2.7971594 -3.445256
3.4049547 4.7630148 -3.4615619
5.0825973 6.4218497 -3.459527
6.017653 8.4177837 -3.4871407
7.8998041 9.9813843 -3.4808402
8.3909864 11.737718 -3.481245
11.355296 12.989345 -3.4475825
12.658619 17.707487 -3.5385897
11.962615 15.114737 -3.4904144
12.655748 19.668032 -3.6185939
17.440748 19.950506 -3.4263101
2.221314 2.7865796 -3.4426157
3.4170592 4.7448483 -3.4578147
5.10254 6.4010015 -3.456599
6.0516219 8.4031401 -3.4858158
7.9271808 9.944438 -3.4759445
8.4295864 11.705127 -3.4770753
11.384781 12.931688 -3.4407723
12.720357 17.663191 -3.5330174
12.042644 15.107178 -3.4893916
12.737361 19.643827 -3.6145682
17.570978 19.958437 -3.4252319
2.2350817 2.784852 -3.4451826
3.4395602 4.7428441 -3.4597616
5.1163754 6.374867 -3.4521451
6.0748162 8.3766251 -3.4819736
7.9601173 9.9180937 -3.4728293
8.4660254 11.673886 -3.4730904
11.430246 12.89684 -3.4369235
12.806978 17.65967 -3.5316286
12.105157 15.082702 -3.4864473
12.817719 19.624872 -3.6111398
17.645018 19.909016 -3.4194415
2.2447867 2.777035 -3.4442616
3.458364 4.733922 -3.459383
5.1484547 6.369174 -3.4532979
6.1016817 8.3521814 -3.4786623
8.0121431 9.9118547 -3.4733028
8.4949846 11.628213 -3.4670265
11.504358 12.889557 -3.4367356
12.875592 17.624533 -3.5270133
12.145189 15.024863 -3.4796767
12.875155 19.563345 -3.6036088
17.733006 19.868172 -3.4142988
2.2516959 2.766763 -3.4416683
3.4717615 4.7193236 -3.4568334
5.1794519 6.364233 -3.4545472
6.1363735 8.3414516 -3.4781201
8.0324478 9.8698406 -3.4675026
8.5264311 11.590366 -3.4620998
11.560352 12.866145 -3.4344215
12.933971 17.581736 -3.5216963
12.220116 15.015423 -3.4784977
12.931144 19.507231 -3.5966945
17.657347 19.651823 -3.3945799
2.2641194 2.7612956 -3.4424186
3.4936225 4.7127566 -3.4574959
5.195281 6.3361087 -3.4498839
6.1669035 8.3189058 -3.4753308
8.0635338 9.834198 -3.4629855
8.5735893 11.565428 -3.4591677
11.623464 12.841404 -3.4320352
13.010202 17.550241 -3.5174303
12.264953 14.958203 -3.4718325
12.989245 19.439793 -3.588562
17.603304 19.44783 -3.3757696
2.2737448 2.7533748 -3.4414964
3.5077481 4.6974459 -3.4548709
5.2173681 6.317934 -3.447768
6.1935415 8.2941608 -3.4720156
8.092761 9.7998705 -3.4586356
8.6139097 11.535428 -3.4554722
11.660172 12.791922 -3.4263904
13.069001 17.50152 -3.5115008
12.339941 14.942962 -3.4700201
13.054799 19.39102 -3.582298
17.684538 19.401018 -3.3702033
2.2833431 2.7454207 -3.4405739
3.5241256 4.6851721 -3.4533651
5.2368841 6.2966661 -3.4448404
6.2248344 8.2756472 -3.4700131
8.1294603 9.7746105 -3.4558847
8.6469555 11.495752 -3.4503653
11.723609 12.771677 -3.4245951
13.156404 17.490868 -3.5094171
12.392032 14.899793 -3.4650137
13.142578 19.375059 -3.5791488
18.008692 19.618633 -3.3866971
2.2924328 2.7378352 -3.4396977
3.544291 4.6796036 -3.4541693
5.2703223 6.2943063 -3.4468815
6.2570105 8.2612648 -3.4687963
8.1618233 9.7476034 -3.4527645
8.682621 11.46385 -3.4463861
11.792918 12.761988 -3.4241614
13.231185 17.469418 -3.5063131
12.438804 14.85557 -3.4599063
13.222506 19.354452 -3.5756564
18.087187 19.573481 -3.3813622
2.3047915 2.7321837 -3.4404418
3.5614216 4.6665788 -3.4525845
5.2933607 6.2749429 -3.444653
6.2824564 8.231988 -3.4646904
8.2026186 9.7236824 -3.4503736
8.7245865 11.431943 -3.4425039
11.850477 12.73033 -3.4209599
13.292715 17.417624 -3.5000787
12.513744 14.834248 -3.4574513
13.302424 19.319002 -3.570617
18.186028 19.536272 -3.376538
2.3072712 2.7158351 -3.4343808
3.5800343 4.6571751 -3.4521906
5.3203068 6.2624087 -3.4441473
6.3015132 8.1974773 -3.4594157
8.2493496 9.7101164 -3.4497304
8.764432 11.401424 -3.4388063
11.894835 12.688894 -3.4164515
13.372877 17.396435 -3.4969847
12.555114 14.778332 -3.4510369
13.387968 19.298697 -3.5671008
18.240444 19.458117 -3.3684082
2.3238084 2.716028 -3.4385934
3.5891955 4.6355119 -3.447336
5.3446865 6.2467794 -3.4428291
6.3373508 8.1848049 -3.4587111
8.2831964 9.6812601 -3.4464352
8.8114834 11.380194 -3.4365029
11.93359 12.641501 -3.4111805
13.44574 17.365421 -3.4929209
12.598852 14.725326 -3.4449763
13.446111 19.238754 -3.5598719
18.209578 19.289787 -3.3528123
2.3375349 2.7138 -3.4411359
3.6116536 4.6326971 -3.4492426
5.3576941 6.2201042 -3.4383903
6.3620291 8.1606264 -3.4555287
8.2945404 9.6296854 -3.4390879
8.8369503 11.335227 -3.4306595
11.972704 12.598969 -3.4065182
13.503257 17.320736 -3.4875498
12.660626 14.698565 -3.441951
13.502948 19.184265 -3.5532539
18.171669 19.122189 -3.3373923
2.3446162 2.7028868 -3.4384997
3.6277997 4.6200643 -3.4477301
5.3793693 6.2013679 -3.4362667
6.390471 8.1383724 -3.4528646
8.3228979 9.5946836 -3.4347482
8.8789129 11.307445 -3.4274228
12.022109 12.562862 -3.4027679
13.583338 17.298609 -3.4844108
12.756258 14.705487 -3.442822
13.592907 19.169582 -3.5503132
18.376339 19.202906 -3.3425059
2.3540375 2.6946857 -3.4375737
3.6415164 4.6043501 -3.4451051
5.4087272 6.1914134 -3.4365542
6.4237466 8.1222143 -3.4514966
8.3641729 9.5745363 -3.4330356
8.9207993 11.279498 -3.4241812
12.074183 12.529422 -3.3993893
13.648595 17.257345 -3.4793711
12.841614 14.6999 -3.4422736
13.645821 19.102526 -3.5424733
18.501453 19.19902 -3.3406105
2.3610353 2.6837296 -3.4349396
3.6647677 4.6006484 -3.4469237
5.4303074 6.1724944 -3.4344258
6.4545236 8.1028309 -3.4494753
8.4106493 9.560174 -3.4323637
8.9601202 11.248288 -3.4204748
12.134489 12.504343 -3.3971326
13.721186 17.225199 -3.4752619
12.906017 14.669946 -3.4389422
13.714756 19.058016 -3.5367675
18.568363 19.134319 -3.3336942
2.3679845 2.6727588 -3.4323075
3.6783931 4.5848246 -3.4442978
5.444016 6.1446948 -3.4298911
6.4753466 8.0710049 -3.4448638
8.4492311 9.5366993 -3.4301128
8.9943495 11.210742 -3.4158459
12.183628 12.467609 -3.3933635
13.788717 17.186541 -3.4705186
12.957144 14.624808 -3.4338832
13.790564 19.022955 -3.5319645
18.579218 19.01227 -3.3220587
2.3797138 2.667181 -3.4330883
3.6967967 4.5749516 -3.4438901
5.4628215 6.122725 -3.4269638
6.5084505 8.0544996 -3.4434867
8.4771881 9.5012245 -3.4257691
9.0234318 11.166902 -3.4103003
12.227077 12.425002 -3.3888412
13.856153 17.147612 -3.465766
13.005465 14.576513 -3.4284804
13.868658 18.990816 -3.5274506
18.690289 18.992836 -3.3189211
2.3865862 2.656162 -3.4304576
3.7151744 4.5650082 -3.44348
5.4972672 6.1182084 -3.4288385
6.5290403 8.0225363 -3.4388802
8.5102997 9.4715767 -3.4224708
9.0673752 11.141507 -3.4075131
12.289997 12.402052 -3.3869309
13.943626 17.133184 -3.4634802
13.050936 14.525099 -3.4227381
13.934861 18.942293 -3.5214214
18.753658 18.924646 -3.311775
2.4007089 2.6531909 -3.4329402
3.7359715 4.5579691 -3.4441738
5.5317502 6.113523 -3.4307024
6.5745459 8.0210934 -3.4407172
8.5459757 9.4447527 -3.4196913
9.1162987 11.122089 -3.4056351
12.350095 12.375986 -3.3846333
14.008412 17.090576 -3.4583945
13.109587 14.488317 -3.418699
14.008032 18.903152 -3.5162868
18.813967 18.853409 -3.3043969
2.4075129 2.6421154 -3.4303102
3.7445011 4.5359893 -3.4393356
5.5530548 6.0941772 -3.4285662
6.6075344 8.0041924 -3.4393253
8.5842333 9.4207325 -3.4174287
9.1651907 11.102469 -3.4037483
12.404508 12.344041 -3.381582
14.070518 17.044653 -3.4529963
13.173501 14.457206 -3.4153328
14.102581 18.89253 -3.5138297
18.823046 18.731291 -3.292851
2.4118183 2.6283536 -3.4259799
3.7603111 4.5228915 -3.4378164
5.5742922 6.0747571 -3.4264295
6.6379595 7.9841185 -3.4372864
8.6224298 9.3965597 -3.4151614
9.2038879 11.07041 -3.4000299
12.447519 12.300668 -3.3770425
14.124825 16.9893 -3.4466753
13.237361 14.425824 -3.4119549
14.178036 18.855953 -3.5089655
18.893993 18.671089 -3.2864239
2.4258997 2.6252432 -3.4284573
3.7834959 4.5185966 -3.4396071
5.592803 6.0523801 -3.4234965
6.665791 7.9608974 -3.4346035
8.6605654 9.3722296 -3.4128888
9.2450323 11.041263 -3.3967643
12.498913 12.26551 -3.3736093
14.196857 16.955185 -3.4424922
13.298464 14.391238 -3.4082282
14.246181 18.809525 -3.5032003
19.055962 18.700113 -3.2873445
2.4350483 2.6167598 -3.4275308
3.8042109 4.5112529 -3.4402893
5.6219106 6.0414367 -3.4237449
6.6884418 7.9315405 -3.4306405
8.6986322 9.3477535 -3.4106121
9.283514 11.008926 -3.3930428
12.547351 12.227365 -3.3698027
14.25338 16.902479 -3.4364731
13.335035 14.330141 -3.401468
14.299643 18.743816 -3.4956586
19.132557 18.644634 -3.2813337
2.4432578 2.6090965 -3.4266965
3.8158734 4.4963412 -3.4378142
5.6435456 6.026607 -3.4226131
6.7056561 7.9014459 -3.4263096
8.7279596 9.3203783 -3.4076324
9.3129101 10.973639 -3.3887866
12.568542 12.17126 -3.3635101
14.319324 16.872826 -3.4328444
13.377267 14.285263 -3.396565
14.365758 18.708296 -3.4910848
19.191044 18.584429 -3.2750962
2.4523499 2.6005523 -3.4257698
3.8290417 4.4800668 -3.4351888
5.6699286 6.0125785 -3.4220583
6.7331944 7.8779922 -3.42363
8.7631607 9.2927427 -3.4048352
9.3485718 10.938044 -3.3846135
12.642525 12.157682 -3.3629982
14.414425 16.86521 -3.4313526
13.429784 14.241384 -3.3918245
14.467603 18.705402 -3.489418
19.189592 18.453669 -3.2629521
2.4643626 2.5941744 -3.4264936
3.8429246 4.4630828 -3.4324882
5.6865268 5.9860682 -3.4182241
6.7620263 7.8532591 -3.420815
8.797164 9.26056 -3.4013569
9.3911972 10.906717 -3.3811555
12.66684 12.09201 -3.3556666
14.476149 16.812262 -3.4253263
13.49837 14.209405 -3.3884923
14.548339 18.66799 -3.4844882
19.24844 18.374933 -3.2550242
2.4729521 2.5859873 -3.425612
3.8577046 4.4503131 -3.4310405
5.7036362 5.9643416 -3.4153986
6.7906218 7.833776 -3.4189031
8.833312 9.2370701 -3.3992331
9.4299212 10.878516 -3.378067
12.71843 12.060897 -3.3528075
14.531825 16.764158 -3.4198725
13.559194 14.178966 -3.3853235
14.620026 18.6322 -3.4798634
19.387506 18.385189 -3.2545338
2.481962 2.5773411 -3.424684
3.8757455 4.4397244 -3.4306142
5.7271376 5.9472251 -3.4140487
6.8205194 7.8130069 -3.4168553
8.8544855 9.1947536 -3.3938763
9.4704456 10.848536 -3.3747902
12.777842 12.032819 -3.3504403
14.603361 16.728369 -3.4156275
13.614126 14.137302 -3.3808982
14.675061 18.568537 -3.4726024
19.477716 18.342052 -3.2496192
2.4904962 2.5690956 -3.4238024
3.8904483 4.4268465 -3.4291649
5.7577505 5.9394641 -3.41517
6.8463931 7.7903447 -3.4143047
8.8738823 9.1539402 -3.3886917
9.5194979 10.832006 -3.3734856
12.823495 11.995819 -3.3468406
14.674564 16.697832 -3.4119551
13.674812 14.106387 -3.3777118
14.731591 18.513519 -3.4662285
19.576347 18.312817 -3.2459228
2.4973621 2.5573573 -3.4211342
3.9066463 4.412559 -3.427563
5.7822194 5.9211283 -3.4137049
6.8722782 7.7622414 -3.4108527
8.9184618 9.1327133 -3.3872538
9.5538597 10.791089 -3.3686726
12.881963 11.96229 -3.3438647
14.748888 16.658876 -3.407397
13.723634 14.053322 -3.3720317
14.814323 18.47809 -3.4615538
19.634554 18.232798 -3.2379611
2.5088162 2.5512085 -3.4218996
3.9271531 4.4046445 -3.4282258
5.8028545 5.900907 -3.4115577
6.8967032 7.7352538 -3.407536
8.9363775 9.0873785 -3.3814044
9.5967655 10.763609 -3.3658307
12.911934 11.90645 -3.337868
14.806952 16.607288 -3.4016347
13.783792 14.016701 -3.3682477
14.891278 18.44179 -3.4568813
19.671661 18.139782 -3.2290297
2.5232522 2.5471473 -3.4243083
3.94327 4.3902221 -3.426621
5.8244424 5.8795996 -3.4093034
6.9276481 7.7128658 -3.4053481
8.9780006 9.0630217 -3.3794522
9.6334925 10.725406 -3.3614645
12.984861 11.885938 -3.3366752
14.857053 16.541033 -3.3944037
13.829458 13.960423 -3.3622394
14.978921 18.411863 -3.4527493
19.69972 18.032511 -3.2188945
2.5261226 2.5340734 -3.4200897
3.9570413 4.3778129 -3.425245
5.8484211 5.8668289 -3.408941
6.949192 7.6881332 -3.4023013
9.0064259 9.0347738 -3.3764739
9.6804705 10.709842 -3.3603196
13.028028 11.85045 -3.3332856
14.930347 16.517963 -3.391572
13.90139 13.945145 -3.3609109
15.04933 18.380159 -3.4486623
19.762178 17.975912 -3.2131031
2.5426586 2.5329151 -3.4242313
3.9774857 4.3696694 -3.4258993
5.8744249 5.8519144 -3.4083598
6.9839706 7.6725965 -3.4015019
9.0351 9.0004778 -3.3726597
9.7231531 10.681865 -3.3574631
13.066362 11.802226 -3.3283648
15.001348 16.480494 -3.3872666
13.961286 13.907786 -3.3571019
15.1261 18.342911 -3.4439495
19.922602 17.995144 -3.2133574
2.5437534 2.5163746 -3.4182329
3.9875104 4.3500786 -3.4221864
5.8976054 5.8341289 -3.4069915
7.0160542 7.6539955 -3.400068
9.0749283 8.9772539 -3.3708615
9.7576971 10.644925 -3.3532782
13.107482 11.756541 -3.3238029
15.06688 16.436852 -3.3823664
14.018253 13.867373 -3.3529606
15.197692 18.299206 -3.438658
19.970436 17.912155 -3.2053196
2.5551071 2.510021 -3.418993
3.9974442 4.3304734 -3.4184775
5.917933 5.8135085 -3.4048395
7.0373654 7.6236525 -3.3961236
9.0977154 8.9371815 -3.3660429
9.7920952 10.607881 -3.3490953
13.163307 11.723964 -3.3210161
15.137691 16.398821 -3.3780417
14.07226 13.823948 -3.3484914
15.274278 18.26136 -3.4339235
20.053709 17.860931 -3.1998796
2.5642903 2.5006387 -3.4180171
4.0132904 4.3157921 -3.4168732
5.9363947 5.7890401 -3.401799
7.0625706 7.5949116 -3.3926737
9.1389351 8.9120855 -3.364073
9.8390369 10.580654 -3.3464828
13.209177 11.678273 -3.3165762
15.21672 16.36368 -3.3739951
14.134254 13.783408 -3.3444047
15.353971 18.220512 -3.4288681
20.101093 17.771437 -3.1912909
2.58342 2.5017607 -3.4238329
4.0309629 4.3045688 -3.4164329
5.9537473 5.7655554 -3.3988683
7.0836339 7.5644431 -3.388736
9.1699867 8.8801327 -3.3607621
9.8786259 10.549149 -3.3431749
13.222923 11.608449 -3.3088384
15.268289 16.30464 -3.3676243
14.167957 13.720122 -3.3376803
15.407146 18.154636 -3.4215882
20.178005 17.714338 -3.1854112
2.5864763 2.4881539 -3.4195762
4.0557833 4.3023906 -3.4193273
5.9784856 5.7512193 -3.3983839
7.1032553 7.535161 -3.3849361
9.1993818 8.8496771 -3.3576167
9.9135523 10.516335 -3.3396151
13.276351 11.577628 -3.3062699
15.256579 16.184238 -3.3552155
14.23636 13.695179 -3.3353786
15.508747 18.152006 -3.4202039
20.242651 17.652582 -3.1792336
2.592525 2.4766054 -3.416961
4.0707779 4.2882061 -3.4177938
6.0013628 5.7330241 -3.3970098
7.132237 7.5131841 -3.3828728
9.2302189 8.8175087 -3.3543057
9.944726 10.475894 -3.3349948
13.328729 11.541638 -3.303113
15.411881 16.235062 -3.3597698
14.289846 13.650906 -3.3308918
15.569417 18.09473 -3.4137499
20.316227 17.592266 -3.1731274
2.5989537 2.4645929 -3.4143014
4.0838041 4.270474 -3.4150991
6.0223336 5.7109909 -3.3947499
7.1569934 7.484138 -3.3794308
9.2567139 8.7781601 -3.3498352
9.9775562 10.433628 -3.3301916
13.376981 11.497903 -3.2990227
15.471279 16.178469 -3.3536744
14.33978 13.598442 -3.3255107
15.680077 18.088823 -3.411973
20.359367 17.499468 -3.1643558
2.6101809 2.4579906 -3.4150548
4.1040306 4.2617412 -3.4157338
6.0422344 5.6899333 -3.3925974
7.205009 7.481884 -3.3817081
9.2901907 8.7485123 -3.347023
10.041505 10.427381 -3.3307865
13.441272 11.47182 -3.2972474
15.524896 16.121489 -3.3475833
14.378459 13.540102 -3.3194361
15.761505 18.055025 -3.4077086
20.420332 17.428289 -3.1574113
2.6240401 2.4538171 -3.4174881
4.1188812 4.2473898 -3.4141991
6.0677867 5.6741657 -3.391995
7.222827 7.4481778 -3.3771558
9.3090773 8.7051916 -3.3417335
10.080609 10.395123 -3.3274646
13.453886 11.401658 -3.2895513
15.572741 16.058607 -3.3409274
14.437278 13.500723 -3.3155773
15.83497 18.011894 -3.4026043
20.477995 17.354324 -3.1502614
2.6321635 2.4451013 -3.4166031
4.1248727 4.2254381 -3.4094961
6.0894451 5.6566811 -3.3907225
7.247488 7.4241838 -3.3745987
9.3437109 8.6796732 -3.3395827
10.101137 10.347405 -3.3217363
13.494672 11.359544 -3.2855666
15.64821 16.029716 -3.3376753
14.502419 13.471763 -3.3129101
15.913138 17.980206 -3.398622
20.547653 17.296602 -3.1444976
2.6353526 2.4309826 -3.4123125
4.1368957 4.2082677 -3.4068835
6.1120358 5.6380506 -3.3893406
7.2788987 7.4044776 -3.3731422
9.3885326 8.6604567 -3.3387425
10.131617 10.306413 -3.3171234
13.552576 11.327697 -3.2830808
15.723646 15.994918 -3.3338354
14.569865 13.43998 -3.3099737
15.967833 17.915611 -3.3915856
20.586456 17.20685 -3.1361139
2.6442456 2.4213066 -3.4113367
4.1522932 4.1930757 -3.4052758
6.1326604 5.6156096 -3.3870773
7.3032093 7.3749394 -3.3696976
9.4202137 8.6259861 -3.3352661
10.174923 10.274858 -3.3140461
13.606265 11.288115 -3.2796659
15.776553 15.931506 -3.3271644
14.624913 13.391872 -3.3052037
16.068062 17.895571 -3.3885911
20.640171 17.123627 -3.1282198
2.65452 2.4154279 -3.4121785
4.1736021 4.1881967 -3.4071345
6.1502705 5.5963168 -3.385138
7.3207612 7.3463612 -3.3660433
9.4678078 8.6150446 -3.3357255
10.223994 10.259747 -3.3132436
13.647804 11.250382 -3.2762437
15.747657 15.802724 -3.3141024
14.646266 13.32708 -3.2983983
16.113497 17.833162 -3.3819003
20.715427 17.076483 -3.1234152
2.6710055 2.4134378 -3.4162788
4.1881971 4.1736016 -3.4056005
6.1726794 5.5774417 -3.3837528
7.3435626 7.3179703 -3.3627381
9.4889927 8.5739594 -3.3309379
10.271016 10.235223 -3.3111973
13.686996 11.202671 -3.2716768
15.777289 15.722306 -3.3058078
14.704534 13.286561 -3.2945087
16.186398 17.788612 -3.3767514
20.759466 16.991417 -3.1154678
2.6690381 2.3939502 -3.4085963
4.2089419 4.1636419 -3.4061434
6.1872401 5.5495443 -3.3799529
7.3731432 7.2937875 -3.3605278
9.5173988 8.5364761 -3.3269703
10.305632 10.194714 -3.3068209
13.718687 11.1449 -3.2658601
15.883031 15.712085 -3.3044572
14.776874 13.253877 -3.2915931
16.254181 17.732113 -3.370476
20.833994 16.925293 -3.1090064
2.6827929 2.3894408 -3.4110174
4.2207031 4.1462235 -3.4035318
6.2065749 5.5279117 -3.3778
7.4013805 7.2707744 -3.3584495
9.5589924 8.5137568 -3.3256106
10.349669 10.167036 -3.3043373
13.760608 11.099442 -3.2616398
16.031719 15.74882 -3.3077817
14.849845 13.226076 -3.2892265
16.332228 17.692862 -3.3658466
20.899166 16.857473 -3.1024826
2.685271 2.3757272 -3.4067855
4.2344284 4.1322055 -3.4020739
6.2248712 5.5073009 -3.3757553
7.4282775 7.2489519 -3.356504
9.5693407 8.4662371 -3.3195393
10.383325 10.132662 -3.3007622
13.79423 11.051261 -3.2569692
16.103844 15.715082 -3.3041716
14.908548 13.18997 -3.2858713
16.401678 17.650305 -3.3609838
20.967417 16.798067 -3.0967042
2.6962709 2.3687329 -3.4075305
4.2460604 4.1147199 -3.3994653
6.2470031 5.4881287 -3.3743691
7.4563727 7.2257304 -3.3544221
9.6167192 8.4484978 -3.3191476
10.412918 10.090823 -3.2961514
13.829603 11.000567 -3.2520745
16.161465 15.661553 -3.2986095
14.957494 13.140485 -3.281024
16.479549 17.610437 -3.3563313
21.016548 16.717323 -3.0891814
2.7076662 2.3612177 -3.4082272
4.2583356 4.0964599 -3.3967824
6.2729874 5.4703522 -3.3736384
7.4771085 7.1928744 -3.3503759
9.6386452 8.4053717 -3.3142135
10.44983 10.052591 -3.2922025
13.879205 10.957211 -3.2483046
16.227381 15.610516 -3.2933004
15.029591 13.10654 -3.278055
16.39612 17.39307 -3.3354778
21.087076 16.647606 -3.0825088
2.7213736 2.356497 -3.4106395
4.2781801 4.0868907 -3.3973932
6.2950106 5.4509873 -3.3722477
7.502172 7.1667285 -3.3476849
9.6739292 8.3768673 -3.3118715
10.481983 10.013304 -3.2880199
13.911102 10.903781 -3.243077
16.290432 15.56204 -3.2882764
15.075253 13.053992 -3.2728939
16.456739 17.335728 -3.3292787
21.145063 16.573895 -3.0755877
2.7291725 2.3474603 -3.4097548
4.2889147 4.0700312 -3.3948648
6.3100777 5.4275265 -3.3694386
7.5230274 7.139092 -3.3445215
9.6986456 8.3421564 -3.3082435
10.520898 9.9839668 -3.2852898
13.95661 10.864931 -3.239759
16.362206 15.527166 -3.2846253
15.130545 13.01433 -3.2692056
16.657541 17.431131 -3.3370428
21.212509 16.513498 -3.0697997
2.7294877 2.3303792 -3.4037693
4.3038049 4.0542827 -3.3932545
6.332912 5.4069071 -3.3679395
7.5491452 7.1114683 -3.3416972
9.7291574 8.30655 -3.304769
10.569003 9.9562435 -3.2830184
14.002645 10.818572 -3.2356472
16.44515 15.49171 -3.2809141
15.184211 12.963961 -3.2643893
16.765615 17.41597 -3.3346598
21.266575 16.430752 -3.0621448
2.7454946 2.3283501 -3.4078927
4.3200369 4.0426216 -3.3928671
6.3478155 5.3833418 -3.3651335
7.5871139 7.0999002 -3.3421686
9.74757 8.2665453 -3.3001838
10.622286 9.9401655 -3.282372
14.04476 10.77693 -3.2319891
16.502254 15.442547 -3.2758875
15.239277 12.923854 -3.2606895
16.809381 17.345947 -3.3274009
21.349453 16.382021 -3.0573213
2.7508328 2.3164165 -3.4052947
4.3256583 4.01965 -3.3881297
6.3695688 5.3636751 -3.3637412
7.6176434 7.078752 -3.3406825
9.7885084 8.2426901 -3.2987988
10.671488 9.9165592 -3.2806878
14.088633 10.732661 -3.2281005
16.538527 15.368549 -3.2684186
15.308699 12.891121 -3.2579248
16.814075 17.230024 -3.3159456
21.40016 16.302553 -3.0500154
2.7561202 2.3044753 -3.4026988
4.3424931 4.0071387 -3.3876657
6.3822331 5.3363776 -3.3600721
7.6452107 7.0548005 -3.3385901
9.8385277 8.2262897 -3.2988439
10.714805 9.8873405 -3.278161
14.119655 10.678616 -3.2228866
16.515825 15.240371 -3.2556207
15.3536 12.837608 -3.252753
16.988827 17.287964 -3.320296
21.441008 16.215714 -3.0421424
2.7641482 2.2948399 -3.4017706
4.3621345 3.99716 -3.3882656
6.4008231 5.3140655 -3.3579226
7.6756186 7.0334086 -3.3370976
9.8641329 8.1893597 -3.2950525
10.734593 9.8364429 -3.2723045
14.163217 10.634043 -3.2189984
16.607172 15.217669 -3.2532547
15.407523 12.791571 -3.2484763
17.071537 17.251251 -3.3160667
21.484711 16.131176 -3.0344727
2.7689457 2.283355 -3.3992245
4.3753648 3.9826729 -3.3868091
6.4123573 5.2878208 -3.3543684
7.6930537 7.0025969 -3.3333325
9.8912334 8.1566057 -3.2919071
10.749506 9.78473 -3.2662327
14.204787 10.591783 -3.2153366
16.698853 15.200119 -3.2514207
15.452929 12.742947 -3.2438602
17.117378 17.183237 -3.3090601
21.525278 16.050297 -3.0271602
2.7825086 2.2782695 -3.4016254
4.3835244 3.9622114 -3.3831484
6.4338102 5.2678919 -3.352978
7.7115846 6.9704018 -3.3294368
9.9104338 8.1144905 -3.2871697
10.786544 9.7498178 -3.2628801
14.260878 10.556354 -3.2127578
16.80509 15.189903 -3.2503233
15.518907 12.70661 -3.2407613
17.05286 16.999384 -3.291532
21.626104 16.008327 -3.0229118
2.7988834 2.2754028 -3.4056857
4.4030623 3.9520304 -3.383743
6.4552031 5.2478738 -3.3515863
7.7329288 6.9407988 -3.3261447
9.926384 8.0698328 -3.2819643
10.823472 9.7147589 -3.2595253
14.29443 10.504148 -3.2078791
16.863953 15.136477 -3.2449803
15.566262 12.654873 -3.2358794
17.268129 17.094206 -3.299273
21.701162 15.946925 -3.0171359
2.8015616 2.2605765 -3.4013846
4.4203935 3.9384296 -3.3831959
6.4713421 5.2217178 -3.3485792
7.7583151 6.9124112 -3.3233187
9.9744215 8.0483484 -3.2813411
10.861975 9.6776724 -3.2559814
14.345705 10.461074 -3.2044082
16.928253 15.082533 -3.2396035
15.621847 12.605248 -3.2313268
17.342051 17.041998 -3.293668
21.749781 15.860223 -3.0093269
2.8090432 2.2512732 -3.4005027
4.4305458 3.921195 -3.3806784
6.4978051 5.2075863 -3.3487992
7.7752771 6.8814049 -3.3195679
10.016541 8.0276337 -3.2805645
10.896987 9.6442327 -3.2528126
14.373868 10.40877 -3.1994357
16.972202 15.021021 -3.2335033
15.663565 12.553372 -3.2264082
17.352772 16.939775 -3.2836394
21.763451 15.759901 -3.0005457
2.8197205 2.2437119 -3.4012346
4.4384189 3.9006209 -3.3770268
6.5128736 5.1824327 -3.345901
7.8051867 6.8594418 -3.3180718
10.041393 7.9901514 -3.2767835
10.951494 9.6245155 -3.2519104
14.403643 10.353887 -3.1942432
17.030523 14.966956 -3.2281551
15.726005 12.513518 -3.2229853
17.434721 16.901331 -3.2793589
21.847509 15.704821 -2.9953268
2.8275349 2.2338557 -3.400306
4.4520063 3.8851047 -3.3754973
6.527844 5.1572351 -3.3430057
7.8439708 6.8451495 -3.318357
10.069221 7.9550529 -3.2734766
10.994011 9.5940752 -3.2493615
14.442937 10.305861 -3.1900263
17.085665 14.910042 -3.2225454
15.782098 12.468434 -3.2189698
17.507988 16.854214 -3.2743118
21.908693 15.633105 -2.9888077
2.8385568 2.2257137 -3.4009893
4.4633064 3.8662388 -3.372834
6.5467038 5.1332736 -3.3407552
7.8719974 6.8189406 -3.3161218
10.101436 7.9205403 -3.2704751
11.038122 9.5615253 -3.246618
14.503369 10.268963 -3.1875138
17.143221 14.849931 -3.2166409
15.827695 12.410503 -3.2135293
17.60428 16.823021 -3.2706821
21.962587 15.550386 -2.9813957
2.8402021 2.2118328 -3.3967924
4.4819431 3.8564401 -3.3734961
6.5667872 5.1139445 -3.3394687
7.9005589 6.7979517 -3.3147476
10.124516 7.8845582 -3.2668662
11.0758 9.5300541 -3.2438409
14.54386 10.225388 -3.1838393
17.204473 14.803405 -3.2120929
15.875057 12.362844 -3.2091868
17.665764 16.770042 -3.2651787
22.02384 15.484355 -2.9754043
2.8479052 2.201906 -3.3958659
4.4983048 3.8432741 -3.3730226
6.5876994 5.0933909 -3.338074
7.9302502 6.7754688 -3.3132355
10.151976 7.8491712 -3.2635634
11.105973 9.4887524 -3.2396562
14.572933 10.170004 -3.1786575
17.289412 14.771775 -3.2090364
15.921267 12.309795 -3.2042959
17.738714 16.72197 -3.2600977
22.090851 15.416528 -2.9692485
2.8469474 2.1853285 -3.3899739
4.5087571 3.8250561 -3.3704376
6.5992169 5.0655861 -3.3344383
7.9568682 6.7503004 -3.3111289
10.176167 7.8112669 -3.2597952
11.151162 9.4602165 -3.2374957
14.614893 10.123602 -3.1747575
17.316532 14.690679 -3.201117
15.979954 12.266278 -3.2005522
17.802809 16.6654 -3.2542682
22.177362 15.362055 -2.9641652
2.8689735 2.1863661 -3.3973231
4.5191326 3.8068159 -3.3678555
6.623095 5.0472794 -3.3337905
7.9803782 6.7224913 -3.3084321
10.212833 7.7829204 -3.2578936
11.187152 9.4238043 -3.2341192
14.676391 10.090589 -3.1727648
17.367697 14.630157 -3.1952477
16.035347 12.220099 -3.1965163
17.849169 16.592297 -3.2469668
2.870049 2.1729631 -3.3931813
4.5340266 3.7950687 -3.3675337
6.6389227 5.0264416 -3.3318636
8.0075245 6.7024541 -3.3071823
10.249894 7.7603703 -3.2567813
11.244156 9.4115772 -3.2343364
14.708025 10.044419 -3.1686761
17.410522 14.572946 -3.1897116
16.060955 12.160024 -3.1907115
17.880693 16.517166 -3.2395711
2.877615 2.1629338 -3.3922565
4.5561309 3.7866082 -3.3691626
6.656424 5.003242 -3.3297248
8.0247879 6.669415 -3.303309
10.273742 7.7221675 -3.2530153
11.286108 9.3799038 -3.2317522
14.736397 9.9885597 -3.163506
17.479687 14.527398 -3.1853573
16.08736 12.091922 -3.1841176
17.938229 16.454662 -3.2332628
2.8822429 2.1507072 -3.3896804
4.5604091 3.7633252 -3.3644791
6.6801372 4.9846668 -3.3290713
8.0388756 6.6338129 -3.2988529
10.306998 7.6910024 -3.2506399
11.327987 9.3480425 -3.2291622
14.777785 9.9415007 -3.1596014
17.511829 14.451052 -3.1779819
16.135864 12.040458 -3.1795151
17.954245 16.354307 -3.2235656
2.893019 2.1422865 -3.390362
4.5711904 3.7441449 -3.3618264
6.6952085 4.9578156 -3.3260837
8.0631332 6.6043062 -3.2960274
10.341495 7.6578979 -3.2480977
11.36217 9.3064623 -3.2251806
14.810809 9.8850622 -3.1545281
17.580107 14.399416 -3.1730752
16.211926 12.004964 -3.1769073
18.043674 16.315168 -3.2193673
2.8942671 2.1283853 -3.3861849
4.5895586 3.7338262 -3.3624752
6.7084541 4.9332614 -3.3233128
8.0972567 6.5875063 -3.2958109
10.376424 7.6306119 -3.2463434
11.426908 9.2963371 -3.2259588
14.86343 9.8490887 -3.1521032
17.643244 14.353625 -3.168746
16.248436 11.948771 -3.17171
18.103621 16.260574 -3.2138596
2.9075353 2.1225436 -3.3885617
4.6055617 3.7202024 -3.3619967
6.7319708 4.9144378 -3.3226566
8.1171284 6.5567164 -3.2925336
10.419023 7.60604 -3.2453387
11.480947 9.2738848 -3.2249379
14.901049 9.7993307 -3.1478829
17.711866 14.306992 -3.1643631
16.312592 11.908432 -3.1684968
18.148359 16.186649 -3.2066002
2.9178617 2.1145091 -3.3892872
4.6275334 3.711334 -3.363611
6.7459073 4.8886085 -3.3197825
8.1368818 6.5258713 -3.2892597
10.448721 7.5719547 -3.2424917
11.525657 9.2437067 -3.2227159
14.941832 9.7516127 -3.1439757
17.774147 14.255066 -3.1594775
16.325003 11.830364 -3.1608129
18.213709 16.131142 -3.2010164
2.9252245 2.1043117 -3.3883643
4.6374454 3.6927595 -3.3610356
6.7692981 4.8696141 -3.319124
8.1596107 6.4974303 -3.2865708
10.468645 7.5308046 -3.2382722
11.560962 9.2058973 -3.2193017
14.982466 9.7037306 -3.1400676
17.820675 14.190454 -3.1533577
16.405033 11.80125 -3.1589825
18.248922 16.049017 -3.1930592
2.9325523 2.0940871 -3.3874419
4.6472874 3.6741595 -3.3584626
6.7766795 4.8391147 -3.3147798
8.1853437 6.4713573 -3.2844629
10.491641 7.4919071 -3.2345145
11.586789 9.1605511 -3.2147048
15.01625 9.65137 -3.1355405
17.866974 14.125684 -3.1472418
16.449373 11.746225 -3.1540861
18.307842 15.987841 -3.1870039
2.9487169 2.0901279 -3.3914559
4.6661434 3.662673 -3.3590248
6.7871289 4.810895 -3.3111787
8.2047729 6.4403076 -3.2811954
10.520965 7.4575357 -3.2316723
11.621821 9.122508 -3.211293
15.063276 9.6074629 -3.1322486
17.897337 14.048451 -3.1399133
16.477264 11.679518 -3.1478131
18.342424 15.905534 -3.1790702
2.9500656 2.0756495 -3.3872433
4.6819391 3.6487291 -3.3585401
6.8135061 4.7939444 -3.3112552
8.2272053 6.4116259 -3.2785091
10.543689 7.4184799 -3.2279205
11.669281 9.0941048 -3.2094481
15.120279 9.5697289 -3.1298726
17.958858 13.995699 -3.1350241
16.527718 11.628808 -3.1434729
18.406914 15.849221 -3.1734893
2.9602644 2.0674152 -3.387965
4.6946459 3.6323647 -3.3570125
6.8334131 4.7723784 -3.3098602
8.255785 6.3877068 -3.2769802
10.559758 7.3748155 -3.2232661
11.716679 9.065486 -3.2075951
15.156964 9.5190134 -3.1256514
18.007599 13.932929 -3.129164
16.551863 11.559633 -3.1369414
18.474258 15.79525 -3.1681373
2.9555464 2.0488071 -3.3804731
4.7072983 3.6159539 -3.355485
6.8435841 4.7440248 -3.3062668
8.2843037 6.3636632 -3.2754476
10.598484 7.3469496 -3.2217867
11.741948 9.0196838 -3.2030034
15.179961 9.4597225 -3.1202116
18.113091 13.913735 -3.127634
16.605223 11.510866 -3.1328764
18.520157 15.722913 -3.1611562
2.9742684 2.0472176 -3.3861675
4.7192626 3.6003251 -3.3540349
6.8657393 4.7257543 -3.3057113
8.2927904 6.3265696 -3.2705927
10.635861 7.320766 -3.2204669
11.774953 8.9831114 -3.1997755
15.221407 9.4156218 -3.1168313
18.140093 13.839076 -3.1206174
16.640017 11.453484 -3.1277068
18.578293 15.666561 -3.1556513
2.981396 2.0368235 -3.3852468
4.7348709 3.5861566 -3.3535483
6.8757148 4.6973357 -3.3021245
8.327425 6.3071303 -3.2702107
10.671178 7.2903118 -3.2185256
11.803066 8.9395552 -3.1955807
15.250783 9.3603506 -3.112011
18.194647 13.780492 -3.1152298
16.683184 11.39758 -3.1228259
18.617561 15.588805 -3.1482222
2.9854877 2.0243688 -3.3826869
4.7442827 3.5672908 -3.3509841
6.8985639 4.6777067 -3.3014612
8.3493919 6.2780213 -3.2675266
10.712983 7.2641492 -3.2174792
11.83738 8.9006872 -3.1921632
15.283365 9.3070545 -3.1074979
18.255402 13.726485 -3.1103151
16.749268 11.357169 -3.119833
18.662659 15.516063 -3.1412621
2.9835141 2.0078621 -3.3768516
4.7659669 3.5576198 -3.352571
6.9181061 4.655786 -3.3000667
8.3680897 6.2464724 -3.264271
10.734986 7.2244916 -3.2137337
11.874753 8.864068 -3.1891315
15.339626 9.2680626 -3.1050947
18.19129 13.579132 -3.0961745
16.778893 11.291953 -3.1138728
18.769043 15.494019 -3.1388619
2.9965332 2.0014632 -3.3792121
4.7690716 3.5340827 -3.3479362
6.9310527 4.6294322 -3.2972169
8.389842 6.217226 -3.261591
10.793134 7.2090173 -3.2149155
11.915206 8.829669 -3.1864829
15.388963 9.2247019 -3.1020823
18.328344 13.582074 -3.0969396
16.824833 11.237748 -3.1092608
18.832272 15.436005 -3.1332581
3.0095444 1.9949977 -3.3815696
4.7844806 3.5196974 -3.3474486
6.9471693 4.6052113 -3.2950971
8.4210434 6.1949306 -3.2606244
10.821538 7.1734924 -3.2120609
11.968378 8.8045235 -3.1853659
15.41422 9.1668606 -3.0969718
18.385281 13.52511 -3.0917907
16.863955 11.178952 -3.104115
18.861267 15.350019 -3.1251688
3.0164893 1.984481 -3.380652
4.8060689 3.5097909 -3.3490286
6.9566474 4.576623 -3.2915277
8.4521914 6.172492 -3.2596531
10.846511 7.1356773 -3.2087612
12.011885 8.7720766 -3.1830881
15.432402 9.104907 -3.0912731
18.387266 13.427909 -3.0826719
16.892879 11.113448 -3.098176
18.933359 15.299147 -3.1202419
3.0210512 1.9709024 -3.3780081
4.8226304 3.4935696 -3.3483841
6.9774551 4.5520191 -3.2899256
8.4758301 6.1399903 -3.2567027
10.887124 7.1026468 -3.2069116
12.051921 8.7305517 -3.1796587
15.463813 9.0435696 -3.0860274
18.471006 13.380611 -3.0785758
16.955463 11.061568 -3.0941136
18.926563 15.173893 -3.108644
3.0333135 1.9653435 -3.3804524
4.8398356 3.4829006 -3.3490758
7.0015979 4.5364733 -3.2901933
8.495079 6.1133308 -3.2542901
10.906055 7.0662479 -3.2034986
12.088975 8.6996136 -3.1773705
15.505926 9.0029383 -3.0831661
18.509714 13.320183 -3.073087
17.000174 11.014747 -3.0902798
19.080303 15.198917 -3.1105781
3.0493028 1.9606255 -3.3844357
4.851963 3.465986 -3.3475494
7.0173898 4.5120063 -3.2880776
8.5131493 6.0813437 -3.2510445
10.944004 7.0367217 -3.201973
12.135448 8.6689224 -3.1754575
15.537257 8.948761 -3.0786724
18.565838 13.262453 -3.067941
17.035162 10.953183 -3.0848804
19.161417 15.154512 -3.1062844
3.0377917 1.938269 -3.3737228
4.8640332 3.4490273 -3.346024
7.0330982 4.4874821 -3.2859633
8.5246544 6.0447297 -3.246671
10.975192 7.0027432 -3.1995585
12.17537 8.6334076 -3.1727781
15.561487 8.8905163 -3.0735946
18.605513 13.192945 -3.0616448
17.073294 10.893649 -3.0797477
19.195366 15.072738 -3.0986676
3.047601 1.9295949 -3.3744421
4.8602915 3.4209452 -3.3393533
7.0520301 4.4650073 -3.2845719
8.5392351 6.0103917 -3.2428706
10.989508 6.9580297 -3.1949413
12.202174 8.5885735 -3.1685851
15.609743 8.8459711 -3.0705767
18.671021 13.141709 -3.057184
17.104471 10.829732 -3.0740993
19.244703 15.003201 -3.092165
3.0573881 1.9208727 -3.3751597
4.8848338 3.412782 -3.3419478
7.0609322 4.4361892 -3.2810206
8.5666437 5.9850726 -3.2413292
11.01373 6.9196239 -3.1916499
12.235341 8.5482025 -3.165149
15.67872 8.812891 -3.0693028
18.726597 13.083308 -3.0520315
17.148926 10.774198 -3.0694957
19.306431 14.943256 -3.0865381
3.0545135 1.9049675 -3.3694036
4.8961253 3.3965631 -3.340502
7.0822611 4.4168992 -3.2804549
8.5831985 5.9543767 -3.2382312
11.046719 6.889359 -3.189841
12.283229 8.5211792 -3.1637824
15.711336 8.762785 -3.0653274
18.769882 13.021132 -3.0464892
17.218391 10.738363 -3.0672164
19.330564 14.859684 -3.0788314
3.0642273 1.8962002 -3.3701229
4.9111247 3.3816347 -3.3400075
7.0943017 4.3900843 -3.2776284
8.6039314 5.9243765 -3.2355652
11.063952 6.8465772 -3.1856768
12.293247 8.4647141 -3.1577184
15.727891 8.7001734 -3.05968
18.828367 12.964578 -3.0415597
17.26255 10.682384 -3.0626049
19.375975 14.787268 -3.0721278
3.0708265 1.8854947 -3.3692133
4.9197168 3.3623011 -3.3374617
7.1095805 4.3652987 -3.2755229
8.6245556 5.8943133 -3.2329013
11.094543 6.8120751 -3.1832662
12.339131 8.4329805 -3.1557813
15.775618 8.654809 -3.0566466
18.866913 12.894287 -3.0352821
17.265755 10.601214 -3.0549164
19.456097 14.741253 -3.0678012
3.07739 1.8747634 -3.3683045
4.928237 3.3429444 -3.3349185
7.1247759 4.3404541 -3.2734189
8.6516228 5.8686085 -3.2313581
11.135201 6.783627 -3.1821601
12.375078 8.3943195 -3.1527174
15.826726 8.6111059 -3.0538948
18.91181 12.828346 -3.0294573
17.282228 10.528432 -3.0482731
19.520201 14.682841 -3.0623863
3.0870175 1.8658859 -3.3690226
4.9398756 3.3257222 -3.3334019
7.1432385 4.3175874 -3.2720313
8.6720543 5.8383746 -3.2286954
11.162206 6.7467709 -3.1793091
12.414199 8.3577366 -3.1500242
15.87421 8.5652666 -3.0508494
18.979641 12.777856 -3.0251925
17.312048 10.463921 -3.0426648
19.536148 14.588345 -3.0537682
3.1059487 1.8625555 -3.3746145
4.9546576 3.3105969 -3.3329084
7.1649952 4.2966585 -3.2713571
8.6858091 5.8036728 -3.2249191
11.195898 6.7138848 -3.1773255
12.453221 8.3209772 -3.1473267
15.921575 8.5191946 -3.0477979
19.044039 12.724822 -3.0206952
17.399757 10.434175 -3.0413742
19.61261 14.539075 -3.0492072
3.0968537 1.8424339 -3.3655827
4.9726048 3.297538 -3.3334355
7.1866927 4.2756319 -3.2706809
8.7126045 5.7776856 -3.2233751
11.229498 6.6808476 -3.1753387
12.482192 8.2774534 -3.143517
15.96177 8.469162 -3.0441716
19.088345 12.658264 -3.0148692
17.429224 10.369296 -3.0357652
19.682535 14.484717 -3.0442109
3.1126323 1.8371412 -3.3695467
4.974432 3.2738092 -3.3288577
7.2015734 4.2505202 -3.2685792
8.7261143 5.7428937 -3.2196069
11.259583 6.6456437 -3.1729178
12.520974 8.2403946 -3.1408167
15.973611 8.4041233 -3.0382724
19.149078 12.60253 -3.0101435
17.458447 10.304343 -3.0301652
19.726528 14.411217 -3.0375247
4.9826045 3.2543175 -3.3263254
7.2163668 4.2253547 -3.2664793
8.7427998 5.7102356 -3.216399
11.286139 6.6083031 -3.1700652
12.556323 8.200984 -3.1377447
15.971073 8.3317327 -3.0312555
19.182932 12.529058 -3.0036664
17.487429 10.239306 -3.0245733
19.792875 14.353986 -3.0323095
4.9944983 3.2360342 -3.3247397
7.2284126 4.196909 -3.2635667
8.76367 5.6781545 -3.2136161
11.313713 6.5688868 -3.1670496
12.589633 8.1570721 -3.1341147
16.054569 8.3005791 -3.030807
19.245466 12.469517 -2.9986463
17.535183 10.181151 -3.019984
19.825907 14.267358 -3.0244863
5.0052009 3.2194552 -3.3233058
7.2490869 4.1768336 -3.2629943
8.7824488 5.6490641 -3.2111006
11.345748 6.5372791 -3.1652203
12.623302 8.119585 -3.131232
16.08909 8.2509327 -3.0271277
19.3102 12.420744 -2.9946344
17.586117 10.132902 -3.0163989
19.892595 14.215465 -3.0197895
5.0131626 3.1998901 -3.320781
7.2704329 4.1553946 -3.2623148
8.7954531 5.6141171 -3.2073507
11.368499 6.4976315 -3.1619411
12.651569 8.0754681 -3.1274283
16.092943 8.1820812 -3.0207043
19.383715 12.37258 -2.9907513
17.638687 10.08134 -3.0125539
19.981167 14.173647 -3.0160072
5.0308099 3.1864948 -3.3213062
7.2780695 4.1261234 -3.2588062
8.8250122 5.5897274 -3.2063603
11.401465 6.4637814 -3.159945
12.676321 8.02913 -3.1232638
16.135632 8.1330309 -3.0173705
19.42341 12.30271 -2.9847143
17.649492 10.005948 -3.0057459
20.037046 14.108415 -3.0101542
5.0413485 3.1697958 -3.319875
7.2985487 4.1058135 -3.2582316
8.8434992 5.5604339 -3.2038493
11.433211 6.4317765 -3.1581099
12.706242 7.9891701 -3.1200199
16.144699 8.0705776 -3.0117528
19.491123 12.255229 -2.9808929
17.679102 9.9454155 -3.0006833
20.096806 14.051044 -3.005022
5.0589185 3.156255 -3.3203964
7.3059869 4.0764875 -3.2547307
8.8729162 5.5358047 -3.2028539
11.455594 6.3918247 -3.154834
12.737428 7.9468703 -3.1165864
16.172773 8.0141687 -3.007313
19.571024 12.210345 -2.9774044
17.731119 9.8933506 -2.9968407
20.175247 14.001288 -3.0005877
5.0731797 3.1406057 -3.3199029
7.3373299 4.0604577 -3.2561634
8.9056263 5.5131226 -3.2024026
11.467419 6.3460374 -3.1502914
12.765088 7.9023628 -3.1127939
16.211374 7.9629383 -3.0037076
19.620312 12.146162 -2.9719994
17.786472 9.8429832 -2.9932377
20.266733 13.960219 -2.9969473
5.0808301 3.1208606 -3.317385
7.344584 4.031045 -3.2526677
8.924818 5.4820004 -3.1997585
11.524288 6.3250585 -3.1512508
12.819707 7.8744059 -3.1118815
16.239073 7.9062972 -2.9992754
19.672791 12.08386 -2.9668043
17.81723 9.7789135 -2.9879286
20.328522 13.898396 -2.9914744
5.0949817 3.1051114 -3.3168919
7.3689437 4.0110097 -3.2526879
8.9506493 5.4549294 -3.1982081
11.556749 6.2904859 -3.1492434
12.864093 7.8399587 -3.1098804
16.270159 7.8512979 -2.9951231
19.745516 12.033807 -2.9628632
17.851252 9.7166634 -2.9828694
20.380213 13.829597 -2.9853983
5.1057901 3.0873065 -3.3153882
7.3829007 3.9852607 -3.2506013
8.9865475 5.4338751 -3.1982896
11.58213 6.2519884 -3.1463914
12.864158 7.7785411 -3.1032224
16.304651 7.7978888 -2.9912474
19.794233 11.968934 -2.9574521
17.881556 9.6523933 -2.9775741
20.458166 13.778437 -2.9809155
5.1165352 3.0694661 -3.3138859
7.3863931 3.9539142 -3.246417
8.998682 5.3984089 -3.1945584
11.61088 6.2152696 -3.1439612
12.88782 7.7315464 -3.099081
16.33897 7.7443428 -2.9873736
19.835892 11.899771 -2.9516282
17.925684 9.5955658 -2.9732451
20.526049 13.720255 -2.9758258
5.1305275 3.0535586 -3.3133931
7.4174695 3.9373026 -3.2478333
9.0106764 5.3629236 -3.1908333
11.621987 6.1691227 -3.1394372
12.931815 7.6966853 -3.0970788
16.355085 7.6821852 -2.9821448
19.897879 11.842708 -2.947046
17.962587 9.5348072 -2.9684381
20.593769 13.661766 -2.9707282
5.1444736 3.0375884 -3.3128991
7.4276996 3.9095585 -3.2450533
9.0293436 5.3314352 -3.1881976
11.653988 6.134059 -3.137428
12.955181 7.6494722 -3.0929413
16.378193 7.6233635 -2.9774673
19.949408 11.779259 -2.9418406
17.971069 9.4590454 -2.9617326
20.651339 13.596375 -2.9650338
5.1550446 3.0196133 -3.311399
7.4412999 3.8836086 -3.2429748
9.0513077 5.3018837 -3.1861053
11.678843 6.0951791 -3.1345837
12.97837 7.6021957 -3.0888097
16.39747 7.5628142 -2.9725287
19.914654 11.665185 -2.9315336
18.018112 9.4036379 -2.9576504
20.752138 13.559147 -2.9618733
5.1655545 3.0015991 -3.3099
7.4513288 3.8558052 -3.2402022
9.0697603 5.2702541 -3.1834733
11.693003 6.0507245 -3.1304932
13.011707 7.5608392 -3.0857413
16.431015 7.5088363 -2.9686728
19.975956 11.607623 -2.9269612
18.022505 9.3260231 -2.9507372
20.816092 13.497478 -2.9565508
5.179338 2.9854717 -3.3094065
7.4612532 3.8279796 -3.2374337
9.0881033 5.2385607 -3.1808438
11.721114 6.0134916 -3.1280694
13.034577 7.5133848 -3.0816171
16.475269 7.4596453 -2.965621
20.075123 11.571694 -2.9246051
18.072687 9.2721519 -2.9468963
20.856371 13.420409 -2.9498723
5.1897254 2.9673779 -3.3079097
7.4815598 3.8054729 -3.2367527
9.1097612 5.2087736 -3.1787553
11.738494 5.9707499 -3.1244047
13.074528 7.4757447 -3.0792532
16.501202 7.402102 -2.9612343
20.111921 11.499581 -2.9186025
18.11915 9.2162514 -2.9428189
20.913172 13.353984 -2.944164
5.2034039 2.9511433 -3.307416
7.4983006 3.7810979 -3.2353766
9.1347656 5.1808395 -3.1772029
11.759266 5.9297352 -3.1211576
13.090169 7.4241714 -3.0744357
16.516024 7.3396001 -2.9560552
20.186655 11.448988 -2.9148066
18.133415 9.1439676 -2.9366431
20.946175 13.27235 -2.9371161
5.2069588 2.9291861 -3.3039186
7.5044365 3.7513952 -3.2319243
9.1665726 5.1566753 -3.1767211
11.779892 5.8886542 -3.1179149
13.129866 7.3862348 -3.0720694
16.552475 7.2867212 -2.9524763
20.233448 11.38237 -2.9094048
18.136694 9.0663576 -2.9297886
21.029547 13.222531 -2.9329309
5.2205157 2.9128678 -3.303427
7.5210013 3.7269166 -3.2305517
9.1845179 5.1246438 -3.1740949
11.814598 5.8545427 -3.1163187
13.15557 7.3403544 -3.0683076
16.585114 7.2320771 -2.9486327
20.286997 11.319445 -2.9043999
18.186092 9.0118389 -2.9259548
21.089125 13.15749 -2.9274054
5.2340231 2.8964911 -3.3029349
7.5374851 3.7023675 -3.2291799
9.1954355 5.0887237 -3.1704037
11.831402 5.8115139 -3.1126692
13.167196 7.2866826 -3.0631626
16.599291 7.1693978 -2.9434786
20.340353 11.256284 -2.8993926
18.231754 8.9553289 -2.9218872
21.145111 13.090094 -2.9216888
5.244101 2.8782043 -3.3014443
7.5503621 3.6760361 -3.2271194
9.2027464 5.0508909 -3.1661866
11.855182 5.7719188 -3.109844
13.196035 7.2425919 -3.0597582
16.627876 7.1129823 -2.9393833
20.372522 11.181378 -2.8932078
18.270069 8.8951283 -2.917361
21.207676 13.026652 -2.9163458
5.2574997 2.8617213 -3.300952
7.563149 3.6496558 -3.2250609
9.2203226 5.018734 -3.1635728
11.871686 5.7287736 -3.106204
13.224732 7.1983833 -3.0563555
16.667273 7.0611067 -2.9360738
20.439468 11.125452 -2.8889828
18.311783 8.8364925 -2.9130638
21.273474 12.965003 -2.9111834
5.2538967 2.8360364 -3.2954783
7.5829177 3.6266232 -3.2243807
9.2516937 4.9940348 -3.1630859
11.916665 5.6992908 -3.1058264
13.239275 7.1465182 -3.0515804
16.684471 6.9998136 -2.9312055
20.49222 11.061634 -2.8839729
18.356897 8.7794113 -2.9089949
21.33909 12.903075 -2.9060156
5.280745 2.8267679 -3.2989719
7.5919871 3.5984502 -3.2216392
9.2690716 4.9617076 -3.1604738
11.925731 5.6525574 -3.1013789
13.264142 7.1002574 -3.0478425
16.71616 6.9445829 -2.927381
20.523672 10.986263 -2.8778009
18.373022 8.7084446 -2.9031165
21.404539 12.840824 -2.9008396
5.2939839 2.8101218 -3.2984798
7.6045036 3.5719252 -3.2195876
9.2898273 4.9311724 -3.1583931
11.952574 5.614265 -3.0989659
13.316952 7.0688267 -3.0468423
16.755035 6.8922467 -2.9240749
20.561901 10.914549 -2.8720231
18.414139 8.6493378 -2.8988256
21.452669 12.768066 -2.8947425
5.2969422 2.788038 -3.295007
7.6169243 3.5453603 -3.2175386
9.3209724 4.9060807 -3.1578977
11.957707 5.5658135 -3.0941296
13.345063 7.0241547 -3.0434458
16.782679 6.8352242 -2.9199975
20.624588 10.855722 -2.8675907
18.458673 8.5917416 -2.8947604
21.459291 12.670784 -2.8864682
5.3090906 2.7731657 -3.2946653
7.631587 3.5230553 -3.2163804
9.3363409 4.8767715 -3.1555498
11.967932 5.5248904 -3.0904317
13.36354 6.98035 -3.0397446
16.811457 6.7854428 -2.9166124
20.672741 10.79826 -2.8631563
18.471098 8.5270205 -2.8894043
21.540319 12.627523 -2.8830063
5.3187375 2.7546177 -3.2931836
7.6438365 3.4963961 -3.2143357
9.3603258 4.8477888 -3.1539958
12.001575 5.4896855 -3.0888338
13.394887 6.9373212 -3.0366929
16.831341 6.725245 -2.9120321
20.752827 10.748058 -2.8596578
18.518875 8.470788 -2.8855658
21.618771 12.572329 -2.8785412
5.3317475 2.737793 -3.2926941
7.6559958 3.4696908 -3.2122931
9.3807077 4.8168888 -3.1519158
12.013437 5.4444795 -3.0848246
13.419022 6.8905182 -3.0329649
16.843605 6.6620522 -2.9069514
20.797318 10.679191 -2.8542588
18.530176 8.3978605 -2.8795121
21.683275 12.508752 -2.8733454
5.3447042 2.7209136 -3.2922044
7.671639 3.4445536 -3.2109344
9.3868961 4.7787371 -3.1477411
12.035988 5.4041395 -3.0820246
13.432359 6.8382249 -3.0282307
16.87788 6.6075759 -2.9034026
20.852247 10.615586 -2.8494246
18.577562 8.3412952 -2.8756764
21.764914 12.454799 -2.8690338
5.3477635 2.697835 -3.2886744
7.691381 3.4195979 -3.2101545
9.414937 4.749639 -3.1465828
12.048464 5.3567624 -3.0778692
13.450232 6.7853608 -3.0236564
16.916842 6.5514197 -2.8998911
20.898142 10.542677 -2.8437393
18.593439 8.2666664 -2.8696182
21.834724 12.388727 -2.8636839
5.3601246 2.6818109 -3.2882609
7.7134461 3.3988197 -3.2102566
9.4270992 4.7166247 -3.1435938
12.073422 5.3199806 -3.0756347
13.476214 6.7425036 -3.020467
16.94591 6.4981403 -2.896307
20.92585 10.469751 -2.8378925
18.606155 8.1985359 -2.864068
21.88612 12.322133 -2.8582506
5.3699174 2.6621482 -3.2867129
7.715065 3.3658218 -3.2060838
9.4443226 4.6820436 -3.1408713
12.111023 5.2836294 -3.0742736
13.51865 6.7019005 -3.0182452
16.965887 6.4345779 -2.8915453
21.02128 10.421346 -2.8347981
18.636076 8.1302891 -2.8589091
21.962502 12.259348 -2.8532395
5.3787169 2.6443248 -3.2853138
7.7189846 3.3371041 -3.2027998
9.4739866 4.6576715 -3.1404915
12.132122 5.2450104 -3.0716405
13.522958 6.6482573 -3.0130577
16.983408 6.3768773 -2.8872204
20.733446 10.193131 -2.812819
18.692215 8.0810976 -2.8559773
22.010025 12.190312 -2.847626
5.3814454 2.6212204 -3.2817996
7.7239518 3.3057058 -3.1993198
9.4874382 4.6211872 -3.1372521
12.147614 5.1989503 -3.0679007
13.575835 6.6125832 -3.0118313
17.006664 6.3145909 -2.882725
21.089935 10.272587 -2.8230937
18.692383 7.9999876 -2.8491025
22.093042 12.130698 -2.8429444
5.390563 2.6024182 -3.2803323
7.7498899 3.2848442 -3.1999981
9.5177507 4.594913 -3.1367381
12.151078 5.1503181 -3.0631425
13.616744 6.5737963 -3.0097852
17.051035 6.2634234 -2.879935
21.161602 10.21625 -2.8191571
18.753233 7.9486871 -2.8461375
22.152784 12.063044 -2.8375285
5.403089 2.5852499 -3.2798502
7.7649245 3.2592921 -3.1986496
9.5515575 4.5701938 -3.1367371
12.179956 5.1124816 -3.061152
13.643194 6.5279446 -3.0064139
17.076536 6.2052302 -2.8759084
21.225927 10.156103 -2.8148479
18.791891 7.8878117 -2.8418834
22.233391 12.006513 -2.8331358
5.4116316 2.5673192 -3.2784591
7.7793102 3.2350318 -3.1974032
9.5559464 4.5334139 -3.1327288
12.204168 5.0751123 -3.0589259
13.661172 6.4809637 -3.0025718
17.112007 6.1539617 -2.8728371
21.255882 10.083953 -2.8092031
18.806898 7.8208628 -2.8366001
22.304749 11.949688 -2.828702
5.4310188 2.5533288 -3.2799399
7.7941842 3.2093489 -3.1960564
9.5717144 4.5000277 -3.1301455
12.225481 5.033989 -3.0561497
13.708907 6.4450798 -3.0011761
17.133387 6.0941882 -2.8685722
21.2729 10.001201 -2.8025649
18.863579 7.7673049 -2.8334103
22.342802 11.869879 -2.8222523
5.4368482 2.531781 -3.2774229
7.8058939 3.1807623 -3.1939387
9.5881424 4.4649172 -3.1274371
12.251197 4.9921436 -3.0536094
13.732436 6.3947935 -2.997297
17.15185 6.0300331 -2.8638587
21.345585 9.9400139 -2.7983198
18.877151 7.6921015 -2.8274434
22.449732 11.821392 -2.8186898
5.449151 2.5144 -3.2769413
7.8060374 3.1490908 -3.1899135
9.6000824 4.4297628 -3.1243474
12.26119 4.9463768 -3.049669
13.76551 6.3518147 -2.9945855
17.187843 5.9753523 -2.8605807
21.394648 9.8721247 -2.7932899
18.918676 7.6321216 -2.8234107
22.508556 11.752187 -2.8132408
5.4500175 2.4940639 -3.2736704
7.8158917 3.1245532 -3.1881061
9.6211376 4.4028726 -3.1230576
12.298776 4.9166722 -3.0491631
13.792627 6.3118501 -2.9919169
17.19523 5.9174404 -2.8560338
21.43281 9.8081875 -2.7884824
18.975878 7.5859728 -2.8209085
22.555994 11.686931 -2.8080859
5.4621978 2.4766161 -3.2731917
7.8413386 3.1030262 -3.1887753
9.6292486 4.3659992 -3.1194637
12.312172 4.8722539 -3.0456197
13.80733 6.2603846 -2.9875829
17.245947 5.8676486 -2.8537261
21.499622 9.748148 -2.7843273
19.002241 7.5196924 -2.81604
22.621506 11.620895 -2.8029637
5.4822102 2.4603548 -3.2745202
7.8422379 3.0686052 -3.1845658
9.6567602 4.3338461 -3.1181729
12.334485 4.8263855 -3.0425417
13.84941 6.2154608 -2.9851525
17.268349 5.8013821 -2.8490665
21.544176 9.668786 -2.7783732
19.079239 7.4655538 -2.8133795
22.70154 11.552049 -2.797698
5.487246 2.4396369 -3.2720885
7.860219 3.0440433 -3.1838989
9.6971121 4.3113489 -3.1191745
12.366061 4.7890301 -3.0409396
13.88556 6.1735382 -2.9827633
17.288498 5.7410636 -2.8448377
21.585093 9.5967607 -2.7729959
19.105185 7.3989048 -2.8085134
22.770243 11.487113 -2.7927217
5.4948826 2.4223871 -3.2707808
7.8624177 3.0165257 -3.1807683
9.7069902 4.2792706 -3.1163545
12.388452 4.7530017 -3.0388796
13.904884 6.1298876 -2.9794538
17.306448 5.6867251 -2.8410389
21.611481 9.5272961 -2.7676797
19.146942 7.3459902 -2.8051655
22.849049 11.436968 -2.7890151
5.5068359 2.4047318 -3.270303
7.8839006 2.9932368 -3.180769
9.7218695 4.245358 -3.1137905
12.404969 4.7097259 -3.0357373
13.940778 6.0876756 -2.9770627
17.356497 5.6361151 -2.8387232
21.615355 9.4390182 -2.7606049
19.191107 7.2861814 -2.8013287
22.913866 11.369553 -2.7838566
5.5054207 2.3789868 -3.2657895
7.9100237 2.9684572 -3.1812317
9.7526121 4.2142715 -3.1130009
12.430391 4.6648512 -3.0330534
13.971349 6.0372605 -2.9736636
17.40835 5.5791578 -2.835979
21.680738 9.3686199 -2.7557013
19.218943 7.2124443 -2.7959909
22.982428 11.293816 -2.7780643
5.5270295 2.3677478 -3.2683766
7.9119573 2.940861 -3.1781111
9.7585354 4.1805005 -3.1096849
12.456142 4.6299272 -3.0313799
13.993901 5.9949069 -2.970681
17.433382 5.5268507 -2.8326583
21.743073 9.3146076 -2.7520983
19.245241 7.1534228 -2.7918324
23.035734 11.230309 -2.7732046
5.5356698 2.3474753 -3.2668571
7.9300447 2.9145501 -3.1773467
9.770153 4.1431646 -3.1064975
12.473027 4.5842447 -3.0280919
14.015778 5.9435792 -2.9668338
17.457323 5.4641113 -2.828475
21.795431 9.2426462 -2.7469602
19.290037 7.0897183 -2.7877579
23.083925 11.149281 -2.7669256
5.5505266 2.3320882 -3.2674243
7.9470396 2.8909173 -3.1767807
9.8020582 4.1183953 -3.1065936
12.495618 4.5455666 -3.0258822
14.046412 5.9016867 -2.9643075
17.467735 5.4038315 -2.8240161
21.844357 9.1780424 -2.742389
19.313444 7.0257063 -2.7831638
23.163977 11.093354 -2.7628496
5.5586343 2.3126976 -3.2659793
7.9460115 2.8591731 -3.1728129
9.8200254 4.0856709 -3.1045446
12.526347 4.5072918 -3.0242763
14.063257 5.8510885 -2.960335
17.50173 5.3474751 -2.8207552
21.883633 9.1047945 -2.7370336
19.337854 6.9582419 -2.7783358
23.278296 11.048367 -2.7598503
5.5702348 2.2947488 -3.2655048
7.9596372 2.8327351 -3.1714919
9.8415346 4.0543804 -3.1029997
12.542003 4.4635415 -3.0211544
14.087271 5.8034806 -2.9569995
17.535543 5.2909555 -2.8174953
21.915279 9.0283556 -2.7313535
19.369534 6.8933744 -2.7739129
23.298656 10.958552 -2.7527809
5.578609 2.2743161 -3.2639909
7.9625673 2.8009379 -3.1680982
9.8490105 4.0152955 -3.099323
12.565765 4.4201732 -3.0186365
14.12318 5.7578115 -2.9544261
17.558636 5.2277813 -2.8133335
21.940836 8.9449539 -2.7250695
19.436043 6.8368835 -2.771029
23.34952 10.878136 -2.7466495
5.5793691 2.2519467 -3.2606187
7.9797039 2.7757046 -3.1674404
9.8702955 3.9838519 -3.0977819
12.599855 4.3828039 -3.0174067
14.161632 5.7159224 -2.9523458
17.584417 5.1687078 -2.8096178
22.027426 8.8907175 -2.7218542
19.482378 6.7768593 -2.7673924
23.419968 10.811628 -2.7417548
5.5971456 2.2386973 -3.2622232
7.9846773 2.7493434 -3.1650093
9.8827629 3.952821 -3.0954959
12.594804 4.3367362 -3.0127256
14.175827 5.6699233 -2.9487541
17.612041 5.1167669 -2.8065517
22.058956 8.8229485 -2.7169149
19.529961 6.7247009 -2.7644289
23.461079 10.741315 -2.7364109
5.6017318 2.2167518 -3.2597506
7.9909868 2.7187979 -3.162288
9.8898344 3.9136662 -3.0918369
12.61437 4.2918258 -3.0098424
14.196513 5.6179314 -2.9449346
17.626848 5.0510883 -2.8019502
22.105986 8.7479172 -2.7116165
19.562023 6.6556473 -2.7597659
23.489384 10.650314 -2.7293735
5.6058483 2.1957808 -3.2573538
8.0004282 2.6908894 -3.1603253
9.892395 3.8747981 -3.087815
12.640556 4.251565 -3.0078657
14.23455 5.5755973 -2.942853
17.648203 4.9906163 -2.7980218
22.154963 8.6779804 -2.7067626
19.592693 6.5898685 -2.7553484
23.551905 10.579711 -2.7241683
5.6206622 2.1789825 -3.2578492
8.0134954 2.6641812 -3.1590192
9.9132299 3.8430979 -3.0862839
12.677914 4.2149224 -3.0070074
14.242804 5.5215592 -2.9382942
17.700047 4.9386106 -2.7959104
22.25209 8.6265478 -2.7039778
19.619362 6.5226893 -2.750742
23.482927 10.450361 -2.7135766
5.6350484 2.1630936 -3.2584145
8.0260105 2.6388195 -3.1578133
9.9296093 3.8116217 -3.084384
12.703128 4.1765785 -3.0051825
14.275885 5.4800014 -2.9360855
17.73168 4.8841219 -2.7928715
22.261946 8.5455647 -2.697809
19.663607 6.4650688 -2.7473414
23.462667 10.348274 -2.7054391
5.6393375 2.1410599 -3.2559531
8.0356274 2.6093869 -3.155761
9.9545975 3.7794139 -3.0832231
12.710803 4.1275434 -3.0011921
14.292154 5.4262328 -2.9319763
17.745619 4.8180594 -2.7882955
22.375183 8.4950771 -2.6953433
19.702335 6.3978844 -2.7430773
23.763828 10.377234 -2.709554
5.6464076 2.1223457 -3.2545981
8.0367689 2.5803251 -3.1526051
9.9596777 3.7435977 -3.079844
12.743312 4.0914311 -3.0001111
14.313795 5.3802037 -2.9288485
17.773041 4.7622738 -2.7850382
22.42938 8.4306517 -2.6910627
19.700672 6.3251958 -2.7373919
23.842075 10.31739 -2.7053671
5.6501708 2.101279 -3.2522149
8.0494661 2.5534396 -3.1513093
9.9800949 3.7115626 -3.0783174
12.765081 4.0493202 -2.9977643
14.354854 5.3385201 -2.9270706
17.804958 4.7042704 -2.7817996
22.451195 8.3495216 -2.6850946
19.741632 6.2624111 -2.7335672
23.896294 10.24196 -2.6998329
5.6610856 2.0828774 -3.2517526
8.0583286 2.525332 -3.1493664
10.004114 3.6808035 -3.0772831
12.790494 4.008306 -2.9957888
14.354736 5.2815237 -2.9219396
17.832832 4.6451154 -2.7783415
22.472708 8.2683601 -2.6791408
19.782389 6.1994371 -2.7297432
23.97966 10.178777 -2.6954572
5.6719413 2.0644195 -3.2512903
8.0708418 2.4983451 -3.1480751
10.002047 3.64045 -3.0728116
12.8082 3.9648035 -2.993077
14.376824 5.2327404 -2.9186435
17.868225 4.5877857 -2.7753277
22.501436 8.1898594 -2.6735058
19.819145 6.1350555 -2.7257302
23.974566 10.077988 -2.687614
5.6754899 2.0433021 -3.2489159
8.0795135 2.470155 -3.1461377
10.022132 3.6081896 -3.0712907
12.829551 3.9223871 -2.990736
14.391261 5.1811728 -2.9147463
17.87641 4.523427 -2.7707717
22.526134 8.1099072 -2.6677272
19.86713 6.0739903 -2.7222774
23.913786 9.9543476 -2.677659
5.6789584 2.0221875 -3.2465456
8.0993519 2.4453406 -3.1461446
10.030943 3.5718603 -3.0683036
12.85456 3.8810239 -2.9887633
14.416753 5.1335783 -2.9117625
17.903685 4.4638939 -2.7673252
22.561823 8.0339088 -2.6624157
19.88439 6.0034571 -2.7173383
24.066483 9.9194946 -2.6759894
5.6856332 2.0033424 -3.2452044
8.1074162 2.4184661 -3.1443086
10.04646 3.5398872 -3.0664227
12.871162 3.8395057 -2.9862142
14.444949 5.0897021 -2.90926
17.906786 4.4016414 -2.7627752
22.629742 7.9736271 -2.6587479
19.927113 5.9443164 -2.713938
24.162073 9.8652763 -2.6724658
5.6853161 1.9809501 -3.2418878
8.0969963 2.3846126 -3.1391549
10.069951 3.5087004 -3.0653939
12.888291 3.7956769 -2.9835157
14.47765 5.0444865 -2.9068789
17.925909 4.3400493 -2.7589054
22.683809 7.9037814 -2.6541891
19.970686 5.8814836 -2.7102988
24.259275 9.8063126 -2.668608
5.7034655 1.96386 -3.2432709
8.1019163 2.3538234 -3.1364937
10.082745 3.4717662 -3.0627806
12.913549 3.7517316 -2.9813941
14.488521 4.9887962 -2.9025242
17.957197 4.2780061 -2.7554877
22.708853 7.819283 -2.6481533
20.015079 5.8149161 -2.7064204
24.291351 9.7158451 -2.6619122
5.7099466 1.944937 -3.2419357
8.1172171 2.3291085 -3.1359596
10.09046 3.4370391 -3.0599351
12.922105 3.7077961 -2.9781306
14.520043 4.9458556 -2.9003243
17.971283 4.2184377 -2.751617
22.764875 7.7542324 -2.6440232
20.041916 5.7507148 -2.702287
24.330856 9.6381826 -2.6562665
5.7130494 1.9237657 -3.2395818
8.1403923 2.3050365 -3.1366146
10.113632 3.405582 -3.0589089
12.946423 3.6659136 -2.9761667
14.52968 4.8926058 -2.896163
17.989779 4.1565809 -2.747766
22.810711 7.6810927 -2.6391656
20.046524 5.6763806 -2.6968367
24.356918 9.5502853 -2.649766
5.7164083 1.9015962 -3.2371621
8.1374531 2.2720182 -3.1326804
10.126047 3.3684881 -3.0563073
12.967415 3.6205683 -2.9736907
14.547516 4.8393154 -2.8924251
17.977709 4.0844364 -2.7420065
22.853857 7.6024675 -2.6338825
20.086395 5.6082239 -2.6927869
24.425255 9.4739332 -2.644465
5.7263417 1.8838314 -3.2367847
8.1298189 2.2408497 -3.1283059
10.144673 3.3373582 -3.0549223
12.990829 3.5807064 -2.9718807
14.57104 4.793529 -2.8896394
18.006702 4.0282707 -2.7390184
22.878944 7.5266333 -2.6285789
20.13179 5.5489936 -2.6895669
24.504982 9.4114828 -2.6403189
5.7328811 1.8638352 -3.2353902
8.1413746 2.2134926 -3.1270454
10.144981 3.2982671 -3.051007
13.003245 3.5353475 -2.9688444
14.606591 4.7487955 -2.8875623
18.036209 3.9688268 -2.735831
22.916458 7.4504423 -2.6234407
20.170265 5.4839306 -2.6857529
24.552605 9.3315763 -2.6346405
5.7393527 1.8438107 -3.2339978
8.1566296 2.1870894 -3.126425
10.16396 3.2652497 -3.0495045
13.011675 3.4889042 -2.9654558
14.638226 4.7026415 -2.8851879
18.065525 3.909209 -2.7326443
22.957521 7.3752785 -2.6184485
20.177736 5.4103861 -2.6805191
24.599976 9.2514286 -2.6289623
5.7420826 1.8226014 -3.2316613
8.168005 2.1596088 -3.1251676
10.171528 3.2285571 -3.0465634
13.031446 3.4454956 -2.9631457
14.650762 4.6503162 -2.8813508
18.07127 3.844471 -2.7281969
22.967915 7.2902737 -2.6123192
20.24275 5.3521543 -2.6779478
24.632118 9.1655073 -2.6227577
5.7520847 1.8036977 -3.2312207
8.1716995 2.1300929 -3.122638
10.190279 3.195395 -3.0450652
13.058753 3.4039869 -2.9615495
14.666904 4.5991435 -2.8778133
18.104069 3.7854378 -2.7252297
23.065563 7.2327347 -2.6094651
20.284456 5.2874894 -2.6743104
24.712664 9.0973911 -2.6182709
5.7509871 1.7813272 -3.227946
8.1866837 2.1035051 -3.1220222
10.201371 3.159802 -3.0426118
13.074399 3.3593659 -2.9588873
14.698066 4.5526209 -2.8754444
18.128878 3.7246196 -2.7218451
23.09067 7.1521702 -2.6039119
20.333681 5.2245822 -2.6710212
24.781778 9.024725 -2.6133785
5.7571702 1.761243 -3.2265656
8.1939754 2.0749171 -3.1201367
10.20478 3.1218629 -3.0392091
13.097586 3.3166323 -2.9569385
14.721475 4.5036178 -2.8724959
18.122248 3.6573796 -2.7168012
23.107864 7.0691957 -2.5980899
20.344065 5.1516194 -2.6659904
24.843174 8.9489937 -2.6082189
5.7666659 1.7432578 -3.2261999
8.2008114 2.0477352 -3.1183491
10.222642 3.0902953 -3.0378413
13.120061 3.2760677 -2.9551408
14.732518 4.4536266 -2.8688598
18.134275 3.5972681 -2.7130101
23.154093 6.9994612 -2.5936699
20.361034 5.0841327 -2.661552
24.850149 8.8585243 -2.601563
5.7687249 1.7230209 -3.2239497
8.2151737 2.0224018 -3.1178317
10.232836 3.0563755 -3.0355229
13.142412 3.2353835 -2.9533434
14.75102 4.4058809 -2.8658068
18.153923 3.5386307 -2.7096395
23.203947 6.9306273 -2.5893857
20.42811 5.0289679 -2.659359
24.871864 8.773406 -2.595437
5.7823906 1.7040449 -3.224391
8.2110939 1.989509 -3.1139641
10.247759 3.0199692 -3.0334404
13.158038 3.1881299 -2.9505439
14.774697 4.3540382 -2.862695
18.123741 3.46385 -2.7032063
23.225363 6.8444118 -2.5834506
20.4774 4.9615765 -2.6558306
24.926466 8.6900787 -2.5897236
5.7772079 1.6806209 -3.2201974
8.2179899 1.9608325 -3.1120946
10.258239 2.9841769 -3.0310087
13.196105 3.1486232 -2.9500029
14.80508 4.3068776 -2.8603332
18.16704 3.4064329 -2.7008877
23.199305 6.7488027 -2.5761681
20.506229 4.8928366 -2.6516795
24.911366 8.5873976 -2.582051
5.7867417 1.6615061 -3.2197702
8.2324228 1.9339265 -3.1114912
10.268594 2.948348 -3.0285816
13.191565 3.0989077 -2.9456086
14.804735 4.2507782 -2.8556898
18.198404 3.3465934 -2.6979537
23.303265 6.6909003 -2.5735214
20.554235 4.8285155 -2.6483803
24.948746 8.5029564 -2.5761607
5.7887993 1.6402502 -3.2174666
8.2353001 1.9043001 -3.1089988
10.282624 2.9135706 -3.0266316
13.179103 3.0474868 -2.9405305
14.827133 4.2012525 -2.8527668
18.221731 3.285181 -2.6946156
23.349508 6.6160583 -2.5688322
20.602034 4.7639375 -2.6450784
25.023664 8.4311295 -2.5715189
5.7981997 1.6210691 -3.2170429
8.2457218 1.8764101 -3.1077697
10.300344 2.8797853 -3.0251548
13.19353 3.0023417 -2.9379051
14.85703 4.1537499 -2.8504128
18.217402 3.2187786 -2.6898668
23.387835 6.5388045 -2.5638745
20.630199 4.6946425 -2.640933
25.109753 8.3626423 -2.5672328
5.8038225 1.600821 -3.2156835
8.244565 1.8459035 -3.1046584
10.317955 2.8459172 -3.0236793
13.20393 2.9562724 -2.9349375
14.86377 4.0997519 -2.8463643
18.216753 3.1531348 -2.6853356
23.429747 6.4624357 -2.5590537
20.65424 4.6243477 -2.6366262
25.153955 8.2799406 -2.5615873
5.8056588 1.5795394 -3.2133901
8.2586212 1.8187985 -3.1040642
10.343081 2.8140311 -3.0231426
13.218044 2.9110141 -2.9323225
14.874153 4.0467954 -2.8426073
18.243355 3.0921845 -2.6822217
23.444462 6.37851 -2.5533118
20.685831 4.5556469 -2.6326575
25.296587 8.229125 -2.5590961
5.8111372 1.5592625 -3.2120366
8.2649202 1.7899572 -3.1022174
10.349025 2.7768826 -3.0202634
13.220369 2.863173 -2.9286759
14.918919 4.0030909 -2.8413851
18.265823 3.0304348 -2.678911
23.458879 6.29456 -2.5475843
20.717197 4.4867821 -2.6286922
25.351763 8.1493177 -2.5537934
5.8165445 1.5389696 -3.2106862
8.2864628 1.7643654 -3.1028783
10.362475 2.7417541 -3.0183251
13.230284 2.8170109 -2.925729
14.944335 3.9540448 -2.838757
18.256634 2.9634697 -2.674016
23.542427 6.2289701 -2.5442111
20.736631 4.4152732 -2.6242383
25.380053 8.0607796 -2.5476539
5.8330626 1.5215747 -3.2121389
8.2925701 1.7354313 -3.1010368
10.364333 2.7035725 -3.014991
13.236151 2.7700014 -2.9224453
14.96959 3.90487 -2.8361306
18.266867 2.8997283 -2.6701286
23.591053 6.1538086 -2.539659
20.755817 4.3436828 -2.6197932
25.377563 7.9625816 -2.5405772
5.8308768 1.4992871 -3.208926
8.2908926 1.7048959 -3.0979512
10.373707 2.6673799 -3.0125966
13.265172 2.7277806 -2.9212265
14.98698 3.8535862 -2.8329501
18.27294 2.8353405 -2.6660538
23.620119 6.0734158 -2.5344648
20.805996 4.2784362 -2.6166565
25.447144 7.8869543 -2.5357604
5.8430257 1.4828547 -3.2095804
8.3000526 1.6796165 -3.096926
10.382035 2.6347737 -3.0104454
13.293123 2.6900246 -2.9202988
15.018288 3.8113711 -2.8312283
18.301449 2.7809069 -2.663554
23.64682 6.0011373 -2.5298214
20.823244 4.2138362 -2.6126809
25.467983 7.8057938 -2.5301445
5.8444295 1.4615167 -3.2073071
8.3058643 1.6506355 -3.0950975
10.398838 2.6004379 -3.0089879
13.298539 2.6428361 -2.9170294
15.039216 3.7608576 -2.8283308
18.330742 2.719933 -2.6606691
23.671494 5.9195313 -2.5245152
20.865196 4.1465678 -2.6092193
25.433945 7.698349 -2.5221934
5.8497477 1.4400845 -3.2059014
8.3195581 1.6216803 -3.0944252
10.415976 2.5641935 -3.0074124
13.292558 2.5910363 -2.9126012
15.045177 3.7038052 -2.8241622
18.34059 2.6527238 -2.6566195
23.71628 5.838448 -2.5195746
20.903734 4.0746365 -2.6053667
25.412268 7.590219 -2.5143244
5.8549867 1.418633 -3.2044988
8.3293009 1.5919111 -3.0931332
10.417622 2.5241358 -3.0039909
13.29807 2.5415514 -2.9092059
15.047055 3.6458237 -2.8197315
18.354134 2.5860357 -2.652775
23.768543 5.7589955 -2.5148847
20.910698 3.9964907 -2.6002429
25.543303 7.5274878 -2.511049
5.8524079 1.3964025 -3.2013092
8.3309498 1.5621095 -3.0906959
10.434056 2.489598 -3.002542
13.322457 2.4980509 -2.9076586
15.075162 3.5969799 -2.8174009
18.351208 2.5203393 -2.6483607
23.827312 5.6852698 -2.5107124
20.940193 3.9264278 -2.5963128
25.504255 7.4193411 -2.5030684
5.8609967 1.3768446 -3.2009084
8.3363514 1.5330173 -3.0888832
10.446532 2.4540622 -3.0006337
13.303779 2.4465046 -2.9023957
15.091499 3.5452416 -2.8142521
18.36779 2.4573174 -2.6449213
23.889742 5.6120934 -2.5066552
20.969454 3.8561873 -2.5923855
25.622084 7.3567014 -2.4997246
5.8652935 1.3584261 -3.1997147
8.3488464 1.5082165 -3.0884922
10.446488 2.4194496 -2.9975872
13.315304 2.4054055 -2.9001353
15.118059 3.5014048 -2.8122661
18.371471 2.3990891 -2.6412959
23.942242 5.5451217 -2.502888
20.993235 3.7924213 -2.5887611
25.579784 7.2576537 -2.4923933
5.8702335 1.3369153 -3.1983247
8.3620443 1.4789665 -3.0878305
10.459142 2.3820152 -2.9955699
13.34357 2.3600321 -2.8987908
15.130793 3.4459596 -2.8086832
18.384092 2.332226 -2.6374907
23.942955 5.4528837 -2.496608
21.006996 3.7154365 -2.5839922
25.49474 7.1326423 -2.4828737
5.878623 1.3172626 -3.1979294
8.3710203 1.4504439 -3.0866442
10.475105 2.3472273 -2.9941328
13.359544 2.3148036 -2.8965845
15.138847 3.3922634 -2.8050096
18.39212 2.2680519 -2.6336963
23.985203 5.374526 -2.4919441
21.000195 3.6386967 -2.5786896
25.573347 7.0584917 -2.4784276
5.8756618 1.2950745 -3.1947622
8.3721647 1.4205564 -3.084229
10.490954 2.3123467 -2.9926965
13.367543 2.2681527 -2.8937125
15.15448 3.34025 -2.801883
18.380152 2.2014644 -2.628967
24.070063 5.3053637 -2.4885933
21.016699 3.5660317 -2.5743289
25.790409 7.0216055 -2.4778736
5.8761601 1.2747648 -3.1925905
8.369091 1.3914965 -3.0812945
10.483115 2.2741902 -2.9886436
13.371077 2.2231574 -2.8906572
15.161588 3.2891304 -2.7983947
18.407133 2.1427991 -2.6263251
24.12652 5.2339687 -2.4846647
21.052006 3.5002356 -2.5709686
25.890657 6.9567528 -2.4743137
5.8883271 1.2548258 -3.1930597
8.3702641 1.3601857 -3.0788031
10.49138 2.2357545 -2.9861896
13.386969 2.1754107 -2.8883231
15.18132 3.2351995 -2.7953804
18.414864 2.0753233 -2.6223729
24.188471 5.1546588 -2.4803104
21.064692 3.4230573 -2.566246
25.804071 6.8321881 -2.4648988
5.8926721 1.2342626 -3.1917508
8.3904562 1.33342 -3.079473
10.510726 2.2015474 -2.98522
13.406239 2.1305332 -2.8864672
15.200307 3.1838138 -2.7925389
18.414076 2.0101612 -2.6182461
24.23756 5.0767317 -2.4758677
21.084389 3.3507528 -2.562062
25.889566 6.7581987 -2.4606111
5.9042768 1.2162733 -3.1923523
8.3987074 1.3061974 -3.0783932
10.514096 2.16589 -2.982554
13.41715 2.0866838 -2.8840945
15.210779 3.1334004 -2.7893393
18.424603 1.9495186 -2.6148779
24.281616 5.0019808 -2.4715772
21.1269 3.285732 -2.5590148
25.996874 6.6942253 -2.457238
5.9009361 1.1941266 -3.1892073
8.3993378 1.2762809 -3.0760036
10.540962 2.1330926 -2.9824932
13.424352 2.0398328 -2.881254
15.237216 3.083437 -2.7870378
18.44714 1.8868085 -2.6118851
24.330217 4.9235168 -2.4671319
21.142181 3.2125585 -2.5546916
26.016216 6.6024499 -2.4511428
5.9126248 1.1750213 -3.1897457
8.4037418 1.2469518 -3.0742307
10.544467 2.0955114 -2.9797189
13.439242 1.994122 -2.8790793
15.251788 3.0310016 -2.7839446
18.461542 1.8231826 -2.6085279
24.33943 4.8369966 -2.4615428
21.176929 3.1422443 -2.5511231
26.035234 6.5106211 -2.4450617
5.9242516 1.1558515 -3.1902838
8.4080429 1.2176113 -3.0724628
10.555597 2.0594506 -2.977854
13.461827 1.9494754 -2.8775666
15.273986 2.980032 -2.7813847
18.487617 1.7606204 -2.6057289
24.363998 4.7535396 -2.456424
21.203548 3.0705931 -2.5472608
26.100435 6.4302101 -2.4402235
5.9169011 1.1329902 -3.1862338
8.4122419 1.188252 -3.0706992
10.562722 2.0225894 -2.9755425
13.452835 1.9002495 -2.8734319
15.26867 2.9237018 -2.7769904
18.497616 1.6964347 -2.6022019
24.403955 4.6729603 -2.4517636
21.233875 2.9993427 -2.5435498
26.107204 6.3352914 -2.4338562
5.9244108 1.114076 -3.1859233
8.4161358 1.1603513 -3.0690284
10.573256 1.9882839 -2.9738009
13.466924 1.8567145 -2.8714137
15.274373 2.8723214 -2.773562
18.499174 1.6347382 -2.598506
24.42716 4.5934882 -2.4469259
21.239756 2.9283721 -2.5391858
26.155247 6.2551866 -2.4289126
5.9246659 1.0916578 -3.1836536
8.4436569 1.1326274 -3.070832
10.580471 1.9495198 -2.9713848
13.497233 1.8105114 -2.8704233
15.288708 2.8170426 -2.7703321
18.497103 1.5662564 -2.5942726
24.459528 4.506825 -2.4417868
21.301714 2.8573997 -2.5364308
26.193537 6.1629429 -2.4230762
5.9246502 1.0702838 -3.1814528
8.4358921 1.1016209 -3.0672572
10.591102 1.9132749 -2.9695361
13.503471 1.7633828 -2.8676188
15.302362 2.7643609 -2.7672744
18.490547 1.5007083 -2.5900569
24.482965 4.4228301 -2.4366989
21.319464 2.7840526 -2.5322945
26.179892 6.0633602 -2.4162576
5.9321432 1.0502692 -3.1810856
8.4280119 1.0706861 -3.0636921
10.570473 1.8714724 -2.964119
13.50561 1.7157389 -2.8644974
15.315835 2.7116256 -2.7642233
18.515528 1.4377007 -2.587292
24.545404 4.3456945 -2.4327123
21.321142 2.7086163 -2.527591
26.208681 5.9737182 -2.4105453
5.939568 1.0302124 -3.1807196
8.4394846 1.0422196 -3.0631623
10.600307 1.8386132 -2.9645138
13.511517 1.6685815 -2.8617089
15.325208 2.6581428 -2.7609203
18.548237 1.3751169 -2.5848866
24.564356 4.260664 -2.4275267
21.358166 2.6375899 -2.5241911
26.252745 5.8874307 -2.40523
5.9391551 1.009866 -3.1785939
8.4506817 1.0151649 -3.062721
10.61414 1.8047785 -2.9632387
13.532733 1.6256622 -2.8603587
15.333939 2.607311 -2.7577901
18.564613 1.3144488 -2.581953
24.590153 4.1811943 -2.422832
21.354919 2.5653269 -2.5195878
26.361776 5.8201394 -2.4018481
5.9388428 0.98849708 -3.176409
8.4619656 0.98657054 -3.0621943
10.62817 1.7690171 -2.9618516
13.542266 1.5788766 -2.857904
15.354713 2.5557318 -2.7552729
18.565115 1.2493749 -2.5781353
24.616402 4.0973034 -2.417881
21.363743 2.4907734 -2.5152061
26.335119 5.7179265 -2.3948076
5.9422579 0.96775907 -3.1751397
8.4692564 0.95746511 -3.0610659
10.642083 1.7331749 -2.9604669
13.571353 1.5342665 -2.8570616
15.371392 2.5033925 -2.7525027
18.593212 1.1860793 -2.575563
24.638435 4.0126276 -2.4128313
21.384193 2.4175224 -2.5112581
5.9530425 0.94925994 -3.1757574
8.4606876 0.92808926 -3.0576191
10.651676 1.6984944 -2.958755
13.576366 1.4892501 -2.8544323
15.391393 2.4542799 -2.7501557
18.593065 1.1241697 -2.5719452
24.671309 3.9340363 -2.4083686
21.37624 2.3448517 -2.5065553
26.349993 5.5336008 -2.3828042
5.9488688 0.92625076 -3.172611
8.4601326 0.8966617 -3.0552123
10.66564 1.6606615 -2.957263
13.56595 1.4378105 -2.8502562
15.408143 2.3990786 -2.7472315
18.612965 1.0569226 -2.5688527
24.693445 3.8448186 -2.403075
21.39262 2.2673335 -2.5022717
26.377914 5.4386044 -2.3768563
5.9596829 0.90663666 -3.1731684
8.471014 0.86792207 -3.0546989
10.671373 1.6234183 -2.9550045
13.574833 1.3908485 -2.8478265
15.412493 2.344677 -2.7437155
18.612568 0.99172801 -2.5650756
24.726442 3.7615926 -2.3983622
21.404369 2.1930461 -2.4980757
26.443687 5.3559971 -2.3721285
5.9551907 0.8847 -3.170095
8.4739923 0.83835316 -3.0529885
10.676974 1.5861657 -2.9527524
13.591451 1.3446362 -2.84604
15.428451 2.2920425 -2.7409675
18.619892 0.92696255 -2.5616591
24.751263 3.6770346 -2.3934512
21.38809 2.1159773 -2.4929285
5.9580913 0.86494535 -3.1689045
8.4767256 0.81024551 -3.0513678
10.682175 1.5507479 -2.9506178
13.599786 1.2999319 -2.8437576
15.428094 2.2397203 -2.7373798
18.622862 0.86520672 -2.5582576
24.783064 3.5977957 -2.3890109
21.379116 2.0435169 -2.4882901
5.9650364 0.84363997 -3.1684983
8.4835443 0.77952802 -3.0501797
10.683874 1.511029 -2.9478261
13.612362 1.2508 -2.8415248
15.448013 2.1848252 -2.7347333
18.625908 0.79693985 -2.5545099
24.800035 3.5074892 -2.3836522
21.378521 1.9644097 -2.4835134
26.514006 5.0818 -2.3550467
5.9641285 0.82228804 -3.1663456
8.4823065 0.74956661 -3.0478857
10.700829 1.4753478 -2.9469049
13.600835 1.201882 -2.8375397
15.459485 2.1314347 -2.7317531
18.624598 0.7317661 -2.550782
24.827938 3.4230847 -2.3788662
21.381277 1.8894262 -2.4791024
5.9668221 0.80250698 -3.1651645
8.4886532 0.7217682 -3.046876
10.697828 1.4388031 -2.9439123
13.624513 1.158457 -2.8365386
15.466468 2.0801606 -2.7286916
18.634882 0.67029047 -2.5477543
24.791698 3.3343563 -2.3727598
21.415232 1.8208816 -2.4759941
25.955236 4.7917886 -2.3305402
5.9772258 0.78267258 -3.1657319
8.4950314 0.69244927 -3.0457842
10.722381 1.4040147 -2.9438682
13.636385 1.1115327 -2.8344588
15.481522 2.0271883 -2.7259734
18.660992 0.6060093 -2.5452347
24.862532 3.2555609 -2.3690817
21.409538 1.7451401 -2.4713366
5.9837427 0.76229161 -3.1653967
8.4934855 0.66248876 -3.0435066
10.731136 1.3670801 -2.9420822
13.652049 1.0648547 -2.8326979
15.488503 1.9731388 -2.7227662
18.670954 0.54110134 -2.5420437
24.881659 3.1697686 -2.3641262
21.403574 1.6694709 -2.466697
26.554037 4.7108798 -2.3316598
5.9787221 0.74045128 -3.1623561
8.4918346 0.63254321 -3.041235
10.724075 1.3281527 -2.9385626
13.667554 1.0180743 -2.83094
15.491349 1.9185688 -2.7193205
18.676712 0.47602063 -2.5386927
24.908415 3.0848513 -2.3593736
21.42915 1.5962231 -2.463131
5.9850941 0.72003847 -3.1620269
8.4979038 0.60317689 -3.0401576
10.740419 1.2921293 -2.9376554
13.663109 0.96980047 -2.8276265
15.501901 1.8649606 -2.716377
18.686224 0.41100308 -2.5355196
24.930914 2.9993207 -2.3545334
21.42664 1.5208519 -2.4586511
5.9875712 0.69914061 -3.1607985
8.4843044 0.57245147 -3.0361197
10.744864 1.2546275 -2.935451
13.654532 0.92129624 -2.8240128
15.512267 1.8112947 -2.7134407
18.679581 0.34562108 -2.5316892
24.957088 2.9141221 -2.3497965
21.427837 1.4457753 -2.4543171
5.9898567 0.67928237 -3.1596348
8.4978981 0.54506826 -3.0363195
10.745039 1.2185459 -2.9329307
13.681273 0.87753785 -2.8233385
15.518188 1.7598472 -2.7104256
18.668676 0.28349775 -2.5278823
24.974545 2.8322494 -2.3451347
21.424557 1.3742042 -2.4500775
5.9920764 0.65941393 -3.158474
8.4918299 0.51640671 -3.0335634
10.756878 1.1837691 -2.931711
13.69995 0.83312398 -2.8220432
15.5358 1.7096782 -2.7081487
18.681461 0.22172512 -2.5250795
24.975866 2.7485354 -2.3401079
21.397161 1.3012083 -2.4450774
5.998395 0.63680935 -3.1580324
8.4898338 0.48357561 -3.0311584
10.761344 1.1424596 -2.9293053
13.675318 0.77893752 -2.8169546
15.530384 1.6487566 -2.7039468
18.638369 0.14964463 -2.5194666
24.966394 2.6505144 -2.3340592
21.40996 1.2194979 -2.4407616
6.0005808 0.61586839 -3.156817
8.4875526 0.45373005 -3.0289252
10.757401 1.1040837 -2.926266
13.697765 0.73225904 -2.8158474
15.555824 1.5965688 -2.702009
18.64674 0.084623799 -2.5163531
24.99534 2.5653915 -2.3294599
21.465841 1.1475271 -2.4382737
6.0025907 0.59596759 -3.1556656
8.4929285 0.42577994 -3.0279586
10.764938 1.0687976 -2.9246304
13.712007 0.68743044 -2.8142583
15.549162 1.5437995 -2.6983008
18.654882 0.022802114 -2.5134199
25.051359 2.4872258 -2.3257565
21.485455 1.0771403 -2.4348459
5.9968657 0.57532161 -3.1527247
8.4903755 0.39742818 -3.0258181
10.776292 1.0338457 -2.9234266
13.694392 0.64102435 -2.8102198
15.554196 1.4922237 -2.6953259
18.666805 -0.039090198 -2.5106561
25.063444 2.4045129 -2.3210537
21.476961 1.0053207 -2.4305415
5.9989333 0.55333662 -3.1514609
8.4878569 0.3661356 -3.0235217
10.787879 0.99506497 -2.9220097
13.708543 0.5913372 -2.8083801
15.5754 1.436662 -2.6930051
18.678486 -0.1075808 -2.5075583
25.048246 2.3104293 -2.3152339
21.468554 0.92607617 -2.4258425
6.0084095 0.53412378 -3.1521099
8.4968624 0.33830065 -3.0231545
10.787184 0.95893788 -2.9195328
13.702497 0.54556185 -2.8052821
15.588003 1.3857117 -2.6905222
18.662096 -0.1693719 -2.5036852
25.039871 2.2259452 -2.3101182
21.479473 0.85520035 -2.422195
6.0140748 0.51347327 -3.1518049
8.4979916 0.30863672 -3.0215364
10.794403 0.92161101 -2.9178066
13.688458 0.49714816 -2.8014553
15.600671 1.3319634 -2.6878886
18.665373 -0.23456866 -2.5004587
25.031588 2.1371617 -2.3047717
21.299059 0.77355593 -2.4124143
6.01583 0.49247837 -3.1506095
8.5029373 0.27910176 -3.0205088
10.801493 0.88425064 -2.9160855
13.709939 0.45001721 -2.8003752
15.581441 1.2755551 -2.6833646
18.688335 -0.3001014 -2.4980388
25.038895 2.0497777 -2.2997954
21.245844 0.69737691 -2.4066513
6.0137548 0.47012424 -3.1484656
8.4999828 0.2478186 -3.0182357
10.79284 0.84372836 -2.9125659
13.703564 0.39952999 -2.7970469
15.605836 1.2199835 -2.681304
18.639324 -0.36765778 -2.4926028
25.03828 1.9573632 -2.2944131
21.459465 0.62565482 -2.408905
6.0228839 0.45180655 -3.1491797
8.5046406 0.22121751 -3.0173774
10.799379 0.81011528 -2.9110708
13.708717 0.35658279 -2.7950239
15.597693 1.1700608 -2.6778231
18.614187 -0.42566326 -2.4886448
25.056246 1.8795938 -2.2902191
21.493206 0.5590682 -2.4062364
6.0205827 0.4305037 -3.1471028
8.4896755 0.19117396 -3.013447
10.802142 0.77241063 -2.9089444
13.705914 0.30863532 -2.7921467
15.617553 1.1167381 -2.6756909
18.612589 -0.49064115 -2.4853141
25.114395 1.7958128 -2.2863877
21.522928 0.48466206 -2.4030423
6.0220485 0.40948942 -3.1459215
8.4902906 0.16154413 -3.0118575
10.812657 0.73524302 -2.9076681
13.70294 0.26072481 -2.7892799
15.621355 1.0622265 -2.6726265
18.622707 -0.55595213 -2.4824655
25.092642 1.7062587 -2.2808714
21.524488 0.40954486 -2.3990128
6.0197325 0.38611543 -3.1437366
8.4908485 0.12894057 -3.0101149
10.807513 0.69321144 -2.9045
13.711773 0.20822464 -2.7870669
15.621348 1.0019786 -2.6690321
18.616453 -0.62732422 -2.4786716
25.099009 1.6098912 -2.2754724
21.525902 0.32688865 -2.3945949
6.0248885 0.3653318 -3.1434515
8.4912462 0.099298909 -3.0085363
10.809868 0.65547913 -2.9023933
13.704482 0.1602639 -2.7839196
15.648569 0.94888401 -2.6673818
18.61813 -0.69245708 -2.4755325
25.116425 1.5229874 -2.2708273
21.530897 0.25178808 -2.3907108
6.0298519 0.34662449 -3.143286
8.4797506 0.072523408 -3.0053799
10.807927 0.62129092 -2.9000835
13.70095 0.11717792 -2.7813358
15.663385 0.9004057 -2.6653407
18.635759 -0.75174308 -2.4733491
25.109137 1.4433922 -2.2661903
21.543545 0.18425202 -2.3874736
6.0348716 0.32578033 -3.1430051
8.4799519 0.042920876 -3.0038135
10.817923 0.58398366 -2.8988276
13.705244 0.069368444 -2.7791028
15.662461 0.84550625 -2.6620758
18.664852 -0.8181898 -2.4713025
25.121988 1.3561597 -2.2614887
21.56399 0.10914512 -2.3840795
6.0399246 0.30279997 -3.1426101
8.4918213 0.010376297 -3.0038331
10.81219 0.54204834 -2.8956952
13.697474 0.016737171 -2.7757349
15.661619 0.78516507 -2.6585205
18.645662 -0.88908839 -2.4670982
25.138966 1.2602936 -2.2563956
21.584183 0.02637407 -2.3802958
6.0369992 0.28364393 -3.1406789
8.4996567 -0.016315013 -3.0035872
10.805945 0.50770932 -2.8929889
13.713328 -0.026322613 -2.7746592
15.671955 0.73633522 -2.6562681
18.622889 -0.94664645 -2.4634111
25.170704 1.182627 -2.2525995
21.568213 -0.041399989 -2.3762717
6.0303016 0.2611804 -3.1376936
8.4956169 -0.047447968 -3.001379
10.823528 0.46878144 -2.8924789
13.721077 -0.076632127 -2.7726183
15.670576 0.67871356 -2.652884
18.603388 -1.0140343 -2.4594076
25.170883 1.0901846 -2.2474527
21.57589 -0.12050121 -2.3723619
6.0311341 0.24118297 -3.1365991
8.4914913 -0.075583585 -2.9993329
10.832922 0.43320477 -2.8913453
13.720748 -0.12212971 -2.7702446
15.676714 0.62690634 -2.6502674
18.599922 -1.0757159 -2.4563482
25.178349 1.0068734 -2.2429616
21.591318 -0.19218642 -2.3690858
6.039638 0.22040829 -3.137217
8.4911747 -0.1052262 -2.9977918
10.830417 0.39524117 -2.8888669
13.724204 -0.17007612 -2.7680483
15.702652 0.57304668 -2.648644
18.584127 -1.1399086 -2.4526894
25.189682 0.91926283 -2.2383199
21.590513 -0.26755872 -2.3651671
6.0403705 0.19932593 -3.1360707
8.4986 -0.13498808 -2.9974062
10.83173 0.35743582 -2.8868113
13.715593 -0.21785255 -2.7649801
15.700582 0.51810282 -2.6454372
18.584009 -1.2050261 -2.4496453
25.176783 0.83080763 -2.233233
21.589449 -0.34291747 -2.3612628
6.0372105 0.17707105 -3.1339889
8.4980478 -0.16613831 -2.9957983
10.832969 0.31773037 -2.8846595
13.706768 -0.26796967 -2.7617998
15.718278 0.46101621 -2.6432207
18.583443 -1.273409 -2.4464531
25.207581 0.73933697 -2.2287607
21.588047 -0.42205006 -2.357178
6.030036 0.15790324 -3.131202
8.5053272 -0.19301119 -2.9955726
10.833913 0.28369811 -2.8828213
13.721725 -0.31138682 -2.7607524
15.715672 0.41153243 -2.6403286
18.571404 -1.3312112 -2.4433048
25.229725 0.66066855 -2.224858
21.590599 -0.48995501 -2.3538008
6.0382514 0.13702711 -3.1318297
8.4928379 -0.2223928 -2.9923315
10.838788 0.24596654 -2.8811972
13.712623 -0.35907766 -2.7577145
15.724964 0.3568494 -2.6378233
18.574585 -1.3966302 -2.440443
25.195972 0.57177669 -2.219449
21.576801 -0.5650084 -2.3496051
6.0464158 0.11504143 -3.1324019
8.4958868 -0.25363615 -2.9913137
10.831714 0.20608835 -2.8782437
13.707247 -0.40921608 -2.7548568
15.718214 0.29906079 -2.6342845
18.573315 -1.4650134 -2.437288
25.221838 0.47988036 -2.2149346
21.578571 -0.64420658 -2.3456757
6.0467806 0.093934797 -3.1312735
8.4988699 -0.28342152 -2.9903762
10.820512 0.16809319 -2.8749909
13.713667 -0.45732531 -2.7530015
15.715186 0.24413037 -2.6311285
18.568089 -1.5298374 -2.4341562
25.251287 0.39227065 -2.210736
21.604082 -0.720456 -2.3426061
6.0432329 0.071725905 -3.1292145
8.4938536 -0.31442443 -2.9882259
10.832911 0.12857363 -2.8741071
13.707933 -0.50743854 -2.7501643
15.735858 0.18676572 -2.6291695
18.538548 -1.5958331 -2.4300096
25.244574 0.29962274 -2.205662
21.613249 -0.80007654 -2.3389165
6.0434284 0.052740213 -3.1282067
8.4967442 -0.34126449 -2.9874482
10.841166 0.094609447 -2.8731182
13.706273 -0.55050075 -2.7479885
15.740344 0.13736393 -2.626766
18.533443 -1.6540656 -2.4272177
25.245392 0.22031324 -2.2014511
21.586729 -0.8670125 -2.3348398
6.0435758 0.031644382 -3.1270902
8.4915819 -0.37075049 -2.9853854
10.837478 0.056745425 -2.8707073
13.704268 -0.59834123 -2.7455797
15.760613 0.082523145 -2.6249609
18.51169 -1.7172778 -2.4235518
25.238028 0.13214722 -2.1966467
21.58357 -0.94235897 -2.3310461
6.0436511 0.0094933584 -3.1259222
8.4980021 -0.40224209 -2.984962
10.829709 0.01701129 -2.8677979
13.709909 -0.64894104 -2.7436342
15.756832 0.02475081 -2.621695
18.560774 -1.7904687 -2.4223309
25.246321 0.039656885 -2.1919084
21.560059 -1.0205179 -2.3265471
6.0513535 -0.010561625 -3.1266201
8.4966221 -0.43042034 -2.9835536
10.841563 -0.018922135 -2.867131
13.695793 -0.69379896 -2.7405033
15.756828 -0.027500909 -2.6189492
18.530956 -1.8496354 -2.4185579
25.266266 -0.044098042 -2.1878538
21.560541 -1.0922099 -2.3230798
6.0474272 -0.031664535 -3.124639
8.4989834 -0.46028849 -2.9826443
10.833526 -0.056724712 -2.864337
13.693288 -0.74160194 -2.7381229
15.756636 -0.082502291 -2.6160688
18.512503 -1.913081 -2.4150782
25.269947 -0.13231431 -2.1833036
21.572519 -1.1683258 -2.319752
6.0434194 -0.053794954 -3.1226084
8.5011559 -0.49166217 -2.9816658
10.84115 -0.096501522 -2.8630757
13.69444 -0.79201448 -2.7359183
15.760206 -0.14028805 -2.6132731
18.517246 -1.9821916 -2.4123123
25.269295 -0.22493234 -2.1784706
21.56809 -1.2473851 -2.31583
6.0508981 -0.074985586 -3.1232584
8.4915581 -0.52085358 -2.9790673
10.836795 -0.13429467 -2.8607035
13.667828 -0.83835459 -2.7318511
15.771548 -0.19544847 -2.6110632
18.533966 -2.049443 -2.41013
25.284313 -0.31333515 -2.1741517
21.507896 -1.3192472 -2.3106604
6.0544667 -0.095111161 -3.1230915
8.4936972 -0.54926276 -2.9782465
10.840241 -0.17029211 -2.8592455
13.688731 -0.88521057 -2.7313206
15.754908 -0.24749786 -2.6074889
18.519156 -2.1099913 -2.4069829
25.283134 -0.39717919 -2.1698074
21.495447 -1.3900483 -2.3069432
6.0540981 -0.11624461 -3.1220002
8.4956417 -0.57917476 -2.9773567
10.847486 -0.20828235 -2.8580983
13.693475 -0.93352747 -2.7295423
15.769854 -0.30279663 -2.605511
18.503767 -2.1736929 -2.4037004
25.281597 -0.4854314 -2.1652503
21.454666 -1.4626323 -2.3023427
6.0651846 -0.13869742 -3.1234725
8.4934616 -0.61030895 -2.9758351
10.858503 -0.24831004 -2.8572605
13.693919 -0.98399472 -2.7273719
15.760686 -0.36041218 -2.6021082
18.507534 -2.2429352 -2.4009788
25.303585 -0.57863724 -2.160871
21.465067 -1.5424007 -2.2989058
6.0569897 -0.15860787 -3.1207004
8.5031242 -0.6393531 -2.9761543
10.849717 -0.28410983 -2.8546109
13.682667 -1.0288049 -2.7245982
15.77133 -0.41298684 -2.600071
18.519756 -2.3067575 -2.3988414
25.289555 -0.66223031 -2.156378
21.455858 -1.613274 -2.2953398
6.0563993 -0.17974973 -3.1196203
8.4812908 -0.66749203 -2.9719007
10.856561 -0.3222152 -2.8534787
13.667125 -1.075626 -2.7214391
15.761842 -0.46780053 -2.5968323
18.47999 -2.367341 -2.3947732
25.279112 -0.75026655 -2.1517422
21.438171 -1.6872207 -2.2914069
6.0519199 -0.19970541 -3.1177285
8.4829397 -0.69593406 -2.9711039
10.835682 -0.35756329 -2.8496437
13.667438 -1.1212664 -2.7195292
15.748281 -0.51967257 -2.5935338
18.499678 -2.4322441 -2.3929303
25.248571 -0.8331697 -2.1470375
21.436436 -1.7586292 -2.2880709
6.0588851 -0.22111033 -3.1183944
8.4843664 -0.7258752 -2.9702399
10.838318 -0.39552888 -2.848125
13.659487 -1.1686296 -2.716953
15.762268 -0.57522136 -2.591593
18.483181 -2.495739 -2.3897166
25.273422 -0.92231733 -2.1429996
21.418247 -1.8324261 -2.2841721
3.6433771 -0.32516274 -3.248307
6.0580339 -0.24331577 -3.1172721
8.4894629 -0.75766432 -2.9698703
10.840744 -0.43540925 -2.8465166
13.659063 -1.219039 -2.7148311
15.752106 -0.63266993 -2.5882514
18.473907 -2.5634661 -2.3866448
25.289808 -1.0157436 -2.138624
21.435213 -1.9130417 -2.2809968
3.6422791 -0.33724284 -3.24773
6.0533457 -0.26323622 -3.1153934
8.4790926 -0.78508902 -2.9674051
10.843189 -0.4715277 -2.8451049
13.650997 -1.2639616 -2.7123892
15.74595 -0.68472946 -2.5854106
18.465305 -2.6247144 -2.3838782
25.266367 -1.0987351 -2.1340992
21.428753 -1.984113 -2.2776012
3.6302538 -0.34891421 -3.2426772
6.0562377 -0.28454554 -3.1151998
8.4723959 -0.8143065 -2.9654372
10.83753 -0.50918919 -2.8428082
13.65045 -1.3119843 -2.7103994
15.735518 -0.73931563 -2.5822334
18.467857 -2.690877 -2.3813825
25.262379 -1.1869246 -2.1296744
21.397884 -2.0566127 -2.2734606
6.0513606 -0.30548981 -3.1132772
8.4812107 -0.84504247 -2.9657121
10.827791 -0.54661757 -2.8401232
13.649736 -1.3600188 -2.7084177
15.736813 -0.7944389 -2.5796969
18.466228 -2.7565017 -2.378763
25.278009 -1.2761055 -2.1255615
21.382641 -2.1305025 -2.2697279
3.6421535 -0.37573752 -3.2474039
6.0541029 -0.32681879 -3.1130905
8.474308 -0.87423974 -2.9637561
10.825816 -0.58441031 -2.8382409
13.6528 -1.4084715 -2.7067206
15.729972 -0.84915143 -2.5767527
18.44862 -2.8197401 -2.3756216
25.301289 -1.3658401 -2.1215756
21.398869 -2.2075834 -2.266777
3.6372151 -0.38806415 -3.2453253
6.0490804 -0.34772852 -3.1111772
8.4673042 -0.90339917 -2.9618073
10.827658 -0.62242275 -2.8367615
13.651746 -1.4565409 -2.7047548
15.730883 -0.90428233 -2.5742359
18.450468 -2.8859673 -2.3731594
25.288401 -1.4536917 -2.1170781
21.398958 -2.2831118 -2.263454
3.6358385 -0.400758 -3.2447305
6.0478292 -0.36884159 -3.1101334
8.4679985 -0.93337977 -2.9609797
10.837254 -0.6609363 -2.8360779
13.634747 -1.5028814 -2.7016978
15.739538 -0.95991403 -2.5721428
18.420618 -2.9472075 -2.3696508
25.291138 -1.5424416 -2.1128283
21.402746 -2.3591044 -2.2602377
3.6416211 -0.4142665 -3.2470977
6.046505 -0.38995022 -3.1090937
8.4724817 -0.9638195 -2.9607134
10.838824 -0.69901574 -2.8346093
13.645187 -1.5522603 -2.7005744
15.728156 -1.0143377 -2.5690241
18.406288 -3.0108464 -2.3666875
25.253746 -1.6286604 -2.1080301
21.406267 -2.4351516 -2.2570326
3.6437538 -0.42739797 -3.2479861
6.0451074 -0.41105407 -3.1080582
8.4729624 -0.99384522 -2.9598949
10.832376 -0.73657787 -2.8323593
13.635745 -1.5994192 -2.6980872
15.712616 -1.0684235 -2.5657134
18.415308 -3.0783617 -2.3645246
25.247906 -1.7168024 -2.1037049
21.381796 -2.5080006 -2.2531886
3.6350412 -0.4392446 -3.2444403
6.0474772 -0.43242767 -3.1078887
8.4694424 -1.0234152 -2.9585259
10.825795 -0.77410352 -2.8301179
13.641895 -1.6484349 -2.6967032
15.70879 -1.1232643 -2.5630324
18.404449 -3.1426239 -2.3617179
25.245739 -1.8052083 -2.099452
21.384789 -2.5840566 -2.2500107
3.6298888 -0.45148319 -3.2423775
6.0459313 -0.45353472 -3.1068606
8.4580336 -1.0520047 -2.956054
10.826969 -0.81218368 -2.82867
13.639998 -1.696534 -2.6947803
15.692876 -1.177199 -2.5597491
18.393368 -3.2068486 -2.3589253
25.219387 -1.891829 -2.0948894
21.340031 -2.654259 -2.2457445
3.6320479 -0.46334332 -3.2433312
6.0367961 -0.47192582 -3.1042175
8.4507952 -1.0780748 -2.9542799
10.824365 -0.84619349 -2.8270197
13.650344 -1.7413856 -2.6938999
15.685135 -1.2261837 -2.5571532
18.359673 -3.2604387 -2.355649
25.21332 -1.9710485 -2.0910451
21.339495 -2.7222967 -2.2428479
3.6268144 -0.47554734 -3.2412744
6.0389514 -0.4933089 -3.104059
8.4430914 -1.1070569 -2.9523771
10.829223 -0.88461584 -2.8259749
13.648116 -1.789539 -2.6919916
15.688687 -1.281575 -2.5549123
18.336428 -3.3223765 -2.3525004
25.257988 -2.0632706 -2.0874786
21.341721 -2.7983232 -2.239712
3.6286395 -0.48932159 -3.2421451
6.0371022 -0.51543951 -3.1029932
8.4312038 -1.1369468 -2.9498622
10.814093 -0.92329246 -2.8228927
13.645398 -1.8400803 -2.6899834
15.679921 -1.3387302 -2.5519412
18.324125 -3.3895605 -2.3496163
25.258205 -2.1565111 -2.0831251
21.339222 -2.8775914 -2.2363284
3.6234062 -0.50085557 -3.2401235
6.0353603 -0.53545642 -3.1020327
8.4312716 -1.1654364 -2.9491458
10.818847 -0.95984674 -2.8219519
13.635291 -1.8847767 -2.6876605
15.687281 -1.3917736 -2.5500519
18.320612 -3.4517813 -2.3472745
25.242968 -2.239553 -2.079004
21.297972 -2.9439723 -2.2324042
3.618046 -0.51299161 -3.2380769
6.0372901 -0.55687433 -3.1018841
8.431036 -1.1954105 -2.9483674
10.81543 -0.9976058 -2.820147
13.648272 -1.9351463 -2.6868567
15.682327 -1.4465241 -2.547435
18.304541 -3.5149603 -2.3444273
25.254864 -2.3294864 -2.0750477
21.311247 -3.021656 -2.2295768
3.6162336 -0.52561784 -3.2375088
6.0314746 -0.57757777 -3.1000233
8.4229298 -1.2242689 -2.9464924
10.823685 -1.0364829 -2.819515
13.657141 -1.985059 -2.6857879
15.661345 -1.4997401 -2.5440276
18.303883 -3.5811272 -2.3420999
25.234661 -2.416487 -2.0707002
21.320299 -3.0988953 -2.2266693
3.6179626 -0.53877157 -3.2384171
6.0294223 -0.59862798 -3.099025
8.4069672 -1.2519298 -2.9435241
10.80427 -1.0726962 -2.8161726
13.650128 -2.0327191 -2.6836519
15.659973 -1.5547923 -2.541635
18.314709 -3.6496682 -2.3401597
25.214161 -2.5033748 -2.0663745
21.317238 -3.1744723 -2.2235093
3.6160598 -0.55139738 -3.2378535
6.031127 -0.62006491 -3.0988872
8.4064236 -1.2818593 -2.9427645
10.80439 -1.1108079 -2.8147783
13.646872 -2.0809526 -2.6817932
15.658405 -1.609853 -2.539252
18.301857 -3.7135763 -2.3374765
25.237022 -2.5946381 -2.0626092
21.306026 -3.2488642 -2.2201891
3.6069498 -0.56289846 -3.2343471
6.0289264 -0.6411137 -3.0978968
8.4057741 -1.3118001 -2.9420097
10.804377 -1.1489333 -2.8133903
13.655209 -2.1310239 -2.6807442
15.664557 -1.6657629 -2.5372758
18.280981 -3.7758279 -2.3345587
25.207973 -2.6806061 -2.0582228
21.28668 -3.3219869 -2.2167122
3.6013825 -0.5749141 -3.2323177
6.0266519 -0.66215456 -3.0969105
8.4011431 -1.3411337 -2.9407115
10.800301 -1.1866404 -2.8116229
13.647686 -2.1786764 -2.6786351
15.646787 -1.7191288 -2.5341201
18.271587 -3.8404362 -2.3320286
25.222261 -2.7711964 -2.0543854
21.286762 -3.3981559 -2.2136812
3.6065094 -0.58864975 -3.2347074
6.0166478 -0.68231952 -3.0942197
8.39641 -1.3704512 -2.9394195
10.803947 -1.2252245 -2.8106334
13.643914 -2.2269421 -2.6768019
15.644641 -1.7741845 -2.5317678
18.281437 -3.9091897 -2.3301287
25.224329 -2.8605714 -2.0504169
21.274771 -3.4724405 -2.2104077
3.6044328 -0.60123521 -3.2341549
6.0180559 -0.70376486 -3.0940971
8.3877068 -1.3991064 -2.9375865
10.791753 -1.2620115 -2.8081112
13.651713 -2.2771657 -2.6757729
15.638352 -1.8287836 -2.5292292
18.26379 -3.9721341 -2.3273764
25.174557 -2.9439685 -2.0458596
21.286116 -3.5506175 -2.2076559
3.6131406 -0.61500967 -3.238045
6.0195136 -0.72417766 -3.0940261
8.3752871 -1.425597 -2.9352782
10.791434 -1.2982637 -2.8068378
13.663646 -2.3257532 -2.675118
15.636152 -1.8811074 -2.5270233
18.262182 -4.0352545 -2.325259
25.251812 -3.0379195 -2.0430009
21.270294 -3.6205165 -2.2044885
3.6073997 -0.62699723 -3.236026
6.020772 -0.74565864 -3.0939095
8.3779888 -1.4561667 -2.9350986
10.798603 -1.337382 -2.8062499
13.651533 -2.3727546 -2.6727793
15.621596 -1.9346985 -2.5241151
18.267416 -4.1033411 -2.3232648
25.237095 -3.1255558 -2.0388899
21.265379 -3.6961067 -2.2014253
3.60162 -0.63895243 -3.2340112
6.0181322 -0.76667058 -3.0929439
8.380578 -1.4867728 -2.9349229
10.789948 -1.3745686 -2.8041356
13.635354 -2.4190066 -2.6701889
15.618692 -1.9897189 -2.5218048
18.264629 -4.1697412 -2.3210371
25.111242 -3.1990075 -2.0335519
21.118885 -3.7466371 -2.1954029
3.6029348 -0.65216613 -3.2349381
6.0154195 -0.787673 -3.0919828
8.3714781 -1.5153188 -2.9331167
10.781166 -1.411711 -2.8020303
13.626827 -2.4665878 -2.6681366
15.615597 -2.0447423 -2.5195043
18.284882 -4.2415705 -2.3195441
25.119705 -3.2892325 -2.0297608
21.266521 -3.8494463 -2.1955853
3.5970716 -0.66408068 -3.2329297
6.0126328 -0.80866593 -3.0910261
8.3738518 -1.5459557 -2.9329507
10.768336 -1.4482819 -2.7995529
13.614232 -2.5134192 -2.6658323
15.608363 -2.0992386 -2.5170205
18.277716 -4.3071976 -2.3172154
25.127842 -3.3795559 -2.0259817
21.276476 -3.928 -2.1928866
3.5911686 -0.67596215 -3.2309251
6.0135894 -0.83017582 -3.0909238
8.3568401 -1.5729998 -2.9300702
10.771048 -1.4869428 -2.7986085
13.601476 -2.5601923 -2.6635394
15.61276 -2.1553409 -2.5151265
18.289682 -4.3774619 -2.3154962
25.206806 -3.4797986 -2.0229814
21.282225 -4.0059323 -2.1901164
3.5923481 -0.68917662 -3.231859
6.0144682 -0.85170209 -3.0908246
8.362855 -1.604378 -2.9304583
10.765792 -1.5245316 -2.7969093
13.608045 -2.6106451 -2.6625631
15.620892 -2.2120569 -2.513432
18.270422 -4.4403377 -2.3128326
25.170801 -3.5644088 -2.0187531
21.260283 -4.0786943 -2.1867948
3.5826824 -0.70094645 -3.2283676
6.0036831 -0.87263256 -3.0881348
8.3530693 -1.6342654 -2.9286175
10.764043 -1.5645486 -2.7955132
13.598385 -2.6605036 -2.6604505
15.612679 -2.2692955 -2.5108557
18.265625 -4.5101371 -2.3105319
25.173363 -3.6589365 -2.0147669
21.268665 -4.1611824 -2.1839721
3.5908794 -0.71557343 -3.2322395
5.992981 -0.8924492 -3.085499
8.3396206 -1.6618801 -2.9263043
10.754607 -1.6015303 -2.7934506
13.596798 -2.7095056 -2.6589689
15.596794 -2.3226082 -2.5080318
18.276814 -4.580646 -2.308841
25.030195 -3.7273903 -2.0094855
21.238371 -4.2322822 -2.1805258
3.5849342 -0.72675711 -3.2302737
5.9976048 -0.91347778 -3.0863078
8.3340635 -1.6895262 -2.9251435
10.749237 -1.6371851 -2.7918591
13.58385 -2.7537909 -2.6568172
15.596871 -2.3755143 -2.5061042
18.269241 -4.6431904 -2.3066955
24.938803 -3.7983568 -2.0049784
21.232035 -4.3042722 -2.1777265
3.5859256 -0.73999906 -3.2312162
5.9905734 -0.93381441 -3.0845301
8.3204327 -1.7170218 -2.9228458
10.739552 -1.6740882 -2.789814
13.570268 -2.8003888 -2.654577
15.592413 -2.4305553 -2.5038743
18.272205 -4.7119064 -2.3047876
24.980589 -3.8939905 -2.001663
21.212975 -4.3775539 -2.1745515
3.5797727 -0.75176674 -3.2292306
5.987277 -0.95471978 -3.0836048
8.3182268 -1.7468611 -2.922178
10.729738 -1.7109436 -2.7877779
13.544876 -2.8444786 -2.6515741
15.595616 -2.4868472 -2.502033
18.263351 -4.7776756 -2.3025401
25.11264 -4.0044141 -1.9992443
21.220974 -4.45649 -2.1719356
3.5735817 -0.76350039 -3.2272489
5.9763041 -0.97437358 -3.080992
8.3235855 -1.7783449 -2.9225953
10.735403 -1.7502948 -2.787257
13.534865 -2.8917418 -2.6496162
15.571139 -2.5387106 -2.4988801
18.223467 -4.8352685 -2.2993789
25.067001 -4.0869112 -1.9950751
21.216986 -4.5330372 -2.1690989
3.5779798 -0.77750951 -3.2296624
5.9690676 -0.994596 -3.0792313
8.3249931 -1.8090549 -2.9224765
10.72533 -1.7871084 -2.7852368
13.516933 -2.9372845 -2.6471553
15.581797 -2.5963171 -2.4974346
18.194941 -4.8957472 -2.2965844
24.934507 -4.1547127 -1.9901042
21.216618 -4.6104569 -2.1663516
3.5752439 -0.78999424 -3.2291501
5.9655595 -1.0154258 -3.078321
8.3186274 -1.8381034 -2.9212844
10.707337 -1.822546 -2.7824752
13.514347 -2.9861617 -2.6457326
15.56872 -2.6500247 -2.4948711
18.21232 -4.9686627 -2.2951851
24.734968 -4.2102547 -1.9845573
21.215967 -4.6879296 -2.1636162
3.5726044 -0.80184585 -3.2286661
5.9735441 -1.0371796 -3.079993
8.3124866 -1.8656788 -2.9201579
10.712917 -1.8600714 -2.7820547
13.496626 -3.0292225 -2.6433909
15.559845 -2.701638 -2.4926252
18.184225 -5.0258474 -2.2925408
24.736593 -4.2949862 -1.9811352
21.192524 -4.7565126 -2.160593
3.5662498 -0.81350553 -3.226697
5.9774733 -1.0593691 -3.0807772
8.3059235 -1.8946835 -2.9189787
10.694683 -1.8953857 -2.7793124
13.489841 -3.0771987 -2.6417313
15.550321 -2.7559352 -2.4902723
18.162737 -5.0882168 -2.2900207
24.729311 -4.382699 -1.9774665
21.210773 -4.8384385 -2.1582577
26.729298 -3.4003966 -1.8946497
3.573983 -0.82840478 -3.2305789
5.9737391 -1.0802279 -3.0798771
8.2916164 -1.9218935 -2.9167316
10.699671 -1.9348155 -2.7788229
13.486747 -3.12606 -2.6403363
15.540606 -2.810199 -2.487931
18.144865 -5.1515851 -2.2876298
24.709934 -4.4682837 -1.973708
21.20929 -4.9160495 -2.1555591
26.642061 -3.483844 -1.8899881
3.5568085 -0.83817238 -3.2242062
5.9545879 -1.0993183 -3.075567
8.2845173 -1.9522709 -2.9155083
10.684733 -1.9725837 -2.7763932
13.490648 -3.179111 -2.6393635
15.510647 -2.8635294 -2.484561
18.129688 -5.2191567 -2.285248
24.724783 -4.5646157 -1.9700974
21.198891 -4.9955807 -2.1525769
3.5575352 -0.85080588 -3.2251947
5.9509096 -1.1190584 -3.074723
8.2703686 -1.9779083 -2.9133356
10.682018 -2.0087354 -2.7752509
13.464594 -3.2201385 -2.6365564
15.501064 -2.9149489 -2.4823623
18.127577 -5.2837067 -2.2834542
24.96833 -4.6952519 -1.9688489
21.186083 -5.0667791 -2.1498337
3.5545437 -0.86321884 -3.2246995
5.9507504 -1.1405492 -3.0746803
8.2710361 -2.0086162 -2.9132557
10.678823 -2.0467541 -2.7740359
13.453272 -3.2671192 -2.6346824
15.502513 -2.9712856 -2.4806106
18.082283 -5.339056 -2.2803233
24.979219 -4.7876363 -1.9653749
21.21476 -5.1519914 -2.1477542
3.5585487 -0.87735671 -3.2271268
5.9429522 -1.1605759 -3.0729592
8.2715921 -2.0393531 -2.9131801
10.675492 -2.0847752 -2.7728276
13.434082 -3.31216 -2.632314
15.488145 -3.0246191 -2.4781346
18.055906 -5.3998609 -2.2777705
24.915365 -4.865624 -1.961284
21.165682 -5.2183785 -2.1442409
3.5519474 -0.88889295 -3.225177
5.9313092 -1.1798106 -3.0704038
8.2682276 -2.0691662 -2.9125745
10.672027 -2.1227977 -2.7716265
13.430136 -3.36096 -2.6309669
15.481393 -3.0794401 -2.4760368
18.033138 -5.4617009 -2.2753453
24.819956 -4.936996 -1.9569666
21.120262 -5.2854538 -2.1408246
3.5453093 -0.9003939 -3.2232311
5.9309297 -1.2012724 -3.0703743
8.2571526 -2.0970497 -2.9109068
10.668425 -2.1608219 -2.7704325
13.402938 -3.4039128 -2.6281185
15.474446 -3.1342514 -2.4739499
18.006346 -5.5222788 -2.2728262
24.75955 -5.0148902 -1.9529784
21.113276 -5.3620892 -2.1381407
3.5491657 -0.91457301 -3.2256641
5.9267006 -1.2219678 -3.069509
8.2497816 -2.1258597 -2.9097803
10.664688 -2.1988468 -2.7692456
13.390974 -3.4506769 -2.6262896
15.451727 -3.1858389 -2.4711478
17.990763 -5.5862803 -2.2706532
24.722355 -5.0972581 -1.9492092
21.133038 -5.445704 -2.1359627
3.5494592 -0.92787337 -3.2266405
5.9186287 -1.2418574 -3.0678096
8.2385168 -2.153652 -2.9081271
10.637608 -2.2320023 -2.7658517
13.37501 -3.4963961 -2.6242211
15.444404 -3.2405729 -2.4690845
17.982552 -5.6526289 -2.2687135
24.817661 -5.2072868 -1.9465102
21.059898 -5.5053229 -2.1321168
3.5391903 -0.93839931 -3.2232459
5.914258 -1.2625097 -3.0669539
8.2309484 -2.1823967 -2.9070141
10.641347 -2.271596 -2.7654192
13.351216 -3.5400112 -2.621664
15.432999 -3.2944641 -2.4668517
17.989279 -5.7238183 -2.2672212
24.779823 -5.2897196 -1.9427716
21.094505 -5.5931072 -2.1302414
3.5393941 -0.951689 -3.2242272
5.9098148 -1.2831466 -3.066103
8.2270689 -2.2121332 -2.90644
10.625628 -2.30705 -2.7631521
13.346442 -3.5886548 -2.6203687
15.41363 -3.3466272 -2.4642715
17.988144 -5.7926812 -2.265521
24.67152 -5.3567123 -1.9385248
21.071001 -5.6656709 -2.1273377
3.5362186 -0.96342087 -3.2237775
5.9055276 -1.3027372 -3.0652986
8.2159033 -2.2383718 -2.9048631
10.629498 -2.3448274 -2.7628083
13.345953 -3.6360221 -2.6194205
15.398565 -3.3968656 -2.4619946
17.987768 -5.8584671 -2.2639422
24.653624 -5.4384966 -1.9351674
21.086716 -5.744945 -2.1252749
3.5363288 -0.97672385 -3.2247634
5.8971858 -1.3225006 -3.0636201
8.2118206 -2.2680814 -2.9043012
10.632819 -2.3845119 -2.762393
13.34083 -3.6846991 -2.6181417
15.378854 -3.4488559 -2.4594417
17.963425 -5.9199739 -2.2616177
24.708464 -5.5411105 -1.9321944
21.062693 -5.8174553 -2.1224015
3.5259154 -0.98710722 -3.2213838
5.8925338 -1.3430775 -3.0627832
8.2076311 -2.2977896 -2.9037445
10.616723 -2.4198558 -2.7601516
13.324066 -3.730175 -2.616128
15.382232 -3.5060518 -2.4579718
17.950211 -5.9851618 -2.25963
24.65007 -5.6184583 -1.928408
21.049934 -5.8930917 -2.1197479
3.5224483 -0.99940902 -3.2209194
5.8878093 -1.3636383 -3.0619512
8.1957865 -2.3253551 -2.9021339
10.612062 -2.4577923 -2.7590177
13.291877 -3.7712469 -2.6131356
15.366024 -3.5588274 -2.4556217
17.944304 -6.052875 -2.2578688
24.603094 -5.6981668 -1.9247347
21.036905 -5.9687104 -2.1171095
3.5154545 -1.010697 -3.2190034
5.8905129 -1.3859468 -3.0627933
8.1876192 -2.3539495 -2.9010603
10.603417 -2.4948204 -2.7575262
13.267191 -3.8143318 -2.6106534
15.345765 -3.6106217 -2.4531078
17.919296 -6.1141891 -2.255589
24.602474 -5.7885823 -1.9214108
21.031271 -6.0465131 -2.1146188
3.511905 -1.022962 -3.2185454
5.8781462 -1.4047093 -3.0603006
8.1755867 -2.3814182 -2.8994646
10.5908 -2.5308993 -2.7556784
13.265225 -3.8639486 -2.6096647
15.340805 -3.6660147 -2.4513142
17.897844 -6.1767015 -2.2534313
24.597643 -5.8781352 -1.9180746
21.036829 -6.1276932 -2.1123388
3.5150859 -1.0378799 -3.2209752
5.8692145 -1.425335 -3.0586076
8.1630421 -2.4102561 -2.8978238
10.581453 -2.5696993 -2.7541306
13.262391 -3.9159126 -2.6085978
15.33886 -3.7250323 -2.4496
17.878845 -6.2435718 -2.2512872
24.475117 -5.9437666 -1.9138099
21.018053 -6.205884 -2.1095417
3.5081508 -1.0484927 -3.2190914
5.8719358 -1.4466332 -3.0595019
8.1550035 -2.4373128 -2.8968244
10.572874 -2.6047747 -2.7527382
13.253133 -3.9610076 -2.6072197
15.338006 -3.7787316 -2.448108
17.880575 -6.3107796 -2.2498951
24.385532 -6.0077157 -1.9101347
21.001175 -6.276691 -2.107033
3.5044699 -1.0607319 -3.2186418
5.8705878 -1.4680558 -3.0595253
8.1577101 -2.4691732 -2.8973613
10.575221 -2.6445417 -2.7523696
13.231632 -4.0049467 -2.6050303
15.336298 -3.8351426 -2.4465184
17.858438 -6.3731556 -2.2477806
24.511515 -6.1295857 -1.9077125
20.982956 -6.3511147 -2.1044049
3.5007455 -1.0729584 -3.2181947
5.8654275 -1.4885392 -3.0587201
8.1527901 -2.4987831 -2.8968482
10.573587 -2.6833847 -2.7516441
13.213777 -4.0499463 -2.6030989
15.311253 -3.8857183 -2.4438915
17.847322 -6.4395099 -2.2459931
24.493835 -6.2160916 -1.9043745
20.968281 -6.4266572 -2.1018572
3.4935169 -1.0840974 -3.2162991
5.8527355 -1.5070831 -3.0562558
8.1477652 -2.5283892 -2.8963411
10.552673 -2.7173202 -2.749115
13.210928 -4.0995741 -2.6021557
15.301447 -3.9401324 -2.4419758
17.813511 -6.4976745 -2.2435977
24.410162 -6.2856321 -1.9006529
20.964756 -6.5057182 -2.0995147
3.4966285 -1.0984583 -3.2187617
5.8437119 -1.52653 -3.0546298
8.1314058 -2.5544634 -2.8942616
10.51253 -2.7461469 -2.7447903
13.207894 -4.1492314 -2.6012208
15.30684 -3.9985459 -2.4407647
17.801933 -6.5639496 -2.2418387
24.438261 -6.3839111 -1.8976387
20.926708 -6.57408 -2.0966201
3.4996824 -1.1128542 -3.2212255
5.8383474 -1.5469193 -3.0538402
8.1224394 -2.5828319 -2.8932419
10.518163 -2.7868757 -2.7448137
13.178205 -4.1905007 -2.5985918
15.292789 -4.0519533 -2.4386961
17.801304 -6.6343956 -2.2404003
24.5354 -6.5008612 -1.8950377
20.911232 -6.6495042 -2.0941205
3.4957767 -1.1250637 -3.2207892
5.8291922 -1.56629 -3.0522251
8.1096401 -2.6099672 -2.8917041
10.516005 -2.8256254 -2.7441206
13.152166 -4.2328291 -2.5962205
15.290074 -4.1084065 -2.4371574
17.800398 -6.7049165 -2.2389724
24.558802 -6.5988913 -1.8920045
20.899279 -6.7261219 -2.0916986
3.4883814 -1.1361368 -3.2189057
5.8311229 -1.5886531 -3.0531051
8.1079388 -2.6406882 -2.891748
10.502265 -2.8612764 -2.7423542
13.133537 -4.2774839 -2.5943477
15.271803 -4.1607075 -2.4349406
17.75083 -6.757092 -2.236233
24.423971 -6.6541586 -1.8880939
20.79986 -6.7743411 -2.0878801
3.4779074 -1.1448232 -3.2156184
5.818676 -1.604916 -3.0507479
8.1070547 -2.6686003 -2.8918965
10.508464 -2.8984604 -2.7425339
13.123803 -4.3199639 -2.593132
15.266323 -4.2107801 -2.433454
17.722078 -6.8099675 -2.2342217
24.452948 -6.7446489 -1.8854431
20.831488 -6.8571033 -2.0864251
3.4738901 -1.1569563 -3.2151918
5.8130383 -1.6252171 -3.0499771
8.0939684 -2.6956434 -2.8903787
10.509702 -2.9383166 -2.7422192
13.119937 -4.3695092 -2.5922468
15.243872 -4.2619023 -2.4310906
17.720474 -6.8804364 -2.2328336
24.298599 -6.7934351 -1.8815038
20.822554 -6.9348149 -2.0841124
3.4764972 -1.1719973 -3.2176456
5.8107491 -1.6475625 -3.0500016
8.0840349 -2.725291 -2.8893425
10.491257 -2.9746599 -2.7400486
13.107594 -4.4188342 -2.5908084
15.251108 -4.324254 -2.4300039
17.702553 -6.9482489 -2.2309551
24.246666 -6.8748279 -1.8780024
20.808332 -7.0149078 -2.0816271
3.4689536 -1.1829554 -3.2157755
5.8049622 -1.6678361 -3.0492404
8.0744724 -2.7534933 -2.8883631
10.484609 -3.0123553 -2.739032
13.09209 -4.4645619 -2.58922
15.232097 -4.3763661 -2.4278359
17.67449 -7.0085325 -2.2288902
24.280046 -6.9759521 -1.8751193
20.768623 -7.0823531 -2.0788677
3.4611673 -1.194479 -3.2138886
5.8025084 -1.6901784 -3.0492735
8.0717402 -2.7856281 -2.8883867
10.477291 -3.051868 -2.7379551
13.075638 -4.5125165 -2.5875645
15.22359 -4.4343896 -2.4260905
17.65238 -7.0747466 -2.2269442
24.449697 -7.1218076 -1.8727691
20.806593 -7.1805367 -2.0772455
3.4608209 -1.2065401 -3.2149634
5.7971702 -1.7083989 -3.0485964
8.0555429 -2.8083901 -2.8864729
10.475234 -3.0870028 -2.7374465
13.057651 -4.5522666 -2.5859156
15.228658 -4.4878144 -2.4251585
17.655912 -7.1406212 -2.225899
24.50758 -7.2222691 -1.8703073
20.783932 -7.2458668 -2.0750031
3.4497507 -1.2162027 -3.2116566
5.7874804 -1.727523 -3.0470223
8.0493908 -2.8377964 -2.8860352
10.460608 -3.1224191 -2.735739
13.026712 -4.5925417 -2.5834048
15.209089 -4.5398083 -2.4230261
17.60507 -7.1916661 -2.2232859
24.593103 -7.3408718 -1.8676717
20.747234 -7.3143959 -2.0723538
3.4520986 -1.2312742 -3.2141221
5.7811093 -1.7487235 -3.046243
8.0389347 -2.8672798 -2.8850353
10.430178 -3.1550169 -2.7325506
13.013529 -4.6415892 -2.5820251
15.180926 -4.5920677 -2.4204748
17.585957 -7.2591834 -2.2214859
24.451452 -7.3963017 -1.8638321
20.694 -7.3810139 -2.0693722
3.4479966 -1.242715 -3.2137363
5.775279 -1.7678846 -3.0455425
8.0330715 -2.895252 -2.8846579
10.419659 -3.1895869 -2.7312865
12.986866 -4.6806817 -2.5798566
15.173223 -4.644712 -2.4189696
17.569139 -7.3205242 -2.2198896
24.415346 -7.4738402 -1.8608177
20.699413 -7.4604111 -2.0675189
3.4400125 -1.2541022 -3.2118671
5.7687602 -1.7890399 -3.0447731
8.0297766 -2.9273615 -2.8847127
10.419223 -3.231267 -2.7309639
12.984536 -4.733685 -2.5792141
15.137103 -4.6944022 -2.4161146
17.553204 -7.3895035 -2.2182171
24.361107 -7.5550013 -1.8574497
20.653204 -7.5293999 -2.0646946
3.4358351 -1.2655029 -3.2114873
5.7591209 -1.8070071 -3.0432572
8.0237064 -2.9553289 -2.8843462
10.415992 -3.2681673 -2.7304244
12.957599 -4.7726035 -2.5770693
15.132837 -4.7481456 -2.4147997
17.532269 -7.4492292 -2.2165506
24.431105 -7.6656103 -1.8549341
20.523373 -7.5592647 -2.0608351
3.4277766 -1.2768221 -3.2096257
5.7634721 -1.8316028 -3.044971
8.0017929 -2.9806099 -2.8818159
10.392644 -3.3027303 -2.7279902
12.951173 -4.8242183 -2.5762095
15.119123 -4.8047819 -2.4129722
17.497526 -7.5102963 -2.2144237
24.395239 -7.7526855 -1.8516849
20.536625 -7.649744 -2.058964
3.4305348 -1.2901366 -3.2121618
5.7540226 -1.8485223 -3.0435002
7.9850478 -3.0029726 -2.879952
10.370927 -3.331737 -2.7257624
12.947095 -4.869072 -2.5755818
15.088808 -4.8473916 -2.4106126
17.481155 -7.5683947 -2.2129743
24.34037 -7.8195243 -1.8488237
20.359497 -7.6566868 -2.0545638
3.4226215 -1.3008155 -3.210326
5.7548614 -1.8709781 -3.0444326
7.9855161 -3.0350077 -2.8805971
10.362994 -3.3691401 -2.7248285
12.933729 -4.9156461 -2.574342
15.071796 -4.9000311 -2.4087403
17.483826 -7.6421294 -2.2119334
24.343285 -7.914309 -1.8459216
20.541338 -7.8070245 -2.0553327
3.4142182 -1.312647 -3.2084556
5.7403178 -1.8906515 -3.0420065
7.9811249 -3.0684624 -2.8806386
10.34998 -3.4089065 -2.7234228
12.91476 -4.9652715 -2.5727308
15.056647 -4.9591112 -2.4068601
17.454355 -7.7092061 -2.2099569
24.350615 -8.0202055 -1.8427614
20.567028 -7.9073 -2.0535948
3.4168367 -1.3259897 -3.2109976
5.7306943 -1.9074593 -3.0405505
7.9751019 -3.0949397 -2.880348
10.33922 -3.4414051 -2.7222803
12.913894 -5.0115623 -2.5723639
15.05986 -5.0126686 -2.4060185
17.433687 -7.7656231 -2.2084501
24.351801 -8.1054869 -1.8401706
20.549519 -7.9747591 -2.0516207
3.4184692 -1.3417485 -3.2134645
5.7233281 -1.9294494 -3.039782
7.9522071 -3.1212399 -2.877816
10.33342 -3.4836042 -2.7215972
12.883473 -5.0567613 -2.5700719
15.036734 -5.0691862 -2.4038355
17.411003 -7.8357754 -2.2066991
24.271343 -8.1823597 -1.8367316
20.529879 -8.0579739 -2.0492561
3.4041259 -1.3484761 -3.2087934
5.7281775 -1.9511461 -3.0416219
7.9460082 -3.1476514 -2.8775382
10.333649 -3.5198734 -2.721524
12.88228 -5.1030564 -2.5697222
15.039557 -5.1228118 -2.4030108
17.375422 -7.8854971 -2.2048407
24.109541 -8.2122526 -1.8336189
20.485931 -8.1150894 -2.046937
3.4027636 -1.3616974 -3.2098606
5.7140479 -1.9686202 -3.0392895
7.9422545 -3.1782835 -2.8776944
10.317562 -3.5546362 -2.7199275
12.864388 -5.1479931 -2.5683007
15.017823 -5.1739836 -2.4010355
17.355032 -7.9494181 -2.2032964
24.084499 -8.2976608 -1.8307254
20.450073 -8.1835871 -2.0445707
3.4013515 -1.3749256 -3.2109303
5.7107787 -1.989821 -3.0394254
7.9311132 -3.2059877 -2.8768239
10.297627 -3.5880282 -2.7179904
12.846342 -5.1928668 -2.566891
15.010939 -5.230299 -2.3997231
17.334408 -8.0132923 -2.2017672
24.021479 -8.3698635 -1.8277317
20.402906 -8.2474508 -2.0420661
3.3893349 -1.3852326 -3.207639
5.6994638 -2.010453 -3.0378575
7.9187441 -3.2364173 -2.8758748
10.291228 -3.6301715 -2.7173419
12.822635 -5.240654 -2.5651205
14.994494 -5.2892218 -2.3979189
17.303511 -8.079792 -2.1998961
23.898849 -8.4301815 -1.8243096
20.352634 -8.3181906 -2.0393631
3.38783 -1.3984385 -3.2087147
5.6924114 -2.0303357 -3.0371833
7.911025 -3.2655363 -2.8755348
10.274773 -3.6647449 -2.715775
12.822601 -5.2929511 -2.5648992
14.994672 -5.3482103 -2.3969517
17.267996 -8.1367483 -2.1980257
23.982031 -8.5537682 -1.8218144
20.297678 -8.3785353 -2.0368016
3.3800733 -1.4076809 -3.2069461
5.6860051 -2.0482087 -3.0365806
7.8934851 -3.2873573 -2.8737409
10.259489 -3.6956661 -2.7143381
12.80591 -5.3332086 -2.5636609
14.977796 -5.3952909 -2.3953643
17.24235 -8.190958 -2.1965249
24.045135 -8.6615219 -1.819532
20.322781 -8.4637194 -2.0355623
3.3782327 -1.421466 -3.2080088
5.6820788 -2.070354 -3.0367014
7.8849978 -3.3177869 -2.8733721
10.253303 -3.7359507 -2.7137761
12.797249 -5.3847251 -2.5629239
14.961658 -5.4515133 -2.3936863
17.208622 -8.2523766 -2.1946979
24.065718 -8.7687197 -1.8167231
20.251202 -8.5211411 -2.0327263
3.37325 -1.4332496 -3.2076514
5.6712027 -2.0888441 -3.035223
7.8733683 -3.3452907 -2.8725379
10.232781 -3.7689862 -2.7118886
12.778374 -5.4293633 -2.5615699
14.949999 -5.506454 -2.3922684
17.186878 -8.3158636 -2.1932476
23.99003 -8.8361216 -1.8138105
20.210325 -8.587101 -2.0304317
3.3618152 -1.4415705 -3.2044342
5.6642451 -2.1076391 -3.034601
7.8730464 -3.376019 -2.8732934
10.212819 -3.8001423 -2.7100706
12.763947 -5.4732718 -2.5605259
14.939113 -5.5587745 -2.3909478
17.15563 -8.3710661 -2.191617
23.897022 -8.8919706 -1.8110197
20.020519 -8.5849419 -2.0261998
3.3600895 -1.4547368 -3.2055233
5.6568532 -2.127398 -3.033951
7.8540163 -3.4003637 -2.8714454
10.20689 -3.8385508 -2.7095933
12.737482 -5.5146399 -2.5587325
14.923341 -5.6122875 -2.3893929
17.126305 -8.4308996 -2.1900136
23.824753 -8.9598808 -1.8081795
20.184336 -8.7387247 -2.0267584
3.3613782 -1.4699475 -3.2080374
5.6598186 -2.1522243 -3.0357254
7.855875 -3.4354134 -2.8726435
10.192752 -3.8759348 -2.7083719
12.717184 -5.5612879 -2.5573478
14.913821 -5.6711864 -2.3880827
17.098854 -8.4953852 -2.1884394
23.44116 -8.913825 -1.80453
20.093727 -8.7870874 -2.0237713
3.3562267 -1.481672 -3.2076919
5.6666546 -2.1774945 -3.0383515
7.8474236 -3.4643989 -2.8723488
10.179161 -3.9114909 -2.7072175
12.704954 -5.6088505 -2.5565012
14.897647 -5.7246375 -2.3865523
17.065536 -8.553236 -2.1867781
23.637112 -9.0829039 -1.8023674
3.347723 -1.4919026 -3.2059107
5.6590185 -2.1972616 -3.037714
7.8352828 -3.4917703 -2.8715484
10.187551 -3.9555826 -2.708149
12.688923 -5.6547799 -2.5554349
14.884988 -5.7794847 -2.3851922
17.042685 -8.6163473 -2.185406
23.642458 -9.179801 -1.7997847
20.108364 -8.9612322 -2.020685
3.3394506 -1.5015091 -3.20415
5.6588736 -2.2188275 -3.0387449
7.8343921 -3.5225587 -2.8723307
10.178058 -3.9907866 -2.7074127
12.680958 -5.7017083 -2.5549026
14.873146 -5.8317165 -2.3839264
17.02821 -8.6800499 -2.1843061
23.589598 -9.2494116 -1.7972302
20.136713 -9.0540218 -2.0195262
3.3374901 -1.5146552 -3.2052526
5.6510935 -2.2385674 -3.0381162
7.8113332 -3.5450222 -2.8700085
10.160391 -4.0248351 -2.7059369
12.671817 -5.7508583 -2.5543153
14.860092 -5.8865275 -2.3825884
17.008432 -8.7449007 -2.1830528
23.794594 -9.4257517 -1.7950479
20.104986 -9.124258 -2.0175025
3.3288867 -1.5247861 -3.2034819
5.6360927 -2.2554173 -3.0358624
7.791779 -3.5690002 -2.8682072
10.153619 -4.0632138 -2.7055058
12.666096 -5.8016658 -2.553966
14.846839 -5.941318 -2.3812625
16.977804 -8.8042173 -2.181545
23.813414 -9.5295076 -1.7925127
20.025894 -9.1727982 -2.0148771
3.3268347 -1.5379183 -3.2045901
5.6281853 -2.2750776 -3.0352449
7.7828341 -3.5978231 -2.8679471
10.135709 -4.0971503 -2.7040486
12.645767 -5.8458438 -2.5527127
14.833384 -5.9960885 -2.3799481
16.943438 -8.8615818 -2.1799648
23.657921 -9.5632248 -1.7897043
20.00461 -9.2476654 -2.0130377
3.3178906 -1.5485679 -3.20281
5.6162438 -2.2942336 -3.0337875
7.7695951 -3.6263239 -2.8671451
10.116966 -4.1327772 -2.7025464
12.617064 -5.8887963 -2.5509536
14.81499 -6.0519185 -2.3784091
16.921415 -8.9291992 -2.178684
23.556223 -9.6227083 -1.7869003
19.970581 -9.3209229 -2.0109761
3.3157446 -1.561685 -3.2039239
5.6082015 -2.3138242 -3.0331805
7.7568898 -3.6534231 -2.8663886
10.117093 -4.1740966 -2.7028279
12.600023 -5.934494 -2.5499527
14.801127 -6.1066294 -2.3771191
16.897175 -8.9919538 -2.1774035
23.526178 -9.706399 -1.7843602
19.981205 -9.4109621 -2.0095916
3.3042724 -1.568984 -3.2007623
5.6044602 -2.3329115 -3.0334523
7.7453737 -3.677774 -2.8657141
10.096632 -4.2028222 -2.7011638
12.5849 -5.97575 -2.5490847
14.789213 -6.1561551 -2.3759995
16.889898 -9.0562849 -2.1766357
23.502934 -9.7833271 -1.7820969
19.947937 -9.4719772 -2.0078077
3.3050377 -1.584218 -3.2033024
5.6029735 -2.3564236 -3.0344515
7.7353792 -3.7078328 -2.8654439
10.077516 -4.2382669 -2.6996908
12.548601 -6.0149751 -2.5469105
14.76655 -6.210319 -2.3743441
16.849588 -9.1143389 -2.1749599
23.522093 -9.8926077 -1.7795327
19.859161 -9.5191784 -2.0051107
3.3062937 -1.5983249 -3.2058759
5.6022196 -2.3780012 -3.0355136
7.7159777 -3.7300496 -2.8637273
10.063406 -4.2716622 -2.6986773
12.535729 -6.060009 -2.5462306
14.742214 -6.257699 -2.3727047
16.836754 -9.1796961 -2.1740584
23.709541 -10.064103 -1.7774109
19.845432 -9.5936575 -2.0035455
3.2873816 -1.6040732 -3.199806
5.5899262 -2.3970003 -3.0340831
7.7057805 -3.7600248 -2.8634722
10.040418 -4.3054028 -2.6968825
12.545531 -6.1215739 -2.5470257
14.711869 -6.3085542 -2.37077
16.806488 -9.2432642 -2.1726804
23.701834 -10.163515 -1.7748238
19.781475 -9.6523428 -2.001219
3.2918024 -1.6197675 -3.2038205
5.5784116 -2.4139943 -3.0327168
7.7073464 -3.7924843 -2.8648221
10.036967 -4.3433833 -2.6969125
12.518042 -6.1596398 -2.5454597
14.709119 -6.3652039 -2.3700793
16.765291 -9.2931528 -2.171108
23.470249 -10.156484 -1.7722963
19.756512 -9.7214079 -1.9995521
3.2796335 -1.6280243 -3.200645
5.5699511 -2.4334519 -3.0321388
7.6905479 -3.8176212 -2.8635995
10.028987 -4.381557 -2.6965556
12.492908 -6.2015343 -2.5440738
14.697741 -6.4212852 -2.3690152
16.764038 -9.3691044 -2.1705284
23.383459 -10.215983 -1.769824
19.722456 -9.7903118 -1.9977208
3.2801275 -1.6432816 -3.2031982
5.5680428 -2.4569604 -3.0331602
7.6905317 -3.8528101 -2.8648889
10.027327 -4.4246688 -2.6968369
12.466548 -6.2455034 -2.5426433
14.681385 -6.4783239 -2.3677342
16.733057 -9.4324417 -2.1691999
23.331257 -10.295176 -1.7672895
19.661491 -9.8500328 -1.995508
3.2743711 -1.6547213 -3.2028995
5.5523953 -2.4732468 -3.0309701
7.6700344 -3.8760936 -2.8631737
10.008209 -4.458035 -2.6954732
12.455296 -6.2943511 -2.5421829
14.665947 -6.5327673 -2.3665411
16.696568 -9.4888239 -2.1677828
23.302467 -10.3798 -1.7649133
19.644777 -9.9275951 -1.9939376
3.2685754 -1.666141 -3.2026041
5.5472417 -2.4941928 -3.0312185
7.6564584 -3.902844 -2.8624814
9.9889832 -4.4913225 -2.6941192
12.419108 -6.3305821 -2.5401604
14.628545 -6.5773978 -2.3644476
16.656433 -9.5430899 -2.1662965
23.266094 -10.461078 -1.7625535
19.578037 -9.9798136 -1.9917716
3.2630322 -1.6769707 -3.2023263
5.53894 -2.5125747 -3.0306888
7.6469617 -3.9300044 -2.8623374
9.9704342 -4.5227895 -2.6928256
12.408634 -6.3771715 -2.5397778
14.613898 -6.6291585 -2.363354
16.631592 -9.602253 -2.1652365
23.205839 -10.526635 -1.7603216
19.491648 -10.017345 -1.9894572
3.2571588 -1.6883506 -3.2020369
5.5301356 -2.5318937 -3.0301363
7.6297154 -3.9548686 -2.8611526
9.9509916 -4.5559196 -2.6914914
12.393344 -6.424099 -2.5391252
14.601517 -6.6850963 -2.36235
16.608299 -9.6662607 -2.164212
23.299564 -10.667374 -1.7580451
19.537971 -10.127522 -1.9887184
3.254458 -1.7013894 -3.2031839
5.5212641 -2.551182 -3.0295887
7.6054358 -3.9760256 -2.8589635
9.9278536 -4.5873117 -2.6898279
12.367329 -6.4654827 -2.5378125
14.578094 -6.7360239 -2.3609047
16.557281 -9.7140999 -2.1625202
23.309278 -10.770397 -1.7557478
19.509567 -10.199354 -1.9870871
3.2455909 -1.7104821 -3.2014816
5.5197563 -2.5727317 -3.0306921
7.5956783 -4.0030527 -2.8588402
9.9233332 -4.6252179 -2.689918
12.338798 -6.5027585 -2.5363426
14.548466 -6.7809696 -2.3592432
16.521549 -9.7669249 -2.1612501
23.255348 -10.839206 -1.7535708
19.465054 -10.258417 -1.9853461
3.2363994 -1.7200996 -3.1997685
5.5177131 -2.5952625 -3.0317721
7.5851221 -4.031383 -2.8586905
9.9178581 -4.6648755 -2.6899664
12.333545 -6.5551009 -2.5363934
14.535503 -6.8367901 -2.3582759
16.50104 -9.8326912 -2.1603591
23.246256 -10.933902 -1.7513043
19.43969 -10.331915 -1.983793
3.2367656 -1.7348112 -3.2023573
5.4981813 -2.6095524 -3.0288126
7.5813751 -4.0633941 -2.8595586
9.9015141 -4.6994672 -2.6890075
12.310587 -6.5981126 -2.5353396
14.52233 -6.8926034 -2.3573203
16.463202 -9.8881798 -2.1590595
23.164692 -10.99445 -1.7490604
19.396479 -10.395942 -1.9820482
3.2275012 -1.7443755 -3.2006512
5.4959865 -2.632056 -3.029902
7.5671449 -4.0898333 -2.858917
9.8957424 -4.7391219 -2.6890714
12.29097 -6.6429305 -2.5345201
14.505354 -6.9466887 -2.3562269
16.449028 -9.957962 -2.1583679
23.126171 -11.075242 -1.7468389
19.25836 -10.408613 -1.9792023
3.2150257 -1.752161 -3.1975164
5.4902334 -2.6529002 -3.0301874
7.5562658 -4.1180987 -2.8587878
9.8755817 -4.7719159 -2.6877925
12.264223 -6.6838946 -2.533268
14.481018 -6.9972787 -2.3548472
16.397171 -10.004947 -2.1567652
23.116114 -11.169788 -1.7446312
19.200905 -10.464326 -1.9773411
3.2117593 -1.7656796 -3.1986682
5.4839363 -2.6746943 -3.0304513
7.5514336 -4.1514359 -2.8596432
9.8580256 -4.8080802 -2.6868148
12.246598 -6.7326241 -2.5326436
14.469574 -7.0572824 -2.3540089
16.36039 -10.064979 -2.1555433
22.999704 -11.217705 -1.7423711
19.277714 -10.598012 -1.9770193
3.2090576 -1.7780775 -3.1998494
5.4784918 -2.6945646 -3.0307713
7.5376253 -4.1764545 -2.8590541
9.8455725 -4.8424883 -2.6862757
12.234616 -6.7789674 -2.5323529
14.453225 -7.1087356 -2.3530207
16.320154 -10.114981 -2.1542864
22.081549 -10.860683 -1.7407439
19.284309 -10.685068 -1.9760033
3.1993542 -1.7880586 -3.198144
5.4651294 -2.7129138 -3.0294311
7.5291152 -4.20788 -2.8594189
9.8277578 -4.8785415 -2.6853173
12.209688 -6.8237638 -2.5313089
14.412827 -7.1545887 -2.3510206
16.289724 -10.178949 -2.1532676
23.042351 -11.438322 -1.7380229
19.238056 -10.751785 -1.9742769
3.1930933 -1.7992157 -3.1978867
5.4590697 -2.7336988 -3.0297353
7.5007124 -4.2264347 -2.8567986
9.8212709 -4.9181271 -2.6854227
12.192708 -6.8702383 -2.5307691
14.366426 -7.194171 -2.3488083
16.250723 -10.233626 -2.1520717
23.059368 -11.547273 -1.7358674
19.200407 -10.818874 -1.9727298
3.1902621 -1.8115845 -3.1990762
5.4465365 -2.7500505 -3.0284564
7.4866567 -4.2512841 -2.8562312
9.8049088 -4.9506679 -2.6845725
12.176761 -6.9145517 -2.5302885
14.374442 -7.2579045 -2.3488934
16.216698 -10.287459 -2.1510308
23.006701 -11.616481 -1.733882
19.126293 -10.86083 -1.9708396
3.1870649 -1.8245106 -3.2002552
5.443769 -2.772542 -3.0295765
7.4751744 -4.2793403 -2.8561447
9.7875681 -4.9848633 -2.6836867
12.14222 -6.9511008 -2.5286677
14.356108 -7.3116465 -2.3478894
16.167271 -10.335423 -2.1496208
22.930456 -11.67861 -1.7318336
18.92219 -10.832455 -1.967435
3.174397 -1.8320005 -3.1971464
5.4237785 -2.786247 -3.0266719
7.4601908 -4.3054075 -2.8555622
9.7771397 -5.0226102 -2.683481
12.124754 -6.9974089 -2.528162
14.323423 -7.3580799 -2.3463101
16.087568 -10.363756 -2.1474872
22.648197 -11.634597 -1.7300061
18.81175 -10.856592 -1.9651358
3.1711166 -1.8448929 -3.1983318
5.4242802 -2.8104787 -3.0286071
7.4485073 -4.3333941 -2.85549
9.7665663 -5.0603447 -2.6832836
12.100254 -7.0396891 -2.5272276
14.304713 -7.4116917 -2.3453326
22.550758 -11.68421 -1.728055
18.963266 -11.032454 -1.9658315
3.1615298 -1.8541169 -3.1966603
5.4144368 -2.8293962 -3.0281301
7.4231844 -4.3534155 -2.853415
9.7418365 -5.090745 -2.6817555
12.079031 -7.0838919 -2.5265253
14.268182 -7.4560552 -2.343636
15.948163 -10.432211 -2.1437802
22.60532 -11.812754 -1.7259661
19.003736 -11.144968 -1.9652774
3.1581597 -1.8669864 -3.1978517
5.3977122 -2.844687 -3.0260489
7.4146967 -4.3832927 -2.8538601
9.7135181 -5.1191907 -2.6799042
12.047399 -7.1219735 -2.5251763
14.259658 -7.5150843 -2.3431237
16.018063 -10.557955 -2.1453958
22.585131 -11.902751 -1.7239717
18.961287 -11.209207 -1.9638069
3.1516235 -1.8779992 -3.1976166
5.397954 -2.8689344 -3.027997
7.4027209 -4.4111562 -2.8538096
9.7025709 -5.156776 -2.6797342
12.032692 -7.1700773 -2.5249362
14.240364 -7.5685482 -2.3421848
15.991064 -10.620414 -2.1446474
22.554016 -11.987134 -1.7220095
18.860397 -11.238593 -1.9617063
3.1453784 -1.88844 -3.197396
5.381619 -2.8831806 -3.02595
7.3746014 -4.4276047 -2.851285
9.702836 -5.1982551 -2.6806147
12.01225 -7.2119823 -2.5243134
14.215187 -7.6157289 -2.3410285
15.962375 -10.677812 -2.1438823
22.489519 -12.048669 -1.720212
18.846952 -11.315439 -1.9606526
3.1418686 -1.9012845 -3.1985958
5.3715219 -2.9019485 -3.0254943
7.3624558 -4.4553499 -2.8512497
9.6846313 -5.2320924 -2.6797934
11.976817 -7.247705 -2.5227828
14.195514 -7.6690831 -2.3401153
15.918403 -10.729015 -2.1427586
22.370089 -12.085373 -1.7184209
18.810749 -11.383222 -1.9593185
3.132118 -1.9103526 -3.1969414
5.3647428 -2.9225235 -3.0258477
7.3435111 -4.4789805 -2.850219
9.6489553 -5.256412 -2.6773157
11.948058 -7.2874022 -2.521703
14.172151 -7.72049 -2.3390698
15.884149 -10.786752 -2.1418962
22.49596 -12.25501 -1.7162844
18.760689 -11.442586 -1.9578532
3.1223421 -1.9193753 -3.1952903
5.3511319 -2.9393771 -3.0245988
7.3378558 -4.5107484 -2.8512001
9.6270828 -5.2881575 -2.6761818
11.925927 -7.331141 -2.5210726
14.1486 -7.7718267 -2.338038
15.843113 -10.839884 -2.1408889
22.515997 -12.368039 -1.714314
18.703651 -11.497563 -1.9563342
3.1128778 -1.9278102 -3.1936538
5.3447256 -2.9589725 -3.0249841
7.3361964 -4.5433183 -2.8527136
9.6164103 -5.3238826 -2.6760952
11.898178 -7.3685608 -2.5200593
14.12275 -7.8187041 -2.3369329
15.820198 -10.901401 -2.1403475
22.495808 -12.454236 -1.7125194
18.658642 -11.555326 -1.9550129
3.1057911 -1.9392064 -3.1934273
5.3338447 -2.9785416 -3.0245275
7.3194947 -4.5701756 -2.8521798
9.6106367 -5.3668008 -2.6766026
11.867725 -7.4100184 -2.518976
14.090526 -7.8684745 -2.3355825
15.780133 -10.959311 -2.1394098
22.547558 -12.591075 -1.7104212
18.6094 -11.619412 -1.953582
3.0990031 -1.9500357 -3.1932149
5.3200579 -2.9952519 -3.0232956
7.3101373 -4.5998755 -2.8526797
9.6056194 -5.408071 -2.6771572
11.835071 -7.4471722 -2.5177293
14.073371 -7.9234653 -2.3348794
15.735257 -11.00976 -2.1383731
22.538239 -12.689281 -1.7085403
18.548483 -11.67156 -1.95209
3.0894578 -1.9583613 -3.1915886
5.3134465 -3.0147789 -3.0236952
7.284904 -4.6177921 -2.8507109
9.5807581 -5.4359946 -2.6757665
11.81366 -7.488503 -2.5171876
14.043559 -7.9681287 -2.3336706
15.698658 -11.061881 -2.1375575
22.464802 -12.74623 -1.7068957
18.516409 -11.737276 -1.950973
3.0883687 -1.9735755 -3.1942272
5.3023615 -3.0342333 -3.0232553
7.2712355 -4.6465735 -2.8507011
9.5642004 -5.4730358 -2.6753049
11.796165 -7.5381613 -2.5170124
14.014261 -8.0195475 -2.3325081
15.664507 -11.123957 -2.1368337
22.369446 -12.800734 -1.7051361
18.459829 -11.796475 -1.9495336
3.0845091 -1.9863067 -3.1954517
5.3017478 -3.0584979 -3.0252473
7.2681627 -4.6804209 -2.8522217
9.5450382 -5.5063882 -2.6745591
11.763109 -7.5749955 -2.5158038
13.979292 -8.0644426 -2.3311296
15.632058 -11.183203 -2.136169
22.272785 -12.848832 -1.7035028
18.401781 -11.850048 -1.9481415
3.0745153 -1.995088 -3.1938248
5.284379 -3.073113 -3.0232356
7.2452002 -4.7014928 -2.8507521
9.5325918 -5.5436468 -2.6744852
11.743251 -7.6203294 -2.515475
13.940742 -8.107192 -2.3296239
15.589695 -11.235373 -2.1352818
22.007034 -12.798118 -1.702276
18.360304 -11.91421 -1.9469492
3.0614643 -2.0018401 -3.1907749
5.2736201 -3.0915399 -3.0228326
7.2353101 -4.7310476 -2.8512876
9.5200033 -5.5808854 -2.6744194
11.723223 -7.6656179 -2.5151577
13.919221 -8.1598263 -2.3288455
15.563274 -11.299081 -2.1348093
22.175655 -12.999974 -1.7001064
18.318604 -11.978227 -1.9457766
3.0612161 -2.0154352 -3.1934545
5.2638817 -3.1080925 -3.0224745
7.2204113 -4.7537551 -2.8508773
9.4990196 -5.608757 -2.6734426
11.695769 -7.7002287 -2.5142767
13.896941 -8.2055378 -2.3280425
15.527699 -11.347919 -2.1341121
22.210297 -13.114212 -1.6984209
18.250914 -12.015987 -1.9444205
3.044394 -2.0211592 -3.1889663
5.2519083 -3.1282816 -3.0220428
7.1988373 -4.7792745 -2.8498855
9.4842052 -5.6492348 -2.6733239
11.679339 -7.753859 -2.5143421
13.858499 -8.2547674 -2.3266187
15.474394 -11.400371 -2.1330419
22.122066 -13.176934 -1.6966921
18.188034 -12.074951 -1.9429989
3.04636 -2.0378208 -3.1930587
5.2442589 -3.1485777 -3.0224564
7.1918912 -4.8109169 -2.8509412
9.4610386 -5.6802716 -2.6722951
11.652202 -7.7945805 -2.5136282
13.829599 -8.303093 -2.325598
15.380134 -11.413967 -2.1309607
22.075937 -13.254075 -1.6950624
18.139147 -12.133934 -1.9418174
3.0362217 -2.0464156 -3.1914494
5.2332363 -3.1668637 -3.0220747
7.1718011 -4.8337994 -2.8500099
9.4546795 -5.7214465 -2.6729252
11.618341 -7.8307705 -2.5124955
13.810739 -8.3574915 -2.3250153
15.372098 -11.491431 -2.1310298
22.053434 -13.345513 -1.693393
18.090067 -12.192719 -1.9406564
3.0260613 -2.0549653 -3.1898437
5.2188621 -3.1831069 -3.0208981
7.1483951 -4.8543973 -2.8485885
9.4481478 -5.7626481 -2.673563
11.594218 -7.8735075 -2.5120223
13.784879 -8.4077225 -2.3241632
15.315985 -11.533041 -2.1299331
21.996494 -13.416181 -1.6918344
18.0441 -12.253551 -1.9395498
3.0188694 -2.0655155 -3.189667
5.2044373 -3.1992874 -3.0197275
7.1314058 -4.8793197 -2.8481715
9.4313421 -5.7976627 -2.6732209
11.566664 -7.9139304 -2.5113461
13.748669 -8.451623 -2.3229022
15.291499 -11.598469 -2.1296403
21.94953 -13.49288 -1.6902719
17.981474 -12.302954 -1.9382919
3.011641 -2.0760407 -3.1894939
5.1997867 -3.2214921 -3.0209615
7.1078725 -4.8997316 -2.8467667
9.411047 -5.8305492 -2.672559
11.535702 -7.9520063 -2.5104673
13.715703 -8.4974689 -2.3217969
15.260411 -11.659028 -2.1292069
21.87516 -13.552606 -1.6888092
3.0051043 -2.0854921 -3.1893406
5.1831045 -3.2337341 -3.0190384
7.0924444 -4.9220376 -2.8464053
9.3893299 -5.8579941 -2.6716433
11.507403 -7.9859452 -2.5096657
13.699062 -8.5468321 -2.3213625
15.233181 -11.714197 -2.128854
21.825705 -13.617037 -1.6874641
17.804501 -12.356026 -1.935365
2.9974401 -2.0964923 -3.1891654
5.1712174 -3.2527099 -3.0186658
7.0904269 -4.95924 -2.8484786
9.361105 -5.8881602 -2.6703115
11.478056 -8.0280685 -2.5089943
13.664277 -8.5948668 -2.3202376
15.196441 -11.77483 -2.1283419
21.745251 -13.67782 -1.6859866
17.693754 -12.375499 -1.9336524
2.9871404 -2.1048541 -3.1875768
5.1533251 -3.2666156 -3.0167189
7.0666604 -4.9794407 -2.8470969
9.3404942 -5.9207993 -2.6696794
11.453207 -8.0703697 -2.5085821
13.624115 -8.6361227 -2.3188951
15.148968 -11.822901 -2.1275671
21.690634 -13.749368 -1.6845388
17.715628 -12.483112 -1.9333568
2.9856873 -2.1194651 -3.1902661
5.1581221 -3.2949519 -3.0203691
7.0524349 -5.0063481 -2.8472152
9.3197699 -5.9533672 -2.6690569
11.428202 -8.1125965 -2.5081823
13.60059 -8.6879082 -2.3182666
15.104475 -11.873247 -2.1268876
21.635782 -13.820702 -1.6831146
17.730463 -12.586416 -1.9330065
2.9841683 -2.1340921 -3.1929584
5.1465893 -3.3129375 -3.02003
7.0221543 -5.0218091 -2.844856
9.2989321 -5.9858637 -2.6684442
11.406269 -8.1570559 -2.5080087
13.566837 -8.7331781 -2.3172331
15.059814 -11.923428 -2.1262259
21.604183 -13.90694 -1.6816382
17.647505 -12.6204 -1.9316747
2.9737592 -2.1423767 -3.1913793
5.1382241 -3.3329785 -3.0204947
7.0109463 -5.0508757 -2.8454864
9.2812958 -6.0204382 -2.6681688
11.374506 -8.1945028 -2.5072048
13.559625 -8.7956343 -2.3173287
15.005646 -11.965993 -2.1253483
21.555504 -13.982269 -1.6802378
17.564526 -12.653961 -1.9303663
2.9633286 -2.1506145 -3.1898041
5.1330075 -3.3551087 -3.0217624
6.9932728 -5.0753179 -2.8451307
9.2635336 -6.0549607 -2.6679032
11.349044 -8.2364874 -2.5068417
13.525512 -8.8407354 -2.3163228
14.976206 -12.028275 -2.1251097
21.486526 -14.044326 -1.6789273
17.510569 -12.708171 -1.9293765
2.9558036 -2.1609454 -3.1896567
5.1148305 -3.3687682 -3.0198431
6.9755144 -5.0996981 -2.8447826
9.2291374 -6.0785637 -2.6660109
11.323427 -8.2783947 -2.5064905
13.491247 -8.8857069 -2.3153317
14.931031 -12.077971 -2.1245003
21.457365 -14.132411 -1.6775049
17.478977 -12.778628 -1.9286358
2.9490001 -2.1702209 -3.1895268
5.1074328 -3.3869493 -3.0203547
6.9531407 -5.1169381 -2.8434837
9.2165833 -6.111897 -2.6661487
11.300561 -8.3162804 -2.5062065
13.453321 -8.9214525 -2.3141611
14.874484 -12.109735 -2.1235721
21.396236 -14.188726 -1.6763629
17.44838 -12.840567 -1.9279653
2.9377341 -2.1793683 -3.1879478
5.0975919 -3.4086764 -3.0208085
6.9397421 -5.1482716 -2.84411
9.1897612 -6.1450434 -2.6652014
11.258986 -8.3525171 -2.5049717
13.412354 -8.9686222 -2.3129785
14.821717 -12.161706 -2.1228702
20.558784 -13.747323 -1.6777192
17.411753 -12.916969 -1.9271768
2.9330125 -2.1917794 -3.189234
5.0920515 -3.4307544 -3.0220959
6.9185872 -5.1701164 -2.8432891
9.1485891 -6.1638341 -2.662688
11.22976 -8.3917665 -2.5044448
13.397459 -9.0264969 -2.3128617
14.785317 -12.218443 -2.1225452
20.583475 -13.868053 -1.6762156
17.344202 -12.960962 -1.9261366
2.9224477 -2.1998243 -3.187676
5.076858 -3.4463449 -3.0209968
6.9004979 -5.1942363 -2.8429723
9.1499081 -6.2112708 -2.6644301
11.197228 -8.4285288 -2.5037174
13.365869 -9.0732088 -2.312067
14.742577 -12.269979 -2.1220829
21.079678 -14.309607 -1.6729738
17.279743 -13.007042 -1.9251497
2.9147513 -2.2100122 -3.1875451
5.0647969 -3.4640453 -3.0207005
6.8885756 -5.223031 -2.8436544
9.1249084 -6.2409401 -2.6635699
11.177225 -8.4747553 -2.5038545
13.334116 -9.1198092 -2.3112869
14.675237 -12.300898 -2.1210225
21.115232 -14.441669 -1.6714199
17.240589 -13.072098 -1.9244393
2.9045248 -2.2174656 -3.1860003
5.0501099 -3.4786367 -3.0196271
6.8680992 -5.2434649 -2.8428724
9.1041622 -6.2711649 -2.6630719
11.158522 -8.5189972 -2.5040278
13.307076 -9.1662321 -2.3106966
14.62219 -12.339222 -2.1203091
21.090231 -14.527455 -1.6701787
17.187639 -13.12194 -1.9236264
2.9025142 -2.2320104 -3.1887226
5.0347724 -3.4940472 -3.0185449
6.8435369 -5.2626252 -2.8415873
9.0822172 -6.3029056 -2.6625569
11.116136 -8.5482197 -2.5026994
13.281532 -9.2171593 -2.3102193
14.609377 -12.415977 -2.1206667
21.042671 -14.603259 -1.6689733
17.144892 -13.184285 -1.9229219
2.889364 -2.2371845 -3.1857607
5.0294724 -3.5151372 -3.0198717
6.8322496 -5.2900925 -2.8423059
9.0742245 -6.3420463 -2.6633797
11.084591 -8.5826063 -2.5020449
13.247636 -9.2588758 -2.3093801
14.577204 -12.472125 -2.120522
20.974504 -14.659244 -1.6679394
17.085314 -13.228863 -1.9220829
2.881145 -2.2477596 -3.185637
5.0165548 -3.5335472 -3.0195832
6.8159075 -5.3175116 -2.8425081
9.0444555 -6.3707094 -2.6622078
11.056188 -8.6256161 -2.5017824
13.207108 -9.3027868 -2.3083456
14.534411 -12.528069 -2.1202028
20.715115 -14.591256 -1.6675652
17.036713 -13.291395 -1.9213507
2.8818326 -2.2645226 -3.1897912
5.0010486 -3.5488081 -3.0185177
6.7911367 -5.3364244 -2.8412473
9.0221634 -6.4022427 -2.6617222
11.022891 -8.661706 -2.5011303
13.174555 -9.3488331 -2.3076365
14.460513 -12.55262 -2.1190782
20.644531 -14.649624 -1.666533
16.98081 -13.343394 -1.9205796
2.8710675 -2.2723181 -3.188257
4.9854965 -3.564003 -3.0174582
6.7755423 -5.3625307 -2.8414793
9.0061903 -6.438293 -2.6618969
10.992589 -8.7001295 -2.5007036
13.145076 -9.3970757 -2.3070786
14.428601 -12.613503 -2.1190429
20.531591 -14.677505 -1.6657015
16.868481 -13.350629 -1.919268
2.868788 -2.2868462 -3.1909943
4.9855289 -3.5903881 -3.0203831
6.7659841 -5.3934851 -2.8427081
8.9612112 -6.4535236 -2.6591561
10.968358 -8.7433949 -2.5007133
13.121875 -9.4498749 -2.3068082
14.393454 -12.671687 -2.1189475
20.496424 -14.760744 -1.6645703
16.865421 -13.444222 -1.9190667
2.8494802 -2.2877676 -3.1851985
4.9698472 -3.6055076 -3.0193346
6.753233 -5.4219809 -2.8434498
8.9546242 -6.4963703 -2.6603251
10.943959 -8.7865973 -2.5007355
13.092027 -9.4979582 -2.3062785
14.349132 -12.721853 -2.1186404
20.525517 -14.890781 -1.6631835
16.827713 -13.510498 -1.9185416
2.8386586 -2.2954209 -3.1836746
4.9603415 -3.6251061 -3.0198822
6.7373161 -5.4479876 -2.843704
8.9350853 -6.5299201 -2.6602037
10.907051 -8.8197546 -2.4999223
13.058794 -9.5436001 -2.3056264
14.292753 -12.761253 -2.1180456
20.599058 -15.054159 -1.6616148
16.752554 -13.546596 -1.9176654
2.8334396 -2.3076046 -3.184999
4.9321475 -3.63098 -3.0156639
6.7273817 -5.4789019 -2.844955
8.9154205 -6.5634117 -2.6600919
10.876198 -8.8577728 -2.4995458
13.028605 -9.5914822 -2.305125
14.233315 -12.797752 -2.1173923
20.337515 -14.972202 -1.6615299
16.717529 -13.61506 -1.91721
2.8313782 -2.3215852 -3.1877534
4.9262686 -3.6519036 -3.0170298
6.6970444 -5.4912329 -2.8427634
8.8936062 -6.5929403 -2.6596866
10.846765 -8.8937912 -2.4991999
12.993531 -9.6322651 -2.3043966
14.170129 -12.826173 -2.116617
20.454441 -15.16313 -1.6598608
16.746277 -13.73109 -1.9174124
2.820462 -2.3291461 -3.1862395
4.9165773 -3.671382 -3.0175936
6.677835 -5.5145764 -2.842546
8.8673725 -6.6215796 -2.6589453
10.818713 -8.9341259 -2.4990594
12.956642 -9.6751814 -2.3036513
14.145874 -12.894338 -2.1169116
20.417372 -15.246372 -1.6588293
16.692097 -13.784384 -1.9168081
2.8127227 -2.3384862 -3.1861553
4.9043751 -3.6876662 -3.0173793
6.6655431 -5.5417051 -2.8433352
8.8485231 -6.6533246 -2.6588824
10.789027 -8.9699535 -2.4987366
12.934022 -9.7252665 -2.3034933
14.094234 -12.9331 -2.1164732
20.325239 -15.282823 -1.6581283
16.664688 -13.854954 -1.9164927
2.7957954 -2.3417964 -3.1817997
4.8908262 -3.705617 -3.0171478
6.6451869 -5.5660992 -2.843123
8.8272285 -6.6880984 -2.6587889
10.746953 -9.0017939 -2.4977593
12.882442 -9.7605991 -2.3022051
14.055511 -12.992781 -2.116487
20.319977 -15.395773 -1.6569335
16.57712 -13.885221 -1.9155984
2.7931461 -2.3562162 -3.184562
4.8717375 -3.7179923 -3.0153441
6.6227198 -5.5867324 -2.8424349
8.7975454 -6.7140741 -2.6577542
10.715466 -9.0392532 -2.4974453
12.848293 -9.8055067 -2.3016398
13.998411 -13.030908 -2.1159971
20.37396 -15.548914 -1.6555355
16.540741 -13.953284 -1.9152352
2.7876668 -2.368299 -3.1859055
4.8617835 -3.7373233 -3.0159297
6.6031775 -5.6098161 -2.8422489
8.7740555 -6.7447433 -2.6573768
10.689893 -9.0817394 -2.4975667
12.810834 -9.8478727 -2.3009534
13.952838 -13.079693 -2.1158283
20.208836 -15.534824 -1.6551877
16.473701 -13.995449 -1.9145896
2.7848923 -2.3827288 -3.1886737
4.8517542 -3.756629 -3.0165203
6.5805755 -5.6302814 -2.8415768
8.7504587 -6.7753286 -2.6570096
10.652099 -9.1138401 -2.4968557
12.779526 -9.8949652 -2.3005524
13.889721 -13.111915 -2.115221
20.129246 -15.585727 -1.6544629
16.391428 -14.024358 -1.9138139
2.7738116 -2.3900688 -3.1871798
4.8416491 -3.7759111 -3.0171165
6.5668244 -5.6583376 -2.8423936
8.7329884 -6.8106937 -2.6572988
10.617214 -9.1483765 -2.4963689
12.751178 -9.9444046 -2.3003006
13.214601 -12.562121 -2.0985456
20.131357 -15.700068 -1.6533656
16.333313 -14.073683 -1.9132997
2.7658706 -2.3992541 -3.1871145
4.8321304 -3.7943246 -3.0177274
6.542099 -5.6749434 -2.8412516
8.7010288 -6.832293 -2.6559985
10.592813 -9.188735 -2.4965405
12.70875 -9.9792671 -2.2994132
13.817414 -13.222676 -2.1154308
20.192163 -15.855455 -1.6520493
16.328714 -14.164342 -1.9133334
2.7547488 -2.4065092 -3.1856272
4.8067718 -3.8016107 -3.0143638
6.5311117 -5.7054858 -2.8425775
8.6802282 -6.8650746 -2.6559839
10.557686 -9.2230434 -2.4960785
12.673838 -10.023567 -2.2989197
13.765439 -13.265299 -2.1151788
20.064711 -15.868908 -1.6516227
16.393263 -14.32092 -1.91408
2.7490532 -2.4185047 -3.1869864
4.7994976 -3.8231668 -3.01577
6.5082107 -5.7256579 -2.8419361
8.6654844 -6.9027214 -2.656625
10.528406 -9.2624617 -2.4960508
12.654324 -10.080136 -2.2991145
13.739058 -13.332685 -2.1156263
19.987347 -15.92145 -1.6509738
16.334194 -14.370158 -1.9136204
2.740171 -2.4285645 -3.1869247
4.7824488 -3.8383207 -3.0147913
6.490118 -5.7520757 -2.8422832
8.6370449 -6.9319606 -2.655968
10.494388 -9.3009882 -2.4958138
12.620396 -10.128938 -2.2987611
13.707187 -13.399654 -2.1160126
19.984875 -16.039557 -1.6499195
16.239647 -14.392909 -1.912837
2.7239873 -2.4303977 -3.1826077
4.7726903 -3.8565798 -3.0154228
6.4651537 -5.7683434 -2.8411713
8.6109362 -6.9580798 -2.6553526
10.463487 -9.3357382 -2.4956117
12.583645 -10.168233 -2.2981992
13.671194 -13.453418 -2.1161942
19.971924 -16.138342 -1.649036
16.227528 -14.478534 -1.9128797
2.7181833 -2.4423139 -3.1839767
4.7562113 -3.870785 -3.0144639
6.4566488 -5.8013611 -2.8430209
8.5773983 -6.9806118 -2.6540864
10.436738 -9.3775091 -2.4958324
12.551158 -10.214607 -2.2978976
13.624148 -13.501058 -2.116163
19.896896 -16.192848 -1.6484402
16.256956 -14.607032 -1.9133676
2.7042656 -2.446923 -3.1810851
4.7426715 -3.8873637 -3.0143042
6.4334507 -5.8212328 -2.8424113
8.5652075 -7.0205312 -2.6550887
10.400998 -9.4112215 -2.4954336
12.521578 -10.263398 -2.2977448
13.588214 -13.559784 -2.1164522
19.840254 -16.262201 -1.6477723
16.229521 -14.685091 -1.9133108
2.7010667 -2.461231 -3.183882
4.7290726 -3.9038949 -3.0141501
6.4130917 -5.8436537 -2.842303
8.5345526 -7.0453548 -2.6541655
10.359284 -9.4394522 -2.494627
12.479541 -10.301981 -2.2970695
13.529562 -13.595841 -2.1161525
19.783365 -16.331358 -1.6471276
16.189947 -14.752394 -1.9131554
2.6871169 -2.4657421 -3.1809971
4.7213402 -3.9253037 -3.015588
6.3897648 -5.8633523 -2.8417094
8.5068674 -7.072576 -2.6535747
10.329196 -9.4782381 -2.4946752
12.443503 -10.34548 -2.2966776
13.493217 -13.654317 -2.1164765
19.689417 -16.369705 -1.6467013
16.135414 -14.806119 -1.9128723
2.6918061 -2.4874086 -3.1880646
4.7046566 -3.9392874 -3.0146515
6.3721395 -5.8882828 -2.8421097
8.4790974 -7.09969 -2.6529944
10.28439 -9.5034637 -2.4936838
12.413414 -10.393959 -2.2965679
13.470578 -13.726916 -2.1171968
19.665812 -16.466513 -1.6459236
16.098274 -14.875881 -1.9127853
2.6786687 -2.4909155 -3.1851897
4.686367 -3.9490838 -3.0129414
6.3564816 -5.910943 -2.8425262
8.459774 -7.1288395 -2.6530929
10.251577 -9.5330238 -2.4933496
12.374618 -10.42778 -2.2959726
13.396803 -13.737803 -2.1164124
19.574316 -16.494785 -1.6456188
16.054379 -14.929096 -1.912621
2.6726038 -2.5027285 -3.186578
4.6725535 -3.9654181 -3.0128088
6.3358102 -5.9330955 -2.8424482
8.4378519 -7.1608834 -2.6531761
10.218239 -9.5687504 -2.4932241
12.341175 -10.473485 -2.2957566
13.340454 -13.7759 -2.1162562
19.559212 -16.599157 -1.6448339
16.016722 -14.998672 -1.912571
2.6660497 -2.5149953 -3.1879683
4.6579876 -3.9825175 -3.0126758
6.3083153 -5.9508958 -2.8413889
8.4115496 -7.1917624 -2.6529355
10.168667 -9.5925245 -2.4920547
12.302704 -10.518648 -2.2954049
13.295394 -13.830446 -2.1165013
19.504307 -16.675922 -1.6442431
15.967438 -15.062747 -1.9124445
2.6576951 -2.5238221 -3.1879435
4.6447558 -3.9979415 -3.0125604
6.2913904 -5.9744816 -2.8418233
8.3876543 -7.2196159 -2.6527274
10.131045 -9.6207266 -2.4915392
12.273784 -10.564574 -2.295368
13.287967 -13.914783 -2.1176646
15.905838 -15.104631 -1.9121789
2.6462491 -2.5305781 -3.1864994
4.6365933 -4.019177 -3.01403
6.2704978 -5.9964061 -2.8417692
8.362402 -7.2488508 -2.652518
10.094535 -9.6532898 -2.4912417
12.224812 -10.596935 -2.2945273
13.285901 -14.010207 -2.1190782
19.411451 -16.826591 -1.6431581
15.861661 -15.168326 -1.9121294
2.6321769 -2.5347707 -3.1836376
4.6225357 -4.035337 -3.0139196
6.255178 -6.0236988 -2.8427088
8.3400259 -7.2805958 -2.6526406
10.057919 -9.6857157 -2.4909568
12.19374 -10.644774 -2.294503
13.242376 -14.0623 -2.1193717
19.319534 -16.865383 -1.6428807
15.791386 -15.20701 -1.9118369
2.6306751 -2.5519738 -3.1878841
4.6019292 -4.0471644 -3.0122244
6.2246132 -6.038393 -2.8411896
8.3073483 -7.3058939 -2.6517985
10.02235 -9.7225142 -2.4908922
12.145682 -10.681516 -2.2938125
13.185306 -14.10492 -2.1193874
19.251595 -16.930807 -1.6424547
15.48659 -15.023282 -1.9091949
2.6221983 -2.5606835 -3.1878717
4.5942516 -4.0675097 -3.0137153
6.2073612 -6.0617414 -2.8416536
8.2889948 -7.3386421 -2.652272
9.9928951 -9.7584686 -2.4910557
12.116152 -10.727006 -2.2938306
13.146592 -14.157324 -2.1197834
19.222237 -17.018362 -1.6419078
15.536519 -15.172044 -1.9101444
2.6158285 -2.5723631 -3.1892834
4.5829 -4.0860853 -3.0144141
6.1833677 -6.0806227 -2.8411379
8.2603779 -7.3649015 -2.6517811
9.9531116 -9.7877264 -2.4905987
12.075665 -10.766587 -2.2934499
13.115993 -14.223623 -2.1205099
19.162712 -17.085356 -1.6415153
15.543159 -15.284887 -1.9107001
2.6042573 -2.5789273 -3.187856
4.5657434 -4.0994844 -3.0135331
6.1537433 -6.0938892 -2.839644
8.231678 -7.3910494 -2.6513
9.9329824 -9.8363705 -2.4916258
12.043927 -10.813988 -2.2934833
13.036676 -14.237009 -2.119885
19.085144 -17.136147 -1.6412482
15.537865 -15.386737 -1.9111586
2.5926721 -2.5854421 -3.1864319
4.5542622 -4.1179805 -3.0142429
6.1352115 -6.1181021 -2.8401299
8.2087593 -7.42239 -2.6514726
9.8873472 -9.8597746 -2.4907734
12.020855 -10.869301 -2.293931
12.973502 -14.267695 -2.1197333
18.980812 -17.162518 -1.6411599
15.515114 -15.471848 -1.9114615
2.580621 -2.5923584 -3.1850111
4.5362911 -4.132051 -3.0133693
6.1155124 -6.1433272 -2.8406239
8.1844215 -7.4550881 -2.651648
9.856741 -9.9015722 -2.4911954
11.975057 -10.907929 -2.2934511
12.971824 -14.371323 -2.1214395
18.841084 -17.162107 -1.6412697
15.480802 -15.551212 -1.9116975
2.5775633 -2.6056073 -3.1878567
4.5232873 -4.1462817 -3.0133049
6.0934248 -6.1597214 -2.8401387
8.1580477 -7.4780931 -2.6512103
9.8311672 -9.9381313 -2.4916286
11.940729 -10.945498 -2.2932808
12.958524 -14.447582 -2.1225922
18.790016 -17.223913 -1.6409844
15.35617 -15.523246 -1.9109296
2.5582905 -2.6042445 -3.1821792
4.5031257 -4.1568203 -3.0116541
6.0691371 -6.1781559 -2.8396618
8.1318941 -7.5065241 -2.6510906
9.80476 -9.9808798 -2.492285
11.90245 -10.987111 -2.2931056
12.926555 -14.513545 -2.1234081
18.71805 -17.278568 -1.6407781
15.279539 -15.554002 -1.9107368
2.5542474 -2.6183484 -3.1850314
4.4942307 -4.1777592 -3.0131776
6.0584908 -6.2105336 -2.8416576
8.1114311 -7.5402455 -2.6516235
9.7670898 -10.012203 -2.4921134
11.858198 -11.023175 -2.2926791
12.85207 -14.531732 -2.1230209
18.648855 -17.335653 -1.6405774
15.200098 -15.581557 -1.9105343
2.5416532 -2.6255322 -3.1836252
4.480967 -4.197618 -3.0139096
6.0373273 -6.2365694 -2.842186
8.0795345 -7.5686336 -2.6511929
9.7313337 -10.052485 -2.4923806
11.815784 -11.068625 -2.2925193
12.78304 -14.566004 -2.1229885
18.532648 -17.360756 -1.6406218
15.273257 -15.777301 -1.9120249
2.5349853 -2.6370018 -3.1850634
4.4578819 -4.2053046 -3.0114837
6.0100846 -6.2519507 -2.8412406
8.0444412 -7.588654 -2.6501403
9.6961842 -10.086392 -2.4924459
11.768398 -11.101616 -2.2919908
12.711187 -14.586516 -2.1227124
18.512571 -17.463673 -1.6401747
15.314793 -15.931112 -1.9131501
2.5291922 -2.6475737 -3.1865027
4.4502354 -4.2245922 -3.0130286
5.9877033 -6.2679639 -2.8407905
8.0205603 -7.6138887 -2.6500692
9.6671896 -10.119672 -2.4927258
11.742114 -11.146747 -2.2922854
12.649654 -14.608313 -2.12257
18.451826 -17.516253 -1.6400458
15.278437 -15.993559 -1.9134063
2.5174403 -2.6537561 -3.1851048
4.4271088 -4.2321153 -3.0106137
5.963089 -6.2859817 -2.8403528
7.9939346 -7.6418395 -2.6499996
9.6318064 -10.153355 -2.4928153
11.69451 -11.179422 -2.291785
12.655709 -14.718815 -2.1246235
18.430954 -17.619156 -1.6396412
15.22526 -16.049685 -1.9135767
2.509717 -2.6660421 -3.1865556
4.4136004 -4.2517552 -3.0113697
5.9362206 -6.3059754 -2.8399298
7.9645333 -7.6724768 -2.6499348
9.5873108 -10.184484 -2.4925075
11.66582 -11.238039 -2.2923541
12.51897 -14.673378 -2.1226723
18.386154 -17.711941 -1.6393516
15.174455 -16.11964 -1.9138721
2.496376 -2.6686187 -3.1837404
4.4002213 -4.2656007 -3.0113451
5.9110212 -6.3188643 -2.8390076
7.9489036 -7.7057142 -2.6508539
9.5471354 -10.20586 -2.4919801
11.624745 -11.269096 -2.2920237
12.511439 -14.758204 -2.124187
18.42783 -17.864048 -1.6386548
15.126461 -16.170143 -1.9140657
2.4944475 -2.6852846 -3.1880374
4.3797922 -4.2755527 -3.0097394
5.8889279 -6.3394594 -2.8390863
7.9191289 -7.7306528 -2.6504934
9.5222549 -10.250753 -2.4929488
11.571108 -11.295714 -2.2913015
12.55218 -14.911473 -2.1273751
18.385347 -17.947773 -1.6384406
15.045503 -16.196556 -1.914003
2.4776845 -2.6859818 -3.1838102
4.3730817 -4.2989163 -3.012099
5.8667626 -6.3599772 -2.8391731
7.8949142 -7.7610197 -2.6507847
9.4917936 -10.289762 -2.4935095
11.531608 -11.336037 -2.2912583
12.497499 -14.952144 -2.1277397
18.314051 -18.003452 -1.6384243
15.013203 -16.275352 -1.9144888
2.4702718 -2.6977184 -3.1852734
4.3518219 -4.309494 -3.0105038
5.8460627 -6.3843298 -2.8397655
7.8607993 -7.7843409 -2.6501222
9.4486589 -10.31863 -2.4932494
11.495635 -11.383822 -2.2914946
12.452785 -15.01011 -2.1285305
18.264954 -18.087299 -1.6382723
14.953452 -16.330267 -1.9147429
2.4613125 -2.7058954 -3.1853147
4.3402357 -4.3266211 -3.0112908
5.8248596 -6.4036813 -2.8398628
7.8405404 -7.8159466 -2.6507556
9.4197292 -10.355776 -2.4938276
11.455006 -11.419074 -2.2913487
12.387744 -15.03288 -2.1285212
18.219004 -18.161854 -1.6381642
14.824104 -16.297188 -1.914166
2.4469919 -2.7090902 -3.1825182
4.3278246 -4.3444748 -3.0120833
5.8077288 -6.4297962 -2.8409595
7.804841 -7.834868 -2.6497929
9.3888416 -10.394484 -2.4944267
11.417881 -11.461808 -2.2914824
18.065378 -18.13488 -1.6387262
14.75109 -16.331085 -1.9142689
2.4394665 -2.7207396 -3.1839919
4.3064556 -4.3548288 -3.0105054
5.7841244 -6.4510398 -2.8410838
7.784411 -7.8718514 -2.6507676
9.3480339 -10.425872 -2.494417
11.373001 -11.500751 -2.2913661
12.124192 -14.929458 -2.1247563
17.965124 -18.166922 -1.6389626
14.699121 -16.393944 -1.9146729
2.4333186 -2.7310967 -3.1854613
4.2981524 -4.3738317 -3.0120997
5.7638288 -6.4691792 -2.841197
7.7513309 -7.8878112 -2.6498227
9.317873 -10.45815 -2.4948106
11.334023 -11.533586 -2.2912602
12.109742 -15.007767 -2.1262333
17.53039 -17.839054 -1.6413704
14.682021 -16.478739 -1.9153464
2.4237707 -2.7395737 -3.1855175
4.280169 -4.3860517 -3.0113242
5.7412124 -6.4892588 -2.8413303
7.7237506 -7.9148202 -2.6498528
9.2707939 -10.478724 -2.4941833
11.296474 -11.575926 -2.2914369
12.18926 -15.214683 -2.1308851
17.821947 -18.262825 -1.6392148
14.679887 -16.59259 -1.9163098
2.4161048 -2.7511628 -3.1870017
4.2694244 -4.4072433 -3.0129318
5.7147999 -6.5073109 -2.8409853
7.6946888 -7.9430761 -2.649895
9.2244682 -10.503689 -2.4937906
11.245668 -11.608683 -2.2911003
12.143327 -15.271724 -2.1317883
17.713242 -18.285032 -1.6395749
14.597924 -16.62232 -1.9164513
2.3988588 -2.7518024 -3.1828032
4.2479029 -4.4173093 -3.0113773
5.6806011 -6.5163865 -2.8391676
7.6627846 -7.9683766 -2.6496272
9.183301 -10.534438 -2.4938328
11.200289 -11.646956 -2.2910454
12.114412 -15.350522 -2.1332564
17.643341 -18.346958 -1.639715
14.505466 -16.639652 -1.9164938
2.3973224 -2.7675447 -3.1871281
4.2313428 -4.4278479 -3.0106156
5.6678061 -6.5430946 -2.8407898
7.6431751 -7.998126 -2.6503239
9.147563 -10.560236 -2.4938502
11.160896 -11.679212 -2.290992
17.68486 -18.506149 -1.6392124
14.481833 -16.718287 -1.9171834
2.3852839 -2.7731478 -3.1857758
4.2185135 -4.4453845 -3.0114462
5.637259 -6.5539174 -2.8394728
7.6124902 -8.0218887 -2.6500731
9.1132336 -10.59511 -2.4943266
11.128273 -11.726749 -2.2914934
11.963409 -15.367674 -2.1328549
17.658609 -18.608286 -1.6391306
14.41819 -16.76269 -1.9175436
2.3755889 -2.7814572 -3.1858485
4.2056112 -4.4628863 -3.0122831
5.6219888 -6.5825028 -2.8411267
7.5790191 -8.0426598 -2.6495106
9.073616 -10.623838 -2.4943938
11.095452 -11.774208 -2.2920094
11.92187 -15.425097 -2.1338792
17.618172 -18.69595 -1.63916
14.32075 -16.767443 -1.9175326
2.3606904 -2.784615 -3.1830847
4.1839628 -4.4726443 -3.0107512
5.5952897 -6.6000724 -2.840822
7.5548916 -8.0761566 -2.6502481
9.0371847 -10.66005 -2.4949105
11.046789 -11.808986 -2.2918823
11.833744 -15.427607 -2.1335454
17.560436 -18.772055 -1.6393108
14.287559 -16.85327 -1.9183465
2.3556247 -2.7983854 -3.1860082
4.1709466 -4.4900446 -3.0115991
5.5671644 -6.6135626 -2.8400221
7.5266542 -8.1024799 -2.6503487
9.0050287 -10.697604 -2.4956369
11.005501 -11.847475 -2.2920291
11.777405 -15.465652 -2.1341348
17.557264 -18.90048 -1.639146
14.226074 -16.899992 -1.9187969
2.3393559 -2.7978382 -3.1818204
4.1534219 -4.5010204 -3.010865
5.5527506 -6.6410151 -2.8416903
7.5104656 -8.1390133 -2.6517389
8.9516888 -10.706099 -2.4944582
10.955367 -11.872217 -2.2916503
11.757285 -15.545918 -2.1358073
17.429546 -18.88822 -1.6398056
14.103465 -16.867554 -1.918483
2.3290856 -2.8063936 -3.1819105
4.1368971 -4.5162129 -3.0109351
5.5283728 -6.6613226 -2.8419042
7.4805841 -8.1664858 -2.6518655
8.9022522 -10.726624 -2.4939573
10.909094 -11.909358 -2.2917018
11.695446 -15.582535 -2.1363893
17.368288 -18.960802 -1.6400476
13.977895 -16.842438 -1.9182653
2.3197663 -2.8141017 -3.1819952
4.1218977 -4.5299067 -3.0110037
5.5112424 -6.6856718 -2.8430939
7.4428215 -8.179554 -2.6507037
8.8565359 -10.743837 -2.4934349
10.877568 -11.954292 -2.2922823
11.717494 -15.720224 -2.1395197
17.377821 -19.097979 -1.6398714
13.896607 -16.857933 -1.9184685
2.3122253 -2.8249872 -3.1835101
4.103478 -4.541409 -3.010289
5.4878716 -6.7048683 -2.8433132
7.4195237 -8.2113495 -2.6514871
8.8240051 -10.780828 -2.4942105
10.827776 -11.983336 -2.2920876
11.570157 -15.636171 -2.1371806
17.257547 -19.099306 -1.6405417
13.814951 -16.878571 -1.918746
2.295984 -2.8242004 -3.1793334
4.0909686 -4.557858 -3.0111601
5.4631329 -6.7199864 -2.8430343
7.3869739 -8.2300253 -2.6509862
8.7932129 -10.816188 -2.4949808
10.798603 -12.031013 -2.2928286
11.598426 -15.783568 -2.1405892
17.191454 -19.15346 -1.6408902
13.869559 -17.060404 -1.9206406
2.2906659 -2.8378394 -3.182277
4.0699077 -4.5663595 -3.0096636
5.4421062 -6.7420673 -2.8437634
7.3529401 -8.2498598 -2.6505027
8.7554035 -10.846816 -2.4953582
10.75654 -12.068635 -2.293062
11.505707 -15.772478 -2.1400964
17.201483 -19.299738 -1.6407676
13.995223 -17.338276 -1.9235178
2.2830133 -2.8486471 -3.1838017
4.0513911 -4.5776539 -3.0089648
5.41118 -6.7518411 -2.8425214
7.3293376 -8.2813959 -2.6513155
8.7125254 -10.871119 -2.4953241
10.714348 -12.106109 -2.2933099
11.466932 -15.835126 -2.141444
17.094343 -19.314844 -1.6414187
13.964536 -17.424356 -1.9245123
2.2748139 -2.8598325 -3.1853352
4.0396709 -4.5982599 -3.0106544
5.3863974 -6.7716284 -2.8427842
7.2989359 -8.3082027 -2.6515045
8.6701527 -10.899874 -2.4955347
10.677781 -12.154261 -2.2939863
11.404169 -15.870578 -2.1421356
17.028704 -19.383362 -1.6418254
13.900579 -17.47542 -1.9251899
2.2580764 -2.8592205 -3.1811755
4.0261269 -4.6152358 -3.0115523
5.3700194 -6.7996235 -2.844527
7.2672915 -8.3306522 -2.6513729
8.6246729 -10.920729 -2.4953136
10.656204 -12.215436 -2.2953324
11.33251 -15.887591 -2.142405
16.924215 -19.400591 -1.6425049
13.799957 -17.473776 -1.9253567
2.2413719 -2.8585272 -3.1770186
4.0074706 -4.6263499 -3.0108705
5.3510928 -6.824501 -2.8457832
7.2433438 -8.3619442 -2.6522164
8.5962944 -10.96326 -2.4965901
10.603084 -12.240534 -2.2950914
11.265477 -15.910803 -2.1428492
16.730988 -19.314779 -1.6437757
13.70198 -17.474781 -1.925571
2.2407897 -2.8773849 -3.1828201
3.9895942 -4.6366935 -3.0101879
5.3260212 -6.8391128 -2.8455484
7.2181525 -8.3889141 -2.6527381
8.5574532 -10.988575 -2.4967959
10.562434 -12.275626 -2.2953835
11.164548 -15.879652 -2.1419828
16.791767 -19.515339 -1.6434351
13.594964 -17.457212 -1.9256091
3.9733846 -4.6505919 -3.0103095
5.3021164 -6.8576622 -2.8458297
7.1862578 -8.4110537 -2.6526356
8.5117626 -11.008961 -2.4966104
10.514353 -12.306375 -2.2954376
11.131844 -15.951189 -2.1436598
16.796122 -19.658781 -1.6434808
13.56077 -17.539257 -1.9266745
3.9621105 -4.6703076 -3.0120225
5.2757583 -6.8730173 -2.8456235
7.146626 -8.4240313 -2.651577
8.4781132 -11.0449 -2.4975002
10.471332 -12.343002 -2.2957735
11.064756 -15.973578 -2.14415
16.598326 -19.565151 -1.6448445
13.548014 -17.649734 -1.9280481
3.9457843 -4.6841097 -3.0121551
5.2541118 -6.8945103 -2.846416
7.1222706 -8.4549723 -2.6524606
8.4419146 -11.077583 -2.4981902
10.435871 -12.388604 -2.296526
11.011188 -16.015387 -2.1451399
16.527361 -19.619919 -1.6454166
13.524985 -17.747652 -1.9293199
3.9195247 -4.6860361 -3.0091207
5.2276473 -6.9096813 -2.8462253
7.0977855 -8.4858456 -2.6533546
8.3936176 -11.094327 -2.497828
10.407871 -12.44326 -2.2976954
11.013583 -16.139257 -2.1481702
16.512535 -19.741766 -1.6456521
13.45333 -17.782038 -1.9299767
3.9056044 -4.7026525 -3.0100572
5.2011404 -6.9247508 -2.8460419
7.0630703 -8.504488 -2.6529696
8.3476915 -11.11404 -2.4976902
10.364373 -12.479513 -2.2980759
11.04875 -16.312801 -2.1524451
16.5404 -19.915932 -1.6456379
13.403148 -17.84483 -1.9309412
3.8891654 -4.7162571 -3.0102062
5.1769371 -6.9428649 -2.8463619
7.0283122 -8.5229931 -2.6525939
8.3135891 -11.149474 -2.4986305
10.313158 -12.506413 -2.2980688
10.971744 -16.321522 -2.1526878
16.493628 -20.001255 -1.6461231
13.376524 -17.939449 -1.9322499
3.8726788 -4.7298045 -3.0103607
5.1480026 -6.9545875 -2.8456974
6.9935112 -8.5413589 -2.6522279
8.2864237 -11.194372 -2.5002239
10.261881 -12.533105 -2.2980757
10.932387 -16.386227 -2.1543298
16.423708 -20.058706 -1.6467783
13.325682 -18.002052 -1.933259
3.8585746 -4.7462816 -3.0113142
5.126018 -6.9756756 -2.8465288
6.9586668 -8.5595846 -2.6518712
8.2425985 -11.216833 -2.5003364
10.225595 -12.578106 -2.2989028
10.881719 -16.43425 -2.1555841
16.361143 -20.125202 -1.647409
13.25804 -18.042034 -1.9340616
3.8419838 -4.7597218 -3.0114799
5.1016378 -6.9935255 -2.8468721
6.9287467 -8.5838223 -2.6521699
8.1963797 -11.235919 -2.5002472
10.181628 -12.613723 -2.2993417
10.808976 -16.448833 -2.156038
16.275757 -20.163561 -1.6482062
13.140944 -18.014122 -1.9341967
3.8157103 -4.7610817 -3.008476
5.084096 -7.020822 -2.8487129
6.9012122 -8.6110401 -2.6528015
8.1524544 -11.258036 -2.5003831
10.135049 -12.646085 -2.2996604
10.690576 -16.393057 -2.1547816
16.217749 -20.235819 -1.6488523
13.073305 -18.053427 -1.9350348
3.8038642 -4.7803998 -3.0102398
5.0618467 -7.0417113 -2.8495688
6.8760338 -8.641263 -2.6537662
8.1084728 -11.279979 -2.5005312
10.090843 -12.681385 -2.3001285
10.613815 -16.400183 -2.1550951
16.114714 -20.251717 -1.6498044
13.063725 -18.173405 -1.9367187
3.7895422 -4.7966714 -3.0112157
5.0372357 -7.0593381 -2.849936
6.8335767 -8.6497049 -2.6524792
8.0667439 -11.304985 -2.500905
10.053911 -12.725893 -2.3010154
10.633982 -16.557772 -2.1591377
16.053818 -20.320368 -1.6505128
12.98863 -18.202669 -1.9374999
3.7775304 -4.8159313 -3.0129914
5.0125642 -7.0768776 -2.8503108
6.7984643 -8.6672859 -2.6521707
8.0226479 -11.326597 -2.5010765
10.009429 -12.760909 -2.3015127
10.499063 -16.473879 -2.1572528
16.004953 -20.404537 -1.6511687
12.915798 -18.234882 -1.9383327
3.7600141 -4.8247361 -3.0123708
4.9925632 -7.0957975 -2.8511519
6.78092 -8.7010717 -2.6537769
7.9893074 -11.354991 -2.5018413
9.971734 -12.795428 -2.302108
10.438736 -16.493319 -2.1579144
15.948132 -20.464161 -1.6518586
12.835506 -18.242765 -1.9388833
3.7384357 -4.8317394 -3.0109801
4.9677639 -7.1131811 -2.8515418
6.7553439 -8.7309408 -2.6547811
7.9587107 -11.395823 -2.5033238
9.93431 -12.839595 -2.3030391
10.493363 -16.708414 -2.163444
15.8473 -20.481834 -1.6528804
12.824251 -18.362633 -1.940661
3.7238934 -4.8478146 -3.0119779
4.9406691 -7.1272564 -2.8514414
6.7224178 -8.7513332 -2.6548247
7.9188824 -11.423534 -2.5039606
9.882163 -12.864733 -2.3031731
10.418124 -16.717899 -2.1639252
15.746537 -20.499054 -1.6539224
12.830483 -18.508858 -1.9427382
3.7046125 -4.8577213 -3.0113924
4.9157605 -7.1444592 -2.8518465
6.6870346 -8.7684603 -2.6545544
7.867713 -11.434763 -2.5035341
9.8396082 -12.902314 -2.303863
10.328286 -16.703352 -2.1638343
15.682145 -20.563416 -1.6547612
12.763538 -18.550249 -1.9437556
3.6899588 -4.8736939 -3.0124013
4.8930035 -7.1648135 -2.8527572
6.6563869 -8.791749 -2.6549411
7.8165612 -11.445772 -2.5031185
9.801712 -12.946093 -2.3048389
10.280334 -16.756279 -2.1654317
15.648808 -20.668932 -1.6554323
12.709949 -18.611151 -1.9449987
3.6706097 -4.8834648 -3.0118263
4.8701653 -7.1850958 -2.8536758
6.6232824 -8.8117695 -2.6550138
7.7743354 -11.469701 -2.5035748
9.7636309 -12.989762 -2.3058302
10.238347 -16.819275 -2.1673019
15.545398 -20.681961 -1.6565547
12.591225 -18.576197 -1.9452639
3.6489339 -4.8900738 -3.0104616
4.842865 -7.1987977 -2.853606
6.5901198 -8.8316689 -2.6550958
7.7298212 -11.490185 -2.5038276
9.7182293 -13.023766 -2.3064294
10.22693 -16.933321 -2.1704593
15.439702 -20.691328 -1.6577107
12.57081 -18.686193 -1.9470652
3.6318414 -4.902782 -3.0106921
4.8155293 -7.2123976 -2.8535435
6.5616031 -8.8577948 -2.6558363
7.6874614 -11.513798 -2.5043077
9.6750755 -13.060807 -2.3071792
10.167757 -16.968916 -2.1716983
15.360253 -20.735479 -1.6587286
12.496652 -18.7167 -1.9480574
3.6192703 -4.9216352 -3.0125184
4.7903242 -7.2291627 -2.853987
6.5306449 -8.8806448 -2.6562624
7.6472249 -11.540562 -2.5050156
9.6152916 -13.075276 -2.3069901
10.126781 -17.035116 -2.1737189
15.257052 -20.747179 -1.65991
12.444456 -18.780148 -1.9494189
3.5997965 -4.9311275 -3.0119646
4.7650599 -7.2458396 -2.8544383
6.5019355 -8.90658 -2.6570232
7.6025329 -11.560555 -2.5053036
9.5742788 -13.115183 -2.307905
10.065232 -17.066933 -2.1749096
15.163361 -20.771303 -1.6610545
12.32844 -18.746857 -1.9497797
3.5825617 -4.9436631 -3.0122116
4.7397385 -7.2624288 -2.8548973
6.4731259 -8.9324217 -2.657794
7.5599632 -11.583697 -2.5058193
9.5214405 -13.138864 -2.3081522
10.009619 -17.108835 -2.1763735
15.114178 -20.856417 -1.6619565
12.230243 -18.739698 -1.9504346
3.5652835 -4.9561381 -3.0124638
4.7186232 -7.2855134 -2.8563626
6.4372902 -8.9485455 -2.6576002
7.5108557 -11.596696 -2.5056968
9.4778423 -13.175248 -2.3089597
9.9498348 -17.143671 -2.1776845
15.085558 -20.970592 -1.6627619
12.182094 -18.809046 -1.9519242
3.5457234 -4.9654193 -3.0119259
4.6910424 -7.2986407 -2.8563378
6.4083118 -8.9741783 -2.658391
7.468184 -11.619505 -2.5062354
9.4410372 -13.221197 -2.3101926
9.8899326 -17.178299 -2.1790128
15.047048 -21.071835 -1.6636506
12.118519 -18.854811 -1.9531856
3.5283694 -4.977766 -3.0121891
4.6655369 -7.314971 -2.8568199
6.3632331 -8.9771452 -2.6569145
7.4318461 -11.652194 -2.5074372
9.381031 -13.234605 -2.310071
9.820034 -17.195425 -2.1799273
14.980324 -21.133997 -1.6647273
12.001177 -18.816326 -1.9535636
3.5118425 -4.989439 -3.0124443
4.6370573 -7.3237743 -2.8562849
6.3311534 -8.9949656 -2.6570492
7.3889198 -11.67007 -2.5077436
9.3325119 -13.259137 -2.3104749
9.7629576 -17.227896 -2.1812205
14.891782 -21.157452 -1.6659156
11.876866 -18.758337 -1.9537055
3.4966109 -5.0048242 -3.0135143
4.6135516 -7.3432379 -2.8572819
6.3110352 -9.0332098 -2.6591709
7.3418064 -11.685711 -2.5078824
9.2861729 -13.291632 -2.3112025
9.7164221 -17.286171 -2.1832058
14.751567 -21.114445 -1.6674526
11.860096 -18.877325 -1.9558194
3.4747298 -5.0106683 -3.0122006
4.5858154 -7.355968 -2.857286
6.2794657 -9.0551844 -2.6596751
7.2988715 -11.7079 -2.5084674
9.2510519 -13.340305 -2.3126323
9.6599016 -17.326941 -2.1847773
14.677775 -21.165808 -1.6686313
11.732965 -18.820496 -1.9560485
3.4506657 -5.0132489 -3.0100946
4.5559831 -7.3652601 -2.8567965
6.2455769 -9.0737944 -2.6598632
7.2516961 -11.723184 -2.5086281
9.1999197 -13.365967 -2.3131142
9.5858698 -17.336159 -2.185581
14.655835 -21.292513 -1.6695431
11.717532 -18.942711 -1.9582479
3.4396644 -5.0348043 -3.0127749
4.5302467 -7.3811183 -2.8573155
6.2138662 -9.0955391 -2.660387
7.2128077 -11.751807 -2.5096729
9.1397476 -13.378295 -2.3130579
9.4640169 -17.257767 -2.1842074
14.621941 -21.402847 -1.6705487
11.615888 -18.925734 -1.9589489
3.4220686 -5.0467811 -3.0130701
4.5044541 -7.3968868 -2.8578424
6.1754241 -9.1073608 -2.6599412
7.1799965 -11.790468 -2.5113857
9.0952253 -13.41341 -2.3139808
9.3827868 -17.252211 -2.1846786
14.529226 -21.42734 -1.6719016
11.578783 -19.013836 -1.9608252
3.4022803 -5.0554991 -3.0125735
4.4765778 -7.4092078 -2.8578753
6.1435957 -9.1288605 -2.6604841
7.1387954 -11.815458 -2.5122375
9.0550089 -13.454972 -2.3151951
9.4170389 -17.460125 -2.190541
14.452114 -21.474611 -1.6731908
11.532958 -19.088261 -1.962577
3.3867519 -5.0705481 -3.0136771
4.4486713 -7.4214249 -2.8579154
6.1160827 -9.1568241 -2.66169
7.0913887 -11.830096 -2.5124443
9.0146141 -13.496422 -2.3164248
9.3729391 -17.524496 -2.1928217
14.38593 -21.538202 -1.6744431
11.460108 -19.118143 -1.9638585
3.3690314 -5.0823388 -3.0139887
4.4207335 -7.433537 -2.8579626
6.0797143 -9.1715279 -2.6615989
7.0520787 -11.858189 -2.5135391
8.9608536 -13.51786 -2.3168383
9.3173065 -17.567663 -2.194592
14.293021 -21.56168 -1.6758597
11.440172 -19.236841 -1.966154
3.3555055 -5.1005039 -3.0159016
4.4027319 -7.4624357 -2.8605278
6.0498371 -9.1959972 -2.6624978
7.0066118 -11.875897 -2.5139875
8.915802 -13.55238 -2.3178201
9.2318306 -17.554255 -2.1949556
14.16504 -21.531433 -1.6774782
11.484376 -19.465509 -1.969714
3.3397861 -5.1154118 -3.0170226
4.3726931 -7.4709883 -2.8600879
6.0155373 -9.2137489 -2.6627526
6.9691224 -11.907131 -2.5153265
8.8814831 -13.603399 -2.3195128
9.1557665 -17.558121 -2.1957755
14.089791 -21.580748 -1.6788411
10.74374 -18.356276 -1.9582256
3.3198149 -5.1238055 -3.0165524
4.3544655 -7.4997754 -2.8626711
5.9897866 -9.2446432 -2.6643271
6.9195461 -11.91766 -2.5153582
8.8252954 -13.620971 -2.3198287
9.088933 -17.579363 -2.1970563
13.977489 -21.572872 -1.6804134
11.182051 -19.25905 -1.9694388
3.2998261 -5.1321235 -3.0160878
4.3282595 -7.5149293 -2.8632519
5.9596176 -9.2688198 -2.6652567
6.8739424 -11.934865 -2.5158405
8.7712421 -13.641657 -2.320297
9.0184298 -17.59326 -2.1981721
13.880519 -21.587967 -1.6819258
11.088889 -19.253056 -1.9704187
3.2818921 -5.1436105 -3.0164266
4.296165 -7.5197749 -2.8623304
5.9272285 -9.289566 -2.6658688
6.8283048 -11.951896 -2.5163338
8.7257109 -13.675543 -2.3213372
8.9912491 -17.692093 -2.2014704
13.843716 -21.696836 -1.6831611
3.2627556 -5.1512108 -3.0159545
4.2692699 -7.5305676 -2.8623919
5.8879299 -9.2958136 -2.6651461
6.7886324 -11.974472 -2.5172322
8.6994648 -13.734642 -2.3234663
8.9397001 -17.736038 -2.2033572
13.611553 -21.489803 -1.6853148
11.071621 -19.529238 -1.9756887
3.2427049 -5.1593075 -3.0155044
4.2429571 -7.5454245 -2.862994
5.8554454 -9.3163099 -2.665776
6.7429028 -11.991179 -2.5177472
8.6451197 -13.754822 -2.3239768
8.863492 -17.738632 -2.2042513
13.538579 -21.540564 -1.6867613
11.017064 -19.592094 -1.977531
3.2267144 -5.1738629 -3.0166581
4.2223248 -7.5704646 -2.8651159
5.8145242 -9.3232775 -2.6651008
6.7029386 -12.018108 -2.5189373
8.592845 -13.778165 -2.3246403
8.8068237 -17.78017 -2.206162
13.649124 -21.885637 -1.6873716
10.868989 -19.487675 -1.9774562
3.2066081 -5.1818194 -3.0162182
4.1939754 -7.5817261 -2.8652294
5.7840252 -9.3468781 -2.6660781
6.6609473 -12.041433 -2.5199182
8.5405149 -13.801314 -2.3253171
8.7482166 -17.817953 -2.2079997
13.610444 -21.994226 -1.6887203
10.899317 -19.703415 -1.9811231
3.1945465 -5.2028289 -3.0189829
4.1674843 -7.5963202 -2.8658547
5.7492943 -9.3636436 -2.6664073
6.615056 -12.057654 -2.5204673
8.5026894 -13.847986 -2.3269939
8.6859665 -17.848381 -2.209672
13.521057 -22.021198 -1.6903262
10.765274 -19.622501 -1.981354
3.1763659 -5.2139482 -3.0193539
4.142817 -7.6142654 -2.8669922
5.7145176 -9.3802795 -2.6667457
6.5748229 -12.084157 -2.5216939
8.450161 -13.87079 -2.3276994
8.6184196 -17.867832 -2.2110844
13.444106 -22.068262 -1.6918968
3.1621315 -5.2315974 -3.0213311
4.1124878 -7.6217771 -2.8666227
5.6796951 -9.3967876 -2.6670933
6.5194116 -12.082589 -2.521153
8.4058056 -13.907008 -2.3289838
8.5525608 -17.890619 -2.212604
13.34635 -22.080906 -1.6935793
3.1398885 -5.2359958 -3.0201123
4.087709 -7.639544 -2.8677754
5.6570234 -9.4335032 -2.66943
6.4734521 -12.098274 -2.5217335
8.3633471 -13.946498 -2.330425
8.4934702 -17.927565 -2.2145116
13.302028 -22.182114 -1.6950544
10.559201 -19.734156 -1.986316
3.1255314 -5.2535458 -3.0221012
4.0610166 -7.6537666 -2.8684309
5.6179972 -9.4430037 -2.6691368
6.4590783 -12.173375 -2.5261183
8.3125801 -13.97219 -2.3313143
8.4240685 -17.94268 -2.2158773
13.200033 -22.18726 -1.6967956
10.540704 -19.865982 -1.9891475
3.0993423 -5.2511544 -3.01929
4.0269699 -7.6540098 -2.8670695
5.5789733 -9.4523439 -2.6688521
6.4220886 -12.206381 -2.527843
8.2536488 -13.983995 -2.3316491
8.3529854 -17.953922 -2.2171633
13.092083 -22.181658 -1.6985776
10.196564 -19.380476 -1.9845793
3.0800745 -5.2624788 -3.0197074
4.0025163 -7.675674 -2.8687849
5.5542731 -9.4897842 -2.671257
6.3644633 -12.205209 -2.5273974
8.2123842 -14.031314 -2.3334727
8.2954578 -18.002502 -2.2194922
12.98449 -22.184723 -1.7004435
9.7641678 -18.724863 -1.9779669
3.0626068 -5.2726636 -3.0200901
3.9770405 -7.6889048 -2.8694284
5.5227733 -9.5081511 -2.6719472
6.3221312 -12.222723 -2.5281966
8.1678066 -14.06191 -2.334636
8.2290945 -18.015423 -2.2208138
12.930893 -22.262163 -1.7019807
9.7478085 -18.845663 -1.9806148
3.0441835 -5.2833219 -3.020498
3.9501779 -7.7027402 -2.8701129
5.4796844 -9.5102472 -2.6710269
6.2812395 -12.248247 -2.5295093
8.1127157 -14.079995 -2.3352954
8.1579504 -18.025896 -2.2221434
12.894941 -22.37977 -1.7035491
10.15315 -19.798368 -1.9935402
3.0257227 -5.2939162 -3.0209115
3.9250438 -7.7199793 -2.8713124
5.4444928 -9.5258856 -2.6714394
6.2402449 -12.273637 -2.5308344
8.055625 -14.094419 -2.3358243
8.08846 -18.039726 -2.2235813
12.836544 -22.459291 -1.7052293
10.152638 -19.968735 -1.9969814
3.0110242 -5.3111472 -3.0229349
3.8998377 -7.7371349 -2.87252
5.4131575 -9.5482712 -2.6725247
6.1973639 -12.295343 -2.5319471
8.0063763 -14.122452 -2.3369391
8.0254402 -18.067848 -2.2254152
12.762002 -22.510902 -1.7069924
9.6378546 -19.121151 -1.9878631
2.9886904 -5.3149104 -3.0217543
3.8710525 -7.7471919 -2.8727198
5.3739824 -9.5567732 -2.672292
6.1579537 -12.323999 -2.5335224
7.9609289 -14.157246 -2.3383558
7.9543023 -18.077526 -2.2267861
12.657921 -22.510099 -1.7088768
9.5389738 -19.090483 -1.9888128
2.9682431 -5.3219471 -3.0213807
3.8439858 -7.7606578 -2.8734345
5.34444 -9.5823774 -2.6737287
6.1201806 -12.356089 -2.5353363
7.9133987 -14.188422 -2.3396435
7.8927422 -18.108833 -2.2287476
12.57538 -22.547178 -1.7107079
10.006673 -20.202564 -2.0040803
2.9515131 -5.3356457 -3.0226185
3.813416 -7.7669864 -2.8731394
5.3109598 -9.6009741 -2.6745107
6.077014 -12.377377 -2.5364861
7.8715258 -14.229879 -2.3413789
7.8215914 -18.117992 -2.2301466
12.463766 -22.531576 -1.7126499
9.6971359 -19.750671 -1.9998327
2.9291646 -5.3391619 -3.0214515
3.7845643 -7.7767234 -2.8733594
5.279315 -9.62292 -2.6756356
6.0372438 -12.405649 -2.5381005
7.821806 -14.25727 -2.3425524
7.7551675 -18.137859 -2.2318497
12.429183 -22.655409 -1.7143774
9.5792866 -19.684027 -2.0004156
2.9123504 -5.3527379 -3.0226998
3.7556913 -7.7863536 -2.8735862
5.2400255 -9.6308746 -2.6754375
5.9956274 -12.430222 -2.5395014
7.7757921 -14.291472 -2.3440299
7.6887012 -18.157482 -2.233568
12.371003 -22.737213 -1.7162052
9.8118906 -20.342154 -2.0102355
2.892755 -5.3589759 -3.0223236
3.7349279 -7.809381 -2.8758206
5.2099376 -9.6516752 -2.6765404
5.9543753 -12.450035 -2.540628
7.7245808 -14.310179 -2.3448813
7.623827 -18.171865 -2.235106
12.269003 -22.728952 -1.7180933
9.7615814 -20.410543 -2.0125399
2.8740308 -5.369041 -3.0227787
3.7110047 -7.8294592 -2.8775916
5.1818113 -9.6802568 -2.6783612
5.9023819 -12.452815 -2.5406888
7.6689496 -14.326536 -2.34566
7.5588193 -18.194685 -2.2369511
12.185821 -22.764605 -1.720033
9.7090578 -20.484121 -2.0150135
2.8498538 -5.368834 -3.0208251
3.6836522 -7.8423657 -2.8783507
5.1516953 -9.7052689 -2.6798594
5.8588772 -12.473343 -2.5418963
7.6282172 -14.370785 -2.3476171
7.4967775 -18.224646 -2.2390091
12.110025 -22.814054 -1.7219757
9.6307154 -20.503454 -2.0168126
2.8346837 -5.3855667 -3.0228996
3.6579094 -7.8587317 -2.8796279
5.1214671 -9.7301874 -2.6813681
5.8052545 -12.472135 -2.5417473
7.5780072 -14.397325 -2.348861
7.4286075 -18.239637 -2.2406883
12.037748 -22.87031 -1.7239337
9.584321 -20.591164 -2.0195234
2.8105204 -5.3851838 -3.0209546
3.6337404 -7.8785758 -2.8814244
5.0838141 -9.7409973 -2.6815491
5.7683306 -12.506736 -2.5438898
7.5240245 -14.416637 -2.3498263
7.3648934 -18.265457 -2.2426796
11.972611 -22.940489 -1.7259009
9.5190649 -20.638975 -2.0217419
2.7952461 -5.4018035 -3.0230405
3.6045871 -7.8876457 -2.8816953
5.0406981 -9.7411318 -2.6807332
5.7213402 -12.519577 -2.5446742
7.4626884 -14.421619 -2.3502176
7.299614 -18.287355 -2.2445879
11.875957 -22.950245 -1.7279563
9.4453058 -20.668449 -2.0237439
2.7798901 -5.4183822 -3.0251329
3.5721788 -7.8894596 -2.8809497
5.003057 -9.7516356 -2.6809297
5.6841512 -12.55393 -2.5468435
7.4141178 -14.45112 -2.3516481
7.2313452 -18.301611 -2.2463109
11.784845 -22.970259 -1.7300185
9.3731031 -20.701292 -2.0258121
2.7574675 -5.4211855 -3.0240073
3.5430133 -7.8983016 -2.8812332
4.9761553 -9.7831297 -2.6831479
5.641921 -12.577315 -2.5483389
7.3546157 -14.459188 -2.3522091
7.1529131 -18.289648 -2.2473435
11.702786 -23.007696 -1.7320845
9.2958927 -20.722973 -2.0277541
2.7385263 -5.430779 -3.0244987
3.512234 -7.9034534 -2.881011
4.9419742 -9.8004417 -2.6840343
5.594758 -12.589682 -2.5491574
7.3040967 -14.484774 -2.3535194
7.0990868 -18.340508 -2.250102
11.658332 -23.119669 -1.7341168
9.2024488 -20.707937 -2.0292239
2.7178311 -5.4368591 -3.0241885
3.4830451 -7.9120746 -2.8813074
4.9059677 -9.8140955 -2.6845942
5.5507793 -12.609134 -2.5504463
7.2481585 -14.499509 -2.3543997
7.0378737 -18.372614 -2.2523751
11.604323 -23.213758 -1.7361958
9.1381416 -20.758175 -2.0315905
2.7022567 -5.4532161 -3.0263038
3.4585409 -7.931376 -2.8831499
4.8734345 -9.8347034 -2.6858358
5.5035591 -12.621159 -2.5512857
7.2027979 -14.535412 -2.3561816
6.9765224 -18.404516 -2.2546663
11.514362 -23.236248 -1.7383463
9.0704069 -20.800911 -2.0338807
2.6866012 -5.4695301 -3.0284259
3.4323893 -7.947 -2.8844874
4.8373322 -9.8481073 -2.6864135
5.4578958 -12.636649 -2.5523663
7.1414957 -14.539049 -2.356642
6.9122353 -18.428759 -2.2567708
11.396237 -23.201086 -1.7405424
8.9756107 -20.781204 -2.0353417
2.6674931 -5.4788747 -3.028939
3.4077144 -7.966146 -2.8863471
4.8081183 -9.8755932 -2.6883492
5.4153142 -12.659272 -2.5539203
7.0785155 -14.538856 -2.3569629
6.8492522 -18.456507 -2.2589941
11.161474 -22.925013 -1.7428336
8.8983145 -20.801413 -2.0373654
2.6450038 -5.4812145 -3.0278413
3.376826 -7.9707694 -2.8861582
4.7770524 -9.899436 -2.6899586
5.3695436 -12.674445 -2.5550232
7.0294509 -14.56706 -2.3584876
6.779294 -18.465347 -2.2607188
11.233989 -23.280081 -1.7449175
8.8614187 -20.916779 -2.0407271
2.6258547 -5.4904141 -3.0283642
3.3444297 -7.9716573 -2.8854606
4.7390571 -9.9089203 -2.690227
5.329874 -12.704087 -2.5570652
6.9751272 -14.584332 -2.3595779
6.7147956 -18.488899 -2.2628708
11.176761 -23.369551 -1.7471296
8.7235718 -20.793179 -2.0407975
2.610244 -5.5021162 -3.0296478
3.3253944 -7.9966111 -2.8882878
4.7079039 -9.9237595 -2.6910844
5.294508 -12.73176 -2.558985
6.9360938 -14.620545 -2.3614397
6.6580267 -18.513651 -2.264925
11.072503 -23.339657 -1.7491571
8.679637 -20.872015 -2.0435197
2.5926604 -5.5146804 -3.0309899
3.2959661 -8.0045443 -2.8886328
4.6782784 -9.9508629 -2.6930616
5.2515426 -12.753834 -2.5605876
6.8782463 -14.630272 -2.3622551
6.5866876 -18.518021 -2.2665856
10.899285 -23.183165 -1.7514166
8.6203861 -20.935366 -2.0462334
2.5756829 -5.5311303 -3.0331743
3.2651258 -8.0129385 -2.8890278
4.6401067 -9.9643612 -2.6937435
5.2137465 -12.795045 -2.5634389
6.8245769 -14.655384 -2.3637557
6.5068808 -18.508219 -2.2679486
10.807504 -23.20849 -1.7537929
8.5375776 -20.952053 -2.0484064
2.5531325 -5.5330915 -3.0320997
3.2356687 -8.020648 -2.8893864
4.6052971 -9.9804964 -2.6947248
5.170537 -12.816845 -2.565069
6.7717142 -14.675508 -2.3650479
6.4291601 -18.4932 -2.2691047
10.739802 -23.275057 -1.7560847
8.4807987 -21.022396 -2.0512736
2.5363722 -5.5450301 -3.0334313
3.2075977 -8.0276918 -2.8897069
4.577107 -10.006495 -2.6966848
5.1324224 -12.844974 -2.5671089
6.7230105 -14.697882 -2.3664317
6.3781614 -18.54455 -2.2720604
10.6526 -23.288771 -1.7582725
8.4228725 -21.080021 -2.0538931
2.5185916 -5.5573583 -3.0347962
3.1809995 -8.0424871 -2.8911116
4.5405197 -10.018811 -2.6973455
5.089015 -12.866501 -2.568764
6.6683826 -14.714014 -2.3675978
6.3146725 -18.570469 -2.2744067
10.604186 -23.398499 -1.760631
8.3536386 -21.120415 -2.056385
2.496021 -5.5590887 -3.0337348
3.1529055 -8.0535421 -2.8920071
4.5006618 -10.023785 -2.6973338
5.0426226 -12.880492 -2.5699615
6.6137209 -14.729948 -2.3687763
6.2485394 -18.588627 -2.276556
10.594358 -23.595545 -1.7630693
8.2696867 -21.123459 -2.0583587
2.4766014 -5.5677676 -3.0342991
3.1261921 -8.0681562 -2.8934274
4.4704642 -10.050267 -2.699374
4.9961982 -12.894316 -2.5711696
6.5622644 -14.752944 -2.3702719
6.1798491 -18.598984 -2.278506
10.513554 -23.636028 -1.7654673
8.2088671 -21.185654 -2.0612156
2.4561779 -5.576807 -3.0348973
3.0965996 -8.0795603 -2.8943832
4.4320049 -10.062966 -2.7001126
4.9588447 -12.938478 -2.5743473
6.5049415 -14.769616 -2.3715515
6.0917678 -18.560965 -2.2791846
10.499228 -23.838732 -1.7681239
8.1268816 -21.204432 -2.063561
2.4366958 -5.5853467 -3.0354724
3.0642047 -8.0793171 -2.8937449
4.3905296 -10.063886 -2.6997843
4.9150577 -12.959418 -2.5760531
6.451755 -14.788587 -2.3729212
6.0429134 -18.631365 -2.2828853
10.385633 -23.805744 -1.7705255
8.0584698 -21.24758 -2.0661905
2.4181614 -5.5933962 -3.0360234
3.0360181 -8.085763 -2.8941031
4.3634067 -10.0929 -2.7021446
4.8748465 -12.983075 -2.5779333
6.3979464 -14.798949 -2.3739192
5.9823146 -18.655094 -2.2851946
10.365224 -23.975573 -1.7729973
7.9795594 -21.251791 -2.0681632
11.908949 -24.223515 -1.5822614
2.4001374 -5.6053443 -3.0374212
3.0118716 -8.1073408 -2.8965914
4.3250365 -10.100805 -2.7025158
4.8308773 -13.003733 -2.5796635
6.3415499 -14.810225 -2.3750052
5.9087358 -18.649286 -2.2867644
10.262618 -23.96759 -1.7754606
7.9053254 -21.279516 -2.0706074
2.3780742 -5.6105571 -3.0372283
2.9834898 -8.1220074 -2.8980966
4.2879877 -10.116589 -2.7036333
4.7845535 -13.025076 -2.5814812
6.2825718 -14.822384 -2.3761806
5.8379679 -18.663216 -2.2890077
10.18405 -24.027086 -1.778137
7.8300304 -21.315832 -2.0733068
2.3559599 -5.607347 -3.0353243
2.955277 -8.1239681 -2.8979073
4.2623072 -10.144585 -2.7059712
4.7449665 -13.043773 -2.5830841
6.2421355 -14.856712 -2.3782151
5.7722435 -18.658634 -2.2904718
9.7344694 -23.168707 -1.7793489
7.7562118 -21.321596 -2.0752559
2.3373687 -5.6234655 -3.0376108
2.9253879 -8.1389475 -2.8994753
4.2248406 -10.164527 -2.7075069
4.698873 -13.073097 -2.5854807
6.1850438 -14.880571 -2.3799615
5.6993942 -18.676853 -2.2929709
9.6500301 -23.216967 -1.7820871
7.656754 -21.302446 -2.0772581
2.3196902 -5.6307807 -3.0381556
2.8998039 -8.148097 -2.9003391
4.1928868 -10.177749 -2.7084913
4.6591096 -13.091533 -2.5871065
6.141294 -14.907284 -2.3817139
5.6326375 -18.667976 -2.2943432
9.5010471 -23.062696 -1.7840725
7.5978127 -21.348932 -2.0798652
2.3000216 -5.6388435 -3.0387654
2.8726473 -8.16187 -2.9018269
4.1573348 -10.192323 -2.7095938
4.6133847 -13.107717 -2.588659
6.0847154 -14.917582 -2.3828607
5.5503836 -18.630268 -2.2950706
9.8017673 -24.030485 -1.7880032
7.5060401 -21.326435 -2.0816395
2.2817671 -5.6504092 -3.0401952
2.8441403 -8.1718464 -2.9028006
4.118773 -10.199442 -2.7100165
4.5715165 -13.134982 -2.5909417
6.0266523 -14.923982 -2.3838623
5.4830732 -18.641888 -2.2972538
9.5968037 -23.764856 -1.7901326
7.4525208 -21.412746 -2.0851235
2.2567544 -5.6480036 -3.0384011
2.8116181 -8.174798 -2.9027855
4.0798955 -10.210798 -2.7108479
4.531086 -13.174163 -2.5940378
5.9733877 -14.949662 -2.38574
5.4158192 -18.665682 -2.2999096
9.6029119 -24.033312 -1.7932825
7.3480554 -21.364519 -2.0866387
2.2380121 -5.6554565 -3.0389946
2.7857571 -8.1877909 -2.9042466
4.0532842 -10.242649 -2.7136471
4.4848175 -13.181603 -2.595068
5.9296317 -14.984179 -2.387939
5.3527937 -18.679712 -2.3021126
9.5745487 -24.194885 -1.7960478
7.2771668 -21.388771 -2.0890894
2.2168522 -5.6596475 -3.0388079
2.7546585 -8.1900291 -2.9041941
4.0175056 -10.256736 -2.714787
4.4387774 -13.197178 -2.5966692
5.87149 -14.989977 -2.3889763
5.2962265 -18.728941 -2.3054724
9.5264177 -24.321047 -1.7989229
7.2177124 -21.459385 -2.0924087
2.2012599 -5.6781259 -3.0418911
2.7248156 -8.1958742 -2.904671
3.9831071 -10.274382 -2.7162821
4.3901796 -13.205062 -2.5977986
5.814816 -14.999255 -2.3901818
5.2329578 -18.75499 -2.3081722
9.3448267 -24.104879 -1.8011311
7.1389871 -21.473101 -2.0948484
2.180434 -5.6861553 -3.0425637
2.6935349 -8.2020788 -2.9052043
3.9383478 -10.270459 -2.7157662
4.3467045 -13.236142 -2.6004703
5.7598033 -15.020466 -2.3919582
5.1610155 -18.76252 -2.3104417
9.3021345 -24.25819 -1.8042467
7.0502872 -21.468819 -2.0971313
2.1574638 -5.6825519 -3.0407252
2.6651082 -8.2072353 -2.9056425
3.9000583 -10.272378 -2.7158327
4.3064623 -13.261806 -2.6027517
5.7029014 -15.020893 -2.3927841
5.0799813 -18.71035 -2.3107498
9.2442989 -24.348593 -1.8069997
6.9630451 -21.442787 -2.0988531
2.1379762 -5.6940269 -3.0422246
2.6350102 -8.2169485 -2.9067137
3.8609931 -10.282902 -2.7167177
4.2614632 -13.288837 -2.605211
5.6520042 -15.052864 -2.3950641
4.9949017 -18.667284 -2.3115358
9.1563988 -24.386045 -1.8099298
6.892931 -21.49474 -2.1020856
2.1194284 -5.7050662 -3.0436974
2.6051264 -8.2223568 -2.9072156
3.8250754 -10.296317 -2.7179003
4.216248 -13.307413 -2.607116
5.5994248 -15.072502 -2.3967953
9.0712194 -24.41786 -1.8127344
6.8323064 -21.564274 -2.1055229
2.0981722 -5.7088141 -3.0435393
2.5764089 -8.2314005 -2.9082496
3.7932012 -10.320736 -2.7201369
4.1756968 -13.340985 -2.6100082
5.5467777 -15.091957 -2.3985395
4.862452 -18.693993 -2.3163493
8.9735413 -24.415668 -1.8154714
6.695066 -21.39015 -2.1049621
2.0802269 -5.7153778 -3.0441375
2.5493767 -8.2357082 -2.9086592
3.7607584 -10.332602 -2.7212181
4.1384573 -13.369201 -2.6125028
5.5047779 -15.124258 -2.4007628
4.835393 -18.832619 -2.3223829
8.9240866 -24.518732 -1.8182347
6.6231174 -21.395844 -2.107142
2.0602643 -5.7226038 -3.0448067
2.5229073 -8.252058 -2.9107599
3.7219918 -10.338229 -2.72173
4.0940866 -13.391153 -2.614691
5.4506049 -15.139637 -2.4023731
4.7735353 -18.864826 -2.3254282
8.8181725 -24.493416 -1.8209457
6.5728717 -21.498896 -2.1112018
2.0418589 -5.7373748 -3.0471544
2.4926448 -8.2612486 -2.9118674
3.6840749 -10.351802 -2.7230093
4.0438313 -13.402268 -2.6162426
5.3950782 -15.159513 -2.4042466
4.6995454 -18.862871 -2.3275602
8.5330086 -23.976717 -1.8223475
6.4502678 -21.377802 -2.1116409
2.0205405 -5.7408338 -3.0470145
2.4615529 -8.2623825 -2.9118729
3.6466057 -10.360869 -2.7238867
3.998157 -13.420107 -2.6182108
5.3421288 -15.178253 -2.4060442
4.630825 -18.867558 -2.3298101
8.7062654 -24.736561 -1.8274422
6.3790202 -21.411648 -2.1145828
2.0040259 -5.7547774 -3.0493062
2.4341409 -8.2704992 -2.9128869
3.6109285 -10.369173 -2.7247105
3.9491518 -13.418064 -2.6188731
5.295691 -15.20715 -2.4082513
4.5663605 -18.875069 -2.3320596
8.5677614 -24.603256 -1.8297281
6.3316216 -21.513002 -2.118582
1.9804132 -5.7547998 -3.0483894
2.4005306 -8.2680645 -2.9124277
3.5728991 -10.382339 -2.726017
3.9032648 -13.44388 -2.621443
5.2399182 -15.22646 -2.4101675
4.4962268 -18.887804 -2.3347042
8.5398531 -24.815601 -1.8334287
6.2816315 -21.635607 -2.1232278
1.958836 -5.7540426 -3.0474067
2.3752611 -8.2835197 -2.9145122
3.5422714 -10.405354 -2.7282619
3.859755 -13.460566 -2.623358
5.1919599 -15.25128 -2.4122403
4.4290204 -18.883224 -2.3366179
8.3945045 -24.658693 -1.8356408
6.2109485 -21.660151 -2.125978
1.9387392 -5.7608452 -3.0481052
2.3441968 -8.2842131 -2.9145396
3.5021474 -10.406417 -2.7284698
3.8127465 -13.473956 -2.6251247
5.1361556 -15.261772 -2.4137647
4.364872 -18.90633 -2.3395183
8.2867441 -24.623554 -1.8384069
6.1135941 -21.604977 -2.1274848
1.9176106 -5.7679129 -3.0488441
2.3138165 -8.2927504 -2.9156873
3.4652276 -10.422935 -2.7301569
3.7601352 -13.476376 -2.6262469
5.0776725 -15.27295 -2.4153941
4.2973075 -18.929968 -2.3425703
8.2644129 -24.858234 -1.8423151
6.0665069 -21.742443 -2.1324987
1.8998708 -5.7818894 -3.0511985
2.2838154 -8.2969923 -2.9162564
3.4238894 -10.419946 -2.7300267
3.7130728 -13.489417 -2.6280348
5.0280547 -15.301912 -2.4177647
4.2346783 -18.960402 -2.3457494
8.1838217 -24.90588 -1.8454415
5.9651852 -21.671236 -2.1337545
1.8771156 -5.7771678 -3.0494075
2.2593739 -8.315877 -2.9189019
3.3917592 -10.438761 -2.7319565
3.6714404 -13.513144 -2.6304913
4.9760542 -15.314721 -2.4193957
4.1666479 -18.951002 -2.3475878
8.1184483 -24.986013 -1.8485721
5.882834 -21.652424 -2.1358163
1.8592931 -5.7910204 -3.0517728
2.2293167 -8.3199234 -2.9194844
3.3553002 -10.450537 -2.7332535
3.6201396 -13.510546 -2.6313033
4.9189186 -15.320638 -2.4208024
4.1055207 -18.988785 -2.3510454
7.999465 -24.915419 -1.8512802
5.795866 -21.630468 -2.1379604
1.8390678 -5.7974749 -3.0524964
2.2002618 -8.3276548 -2.9206049
3.3188014 -10.462185 -2.7345595
3.5749855 -13.530772 -2.6336234
4.867816 -15.345297 -2.4230487
4.041698 -19.014687 -2.3541534
7.9281325 -24.992634 -1.8545983
5.7356043 -21.708384 -2.1419146
1.8198324 -5.8035417 -3.0531886
2.1736233 -8.3387012 -2.9222088
3.2793589 -10.458048 -2.73439
3.5280933 -13.534874 -2.6348619
4.8157125 -15.35756 -2.4247141
3.9786198 -19.027987 -2.3567693
7.7998419 -24.874105 -1.8569664
5.6394491 -21.634697 -2.143029
1.7995636 -5.8098583 -3.0539217
2.1415749 -8.3348398 -2.9217424
3.2404954 -10.46188 -2.7350011
3.4758904 -13.527891 -2.635447
4.7667823 -15.389469 -2.4273221
3.9145823 -19.053461 -2.3599112
7.4780264 -24.14267 -1.8567907
5.5926695 -21.766228 -2.1480134
1.778145 -5.8124218 -3.0538344
2.1134298 -8.3460684 -2.9234161
3.2004867 -10.46179 -2.7352638
3.4305944 -13.547635 -2.6378
4.7153587 -15.413622 -2.4296119
3.83938 -19.024067 -2.3613183
7.3668561 -24.080868 -1.8594632
5.5323129 -21.847454 -2.1521239
1.7546031 -5.8115244 -3.0529621
2.083775 -8.357563 -2.9251549
3.1632638 -10.477232 -2.7370234
3.3751583 -13.537017 -2.6382408
4.6576848 -15.426992 -2.4315116
3.7533839 -18.955967 -2.3616092
7.4353976 -24.627218 -1.8650968
5.2419457 -21.024292 -2.1396925
1.7364228 -5.821002 -3.0544977
2.0541763 -8.3568087 -2.9251809
3.1262431 -10.48009 -2.7375889
3.3330905 -13.559694 -2.640775
4.6065016 -15.442354 -2.4333942
3.7057147 -19.046497 -2.3667922
7.4700346 -25.041763 -1.8699521
5.378705 -21.88167 -2.1580729
1.7171812 -5.8307233 -3.0560763
2.0259159 -8.3677416 -2.9268763
3.0907578 -10.49473 -2.7392993
3.2829366 -13.559677 -2.6418965
4.5548167 -15.465971 -2.4357262
3.6489174 -19.110174 -2.3712637
7.3724308 -25.033237 -1.8730181
5.301352 -21.896441 -2.1610363
1.6957986 -5.836978 -3.0568714
1.9988686 -8.3903732 -2.9302461
3.0522714 -10.505988 -2.74073
3.229537 -13.556179 -2.6428661
4.4958797 -15.474922 -2.4374962
3.5803149 -19.131247 -2.374505
7.3062329 -25.148222 -1.8768719
5.219213 -21.907965 -2.1640964
1.67329 -5.8354568 -3.0559776
1.9668813 -8.3858433 -2.9298117
3.013401 -10.50898 -2.7413857
3.1767607 -13.544191 -2.6432393
4.4385467 -15.479053 -2.439007
3.5142317 -19.147545 -2.3774934
7.2140055 -25.158232 -1.8800765
5.1363354 -21.898882 -2.1666508
1.6539303 -5.8409734 -3.056705
1.93818 -8.3884983 -2.9303961
2.9828439 -10.534127 -2.7441297
3.1354034 -13.570115 -2.6460705
4.392611 -15.51282 -2.4417884
3.4429529 -19.115978 -2.3788085
7.1533704 -25.26264 -1.8836356
5.0717673 -21.950754 -2.1702471
1.6335312 -5.8467107 -3.0574756
1.9062775 -8.3837376 -2.9299695
2.9460542 -10.544474 -2.7455194
3.0924141 -13.600323 -2.6492677
4.3362932 -15.520396 -2.4434929
3.3748195 -19.120035 -2.3814323
7.0329304 -25.172161 -1.8863491
4.9632916 -21.828371 -2.1706629
1.6131121 -5.8523774 -3.0582509
1.8778573 -8.3941689 -2.9316993
2.9092288 -10.554694 -2.7469175
3.0431886 -13.603291 -2.6506884
4.281033 -15.531605 -2.4453797
3.3175573 -19.186642 -2.3861463
6.9227533 -25.115778 -1.8892426
4.8818431 -21.82222 -2.1733136
1.5916637 -5.8542557 -3.0582008
1.8460165 -8.3891802 -2.9312813
2.8723695 -10.564785 -2.7483244
2.9939811 -13.606079 -2.6521177
4.2215762 -15.527267 -2.4465902
3.2558837 -19.229521 -2.3901081
6.8455124 -25.178297 -1.8928066
4.8219204 -21.913107 -2.17787
1.5712188 -5.859776 -3.0589852
1.8167214 -8.3955736 -2.9324849
2.8313792 -10.559477 -2.7482977
2.9439511 -13.604814 -2.6532981
4.1683807 -15.545752 -2.448843
3.1874375 -19.23291 -2.3927834
6.7720494 -25.255995 -1.8964905
4.7453995 -21.929806 -2.1810138
1.5507545 -5.8652248 -3.0597744
1.7865882 -8.3980284 -2.9331548
2.7975328 -10.580759 -2.7508028
2.8947918 -13.607244 -2.6547439
4.1140895 -15.560206 -2.4509366
3.1177323 -19.228193 -2.3952074
6.7001662 -25.3412 -1.9002547
4.653059 -21.872147 -2.1827128
1.5322145 -5.8780565 -3.0622308
1.7564596 -8.4003744 -2.9338305
2.7615788 -10.594285 -2.7525964
2.8480873 -13.621151 -2.6569724
4.0557361 -15.559078 -2.4523487
3.0487223 -19.227158 -2.397773
6.619719 -25.395323 -1.9038702
4.5758657 -21.884354 -2.1858027
1.5127143 -5.8831048 -3.0629904
1.7278039 -8.4023094 -2.9344501
2.7215114 -10.584244 -2.7521551
2.8037028 -13.634406 -2.6591134
4.0100613 -15.59555 -2.4554026
2.9873908 -19.252905 -2.4011302
6.2940059 -24.47805 -1.9013885
4.5024681 -21.895502 -2.1887486
1.4902767 -5.8808823 -3.0621297
1.6992403 -8.4121351 -2.9362195
2.6855195 -10.597511 -2.7539642
2.7505929 -13.616884 -2.6592896
3.9575515 -15.617164 -2.4578831
2.9243453 -19.290779 -2.4050553
6.4623919 -25.501684 -1.9110131
4.4173279 -21.868099 -2.1910827
1.4688063 -5.8823113 -3.0621047
1.6713921 -8.4257088 -2.9385386
2.6465957 -10.599153 -2.7546935
2.7007277 -13.614726 -2.6605084
3.898196 -15.611591 -2.4591532
2.8564065 -19.296932 -2.4079306
6.157764 -24.660767 -1.9089912
4.3471718 -21.914669 -2.194926
1.448264 -5.8874021 -3.0629168
1.6404712 -8.4237928 -2.9386952
2.6095815 -10.608325 -2.7561567
2.6562207 -13.639649 -2.6635578
3.8446276 -15.628965 -2.4614837
2.786752 -19.291016 -2.4104149
6.2775269 -25.519053 -1.9178623
4.2897005 -22.02754 -2.200151
1.4267972 -5.8886781 -3.0628994
1.6095836 -8.4217615 -2.9388561
2.5716043 -10.613527 -2.7572641
2.605613 -13.633248 -2.6645336
3.7891114 -15.638424 -2.4634757
2.7160618 -19.276962 -2.4126377
6.2015648 -25.595102 -1.921764
4.2247577 -22.105036 -2.2046988
1.4072615 -5.8933773 -3.063679
1.5823704 -8.4309082 -2.9405901
2.5363941 -10.621998 -2.7586694
2.5603888 -13.641815 -2.66646
3.7400022 -15.662508 -2.4660759
2.6548345 -19.305592 -2.4162097
6.1092391 -25.58448 -1.9249419
4.1529012 -22.12676 -2.2079842
1.3847712 -5.8947453 -3.0637107
1.5514599 -8.4366512 -2.9419127
2.501966 -10.65046 -2.7620575
2.5089381 -13.643302 -2.6680756
3.6807539 -15.668369 -2.468025
2.5814192 -19.295454 -2.4187417
6.0181661 -25.618351 -1.928785
4.066009 -22.110466 -2.2108033
1.3650541 -5.9032969 -3.0653758
1.5240884 -8.4535961 -2.944814
2.4647734 -10.659129 -2.7635565
2.4612982 -13.651977 -2.6701233
3.6269343 -15.684998 -2.4704077
2.5181646 -19.335945 -2.4229121
5.9161186 -25.584776 -1.9320059
3.9697046 -22.018589 -2.2119052
1.3454703 -5.9077911 -3.0661688
1.4933141 -8.4431543 -2.9438422
2.4276569 -10.659536 -2.7642558
2.4146304 -13.652249 -2.6715512
3.5784323 -15.712446 -2.4732275
2.4525256 -19.332336 -2.425436
5.8126349 -25.522551 -1.9348547
3.909858 -22.10622 -2.2166286
1.3229671 -5.9089236 -3.0662136
1.4616904 -8.444706 -2.9446383
2.3877091 -10.664506 -2.7654791
2.3639011 -13.657098 -2.6734574
3.523428 -15.737101 -2.4761078
2.3836021 -19.357006 -2.4292488
5.7321315 -25.602093 -1.9390906
3.8240514 -22.092905 -2.2195594
1.3023329 -5.9135051 -3.0670571
1.4335147 -8.4574909 -2.9470158
2.3504684 -10.672776 -2.7670014
2.3128986 -13.645704 -2.674211
3.4684734 -15.749304 -2.4783545
2.3164911 -19.369164 -2.4325082
5.6332874 -25.579077 -1.9424254
3.7462425 -22.102188 -2.2228353
1.2824982 -5.9217806 -3.068743
1.4033418 -8.4585733 -2.9477601
2.3131988 -10.680916 -2.7685323
2.2652519 -13.653695 -2.676295
3.4134767 -15.761314 -2.4806135
2.2497838 -19.385042 -2.4359229
5.5236945 -25.50499 -1.9453815
3.671026 -22.12693 -2.2264643
1.2626222 -5.9299884 -3.0704346
1.3731793 -8.459549 -2.9485095
2.2767253 -10.69279 -2.7704399
2.2188504 -13.669353 -2.6789207
3.359268 -15.777023 -2.4830651
2.1803243 -19.376949 -2.4385116
5.405549 -25.387518 -1.9479977
3.5956841 -22.151413 -2.2301133
1.2395471 -5.9230494 -3.0687771
1.3442554 -8.4681644 -2.9503613
2.2410045 -10.70841 -2.7727261
2.1692536 -13.665258 -2.6802273
3.3049879 -15.792547 -2.4855301
2.1092176 -19.352764 -2.4405451
5.3643003 -25.632761 -1.9534611
3.5139611 -22.136269 -2.2329257
1.2188648 -5.9273396 -3.0696385
1.312283 -8.4573021 -2.9494743
2.2020199 -10.708424 -2.7735443
2.1203241 -13.664904 -2.6818068
3.2546492 -15.827359 -2.4889164
2.0429058 -19.371893 -2.44414
5.3093548 -25.819391 -1.9585389
3.4287245 -22.097185 -2.2352281
1.2010012 -5.9349146 -3.0712574
1.2857068 -8.4613829 -2.9506567
2.1699352 -10.723037 -2.7756925
2.0767875 -13.667576 -2.6834495
3.2033319 -15.829711 -2.490633
1.9783895 -19.342558 -2.4457262
3.3622811 -22.127554 -2.2387512
1.1782038 -5.9394822 -3.0722153
1.2532078 -8.4662571 -2.9521084
2.1272075 -10.723536 -2.7766817
2.0225492 -13.663672 -2.6849897
3.1471691 -15.865298 -2.4942846
1.9048846 -19.357939 -2.4495242
5.1281953 -25.851915 -1.9660709
3.2761247 -22.132414 -2.2423725
1.1582009 -5.9473405 -3.0739319
1.2236482 -8.4705801 -2.9534347
2.090519 -10.734776 -2.7786341
1.9754103 -13.674577 -2.6873989
3.0917711 -15.876188 -2.4966235
1.8399361 -19.392223 -2.4537382
5.00284 -25.689493 -1.9683591
3.1914406 -22.092421 -2.2446935
1.1377485 -5.9473643 -3.0739269
1.194456 -8.4668236 -2.9535971
2.0571373 -10.753296 -2.7812598
1.930607 -13.684982 -2.6897118
3.0398538 -15.89026 -2.4990408
1.7741666 -19.382353 -2.4562259
4.9266195 -25.75297 -1.9723769
3.1042385 -22.004192 -2.2457764
1.1169813 -5.9513001 -3.0748115
1.163825 -8.463171 -2.95383
2.0188594 -10.756526 -2.7824867
1.8828253 -13.691638 -2.6918731
2.9828999 -15.892956 -2.5010352
1.7040536 -19.360657 -2.4584484
4.8241816 -25.703342 -1.9756249
2.9931927 -21.766071 -2.2436218
1.0955031 -5.9513745 -3.0748582
1.1337548 -8.4632921 -2.9546192
1.9805839 -10.759621 -2.7837205
1.8329132 -13.682394 -2.6929615
2.9274046 -15.903271 -2.5034096
1.6384739 -19.390299 -2.4625676
4.7257614 -25.672932 -1.9790469
2.9145491 -21.756626 -2.2466238
1.0747226 -5.9551625 -3.0757513
1.1047137 -8.4710894 -2.9565203
1.9430146 -10.766468 -2.7853351
1.7820641 -13.665101 -2.693512
2.8704629 -15.905566 -2.5054247
1.5707805 -19.395901 -2.4658306
4.5992684 -25.485077 -1.9810572
2.8370419 -21.75481 -2.2498162
1.0539286 -5.958878 -3.0766487
1.0756305 -8.4787836 -2.9584286
1.9040438 -10.765401 -2.7862093
1.7353514 -13.679111 -2.6962407
2.8149242 -15.91549 -2.5078218
1.501528 -19.381409 -2.4683726
4.525569 -25.58742 -1.9856905
2.7645977 -21.792265 -2.2539332
1.0331217 -5.9625206 -3.0775509
1.0460273 -8.4824867 -2.9597898
1.8664536 -10.771982 -2.7878389
1.6880772 -13.689023 -2.6987092
2.7668202 -15.968324 -2.5122857
1.430927 -19.346817 -2.4701831
4.4464431 -25.662039 -1.9901128
2.7002218 -21.896746 -2.2596366
1.0129471 -5.9698873 -3.0793021
1.0164123 -8.4860868 -2.9611568
1.8301643 -10.786224 -2.7902274
1.6388688 -13.683014 -2.7000959
2.7097342 -15.970042 -2.5143387
1.3633869 -19.351694 -2.4734762
4.3955564 -25.905577 -1.9961721
2.6351519 -22.001041 -2.2653861
0.99147016 -5.9695878 -3.0793684
0.9858771 -8.4817905 -2.9614184
1.7912054 -10.78475 -2.7911224
1.5897198 -13.676826 -2.7014887
2.6513627 -15.963711 -2.5160253
1.2955595 -19.352362 -2.4766338
4.3214426 -26.019171 -2.0010729
2.5703022 -22.113066 -2.2713687
0.97166932 -5.9728427 -3.0802379
0.95774567 -8.485013 -2.9627273
1.7560676 -10.794532 -2.7930698
1.543468 -13.674138 -2.7030504
2.5964959 -15.960637 -2.5177848
1.2301149 -19.336676 -2.4790385
4.2325754 -26.017603 -2.0047095
2.5170827 -22.29974 -2.2790012
0.95037562 -5.9801674 -3.0820501
0.92749131 -8.4962645 -2.9652951
1.7158713 -10.796991 -2.7944381
1.4907554 -13.656034 -2.7037416
2.5379796 -15.970046 -2.5203655
1.1578044 -19.317204 -2.481631
4.1559753 -26.151165 -2.0100865
2.4340348 -22.296926 -2.282537
0.9283126 -5.9758358 -3.0812807
0.8978281 -8.4994507 -2.9666865
1.6787791 -10.806822 -2.7964857
1.442661 -13.65721 -2.7057021
2.4797766 -15.963091 -2.5220764
1.0896939 -19.309198 -2.4845159
3.9213364 -25.242859 -2.0048587
2.3427875 -22.178419 -2.2831454
0.90686989 -5.9752321 -3.0813611
0.86656106 -8.4869251 -2.9658501
1.6398606 -10.8048 -2.7974074
1.3921595 -13.634531 -2.7060125
2.4228477 -15.963786 -2.5241747
1.0229189 -19.324814 -2.4883196
3.9349883 -25.927057 -2.0156198
2.2471344 -22.007984 -2.2824833
0.88657069 -5.9821711 -3.0831413
0.83731449 -8.4938021 -2.9678099
1.6027128 -10.814368 -2.7994716
1.3453341 -13.647203 -2.7088172
2.3665235 -15.96821 -2.5264738
0.95466721 -19.312355 -2.4910741
3.8292489 -25.838009 -2.0186014
2.2015846 -22.333094 -2.2938285
0.86672866 -5.9850783 -3.0840313
0.80914402 -8.4965315 -2.969147
1.5668429 -10.819624 -2.8010805
1.2981911 -13.63184 -2.7095771
2.3118491 -15.964164 -2.5282745
0.89043796 -19.311438 -2.4941258
3.7298224 -25.755789 -2.0214508
2.1297824 -22.364084 -2.2979259
0.84583139 -5.9880676 -3.0849724
0.78019691 -8.5071163 -2.9716811
1.5279601 -10.817201 -2.8020213
1.2513236 -13.644191 -2.7124009
2.2538841 -15.956384 -2.5300159
0.82336164 -19.322386 -2.4978192
3.6365459 -25.744946 -2.0252483
2.0495193 -22.347563 -2.3010595
0.8238737 -5.9833512 -3.0842175
0.75049758 -8.5097885 -2.9731014
1.4891143 -10.814636 -2.8029675
1.2029929 -13.640571 -2.7141211
2.1976311 -15.960214 -2.5323424
0.75544363 -19.313202 -2.5007555
3.4503183 -25.057806 -2.0217581
1.9701004 -22.338697 -2.3043971
0.80247068 -5.9823732 -3.0843153
0.71979523 -8.5006304 -2.9728427
1.4518805 -10.823686 -2.8050637
1.1553707 -13.644687 -2.7164073
2.1403201 -15.955965 -2.5342925
0.68773943 -19.307762 -2.5038559
3.3649511 -25.085518 -2.0259042
1.8904294 -22.325575 -2.3076463
0.78208196 -5.9889574 -3.0861192
0.69043517 -8.5070009 -2.9748352
1.4125541 -10.816931 -2.8056407
1.1074135 -13.644681 -2.7184227
2.0825498 -15.947564 -2.5360563
0.62021017 -19.306065 -2.5071223
3.2716811 -25.053587 -2.0294144
1.814099 -22.351906 -2.3119013
0.76214319 -5.9992933 -3.0887804
0.66104031 -8.5132694 -2.976835
1.3747883 -10.821795 -2.8073697
1.0576288 -13.620771 -2.71876
2.0253675 -15.942901 -2.5380213
0.55247527 -19.296169 -2.5100865
3.3038943 -26.006964 -2.0440276
1.7360671 -22.358103 -2.3156765
0.74025214 -5.9942713 -3.0880382
0.63131821 -8.5155239 -2.9782784
1.3365189 -10.822605 -2.8087232
1.009195 -13.612509 -2.7202241
1.9677521 -15.934084 -2.539799
0.48511297 -19.297979 -2.5135314
3.2429221 -26.259911 -2.0509596
1.6588932 -22.375952 -2.3197703
0.7199114 -5.9928689 -3.0881023
0.60279995 -8.5136595 -2.9790907
1.3006234 -10.826979 -2.81038
0.96376956 -13.611822 -2.7221425
1.9134803 -15.928678 -2.5416501
0.42068303 -19.279573 -2.5160255
3.1539216 -26.254673 -2.054796
1.5756743 -22.254074 -2.3201339
0.69943386 -5.9991708 -3.0899258
0.57228768 -8.5039711 -2.9788499
1.2632797 -10.835378 -2.812516
0.91678208 -13.623022 -2.7250335
1.8597088 -15.951058 -2.5450132
0.35352758 -19.288889 -2.519809
3.0608695 -26.25363 -2.0589037
1.4963766 -22.235571 -2.3233206
0.677441 -6.0016942 -3.0909488
0.54136401 -8.5099249 -2.9809465
1.2226707 -10.83208 -2.8135934
0.86608899 -13.614411 -2.7266347
1.8003403 -15.949864 -2.5473392
0.28282753 -19.290056 -2.523463
2.9632812 -26.252777 -2.0632401
1.417653 -22.284674 -2.3284576
0.65774375 -6.0155106 -3.0944929
0.51142108 -8.5078487 -2.9818449
1.1844237 -10.832355 -2.8149741
0.81975234 -13.637156 -2.7303998
1.7424942 -15.936286 -2.5489507
0.21544831 -19.286945 -2.5267956
2.8724937 -26.270895 -2.0676169
1.3403369 -22.297445 -2.3325002
0.6369797 -6.0099974 -3.0937173
0.48342717 -8.5134125 -2.983808
1.1501615 -10.851943 -2.8182049
0.77452475 -13.639797 -2.7326379
1.6887989 -15.934067 -2.5510323
0.1513634 -19.27162 -2.5294816
2.7811537 -26.240595 -2.0712192
1.2684218 -22.337587 -2.3370993
0.61481905 -6.000689 -3.0921361
0.45391539 -8.5189667 -2.9858515
1.1110653 -10.844096 -2.8188272
0.72669673 -13.638456 -2.7347169
1.6323572 -15.931952 -2.5532529
0.084021911 -19.2561 -2.5323491
1.1900163 -22.333918 -2.3407614
0.59462726 -6.0104647 -3.09484
0.42378563 -8.5126638 -2.9861972
1.0728163 -10.843976 -2.8202286
0.67869037 -13.632984 -2.736517
1.5763423 -15.933595 -2.5556817
0.016811507 -19.264242 -2.5361969
2.5829642 -26.10848 -2.0779743
1.1124451 -22.3459 -2.3448594
0.57364374 -6.0125036 -3.0958357
0.39388773 -8.5101728 -2.9871149
1.0338318 -10.835851 -2.8208597
0.62999874 -13.611488 -2.7371752
1.51996 -15.931083 -2.55792
-0.050400231 -19.252237 -2.5392444
2.490299 -26.101448 -2.0820973
1.0324111 -22.305841 -2.3475904
0.55335671 -6.0221405 -3.098552
0.36434573 -8.5154152 -2.9891763
0.99563813 -10.835456 -2.8222725
0.58231032 -13.609639 -2.7392733
1.4650664 -15.94421 -2.5609715
-0.11775152 -19.275837 -2.5437744
2.3907716 -26.018591 -2.0852647
0.95505083 -22.321257 -2.3518219
0.53304428 -6.0201063 -3.0986481
0.33610621 -8.5165758 -2.9905994
0.95935321 -10.834763 -2.823601
0.53717691 -13.611495 -2.7415476
1.4118359 -15.945021 -2.563298
-0.18140766 -19.247465 -2.5460083
2.3090546 -26.078047 -2.0900619
0.88102728 -22.324301 -2.3555522
0.51137406 -6.0142536 -3.0979376
0.30665752 -8.5255375 -2.9932449
0.92152673 -10.838045 -2.8254163
0.48980296 -13.617253 -2.7442398
1.3558315 -15.945889 -2.5657673
-0.24838758 -19.230783 -2.5489175
2.2227435 -26.141611 -2.0951636
0.80166197 -22.287399 -2.3584077
0.49037716 -6.0160017 -3.0989492
0.27664113 -8.5187149 -2.9936121
0.88336796 -10.837256 -2.8268483
0.44200891 -13.610948 -2.7460725
1.2991921 -15.938632 -2.5678401
-0.31577587 -19.245728 -2.5531609
2.1337473 -26.177048 -2.0999315
0.72528231 -22.333893 -2.3635583
0.4696745 -6.0215173 -3.1008258
0.24667712 -8.5117874 -2.9939816
0.84584177 -10.844214 -2.8290696
0.39403662 -13.596542 -2.7473304
1.2435493 -15.943071 -2.5705309
-0.38263547 -19.22858 -2.5560884
2.0383277 -26.132622 -2.1036532
0.64651167 -22.308392 -2.3667598
0.44865245 -6.0231199 -3.1018462
0.21716359 -8.5204382 -2.9966471
0.80827653 -10.851042 -2.8312998
0.34566319 -13.562135 -2.7471352
1.1872988 -15.939383 -2.5728238
-0.45012638 -19.243055 -2.5603616
1.9485769 -26.159475 -2.1083539
0.56894112 -22.32247 -2.3710728
0.42789769 -6.028492 -3.1037331
0.18759263 -8.5289879 -2.9993207
0.77039409 -10.853797 -2.8331459
0.29849446 -13.571193 -2.7501481
1.1310892 -15.935495 -2.5751255
-0.51729506 -19.241367 -2.5639803
1.8597933 -26.201939 -2.1132991
0.49075395 -22.312363 -2.3747363
0.40633291 -6.0222621 -3.1030369
0.15774697 -8.5256681 -3.0002789
0.73250234 -10.856421 -2.8349991
0.25089979 -13.560251 -2.751709
1.0749211 -15.931412 -2.577435
-0.58385259 -19.21954 -2.5667663
1.7680509 -26.20429 -2.117718
0.41286573 -22.31394 -2.3787467
0.38580117 -6.0313325 -3.1057961
0.12798662 -8.5261669 -3.0018167
0.69359356 -10.843133 -2.8352826
0.20374404 -13.572947 -2.7550352
1.0187972 -15.927127 -2.5797527
-0.65026188 -19.197481 -2.5695567
1.6783553 -26.238176 -2.1226039
0.33485538 -22.307272 -2.3825459
0.36474538 -6.0326424 -3.1068337
0.098223738 -8.5265608 -3.0033603
0.65550101 -10.841543 -2.8367531
0.15636399 -13.573574 -2.7574921
0.96319449 -15.930586 -2.5824931
-0.71712136 -19.191113 -2.5730331
1.5879604 -26.26379 -2.1274035
0.25675616 -22.28837 -2.3860161
0.34601229 -6.0376039 -3.1086357
0.071436912 -8.5268278 -3.0047538
0.62121272 -10.839603 -2.838042
0.11372161 -13.573998 -2.7597108
0.91268849 -15.925594 -2.5845528
-0.77740711 -19.188765 -2.5763245
1.5063576 -26.284586 -2.1317153
0.18636821 -22.245218 -2.3884029
0.017716071 -3.6251876 -3.2502055
0.32431322 -6.0272355 -3.1070859
0.041671053 -8.5270252 -3.0063078
0.58294529 -10.833812 -2.8391275
0.06633684 -13.574312 -2.7621844
0.85516673 -15.892941 -2.5854361
-0.84263533 -19.146147 -2.5782743
1.4156661 -26.309605 -2.1365614
0.10892784 -22.289583 -2.3937211
0.0050417711 -3.6107268 -3.2448699
0.30327281 -6.0283308 -3.108134
0.011895731 -8.5192747 -3.006711
0.54472846 -10.827887 -2.8402174
0.018948907 -13.570494 -2.7643702
0.7994864 -15.891859 -2.5879908
-0.9100281 -19.155025 -2.5824647
1.3220178 -26.278521 -2.1406052
0.031118423 -22.285843 -2.3976812
-0.0082005281 -3.6143463 -3.247066
0.28117576 -6.0294018 -3.1092391
-0.019329205 -8.5192614 -3.0083528
0.50522262 -10.833758 -2.8425999
-0.030807817 -13.578409 -2.7675793
0.74160475 -15.902627 -2.5913236
-0.97880393 -19.12372 -2.5851216
1.223834 -26.243328 -2.144824
-0.050500564 -22.2579 -2.4011607
-0.020226724 -3.6215498 -3.2507005
0.26117975 -6.0303016 -3.1102426
-0.047624134 -8.5269947 -3.0110021
0.46878028 -10.823528 -2.8432081
-0.075857967 -13.582199 -2.7702527
0.68903708 -15.908973 -2.5941808
-1.0404818 -19.088554 -2.5872369
1.1390449 -26.299067 -2.1499782
-0.12442235 -22.277544 -2.4056404
-0.032834932 -3.6178317 -3.2498679
0.24012904 -6.0311766 -3.1113029
-0.077352226 -8.5228548 -3.0119975
0.43084002 -10.82115 -2.844712
-0.12312293 -13.565981 -2.7715685
0.63286877 -15.895384 -2.5961332
-1.1068743 -19.080828 -2.5907602
1.0477158 -26.314846 -2.1547856
-0.20182085 -22.237108 -2.4085782
-0.044787131 -3.6140778 -3.2490027
0.22026786 -6.0357885 -3.1131825
-0.10551772 -8.5147066 -3.0123367
0.39495304 -10.822518 -2.8465261
-0.16835503 -13.585336 -2.775454
0.58000869 -15.89342 -2.5985861
-1.1696557 -19.069103 -2.5939322
0.95942724 -26.29026 -2.1587641
-0.27526507 -22.212395 -2.4117839
-0.057344865 -3.6102748 -3.248172
0.19894345 -6.028821 -3.1125128
-0.13505231 -8.5025215 -3.012176
0.35717267 -10.823831 -2.8484426
-0.21546096 -13.564829 -2.7764816
0.52465743 -15.899322 -2.601613
-1.2351818 -19.049007 -2.5969446
0.86830842 -26.313389 -2.1637323
-0.3528631 -22.21529 -2.4160352
-0.069946826 -3.6100526 -3.2488461
0.17789756 -6.029479 -3.1135843
-0.16473107 -8.5019989 -3.0137632
0.31915483 -10.81711 -2.8495638
-0.26234889 -13.54019 -2.7772102
0.46868569 -15.885157 -2.6035855
-1.3016684 -19.04458 -2.6006713
0.77492177 -26.26441 -2.1675866
-0.43017566 -22.201962 -2.4198222
-0.083892055 -3.6133819 -3.2510943
0.15474473 -6.0301175 -3.1147676
-0.19746621 -8.5052252 -3.0160983
0.27741501 -10.810353 -2.8508825
-0.3137849 -13.515281 -2.7781918
0.40748361 -15.878888 -2.6062744
-1.3739241 -19.027525 -2.6042495
0.67417032 -26.271179 -2.1728046
-0.514404 -22.156307 -2.423068
-0.095243581 -3.6131005 -3.2517056
0.13588624 -6.0344248 -3.1166103
-0.2240822 -8.5006418 -3.0169535
0.24345143 -10.811172 -2.8526244
-0.35582525 -13.498363 -2.7792699
0.35777497 -15.888042 -2.6092625
-1.4336951 -19.023115 -2.6076224
0.59298003 -26.333008 -2.1780074
-0.58463883 -22.178492 -2.4275455
-0.10763838 -3.6054986 -3.2493756
0.11474861 -6.0310116 -3.1168225
-0.2539869 -8.5076475 -3.0197258
0.20593846 -10.823811 -2.8557763
-0.40353197 -13.51687 -2.78333
0.30216333 -15.881242 -2.6116853
-1.5013403 -19.033875 -2.6120989
0.50075579 -26.318958 -2.1824763
-0.66121787 -22.14842 -2.4308722
-0.12160379 -3.6086817 -3.2516329
0.091414899 -6.0198531 -3.1154001
-0.28665206 -8.5066099 -3.0214968
0.16419649 -10.812666 -2.8567107
-0.45502913 -13.503324 -2.7852328
0.24094 -15.866379 -2.6139703
-1.5737571 -19.020031 -2.6158886
0.39951289 -26.30872 -2.1874979
-0.74531698 -22.117828 -2.4346213
-0.13280688 -3.6046593 -3.2507424
0.072687805 -6.0355167 -3.1198742
-0.3132309 -8.501749 -3.0223646
0.13017862 -10.809175 -2.858067
-0.49715719 -13.493896 -2.786932
0.19094875 -15.855127 -2.6159036
-1.6324806 -19.003088 -2.6187494
0.3166182 -26.289892 -2.1914482
-0.81465256 -22.111393 -2.4382777
-0.14679417 -3.6077452 -3.2530057
0.049449358 -6.028048 -3.1193314
-0.34555402 -8.4926453 -3.0229728
0.088576145 -10.797739 -2.8590095
-0.54864371 -13.483959 -2.7891498
0.12990491 -15.835859 -2.6179821
-1.7032986 -18.972881 -2.6218278
0.2156045 -26.282936 -2.1965642
-0.89873779 -22.088184 -2.4422889
-0.15796892 -3.6036444 -3.2521181
0.03053068 -6.0320263 -3.1211948
-0.37274843 -8.5032721 -3.026197
0.054613136 -10.79006 -2.8599682
-0.58943874 -13.446491 -2.788717
0.080093384 -15.824259 -2.6199243
-1.7628962 -18.967436 -2.625246
0.13297144 -26.271513 -2.20067
-0.96830112 -22.089235 -2.4462149
-0.17037527 -3.5994496 -3.2513001
0.0094693014 -6.0282431 -3.1214221
-0.40242732 -8.5019197 -3.0278275
0.016937049 -10.782279 -2.8611271
-0.63562047 -13.428497 -2.7900693
0.024826156 -15.804556 -2.6217225
-1.826798 -18.937382 -2.6279531
0.041274637 -26.275808 -2.2055423
-1.043514 -22.045898 -2.4491904
-0.18275429 -3.5952125 -3.2504828
-0.011572712 -6.0282397 -3.1225281
-0.43210134 -8.5004625 -3.0294635
-0.020714443 -10.790178 -2.8639205
-0.6838997 -13.453937 -2.794805
-0.030333143 -15.80057 -2.624402
-1.8920963 -18.922962 -2.6313989
-0.050435286 -26.271801 -2.2102933
-1.1196506 -22.026196 -2.452925
-0.19530335 -3.5945528 -3.2511768
-0.032636851 -6.0320148 -3.1245151
-0.46113375 -8.487154 -3.0293353
-0.058359262 -10.786088 -2.8654988
-0.73064524 -13.447505 -2.7970946
-0.085489549 -15.800368 -2.6273112
-1.9552705 -18.888514 -2.6339266
-0.14192863 -26.231564 -2.2144258
-1.1963165 -22.018171 -2.4570503
-0.20784914 -3.5938492 -3.2518733
-0.05365745 -6.0280123 -3.1247518
-0.49075583 -8.4854927 -3.0309794
-0.096008353 -10.785818 -2.8674915
-0.77712184 -13.436951 -2.7990816
-0.14064111 -15.799973 -2.6302304
-2.0203421 -18.873653 -2.6373837
-0.23313533 -26.191008 -2.21856
-1.2722441 -21.997942 -2.4608018
-0.22146511 -3.6003001 -3.2556307
-0.0757026 -6.0239234 -3.125047
-0.52161276 -8.479722 -3.0321198
-0.13563929 -10.793298 -2.8704112
-0.82660943 -13.437972 -2.8021336
-0.19840041 -15.787422 -2.6326404
-2.0886276 -18.858204 -2.6410406
-0.32877824 -26.162046 -2.223155
-1.3521281 -21.981192 -2.4649036
-0.23340304 -3.5995457 -3.2562978
-0.095617265 -6.0197878 -3.1252325
-0.54973 -8.4779453 -3.0336907
-0.1711797 -10.776981 -2.8706768
-0.87039703 -13.423277 -2.8036916
-0.25106865 -15.806559 -2.6365442
-2.1525075 -18.863045 -2.6452584
-0.4141396 -26.073038 -2.2261798
-1.4250138 -21.976587 -2.4689758
-0.24634628 -3.5950491 -3.2555237
-0.11767966 -6.0193968 -3.1264124
-0.58026236 -8.4680471 -3.0342464
-0.21090886 -10.788136 -2.874023
-0.92175883 -13.451668 -2.8089395
-0.30892161 -15.801557 -2.6394191
-2.2178993 -18.823385 -2.647805
-0.50977474 -26.075335 -2.231364
-1.5050052 -21.963263 -2.4732289
-0.25763935 -3.5942576 -3.2561588
-0.13650241 -6.0151463 -3.1265466
-0.60686296 -8.4661827 -3.0357423
-0.24497952 -10.795323 -2.8766656
-0.96344692 -13.44079 -2.8106918
-0.35847253 -15.796533 -2.6418588
-2.2755892 -18.804464 -2.6507156
-0.59223449 -26.09754 -2.2362046
-1.5717179 -21.926615 -2.4760571
-0.26991239 -3.5897212 -3.2553515
-0.15749854 -6.0146332 -3.127677
-0.63641202 -8.4640121 -3.0374093
-0.2824541 -10.786499 -2.8778689
-1.0094661 -13.425473 -2.8123999
-0.41361099 -15.795184 -2.6448271
-2.3417079 -18.80036 -2.654778
-0.68552256 -26.179077 -2.2426817
-1.6497416 -21.94087 -2.4810355
-0.28335273 -3.5923219 -3.2576118
-0.17977223 -6.0217166 -3.1306319
-0.66681331 -8.4538031 -3.0379746
-0.32151514 -10.769589 -2.8783505
-1.0571064 -13.401905 -2.8136168
-0.4717381 -15.801513 -2.648406
-2.4090788 -18.779799 -2.6582835
-0.78004068 -26.128529 -2.2469571
-1.7267002 -21.890959 -2.4841228
-0.29437229 -3.5805235 -3.2537396
-0.19961178 -6.0172367 -3.1308317
-0.69548547 -8.459363 -3.0407581
-0.35670164 -10.752664 -2.8786297
-1.1012166 -13.394371 -2.8158257
-0.52334285 -15.776012 -2.6498878
-2.4713402 -18.771706 -2.6619809
-0.86734122 -26.145739 -2.2520356
-1.7992817 -21.885111 -2.4882445
-0.30718338 -3.5758088 -3.2529702
-0.2216648 -6.0164647 -3.1320312
-0.7258147 -8.4489422 -3.0413308
-0.39640093 -10.759183 -2.8816032
-1.1509815 -13.398153 -2.8192523
-0.58057582 -15.75809 -2.6521237
-2.5411942 -18.770416 -2.6664629
-0.96287084 -26.134409 -2.2570932
-1.8777769 -21.858511 -2.4921401
-0.3209551 -3.5891578 -3.2597542
-0.24250975 -6.0118055 -3.132293
-0.75530291 -8.4463568 -3.0430162
-0.43427396 -10.765632 -2.8844843
-1.1966829 -13.382196 -2.8209774
-0.63589936 -15.763916 -2.655582
-2.6034119 -18.737761 -2.6692181
-1.0528052 -26.098993 -2.2614484
-1.9519361 -21.827997 -2.4956882
-0.33381721 -3.5916255 -3.261991
-0.26349351 -6.0109224 -3.1334422
-0.78441864 -8.4397621 -3.0441084
-0.47115827 -10.748257 -2.8848763
-1.2448574 -13.393742 -2.8249226
-0.6909222 -15.761601 -2.6585951
-2.6671178 -18.71673 -2.6725559
-1.143028 -26.075228 -2.2660437
-2.0295944 -21.836931 -2.5006015
-0.34600428 -3.5868297 -3.2611928
-0.28465629 -6.013814 -3.1354806
-0.81349784 -8.4330702 -3.0452037
-0.50848734 -10.742598 -2.8865204
-1.2916031 -13.389315 -2.8276117
-0.74612486 -15.763065 -2.6618474
-2.7330112 -18.711248 -2.6766787
-1.2329097 -26.047163 -2.2705679
-2.1058078 -21.829714 -2.504986
-0.35780087 -3.5783858 -3.2588756
-0.30545056 -6.0089364 -3.1357515
-0.84253877 -8.4262762 -3.0463026
-0.54598188 -10.740757 -2.8885875
-1.3418846 -13.42026 -2.8331735
-0.80033457 -15.744477 -2.6639597
-2.7988968 -18.705532 -2.6808133
-1.3242264 -26.050671 -2.2757404
-2.1784229 -21.786526 -2.5081425
-0.36929277 -3.5735734 -3.2580421
-0.32537547 -6.0078907 -3.1368535
-0.86926752 -8.4117308 -3.0461183
-0.58202446 -10.746781 -2.8913949
-1.3871968 -13.42363 -2.8363879
-0.85189617 -15.729823 -2.6661541
-2.8603096 -18.692211 -2.6843688
-1.407802 -25.994337 -2.2794657
-2.2486098 -21.759354 -2.511632
-0.38253513 -3.5794721 -3.2618089
-0.34612334 -6.0028729 -3.1371293
-0.89779109 -8.4008446 -3.0466201
-0.61930686 -10.740739 -2.8930569
-1.4357324 -13.434488 -2.8403883
-0.90748537 -15.738666 -2.6698961
-2.9255402 -18.682114 -2.6883276
-1.4950857 -25.929514 -2.2832737
-2.3207378 -21.715694 -2.5147874
-0.39462981 -3.5745113 -3.2610147
-0.36778086 -6.0131626 -3.1409616
-0.92754084 -8.4015579 -3.0489306
-0.65679562 -10.738511 -2.895144
-1.4843608 -13.445169 -2.8444028
-0.96241856 -15.735401 -2.6729546
-2.9901061 -18.667854 -2.6920984
-1.5846139 -25.908203 -2.2879825
-2.4004638 -21.743126 -2.5204649
-0.40669405 -3.5695105 -3.260221
-0.38827077 -6.0041542 -3.1403551
-0.95730537 -8.4021673 -3.0512474
-0.69453013 -10.740097 -2.8976586
-1.5321814 -13.447792 -2.8477881
-1.0168248 -15.724009 -2.6755555
-3.0571799 -18.669094 -2.6966732
-1.6765836 -25.926407 -2.2935331
-2.4713805 -21.691042 -2.5233488
-0.41957456 -3.5716693 -3.262475
-0.40922695 -6.0027618 -3.1415296
-0.98571342 -8.3909817 -3.051759
-0.73362905 -10.761267 -2.9022901
-1.579114 -13.442362 -2.8505399
-1.0703536 -15.700524 -2.6774609
-3.1216719 -18.654381 -2.700464
-1.7643601 -25.880587 -2.2977636
-2.5466168 -21.678324 -2.5276456
-0.431604 -3.5665841 -3.2616839
-0.42990279 -5.9974551 -3.1418169
-1.0140553 -8.3797026 -3.0522723
-0.77090615 -10.754699 -2.9039793
-1.6288874 -13.460402 -2.855238
-1.1240152 -15.680826 -2.6796024
-3.1840851 -18.627668 -2.7036607
-1.851552 -25.83049 -2.3019092
-2.6208363 -21.657427 -2.5316677
-0.44432348 -3.5723283 -3.2654314
-0.45007631 -5.9998374 -3.1438301
-1.0432895 -8.3879719 -3.0557275
-0.80597347 -10.7442 -2.9051442
-1.674983 -13.466741 -2.8588424
-1.1763047 -15.680979 -2.6827707
-3.2472055 -18.624855 -2.7078691
-1.936898 -25.820229 -2.3066547
-2.6901786 -21.628839 -2.5351868
-0.45787486 -3.5742717 -3.2677319
-0.47206464 -5.998148 -3.1450744
-1.0730304 -8.3763103 -3.0563343
-0.84472889 -10.733294 -2.9065244
-1.7253401 -13.468383 -2.8624127
-1.2347088 -15.688456 -2.6867323
-3.3105614 -18.585381 -2.7106707
-2.030272 -25.797043 -2.3116639
-2.7699437 -21.622787 -2.5400221
-0.46877968 -3.5655448 -3.2653828
-0.49195218 -5.9965491 -3.1462035
-1.0997781 -8.3649273 -3.0567691
-0.88031632 -10.730433 -2.9085448
-1.7705095 -13.46652 -2.8653893
-1.2883514 -15.704093 -2.6908712
-3.3700383 -18.562542 -2.713881
-2.1161315 -25.794146 -2.3166072
-2.843709 -21.629292 -2.5448587
-0.48025277 -3.5567019 -3.2630694
-0.51320952 -5.9986334 -3.1482894
-1.1300203 -8.3688126 -3.0597234
-0.91810429 -10.731233 -2.9111035
-1.8185679 -13.468124 -2.8688409
-1.3421444 -15.687613 -2.6932793
-3.4348135 -18.550667 -2.7179091
-2.2054772 -25.77865 -2.3215587
-2.9181256 -21.611334 -2.5490623
-0.49316278 -3.5585947 -3.2653389
-0.53414571 -5.9968052 -3.1494858
-1.1586878 -8.3609314 -3.0608597
-0.955558 -10.727962 -2.9132438
-1.8644803 -13.453833 -2.8709946
-1.3951325 -15.663026 -2.695214
-3.5039799 -18.562048 -2.7231765
-2.2926166 -25.738998 -2.3259897
-2.9957352 -21.616812 -2.5541549
-0.50609142 -3.5604405 -3.2676117
-0.55436438 -5.9872336 -3.1488948
-1.1862092 -8.3451862 -3.0607798
-0.99372762 -10.732433 -2.9162445
-1.9114304 -13.447242 -2.8738081
-1.4508967 -15.669941 -2.6990664
-3.5679979 -18.545792 -2.7270234
-2.380239 -25.707001 -2.3306019
-3.0678055 -21.582541 -2.5577905
-0.51799405 -3.5550649 -3.2668293
-0.57489198 -5.9814277 -3.1492002
-1.2125046 -8.3215876 -3.0594795
-1.0296724 -10.713162 -2.9166863
-1.9612194 -13.46012 -2.8782735
-1.505967 -15.668739 -2.7024519
-3.626585 -18.501957 -2.7294316
-2.4688141 -25.686621 -2.3354907
-3.140825 -21.555918 -2.5617249
-0.53040045 -3.5532351 -3.2675774
-0.59614968 -5.9832172 -3.1513016
-1.2415452 -8.3173046 -3.0612307
-1.0658867 -10.697702 -2.9175572
-2.007021 -13.445344 -2.8804467
-1.5590754 -15.647558 -2.7046425
-3.6927071 -18.496996 -2.7339108
-2.554111 -25.634169 -2.3396604
-3.2148738 -21.536938 -2.565963
-0.5438959 -3.5585291 -3.2713892
-0.61703157 -5.9810996 -3.1525104
-1.2711635 -8.3167982 -3.0635984
-1.1040338 -10.70178 -2.9205775
-2.053942 -13.438256 -2.883285
-1.6136864 -15.642019 -2.7078035
-3.7572515 -18.483992 -2.7379861
-2.6427574 -25.617159 -2.3446548
-3.2900326 -21.525585 -2.5705094
-0.55575365 -3.5530276 -3.270611
-0.63627058 -5.9635892 -3.1501284
-1.3026106 -8.3278112 -3.0678101
-1.1426402 -10.709653 -2.9240375
-2.0989969 -13.419244 -2.8851366
-1.6670103 -15.624429 -2.7102449
-3.820941 -18.466866 -2.7418613
-2.7283494 -25.572069 -2.3490112
-3.3620687 -21.494276 -2.5743129
-0.5663417 -3.547684 -3.269758
-0.65542346 -5.9653897 -3.1521187
-1.3256754 -8.3043108 -3.0663347
-1.1767119 -10.709938 -2.9264278
-2.1411448 -13.412583 -2.8877015
-1.7143507 -15.603302 -2.7121296
-3.8772998 -18.446976 -2.7451248
-2.8056231 -25.535604 -2.3530352
-3.4276936 -21.471798 -2.5779667
-0.57930565 -3.5492635 -3.2720466
-0.67624205 -5.9630651 -3.1533349
-1.3552861 -8.3035049 -3.068718
-1.2131978 -10.697911 -2.9277475
-2.1885886 -13.408945 -2.8908913
-1.7688048 -15.597222 -2.7153108
-3.9424996 -18.437223 -2.7494357
-2.8920419 -25.501867 -2.3576756
-3.5026217 -21.459703 -2.58254
-0.59169185 -3.5472198 -3.272805
-0.69750124 -5.9644938 -3.1554554
-1.3855542 -8.3064604 -3.071722
-1.2523711 -10.709313 -2.9316666
-2.2347302 -13.397309 -2.8934224
-1.8218551 -15.579103 -2.7177656
-4.0068364 -18.423349 -2.7535458
-2.9801195 -25.483688 -2.3627014
-3.5761998 -21.43948 -2.5868185
-0.60285223 -3.5379853 -3.2704959
-0.71877712 -5.9658475 -3.1575804
-1.4158578 -8.3093061 -3.074734
-1.291636 -10.720573 -2.9355979
-2.2794812 -13.377691 -2.8952899
-1.8781264 -15.588442 -2.7219455
-4.0745597 -18.424809 -2.7585151
-3.0685763 -25.469172 -2.3678339
-3.6510136 -21.426865 -2.591413
-0.61519891 -3.5358596 -3.2712564
-0.73817605 -5.9518342 -3.1561015
-1.4441826 -8.3004484 -3.0759034
-1.3271055 -10.70031 -2.9360671
-2.3268464 -13.373563 -2.8985012
-1.9364469 -15.613364 -2.7271278
-4.1327381 -18.383272 -2.761153
-3.1550097 -25.438505 -2.3725927
-3.7257881 -21.41399 -2.596019
-0.62943888 -3.5443983 -3.2766273
-0.75943416 -5.953042 -3.1582336
-1.473147 -8.2953568 -3.077693
-1.365948 -10.707375 -2.9395819
-2.374207 -13.369266 -2.901721
-1.9904312 -15.602565 -2.730104
-4.1968803 -18.368734 -2.7652879
-3.2392404 -25.391714 -2.376967
-3.7984211 -21.389078 -2.6001689
-0.64051431 -3.5350454 -3.2743199
-0.780209 -5.9503551 -3.1594665
-1.5013943 -8.2863054 -3.0788689
-1.4022868 -10.694703 -2.9409275
-2.4194438 -13.353088 -2.9039381
-2.0433297 -15.583693 -2.7325904
-4.2546673 -18.326817 -2.767925
-3.3226643 -25.340687 -2.3812423
-3.8716359 -21.367844 -2.6044815
-0.65219182 -3.5292232 -3.2735493
-0.80097574 -5.9475956 -3.1607029
-1.5317366 -8.2887287 -3.0819051
-1.4401387 -10.693661 -2.9435863
-2.4646001 -13.336758 -2.9061592
-2.0940013 -15.548876 -2.7340844
-4.3204446 -18.319605 -2.7725043
-3.4111032 -25.328936 -2.3865075
-3.9375098 -21.307156 -2.6072271
-0.66316432 -3.5197999 -3.27124
-0.82225865 -5.9485779 -3.162848
-1.5599332 -8.2794752 -3.0830884
-1.4758332 -10.676822 -2.9445026
-2.5118725 -13.331973 -2.9094
-2.1488073 -15.54541 -2.7375751
-4.3871469 -18.316031 -2.7773128
-3.4956701 -25.289204 -2.3910863
-4.0081692 -21.273691 -2.6110718
-0.67749774 -3.5281441 -3.2766261
-0.84193689 -5.9380445 -3.1622789
-1.5888247 -8.2739792 -3.0848956
-1.5142034 -10.679432 -2.9476116
-2.5568984 -13.315329 -2.9116309
-2.2058499 -15.557503 -2.7420793
-4.4491735 -18.292866 -2.7810462
-3.5822451 -25.264996 -2.3960712
-4.0854115 -21.27523 -2.6163521
-0.6897279 -3.5220799 -3.2758973
-0.86480474 -5.9425421 -3.165401
-1.6198938 -8.2719517 -3.0874195
-1.5533357 -10.673811 -2.9499633
-2.6033967 -13.294187 -2.9136703
-2.2657201 -15.56899 -2.7467637
-4.5171461 -18.280302 -2.7856505
-3.6708002 -25.224056 -2.4009233
-4.1610637 -21.248377 -2.6207623
-0.70282036 -3.5268836 -3.2797136
-0.88450563 -5.9396415 -3.1665888
-1.6473149 -8.2665339 -3.0891454
-1.586393 -10.652964 -2.9503367
-2.6451399 -13.273806 -2.9154198
-2.3167493 -15.557459 -2.7496231
-4.5767708 -18.26136 -2.7894075
-3.7544236 -25.211746 -2.4059649
-4.2252679 -21.203184 -2.6239078
-0.71440637 -3.5208561 -3.2789488
-0.90581429 -5.9403262 -3.1687508
-1.6738206 -8.2492008 -3.0890956
-1.6259527 -10.662991 -2.9543483
-2.6906693 -13.260603 -2.9180012
-2.3710411 -15.549277 -2.7529061
-4.6434326 -18.256851 -2.7942629
-3.8375945 -25.166929 -2.4104586
-4.2960839 -21.172676 -2.6279306
-0.72657239 -3.5146639 -3.2782233
-0.92758071 -5.9369664 -3.1700714
-1.7032506 -8.2391701 -3.090385
-1.6638036 -10.649149 -2.9558351
-2.7400575 -13.254538 -2.9214206
-2.4255607 -15.524765 -2.7553458
-4.7113128 -18.243567 -2.7989001
-3.9328904 -25.172405 -2.416574
-4.3720436 -21.148979 -2.6325171
-0.73835564 -3.5159116 -3.2804673
-0.94501489 -5.9264154 -3.1693854
-1.7299325 -8.2376156 -3.0926533
-1.698496 -10.651676 -2.958755
-2.7841313 -13.257513 -2.9250956
-2.4699383 -15.489576 -2.7565286
-4.7665882 -18.220968 -2.802249
-4.0125823 -25.163866 -2.4214897
-4.4368258 -21.127337 -2.6364081
-0.75062364 -3.5133131 -3.2812486
-0.9656955 -5.9230804 -3.1706476
-1.7603148 -8.2391987 -3.0957355
-1.7356657 -10.645682 -2.9610236
-2.8270743 -13.232193 -2.9266624
-2.5220704 -15.469085 -2.7590601
-4.8322034 -18.21192 -2.8069162
-4.0978251 -25.133955 -2.4264252
-4.5030479 -21.076632 -2.6396234
-0.76211351 -3.507129 -3.2804871
-0.98699898 -5.9234724 -3.1728246
-1.7907313 -8.2406702 -3.0988257
-1.7715179 -10.631762 -2.9624095
-2.8724053 -13.218367 -2.9292662
-2.5780158 -15.471956 -2.7631342
-4.9019566 -18.218014 -2.8124921
-4.184226 -25.111626 -2.431581
-4.5833673 -21.091949 -2.6456432
-0.77591509 -3.5115268 -3.2843621
-1.0076692 -5.9199915 -3.174094
-1.8194851 -8.2343683 -3.100668
-1.8079547 -10.621616 -2.9642425
-2.9185274 -13.20826 -2.9322212
-2.6326733 -15.466784 -2.7667069
-4.9665666 -18.204636 -2.8169625
-4.2711849 -25.092934 -2.4368544
-4.6543822 -21.064146 -2.6498599
-0.78578395 -3.4981859 -3.2805102
-1.0289869 -5.9202328 -3.1762798
-1.847357 -8.2241411 -3.1018858
-1.8470497 -10.626923 -2.9678628
-2.9628744 -13.190248 -2.9344883
-2.6852829 -15.449661 -2.7695146
-5.034327 -18.202541 -2.8221207
-4.3539643 -25.05035 -2.4414892
-4.7305002 -21.059439 -2.6550839
-0.79960436 -3.5024903 -3.2843914
-1.0489739 -5.9128118 -3.1766419
-1.8778005 -8.2252893 -3.1049941
-1.8862059 -10.632085 -2.971494
-3.0097842 -13.183695 -2.937803
-2.7385032 -15.436278 -2.7725863
-5.0967622 -18.181023 -2.8261609
-4.4385953 -25.019285 -2.4464533
-4.8057604 -21.050571 -2.6601558
-0.81182516 -3.4996777 -3.2851813
-1.0682346 -5.9015341 -3.1760902
-1.9064999 -8.2186852 -3.1068494
-1.9226024 -10.621548 -2.9733455
-3.0539911 -13.165378 -2.9400785
-2.7909513 -15.418799 -2.7754045
-5.1601934 -18.163122 -2.830435
-4.5294533 -25.023272 -2.4524136
-4.8792095 -21.033669 -2.6649041
-0.82320493 -3.4932942 -3.2844245
-1.0888286 -5.8977699 -3.1773703
-1.9360768 -8.2157984 -3.10934
-1.9546444 -10.587565 -2.9725111
-3.0990186 -13.150775 -2.9427071
-2.8425906 -15.397231 -2.7779665
-5.2257671 -18.152653 -2.8351746
-4.6117029 -24.979839 -2.4570653
-4.9516873 -21.012629 -2.6694932
-0.83539391 -3.4903994 -3.2852173
-1.1115466 -5.9052896 -3.1814039
-1.9629176 -8.2013607 -3.1099403
-1.9901279 -10.572909 -2.9739161
-3.1467516 -13.147594 -2.9463928
-2.8970556 -15.391124 -2.7815781
-5.2891002 -18.1343 -2.8394673
-5.0250053 -20.995216 -2.6742613
-0.84646738 -3.480269 -3.2829504
-1.1317297 -5.89361 -3.1809218
-1.9948171 -8.2017336 -3.1131661
-2.0281196 -10.561661 -2.975889
-3.1949177 -13.135972 -2.9495349
-2.9504457 -15.364779 -2.7840548
-5.356658 -18.118614 -2.844214
-4.7662535 -24.820803 -2.4646161
-5.1056895 -20.992151 -2.6799643
-0.85974121 -3.4844823 -3.2868075
-1.1483126 -5.8747029 -3.1784735
-2.0220056 -8.1950731 -3.1149449
-2.0623755 -10.550999 -2.9776344
-3.2394135 -13.129159 -2.9527364
-3.0013833 -15.35491 -2.7872503
-5.4167151 -18.100752 -2.8483088
-4.8730354 -24.930178 -2.4734087
-5.1666827 -20.940271 -2.6829669
-0.87189871 -3.4814599 -3.2876053
-1.1695638 -5.8744373 -3.1806827
-2.0467868 -8.1727457 -3.1142826
-2.0991919 -10.543736 -2.9799509
-3.2842577 -13.113921 -2.9553885
-3.0565155 -15.352141 -2.7911499
-5.4833288 -18.093166 -2.8533235
-4.9584684 -24.905191 -2.4786534
-5.2426496 -20.933708 -2.6882803
-0.88493896 -3.4819088 -3.2899575
-1.1900623 -5.8703184 -3.1819763
-2.0762691 -8.1693535 -3.1167948
-2.1399105 -10.555713 -2.9845359
-3.3261044 -13.086995 -2.9569826
-3.1085057 -15.333583 -2.7940006
-5.5499578 -18.085337 -2.8583517
-5.0485449 -24.903374 -2.4845989
-5.3215818 -20.938465 -2.6941311
-0.89738488 -3.4824655 -3.2922728
-1.2095221 -5.8663402 -3.183208
-2.1023686 -8.1586246 -3.1179457
-2.1764982 -10.5563 -2.9876578
-3.3605719 -13.041311 -2.9566491
-3.1561234 -15.307611 -2.7961543
-5.6098986 -18.066835 -2.862474
-5.1302919 -24.882586 -2.4897079
-5.3919806 -20.924562 -2.6988869
-0.90678543 -3.4687896 -3.288414
-1.2315749 -5.8696213 -3.1863511
-2.130836 -8.1512356 -3.1198299
-2.2117116 -10.540901 -2.9890876
-3.411094 -13.048696 -2.9614415
-3.2095401 -15.296499 -2.7995455
-5.680099 -18.069937 -2.8682308
-5.214663 -24.85281 -2.4948697
-5.4579334 -20.878614 -2.7024891
-0.92074615 -3.4726117 -3.2923279
-1.2520558 -5.8652868 -3.1876552
-2.1632965 -8.1589136 -3.1242704
-2.2451913 -10.517655 -2.989609
-3.459671 -13.048216 -2.9655347
-3.2720466 -15.327985 -2.8058879
-5.7443461 -18.053799 -2.8728271
-5.3022141 -24.838356 -2.5005093
-5.5215826 -20.824755 -2.7057354
-0.93380326 -3.4728773 -3.2946906
-1.2717038 -5.8571162 -3.1880388
-2.1866703 -8.1323738 -3.1229711
-2.2844059 -10.521342 -2.9933209
-3.5000441 -13.0169 -2.9667766
-3.3272173 -15.324243 -2.8098407
-5.8109908 -18.045008 -2.8779068
-5.3914218 -24.831396 -2.5064003
-5.6035557 -20.840002 -2.7121711
-0.9440136 -3.4626017 -3.2923863
-1.2929726 -5.8564029 -3.1902723
-2.2160769 -8.1284752 -3.1255057
-2.3168592 -10.494006 -2.9933882
-3.5475497 -13.01226 -2.9705272
-3.3832631 -15.324187 -2.814074
-5.8727126 -18.020826 -2.8820493
-5.4737692 -24.792946 -2.5113533
-5.67627 -20.820316 -2.7170269
-0.95705992 -3.4627793 -3.2947528
-1.3125633 -5.8480959 -3.1906602
-2.247571 -8.1320324 -3.1293271
-2.3534751 -10.485855 -2.9957409
-3.5929477 -12.999798 -2.973568
-3.4384744 -15.320045 -2.8180499
-5.9280963 -17.977524 -2.8850048
-5.5532861 -24.74254 -2.5159488
-5.7510338 -20.808062 -2.7222509
-0.96718568 -3.452436 -3.2924476
-1.3355389 -5.8547444 -3.1947529
-2.2759438 -8.1241379 -3.131233
-2.3891845 -10.473723 -2.9976401
-3.6415153 -12.99864 -2.9776962
-3.4883928 -15.292439 -2.8204105
-6.0122418 -18.020948 -2.893465
-5.5952487 -24.528488 -2.5154514
-5.8236332 -20.787861 -2.7271278
-0.97824097 -3.4455514 -3.2916999
-1.3550981 -5.8462944 -3.1951468
-2.3021462 -8.1085978 -3.1318579
-2.4248378 -10.461469 -2.999543
-3.6879508 -12.989666 -2.9811132
-3.5381603 -15.264671 -2.8227715
-6.0776577 -18.007397 -2.8983583
-5.7069645 -24.621534 -2.5245242
-5.8983388 -20.775074 -2.7323766
-0.99166501 -3.4492567 -3.2955916
-1.3753601 -5.8455176 -3.1973307
-2.3279388 -8.0971479 -3.1330304
-2.4577062 -10.445676 -3.0008702
-3.7310064 -12.977365 -2.9840224
-3.5905828 -15.260597 -2.8265975
-6.1399112 -17.994682 -2.9030416
-5.8150854 -24.715118 -2.53338
-5.9671998 -20.7554 -2.7370293
-1.0043005 -3.4455988 -3.296448
-1.3967757 -5.8404374 -3.1987231
-2.3586986 -8.0923281 -3.135685
-2.4968941 -10.440441 -3.0038197
-3.7741044 -12.948365 -2.985791
-3.6464915 -15.247334 -2.8302326
-6.213624 -17.994646 -2.909148
-5.9084158 -24.705278 -2.539639
-6.0443478 -20.737217 -2.7423646
-1.0183747 -3.4490259 -3.3003883
-1.4144268 -5.8242974 -3.197264
-2.3858202 -8.0802832 -3.1369586
-2.5333221 -10.431662 -3.0061953
-3.811413 -12.908474 -2.9863124
-3.6987529 -15.230649 -2.8334274
-6.2685189 -17.950285 -2.9121335
-5.9983826 -24.700016 -2.5457597
-6.1133089 -20.704523 -2.7467306
-1.0272917 -3.43503 -3.2965209
-1.4365931 -5.8268046 -3.2004538
-2.4185066 -8.086937 -3.1414647
-2.5716126 -10.43043 -3.0095022
-3.8530383 -12.883685 -2.9882874
-3.7547517 -15.229229 -2.8377299
-6.3298135 -17.92454 -2.9163358
-6.0826554 -24.671179 -2.5511458
-6.180975 -20.667776 -2.7509158
-1.0392761 -3.4314234 -3.2973404
-1.4550537 -5.814281 -3.1999254
-2.4478581 -8.0822001 -3.1440406
-2.6099253 -10.429058 -3.0128176
-3.9060397 -12.896741 -2.9939222
-3.8059583 -15.208313 -2.8406634
-6.3869867 -17.887333 -2.9198084
-6.1658311 -24.638182 -2.5564137
-6.2588611 -20.665155 -2.7567737
-1.0538365 -3.4383564 -3.3028126
-1.4752742 -5.8131576 -3.2021253
-2.4723475 -8.0665369 -3.1445816
-2.6454675 -10.424177 -3.0155568
-3.9522736 -12.895098 -2.9979534
-3.854414 -15.1879 -2.843426
-6.442214 -17.854815 -2.9233046
-6.2406306 -24.590527 -2.5608959
-6.3355331 -20.670969 -2.7627757
-1.0658319 -3.4346569 -3.3036375
-1.4945958 -5.8042421 -3.2025309
-2.5016515 -8.0616045 -3.1471653
-2.6778951 -10.39957 -3.0160944
-4.0031404 -12.900171 -3.0028853
-3.9083962 -15.178204 -2.8472009
-6.4894853 -17.791061 -2.9250495
-6.3323975 -24.59178 -2.5673268
-6.4100108 -20.656342 -2.7681093
-1.0789012 -3.4343741 -3.3060296
-1.515821 -5.8027167 -3.2048049
-2.5321279 -8.0603065 -3.150404
-2.7141805 -10.390159 -3.018496
-4.0469575 -12.882335 -3.0056202
-3.9593446 -15.156774 -2.8501475
-6.5570602 -17.783249 -2.9304984
-6.4020648 -24.507755 -2.5709391
-6.4677377 -20.588198 -2.7708185
-1.0875872 -3.420223 -3.3021584
-1.5350808 -5.7936668 -3.2052143
-2.5602481 -8.0514183 -3.152349
-2.7494204 -10.3768 -3.0204349
-4.0882931 -12.856785 -3.0076199
-4.010191 -15.135172 -2.8530982
-6.6218772 -17.767715 -2.9354644
-6.4804206 -24.458256 -2.5757051
-6.5299006 -20.535103 -2.774272
-1.0984083 -3.4129548 -3.3014183
-1.5552944 -5.7882729 -3.2065601
-2.5883365 -8.0424328 -3.1542971
-2.7887013 -10.378591 -3.0242498
-4.1294985 -12.831104 -3.0096197
-4.0660925 -15.132603 -2.857456
-6.6824522 -17.740765 -2.9396925
-6.5843916 -24.50485 -2.5837426
-6.6149745 -20.55393 -2.7813334
-1.1125607 -3.4159939 -3.3053834
-1.5724524 -5.7716594 -3.2050998
-2.6151803 -8.0296202 -3.1555967
-2.8238738 -10.36498 -3.0261986
-4.1742635 -12.816611 -3.0127339
-4.1199365 -15.122155 -2.861263
-6.7485895 -17.728497 -2.9449279
-6.6803799 -24.520218 -2.5907698
-6.6990285 -20.568623 -2.788233
-1.1267473 -3.4189756 -3.3093531
-1.5915643 -5.7624221 -3.2055113
-2.6419652 -8.016717 -3.156898
-2.8579328 -10.34744 -3.0276804
-4.2251859 -12.820807 -3.0177147
-4.1779919 -15.126849 -2.8662093
-6.8132935 -17.712267 -2.9499249
-6.7691183 -24.508289 -2.5968971
-6.7895026 -20.60191 -2.7961204
-1.1375284 -3.4115825 -3.3086178
-1.6116693 -5.7568312 -3.2068617
-2.6699331 -8.0074453 -3.1588552
-2.8951008 -10.341208 -3.0305762
-4.2761898 -12.8248 -3.0227108
-4.2329135 -15.119832 -2.870321
-6.877965 -17.695801 -2.9549325
-6.8632331 -24.515249 -2.6037092
-6.8601155 -20.574299 -2.8009567
-1.1471128 -3.4007211 -3.3063114
-1.6349093 -5.7622876 -3.2110312
-2.699122 -8.0017939 -3.1614704
-2.9301023 -10.327235 -3.0325348
-4.3196626 -12.806036 -3.0254765
-4.2845812 -15.101139 -2.8735902
-6.8712716 -17.49745 -2.947531
-6.9433212 -24.471949 -2.6087987
-6.9191499 -20.512453 -2.8040545
-1.1601468 -3.4001269 -3.308718
-1.6528841 -5.7491422 -3.21051
-2.727036 -7.9923234 -3.163435
-2.9661322 -10.316945 -3.0349691
-4.3604922 -12.779613 -3.0274954
-4.3405628 -15.097557 -2.8780057
-6.9646177 -17.554802 -2.9576015
-6.9934182 -24.324848 -2.6102331
-6.9907074 -20.488176 -2.8090909
-1.1720086 -3.3960564 -3.3095553
-1.6740196 -5.7470345 -3.2128098
-2.7549181 -7.9827552 -3.1654031
-3.0032325 -10.310323 -3.0378819
-4.4037809 -12.760563 -3.0302663
-4.3921247 -15.078493 -2.8812888
-7.045114 -17.578444 -2.9654224
-7.0637784 -24.250483 -2.6142113
-7.0699859 -20.486259 -2.8153107
-1.1814666 -3.3850994 -3.3072472
-1.6951605 -5.7448516 -3.2151139
-2.7827663 -7.9730906 -3.1673746
-3.0358481 -10.288404 -3.038903
-4.4482965 -12.745113 -3.0334177
-4.4458575 -15.066886 -2.8851509
-7.0989585 -17.535284 -2.9686613
-7.1958156 -24.386417 -2.6257255
-7.1375117 -20.450165 -2.8197796
-1.194506 -3.3882091 -3.3111501
-1.7132 -5.7394977 -3.2163432
-2.8091044 -7.9680076 -3.1698103
-3.0681548 -10.278816 -3.0411046
-4.4869952 -12.727335 -3.0358806
-4.4999938 -15.075709 -2.8901026
-7.1540117 -17.512897 -2.9727309
-7.2723918 -24.363691 -2.630944
-7.175211 -20.352442 -2.8203871
-1.2032627 -3.3735645 -3.3073084
-1.7331094 -5.7294927 -3.2168369
-2.8382897 -7.9576578 -3.1718879
-3.1046634 -10.263718 -3.0432017
-4.5362787 -12.718278 -3.0399566
-4.5529165 -15.051502 -2.8932991
-7.2105536 -17.468153 -2.9761951
-7.303875 -24.145906 -2.6300924
-7.2082396 -20.209602 -2.8195405
-1.2181309 -3.3797872 -3.312834
-1.7509722 -5.7200313 -3.2171946
-2.8673232 -7.9555831 -3.1750917
-3.1398392 -10.257146 -3.0460105
-4.5703573 -12.680766 -3.0406885
-4.6016397 -15.032518 -2.8964288
-7.2638459 -17.433115 -2.9797215
-7.3874092 -24.132999 -2.6359975
-7.2306099 -20.061817 -2.8177423
-1.2305104 -3.3752997 -3.3137205
-1.7742075 -5.720933 -3.2205248
-2.8924322 -7.9339643 -3.175194
-3.1785836 -10.249344 -3.0490716
-4.6154451 -12.660202 -3.0436335
-4.6578846 -15.01935 -2.9005051
-7.3307843 -17.413717 -2.9850023
-7.4899955 -24.151493 -2.6437652
-7.3218436 -20.083874 -2.8256087
-1.2422845 -3.3709843 -3.3145661
-1.7918583 -5.7073555 -3.2200096
-2.9228213 -7.9311814 -3.1785061
-3.211972 -10.230644 -3.0505791
-4.6596079 -12.644015 -3.0468049
-4.7102818 -15.003001 -2.9041178
-7.3884063 -17.380692 -2.9890223
-7.5348091 -23.999571 -2.6448963
-7.3009171 -19.811304 -2.8173528
-1.2534565 -3.3668458 -3.3153706
-1.8107752 -5.7013817 -3.2213175
-2.9477375 -7.917768 -3.1797359
-3.2446847 -10.216169 -3.052444
-4.7042809 -12.635931 -3.0505877
-4.7527852 -14.964554 -2.9058015
-7.4428625 -17.348776 -2.9928179
-7.6022758 -23.93642 -2.6489701
-1.2652019 -3.3624499 -3.3162189
-1.8306665 -5.6950259 -3.2226968
-2.978122 -7.914773 -3.183059
-3.2779086 -10.197255 -3.0539541
-4.7525544 -12.630573 -3.0549214
-4.8086462 -14.959231 -2.9103022
-7.5017953 -17.319035 -2.9971063
-7.6943345 -23.936329 -2.655766
-7.5563469 -20.082041 -2.8445377
-1.2749387 -3.3510134 -3.3139505
-1.8515267 -5.6882782 -3.2241478
-3.0057154 -7.9001384 -3.1844938
-3.3140366 -10.181415 -3.0560703
-4.7861152 -12.579692 -3.0548134
-4.8720565 -14.967978 -2.9161735
-7.5588346 -17.276827 -3.0008345
-7.76472 -23.854847 -2.6598406
-7.597291 -19.968508 -2.8451703
-1.2854601 -3.3469918 -3.3147149
-1.8693882 -5.6824331 -3.2253935
-3.03052 -7.8906569 -3.1862957
-3.3460069 -10.170953 -3.0583003
-4.8256125 -12.564594 -3.0576825
-4.9165707 -14.945042 -2.9188614
-7.6162906 -17.260283 -3.0054669
-7.9044676 -24.027437 -2.6726241
-7.6471229 -19.911047 -2.8478796
-1.2996145 -3.3454108 -3.3172324
-1.8924103 -5.6788678 -3.2278688
-3.0622151 -7.8826194 -3.189168
-3.3850346 -10.158031 -3.0610301
-4.8766932 -12.55337 -3.0619667
-4.9701457 -14.914737 -2.9219842
-7.6808848 -17.227274 -3.0102246
-8.0319872 -24.102907 -2.683172
-7.8664389 -20.249441 -2.8738422
-1.3101181 -3.3413112 -3.3179998
-1.9139298 -5.6838465 -3.2319732
-3.0841 -7.8656554 -3.1896405
-3.4169307 -10.147346 -3.0632679
-4.9204526 -12.549069 -3.0660076
-5.0144401 -14.891511 -2.9246757
-7.7366018 -17.20669 -3.014606
-7.8517194 -23.317451 -2.6588917
-7.595293 -19.370953 -2.830904
-1.3191035 -3.3299768 -3.3156867
-1.9300325 -5.6661916 -3.2305121
-3.1144276 -7.8621364 -3.1929884
-3.4536052 -10.139098 -3.0662434
-4.9656897 -12.535507 -3.0696027
-5.0702376 -14.885209 -2.9292245
-7.7933269 -17.172325 -3.0186493
-8.2109671 -24.105764 -2.6966131
-7.8684225 -19.863235 -2.8649511
-1.3318799 -3.3248873 -3.3166256
-1.9480073 -5.6478152 -3.2291877
-3.1431344 -7.8464785 -3.1945355
-3.4938004 -10.129499 -3.0694754
-5.01231 -12.512664 -3.0727482
-5.1260591 -14.861871 -2.932956
-7.8376284 -17.095211 -3.0201969
-7.9990144 -23.191368 -2.6682358
-7.9520459 -19.851381 -2.8715959
-1.3436775 -3.3240476 -3.31898
-1.9670081 -5.6453047 -3.2313964
-3.1677694 -7.8365655 -3.1963511
-3.5230048 -10.111009 -3.0707519
-5.0515952 -12.496856 -3.0756433
-5.1701064 -14.838183 -2.9356589
-7.8879547 -17.063274 -3.0237765
-8.0481997 -23.098299 -2.6706891
-7.9635725 -19.70063 -2.8690586
-1.3558513 -3.3191006 -3.3198798
-1.9902468 -5.6453228 -3.2347732
-3.1994362 -7.8321643 -3.1998153
-3.5639813 -10.10921 -3.0748446
-5.0883603 -12.456219 -3.0766807
-5.2284222 -14.830386 -2.9404185
-7.9538083 -17.041468 -3.0291269
-8.4100876 -23.855162 -2.7082489
-7.9844642 -19.54583 -2.8672259
-1.3688116 -3.3176987 -3.3223252
-2.0138211 -5.6492262 -3.239042
-3.229748 -7.8281999 -3.2031856
-3.5965931 -10.089262 -3.0763769
-5.1333232 -12.442047 -3.0802934
-5.2801585 -14.812046 -2.9441011
-8.0166407 -17.020805 -3.0342584
-8.4906273 -23.818142 -2.7138689
-8.1165047 -19.672625 -2.8811707
-1.3762014 -3.3028615 -3.3184218
-2.0322225 -5.6385388 -3.2394924
-3.258563 -7.8204994 -3.205889
-3.63447 -10.084084 -3.0798693
-5.176723 -12.424053 -3.0835197
-5.3318305 -14.793525 -2.9477899
-8.0674591 -16.974733 -3.0374913
-8.5480108 -23.717037 -2.7168961
-8.2924623 -19.901777 -2.9011574
-1.3913625 -3.3083048 -3.3240039
-2.0469546 -5.6209106 -3.2379582
-3.2829576 -7.806035 -3.2071466
-3.6665368 -10.068262 -3.0817711
-5.2194314 -12.410476 -3.0869827
-5.3740525 -14.757077 -2.9497821
-8.1150951 -16.92993 -3.0404902
-8.617053 -23.662315 -2.721447
-8.2965889 -19.727169 -2.8975317
-1.4020611 -3.2998462 -3.3233202
-2.0715368 -5.6242142 -3.2423112
-3.3130803 -7.7975597 -3.2099595
-3.7034147 -10.054756 -3.084419
-5.2617807 -12.383959 -3.0895917
-5.4281039 -14.737281 -2.9536631
-8.1770926 -16.900074 -3.0453172
-8.6292496 -23.428379 -2.7193146
-8.3891048 -19.744329 -2.9057229
-1.4124206 -3.2954254 -3.3240969
-2.0865095 -5.6104574 -3.2416644
-3.3391047 -7.7907176 -3.212471
-3.732228 -10.035663 -3.0857067
-5.2990952 -12.36372 -3.0921111
-5.4771476 -14.727612 -2.9576054
-8.2336349 -16.88146 -3.0500104
-8.7083712 -23.416113 -2.7252331
-8.3725634 -19.53466 -2.8995993
-1.4210362 -3.2838209 -3.3217785
-2.1101477 -5.6139569 -3.2459576
-3.3631651 -7.7718153 -3.21316
-3.7672377 -10.022573 -3.0882344
-5.3422222 -12.345147 -3.0953536
-5.5285249 -14.708403 -2.9613147
-8.2907572 -16.849043 -3.0543442
-8.8012905 -23.415455 -2.7323833
-8.4312038 -19.483362 -2.903424
-1.4336346 -3.2783403 -3.3227286
-2.1303189 -5.6022129 -3.2465565
-3.3976965 -7.7696261 -3.2174432
-3.8070984 -10.011728 -3.0915139
-5.3911748 -12.328179 -3.0993228
-5.5821328 -14.67963 -2.9647872
-8.3429861 -16.792116 -3.057478
-8.8684416 -23.321812 -2.7363687
-8.5315094 -19.509289 -2.91254
-1.4453895 -3.2771373 -3.3251002
-2.1465278 -5.5918965 -3.2468722
-3.4236708 -7.7625017 -3.2199671
-3.8399487 -10.003409 -3.0942926
-5.4330797 -12.318442 -3.1030469
-5.6239467 -14.650884 -2.9672103
-8.3885651 -16.751579 -3.0605166
-8.9416647 -23.293837 -2.7416868
-8.5959749 -19.489687 -2.917609
-8.3260088 -25.323704 -2.5663443
-1.4588662 -3.2751291 -3.3276043
-2.1670086 -5.5839915 -3.248364
-3.4505031 -7.7463193 -3.2214432
-3.8751569 -9.9855824 -3.0964646
-5.47012 -12.280324 -3.1044714
-5.6804848 -14.637588 -2.9717369
-8.4534998 -16.727833 -3.0659206
-9.1034927 -23.458063 -2.7563493
-8.7306156 -19.60008 -2.931576
-1.4697188 -3.2702732 -3.3284297
-2.186919 -5.5803609 -3.2506795
-3.4745631 -7.7312555 -3.2227144
-3.9125748 -9.983717 -3.1003737
-5.5140653 -12.269355 -3.1083672
-5.7318945 -14.626076 -2.9759004
-8.4944592 -16.671318 -3.0680687
-8.7590046 -22.350351 -2.7155406
-8.8119049 -19.607382 -2.9387188
-8.5929937 -25.533575 -2.5875096
-1.479628 -3.2618217 -3.3277042
-2.2049675 -5.5691118 -3.2511406
-3.5031507 -7.7226529 -3.2254536
-3.9459469 -9.9663239 -3.1024268
-5.5535827 -12.242805 -3.1108294
-5.7814517 -14.60228 -2.979327
-8.5562439 -16.648649 -3.0732505
-9.2321091 -23.317644 -2.7646279
-8.8654737 -19.543829 -2.9419448
-8.6447668 -25.393837 -2.5901546
-1.4894954 -3.2533407 -3.326978
-2.2258239 -5.5649576 -3.2535334
-3.5284524 -7.70681 -3.2268312
-3.9836466 -9.9598284 -3.1059792
-5.6012387 -12.234169 -3.1153026
-5.8338642 -14.585703 -2.9833808
-8.6069727 -16.604536 -3.0767474
-9.2852888 -23.214882 -2.7675216
-8.8655949 -19.364143 -2.9380503
-1.5029309 -3.2511504 -3.3294897
-2.2447619 -5.5531912 -3.2540686
-3.5550306 -7.6902666 -3.228313
-4.021606 -9.9488258 -3.1091671
-5.6443772 -12.209955 -3.1183372
-5.8843036 -14.556849 -2.986691
-8.6603928 -16.558765 -3.0804732
-9.3493786 -23.128902 -2.7715018
-8.8946877 -19.241051 -2.9379115
-8.7133017 -25.007145 -2.5920765
-1.516768 -3.2527194 -3.3335154
-2.263165 -5.5457168 -3.2554286
-3.5788553 -7.67488 -3.2295892
-4.0545759 -9.9354353 -3.1116033
-5.6898661 -12.201958 -3.122663
-5.9295387 -14.529891 -2.9896281
-8.7096825 -16.519382 -3.0840178
-9.1455975 -22.410603 -2.7466421
-8.9483347 -19.189766 -2.941473
-8.7842493 -24.944225 -2.5968091
-1.5296561 -3.2506857 -3.33599
-2.2839766 -5.5413446 -3.2578304
-3.6089628 -7.6694388 -3.233026
-4.0862188 -9.9139128 -3.1131675
-5.7290449 -12.174844 -3.1251369
-5.9756732 -14.498075 -2.9924395
-8.7691612 -16.492399 -3.0889332
-9.2055197 -22.334272 -2.7504539
-9.0865564 -19.309921 -2.9560916
-1.5404276 -3.2455952 -3.3368235
-2.3052995 -5.540853 -3.2611334
-3.6343763 -7.6574287 -3.2349927
-4.1190724 -9.9003086 -3.1156089
-5.7659845 -12.148609 -3.1274467
-6.0191355 -14.467164 -2.9950628
-8.8200426 -16.456207 -3.0927656
-9.2795334 -22.303623 -2.7559543
-9.1966972 -19.37693 -2.9671457
-8.9754562 -24.943954 -2.6109648
-1.5486153 -3.233659 -3.3345001
-2.3216419 -5.5256696 -3.2606335
-3.6678598 -7.6588464 -3.239816
-4.1566672 -9.893158 -3.1191902
-5.8169241 -12.146301 -3.1327701
-6.0665164 -14.438732 -2.9981902
-8.879323 -16.428822 -3.0976918
-9.6339998 -22.92959 -2.7916319
-9.2573891 -19.330326 -2.9714825
-1.560457 -3.2279613 -3.3354218
-2.340374 -5.5135775 -3.2611752
-3.692492 -7.6382885 -3.2406218
-4.1928997 -9.8778563 -3.1218984
-5.8631306 -12.128471 -3.1366405
-6.1131806 -14.401755 -3.0008721
-8.9261322 -16.371689 -3.1005518
-9.7148581 -22.886778 -2.7975731
-9.3021498 -19.242426 -2.9735723
-1.5748942 -3.2290113 -3.3395064
-2.3596065 -5.505374 -3.2626169
-3.7156942 -7.6183019 -3.2413225
-4.2257986 -9.8595266 -3.1239758
-5.9106517 -12.118631 -3.1411703
-6.1665506 -14.387639 -3.0052752
-8.9793921 -16.333452 -3.1046166
-9.4488678 -22.045858 -2.7664011
-9.3692646 -19.209837 -2.9788117
-1.5855933 -3.2237706 -3.340344
-2.3778503 -5.4975185 -3.2639885
-3.7426689 -7.609458 -3.2439895
-4.2553329 -9.8382025 -3.1254187
-5.9402986 -12.077599 -3.141854
-6.2158074 -14.370761 -3.0091794
-9.0277157 -16.293133 -3.1081595
-9.4949942 -21.952143 -2.7690067
-9.4575491 -19.228745 -2.9870143
-1.5952247 -3.2149694 -3.3396223
-2.398566 -5.4927158 -3.266408
-3.7709496 -7.5998616 -3.2467644
-4.2959738 -9.837779 -3.1300364
-5.9806552 -12.053238 -3.1447501
-6.2643375 -14.345333 -3.0126374
-9.0981264 -16.285862 -3.1148443
-9.8845415 -22.635599 -2.8082502
-9.4732199 -19.092051 -2.9855831
-1.6021278 -3.1993766 -3.3357329
-2.4155726 -5.4768391 -3.2659793
-3.8005352 -7.5894966 -3.2496483
-4.3351922 -9.8292007 -3.1337779
-6.0265684 -12.034784 -3.1486378
-6.3152695 -14.318639 -3.0162885
-9.1499376 -16.238529 -3.1185675
-9.9964237 -22.664936 -2.8176105
-9.5145702 -19.000166 -2.9873776
-1.6159965 -3.2005181 -3.3397827
-2.4305892 -5.46176 -3.2654042
-3.8221469 -7.5698495 -3.2502477
-4.3613353 -9.8003263 -3.1342096
-6.0628676 -12.007648 -3.1509612
-6.3659511 -14.304885 -3.0205317
-9.1978359 -16.197706 -3.1221147
-10.087752 -22.668119 -2.8250332
-9.5236187 -18.861744 -2.9853637
-1.6304492 -3.2013185 -3.3438811
-2.4512184 -5.4567561 -3.2678297
-3.8396468 -7.5389853 -3.2488668
-4.3987584 -9.7922535 -3.1378303
-6.1065469 -11.989948 -3.1546919
-6.4109578 -14.271691 -3.0233562
-9.2523422 -16.162045 -3.1264813
-9.6093035 -18.867462 -2.9931462
-1.6399575 -3.1923831 -3.3431602
-2.4702511 -5.4481668 -3.2692814
-3.867732 -7.5290251 -3.2516506
-4.4312806 -9.7732401 -3.1399236
-6.1501756 -11.972088 -3.1584284
-6.4590936 -14.245604 -3.0268281
-9.2927761 -16.102053 -3.1287849
-10.267181 -22.644384 -2.8393371
-9.7042522 -18.890543 -3.0021303
-1.6577622 -3.1995139 -3.3504827
-2.4940627 -5.4500179 -3.2736702
-3.89399 -7.5154781 -3.2537425
-4.4637246 -9.754117 -3.1420188
-6.1882782 -11.9435 -3.160923
-6.5021625 -14.208505 -3.0293276
-9.3469248 -16.066074 -3.1331494
-9.7572956 -18.831774 -3.005728
-1.6571677 -3.1712172 -3.3401053
-2.5130715 -5.4412789 -3.2751284
-3.9220171 -7.5053163 -3.2565339
-4.496088 -9.7348881 -3.144115
-6.2336068 -11.92886 -3.1650846
-6.5483847 -14.178501 -3.0324769
-9.4049635 -16.036785 -3.1381104
-10.376499 -22.467098 -2.846307
-9.845129 -18.840002 -3.0138171
-1.6732979 -3.1750345 -3.3458238
-2.5304227 -5.4289823 -3.2756081
-3.9555063 -7.5054593 -3.2614243
-4.5317121 -9.7227173 -3.1472418
-6.2733588 -11.903518 -3.1680005
-6.5927968 -14.144742 -3.0352998
-9.4568319 -15.997001 -3.1421835
-10.422832 -22.362022 -2.8489623
-9.938714 -18.858423 -3.0226488
-9.6608534 -23.685013 -2.6535356
-1.6838168 -3.1694686 -3.3466692
-2.5500495 -5.4240475 -3.2779772
-3.9730113 -7.478447 -3.2606258
-4.5622449 -9.7040586 -3.1492119
-6.3146567 -11.886154 -3.1715882
-6.6362791 -14.115604 -3.038259
-9.5016727 -15.951867 -3.1454246
-10.495228 -22.323727 -2.8545003
-10.004933 -18.832407 -3.028147
-9.7423782 -23.660233 -2.6596339
-1.6977408 -3.170259 -3.3507402
-2.5663724 -5.4120812 -3.2783856
-4.0014925 -7.472146 -3.2640226
-4.5859332 -9.6710215 -3.1491184
-6.3615313 -11.879141 -3.1764405
-6.6796446 -14.086334 -3.0412195
-9.5524702 -15.916856 -3.1495624
-10.582877 -22.317644 -2.8616583
-10.020278 -18.711264 -3.0271833
-1.7007334 -3.1480675 -3.3436112
-2.5878546 -5.4061127 -3.2809064
-4.0269885 -7.4539785 -3.2655327
-4.6247616 -9.6612768 -3.1529007
-6.3993697 -11.84527 -3.1786935
-6.7329464 -14.065344 -3.0455523
-9.604557 -15.871513 -3.1535671
-10.606027 -22.156334 -2.8618653
-10.113426 -18.720009 -3.0358498
-1.7111636 -3.1424103 -3.3444567
-2.6057677 -5.397501 -3.2823005
-4.0535603 -7.4440279 -3.2682364
-4.6584926 -9.6494474 -3.1559103
-6.4348207 -11.817016 -3.1810315
-6.7778225 -14.039357 -3.0488477
-9.6384792 -15.808972 -3.1552904
-10.365443 -21.470636 -2.8347533
-10.171635 -18.679365 -3.0403936
-1.7226697 -3.1361175 -3.3453922
-2.6221583 -5.3809886 -3.281873
-4.082706 -7.4325595 -3.2711554
-4.6938286 -9.632309 -3.1586678
-6.48382 -11.803783 -3.185817
-6.8344603 -14.025146 -3.0538561
-9.6942711 -15.770146 -3.1598911
-10.625855 -21.805552 -2.8598566
-10.24195 -18.645452 -3.0461967
-1.7388757 -3.1395988 -3.3511324
-2.644325 -5.3787165 -3.2853138
-4.1029243 -7.4079685 -3.2711568
-4.732655 -9.6265059 -3.1628578
-6.5230613 -11.777608 -3.1887496
-6.8781128 -13.990497 -3.0566859
-9.751359 -15.739596 -3.1648684
-10.758243 -21.882914 -2.8716772
-10.272204 -18.546814 -3.047112
-1.7498244 -3.1335099 -3.3520277
-2.663084 -5.369453 -3.2867866
-4.1249332 -7.3867521 -3.2718594
-4.7592039 -9.5957632 -3.163409
-6.5544605 -11.737444 -3.1899853
-6.9198384 -13.952149 -3.0591805
-9.7999134 -15.695328 -3.1686311
-10.999449 -22.177679 -2.8948121
-10.32522 -18.489956 -3.0509334
-10.155906 -23.268085 -2.689182
-1.7589732 -3.1242237 -3.351306
-2.6800873 -5.3566799 -3.2872729
-4.1487694 -7.3688912 -3.2732663
-4.797976 -9.5896959 -3.1676099
-6.5934453 -11.711036 -3.1929166
-6.961381 -13.913685 -3.0616715
-9.8482771 -15.650911 -3.1723914
-11.044659 -22.074915 -2.8975658
-10.383831 -18.44338 -3.0554845
-1.7693241 -3.1183736 -3.3521574
-2.6943665 -5.3408847 -3.2866969
-4.173183 -7.355093 -3.2752743
-4.827971 -9.5702038 -3.1695957
-6.6263704 -11.678753 -3.194828
-7.005692 -13.886972 -3.0649755
-9.9086533 -15.631621 -3.1780653
-11.051304 -21.906351 -2.8964493
-10.431164 -18.384573 -3.0587842
-1.7861425 -3.1213076 -3.3579586
-2.7121747 -5.3275409 -3.2872558
-4.2020583 -7.343153 -3.2782037
-4.8630128 -9.5524454 -3.1723707
-6.6730695 -11.661277 -3.1992109
-7.0547352 -13.857658 -3.0686648
-9.961587 -15.58849 -3.1823702
-10.691613 -21.0016 -2.8572903
-10.500453 -18.349682 -3.0645847
-1.793404 -3.1087732 -3.3556178
-2.7342739 -5.324894 -3.2907126
-4.2335453 -7.3386326 -3.2824495
-4.8927169 -9.5283794 -3.1739664
-6.7117515 -11.634475 -3.2021472
-7.0976148 -13.822334 -3.0714896
-10.003003 -15.533532 -3.1852043
-11.153092 -21.720222 -2.9032094
-10.478778 -18.164421 -3.0591867
-1.8013403 -3.0999892 -3.3548059
-2.7527597 -5.3196993 -3.2930355
-4.2546091 -7.3219047 -3.2836511
-4.9226274 -9.5129614 -3.1763484
-6.7402949 -11.599608 -3.2034593
-7.1391773 -13.796437 -3.0746062
-10.030087 -15.468613 -3.1863213
-10.425628 -17.941826 -3.0501912
-1.8132302 -3.09305 -3.3557954
-2.7749491 -5.3125048 -3.2956581
-4.2846756 -7.3088984 -3.2866991
-4.9609485 -9.4974937 -3.1797903
-6.7908053 -11.583913 -3.2084537
-7.1957817 -13.775973 -3.0795131
-10.045815 -15.36332 -3.1852458
-11.326627 -21.684275 -2.9175663
-10.440004 -17.808802 -3.0491502
-1.824016 -3.0867016 -3.3566959
-2.7898858 -5.29597 -3.2951553
-4.3041759 -7.2837667 -3.2866912
-4.992229 -9.4766226 -3.181916
-6.835237 -11.566969 -3.2126894
-7.2364116 -13.736698 -3.0819988
-10.110339 -15.344788 -3.1914694
-11.413408 -21.665787 -2.9247725
-1.8347796 -3.0803156 -3.3575971
-2.7975121 -5.2657886 -3.2906723
-4.3315825 -7.2720671 -3.2895305
-5.0308409 -9.4696083 -3.1861584
-6.8755722 -11.543038 -3.2160666
-7.2824512 -13.70784 -3.0855064
-10.205695 -15.372444 -3.202091
-11.477736 -21.604671 -2.9296908
-10.768098 -18.077997 -3.0847912
-1.8431188 -3.071106 -3.3568289
-2.8149588 -5.2564826 -3.2920783
-4.3536553 -7.2543001 -3.2908399
-5.0603499 -9.4493895 -3.1881568
-6.9178963 -11.526979 -3.220145
-7.3278685 -13.683615 -3.0891662
-10.263257 -15.348448 -3.2074921
-11.596409 -21.654428 -2.9402881
-10.846451 -18.072952 -3.092103
-1.8581165 -3.0705333 -3.3610282
-2.8378677 -5.2529078 -3.2956266
-4.3802147 -7.2382946 -3.2930768
-5.0949502 -9.4307785 -3.1909533
-6.9559898 -11.494757 -3.2228301
-7.3798633 -13.660165 -3.0935595
-10.297185 -15.277704 -3.2092752
-11.654838 -21.573162 -2.9445601
-10.910556 -18.029667 -3.0974212
-1.8677539 -3.0646803 -3.3618424
-2.8561983 -5.2473497 -3.2979605
-4.4049745 -7.2278471 -3.2957113
-5.1245532 -9.4147253 -3.1933525
-6.9879384 -11.46607 -3.2250061
-7.4303474 -13.650884 -3.0984137
-10.340658 -15.238686 -3.2128668
-11.68631 -21.469851 -2.9463418
-10.967144 -17.9953 -3.102201
-1.8751774 -3.0516372 -3.3595369
-2.8791182 -5.2435994 -3.3015187
-4.4314346 -7.2116547 -3.2979529
-5.1590233 -9.3958807 -3.1961544
-7.0278368 -11.437002 -3.2281256
-7.4822412 -13.627046 -3.1028221
-10.387444 -15.187536 -3.2165263
-11.761076 -21.419882 -2.9523387
-11.010064 -17.917624 -3.1049585
-1.8871948 -3.0484843 -3.3620245
-2.8927608 -5.2272825 -3.3009365
-4.4615188 -7.206924 -3.3021359
-5.1901531 -9.3787212 -3.1986921
-7.0678134 -11.417008 -3.2317822
-7.5254641 -13.59868 -3.1061556
-10.424196 -15.133328 -3.2190759
-11.806926 -21.335375 -2.9555621
-11.065224 -17.874235 -3.1094866
-1.896436 -3.0384715 -3.361346
-2.9137774 -5.2200079 -3.3035014
-4.4816732 -7.1805415 -3.302228
-5.2244925 -9.3596354 -3.2014997
-7.1075106 -11.38766 -3.2349057
-7.5713782 -13.56406 -3.1095312
-10.493219 -15.114648 -3.2259157
-11.892824 -21.305895 -2.9627416
-11.117996 -17.813265 -3.1135111
-1.9070307 -3.0318332 -3.3622515
-2.9338706 -5.2131624 -3.3059955
-4.5087996 -7.1681738 -3.3050883
-5.2571325 -9.341341 -3.2041764
-7.142992 -11.356062 -3.2374206
-7.6245313 -13.547946 -3.1144564
-10.543634 -15.074664 -3.2302945
-12.004306 -21.33032 -2.9726181
-11.190722 -17.79122 -3.1201189
-1.9184859 -3.0288897 -3.3646986
-2.9464343 -5.1972175 -3.305337
-4.5291977 -7.15066 -3.3062959
-5.2786565 -9.3110266 -3.2044411
-7.1786327 -11.333566 -3.2404759
-7.6592107 -13.510087 -3.116555
-10.584063 -15.031696 -3.2335618
-12.120458 -21.379284 -2.9831245
-11.257227 -17.772816 -3.1262083
-1.9256728 -3.015727 -3.3623872
-2.9635518 -5.1830397 -3.3059034
-4.5574875 -7.1373181 -3.3092685
-5.3166723 -9.2984781 -3.208328
-7.2222614 -11.310525 -3.2444847
-7.702755 -13.471567 -3.1195824
-10.616037 -14.960322 -3.2352753
-12.210621 -21.355501 -2.9907868
-11.333021 -17.748238 -3.1331103
-1.9337016 -3.0062752 -3.3616154
-2.9788001 -5.1698461 -3.3063197
-4.581131 -7.1221642 -3.3113072
-5.3514247 -9.2876463 -3.2119534
-7.2618756 -11.289847 -3.248158
-7.749372 -13.449395 -3.1236258
-10.654012 -14.908834 -3.2381177
-12.267427 -21.290689 -2.995225
-11.385345 -17.700497 -3.1373928
-1.9447063 -2.9991682 -3.3625672
-2.9977272 -5.1588941 -3.3078899
-4.600801 -7.0954547 -3.3113911
-5.3834414 -9.264554 -3.2142348
-7.3032031 -11.263158 -3.2517326
-7.7826266 -13.393395 -3.1248894
-10.699269 -14.856759 -3.2417457
-12.15893 -20.924728 -2.9828057
-11.421942 -17.615166 -3.1395693
-1.9611125 -3.001466 -3.3683798
-3.0157173 -5.1483984 -3.3093867
-4.627686 -7.0826344 -3.3142622
-5.4117532 -9.238884 -3.2158418
-7.3381343 -11.230952 -3.2542505
-7.8273215 -13.362715 -3.128422
-10.755743 -14.825769 -3.2470856
-12.377107 -21.130058 -3.0035706
-11.492085 -17.588539 -3.1459565
-12.248771 -23.469639 -2.8581603
-1.9710552 -2.9949462 -3.3692451
-3.0366893 -5.1450047 -3.312824
-4.6533041 -7.0705256 -3.3170292
-5.4524055 -9.2379065 -3.2211039
-7.3731565 -11.203241 -3.2570422
-7.8655262 -13.32641 -3.1310525
-10.804849 -14.790021 -3.251545
-12.36801 -20.954882 -3.0014164
-11.545964 -17.543671 -3.1504951
-12.545852 -23.845749 -2.8841951
-1.9820187 -2.9877017 -3.3702018
-3.0535562 -5.1305289 -3.3133929
-4.6748509 -7.046886 -3.3178351
-5.4902711 -9.2246523 -3.2250202
-7.4053941 -11.162916 -3.2588353
-7.9041476 -13.280404 -3.1333578
-10.85426 -14.743902 -3.2558217
-12.505954 -21.012274 -3.0140204
-11.588148 -17.468014 -3.1534333
-12.569532 -23.679726 -2.8854663
-1.9944508 -2.9837792 -3.372752
-3.0674837 -5.1132331 -3.3128769
-4.701601 -7.0337853 -3.3207138
-5.5204048 -9.2020435 -3.2271771
-7.4465218 -11.140298 -3.2626903
-7.9361358 -13.22886 -3.1347489
-10.896173 -14.693129 -3.2592053
-12.53817 -20.900059 -3.0160301
-11.677856 -17.470545 -3.1622455
-12.620089 -23.575876 -2.8892314
-2.0043344 -2.9771488 -3.3736198
-3.0864155 -5.1063294 -3.3153131
-4.7205195 -7.0116491 -3.3213024
-5.5529342 -9.1870689 -3.2302883
-7.4789915 -11.10896 -3.2650335
-7.9779043 -13.199067 -3.1380813
-10.935305 -14.644151 -3.2623484
-12.607409 -20.858366 -3.0218599
-11.709008 -17.392038 -3.1641028
-12.705783 -23.547949 -2.8962259
-2.0147145 -2.970134 -3.3745339
-3.1042213 -5.0955243 -3.3168166
-4.744966 -6.9951282 -3.3234553
-5.5849695 -9.1676283 -3.2329936
-7.5221782 -11.089352 -3.2693436
-8.0156527 -13.157552 -3.1405332
-10.969598 -14.58361 -3.26473
-12.673916 -20.804008 -3.0273745
-11.774122 -17.357656 -3.1699824
-2.0230243 -2.9600902 -3.3738079
-3.1260202 -5.0912228 -3.3203449
-4.7671409 -6.9752831 -3.3248789
-5.6148686 -9.1447096 -3.2351544
-7.5586023 -11.059751 -3.2723083
-8.0552893 -13.119325 -3.1433399
-11.025249 -14.551578 -3.2700813
-12.729753 -20.732433 -3.0318379
-11.830142 -17.30987 -3.1747868
-12.785389 -23.304682 -2.901937
-2.037456 -2.9589827 -3.3780055
-3.1478255 -5.0868316 -3.3238783
-4.7981324 -6.9682932 -3.3292284
-5.6509128 -9.1317778 -3.2389579
-7.6016607 -11.039838 -3.2766278
-8.1031256 -13.09451 -3.1475863
-11.095303 -14.538334 -3.2774329
-12.734849 -20.579296 -3.0312245
-11.908576 -17.294741 -3.1823072
-12.864722 -23.256422 -2.9083865
-2.045706 -2.948874 -3.37728
-3.1594479 -5.0660067 -3.3223484
-4.817956 -6.9450574 -3.3299224
-5.6806631 -9.1086416 -3.2411222
-7.6378894 -11.009975 -3.2795959
-8.1529942 -13.072893 -3.1521997
-11.138701 -14.490044 -3.281136
-12.717924 -20.392515 -3.0284319
-11.966602 -17.24979 -3.1873934
-12.889437 -23.110271 -2.9099467
-2.0559871 -2.941715 -3.3781965
-3.179162 -5.0582085 -3.3248727
-4.8421702 -6.9281969 -3.3320811
-5.7145271 -9.092103 -3.244386
-7.6671829 -10.970237 -3.2812033
-8.2028093 -13.051087 -3.1568203
-11.172146 -14.429029 -3.2834978
-12.791151 -20.351372 -3.0347211
-12.013041 -17.188307 -3.1911123
-12.913288 -22.964233 -2.9114556
-2.0719905 -2.9437742 -3.3840005
-3.1938577 -5.044384 -3.3252931
-4.8718901 -6.9217234 -3.3363361
-5.7446465 -9.0731039 -3.2469673
-7.708087 -10.951241 -3.2853613
-8.2460442 -13.023815 -3.1605258
-11.215036 -14.38562 -3.2872896
-12.916203 -20.39987 -3.046278
-12.069972 -17.148376 -3.1962025
-12.879158 -22.726801 -2.9078131
-2.0696726 -2.9187806 -3.3750494
-3.2114465 -5.0332041 -3.3268049
-4.9028287 -6.9142737 -3.3407071
-5.78266 -9.0629902 -3.2513411
-7.7370868 -10.91132 -3.286963
-8.2743425 -12.96813 -3.1615121
-11.257805 -14.336988 -3.2909772
-12.961579 -20.314295 -3.0498116
-12.879202 -22.543066 -2.9072378
-2.0777409 -2.9085882 -3.3743186
-3.226913 -5.0187235 -3.3273003
-4.929215 -6.9003096 -3.3436122
-5.8142605 -9.0427494 -3.2540655
-7.7751274 -10.884246 -3.2903848
-8.3131075 -12.929132 -3.1643136
-11.312722 -14.303849 -3.2963483
-13.0432 -20.285707 -3.0569983
-12.143049 -16.998812 -3.2013938
-12.983715 -22.542938 -2.9160628
-2.094234 -2.9101453 -3.3801749
-3.2423177 -5.0041966 -3.327795
-4.9555621 -6.8862443 -3.3465202
-5.8436418 -9.019083 -3.2562385
-7.8084383 -10.850598 -3.2928936
-8.3560247 -12.896698 -3.167845
-11.360103 -14.261157 -3.3007102
-13.122611 -20.25345 -3.0639827
-12.22327 -16.985445 -3.2092409
-13.11043 -22.580332 -2.9268968
-2.1022518 -2.8998823 -3.3794451
-3.2618723 -4.9960732 -3.3303277
-4.9795694 -6.8689041 -3.3486931
-5.8750896 -8.9986296 -3.258966
-7.8392797 -10.813638 -3.2949414
-8.4009933 -12.867451 -3.1717451
-11.399846 -14.208992 -3.3040531
-13.210682 -20.234249 -3.0718524
-12.287168 -16.949129 -3.2151585
-13.449286 -22.978849 -2.9567635
-2.1123614 -2.8925264 -3.380363
-3.2835259 -4.9910927 -3.3338842
-5.0012035 -6.8483133 -3.3501277
-5.9021206 -8.9714632 -3.2605844
-7.8722982 -10.779798 -3.2974448
-8.4436722 -12.834724 -3.1752794
-11.449376 -14.169111 -3.3087518
-13.285618 -20.194677 -3.078428
-12.339202 -16.896477 -3.2196836
-13.172418 -22.326664 -2.9314611
-2.1160002 -2.8763752 -3.3763316
-3.3009272 -4.9796014 -3.3354025
-5.0250769 -6.8308153 -3.3523021
-5.9399495 -8.9606895 -3.2649832
-7.9004717 -10.73947 -3.2990246
-8.4774323 -12.7886 -3.1773357
-11.496249 -14.125974 -3.3131104
-13.360435 -20.154835 -3.0850117
-12.386292 -16.837248 -3.2236435
-13.391053 -22.517286 -2.9505856
-2.1303446 -2.8747966 -3.3805492
-3.3182893 -4.9680486 -3.3369222
-5.0512252 -6.8163829 -3.3552189
-5.9668026 -8.9333277 -3.2666025
-7.9402738 -10.715014 -3.3029065
-8.5198135 -12.755623 -3.1808674
-11.542962 -14.082677 -3.3174686
-13.412977 -20.08153 -3.0893931
-12.41888 -16.758675 -3.2259054
-13.701488 -22.857294 -2.9779401
-2.1403666 -2.8673427 -3.3814676
-3.3356106 -4.9564357 -3.3384428
-5.0773349 -6.8018527 -3.358139
-6.0023618 -8.9190025 -3.2704539
-7.9752545 -10.684052 -3.3058667
-8.5598459 -12.719208 -3.1840284
-11.581907 -14.030012 -3.3207958
-13.494132 -20.05114 -3.0966501
-12.462994 -16.696053 -3.2295618
-13.843121 -22.911827 -2.9901924
-2.1547198 -2.8656487 -3.3856919
-3.3528917 -4.9447613 -3.3399644
-5.0916181 -6.7715483 -3.3573444
-6.0312409 -8.8947239 -3.2726326
-8.0244236 -10.672005 -3.3116093
-8.6019602 -12.685957 -3.1875603
-11.618081 -13.974186 -3.323772
-13.557323 -19.994003 -3.1021366
-12.530782 -16.665194 -3.2360477
-13.879413 -22.791767 -2.9930365
-2.1615243 -2.8559749 -3.3848674
-3.3705812 -4.9373846 -3.3423598
-5.1104994 -6.7523913 -3.3585589
-6.0569267 -8.8724689 -3.2745371
-8.0459385 -10.630923 -3.3123734
-8.6305609 -12.642448 -3.189208
-11.656814 -13.931509 -3.3273065
-13.62682 -19.961201 -3.1083496
-12.5518 -16.584419 -3.2371662
-13.892515 -22.652773 -2.9938664
-2.1741755 -2.8509159 -3.3874886
-3.3908389 -4.9281712 -3.3449869
-5.1328349 -6.7304964 -3.3600988
-6.0894055 -8.8502102 -3.2774136
-8.0704107 -10.582431 -3.3131773
-8.6745863 -12.607455 -3.1929321
-11.707797 -13.888692 -3.3322361
-13.641083 -19.825653 -3.1089678
-12.5714 -16.484411 -3.2379189
-2.1747856 -2.8321896 -3.381743
-3.4027739 -4.9105682 -3.3443828
-5.1575136 -6.7165499 -3.3629134
-6.1187191 -8.8299685 -3.2800179
-8.1078749 -10.55876 -3.3168952
-8.7208738 -12.585157 -3.1973932
-11.753787 -13.849792 -3.3366971
-13.624931 -19.662239 -3.1066618
-12.635706 -16.455282 -3.2441311
-13.005566 -20.878075 -2.9138834
-2.1890953 -2.8303154 -3.3859744
-3.4265103 -4.9081345 -3.3489928
-5.1809292 -6.6985044 -3.365092
-6.1472445 -8.805315 -3.2821975
-8.1422567 -10.527251 -3.3198528
-8.7693081 -12.561159 -3.2020566
-11.791714 -13.796565 -3.3400002
-13.679783 -19.594925 -3.1114078
-12.61746 -16.313313 -3.2405438
-14.005869 -22.309961 -3.0030007
-2.198961 -2.8226571 -3.3868952
-3.4391892 -4.889843 -3.3484638
-5.1970477 -6.6710978 -3.365026
-6.1756673 -8.780571 -3.2843766
-8.1813917 -10.501898 -3.3237469
-8.8199635 -12.540233 -3.2071035
-11.842396 -13.758342 -3.3450441
-13.741208 -19.537264 -3.1168289
-12.791929 -16.420132 -3.2597208
-14.179697 -22.412743 -3.0182467
-2.2020867 -2.8064077 -3.3828421
-3.4540105 -4.8746657 -3.3489621
-5.2275658 -6.6621723 -3.3694522
-6.2039957 -8.7557354 -3.2865555
-8.2204504 -10.476397 -3.3276448
-8.8751793 -12.525594 -3.2129164
-11.879916 -13.704882 -3.3483384
-13.86469 -19.56732 -3.1284351
-12.876241 -16.409882 -3.2682705
-12.871547 -20.18873 -2.9011109
-2.2168546 -2.8040059 -3.3871253
-3.4718535 -4.8619733 -3.3505666
-5.2543817 -6.6460452 -3.3724935
-6.2360444 -8.7329378 -3.289438
-8.25387 -10.439972 -3.3303051
-8.9187164 -12.489744 -3.21666
-11.919589 -13.64925 -3.3518596
-13.94095 -19.522865 -3.1353371
-12.901684 -16.318794 -3.2698379
-14.080718 -21.907736 -3.0088847
-2.2216253 -2.7909663 -3.3846803
-3.4947038 -4.8598146 -3.3551157
-5.276392 -6.6285844 -3.3745677
-6.2672777 -8.7154188 -3.2926147
-8.2785606 -10.400126 -3.3316765
-8.9461546 -12.440726 -3.2181075
-11.964785 -13.609647 -3.3563161
-13.898454 -19.327505 -3.1305351
-12.943314 -16.260324 -3.2734711
-14.246575 -22.005011 -3.0234895
-2.2336221 -2.7860224 -3.3872612
-3.507127 -4.8413472 -3.3545825
-5.3019514 -6.6131849 -3.3775046
-6.2953434 -8.6902885 -3.2947955
-8.3297071 -10.389739 -3.3379405
-8.9778614 -12.393319 -3.2201233
-12.00694 -13.561835 -3.3603005
-13.944767 -19.24979 -3.134542
-12.965082 -16.171495 -3.2747266
-13.819467 -21.182856 -2.9851532
-2.2506523 -2.7862775 -3.393214
-3.524848 -4.8284602 -3.3561912
-5.3236899 -6.5906572 -3.3790464
-6.3318138 -8.6735411 -3.2988222
-8.3577576 -10.346792 -3.3396513
-9.0185347 -12.353906 -3.2234752
-12.053916 -13.514764 -3.364871
-13.554091 -18.56687 -3.0952108
-13.06936 -16.179693 -3.2856343
-13.88824 -21.118721 -2.9911144
-2.2548211 -2.7735672 -3.3907201
-3.5422812 -4.8204675 -3.3586056
-5.356741 -6.5891171 -3.3847868
-6.3520103 -8.6440506 -3.2995884
-8.3902225 -10.320484 -3.3427401
-9.0525923 -12.319102 -3.2262371
-12.090993 -13.4709 -3.368381
-13.595816 -18.50169 -3.0988758
-13.120127 -16.138554 -3.2904642
-14.011819 -21.161518 -3.0020113
-2.2690816 -2.7712901 -3.3949702
-3.5522096 -4.7987857 -3.3570318
-5.3821917 -6.5734143 -3.3877339
-6.3774395 -8.6154728 -3.3011968
-8.4161386 -10.278855 -3.344269
-9.0884371 -12.277841 -3.2290041
-12.132598 -13.422706 -3.3723567
-13.643692 -18.431669 -3.1031182
-13.176377 -16.092661 -3.2958319
-14.07452 -21.095882 -3.0074766
-2.2750912 -2.7569647 -3.392658
-3.5706098 -4.7851105 -3.3587174
-5.4123855 -6.5587506 -3.3916602
-6.4057465 -8.5845861 -3.3030777
-8.4631214 -10.255645 -3.3494732
-9.1307583 -12.236478 -3.2325451
-12.165275 -13.355411 -3.3750079
-13.733457 -18.40473 -3.1114836
-13.197471 -15.992748 -3.2969837
-14.155417 -21.041681 -3.0145762
-2.2800672 -2.7434294 -3.3902497
-3.5919209 -4.7787747 -3.3623271
-5.4352484 -6.5398159 -3.3938568
-6.4356751 -8.562171 -3.3058283
-8.5039444 -10.232141 -3.353864
-9.1710291 -12.201349 -3.2360792
-12.217208 -13.318731 -3.3804083
-13.742479 -18.283312 -3.1119208
-13.273605 -15.971107 -3.3047256
-14.237744 -21.005356 -3.0218351
-2.2933261 -2.7418149 -3.3944123
-3.602267 -4.7613239 -3.3616312
-5.4456997 -6.510675 -3.3927994
-6.4577718 -8.5356092 -3.3071558
-8.5258627 -10.193203 -3.3550417
-9.2093124 -12.17248 -3.2396083
-12.253584 -13.274434 -3.3839042
-14.370425 -18.994221 -3.1736901
-13.328829 -15.935449 -3.3101528
-14.312661 -20.973717 -3.0284581
-2.3005474 -2.7310205 -3.3936687
-3.6235349 -4.754848 -3.3652458
-5.4582853 -6.4796267 -3.3919547
-6.4875274 -8.5130148 -3.309907
-8.5613918 -10.16338 -3.3584762
-9.2517471 -12.140259 -3.2435315
-12.30527 -13.237413 -3.3893094
-14.451154 -18.962984 -3.1812484
-13.340708 -15.836989 -3.3104184
-14.397094 -20.940073 -3.0359423
-2.3100662 -2.7229733 -3.3945918
-3.6330738 -4.7330041 -3.3636601
-5.4757948 -6.4545522 -3.3926234
-6.5172038 -8.4903173 -3.3126593
-8.5968161 -10.133433 -3.3619115
-9.2964888 -12.111045 -3.2478464
-12.348679 -13.191471 -3.3936334
-14.497821 -18.887104 -3.1854563
-13.390749 -15.784245 -3.3151691
-14.472373 -20.892969 -3.0426297
-2.3172023 -2.7121365 -3.3938458
-3.6589983 -4.7324829 -3.3693633
-5.5033884 -6.4413629 -3.3963358
-6.5492191 -8.4706421 -3.3159907
-8.6295586 -10.100344 -3.364866
-9.3411417 -12.081666 -3.2521653
-12.375528 -13.127998 -3.3957775
-14.610036 -18.896358 -3.1961684
-13.469072 -15.764685 -3.3232422
-14.588621 -20.904522 -3.0529923
-2.3271267 -2.7036262 -3.3948145
-3.6715832 -4.7129641 -3.3688936
-5.5218415 -6.4152045 -3.3971112
-6.5777903 -8.4434662 -3.3183055
-8.6716957 -10.074665 -3.3694401
-9.3780251 -12.037938 -3.2551165
-12.415331 -13.073892 -3.3995974
-14.664477 -18.823801 -3.2011685
-13.534563 -15.724281 -3.3297834
-14.561795 -20.703985 -3.0506089
-2.3403571 -2.7017815 -3.3989878
-3.6887496 -4.7044358 -3.3713222
-5.5394015 -6.3948593 -3.3983188
-6.6018472 -8.4196463 -3.3202064
-8.7007093 -10.044372 -3.3720517
-9.4084387 -11.999025 -3.2574744
-12.46185 -13.04058 -3.4045362
-14.610291 -18.633192 -3.1955025
-13.578678 -15.675653 -3.3340063
-14.961247 -21.130524 -3.0862811
-2.3573937 -2.70138 -3.4049754
-3.7083542 -4.6939073 -3.3739841
-5.5602226 -6.3715591 -3.399853
-6.6277604 -8.3891907 -3.321939
-8.7322435 -10.006435 -3.3746924
-9.4572821 -11.970702 -3.2623866
-12.504036 -12.989079 -3.4087162
-14.750216 -18.670317 -3.2089968
-13.625552 -15.613767 -3.3384202
-15.031632 -21.065798 -3.0926137
-18.466476 -19.18281 -3.264214
-2.3639467 -2.6908245 -3.4041841
-3.7286956 -4.6876135 -3.3775403
-5.5761433 -6.3471918 -3.4004011
-6.6580043 -8.3702602 -3.3251381
-8.7575216 -9.9684801 -3.3765001
-9.4969273 -11.939277 -3.2661214
-12.558126 -12.958984 -3.4146273
-14.797147 -18.602566 -3.2133493
-13.690412 -15.58347 -3.345048
-15.09442 -21.006113 -3.0982826
-2.3709226 -2.679841 -3.4034374
-3.7402186 -4.6685567 -3.376991
-5.6060619 -6.3365011 -3.4048886
-6.687181 -8.3469677 -3.3278954
-8.7975235 -9.9437923 -3.3809099
-9.5236254 -11.887429 -3.267679
-12.586596 -12.897966 -3.4170992
-14.85201 -18.538342 -3.2184916
-13.718307 -15.505729 -3.3473449
-15.15595 -20.937126 -3.1038623
-2.3831408 -2.6738396 -3.4060855
-3.7524662 -4.6488223 -3.3765152
-5.6292486 -6.3159118 -3.4071894
-6.7152472 -8.3193264 -3.3302081
-8.8365507 -9.914444 -3.3850083
-9.5721283 -11.858634 -3.2725978
-12.630993 -12.848907 -3.421639
-14.882264 -18.437208 -3.2212107
-13.772394 -15.45237 -3.3526661
-15.199651 -20.836287 -3.1078765
-2.3895738 -2.6632237 -3.4052908
-3.7630031 -4.630374 -3.3758817
-5.6396852 -6.285532 -3.4061964
-6.7403069 -8.2939444 -3.3322439
-8.86938 -9.8850861 -3.3882763
-9.6063843 -11.820652 -3.2755373
-12.684738 -12.818273 -3.4275603
-14.938291 -18.381561 -3.2265213
-13.815575 -15.39771 -3.3568313
-15.245031 -20.753595 -3.1120486
-2.3988557 -2.654866 -3.4062178
-3.7815828 -4.6201911 -3.3784714
-5.6694803 -6.274538 -3.4106934
-6.7717199 -8.2734241 -3.3355882
-8.9038315 -9.8540649 -3.3917172
-9.6450682 -11.78397 -3.2790697
-12.729405 -12.773916 -3.4322388
-15.025108 -18.357094 -3.2348809
-13.861219 -15.340514 -3.3612597
-15.326881 -20.713091 -3.1195021
-2.4134505 -2.6514177 -3.410547
-3.8009419 -4.609272 -3.3811409
-5.6897988 -6.2508154 -3.4122236
-6.8019977 -8.2485495 -3.3384864
-8.929204 -9.8096275 -3.3933654
-9.6983147 -11.760814 -3.2847981
-12.773317 -12.724363 -3.4367788
-15.160832 -18.385021 -3.2480795
-13.879781 -15.248333 -3.3625228
-15.364514 -20.605572 -3.1230366
-2.4173312 -2.6380548 -3.4080722
-3.816205 -4.5966434 -3.3826067
-5.7104959 -6.2319145 -3.4143045
-6.8242621 -8.2198677 -3.3399339
-8.9536419 -9.7711887 -3.3951545
-9.7347193 -11.725531 -3.2881372
-12.804116 -12.670733 -3.4397285
-15.313472 -18.445173 -3.2629848
-13.924881 -15.196346 -3.3669741
-15.578961 -20.749237 -3.1423621
-2.4236078 -2.6273594 -3.4072738
-3.8264866 -4.5780516 -3.3819673
-5.7337894 -6.2158265 -3.4171584
-6.8540187 -8.2002249 -3.3431449
-8.9886847 -9.74436 -3.398911
-9.7684488 -11.687081 -3.2910736
-12.843225 -12.625412 -3.4437938
-15.343847 -18.357552 -3.2658377
-13.996823 -15.17353 -3.3745575
-15.695831 -20.761147 -3.1529946
-2.4376988 -2.6241956 -3.4115615
-3.8449244 -4.5676136 -3.3845632
-5.7421041 -6.1814046 -3.4154818
-6.8800554 -8.1732254 -3.3453171
-9.0334473 -9.7245531 -3.4043248
-9.8040619 -11.646826 -3.2942038
-12.892918 -12.586068 -3.4492164
-15.227956 -18.090191 -3.2542658
-14.05513 -15.13042 -3.3805382
-15.826247 -20.782448 -3.1648686
-2.4423468 -2.6099494 -3.4091735
-3.8641315 -4.556428 -3.3872387
-5.7593622 -6.1545901 -3.4162292
-6.9022961 -8.1389093 -3.3464446
-9.0690298 -9.6913786 -3.407938
-9.8466845 -11.610813 -3.2983363
-12.930381 -12.530413 -3.4529946
-15.317386 -18.061644 -3.2629771
-14.113216 -15.081715 -3.3864756
-15.936332 -20.768637 -3.1749613
-2.4514422 -2.6014078 -3.4101005
-3.8800128 -4.5429115 -3.3887837
-5.7781196 -6.1315928 -3.4176388
-6.9280977 -8.1117611 -3.3486123
-9.0891962 -9.6452227 -3.4088979
-9.8819876 -11.570322 -3.3014627
-12.97117 -12.482437 -3.4572875
-14.130231 -14.994638 -3.3877149
-15.383813 -19.904329 -3.125854
-2.4625506 -2.5958946 -3.4126642
-3.8950565 -4.5300202 -3.3902519
-5.8038206 -6.1180897 -3.421268
-6.9575357 -8.0917387 -3.3518264
-9.1211329 -9.6150293 -3.412163
-9.9177103 -11.534474 -3.3047955
-13.009614 -12.436603 -3.4613447
-15.426965 -17.941835 -3.2736366
-14.185366 -14.953484 -3.3934259
-16.038107 -20.609276 -3.1845913
-2.4690928 -2.584661 -3.4119081
-3.9083238 -4.513484 -3.3907397
-5.8332701 -6.1063013 -3.4257886
-6.9857388 -8.0674028 -3.3545876
-9.1491575 -9.5773916 -3.4146035
-9.9579124 -11.499784 -3.3087311
-13.02984 -12.36918 -3.4629769
-15.460767 -17.854694 -3.2769232
-14.237476 -14.903874 -3.3987715
-15.427827 -19.682909 -3.1303372
-19.542948 -18.55205 -3.3725371
-2.4810636 -2.5782063 -3.4145668
-3.9248407 -4.4991293 -3.3923621
-5.8447332 -6.0735765 -3.424973
-7.0100656 -8.0357885 -3.3562975
-9.1924534 -9.5523729 -3.419709
-10.002609 -11.466207 -3.3132732
-13.080886 -12.326802 -3.4686298
-15.499874 -17.767839 -3.2807524
-14.280951 -14.840103 -3.4031057
-15.895711 -20.127459 -3.1724963
-19.610815 -18.480295 -3.3798745
-2.4921219 -2.5725682 -3.4171348
-3.9397388 -4.4860892 -3.3938303
-5.862112 -6.0513425 -3.42627
-7.0314579 -8.0065584 -3.357728
-9.2185583 -9.5161362 -3.4219749
-10.040578 -11.432973 -3.3170149
-13.124599 -12.286077 -3.4734392
-15.574508 -17.734331 -3.2881098
-14.346727 -14.809844 -3.4101055
-15.96734 -20.080887 -3.17922
-2.501087 -2.5638535 -3.4180639
-3.9630303 -4.4809661 -3.3985584
-5.8886781 -6.0364585 -3.4300175
-7.056746 -7.9790049 -3.3598902
-9.2461786 -9.4782181 -3.4244089
-10.072522 -11.388919 -3.3197236
-13.167406 -12.24019 -3.4781003
-15.710337 -17.763548 -3.3015251
-14.412255 -14.773942 -3.417063
-16.11968 -20.127848 -3.1932001
-2.502399 -2.5473495 -3.4139287
-3.9735229 -4.4613528 -3.397984
-5.9069633 -6.0130701 -3.4314232
-7.0819249 -7.9513731 -3.3620505
-9.2847672 -9.4515495 -3.4288485
-10.112213 -11.35369 -3.3236609
-13.204196 -12.188752 -3.4819932
-15.899632 -17.851631 -3.3202372
-14.455354 -14.715015 -3.4214485
-15.630964 -19.37859 -3.149842
-2.5189242 -2.5463307 -3.4199221
-3.9839275 -4.4417205 -3.3974056
-5.925158 -5.989625 -3.4328268
-7.1201925 -7.9383736 -3.3672042
-9.3121204 -9.4134388 -3.4312785
-10.149128 -11.315364 -3.3271866
-13.249599 -12.145278 -3.4870355
-15.956519 -17.790081 -3.3259034
-14.49822 -14.655964 -3.425828
-15.708578 -19.3363 -3.1571665
-2.5252388 -2.5349543 -3.4191613
-4.0019894 -4.430645 -3.4000154
-5.9432616 -5.9661279 -3.4342284
-7.1505084 -7.9164033 -3.3705668
-9.3505239 -9.3864994 -3.4357226
-10.188564 -11.279866 -3.3311245
-13.294857 -12.101635 -3.4920795
-16.007822 -17.722429 -3.3310385
-14.557731 -14.61374 -3.4321506
-16.483765 -20.1464 -3.2269642
-2.5357568 -2.5295687 -3.4216874
-4.0210714 -4.4237509 -3.403537
-5.9647527 -5.9501963 -3.4369795
-7.1700273 -7.8880506 -3.3718529
-9.3799677 -9.3570776 -3.4388161
-10.221276 -11.244859 -3.3342547
-13.318045 -12.04645 -3.4943392
-16.05537 -17.663193 -3.3358133
-14.603571 -14.567933 -3.4369669
-16.453091 -19.980501 -3.2246048
-2.5445714 -2.5207016 -3.4226167
-4.0338879 -4.4068465 -3.4040208
-5.9854865 -5.9293389 -3.4391654
-7.1921802 -7.8571434 -3.3734117
-9.4069347 -9.3186922 -3.4412403
-10.260465 -11.20911 -3.3381929
-13.377789 -12.015853 -3.5013175
-14.654334 -14.516868 -3.4423182
-16.487059 -19.879927 -3.2280936
-19.978722 -17.944771 -3.422003
-2.5430167 -2.5016351 -3.416775
-4.044024 -4.3870749 -3.4034357
-6.0033507 -5.9056606 -3.4405639
-7.2195625 -7.8319917 -3.3761723
-9.4394035 -9.2858009 -3.4446752
-10.291442 -11.164456 -3.3408823
-13.416677 -11.966435 -3.5055864
-15.991676 -17.348238 -3.3297646
-14.690704 -14.45165 -3.4460297
-16.561466 -19.828388 -3.235224
-2.551734 -2.4927423 -3.4177005
-4.0540729 -4.3672848 -3.4028473
-6.0211239 -5.8819261 -3.4419608
-7.2441697 -7.8038445 -3.3783298
-9.4689236 -9.2500191 -3.447602
-10.324942 -11.122633 -3.3439839
-13.434516 -11.8984 -3.5071249
-16.076572 -17.318626 -3.3382938
-14.73536 -14.394704 -3.4507182
-16.574053 -19.703245 -3.2368338
-19.909201 -17.632765 -3.4196298
-2.5656242 -2.4888685 -3.422015
-4.0771842 -4.3615479 -3.4075983
-6.0275426 -5.8472166 -3.4401999
-7.2740655 -7.7813964 -3.3816955
-9.5182447 -9.2334871 -3.4540932
-10.363705 -11.086523 -3.3479187
-13.487932 -11.861955 -3.5133345
-16.068806 -17.189528 -3.3376942
-14.794104 -14.351508 -3.4570515
-2.566463 -2.4723525 -3.4178555
-4.0871029 -4.341681 -3.407007
-6.047915 -5.8261418 -3.442378
-7.2930541 -7.7473259 -3.3826392
-9.5304108 -9.1809378 -3.4539585
-10.391435 -11.038699 -3.3501756
-13.517253 -11.804324 -3.5164168
-15.693831 -16.671373 -3.3008535
-14.815392 -14.272122 -3.4590876
-16.682699 -19.553658 -3.2475903
-2.5724583 -2.4608734 -3.4170835
-4.1101837 -4.3357749 -3.4117651
-6.0710506 -5.8077083 -3.4453471
-7.322772 -7.724689 -3.3860054
-9.5624018 -9.1476154 -3.4573908
-10.427167 -10.999473 -3.3536866
-13.573422 -11.770114 -3.5230253
-15.655848 -16.515133 -3.2973022
-14.879528 -14.234101 -3.4660835
-16.813288 -19.56797 -3.259841
-2.5810325 -2.4518783 -3.4180069
-4.1146536 -4.310256 -3.4090278
-6.0912862 -5.7864799 -3.4475262
-7.344233 -7.6933632 -3.3875496
-9.5913963 -9.1114454 -3.4603105
-10.460007 -10.957254 -3.3567741
-13.614424 -11.722662 -3.5276737
-15.732686 -16.480587 -3.3051088
-14.92623 -14.179326 -3.4710908
-16.907612 -19.539347 -3.2688603
-2.5895755 -2.4428542 -3.4189301
-4.1296744 -4.295867 -3.4105735
-6.1114478 -5.765183 -3.4497049
-7.3765211 -7.6733785 -3.3915265
-9.6231432 -9.0779114 -3.4637411
-10.500947 -10.923542 -3.3611257
-13.643154 -11.664715 -3.5307419
-16.268526 -16.923229 -3.3582783
-14.981438 -14.132613 -3.477098
-16.933752 -19.432058 -3.2717791
-2.5954413 -2.4313211 -3.4181538
-4.1473241 -4.284193 -3.4131927
-6.1229472 -5.7357688 -3.4495015
-7.4060125 -7.6504235 -3.3948977
-9.6460848 -9.0361252 -3.4656272
-10.527951 -10.875391 -3.3633618
-13.677714 -11.611864 -3.5345919
-16.291422 -16.829065 -3.3608024
-15.019039 -14.069325 -3.4810979
-16.893528 -19.249817 -3.2687533
-2.6061435 -2.4251709 -3.4207299
-4.1641965 -4.2731748 -3.4157367
-6.1390629 -5.7127614 -3.450773
-7.4203067 -7.6144981 -3.395077
-9.6789026 -9.0067921 -3.4693987
-10.566732 -10.843266 -3.3675163
-13.710058 -11.561309 -3.5382049
-16.369417 -16.79781 -3.3687761
-15.071449 -14.024876 -3.4868391
-16.922913 -19.1548 -3.271965
-2.6225808 -2.4234395 -3.4267561
-4.1736917 -4.2531142 -3.4151335
-6.158967 -5.6912961 -3.4529469
-7.4468412 -7.5885501 -3.397835
-9.7102833 -8.97295 -3.4728262
-10.587805 -10.789285 -3.3688903
-13.744225 -11.508266 -3.5420444
-16.455902 -16.769049 -3.3776228
-15.105676 -13.958652 -3.4904907
-17.037434 -19.149292 -3.2828779
-2.6230102 -2.406918 -3.4225755
-4.1885114 -4.2385201 -3.4166791
-6.1730146 -5.6644611 -3.4535267
-7.4649491 -7.5540771 -3.3987534
-9.7503147 -8.947051 -3.4778061
-10.617014 -10.743775 -3.3715317
-13.781247 -11.457676 -3.5462766
-16.531162 -16.728537 -3.385381
-15.148429 -13.900451 -3.4951451
-17.224037 -19.223492 -3.3002973
-2.6313961 -2.3977473 -3.4234982
-4.2032814 -4.2238736 -3.418225
-6.184052 -5.634953 -3.4533041
-7.4996362 -7.5363779 -3.4033513
-9.772687 -8.9049435 -3.4796796
-10.654452 -10.70665 -3.3754501
-13.815015 -11.40443 -3.5501058
-16.617601 -16.699013 -3.3942654
-15.199806 -13.850174 -3.5008128
-17.371262 -19.252165 -3.3142023
-2.6478145 -2.395844 -3.4295325
-4.2125468 -4.2037339 -3.4176137
-6.2036848 -5.6133318 -3.455472
-7.5203028 -7.50457 -3.4048791
-9.8007708 -8.8681126 -3.4825859
-10.705836 -10.683439 -3.3815122
-13.85782 -11.358662 -3.5551324
-16.709684 -16.674728 -3.403729
-15.256929 -13.805055 -3.5071623
-17.454466 -19.209135 -3.322371
-2.656162 -2.3865862 -3.4304576
-4.221724 -4.1835804 -3.4169986
-6.2319956 -5.5995059 -3.4600399
-7.549262 -7.4810538 -3.4082518
-9.8346205 -8.8364973 -3.4865313
-10.745891 -10.648801 -3.3858659
-13.891211 -11.305188 -3.5589538
-16.747953 -16.596634 -3.407891
-15.293166 -13.741052 -3.5111282
-17.489079 -19.112745 -3.3261855
-2.659066 -2.3724735 -3.4279709
-4.2445374 -4.1769247 -3.4217823
-6.2515025 -5.5777197 -3.4622097
-7.5696936 -7.4491134 -3.4097741
-9.8594818 -8.796833 -3.4889121
-10.777325 -10.60565 -3.3889287
-13.927487 -11.25413 -3.5631716
-16.765963 -16.498894 -3.4100676
-15.349961 -13.695552 -3.5174804
-17.51511 -19.007551 -3.3292444
-2.6781852 -2.3727934 -3.4357207
-4.2618465 -4.1647744 -3.4244087
-6.2650614 -5.5506606 -3.4627752
-7.6013036 -7.4281688 -3.4137659
-9.8841887 -8.7571011 -3.4912882
-10.805747 -10.559626 -3.3915558
-13.969793 -11.207938 -3.5681942
-16.857698 -16.473732 -3.419559
-15.400657 -13.64453 -3.5231514
-17.586782 -18.952147 -3.3364341
-2.6759746 -2.353385 -3.4298627
-4.2687883 -4.1410804 -3.4227836
-6.2824187 -5.5250711 -3.4642479
-7.6256413 -7.3975077 -3.4160414
-9.9102592 -8.7155743 -3.4938304
-10.835814 -10.511642 -3.3943725
-14.007665 -11.154181 -3.5726378
-16.834908 -16.331263 -3.4177566
-15.444576 -13.582727 -3.5280564
-17.519831 -18.741758 -3.3311806
-2.6864936 -2.3468838 -3.4324477
-4.2797227 -4.1242294 -3.4231656
-6.2947969 -5.4990473 -3.4646969
-7.6415911 -7.3639517 -3.4167981
-9.9420929 -8.6852741 -3.4976008
-10.882066 -10.486691 -3.399828
-14.032076 -11.097786 -3.575397
-16.797026 -16.186745 -3.4144318
-15.471517 -13.515702 -3.5310416
-17.480661 -18.575998 -3.3283675
-2.6891932 -2.3327401 -3.4299519
-4.2996597 -4.1145906 -3.4268763
-6.3169184 -5.4796095 -3.4676657
-7.6643953 -7.3344984 -3.4189293
-9.9543676 -8.6349144 -3.4978619
-10.901367 -10.432141 -3.4011385
-14.070733 -11.048733 -3.5800064
-17.017756 -16.285263 -3.4367588
-15.512581 -13.456385 -3.535666
-17.506962 -18.474298 -3.3315125
-2.6886747 -2.3167109 -3.4256954
-4.3104882 -4.0976567 -3.4272571
-6.3380251 -5.4611931 -3.4705269
-7.6915383 -7.3117671 -3.4221654
-9.9799395 -8.599268 -3.5005741
-10.935899 -10.395936 -3.404856
-14.107293 -11.002016 -3.5843828
-17.115042 -16.269981 -3.4468598
-15.508792 -13.363234 -3.5351548
-17.796816 -18.655878 -3.3584363
-2.7077639 -2.3167379 -3.433459
-4.3191648 -4.0772953 -3.4266264
-6.3570509 -5.4390345 -3.4726913
-7.7170167 -7.2848711 -3.4249177
-10.012913 -8.5669565 -3.5045099
-10.966341 -10.352236 -3.4078956
-14.139317 -10.947824 -3.5881701
-17.206554 -16.243004 -3.456435
-15.585642 -13.334931 -3.5439353
-17.820354 -18.550455 -3.3613763
-2.7158341 -2.3072727 -3.4343805
-4.3277493 -4.0569267 -3.4259915
-6.370019 -5.4117332 -3.4732385
-7.7308631 -7.2470798 -3.4251719
-10.042755 -8.5319548 -3.5079176
-11.011111 -10.322056 -3.4131193
-14.174286 -10.895979 -3.5923605
-17.292255 -16.210138 -3.465456
-15.613862 -13.264962 -3.5471427
-17.871117 -18.473797 -3.3667932
-2.7266421 -2.3001156 -3.4370153
-4.3447037 -4.0444193 -3.4286182
-6.3858714 -5.3869348 -3.4745905
-7.7618985 -7.2254348 -3.4291701
-10.078541 -8.5019627 -3.5123847
-11.041254 -10.278137 -3.4161549
-14.199569 -10.836769 -3.5953138
-17.328289 -16.130644 -3.4695742
-15.663116 -13.212947 -3.5527902
-17.86586 -18.339821 -3.367162
-2.7374341 -2.292912 -3.4396515
-4.3616238 -4.0318437 -3.4312463
-6.3956175 -5.3570561 -3.4743195
-7.7841716 -7.1956139 -3.4312928
-10.095991 -8.4565392 -3.5136685
-11.074145 -10.236834 -3.4196255
-14.230962 -10.782328 -3.599081
-17.279007 -15.97255 -3.4652476
-15.721368 -13.168431 -3.5594923
-17.971701 -18.320087 -3.3775985
-2.7426331 -2.2810252 -3.4388587
-4.3785076 -4.0191998 -3.4338763
-6.4142766 -5.3347001 -3.4764748
-7.8150625 -7.1737452 -3.4352951
-10.122395 -8.4187117 -3.5165389
-11.112738 -10.200808 -3.4239752
-14.271693 -10.734983 -3.6040812
-17.317017 -15.895952 -3.4695964
-15.767235 -13.113478 -3.5647907
-18.086031 -18.308365 -3.3888278
-2.7477839 -2.2691286 -3.4380641
-4.3982053 -4.0090799 -3.4375999
-6.4328604 -5.3122759 -3.4786298
-7.8400578 -7.14642 -3.4380448
-10.151722 -8.3833237 -3.5199397
-11.139462 -10.153914 -3.426559
-14.30908 -10.685097 -3.6086676
-17.528696 -15.977871 -3.4912038
-15.797548 -13.045664 -3.5683203
-18.225845 -18.321526 -3.4023912
-2.7584913 -2.2618215 -3.4407015
-4.4121723 -3.9937031 -3.439142
-6.4513645 -5.2897882 -3.4807842
-7.8766775 -7.1296196 -3.4433119
-10.174788 -8.342804 -3.5222714
-11.183683 -10.122975 -3.4317939
-14.346292 -10.635083 -3.6132514
-17.566614 -15.90052 -3.4955873
-15.82141 -12.972746 -3.5711281
-18.292515 -18.260614 -3.4093516
-2.7663693 -2.2521794 -3.441622
-4.4318151 -3.983428 -3.4428709
-6.469789 -5.2672377 -3.4829373
-7.8956356 -7.0967975 -3.4448032
-10.203845 -8.3072386 -3.5256674
-11.227823 -10.091852 -3.4370341
-14.38974 -10.589665 -3.6186652
-15.869686 -12.919959 -3.5767646
-17.519838 -17.367617 -3.340205
-2.774214 -2.2425091 -3.4425426
-4.445693 -3.9679337 -3.4444144
-6.485085 -5.242156 -3.4842749
-7.908566 -7.0586662 -3.4450269
-10.220438 -8.2615929 -3.5269179
-11.251115 -10.042006 -3.4391642
-14.423403 -10.53702 -3.6228292
-17.635511 -15.740298 -3.5037217
-15.905386 -12.856966 -3.5809748
-17.614494 -17.339958 -3.3497028
-2.7820249 -2.2328115 -3.4434626
-4.4537516 -3.9472811 -3.4437666
-6.5033441 -5.2194867 -3.4864259
-7.9361148 -7.0336385 -3.4484048
-10.249214 -8.2258654 -3.5303078
-11.280146 -9.9973946 -3.4421775
-14.456872 -10.48427 -3.6269882
-17.600761 -15.599244 -3.5009372
-15.956388 -12.806357 -3.5869656
-17.68062 -17.283945 -3.3566329
-2.7841318 -2.2185686 -3.4409411
-4.4675026 -3.9317105 -3.4453077
-6.5184565 -5.1943097 -3.4877586
-7.9635849 -7.0085039 -3.4517841
-10.284072 -8.1949844 -3.5347724
-11.306018 -9.9500751 -3.4447386
-14.470755 -10.417455 -3.6286268
-17.208786 -15.144918 -3.4626391
-16.000994 -12.750582 -3.5922408
-18.499857 -17.958944 -3.432008
-2.7947025 -2.2110858 -3.4435802
-4.4782996 -3.9135575 -3.4457507
-6.533473 -5.1690907 -3.4890885
-7.9909773 -6.9832644 -3.4551651
-10.315727 -8.1614981 -3.5387008
-11.340681 -9.9105492 -3.4486375
-14.500551 -10.362248 -3.6323504
-17.213472 -15.042744 -3.4637904
-16.048532 -12.697124 -3.5978739
-2.7995527 -2.1990776 -3.4427757
-4.4890242 -3.8953764 -3.4461915
-6.5422225 -5.1389837 -3.4887772
-8.0123196 -6.9527369 -3.4572759
-10.344153 -8.1254396 -3.5420895
-11.381215 -9.8761148 -3.453434
-14.536634 -10.311569 -3.63691
-17.72397 -15.380077 -3.5153027
-16.092754 -12.641026 -3.6031458
-18.616137 -17.821074 -3.4445968
-2.8011131 -2.1853218 -3.4401996
-4.4989996 -3.877954 -3.446553
-6.5623217 -5.1196737 -3.4916327
-8.0293455 -6.9209681 -3.4586105
-10.361657 -8.0837698 -3.5436842
-11.428966 -9.8513012 -3.4593892
-14.564237 -10.258718 -3.6403942
-17.838348 -15.375928 -3.527391
-16.11887 -12.575328 -3.6063435
-18.666452 -17.750988 -3.4501565
-2.8259203 -2.1888509 -3.4514608
-4.5154343 -3.8647318 -3.4491899
-6.580152 -5.0967369 -3.4937751
-8.0594578 -6.8980398 -3.4626276
-10.380399 -8.0402641 -3.5454402
-11.445151 -9.7958336 -3.4605844
-14.616274 -10.21923 -3.647063
-17.973759 -15.383627 -3.5416362
-16.159515 -12.516548 -3.6112432
-18.687666 -17.647356 -3.4531357
-2.8163006 -2.1657138 -3.4420283
-4.537703 -3.8564296 -3.4540312
-6.5916839 -5.0689545 -3.4942722
-8.0925245 -6.8775434 -3.4672873
-10.411546 -8.0063992 -3.5493617
-11.473216 -9.7506714 -3.4635761
-14.67149 -10.181772 -3.6541638
-18.051672 -15.341463 -3.5501788
-16.206266 -12.462495 -3.6168661
-18.754978 -17.587477 -3.4603317
-2.826725 -2.1580696 -3.4446683
-4.5481925 -3.8380821 -3.4544685
-6.6093378 -5.0459142 -3.4964108
-8.1164818 -6.8492532 -3.4700329
-10.43943 -7.9700074 -3.5527394
-11.507182 -9.7105627 -3.4674687
-14.71022 -10.132755 -3.659147
-18.102064 -15.275784 -3.5559995
-16.240164 -12.398591 -3.6210294
-17.779184 -16.55617 -3.3724294
-2.8342414 -2.1481886 -3.4455824
-4.5645161 -3.8246555 -3.4571102
-6.6237864 -5.0204415 -3.4977243
-8.1373119 -6.8183389 -3.4721372
-10.473515 -7.9383097 -3.5572069
-11.547107 -9.6754417 -3.4722693
-14.719202 -10.063359 -3.6602917
-18.155279 -15.212499 -3.5621219
-16.264282 -12.327373 -3.6240869
-17.810493 -16.469614 -3.3763208
-2.8359289 -2.1339233 -3.4430399
-4.5748763 -3.8062365 -3.4575443
-6.6444039 -4.999649 -3.500685
-8.1489086 -6.7797837 -3.4723132
-10.491647 -7.894546 -3.5589442
-11.547178 -9.6070986 -3.4711523
-14.757533 -10.014156 -3.6652634
-18.100908 -15.059715 -3.5575278
-16.30084 -12.265733 -3.6285963
-17.81789 -16.36145 -3.3780446
-2.8404558 -2.1218417 -3.4422224
-4.579226 -3.7828841 -3.455765
-6.6681004 -4.9811206 -3.504473
-8.1633825 -6.7437453 -3.4731231
-10.525496 -7.8626246 -3.5634108
-11.595974 -9.5793982 -3.4773145
-14.812221 -9.9759312 -3.6723769
-18.091839 -14.945611 -3.557467
-16.349945 -12.21353 -3.6345713
-2.8507569 -2.1140728 -3.4448624
-4.5864468 -3.7619908 -3.455086
-6.6854467 -4.9578137 -3.5066094
-8.18993 -6.7177148 -3.476501
-10.552878 -7.8258352 -3.566783
-11.623193 -9.5338173 -3.4802835
-14.866818 -9.9374447 -3.6794994
-18.100706 -14.846938 -3.559212
-16.386072 -12.151632 -3.6390717
-18.902239 -17.115473 -3.4793165
-2.8551996 -2.1019604 -3.444042
-4.5935764 -3.7410941 -3.4544022
-6.7058702 -4.9367733 -3.5095727
-8.2163935 -6.6915836 -3.4798801
-10.583327 -7.7913065 -3.570703
-11.665651 -9.5007229 -3.485539
-14.881503 -9.8722839 -3.6814647
-18.22049 -14.839105 -3.5720572
-16.434811 -12.099092 -3.645045
-19.101379 -17.174835 -3.4986861
-2.8654466 -2.0941193 -3.4466829
-4.6096029 -3.727457 -3.4570394
-6.7103958 -4.9040761 -3.5083911
-8.2366295 -6.6603742 -3.4819686
-10.613665 -7.7566543 -3.5746233
-11.698746 -9.4599409 -3.4894214
-14.889262 -9.8027506 -3.6825523
-18.346643 -14.835622 -3.5855665
-16.470509 -12.03694 -3.6495364
-19.188013 -17.131973 -3.5077937
-2.8727391 -2.0841043 -3.4475923
-4.6165795 -3.7065208 -3.4563496
-6.730648 -4.882926 -3.5113511
-8.253664 -6.6266332 -3.4834073
-10.627828 -7.710238 -3.5757866
-11.7441 -9.4290056 -3.4951441
-14.940062 -9.761611 -3.6892428
-18.382763 -14.758999 -3.5900962
-16.48661 -11.960646 -3.6517882
-19.238741 -17.056946 -3.5136349
-2.8829379 -2.0761828 -3.4502351
-4.6325006 -3.692786 -3.4589865
-6.7508335 -4.8616948 -3.5143123
-8.2767429 -6.5977845 -3.4861362
-10.670776 -7.6846895 -3.5819116
-11.786269 -9.3953943 -3.5004117
-14.9707 -9.7072363 -3.6933386
-18.427923 -14.689772 -3.5955493
-16.531494 -11.905356 -3.657378
-19.283176 -16.976501 -3.5189185
-2.8872185 -2.0639985 -3.44941
-4.6544237 -3.683764 -3.4638476
-6.7645726 -4.8358197 -3.5156095
-8.2935247 -6.5639467 -3.4875665
-10.69108 -7.6427794 -3.5841711
-11.812757 -9.3492575 -3.5033715
-14.98775 -9.644145 -3.6956916
-18.469704 -14.617928 -3.6006837
-16.566463 -11.842941 -3.6618447
-19.345325 -16.911715 -3.5258451
-2.9003186 -2.0581038 -3.4537892
-4.6702828 -3.6698742 -3.4664893
-6.7782125 -4.8099074 -3.5169036
-8.3101721 -6.5300722 -3.4889915
-10.711221 -7.600821 -3.5864241
-11.835938 -9.3005943 -3.5058618
-15.01125 -9.5853376 -3.6989014
-18.476692 -14.51885 -3.6023514
-16.601202 -11.780427 -3.6663048
-19.398212 -16.838852 -3.5319419
-2.9067702 -2.0489819 -3.4546075
-4.6848254 -3.6575546 -3.4689794
-6.7836728 -4.7818103 -3.5163138
-8.3337622 -6.5063658 -3.4920921
-10.73829 -7.5694194 -3.5900021
-11.865099 -9.2633648 -3.5093508
-15.048018 -9.5423965 -3.7038338
-18.52536 -14.463188 -3.6081131
-16.641388 -11.730513 -3.6713653
-18.689301 -16.12079 -3.4679534
-2.9083188 -2.0341592 -3.4520869
-4.6981993 -3.6403599 -3.4705856
-6.8011532 -4.7569156 -3.5185406
-8.3606758 -6.4781985 -3.4956017
-10.759457 -7.5254636 -3.5924144
-11.898971 -9.2198162 -3.5134194
-15.086263 -9.4893036 -3.7090058
-18.543547 -14.368309 -3.6109855
-16.681002 -11.667157 -3.6764512
-19.409283 -16.618155 -3.5354235
-2.9090929 -2.0203676 -3.4494715
-4.7010875 -3.6177127 -3.4686928
-6.8201108 -4.7365727 -3.5213904
-8.372716 -6.4432073 -3.4962285
-10.768057 -7.4784245 -3.5928128
-11.920024 -9.1730318 -3.5156994
-15.093998 -9.4244566 -3.7102177
-18.572119 -14.292138 -3.614816
-16.713049 -11.607227 -3.6806335
-18.621975 -15.837344 -3.4642169
-2.9191132 -2.0122576 -3.4521148
-4.7075658 -3.5966024 -3.4679859
-6.8398337 -4.714962 -3.5243471
-8.3920155 -6.4115396 -3.498292
-10.790832 -7.4385381 -3.5956008
-11.942492 -9.1241207 -3.5181653
-15.116649 -9.3654137 -3.7133954
-18.640921 -14.241751 -3.6227536
-16.74362 -11.542025 -3.6846905
-19.488405 -16.457319 -3.5452197
-2.9294605 -2.003592 -3.4548042
-4.7145772 -3.5746708 -3.4673502
-6.8538303 -4.6876478 -3.5257335
-8.4123087 -6.3783526 -3.5004876
-10.81147 -7.3944588 -3.5979915
-11.979022 -9.0826931 -3.5226905
-15.140694 -9.3036947 -3.7167873
-18.72797 -14.199858 -3.6325991
-16.789101 -11.482833 -3.6905167
-19.530233 -16.370398 -3.5504506
-2.9304376 -1.9892819 -3.4522269
-4.733181 -3.5628252 -3.4711072
-6.8733964 -4.6658983 -3.5286894
-8.4282055 -6.3441949 -3.5018883
-10.837215 -7.3566751 -3.60133
-11.997943 -9.0312567 -3.5246744
-15.176476 -9.2528601 -3.7217109
-18.758293 -14.12 -3.6367152
-16.825779 -11.421919 -3.6953199
-19.550438 -16.271482 -3.5536406
-2.9460371 -1.9856316 -3.4583099
-4.7449703 -3.5471096 -3.4725525
-6.8920851 -4.6452713 -3.5315399
-8.4428673 -6.3114777 -3.5031481
-10.854973 -7.3162613 -3.6033771
-12.021457 -8.9866571 -3.5273972
-15.19004 -9.1921721 -3.7237542
-18.805016 -14.057716 -3.6424437
-16.863565 -11.366058 -3.7002413
-19.622751 -16.221821 -3.5615857
-2.9499371 -1.9733202 -3.4574711
-4.75423 -3.528229 -3.4729531
-6.9049978 -4.6190042 -3.5328145
-8.4553251 -6.2749009 -3.5038805
-10.873849 -7.2739129 -3.6055844
-12.04956 -8.9422684 -3.5307784
-15.235695 -9.1472931 -3.7299991
-18.834745 -13.977719 -3.6465359
-16.896511 -11.302691 -3.7046518
-19.642231 -16.122831 -3.5647416
-2.9511085 -1.9584855 -3.4549315
-4.7702312 -3.5130646 -3.4756694
-6.9022713 -4.5806508 -3.5299797
-8.4814501 -6.246213 -3.507376
-10.900434 -7.2340083 -3.6090786
-12.07905 -8.8956861 -3.5343475
-15.269118 -9.0913897 -3.7346933
-18.901915 -13.920424 -3.6544721
-16.944466 -11.245094 -3.7108498
-19.611444 -15.977612 -3.5633364
-2.957587 -1.9486885 -3.4557867
-4.7756367 -3.4926784 -3.4748681
-6.9272499 -4.5642114 -3.5345099
-8.5053072 -6.220386 -3.5106018
-10.921052 -7.1956387 -3.6116736
-12.105274 -8.8532343 -3.5375285
-15.27518 -9.0265217 -3.7358184
-18.928648 -13.843533 -3.6582437
-16.971678 -11.182261 -3.7146051
-19.679836 -15.925049 -3.5709717
-2.9768472 -1.9457695 -3.4637144
-4.7915225 -3.4774148 -3.4775832
-6.9406486 -4.5366464 -3.5358779
-8.5312462 -6.1914935 -3.5140982
-10.944028 -7.1533928 -3.6145959
-12.124764 -8.7994652 -3.5396647
-15.32534 -8.980545 -3.7427294
-18.979256 -13.774066 -3.6645536
-16.992523 -11.106897 -3.7177086
-19.762966 -15.872811 -3.5801322
-2.9988277 -1.9452311 -3.47335
-4.8005061 -3.4584162 -3.4779754
-6.9630232 -4.5166612 -3.5396731
-8.539978 -6.1524348 -3.5141501
-10.978918 -7.1216269 -3.6196141
-12.165086 -8.7640619 -3.5449293
-15.370366 -8.9350014 -3.7489762
-19.014271 -13.698402 -3.6692541
-17.001087 -11.02799 -3.7193763
-19.677809 -15.691732 -3.5736609
-2.9927344 -1.9279462 -3.4671764
-4.8144813 -3.4455588 -3.480464
-6.9870715 -4.5011339 -3.5441065
-8.5689096 -6.1324739 -3.5185642
-10.987897 -7.0785012 -3.620332
-12.18286 -8.718854 -3.5469542
-15.374219 -8.8727293 -3.7498488
-19.047482 -13.631628 -3.6736712
-17.039005 -10.976679 -3.7243907
-19.742659 -15.642225 -3.5809495
-4.8213944 -3.4225879 -3.4798777
-7.000998 -4.4721608 -3.5455763
-8.5923939 -6.0995269 -3.5215297
-11.004964 -7.0298505 -3.6222703
-12.213007 -8.6697092 -3.5506926
-15.415089 -8.8175879 -3.7556379
-19.102938 -13.5607 -3.6805921
-17.097826 -10.921904 -3.731988
-19.937521 -15.672383 -3.600606
-4.830162 -3.4035187 -3.4802625
-7.0165648 -4.4476967 -3.5476801
-8.6136312 -6.0694976 -3.524224
-11.042839 -6.9998922 -3.6278553
-12.236691 -8.6224451 -3.5535643
-15.43538 -8.7578306 -3.7587295
-19.137106 -13.484744 -3.6852632
-17.132477 -10.860023 -3.7367353
-20.149446 -15.725492 -3.6217437
-4.843987 -3.3905351 -3.4827495
-7.0172272 -4.4172716 -3.5461757
-8.632658 -6.0424047 -3.5266476
-11.061419 -6.9630489 -3.6302631
-12.257203 -8.5793943 -3.5560479
-15.46629 -8.7112465 -3.7631736
-19.159763 -13.410822 -3.6886644
-17.142897 -10.791276 -3.7386177
-20.173517 -15.64254 -3.6253211
-4.8690352 -3.3815482 -3.4888513
-7.0400233 -4.3956795 -3.5500774
-8.6450052 -6.003962 -3.527472
-11.080132 -6.9182596 -3.6325898
-12.291831 -8.536685 -3.5605404
-15.498112 -8.6545048 -3.7678277
-19.1924 -13.329134 -3.6932776
-17.192474 -10.73471 -3.745172
-20.230709 -15.5685 -3.6322176
-4.8776388 -3.3623455 -3.4892344
-7.0586581 -4.3731432 -3.5530255
-8.6691647 -5.9759912 -3.5308263
-11.094097 -6.8732715 -3.6341729
-12.321555 -8.4937258 -3.5643601
-15.521259 -8.5964947 -3.7713492
-19.219097 -13.248468 -3.6972456
-17.229843 -10.67463 -3.750293
-20.272243 -15.488092 -3.6376028
-4.888762 -3.3461521 -3.49067
-7.0697808 -4.3476577 -3.5541651
-8.6824121 -5.9427457 -3.5320399
-11.116828 -6.8364439 -3.6373029
-12.346371 -8.450572 -3.5675037
-15.560153 -8.5507298 -3.7769136
-19.259632 -13.182409 -3.7025681
-17.258354 -10.613259 -3.7543657
-20.317135 -15.415956 -3.6432412
-4.8946199 -3.3238833 -3.4899912
-7.089016 -4.3237581 -3.5572162
-8.7074041 -5.9131036 -3.535526
-11.158747 -6.8059835 -3.6436319
-12.380552 -8.4074984 -3.5719922
-15.584394 -8.489831 -3.7806444
-19.294615 -13.102764 -3.7074759
-17.293734 -10.547856 -3.7593365
-20.367123 -15.336582 -3.6495275
-4.9093871 -3.3089304 -3.4926314
-7.1007113 -4.2969556 -3.558455
-8.7247152 -5.8804641 -3.5375361
-11.179044 -6.7649355 -3.6463506
-12.409825 -8.3642311 -3.5758042
-15.613935 -8.435379 -3.7850583
-19.320383 -13.021951 -3.7114029
-17.309982 -10.475039 -3.7620645
-20.410942 -15.258224 -3.6551809
-4.9267354 -3.296916 -3.4963312
-7.1182833 -4.275404 -3.5612955
-8.7408829 -5.8493004 -3.5394084
-11.194612 -6.7237401 -3.6483235
-12.444104 -8.3274546 -3.580395
-15.648843 -8.3873167 -3.7901621
-19.346878 -12.946714 -3.715354
-17.33437 -10.41142 -3.765713
-20.455019 -15.185696 -3.6607971
-4.9419947 -3.2809684 -3.4990497
-7.1372743 -4.2512946 -3.5643449
-8.7688465 -5.8215985 -3.5435636
-11.21236 -6.678607 -3.6506181
-12.467914 -8.2773924 -3.5834205
-15.682993 -8.3317766 -3.7952471
-19.397522 -12.87793 -3.7219093
-17.362137 -10.341702 -3.7698596
-20.500895 -15.103523 -3.6667588
-4.9554935 -3.2675464 -3.5015426
-7.1505952 -4.2288508 -3.5662243
-8.7738943 -5.7853184 -3.5432758
-11.226456 -6.6393089 -3.6524138
-12.483896 -8.2316141 -3.5853808
-15.705567 -8.2806082 -3.7987509
-19.444548 -12.821319 -3.7279136
-17.384247 -10.281017 -3.7732344
-20.5418 -15.034328 -3.6720331
-4.9642129 -3.2472532 -3.5019889
-7.1558957 -4.1966615 -3.5658412
-8.7983475 -5.7552853 -3.5467541
-11.264405 -6.6061463 -3.6581712
-12.51731 -8.1879797 -3.5898583
-15.714633 -8.2119207 -3.8006063
-19.461355 -12.730305 -3.7310686
-17.42181 -10.217231 -3.7785604
-20.596766 -14.958937 -3.6788836
-4.9722867 -3.2278075 -3.5023568
-7.1671119 -4.1696849 -3.5670638
-8.8150682 -5.7223864 -3.5487468
-11.283967 -6.5647902 -3.6608675
-12.539145 -8.1399059 -3.5926754
-15.746737 -8.1588478 -3.8054543
-19.49898 -12.657949 -3.7362902
-17.453924 -10.154349 -3.7832272
-20.64238 -14.882279 -3.6847975
-4.9797254 -3.2092159 -3.5026464
-7.1842952 -4.1478572 -3.5698984
-8.8173828 -5.6824193 -3.5478942
-11.295364 -6.5213861 -3.6622322
-12.562724 -8.0961285 -3.5957868
-15.773705 -8.1065884 -3.8096178
-19.56097 -12.606193 -3.743942
-17.470238 -10.086452 -3.7860253
-20.668896 -14.797484 -3.6888566
-4.9908981 -3.1918125 -3.5041482
-7.1953278 -4.1208034 -3.5711155
-8.840497 -5.6537337 -3.5512314
-11.304288 -6.4740272 -3.6631696
-12.58421 -8.0479383 -3.5985916
-15.812556 -8.0569 -3.8153861
-19.571243 -12.516332 -3.7464142
-17.508801 -10.027386 -3.7914815
-20.717171 -14.722927 -3.6950557
-5.0052609 -3.1764348 -3.5067894
-7.2096686 -4.0956616 -3.5731902
-8.8635149 -5.6249571 -3.5545683
-11.333717 -6.4384475 -3.6675961
-12.602152 -7.9975677 -3.6008964
-15.822807 -7.9926739 -3.8174412
-19.604706 -12.441524 -3.7512667
-17.543695 -9.9662066 -3.7965302
-20.755392 -14.641316 -3.7003298
-5.0130587 -3.1568928 -3.507148
-7.2239199 -4.0704718 -3.575263
-8.8764057 -5.5897732 -3.5558648
-11.356121 -6.3988485 -3.6708546
-12.626625 -7.9514132 -3.6041796
-15.864856 -7.944531 -3.823668
-19.621002 -12.356009 -3.754385
-17.43597 -9.8246689 -3.7849636
-20.780212 -14.550465 -3.7043619
-5.0235 -3.1402512 -3.5085711
-7.2373796 -4.0464935 -3.5772305
-8.8982449 -5.5624018 -3.5590658
-11.380744 -6.3630919 -3.6745327
-12.66304 -7.9158216 -3.6092489
-15.926783 -7.9095912 -3.8324761
-19.661869 -12.290874 -3.7599556
-17.545012 -9.809597 -3.798646
-20.818516 -14.47464 -3.7095921
-5.0382495 -3.1238475 -3.5112867
-7.252162 -4.0199399 -3.5794027
-8.9152136 -5.527668 -3.561168
-11.397048 -6.3174887 -3.6767757
-12.705489 -7.877739 -3.6151946
-15.941374 -7.8441305 -3.835196
-19.69322 -12.210316 -3.7647207
-17.647097 -9.7819481 -3.8116474
-20.858288 -14.389171 -3.7151506
-5.0458431 -3.1042225 -3.5116389
-7.2695875 -3.9964881 -3.5823355
-8.9378223 -5.4985833 -3.5644996
-11.4086 -6.2719288 -3.6782618
-12.72275 -7.827086 -3.6174784
-15.979397 -7.7936697 -3.8409615
-19.72213 -12.133131 -3.7691801
-17.670654 -9.7145214 -3.8154523
-20.898508 -14.309503 -3.7206833
-5.0467844 -3.0805705 -3.5096962
-7.2766056 -3.967335 -3.5826674
-8.9535866 -5.4652929 -3.5664625
-11.430423 -6.23207 -3.6815033
-12.746598 -7.7805572 -3.6207485
-16.002918 -7.736114 -3.8448503
-19.767765 -12.066297 -3.7753694
-17.697456 -9.6489677 -3.8196549
-20.948326 -14.236471 -3.7271395
-5.063561 -3.0678096 -3.5134051
-7.2931724 -3.9450488 -3.5854936
-8.9615192 -5.4294271 -3.5669193
-11.444047 -6.1903543 -3.6834013
-12.772329 -7.738245 -3.6243243
-16.057217 -7.696775 -3.8527453
-19.814495 -12.004813 -3.7816143
-17.739878 -9.5959167 -3.8256485
-20.995424 -14.166925 -3.7332692
-5.0775404 -3.0521002 -3.5160437
-7.3068986 -3.9195664 -3.5875542
-8.9770298 -5.3960762 -3.5688725
-11.469082 -6.152245 -3.6872251
-12.785629 -7.6854186 -3.6260858
-16.10557 -7.6509309 -3.8599265
-19.83918 -11.925296 -3.7856953
-17.597605 -9.4397068 -3.8101082
-21.048065 -14.095771 -3.7400308
-5.0820746 -3.0295255 -3.5153115
-7.3142872 -3.8890772 -3.5879757
-8.9933519 -5.3611155 -3.5709527
-11.495056 -6.1120324 -3.6912081
-12.820543 -7.6425796 -3.6310287
-16.119087 -7.5850706 -3.8626106
-19.869045 -11.844332 -3.7904036
-17.776405 -9.4518862 -3.8322082
-21.05636 -13.989818 -3.7427089
-5.0926189 -3.0117662 -3.516799
-7.3278189 -3.8635201 -3.59003
-9.0120115 -5.3296881 -3.5735848
-11.512814 -6.0700169 -3.6938446
-12.847143 -7.5977783 -3.6347809
-16.156296 -7.5338035 -3.8683755
-19.906836 -11.772868 -3.795866
-17.830452 -9.4009295 -3.8396792
-21.111736 -13.920622 -3.7497673
-5.1092224 -2.9987626 -3.5205116
-7.3336391 -3.8355649 -3.5902359
-9.0296345 -5.2997756 -3.5760829
-11.539909 -6.0354853 -3.6980932
-12.865407 -7.5511103 -3.6373365
-16.163113 -7.4718332 -3.8701315
-19.921675 -11.692656 -3.798908
-17.843863 -9.3325148 -3.8423519
-21.161119 -13.852727 -3.7561862
-5.1130018 -2.9770319 -3.5196955
-7.3469839 -3.8099406 -3.592284
-9.0549116 -5.2721987 -3.58009
-11.553864 -5.9915109 -3.7001274
-12.898563 -7.5101542 -3.6420879
-16.196341 -7.4186807 -3.8754146
-19.962374 -11.623039 -3.8047054
-17.865717 -9.2646618 -3.8460898
-21.195959 -13.770072 -3.7613375
-5.1200261 -2.9572408 -3.5200264
-7.3602371 -3.7842729 -3.5943294
-9.0732574 -5.240561 -3.5827169
-11.578234 -5.95296 -3.703939
-12.92814 -7.4670763 -3.6463346
-16.229391 -7.3653951 -3.8806956
-19.988995 -11.545307 -3.8090732
-17.905035 -9.2058907 -3.8518956
-21.237181 -13.691678 -3.7671118
-5.1336598 -2.9412651 -3.5226607
-7.3734021 -3.7585578 -3.5963726
-9.0777798 -5.2009983 -3.5825741
-11.595409 -5.9107065 -3.706557
-12.954128 -7.4219027 -3.6500742
-16.280428 -7.3201318 -3.8883586
-20.018791 -11.469511 -3.8137851
-17.940613 -9.1451445 -3.8572831
-21.264671 -13.604556 -3.7716
-5.1505938 -2.9271338 -3.5264499
-7.3759756 -3.7274895 -3.595787
-9.0924435 -5.167326 -3.5844994
-11.605347 -5.8648252 -3.7079751
-12.973042 -7.3727088 -3.6527967
-16.309519 -7.2648778 -3.893163
-20.037891 -11.387733 -3.8174124
-17.979544 -9.0860605 -3.863085
-21.308661 -13.528105 -3.7776737
-5.16078 -2.909138 -3.527931
-7.3994617 -3.7069919 -3.6004519
-9.110425 -5.1355577 -3.5871139
-11.632842 -5.827836 -3.7123742
-12.991769 -7.3234763 -3.6555114
-16.30563 -7.1950436 -3.8936543
-20.042757 -11.298127 -3.8195868
-18.018278 -9.0268202 -3.8688846
-21.328732 -13.436625 -3.7814894
-5.167541 -2.8892248 -3.5282545
-7.4053307 -3.677649 -3.6007335
-9.1282959 -5.103723 -3.589726
-11.663776 -5.7924862 -3.7173727
-13.013782 -7.2761378 -3.6587274
-16.326996 -7.1364827 -3.8974826
-19.939278 -11.148252 -3.810585
-18.05682 -8.967411 -3.8746829
-21.35181 -13.347274 -3.7856066
-5.1708584 -2.8674328 -3.5274174
-7.4181232 -3.651777 -3.6027653
-9.1460562 -5.0718279 -3.5923355
-11.691046 -5.7552419 -3.7217731
-13.035625 -7.2287374 -3.661938
-16.355465 -7.0810294 -3.9022648
-20.005989 -11.094064 -3.8191707
-18.073706 -8.8972836 -3.877954
-21.398273 -13.272661 -3.7919695
-5.183713 -2.8521264 -3.5299757
-7.4231439 -3.6237164 -3.6029348
-9.1558981 -5.0376592 -3.5934184
-11.695805 -5.7094779 -3.7224081
-13.073462 -7.1931386 -3.6675107
-16.364214 -7.020472 -3.9044199
-20.105597 -11.062284 -3.8310978
-18.092363 -8.8320522 -3.881386
-21.452368 -13.207907 -3.7989829
-5.2003994 -2.8377061 -3.533767
-7.4534006 -3.6063256 -3.6093612
-9.1803656 -5.0094576 -3.5974162
-11.697803 -5.6599784 -3.722589
-13.098489 -7.1474628 -3.6712263
-16.417942 -6.97577 -3.9125669
-20.165102 -11.003507 -3.8389881
-18.115906 -8.7653751 -3.8854764
-21.494932 -13.130867 -3.8050125
-5.2068858 -2.8177025 -3.5340807
-7.4659438 -3.5802865 -3.6113889
-9.1943207 -4.9755001 -3.5993192
-11.728222 -5.624258 -3.7275801
-13.109368 -7.0941253 -3.6728876
-16.442192 -6.9184175 -3.9168553
-20.006865 -10.8267 -3.8243384
-18.15358 -8.705533 -3.891252
-21.550877 -13.061961 -3.812341
-5.2166896 -2.7995098 -3.535552
-7.4748526 -3.5525196 -3.6125317
-9.2151146 -4.9452443 -3.6026168
-11.751366 -5.5849872 -3.731365
-13.123538 -7.0426793 -3.6750505
-16.466242 -6.860981 -3.9211376
-19.851158 -10.653022 -3.8099365
-18.169453 -8.6352654 -3.8944769
-21.610025 -12.994884 -3.819998
-5.2332301 -2.7849028 -3.5393455
-7.4801102 -3.5230649 -3.612787
-9.2358093 -4.9149055 -3.6059136
-11.767199 -5.5422454 -3.7339382
-13.148041 -6.9968295 -3.6787477
-16.482727 -6.800427 -3.9244425
-20.247519 -10.77487 -3.8528233
-18.192272 -8.5683966 -3.8985393
-21.668964 -12.927556 -3.8276567
-5.2361069 -2.7630219 -3.5384901
-7.4888096 -3.4952722 -3.6139202
-9.2494144 -4.8807898 -3.6078067
-11.775688 -5.4960985 -3.7352943
-13.168869 -6.9490323 -3.6819258
-16.491619 -6.7368212 -3.9267652
-20.288538 -10.705984 -3.8588779
-18.207623 -8.4980927 -3.9017389
-21.655563 -12.817269 -3.8283992
-3.211144 -1.4857982 -3.4917471
-5.2315893 -2.7384989 -3.5352283
-7.5039182 -3.4720674 -3.6167183
-9.258544 -4.8464265 -3.6088624
-11.790247 -5.4553542 -3.7376955
-13.181269 -6.8997941 -3.6838799
-16.539711 -6.6925564 -3.9342213
-20.338068 -10.646053 -3.8657465
-18.174192 -8.4092102 -3.8991203
-21.680735 -12.735281 -3.8327515
-3.2393787 -1.4851553 -3.5050981
-5.2445354 -2.7219937 -3.5378542
-7.5159922 -3.4458511 -3.6187303
-9.2718973 -4.8122554 -3.610745
-11.809218 -5.4141631 -3.7408571
-13.198214 -6.8500733 -3.6865265
-16.559275 -6.633296 -3.9379919
-20.375109 -10.57499 -3.8714275
-18.250547 -8.3673143 -3.9095654
-21.725058 -12.659517 -3.8390622
-3.2448001 -1.4732732 -3.5060074
-5.2510519 -2.7009926 -3.5382221
-7.5250006 -3.4166605 -3.6199534
-9.2965031 -4.7818584 -3.6148653
-11.828982 -5.3708458 -3.7441721
-13.230305 -6.805295 -3.6914229
-16.550154 -6.5593557 -3.9380524
-20.403084 -10.49477 -3.8762765
-18.299244 -8.3086119 -3.916837
-21.750572 -12.567828 -3.8436866
-3.2598414 -1.4663992 -3.5122306
-5.260448 -2.6826465 -3.53968
-7.5261493 -3.385545 -3.6192954
-9.316658 -4.7511735 -3.6181519
-11.858515 -5.3344059 -3.7491543
-13.261065 -6.7626843 -3.6961355
-16.569242 -6.5000906 -3.9417982
-20.428926 -10.418046 -3.8808293
-18.324499 -8.2430487 -3.9212842
-21.756214 -12.469993 -3.8463104
-3.2514422 -1.449676 -3.5059061
-5.2693152 -2.6651871 -3.5410635
-7.5409174 -3.3621657 -3.6220846
-9.3253088 -4.7166834 -3.6191893
-11.865266 -5.290204 -3.7503169
-13.283419 -6.7186708 -3.6996233
-16.605555 -6.4508767 -3.9477799
-20.459805 -10.348443 -3.8858309
-18.355375 -8.1838598 -3.9263427
-21.797445 -12.397776 -3.8522723
-25.162277 -9.7749672 -4.1318893
-3.2534173 -1.4362851 -3.505023
-5.2721605 -2.6424041 -3.5402536
-7.556778 -3.3360884 -3.6250732
-9.3354673 -4.6789312 -3.6204772
-11.880946 -5.2450781 -3.7530074
-13.297288 -6.6645937 -3.7019088
-16.617935 -6.3856854 -3.9507411
-20.490461 -10.269808 -3.8910165
-18.39254 -8.1197491 -3.9323158
-21.797541 -12.292312 -3.8544941
-25.183027 -9.6769485 -4.1372008
-3.2550895 -1.423467 -3.5040941
-5.281352 -2.6239843 -3.5417047
-7.5611897 -3.3065464 -3.6252885
-9.3552818 -4.6480737 -3.623755
-11.906454 -5.2067528 -3.7573719
-13.320471 -6.6181359 -3.7055686
-16.640123 -6.3276381 -3.9549577
-20.526184 -10.198219 -3.8966558
-18.41712 -8.0538998 -3.9367425
-21.850765 -12.221993 -3.8617539
-25.18679 -9.5776272 -4.1407576
-3.2666917 -1.4149779 -3.5085309
-5.287024 -2.6038313 -3.5419834
-7.5690861 -3.2785738 -3.626389
-9.3820877 -4.6206288 -3.6284509
-11.924557 -5.1651597 -3.760509
-13.347059 -6.5733562 -3.7097476
-16.699385 -6.2835402 -3.964107
-20.547338 -10.119455 -3.9007907
-18.448778 -7.991147 -3.9420295
-21.896788 -12.147582 -3.8683388
-25.160271 -9.4671507 -4.141449
-3.2711208 -1.404708 -3.5093033
-5.2951784 -2.5872083 -3.5432856
-7.5721402 -3.2516825 -3.6263938
-9.3965578 -4.5911303 -3.6307614
-11.937078 -5.1261053 -3.7627144
-13.367644 -6.5313911 -3.7130346
-16.696651 -6.2227006 -3.9649301
-20.56469 -10.047846 -3.9043496
-18.488445 -7.9394403 -3.9481332
-21.885889 -12.051773 -3.8692193
-25.122538 -9.362956 -4.1407557
-3.276247 -1.3927102 -3.5102034
-5.2976909 -2.5644281 -3.5424583
-7.5948362 -3.2285128 -3.6311574
-9.3919744 -4.546329 -3.6291854
-11.959437 -5.0838747 -3.766614
-13.398651 -6.4858217 -3.7179158
-16.719345 -6.1614656 -3.9693408
-20.583416 -9.9637175 -3.9083598
-18.502743 -7.8653889 -3.9514744
-21.922905 -11.967656 -3.8750734
-25.269091 -9.3122454 -4.1580992
-3.2775068 -1.3804308 -3.5092244
-5.320056 -2.5535128 -3.5485203
-7.6055012 -3.2033095 -3.6330423
-9.4105635 -4.5168686 -3.6323254
-11.957947 -5.0364866 -3.7665005
-13.4165 -6.4396329 -3.7208526
-16.743427 -6.1073542 -3.9738219
-20.616346 -9.8954048 -3.9136803
-18.517704 -7.799346 -3.9547551
-21.948429 -11.887286 -3.8796151
-25.288576 -9.2242928 -4.1630473
-3.2725062 -1.3642232 -3.5047419
-5.332859 -2.5356495 -3.5512104
-7.6316724 -3.181447 -3.6387045
-9.4234867 -4.4806476 -3.6342933
-11.969002 -4.9895673 -3.768537
-13.436422 -6.3887043 -3.7241476
-16.761953 -6.044589 -3.9777219
-20.638063 -9.8129158 -3.9180405
-18.538805 -7.7283487 -3.9589438
-22.002407 -11.81242 -3.8871536
-25.284655 -9.1179914 -4.1661019
-3.2906518 -1.3583252 -3.5127673
-5.3312235 -2.5120943 -3.5491273
-7.6282287 -3.1488032 -3.6371012
-9.4462204 -4.4510975 -3.6382706
-11.986344 -4.9477596 -3.7716455
-13.444249 -6.3349853 -3.7256684
-16.745438 -5.9726658 -3.9769161
-20.668581 -9.7391195 -3.9232433
-18.591463 -7.6742406 -3.9668329
-22.047026 -11.737426 -3.8936954
-25.301281 -9.0243149 -4.1709685
-3.2886615 -1.3440874 -3.51003
-5.3434501 -2.4950988 -3.5517411
-7.6355429 -3.1206727 -3.6381795
-9.4652805 -4.4197683 -3.6415336
-12.003543 -4.905889 -3.7747498
-13.491507 -6.2997956 -3.7329998
-16.788721 -5.9221258 -3.9840772
-20.680758 -9.6567822 -3.9265361
-18.618139 -7.6092973 -3.9716477
-22.073742 -11.652941 -3.8985159
-25.313801 -8.9292984 -4.175457
-3.3067753 -1.3380387 -3.5180616
-5.3591189 -2.4796669 -3.5555322
-7.6391168 -3.0910578 -3.6383548
-9.4734764 -4.3833823 -3.6426466
-12.016915 -4.8624706 -3.7772293
-13.498977 -6.2459831 -3.7345068
-16.80929 -5.8634863 -3.98824
-20.674505 -9.566103 -3.9279034
-18.629805 -7.5382805 -3.9746912
-22.089527 -11.562859 -3.9022887
-25.276945 -8.8172092 -4.1752248
-3.2943692 -1.3203223 -3.5098882
-5.3673124 -2.4618816 -3.5568976
-7.6456852 -3.0642495 -3.6393242
-9.4879608 -4.3519425 -3.6450601
-12.007192 -4.8122606 -3.7758214
-13.519615 -6.2011838 -3.7379458
-16.824879 -5.8064113 -3.9916868
-20.764145 -9.5241089 -3.9392858
-18.647299 -7.4734926 -3.9783642
-22.110037 -11.480345 -3.9064236
-25.366444 -8.75418 -4.1869612
-3.3092964 -1.3122479 -3.5161686
-5.3692851 -2.4390063 -3.5560467
-7.6641569 -3.0390973 -3.6431856
-9.5038471 -4.3171377 -3.6477239
-12.039504 -4.7740703 -3.7815466
-13.53501 -6.1483002 -3.7406771
-16.812119 -5.7331371 -3.9915209
-20.773481 -9.436388 -3.9424329
-18.681978 -7.4080362 -3.9842775
-22.137772 -11.391925 -3.9115045
-25.368122 -8.6508379 -4.1906199
-3.3136299 -1.3012664 -3.5169735
-5.3738317 -2.4196062 -3.5562267
-7.6778445 -3.0150988 -3.6459508
-9.5181122 -4.2855983 -3.6501312
-12.05527 -4.7341189 -3.7844746
-13.566205 -6.1082807 -3.7457047
-16.823492 -5.674808 -3.9944403
-20.062418 -9.033247 -3.8693297
-18.706442 -7.3460426 -3.988821
-22.186092 -11.323894 -3.9183865
-25.385321 -8.5628366 -4.1954508
-3.3316677 -1.294945 -3.5250154
-5.3857627 -2.4024022 -3.5588362
-7.6846662 -2.9868584 -3.6470087
-9.536624 -4.2539573 -3.6533818
-12.053228 -4.6848211 -3.7844326
-13.576548 -6.0560274 -3.747709
-16.846977 -5.6173077 -3.999068
-20.815369 -9.2850142 -3.9509151
-18.702242 -7.2691445 -3.9900379
-22.13644 -11.201322 -3.9158227
-25.40369 -8.4703827 -4.2005768
-3.3291771 -1.2812854 -3.5222213
-5.397223 -2.3860865 -3.5613742
-7.6908684 -2.9599497 -3.6479645
-9.5506783 -4.2223091 -3.6557834
-12.068698 -4.6448255 -3.7873476
-13.589281 -6.0077562 -3.7500582
-16.8466 -5.5551734 -4.0004544
-20.831446 -9.2094822 -3.9546132
-18.741127 -7.2128134 -3.9963434
-22.080702 -11.0813 -3.9125495
-25.393717 -8.3735886 -4.2028141
-3.3270745 -1.2664959 -3.5195072
-5.4059319 -2.3662899 -3.5628722
-7.694334 -2.9289525 -3.6482067
-9.5624676 -4.1856928 -3.6577125
-12.078224 -4.5977397 -3.7893126
-13.596636 -5.9515328 -3.7516859
-16.859272 -5.4909277 -4.0037532
-20.912579 -9.1538754 -3.9654264
-18.767437 -7.1440787 -4.001338
-22.235542 -11.057177 -3.930141
-25.409048 -8.2755194 -4.2078433
-3.3280828 -1.2535968 -3.5185475
-5.4106245 -2.3458729 -3.5631135
-7.7045107 -2.9020762 -3.6501539
-9.5770197 -4.152288 -3.6602325
-12.11648 -4.5639429 -3.7961295
-13.613678 -5.9024529 -3.7547324
-16.866966 -5.4283834 -4.0063291
-20.9261 -9.0728836 -3.9689982
-18.799723 -7.0813355 -4.0069833
-22.288328 -10.986553 -3.9376497
-25.403568 -8.1757631 -4.2107048
-3.339015 -1.2450866 -3.5229502
-5.4077573 -2.3233562 -3.5609114
-7.7140923 -2.8765109 -3.6520009
-9.5834751 -4.1173859 -3.6611762
-12.10924 -4.515419 -3.7952685
-13.640486 -5.8604155 -3.7592072
-16.877281 -5.3700047 -4.0091958
-20.926743 -8.990839 -3.9711113
-18.81563 -7.0161672 -4.0105929
-22.313879 -10.907321 -3.9423888
-25.403904 -8.0830002 -4.2139692
-3.3433404 -1.2334244 -3.5237904
-5.4193778 -2.3059745 -3.5635135
-7.7204051 -2.8482103 -3.6530354
-9.5905132 -4.0808148 -3.6622381
-12.121203 -4.4717522 -3.7976868
-13.649879 -5.8080969 -3.7611651
-16.884525 -5.3074803 -4.0117469
-20.998384 -8.934926 -3.9808841
-18.840004 -6.9504504 -4.0153275
-22.341036 -10.824148 -3.9474194
-25.45101 -8.000268 -4.2219553
-3.347626 -1.2217455 -3.5246294
-5.4309444 -2.2885375 -3.5661161
-7.7339859 -2.8225861 -3.6558802
-9.6083431 -4.0488453 -3.6654701
-12.136741 -4.42941 -3.8007286
-13.684731 -5.7665887 -3.7668915
-16.895344 -5.2461429 -4.0147953
-21.033125 -8.8631172 -3.9867625
-18.871645 -6.887372 -4.020956
-22.159185 -10.640688 -3.9318984
-25.471157 -7.9090033 -4.227345
-3.3552802 -1.2112836 -3.527272
-5.4353452 -2.2680826 -3.566344
-7.7364135 -2.7929084 -3.6559982
-9.6187696 -4.0137587 -3.6672471
-12.144665 -4.3843236 -3.8025043
-13.690096 -5.7126579 -3.7682941
-16.921167 -5.1894703 -4.0198741
-21.038158 -8.7788868 -3.9895003
-18.876823 -6.8146873 -4.0234208
-22.15654 -10.544403 -3.934005
-25.460432 -7.8083353 -4.2297463
-3.3629017 -1.2007838 -3.5299146
-5.4467888 -2.2505679 -3.5689442
-7.7461143 -2.765888 -3.657928
-9.6436806 -3.984689 -3.6719286
-12.152419 -4.3392372 -3.804271
-13.717303 -5.6678762 -3.772934
-16.927742 -5.1269126 -4.0223918
-21.053921 -8.6993055 -3.9933946
-18.870455 -6.7380319 -4.0245104
-22.35207 -10.541925 -3.9556675
-25.487532 -7.7194195 -4.2358432
-3.3566108 -1.1860021 -3.5252895
-5.4470925 -2.2295749 -3.5679069
-7.7515459 -2.7388787 -3.6588485
-9.6604977 -3.9541838 -3.6750302
-12.166741 -4.298914 -3.8071427
-13.732342 -5.6208496 -3.7757673
-16.933203 -5.0673242 -4.0246949
-21.093731 -8.6339741 -3.9997571
-18.91901 -6.6847148 -4.0321426
-22.379673 -10.464362 -3.9606824
-25.497686 -7.6302772 -4.2401314
-3.3607302 -1.1742781 -3.5261221
-5.4584112 -2.2119939 -3.5705037
-7.7647614 -2.7130978 -3.6616824
-9.670579 -3.9189539 -3.6767967
-12.155453 -4.2472563 -3.8057287
-13.762937 -5.5773616 -3.7809455
-16.924055 -5.0002861 -4.0251346
-21.105249 -8.5527973 -4.0032334
-18.968575 -6.62784 -4.0400143
-22.408819 -10.382822 -3.9659877
-25.550974 -7.5491471 -4.2488232
-3.3682351 -1.1637236 -3.5287616
-5.4660997 -2.1929269 -3.5719099
-7.759356 -2.6808536 -3.6599548
-9.6695271 -3.8792863 -3.6763663
-12.155202 -4.1996164 -3.8061988
-13.767558 -5.5233622 -3.7823129
-16.952875 -4.9445243 -4.030695
-21.116459 -8.4716434 -4.0066919
-18.976521 -6.5563779 -4.0428853
-22.434044 -10.29954 -3.9709225
-25.592503 -7.4643826 -4.2563901
-3.3791378 -1.1543036 -3.5332105
-5.4737206 -2.1738346 -3.5733137
-7.7835126 -2.6588252 -3.66552
-9.6830082 -3.8455119 -3.6788499
-12.173542 -4.1584463 -3.8098314
-13.775664 -5.47087 -3.7842121
-16.958549 -4.8820162 -4.0331626
-21.186695 -8.4140882 -4.0164771
-18.984198 -6.4849463 -4.0457411
-22.437155 -10.206296 -3.9736836
-25.583866 -7.3650665 -4.2590628
-3.3797121 -1.1413403 -3.5322316
-5.4812756 -2.1547127 -3.5747156
-7.7890315 -2.6303825 -3.6665201
-9.685339 -3.8073478 -3.6791332
-12.199263 -4.1197329 -3.8147326
-13.783575 -5.4183817 -3.7861011
-16.979319 -4.8238735 -4.0376816
-21.223366 -8.3429947 -4.0226984
-18.999168 -6.4160838 -4.0494957
-22.479927 -10.131188 -3.9803901
-25.578688 -7.2669797 -4.262085
-3.3767984 -1.1272401 -3.5294385
-5.4851747 -2.1341698 -3.5749218
-7.7981663 -2.6031775 -3.6684299
-9.6912031 -3.7706499 -3.68014
-12.21357 -4.0771241 -3.8177238
-13.798698 -5.368793 -3.7890735
-16.996056 -4.764575 -4.0416775
-21.263517 -8.2732019 -4.0293131
-19.017668 -6.3484626 -4.0536962
-22.526089 -10.05754 -3.9874537
-25.619282 -7.1819596 -4.2696161
-3.3772697 -1.11431 -3.5284522
-5.4925909 -2.11501 -3.5763185
-7.8034792 -2.5747113 -3.6694205
-9.7153711 -3.7410591 -3.6848099
-12.212654 -4.0294924 -3.8181584
-13.821067 -5.3220229 -3.7931352
-17.001066 -4.702034 -4.0441122
-21.284817 -8.1960592 -4.0339284
-19.032141 -6.279541 -4.0574279
-22.528206 -9.9643145 -3.9901619
-25.628799 -7.0882306 -4.2741117
-3.377692 -1.1013912 -3.527463
-5.4999399 -2.0958254 -3.577713
-7.8198771 -2.5498903 -3.6731555
-9.7062092 -3.6986809 -3.6828659
-12.226645 -3.9868402 -3.8211353
-13.846991 -5.2765808 -3.7977424
-16.994324 -4.636374 -4.0449777
-21.320755 -8.1245584 -4.040133
-19.057734 -6.2143083 -4.0625262
-22.540911 -9.8760099 -3.9939351
-25.657236 -6.9997811 -4.2804871
-3.3918676 -1.0929296 -3.5337238
-5.5108256 -2.0779729 -3.5803013
-7.8287301 -2.5225782 -3.6750562
-9.7190609 -3.6647768 -3.685323
-12.240486 -3.9441369 -3.8241067
-13.857883 -5.2254066 -3.8001473
-17.006557 -4.5759897 -4.0484223
-21.31538 -8.0374136 -4.0419188
-19.067924 -6.1440778 -4.0657759
-22.571585 -9.7956762 -3.9995129
-25.662233 -6.9049902 -4.2845683
-3.3883767 -1.0800662 -3.5308356
-5.5209351 -2.0619974 -3.5827506
-7.836617 -2.4979706 -3.6767638
-9.7416353 -3.6383739 -3.6897416
-12.245255 -3.9032516 -3.8254957
-13.863053 -5.17767 -3.8016427
-17.0093 -4.5194697 -4.0504212
-21.355478 -7.9759927 -4.0483699
-19.083336 -6.082932 -4.0694742
-22.613247 -9.7294483 -4.00595
-25.672222 -6.8212581 -4.2887959
-3.3955839 -1.0693207 -3.5334694
-5.5208735 -2.0400431 -3.5817444
-7.8415484 -2.4694221 -3.6777389
-9.7691059 -3.6098268 -3.6951454
-12.273946 -3.8652513 -3.8310208
-13.884772 -5.1306252 -3.8056846
-17.001856 -4.4540124 -4.051239
-21.409388 -7.9110804 -4.0565672
-19.093044 -6.0126886 -4.0726991
-22.617695 -9.6379356 -4.0089464
-25.703602 -6.7336273 -4.2955151
-3.3994803 -1.0568681 -3.5343287
-5.5319314 -2.021116 -3.5843985
-7.8355632 -2.4360065 -3.6760426
-9.7785587 -3.5726402 -3.6969812
-12.284241 -3.8190608 -3.8334842
-13.89975 -5.0783358 -3.8087914
-17.025782 -4.3936582 -4.0564117
-21.453236 -7.8380356 -4.0638266
-19.095917 -5.9367504 -4.0752134
-22.656544 -9.5565233 -4.0155225
-25.716509 -6.6363797 -4.3006063
-3.4029663 -1.0455898 -3.5351045
-5.5349808 -2.0014515 -3.5845139
-7.8623452 -2.4157712 -3.6824358
-9.7792006 -3.5361636 -3.6970873
-12.304423 -3.7806368 -3.8375742
-13.909033 -5.0295124 -3.8109879
-17.013239 -4.3303003 -4.0564799
-21.482859 -7.7682118 -4.0693316
-19.088823 -5.8652005 -4.0763226
-22.717573 -9.4936571 -4.0240798
-25.715157 -6.5451593 -4.3039336
-3.3998373 -1.0310054 -3.5323255
-5.5459061 -1.9824464 -3.5871649
-7.8711467 -2.3869362 -3.6844134
-9.7809305 -3.4963033 -3.697428
-12.306806 -3.7320559 -3.8387372
-13.927374 -4.9784961 -3.8146329
-17.009682 -4.2630692 -4.0579672
-21.499914 -7.6853852 -4.0737433
-19.144529 -5.8056049 -4.0853114
-22.752218 -9.4103231 -4.0302801
-25.7351 -6.4498868 -4.3097563
-3.3997648 -1.0186849 -3.5312786
-5.545187 -1.9614755 -3.5860727
-7.8865337 -2.3630729 -3.6880453
-9.7850199 -3.4612134 -3.6982572
-12.334318 -3.69578 -3.8441098
-13.932559 -4.9283047 -3.816258
-17.023726 -4.2066393 -4.0616708
-21.521521 -7.6127162 -4.0784187
-19.148399 -5.7375102 -4.0877914
-22.772219 -9.3302813 -4.03477
-25.748594 -6.3625937 -4.3145876
-3.4033 -1.006812 -3.5320885
-5.5483642 -1.9408365 -3.586246
-7.8759289 -2.3299677 -3.6853051
-9.7933102 -3.4257333 -3.6999426
-12.33573 -3.6493287 -3.8451099
-13.953431 -4.8809571 -3.8202715
-17.038303 -4.1471934 -4.0655608
-21.529129 -7.5309625 -4.0817199
-19.164486 -5.6695075 -4.0918846
-22.775053 -9.2387352 -4.037683
-25.778406 -6.2745705 -4.3212452
-3.4104474 -0.99534619 -3.5347571
-5.5554404 -1.9204863 -3.5876873
-7.876884 -2.2988851 -3.68542
-9.7983294 -3.3872304 -3.701
-12.352832 -3.6051996 -3.8488328
-13.974986 -4.8310785 -3.8244538
-17.037897 -4.0810018 -4.0675306
-21.571672 -7.4572129 -4.0889473
-19.177485 -5.5969892 -4.0957279
-22.84581 -9.1700621 -4.0475688
-25.808998 -6.1818995 -4.3281879
-3.4173846 -0.98443967 -3.5373855
-5.5621104 -1.9010837 -3.5890574
-7.8848605 -2.2713771 -3.6872847
-9.8063536 -3.3517313 -3.7026725
-12.357714 -3.5598638 -3.8504617
-13.988001 -4.7809839 -3.827342
-17.05979 -4.0233355 -4.0724554
-21.593796 -7.3805823 -4.0938582
-19.166258 -5.5211887 -4.096518
-22.892517 -9.0961609 -4.0549302
-25.810986 -6.087194 -4.3321066
-3.4239471 -0.97469121 -3.539933
-5.5753531 -1.8860689 -3.5926993
-7.8957305 -2.247669 -3.6898863
-9.8130903 -3.3196399 -3.7040977
-12.357388 -3.5177639 -3.8511417
-14.006719 -4.7382894 -3.8309977
-17.087864 -3.9733284 -4.0780458
-21.616875 -7.312706 -4.0986381
-19.198847 -5.4653144 -4.1024685
-22.946981 -9.0344334 -4.0628271
-25.791088 -5.9970317 -4.3334737
-3.4206834 -0.95957863 -3.5371747
-5.5789003 -1.8634268 -3.5929971
-7.9005256 -2.216275 -3.6910038
-9.8220158 -3.2806838 -3.7059994
-12.374623 -3.4713602 -3.8549912
-14.005948 -4.6781726 -3.8319745
-17.091347 -3.9050248 -4.0807033
-21.663721 -7.2359705 -4.1065278
-19.235043 -5.3958621 -4.1093225
-22.981503 -8.9462557 -4.0692754
-25.821709 -5.899735 -4.340661
-3.4236813 -0.94882739 -3.5378973
-5.5810695 -1.8446819 -3.5930178
-7.9112301 -2.1924915 -3.6936007
-9.8397799 -3.2522912 -3.7096548
-12.381645 -3.4314072 -3.8569546
-14.0168 -4.6328998 -3.8344955
-17.091873 -3.8486857 -4.0825763
-21.663614 -7.1603618 -4.1088214
-19.244217 -5.3332772 -4.1124425
-22.998323 -8.8697023 -4.0734148
-25.836224 -5.8177066 -4.3455024
-3.4339662 -0.93878251 -3.5423467
-5.5984592 -1.8287771 -3.5980024
-7.9037008 -2.1607249 -3.6917365
-9.8398018 -3.214242 -3.7098107
-12.38972 -3.3871191 -3.8592014
-14.032887 -4.5839434 -3.8379138
-17.105204 -3.7889998 -4.0864134
-21.688477 -7.0846972 -4.1141043
-19.235798 -5.2587094 -4.1136408
-23.044062 -8.7950621 -4.0807643
-25.848574 -5.7257571 -4.3505182
-3.4338834 -0.92524785 -3.541363
-5.5977926 -1.8058814 -3.5970142
-7.9153543 -2.1327643 -3.6946027
-9.8439922 -3.1757309 -3.710825
-12.402051 -3.3416891 -3.862237
-14.060947 -4.5361457 -3.8431854
-17.111195 -3.724591 -4.0893693
-21.710501 -7.0039372 -4.1192269
-19.239544 -5.1840277 -4.1164603
-23.076139 -8.7105474 -4.0868917
-25.857681 -5.6284375 -4.3554134
-3.4439397 -0.91571856 -3.5457733
-5.6147594 -1.7908196 -3.601932
-7.9223828 -2.1065042 -3.6963522
-9.8620005 -3.1454713 -3.7145913
-12.40156 -3.2974846 -3.863019
-14.08349 -4.49191 -3.8475516
-17.119558 -3.6669931 -4.092464
-21.642366 -6.9028025 -4.1142645
-19.245071 -5.1171246 -4.1192904
-23.116116 -8.6381674 -4.0935636
-25.872297 -5.541822 -4.3605008
-3.4365954 -0.90093249 -3.5410929
-5.6099553 -1.7677352 -3.599658
-7.9258943 -2.0778401 -3.6972585
-9.8691511 -3.1098368 -3.7162249
-12.416835 -3.255178 -3.86655
-14.095292 -4.4415226 -3.8503914
-17.120562 -3.6047461 -4.0946727
-19.255102 -5.0478878 -4.1228051
-23.146132 -8.5574188 -4.0993843
-25.903208 -5.4539385 -4.3674412
-3.4363639 -0.88742501 -3.5401001
-5.6090407 -1.7448746 -3.5986547
-7.9296584 -2.0477974 -3.6982508
-9.8616123 -3.0677755 -3.7149646
-12.436364 -3.2116332 -3.8708749
-14.100083 -4.3862896 -3.8522606
-17.106354 -3.5363312 -4.0949187
-21.630247 -6.7287917 -4.1183076
-19.254173 -4.972301 -4.1251016
-23.166092 -8.468421 -4.1043429
-25.883919 -5.350883 -4.3695178
-3.4426479 -0.87751943 -3.5426414
-5.6218581 -1.7295084 -3.6022923
-7.9246511 -2.0199668 -3.6970968
-9.8900909 -3.0425873 -3.7208593
-12.434858 -3.1696036 -3.8714893
-14.113794 -4.3419676 -3.8553104
-17.121283 -3.483362 -4.0988588
-21.739 -6.6877856 -4.1325955
-19.261974 -4.9098125 -4.1281443
-23.177568 -8.3901587 -4.1080356
-25.920168 -5.2735138 -4.3766518
-3.4495082 -0.86517781 -3.545341
-5.6284571 -1.7079121 -3.6037741
-7.9323483 -1.9895276 -3.699101
-9.8865709 -3.0000038 -3.7204525
-12.423843 -3.1160483 -3.8706944
-14.122751 -4.2854404 -3.8578949
-17.138437 -3.4183824 -4.1035471
-21.791245 -6.6123857 -4.1412563
-19.261349 -4.830976 -4.1306272
-23.198334 -8.29708 -4.1132507
-25.920643 -5.1700559 -4.3809509
-3.4560268 -0.85400015 -3.5479615
-5.6343842 -1.688253 -3.6051188
-7.9468608 -1.963706 -3.7027893
-9.9007683 -2.9666066 -3.7235687
-12.426941 -3.0707545 -3.8722272
-14.130004 -4.2338295 -3.8601315
-17.154177 -3.3592985 -4.107851
-21.798903 -6.531692 -4.1447835
-19.285835 -4.7656193 -4.1359997
-23.223394 -8.2147141 -4.1186404
-25.930695 -5.0780025 -4.3858514
-3.4622147 -0.843997 -3.5505028
-5.6359673 -1.6694497 -3.6051116
-7.9377484 -1.9350146 -3.7006805
-9.9100399 -2.9354875 -3.7256913
-12.467368 -3.0392168 -3.8800497
-14.131796 -4.186029 -3.8614526
-17.137272 -3.300118 -4.10747
-21.815491 -6.4620428 -4.1490364
-19.285219 -4.70123 -4.1380491
-23.234016 -8.1364365 -4.1222892
-25.922995 -4.9919815 -4.3885717
-3.4580894 -0.83021462 -3.5476294
-5.6417599 -1.6497674 -3.6064503
-7.9558949 -1.9100432 -3.7052999
-9.9088449 -2.8975515 -3.7257774
-12.485616 -2.997534 -3.8842094
-14.16159 -4.1411424 -3.8670907
-17.148684 -3.2402811 -4.1112146
-21.845573 -6.3880978 -4.1550617
-19.30151 -4.6338873 -4.1424441
-23.269817 -8.0579023 -4.1288095
-25.944183 -4.9022098 -4.3946357
-3.4715502 -0.82063949 -3.5539112
-5.643784 -1.6289942 -3.6065702
-7.943428 -1.8777463 -3.7024198
-9.915103 -2.8618467 -3.7273676
-12.484419 -2.9511907 -3.8850667
-14.164497 -4.0883713 -3.8687317
-17.152058 -3.1789451 -4.1138716
-21.825569 -6.2996254 -4.1555901
-19.325331 -4.5683131 -4.1477928
-23.30158 -7.9779124 -4.1349378
-25.925802 -4.8050618 -4.3966823
-3.4708631 -0.80769479 -3.552865
-5.649436 -1.6092837 -3.607903
-7.9575763 -1.8517852 -3.7060964
-9.917429 -2.825053 -3.7281938
-12.49851 -2.9084933 -3.8885562
-14.186331 -4.0410814 -3.8732209
-17.155212 -3.1176293 -4.1165161
-21.613333 -6.1567178 -4.1349263
-19.345043 -4.5017304 -4.1526537
-23.291477 -7.8837285 -4.1367984
-25.942415 -4.7145338 -4.4023128
-3.4736612 -0.79557502 -3.5536489
-5.6550188 -1.5895548 -3.6092334
-7.9639916 -1.8239986 -3.7078938
-9.9272299 -2.7904196 -3.7305288
-12.512454 -2.8657362 -3.892041
-14.196522 -3.990464 -3.8759882
-17.162071 -3.0570326 -4.119689
-21.819078 -6.133069 -4.1603746
-19.32955 -4.4270601 -4.1531596
-23.277212 -7.7884493 -4.1382418
-25.942989 -4.6211538 -4.4063196
-3.4659438 -0.78044808 -3.5489669
-5.6645193 -1.5698447 -3.6118467
-7.9667959 -1.7939329 -3.7088366
-9.9373913 -2.7540133 -3.7329762
-12.51126 -2.8172381 -3.8930116
-14.122906 -3.9139717 -3.8662865
-17.169237 -2.9934213 -4.1230369
-21.891401 -6.066905 -4.1712799
-19.337866 -4.3544269 -4.1567626
-23.290445 -7.6980662 -4.1426635
-25.95582 -4.5253439 -4.4117966
-3.4614344 -0.76738173 -3.5460358
-5.6622629 -1.5490202 -3.6106658
-7.9727006 -1.7675058 -3.7105358
-9.9464693 -2.7210464 -3.7351856
-12.512786 -2.7740188 -3.8943532
-14.18951 -3.8818114 -3.8774741
-17.151588 -2.9317758 -4.1227465
-21.915247 -5.9953341 -4.1765733
-19.332737 -4.2859659 -4.1584635
-23.300667 -7.6158333 -4.1464992
-25.962809 -4.4379058 -4.4162936
-3.4818017 -0.75915569 -3.5559907
-5.6639161 -1.5282422 -3.6107664
-7.9788218 -1.7396649 -3.7123206
-9.9597225 -2.6873398 -3.7382684
-12.52627 -2.731169 -3.8978186
-14.210652 -3.8343291 -3.8819373
-17.142076 -2.8686006 -4.1237078
-21.924484 -5.9156809 -4.1804075
-19.343683 -4.2176061 -4.1623058
-23.311913 -7.5295434 -4.1506014
-25.993896 -4.3498874 -4.4234834
-3.4737964 -0.74471748 -3.5512574
-5.6692166 -1.5084621 -3.6120844
-7.9810104 -1.7109805 -3.7131586
-9.9728613 -2.6535738 -3.7413483
-12.520207 -2.6841002 -3.8979533
-14.21242 -3.7816334 -3.8835142
-17.151985 -2.8087459 -4.1273742
-21.921864 -5.8329577 -4.1829429
-19.342697 -4.1467156 -4.1646776
-23.315239 -7.4408426 -4.1539025
-25.977398 -4.2539625 -4.425797
-3.4762471 -0.73319376 -3.5519917
-5.6779132 -1.4906317 -3.6145566
-7.9866409 -1.6845049 -3.7148459
-9.9739609 -2.61848 -3.7420204
-12.521275 -2.6409285 -3.8992679
-14.221037 -3.7334716 -3.8860698
-17.149406 -2.7499597 -4.1292124
-21.925648 -5.7561755 -4.1860604
-19.352442 -4.0817266 -4.1682796
-23.335978 -7.3622823 -4.158865
-25.99136 -4.1677942 -4.4310589
-3.4789104 -0.72044849 -3.5528014
-5.6796088 -1.468848 -3.6147122
-7.9966011 -1.6560183 -3.7176507
-9.9987965 -2.5858667 -3.7474992
-12.530869 -2.5950208 -3.9021847
-14.230773 -3.680331 -3.8889456
-17.143633 -2.6846247 -4.1308556
-21.969774 -5.6817746 -4.1939635
-19.363365 -4.0099645 -4.1722994
-23.362803 -7.2767076 -4.164772
-25.98279 -4.0688014 -4.4344153
-3.5062716 -0.71335959 -3.5664451
-5.6772361 -1.4471104 -3.6135733
-8.0023327 -1.6280944 -3.7194192
-9.9924421 -2.5470433 -3.7467458
-12.535963 -2.5504727 -3.9042885
-14.243533 -3.6306336 -3.8922279
-17.145025 -2.6235602 -4.1333942
-21.97014 -5.6001229 -4.1968789
-19.357714 -3.9383745 -4.1741376
-23.384245 -7.1939373 -4.1699929
-25.996834 -3.9780788 -4.4399214
-3.4909658 -0.69756341 -3.5580187
-5.6822534 -1.4272828 -3.6148789
-7.9964294 -1.5978433 -3.7183454
-9.9936056 -2.5102191 -3.7475123
-12.537008 -2.5051401 -3.9057155
-14.256121 -3.5808885 -3.8955035
-17.154079 -2.5636923 -4.1370158
-21.962467 -5.5165877 -4.1989121
-19.363525 -3.8692119 -4.1774263
-23.401579 -7.1099405 -4.1748061
-25.939474 -3.8766775 -4.4380498
-3.4968169 -0.6866824 -3.5605884
-5.6906948 -1.4093591 -3.6173429
-7.9978356 -1.5705634 -3.7190685
-9.990366 -2.4742169 -3.7473893
-12.545246 -2.4635546 -3.9083338
-14.244755 -3.5278604 -3.8951228
-17.13884 -2.5033431 -4.137156
-22.007753 -5.4504466 -4.2067213
-19.372337 -3.8042147 -4.1809797
-23.417381 -7.0300093 -4.1793256
-25.964041 -3.7923744 -4.4444685
-3.4885132 -0.67241347 -3.5558305
-5.6993213 -1.390399 -3.6198709
-8.0032692 -1.5426359 -3.7208219
-10.00662 -2.4412022 -3.7512085
-12.545977 -2.4182463 -3.9097433
-14.253119 -3.4771721 -3.8977976
-17.14353 -2.4429398 -4.1402049
-22.026644 -5.3735914 -4.2117529
-19.397242 -3.7388327 -4.1867013
-23.445604 -6.949357 -4.1853032
-25.969212 -3.7005928 -4.4490986
-3.490839 -0.66023219 -3.5565927
-5.7003946 -1.3695964 -3.6199422
-8.0008974 -1.5132321 -3.7206733
-10.022766 -2.4081042 -3.7550259
-12.566036 -2.3766496 -3.9144986
-14.253569 -3.4246113 -3.8992982
-17.136177 -2.3808906 -4.1415925
-22.045267 -5.2966714 -4.216774
-19.421925 -3.6733229 -4.1924171
-23.485043 -6.8719578 -4.1924663
-25.970108 -3.6082716 -4.4532995
-3.5038161 -0.6500265 -3.5628824
-5.7013922 -1.3488028 -3.6200092
-8.0099869 -1.4860095 -3.723366
-10.027267 -2.3721933 -3.7565348
-12.562554 -2.3305998 -3.9152205
-14.284788 -3.3794136 -3.9054561
-17.144384 -2.3210588 -4.1451683
-22.055857 -5.2178483 -4.2209148
-19.422873 -3.6033232 -4.1951694
-23.512726 -6.7910452 -4.1984291
-25.939016 -3.5117028 -4.4541826
-3.4917967 -0.6351974 -3.5562682
-5.6985626 -1.3271468 -3.6188419
-8.0189838 -1.458744 -3.7260563
-10.031636 -2.3362827 -3.7580369
-12.5589 -2.2846062 -3.9159303
-14.26551 -3.3223159 -3.9040165
-17.152382 -2.2612035 -4.1487341
-22.07782 -5.141737 -4.2263474
-19.415716 -3.531939 -4.1969175
-23.540123 -6.7100282 -4.2043824
-25.990705 -3.4263623 -4.4637094
-3.5011308 -0.62427753 -3.5607138
-5.7144246 -1.3098288 -3.6238205
-8.016305 -1.4293666 -3.7258904
-10.043582 -2.3021345 -3.7610738
-12.55508 -2.2386637 -3.9166286
-14.280897 -3.2733884 -3.9078248
-17.144367 -2.1992888 -4.1500793
-22.083967 -5.061965 -4.2300258
-19.372982 -3.4543462 -4.1941929
-23.571089 -6.6299782 -4.2107282
-26.006468 -3.3361242 -4.4695125
-3.5032885 -0.61205161 -3.5614696
-5.7152038 -1.2890246 -3.6238763
-8.021246 -1.4013736 -3.7276211
-10.055412 -2.2679284 -3.7641082
-12.562818 -2.1948214 -3.9193392
-14.323273 -3.2305145 -3.9157319
-17.140085 -2.1379473 -4.1519628
-22.097609 -4.9839621 -4.2345629
-19.388849 -3.3873816 -4.1988716
-23.59024 -6.5465851 -4.2158613
-25.962482 -3.2383981 -4.4690809
-3.4982572 -0.5985961 -3.5585313
-5.7196684 -1.2690668 -3.6251597
-8.0028915 -1.369396 -3.7236302
-10.067126 -2.2336707 -3.767139
-12.566491 -2.1502857 -3.9213676
-14.315049 -3.1761899 -3.9160128
-17.127674 -2.0757077 -4.1527224
-22.107079 -4.9050674 -4.2386484
-19.380907 -3.3163185 -4.200561
-23.5937 -6.4589291 -4.2193704
-25.953802 -3.145349 -4.472352
-3.4967499 -0.58578306 -3.557435
-5.7127743 -1.2466314 -3.6227417
-8.0037537 -1.340806 -3.7243936
-10.06714 -2.1968331 -3.7678459
-12.577834 -2.1070659 -3.9247401
-14.314392 -3.1236613 -3.9174535
-17.115038 -2.0135853 -4.1534638
-22.104574 -4.8236208 -4.2414021
-19.408092 -3.2512856 -4.2067094
-23.627661 -6.3796597 -4.2260885
-25.956692 -3.0538065 -4.4768491
-3.5059283 -0.57474637 -3.5618782
-5.7321553 -1.2299145 -3.628952
-8.0045147 -1.3122247 -3.7251511
-10.074746 -2.1616786 -3.770093
-12.592943 -2.0644314 -3.9287846
-14.313542 -3.0711718 -3.9188821
-17.133835 -1.9551846 -4.1586361
-22.043247 -4.7296886 -4.237535
-19.399652 -3.1802933 -4.2083693
-23.638214 -6.2940626 -4.2303739
-25.975132 -2.9640868 -4.4829984
-3.5114927 -0.56307882 -3.5644743
-5.7326446 -1.209103 -3.628993
-8.0167923 -1.2855177 -3.7287688
-10.074495 -2.1248662 -3.7707844
-12.584401 -2.0179482 -3.9287584
-14.328068 -3.0220098 -3.9226575
-17.144514 -1.8958017 -4.1626902
-21.87612 -4.6140103 -4.2217169
-19.367332 -3.1056123 -4.2070155
-23.6639 -6.2125244 -4.2362647
-25.945629 -2.8690093 -4.4841189
-3.5134368 -0.55081791 -3.5652208
-5.7330589 -1.1883031 -3.6290295
-8.0251064 -1.2581333 -3.7314293
-10.085722 -2.0904887 -3.7737961
-12.583529 -1.9727786 -3.9300761
-14.322952 -2.9687483 -3.9234741
-17.123304 -1.8329768 -4.1622744
-22.036659 -4.5675845 -4.2429175
-19.318977 -3.0287261 -4.2036328
-23.700901 -6.133884 -4.2433653
-25.876074 -2.7699234 -4.48102
-3.5044005 -0.53812653 -3.5603416
-5.7405372 -1.1710559 -3.6314073
-8.0251417 -1.2323198 -3.7320032
-10.099984 -2.0603726 -3.7773581
-12.597508 -1.9344405 -3.9338357
-14.312723 -2.9197614 -3.9233687
-17.117096 -1.777938 -4.1637254
-22.07045 -4.5023189 -4.2495184
-19.383564 -2.9764895 -4.2143288
-23.69685 -6.0534663 -4.2458434
-25.936283 -2.6939795 -4.4911981
-3.5205977 -0.52804226 -3.5684845
-5.7370362 -1.1494982 -3.6301994
-8.0255156 -1.2037191 -3.7327414
-10.095489 -2.0227773 -3.7772527
-12.608108 -1.8910463 -3.9371781
-14.326728 -2.8705673 -3.9271185
-17.115273 -1.7173856 -4.1660681
-22.070379 -4.4221201 -4.2526131
-19.389893 -2.9082227 -4.2179232
-23.706221 -5.967793 -4.2500706
-25.925661 -2.6014402 -4.4943404
-3.5116584 -0.5141741 -3.5636721
-5.7372346 -1.1287216 -3.6302235
-8.0296679 -1.1756973 -3.7344322
-10.102488 -1.9875247 -3.7794731
-12.618559 -1.8475989 -3.9405158
-14.324955 -2.8182368 -3.9284904
-17.125126 -1.6580153 -4.1700778
-21.940817 -4.3165522 -4.2410283
-19.407816 -2.8416762 -4.2230134
-23.703663 -5.879241 -4.2530546
-25.906761 -2.5082328 -4.4966173
-3.5170207 -0.50242472 -3.5662618
-5.7487044 -1.1101472 -3.6339591
-8.0298405 -1.1471045 -3.7351594
-10.109365 -1.9522457 -3.7816885
-12.613147 -1.8018535 -3.9411201
-14.33861 -2.7689662 -3.9322255
-17.122879 -1.5974827 -4.1723971
-21.904819 -4.2300968 -4.2400522
-19.401833 -2.7716525 -4.2250767
-23.747309 -5.8021417 -4.2609348
-25.919338 -2.4181502 -4.5022449
-3.5259342 -0.49114606 -3.570704
-5.7487588 -1.0893577 -3.633976
-8.0415649 -1.1201522 -3.7387609
-10.120001 -1.9176837 -3.7846789
-12.619359 -1.7578174 -3.9437609
-14.352094 -2.7196417 -3.9359546
-17.104549 -1.53557 -4.1724567
-21.923372 -4.1543565 -4.2452869
-19.391644 -2.701165 -4.2266183
-23.755772 -5.7164164 -4.2651176
-25.907732 -2.3258805 -4.505321
-3.5276272 -0.47883517 -3.57144
-5.7525263 -1.069284 -3.6352289
-8.0454264 -1.0920749 -3.7404394
-10.130518 -1.8830686 -3.7876654
-12.633282 -1.7148238 -3.947762
-14.3615 -2.6695266 -3.9390824
-17.121708 -1.4768809 -4.1775579
-22.071125 -4.1025977 -4.2652583
-19.397005 -2.6329222 -4.2301612
-23.787235 -5.6362185 -4.2717528
-25.875908 -2.2319989 -4.5062571
-3.5400591 -0.46794361 -3.5777371
-5.7486463 -1.0478158 -3.6339967
-8.0569658 -1.0650121 -3.7440369
-10.140919 -1.8484032 -3.7906487
-12.631324 -1.6696748 -3.9490218
-14.358995 -2.6172395 -3.9404135
-17.110884 -1.4157916 -4.1787124
-22.101013 -4.0283909 -4.2718449
-19.398172 -2.5641525 -4.2331853
-23.798988 -5.5513368 -4.2763195
-25.875584 -2.1410019 -4.5105567
-3.541671 -0.45558447 -3.5784712
-5.7522678 -1.0277443 -3.6352417
-8.0489645 -1.0353822 -3.74282
-10.151199 -1.8136913 -3.793628
-12.637074 -1.6255759 -3.9516416
-14.368042 -2.5671046 -3.9435236
-17.107779 -1.3554296 -4.1809778
-22.114939 -3.9512246 -4.2766318
-19.395142 -2.4949028 -4.2356892
-23.814331 -5.4673414 -4.2812843
-25.874937 -2.0500414 -4.5148377
-3.5359681 -0.44293594 -3.5754552
-5.7518501 -1.0079981 -3.635179
-8.0562458 -1.0091722 -3.7453647
-10.157159 -1.780018 -3.7957108
-12.630585 -1.5821805 -3.9520657
-14.384311 -2.5208163 -3.9476681
-17.10424 -1.2980874 -4.1830621
-22.088617 -3.8709779 -4.2766757
-19.38353 -2.4280937 -4.2369623
-23.824543 -5.3865781 -4.2855535
-25.861685 -1.9627136 -4.5175681
-3.541091 -0.43102747 -3.5780408
-5.7591305 -0.98856443 -3.6376615
-8.0636129 -0.98151624 -3.7479897
-10.16331 -1.7445493 -3.7978981
-12.628152 -1.5371195 -3.9532957
-14.373425 -2.4672225 -3.9477704
-17.104694 -1.2380822 -4.1858673
-21.842434 -3.7492905 -4.2517176
-19.391886 -2.3604126 -4.2409582
-23.80813 -5.2955756 -4.2871709
-25.812618 -1.8683842 -4.5166907
-3.5318465 -0.41677219 -3.5732327
-5.7589154 -0.96681315 -3.6377149
-8.0632601 -0.95149732 -3.7487643
-10.173533 -1.7079442 -3.8009739
-12.629761 -1.4903629 -3.9553323
-14.370603 -2.4125528 -3.9492099
-17.105145 -1.1751132 -4.1888285
-21.950472 -3.6850696 -4.2674665
-19.404366 -2.2897937 -4.2456508
-23.842979 -5.2116938 -4.2944336
-25.771486 -1.7704858 -4.5168834
-3.5333505 -0.40382361 -3.5739923
-5.7624207 -0.94569772 -3.6390088
-8.0550032 -0.92059952 -3.7476006
-10.175825 -1.6700021 -3.8024733
-12.65485 -1.4463121 -3.9614911
-14.387198 -2.3611503 -3.9536402
-17.081514 -1.1105986 -4.1883745
-22.03471 -3.6162188 -4.2805343
-19.412628 -2.218653 -4.2498236
-23.850214 -5.1217494 -4.2987733
-25.813665 -1.6783416 -4.5260353
-3.5382047 -0.39312223 -3.5765002
-5.7615609 -0.92697912 -3.638869
-8.0500593 -0.89442456 -3.7471473
-10.184925 -1.6386553 -3.8052139
-12.667219 -1.4074272 -3.9651947
-14.394547 -2.3159425 -3.9564021
-17.076967 -1.0564412 -4.190238
-22.108997 -3.5571225 -4.2920084
-19.427429 -2.1585393 -4.2544117
-23.838848 -5.0410199 -4.3006277
-25.834753 -1.5982285 -4.5322838
-3.5323465 -0.37999359 -3.5735013
-5.7761769 -0.90865749 -3.6438348
-8.0570307 -0.86673838 -3.7497532
-10.186677 -1.6024787 -3.8065922
-12.660218 -1.3619281 -3.9657025
-14.4104 -2.2669177 -3.9606683
-17.092482 -0.99752063 -4.1952653
-22.121277 -3.4799254 -4.2967105
-19.426916 -2.0898583 -4.2573428
-23.840668 -4.9545269 -4.3042455
-25.836189 -1.5078051 -4.5368786
-3.548203 -0.36792323 -3.5817308
-5.7720079 -0.88530391 -3.6426864
-8.0602999 -0.83579534 -3.7515512
-10.188848 -1.5627538 -3.8081789
-12.665354 -1.3133066 -3.9685278
-14.407205 -2.2097604 -3.962219
-17.096186 -0.93188292 -4.1989093
-22.106869 -3.3907261 -4.2986875
-19.422903 -2.0140159 -4.2601414
-23.8204 -4.8549767 -4.3058534
-25.742105 -1.4031568 -4.53162
-3.5349131 -0.35532394 -3.5749326
-5.7747607 -0.86716592 -3.6437843
-8.0667896 -0.81086099 -3.7539871
-10.189798 -1.5301493 -3.8093274
-12.673366 -1.2739068 -3.9715245
-14.414075 -2.1644871 -3.9649594
-17.091072 -0.87775981 -4.2007413
-22.121357 -3.3218496 -4.3033476
-19.4093 -1.9509925 -4.2611113
-23.823793 -4.7777634 -4.3093219
-25.766325 -1.3233016 -4.5382524
-3.5397406 -0.3433325 -3.577507
-5.7625079 -0.84476799 -3.6400042
-8.0773783 -0.78345478 -3.7575526
-10.195078 -1.4945707 -3.8114746
-12.661938 -1.2281281 -3.9713094
-14.421543 -2.1141591 -3.9679966
-17.086079 -0.81771415 -4.2028909
-22.089388 -3.2382443 -4.3029919
-19.415993 -1.8832289 -4.2650242
-23.840326 -4.6945729 -4.3145628
-25.73489 -1.2316333 -4.5393243
-3.5373077 -0.33063775 -3.5763557
-5.7844877 -0.82737625 -3.6474648
-8.0800638 -0.75525635 -3.7591755
-10.192408 -1.4578571 -3.8120337
-12.689853 -1.1861407 -3.9780133
-14.424899 -2.0632455 -3.9704201
-17.068935 -0.7571888 -4.2033119
-22.037359 -3.1520834 -4.3003216
-19.402601 -1.8135918 -4.2663527
-23.85265 -4.6105733 -4.3193688
-25.719086 -1.140915 -4.5420985
-3.5492721 -0.3192625 -3.5826538
-5.7911553 -0.80771154 -3.6499269
-8.0748377 -0.72634417 -3.7588515
-10.189606 -1.421178 -3.8125844
-12.686011 -1.1411263 -3.9791667
-14.40838 -2.0095842 -3.9698017
-17.063513 -0.69727671 -4.2054319
-21.996849 -3.0679731 -4.298985
-19.38896 -1.7440667 -4.267662
-23.848986 -4.5235634 -4.3224697
-25.762812 -1.0527614 -4.5513544
-3.5466995 -0.30717799 -3.5814631
-5.7938018 -0.78850263 -3.6510756
-8.0772018 -0.69956267 -3.7603831
-10.190346 -1.3868467 -3.8138125
-12.666006 -1.0969969 -3.9774044
-14.430727 -1.9639378 -3.9750884
-17.081652 -0.6412853 -4.2108145
-21.979225 -2.9912443 -4.300138
-19.382719 -1.6787282 -4.2697911
-23.859932 -4.4437213 -4.3269849
-25.706303 -0.96507496 -4.5495048
-3.5441377 -0.29449552 -3.5803046
-5.8003368 -0.76877964 -3.6535337
-8.0717773 -0.6707139 -3.7600453
-10.202961 -1.3523058 -3.8175204
-12.646033 -1.0508058 -3.9757516
-14.429609 -1.9125078 -3.9768758
-17.067863 -0.5811128 -4.2117648
-22.12007 -2.9318054 -4.3198714
-19.4123 -1.61304 -4.2767506
-23.859591 -4.3575377 -4.3304729
-25.793324 -0.87819022 -4.5635276
-3.5415301 -0.28183386 -3.5791423
-5.7877049 -0.74655539 -3.6497247
-8.070159 -0.64222074 -3.760673
-10.20762 -1.3166797 -3.8196375
-12.657535 -1.0072826 -3.9796534
-14.424364 -1.860597 -3.9780428
-17.06979 -0.52152669 -4.2149978
-22.122252 -2.8535469 -4.3235407
-19.386021 -1.5427334 -4.2764606
-23.870728 -4.2735162 -4.335218
-25.804216 -0.78838629 -4.5692844
-3.5461073 -0.26974562 -3.5817087
-5.7902751 -0.72634917 -3.6509216
-8.0606184 -0.61315584 -3.7593458
-10.216075 -1.2815346 -3.8225436
-12.680757 -0.96460098 -3.9856422
-14.438663 -1.8112284 -3.9822457
-17.047619 -0.46129602 -4.214767
-22.116243 -2.7743266 -4.326272
-19.367435 -1.4732438 -4.2771831
-23.865843 -4.1867218 -4.338243
-25.77887 -0.69755721 -4.5710979
-3.5506427 -0.25762799 -3.5842743
-5.7927752 -0.70613277 -3.6521153
-8.0587978 -0.58473128 -3.7599595
-10.212639 -1.2449092 -3.8230581
-12.680088 -0.92004341 -3.9874437
-14.448844 -1.7612978 -3.9858329
-17.053104 -0.40187919 -4.2185497
-22.125792 -2.697109 -4.3308315
-19.3486 -1.4038981 -4.277885
-23.87244 -4.102036 -4.3425288
-25.673359 -0.60502702 -4.5641365
-3.5515206 -0.24523225 -3.5849719
-5.7875552 -0.68500221 -3.650795
-8.0686159 -0.55713737 -3.7634943
-10.212998 -1.2087879 -3.8243604
-12.683223 -0.87577569 -3.9899347
-14.470704 -1.7127205 -3.9912481
-17.066351 -0.34258956 -4.2234769
-22.119223 -2.6179821 -4.3335285
-19.34543 -1.3358005 -4.2806463
-23.878744 -4.0173564 -4.3467984
-25.647367 -0.51484472 -4.5658822
-3.5451198 -0.23236018 -3.5819309
-5.7899108 -0.66479701 -3.6519806
-8.0705109 -0.52897096 -3.765074
-10.209302 -1.1722311 -3.8248575
-12.686202 -0.83150035 -3.9924181
-14.468692 -1.6612939 -3.9929881
-17.051516 -0.28275439 -4.2243547
-22.120298 -2.5398507 -4.3371329
-19.334061 -1.2672254 -4.2823505
-23.876863 -3.9313898 -4.350194
-25.641026 -0.42518875 -4.5697956
-3.5459094 -0.21998306 -3.582623
-5.7845392 -0.64372873 -3.6506486
-8.0801382 -0.50128001 -3.7686043
-10.201547 -1.1352726 -3.8245473
-12.692988 -0.78745455 -3.9955943
-14.458592 -1.6090152 -3.9934912
-17.028503 -0.22291446 -4.2240591
-22.1092 -2.460408 -4.3393297
-19.33041 -1.1992304 -4.2850809
-23.894382 -3.8486483 -4.3557186
-25.622385 -0.33541411 -4.572371
-3.5466557 -0.20760408 -3.5833127
-5.7905807 -0.62394547 -3.6530843
-8.0700912 -0.47238415 -3.7672415
-10.221166 -1.101349 -3.8298206
-12.683775 -0.7424469 -3.9959602
-14.472029 -1.5593872 -3.9976621
-17.029179 -0.16347201 -4.2272186
-22.081947 -2.3793697 -4.3396449
-19.342436 -1.1322128 -4.289886
-23.90373 -3.7645967 -4.3603711
-25.675312 -0.24647078 -4.5828495
-3.5509787 -0.19542265 -3.5858705
-5.796555 -0.60412937 -3.6555178
-8.0834408 -0.44485974 -3.7717428
-10.22888 -1.0660758 -3.8326948
-12.682328 -0.69795245 -3.9977174
-14.449695 -1.5059782 -3.9962964
-17.017696 -0.10395873 -4.2286277
-22.078211 -2.3010385 -4.3427277
-19.155197 -1.0541768 -4.2685251
-23.908834 -3.6799247 -4.3645773
-25.616119 -0.15648529 -4.5809793
-3.5443981 -0.18265298 -3.5828147
-5.8024602 -0.58427763 -3.6579497
-8.0927782 -0.41704401 -3.775264
-10.232538 -1.0303636 -3.8347638
-12.672799 -0.65306562 -3.9980602
-14.442991 -1.4543344 -3.9973731
-17.009991 -0.044533957 -4.2306018
-22.054346 -2.2207582 -4.3434606
-19.15876 -0.98730576 -4.2722263
-23.909691 -3.5946634 -4.3683357
-25.61651 -0.067066729 -4.5856991
-3.548635 -0.17045344 -3.5853691
-5.8082986 -0.56439209 -3.6603799
-8.0863495 -0.38841587 -3.7748621
-10.228205 -0.99387419 -3.8352239
-12.678965 -0.60901535 -4.0012045
-14.447981 -1.4039096 -4.0002851
-17.025972 0.014856694 -4.2360501
-21.954733 -2.1333404 -4.3352857
-19.281553 -0.92616093 -4.2916565
-23.949736 -3.5152383 -4.3764048
-25.668497 0.022398075 -4.5961561
-3.5491807 -0.15868467 -3.5860162
-5.7986326 -0.54404825 -3.657706
-8.0797558 -0.36124772 -3.7743742
-10.219639 -0.95884275 -3.83477
-12.665058 -0.5662576 -4.0007005
-14.464436 -1.3571047 -4.0048947
-17.013882 0.071267337 -4.2372637
-22.041143 -2.0679781 -4.3488426
-19.292484 -0.86257136 -4.2962236
-23.969168 -3.4369314 -4.3820529
-25.700228 0.10765249 -4.6041641
-3.5533354 -0.1464448 -3.5885682
-5.8004966 -0.5238052 -3.6588678
-8.0692101 -0.33255905 -3.7729743
-10.222924 -0.92316598 -3.8368175
-12.678852 -0.52253777 -4.0052381
-14.457203 -1.3055362 -4.0059395
-17.009548 0.13062221 -4.2397833
-21.925032 -1.9799073 -4.3387189
-19.291395 -0.79506266 -4.2993889
-23.953346 -3.3493779 -4.3840318
-25.615843 0.19671293 -4.5995264
-3.5502021 -0.13390285 -3.5873721
-5.80229 -0.50355297 -3.6600263
-8.0781612 -0.30468374 -3.7764785
-10.218208 -0.88678938 -3.8372514
-12.672668 -0.47797459 -4.0062447
-14.469597 -1.2557471 -4.0100641
-17.01297 0.19004484 -4.2434578
-21.856277 -1.8968017 -4.3341718
-19.270149 -0.72681159 -4.2999063
-23.960934 -3.2651987 -4.3885984
-25.694859 0.28702661 -4.6130762
-3.547025 -0.12138542 -3.5861726
-5.7963352 -0.48265666 -3.6586549
-8.0752563 -0.27634946 -3.7770305
-10.233059 -0.85209942 -3.8416996
-12.67426 -0.4337354 -4.0086532
-14.462002 -1.2042404 -4.0110869
-16.984327 0.24902184 -4.2424498
-21.930368 -1.826126 -4.3465228
-19.240694 -0.65845031 -4.2993469
-23.952402 -3.1789136 -4.3914056
-25.729633 0.37724429 -4.6217375
-3.5438037 -0.10889266 -3.5849693
-5.8056636 -0.46303442 -3.662333
-8.0722504 -0.24804106 -3.7775755
-10.239911 -0.81669062 -3.8445356
-12.675696 -0.389494 -4.0110536
-14.454224 -1.1528059 -4.0120959
-16.983356 0.30830324 -4.2455139
-21.944561 -1.7502025 -4.3518167
-23.959394 -3.0947783 -4.3959384
-25.704205 0.46661505 -4.6237025
-3.5441623 -0.096521713 -3.5856383
-5.8034039 -0.44247308 -3.6622164
-8.0691471 -0.21975516 -3.7781146
-10.242699 -0.78094143 -3.8465607
-12.669046 -0.34502882 -4.0120306
-14.454194 -1.1020415 -4.0143337
-16.966248 0.36723989 -4.2462249
-21.958494 -1.6741972 -4.357101
-19.153162 -0.52161723 -4.2944522
-23.938362 -3.0071442 -4.3973918
-25.726374 0.55685562 -4.6310053
-3.5444775 -0.084149599 -3.5863051
-5.7972293 -0.42165369 -3.6608295
-8.0659437 -0.19149393 -3.7786469
-10.24142 -0.74489588 -3.8477728
-12.674139 -0.3008973 -4.0151229
-14.477785 -1.0530221 -4.0202913
-16.980789 0.42686182 -4.2516093
-21.852772 -1.5894319 -4.348187
-19.238564 -0.4567436 -4.3091841
-23.928904 -2.9211464 -4.400135
-25.73625 0.64695591 -4.6369572
-3.5411251 -0.071702205 -3.5850925
-5.798666 -0.40141344 -3.6619687
-8.0665627 -0.1633352 -3.7801592
-10.240015 -0.70886648 -3.8489773
-12.667179 -0.25649041 -4.0160804
-14.473437 -1.0019257 -4.0218911
-16.979197 0.48613781 -4.2546411
-21.798475 -1.5090026 -4.3453751
-19.184237 -0.38845059 -4.3053617
-23.942919 -2.8380649 -4.4054937
-25.713877 0.73622376 -4.6393094
-3.5449786 -0.059402414 -3.5876319
-5.8000317 -0.38117111 -3.6631043
-8.0670834 -0.13517831 -3.7816665
-10.24637 -0.67337912 -3.8517911
-12.664029 -0.2122083 -4.0177369
-14.472878 -0.95114017 -4.0241022
-16.977396 0.54539979 -4.2576604
-21.84741 -1.4357855 -4.3548636
-19.225338 -0.3221547 -4.3142605
-23.928885 -2.75174 -4.4077578
-25.723122 0.82635671 -4.6452298
-3.548789 -0.047075771 -3.5901704
-5.797483 -0.36068359 -3.6629686
-8.0675068 -0.10701793 -3.7831686
-10.244715 -0.6373629 -3.852982
-12.680563 -0.16821153 -4.0229383
-14.476111 -0.90061426 -4.0269275
-16.987328 0.60508424 -4.2624345
-21.95982 -1.3662044 -4.3719616
-19.21837 -0.25493756 -4.3167758
-23.906609 -2.6646576 -4.4091167
-25.724072 0.9162848 -4.650238
-3.5416818 -0.03461777 -3.5870707
-5.7987061 -0.34044561 -3.6640966
-8.075675 -0.078934774 -3.7866423
-10.242931 -0.60136878 -3.8541651
-12.68901 -0.1240273 -4.0267143
-14.491076 -0.85078001 -4.0316181
-17.00103 0.6649965 -4.2677898
-22.000301 -1.2916514 -4.380518
-18.920155 -0.18493293 -4.2803736
-23.911791 -2.5807683 -4.4135418
-25.732687 1.0065359 -4.6561317
-3.549031 -0.022300247 -3.591485
-5.8113976 -0.32083911 -3.6690288
-8.0798235 -0.050769366 -3.7891252
-10.24102 -0.56539237 -3.8553402
-12.6973 -0.079783157 -4.0304852
-14.482045 -0.79953343 -4.0325513
-16.994627 0.72416812 -4.2701912
-22.052486 -1.217487 -4.3905063
-18.992445 -0.11933854 -4.293478
-23.928596 -2.4981132 -4.4192805
-25.760935 1.0977144 -4.664268
-3.5418334 -0.011126745 -3.5883131
-5.8085299 -0.30237859 -3.6687698
-8.0760202 -0.025370989 -3.7894754
-10.238799 -0.5330081 -3.8563106
-12.69352 -0.03987696 -4.0318785
-14.476542 -0.7536152 -4.0338187
-16.988287 0.77737737 -4.2722826
-22.028309 -1.1467427 -4.3910003
-19.140232 -0.060129445 -4.3163977
-23.908525 -2.4201062 -4.4205341
-25.7055 1.1762736 -4.6624603
-3.545476 0.0012371537 -3.5908449
-5.8057027 -0.28191561 -3.6686184
-8.0721378 0.0028166811 -3.7899683
-10.23665 -0.49707529 -3.857471
-12.693582 0.0044292812 -4.0342102
-14.475113 -0.70288825 -4.0359807
-16.98945 0.83686525 -4.2758417
-22.016235 -1.0690731 -4.3933315
-19.22006 0.006706622 -4.3306146
-23.889017 -2.3339231 -4.4222474
-25.729158 1.2673652 -4.6701183
-3.5418246 0.01359934 -3.589612
-5.8104997 -0.26182145 -3.6710048
-8.0760002 0.031008953 -3.7924373
-10.234374 -0.46116146 -3.8586237
-12.689522 0.048723225 -4.0358195
-14.473505 -0.65217692 -4.0381331
-16.966541 0.89511573 -4.2758403
-21.999903 -0.9913168 -4.395164
-19.203976 0.073736392 -4.3319898
-23.89702 -2.2505198 -4.4270511
-25.712616 1.3565385 -4.6732378
-3.5490015 0.026635159 -3.5940552
-5.7998748 -0.24004516 -3.6683559
-8.0797567 0.06063835 -3.7949762
-10.255742 -0.42446458 -3.8647499
-12.689259 0.095232531 -4.03825
-14.463878 -0.59863085 -4.039156
-16.939287 0.95594901 -4.2753744
-21.995415 -0.91034609 -4.3986254
-19.21155 0.14418215 -4.336741
-23.905107 -2.1629174 -4.4320798
-25.683548 1.4494213 -4.6751957
-3.5488935 0.038404059 -3.5946679
-5.8083363 -0.22110359 -3.6719527
-8.0677433 0.087304421 -3.7933931
-10.245243 -0.39000151 -3.8641644
-12.680936 0.1372257 -4.0390091
-14.465781 -0.55066305 -4.0417767
-16.928072 1.011642 -4.276968
-21.994326 -0.8372491 -4.4021306
-19.051504 0.20616429 -4.3185692
-23.872379 -2.0801671 -4.4321499
-25.670628 1.5341077 -4.6785021
-3.5487289 0.051411215 -3.5953429
-5.8091078 -0.1998134 -3.6731119
-8.0752134 0.11698738 -3.7969143
-10.230804 -0.35190457 -3.8629482
-12.680348 0.18370299 -4.0414209
-14.483603 -0.49818629 -4.0471845
-16.912329 1.0729237 -4.2782459
-22.017185 -0.7573157 -4.4089274
-19.010757 0.27541301 -4.3168125
-23.863932 -1.9913284 -4.4353514
-25.676788 1.6289439 -4.6845074
-3.5376539 0.06360203 -3.5903304
-5.8020701 -0.17929786 -3.6716638
-8.0708342 0.14510222 -3.7973773
-10.23987 -0.31643653 -3.8665183
-12.675662 0.22789052 -4.0429916
-14.461403 -0.44689202 -4.0461431
-16.936295 1.1338106 -4.2853074
-22.019695 -0.68046135 -4.4130983
-19.189054 0.34499213 -4.3444843
-23.866758 -1.9077026 -4.4396386
-25.678913 1.7190906 -4.6898217
-3.5337989 0.075255908 -3.5890496
-5.7987819 -0.15995009 -3.6714292
-8.0820732 0.1721161 -3.8017409
-10.232963 -0.28225985 -3.8667216
-12.674837 0.26992378 -4.0451574
-14.458829 -0.39882359 -4.0481057
-10.536095 0.74044931 -3.3297317
-22.017841 -0.60732681 -4.4165654
-19.191792 0.40870905 -4.3483024
-23.837132 -1.8258022 -4.4400835
-25.661121 1.8033967 -4.6926193
-3.5298908 0.087500975 -3.5877972
-5.7916036 -0.1395219 -3.6699691
-8.0892658 0.20052141 -3.8051805
-10.241787 -0.24672849 -3.8702822
-12.665884 0.31396925 -4.0459914
-14.468085 -0.34854159 -4.0520911
-10.473867 0.77282679 -3.3225863
-21.999884 -0.52998543 -4.4182911
-19.198219 0.47589657 -4.3528218
-23.827436 -1.7414196 -4.4429851
-25.646708 1.8923728 -4.6960726
-3.5404351 0.10013047 -3.5940864
-5.8074598 -0.11962032 -3.6761613
-8.0845947 0.22864825 -3.8056288
-10.242586 -0.21097374 -3.8722031
-12.688509 0.35885599 -4.0525694
-14.469213 -0.29803255 -4.0548048
-10.431397 0.80631614 -3.3183966
-22.005589 -0.45326453 -4.4229016
-19.200426 0.54302579 -4.356791
-23.797529 -1.6557357 -4.443614
-25.651886 1.9828148 -4.7017956
-3.5400445 0.11310536 -3.5947478
-5.8078589 -0.098335415 -3.6773009
-8.0797825 0.2581512 -3.8061419
-10.235388 -0.17329985 -3.872575
-12.687109 0.4053565 -4.0549397
-14.470209 -0.24500147 -4.0576444
-10.408525 0.84293407 -3.3172603
-21.979174 -0.37213904 -4.4238238
-19.106659 0.61046278 -4.3479218
-23.811405 -1.5690325 -4.4494109
-25.63649 2.0761702 -4.7054272
-3.543251 0.12559025 -3.5972629
-5.808167 -0.078061432 -3.6783826
-8.0788317 0.28635356 -3.807574
-10.23593 -0.13757032 -3.8744812
-12.697513 0.4500623 -4.059351
-14.463022 -0.19438221 -4.0590696
-22.012257 -0.29584348 -4.4318037
-23.812754 -1.4856565 -4.4536076
-25.629086 2.1656466 -4.7097402
-3.5319476 0.13691825 -3.5921926
-5.8006907 -0.058722228 -3.6768494
-8.0856781 0.31344658 -3.8109264
-10.248187 -0.10374564 -3.8787477
-12.691987 0.4920131 -4.06076
-14.483472 -0.14662078 -4.0647964
-21.965237 -0.22236106 -4.4298463
-19.137917 0.74189377 -4.3594007
-23.694017 -1.3993855 -4.4439707
-10.171534 0.89347106 -2.92731
-3.5350442 0.15001632 -3.5947344
-5.7970147 -0.037436258 -3.6766965
-8.080555 0.34291372 -3.8114214
-10.240593 -0.066132225 -3.8790953
-12.709919 0.53936958 -4.0667167
-14.47198 -0.093457893 -4.065701
-10.149261 0.92901307 -3.2847369
-21.953934 -0.14177524 -4.4326501
-19.190832 0.81439942 -4.3705482
-23.746817 -1.3151819 -4.4542408
-3.5344987 0.16235511 -3.5953541
-5.800962 -0.017211931 -3.679045
-8.0832281 0.37129828 -3.813838
-10.23681 -0.030373452 -3.880161
-12.692103 0.58300424 -4.0660534
-14.460288 -0.042904861 -4.0664582
-10.130097 0.96292776 -3.284025
-21.958284 -0.065152034 -4.4371843
-19.199818 0.88193226 -4.3755455
-23.751263 -1.2322813 -4.4588308
-3.5375922 0.1736353 -3.5977998
-5.8048396 0.0010119501 -3.6812849
-8.0702686 0.39611223 -3.8121076
-10.228949 0.0017831991 -3.8802078
-12.682284 0.62248331 -4.0666018
-14.464329 0.0025215475 -4.0694861
-10.123059 0.99435639 -3.284935
-21.938429 0.0038244973 -4.4383707
-19.165098 0.94067872 -4.3742046
-23.735081 -1.1566916 -4.4606738
-10.141923 0.99620932 -2.9299903
-10.156898 0.99768025 -2.6937649
-3.5332792 0.18702579 -3.5965865
-5.8086448 0.023316381 -3.6837351
-8.0726042 0.42730421 -3.8146541
-10.224915 0.041043654 -3.8814442
-12.663949 0.67033625 -4.0661325
-14.460236 0.058044583 -4.0717607
-10.111242 1.0324097 -3.2855701
-21.894363 0.08788579 -4.4374032
-19.173288 1.0148927 -4.3795114
-10.122133 1.0335217 -2.929981
-3.5290544 0.19792211 -3.5952466
-5.8046908 0.041537344 -3.6834068
-8.0673056 0.45244363 -3.8149121
-10.228686 0.073194675 -3.8839469
-10.637322 0.59657949 -3.6976609
-14.44805 0.1033877 -4.0722179
-21.897968 0.15669799 -4.4414883
-19.162043 1.0746765 -4.3814116
-23.555124 -0.98313737 -4.4483132
-10.575534 1.113398 -2.9847498
-3.5247233 0.2100241 -3.5939646
-5.7968073 0.061717402 -3.6818964
-8.0656776 0.48060131 -3.8163064
-10.334297 1.1244878 -2.4743788
-10.248131 0.10910971 -3.8899307
-10.627254 0.63323534 -3.6980479
-14.443624 0.15377827 -4.0742049
-11.078164 1.2054288 -3.4369335
-21.913246 0.23330577 -4.447433
-19.150217 1.1410844 -4.3836288
-23.72196 -0.90716231 -4.4715624
-10.559673 1.1490111 -2.98509
-10.153841 1.1048521 -2.6995156
-3.531127 0.22401555 -3.5984173
-5.8042307 0.084086657 -3.6856186
-8.0637732 0.51156771 -3.8178337
-10.373623 1.1690873 -2.4793015
-10.231829 0.14822987 -3.8886702
-10.628703 0.6742875 -3.7007864
-14.430999 0.2090638 -4.0751619
-21.900219 0.31727138 -4.4503241
-19.16161 1.2156172 -4.3894463
-23.749203 -0.81689304 -4.4792728
-10.575025 1.1917847 -2.9893074
-3.5267065 0.23609807 -3.5971293
-5.7961988 0.10420838 -3.6840973
-8.0619383 0.53971267 -3.8192163
-10.087398 1.1725036 -2.4611332
-10.227296 0.18387394 -3.8896902
-10.650041 0.71297514 -3.7069714
-14.430182 0.25943652 -4.0777659
-16.821129 1.9551955 -4.3187032
-21.910946 0.3939313 -4.4557533
-19.137362 1.2811654 -4.3899894
-23.739941 -0.73361731 -4.4823952
-10.566833 1.2282306 -2.9905596
-3.5331798 0.24768355 -3.6014595
-5.7958431 0.12241741 -3.6850357
-8.0680275 0.56558621 -3.8224649
-9.8612595 1.1776292 -2.4469109
-10.23062 0.21608694 -3.8921728
-10.627956 0.7450428 -3.7049706
-14.425319 0.30468562 -4.0794601
-16.830723 2.0099208 -4.3235703
-21.917582 0.46293411 -4.4602861
-19.121309 1.3404452 -4.3912845
-23.718187 -0.65836704 -4.4836717
-10.396391 1.2415345 -2.9725344
-3.5214021 0.2598314 -3.5964074
-5.7953558 0.14365952 -3.6861262
-8.0698128 0.595442 -3.8249123
-9.9203939 1.2215862 -2.4530735
-10.237661 0.25377864 -3.8957531
-14.408201 0.35716105 -4.0796046
-16.807432 2.0696483 -4.323998
-21.907759 0.54306555 -4.4634228
-19.092411 1.4087592 -4.3914032
-23.716452 -0.57133448 -4.4878983
-10.28476 1.2664539 -2.9616985
-10.565708 1.3010495 -2.7465472
-3.5241356 0.27178624 -3.5988698
-5.7986979 0.16298525 -3.6883957
-8.0677948 0.62219954 -3.8262124
-10.928154 1.3824849 -2.5263629
-10.248616 0.28806007 -3.8999753
-10.634365 0.82013702 -3.7107692
-14.406938 0.40493891 -4.0820489
-21.929768 0.61638474 -4.4701071
-19.091614 1.4723717 -4.39503
-23.65835 -0.49144036 -4.4852061
-10.280504 1.3005528 -2.9632668
-10.62479 1.3441074 -2.7541485
-3.5231655 0.28408539 -3.5994651
-5.7942438 0.18310261 -3.6881406
-8.0460243 0.64877963 -3.8225427
-10.239648 0.32358083 -3.9001408
-10.623527 0.85661286 -3.7111061
-14.397489 0.45497182 -4.0833249
-21.700155 0.68574178 -4.4457808
-19.078407 1.5383599 -4.3971529
-23.620008 -0.40816957 -4.4850087
-25.402666 3.3037336 -4.7516041
-3.5184882 0.29669279 -3.5981915
-5.7935338 0.20433982 -3.6892195
-8.059226 0.6795857 -3.8279934
-10.226544 0.36069354 -3.8995581
-10.624269 0.89588028 -3.7137136
-14.399697 0.507882 -4.0866499
-10.172748 1.3609494 -3.3153625
-21.713446 0.76584029 -4.4518046
-19.080587 1.6089504 -4.401628
-23.637312 -0.32180661 -4.4914799
-25.390385 3.3968234 -4.7558508
-3.5210423 0.30928928 -3.600678
-5.7927847 0.22456056 -3.6902428
-8.0607128 0.70805514 -3.8303521
-10.23312 0.39669266 -3.9030249
-10.621077 0.93295819 -3.7154946
-14.381941 0.55752403 -4.0866122
-10.179771 1.398074 -3.3187978
-10.488825 1.440519 -2.2548311
-21.786398 0.84456193 -4.4650769
-23.6343 -0.23925945 -4.4954038
-25.295294 3.4740164 -4.7500262
-10.483146 1.439739 -2.7472634
-3.5200534 0.32035044 -3.6012073
-5.7958994 0.24292096 -3.6924496
-8.04673 0.73231089 -3.8285384
-10.239722 0.42917293 -3.9063089
-10.598336 0.96452564 -3.713433
-14.368197 0.6022079 -4.0869532
-10.333737 1.4523135 -2.2490702
-21.823505 0.91467893 -4.4735022
-23.626951 -0.16494659 -4.4984112
-10.320225 1.4504145 -2.7336786
-3.5225232 0.33297619 -3.6036913
-5.7950158 0.26314971 -3.6934662
-8.0519342 0.76113123 -3.8318954
-10.230265 0.46455285 -3.9064412
-10.587004 1.0007657 -3.7137318
-14.369981 0.65253597 -4.0901198
-16.710001 2.4079463 -4.3318229
-10.265265 1.4792463 -2.2476323
-21.804235 0.99012291 -4.475338
-10.156785 0.96009803 -3.1682372
-23.687262 -0.082686193 -4.5097413
-10.78217 1.5537336 -3.0338657
-3.5140631 0.34517595 -3.6005068
-5.794013 0.28438789 -3.6945295
-8.0490904 0.79063815 -3.8332968
-10.220599 0.50165826 -3.9066536
-10.591164 1.0403384 -3.7170403
-14.371466 0.70539552 -4.0934043
-10.196465 1.507501 -2.2462466
-21.80843 1.0704244 -4.4803367
-10.137328 0.99575949 -3.1677868
-23.695389 0.0041344934 -4.5152426
-10.46038 1.5465195 -2.9979713
-10.125308 0.99457884 -2.868747
-10.210718 1.5096081 -2.7275445
-3.5199876 0.35878858 -3.6049144
-9.9561768 1.0148225 -2.6189783
-5.7929316 0.30562213 -3.6955886
-8.0461378 0.82013434 -3.8346915
-10.210796 0.53869885 -3.9068551
-12.600519 1.2843575 -4.0930471
-14.364811 0.75785542 -4.0953832
-10.147372 1.5382688 -2.2457957
-21.81233 1.1507698 -4.485322
-10.125678 1.0320996 -3.1684337
-23.683237 0.090936705 -4.5183978
-10.387522 1.5746737 -2.9916685
-10.121594 1.0316834 -2.8705018
-10.220926 1.549419 -2.7307317
-3.5116322 0.36908662 -3.6016357
-9.9648695 1.0473477 -2.6214936
-5.7919426 0.32381853 -3.6964929
-8.0396214 0.84499639 -3.8348713
-10.224839 0.57165492 -3.9117844
-12.58853 1.3231049 -4.0934429
-14.370302 0.80342132 -4.0989227
-16.613024 2.5718279 -4.3286467
-10.095057 1.562795 -2.244894
-21.824543 1.2201763 -4.4907269
-10.146173 1.0664035 -3.1732659
-23.658886 0.1651676 -4.5194845
-10.331223 1.5993553 -2.9869835
-10.255513 1.5876349 -2.7359536
-3.5103223 0.38134322 -3.6022108
-5.7984676 0.3444927 -3.700079
-8.0327234 0.87263346 -3.8351767
-10.226727 0.60757995 -3.9143865
-10.224859 1.1107756 -3.6560352
-14.363441 0.85334623 -4.1007576
-16.623613 2.6329224 -4.3342729
-10.065838 1.5942725 -2.2452922
-21.800234 1.2951735 -4.4919958
-23.638206 0.24754882 -4.5214477
-10.294024 1.6304138 -2.9848006
-10.29334 1.6303054 -2.7417195
-3.5052984 0.39380109 -3.6009111
-5.7817888 0.3647714 -3.6959548
-8.0216751 0.90119129 -3.834528
-10.212598 0.64430988 -3.9137297
-10.497782 1.1793683 -2.4262307
-14.368154 0.9064827 -4.1046543
-16.598125 2.6912796 -4.3345132
-10.03229 1.6266714 -2.2455578
-21.783394 1.3743081 -4.4944324
-18.953321 2.129302 -4.4161019
-23.68504 0.3348574 -4.5315671
-10.287979 1.6681299 -2.986465
-10.326756 1.6744173 -2.7471895
-3.5111756 0.40625638 -3.6052554
-10.183721 1.1782951 -2.646625
-5.7843909 0.38419801 -3.6981909
-8.0225382 0.92823821 -3.8367791
-10.210406 0.67817295 -3.9153941
-10.149846 1.1743758 -3.6468492
-10.623008 0.70557791 -3.4933112
-16.553747 2.7404528 -4.331419
-9.9992189 1.6553584 -2.2456534
-21.762791 1.4454799 -4.4959736
-18.954079 2.1930587 -4.4201431
-23.69577 0.41360798 -4.5370374
-10.290272 1.7035419 -2.9889114
-10.407912 1.7230171 -2.7570798
-3.5097363 0.41851032 -3.6058238
-5.790699 0.40492451 -3.7017682
-8.019249 0.95623672 -3.8380775
-10.211918 0.71408576 -3.9179757
-10.612545 0.7421003 -3.4938238
-9.9854908 1.6889184 -2.2467887
-21.749649 1.5208814 -4.4986877
-18.934429 2.257792 -4.421536
-23.694183 0.49631974 -4.5413003
-10.307885 1.7434472 -2.9933295
-3.5082538 0.4307591 -3.6063895
-5.7815676 0.42457128 -3.7001643
-8.0197563 0.98470163 -3.8403847
-10.221189 0.75059628 -3.9222262
-10.216229 1.2543944 -3.6641393
-10.590059 0.77768439 -3.4923701
-10.046899 1.7353998 -3.3221068
-9.9795351 1.7237641 -2.248307
-21.744209 1.5967931 -4.5023913
-10.256598 1.2593511 -3.199949
-23.680334 0.57873291 -4.544136
-10.345022 1.7868946 -3.0001225
-3.5031326 0.44254833 -3.6050496
-10.504034 1.3269674 -2.6810458
-5.7915721 0.44563684 -3.7050319
-8.0201616 1.0131816 -3.8426871
-10.222446 0.78657383 -3.924798
-10.203917 1.2890537 -3.6643035
-10.615037 0.81678194 -3.4987361
-10.009403 1.7649271 -3.3187137
-9.9852743 1.7606726 -2.2504084
-21.718611 1.6711547 -4.5035586
-23.706102 0.66216999 -4.5516658
-3.5015662 0.45477393 -3.6056097
-10.467616 1.3595057 -2.6799109
-5.7784629 0.46492392 -3.7021217
-8.0010176 1.0391505 -3.8399079
-9.975131 1.7948092 -2.487704
-10.215699 0.82193536 -3.9256868
-10.207223 1.3256865 -3.6674125
-10.154542 1.3188444 -2.4136393
-10.600227 0.8528738 -3.4985695
-9.9953413 1.7984456 -3.3189926
-9.9711952 1.7941009 -2.2515185
-21.748444 1.7498376 -4.5117726
-10.22779 1.3283577 -3.2004344
-23.715616 0.7452926 -4.5573015
-10.255672 1.331979 -2.9021215
-9.9775991 1.7952532 -2.7238834
-3.5072258 0.46734089 -3.6099484
-5.7768888 0.48408362 -3.7030458
-7.9897513 1.0646412 -3.8390865
-9.9337168 1.8213861 -2.486505
-10.201101 0.85481763 -3.924803
-10.246037 1.3652931 -3.6770895
-10.134254 1.3503981 -2.4141386
-10.597341 0.88802111 -3.5002649
-9.9533882 1.8249929 -2.2523458
-21.714684 1.8196167 -4.5117121
-10.231233 1.3633206 -3.2031035
-23.693064 0.82324004 -4.5589337
-3.5019813 0.47908923 -3.6085997
-5.7790012 0.50458097 -3.7053123
-7.9898729 1.0930561 -3.8413706
-9.9390936 1.8582556 -2.4888649
-10.198055 0.89042115 -3.9265139
-10.18617 1.3935208 -3.6683559
-10.117589 1.3841387 -2.4149661
-10.598139 0.92535359 -3.502697
-9.9789524 1.8657079 -3.3212943
-9.9272985 1.8560504 -2.2528396
-10.220066 0.89234298 -3.0525308
-10.265911 1.4044299 -3.210341
-23.650158 0.90441471 -4.5583863
-10.1593 1.389845 -2.8954923
-3.510972 0.49343431 -3.6148975
-10.464684 1.4707136 -2.6859503
-5.7847853 0.52645564 -3.7089224
-7.9819288 1.1217855 -3.8416784
-9.9872198 1.9051622 -2.4945111
-10.19866 0.92814887 -3.9291432
-10.224217 1.4369183 -3.6781919
-10.116408 1.4217666 -2.4169047
-10.289708 0.93643498 -3.4540849
-9.9642239 1.9007754 -3.3216197
-9.9243584 1.8931707 -2.2545893
-10.149173 0.92364526 -3.0457067
-10.296226 1.4470383 -3.2171023
-23.578884 0.98824364 -4.554697
-10.142271 1.4254013 -2.895838
-3.487699 0.50258541 -3.6040127
-10.392211 1.4975412 -2.6815732
-5.7790775 0.54628414 -3.7085862
-7.9857287 1.1507617 -3.84497
-10.191423 0.96337396 -3.9299994
-10.107425 1.456503 -2.4182348
-9.9614372 1.936308 -3.3237123
-9.8941326 1.9232253 -2.2548597
-10.157804 0.96019602 -3.0489182
-10.32268 1.4875218 -3.2232237
-23.607193 1.0719982 -4.5626326
-9.9878216 1.9414366 -2.9706354
-10.129326 1.459659 -2.8965392
-3.4967723 0.51573437 -3.6102517
-10.280389 1.5162412 -2.6735377
-5.7734008 0.5650689 -3.7081966
-7.9702282 1.1755186 -3.8431029
-10.188172 0.99716264 -3.9316041
-10.33589 1.5244269 -3.7043164
-10.086711 1.4876759 -2.4186914
-9.9471464 1.9677829 -3.3238719
-9.8955469 1.9575751 -2.2566462
-10.142651 0.99270719 -3.0489933
-23.659328 1.1529922 -4.5732107
-9.9774113 1.9737699 -2.971555
-10.140238 1.4955704 -2.8998373
-3.4948585 0.52854729 -3.6108246
-10.282668 1.5551063 -2.6759326
-5.7751231 0.58661497 -3.7104979
-7.9736218 1.2058961 -3.8464465
-10.184449 1.0344975 -3.9333706
-10.393007 1.5717936 -3.7178884
-10.08119 1.5246357 -2.4203436
-10.148769 1.0308732 -3.4375043
-9.9476767 2.0058024 -3.3266413
-9.8804646 1.9922501 -2.2577689
-10.127034 1.0286655 -3.0492253
-23.674873 1.2407451 -4.5799184
-9.9701099 2.0103257 -2.9730923
-10.124867 1.0284454 -2.8113639
-10.292671 1.5566192 -2.91943
-10.515034 1.068077 -2.6058295
-3.4930866 0.54013389 -3.6113403
-10.297212 1.5922517 -2.6792309
-5.7769771 0.60616499 -3.7127008
-7.965703 1.2317319 -3.8466036
-10.165239 1.0666152 -3.9315891
-10.219119 1.5801762 -3.6874726
-10.091891 1.560503 -2.422884
-10.145295 1.0645225 -3.43909
-9.9448709 2.0395794 -3.3286407
-9.8777208 2.0258076 -2.2593415
-10.139441 1.0639085 -3.0528455
-23.650702 1.3181375 -4.5814362
-9.9516525 2.0409703 -2.9730351
-10.117427 1.0615984 -2.8125291
-10.303244 1.5931844 -2.9227445
-10.372235 1.0883349 -2.596133
-3.4911799 0.55232382 -3.6118808
-10.335032 1.6350589 -2.6847479
-5.7709961 0.62591153 -3.7123461
-7.9652295 1.260143 -3.8488562
-10.169312 1.1029446 -3.9349422
-10.127317 1.6021972 -3.672694
-10.066628 1.5925959 -2.4231267
-10.560621 1.1453854 -3.5105751
-9.9337931 2.0734677 -3.3294675
-9.854929 2.0570066 -2.2599697
-10.286411 1.1156451 -3.0738909
-10.214559 1.6159993 -3.2171333
-23.64994 1.4009222 -4.5860023
-24.7869 5.1737375 -4.8003078
-10.309457 1.6310126 -2.9256871
-3.4820735 0.56334919 -3.6086006
-5.7687759 0.64605242 -3.7132878
-7.9530387 1.2866868 -3.8480418
-10.161472 1.137996 -3.9357574
-10.102078 1.6343703 -3.6705329
-10.053111 1.626448 -2.4241488
-10.544702 1.1809143 -3.5103204
-9.9303904 2.1089582 -3.3315256
-9.8476887 2.0913944 -2.2613964
-10.208856 1.6516453 -3.2187068
-23.632954 1.4827183 -4.5886407
-10.311586 1.6682656 -2.9281754
-3.4729328 0.5743168 -3.6053157
-5.7588334 0.66529995 -3.7116203
-7.9523683 1.3150783 -3.8502829
-10.165293 1.1743643 -3.9390993
-10.047372 1.6615279 -2.4256907
-10.935588 1.2633541 -3.5780334
-9.9229689 2.1436067 -3.3329566
-9.8403282 2.1257546 -2.2628152
-10.203029 1.6872686 -3.2202728
-23.615685 1.5644071 -4.591259
-24.761885 5.3491802 -4.8089104
-10.317523 1.7062025 -2.931109
-10.157674 1.1734841 -2.5845864
-3.4852047 0.58885276 -3.6134863
-5.7603006 0.68585491 -3.7138557
-7.9322591 1.3402176 -3.8474095
-10.157205 1.2093759 -3.939899
-10.063034 1.7002287 -3.6684065
-10.037567 1.695926 -2.4269598
-14.2681 1.698843 -4.1380382
-9.9232054 2.1799431 -3.3356221
-9.8211279 2.1575186 -2.2636151
-21.538897 2.5645463 -4.534646
-10.204939 1.7242047 -3.2229652
-23.594152 1.645727 -4.5933776
-24.711863 5.4287348 -4.8086019
-10.335137 1.7462027 -2.9353929
-3.4724109 0.59916562 -3.6082847
-5.7540483 0.70548934 -3.7134809
-7.9313984 1.3685653 -3.8496382
-10.152921 1.2448241 -3.9415369
-10.027645 1.7302734 -2.4282203
-14.28182 1.751058 -4.1436448
-9.9155359 2.2145684 -3.3370388
-9.8213434 2.1935313 -2.2654259
-10.183142 1.7571044 -3.2222466
-23.592243 1.728368 -4.5978756
-24.67717 5.5114808 -4.8101974
-10.407705 1.795853 -2.9460025
-3.481009 0.6131689 -3.6145437
-5.7515502 0.72556925 -3.7144048
-7.9227095 1.3955606 -3.8498158
-10.23885 1.2916508 -2.357127
-10.152436 1.2807496 -3.9440143
-10.015749 1.764243 -3.6647401
-10.021544 1.7652637 -2.4297385
-10.85468 1.369339 -3.5720687
-9.8136272 2.2277987 -2.2668211
-10.180873 1.7933291 -3.2243567
-23.562187 1.8088716 -4.5989919
-24.630524 5.5913935 -4.8103175
-10.505868 1.3253356 -2.6193326
-3.4753883 0.62406832 -3.6131308
-5.756753 0.74562782 -3.7178891
-7.9257598 1.4232124 -3.8529983
-10.198809 1.320973 -2.3565636
-10.144213 1.3139017 -3.9447093
-10.005938 1.7967457 -3.6654274
-10.027446 1.8006079 -2.4319756
-16.245541 3.7446041 -4.3579545
-9.8100834 2.2612286 -2.2683451
-10.549899 1.3664471 -3.1212869
-10.17487 1.8270806 -3.2258151
-23.548101 1.8863599 -4.6018124
-24.572935 5.664072 -4.808785
-3.4696229 0.63554287 -3.6117404
-5.7541151 0.76571816 -3.718806
-7.9323168 1.4529901 -3.8572612
-10.174311 1.3539275 -2.357008
-10.135647 1.3487824 -3.9454775
-10.003508 1.8323773 -3.6676774
-10.005362 1.8327168 -2.4324095
-10.222234 1.3603048 -3.4706724
-16.228493 3.8003814 -4.3596182
-9.8021317 2.2954588 -2.2697263
-10.276098 1.3674728 -3.0879781
-23.50955 1.9658866 -4.6019192
-24.518021 5.7416196 -4.8078814
-10.007534 1.8331147 -2.9066246
-3.4709468 0.64831603 -3.6141715
-5.7514071 0.78579932 -3.7197192
-7.919486 1.4792303 -3.8563969
-10.153669 1.3872685 -2.3576753
-10.126962 1.3836197 -3.9462368
-10.004851 1.8687423 -3.6706691
-10.014631 1.870569 -2.434979
-10.17802 1.3905956 -3.4656568
-16.207376 3.8551633 -4.3606439
-9.7940588 2.3296611 -2.2710993
-10.267309 1.4027948 -3.0890934
-10.349977 1.9332061 -3.2562163
-24.48229 5.8234735 -4.8093748
-10.475815 1.4312824 -2.6229489
-3.4651015 0.65974915 -3.6127748
-5.7524438 0.80640423 -3.7219348
-7.9104214 1.5061301 -3.8565497
-10.148765 1.4227009 -2.3592796
-10.110328 1.4173126 -3.9452887
-9.9943705 1.9029102 -3.6714089
-10.00411 1.9047648 -2.4361997
-10.243996 1.4360508 -3.4792235
-16.182207 3.9089053 -4.3610301
-9.7975302 2.3666499 -2.2730858
-10.258399 1.4380699 -3.0902002
-10.29617 1.9603723 -3.2509108
-10.161399 0.92118102 -2.9874897
-24.442406 5.9042034 -4.8103585
-10.486597 1.4700598 -2.6259255
-3.4698949 0.67322236 -3.6171155
-5.7495937 0.82648063 -3.7228401
-7.912816 1.5352294 -3.8597736
-10.119982 1.4547061 -2.3594489
-10.779783 2.6437795 -2.5858274
-10.101406 1.4520359 -3.9460294
-9.9915609 1.9385437 -3.6736388
-9.9856215 1.9373912 -2.436873
-16.176199 3.9672694 -4.3645248
-9.7775555 2.3979797 -2.2738223
-10.265165 1.4755756 -3.0933638
-10.261868 1.9909879 -3.2484388
-10.142223 0.95515066 -2.9872437
-24.425526 5.9904451 -4.8142366
-10.144614 1.4582469 -2.8383389
-3.4605308 0.68332005 -3.6137733
-5.7544436 0.84666276 -3.7263122
-7.9192266 1.5637389 -3.8639624
-10.10323 1.4865084 -2.36024
-10.763195 2.6775787 -2.5866387
-10.092626 1.484948 -3.9466827
-9.977294 1.970127 -3.6735389
-9.9830666 1.9712669 -2.4385421
-10.489736 1.5433756 -3.5256231
-16.151363 4.0180025 -4.3647709
-9.7734308 2.4313533 -2.2753129
-10.272059 1.5113486 -3.0964432
-10.266943 2.0273216 -3.2515914
-10.135028 0.98838884 -2.9883566
-24.370651 6.0627294 -4.8130584
-10.131818 1.4907146 -2.8390005
-10.385352 1.5280175 -2.6215105
-3.4580028 0.69599903 -3.6143067
-5.7474928 0.86717349 -3.7259464
-7.9095964 1.5919801 -3.864156
-10.097714 1.5235287 -2.3618956
-9.8458891 2.4877346 -2.5175595
-10.091023 1.5225192 -3.949188
-9.970005 2.0066826 -3.675077
-9.9836159 2.0094221 -2.4406228
-10.491874 1.5829989 -3.5286746
-16.144249 4.0791245 -4.3683524
-9.7644539 2.4671586 -2.2767227
-10.282233 1.5513686 -3.1001971
-10.228177 2.0586452 -3.2485964
-10.115452 1.0239211 -2.9881718
-24.36375 6.1559243 -4.8185234
-10.26852 1.5492997 -2.8559637
-10.367819 1.5642817 -2.6222157
-3.4591036 0.70879328 -3.6167274
-5.7177835 0.88311529 -3.7176747
-7.8924642 1.6172184 -3.8622284
-10.072568 1.5557145 -2.3622656
-9.813899 2.5161285 -2.5170913
-10.085648 1.5577346 -3.9507561
-9.9707136 2.0430655 -3.6780362
-9.9569483 2.0402448 -2.4407248
-10.486284 1.6196132 -3.5303049
-16.122196 4.1334763 -4.3693061
-9.7635317 2.5032151 -2.278476
-10.288587 1.5890787 -3.1033497
-10.197495 2.0895343 -3.2466547
-24.318907 6.234983 -4.8189263
-10.342027 1.5973326 -2.8660734
-10.128138 1.0609344 -2.7540727
-10.393911 1.6053462 -2.6264892
-3.4566083 0.72086358 -3.6172307
-10.508962 1.1379259 -2.54775
-5.7336893 0.90607494 -3.7251089
-7.8714118 1.6415553 -3.8592632
-10.063126 1.5902407 -2.3635838
-10.068437 1.59108 -3.9497592
-9.963522 2.0778575 -3.6794865
-9.9615135 2.0774388 -2.4429891
-10.488422 1.6574489 -3.5332625
-10.800117 2.8091931 -3.5080898
-9.758605 2.5382876 -2.2800138
-10.298742 1.6274742 -3.1070173
-10.221361 2.131629 -3.2527246
-24.281536 6.3158135 -4.8202801
-10.312708 1.6296812 -2.8651159
-11.078003 1.1995424 -2.8503532
-3.4505246 0.73217261 -3.6158147
-10.230677 1.1439373 -2.5286248
-5.7457018 0.9285419 -3.7312338
-7.8733072 1.6706502 -3.8624606
-10.06541 1.6266342 -2.3656163
-10.716532 2.8274271 -2.5919681
-10.074526 1.6281075 -3.9538698
-9.9484444 2.1109772 -3.6794248
-9.9698515 2.1155195 -2.4455216
-9.74195 2.5702956 -2.2809136
-10.304814 1.6653236 -3.1101625
-10.159258 2.15571 -3.24617
-23.385986 2.6148911 -4.6256948
-24.247757 6.3974767 -4.8220987
-10.306955 1.6656696 -2.8667047
-10.822824 2.8554709 -2.8608723
-3.4517512 0.74377292 -3.6181793
-5.7465568 0.94721478 -3.7333384
-7.8603511 1.6937246 -3.8614235
-10.056303 1.6575977 -2.366765
-10.715325 2.8631463 -2.5938749
-10.069362 1.6597501 -3.9552612
-9.9495211 2.1438928 -3.6822212
-10.461502 1.7243873 -3.5336521
-10.79279 2.8838451 -3.5127432
-9.7415552 2.6029539 -2.282516
-10.311344 1.6996365 -3.1131461
-9.9614697 2.1464672 -3.2193429
-23.385586 2.6892605 -4.6300936
-10.813661 2.8894217 -3.1231554
-10.317441 1.7006415 -2.8698382
-3.4524109 0.75779837 -3.6206415
-5.7352815 0.96799093 -3.7316811
-7.8537898 1.7238936 -3.8626642
-10.038033 1.6942019 -2.3677285
-9.7662315 2.6497655 -2.5214694
-10.059017 1.6977437 -3.9560995
-9.9489679 2.1837816 -3.6852984
-9.9587469 2.1859281 -2.4486613
-10.458726 1.7652059 -3.5360794
-10.670171 2.8950217 -3.4961052
-9.7469301 2.6445286 -2.2847972
-10.324415 1.742537 -3.1174824
-10.116703 2.2205992 -3.2450657
-10.391008 2.2808087 -2.2314119
-23.379053 2.7795057 -4.6347485
-10.338415 1.7449 -2.8745692
-3.4532831 0.77063388 -3.6230524
-5.7318673 0.98800361 -3.7325535
-7.8592095 1.7538594 -3.8668771
-10.020232 1.7271903 -2.3685265
-9.7376404 2.6785338 -2.5212457
-10.04524 1.731501 -3.9559197
-9.9374123 2.2176304 -3.6859651
-10.323167 1.7794073 -3.5155652
-9.7260704 2.6753514 -2.2854605
-10.341863 1.7826298 -3.1221805
-10.089436 2.2515559 -3.2436323
-23.337513 2.8572118 -4.6346025
-10.391326 1.7911558 -2.8825724
-9.8634176 2.7131314 -2.7693303
-3.4399657 0.78027761 -3.6177878
-5.7321768 1.0086733 -3.7347341
-7.8568645 1.7821503 -3.8690252
-10.010201 1.761464 -2.3698006
-9.739789 2.7157311 -2.5234532
-10.035241 1.7658701 -3.9565854
-9.9334803 2.2531829 -3.6881318
-10.027048 1.7644284 -3.4675155
-9.8210497 2.738389 -3.362947
-9.739789 2.7157311 -2.2880239
-10.378805 1.826326 -3.1294875
-23.319473 2.9376605 -4.6373706
-9.8393688 2.7434969 -3.0073094
-9.8538866 2.747545 -2.7706378
-3.4407537 0.79309577 -3.6201932
-10.530421 1.3639261 -2.5615923
-5.7248297 1.0279969 -3.7342854
-7.8467736 1.8086861 -3.8691049
-10.011867 1.7978121 -2.3717983
-9.7610407 2.7584171 -2.5271859
-10.021236 1.7994946 -3.9563868
-9.9178209 2.2860637 -3.6880267
-10.222437 1.3240352 -2.2980571
-9.9664927 2.2972825 -2.4551063
-10.016913 1.7987183 -3.4683566
-9.7148542 2.7453649 -2.2884572
-18.309397 4.2203269 -4.4690423
-23.328871 3.0216126 -4.6435552
-9.8374166 2.7800004 -3.0095904
-10.280249 1.846005 -2.8749645
-9.8365421 2.7797532 -2.7711399
-3.4414935 0.80592805 -3.622597
-10.509738 1.3985655 -2.5620465
-5.7212067 1.0479742 -3.7351446
-7.8327737 1.8342768 -3.868145
-10.013398 1.8341906 -2.3737905
-9.747508 2.7913718 -2.5281599
-10.022669 1.8358886 -3.9596043
-9.9213696 2.3233838 -3.6916895
-10.209823 1.3586549 -2.2992599
-9.9155712 2.3220258 -2.4534748
-10.006662 1.8329567 -3.4691887
-9.8093491 2.8090813 -3.3667908
-9.7167473 2.782563 -2.2903719
-18.279024 4.2805772 -4.4693108
-9.8161364 2.8110249 -3.0094047
-10.033996 1.8379635 -2.8502471
-9.8190928 2.8118713 -2.7716315
-10.026423 1.8365762 -2.6117914
-3.435133 0.81709665 -3.6211593
-10.508755 1.4357821 -2.5640204
-5.7061548 1.0658157 -3.7320564
-7.8301396 1.8625133 -3.870275
-10.006936 1.8691306 -2.3752871
-9.745389 2.8276074 -2.530046
-10.012315 1.8701354 -3.9602451
-9.9247818 2.3607545 -3.695348
-10.205018 1.3942834 -2.3008797
-9.9307537 2.362175 -2.456522
-10.004113 1.8686035 -3.4713564
-9.8071346 2.8455229 -3.369333
-9.7108164 2.8175762 -2.2918537
-18.263973 4.3443532 -4.4718714
-10.615398 1.4503525 -3.0719037
-9.8139343 2.8474958 -3.0116706
-9.8168964 2.8483553 -2.7737124
-3.4357839 0.82993376 -3.6235585
-10.539324 1.477453 -2.5684452
-5.7099676 1.0871685 -3.7355356
-7.8235908 1.8898344 -3.8713665
-9.9964218 1.9033022 -2.3765304
-9.7431326 2.8638637 -2.5319259
-9.997961 1.9035952 -3.9600194
-9.9357672 2.4000428 -3.7005155
-10.188205 1.4282315 -2.3018501
-9.99753 1.9035132 -3.4728451
-9.7780361 2.8741229 -3.3674479
-9.7047596 2.8525841 -2.2933285
-21.194569 4.0354109 -4.5857563
-18.248697 4.4080801 -4.4744177
-9.8154278 2.8851137 -3.0144236
-9.8068943 2.8826053 -2.7749867
-3.4366808 0.84158599 -3.6259086
-5.6989603 1.103637 -3.7336659
-7.817615 1.9144039 -3.8723438
-9.9825373 1.9331766 -2.3773706
-9.7417555 2.896739 -2.5336742
-9.984169 1.9334927 -3.959636
-9.9590092 2.4387958 -3.707814
-10.171789 1.4585288 -2.3026493
-9.9032145 2.4251325 -2.4583137
-9.9954033 1.9356683 -3.4748516
-9.7842293 2.9093685 -3.3711128
-9.6957493 2.8830588 -2.2944565
-21.126942 4.0913558 -4.5812359
-18.230886 4.4644413 -4.4761181
-10.324997 1.4804972 -3.0400627
-9.7986603 2.9136598 -3.0145776
-10.183311 1.4601809 -2.782187
-9.8054523 2.9156792 -2.7769282
-3.4265368 0.85242599 -3.6225641
-5.6986556 1.1252636 -3.7358646
-7.8105454 1.9430441 -3.8734772
-9.9832335 1.9713017 -2.3794107
-9.7463913 2.9370413 -2.5362222
-9.9847708 1.9716052 -3.9629002
-9.9962111 2.4867764 -3.7183514
-10.150547 1.4934717 -2.3034623
-9.9059029 2.4643102 -2.4605834
-9.9882421 1.9722906 -3.4763999
-9.7925653 2.9509559 -3.3755951
-9.7004366 2.923193 -2.2966256
-21.111803 4.1687627 -4.5845084
-18.206663 4.5293059 -4.477603
-10.327399 1.5194924 -3.0427499
-9.799386 2.953011 -3.0173814
-10.173937 1.4969132 -2.7834618
-9.7870455 2.9492922 -2.7774482
-3.4270556 0.86526841 -3.6249566
-5.6946936 1.1451476 -3.7367015
-7.7961097 1.9683741 -3.8724809
-9.9802132 2.0069239 -2.381124
-9.732255 2.9698753 -2.5371583
-9.9894524 2.0087819 -3.9669447
-10.025944 2.5313661 -3.7273078
-10.129451 1.5265082 -2.3041828
-9.8894863 2.4969132 -2.4613876
-9.9812975 2.0071418 -3.4778664
-9.7860155 2.9862807 -3.3774791
-9.6786976 2.9535317 -2.2972174
-21.101036 4.2432137 -4.5881343
-18.074781 4.563549 -4.462708
-10.329927 1.5567201 -3.0453508
-9.7966576 2.9895282 -3.0196221
-10.196315 1.5365846 -2.7878625
-9.799633 2.9904361 -2.7811096
-3.4206557 0.87572926 -3.6234798
-5.690865 1.1640258 -3.7374923
-7.8047395 1.9981078 -3.877635
-9.9813414 2.0416121 -2.3830063
-9.7185316 3.0009527 -2.5380235
-9.9827366 2.0418975 -3.9683321
-10.03287 2.5685363 -3.7316456
-10.128286 1.5606998 -2.3058951
-9.8889008 2.5316784 -2.4632304
-9.9745865 2.0402305 -3.4792526
-9.772254 3.0175412 -3.378027
-9.7376404 3.0068531 -2.3022788
-21.082941 4.3123651 -4.590538
-10.332601 1.5921832 -3.0478666
-9.794322 3.0243554 -3.0217948
-9.7896624 3.0229168 -2.7822924
-3.413914 0.88734961 -3.6220455
-5.6865602 1.1848775 -3.7383618
-7.7707896 2.0197952 -3.8714993
-9.9620438 2.0757368 -2.3837855
-9.7189169 3.0401371 -2.5402427
-9.9674473 2.0768626 -3.9681363
-10.027227 2.606292 -3.7338383
-10.110644 1.5959431 -2.3068898
-9.8834267 2.5689149 -2.4649229
-9.9709339 2.0775893 -3.4814522
-9.7725306 3.0569077 -3.3812256
-9.7456398 3.0484958 -2.3046548
-21.066992 4.3896141 -4.5937595
-17.957592 4.6675644 -4.4548554
-10.338523 1.6319133 -3.0510333
-9.7946024 3.0638118 -3.0245807
-10.315617 1.6282974 -2.8043251
-9.7861452 3.0611663 -2.7843969
-3.4143012 0.90018451 -3.6244309
-10.782808 2.8428998 -2.7917686
-5.6823897 1.2047189 -3.7391856
-7.7712765 2.0489061 -3.8746235
-9.9625635 2.1121552 -2.3857267
-9.7463789 3.0861158 -2.5445678
-9.9408045 2.107542 -3.9652739
-10.014232 2.640264 -3.7344356
-10.093165 1.6293117 -2.3077946
-9.8743992 2.6033969 -2.4662604
-9.9636221 2.1123796 -3.4828963
-9.7693949 3.0934036 -3.3837223
-17.937336 4.7291994 -4.4567046
-10.332764 1.6679894 -3.0526264
-9.799077 3.1028023 -3.0277951
-10.826665 2.8544629 -3.0569377
-10.30987 1.6642935 -2.8059149
-9.8058901 3.1049597 -2.7888527
-3.4112976 0.91150188 -3.6248679
-5.6745977 1.2227446 -3.7386451
-7.7682295 2.0756781 -3.8766549
-9.9515934 2.1443384 -2.3868415
-9.7856092 3.1342802 -2.5497661
-9.9414883 2.1421607 -3.968359
-10.013089 2.6755071 -3.7372377
-10.071919 1.6601709 -2.3083928
-9.8657122 2.6361275 -2.4675241
-9.9487867 2.1437335 -3.4829075
-9.7742548 3.1306434 -3.3874218
-9.942955 2.1424768 -3.0975266
-10.323236 1.7015959 -3.0536358
-9.8343687 3.1498976 -3.0349154
-10.339786 1.7043236 -2.8110561
-3.4080949 0.9234041 -3.625325
-5.6665325 1.2417208 -3.7381401
-7.772294 2.1058593 -3.8808079
-9.9557705 2.1816316 -2.3890209
-9.922368 2.1743121 -3.9671991
-10.054232 1.6933259 -2.3092754
-9.8603106 2.6715956 -2.4691274
-9.9451284 2.1792996 -3.4850128
-9.9239845 2.6888475 -3.2533617
-10.329043 1.7396096 -3.0567062
-9.8739519 2.6752915 -2.9467936
-10.39289 1.7503626 -2.8187087
-3.4048507 0.93529499 -3.6257794
-5.6659231 1.2623309 -3.7402694
-7.7535491 2.1298599 -3.8787308
-9.94419 2.2155008 -2.390192
-9.9108591 2.208075 -3.9677534
-9.8602476 2.7085593 -3.7132649
-10.040376 1.7270555 -2.3103664
-9.8624964 2.709177 -2.471287
-9.9335785 2.2131367 -3.4857557
-15.746504 5.1650071 -4.3970799
-20.918783 4.6605687 -4.5940714
-10.358315 1.7817447 -3.0627613
-23.593147 7.7387829 -4.8437676
-9.8529978 2.7065678 -2.946708
-3.398073 0.94620138 -3.624306
-9.8412724 2.7403252 -2.7096696
-5.6577253 1.2812492 -3.7397544
-7.7422886 2.1558583 -3.8787208
-9.9324942 2.2493136 -2.3913543
-9.9146557 2.2452738 -3.9717526
-9.8660231 2.7472174 -3.7176204
-10.030345 1.7613984 -2.3116672
-9.8568325 2.744658 -2.4728773
-15.728379 5.2199378 -4.399014
-20.871254 4.7265062 -4.5928068
-9.8588829 2.745229 -3.2489979
-23.497772 7.7984457 -4.8377047
-9.8434896 2.7409427 -2.9480147
-3.3982382 0.95904255 -3.6266799
-10.054272 1.8018035 -2.5525303
-9.8239498 2.7724915 -2.7102168
-5.6532183 1.3009919 -3.7405553
-7.7384906 2.183938 -3.8807812
-9.9245815 2.2839735 -2.39276
-9.8913507 2.2763259 -3.9697001
-9.8792858 2.7881081 -3.7234967
-10.020199 1.7956972 -2.3129597
-9.8548908 2.7812235 -2.4747431
-13.871088 3.1921945 -4.1810875
-15.710062 5.2748122 -4.4009352
-20.839073 4.7957578 -4.5936389
-9.8338928 2.7752974 -3.247963
-23.371984 7.8473802 -4.8276196
-9.8223286 2.7720337 -2.9479086
-10.035666 1.7984691 -2.7884607
-3.3983552 0.97189575 -3.6290519
-9.8103685 2.8056676 -2.7111301
-5.6486425 1.3207176 -3.7413514
-7.7345915 2.2120161 -3.8828363
-9.9282331 2.3213351 -2.3949153
-9.8794956 2.3099396 -3.9702287
-9.8542337 2.8182127 -3.7217419
-10.006001 1.8292251 -2.3140221
-9.8412762 2.814507 -2.4757535
-13.84437 3.2369728 -4.1803231
-15.695323 5.3308997 -4.4034801
-20.795006 4.8621116 -4.5928569
-9.8241453 2.8096077 -3.2492537
-10.040657 1.8355607 -3.0294528
-23.45788 7.9674435 -4.8454199
-9.8087521 2.8052056 -2.948729
-10.253424 1.8744572 -2.8131788
-3.3846672 0.98013484 -3.6236942
-10.022115 1.8665377 -2.5538933
-9.7971697 2.8370728 -2.7119706
-5.6479793 1.3403316 -3.7434256
-7.7309809 2.238744 -3.8848357
-9.9243736 2.3551698 -2.3964906
-9.8679352 2.3417764 -3.9706795
-9.8410215 2.8497715 -3.7222009
-9.9998789 1.8623965 -2.3154435
-9.8242054 2.8449018 -2.4764073
-13.829689 3.2819469 -4.1814866
-15.662491 5.3777452 -4.402729
-20.774885 4.9301229 -4.5950947
-9.8224325 2.8443885 -3.2516425
-23.401112 8.0348158 -4.8441167
-9.8070698 2.8399396 -2.9508846
-3.3845308 0.99355394 -3.6260827
-10.015207 1.9032558 -2.5554597
-9.7790337 2.8707073 -2.7125523
-5.6392846 1.3601189 -3.7429302
-7.7151971 2.264853 -3.8838093
-9.9156752 2.391526 -2.3979442
-9.8708134 2.3807058 -3.9747212
-9.8419342 2.8891723 -3.7258346
-9.9969158 1.8997798 -2.3172293
-9.8329029 2.8865209 -2.4791677
-13.813703 3.3316772 -4.1828318
-15.63139 5.4311895 -4.4027882
-20.768314 5.0090351 -4.5997334
-9.8157682 2.8814909 -3.2535675
-22.953276 4.3619623 -4.6840219
-23.386597 8.1257677 -4.8490639
-9.8119268 2.8803632 -2.9541016
-3.3775673 1.0043291 -3.6245925
-9.776618 2.907105 -2.714571
-5.6307616 1.3788795 -3.7423899
-7.6997247 2.2895348 -3.8827245
-9.8956108 2.4232702 -2.3985579
-9.8547649 2.4132676 -3.9743593
-9.8279848 2.922379 -3.7263417
-9.9862967 1.9339039 -2.3184876
-9.826601 2.9219675 -2.4807227
-13.809714 3.3817687 -4.1861115
-15.608582 5.4844017 -4.4040141
-20.742952 5.0796027 -4.6015511
-9.8247557 2.9214187 -3.2577653
-22.930073 4.4405408 -4.6864204
-23.354326 8.2060308 -4.8513532
-9.7979832 2.9134576 -2.9548986
-3.377512 1.0171583 -3.6269543
-9.7778969 2.9446731 -2.7169616
-5.6259146 1.3985262 -3.7431676
-7.6991973 2.3186603 -3.8857963
-9.8948555 2.4597273 -2.400434
-9.834775 2.444792 -3.9731207
-9.9279079 2.98985 -3.7497857
-9.9794846 1.9687511 -2.3199608
-9.8201714 2.9574044 -2.4822702
-10.849144 2.6969507 -3.6672499
-20.709606 5.148128 -4.6022835
-9.7992287 2.9510975 -3.2566817
-22.898766 4.5174646 -4.6877942
-23.321774 8.2861662 -4.8536215
-9.7877531 2.9476416 -2.9561574
-3.3810554 1.0304675 -3.6312208
-9.7719011 2.9782495 -2.7185273
-5.62498 1.4181179 -3.7452264
-7.6952171 2.3453245 -3.8877728
-9.8866434 2.4925292 -2.4017265
-9.8304443 2.4783607 -3.9752719
-9.9729013 2.0018363 -2.3213537
-9.8179617 2.9922876 -2.4840338
-15.454685 5.5488019 -4.3877859
-20.680811 5.2138548 -4.6033874
-9.7932014 2.9847414 -3.2584586
-22.864094 4.5894537 -4.6884766
-23.188932 8.3256817 -4.842205
-9.7893867 2.9835789 -2.95876
-3.3601182 1.0369177 -3.6220071
-9.7690878 3.0146976 -2.7205276
-5.6199961 1.4377429 -3.7459958
-7.6832366 2.3710132 -3.8877087
-9.8856335 2.5290055 -2.4035902
-9.8255634 2.5136378 -3.9774845
-9.8201218 3.0304465 -3.734638
-9.9619341 2.0358329 -2.3225873
-9.8074579 3.0265384 -2.4852817
-10.818975 2.7677789 -3.6681015
-15.513841 5.631248 -4.4030347
-20.643158 5.2810631 -4.6035452
-9.7979612 3.023608 -3.262053
-22.828381 4.665235 -4.6893029
-23.110933 8.3888578 -4.8384027
-9.7941828 3.0224416 -2.9618917
-3.3599386 1.0497217 -3.6243613
-9.7661371 3.0511651 -2.7225218
-5.6000299 1.4534811 -3.7414606
-7.6711693 2.3966491 -3.8876371
-9.888361 2.5665126 -2.4057047
-9.8167295 2.5479207 -3.9788218
-9.8019075 3.0623405 -3.7343469
-9.958684 2.071409 -2.3242626
-9.796833 3.060755 -2.4865217
-15.527741 5.6977162 -4.4106045
-20.616875 5.3510852 -4.6052861
-9.7873468 3.0577915 -3.2632916
-9.9658203 2.0728934 -3.0362015
-23.163986 8.4997435 -4.8521347
-9.7835722 3.056612 -2.9631298
-3.3597105 1.062536 -3.626713
-9.7783012 3.092468 -2.7260296
-5.6135468 1.4779221 -3.7488468
-7.6590171 2.4222271 -3.8875585
-9.8677378 2.5979559 -2.4062731
-9.7963104 2.5791507 -3.977545
-9.8857422 3.1264472 -3.7547483
-9.9553051 2.1069846 -2.3259315
-9.8204136 3.1057866 -2.4903364
-9.8763647 2.6002274 -3.506947
-15.507759 5.7518802 -4.4124007
-20.609646 5.4260616 -4.6096835
-9.7956209 3.0979457 -3.2674639
-22.764009 4.8178754 -4.691895
-23.06304 8.5541592 -4.8452706
-10.826913 2.8504853 -2.9914718
-9.7918854 3.0967643 -2.9667234
-3.3594334 1.0753624 -3.6290629
-9.8131428 3.1412096 -2.7318184
-5.6120753 1.4985019 -3.7509291
-7.6579866 2.4513392 -3.8906031
-9.870203 2.6354811 -2.4083748
-9.7948837 2.6153698 -3.9806032
-9.9557095 2.1434064 -2.3278203
-9.8476067 3.1522417 -2.4944394
-9.8557014 2.631609 -3.5062251
-15.483857 5.8045797 -4.4135423
-20.594435 5.4989996 -4.6129961
-9.8265133 3.1454895 -3.2751658
-23.051735 8.6416206 -4.8504357
-9.8380823 3.1491928 -2.9750466
-3.355849 1.0864969 -3.6294599
-5.5996385 1.5150924 -3.7489908
-7.6460838 2.4755127 -3.8904634
-9.8652697 2.6692429 -2.4098897
-9.8014174 2.6519663 -3.9853296
-11.891438 3.8499978 -4.1694002
-9.940733 2.1746998 -2.3287241
-9.854598 2.6663554 -3.5088499
-15.445899 5.8488426 -4.4120145
-10.827289 2.9295359 -3.2584667
-22.707291 4.9675961 -4.6952477
-22.996809 8.7081184 -4.8494158
-9.8931541 2.6767874 -2.8891611
-3.3415091 1.0954024 -3.6241028
-5.5940475 1.5356072 -3.7497752
-7.6332307 2.5023 -3.8904114
-9.8631344 2.7075028 -2.4117882
-9.7763853 2.6836896 -3.9832215
-11.869705 3.8910868 -4.1694074
-9.9365988 2.2119911 -2.3304434
-9.9904928 2.7424636 -3.5362697
-15.435515 5.9096909 -4.415782
-10.88574 2.9882159 -3.2696447
-17.695496 5.800878 -4.5061727
-22.673344 5.0473242 -4.69663
-22.942364 8.7837868 -4.8491359
-9.8527527 2.704653 -2.6488421
-3.3411067 1.1082004 -3.6264448
-5.5775204 1.5520257 -3.7465346
-7.6281738 2.5301633 -3.8923943
-9.861331 2.7440577 -2.4136145
-9.7555361 2.7146187 -3.9819064
-11.852285 3.9312449 -4.1700969
-9.9366207 2.2484267 -2.3323128
-10.011512 2.7858477 -3.5430815
-15.414792 5.9635315 -4.4175224
-9.8449974 2.7395129 -3.1271026
-17.675142 5.8626084 -4.508347
-22.659481 5.127315 -4.7003613
-22.933907 8.8724566 -4.8547468
-9.8583488 2.7432277 -2.890079
-9.847106 2.7400994 -2.6505013
-3.3406549 1.1210098 -3.6287847
-5.5757766 1.5725312 -3.7485988
-7.608139 2.5530319 -3.8901896
-9.8439932 2.7762926 -2.4143975
-9.7536087 2.7508013 -3.9849365
-11.830967 3.9700689 -4.1700068
-9.9209146 2.2813056 -2.333262
-10.001726 2.8207777 -3.5444028
-15.379045 6.0115037 -4.4166775
-9.8353748 2.7738619 -3.128402
-17.635674 5.9179301 -4.5075531
-22.625885 5.2028022 -4.701539
-22.880482 8.9437342 -4.8542895
-9.8448677 2.7765391 -2.8909349
-9.8451777 2.7766266 -2.6525056
-3.3437848 1.1344111 -3.6330342
-5.5705309 1.5910127 -3.7492943
-7.6033468 2.5795083 -3.8921139
-9.8501167 2.8133154 -2.4166648
-9.740633 2.7820454 -3.9852817
-11.82901 4.0131049 -4.1736808
-9.9288759 2.3178296 -2.3355067
-9.9923172 2.8539295 -3.5456505
-15.35532 6.0610075 -4.4176607
-9.8222857 2.8053665 -3.1290908
-17.597075 5.9699759 -4.5066323
-22.627945 5.2823424 -4.7071066
-22.820982 9.0078325 -4.8526707
-9.839447 2.8102682 -2.8926089
-9.8282261 2.8070631 -2.6530282
-3.3363757 1.1448995 -3.6315055
-5.5686436 1.6115187 -3.7513511
-7.6017151 2.6085792 -3.8951247
-9.8402367 2.847682 -2.4179516
-9.7308617 2.81603 -3.9865541
-11.80367 4.0505075 -4.1727996
-9.9090481 2.3497055 -2.3362095
-9.9937544 2.8921089 -3.5490177
-15.33777 6.1160469 -4.4200025
-9.8200989 2.8418543 -3.1314514
-17.576128 6.0313649 -4.5087576
-22.582178 5.3548503 -4.7067208
-22.707796 9.0548983 -4.8440795
-9.8295774 2.8445973 -2.8938942
-9.818367 2.8413532 -2.6543121
-3.3323593 1.1565379 -3.631906
-5.5629849 1.6309458 -3.7520747
-7.5999751 2.6376686 -3.8981309
-9.8455906 2.8865125 -2.4202735
-9.720974 2.8499775 -3.9878185
-11.789459 4.0916829 -4.1742167
-9.9085646 2.3861508 -2.338053
-9.9759665 2.9247358 -3.5489407
-15.312634 6.168056 -4.4210429
-9.8216076 2.8794811 -3.1343451
-17.551203 6.0913696 -4.5102754
-22.56723 5.4345732 -4.710381
-22.64642 9.1221666 -4.8425288
-9.8234234 2.8800135 -2.8956182
-9.8083906 2.8756061 -2.6555879
-3.3283014 1.1681639 -3.632304
-5.5424867 1.6459695 -3.7474737
-7.5944219 2.6654825 -3.9000852
-9.8316193 2.9197266 -2.4212849
-9.7109652 2.8838956 -3.9890749
-11.786336 4.1367564 -4.1779366
-9.9040594 2.4216764 -2.3396599
-9.973321 2.961808 -3.5516067
-15.279942 6.2169714 -4.4207802
-9.8229713 2.9171584 -3.137234
-17.529831 6.1526027 -4.5123706
-22.548122 5.5133209 -4.7135153
-22.718006 9.2433062 -4.8591685
-9.8133097 2.914289 -2.8968878
-9.7982922 2.9098291 -2.6568556
-3.3278263 1.1804057 -3.6346128
-5.5443764 1.6665564 -3.7508116
-7.570755 2.6854053 -3.8967507
-9.8333759 2.9557655 -2.4232712
-9.6975632 2.9149423 -3.9893873
-11.768815 4.1744895 -4.1784935
-9.8998585 2.455467 -2.3411915
-9.9710608 2.9971514 -3.5542021
-15.244506 6.2615509 -4.4197736
-9.8056011 2.9474168 -3.1373532
-17.520605 6.214694 -4.5161247
-22.506472 5.5822921 -4.7134161
-22.746328 9.3428612 -4.8696098
-9.8074188 2.947963 -2.8985341
-9.8000774 2.9457564 -2.6591167
-3.3170683 1.1889886 -3.6311176
-5.5461903 1.6871755 -3.7541471
-7.5728846 2.714467 -3.9007432
-9.8311739 2.9906864 -2.4249907
-9.6916265 2.9482353 -3.9914401
-11.747436 4.2108164 -4.1782689
-9.8877811 2.4873073 -2.3422534
-9.9648733 3.0313582 -3.556103
-15.227339 6.3135967 -4.4219785
-9.7995911 2.9810789 -3.1390853
-17.484888 6.2673812 -4.5157151
-22.449123 5.6471581 -4.7112527
-22.722599 9.4212999 -4.8729501
-9.8128805 2.9851215 -2.9015183
-9.7979069 2.9805665 -2.6610181
-3.3163061 1.2017951 -3.633441
-5.5402665 1.7065253 -3.7548528
-7.5559878 2.7382121 -3.899534
-9.8321419 3.0285184 -2.4270296
-9.6774979 2.9808843 -3.9917982
-11.740127 4.2545009 -4.1811905
-9.8906641 2.5247748 -2.3443043
-9.9580307 3.0672948 -3.5580602
-15.168468 6.3513284 -4.4171495
-9.8043785 3.0199666 -3.1424966
-17.462904 6.3283768 -4.517765
-22.413799 5.7215366 -4.7122817
-22.689573 9.5005589 -4.8753796
-9.8100367 3.0217094 -2.9036639
-9.7989082 3.0182817 -2.663332
-3.3050714 1.2114469 -3.6299767
-5.5266204 1.724525 -3.7529249
-7.5385361 2.7631886 -3.8983607
-9.8286133 3.0669177 -2.4288621
-9.6665068 3.0163341 -3.9930835
-11.720728 4.2961369 -4.1818542
-9.8813448 2.5610092 -2.3457186
-9.946722 3.1037722 -3.5593829
-15.119412 6.3960195 -4.4143181
-9.8008633 3.0582585 -3.1448824
-17.432104 6.389595 -4.5187125
-22.412001 5.8086572 -4.7180448
-22.661955 9.5867682 -4.8789239
-9.810338 3.0612152 -2.9063141
-9.7877798 3.0541761 -2.6646333
-3.3042221 1.2242359 -3.6322947
-5.5095482 1.7403258 -3.7496233
-7.5325222 2.7908487 -3.9002826
-9.8369198 3.1072321 -2.4314172
-9.6634569 3.0524397 -3.9960506
-11.720544 4.3425384 -4.1863031
-9.8800821 2.5975208 -2.3475246
-9.9434118 3.1408703 -3.5620153
-15.082343 6.4424996 -4.4133253
-9.793932 3.0936534 -3.1466572
-17.398481 6.4462514 -4.5189471
-22.345261 5.8746758 -4.7149367
-22.63937 9.6705217 -4.8828359
-9.8148346 3.100256 -2.9093468
-10.811336 2.8423519 -2.9241378
-9.8037519 3.0967553 -2.6683617
-3.2999289 1.2357616 -3.6326749
-5.5071092 1.7607188 -3.7516451
-7.5227351 2.8171237 -3.9011493
-9.852685 3.1500752 -2.4344971
-9.6527443 3.0861509 -3.9972591
-11.705316 4.3834219 -4.1876516
-9.8709555 2.6319904 -2.3488564
-9.7770767 3.1259019 -3.5349236
-15.096337 6.5108781 -4.4213719
-9.8058796 3.1351109 -3.1511378
-17.372141 6.5055423 -4.5203528
-10.84989 2.8930132 -3.1930437
-22.447807 9.6814833 -4.8633451
-9.8344011 3.1442294 -2.9141748
-10.820657 2.8852189 -2.9276946
-9.8385916 3.1455693 -2.6738746
-3.289031 1.2441326 -3.6291611
-5.5122352 1.7825272 -3.7562952
-7.5096836 2.8406672 -3.9009161
-9.6386967 3.1169276 -3.9975235
-11.687004 4.4208107 -4.188149
-9.8621721 2.66471 -2.3501143
-9.7855768 3.1644254 -3.5395367
-15.067359 6.5577254 -4.4215674
-17.346743 6.5617042 -4.5216441
-22.302073 9.7064695 -4.8497901
-9.8657398 2.665674 -2.826081
-3.2880545 1.2569004 -3.6314712
-9.8707628 2.704037 -2.5906498
-5.5096402 1.8029559 -3.7583108
-7.4887304 2.8626621 -3.8986175
-9.6240005 3.1493251 -3.9978387
-11.66038 4.4573283 -4.1871538
-9.8566694 2.700176 -2.3516657
-15.026144 6.6022696 -4.4198837
-19.99337 6.542562 -4.6167183
-17.331181 6.6250629 -4.524807
-9.8636045 2.7020757 -3.0669646
-22.315582 9.8051424 -4.8587089
-9.8640842 2.7022073 -2.8282397
-3.2800438 1.2676365 -3.6299238
-9.8646402 2.7412682 -2.5923545
-5.488369 1.818292 -3.7536857
-7.4818463 2.8915045 -3.9005558
-9.6198969 3.1870639 -4.0008364
-11.643966 4.5000362 -4.1885352
-9.8467064 2.7362845 -2.3530397
-13.47371 4.463829 -4.2227478
-15.005485 6.6589146 -4.4221463
-19.969255 6.615798 -4.6192999
-17.299343 6.6856666 -4.5256677
-9.8536339 2.7382097 -3.0683396
-22.385344 9.9338408 -4.8758826
-9.8618155 2.7404833 -2.8304574
-3.2791996 1.2798247 -3.6322105
-9.8631945 2.7761328 -2.5942502
-5.4859614 1.8377059 -3.7556579
-7.4795251 2.9191518 -3.9034557
-9.598031 3.2151806 -3.99932
-11.621587 4.5357394 -4.1882253
-9.8491297 2.7721739 -2.3549833
-13.458833 4.5084848 -4.2243128
-14.99059 6.7118931 -4.4248915
-19.954773 6.6845169 -4.6227078
-17.273363 6.7415466 -4.5269136
-9.8444996 2.7708709 -3.069576
-22.465261 10.058606 -4.8938484
-9.8449793 2.7710059 -2.8308511
-3.2747121 1.2912637 -3.632576
-9.8495979 2.8094482 -2.5952168
-5.4722176 1.854372 -3.7536547
-7.4656396 2.9438033 -3.9032369
-9.58675 3.2486651 -4.0004869
-11.605682 4.5762787 -4.1895199
-9.8393927 2.8065374 -2.3562775
-13.443013 4.5554385 -4.2259488
-14.952553 6.7576194 -4.4238086
-19.946436 6.7592549 -4.6273136
-17.242308 6.7988768 -4.5276437
-9.8347683 2.8052182 -3.0708697
-22.440929 10.141896 -4.8976445
-9.8314028 2.8042583 -2.8317223
-3.2665894 1.3019161 -3.6310184
-9.8430767 2.8466439 -2.5968986
-5.458096 1.8719182 -3.751678
-7.4475126 2.9682446 -3.902
-9.5635624 3.2799361 -3.9990671
-11.585145 4.6173191 -4.1900926
-9.8367252 2.8448069 -2.3581021
-13.426226 4.604682 -4.2276545
-14.953047 6.8239565 -4.4299231
-19.872459 6.8154936 -4.6227541
-17.191347 6.8517003 -4.5254631
-9.8282557 2.8423576 -3.0727348
-22.396339 10.220769 -4.8989811
-9.8210583 2.840276 -2.8330715
-3.2653883 1.3146639 -3.6333156
-9.8330803 2.8809831 -2.5981779
-5.4551682 1.8922204 -3.7536695
-7.4480224 2.9986162 -3.9059763
-9.5483208 3.3120019 -3.9993362
-11.572639 4.6592102 -4.192142
-9.8267355 2.8791239 -2.3593805
-13.406312 4.6502137 -4.2285724
-14.914666 6.8694425 -4.4288092
-19.807077 6.8704309 -4.6191359
-17.171024 6.9131527 -4.5279503
-9.8221045 2.8777673 -3.0745285
-22.349646 10.293868 -4.8996706
-9.8149195 2.8756623 -2.8347714
-3.2578835 1.3235508 -3.6316977
-9.8239813 2.9118581 -2.5993223
-5.4528327 1.9106216 -3.7555921
-7.4458332 3.0249512 -3.908814
-9.5416002 3.3432877 -4.0012422
-11.557945 4.6955414 -4.1932788
-9.8253117 2.9122524 -2.3610001
-13.365367 4.6830997 -4.2251501
-14.896624 6.9179392 -4.4307814
-19.774101 6.9286609 -4.619626
-17.149223 6.9670596 -4.5296373
-9.8283243 2.9131455 -3.0777378
-22.32082 10.365709 -4.902164
-9.8173332 2.9098876 -2.8371854
-3.2532437 1.3349149 -3.6320512
-9.8214178 2.9484327 -2.6012492
-5.438868 1.9270711 -3.753566
-7.4388576 3.0524125 -3.910675
-9.5261459 3.3752542 -4.0014949
-11.537813 4.7343516 -4.1937556
-9.8150864 2.946532 -2.3622642
-13.352687 4.7310538 -4.2274323
-14.84714 6.958065 -4.4276872
-19.813732 7.020298 -4.631268
-17.102671 7.0177989 -4.5279045
-9.8142729 2.9462879 -3.0784853
-22.306194 10.453728 -4.9074163
-9.8109446 2.9452887 -2.8388729
-3.2547913 1.3501748 -3.6363153
-9.8215027 2.9896164 -2.6036274
-5.4314284 1.9479406 -3.7542717
-7.4234595 3.0794501 -3.9105022
-9.5131159 3.4118068 -4.0027313
-11.52688 4.7816596 -4.1966772
-9.8228331 2.9900212 -2.3648405
-13.341909 4.7849746 -4.2305565
-14.813116 7.0116158 -4.4279699
-19.745317 7.0815082 -4.62782
-17.086647 7.0879993 -4.5317283
-9.8067064 2.9851124 -3.0803838
-22.247847 10.530758 -4.9072351
-9.80721 2.9852657 -2.8411031
-3.2471888 1.3589947 -3.6346889
-9.8158846 3.0216362 -2.6050847
-5.4216604 1.9636843 -3.7535076
-7.4137473 3.1027586 -3.9112167
-9.4949169 3.438987 -4.0019732
-11.515459 4.8193836 -4.1985645
-9.8325052 3.0267525 -2.3671629
-13.315591 4.8228064 -4.229876
-14.823363 7.0735588 -4.4351096
-19.749231 7.1530223 -4.6337371
-17.056934 7.1385703 -4.5321732
-9.8049107 3.0182581 -3.0825429
-22.203838 10.595447 -4.9076242
-9.8016024 3.0172398 -2.8426516
-3.2424254 1.3703206 -3.6350338
-9.8090954 3.0570695 -2.6066599
-5.414773 1.9825964 -3.7541394
-7.3992591 3.12709 -3.9109497
-9.4902782 3.4748254 -4.0048428
-11.487603 4.8549142 -4.1974525
-9.8256998 3.0622444 -2.3686471
-13.287473 4.8651519 -4.2293386
-14.784228 7.1183443 -4.4339194
-19.735386 7.2260284 -4.6376834
-17.039261 7.2011671 -4.5351853
-9.805748 3.0560265 -3.0853391
-22.177513 10.678081 -4.9112811
-9.7948265 3.0526228 -2.8443177
-3.234288 1.3802075 -3.6334352
-9.8098059 3.0949013 -2.6088946
-5.4042068 2.0001483 -3.7534282
-7.3955135 3.1559784 -3.9138398
-9.4817972 3.5093036 -4.0068235
-11.481534 4.8996563 -4.2010002
-9.8492804 3.1073551 -2.3720479
-13.25549 4.9059834 -4.2280903
-14.748544 7.1646867 -4.4333644
-19.623972 7.2630191 -4.6273546
-17.028685 7.2668605 -4.5393834
-9.8102484 3.0950408 -3.0886493
-22.118555 10.744961 -4.9103022
-9.8222256 3.0988197 -2.8498137
-3.2294505 1.391489 -3.6337738
-9.8560905 3.1473746 -2.6151319
-5.389976 2.0163014 -3.7513726
-7.3916569 3.1848791 -3.9167249
-9.4768934 3.54515 -4.0096798
-11.457074 4.9365649 -4.200644
-13.245734 4.9550114 -4.2310109
-14.719867 7.2143731 -4.4340963
-19.594759 7.3300772 -4.6290641
-16.959282 7.3073282 -4.5339575
-9.8488178 3.1450522 -3.0966301
-22.019955 10.792228 -4.9036512
-9.8532286 3.1464605 -2.8557377
-3.2278979 1.4041997 -3.6360507
-5.3973169 2.0405524 -3.7573459
-7.3733001 3.2075322 -3.9153817
-9.4570665 3.5754135 -4.0089984
-11.436132 4.9749451 -4.2010555
-13.239516 5.0054364 -4.2346191
-14.676744 7.2568855 -4.4322057
-19.613842 7.4153647 -4.6378975
-16.875175 7.3410373 -4.5261016
-21.989304 10.872566 -4.9067273
-3.2229767 1.4154587 -3.6363838
-5.3829651 2.0566308 -3.7552803
-7.3476934 3.2269413 -3.9119182
-9.4408369 3.6069927 -4.0091901
-11.41143 5.0116429 -4.200676
-13.210819 5.0473633 -4.2340293
-14.629939 7.2974067 -4.4296446
-19.572929 7.4780889 -4.6379275
-16.882299 7.4143252 -4.5332565
-21.75136 7.1136417 -4.734766
-21.944075 10.945694 -4.9077282
-3.2213302 1.4281697 -3.6386557
-5.3829403 2.0781832 -3.758568
-7.3363848 3.2525702 -3.9126706
-9.4429369 3.6456196 -4.0137901
-11.397496 5.0530548 -4.2026248
-13.204251 5.097744 -4.237617
-14.611494 7.3520117 -4.4322886
-19.613712 7.5722342 -4.6500411
-16.874538 7.4812899 -4.5379949
-21.718817 7.187017 -4.7364001
-21.912865 11.025816 -4.9107637
-3.2094567 1.437004 -3.6351151
-5.3645225 2.0936975 -3.7551808
-7.3244147 3.2794375 -3.9134536
-9.4184656 3.6758947 -4.0122504
-11.3789 5.0947948 -4.2038412
-13.174363 5.1417685 -4.2370749
-14.588 7.4073191 -4.4343324
-19.533785 7.6237617 -4.6446419
-16.839729 7.5398302 -4.5385914
-21.703682 7.2703757 -4.7407527
-21.82246 11.080746 -4.9056439
-3.2115347 1.4500629 -3.6392915
-5.3507509 2.1077158 -3.753037
-7.3212261 3.3056588 -3.9162331
-9.4105492 3.706912 -4.0140791
-11.362839 5.1305156 -4.2048745
-13.154445 5.1816711 -4.2376962
-14.564659 7.4531093 -4.4355121
-19.502314 7.6821623 -4.6454992
-16.819593 7.5943341 -4.5407228
-21.291286 7.2066984 -4.6893835
-21.759106 11.134692 -4.9032888
-3.1998558 1.4582577 -3.6357274
-5.3433609 2.1263804 -3.7536294
-7.2989359 3.3263152 -3.9137938
-9.3938799 3.7382772 -4.0142365
-11.334027 5.1652117 -4.2036686
-13.128887 5.2246165 -4.2377534
-14.535016 7.5020781 -4.4361558
-19.445721 7.7383885 -4.6432476
-16.76396 7.6397734 -4.5375834
-21.713011 11.206916 -4.9041972
-3.1947453 1.4694192 -3.6360455
-5.3502011 2.1507676 -3.759584
-7.2944059 3.3550529 -3.9166348
-9.3807726 3.7710474 -4.0152698
-11.308717 5.2014303 -4.2032313
-13.121639 5.2748661 -4.2412987
-14.498137 7.547255 -4.4354763
-19.392672 7.7958064 -4.6415243
-16.715456 7.6882529 -4.5356293
-21.236681 7.3538628 -4.6939917
-21.68792 11.29002 -4.9081759
-3.1893389 1.481118 -3.6363761
-5.3422828 2.1703618 -3.7601974
-7.2785029 3.3801117 -3.9163315
-9.366889 3.8054028 -4.0163455
-11.285979 5.2411699 -4.20362
-13.098534 5.321425 -4.2421026
-14.459805 7.5947852 -4.4348445
-19.393545 7.8788433 -4.6481662
-16.690783 7.7511425 -4.5379629
-21.47706 7.5253663 -4.7338014
-21.621649 11.356432 -4.9065557
-3.1811266 1.4901483 -3.6347287
-5.3350563 2.1880655 -3.7607481
-7.2637024 3.402566 -3.9159493
-9.3505611 3.834944 -4.0164251
-11.261349 5.2752004 -4.2031035
-13.088174 5.3678503 -4.2448545
-14.427499 7.6389661 -4.4347248
-19.378384 7.9476528 -4.6518226
-16.668596 7.8081393 -4.5401177
-21.395544 7.5765581 -4.7283702
-21.555641 11.413122 -4.9042053
-3.1824605 1.5043422 -3.6389256
-5.3238263 2.2052009 -3.75998
-7.2517805 3.4279008 -3.9166541
-9.329814 3.8645353 -4.0156603
-11.246454 5.3161745 -4.2049794
-13.058333 5.4089384 -4.2441607
-14.386692 7.681778 -4.4333434
-19.339464 8.0106678 -4.6522517
-16.630426 7.8611665 -4.5399222
-21.346416 7.6431236 -4.7277517
-21.501577 11.480773 -4.9039893
-3.1769254 1.5159965 -3.6392472
-5.3228149 2.2276733 -3.7632644
-7.2320876 3.4510784 -3.9152682
-9.3192339 3.9002314 -4.0175948
-11.223311 5.3556499 -4.2053328
-13.042089 5.4582992 -4.2463293
-14.372466 7.7420111 -4.4372482
-19.317337 8.0845785 -4.6555309
-16.579912 7.9117651 -4.5379739
-21.235691 7.6914048 -4.718842
-21.374981 11.514053 -4.8935037
-3.171881 1.5265232 -3.6395352
-5.3189468 2.2468112 -3.7651453
-7.2276731 3.4784441 -3.9180434
-9.3171701 3.9357271 -4.0211964
-11.194764 5.3876762 -4.204
-13.042234 5.5092559 -4.2511568
-14.336213 7.7839293 -4.4364305
-19.283068 8.1454868 -4.656373
-16.528439 7.9546008 -4.5352421
-21.157585 7.7425771 -4.7138448
-21.413885 11.626792 -4.9065895
-3.1697941 1.5391694 -3.6417806
-5.3039856 2.262342 -3.7630186
-7.2154865 3.5036523 -3.9187276
-9.3142824 3.9728789 -4.0248418
-11.161612 5.4197879 -4.2019253
-13.026582 5.5563092 -4.2532353
-14.287993 7.8224487 -4.4336901
-19.269199 8.2190113 -4.660624
-16.500572 8.012248 -4.5368071
-21.119198 7.8122301 -4.7147202
-21.355656 11.691881 -4.905787
-3.1641319 1.5507762 -3.6420932
-5.2921205 2.2802413 -3.7622573
-7.1955533 3.5266206 -3.9173181
-9.2996597 4.0069885 -4.025866
-11.141673 5.4606581 -4.2030253
-13.00248 5.6024399 -4.2539644
-14.252257 7.8709116 -4.4336152
-19.220625 8.281682 -4.6599698
-16.438877 8.0568762 -4.5329809
-21.165201 7.9175506 -4.7277894
-21.305672 11.76621 -4.9066014
-3.1586993 1.5618118 -3.6423876
-5.2841287 2.2987003 -3.7628074
-7.1726513 3.5465016 -3.9148061
-9.2892408 4.0410032 -4.0277209
-11.126101 5.5012765 -4.2048464
-12.97555 5.6446199 -4.2539091
-14.210776 7.9128623 -4.4321527
-18.865946 8.2070589 -4.6125755
-16.410652 8.1142111 -4.5345106
-21.163572 8.0012655 -4.7338939
-21.212137 11.811369 -4.9005709
-3.1532276 1.5728292 -3.642679
-5.2725458 2.3155842 -3.7620077
-7.1707559 3.5767715 -3.9186506
-9.2714577 4.0718174 -4.027791
-11.099728 5.5365415 -4.2043037
-12.9412 5.6834865 -4.2524328
-14.172648 7.9565744 -4.4313312
-18.789684 8.2520094 -4.6073027
-16.289469 8.1251822 -4.520257
-21.183987 8.0936184 -4.7431459
-21.128992 11.86189 -4.8960657
-3.1512337 1.5849044 -3.6448991
-5.2754035 2.3377352 -3.7665567
-7.1518483 3.5970027 -3.9171512
-9.257906 4.1025362 -4.0286927
-11.084852 5.5750961 -4.2060533
-12.929558 5.7295866 -4.2551007
-14.11846 7.9878345 -4.4271522
-19.024883 8.4306612 -4.6491413
-16.255314 8.1755657 -4.5204587
-21.123518 8.1508799 -4.740675
-21.079117 11.925982 -4.8961148
-3.1424494 1.5942553 -3.6432385
-5.2672105 2.3561368 -3.7670932
-7.1357517 3.620173 -3.9167385
-9.2471371 4.1364436 -4.0305238
-11.044093 5.6029873 -4.2023463
-12.894956 5.7681918 -4.2535977
-14.093948 8.0390453 -4.4289269
-19.097326 8.5426455 -4.666646
-16.283564 8.2611227 -4.5316472
-21.083775 8.2202196 -4.7414627
-21.037355 11.999495 -4.8977833
-3.1304102 1.6019119 -3.6396272
-5.2554436 2.3729236 -3.766279
-7.116087 3.6414857 -3.9152563
-9.2290392 4.1670704 -4.0305672
-11.020933 5.6396966 -4.2025533
-12.871117 5.811532 -4.2541938
-14.069253 8.0901785 -4.4306879
-19.05648 8.6043301 -4.6669044
-16.275921 8.3288097 -4.5367551
-21.073524 8.3010817 -4.7464523
-20.984957 12.066885 -4.8978739
-3.1250813 1.6122841 -3.6398923
-5.2405353 2.387145 -3.7640862
-7.1004877 3.6632657 -3.9147966
-9.2043781 4.1927371 -4.0287757
-10.998647 5.6743941 -4.2027006
-12.833679 5.8459401 -4.2518926
-14.018224 8.1228113 -4.4271188
-19.016951 8.6625156 -4.6670475
-16.241127 8.3790808 -4.5369177
-21.001369 8.3532143 -4.7423306
-20.910275 12.116386 -4.8942251
-3.1226499 1.6248564 -3.6421156
-5.2356696 2.4070323 -3.765954
-7.0806966 3.6844075 -3.9132986
-9.1753225 4.2182374 -4.0261292
-10.975249 5.7109199 -4.2028856
-12.824035 5.8956861 -4.2552853
-13.982905 8.1676779 -4.426877
-18.990221 8.7305117 -4.6694956
-16.197632 8.4283619 -4.5359201
-20.8943 8.3952198 -4.7335386
-20.850613 12.179235 -4.8932295
-3.1169598 1.6357459 -3.6423891
-5.2377191 2.4301562 -3.7705116
-7.0677938 3.7090998 -3.9139183
-9.171299 4.255228 -4.0297065
-10.965792 5.7547255 -4.2062058
-12.821416 5.948781 -4.2600799
-13.947449 8.2123938 -4.42662
-18.952391 8.7933836 -4.6702533
-16.153996 8.477437 -4.534904
-20.949942 8.5026264 -4.7479911
-20.787327 12.23978 -4.8916903
-3.1112309 1.6466161 -3.6426592
-5.2292042 2.4484246 -3.7710242
-7.0686703 3.7410874 -3.9187829
-9.149231 4.2838645 -4.0288219
-10.945637 5.7929683 -4.2071562
-12.77536 5.9816952 -4.2563906
-13.898147 8.2488337 -4.4237132
-18.889057 8.8442583 -4.6670871
-16.141922 8.5430984 -4.5393472
-20.920134 8.5757036 -4.7502651
-20.754776 12.318383 -4.8948078
-3.1022654 1.6557602 -3.6409781
-5.2101765 2.4617276 -3.7674885
-7.0486474 3.7620475 -3.9172635
-9.1270733 4.3124003 -4.0279269
-10.921846 5.8292751 -4.2073088
-12.740018 6.0194607 -4.2548041
-13.896607 8.3136578 -4.4300132
-18.717363 8.8436632 -4.647151
-16.097931 8.5918875 -4.5382977
-20.867943 8.6395216 -4.7493415
-20.711649 12.390761 -4.8963451
-3.0996592 1.6682965 -3.6431904
-5.1980758 2.478241 -3.7666421
-7.0354729 3.7866273 -3.9178629
-9.1155329 4.3459325 -4.0296974
-10.897939 5.8654809 -4.2074504
-12.733289 6.0707383 -4.2588592
-13.840221 8.3456593 -4.4257579
-16.050291 8.6385765 -4.5366201
-20.856071 8.7200041 -4.7542262
-20.6033 12.423799 -4.887969
-3.0967097 1.681376 -3.6454132
-5.1924281 2.4989464 -3.7685118
-7.0043116 3.8030305 -3.9131649
-9.1066666 4.3827415 -4.0323958
-10.87288 5.9034915 -4.2076259
-12.700202 6.1121931 -4.2580137
-13.812943 8.3983994 -4.4274673
-18.653603 8.9773703 -4.6508269
-16.008011 8.6916399 -4.5362105
-20.790878 8.7824087 -4.7517772
-20.537153 12.486782 -4.8864074
-3.0942969 1.6933762 -3.6476076
-5.1841125 2.5161517 -3.7689788
-6.981339 3.8205879 -3.9105268
-9.0849705 4.4094653 -4.0314302
-10.83932 5.9318957 -4.2053347
-12.672707 6.1508021 -4.257741
-13.805392 8.4566412 -4.4323621
-18.738602 9.0949345 -4.6704011
-15.958115 8.7331924 -4.5338197
-20.787342 8.8622646 -4.7575788
-20.495632 12.554819 -4.8878007
-3.0851936 1.7024151 -3.6459136
-5.1718392 2.5325375 -3.7681167
-6.9679613 3.8449328 -3.9111032
-9.0659742 4.4394107 -4.0313907
-10.832445 5.9773617 -4.209383
-12.64759 6.1932497 -4.2582231
-13.775791 8.504777 -4.4333363
-18.717491 9.1655493 -4.6738396
-15.962442 8.8081036 -4.5412383
-20.737947 8.9268761 -4.7570992
-20.455086 12.628381 -4.8897686
-3.079232 1.7131747 -3.6461658
-5.1629672 2.5505764 -3.7685986
-6.9544969 3.8692336 -3.9116726
-9.0468788 4.4692817 -4.031342
-10.80458 6.0112824 -4.2086911
-12.608065 6.2285562 -4.2558599
-13.735875 8.5465031 -4.4323158
-18.656763 9.2166958 -4.6711035
-15.938565 8.8676491 -4.5437636
-20.695679 8.9944429 -4.7576613
-20.383751 12.682832 -4.8870206
-3.0700712 1.7221395 -3.644465
-5.1505847 2.5668647 -3.7677255
-6.940948 3.8934863 -3.9122353
-9.024147 4.4973083 -4.0303907
-10.773148 6.0431371 -4.2071981
-12.589805 6.274303 -4.2577324
-13.719452 8.6028614 -4.4359016
-18.613762 9.2764254 -4.6711459
-15.869265 8.9017754 -4.5383348
-20.64953 9.060214 -4.757669
-20.329205 12.747545 -4.886857
-3.0671971 1.7346294 -3.6466608
-5.1450353 2.5865571 -3.769547
-6.923902 3.9157586 -3.9117255
-9.0083942 4.528779 -4.0312166
-10.748535 6.0787501 -4.2072711
-12.550061 6.3092771 -4.2553396
-13.706176 8.661334 -4.440136
-18.567009 9.3341694 -4.6706071
-15.820746 8.947299 -4.5365505
-20.632381 9.1387014 -4.7619157
-20.254208 12.799227 -4.8835387
-3.0611234 1.7453253 -3.6469038
-5.1359754 2.6045012 -3.7700138
-6.9101906 3.9399037 -3.9122736
-8.9784307 4.5530462 -4.0284576
-10.710015 6.1064057 -4.2041745
-12.513774 6.3458519 -4.2536416
-13.652344 8.6941509 -4.436429
-18.527197 9.3953152 -4.6711702
-15.810197 9.0143175 -4.5414705
-20.578491 9.2008905 -4.7608171
-20.15888 12.837674 -4.8770614
-3.0487261 1.7523868 -3.6432424
-5.1371398 2.6276755 -3.7745278
-6.899796 3.9659553 -3.9138808
-8.9624815 4.5843592 -4.0292649
-10.681754 6.1397986 -4.2034345
-12.477383 6.3822508 -4.2519283
-13.611856 8.7353001 -4.4353485
-18.504944 9.4653816 -4.67452
-15.778634 9.0694504 -4.5427094
-20.528055 9.2644567 -4.7602277
-20.100502 12.899337 -4.8763037
-3.0457273 1.7648361 -3.6454294
-5.1279364 2.6455917 -3.7749856
-6.88591 3.9900167 -3.9144156
-8.9534512 4.6192412 -4.0318532
-10.670556 6.1830163 -4.2066321
-12.458564 6.4275899 -4.2537503
-13.584627 8.7849245 -4.4368973
-18.475338 9.5317488 -4.6767311
-15.733083 9.1164799 -4.5414853
-20.481064 9.3294401 -4.76015
-20.058708 12.971592 -4.8781371
-3.0432987 1.7762232 -3.6475909
-5.1161823 2.6599121 -3.7740424
-6.876729 4.013607 -3.9159575
-8.9388943 4.6473465 -4.0325651
-10.630518 6.2045083 -4.2026272
-12.431252 6.4630294 -4.2533207
-13.563635 8.8319054 -4.4390063
-18.473625 9.6044703 -4.6826949
-15.72158 9.175909 -4.5456309
-20.419004 9.3787413 -4.7571774
-20.001123 13.02365 -4.8766842
-3.0370805 1.7868348 -3.6478217
-5.0966325 2.6723871 -3.7704356
-6.8525362 4.0316186 -3.9132793
-8.912117 4.6730123 -4.0306621
-10.615635 6.2455988 -4.2050142
-12.419184 6.5119205 -4.2565413
-13.539383 8.883564 -4.4411902
-18.454123 9.6763029 -4.6865611
-15.672276 9.2206211 -4.5437627
-20.415115 9.4633865 -4.7634678
-19.928833 13.075859 -4.8737683
-3.0333145 1.8003335 -3.6500235
-5.0863333 2.6919372 -3.7709217
-6.833632 4.0558987 -3.9127772
-8.8871222 4.7035007 -4.0297213
-10.577928 6.278214 -4.2027264
-12.383543 6.5539784 -4.2555933
-13.505173 8.9354858 -4.442121
-18.395672 9.7358913 -4.6849465
-15.623042 9.2725916 -4.5426044
-20.375013 9.5400124 -4.7651315
-19.858498 13.139063 -4.8719978
-3.0239007 1.8090497 -3.6482966
-5.0803046 2.7114894 -3.7727108
-6.8261647 4.0837555 -3.9154177
-8.8706493 4.7344942 -4.0304842
-10.552543 6.3130622 -4.2027187
-12.350064 6.591547 -4.2545228
-13.480529 8.9869928 -4.4442763
-18.322855 9.7793789 -4.680336
-15.614528 9.3413963 -4.5480509
-20.319933 9.6008444 -4.7638984
-19.78261 13.188368 -4.8685079
-3.0150974 1.8166699 -3.6465437
-5.0683684 2.7256119 -3.7717474
-6.8099418 4.1031566 -3.9148004
-8.8592129 4.7642107 -4.0320597
-10.529259 6.3441353 -4.2026229
-12.343307 6.6378489 -4.2583146
-13.465455 9.0381765 -4.4476609
-18.323669 9.8539028 -4.6868067
-15.588518 9.3924627 -4.5496931
-20.282461 9.6612015 -4.7645898
-19.744394 13.252676 -4.8701119
-3.0087376 1.8271837 -3.6467621
-5.0520506 2.739615 -3.769469
-6.7888718 4.1228309 -3.9131579
-8.8460016 4.7969904 -4.0337029
-10.51044 6.3829112 -4.2041769
-12.309571 6.6752071 -4.2572198
-13.443723 9.0918198 -4.4504533
-18.268114 9.9063921 -4.6849713
-15.552229 9.4447517 -4.5502086
-20.252211 9.7336721 -4.7670641
-19.658319 13.294673 -4.865005
-2.9992492 1.8357826 -3.6450248
-5.0492163 2.7609296 -3.7725968
-6.7677484 4.1424084 -3.9115076
-8.825736 4.8259444 -4.033545
-10.494864 6.4237041 -4.2065125
-12.279216 6.7143197 -4.2568231
-13.395447 9.1274786 -4.4479313
-18.250927 9.9796724 -4.6893144
-15.53277 9.507309 -4.5537753
-20.21093 9.8008251 -4.7679124
-19.568893 13.333982 -4.8593478
-2.9928231 1.84624 -3.6452367
-5.0395484 2.7785368 -3.7730141
-6.756587 4.1680651 -3.913054
-8.8019152 4.8529043 -4.0324798
-10.472379 6.4602966 -4.2072535
-12.262671 6.7609792 -4.2592626
-13.363505 9.1741781 -4.4487071
-18.093681 9.9758854 -4.6710858
-15.526634 9.5782118 -4.559783
-20.162254 9.8642912 -4.7676659
-19.51894 13.399944 -4.8599567
-2.9925172 1.8605046 -3.6493514
-5.0298185 2.7961123 -3.7734263
-6.7419953 4.1916261 -3.9135253
-8.7814665 4.8816805 -4.0323029
-10.446393 6.4947205 -4.2071919
-12.228566 6.7979484 -4.2581282
-13.324846 9.2162437 -4.4481425
-18.149424 10.089396 -4.6872349
-15.499873 9.6365643 -4.5620937
-20.106218 9.924016 -4.766325
-19.501598 13.488447 -4.8657894
-2.9829326 1.8690141 -3.6476042
-5.0233879 2.815536 -3.7751875
-6.7239981 4.2130513 -3.912921
-8.7678204 4.9142361 -4.0339112
-10.430384 6.5353589 -4.2094965
-12.204762 6.8405919 -4.2591181
-13.276257 9.2513142 -4.4455733
-18.124537 10.15854 -4.6903977
-15.44925 9.680027 -4.5600905
-20.060736 9.988802 -4.766572
-19.415079 13.52904 -4.8605852
-2.9794555 1.8813508 -3.6497602
-5.0101748 2.8311586 -3.7742357
-6.7026181 4.2323089 -3.9112406
-8.7506123 4.9448118 -4.0346141
-10.404151 6.5696092 -4.2094126
-12.163497 6.8733711 -4.2565303
-13.243883 9.2976017 -4.4463043
-18.061172 10.20604 -4.6873322
-15.401881 9.7253819 -4.5586824
-19.990074 10.040849 -4.7630353
-19.387348 13.610497 -4.8648038
-2.9728706 1.8917389 -3.6499603
-5.0002623 2.848629 -3.7746329
-6.6745687 4.2472553 -3.9074142
-8.7367334 4.9772816 -4.0362058
-10.364419 6.595233 -4.2061462
-12.129066 6.9098787 -4.2553539
-13.198343 9.3345718 -4.4443669
-18.004639 10.257169 -4.6853738
-15.367842 9.7790813 -4.5597157
-19.969147 10.117778 -4.7670016
-19.339724 13.678083 -4.8658528
-2.9662495 1.902105 -3.650157
-4.9902887 2.8660662 -3.7750251
-6.666306 4.2747631 -3.9099944
-8.7193069 5.0077486 -4.036891
-10.334655 6.6270885 -4.2052455
-12.101424 6.9501953 -4.2555919
-13.181897 9.3921432 -4.4483871
-17.958344 10.313993 -4.6850901
-15.316833 9.8219061 -4.5576582
-19.933708 10.187424 -4.7687993
-19.272346 13.731607 -4.8637295
-2.9565463 1.910481 -3.6483967
-4.9802527 2.8834696 -3.7754123
-6.6546359 4.3001375 -3.911499
-8.694931 5.0341959 -4.0357699
-10.314789 6.6652799 -4.2067137
-12.08397 6.9963841 -4.2579589
-13.119909 9.417201 -4.4431005
-17.932589 10.382621 -4.68818
-15.279103 9.8731537 -4.5580435
-19.908667 10.262434 -4.7721925
-19.237268 13.808116 -4.866837
-2.9495244 1.9213036 -3.6485965
-4.9663253 2.8997605 -3.7744582
-6.642118 4.3266387 -3.9130185
-8.6661816 5.0600495 -4.0337729
-10.293616 6.705204 -4.2082043
-12.034206 7.0265875 -4.253932
-13.088535 9.467556 -4.4444695
-17.894417 10.448274 -4.6896243
-15.236135 9.9247322 -4.5578451
-19.853216 10.326122 -4.7713466
-19.131531 13.83874 -4.8589363
-2.9431367 1.931074 -3.6487744
-4.9434023 2.9084008 -3.7693946
-6.6310129 4.3507924 -3.9144886
-8.6425419 5.0847521 -4.032599
-10.261372 6.7327719 -4.2064433
-12.014267 7.0684724 -4.2555137
-13.060286 9.5132523 -4.4457583
-17.849352 10.501486 -4.6892152
-15.206471 9.9773893 -4.5593786
-19.794117 10.378925 -4.7692246
-19.075851 13.895054 -4.8582716
-2.9394023 1.9433352 -3.650913
-4.9497852 2.9354625 -3.7765436
-6.6026983 4.3652601 -3.9106231
-8.6451378 5.126986 -4.0386448
-10.234497 6.7663612 -4.2062912
-11.986099 7.1083379 -4.2557001
-13.059109 9.5823441 -4.4530449
-17.778265 10.543373 -4.6848907
-15.171552 10.03041 -4.5603299
-19.75071 10.444223 -4.7698636
-19.027231 13.961555 -4.8592114
-2.9326012 1.9535831 -3.651094
-4.9461217 2.9566746 -3.7796223
-6.5808926 4.3839307 -3.9088893
-8.6136198 5.1490178 -4.0356865
-10.220724 6.8086429 -4.2093043
-11.947562 7.1419702 -4.2537289
-13.035191 9.6349707 -4.4556689
-17.744781 10.60741 -4.6867752
-15.143084 10.087725 -4.5624967
-19.714132 10.513099 -4.7715607
-18.955906 14.011271 -4.8564482
-2.9230962 1.9612775 -3.6493084
-4.9362893 2.9730606 -3.7799668
-6.5695758 4.4079156 -3.9103396
-8.6032686 5.1816325 -4.0380864
-10.191499 6.8380771 -4.2083054
-11.879522 7.1548762 -4.2452621
-12.996778 9.6733885 -4.454926
-17.712925 10.668256 -4.6885777
-15.112857 10.140106 -4.5639863
-19.636969 10.555736 -4.7666764
-18.8741 14.047829 -4.851512
-2.9102256 1.9674082 -3.6455731
-4.9258814 2.9902732 -3.7803245
-6.5541492 4.4308205 -3.9107327
-8.5817499 5.2095809 -4.0378094
-10.160993 6.8691654 -4.2073259
-11.823878 7.1777258 -4.2396832
-12.947001 9.7067509 -4.4522042
-17.665346 10.723808 -4.6881599
-15.070765 10.188333 -4.5636582
-19.596493 10.622314 -4.7677922
-18.853704 14.135183 -4.8571239
-2.9093323 1.9816376 -3.6496551
-4.9088411 3.0034304 -3.7779636
-6.545125 4.4580903 -3.9132602
-8.5567684 5.2353821 -4.0366225
-10.133672 6.9023619 -4.2071295
-11.832673 7.2397151 -4.2476869
-12.909858 9.7494898 -4.4521265
-17.610783 10.775 -4.6865873
-15.041697 10.245372 -4.5657787
-19.548784 10.684917 -4.7678075
-18.791498 14.191288 -4.8558731
-2.8994088 1.9897287 -3.6478682
-4.8950491 3.0185242 -3.7769537
-6.5295248 4.4809074 -3.9136395
-8.5317135 5.2610674 -4.0354257
-10.106247 6.9354448 -4.2069221
-11.797175 7.2747092 -4.2463756
-12.87258 9.7920799 -4.452034
-17.562878 10.83012 -4.6861296
-15.009131 10.300065 -4.5672669
-19.500883 10.747304 -4.7678013
-18.732315 14.249538 -4.8551264
-2.8894637 1.9977759 -3.6460779
-4.8779397 3.0315263 -3.7745814
-6.5106173 4.5014424 -3.9129407
-8.5065842 5.2866445 -4.0342193
-10.088503 6.9751935 -4.2090883
-11.768333 7.313746 -4.2464828
-12.819352 9.8224211 -4.4486008
-17.524965 10.891359 -4.6873555
-14.966527 10.347861 -4.5668893
-19.452782 10.809495 -4.7677746
-18.634914 14.278411 -4.8480368
-2.888422 2.0119944 -3.6501515
-4.8640633 3.0464909 -3.7735603
-6.4948649 4.5241418 -3.9133058
-8.4813776 5.3121104 -4.0330033
-10.060838 7.0080996 -4.2088585
-11.752843 7.361115 -4.2494435
-12.788138 9.8695421 -4.4498081
-17.493605 10.956705 -4.6896996
-14.923774 10.395485 -4.566494
-19.390553 10.863675 -4.7655606
-18.613411 14.365331 -4.8535676
-2.8754466 2.0178988 -3.6463988
-4.8664298 3.0716739 -3.7793212
-6.482244 4.549037 -3.9147351
-8.4627848 5.341681 -4.0335798
-10.036314 7.0431728 -4.2094131
-11.740531 7.410583 -4.2531095
-12.756756 9.9165621 -4.4510016
-17.451881 11.015568 -4.690321
-14.903715 10.458963 -4.5704031
-19.352516 10.93129 -4.7671151
-18.534781 14.408154 -4.8495927
-2.8798697 2.0367982 -3.6543863
-4.8421388 3.0812192 -3.7742333
-6.4655261 4.5727668 -3.9151037
-8.4431486 5.3726654 -4.0341763
-10.01367 7.0822048 -4.2107792
-11.716643 7.4557028 -4.2546535
-12.710916 9.9558878 -4.449544
-17.404652 11.075177 -4.6904135
-14.855511 10.506614 -4.5693979
-19.319254 11.006104 -4.7698102
-18.450407 14.451372 -4.8451042
-2.8730996 2.0463371 -3.654532
-4.8448658 3.1055739 -3.7799695
-6.4471316 4.591907 -3.9143584
-8.431941 5.4049006 -4.0365114
-9.9901295 7.1153727 -4.2112851
-11.681809 7.4880762 -4.2532392
-12.65594 9.9807215 -4.4453578
-17.35775 11.126372 -4.6898022
-14.810847 10.548882 -4.5682955
-19.279186 11.068122 -4.7707081
-18.41806 14.524841 -4.8484282
-2.8629942 2.0542397 -3.6527257
-4.830761 3.1203761 -3.7789278
-6.4278789 4.6120958 -3.9136233
-8.4130249 5.4342995 -4.0370622
-9.9652338 7.1501989 -4.2118073
-11.64224 7.5201745 -4.251133
-12.633501 10.034744 -4.4485044
-17.312107 11.182563 -4.6897984
-14.777176 10.602838 -4.5696869
-19.209345 11.117351 -4.7673225
-18.389139 14.606426 -4.8528237
-2.8558061 2.0642211 -3.6528726
-4.8166108 3.1351182 -3.7778807
-6.4085608 4.6322074 -3.9128804
-8.3940039 5.4636326 -4.0376043
-9.9402142 7.1849408 -4.2123179
-11.615918 7.5607672 -4.251883
-12.582845 10.066341 -4.4456439
-17.266277 11.23857 -4.689775
-14.733614 10.649685 -4.5692086
-19.17042 11.184337 -4.7687969
-18.325567 14.660549 -4.851397
-2.8456523 2.0720434 -3.6510596
-4.7991962 3.1476877 -3.7754695
-6.3923516 4.6545496 -3.9132025
-8.3715754 5.4907331 -4.0372348
-9.8958254 7.2055812 -4.2080398
-11.576154 7.5925455 -4.2497497
-12.544529 10.107704 -4.4454322
-17.236952 11.30534 -4.6925802
-14.696348 10.701052 -4.5699496
-19.117498 11.243093 -4.7680802
-18.268063 14.719419 -4.8510036
-2.8351159 2.0803146 -3.64925
-4.7908401 3.1673808 -3.7771435
-6.3752489 4.6779475 -3.9135334
-8.364583 5.5300989 -4.0413957
-9.8693495 7.2418027 -4.2085519
-11.54493 7.6327305 -4.2497921
-12.507398 10.153615 -4.4458938
-17.1721 11.353036 -4.6897254
-14.647385 10.747767 -4.5688553
-19.09333 11.323268 -4.7723026
-18.22019 14.791309 -4.8527308
-2.8285668 2.0892105 -3.6493733
-4.7808661 3.1824152 -3.7774096
-6.357367 4.695621 -3.9127381
-8.3504591 5.5585384 -4.0427628
-9.8529348 7.2774858 -4.2105746
-11.517584 7.6667562 -4.2497149
-12.466187 10.185296 -4.4442778
-17.156281 11.420192 -4.6940975
-14.616756 10.796096 -4.5701108
-19.013113 11.356582 -4.7665119
-18.151989 14.830788 -4.8495936
-2.8270733 2.1034002 -3.6534216
-4.7697277 3.1990852 -3.7777002
-6.3440833 4.7201276 -3.9141123
-8.3211565 5.5810504 -4.0405612
-9.8242865 7.3094697 -4.2102447
-11.503962 7.7157774 -4.2532887
-12.43363 10.231282 -4.4453554
-17.10968 11.475567 -4.6940002
-14.594971 10.858956 -4.5738969
-18.973351 11.422886 -4.7679067
-18.093937 14.888988 -4.8491364
-2.8226149 2.1154296 -3.6555097
-4.7585316 3.2157149 -3.7779856
-6.318152 4.7351861 -3.9111874
-8.3048983 5.6122746 -4.0419626
-9.7891855 7.3365779 -4.2083097
-11.480254 7.7581129 -4.2546959
-12.385573 10.264456 -4.4430861
-17.039764 11.515112 -4.6898932
-14.560167 10.912226 -4.5751925
-18.947012 11.497328 -4.7714581
-18.054152 14.96225 -4.8518257
-21.534462 16.139162 -5.1413527
-2.8065336 2.1187172 -3.649766
-4.7409096 3.2279706 -3.7755473
-6.3047156 4.7595758 -3.9125478
-8.2852573 5.6412311 -4.0424523
-9.7666845 7.373096 -4.2095513
-11.430091 7.7824721 -4.2503414
-12.358843 10.315285 -4.4454679
-16.979673 11.561049 -4.6874752
-14.506079 10.950974 -4.5727592
-18.906763 11.563397 -4.7728152
-17.986486 15.012387 -4.8497415
-21.487558 16.221455 -5.1438403
-2.8048928 2.1328888 -3.6538055
-4.7232614 3.2401407 -3.7731028
-6.2911863 4.7839265 -3.9139009
-8.2687769 5.6723518 -4.0438366
-9.7503653 7.4143457 -4.2123766
-11.396298 7.817821 -4.2495666
-12.322762 10.358358 -4.4458351
-16.939219 11.620244 -4.6884599
-14.464595 10.999127 -4.5727839
-18.849298 11.618846 -4.77143
-17.961489 15.0982 -4.8550305
-21.456245 16.315699 -5.1488223
-2.7945521 2.1404626 -3.6519697
-4.7182598 3.2609887 -3.7760921
-6.2744484 4.8058586 -3.9141738
-8.2554283 5.7056751 -4.0461159
-9.7118235 7.4386854 -4.20961
-11.372211 7.8598161 -4.2509356
-12.280449 10.396163 -4.4448547
-16.914967 11.690648 -4.6922803
-14.419781 11.044704 -4.5721736
-18.774715 11.663508 -4.7672992
-17.890388 15.145327 -4.8523755
-21.329395 16.337063 -5.1386733
-2.7866881 2.1506908 -3.6520939
-4.7062755 3.27826 -3.7763698
-6.2567916 4.8288236 -3.9144528
-8.2312174 5.7336354 -4.0456982
-9.6813526 7.4718075 -4.2092443
-11.330274 7.8923516 -4.2487283
-12.251353 10.448858 -4.4472103
-16.872004 11.752565 -4.6932764
-14.360267 11.082868 -4.5690985
-18.714924 11.721649 -4.7659335
-17.81349 15.192658 -4.8491936
-21.250399 16.400486 -5.1365986
-2.7852657 2.1643689 -3.6561189
-4.6922255 3.2916367 -3.7752562
-6.2407441 4.8495455 -3.9146984
-8.2056875 5.7563605 -4.0443211
-9.6502552 7.4990015 -4.2080288
-11.300784 7.9275975 -4.2486024
-12.219658 10.492023 -4.448185
-16.803537 11.787827 -4.6890202
-14.31714 11.125535 -4.5684237
-18.669199 11.779385 -4.7660527
-17.747862 15.238639 -4.8469982
-21.255825 16.517435 -5.1470075
-2.7691295 2.1673748 -3.6503575
-4.6807065 3.3079956 -3.7755105
-6.2114234 4.8616304 -3.9106548
-8.1823158 5.7826877 -4.0438614
-9.6208954 7.5301962 -4.2076201
-11.276289 7.9692912 -4.2499347
-12.176934 10.529404 -4.4471607
-16.75577 11.841805 -4.6887889
-14.290774 11.185271 -4.5714788
-18.607758 11.831629 -4.7640343
-17.69154 15.297887 -4.8469195
-21.194893 16.589069 -5.1473603
-2.7615473 2.1770279 -3.6504662
-4.6691313 3.3243144 -3.7757597
-6.2005758 4.8881392 -3.9130466
-8.1459818 5.7997527 -4.0397744
-9.5976686 7.5661902 -4.2087965
-11.245163 8.0062981 -4.249815
-12.122087 10.556152 -4.4434533
-16.707832 11.895594 -4.6885381
-14.254776 11.237557 -4.5726604
-18.573067 11.90082 -4.7663593
-17.625988 15.349058 -4.8452339
-21.130587 16.658009 -5.1471853
-2.7539313 2.1866539 -3.6505718
-4.6574993 3.3405914 -3.7760038
-6.1834755 4.9097524 -3.9132838
-8.1224766 5.8258462 -4.0392952
-9.5805216 7.6070466 -4.2115574
-11.223612 8.0501356 -4.251843
-12.10313 10.614155 -4.4477358
-16.679178 11.963141 -4.6916981
-14.21234 11.284764 -4.5725856
-18.521353 11.959079 -4.7659354
-17.578308 15.415754 -4.8466983
-21.031643 16.699371 -5.1414375
-2.7434502 2.1939898 -3.6487162
-4.6489315 3.3590863 -3.7776039
-6.1724257 4.9362073 -3.9156623
-8.0988855 5.8518515 -4.0388074
-9.5446119 7.6330099 -4.2095194
-11.182547 8.0799513 -4.2495384
-12.057047 10.648432 -4.4460001
-16.630846 12.016621 -4.6914105
-14.172861 11.334309 -4.5731149
-18.482838 12.02584 -4.7676759
-17.52738 15.47967 -4.8476133
-20.926424 16.735264 -5.134654
-2.7329514 2.2012789 -3.646857
-4.6371775 3.3752935 -3.777838
-6.1459928 4.9503422 -3.9126627
-8.0848007 5.8847384 -4.0410252
-9.5240898 7.6712589 -4.2114615
-11.151059 8.1165972 -4.2493811
-12.025758 10.695748 -4.4475861
-16.579119 12.067555 -4.6905322
-14.136314 11.386214 -4.5742474
-18.434071 12.085907 -4.7677579
-17.470255 15.538103 -4.8474493
-20.818104 16.768118 -5.1273389
-2.7228205 2.2080462 -3.6449897
-4.6259589 3.3906524 -3.7780554
-6.1356359 4.9756374 -3.9150167
-8.0556784 5.9045067 -4.0386891
-9.4924335 7.6978011 -4.2101822
-11.117666 8.1488276 -4.2484632
-11.97242 10.719629 -4.4438071
-16.535791 12.120109 -4.6907377
-14.089188 11.425496 -4.5728588
-18.39056 12.14477 -4.7683091
-17.442432 15.617261 -4.8520079
-20.7841 16.854675 -5.131566
-2.7207127 2.2221231 -3.6489997
-4.6078982 3.4022026 -3.7755568
-6.1182318 4.9970226 -3.915226
-8.0350199 5.9325886 -4.0390792
-9.4716539 7.7359071 -4.2121029
-11.082757 8.1828594 -4.2475605
-11.92014 10.748017 -4.4406924
-16.480547 12.168272 -4.6892495
-14.043048 11.469561 -4.5720987
-18.34141 12.204463 -4.7683516
-17.361122 15.65398 -4.8475714
-20.734426 16.934698 -5.1337891
-2.7129397 2.2316067 -3.6490896
-4.6021757 3.4228637 -3.7784984
-6.1037807 5.0208411 -3.9165027
-8.0110893 5.95824 -4.0385547
-9.4231415 7.7512774 -4.2068257
-11.070081 8.2333622 -4.2516899
-11.885499 10.792239 -4.4415679
-16.41876 12.211437 -4.6865969
-14.006005 11.521044 -4.5731831
-18.31859 12.281752 -4.7727489
-17.270899 15.682276 -4.841526
-20.678274 17.009512 -5.1349792
-2.7135084 2.2480013 -3.6550524
-4.5901999 3.4389079 -3.7787123
-6.0831971 5.0396147 -3.9156232
-7.9934077 5.9885387 -4.0398326
-9.392972 7.7815919 -4.2063284
-11.038093 8.2695704 -4.2514834
-11.853632 10.839036 -4.4430962
-16.376036 12.268676 -4.6873593
-13.953422 11.559689 -4.5711484
-18.249146 12.327744 -4.7694697
-17.227839 15.753245 -4.8439231
-20.615696 17.079039 -5.1351347
-2.7056439 2.2574604 -3.6551363
-4.5781665 3.454911 -3.7789209
-6.0565314 5.0532813 -3.9125865
-7.9598317 6.0068831 -4.0365725
-9.3809834 7.827045 -4.2106123
-11.012329 8.3104486 -4.2527061
-11.786425 10.853373 -4.4365997
-16.320364 12.316154 -4.6858125
-13.909921 11.605775 -4.5709591
-18.179596 12.373407 -4.7661681
-17.163927 15.805176 -4.8425961
-20.540611 17.138107 -5.1332464
-2.6921971 2.2622261 -3.651299
-4.5660796 3.4708695 -3.7791243
-6.0358534 5.071867 -3.9116919
-7.9388165 6.0346293 -4.0369263
-9.344492 7.8520827 -4.2084951
-10.973757 8.3416157 -4.2510319
-11.748469 10.894446 -4.4367638
-16.274099 12.370628 -4.6859651
-13.851014 11.638867 -4.5676498
-18.142883 12.441302 -4.7683182
-17.08816 15.845984 -4.8391309
-20.450087 17.184002 -5.1288075
-2.6925857 2.2786353 -3.6572533
-4.5508776 3.4844456 -3.7779605
-6.0241008 5.0979724 -3.9140153
-7.9208417 6.0647078 -4.038177
-9.320055 7.8872166 -4.2095623
-10.94773 8.3822889 -4.2522302
-11.7191 10.943543 -4.4389157
-16.208641 12.410381 -4.6826611
-13.801172 11.67942 -4.5661855
-18.056648 12.47506 -4.7622347
-17.041498 15.913712 -4.8409352
-20.359486 17.229475 -5.1243424
-2.6818569 2.2856684 -3.6553686
-4.5356374 3.4979568 -3.7767913
-6.000299 5.1138802 -3.9120314
-7.8964949 6.0899043 -4.0376067
-9.292469 7.9197001 -4.2098198
-10.924704 8.4253073 -4.2541375
-11.689537 10.992568 -4.4410539
-16.155745 12.459571 -4.6816292
-13.757289 11.724936 -4.5659456
-18.016272 12.540291 -4.7637968
-16.985849 15.973097 -4.8411317
-20.287062 17.290071 -5.1228838
-2.6711111 2.292655 -3.6534805
-4.5264416 3.5161307 -3.7783415
-5.9913402 5.142458 -3.9154158
-7.868947 6.1125822 -4.0361214
-9.261755 7.9495044 -4.2092671
-10.895226 8.4633904 -4.2545896
-11.66266 11.044259 -4.4438448
-16.074341 12.486516 -4.6754189
-13.70115 11.759904 -4.5632057
-17.952778 12.589352 -4.7615032
-16.91259 16.015818 -4.8381314
-20.24477 17.376392 -5.1264534
-2.6630914 2.3019657 -3.6535485
-4.5202069 3.536658 -3.7812493
-5.9822545 5.1710372 -3.9187937
-7.8382215 6.1327081 -4.0337195
-9.2249422 7.9740038 -4.2071047
-10.868749 8.5038242 -4.2557516
-11.632683 11.093152 -4.4459543
-16.024368 12.537637 -4.6749215
-13.650965 11.79984 -4.5616908
-17.925022 12.663463 -4.7652183
-16.839239 16.058224 -4.8351102
-20.183989 17.44696 -5.1269679
-2.6523054 2.3088672 -3.6516538
-4.507834 3.5524147 -3.7814271
-5.9671264 5.1944633 -3.9200144
-7.8291836 6.1698165 -4.0376544
-9.1880732 7.9983401 -4.2049308
-10.842121 8.5441732 -4.2569008
-11.58527 11.125413 -4.4440427
-15.986773 12.598434 -4.6766987
-13.594657 11.834331 -4.558917
-17.861195 12.712068 -4.7628832
-16.771563 16.105844 -4.8331261
-20.101873 17.498949 -5.123919
-2.6442304 2.3181107 -3.6517153
-4.4803214 3.556154 -3.774786
-5.9401107 5.2075024 -3.9169264
-7.8106961 6.199564 -4.0388608
-9.1541319 8.0251303 -4.2035446
-10.809117 8.5794926 -4.2565942
-11.5206 11.140866 -4.4381104
-15.923949 12.639275 -4.6738691
-13.568257 11.894851 -4.5623374
-17.810226 12.769683 -4.7627211
-16.735336 16.183718 -4.8369422
-19.989609 17.52424 -5.1157899
-2.6388402 2.3297262 -3.6537328
-4.4648724 3.5693662 -3.7735903
-5.9160161 5.2230134 -3.9149063
-7.7890081 6.22679 -4.0391517
-9.1349869 8.0649137 -4.2061448
-10.785316 8.6221371 -4.2584414
-11.46452 11.164341 -4.4341664
-15.873499 12.689798 -4.673315
-13.544585 11.957972 -4.5663629
-17.772013 12.836448 -4.7647333
-16.704491 16.267109 -4.8417969
-19.892382 17.562185 -5.1101623
-2.6334009 2.3413322 -3.6557474
-4.4643865 3.5945933 -3.7792037
-5.9006786 5.2462387 -3.9161053
-7.7641463 6.2514634 -4.038527
-9.1216059 8.1099348 -4.2103329
-10.761349 8.6647224 -4.2602763
-11.419794 11.198716 -4.432879
-15.819781 12.737625 -4.6721683
-13.464027 11.970741 -4.5585694
-17.707731 12.884315 -4.7623353
-16.630499 16.308546 -4.8386908
-19.813044 17.615593 -5.1075435
-2.625212 2.3505104 -3.6557994
-4.4458284 3.6053028 -3.7766347
-5.8764863 5.2615719 -3.9140708
-7.7392082 6.2760382 -4.0378933
-9.0814161 8.1311388 -4.2073145
-10.715592 8.6897087 -4.2570429
-11.386301 11.244105 -4.4342475
-15.756627 12.777688 -4.6692805
-13.425129 12.020327 -4.5594568
-17.633675 12.924811 -4.7582693
-16.579155 16.372108 -4.839798
-19.718699 17.655336 -5.1023712
-2.6151216 2.3563197 -3.6538839
-4.4374647 3.6216879 -3.7781346
-5.868669 5.2878842 -3.9173963
-7.716392 6.297822 -4.0372238
-9.0646706 8.1675978 -4.209866
-10.700565 8.7333899 -4.2602625
-11.35092 11.279823 -4.4342651
-15.728774 12.83722 -4.6720619
-13.384338 12.059776 -4.5590611
-17.586557 12.975407 -4.7579408
-16.504976 16.401596 -4.8355889
-19.639395 17.695808 -5.0986557
-2.6015112 2.3605609 -3.6500106
-4.4218202 3.6347082 -3.7769182
-5.8443666 5.3030648 -3.9153478
-7.6882544 6.3196964 -4.035665
-9.0478611 8.2098532 -4.2132235
-10.670015 8.7706852 -4.2606168
-11.300218 11.308106 -4.4316001
-15.677704 12.886973 -4.6714344
-13.351021 12.114457 -4.5611601
-17.528345 13.027188 -4.7565794
-16.47303 16.484529 -4.8403611
-19.544968 17.734724 -5.0934358
-2.5928414 2.3700807 -3.6500552
-4.4114342 3.6533482 -3.7784305
-5.8190989 5.3191581 -3.9132967
-7.6589499 6.3427925 -4.0341086
-9.026494 8.2509937 -4.2157779
-10.646984 8.8173456 -4.2631435
-11.269911 11.360759 -4.4342613
-15.61807 12.934172 -4.6696649
-13.291813 12.149863 -4.5582819
-17.461304 13.076992 -4.7541385
-16.432182 16.564644 -4.8440528
-19.476883 17.803551 -5.0932655
-2.5822999 2.3762112 -3.648133
-4.4022532 3.670424 -3.7799234
-5.7985415 5.3357706 -3.9123051
-7.6378741 6.368156 -4.0343342
-8.9990826 8.2808819 -4.2159081
-10.620741 8.8551512 -4.2641797
-11.226586 11.392396 -4.4329038
-15.568963 12.980783 -4.6689758
-13.233848 12.177677 -4.5547447
-17.417843 13.134824 -4.7548938
-16.368752 16.610508 -4.842432
-19.391279 17.843697 -5.0889926
-2.5793083 2.3901381 -3.6520886
-4.3864655 3.6832907 -3.7786918
-5.7712512 5.3479795 -3.9091589
-7.6095476 6.3896947 -4.0327477
-8.9613924 8.3041515 -4.213635
-10.57454 8.8793821 -4.2608833
-11.178395 11.422973 -4.4308624
-15.517447 13.029914 -4.668292
-13.191261 12.223796 -4.5549302
-17.368713 13.193126 -4.7551198
-16.302296 16.658981 -4.8407893
-19.32888 17.911272 -5.0892644
-2.5705307 2.3995757 -3.6521232
-4.3729358 3.6993432 -3.7788243
-5.7630801 5.3798022 -3.9135399
-7.5800405 6.412436 -4.0311623
-8.9192934 8.3261089 -4.210556
-10.529778 8.9078064 -4.2583113
-11.130902 11.458155 -4.429472
-15.463492 13.081547 -4.6676121
-13.140543 12.266622 -4.5538645
-17.313902 13.251846 -4.7548137
-16.207739 16.684252 -4.8343573
-19.233904 17.954739 -5.0844641
-2.5594976 2.4060507 -3.6501932
-4.36586 3.7195811 -3.7816727
-5.7385502 5.3945131 -3.9114549
-7.5546021 6.4362931 -4.0304642
-8.8959579 8.362628 -4.2122593
-10.501647 8.9470863 -4.2593255
-11.074247 11.479739 -4.4253983
-15.426847 13.143209 -4.669764
-13.091834 12.306954 -4.5527735
-17.251732 13.300015 -4.7527986
-16.182671 16.775211 -4.840611
-19.150738 18.002615 -5.0811443
-2.5541382 2.4170167 -3.6521783
-4.3622737 3.7415612 -3.7858741
-5.717782 5.4108171 -3.9104359
-7.5242186 6.4535894 -4.0279317
-8.8681784 8.3920813 -4.212347
-10.47796 8.9870396 -4.2610369
-11.041632 11.522149 -4.4266567
-15.355922 13.170911 -4.6649814
-13.030681 12.331116 -4.5485511
-17.198074 13.349806 -4.7518282
-16.118666 16.820131 -4.8389101
-19.128654 18.101713 -5.087913
-2.5426376 2.423861 -3.6502433
-4.342701 3.7524881 -3.7832634
-5.7007494 5.4344449 -3.911567
-7.5005126 6.4811249 -4.0281329
-8.828742 8.416317 -4.2100329
-10.447956 9.0279837 -4.2620401
-11.002069 11.565431 -4.4272242
-15.31056 13.229715 -4.6659665
-12.982509 12.376045 -4.5480552
-17.155313 13.41767 -4.7536588
-16.037638 16.858845 -4.8350587
-19.018806 18.130363 -5.0805058
-2.5393925 2.4377422 -3.6541831
-4.3208594 3.7600377 -3.7792773
-5.681746 5.4543095 -3.9116123
-7.4808269 6.50986 -4.0292234
-8.7907238 8.4388371 -4.2077036
-10.410382 9.0591764 -4.260848
-10.972573 11.615341 -4.4297838
-15.270312 13.288316 -4.6674891
-12.947861 12.429566 -4.5500236
-17.120918 13.487349 -4.7565365
-15.934822 16.868277 -4.8264303
-18.926592 18.168974 -5.0755954
-2.523474 2.4385922 -3.64832
-4.311264 3.7768841 -3.7807367
-5.6664481 5.4758468 -3.9127245
-7.4591975 6.5346322 -4.0293884
-8.7655449 8.4707003 -4.2085595
-10.371308 9.0857878 -4.2589083
-10.917643 11.63424 -4.4256597
-15.232162 13.34414 -4.6689758
-12.892238 12.458584 -4.546998
-17.038568 13.514284 -4.7505546
-15.933447 16.979265 -4.8368416
-18.863365 18.228861 -5.0752106
-2.514946 2.4473863 -3.6483338
-4.2865 3.7817168 -3.7753761
-5.633244 5.4819164 -3.9073763
-7.4393063 6.5632448 -4.0304618
-8.7387667 8.504014 -4.2094083
-10.33953 9.1219349 -4.2591376
-10.86882 11.663539 -4.4235182
-15.18549 13.397228 -4.669313
-12.85724 12.511852 -4.5489345
-16.953865 13.543781 -4.7445831
-15.841413 16.999723 -4.8302894
-18.773851 18.269524 -5.0707588
-2.5089772 2.4586873 -3.6503046
-4.2646341 3.7889814 -3.7713737
-5.6084719 5.4960556 -3.9052484
-7.4104414 6.5839229 -4.0288019
-8.7090292 8.5344658 -4.209446
-10.31357 9.1632538 -4.2608018
-10.814515 11.68679 -4.4200273
-15.1267 13.439554 -4.6673317
-12.8021 12.545495 -4.5465031
-16.925146 13.617893 -4.7485037
-15.817235 17.093018 -4.8369451
-18.68429 18.309784 -5.0662842
-2.5025282 2.4704134 -3.6522722
-4.2535887 3.8071558 -3.7728267
-5.596663 5.5248413 -3.908494
-7.3803692 6.6057673 -4.0271397
-8.6692181 8.5579662 -4.2070732
-10.285843 9.2062988 -4.2624636
-10.774302 11.729281 -4.4205189
-15.071393 13.489584 -4.6664963
-12.744681 12.581129 -4.5440564
-16.893724 13.694919 -4.7524352
-15.746374 17.142054 -4.8351007
-18.605682 18.366917 -5.0643182
-2.4921837 2.4757078 -3.6503165
-4.2444696 3.8230765 -3.7742624
-5.5820627 5.5451598 -3.909579
-7.3566451 6.6262732 -4.0263557
-8.642292 8.5851574 -4.2070875
-10.245052 9.2279177 -4.2597423
-10.737402 11.76307 -4.4203553
-15.023014 13.531521 -4.6655998
-12.702269 12.618294 -4.5434551
-16.856808 13.752968 -4.7540574
-15.689754 17.188484 -4.8343325
-18.553562 18.430904 -5.0653605
-2.4784 2.4792652 -3.6463981
-4.2310977 3.8378706 -3.7743371
-5.5654445 5.5673876 -3.9106584
-7.3276134 6.6466041 -4.0246687
-8.6122684 8.6152754 -4.2070923
-10.206884 9.2582827 -4.2584753
-10.693598 11.797532 -4.4194927
-14.960908 13.570479 -4.6629882
-12.652505 12.656922 -4.5422192
-16.796358 13.801592 -4.7524128
-15.632336 17.246113 -4.8345761
-18.514524 18.520988 -5.0699272
-2.4722846 2.4904742 -3.6483562
-4.2205191 3.8552148 -3.7757711
-5.5432124 5.5839963 -3.9095783
-7.3102036 6.6774731 -4.0266056
-8.570961 8.6340208 -4.2038865
-10.186249 9.3045835 -4.261538
-10.647023 11.828868 -4.4179482
-14.869252 13.582253 -4.6546049
-12.608246 12.701011 -4.5422101
-16.766529 13.875409 -4.7562594
-15.574712 17.303543 -4.8347983
-18.427246 18.562824 -5.0658641
-2.4652476 2.5025311 -3.6503105
-4.2028508 3.8687828 -3.7744772
-5.5244837 5.6080341 -3.9106419
-7.2845101 6.705493 -4.0267277
-8.5405302 8.6696939 -4.2046671
-10.141669 9.3355474 -4.2595372
-10.620097 11.890456 -4.4223723
-14.793503 13.617626 -4.6502509
-12.559384 12.749329 -4.5421815
-16.703932 13.932015 -4.755177
-15.510817 17.366196 -4.8349657
-18.324997 18.602139 -5.0602541
-2.4573741 2.5102632 -3.6503031
-4.1906767 3.8819664 -3.7745302
-5.5013514 5.6197548 -3.9084733
-7.2605104 6.7256575 -4.0259113
-8.5077019 8.6908092 -4.2030411
-10.106458 9.3619547 -4.2582178
-10.580049 11.920779 -4.4214892
-14.768217 13.680302 -4.6538901
-12.483017 12.751683 -4.534061
-16.638681 13.966455 -4.7517672
-15.453536 17.411848 -4.8341222
-18.255295 18.648197 -5.0581741
-2.4451914 2.5170798 -3.6483307
-4.1701088 3.892772 -3.7718606
-5.479733 5.6408367 -3.9084449
-7.2375212 6.7561831 -4.0269222
-8.4632092 8.7120275 -4.1997976
-10.067529 9.3979778 -4.2576365
-10.534197 11.961316 -4.4212103
-14.70683 13.728738 -4.6523724
-12.428406 12.7938 -4.5327535
-16.572741 14.019926 -4.7500882
-15.386564 17.471058 -4.833714
-18.205824 18.741074 -5.06213
-2.4363902 2.5256004 -3.6483159
-4.1536884 3.9046667 -3.7705445
-5.4627323 5.6627541 -3.9094877
-7.2052541 6.7732849 -4.0242805
-8.4382572 8.7472296 -4.2013464
-10.034661 9.4330635 -4.2577529
-10.497622 12.00401 -4.4222751
-14.661724 13.782724 -4.6531181
-12.3726 12.825631 -4.5301919
-16.514587 14.069926 -4.7488923
-15.320227 17.518648 -4.8322635
-18.140293 18.804512 -5.0620203
-2.4300663 2.5367076 -3.6502576
-4.1400323 3.9191427 -3.7705874
-5.440217 5.6789565 -3.9083717
-7.1786957 6.7956791 -4.023447
-8.4049234 8.7737665 -4.2004843
-9.9987822 9.4653015 -4.2571335
-10.442597 12.025547 -4.4186563
-14.601929 13.822848 -4.6509681
-12.336023 12.877379 -4.5319653
-16.486574 14.145687 -4.7531924
-15.258977 17.572021 -4.8318496
-18.080065 18.873493 -5.0628986
-2.4220855 2.5443292 -3.6502388
-4.1249113 3.9294729 -3.7692575
-5.4115329 5.6846552 -3.9040258
-7.1515875 6.8127451 -4.0216894
-8.3663769 8.7886314 -4.1972194
-9.9603586 9.4884367 -4.2550449
-10.402166 12.055278 -4.4177222
-14.552653 13.863149 -4.6499386
-12.295509 12.916069 -4.5318694
-16.436012 14.19219 -4.7524676
-15.177613 17.589638 -4.8261743
-17.993143 18.901264 -5.0576968
-2.4102538 2.5505548 -3.6482537
-4.1243777 3.9579 -3.7761149
-5.4014368 5.7158546 -3.9082727
-7.1237183 6.836174 -4.0208411
-8.3286581 8.8134699 -4.1955328
-9.9197779 9.5193729 -4.2536812
-10.352732 12.087275 -4.4160624
-14.498868 13.913631 -4.6494856
-12.248087 12.961048 -4.5317411
-16.365814 14.236618 -4.7495785
-15.092262 17.620888 -4.8214707
-17.923746 18.967087 -5.0575089
-2.4042645 2.5611758 -3.6501875
-4.1112304 3.971555 -3.7761416
-5.3797698 5.7308745 -3.9071391
-7.1010098 6.8597589 -4.0208874
-8.2803774 8.8207874 -4.1898446
-9.8881569 9.5522146 -4.2537456
-10.310012 12.118502 -4.4150867
-14.446911 13.956089 -4.6484284
-12.196857 12.992871 -4.5297451
-16.306503 14.280287 -4.7477326
-15.025985 17.661709 -4.8194351
-17.841616 19.006029 -5.0537739
-2.395309 2.5695534 -3.6501572
-4.0945802 3.9831958 -3.7748001
-5.3597317 5.7496195 -3.9070711
-7.0741878 6.8817492 -4.0200186
-8.2522411 8.852541 -4.1905394
-9.8576021 9.5894461 -4.2545247
-10.257365 12.142249 -4.4120808
-14.389524 13.998086 -4.6467829
-12.148709 13.032454 -4.5289693
-16.247572 14.329202 -4.746439
-14.948779 17.695753 -4.8157716
-17.769712 19.062351 -5.0525365
-2.3838623 2.5752385 -3.648164
-4.0751481 3.9920738 -3.7720888
-5.3289704 5.7567797 -3.9026926
-7.0444756 6.9008698 -4.0182319
-8.2158976 8.8754692 -4.1888242
-9.8183851 9.6182318 -4.2531195
-10.20468 12.165776 -4.4090614
-14.337722 14.04544 -4.6462698
-12.100434 13.071856 -4.5281777
-16.209393 14.396433 -4.7489891
-14.917712 17.78454 -4.8215957
-17.722057 19.144783 -5.0558295
-2.3719547 2.5812883 -3.6461656
-4.0632319 4.0096879 -3.7734666
-5.3051815 5.7733831 -3.9015307
-7.0106974 6.9183125 -4.0155287
-8.172574 8.8938332 -4.1854925
-9.7774076 9.6485643 -4.2517037
-10.177862 12.224519 -4.4133415
-14.277631 14.089484 -4.6445894
-12.049745 13.113178 -4.52736
-16.150572 14.450421 -4.7482233
-14.867763 17.857508 -4.8242006
-17.613934 19.168427 -5.0484591
-2.3638339 2.5887277 -3.6461298
-4.0478811 4.0197191 -3.7721086
-5.2949529 5.7987113 -3.9046776
-6.9777093 6.9291635 -4.0119057
-8.1365662 8.9106741 -4.18297
-9.7414036 9.6736298 -4.2502718
-10.136868 12.253365 -4.4123316
-14.230463 14.131458 -4.6440377
-12.005802 13.148026 -4.5265565
-16.093227 14.490404 -4.7462878
-14.803951 17.894897 -4.8221145
-17.56171 19.232521 -5.0497112
-2.3547828 2.5969632 -3.6460869
-4.0365491 4.0365481 -3.7734759
-5.2773128 5.8200641 -3.9056571
-6.9450951 6.9450932 -4.0091844
-8.0974159 8.9302034 -4.1804237
-9.7047644 9.7047615 -4.2495542
-10.081393 12.273287 -4.4086041
-14.178226 14.178223 -4.6434708
-11.954476 13.183949 -4.5250959
-16.012978 14.519679 -4.7410507
-14.726187 17.92795 -4.8183694
-17.534714 19.338093 -5.0569806
-2.3476744 2.6082714 -3.6479983
-4.0162997 4.0458484 -3.7707438
-5.2611947 5.8451991 -3.9077001
-6.9112396 6.9620872 -4.0064535
-8.0672855 8.9627714 -4.1810565
-9.652318 9.7233324 -4.2452035
-10.043891 12.319415 -4.4101729
-14.112111 14.215937 -4.6405835
-11.892739 13.212859 -4.5217438
-15.959654 14.578273 -4.7413278
-14.650285 17.969423 -4.81563
-17.445013 19.381449 -5.0530796
-2.3405139 2.6195614 -3.6499057
-3.9906292 4.0495672 -3.7652771
-5.2397356 5.8644423 -3.9075835
-6.8773532 6.9789257 -4.0037127
-8.0290937 8.9863615 -4.1792793
-9.6194067 9.7614765 -4.2459068
-9.9936619 12.349954 -4.4083943
-14.05711 14.26472 -4.6399775
-11.841576 13.253386 -4.5208592
-15.93255 14.660995 -4.7465529
-14.576793 18.013687 -4.813396
-17.363213 19.43334 -5.0506701
-2.3298659 2.624191 -3.6478989
-3.9886675 4.0730925 -3.7707233
-5.2134733 5.872076 -3.9042511
-6.8526292 6.9976735 -4.0027838
-8.0034561 9.0145092 -4.1799164
-9.5803452 9.7831249 -4.2437067
-9.9448299 12.368874 -4.4053354
-14.009436 14.305963 -4.6393604
-11.789291 13.278598 -4.5181346
-15.886411 14.710978 -4.7467551
-14.507615 18.043833 -4.8101821
-17.310032 19.496758 -5.0518365
-2.3230889 2.6350269 -3.6498027
-3.9717402 4.0842295 -3.7693408
-5.1981316 5.8961229 -3.9062777
-6.8171387 7.0102162 -3.9991183
-7.9771891 9.0483446 -4.181324
-9.5184107 9.7879953 -4.236424
-9.8966255 12.397287 -4.4035521
-13.976103 14.371941 -4.6427503
-11.748142 13.325651 -4.5190959
-15.826206 14.758175 -4.7453036
-14.432085 18.07876 -4.8068857
-17.247152 19.563053 -5.0524344
-2.3158033 2.6462514 -3.6517003
-3.9674451 4.1098433 -3.7747743
-5.1764879 5.9151349 -3.9061394
-6.7968893 7.0408411 -4.0008931
-7.9387474 9.0715485 -4.179513
-9.4962845 9.837121 -4.2399845
-9.8511219 12.433475 -4.4030623
-13.898394 14.397229 -4.6374841
-11.707101 13.377618 -4.5206466
-15.742916 14.788748 -4.739975
-14.373168 18.140921 -4.807754
-17.177969 19.629139 -5.0524812
-2.3017957 2.6488469 -3.6477196
-3.9477432 4.1181073 -3.7720168
-5.1558075 5.9331694 -3.9060004
-6.7667999 7.0588202 -3.999027
-7.9018259 9.0932159 -4.1777015
-9.4591351 9.867342 -4.239192
-9.7904215 12.445877 -4.3979216
-13.878425 14.477346 -4.6437144
-11.6551 13.412387 -4.5190897
-15.667996 14.821671 -4.7357216
-14.304815 18.184711 -4.8059978
-17.130302 19.713106 -5.0560637
-2.2953682 2.659209 -3.6496167
-3.9287536 4.1255965 -3.7692556
-5.1386671 5.9532018 -3.9069366
-6.7379045 7.0754948 -3.997155
-7.8768144 9.1253748 -4.1790872
-9.426363 9.898653 -4.2391152
-9.7417421 12.468857 -4.3954558
-13.827591 14.520396 -4.6430264
-11.61056 13.45096 -4.5187764
-15.621653 14.876294 -4.7364125
-14.241979 18.228895 -4.8047853
-17.101381 19.812136 -5.0626788
-2.2860713 2.6672056 -3.6495483
-3.9196203 4.1448832 -3.771946
-5.1076441 5.9591913 -3.9024832
-6.7023005 7.0874858 -3.9934545
-7.8397465 9.1467905 -4.1772542
-9.3917494 9.9314995 -4.2390227
-9.6932735 12.496495 -4.3936176
-13.757626 14.548284 -4.6388617
-11.545373 13.470221 -4.5140848
-15.555221 14.916923 -4.733777
-14.188047 18.291124 -4.8061514
-17.032116 19.871714 -5.0621696
-2.2743979 2.6724083 -3.6475179
-3.8945823 4.1473083 -3.7664444
-5.0893545 5.9799705 -3.9033985
-6.6775217 7.1108375 -3.9933796
-7.8077722 9.1740999 -4.1770091
-9.357028 9.964221 -4.2389174
-9.6495962 12.530254 -4.3930964
-13.695836 14.584582 -4.6364064
-11.493118 13.504367 -4.5124822
-15.523159 14.990538 -4.7377515
-14.128989 18.346865 -4.8064423
-16.952293 19.918875 -5.0596156
-2.2692676 2.6862643 -3.6513574
-3.8846097 4.1671882 -3.7691216
-5.0699353 6.0015783 -3.9042981
-6.656806 7.1410427 -3.9951079
-7.7740979 9.2026539 -4.1767402
-9.3068876 9.9839001 -4.2351747
-9.598772 12.559205 -4.3912034
-13.674943 14.669701 -4.6431293
-11.446122 13.549442 -4.5127068
-15.419474 15.00001 -4.7284517
-14.068929 18.408039 -4.8071985
-16.886913 19.990025 -5.0605469
-2.2552166 2.6886151 -3.6473615
-3.8726549 4.1835504 -3.7704315
-5.0464325 6.0162358 -3.9030488
-6.6103568 7.1410346 -3.9877472
-7.7419243 9.2297363 -4.1764727
-9.2584696 10.001737 -4.2314258
-9.5765362 12.621192 -4.3966384
-13.62636 14.720281 -4.6435137
-11.401313 13.592372 -4.5129333
-15.367017 15.053747 -4.728519
-13.9901 18.437954 -4.8032327
-16.819593 20.051916 -5.0604711
-2.2481377 2.6992564 -3.6492393
-3.8580277 4.1970429 -3.7703719
-5.0254011 6.0338149 -3.9028673
-6.5880637 7.166975 -3.9885538
-7.6969619 9.2414598 -4.1722007
-9.2181177 10.028139 -4.229836
-9.5324211 12.654544 -4.3960724
-13.56949 14.761879 -4.6421528
-11.356348 13.635151 -4.513144
-15.305848 15.098887 -4.7269092
-13.918445 18.477108 -4.800827
-16.746939 20.107435 -5.059361
-2.2368636 2.7039034 -3.6472006
-3.8492832 4.2155032 -3.7730391
-5.0028648 6.0474243 -3.9016137
-6.5669265 7.1917028 -3.9893575
-7.6662736 9.2669325 -4.1719265
-9.1821299 10.055716 -4.2289653
-9.5047188 12.705219 -4.3995104
-13.504317 14.789116 -4.638485
-11.308529 13.669663 -4.5121193
-15.261361 15.155187 -4.7280416
-13.861879 18.529556 -4.8010755
-16.675076 20.156702 -5.057755
-2.2274115 2.7116954 -3.6471133
-3.8319573 4.2260604 -3.771605
-4.9891934 6.0739441 -3.9046423
-6.5364723 7.208725 -3.9874218
-7.6288419 9.2875051 -4.1700301
-9.1496439 10.090652 -4.2295227
-9.4436884 12.715939 -4.3942642
-13.452612 14.836164 -4.6382403
-11.250622 13.696732 -4.5091968
-15.23659 15.236592 -4.7335758
-13.804255 18.587448 -4.8017874
-16.607149 20.217875 -5.0576096
-2.2202241 2.7222629 -3.6489813
-3.817183 4.2394099 -3.7715302
-4.9704413 6.0943608 -3.9055142
-6.5059814 7.2256222 -3.9854774
-7.5938706 9.3110018 -4.1689224
-9.1170292 10.125484 -4.2300673
-9.3897934 12.736001 -4.3909993
-13.371377 14.850414 -4.6316509
-11.197706 13.72974 -4.5074997
-15.163627 15.269854 -4.7296987
-13.734555 18.629091 -4.7998476
-16.528906 20.266432 -5.0554214
-2.2084272 2.7271783 -3.6469293
-3.7972276 4.2469649 -3.7687218
-4.9516072 6.1147208 -3.9063787
-6.4649143 7.2306085 -3.979892
-7.5563302 9.3312836 -4.1670051
-9.0763283 10.151315 -4.2284293
-9.3335199 12.752629 -4.3870568
-13.32212 14.89997 -4.6319456
-11.142187 13.759445 -4.5051665
-15.121447 15.334059 -4.7318797
-13.671805 18.680141 -4.7994652
-16.445494 20.308479 -5.0522008
-2.1988935 2.7348714 -3.6468325
-3.7747068 4.2515535 -3.7645447
-4.9376044 6.14114 -3.9093847
-6.4291382 7.2413101 -3.9761145
-7.5162511 9.3483286 -4.1642795
-9.043478 10.185911 -4.2289495
-9.2842636 12.778688 -4.3850942
-13.270026 14.946385 -4.6316471
-11.11657 13.826221 -4.5102587
-15.042688 15.361084 -4.7268581
-13.613554 18.737444 -4.8001132
-16.377005 20.368879 -5.0519853
-2.1915946 2.745364 -3.6486907
-3.7598419 4.2647047 -3.7644546
-4.9087949 6.1491432 -3.9059379
-6.4064341 7.2666755 -3.9768693
-7.4687171 9.3559036 -4.1591492
-9.0104942 10.220403 -4.2294569
-9.2349396 12.804563 -4.3831182
-13.167631 14.93575 -4.6204057
-11.058287 13.852481 -4.5072737
-15.008452 15.433535 -4.7306576
-13.545726 18.781616 -4.7986374
-16.305798 20.425926 -5.0512409
-2.1824791 2.7526159 -3.6485929
-3.7558308 4.2887402 -3.76982
-4.8883777 6.1653862 -3.9057186
-6.3875108 7.2938247 -3.9785316
-7.4277916 9.3681803 -4.1556234
-8.9765549 10.250225 -4.2292404
-9.1901102 12.831877 -4.3818259
-10.99 13.860957 -4.5012016
-14.954421 15.480347 -4.7300224
-13.481046 18.823183 -4.7971902
-16.210678 20.445452 -5.0449657
-2.1728566 2.7602181 -3.6484866
-3.7433634 4.3047314 -3.7710836
-4.8643985 6.1793318 -3.904407
-6.364603 7.3190613 -3.9792688
-7.3827701 9.3784637 -4.1512723
-8.9459362 10.287499 -4.2304473
-9.1637192 12.889849 -4.3864598
-13.063042 15.022022 -4.619164
-10.948943 13.908637 -4.5025258
-14.894762 15.526696 -4.7288113
-13.40137 18.850603 -4.7930489
-16.131792 20.492502 -5.0426645
-2.1604939 2.7653062 -3.646414
-3.7275617 4.3184214 -3.7709727
-4.846549 6.2033005 -3.9062974
-6.3429008 7.348321 -3.9808958
-7.3630066 9.4242201 -4.1556687
-8.9055738 10.317206 -4.2294588
-9.1278973 12.939618 -4.3890519
-13.01572 15.078856 -4.620501
-10.892985 13.942387 -4.5007081
-14.82124 15.563836 -4.7253642
-13.32529 18.889801 -4.7904129
-16.063957 20.56093 -5.0433235
-2.1535349 2.7753191 -3.6482649
-3.7082078 4.3249102 -3.7681398
-4.8283572 6.2224355 -3.9071314
-6.313355 7.3633132 -3.9789011
-7.3414464 9.4611225 -4.1584949
-8.8687258 10.343661 -4.2284842
-9.0666599 12.943718 -4.3830748
-12.944871 15.097699 -4.6155357
-10.851583 13.984731 -4.5014086
-14.76955 15.612895 -4.7252259
-13.274035 18.950237 -4.792058
-16.000587 20.620396 -5.0435371
-2.1438336 2.78282 -3.6481493
-3.6930871 4.3378291 -3.7680242
-4.8018188 6.2330379 -3.9047251
-6.285049 7.382298 -3.9777963
-7.2914233 9.4646883 -4.1525183
-8.8325624 10.374558 -4.2282076
-9.019146 12.972019 -4.3816934
-12.886913 15.136721 -4.6139827
-10.802698 14.022527 -4.5008259
-14.709492 15.658543 -4.7239571
-13.226035 19.022686 -4.7952032
-15.930947 20.679291 -5.0431819
-2.1341069 2.7902861 -3.6480305
-3.6754365 4.3477511 -3.7665398
-4.7824159 6.2528768 -3.9055326
-6.2490363 7.392117 -3.9739602
-7.2559314 9.4869308 -4.1513171
-8.7937288 10.402288 -4.2271957
-8.9783363 13.009977 -4.382287
-12.839152 15.187704 -4.6147103
-10.743998 14.047481 -4.4977503
-14.6493 15.70395 -4.7226682
-13.150484 19.05559 -4.7920322
-15.880507 20.763327 -5.0468316
-2.1243534 2.797719 -3.6479084
-3.6627133 4.3635058 -3.7677774
-4.7605586 6.2695341 -3.9052594
-6.2181106 7.4078317 -3.971931
-7.2323675 9.5248442 -4.1540914
-8.7599192 10.435968 -4.2276173
-8.9351158 13.044528 -4.3822031
-12.798883 15.247714 -4.6171427
-10.690071 14.078551 -4.4958982
-14.605239 15.766708 -4.7246742
-13.090652 19.111265 -4.7925115
-15.853825 20.879084 -5.05549
-2.1145751 2.8051169 -3.6477835
-3.6474607 4.3762636 -3.7676463
-4.7362847 6.282979 -3.9039056
-6.1947474 7.4325266 -3.972616
-7.1966891 9.5468607 -4.1528683
-8.7310781 10.475645 -4.2294717
-8.8917694 13.078929 -4.3821049
-12.732811 15.276967 -4.6138124
-10.650466 14.128511 -4.4977446
-14.531201 15.797025 -4.7205858
-13.00815 19.133724 -4.7877278
-15.802493 20.962999 -5.0590863
-2.1047711 2.8124804 -3.6476552
-3.632163 4.3889685 -3.7675099
-4.7143254 6.2994728 -3.9036183
-6.1763268 7.4632397 -3.9751067
-7.1609445 9.5687447 -4.1516347
-8.6995316 10.512185 -4.2305908
-8.8393822 13.099981 -4.379343
-12.674321 15.31517 -4.6121883
-10.605864 14.171986 -4.4983358
-14.467896 15.838806 -4.7186871
-15.748372 21.043613 -5.0621538
-2.0927782 2.8169007 -3.6455667
-3.6143737 4.3986449 -3.7660055
-4.6946454 6.3190403 -3.904397
-6.1427073 7.4755931 -3.9721444
-7.1109328 9.5713882 -4.1456099
-8.6653061 10.545563 -4.2309747
-8.7935963 13.130758 -4.3785543
-12.625846 15.365487 -4.6128435
-10.539682 14.18652 -4.4933438
-14.401791 15.87739 -4.7162175
-12.90314 19.267204 -4.7922473
-15.674815 21.098461 -5.0611706
-2.0850852 2.827106 -3.6473892
-3.601434 4.4142184 -3.7672222
-4.6748886 6.3385448 -3.9051681
-6.1290698 7.5123005 -3.9764314
-7.0774817 9.5961514 -4.1451535
-8.6284456 10.575744 -4.2306237
-8.7565289 13.17464 -4.3803992
-12.582229 15.421831 -4.6146283
-10.48537 14.216806 -4.4914303
-14.35697 15.939426 -4.7181454
-12.831391 19.305475 -4.7900229
-15.627159 21.188408 -5.0656953
-2.0752034 2.834368 -3.6472516
-3.5860023 4.426764 -3.7670703
-4.6480989 6.3484964 -3.9027143
-6.1052961 7.5367227 -3.9770803
-7.0345635 9.6079931 -4.1415
-8.5889702 10.602711 -4.229538
-8.7082911 13.201803 -4.3789201
-12.518268 15.453258 -4.6118026
-10.428611 14.243673 -4.488883
-14.295918 15.983499 -4.7167416
-12.757321 19.340149 -4.7872548
-15.543658 21.229942 -5.0626531
-2.0652976 2.841594 -3.6471107
-3.570529 4.4392538 -3.7669137
-4.6236053 6.3615088 -3.9013264
-6.0715208 7.5487475 -3.9740925
-6.9939857 9.622859 -4.1386337
-8.5469246 10.626427 -4.2277179
-8.6643391 13.23545 -4.3787503
-12.456751 15.487531 -4.6095338
-10.385862 14.289661 -4.4900293
-14.232088 16.024347 -4.7147665
-12.665681 19.347811 -4.7802835
-15.453022 21.261446 -5.0580797
-2.0553648 2.8487866 -3.6469667
-3.5526061 4.4486809 -3.765389
-4.6036639 6.3807921 -3.9020762
-6.042665 7.5668082 -3.9729102
-6.9626708 9.6504335 -4.1389422
-8.5072947 10.653091 -4.2266083
-8.6137438 13.258938 -4.3765821
-12.405098 15.534039 -4.6095424
-10.331248 14.319366 -4.4880695
-14.17078 16.067942 -4.7133236
-12.587185 19.375164 -4.776433
-15.378704 21.315264 -5.0570025
-2.0475197 2.8588905 -3.6487758
-3.5418429 4.4670906 -3.7679472
-4.5767965 6.3904443 -3.8996029
-6.0113053 7.5816593 -3.9708128
-6.9358764 9.6843567 -4.1408319
-8.4725294 10.685837 -4.2269306
-8.5652523 13.285574 -4.375062
-12.345844 15.570991 -4.6078119
-10.276562 14.348856 -4.4860945
-14.119871 16.123316 -4.7140703
-12.523807 19.425692 -4.7762227
-15.315842 21.38505 -5.058413
-2.0422311 2.8715727 -3.6525455
-3.5246284 4.4757848 -3.7664213
-4.5578551 6.4087811 -3.9003553
-5.9812417 7.5953398 -3.9687221
-6.9060264 9.710535 -4.1411443
-8.4345894 10.710748 -4.2258177
-8.5168591 13.307195 -4.3729115
-12.24477 15.549145 -4.5957718
-10.228928 14.382853 -4.4853778
-14.074189 16.179081 -4.7153673
-12.476546 19.494022 -4.7791905
-15.235587 21.422695 -5.0553365
-2.0301032 2.8757231 -3.6504357
-3.5137269 4.4941301 -3.7689691
-4.5422406 6.4342666 -3.9032276
-5.9546905 7.6161737 -3.9684217
-6.8606424 9.7183762 -4.1366458
-8.3971472 10.740128 -4.2253938
-8.4810266 13.353654 -4.3753285
-12.16338 15.557218 -4.5888495
-10.174056 14.411961 -4.4833727
-14.022841 16.234156 -4.7160749
-12.372023 19.480152 -4.7690153
-15.179136 21.501858 -5.0582047
-2.0158913 2.8768544 -3.6463673
-3.4980166 4.5063691 -3.7687867
-4.5175009 6.4468718 -3.9018056
-5.925643 7.6337924 -3.967206
-6.8312297 9.7487659 -4.1377072
-8.3669195 10.778801 -4.2271228
-8.427989 13.373071 -4.3724465
-12.096763 15.583823 -4.5853519
-10.132835 14.460449 -4.4850569
-13.958286 16.27392 -4.714005
-12.329493 19.563763 -4.7739649
-15.0994 21.548174 -5.0560298
-2.0058374 2.8838735 -3.6462078
-3.4775641 4.5124497 -3.7658746
-4.4949708 6.4626012 -3.9014482
-5.9086123 7.6669517 -3.9705133
-6.803957 9.7823238 -4.1395526
-8.343812 10.82684 -4.2310033
-8.377037 13.395655 -4.3702121
-12.05691 15.644916 -4.5881419
-10.093681 14.512093 -4.4873405
-13.903987 16.325581 -4.7141218
-12.269601 19.620222 -4.7747145
-15.030937 21.610584 -5.0563397
-1.9978187 2.8938401 -3.6480007
-3.4641325 4.5276194 -3.7670443
-4.4634719 6.4653387 -3.8967986
-5.8794136 7.6843896 -3.9692805
-6.7832966 9.8256044 -4.1437716
-8.301137 10.849581 -4.2290988
-8.3449278 13.448501 -4.3739042
-11.98283 15.661552 -4.5828915
-10.033907 14.534112 -4.4840546
-13.823721 16.346581 -4.7087049
-12.198936 19.659536 -4.7728348
-14.978109 21.695789 -5.0601349
-1.9877044 2.9007967 -3.6478348
-3.4483063 4.5396848 -3.7668467
-4.4453092 6.4873519 -3.8985701
-5.8501616 7.7017198 -3.9680388
-6.7511978 9.8524981 -4.1440034
-8.2632122 10.878493 -4.2286253
-8.2895775 13.463985 -4.3703222
-11.918429 15.690577 -4.579916
-9.9876146 14.575628 -4.4844542
-13.774272 16.403908 -4.7098866
-12.144888 19.725805 -4.7751045
-14.895505 21.738056 -5.0573869
-1.9755285 2.9047196 -3.6457105
-3.4301205 4.5486178 -3.7652822
-4.4226384 6.5028291 -3.8981919
-5.8208632 7.7189369 -3.966789
-6.7011466 9.8530359 -4.137866
-8.2227955 10.904095 -4.2274184
-8.2383795 13.48604 -4.3680472
-11.856383 15.722526 -4.5774975
-9.9120159 14.57414 -4.4768233
-13.724602 16.461086 -4.7110486
-12.098861 19.805561 -4.7794352
-14.812799 21.78001 -5.0546174
-1.9633484 2.9085937 -3.6435838
-3.4165292 4.5636477 -3.7664361
-4.4043002 6.5247312 -3.8999484
-5.7891445 7.732882 -3.9646251
-6.6667109 9.8763685 -4.1372824
-8.1822968 10.929549 -4.2261992
-8.1850576 13.504498 -4.3650994
-11.796641 15.757429 -4.575634
-9.8744631 14.628478 -4.4796581
-13.649235 16.487373 -4.7066784
-12.021368 19.834015 -4.775928
-14.750089 21.851452 -5.0563321
-1.9592375 2.9244645 -3.6492732
-3.400579 4.5755453 -3.766223
-4.3814993 6.5400643 -3.8995559
-5.7644758 7.7562141 -3.9651699
-6.6344056 9.9028749 -4.1374826
-8.1440983 10.958042 -4.2256894
-8.1399221 13.536399 -4.3647757
-11.75109 15.811319 -4.577188
-9.8344374 14.679417 -4.4818587
-13.589067 16.53183 -4.7055969
-11.943833 19.862167 -4.7724028
-14.675951 21.906122 -5.0555186
-1.9490161 2.9312859 -3.6490943
-3.3891594 4.5935879 -3.7687278
-4.3608127 6.5585856 -3.9002264
-5.7350178 7.7731094 -3.9638948
-6.6195669 9.9557123 -4.1440253
-8.1010733 10.980005 -4.2237258
-8.1109838 13.595513 -4.3697076
-11.70056 15.858666 -4.577579
-9.7743015 14.700377 -4.4784985
-13.541369 16.591537 -4.7072515
-11.87647 19.907167 -4.7714601
-14.614869 21.980505 -5.057683
-1.9407694 2.9410968 -3.6508672
-3.3776574 4.6116047 -3.7712269
-4.3422141 6.5803137 -3.9019597
-5.7078514 7.7930799 -3.9635167
-6.5913334 9.9886923 -4.1457896
-8.0462484 10.985756 -4.2181478
-8.0594234 13.616888 -4.3673778
-11.656925 15.915507 -4.579668
-9.7185402 14.727751 -4.4763556
-13.46327 16.61389 -4.7022753
-11.798779 19.934755 -4.7678967
-14.538058 22.031384 -5.0563202
-1.9245337 2.9387548 -3.6448193
-3.3615406 4.6233664 -3.770998
-4.3192196 6.5954299 -3.9015458
-5.6806159 7.8129554 -3.9631298
-6.5586028 10.014958 -4.1459556
-8.0008392 11.004124 -4.2154417
-8.0118456 13.644938 -4.3663516
-11.601303 15.956099 -4.5788784
-9.6779966 14.778259 -4.4785066
-13.392687 16.645233 -4.6989336
-11.743278 19.999924 -4.7700329
-14.46326 22.085335 -5.0554338
-1.9133145 2.9417479 -3.6426966
-3.3469977 4.6339049 -3.7707875
-4.3006153 6.6122565 -3.9022369
-5.6629829 7.8403764 -3.9654889
-6.5206141 10.025537 -4.1429996
-7.9708824 11.035655 -4.2163811
-7.9649239 13.663159 -4.3641
-11.551113 15.992469 -4.5781522
-9.6423855 14.825303 -4.4807348
-13.317889 16.659166 -4.6934328
-11.684406 20.043619 -4.7697005
-14.398154 22.137365 -5.0551653
-1.9039705 2.9521189 -3.6444409
-3.3246944 4.6404586 -3.7678032
-4.2688184 6.6188316 -3.8985579
-5.6351399 7.8652744 -3.9659493
-6.4863749 10.057167 -4.1438727
-7.930769 11.06941 -4.2164755
-7.9044352 13.679847 -4.360311
-11.489624 16.036701 -4.5772452
-9.5702677 14.838764 -4.4753742
-13.243906 16.697668 -4.6905446
-11.611358 20.095249 -4.7690396
-14.319549 22.202557 -5.0550885
-1.8936532 2.9587474 -3.6442471
-3.3151717 4.6614532 -3.7716408
-4.2414575 6.6270852 -3.8959849
-5.6030674 7.8784566 -3.9637265
-6.4597821 10.093117 -4.1463847
-7.896688 11.10351 -4.2173333
-7.8586121 13.710812 -4.3599019
-11.431259 16.07346 -4.5758305
-9.5141096 14.865365 -4.4731698
-13.183066 16.740664 -4.6893516
-11.529222 20.114874 -4.7643595
-14.239799 22.249043 -5.0531311
-1.890183 2.9738603 -3.6499305
-3.2982895 4.6686988 -3.7700562
-4.2227221 6.6436877 -3.8966575
-5.5828514 7.9024754 -3.9651563
-6.430172 10.11671 -4.1465735
-7.8640628 11.13151 -4.2175183
-7.8095922 13.725047 -4.3569584
-11.38071 16.109291 -4.575057
-9.480195 14.915368 -4.4759679
-13.123033 16.772562 -4.6871052
-11.4561 20.13364 -4.7603402
-14.174121 22.300409 -5.0527978
-1.8773364 2.9777019 -3.6477668
-3.2855763 4.6870656 -3.7725098
-4.2025251 6.6657567 -3.8983245
-5.5606537 7.9325962 -3.9674175
-6.3909302 10.136854 -4.1450648
-7.8140764 11.147234 -4.2140045
-7.7670598 13.767455 -4.358439
-11.307841 16.131294 -4.5707102
-9.4127026 14.929782 -4.4712257
-13.034535 16.785872 -4.6803398
-11.403809 20.213753 -4.7643604
-14.107198 22.375866 -5.0547113
-1.8644885 2.9814885 -3.6456001
-3.2705762 4.7022376 -3.7735972
-4.1801472 6.6844392 -3.8989148
-5.5360579 7.9594107 -3.9687638
-6.3642554 10.17703 -4.1482997
-7.7708998 11.172532 -4.2126365
-7.7243271 13.809732 -4.3599024
-11.253202 16.179178 -4.5709128
-9.3642645 14.97432 -4.4719973
-12.958307 16.814558 -4.6763062
-11.32575 20.248442 -4.7616162
-14.029333 22.434193 -5.0541034
-1.8559805 2.9910595 -3.6473465
-3.249764 4.7072864 -3.7706122
-4.1505828 6.6889935 -3.8952472
-5.5015016 7.9689312 -3.9656034
-6.3286896 10.199184 -4.1475949
-7.7295904 11.19632 -4.2112875
-7.6722083 13.829649 -4.3574662
-11.194386 16.21508 -4.5694299
-9.3182392 15.01708 -4.4728017
-12.899531 16.859692 -4.6755896
-11.272431 20.319283 -4.7646298
-13.946718 22.476242 -5.0515528
-1.8446738 2.9937887 -3.645205
-3.2327824 4.7142954 -3.7690098
-4.1274924 6.6986589 -3.8937571
-5.4786768 7.9894338 -3.9660964
-6.3049459 10.232528 -4.1501198
-7.687633 11.210707 -4.2085533
-7.6268048 13.850192 -4.3557882
-11.136624 16.240295 -4.5668821
-9.2710199 15.046279 -4.4718547
-12.822346 16.868349 -4.6694298
-11.206618 20.351093 -4.7626104
-13.867664 22.50634 -5.0481429
-1.8342127 3.0002091 -3.6449928
-3.2184744 4.7287345 -3.7700949
-4.1081777 6.719718 -3.8954177
-5.4440842 7.9987054 -3.9629209
-6.2629824 10.244317 -4.1470189
-7.6462173 11.234183 -4.2071819
-7.5726876 13.866242 -4.3526721
-11.102321 16.312054 -4.571641
-9.2205238 15.081947 -4.4714012
-12.76339 16.913002 -4.6686783
-11.143171 20.404106 -4.7629924
-13.797356 22.568239 -5.0485382
-1.8213238 3.0038123 -3.6428144
-3.2011204 4.7405 -3.7698011
-4.0855532 6.7380848 -3.8959785
-5.4147296 8.0186062 -3.962424
-6.2274475 10.270597 -4.1470375
-7.6049886 11.262135 -4.2064843
-7.5142269 13.879897 -4.3488307
-11.042457 16.352638 -4.5706277
-9.1837845 15.146327 -4.4757829
-12.686953 16.940502 -4.6645713
-11.081614 20.469393 -4.7648163
-13.729037 22.642569 -5.0503197
-1.8126966 3.0132577 -3.6445477
-3.1866987 4.7548442 -3.7708755
-4.0640306 6.7556648 -3.8965557
-5.3933091 8.047308 -3.9646516
-6.1854239 10.282071 -4.1439171
-7.5678458 11.291915 -4.2065258
-7.4732695 13.920076 -4.3502769
-10.98531 16.391081 -4.5696449
-9.1308603 15.17829 -4.4746814
-12.61822 16.971869 -4.6615844
-10.972323 20.437584 -4.7527499
-13.664333 22.714312 -5.052155
-1.8003103 3.0164537 -3.6423743
-3.1679492 4.7627311 -3.7692263
-4.0384159 6.7664418 -3.8949914
-5.3586202 8.0562105 -3.9614515
-6.1555982 10.313821 -4.1455331
-7.5283861 11.318261 -4.2058368
-7.4227653 13.942561 -4.3484325
-10.941291 16.449263 -4.5720634
-9.0778265 15.21007 -4.4735641
-12.558904 17.01581 -4.6607766
-10.919686 20.511007 -4.7561679
-13.595204 22.77902 -5.0529695
-1.7916161 3.0258393 -3.6441011
-3.1513038 4.7737608 -3.7689312
-4.0207653 6.7906232 -3.8976882
-5.3304639 8.0748682 -3.9609525
-6.1235991 10.342074 -4.1463466
-7.4866376 11.341153 -4.2044172
-7.3759069 13.971911 -4.3478842
-10.888198 16.494017 -4.5721831
-9.0185804 15.231374 -4.4705939
-12.511224 17.075647 -4.6626945
-10.82751 20.510157 -4.7487211
-13.519671 22.833214 -5.0522666
-1.7792062 3.0289495 -3.641922
-3.1325092 4.7815108 -3.7672727
-3.995049 6.8012362 -3.8961101
-5.3022432 8.0934267 -3.9604447
-6.0934877 10.373652 -4.1479387
-7.4404635 11.35724 -4.201551
-7.3289342 14.001103 -4.3473215
-10.84586 16.555288 -4.5751309
-8.963335 15.259327 -4.4688344
-12.430405 17.090164 -4.656908
-10.742881 20.523064 -4.7433238
-13.445951 22.890606 -5.0520368
-1.7704481 3.0382733 -3.6436422
-3.1220996 4.802104 -3.7710428
-3.9732599 6.8185282 -3.8966582
-5.2761159 8.1151981 -3.9608307
-6.0572419 10.394858 -4.1471481
-7.3942742 11.373139 -4.1986742
-7.2873583 14.040738 -4.3487067
-10.801059 16.613117 -4.5774899
-8.9140329 15.297409 -4.4688954
-12.356657 17.114029 -4.6527514
-10.682219 20.581701 -4.7446127
-13.353904 22.916691 -5.0473142
-1.7585487 3.0409892 -3.641469
-3.0998924 4.8027215 -3.7666733
-3.9506278 6.8316655 -3.8961592
-5.2320304 8.1060829 -3.9531157
-6.0247264 10.418322 -4.1471777
-7.3608332 11.404278 -4.19941
-7.2407603 14.064825 -4.3475237
-10.741583 16.642138 -4.5753312
-8.8652544 15.330335 -4.4683881
-12.330078 17.197083 -4.6590447
-10.623053 20.634764 -4.7454548
-13.285838 22.974676 -5.0476217
-1.7515301 3.0533988 -3.6451335
-3.0831077 4.8135138 -3.7663584
-3.9267554 6.8454151 -3.895627
-5.205833 8.1276264 -3.953486
-5.9962182 10.453058 -4.1495252
-7.3145428 11.419858 -4.1965108
-7.1807537 14.068732 -4.3423448
-10.679119 16.672815 -4.573103
-8.8156509 15.368105 -4.4684172
-12.263026 17.230265 -4.6564975
-10.556399 20.68239 -4.7451525
-13.197605 23.007057 -5.043849
-1.7372761 3.0531919 -3.6409924
-3.0662878 4.8242459 -3.7660384
-3.8970189 6.8488522 -3.8918917
-5.1837931 8.155755 -3.9556506
-5.9577336 10.470474 -4.147913
-7.2767715 11.448676 -4.1964688
-7.1441908 14.118587 -4.3456459
-10.625138 16.716722 -4.5731316
-8.7501259 15.37799 -4.4635401
-12.202808 17.272963 -4.6555767
-13.107343 23.035622 -5.0395598
-1.7278541 3.0626969 -3.6426873
-3.0465293 4.8321939 -3.7643394
-3.8718884 6.863091 -3.8913193
-5.1454315 8.1613274 -3.951468
-5.9232135 10.499154 -4.1486163
-7.2368779 11.478635 -4.1963749
-7.1102443 14.180282 -4.350822
-10.551023 16.735302 -4.5685391
-8.69174 15.406489 -4.4616442
-12.157745 17.343725 -4.6589742
-10.311476 20.564642 -4.7135353
-13.022818 23.083513 -5.0376348
-1.7189237 3.0718729 -3.6443906
-3.0337298 4.8493295 -3.7667236
-3.8498244 6.8799863 -3.8918321
-5.1273937 8.1959915 -3.955416
-5.884593 10.516303 -4.1469827
-7.2030954 11.51394 -4.1977401
-7.039432 14.162215 -4.3416896
-10.498894 16.782179 -4.5690999
-8.6418056 15.443692 -4.4616261
-12.097133 17.386055 -4.6580133
-10.22719 20.575476 -4.7080474
-12.940216 23.125341 -5.0352826
-1.7087269 3.0775564 -3.6441536
-3.0155995 4.8560915 -3.7650483
-3.8326988 6.9030027 -3.894495
-5.1064405 8.2230225 -3.9575803
-5.8670201 10.566981 -4.1532683
-7.1564808 11.524251 -4.194119
-6.9994698 14.199772 -4.3430505
-10.430551 16.796564 -4.5645905
-8.5847359 15.461808 -4.4586024
-12.055292 17.449068 -4.6609168
-10.217161 20.727478 -4.7231827
-12.865393 23.171619 -5.0339918
-1.6962258 3.0803261 -3.6419516
-2.9966104 4.863308 -3.7633512
-3.8085809 6.9163389 -3.8939283
-5.0652676 8.2206078 -3.9516001
-5.830101 10.587396 -4.152401
-7.1057806 11.53223 -4.1897321
-6.9498644 14.224116 -4.341723
-10.380233 16.846458 -4.5656843
-8.5460997 15.519618 -4.462214
-11.992056 17.487747 -4.6593704
-10.185072 20.845537 -4.7330494
-12.836459 23.31086 -5.0454412
-1.6854635 3.0862284 -3.6416962
-2.9836349 4.880311 -3.7657194
-3.7825367 6.9261489 -3.8922908
-5.0406661 8.2449818 -3.9528179
-5.7912083 10.604199 -4.1507349
-7.0571866 11.543391 -4.1860509
-6.8967013 14.241119 -4.3390789
-10.340099 16.913229 -4.5695953
-8.4918766 15.549355 -4.460927
-11.939927 17.5427 -4.660542
-10.127913 20.913305 -4.7357001
-12.756929 23.359032 -5.0440025
-1.6764061 3.0952811 -3.6433864
-2.9685779 4.8939905 -3.7667253
-3.7564671 6.9358625 -3.8906469
-5.018002 8.272666 -3.9549265
-5.7560444 10.62784 -4.1506348
-7.0168467 11.567956 -4.1852221
-6.8555608 14.283061 -4.3409801
-10.285132 16.956045 -4.5695148
-8.4394417 15.582409 -4.4602342
-11.883082 17.590891 -4.6605988
-10.044477 20.926933 -4.7306361
-12.658187 23.371811 -5.037601
-1.6655906 3.101114 -3.6431246
-2.9514756 4.9043236 -3.7663696
-3.7359436 6.9558434 -3.8921871
-4.9870543 8.286746 -3.9534252
-5.7189088 10.647868 -4.1497355
-6.9846239 11.60601 -4.187242
-6.8073692 14.310502 -4.3402615
-10.240281 17.015778 -4.5722499
-8.3831081 15.608262 -4.4583068
-11.832717 17.648844 -4.6622767
-9.9439163 20.904173 -4.7204347
-12.57463 23.412334 -5.03513
-1.6547561 3.1069093 -3.6428597
-2.940263 4.9245176 -3.7700765
-3.7116416 6.9688416 -3.8915932
-4.9580994 8.3041029 -3.9528155
-5.6779776 10.660762 -4.1472521
-6.9583421 11.654222 -4.1913929
-6.7607746 14.341381 -4.340179
-10.191052 17.068546 -4.5738311
-8.3304501 15.640947 -4.4575825
-11.777677 17.700006 -4.6628408
-9.8657818 20.927919 -4.7168784
-12.492833 23.456085 -5.0331306
-1.6444448 3.1123791 -3.6426053
-2.9160631 4.9209847 -3.7643058
-3.6903458 6.9845791 -3.8920858
-4.9244919 8.310297 -3.9495304
-5.6481571 10.690056 -4.1487393
-6.9115505 11.663546 -4.1877108
-6.7165551 14.370936 -4.3401518
-10.136434 17.105679 -4.5731912
-8.2822657 15.675533 -4.4575191
-11.725521 17.748957 -4.6634398
-9.7861881 20.93881 -4.7118726
-12.407522 23.483253 -5.0292377
-1.6318873 3.1148894 -3.6403868
-2.9027708 4.9377761 -3.7666464
-3.6677608 7.0008936 -3.8925405
-4.8854365 8.310401 -3.9444089
-5.6034393 10.695648 -4.1446629
-6.8748231 11.69446 -4.188262
-6.6629992 14.387068 -4.3374414
-10.072614 17.134081 -4.5707722
-8.2293444 15.707884 -4.4567633
-11.656923 17.779766 -4.6606865
-9.7046432 20.954731 -4.7072616
-12.318054 23.51227 -5.0252237
-1.6243473 3.1270006 -3.6440082
-2.8893991 4.9545326 -3.7689807
-3.6414943 7.0101724 -3.8908634
-4.8603816 8.3342314 -3.9455743
-5.560585 10.704578 -4.1413651
-6.8199368 11.694335 -4.1823721
-6.6077576 14.399376 -4.3340697
-10.026817 17.193262 -4.5734286
-8.1744661 15.736511 -4.4553838
-11.594792 17.820345 -4.6595535
-9.6547585 21.039286 -4.7123389
-12.23407 23.551579 -5.0226665
-1.610647 3.1259251 -3.6398506
-2.8710225 4.9607544 -3.7672637
-3.6164289 7.0187235 -3.8892109
-4.8327155 8.3503056 -3.9449651
-5.5268707 10.726487 -4.1412497
-6.7811165 11.716889 -4.1815176
-6.5698619 14.442964 -4.3365998
-9.9697428 17.226421 -4.5721717
-8.1258841 15.770622 -4.4552741
-11.529132 17.84864 -4.6568227
-9.5783167 21.05665 -4.7083044
-12.154065 23.58847 -5.0201912
-1.5958825 3.1253498 -3.6356635
-2.8509047 4.9679017 -3.7655039
-3.5924652 7.0354238 -3.8896139
-4.8079805 8.3782444 -3.9469781
-5.4875216 10.746671 -4.1402426
-6.746047 11.755461 -4.1834149
-6.5217924 14.477838 -4.3370218
-9.918457 17.283609 -4.5741558
-8.0625916 15.789645 -4.4519715
-11.459332 17.884052 -4.6545038
-9.4912395 21.069765 -4.703022
-12.082066 23.661318 -5.0219107
-1.5849625 3.1309021 -3.6353815
-2.8316393 4.9744763 -3.7637587
-3.5661113 7.0444221 -3.887917
-4.7806592 8.3984127 -3.9472172
-5.4607258 10.787004 -4.1439843
-6.7128377 11.792763 -4.1853437
-6.466342 14.489607 -4.333611
-9.8580618 17.318127 -4.5727959
-8.0074215 15.817695 -4.4505463
-11.403256 17.934055 -4.654952
-9.4257669 21.121006 -4.7034369
-11.995784 23.696222 -5.0187922
-1.5827051 3.1523392 -3.6448417
-2.8170235 4.9871926 -3.7647371
-3.5409734 7.0527034 -3.8862469
-4.7547288 8.4176598 -3.9474809
-5.4284883 10.812144 -4.1446218
-6.66783 11.80457 -4.1823139
-6.427927 14.532824 -4.3360939
-9.8025455 17.354197 -4.572053
-7.9531398 15.840597 -4.4485717
-11.35225 17.985268 -4.6559863
-9.3653717 21.174055 -4.7044463
-11.91356 23.728731 -5.0157609
-1.5716923 3.1578441 -3.6445522
-2.8052468 5.0070758 -3.768398
-3.51983 7.0720425 -3.8877211
-4.7156591 8.4169636 -3.9423168
-5.388947 10.827472 -4.1428437
-6.6188107 11.813893 -4.178514
-6.3691697 14.53693 -4.3313627
-9.7380095 17.381342 -4.56953
-7.8906951 15.853984 -4.4446917
-11.291523 18.028166 -4.6553054
-9.2882023 21.199301 -4.7012525
-11.816424 23.74156 -5.0096555
-1.5569001 3.1570814 -3.6403539
-2.7906156 5.0240593 -3.7706783
-3.4938843 7.084897 -3.8870332
-4.6905327 8.4445572 -3.9442909
-5.3492236 10.847153 -4.1417909
-6.5716009 11.831121 -4.1760817
-6.3269367 14.585753 -4.3343115
-9.6684227 17.406456 -4.5663557
-7.8466363 15.911406 -4.4479976
-11.231684 18.079605 -4.6556311
-9.2040787 21.21855 -4.6969128
-11.736388 23.799042 -5.0093074
-1.5474632 3.1657534 -3.6420043
-2.7674866 5.0236483 -3.7662063
-3.4725788 7.1040969 -3.8884914
-4.6629362 8.4643412 -3.9444952
-5.3130727 10.869324 -4.141561
-6.5302649 11.853988 -4.1751113
-6.274416 14.604092 -4.3321433
-9.6056814 17.436604 -4.564364
-7.7998052 15.956606 -4.4495392
-11.1727 18.125496 -4.6554546
-9.1252317 21.239542 -4.6931748
-11.655003 23.843452 -5.0075741
-1.5369571 3.1708672 -3.6417208
-2.7526608 5.0361772 -3.767164
-3.4507139 7.1191025 -3.8889155
-4.6348438 8.4797564 -3.9438291
-5.2804627 10.894023 -4.1421556
-6.4890151 11.872087 -4.1734662
-6.2275152 14.62848 -4.3313322
-9.5420685 17.457851 -4.5613003
-7.7416334 15.971618 -4.4462948
-11.116703 18.169254 -4.6553235
-9.0484953 21.254986 -4.6890235
-11.582844 23.896347 -5.0073991
-1.5274484 3.179481 -3.6433642
-2.7313919 5.0389829 -3.7640369
-3.4241419 7.1275697 -3.8871794
-4.6070967 8.4993591 -3.944016
-5.2492733 10.926696 -4.1442537
-6.4626923 11.922637 -4.1781664
-6.177958 14.653801 -4.3304305
-9.4753618 17.480532 -4.5581498
-7.6823783 15.99136 -4.4435673
-11.038708 18.184065 -4.6502118
-8.9726906 21.282764 -4.6862669
-11.509732 23.958241 -5.0080652
-1.5132231 3.1782475 -3.6391709
-2.7156086 5.0518804 -3.7649636
-3.3992393 7.1394792 -3.8864965
-4.581141 8.5223532 -3.9450903
-5.2076855 10.937789 -4.1416411
-6.4191494 11.941623 -4.1764474
-6.1313682 14.686305 -4.3308053
-9.4161711 17.517019 -4.5572357
-7.6213655 16.00728 -4.4402213
-10.973102 18.21907 -4.6483479
-8.9137239 21.350807 -4.6890697
-11.422591 23.991058 -5.0047917
-1.5021203 3.1835098 -3.638864
-2.6943347 5.0545292 -3.7618282
-3.3759727 7.1548481 -3.8868661
-4.5588031 8.5522423 -3.9479468
-5.1627035 10.941545 -4.1374545
-6.3680739 11.946406 -4.1718726
-6.0800691 14.707617 -4.3292294
-9.3681097 17.574425 -4.55968
-7.556941 16.015759 -4.4356537
-10.903297 18.246977 -4.6453786
-8.8406706 21.385479 -4.6872849
-11.337077 24.02717 -5.0019865
-1.4909993 3.1887338 -3.6385541
-2.6766756 5.0639033 -3.7613928
-3.3559623 7.177247 -3.8893449
-4.528924 8.5681038 -3.9472101
-5.1278424 10.966688 -4.1379538
-6.3244786 11.965047 -4.1701331
-6.0332217 14.739806 -4.3295746
-9.301116 17.596437 -4.556479
-7.4976153 16.034817 -4.4328866
-10.829364 18.267757 -4.6413064
-8.753871 21.386642 -4.6809244
-11.251451 24.062977 -4.9991589
-1.4829066 3.2004976 -3.642128
-2.6625581 5.0800395 -3.7636554
-3.3325357 7.1924777 -3.8896987
-4.5044904 8.5943623 -3.9491508
-5.0945315 10.995323 -4.1392231
-6.2863636 11.994097 -4.1705132
-5.9832253 14.764468 -4.3286147
-9.2470407 17.642933 -4.5571966
-7.4449458 16.068127 -4.4325204
-10.727077 18.240072 -4.6296153
-8.6821585 21.424473 -4.6796088
-11.16906 24.105732 -4.9972854
-1.4747515 3.2122433 -3.6456976
-2.641258 5.0824661 -3.7605071
-3.3057737 7.200501 -3.8879294
-4.4744649 8.610033 -3.9483962
-5.0660553 11.034675 -4.1428251
-6.246295 12.019494 -4.1701708
-5.9301715 14.781567 -4.3263535
-9.1982841 17.699888 -4.5595808
-7.3904786 16.097637 -4.4315343
-10.741798 18.411873 -4.6493945
-8.5984039 21.432413 -4.6742296
-11.066519 24.104639 -4.9895363
-1.4620279 3.214072 -3.6434345
-2.6217349 5.0882316 -3.7587056
-3.2806175 7.211997 -3.8872116
-4.4425702 8.6220875 -3.9467387
-5.0258608 11.04868 -4.140944
-6.2042971 12.041226 -4.169106
-5.8829446 14.813284 -4.326654
-9.1364384 17.731892 -4.5580125
-7.3243332 16.101564 -4.426312
-10.681458 18.456169 -4.6490631
-8.5161629 21.443739 -4.6693397
-10.982305 24.143124 -4.987133
-1.4493109 3.2158508 -3.6411693
-2.6057112 5.1007819 -3.7596016
-3.2554243 7.2234044 -3.886487
-4.4214387 8.6551399 -3.9504397
-4.9742227 11.037215 -4.1335869
-6.171277 12.080518 -4.1715775
-5.8312035 14.833727 -4.3250093
-9.059968 17.735245 -4.5519376
-7.2631726 16.116127 -4.4228864
-10.624923 18.507187 -4.6497965
-8.4383402 21.4659 -4.6659498
-10.916021 24.221369 -4.9900646
-1.4365978 3.2175803 -3.6389017
-2.5896292 5.1132836 -3.7604916
-3.2349854 7.2454691 -3.888926
-4.3965545 8.6810999 -3.9523411
-4.9453683 11.076252 -4.1371527
-6.1254735 12.094892 -4.1690688
-5.7822728 14.861417 -4.3246365
-9.0034103 17.777445 -4.5520205
-7.2084937 16.145025 -4.4218574
-10.55235 18.530291 -4.6461735
-8.3488741 21.458015 -4.6585078
-10.826514 24.248386 -4.9861526
-1.4253584 3.2225749 -3.6385734
-2.5700376 5.1188488 -3.7586763
-3.2096763 7.2567167 -3.8881869
-4.3733211 8.7105227 -3.9551258
-4.9098883 11.100704 -4.1375833
-6.0778661 12.105536 -4.1658411
-5.7275028 14.874075 -4.3216796
-8.9502563 17.826591 -4.553205
-7.1666117 16.202902 -4.4256268
-10.49546 18.580912 -4.6468673
-8.2681856 21.472116 -4.6540785
-10.74989 24.304293 -4.9861102
-1.4155563 3.2308509 -3.6401837
-2.5521548 5.1277885 -3.7582064
-3.1827533 7.2642832 -3.8863854
-4.3446517 8.7292719 -3.9552195
-4.8727036 11.121408 -4.1372223
-6.0338035 12.123116 -4.164021
-5.6812224 14.908861 -4.3225627
-8.8755331 17.832716 -4.5476465
-7.1164122 16.242424 -4.4263678
-10.436393 18.62788 -4.6469994
-8.1718578 21.444874 -4.6440964
-10.664991 24.341665 -4.983613
-1.4077214 3.2421784 -3.643748
-2.5419545 5.1500401 -3.7631528
-3.1586447 7.2747989 -3.8856709
-4.3139286 8.7400885 -3.9535584
-4.8389544 11.144786 -4.1376872
-5.9935656 12.143059 -4.1629543
-5.6345606 14.935075 -4.3222318
-8.8198767 17.869211 -4.5471978
-7.0482168 16.233025 -4.4193606
-10.376498 18.665878 -4.6461043
-8.1204281 21.524164 -4.6488161
-10.585798 24.380568 -4.9817047
-1.3926646 3.2368383 -3.637605
-2.52317 5.1549816 -3.7613471
-3.1376052 7.2924385 -3.8870614
-4.2901363 8.7649956 -3.9554617
-4.7941313 11.142546 -4.1326885
-5.9585128 12.173584 -4.1640019
-5.5780387 14.935022 -4.3174
-8.7693472 17.916279 -4.5484109
-6.9959259 16.259968 -4.418354
-10.306834 18.686201 -4.642488
-8.0420256 21.532269 -4.643959
-10.519104 24.448557 -4.9836569
-1.3813565 3.2416804 -3.637265
-2.5034776 5.1602926 -3.7595129
-3.1105907 7.2997384 -3.8852408
-4.2681384 8.7976999 -3.9590991
-4.7567601 11.162865 -4.1322975
-5.9211869 12.205045 -4.1649785
-5.5300083 14.96561 -4.3175983
-8.7084904 17.950373 -4.5472836
-6.9359946 16.276955 -4.4154463
-10.233876 18.708059 -4.6387792
-7.9723454 21.575193 -4.6434832
-10.435258 24.488806 -4.9815755
-1.3708755 3.2500613 -3.6388452
-2.4795427 5.159018 -3.7549531
-3.0853412 7.3147044 -3.8854849
-4.241003 8.8239698 -3.9608982
-4.7173591 11.18388 -4.1318364
-5.8781385 12.230247 -4.1644692
-5.4778571 14.993258 -4.3170547
-8.6443729 17.985765 -4.5460529
-6.894887 16.346348 -4.4208384
-10.176661 18.766495 -4.6403785
-7.8945904 21.608019 -4.6413546
-10.343884 24.523205 -4.9783716
-1.3600893 3.2545898 -3.6385162
-2.4624197 5.1672125 -3.7544839
-3.0625777 7.3285151 -3.8857987
-4.2168164 8.8486891 -3.9627709
-4.6833019 11.206784 -4.1322603
-5.8307023 12.235314 -4.1605291
-5.4226851 14.99636 -4.3128309
-8.5812435 18.00713 -4.5433002
-6.8421745 16.372801 -4.4197836
-10.089782 18.754442 -4.6318536
-7.8323908 21.660366 -4.6424646
-10.28252 24.605288 -4.982182
-1.3514934 3.2660167 -3.642046
-2.4460137 5.1792593 -3.7553332
-3.0384793 7.3427844 -3.8860667
-4.184217 8.8597813 -3.9610257
-4.6487088 11.234062 -4.1333914
-5.7811661 12.241206 -4.1565218
-5.3823795 15.048947 -4.3168221
-8.5115223 18.022541 -4.53933
-6.7682171 16.356062 -4.4114375
-10.035533 18.810677 -4.6334929
-7.763463 21.706375 -4.6424232
-10.18283 24.607809 -4.9751916
-1.3381391 3.2675936 -3.6397367
-2.4286454 5.191679 -3.7561514
-3.0130312 7.3575025 -3.8862875
-4.1550641 8.8822184 -3.9619026
-4.6059966 11.247355 -4.13134
-5.7328887 12.255111 -4.1538587
-5.3258548 15.064819 -4.3143139
-8.4369516 18.035547 -4.5346994
-6.7036867 16.369692 -4.4077864
-9.9721146 18.857924 -4.6334105
-7.6785231 21.719624 -4.6377254
-10.104673 24.67454 -4.9762659
-1.3259341 3.2686539 -3.6374605
-2.4114168 5.1997037 -3.7556677
-2.9915664 7.3747225 -3.8876331
-4.1305771 8.9067039 -3.9637473
-4.5716591 11.26992 -4.1317315
-5.693893 12.277661 -4.1534228
-5.2692971 15.063601 -4.3094192
-8.3687067 18.045322 -4.5302315
-6.6568632 16.410305 -4.4090872
-9.9095287 18.890886 -4.6318536
-7.5959129 21.714815 -4.6312709
-10.030307 24.726421 -4.976131
-1.3172171 3.2799904 -3.6409791
-2.3932502 5.2080903 -3.7551539
-2.9701884 7.3960395 -3.8899834
-4.1077108 8.9390268 -3.9673188
-4.5293312 11.278446 -4.1289449
-5.65764 12.311917 -4.1550317
-5.2179813 15.085669 -4.3082538
-8.3156567 18.096182 -4.5317907
-6.599535 16.433443 -4.4072905
-9.8490467 18.935987 -4.631813
-7.4887342 21.650625 -4.616684
-9.9305305 24.727924 -4.9690824
-1.3025101 3.2780583 -3.6367238
-2.36936 5.2063084 -3.7505698
-2.9401662 7.3995862 -3.8870232
-4.0749221 8.9540215 -3.9663837
-4.4923615 11.306033 -4.1299672
-5.6174216 12.34343 -4.155859
-5.157505 15.089615 -4.3037958
-8.2393627 18.104746 -4.526557
-6.5348468 16.446404 -4.4035954
-9.7960424 19.003889 -4.6348982
-7.4145007 21.693041 -4.615942
-9.8442621 24.775288 -4.9676657
-1.2929606 3.2857325 -3.6383157
-2.3520834 5.2141361 -3.7500732
-2.9170499 7.4129443 -3.8872948
-4.046834 8.9710855 -3.9664192
-4.451941 11.313482 -4.1272244
-5.5748258 12.358363 -4.1539769
-5.1112676 15.117953 -4.3039703
-8.1891279 18.15379 -4.5281687
-6.4700565 16.442013 -4.3976817
-9.7257042 19.022053 -4.6311331
-7.3438063 21.721289 -4.6139436
-9.773757 24.837532 -4.9689064
-1.2822233 3.293828 -3.6398671
-2.3345268 5.2262402 -3.750865
-2.8927038 7.4308963 -3.8885276
-4.0203724 9.0002956 -3.9690235
-4.4075627 11.322329 -4.1243467
-5.5165138 12.349666 -4.1470284
-5.0520339 15.125254 -4.3001261
-8.1225319 18.183685 -4.5262399
-6.4082994 16.461903 -4.3951559
-9.6450891 19.036207 -4.6261053
-7.2641392 21.748062 -4.6111641
-9.681201 24.869467 -4.9655113
-1.2744788 3.3046045 -3.6434076
-2.3196573 5.2370701 -3.7517312
-2.8665237 7.4326282 -3.885674
-3.998481 9.0273361 -3.9717536
-4.3776851 11.350928 -4.1263003
-5.4760799 12.363297 -4.1451917
-5.0007448 15.129707 -4.2965493
-8.0572891 18.19087 -4.5217938
-6.3622932 16.496832 -4.3958759
-9.590621 19.077114 -4.6261601
-7.209568 21.812481 -4.6142397
-9.6030293 24.899757 -4.9629951
-1.2616439 3.3056462 -3.6410973
-2.2982681 5.2380791 -3.7485032
-2.8405631 7.4425883 -3.8848331
-3.9701235 9.0484753 -3.972604
-4.340868 11.373553 -4.1265645
-5.4392848 12.396902 -4.1467376
-4.9429584 15.131925 -4.2921419
-7.9937463 18.218882 -4.5199265
-6.3075161 16.526388 -4.3952012
-9.54 19.142628 -4.6292453
-7.1346292 21.841307 -4.6120491
-9.5089369 24.914463 -4.9577765
-1.2502207 3.3138583 -3.6426189
-2.2796714 5.2503996 -3.7492518
-2.8147316 7.4607801 -3.8860004
-3.9337747 9.060029 -3.9706862
-4.2943606 11.382713 -4.1235914
-5.3916411 12.417698 -4.1453266
-4.8909268 15.169747 -4.2932544
-7.9269066 18.256765 -4.5189629
-6.2397866 16.539295 -4.3913436
-9.4540539 19.154062 -4.623539
-7.0556087 21.883745 -4.6110568
-9.4272966 24.988169 -4.9594531
-1.2372648 3.3109779 -3.6384058
-2.2646871 5.2610741 -3.7501037
-2.7912769 7.4695868 -3.8852305
-3.9068522 9.0759735 -3.9707239
-4.2585764 11.39615 -4.122417
-5.3557448 12.441882 -4.1455679
-4.8444514 15.188833 -4.2921867
-7.8647733 18.270584 -4.5155869
-6.1863961 16.555084 -4.3890424
-9.3955841 19.187256 -4.6224661
-6.9892449 21.913412 -4.6095934
-9.3221731 24.946569 -4.9477649
-1.2231861 3.308476 -3.6341536
-2.2463098 5.2689471 -3.7495518
-2.7706285 7.4940009 -3.8885665
-3.8782494 9.0968275 -3.9715466
-4.220149 11.414666 -4.1218758
-5.3169632 12.471477 -4.1463699
-4.7878151 15.194253 -4.2883797
-7.7993879 18.294254 -4.5131159
-6.136869 16.599014 -4.3907008
-9.3302965 19.223524 -4.6211972
-6.9091148 21.926252 -4.6053596
-9.2599754 25.046396 -4.9535103
-1.2122971 3.3163414 -3.6356852
-2.2284815 5.2806931 -3.7503104
-2.7377577 7.489368 -3.8834577
-3.8494937 9.1219034 -3.9731979
-4.1810107 11.43751 -4.1220298
-5.2727661 12.494543 -4.1456881
-4.7309136 15.207894 -4.2857347
-7.7384934 18.337423 -4.5133004
-6.0746236 16.617647 -4.3880835
-9.2580509 19.253994 -4.6187458
-6.8227782 21.932358 -4.5999804
-9.166748 25.076414 -4.9499793
-1.1988255 3.3135257 -3.6314483
-2.2094707 5.2845006 -3.7484331
-2.7129049 7.4984064 -3.8826265
-3.8222706 9.1419144 -3.9740489
-4.1471062 11.462505 -4.1230764
-5.2374372 12.526638 -4.1472321
-4.6792817 15.219695 -4.2832694
-7.6776376 18.362986 -4.5114455
-6.0249057 16.6527 -4.3886147
-9.1889925 19.273781 -4.6153893
-6.7593923 21.985401 -4.6012974
-9.0862522 25.114189 -4.948153
-1.1884741 3.3211033 -3.632993
-2.1910121 5.2921805 -3.7478666
-2.6880376 7.5115232 -3.8827937
-3.788826 9.1515474 -3.9721825
-4.1070724 11.476911 -4.1217299
-5.1967244 12.552192 -4.1472917
-4.6249728 15.232124 -4.2806969
-7.6028118 18.363865 -4.5056062
-5.9694304 16.681135 -4.3878446
-9.1267796 19.316566 -4.6151357
-6.6895738 22.031788 -4.6014614
-9.0066128 25.168316 -4.9480681
-1.1762927 3.3254375 -3.6325805
-2.1745198 5.3073044 -3.7499514
-2.6604865 7.5213265 -3.881861
-3.753757 9.1617155 -3.970259
-4.0623302 11.484407 -4.1187625
-5.1491718 12.567475 -4.1451678
-4.5668225 15.241344 -4.2773819
-7.5324221 18.384222 -4.502419
-5.900269 16.680351 -4.382216
-9.0559139 19.34989 -4.6131625
-6.6145029 22.075287 -4.600965
-8.9103022 25.189865 -4.9435115
-1.1676545 3.3361628 -3.6360712
-2.1583581 5.3180547 -3.7507453
-2.6394191 7.541213 -3.8841524
-3.7233572 9.1741123 -3.9693129
-4.0189834 11.482833 -4.1143813
-5.1074715 12.58448 -4.1438699
-4.5173898 15.260223 -4.2761483
-7.4759221 18.420191 -4.5021772
-5.8475604 16.70735 -4.381516
-8.9732208 19.339979 -4.6054821
-6.539 22.089437 -4.5972757
-1.1536299 3.3333671 -3.6318064
-2.141216 5.3291316 -3.7515047
-2.6156428 7.5577941 -3.8853431
-3.6957293 9.1980581 -3.9709642
-3.9814684 11.504292 -4.1145477
-5.066474 12.609614 -4.1438932
-4.4663234 15.283545 -4.2754335
-7.402647 18.423962 -4.4968505
-5.7905045 16.73143 -4.3801084
-8.895648 19.349426 -4.6003671
-6.458487 22.100634 -4.5929351
-8.6497974 24.99324 -4.9052529
-1.1431617 3.3408034 -3.6333375
-2.1211784 5.3329935 -3.7495766
-2.5867074 7.5594559 -3.8823409
-3.6665232 9.2182465 -3.9717202
-3.9438589 11.525628 -4.1147027
-5.0224304 12.627221 -4.1425037
-4.417366 15.314349 -4.2759666
-7.3294463 18.427443 -4.4915123
-5.7294884 16.743996 -4.3769112
-8.8214369 19.365828 -4.5963054
-6.390161 22.153734 -4.5939956
-8.572854 25.053514 -4.9060516
-1.1326554 3.348207 -3.6348648
-2.102551 5.3403649 -3.7489851
-2.5577915 7.561007 -3.879334
-3.6386688 9.2420206 -3.9733505
-3.9048762 11.543082 -4.1140766
-4.9841528 12.659477 -4.1439009
-4.3617039 15.322011 -4.2727008
-7.2533879 18.42321 -4.4850607
-5.6786742 16.786551 -4.3784299
-8.7570705 19.403774 -4.5954289
-6.3040495 22.14518 -4.5871601
-8.5339947 25.227072 -4.9210854
-1.1198106 3.3487027 -3.6325254
-2.0866926 5.3548503 -3.7510693
-2.5338693 7.5773306 -3.8805037
-3.6078186 9.2583494 -3.9732022
-3.8645566 11.556643 -4.1126699
-4.9384847 12.673093 -4.141788
-4.314652 15.36015 -4.2744627
-7.1788874 18.422392 -4.4791493
-5.6187749 16.802492 -4.3757944
-8.6778755 19.408718 -4.589736
-6.224545 22.159365 -4.5832624
-8.464879 25.313536 -4.925137
-1.1086673 3.3562264 -3.6340256
-2.0670531 5.362462 -3.7504373
-2.5060816 7.5865664 -3.8795285
-3.5767057 9.2788858 -3.9738762
-3.8283992 11.589568 -4.115026
-4.8977275 12.705952 -4.1430864
-4.2562022 15.368185 -4.27107
-7.1170621 18.46347 -4.4791751
-5.552155 16.807829 -4.3712721
-8.6034536 19.433092 -4.5865941
-6.1454201 22.189724 -4.5811648
-8.3707962 25.340597 -4.9214058
-1.098117 3.3596933 -3.6336534
-2.050195 5.3689299 -3.7498913
-2.4810145 7.5906734 -3.8776424
-3.5531759 9.3048477 -3.9764638
-3.7944329 11.609082 -4.1152763
-4.8648767 12.739852 -4.1452837
-4.2089477 15.385322 -4.2698588
-7.0604415 18.489468 -4.4778447
-5.5092287 16.855507 -4.3741255
-8.553586 19.485615 -4.5885243
-6.0588145 22.147295 -4.570663
-8.2886572 25.359179 -4.9176469
-1.0852692 3.3600557 -3.6313069
-2.0287192 5.3688469 -3.7466018
-2.4520936 7.5918221 -3.8746142
-3.5206759 9.317193 -3.9754045
-3.7563281 11.629807 -4.1153731
-4.8260021 12.771637 -4.1466246
-4.1624827 15.426835 -4.2722011
-6.9930406 18.506535 -4.4746413
-5.4552627 16.889807 -4.3743939
-8.4839287 19.51169 -4.5859785
-6.0033178 22.249269 -4.5779891
-8.1878138 25.349939 -4.9097686
-1.0707443 3.3571033 -3.6270075
-2.0090289 5.376246 -3.7459559
-2.4266367 7.6082311 -3.8757076
-3.4878883 9.3337364 -3.9751658
-3.7160916 11.651058 -4.1153855
-4.7722011 12.770612 -4.1416016
-4.1181974 15.488176 -4.2775588
-6.9112 18.494663 -4.4669266
-5.3945365 16.913485 -4.3727722
-8.3981571 19.509655 -4.5790615
-5.9340491 22.317434 -4.5807219
-8.0972795 25.387392 -4.9073977
-1.0617852 3.3675508 -3.6304667
-1.989852 5.3792667 -3.7440283
-2.4025714 7.6199794 -3.875845
-3.452801 9.3341303 -3.9714978
-3.6738524 11.651965 -4.1116982
-4.7325821 12.793828 -4.1415963
-4.0637779 15.490191 -4.2736897
-6.8442898 18.502512 -4.4627066
-5.3336205 16.916075 -4.3684053
-8.319314 19.504353 -4.5723372
-5.8610163 22.340853 -4.5783467
-7.9986267 25.368391 -4.8987026
-1.0478684 3.3643141 -3.6261842
-1.9737111 5.3934135 -3.7460802
-2.3759596 7.6283193 -3.8748846
-3.4174829 9.3387012 -3.968652
-3.6343391 11.668506 -4.1109962
-4.6988311 12.840146 -4.1456838
-4.0086875 15.500424 -4.2709603
-6.7824073 18.533781 -4.4616556
-5.2769141 16.942202 -4.3674493
-8.2496319 19.529596 -4.569746
-5.7839999 22.36504 -4.5758033
-7.900528 25.365644 -4.8917279
-1.0355296 3.3681324 -3.6257365
-1.9552393 5.4042344 -3.7467566
-2.3502877 7.6444745 -3.8759532
-3.3872638 9.3623152 -3.9701498
-3.5938766 11.689335 -4.1109743
-4.6530881 12.861023 -4.1448054
-3.9528286 15.518874 -4.2693663
-6.717144 18.566023 -4.4604788
-5.20892 16.942375 -4.362258
-8.1702919 19.541288 -4.5649118
-5.7039552 22.393827 -4.5735745
-7.8415408 25.505159 -4.9020309
-1.0243555 3.3715475 -3.6253288
-1.9334129 5.3998084 -3.742142
-2.3249261 7.6522255 -3.8750279
-3.3628621 9.3921022 -3.9735074
-3.5574028 11.70878 -4.1110897
-4.6144381 12.887615 -4.1454568
-3.9042575 15.543485 -4.2692223
-6.6501622 18.573168 -4.4562178
-5.1538706 16.963369 -4.3607936
-8.0993385 19.55352 -4.5608025
-5.6355038 22.435858 -4.5735812
-7.7093153 25.374319 -4.8796234
-1.0115377 3.3716307 -3.6229689
-1.9145509 5.4065256 -3.7415037
-2.2981987 7.660295 -3.8740473
-3.3313737 9.4075098 -3.9732771
-3.5142264 11.713527 -4.1080599
-4.5747299 12.918641 -4.1467142
-3.8576267 15.587947 -4.2720828
-6.5799561 18.581224 -4.4518356
-5.0980582 16.992714 -4.3603792
-8.0280008 19.574289 -4.5576329
-5.5504332 22.428261 -4.5670838
-7.6183915 25.393421 -4.8754301
-1.0002013 3.3787918 -3.62444
-1.8972659 5.4207778 -3.7435009
-2.2701049 7.6686678 -3.8730109
-3.2942576 9.4121962 -3.9703431
-3.4701412 11.722525 -4.105711
-4.5326028 12.950336 -4.1478796
-3.8061199 15.625201 -4.2735643
-6.5052142 18.586388 -4.446784
-5.0402646 17.026577 -4.3604231
-7.9546976 19.599884 -4.5548701
-5.4719672 22.463976 -4.5657673
-7.567215 25.562897 -4.8893929
-0.98840177 3.3822625 -3.6240025
-1.8808528 5.4346476 -3.7455237
-2.2444243 7.6803102 -3.8730578
-3.2575071 9.4124336 -3.9665794
-3.4280901 11.730757 -4.1034288
-4.4873724 12.96608 -4.1463299
-3.7487707 15.626772 -4.2695179
-6.4363837 18.597668 -4.4429226
-4.9830403 17.05172 -4.3593884
-7.8713541 19.59049 -4.5474381
-5.4009762 22.514 -4.5665259
-7.4700994 25.562315 -4.8827929
-0.97315979 3.3715892 -3.6158786
-1.8603264 5.4335651 -3.7422316
-2.2211201 7.6952462 -3.874187
-3.2275586 9.4269218 -3.966382
-3.3935747 11.757308 -4.1050305
-4.445642 12.98465 -4.1455412
-3.6932683 15.623611 -4.2649479
-6.3720956 18.611357 -4.4397054
-4.9297876 17.079639 -4.3590331
-7.8048749 19.612772 -4.5448599
-5.326293 22.531784 -4.5635357
-7.3886199 25.598459 -4.8810387
-0.96535659 3.388912 -3.6231408
-1.8388768 5.4327297 -3.738904
-2.1920941 7.6954098 -3.8711011
-3.2009656 9.4568501 -3.9696317
-3.3546846 11.776717 -4.1050167
-4.4092116 13.026461 -4.1488228
-3.6387053 15.63641 -4.262753
-6.3109231 18.644827 -4.4390864
-4.86795 17.089077 -4.3556285
-7.7290459 19.621332 -4.5400457
-5.2421737 22.526907 -4.5574632
-7.3003073 25.627939 -4.8781562
-0.95254093 3.3887706 -3.6207693
-1.8223476 5.4464207 -3.7409112
-2.1652205 7.7030134 -3.8700886
-3.1704466 9.475462 -3.9702358
-3.3124843 11.784532 -4.1027045
-4.3637176 13.04177 -4.1472363
-3.5876615 15.664545 -4.2630363
-6.2470732 18.670525 -4.4373608
-4.8104291 17.113638 -4.3545475
-7.6561613 19.637032 -4.536273
-5.159946 22.529497 -4.5523481
-7.2097292 25.649416 -4.8743153
-0.94420534 3.4023907 -3.6261184
-1.8042752 5.452435 -3.7402775
-2.1386132 7.7063723 -3.8680823
-3.1352797 9.4746675 -3.9665012
-3.2733839 11.795454 -4.1012239
-4.321691 13.059947 -4.1464114
-3.5374446 15.684127 -4.2621698
-6.1788521 18.672201 -4.4324684
-4.7600441 17.15255 -4.3558974
-7.5852437 19.647419 -4.5320683
-5.0948658 22.589336 -4.5546308
-7.1235571 25.669336 -4.8706245
-0.92945224 3.3951759 -3.6198926
-1.7852327 5.4586987 -3.7396061
-2.1127377 7.7175736 -3.8680956
-3.0985038 9.4742823 -3.9627037
-3.2321928 11.806807 -4.0996556
-4.2760792 13.07495 -4.1448026
-3.4818158 15.692492 -4.2593141
-6.1099186 18.682274 -4.4285383
-4.6969876 17.157524 -4.3518686
-7.5194693 19.681232 -4.5309005
-5.0125279 22.591387 -4.5494814
-7.0254788 25.663221 -4.8634739
-0.91570592 3.3913996 -3.6155908
-1.764984 5.4612317 -3.737597
-2.0878317 7.7324739 -3.8691387
-3.0654156 9.4850397 -3.9615302
-3.1909621 11.818017 -4.0980783
-4.2340851 13.101149 -4.1452579
-3.4363613 15.747352 -4.2638979
-6.0422182 18.695892 -4.425138
-4.6349931 17.166117 -4.3484111
-7.4549623 19.718561 -4.5302396
-4.9379005 22.628252 -4.5486593
-6.9483562 25.733866 -4.8656459
-0.90759218 3.4085884 -3.6228294
-1.7447367 5.4636908 -3.7355838
-2.0598159 7.7359252 -3.8670633
-3.0358922 9.506979 -3.9629762
-3.1496863 11.829084 -4.0964909
-4.1895337 13.119639 -4.1443167
-3.3838735 15.770932 -4.263494
-5.9769154 18.716873 -4.4228091
-4.5832448 17.213013 -4.35076
-7.3832836 19.736988 -4.5269299
-4.8672538 22.684397 -4.5502229
-6.8543658 25.742523 -4.8603239
-0.89601368 3.4153979 -3.6242695
-1.7223841 5.4627008 -3.7322004
-2.0294597 7.7358336 -3.8638942
-3.0010288 9.5180416 -3.9617255
-3.1083262 11.848224 -4.096333
-4.14501 13.146284 -4.1446624
-3.3260515 15.783228 -4.2611017
-5.9058781 18.731041 -4.4192624
-4.5201292 17.229692 -4.3483195
-7.3178229 19.782633 -4.5271673
-4.7865543 22.713804 -4.5482249
-6.7630162 25.779062 -4.8580718
-0.8855902 3.4218607 -3.6257517
-1.7076966 5.4794154 -3.7355421
-2.0067418 7.7539139 -3.866004
-2.9753273 9.5468102 -3.9649613
-3.0700099 11.86231 -4.0955648
-4.104939 13.171349 -4.1451588
-3.2696481 15.774673 -4.2558289
-5.8425388 18.746714 -4.4164782
-4.4599671 17.233011 -4.3443561
-7.2521758 19.806795 -4.5249872
-4.7120109 22.733465 -4.5455737
-6.6744823 25.789749 -4.8533525
-0.87364107 3.4249306 -3.6252851
-1.6874273 5.4816608 -3.7335165
-1.9786955 7.7570701 -3.8639116
-2.9431493 9.560914 -3.9646263
-3.0295677 11.876799 -4.0947061
-4.0566006 13.177996 -4.1421113
-3.216157 15.793795 -4.2547665
-5.7723742 18.75174 -4.4119387
-4.3997893 17.248472 -4.3420062
-7.1639662 19.779444 -4.5153327
-4.635819 22.765423 -4.544179
-6.584425 25.812887 -4.8498359
-0.86019808 3.4245942 -3.6228704
-1.6662035 5.4841237 -3.7314522
-1.9483379 7.7566628 -3.8607256
-2.9046376 9.5602922 -3.9607251
-2.9860132 11.887823 -4.0929966
-4.0071139 13.188971 -4.1396589
-3.1590247 15.809383 -4.252955
-5.7024417 18.768953 -4.4088893
-4.3433347 17.29155 -4.3435812
-7.0819988 19.779264 -4.5092249
-4.5562553 22.801844 -4.5430746
-6.4829526 25.809732 -4.8428721
-0.84796625 3.4239089 -3.6205013
-1.649117 5.4933081 -3.7321153
-1.9235499 7.7668886 -3.860745
-2.8683748 9.5547295 -3.9560673
-2.9503934 11.913067 -4.0944715
-3.9679325 13.217422 -4.1408086
-3.1127241 15.851034 -4.2556849
-5.6482053 18.814512 -4.4103866
-4.2898073 17.321337 -4.3436356
-7.0230389 19.821449 -4.5096226
-4.4852381 22.840336 -4.5427608
-6.4040561 25.858227 -4.8427396
-0.83858609 3.4374139 -3.6257894
-1.631025 5.5027246 -3.7327378
-1.8954948 7.7697453 -3.8586361
-2.8372488 9.5722628 -3.9565828
-2.9125495 11.938712 -4.0958505
-3.9217672 13.231193 -4.1391063
-3.0588777 15.869626 -4.2545757
-5.5836248 18.83794 -4.4085031
-4.2293139 17.336206 -4.341238
-6.9590807 19.860914 -4.5093589
-4.4107676 22.883303 -4.5427332
-6.3241625 25.923115 -4.844254
-0.82488912 3.4332702 -3.6214709
-1.6139716 5.5157781 -3.734684
-1.8683635 7.7763138 -3.8575556
-2.8071501 9.5934887 -3.9579613
-2.8708603 11.948806 -4.0941901
-3.8766775 13.248618 -4.1380806
-3.002727 15.876292 -4.2516036
-5.525682 18.884121 -4.4098382
-4.1678457 17.346987 -4.3382487
-6.8871017 19.877541 -4.5059381
-4.3382883 22.937794 -4.5441132
-6.2364402 25.956682 -4.8420358
-0.81373507 3.4396563 -3.6229107
-1.5947092 5.5213776 -3.7339659
-1.8394035 7.7751546 -3.854404
-2.7703571 9.591835 -3.9540961
-2.828223 11.954893 -4.0917645
-3.8381352 13.288814 -4.1411662
-2.9494729 15.898426 -4.2510834
-5.4630561 18.914793 -4.4089956
-4.1081896 17.365309 -4.3364019
-6.8254399 19.924116 -4.50668
-4.2618403 22.972427 -4.5430784
-6.145802 25.978292 -4.8384085
-0.7984336 3.4283533 -3.6147509
-1.5764809 5.5306153 -3.7345717
-1.8131397 7.7853484 -3.8543439
-2.7422738 9.6204548 -3.9571989
-2.7864726 11.964693 -4.0900855
-3.7917218 13.302132 -4.1394272
-2.8939552 15.908626 -4.2487016
-5.4013686 18.9491 -4.4086733
-4.0466399 17.375662 -4.3333859
-6.7571263 19.951603 -4.5047908
-4.1866231 23.014668 -4.5429735
-6.0559835 26.003479 -4.8352213
-0.788082 3.4381862 -3.6181045
-1.5561239 5.5323763 -3.7325163
-1.7877069 7.7992759 -3.8553081
-2.7097473 9.6337719 -3.9568043
-2.7464662 11.98208 -4.0899067
-3.7409611 13.299972 -4.1349325
-2.8391082 15.92255 -4.246923
-5.3330336 18.960154 -4.4051046
-3.9877474 17.397449 -4.332087
-6.6785741 19.94857 -4.4987125
-4.1104717 23.052729 -4.542367
-5.9678597 26.036139 -4.8329344
-0.7768724 3.4444528 -3.6195352
-1.5368013 5.537775 -3.7317846
-1.7587433 7.7978163 -3.8521404
-2.6782143 9.6507902 -3.9572713
-2.7072401 12.003207 -4.0904708
-3.6976995 13.324447 -4.1352301
-2.7841923 15.936287 -4.2451305
-5.264679 18.970966 -4.4015226
-3.925236 17.403488 -4.3284683
-6.6088948 19.971762 -4.4962692
-4.0347824 23.094471 -4.5422111
-5.8822064 26.080193 -4.8320045
-0.76484501 3.4471436 -3.6190445
-1.5174626 5.5431051 -3.7310483
-1.7289659 7.7924199 -3.8479385
-2.6424248 9.6524544 -3.9542482
-2.6661868 12.016459 -4.0895152
-3.6511686 13.337272 -4.1334591
-2.7319093 15.965535 -4.245779
-5.2015905 19.000772 -4.4006109
-3.8627388 17.409298 -4.3248382
-6.5354209 19.983324 -4.4922481
-3.9615567 23.151711 -4.5439291
-5.7946005 26.116165 -4.8301287
-0.75246412 3.442446 -3.6147661
-1.5010474 5.5515628 -3.7317083
-1.7053157 7.8016443 -3.8479648
-2.6151845 9.6721544 -3.9556966
-2.6267304 12.017021 -4.0864606
-3.6082149 13.344836 -4.1311707
-2.6830604 15.981893 -4.2448153
-5.1439586 19.024721 -4.3993988
-3.8063276 17.413557 -4.3214469
-6.4701557 19.996161 -4.4889812
-3.8947582 23.199482 -4.545022
-5.7116771 26.130337 -4.8263059
-0.73923975 3.4453101 -3.6142216
-1.4777365 5.5498419 -3.7282362
-1.6745224 7.8043008 -3.8457017
-2.5790417 9.6859446 -3.9551368
-2.5855608 12.050298 -4.0890765
-3.5600147 13.370123 -4.1312518
-2.6223149 15.99601 -4.2427363
-5.0626535 19.013489 -4.3923035
-3.7436142 17.447536 -4.3215642
-6.3908954 20.013254 -4.4852028
-3.8095207 23.237913 -4.5439577
-5.6154857 26.171604 -4.8244662
-0.72496343 3.4372282 -3.6079752
-1.4583534 5.5549669 -3.7274871
-1.648887 7.8177752 -3.8466318
-2.5492277 9.7101803 -3.9573035
-2.5426595 12.055368 -4.0865836
-3.5112991 13.374776 -4.1280794
-2.5670886 16.008997 -4.2408886
-4.9992876 19.042625 -4.3913417
-3.6917334 17.503408 -4.3253536
-6.3101816 20.001179 -4.478024
-3.7321692 23.274727 -4.5432229
-5.5331564 26.234043 -4.8257241
-0.71517056 3.4503865 -3.6132236
-1.440888 5.5674806 -3.7293835
-1.6200011 7.8157997 -3.8434408
-2.5163145 9.7228451 -3.9568541
-2.5005713 12.064168 -4.0848341
-3.4646003 13.386949 -4.126265
-2.5124362 16.02573 -4.2396393
-4.9278007 19.040642 -4.3860855
-3.6298158 17.512281 -4.3222408
-6.2332134 20.000214 -4.4723935
-3.6496816 23.27972 -4.5386853
-5.4342709 26.217993 -4.8177996
-0.70384449 3.4564145 -3.6146355
-1.4214436 5.5724764 -3.7286241
-1.5927067 7.8214073 -3.8423011
-2.4784496 9.7162504 -3.9520581
-2.4600244 12.0806 -4.0845766
-3.4198122 13.406669 -4.1258044
-2.4582856 16.046213 -4.2389855
-4.8603144 19.053862 -4.3829546
-3.5694549 17.528753 -4.3202596
-6.1610074 20.014223 -4.4688234
-3.5720198 23.316002 -4.5379057
-5.3522768 26.283772 -4.8194594
-0.69298309 3.4586084 -3.6141801
-1.4039314 5.5769148 -3.727937
-1.5673583 7.8225265 -3.8402436
-2.4498444 9.7316532 -3.952594
-2.4205034 12.080487 -4.0814838
-3.3815637 13.432774 -4.1268797
-2.4131825 16.089304 -4.2422256
-4.8092022 19.103861 -4.3854074
-3.5175059 17.555515 -4.3202381
-6.0934548 20.018204 -4.4644589
-3.5076423 23.386345 -4.5417075
-5.2712531 26.30829 -4.8169088
-0.6802054 3.4574494 -3.6117573
-1.3853815 5.5855198 -3.7284927
-1.5415552 7.8356466 -3.8411458
-2.4168086 9.7439833 -3.952121
-2.3790827 12.092756 -4.0804567
-3.3336926 13.440636 -4.1243491
-2.3610404 16.125214 -4.2439747
-4.7415218 19.116659 -4.3822441
-3.4608171 17.591158 -4.3210845
-6.0212374 20.031706 -4.4608622
-3.4259813 23.398447 -4.5380521
-5.1832361 26.346127 -4.8153186
-0.66684103 3.4563599 -3.6093071
-1.3621579 5.5793343 -3.7237122
-1.5143099 7.848948 -3.8419821
-2.3810763 9.7527752 -3.9507051
-2.3317347 12.085812 -4.0755835
-3.2834611 13.4489 -4.1217151
-2.3007932 16.125874 -4.2400999
-4.6723652 19.137787 -4.3799992
-3.3970697 17.607639 -4.3189259
-5.9386921 20.023027 -4.4540215
-3.3475246 23.462238 -4.5403047
-5.0866313 26.364946 -4.8112307
-0.65537626 3.4585524 -3.60882
-1.3427488 5.5800762 -3.7216532
-1.4868144 7.8462181 -3.8388245
-2.3496487 9.7644615 -3.9502826
-2.294601 12.109071 -4.0768747
-3.2388477 13.459716 -4.1199389
-2.2478578 16.13736 -4.2382936
-4.6107478 19.160934 -4.3785357
-3.3356965 17.60314 -4.3141627
-5.8722644 20.04261 -4.4515595
-3.2702582 23.477167 -4.5372615
-5.00141 26.393446 -4.8088779
-0.64329875 3.4608192 -3.6083043
-1.3232609 5.5847292 -3.7208736
-1.4615653 7.8629298 -3.8407295
-2.3173702 9.7802963 -3.9506483
-2.2537653 12.124809 -4.0765657
-3.1918411 13.47094 -4.1180582
-2.19151 16.145107 -4.2357397
-4.5419903 19.169147 -4.3747959
-3.2713106 17.598999 -4.3092594
-5.8011522 20.059153 -4.4484358
-3.1855962 23.468655 -4.5312018
-4.9172721 26.453945 -4.8099384
-0.63121504 3.4630435 -3.6077862
-1.3081348 5.6080709 -3.7266967
-1.4327047 7.8602667 -3.8375039
-2.2823205 9.7844763 -3.948411
-2.2121427 12.136507 -4.0754981
-3.1457057 13.485872 -4.116847
-2.1356649 16.156607 -4.2337809
-4.4768667 19.192657 -4.373167
-3.2141519 17.633842 -4.3100395
-5.7376752 20.10231 -4.4489031
-3.1062772 23.499424 -4.5298133
-4.8227577 26.459158 -4.8046174
-0.61848438 3.461657 -3.6053538
-1.2859638 5.6013398 -3.7219429
-1.4052565 7.8652201 -3.8363218
-2.250803 9.8039398 -3.9496224
-2.1704595 12.148061 -4.07442
-3.0994985 13.500648 -4.1156235
-2.0777268 16.152117 -4.2293849
-4.4151964 19.231503 -4.3736415
-3.15608 17.664579 -4.3102303
-5.6717939 20.137585 -4.448318
-3.0288091 23.545771 -4.5302711
-4.7261462 26.452238 -4.7979207
-0.60827506 3.4745073 -3.610564
-1.2672564 5.609551 -3.7224696
-1.3777987 7.8700767 -3.835134
-2.216574 9.8117352 -3.9482331
-2.1259973 12.143837 -4.0703464
-3.0532393 13.515262 -4.1143889
-2.0228264 16.171122 -4.2286134
-4.3524494 19.266256 -4.3735657
-3.0957873 17.683342 -4.3086987
-5.6046863 20.168795 -4.4471989
-2.9481037 23.568085 -4.5278997
-4.6386223 26.496115 -4.797092
-0.59430408 3.4658899 -3.6043055
-1.2459947 5.60642 -3.7190311
-1.3476647 7.8593736 -3.82985
-2.1797359 9.8078384 -3.9442477
-2.0822499 12.143362 -4.0670123
-3.0077651 13.533601 -4.1138196
-1.9711676 16.217623 -4.2320604
-4.2860308 19.285229 -4.3713512
-3.0360584 17.705828 -4.3077178
-5.538465 20.203636 -4.4465733
-2.8648474 23.570303 -4.5231762
-4.5487981 26.527893 -4.794879
-0.58520234 3.4858196 -3.6133268
-1.2280606 5.6182613 -3.7208674
-1.321519 7.871767 -3.8306963
-2.1446402 9.8115273 -3.9419823
-2.0398459 12.150558 -4.0651617
-2.9622009 13.551789 -4.1132379
-1.9122075 16.204628 -4.2264199
-4.2195339 19.30397 -4.3691206
-2.9755509 17.724182 -4.3061538
-5.4762383 20.253675 -4.4479795
-2.7816124 23.572227 -4.5184379
-4.4627771 26.583004 -4.7953482
-0.57244396 3.4842637 -3.6108842
-1.2092524 5.6262798 -3.7213788
-1.2940348 7.8763313 -3.8294919
-2.1112111 9.8228178 -3.9414339
-1.9980656 12.161518 -4.0640473
-2.9173882 13.573711 -4.1133199
-1.8560874 16.21516 -4.2243962
-4.1554828 19.334187 -4.3684587
-2.915606 17.746262 -4.30514
-5.4044814 20.268808 -4.4447479
-2.6997721 23.585762 -4.5150809
-4.3699632 26.598417 -4.7912807
-0.56027722 3.4862406 -3.6103487
-1.1911967 5.6380043 -3.7232027
-1.2671536 7.8846731 -3.8293018
-2.0777249 9.8339949 -3.9408765
-1.9562284 12.172337 -4.062922
-2.8691638 13.579922 -4.1106839
-1.7999095 16.2255 -4.2223592
-4.0995116 19.403231 -4.3730521
-2.8536377 17.75633 -4.3024125
-5.3407969 20.314577 -4.4455972
-2.622263 23.638702 -4.5163479
-4.2770839 26.61351 -4.7871928
-0.54693443 3.4846895 -3.6078756
-1.1666133 5.6234741 -3.7157557
-1.23764 7.8853898 -3.8270042
-2.0432751 9.8492823 -3.9410992
-1.911604 12.179424 -4.0609493
-2.8201823 13.594239 -4.1092906
-1.741281 16.239908 -4.2207789
-4.0316138 19.433752 -4.3722038
-2.7959599 17.813932 -4.306314
-5.2703123 20.349472 -4.4447503
-2.5351846 23.644182 -4.511827
-4.1751823 26.601387 -4.7797351
-0.53598487 3.4863904 -3.6073895
-1.148942 5.6271114 -3.715018
-1.2134587 7.8931155 -3.8269238
-2.0123246 9.8556538 -3.9398074
-1.8727311 12.181447 -4.0585079
-2.778259 13.60693 -4.1081824
-1.6906683 16.24926 -4.2189822
-3.9753342 19.46978 -4.3728137
-2.740591 17.826567 -4.3043938
-5.2113037 20.385265 -4.4448094
-2.4633756 23.675863 -4.5111136
-4.0982723 26.657801 -4.780961
-0.52327257 3.4846551 -3.6049397
-1.1285338 5.6273112 -3.712878
-1.1841496 7.8856668 -3.8226385
-1.9747986 9.8471174 -3.9349272
-1.8307846 12.191834 -4.0573545
-2.7354333 13.63994 -4.1102371
-1.6339333 16.255062 -4.2163057
-3.91362 19.514839 -4.3741708
-2.6777515 17.832083 -4.3010559
-5.1362076 20.387848 -4.4399753
-2.3819082 23.696234 -4.5086007
-4.0069666 26.683792 -4.7781563
-0.51163226 3.4900475 -3.6063018
-1.1073967 5.6236572 -3.7094185
-1.156618 7.8897524 -3.8214064
-1.9404157 9.8539505 -3.9334793
-1.787643 12.194225 -4.054708
-2.6878073 13.649405 -4.1082315
-1.5791084 16.280485 -4.2166195
-3.8431675 19.516632 -4.3697252
-2.6201196 17.872879 -4.3027749
-5.0650139 20.405651 -4.4371696
-2.3034239 23.748125 -4.5097613
-0.49841908 3.4846346 -3.6019421
-1.0906823 5.6426163 -3.7138495
-1.1290685 7.8937416 -3.8201683
-1.9060044 9.8606634 -3.9320238
-1.7445014 12.196464 -4.0520535
-2.6393871 13.6548 -4.1055422
-1.5230061 16.293829 -4.2151155
-3.7810709 19.561272 -4.3710403
-2.5582755 17.885862 -4.3005323
-4.997541 20.438719 -4.4363847
-2.2197638 23.748068 -4.5048966
-0.48675394 3.4899435 -3.6032987
-1.0716983 5.6501732 -3.7143273
-1.1031345 7.9092884 -3.8219759
-1.8701017 9.8594894 -3.9288454
-1.7019198 12.202477 -4.0501318
-2.5917101 13.66393 -4.1035166
-1.464697 16.283178 -4.2100048
-3.7187197 19.605715 -4.3723316
-2.4996853 17.922321 -4.3016477
-4.9289746 20.46768 -4.435071
-2.1382904 23.771582 -4.5027809
-0.4745695 3.4916215 -3.6027465
-1.0526748 5.6576667 -3.7147999
-1.0739361 7.9014311 -3.8176751
-1.8378453 9.877615 -3.9299476
-1.6609204 12.220139 -4.0504203
-2.5461836 13.684624 -4.1034966
-1.4081957 16.292162 -4.2078795
-3.6582932 19.661728 -4.3751688
-2.4408717 17.958591 -4.3027411
-4.8667135 20.523602 -4.4372959
-2.0566795 23.794813 -4.5006433
-0.46237764 3.493257 -3.6021917
-1.0329179 5.6613073 -3.7139528
-1.0478903 7.9167976 -3.8194673
-1.8026428 9.8800831 -3.9276125
-1.6218956 12.2534 -4.0536528
-2.4991097 13.69734 -4.1021194
-1.350325 16.28507 -4.2033501
-3.5946467 19.701857 -4.375886
-2.3792114 17.974911 -4.3010092
-4.79776 20.55213 -4.4359388
-1.9739311 23.80583 -4.4971061
-0.45064494 3.4984448 -3.603538
-1.0138295 5.6686702 -3.7144151
-1.0197498 7.9165168 -3.8171892
-1.7709293 9.9018764 -3.9295509
-1.5786089 12.25505 -4.0509596
-2.4505849 13.702065 -4.0993896
-1.2944207 16.301596 -4.2023959
-3.5279646 19.726068 -4.3744912
-2.3179843 17.994965 -4.2998219
-4.7233133 20.557077 -4.4315195
-1.8927228 23.836456 -4.4958434
-0.43752822 3.4928029 -3.5991714
-0.99137455 5.6569977 -3.7083082
-0.9930827 7.9278131 -3.8179505
-1.7336227 9.8924265 -3.924634
-1.5333519 12.240801 -4.0453072
-2.4013638 13.702702 -4.0959792
-1.240519 16.345728 -4.2056003
-3.4570141 19.726471 -4.3699465
-2.2581241 18.026682 -4.3002958
-4.6559224 20.592909 -4.4311399
-1.809198 23.83894 -4.4913516
-0.42533252 3.4943089 -3.5986097
-0.97162056 5.6604247 -3.7074502
-0.96634918 7.9390182 -3.8187034
-1.7010847 9.9101048 -3.9256978
-1.4891727 12.234262 -4.0411267
-2.3568785 13.7306 -4.0972495
-1.1834499 16.349958 -4.2028236
-3.3935308 19.769884 -4.3711243
-2.1951809 18.034456 -4.2973967
-4.5848737 20.612934 -4.4287143
-1.7256788 23.841125 -4.486845
-0.41398588 3.5029719 -3.6018496
-0.95249838 5.6675792 -3.7078996
-0.93679512 7.9267607 -3.8133683
-1.6658335 9.9120836 -3.9233344
-1.4473979 12.247264 -4.0406246
-2.3082857 13.734818 -4.0944891
-1.1269293 16.361935 -4.2012262
-3.3284822 19.805216 -4.3712368
-2.1331639 18.049923 -4.2956009
-4.505229 20.593712 -4.421216
-1.6435614 23.862938 -4.4846063
-0.40134189 3.5007944 -3.5993803
-0.93395776 5.6784716 -3.7096543
-0.90822423 7.9221897 -3.8100574
-1.6318624 9.9217377 -3.9226713
-1.4068947 12.271955 -4.0423193
-2.2577429 13.727097 -4.0897136
-1.0687653 16.349874 -4.1960487
-3.2632084 19.840336 -4.371326
-2.0710485 18.065184 -4.2937899
-4.4408665 20.64444 -4.422802
-1.5623317 23.90041 -4.4841671
-0.39072135 3.5165861 -3.6064138
-0.9147436 5.6855006 -3.7100923
-0.88099986 7.9292102 -3.8097804
-1.5972211 9.9273739 -3.9211471
-1.3636132 12.272847 -4.0395865
-2.2091837 13.730968 -4.086937
-1.012182 16.361454 -4.194427
-3.198374 19.879185 -4.3719134
-2.0110619 18.10004 -4.2947474
-4.3778648 20.70277 -4.4253707
-1.4781592 23.893759 -4.4786963
-0.37727961 3.5071151 -3.6001382
-0.89429176 5.6848531 -3.7079051
-0.85373372 7.9361362 -3.8094959
-1.563784 9.9406967 -3.9213197
-1.3207614 12.277532 -4.0375805
-2.1630907 13.750381 -4.0868201
-0.95552337 16.372839 -4.1927915
-3.130198 19.898111 -4.3698835
-1.9482902 18.110912 -4.2923455
-4.3136892 20.757013 -4.4274073
-1.3959023 23.918707 -4.4768472
-0.36564654 3.5083473 -3.5995917
-0.8754335 5.687788 -3.7070684
-0.82659644 7.9311218 -3.8062372
-1.530808 9.9458284 -3.9198563
-1.2820935 12.301578 -4.0393376
-2.1192918 13.769272 -4.0867963
-0.90078163 16.367964 -4.1889148
-3.0714748 19.955709 -4.3731728
-1.8878033 18.11331 -4.2889671
-4.243228 20.76338 -4.4235272
-1.3170096 23.931179 -4.4738221
-0.35303548 3.5059953 -3.597115
-0.85557538 5.6908088 -3.7061834
-0.79930139 7.9378619 -3.8059416
-1.4966712 9.95502 -3.9191606
-1.2403405 12.317822 -4.0395122
-2.0718093 13.780518 -4.0853205
-0.84446466 16.386919 -4.1884384
-3.0000222 19.95447 -4.3685155
-1.8253673 18.127722 -4.2870941
-4.1754422 20.801548 -4.4235058
-1.2336767 23.939615 -4.4701185
-0.34114644 3.5108142 -3.5984337
-0.83682549 5.7013826 -3.7079105
-0.77121043 7.9366989 -3.8036196
-1.4619147 9.9601831 -3.9176054
-1.1958033 12.306279 -4.0345449
-2.0248518 13.795535 -4.0844984
-0.78668869 16.377831 -4.1838093
-2.9344103 19.992456 -4.3690171
-1.7616968 18.130016 -4.2835436
-4.1089859 20.847328 -4.4244657
-1.1508758 23.959732 -4.4677548
-0.32855043 3.5083745 -3.5959532
-0.81637132 5.7004571 -3.7057087
-0.7434994 7.939343 -3.8023024
-1.4288167 9.976964 -3.9185925
-1.1520959 12.302477 -4.0310378
-1.9755528 13.794646 -4.0810041
-0.72897869 16.368544 -4.1791735
-2.8685603 20.030228 -4.3694944
-1.7021129 18.175747 -4.2860699
-4.0323935 20.841949 -4.4188786
-1.0672272 23.963604 -4.463562
-0.31695345 3.516721 -3.5991633
-0.79487091 5.6918263 -3.7008903
-0.7161352 7.9457965 -3.8019881
-1.3923439 9.9701462 -3.9144728
-1.1073669 12.286664 -4.025331
-1.9268413 13.797519 -4.078167
-0.67249399 16.386904 -4.1786566
-2.7997324 20.048023 -4.3673706
-1.6393769 18.18952 -4.2841477
-3.9655776 20.88727 -4.419796
-0.98324978 23.959202 -4.4584527
-0.30406103 3.517859 -3.5985456
-0.77452129 5.6985188 -3.7012508
-0.6859923 7.936645 -3.7975695
-1.3568541 9.983016 -3.9145138
-1.0643736 12.31436 -4.0275574
-1.8773255 13.81237 -4.0772018
-0.61242431 16.389259 -4.1756239
-2.7310653 20.093737 -4.3686757
-1.5740665 18.211292 -4.2831616
-3.8992124 20.956608 -4.4235334
-0.89736068 24.014523 -4.4598694
-0.29178029 3.518899 -3.597955
-0.75664806 5.7164621 -3.7055678
-0.65796167 7.9350824 -3.7952299
-1.3209635 9.9798546 -3.911232
-1.023352 12.341725 -4.0298705
-1.8275373 13.80701 -4.0730186
-0.5561586 16.419159 -4.1768408
-2.663007 20.118969 -4.3675413
-1.5101621 18.212704 -4.279552
-3.846103 21.080046 -4.4343929
-0.81393945 24.029478 -4.4569688
-0.28039789 3.5234609 -3.5992868
-0.7376886 5.7189398 -3.7047017
-0.63226825 7.9450397 -3.7959719
-1.2883695 9.988101 -3.910567
-0.98179269 12.33714 -4.0264354
-1.7807269 13.805107 -4.069602
-0.50195426 16.428879 -4.1752467
-2.5983214 20.143518 -4.3665481
-1.4478644 18.193766 -4.2733302
-3.7761819 21.092684 -4.4313822
-0.73474294 24.048014 -4.4547114
-0.26809603 3.5244184 -3.5986907
-0.71676087 5.7138362 -3.7011769
-0.60452884 7.9471989 -3.7946277
-1.253002 9.988615 -3.9081209
-0.93751484 12.324667 -4.0214324
-1.7335134 13.81913 -4.0687146
-0.44470701 16.434513 -4.1729059
-2.5289795 20.160383 -4.3643484
-1.3831331 18.182812 -4.2680511
-3.7032161 21.109673 -4.4286966
-0.65014064 24.026482 -4.4477382
-0.2550056 3.5144856 -3.5924094
-0.6982109 5.7277732 -3.7041693
-0.57735366 7.9570847 -3.7952881
-1.2176514 9.9890032 -3.9056683
-0.89506483 12.335778 -4.0207958
-1.6862305 13.832993 -4.0678148
-0.38734058 16.435963 -4.1699677
-2.4600439 20.180971 -4.3626447
-1.321101 18.207407 -4.2677107
-3.6328909 21.142136 -4.4279857
-0.56664997 24.044573 -4.4452319
-0.24248555 3.5117376 -3.5899165
-0.6768533 5.7187009 -3.6993353
-0.5493024 7.9551377 -3.7929268
-1.1832378 9.9971189 -3.9049015
-0.85226953 12.342785 -4.0194201
-1.6383978 13.842744 -4.0662422
-0.33020151 16.449158 -4.1687732
-2.3909857 20.201323 -4.3609219
-1.2578073 18.215885 -4.2651558
-3.5584011 21.150753 -4.4242682
-0.48238853 24.030432 -4.4391303
-0.23069906 3.5197978 -3.5931017
-0.65732503 5.7248554 -3.6997108
-0.52127177 7.9530935 -3.7905619
-1.1478806 9.997262 -3.9024358
-0.80969572 12.353605 -4.0187616
-1.5914251 13.860233 -4.0659781
-0.27264467 16.442247 -4.1646419
-2.3222709 20.225405 -4.3596926
-1.1952522 18.236078 -4.2642312
-3.4890838 21.190619 -4.4245114
-0.39876202 24.047943 -4.4365859
-0.21886095 3.527818 -3.596282
-0.63776481 5.7309432 -3.7000811
-0.49399456 7.9626946 -3.7912021
-1.1107931 9.9815674 -3.8965876
-0.76730841 12.368237 -4.0188179
-1.5421573 13.857799 -4.0624042
-0.21556516 16.466993 -4.1651735
-2.2538679 20.253216 -4.3589549
-1.1310993 18.232182 -4.260004
-3.4157326 21.206608 -4.4217529
-0.3146126 24.033215 -4.4304595
-0.20612229 3.5213225 -3.5918903
-0.61775738 5.7331343 -3.6991448
-0.4666566 7.9722009 -3.7918339
-1.0767932 9.9932432 -3.8966441
-0.72274184 12.347073 -4.0123334
-1.4946302 13.871004 -4.0614572
-0.15785745 16.443748 -4.1586885
-2.184444 20.27286 -4.3571758
-1.0655904 18.20418 -4.2524862
-3.3454175 21.242062 -4.4214559
-0.23076263 24.038162 -4.4265456
-0.19383009 3.5220203 -3.5912809
-0.5977425 5.7352562 -3.6982045
-0.4392584 7.9816146 -3.7924578
-1.0435447 10.012666 -3.8983772
-0.6813851 12.381217 -4.015995
-1.4466174 13.880094 -4.0598397
-0.10053346 16.456148 -4.1574426
-2.1132557 20.276396 -4.3533416
-1.0033578 18.231672 -4.2526135
-3.2748964 21.277281 -4.4211354
-0.14685732 24.038822 -4.4221711
-0.18233578 3.5262642 -3.5925903
-0.57833219 5.7333736 -3.6960073
-0.41298825 7.9869442 -3.7921417
-1.0099361 10.012137 -3.8959682
-0.63991046 12.375484 -4.0125041
-1.3997793 13.8769 -4.056354
-0.046013452 16.476305 -4.157496
-2.045599 20.279322 -4.3496604
-0.94330037 18.242861 -4.2506962
-3.2132275 21.347237 -4.4254084
-0.06723468 24.075113 -4.4219866
-0.16985025 3.5232582 -3.5900857
-0.55831397 5.7353578 -3.6950595
-0.3849152 7.9844193 -3.7897494
-0.97574449 10.023471 -3.8959968
-0.59708703 12.385568 -4.0117936
-1.3528689 13.897534 -4.0566869
0.011495973 16.464418 -4.1527338
-1.9744066 20.282368 -4.3458004
-0.87845868 18.222151 -4.2442474
-3.1427486 21.385969 -4.4255309
0.016812848 24.079195 -4.4180169
-0.1577117 3.5274513 -3.5913587
-0.53900844 5.7449417 -3.6967051
-0.35703987 7.9857149 -3.7883525
-0.93963963 10.01501 -3.8918102
-0.55278295 12.363793 -4.0052905
-1.30546 13.914052 -4.0563483
0.068888366 16.444363 -4.1468048
-1.9039631 20.293108 -4.3429418
-0.81484121 18.225107 -4.2410598
-3.0709062 21.416567 -4.4246426
0.10095482 24.098957 -4.4157963
-0.14569865 3.5352249 -3.594517
-0.51895559 5.746788 -3.6957483
-0.32916787 7.9869127 -3.7869506
-0.9050374 10.022164 -3.8909824
-0.50995719 12.373577 -4.0045643
-1.2572503 13.922484 -4.0546865
0.12624756 16.440042 -4.1431918
-1.8320527 20.287706 -4.3380418
-0.75106722 18.223858 -4.2373171
-2.9972498 21.435062 -4.4222555
0.18527326 24.12641 -4.4144359
-0.13321994 3.5320888 -3.5920057
-0.49889085 5.7485647 -3.6947873
-0.30128419 7.9880123 -3.7855432
-0.87107056 10.037077 -3.8918259
-0.46720761 12.387176 -4.0045476
-1.2082965 13.922827 -4.0517035
0.18341517 16.419588 -4.1372538
-1.7625989 20.309881 -4.3366733
-0.68729436 18.222383 -4.2335629
-2.9213254 21.437481 -4.417881
0.26904938 24.085684 -4.4055676
-0.12101456 3.5361557 -3.5932686
-0.47882277 5.7502713 -3.6938224
-0.27353477 7.9929357 -3.7851279
-0.83603144 10.040056 -3.890141
-0.42478231 12.412526 -4.0066805
-1.1593623 13.922997 -4.0487123
0.24113445 16.446722 -4.1382484
-1.6913666 20.311934 -4.3327589
-0.62423134 18.240608 -4.2325082
-2.8470066 21.451506 -4.414968
0.35270777 24.056648 -4.3980174
-0.10855804 3.532933 -3.590754
-0.45843992 5.7480683 -3.6915572
-0.24563043 7.9938416 -3.783709
-0.80223423 10.058673 -3.891803
-0.38120487 12.406002 -4.0030375
-1.112016 13.942816 -4.0489793
0.29818574 16.425871 -4.1322956
-1.6207662 20.321692 -4.3298407
-0.56116325 18.2626 -4.2319765
-2.7741492 21.47715 -4.4135103
0.43639556 24.039301 -4.3917775
-0.096125521 3.5296667 -3.5882387
-0.43837109 5.7496338 -3.6905849
-0.2177231 7.9946508 -3.782285
-0.76621395 10.04959 -3.887588
-0.33767819 12.399323 -3.9993889
-1.0636382 13.950578 -4.0472732
0.35561153 16.428713 -4.1297994
-1.5510284 20.34314 -4.3284187
-0.49718958 18.256479 -4.2276425
-2.7036355 21.522348 -4.4144826
0.52100348 24.069571 -4.3907824
-0.083976932 3.5372291 -3.5913787
-0.41857904 5.7549696 -3.6909034
-0.19000311 8.0032034 -3.7828467
-0.73170513 10.060085 -3.8875558
-0.2941145 12.388526 -3.9950171
-1.0143611 13.946273 -4.0436006
0.41325292 16.439312 -4.1284423
-1.4797229 20.34445 -4.3244615
-0.43346342 18.258102 -4.2243786
-2.6323657 21.563354 -4.4149389
0.60511392 24.071594 -4.3867011
-0.071629934 3.5375006 -3.590744
-0.39822316 5.7525535 -3.6886284
-0.16206725 8.0038185 -3.7814109
-0.69604075 10.054693 -3.8841684
-0.25119263 12.405345 -3.9956656
-0.96595103 13.953695 -4.0418749
0.47120079 16.457678 -4.128221
-1.4098051 20.365414 -4.3230047
-0.3705391 18.299364 -4.2264948
-2.5589638 21.588266 -4.4134135
0.68867362 24.053373 -4.3804221
-0.059282042 3.537729 -3.5901072
-0.37839431 5.7577519 -3.6889377
-0.13406366 8.0004139 -3.778976
-0.66094112 10.057062 -3.8824484
-0.2078909 12.406146 -3.993432
-0.91645807 13.945077 -4.0375361
0.52813101 16.440008 -4.1228137
-1.3376654 20.354284 -4.317513
-0.30626306 18.276627 -4.2199693
-2.4858758 21.616896 -4.4123564
0.77224171 24.038847 -4.3745694
-0.046931777 3.5379143 -3.5894678
-0.35829219 5.759038 -3.6879489
-0.10603004 7.9929891 -3.7755437
-0.62509251 10.047473 -3.878216
-0.16463351 12.410765 -3.9919064
-0.86826533 13.956131 -4.0364413
0.58480954 16.418165 -4.116828
-1.265859 20.346884 -4.3125134
-0.24272352 18.297518 -4.2193551
-2.4121666 21.64131 -4.4107895
0.8562966 24.039995 -4.3704448
-0.034651779 3.5453069 -3.592592
-0.33818567 5.7602534 -3.6869562
-0.078088172 7.9893889 -3.7731016
-0.59024543 10.05354 -3.8773181
-0.12138508 12.419199 -3.9910872
-0.82070571 13.978927 -4.0372815
0.64258754 16.427965 -4.1154222
-1.1957574 20.367111 -4.3110085
-0.17911962 18.326159 -4.2197962
-2.3396022 21.67738 -4.4106622
0.9406814 24.048832 -4.3671722
-0.022231331 3.5381556 -3.5881824
-0.31829017 5.765245 -3.6872513
-0.0502505 7.9974561 -3.7736313
-0.55558634 10.063432 -3.8772466
-0.078010939 12.415578 -3.9881124
-0.77256584 13.993619 -4.036809
0.69992453 16.425621 -4.1122861
-1.1270794 20.414986 -4.3129845
-0.11515217 18.326672 -4.2164617
-2.2664113 21.709236 -4.4100251
1.0251267 24.057367 -4.3638806
-0.011116463 3.5382082 -3.5876012
-0.30037791 5.7700634 -3.6876416
-0.025164023 8.0093412 -3.7752912
-0.52438122 10.073021 -3.8773403
-0.039045665 12.427667 -3.9882152
-0.7283957 13.992005 -4.0339746
0.75133842 16.419363 -4.1088834
-1.0627347 20.41444 -4.3092952
-0.057542641 18.314983 -4.2118435
-2.199811 21.732134 -4.4087515
1.0999653 24.038076 -4.3580041
0.0012377282 3.545476 -3.5907147
-0.2796728 5.7595344 -3.6827652
0.0027933421 8.0015364 -3.7718427
-0.48883063 10.066895 -3.8739204
0.0043426841 12.439631 -3.9880791
-0.67935348 13.99049 -4.0308895
0.80904424 16.424593 -4.1068692
-0.99126971 20.41404 -4.3052397
0.0063951965 18.319059 -4.209023
-2.1254849 21.755573 -4.4071007
1.18407 24.038078 -4.3538165
0.014173539 3.5309467 -3.5825095
-0.25856248 5.7605209 -3.6817076
0.032087144 7.993628 -3.7683189
-0.45210978 10.072567 -3.8729036
0.049917474 12.435563 -3.9849651
-0.62825269 13.99686 -4.0289669
0.86923438 16.421518 -4.1035442
-0.91769892 20.44544 -4.3049765
0.073549777 18.322901 -4.2060213
-2.0476055 21.783089 -4.4057331
1.2721608 24.033575 -4.3489509
0.027143758 3.5344961 -3.5837047
-0.23760447 5.7652779 -3.6819344
0.061356977 7.9895353 -3.7657812
-0.41486081 10.066258 -3.8693848
0.095559902 12.443233 -3.9839797
-0.57661623 13.99112 -4.025095
0.93099624 16.446056 -4.1041908
-0.84307969 20.456638 -4.3022017
0.14049648 18.294603 -4.1987376
-1.9681058 21.794422 -4.4024067
1.36002 24.024767 -4.3436379
0.038286109 3.5380182 -3.584995
-0.21963879 5.7698455 -3.6823087
0.086497411 7.9932241 -3.7654383
-0.38323665 10.067512 -3.8677886
0.13456269 12.434935 -3.9804838
-0.53281295 13.996837 -4.0235219
0.98384327 16.462929 -4.1041589
-0.77896494 20.463175 -4.2994547
0.19809578 18.306028 -4.1972876
-1.9006706 21.812428 -4.4005766
1.4364375 24.036316 -4.3411593
0.050479483 3.5269885 -3.5787029
-0.19949816 5.770577 -3.6812887
0.11450905 8.0007172 -3.765929
-0.34836736 10.076689 -3.8676684
0.17785172 12.426455 -3.976753
-0.48436683 14.010535 -4.0229807
1.0407972 16.451447 -4.0998192
-0.70698327 20.44982 -4.2938542
0.26210484 18.313198 -4.1949515
-1.8248566 21.822905 -4.3973989
1.5208303 24.039127 -4.337337
0.063537441 3.534029 -3.5817678
-0.17798817 5.7597189 -3.6763527
0.14390491 8.0041656 -3.7653499
-0.3115516 10.081848 -3.8666196
0.22339894 12.425719 -3.9743209
-0.43313161 14.016191 -4.0210142
1.1013581 16.451494 -4.0970106
-0.63177443 20.444296 -4.2890534
0.32937232 18.320087 -4.1924291
-1.7445359 21.82547 -4.3930569
1.6081338 24.021439 -4.3311219
0.076028004 3.5410347 -3.5848606
-0.1579887 5.7641559 -3.6766133
0.17192629 8.0075359 -3.7648387
-0.27635965 10.082874 -3.8648241
0.26693916 12.432797 -3.9734147
-0.38442424 14.025569 -4.019804
1.1607336 16.475359 -4.0977468
-0.55975497 20.422443 -4.2824459
0.39297315 18.302881 -4.1868806
-1.6701699 21.855309 -4.3922515
1.6933728 24.035597 -4.3285494
0.088298529 3.5371237 -3.5823197
-0.13777344 5.7608213 -3.6742973
0.19997677 8.010808 -3.7643211
-0.24106498 10.079826 -3.8621943
0.31053746 12.439724 -3.9724977
-0.33574507 14.038754 -4.0192237
1.2188282 16.479151 -4.0956368
-0.48874471 20.436241 -4.2802763
0.45706362 18.30937 -4.1845045
-1.5950258 21.876932 -4.3904624
1.7778578 24.037504 -4.3246746
0.10002855 3.5368114 -3.5816867
-0.11882614 5.7689486 -3.6758852
0.2265427 8.0101004 -3.7628877
-0.20779774 10.088473 -3.8621302
0.35167867 12.43466 -3.9695644
-0.28910324 14.035813 -4.0161896
1.2725519 16.463104 -4.0908546
-0.42063871 20.421793 -4.2748222
0.51834577 18.327681 -4.1838737
-1.5221874 21.878119 -4.3864412
1.8575658 24.031475 -4.320169
0.11299016 3.5364213 -3.5809851
-0.097682379 5.7693453 -3.6747949
0.25577262 8.0052967 -3.7603147
-0.17088938 10.093119 -3.8610497
0.39762899 12.445187 -3.9692183
-0.23759325 14.032803 -4.0128961
1.3328801 16.458332 -4.0874338
-0.34552056 20.407238 -4.2689934
0.58563989 18.329643 -4.1807661
-1.4422572 21.887533 -4.3829913
1.9456278 24.024508 -4.3151751
0.12458824 3.5324039 -3.578474
-0.078551151 5.7696371 -3.673805
0.28217787 8.0004845 -3.7578897
-0.13747428 10.097583 -3.8601432
0.43959332 12.463626 -3.9705071
-0.19116858 14.041466 -4.0117683
1.3864433 16.441914 -4.0826406
-0.27768692 20.396301 -4.2640166
0.64585412 18.311663 -4.175355
-1.368924 21.880243 -4.3779869
2.0256159 24.0219 -4.3110671
0.13691881 3.5319476 -3.5778019
-0.058448344 5.7737288 -3.674042
0.30980134 7.9916124 -3.7544029
-0.10222362 10.098001 -3.8583126
0.48279274 12.454085 -3.9667253
-0.14235111 14.061933 -4.0124207
1.4448777 16.448877 -4.0810513
-0.20648345 20.397146 -4.2603192
0.7102381 18.321249 -4.1734514
-1.2925335 21.884888 -4.3742166
2.1105103 24.026619 -4.3075514
0.15001605 3.5350442 -3.5789671
-0.037262563 5.770052 -3.6716568
0.3390882 7.9904227 -3.7528012
-0.06521412 10.098308 -3.8563838
0.5280968 12.444304 -3.9628205
-0.090865031 14.070312 -4.0110121
1.5040634 16.431572 -4.0759158
-0.13162418 20.381805 -4.2544627
0.77788699 18.330471 -4.1713572
-1.2118762 21.881506 -4.3692884
2.199281 24.026674 -4.3033543
0.16079013 3.5273123 -3.5746136
-0.01912358 5.7662892 -3.6694279
0.36472344 8.0010729 -3.7543671
-0.033464778 10.090558 -3.8530784
0.56718665 12.442583 -3.9606757
-0.046637755 14.062575 -4.0074244
1.5564251 16.434694 -4.0740719
-0.067635864 20.394087 -4.2525826
0.83546644 18.327936 -4.1681981
-1.1441728 21.90514 -4.3682513
2.273618 24.007721 -4.2977538
0.17328043 3.5303504 -3.5758071
0.0010048361 5.7586169 -3.6658101
0.39246005 7.9958334 -3.7518499
0.0017628064 10.102471 -3.8536978
0.6108138 12.444491 -3.9589884
0.0024545228 14.066629 -4.005486
1.6145666 16.43709 -4.0718861
0.0035593335 20.398191 -4.2493362
0.89963812 18.32889 -4.1652012
-1.0690569 21.936909 -4.3677645
2.3566322 23.991688 -4.2920837
0.18560185 3.5297239 -3.5751266
0.021133158 5.7662821 -3.6673119
0.42036662 7.9944143 -3.7503088
0.037024844 10.102404 -3.8518412
0.65466356 12.450208 -3.9579945
0.051596932 14.078466 -4.0048108
1.6747516 16.459091 -4.0724816
0.074757934 20.398056 -4.2455873
0.96423662 18.337582 -4.16324
-0.99374366 21.96842 -4.3672533
2.4407637 23.987289 -4.2876639
0.19935876 3.5326049 -3.5762458
0.043333128 5.7738619 -3.6687
0.45106176 7.9927416 -3.7486076
0.075847082 10.106139 -3.8506122
0.70224345 12.44364 -3.954644
0.10565734 14.078165 -4.0019541
1.738778 16.460459 -4.0699325
0.15299532 20.385647 -4.2399864
1.035319 18.345684 -4.1609063
-0.90921319 21.968086 -4.3625379
2.5349531 23.997597 -4.2844186
0.21023946 3.528342 -3.5737593
0.061470922 5.7736974 -3.6677382
0.47686788 8.0030317 -3.7501457
0.10750998 10.097946 -3.8472877
0.74156648 12.445333 -3.9531715
0.14988196 14.077763 -3.9996085
1.7896169 16.446999 -4.0658097
0.21686409 20.369104 -4.2346444
1.0934193 18.350302 -4.1587467
-0.84065598 21.9828 -4.3604755
2.6085992 23.973637 -4.2783589
0.22401445 3.5311272 -3.5748725
0.083582662 5.769567 -3.6652808
0.50709516 7.9933128 -3.7464774
0.14610828 10.085603 -3.8427658
0.78783727 12.418635 -3.9463065
0.20410496 14.089014 -3.9986355
1.8540896 16.451876 -4.0637932
0.29547387 20.396053 -4.2338829
1.1641192 18.349947 -4.1553383
-0.75473768 21.941984 -4.3510013
2.702415 23.979315 -4.2746572
0.23633997 3.5303237 -3.5741825
0.1037925 5.7730913 -3.6654823
0.53525811 7.9954076 -3.7458918
0.18145753 10.092935 -3.8425233
0.83118498 12.415809 -3.9438798
0.25328735 14.088215 -3.9960089
1.9096713 16.429482 -4.0582085
0.36638618 20.378937 -4.2281408
1.2292356 18.361683 -4.1538348
-0.67776537 21.932514 -4.3456912
2.7810366 23.926102 -4.2651711
0.24717543 3.5259471 -3.5716925
0.12176488 5.7650352 -3.661958
0.55982357 7.9858603 -3.7425303
0.21307908 10.088364 -3.8400066
0.87157118 12.432927 -3.9451823
0.29737481 14.079397 -3.9923718
1.9603288 16.415491 -4.0540676
0.4297286 20.345772 -4.2208371
1.2877473 18.369661 -4.1521554
-0.60908484 21.942514 -4.3431191
2.8604462 23.952934 -4.2645011
0.25948271 3.5250628 -3.5709991
0.14188939 5.7645745 -3.660876
0.58741027 7.9799466 -3.7399855
0.24829543 10.087558 -3.8381135
0.91584218 12.441682 -3.9448311
0.34642515 14.074298 -3.9890978
2.0190804 16.420408 -4.0523534
0.50222415 20.403982 -4.2242718
1.3504031 18.345175 -4.1459489
-0.53364378 21.992393 -4.3448453
2.9479454 23.97451 -4.262897
0.27267957 3.5277028 -3.572135
0.16312429 5.7678657 -3.6610112
0.61725706 7.9855609 -3.7402809
0.28492913 10.074728 -3.8336694
0.96112847 12.434285 -3.9415574
0.39744246 14.053056 -3.9831583
2.0822499 16.436604 -4.0521159
0.57824159 20.445881 -4.2255478
1.41855 18.352026 -4.1437039
-0.45320317 22.002186 -4.3416448
3.0327797 23.939775 -4.255218
0.28499281 3.5267293 -3.5714366
0.18338078 5.7711115 -3.6611958
0.64544612 7.987267 -3.7396734
0.32022291 10.077621 -3.8325815
1.0032512 12.415033 -3.936312
0.446877 14.063508 -3.9823949
2.1396163 16.429234 -4.0487137
0.65088016 20.483618 -4.2265038
1.4816434 18.335041 -4.1385193
-0.37652931 22.011616 -4.3386226
3.1158175 23.925083 -4.2498493
0.2969963 3.5221004 -3.568872
0.20338759 5.7665868 -3.6588283
0.67266208 7.9771485 -3.7361426
0.3555356 10.080393 -3.8314862
1.0472457 12.419363 -3.9352374
0.4961023 14.065839 -3.9803591
2.1943076 16.401926 -4.0425458
0.72209173 20.473248 -4.2216587
1.5439566 18.309893 -4.1322956
-0.2994794 21.99683 -4.3327727
3.199837 23.918018 -4.2452955
0.30928987 3.5210423 -3.5681703
0.22306941 5.7542949 -3.653913
0.70084882 7.9786592 -3.7355251
0.39087635 10.08304 -3.8303831
1.0899 12.407726 -3.9313743
0.54535598 14.067994 -3.9783123
2.2537198 16.40995 -4.0413322
0.79402143 20.482563 -4.2192049
1.612052 18.352051 -4.1348381
-0.22272873 22.001734 -4.3292527
3.2860301 23.926483 -4.2423735
0.32096368 3.5199976 -3.567502
0.24231096 5.7573714 -3.6541419
0.72765779 7.9801979 -3.7349815
0.42430884 10.081689 -3.8285551
1.1313975 12.407997 -3.9297128
0.59267032 14.082002 -3.9782755
2.3086765 16.406332 -4.0386257
0.8624391 20.491777 -4.2169309
1.6721731 18.338665 -4.1303244
-0.14971715 21.994368 -4.3245173
3.3614552 23.887777 -4.2347479
0.33420458 3.5224063 -3.5686233
0.26358593 5.760293 -3.6542556
0.75652951 7.9735718 -3.7323318
0.46107417 10.076117 -3.8257153
1.1772394 12.407716 -3.927794
0.6442762 14.079735 -3.9754443
2.3682201 16.393818 -4.0344672
0.93862915 20.512396 -4.2156849
1.7401254 18.340349 -4.1274924
-0.069170438 22.014727 -4.3226337
3.4489803 23.875296 -4.2294922
0.34623885 3.5248868 -3.5698118
0.28287676 5.7632346 -3.6544747
0.78296888 7.9710197 -3.7308083
0.49448815 10.074533 -3.8238761
1.2183819 12.403744 -3.9254231
0.69135678 14.085466 -3.974128
2.4243228 16.397694 -4.0328379
1.0078251 20.533085 -4.2148099
1.8017192 18.342413 -4.1250148
0.0038437992 22.038788 -4.3215961
3.5298934 23.875578 -4.2259526
0.35817483 3.5200498 -3.5672398
0.30299392 5.7622113 -3.6533637
0.81118733 7.9721398 -3.7301686
0.52944684 10.068798 -3.8211226
1.2604699 12.387573 -3.9208465
0.74156773 14.102823 -3.9745436
2.4827435 16.397005 -4.0304751
1.0809647 20.557333 -4.2141933
1.8661435 18.339977 -4.1218266
0.080808483 22.046619 -4.3184743
3.613817 23.867056 -4.2213268
0.3704592 3.5187783 -3.5665274
0.32267341 5.753427 -3.6497114
0.83941942 7.9731607 -3.7295232
0.56503093 10.074781 -3.820797
1.3041158 12.387044 -3.91903
0.79056573 14.096179 -3.9711909
2.5381315 16.376434 -4.0253677
1.1540532 20.577341 -4.213078
1.9309819 18.341284 -4.1191392
0.15776061 22.046206 -4.3144088
3.6989369 23.866137 -4.2175031
0.38414013 3.5246048 -3.5694957
0.34444946 5.7637415 -3.652344
0.86736393 7.9583325 -3.7249219
0.60195559 10.072643 -3.8187442
1.3512306 12.397959 -3.9191477
0.84270358 14.101128 -3.969568
2.6000144 16.37882 -4.0233564
1.2299463 20.580938 -4.209837
1.9973336 18.326155 -4.1142063
0.23843868 22.033504 -4.3087339
3.7807574 23.816925 -4.2085238
0.39440221 3.5161753 -3.5651324
0.36255395 5.7626309 -3.651334
0.89279711 7.9594665 -3.7244294
0.63334656 10.066756 -3.81617
1.3888439 12.381824 -3.914808
0.88724637 14.102379 -3.9677212
2.6527276 16.378435 -4.0213099
1.2945931 20.576971 -4.2062311
2.0540047 18.311867 -4.1098261
0.30793226 22.052603 -4.3073645
3.8600264 23.832523 -4.2068057
0.40667281 3.5147772 -3.564414
0.38317642 5.7690167 -3.6527426
0.92237693 7.9718866 -3.7266653
0.66874218 10.06843 -3.8150129
1.4320534 12.376901 -3.9122784
0.93672812 14.103165 -3.9655905
2.7118304 16.380861 -4.0194464
1.3672013 20.584272 -4.2036362
2.1211162 18.332306 -4.1096516
0.38427687 22.015472 -4.299099
3.9431889 23.818905 -4.2017198
0.41869354 3.5060632 -3.5599434
0.40405053 5.7637315 -3.6502895
0.95205653 7.9723473 -3.7259145
0.70564294 10.06591 -3.8129413
1.4778812 12.375506 -3.9103019
0.98813808 14.095669 -3.9620664
2.7738502 16.382593 -4.0173936
1.4432008 20.587084 -4.2003484
2.1887708 18.328365 -4.1062145
0.46480209 22.005938 -4.2938542
4.0311356 23.808228 -4.1967692
0.43137112 3.5081787 -3.5610788
0.42331767 5.7507615 -3.6453607
0.97939885 7.9650817 -3.7233112
0.74106318 10.067327 -3.8117692
1.5210681 12.370273 -3.9077573
1.0373321 14.092134 -3.9592955
2.8303368 16.368885 -4.0133328
1.5171005 20.609777 -4.1996102
2.2512717 18.308744 -4.1009226
0.54160976 22.004181 -4.2897258
4.1135321 23.790079 -4.1912532
0.44300157 3.5067291 -3.5603914
0.44267985 5.7531662 -3.6455476
1.0053135 7.9579 -3.7207875
0.77535123 10.076637 -3.8123014
1.5630732 12.373036 -3.9067054
1.0852752 14.104478 -3.9591382
2.8839076 16.355488 -4.0094419
1.5854324 20.604633 -4.1957488
2.3139682 18.316999 -4.0993633
0.61546248 22.034185 -4.2894678
4.1923957 23.776308 -4.1863847
0.45524058 3.505161 -3.5596657
0.46337891 5.7592654 -3.6469371
1.0335928 7.9582305 -3.720103
0.8092553 10.05811 -3.8070862
1.6057459 12.363569 -3.9034603
1.1361009 14.120424 -3.9594474
2.9416909 16.349241 -4.0064487
1.659272 20.622837 -4.1944995
2.3820055 18.340441 -4.0996237
0.69212741 22.023922 -4.2843881
4.2767849 23.769386 -4.1820512
0.46904397 3.5106561 -3.5626101
0.48545218 5.7690425 -3.6495256
1.0653498 7.9738293 -3.7231765
0.84644389 10.059015 -3.8057945
1.6515726 12.361534 -3.9014499
1.1888444 14.128054 -3.9583616
3.0044694 16.354019 -4.0048881
1.7365156 20.636497 -4.192553
2.4502623 18.339491 -4.0966372
0.77325946 22.033205 -4.2813797
4.3681993 23.777119 -4.179049
0.48019212 3.5054893 -3.5600624
0.50491768 5.7712388 -3.6496964
1.0912559 7.9663653 -3.7206383
0.87945437 10.052216 -3.8030875
1.6925591 12.355988 -3.8990047
1.2353455 14.120072 -3.95507
3.0623522 16.363539 -4.0042052
1.8066837 20.650501 -4.1909966
2.515398 18.36286 -4.0970464
0.84617293 22.026533 -4.2769413
4.4462953 23.758575 -4.173738
0.4924266 3.5037918 -3.5593302
0.52401417 5.7579322 -3.6447587
1.1179674 7.9547391 -3.7170546
0.91525698 10.056956 -3.8026848
1.734026 12.338217 -3.8943763
1.2839092 14.107753 -3.9510138
3.1194572 16.352749 -4.0006371
1.8809319 20.667912 -4.1896839
2.5767119 18.334229 -4.090692
0.92239189 22.00749 -4.2709122
4.5299559 23.746832 -4.1689568
0.50526452 3.5019636 -3.5585594
0.54583961 5.7636428 -3.6460686
1.1465538 7.9467072 -3.7143457
0.95173651 10.0496 -3.7997663
1.7809333 12.34356 -3.8937073
1.3356049 14.102952 -3.9480448
3.1801293 16.345116 -3.9974194
1.9559139 20.652935 -4.1843982
2.6444583 18.328609 -4.087162
1.0034059 22.011938 -4.2674003
4.6222949 23.757507 -4.1662931
0.51748484 3.5001786 -3.5578234
0.56633043 5.7655363 -3.6461694
1.1742842 7.9426565 -3.7126756
0.98680818 10.046217 -3.7977455
1.8245872 12.341194 -3.8917937
1.385211 14.102163 -3.9458246
3.2379358 16.337824 -3.99437
2.0264292 20.630096 -4.1783762
2.7124984 18.346874 -4.0868244
1.0804268 22.012289 -4.2636266
4.7098489 23.764734 -4.1634669
0.52908832 3.4984436 -3.5571225
0.5854454 5.7636266 -3.6450646
1.2041341 7.9619884 -3.7168295
1.0205146 10.046822 -3.7966208
1.8613461 12.307613 -3.8845618
1.431563 14.093535 -3.942507
3.2936671 16.334803 -3.9920259
2.0952291 20.627232 -4.1748891
2.7745128 18.345663 -4.0841527
1.1534119 22.008585 -4.2595963
4.7854676 23.733324 -4.1569123
0.54129791 3.4965751 -3.5563827
0.60515946 5.7577171 -3.6426396
1.2307214 7.9499841 -3.7132328
1.0564073 10.05106 -3.7961872
1.9049069 12.304962 -3.8826385
1.4799223 14.080542 -3.938426
3.3498695 16.319305 -3.9878862
2.1676414 20.623762 -4.1711802
2.8373194 18.327986 -4.0792723
1.2317947 22.032322 -4.2585154
4.858654 23.669535 -4.1469231
0.55350089 3.4946642 -3.5556409
0.62483966 5.75174 -3.640213
1.257853 7.9417653 -3.7105904
1.0914885 10.04731 -3.7941465
1.9490924 12.306075 -3.8813848
1.530356 14.087151 -3.937408
3.4060042 16.303614 -3.9837399
2.2409174 20.62797 -4.1683879
2.8994126 18.306156 -4.0738854
1.3075165 22.007963 -4.251977
4.9453359 23.671974 -4.1436586
0.56682283 3.5035458 -3.5604789
0.64347976 5.7458081 -3.6378434
1.2829275 7.9298062 -3.7070754
1.1252384 10.047564 -3.7930009
1.9905212 12.303461 -3.8795755
1.5761741 14.074093 -3.9334571
3.4608741 16.296125 -3.9808345
2.3097498 20.624392 -4.1648617
2.9626455 18.312185 -4.0721812
1.3802363 21.999525 -4.2474561
5.0320988 23.694508 -4.1426091
0.57845682 3.4979694 -3.5578842
0.66397333 5.747354 -3.6379261
1.312518 7.9368892 -3.708246
1.1589411 10.031796 -3.7885566
2.034101 12.300354 -3.8776271
1.6243765 14.060605 -3.9293585
3.5236206 16.311195 -3.9809313
2.3849292 20.643951 -4.1638918
3.026545 18.301731 -4.0682735
1.4588628 22.022453 -4.2463198
5.1189876 23.696312 -4.1393003
0.59006035 3.4923539 -3.5552888
0.68448818 5.7488256 -3.6380036
1.3434842 7.9515967 -3.7113137
1.1944215 10.031614 -3.7872975
2.0750449 12.28144 -3.8729663
1.6753318 14.070645 -3.9289219
3.5822499 16.306578 -3.9783514
2.4574528 20.639462 -4.1601233
3.0917444 18.298916 -4.0653501
1.5365658 22.029173 -4.2433572
5.203393 23.686102 -4.1347933
0.60100466 3.4794509 -3.548964
0.70508349 5.7424555 -3.6355083
1.3719498 7.9427543 -3.7085686
1.2321424 10.035015 -3.7867236
2.123419 12.293303 -3.8735728
1.7273738 14.068358 -3.9264951
3.6402507 16.285564 -3.9734552
2.5345383 20.642199 -4.1570535
3.1594672 18.291391 -4.0617213
1.616122 22.007469 -4.2370124
5.2919083 23.674665 -4.1300058
0.61379838 3.4845793 -3.5519423
0.72364169 5.7362633 -3.6331291
1.3982836 7.9381604 -3.7069433
1.2649211 10.026952 -3.7839622
2.1662419 12.297916 -3.87308
1.7735227 14.058606 -3.9231291
3.6933587 16.269518 -3.9694493
2.6014838 20.621801 -4.1516261
3.2221861 18.292593 -4.0594649
1.6903208 22.017908 -4.2346849
5.3756981 23.680349 -4.1272964
0.62531763 3.478847 -3.549345
0.74415749 5.7375231 -3.6331956
1.4239049 7.9216499 -3.7023759
1.2994082 10.018557 -3.7810938
2.2070537 12.278563 -3.868403
1.8220776 14.048386 -3.9196119
3.7474458 16.244884 -3.9641972
2.6739697 20.616552 -4.14782
3.2846138 18.273384 -4.0545235
1.7674927 22.015852 -4.2307773
5.4547405 23.645876 -4.1204004
0.63871771 3.4800978 -3.5503972
0.76518035 5.7347569 -3.6319454
1.4550519 7.9279513 -3.7034235
1.3350716 10.00589 -3.7773242
2.2520392 12.270392 -3.8656094
1.8735523 14.041614 -3.9165509
3.8078671 16.234919 -3.9608698
2.7489831 20.602659 -4.142869
3.3537219 18.272987 -4.0518475
1.8498383 22.029116 -4.228426
5.5441012 23.637388 -4.1159563
0.65152776 3.4814105 -3.5514834
0.78466976 5.7282343 -3.6295002
1.4827151 7.9228239 -3.7017004
1.3705249 10.005086 -3.7760336
2.2970443 12.274158 -3.8649576
1.9236318 14.042869 -3.9148419
3.8663571 16.229279 -3.9582431
2.8225033 20.604797 -4.1399546
3.416749 18.257252 -4.0473828
1.9267184 22.022526 -4.2240391
5.6367521 23.660624 -4.1148663
0.66171092 3.4721086 -3.5470784
0.80419528 5.7294159 -3.6296144
1.5111815 7.9294233 -3.7029047
1.4036934 10.000485 -3.7740488
2.3407035 12.282065 -3.8650992
1.9696336 14.032475 -3.9114499
3.9229586 16.227982 -3.956316
2.8902574 20.591375 -4.1354098
3.4765234 18.241903 -4.0431094
1.9982884 22.000114 -4.2180772
5.7208076 23.665091 -4.1120791
0.67451888 3.4733362 -3.5481603
0.82364255 5.7227612 -3.6271644
1.5366099 7.9125481 -3.698328
1.4391589 9.9994383 -3.7727449
2.3828082 12.269923 -3.8617432
2.0203073 14.037323 -3.9103267
3.9833817 16.229658 -3.9547157
2.9621227 20.581161 -4.1310964
3.5409434 18.23357 -4.0396118
2.0750768 21.993006 -4.2136679
5.8033857 23.644976 -4.1066823
0.68663985 3.4709606 -3.5473986
0.84305316 5.7160406 -3.6247127
1.5649837 7.910984 -3.6975391
1.4746339 9.9982624 -3.7714338
2.4248571 12.257639 -3.8583827
2.069298 14.030184 -3.907377
4.0429025 16.227249 -3.9525766
3.0333691 20.566746 -4.1263156
3.6092157 18.244564 -4.0385542
2.1526172 21.99357 -4.2101345
5.8984423 23.674944 -4.1062851
0.69875085 3.4685426 -3.5466352
0.86415023 5.7206807 -3.6260047
1.5918124 7.901628 -3.6948531
1.5095233 9.9930544 -3.7693267
2.4684103 12.252989 -3.8563547
2.118257 14.022876 -3.9044201
4.0975652 16.205315 -3.9478076
3.1045415 20.552088 -4.1215258
3.6728754 18.231855 -4.0345411
2.2325931 22.017694 -4.2092462
5.9839792 23.665827 -4.1020088
0.71158332 3.4696336 -3.5477085
0.88176084 5.7024016 -3.6198051
1.6170226 7.8844967 -3.6902745
1.5437951 9.9838181 -3.7664254
2.5095751 12.236524 -3.8523161
2.1671968 14.015395 -3.9014549
4.1541119 16.190912 -3.9440792
3.1732197 20.521408 -4.1149096
3.7356975 18.215015 -4.0300293
2.3098583 22.013737 -4.2052336
6.0764823 23.683472 -4.1004
0.72160423 3.4601569 -3.5433028
0.90186727 5.7070565 -3.6211498
1.6447597 7.8867707 -3.6905055
1.5775092 9.9825478 -3.7652016
2.5477064 12.216481 -3.8477437
2.2124174 14.000277 -3.8974273
4.2117867 16.192467 -3.9426169
3.2431183 20.522596 -4.1121354
3.7960765 18.202528 -4.0261998
2.3832712 22.009928 -4.2014313
6.1559863 23.667055 -4.095592
0.73457927 3.4648376 -3.546248
0.91956133 5.6964283 -3.6175048
1.6741602 7.8966198 -3.6926157
1.6106064 9.9772615 -3.7631845
2.5914991 12.223492 -3.8478308
2.2607369 14.00464 -3.8964024
4.2624187 16.166857 -3.937495
3.30671 20.484154 -4.1048203
3.854769 18.182039 -4.0213876
2.4580231 22.017769 -4.1989379
6.2364783 23.654234 -4.0911531
0.74727279 3.462122 -3.5454381
0.94168794 5.7006207 -3.6187191
1.7030898 7.8904309 -3.6907704
1.6478059 9.9751902 -3.7617357
2.6362803 12.213911 -3.844974
2.3107517 13.988412 -3.8920646
4.3298764 16.181904 -3.9377148
3.3843625 20.487644 -4.1020389
3.9213796 18.167789 -4.0171385
2.5400732 22.020508 -4.1955376
6.3272567 23.646648 -4.0869141
0.75935102 3.4594934 -3.5446653
0.96029508 5.6897035 -3.6150107
1.7289349 7.8767776 -3.6871254
1.6812936 9.961586 -3.7580311
2.6797409 12.208512 -3.8429115
2.3582332 13.972422 -3.8878722
4.3863239 16.166695 -3.9339492
3.4571714 20.48358 -4.098557
3.9873252 18.165676 -4.0145383
2.6173797 22.015476 -4.1914663
6.4149723 23.643692 -4.083312
0.77300233 3.4638977 -3.5475602
0.98211437 5.6977038 -3.6175194
1.7572758 7.8745222 -3.6863022
1.7153869 9.9517593 -3.7551081
2.7206151 12.191339 -3.838851
2.4117241 13.991537 -3.8890643
4.4406219 16.143604 -3.9291387
3.5313678 20.487112 -4.0959597
4.0533204 18.163319 -4.0119224
2.6961582 22.022051 -4.1886954
6.4985309 23.625002 -4.0781713
0.78208184 3.4507084 -3.5413187
1.0003381 5.6906219 -3.6151114
1.7825143 7.8648252 -3.6836817
1.7483815 9.9460154 -3.7530723
2.7654169 12.201596 -3.8395607
2.4601781 13.995213 -3.8879964
4.4919982 16.121115 -3.9245133
3.5972195 20.463497 -4.0904212
4.1144161 18.153664 -4.0085297
2.7711706 22.028831 -4.1861329
6.578989 23.611015 -4.0736732
0.79553747 3.4513516 -3.5423357
1.021868 5.6907082 -3.6150627
1.8122075 7.8620625 -3.6827607
1.7855202 9.9434319 -3.7515998
2.8092253 12.187514 -3.8360136
2.5121565 13.990017 -3.8854201
4.552134 16.108376 -3.9210553
3.6771297 20.477669 -4.0889196
4.1827116 18.146233 -4.0052009
2.8503485 22.006653 -4.1800389
6.6665645 23.59059 -4.0682297
0.80758101 3.4485531 -3.5415556
1.0424216 5.6908956 -3.6150708
1.8369592 7.8442311 -3.6781695
1.820933 9.9410257 -3.7502272
2.8526583 12.181495 -3.8339195
2.5602624 13.97725 -3.8817928
4.6105323 16.100046 -3.9182923
3.7493122 20.468632 -4.0849304
4.2496696 18.147047 -4.003027
2.9271543 21.996569 -4.1754727
6.7565713 23.594046 -4.0653095
0.81985003 3.4493835 -3.542645
1.0584601 5.6722612 -3.6089354
1.861146 7.8304644 -3.6746058
1.8560618 9.9465895 -3.7505183
2.8939531 12.17583 -3.8319569
2.606596 13.968683 -3.8789077
4.6638937 16.084669 -3.91468
3.8230195 20.487467 -4.0842786
4.3144298 18.15225 -4.0015244
3.0038555 22.014427 -4.174171
6.8381062 23.583015 -4.0611424
0.83163679 3.4428315 -3.5399909
1.0806853 5.6759119 -3.610116
1.8907567 7.8274031 -3.6736734
1.8939865 9.947485 -3.7498019
2.9357688 12.153571 -3.8270745
2.6600113 13.970756 -3.8774946
4.7250652 16.075106 -3.9117062
3.8921189 20.441959 -4.0760236
4.3762565 18.11694 -3.9947922
3.0867441 22.019081 -4.171083
6.9335113 23.588442 -4.0582743
0.84192169 3.4328656 -3.5355456
1.0997565 5.6683235 -3.6076365
1.9180663 7.8207555 -3.6718888
1.9279431 9.9369326 -3.7468481
2.9791172 12.147102 -3.8249617
2.7095168 13.965289 -3.8750341
4.7856917 16.073784 -3.9099379
3.967247 20.447836 -4.0737796
4.4404154 18.105425 -3.9911411
3.1641493 22.012123 -4.1669054
7.0158033 23.564098 -4.0526705
0.8565262 3.44046 -3.5402486
1.1187878 5.6606712 -3.6051559
1.9491426 7.8292375 -3.6738396
1.9626157 9.9301424 -3.7446692
3.0253322 12.152032 -3.8248122
2.7559321 13.944043 -3.870193
4.8394675 16.049356 -3.9050846
4.0432367 20.457352 -4.0719604
4.5093627 18.113026 -3.9898698
3.2403805 21.996998 -4.1618485
7.1049271 23.562405 -4.049293
0.8673299 3.4377522 -3.5395386
1.1395996 5.672235 -3.6089833
1.9756467 7.8306818 -3.6740913
1.9945791 9.927804 -3.7434812
3.0605795 12.130926 -3.8203354
2.8012886 13.943114 -3.8686175
4.8886991 16.030264 -3.9011221
4.1066952 20.440636 -4.0674682
4.5603895 18.075579 -3.9832675
3.3094656 21.98671 -4.1576772
7.1928883 23.585804 -4.0486908
0.88052428 3.4343965 -3.5386689
1.163692 5.6791382 -3.6113148
2.0047276 7.8192387 -3.6711774
2.0318933 9.9161997 -3.7402956
3.102212 12.099866 -3.8139901
2.8603973 13.959528 -3.8693724
4.951395 16.015179 -3.8974063
4.1883602 20.440353 -4.0642776
4.6307549 18.061794 -3.9791708
3.3969162 21.993563 -4.1547213
7.2881222 23.573273 -4.0439577
0.89250809 3.4313016 -3.5378766
1.1858695 5.6863532 -3.6137633
2.0310242 7.8083963 -3.6684411
2.0673044 9.9129152 -3.7388771
3.1434338 12.085122 -3.8105438
2.9091113 13.949457 -3.8662832
5.0084624 16.001596 -3.8940654
4.2629485 20.441233 -4.0615201
4.6907687 18.033945 -3.973577
3.4761658 21.997343 -4.1517782
7.3811054 23.581982 -4.0416222
0.90263134 3.4211545 -3.5334303
1.2025146 5.6671066 -3.607564
2.0572698 7.7974663 -3.6657028
2.1010764 9.9017706 -3.7359018
3.1886394 12.085585 -3.8097076
2.9520116 13.911983 -3.8590608
5.0630894 15.980219 -3.8896995
4.3400788 20.453547 -4.0600672
4.7608142 18.044443 -3.9727259
3.5573933 22.012657 -4.1501055
7.4633832 23.556072 -4.0359364
0.91430992 3.4218044 -3.5345411
1.2203114 5.6633015 -3.6064286
2.0837796 7.7985439 -3.6659355
2.133837 9.9028511 -3.7354667
3.2265894 12.075509 -3.8071837
2.9940248 13.894868 -3.8550966
5.1120496 15.960443 -3.8857152
4.4068322 20.451517 -4.0572896
4.8185043 18.033251 -3.9694314
3.6200337 21.961988 -4.141592
7.5312552 23.513496 -4.0289698
0.92684466 3.4184303 -3.5337052
1.2418841 5.6625528 -3.606334
2.1123471 7.7908545 -3.6640301
2.1709628 9.8988237 -3.7339189
3.2729011 12.071262 -3.805537
3.0466328 13.891569 -3.8530154
5.1766539 15.960542 -3.8841844
4.4851761 20.450819 -4.0542517
4.88978 18.034708 -3.9673896
3.7031541 21.964319 -4.13837
7.6210766 23.497131 -4.024087
0.93936676 3.4150105 -3.5328674
1.2634678 5.6617231 -3.6062343
2.1398458 7.7792783 -3.6611922
2.2063663 9.8869429 -3.730819
3.3192241 12.066836 -3.8038802
3.0983903 13.884192 -3.8503361
5.2351136 15.941463 -3.8801095
4.5609665 20.438137 -4.0498815
4.9611301 18.035885 -3.9653292
3.7856619 21.9624 -4.1347008
7.7096329 23.476629 -4.0188208
0.95106423 3.415535 -3.5339706
1.2786977 5.6464548 -3.6013968
2.1663809 7.7800736 -3.6614082
2.236546 9.8761072 -3.7280486
3.3549919 12.048704 -3.8000376
3.14639 13.893784 -3.8504596
5.2901921 15.940056 -3.8786283
4.6269212 20.43149 -4.0466242
5.0156331 18.012527 -3.9605865
3.8525755 21.938602 -4.1291661
7.7921605 23.478823 -4.0162268
0.96259189 3.4085371 -3.5313067
1.3002504 5.645484 -3.6012914
2.1916857 7.7607574 -3.6567099
2.2736182 9.8716955 -3.7264836
3.396976 12.028688 -3.7957692
3.1955101 13.874406 -3.8460031
5.3523884 15.931884 -3.8760457
4.6937194 20.379396 -4.0378647
5.0805397 17.990187 -3.9556761
3.9322586 21.920406 -4.1237664
7.8819838 23.46146 -4.011292
0.97448337 3.4051564 -3.530504
1.3208252 5.6446614 -3.6012452
2.218761 7.7530599 -3.6548824
2.3071604 9.8598499 -3.7234833
3.4422159 12.028202 -3.7948813
3.2457306 13.870912 -3.8440371
5.4092464 15.916875 -3.8726406
4.7620969 20.351234 -4.0319543
5.1422057 17.96851 -3.9509709
4.0130572 21.930103 -4.1215649
7.9753895 23.467831 -4.008811
0.98737264 3.405216 -3.5315204
1.3396289 5.6362696 -3.5987377
2.2458091 7.7452679 -3.6530516
2.3406475 9.8478909 -3.7204802
3.4830739 12.012303 -3.7913935
3.2950461 13.863367 -3.8414774
5.46736 15.90543 -3.8697286
4.84233 20.37331 -4.0316882
5.2137752 17.981085 -3.9504743
4.0925083 21.931662 -4.1184945
8.0637455 23.458735 -4.0048523
1.0002756 3.4052267 -3.5325332
1.3592966 5.6315589 -3.5974565
2.2728336 7.737381 -3.651217
2.3750114 9.8396606 -3.7182419
3.5283418 12.011493 -3.7904873
3.3387561 13.832451 -3.8354135
5.524159 15.890008 -3.8663049
4.9284019 20.418344 -4.0339961
5.2731428 17.951298 -3.9448125
4.1690445 21.91724 -4.1137147
8.1600132 23.471931 -4.0030451
1.01053 3.398416 -3.5299461
1.3797981 5.6345024 -3.5986905
2.2984815 7.7298007 -3.6494708
2.4057505 9.8240509 -3.7145762
3.5692883 12.003529 -3.7884221
3.3846118 13.821301 -3.8324177
5.5807872 15.882874 -3.8640695
5.0017848 20.42514 -4.0321712
5.3394656 17.956642 -3.9435608
4.2432261 21.911131 -4.1100068
8.2232485 23.403297 -3.9935567
1.0208862 3.3877473 -3.5254602
1.4013687 5.6331458 -3.5985639
2.3267951 7.7213249 -3.6475375
2.4426932 9.819005 -3.7129846
3.6144013 11.994165 -3.7860641
3.4333234 13.801085 -3.8279388
5.6376262 15.858562 -3.8594332
5.0775714 20.410545 -4.0277004
5.4040899 17.933134 -3.9386039
4.3258209 21.907179 -4.1062264
8.3076286 23.36924 -3.9871001
1.0348226 3.3910978 -3.5282848
1.4191393 5.62075 -3.5948219
2.3560252 7.7206588 -3.6475353
2.4769559 9.8104181 -3.7107329
3.6597242 11.99286 -3.7851291
3.4844019 13.800585 -3.8265133
5.688911 15.827539 -3.8539922
5.1556301 20.419777 -4.0260367
5.471314 17.929411 -3.9361773
4.4030576 21.895859 -4.1018281
8.4013138 23.373915 -3.9845154
1.0477213 3.390929 -3.5292885
1.4387467 5.6157627 -3.5935295
2.3829558 7.712389 -3.6456854
2.5121593 9.805541 -3.7092414
3.7038994 11.987597 -3.7835412
3.5305698 13.780633 -3.8221819
5.7413931 15.800103 -3.8490489
5.2337952 20.428717 -4.0243516
5.5350304 17.914017 -3.9323452
4.4794464 21.88036 -4.0969992
8.497838 23.385738 -3.9826224
1.0589613 3.3874359 -3.5285141
1.4563946 5.6072326 -3.5910754
2.4085202 7.7044439 -3.6439245
2.5446646 9.7971563 -3.7070925
3.7388995 11.9601 -3.7782364
3.5802517 13.784247 -3.8214746
5.7951336 15.784714 -3.8457878
5.2995095 20.403524 -4.0190163
5.5955997 17.899366 -3.9287176
4.5544267 21.877108 -4.0936556
8.5877342 23.391165 -3.9802763
1.0718737 3.3871748 -3.5295124
1.47596 5.6021142 -3.5897782
2.436584 7.699728 -3.6429863
2.583885 9.8073244 -3.7086403
3.7806282 11.946976 -3.7753539
3.6313889 13.783202 -3.8200173
5.8488159 15.760653 -3.8413305
5.37782 20.411911 -4.0172949
5.6628618 17.894928 -3.9262514
4.6291156 21.853266 -4.087966
8.6707277 23.364786 -3.9747612
1.0820675 3.3763192 -3.5250254
1.4964818 5.5966668 -3.5884135
2.4611957 7.6795411 -3.6382785
2.6177695 9.7901516 -3.7047272
3.8292315 11.948153 -3.7748818
3.6798253 13.762117 -3.8155072
5.9051399 15.735383 -3.8366709
5.4598083 20.419046 -4.0153146
5.727191 17.870258 -3.9212489
4.7125421 21.851763 -4.0845261
8.7534952 23.325375 -3.9678752
1.0921392 3.3692639 -3.5224347
1.514024 5.5879555 -3.5859556
2.4878564 7.6750693 -3.6374271
2.650218 9.7814178 -3.702563
3.8725004 11.946714 -3.7740476
3.7264786 13.753676 -3.81304
5.9530492 15.704544 -3.8314171
5.5316596 20.416233 -4.0125065
5.7851868 17.847376 -3.9166732
4.7892466 21.855513 -4.0819712
8.8392839 23.318626 -3.9644074
1.1050228 3.3688762 -3.5234277
1.5335195 5.5826373 -3.5846517
2.5121856 7.658885 -3.633729
2.6832969 9.7682972 -3.6995203
3.9117029 11.925584 -3.7698667
3.7744629 13.740586 -3.8098304
6.016377 15.705984 -3.8303952
5.6050029 20.404501 -4.008594
5.8536596 17.846016 -3.9146307
4.8689752 21.854248 -4.0787382
8.9334784 23.321192 -3.9616852
1.1156346 3.3615572 -3.5207951
1.554032 5.5809612 -3.5845637
2.5376716 7.6463461 -3.6309462
2.7163205 9.7550621 -3.6964743
3.9508104 11.904324 -3.7656841
3.8224068 13.727326 -3.8066142
6.0841079 15.718314 -3.8308299
5.6697764 20.361744 -4.0012689
5.9222012 17.844389 -3.9125705
4.9452372 21.837118 -4.0738301
9.0119543 23.282415 -3.9550583
1.1267768 3.3578389 -3.520014
1.5725321 5.5757761 -3.5833192
2.5655115 7.6453247 -3.6309984
2.7497301 9.7498045 -3.6950572
3.9890058 11.887393 -3.7622821
3.8679111 13.714574 -3.8035526
6.1246018 15.668373 -3.823103
5.739439 20.350508 -3.9975753
5.981348 17.824652 -3.9084249
5.0176306 21.820595 -4.0691571
9.096386 23.270994 -3.9511838
1.1379097 3.3502541 -3.5173399
1.5950748 5.5773826 -3.5843754
2.5947757 7.6395845 -3.6299434
2.7854443 9.7396612 -3.6926475
4.0350981 11.880208 -3.7604923
3.9170551 13.696483 -3.7995911
6.1907673 15.668046 -3.8218396
5.8172755 20.340845 -3.9938142
6.051764 17.817711 -3.9056616
5.091207 21.774851 -4.0610962
9.1742764 23.218929 -3.9431915
